flowId,flowName,appId,appName,appVersionId,order,index,screenId,restricted,descriptor,status,contentType,contentLengthHeader,bytes,sha256,width,height,declaredWidth,declaredHeight,urlHost,urlPathHash,savedPath
79b43469-df97-431e-adbb-8d59875ed7fc,Onboarding,f8b3622e-9edd-41af-b49e-41f6528b1da3,Apple Fitness,41d59266-03f6-4bed-91bf-f84557ccf8c1,0,1,7e6a2a7d-1875-4022-8108-7961a49726b8,false,downloadableSrc,200,image/webp,75512,75512,5cbd3a86dbd944de445c53b0b90cf4e597d3d90aba67c84f8334ac3e5fdcfc6f,1179,2676,,,bytescale.mobbin.com,f7a1807c1ac98ccf0eecf5078d61346ac9a94ca37a547f5708d580528c9e55c0,/Users/user/mobbin-sides/screen-flows/apple-fitness/001-apple-fitness-onboarding-79b43469-df97-431e-adbb-8d59875ed7fc/001-7e6a2a7d-1875-4022-8108-7961a49726b8-downloadableSrc-5cbd3a86dbd9.webp
79b43469-df97-431e-adbb-8d59875ed7fc,Onboarding,f8b3622e-9edd-41af-b49e-41f6528b1da3,Apple Fitness,41d59266-03f6-4bed-91bf-f84557ccf8c1,1,2,879a15bb-425e-4161-a194-ac71715ba5a6,false,downloadableSrc,200,image/webp,66004,66004,7fb0c66873219c6cb7f248833fd748f6cf1e0007a09411007f860d60a661f9af,1179,2676,,,bytescale.mobbin.com,f7a1807c1ac98ccf0eecf5078d61346ac9a94ca37a547f5708d580528c9e55c0,/Users/user/mobbin-sides/screen-flows/apple-fitness/001-apple-fitness-onboarding-79b43469-df97-431e-adbb-8d59875ed7fc/002-879a15bb-425e-4161-a194-ac71715ba5a6-downloadableSrc-7fb0c6687321.webp
79b43469-df97-431e-adbb-8d59875ed7fc,Onboarding,f8b3622e-9edd-41af-b49e-41f6528b1da3,Apple Fitness,41d59266-03f6-4bed-91bf-f84557ccf8c1,2,3,1579a318-4651-4c14-85f7-e5c88ca30875,false,downloadableSrc,200,image/webp,56098,56098,e322250af9cf520d094ae8b4dabb7c2f6fbc565620d8b16a44e52055f7383ed5,1179,2676,,,bytescale.mobbin.com,f7a1807c1ac98ccf0eecf5078d61346ac9a94ca37a547f5708d580528c9e55c0,/Users/user/mobbin-sides/screen-flows/apple-fitness/001-apple-fitness-onboarding-79b43469-df97-431e-adbb-8d59875ed7fc/003-1579a318-4651-4c14-85f7-e5c88ca30875-downloadableSrc-e322250af9cf.webp
79b43469-df97-431e-adbb-8d59875ed7fc,Onboarding,f8b3622e-9edd-41af-b49e-41f6528b1da3,Apple Fitness,41d59266-03f6-4bed-91bf-f84557ccf8c1,3,4,14b324fe-4afe-494d-841f-dcfe7c53aa8b,false,downloadableSrc,200,image/webp,57330,57330,f9a98bb6ba3da8067c8b006cc402aba48feadf6c53ec83a84874ec7a38cfdb47,1179,2676,,,bytescale.mobbin.com,f7a1807c1ac98ccf0eecf5078d61346ac9a94ca37a547f5708d580528c9e55c0,/Users/user/mobbin-sides/screen-flows/apple-fitness/001-apple-fitness-onboarding-79b43469-df97-431e-adbb-8d59875ed7fc/004-14b324fe-4afe-494d-841f-dcfe7c53aa8b-downloadableSrc-f9a98bb6ba3d.webp
79b43469-df97-431e-adbb-8d59875ed7fc,Onboarding,f8b3622e-9edd-41af-b49e-41f6528b1da3,Apple Fitness,41d59266-03f6-4bed-91bf-f84557ccf8c1,4,5,48ccc11e-546c-43de-b93c-9d3ec41acbd0,false,downloadableSrc,200,image/webp,52408,52408,fcfdd99557528135884bd95f600c230bfc50f9be6bc3e3ea17e353b68c6f3853,1179,2676,,,bytescale.mobbin.com,f7a1807c1ac98ccf0eecf5078d61346ac9a94ca37a547f5708d580528c9e55c0,/Users/user/mobbin-sides/screen-flows/apple-fitness/001-apple-fitness-onboarding-79b43469-df97-431e-adbb-8d59875ed7fc/005-48ccc11e-546c-43de-b93c-9d3ec41acbd0-downloadableSrc-fcfdd9955752.webp
79b43469-df97-431e-adbb-8d59875ed7fc,Onboarding,f8b3622e-9edd-41af-b49e-41f6528b1da3,Apple Fitness,41d59266-03f6-4bed-91bf-f84557ccf8c1,5,6,a69eb6f0-44e3-4b5c-95e6-43a34561d837,false,downloadableSrc,200,image/webp,89460,89460,439a9710ba64fd56848baece38371f722d6c6ec2c7009eb4cd110f636e503fce,1180,2676,,,bytescale.mobbin.com,f7a1807c1ac98ccf0eecf5078d61346ac9a94ca37a547f5708d580528c9e55c0,/Users/user/mobbin-sides/screen-flows/apple-fitness/001-apple-fitness-onboarding-79b43469-df97-431e-adbb-8d59875ed7fc/006-a69eb6f0-44e3-4b5c-95e6-43a34561d837-downloadableSrc-439a9710ba64.webp
083d099b-43cf-451d-8050-bd1863aa3150,Summary,f8b3622e-9edd-41af-b49e-41f6528b1da3,Apple Fitness,41d59266-03f6-4bed-91bf-f84557ccf8c1,0,1,a69eb6f0-44e3-4b5c-95e6-43a34561d837,true,downloadableSrc,200,image/webp,89460,89460,439a9710ba64fd56848baece38371f722d6c6ec2c7009eb4cd110f636e503fce,1180,2676,,,bytescale.mobbin.com,f7a1807c1ac98ccf0eecf5078d61346ac9a94ca37a547f5708d580528c9e55c0,/Users/user/mobbin-sides/screen-flows/apple-fitness/002-apple-fitness-summary-083d099b-43cf-451d-8050-bd1863aa3150/001-a69eb6f0-44e3-4b5c-95e6-43a34561d837-downloadableSrc-439a9710ba64.webp
083d099b-43cf-451d-8050-bd1863aa3150,Summary,f8b3622e-9edd-41af-b49e-41f6528b1da3,Apple Fitness,41d59266-03f6-4bed-91bf-f84557ccf8c1,1,2,2745a5a7-c443-46cf-80bb-a3e7b72ff8f7,true,downloadableSrc,200,image/webp,79380,79380,bbb90595030b5269ff389880f04a44d13edf7e351ae6bba4f9fe83033e55d869,1179,2676,,,bytescale.mobbin.com,f7a1807c1ac98ccf0eecf5078d61346ac9a94ca37a547f5708d580528c9e55c0,/Users/user/mobbin-sides/screen-flows/apple-fitness/002-apple-fitness-summary-083d099b-43cf-451d-8050-bd1863aa3150/002-2745a5a7-c443-46cf-80bb-a3e7b72ff8f7-downloadableSrc-bbb90595030b.webp
083d099b-43cf-451d-8050-bd1863aa3150,Summary,f8b3622e-9edd-41af-b49e-41f6528b1da3,Apple Fitness,41d59266-03f6-4bed-91bf-f84557ccf8c1,2,3,5ceeb6ad-9389-457f-a470-ca2ca696235a,true,downloadableSrc,200,image/webp,87222,87222,9e5c96af911be17c688eef1ea8ba0fbac9b3bdcebd6202081666419fdd8a8c41,1179,2676,,,bytescale.mobbin.com,f7a1807c1ac98ccf0eecf5078d61346ac9a94ca37a547f5708d580528c9e55c0,/Users/user/mobbin-sides/screen-flows/apple-fitness/002-apple-fitness-summary-083d099b-43cf-451d-8050-bd1863aa3150/003-5ceeb6ad-9389-457f-a470-ca2ca696235a-downloadableSrc-9e5c96af911b.webp
9ba2e2aa-28b7-46af-b4be-86f402292fcf,Move,f8b3622e-9edd-41af-b49e-41f6528b1da3,Apple Fitness,41d59266-03f6-4bed-91bf-f84557ccf8c1,0,1,2745a5a7-c443-46cf-80bb-a3e7b72ff8f7,true,downloadableSrc,200,image/webp,79380,79380,bbb90595030b5269ff389880f04a44d13edf7e351ae6bba4f9fe83033e55d869,1179,2676,,,bytescale.mobbin.com,f7a1807c1ac98ccf0eecf5078d61346ac9a94ca37a547f5708d580528c9e55c0,/Users/user/mobbin-sides/screen-flows/apple-fitness/003-apple-fitness-move-9ba2e2aa-28b7-46af-b4be-86f402292fcf/001-2745a5a7-c443-46cf-80bb-a3e7b72ff8f7-downloadableSrc-bbb90595030b.webp
9ba2e2aa-28b7-46af-b4be-86f402292fcf,Move,f8b3622e-9edd-41af-b49e-41f6528b1da3,Apple Fitness,41d59266-03f6-4bed-91bf-f84557ccf8c1,1,2,efde5767-3eb5-492d-b6a1-427e93f0dfc9,true,downloadableSrc,200,image/webp,64676,64676,cbf8e3db805cd9c03224332311f2cb60116ec402ab9417addc787a3510dd1a9b,1179,2676,,,bytescale.mobbin.com,f7a1807c1ac98ccf0eecf5078d61346ac9a94ca37a547f5708d580528c9e55c0,/Users/user/mobbin-sides/screen-flows/apple-fitness/003-apple-fitness-move-9ba2e2aa-28b7-46af-b4be-86f402292fcf/002-efde5767-3eb5-492d-b6a1-427e93f0dfc9-downloadableSrc-cbf8e3db805c.webp
9ba2e2aa-28b7-46af-b4be-86f402292fcf,Move,f8b3622e-9edd-41af-b49e-41f6528b1da3,Apple Fitness,41d59266-03f6-4bed-91bf-f84557ccf8c1,2,3,17983edf-6073-47c5-b072-270002fce54e,true,downloadableSrc,200,image/webp,76040,76040,e0335967d8219aecbf537544483f463123279c29f779dac7df0f94e171beb17f,1179,2676,,,bytescale.mobbin.com,f7a1807c1ac98ccf0eecf5078d61346ac9a94ca37a547f5708d580528c9e55c0,/Users/user/mobbin-sides/screen-flows/apple-fitness/003-apple-fitness-move-9ba2e2aa-28b7-46af-b4be-86f402292fcf/003-17983edf-6073-47c5-b072-270002fce54e-downloadableSrc-e0335967d821.webp
9ba2e2aa-28b7-46af-b4be-86f402292fcf,Move,f8b3622e-9edd-41af-b49e-41f6528b1da3,Apple Fitness,41d59266-03f6-4bed-91bf-f84557ccf8c1,3,4,527bed87-fe98-4e4d-b778-b635c9475df5,true,downloadableSrc,200,image/webp,76456,76456,724874be3eedb978642910d04ad4b2436d31540f1cacaef310595df93f3a0aff,1179,2676,,,bytescale.mobbin.com,f7a1807c1ac98ccf0eecf5078d61346ac9a94ca37a547f5708d580528c9e55c0,/Users/user/mobbin-sides/screen-flows/apple-fitness/003-apple-fitness-move-9ba2e2aa-28b7-46af-b4be-86f402292fcf/004-527bed87-fe98-4e4d-b778-b635c9475df5-downloadableSrc-724874be3eed.webp
9ba2e2aa-28b7-46af-b4be-86f402292fcf,Move,f8b3622e-9edd-41af-b49e-41f6528b1da3,Apple Fitness,41d59266-03f6-4bed-91bf-f84557ccf8c1,4,5,e7ca6eb2-7bce-43dd-92b2-c1b9cced5155,true,downloadableSrc,200,image/webp,85282,85282,43494e4ce2d16db4b355c4004585615376b636fb763600882eb3b131272d2ae1,1179,2676,,,bytescale.mobbin.com,f7a1807c1ac98ccf0eecf5078d61346ac9a94ca37a547f5708d580528c9e55c0,/Users/user/mobbin-sides/screen-flows/apple-fitness/003-apple-fitness-move-9ba2e2aa-28b7-46af-b4be-86f402292fcf/005-e7ca6eb2-7bce-43dd-92b2-c1b9cced5155-downloadableSrc-43494e4ce2d1.webp
565c6c9e-4973-41c5-b869-a2cbbb6690eb,Updating today's goal,f8b3622e-9edd-41af-b49e-41f6528b1da3,Apple Fitness,41d59266-03f6-4bed-91bf-f84557ccf8c1,0,1,17983edf-6073-47c5-b072-270002fce54e,true,downloadableSrc,200,image/webp,76040,76040,e0335967d8219aecbf537544483f463123279c29f779dac7df0f94e171beb17f,1179,2676,,,bytescale.mobbin.com,f7a1807c1ac98ccf0eecf5078d61346ac9a94ca37a547f5708d580528c9e55c0,/Users/user/mobbin-sides/screen-flows/apple-fitness/004-apple-fitness-updating-today-s-goal-565c6c9e-4973-41c5-b869-a2cbbb6690eb/001-17983edf-6073-47c5-b072-270002fce54e-downloadableSrc-e0335967d821.webp
565c6c9e-4973-41c5-b869-a2cbbb6690eb,Updating today's goal,f8b3622e-9edd-41af-b49e-41f6528b1da3,Apple Fitness,41d59266-03f6-4bed-91bf-f84557ccf8c1,1,2,94930138-4137-432c-826f-3eeb1bdf45db,true,downloadableSrc,200,image/webp,84550,84550,c81caf55465832c7cf8aa03a34cc84d4b6948959d6f8941ea1fdce9bb6600b87,1179,2676,,,bytescale.mobbin.com,f7a1807c1ac98ccf0eecf5078d61346ac9a94ca37a547f5708d580528c9e55c0,/Users/user/mobbin-sides/screen-flows/apple-fitness/004-apple-fitness-updating-today-s-goal-565c6c9e-4973-41c5-b869-a2cbbb6690eb/002-94930138-4137-432c-826f-3eeb1bdf45db-downloadableSrc-c81caf554658.webp
565c6c9e-4973-41c5-b869-a2cbbb6690eb,Updating today's goal,f8b3622e-9edd-41af-b49e-41f6528b1da3,Apple Fitness,41d59266-03f6-4bed-91bf-f84557ccf8c1,2,3,ae83e28a-287b-4852-9708-f5bf37448a7a,true,downloadableSrc,200,image/webp,64816,64816,111c441155a62cfb067240f5086502115f968a0b120b1147e0317452cb12d3c4,1179,2676,,,bytescale.mobbin.com,f7a1807c1ac98ccf0eecf5078d61346ac9a94ca37a547f5708d580528c9e55c0,/Users/user/mobbin-sides/screen-flows/apple-fitness/004-apple-fitness-updating-today-s-goal-565c6c9e-4973-41c5-b869-a2cbbb6690eb/003-ae83e28a-287b-4852-9708-f5bf37448a7a-downloadableSrc-111c441155a6.webp
565c6c9e-4973-41c5-b869-a2cbbb6690eb,Updating today's goal,f8b3622e-9edd-41af-b49e-41f6528b1da3,Apple Fitness,41d59266-03f6-4bed-91bf-f84557ccf8c1,3,4,1c5b9762-97a5-457f-90bf-4db127bc7321,true,downloadableSrc,200,image/webp,65202,65202,00ffcda2cccbf95883d267f799815a4a6e4b3abf777727cd5b83a37fcfe92c9e,1179,2676,,,bytescale.mobbin.com,f7a1807c1ac98ccf0eecf5078d61346ac9a94ca37a547f5708d580528c9e55c0,/Users/user/mobbin-sides/screen-flows/apple-fitness/004-apple-fitness-updating-today-s-goal-565c6c9e-4973-41c5-b869-a2cbbb6690eb/004-1c5b9762-97a5-457f-90bf-4db127bc7321-downloadableSrc-00ffcda2cccb.webp
565c6c9e-4973-41c5-b869-a2cbbb6690eb,Updating today's goal,f8b3622e-9edd-41af-b49e-41f6528b1da3,Apple Fitness,41d59266-03f6-4bed-91bf-f84557ccf8c1,4,5,5f3da2a4-bb9d-48fe-aca6-148afe07fdf7,true,downloadableSrc,200,image/webp,76458,76458,d3ab6a8a3b8be80c9b29aa5e9cbcf28f058b4ec16dc7d90e74197d2965ed519e,1179,2676,,,bytescale.mobbin.com,f7a1807c1ac98ccf0eecf5078d61346ac9a94ca37a547f5708d580528c9e55c0,/Users/user/mobbin-sides/screen-flows/apple-fitness/004-apple-fitness-updating-today-s-goal-565c6c9e-4973-41c5-b869-a2cbbb6690eb/005-5f3da2a4-bb9d-48fe-aca6-148afe07fdf7-downloadableSrc-d3ab6a8a3b8b.webp
84789cb9-1f75-49ea-a5d2-43491facb92c,Pausing ring,f8b3622e-9edd-41af-b49e-41f6528b1da3,Apple Fitness,41d59266-03f6-4bed-91bf-f84557ccf8c1,0,1,e7ca6eb2-7bce-43dd-92b2-c1b9cced5155,true,downloadableSrc,200,image/webp,85282,85282,43494e4ce2d16db4b355c4004585615376b636fb763600882eb3b131272d2ae1,1179,2676,,,bytescale.mobbin.com,f7a1807c1ac98ccf0eecf5078d61346ac9a94ca37a547f5708d580528c9e55c0,/Users/user/mobbin-sides/screen-flows/apple-fitness/005-apple-fitness-pausing-ring-84789cb9-1f75-49ea-a5d2-43491facb92c/001-e7ca6eb2-7bce-43dd-92b2-c1b9cced5155-downloadableSrc-43494e4ce2d1.webp
84789cb9-1f75-49ea-a5d2-43491facb92c,Pausing ring,f8b3622e-9edd-41af-b49e-41f6528b1da3,Apple Fitness,41d59266-03f6-4bed-91bf-f84557ccf8c1,1,2,249afd61-525f-4364-a023-9c220ba7e88c,true,downloadableSrc,200,image/webp,48164,48164,d52bc00e0632994fe32dd9761470f07138c619cd0e543a14b58b31cce6a68f0e,1179,2676,,,bytescale.mobbin.com,f7a1807c1ac98ccf0eecf5078d61346ac9a94ca37a547f5708d580528c9e55c0,/Users/user/mobbin-sides/screen-flows/apple-fitness/005-apple-fitness-pausing-ring-84789cb9-1f75-49ea-a5d2-43491facb92c/002-249afd61-525f-4364-a023-9c220ba7e88c-downloadableSrc-d52bc00e0632.webp
84789cb9-1f75-49ea-a5d2-43491facb92c,Pausing ring,f8b3622e-9edd-41af-b49e-41f6528b1da3,Apple Fitness,41d59266-03f6-4bed-91bf-f84557ccf8c1,2,3,efde5767-3eb5-492d-b6a1-427e93f0dfc9,true,downloadableSrc,200,image/webp,64676,64676,cbf8e3db805cd9c03224332311f2cb60116ec402ab9417addc787a3510dd1a9b,1179,2676,,,bytescale.mobbin.com,f7a1807c1ac98ccf0eecf5078d61346ac9a94ca37a547f5708d580528c9e55c0,/Users/user/mobbin-sides/screen-flows/apple-fitness/005-apple-fitness-pausing-ring-84789cb9-1f75-49ea-a5d2-43491facb92c/003-efde5767-3eb5-492d-b6a1-427e93f0dfc9-downloadableSrc-cbf8e3db805c.webp
e8d5c2af-ab76-4fd5-ba16-c32762f9fc28,Editing pause duration,f8b3622e-9edd-41af-b49e-41f6528b1da3,Apple Fitness,41d59266-03f6-4bed-91bf-f84557ccf8c1,0,1,efde5767-3eb5-492d-b6a1-427e93f0dfc9,true,downloadableSrc,200,image/webp,64676,64676,cbf8e3db805cd9c03224332311f2cb60116ec402ab9417addc787a3510dd1a9b,1179,2676,,,bytescale.mobbin.com,f7a1807c1ac98ccf0eecf5078d61346ac9a94ca37a547f5708d580528c9e55c0,/Users/user/mobbin-sides/screen-flows/apple-fitness/006-apple-fitness-editing-pause-duration-e8d5c2af-ab76-4fd5-ba16-c32762f9fc28/001-efde5767-3eb5-492d-b6a1-427e93f0dfc9-downloadableSrc-cbf8e3db805c.webp
e8d5c2af-ab76-4fd5-ba16-c32762f9fc28,Editing pause duration,f8b3622e-9edd-41af-b49e-41f6528b1da3,Apple Fitness,41d59266-03f6-4bed-91bf-f84557ccf8c1,1,2,c5f9277e-c1ff-4073-a278-6f51404345d2,true,downloadableSrc,200,image/webp,48830,48830,92f431b63e643a158f03833e350e6f140ff219ab48116bb190b52af80f372ce5,1179,2676,,,bytescale.mobbin.com,f7a1807c1ac98ccf0eecf5078d61346ac9a94ca37a547f5708d580528c9e55c0,/Users/user/mobbin-sides/screen-flows/apple-fitness/006-apple-fitness-editing-pause-duration-e8d5c2af-ab76-4fd5-ba16-c32762f9fc28/002-c5f9277e-c1ff-4073-a278-6f51404345d2-downloadableSrc-92f431b63e64.webp
e8d5c2af-ab76-4fd5-ba16-c32762f9fc28,Editing pause duration,f8b3622e-9edd-41af-b49e-41f6528b1da3,Apple Fitness,41d59266-03f6-4bed-91bf-f84557ccf8c1,2,3,7c308523-3f38-4472-be83-32bd09326793,true,downloadableSrc,200,image/webp,49850,49850,d82be446843117c7e9755d1ea21bf32270efecb9d18a960e5e9871860215001f,1179,2676,,,bytescale.mobbin.com,f7a1807c1ac98ccf0eecf5078d61346ac9a94ca37a547f5708d580528c9e55c0,/Users/user/mobbin-sides/screen-flows/apple-fitness/006-apple-fitness-editing-pause-duration-e8d5c2af-ab76-4fd5-ba16-c32762f9fc28/003-7c308523-3f38-4472-be83-32bd09326793-downloadableSrc-d82be4468431.webp
e8d5c2af-ab76-4fd5-ba16-c32762f9fc28,Editing pause duration,f8b3622e-9edd-41af-b49e-41f6528b1da3,Apple Fitness,41d59266-03f6-4bed-91bf-f84557ccf8c1,3,4,c322eb08-1124-48de-a827-b94099872366,true,downloadableSrc,200,image/webp,64560,64560,071e446981f574cb51ffec763777339aa3f0db27a17eee500e59966f8b1e0a6d,1179,2676,,,bytescale.mobbin.com,f7a1807c1ac98ccf0eecf5078d61346ac9a94ca37a547f5708d580528c9e55c0,/Users/user/mobbin-sides/screen-flows/apple-fitness/006-apple-fitness-editing-pause-duration-e8d5c2af-ab76-4fd5-ba16-c32762f9fc28/004-c322eb08-1124-48de-a827-b94099872366-downloadableSrc-071e446981f5.webp
e2e6a553-9d4d-450b-b248-0592bae7a0b6,Calendar,f8b3622e-9edd-41af-b49e-41f6528b1da3,Apple Fitness,41d59266-03f6-4bed-91bf-f84557ccf8c1,0,1,e7ca6eb2-7bce-43dd-92b2-c1b9cced5155,true,downloadableSrc,200,image/webp,85282,85282,43494e4ce2d16db4b355c4004585615376b636fb763600882eb3b131272d2ae1,1179,2676,,,bytescale.mobbin.com,f7a1807c1ac98ccf0eecf5078d61346ac9a94ca37a547f5708d580528c9e55c0,/Users/user/mobbin-sides/screen-flows/apple-fitness/007-apple-fitness-calendar-e2e6a553-9d4d-450b-b248-0592bae7a0b6/001-e7ca6eb2-7bce-43dd-92b2-c1b9cced5155-downloadableSrc-43494e4ce2d1.webp
e2e6a553-9d4d-450b-b248-0592bae7a0b6,Calendar,f8b3622e-9edd-41af-b49e-41f6528b1da3,Apple Fitness,41d59266-03f6-4bed-91bf-f84557ccf8c1,1,2,1bb5fb3a-770d-4cf8-adeb-9453af751f7c,true,downloadableSrc,200,image/webp,74272,74272,f93e2c95057d34b4783423eb938e9f8e9b869394d5c8294f2c2012c62a1a2984,1179,2676,,,bytescale.mobbin.com,f7a1807c1ac98ccf0eecf5078d61346ac9a94ca37a547f5708d580528c9e55c0,/Users/user/mobbin-sides/screen-flows/apple-fitness/007-apple-fitness-calendar-e2e6a553-9d4d-450b-b248-0592bae7a0b6/002-1bb5fb3a-770d-4cf8-adeb-9453af751f7c-downloadableSrc-f93e2c95057d.webp
522e29cd-0280-4e5e-9289-77702aa2b286,Step count,f8b3622e-9edd-41af-b49e-41f6528b1da3,Apple Fitness,41d59266-03f6-4bed-91bf-f84557ccf8c1,0,1,2745a5a7-c443-46cf-80bb-a3e7b72ff8f7,true,downloadableSrc,200,image/webp,79380,79380,bbb90595030b5269ff389880f04a44d13edf7e351ae6bba4f9fe83033e55d869,1179,2676,,,bytescale.mobbin.com,f7a1807c1ac98ccf0eecf5078d61346ac9a94ca37a547f5708d580528c9e55c0,/Users/user/mobbin-sides/screen-flows/apple-fitness/008-apple-fitness-step-count-522e29cd-0280-4e5e-9289-77702aa2b286/001-2745a5a7-c443-46cf-80bb-a3e7b72ff8f7-downloadableSrc-bbb90595030b.webp
522e29cd-0280-4e5e-9289-77702aa2b286,Step count,f8b3622e-9edd-41af-b49e-41f6528b1da3,Apple Fitness,41d59266-03f6-4bed-91bf-f84557ccf8c1,1,2,e13a4d65-e550-4860-8d4c-1ef9013ea08e,true,downloadableSrc,200,image/webp,50994,50994,b6115c76739267b9b241c46858823e3c28f37ea88acf72e0db68d30b900d5a74,1179,2676,,,bytescale.mobbin.com,f7a1807c1ac98ccf0eecf5078d61346ac9a94ca37a547f5708d580528c9e55c0,/Users/user/mobbin-sides/screen-flows/apple-fitness/008-apple-fitness-step-count-522e29cd-0280-4e5e-9289-77702aa2b286/002-e13a4d65-e550-4860-8d4c-1ef9013ea08e-downloadableSrc-b6115c767392.webp
522e29cd-0280-4e5e-9289-77702aa2b286,Step count,f8b3622e-9edd-41af-b49e-41f6528b1da3,Apple Fitness,41d59266-03f6-4bed-91bf-f84557ccf8c1,2,3,3e1bdbde-41f5-47a9-a4c1-26a8ce82002f,true,downloadableSrc,200,image/webp,60072,60072,9734ae639e2b7dd6012a5abae83dd6b72e3d825de8909a4c63af7bb590884f37,1179,2676,,,bytescale.mobbin.com,f7a1807c1ac98ccf0eecf5078d61346ac9a94ca37a547f5708d580528c9e55c0,/Users/user/mobbin-sides/screen-flows/apple-fitness/008-apple-fitness-step-count-522e29cd-0280-4e5e-9289-77702aa2b286/003-3e1bdbde-41f5-47a9-a4c1-26a8ce82002f-downloadableSrc-9734ae639e2b.webp
522e29cd-0280-4e5e-9289-77702aa2b286,Step count,f8b3622e-9edd-41af-b49e-41f6528b1da3,Apple Fitness,41d59266-03f6-4bed-91bf-f84557ccf8c1,3,4,45db90e7-9f96-40f0-8587-42828684f1a6,true,downloadableSrc,200,image/webp,56494,56494,4586829e262c1437a0912a2987630f2fa0a102bf7c40162534b6d5afeb4e966e,1179,2676,,,bytescale.mobbin.com,f7a1807c1ac98ccf0eecf5078d61346ac9a94ca37a547f5708d580528c9e55c0,/Users/user/mobbin-sides/screen-flows/apple-fitness/008-apple-fitness-step-count-522e29cd-0280-4e5e-9289-77702aa2b286/004-45db90e7-9f96-40f0-8587-42828684f1a6-downloadableSrc-4586829e262c.webp
38d4f45e-ecfe-4484-a43c-7e91d4472546,Awards,f8b3622e-9edd-41af-b49e-41f6528b1da3,Apple Fitness,41d59266-03f6-4bed-91bf-f84557ccf8c1,0,1,2745a5a7-c443-46cf-80bb-a3e7b72ff8f7,true,downloadableSrc,200,image/webp,79380,79380,bbb90595030b5269ff389880f04a44d13edf7e351ae6bba4f9fe83033e55d869,1179,2676,,,bytescale.mobbin.com,f7a1807c1ac98ccf0eecf5078d61346ac9a94ca37a547f5708d580528c9e55c0,/Users/user/mobbin-sides/screen-flows/apple-fitness/009-apple-fitness-awards-38d4f45e-ecfe-4484-a43c-7e91d4472546/001-2745a5a7-c443-46cf-80bb-a3e7b72ff8f7-downloadableSrc-bbb90595030b.webp
38d4f45e-ecfe-4484-a43c-7e91d4472546,Awards,f8b3622e-9edd-41af-b49e-41f6528b1da3,Apple Fitness,41d59266-03f6-4bed-91bf-f84557ccf8c1,1,2,dbab3f9b-f1c4-4cf7-9bf2-94a8b411e86a,true,downloadableSrc,200,image/webp,58530,58530,5e8989809411865469862f0e3537d730f7f9989a0827101732cbb5c890784e34,1179,2676,,,bytescale.mobbin.com,f7a1807c1ac98ccf0eecf5078d61346ac9a94ca37a547f5708d580528c9e55c0,/Users/user/mobbin-sides/screen-flows/apple-fitness/009-apple-fitness-awards-38d4f45e-ecfe-4484-a43c-7e91d4472546/002-dbab3f9b-f1c4-4cf7-9bf2-94a8b411e86a-downloadableSrc-5e8989809411.webp
38d4f45e-ecfe-4484-a43c-7e91d4472546,Awards,f8b3622e-9edd-41af-b49e-41f6528b1da3,Apple Fitness,41d59266-03f6-4bed-91bf-f84557ccf8c1,2,3,eb8d00f1-bbea-4139-bece-dfbb6a275581,true,downloadableSrc,200,image/webp,58100,58100,aa6b46d745f77dcb6f84bd2bb60505f5243952d16956d7af0e8b87ad8555d905,1179,2676,,,bytescale.mobbin.com,f7a1807c1ac98ccf0eecf5078d61346ac9a94ca37a547f5708d580528c9e55c0,/Users/user/mobbin-sides/screen-flows/apple-fitness/009-apple-fitness-awards-38d4f45e-ecfe-4484-a43c-7e91d4472546/003-eb8d00f1-bbea-4139-bece-dfbb6a275581-downloadableSrc-aa6b46d745f7.webp
3faf0e10-7f96-47f7-8f44-dd3af67fef08,Award detail,f8b3622e-9edd-41af-b49e-41f6528b1da3,Apple Fitness,41d59266-03f6-4bed-91bf-f84557ccf8c1,0,1,dbab3f9b-f1c4-4cf7-9bf2-94a8b411e86a,true,downloadableSrc,200,image/webp,58530,58530,5e8989809411865469862f0e3537d730f7f9989a0827101732cbb5c890784e34,1179,2676,,,bytescale.mobbin.com,f7a1807c1ac98ccf0eecf5078d61346ac9a94ca37a547f5708d580528c9e55c0,/Users/user/mobbin-sides/screen-flows/apple-fitness/010-apple-fitness-award-detail-3faf0e10-7f96-47f7-8f44-dd3af67fef08/001-dbab3f9b-f1c4-4cf7-9bf2-94a8b411e86a-downloadableSrc-5e8989809411.webp
3faf0e10-7f96-47f7-8f44-dd3af67fef08,Award detail,f8b3622e-9edd-41af-b49e-41f6528b1da3,Apple Fitness,41d59266-03f6-4bed-91bf-f84557ccf8c1,1,2,385c1711-6119-4b91-8ec2-50851648825a,true,downloadableSrc,200,image/webp,74744,74744,7da493b285f591a1abaa9d81eee8c78e9e6bbbeed4c5d6dbd316a873fb65455d,1179,2676,,,bytescale.mobbin.com,f7a1807c1ac98ccf0eecf5078d61346ac9a94ca37a547f5708d580528c9e55c0,/Users/user/mobbin-sides/screen-flows/apple-fitness/010-apple-fitness-award-detail-3faf0e10-7f96-47f7-8f44-dd3af67fef08/002-385c1711-6119-4b91-8ec2-50851648825a-downloadableSrc-7da493b285f5.webp
70a8e24c-74b8-4277-b462-c83338cfe532,Editing summary,f8b3622e-9edd-41af-b49e-41f6528b1da3,Apple Fitness,41d59266-03f6-4bed-91bf-f84557ccf8c1,0,1,5ceeb6ad-9389-457f-a470-ca2ca696235a,true,downloadableSrc,200,image/webp,87222,87222,9e5c96af911be17c688eef1ea8ba0fbac9b3bdcebd6202081666419fdd8a8c41,1179,2676,,,bytescale.mobbin.com,f7a1807c1ac98ccf0eecf5078d61346ac9a94ca37a547f5708d580528c9e55c0,/Users/user/mobbin-sides/screen-flows/apple-fitness/011-apple-fitness-editing-summary-70a8e24c-74b8-4277-b462-c83338cfe532/001-5ceeb6ad-9389-457f-a470-ca2ca696235a-downloadableSrc-9e5c96af911b.webp
70a8e24c-74b8-4277-b462-c83338cfe532,Editing summary,f8b3622e-9edd-41af-b49e-41f6528b1da3,Apple Fitness,41d59266-03f6-4bed-91bf-f84557ccf8c1,1,2,1abe6daf-da77-4bde-85d2-06d7ac87d9db,true,downloadableSrc,200,image/webp,77268,77268,dd6c121fdeba1cb1364b015937b5e35c557ccec7b66a9317a8d6dfe615b22029,1179,2676,,,bytescale.mobbin.com,f7a1807c1ac98ccf0eecf5078d61346ac9a94ca37a547f5708d580528c9e55c0,/Users/user/mobbin-sides/screen-flows/apple-fitness/011-apple-fitness-editing-summary-70a8e24c-74b8-4277-b462-c83338cfe532/002-1abe6daf-da77-4bde-85d2-06d7ac87d9db-downloadableSrc-dd6c121fdeba.webp
70a8e24c-74b8-4277-b462-c83338cfe532,Editing summary,f8b3622e-9edd-41af-b49e-41f6528b1da3,Apple Fitness,41d59266-03f6-4bed-91bf-f84557ccf8c1,2,3,e387ab82-7659-44c6-a48b-62c201d4996c,true,downloadableSrc,200,image/webp,74372,74372,280fd0b3a33d33b5440794a6c1af877d07c26b4f37d8a65624da41b2f0af381c,1179,2676,,,bytescale.mobbin.com,f7a1807c1ac98ccf0eecf5078d61346ac9a94ca37a547f5708d580528c9e55c0,/Users/user/mobbin-sides/screen-flows/apple-fitness/011-apple-fitness-editing-summary-70a8e24c-74b8-4277-b462-c83338cfe532/003-e387ab82-7659-44c6-a48b-62c201d4996c-downloadableSrc-280fd0b3a33d.webp
70a8e24c-74b8-4277-b462-c83338cfe532,Editing summary,f8b3622e-9edd-41af-b49e-41f6528b1da3,Apple Fitness,41d59266-03f6-4bed-91bf-f84557ccf8c1,3,4,5b8d5290-6c52-436f-bac3-9d0a531db829,true,downloadableSrc,200,image/webp,80064,80064,f2d67c8058e64f37e2f543bf0731ec2651a8ab5841f19d9154e687777c4b0de1,1179,2676,,,bytescale.mobbin.com,f7a1807c1ac98ccf0eecf5078d61346ac9a94ca37a547f5708d580528c9e55c0,/Users/user/mobbin-sides/screen-flows/apple-fitness/011-apple-fitness-editing-summary-70a8e24c-74b8-4277-b462-c83338cfe532/004-5b8d5290-6c52-436f-bac3-9d0a531db829-downloadableSrc-f2d67c8058e6.webp
45cb912f-0920-43bd-92a9-9a1d5a6f5dd5,Adding a card,f8b3622e-9edd-41af-b49e-41f6528b1da3,Apple Fitness,41d59266-03f6-4bed-91bf-f84557ccf8c1,0,1,1abe6daf-da77-4bde-85d2-06d7ac87d9db,true,downloadableSrc,200,image/webp,77268,77268,dd6c121fdeba1cb1364b015937b5e35c557ccec7b66a9317a8d6dfe615b22029,1179,2676,,,bytescale.mobbin.com,f7a1807c1ac98ccf0eecf5078d61346ac9a94ca37a547f5708d580528c9e55c0,/Users/user/mobbin-sides/screen-flows/apple-fitness/012-apple-fitness-adding-a-card-45cb912f-0920-43bd-92a9-9a1d5a6f5dd5/001-1abe6daf-da77-4bde-85d2-06d7ac87d9db-downloadableSrc-dd6c121fdeba.webp
45cb912f-0920-43bd-92a9-9a1d5a6f5dd5,Adding a card,f8b3622e-9edd-41af-b49e-41f6528b1da3,Apple Fitness,41d59266-03f6-4bed-91bf-f84557ccf8c1,1,2,5c0b0de5-79fe-490d-afd0-9119ecd46c42,true,downloadableSrc,200,image/webp,82492,82492,4f6526a4a0892410198553acfbb103f132e051c548fcbd3d37a18d91c20352f8,1179,2676,,,bytescale.mobbin.com,f7a1807c1ac98ccf0eecf5078d61346ac9a94ca37a547f5708d580528c9e55c0,/Users/user/mobbin-sides/screen-flows/apple-fitness/012-apple-fitness-adding-a-card-45cb912f-0920-43bd-92a9-9a1d5a6f5dd5/002-5c0b0de5-79fe-490d-afd0-9119ecd46c42-downloadableSrc-4f6526a4a089.webp
45cb912f-0920-43bd-92a9-9a1d5a6f5dd5,Adding a card,f8b3622e-9edd-41af-b49e-41f6528b1da3,Apple Fitness,41d59266-03f6-4bed-91bf-f84557ccf8c1,2,3,43aa99f8-54fb-462e-88e4-a189030a9356,true,downloadableSrc,200,image/webp,85902,85902,cbfc22658c34097900a33f40e64bc33ab48717b640606d8566b566ee6806dfac,1179,2676,,,bytescale.mobbin.com,f7a1807c1ac98ccf0eecf5078d61346ac9a94ca37a547f5708d580528c9e55c0,/Users/user/mobbin-sides/screen-flows/apple-fitness/012-apple-fitness-adding-a-card-45cb912f-0920-43bd-92a9-9a1d5a6f5dd5/003-43aa99f8-54fb-462e-88e4-a189030a9356-downloadableSrc-cbfc22658c34.webp
45cb912f-0920-43bd-92a9-9a1d5a6f5dd5,Adding a card,f8b3622e-9edd-41af-b49e-41f6528b1da3,Apple Fitness,41d59266-03f6-4bed-91bf-f84557ccf8c1,3,4,96152a09-27a6-4018-9e07-b1e4a81c8147,true,downloadableSrc,200,image/webp,96898,96898,27b2176dc04fa3afbb99076460de61082f9e5f6ca34dad3e81e3cb0d008a6548,1179,2676,,,bytescale.mobbin.com,f7a1807c1ac98ccf0eecf5078d61346ac9a94ca37a547f5708d580528c9e55c0,/Users/user/mobbin-sides/screen-flows/apple-fitness/012-apple-fitness-adding-a-card-45cb912f-0920-43bd-92a9-9a1d5a6f5dd5/004-96152a09-27a6-4018-9e07-b1e4a81c8147-downloadableSrc-27b2176dc04f.webp
45cb912f-0920-43bd-92a9-9a1d5a6f5dd5,Adding a card,f8b3622e-9edd-41af-b49e-41f6528b1da3,Apple Fitness,41d59266-03f6-4bed-91bf-f84557ccf8c1,4,5,a267f917-d70d-4dd1-adc7-84e0f11f9109,true,downloadableSrc,200,image/webp,80514,80514,fe5fe9e31887304a7af2ab1af3b28668ab326fc12e883a9372b70cbe61403e56,1179,2676,,,bytescale.mobbin.com,f7a1807c1ac98ccf0eecf5078d61346ac9a94ca37a547f5708d580528c9e55c0,/Users/user/mobbin-sides/screen-flows/apple-fitness/012-apple-fitness-adding-a-card-45cb912f-0920-43bd-92a9-9a1d5a6f5dd5/005-a267f917-d70d-4dd1-adc7-84e0f11f9109-downloadableSrc-fe5fe9e31887.webp
45cb912f-0920-43bd-92a9-9a1d5a6f5dd5,Adding a card,f8b3622e-9edd-41af-b49e-41f6528b1da3,Apple Fitness,41d59266-03f6-4bed-91bf-f84557ccf8c1,5,6,3846746b-dfca-48fd-a162-becd3d4e03e5,true,downloadableSrc,200,image/webp,49474,49474,ab061d4fc57329f0b38026ae7156edc77cc773750fa7a6b08e6c5e1c7609f7c5,1179,2676,,,bytescale.mobbin.com,f7a1807c1ac98ccf0eecf5078d61346ac9a94ca37a547f5708d580528c9e55c0,/Users/user/mobbin-sides/screen-flows/apple-fitness/012-apple-fitness-adding-a-card-45cb912f-0920-43bd-92a9-9a1d5a6f5dd5/006-3846746b-dfca-48fd-a162-becd3d4e03e5-downloadableSrc-ab061d4fc573.webp
45cb912f-0920-43bd-92a9-9a1d5a6f5dd5,Adding a card,f8b3622e-9edd-41af-b49e-41f6528b1da3,Apple Fitness,41d59266-03f6-4bed-91bf-f84557ccf8c1,6,7,9487736a-203f-455b-ae86-aa6dd66190ce,true,downloadableSrc,200,image/webp,41864,41864,2c66860bb615820b402c26170931b7a6902fa49e590c3a2bb39ce1f889d72994,1179,2676,,,bytescale.mobbin.com,f7a1807c1ac98ccf0eecf5078d61346ac9a94ca37a547f5708d580528c9e55c0,/Users/user/mobbin-sides/screen-flows/apple-fitness/012-apple-fitness-adding-a-card-45cb912f-0920-43bd-92a9-9a1d5a6f5dd5/007-9487736a-203f-455b-ae86-aa6dd66190ce-downloadableSrc-2c66860bb615.webp
45cb912f-0920-43bd-92a9-9a1d5a6f5dd5,Adding a card,f8b3622e-9edd-41af-b49e-41f6528b1da3,Apple Fitness,41d59266-03f6-4bed-91bf-f84557ccf8c1,7,8,bdff26b1-deff-4461-ba3c-4a4a8144aba1,true,downloadableSrc,200,image/webp,82188,82188,3a7f00fe4765032309063ee2b5dfdffba3ac84cfb5ae63b5833de85a9c13c6c2,1179,2676,,,bytescale.mobbin.com,f7a1807c1ac98ccf0eecf5078d61346ac9a94ca37a547f5708d580528c9e55c0,/Users/user/mobbin-sides/screen-flows/apple-fitness/012-apple-fitness-adding-a-card-45cb912f-0920-43bd-92a9-9a1d5a6f5dd5/008-bdff26b1-deff-4461-ba3c-4a4a8144aba1-downloadableSrc-3a7f00fe4765.webp
e2b263dc-ca60-42eb-a2b3-911041b34731,Reordering cards,f8b3622e-9edd-41af-b49e-41f6528b1da3,Apple Fitness,41d59266-03f6-4bed-91bf-f84557ccf8c1,0,1,e387ab82-7659-44c6-a48b-62c201d4996c,true,downloadableSrc,200,image/webp,74372,74372,280fd0b3a33d33b5440794a6c1af877d07c26b4f37d8a65624da41b2f0af381c,1179,2676,,,bytescale.mobbin.com,f7a1807c1ac98ccf0eecf5078d61346ac9a94ca37a547f5708d580528c9e55c0,/Users/user/mobbin-sides/screen-flows/apple-fitness/013-apple-fitness-reordering-cards-e2b263dc-ca60-42eb-a2b3-911041b34731/001-e387ab82-7659-44c6-a48b-62c201d4996c-downloadableSrc-280fd0b3a33d.webp
e2b263dc-ca60-42eb-a2b3-911041b34731,Reordering cards,f8b3622e-9edd-41af-b49e-41f6528b1da3,Apple Fitness,41d59266-03f6-4bed-91bf-f84557ccf8c1,1,2,428c82e6-c92d-4fd2-ac74-bfee5641fb35,true,downloadableSrc,200,image/webp,72568,72568,dd4a7c84c2c12ca50e23973b49a11c055946937919a93728e7a15febecb27d1a,1179,2676,,,bytescale.mobbin.com,f7a1807c1ac98ccf0eecf5078d61346ac9a94ca37a547f5708d580528c9e55c0,/Users/user/mobbin-sides/screen-flows/apple-fitness/013-apple-fitness-reordering-cards-e2b263dc-ca60-42eb-a2b3-911041b34731/002-428c82e6-c92d-4fd2-ac74-bfee5641fb35-downloadableSrc-dd4a7c84c2c1.webp
e2b263dc-ca60-42eb-a2b3-911041b34731,Reordering cards,f8b3622e-9edd-41af-b49e-41f6528b1da3,Apple Fitness,41d59266-03f6-4bed-91bf-f84557ccf8c1,2,3,9a5e7104-18ad-48ab-a41f-34a3a292b7a1,true,downloadableSrc,200,image/webp,79436,79436,fe5510b228d86ddb11c6b688d935b2df60f13bf461e9f3e6e6049b3b9f5be29a,1179,2676,,,bytescale.mobbin.com,f7a1807c1ac98ccf0eecf5078d61346ac9a94ca37a547f5708d580528c9e55c0,/Users/user/mobbin-sides/screen-flows/apple-fitness/013-apple-fitness-reordering-cards-e2b263dc-ca60-42eb-a2b3-911041b34731/003-9a5e7104-18ad-48ab-a41f-34a3a292b7a1-downloadableSrc-fe5510b228d8.webp
e2b263dc-ca60-42eb-a2b3-911041b34731,Reordering cards,f8b3622e-9edd-41af-b49e-41f6528b1da3,Apple Fitness,41d59266-03f6-4bed-91bf-f84557ccf8c1,3,4,159f8961-41bd-4aa6-ad18-850ab81f4a52,true,downloadableSrc,200,image/webp,84430,84430,f4c0cfb816914badfa3455a4a10baff4762ebc46f1ac6bec2b13b581f71d8983,1179,2676,,,bytescale.mobbin.com,f7a1807c1ac98ccf0eecf5078d61346ac9a94ca37a547f5708d580528c9e55c0,/Users/user/mobbin-sides/screen-flows/apple-fitness/013-apple-fitness-reordering-cards-e2b263dc-ca60-42eb-a2b3-911041b34731/004-159f8961-41bd-4aa6-ad18-850ab81f4a52-downloadableSrc-f4c0cfb81691.webp
bb8ae14b-a18f-4239-8ad0-e3031de8df24,See all category,f8b3622e-9edd-41af-b49e-41f6528b1da3,Apple Fitness,41d59266-03f6-4bed-91bf-f84557ccf8c1,0,1,5ceeb6ad-9389-457f-a470-ca2ca696235a,true,downloadableSrc,200,image/webp,87222,87222,9e5c96af911be17c688eef1ea8ba0fbac9b3bdcebd6202081666419fdd8a8c41,1179,2676,,,bytescale.mobbin.com,f7a1807c1ac98ccf0eecf5078d61346ac9a94ca37a547f5708d580528c9e55c0,/Users/user/mobbin-sides/screen-flows/apple-fitness/014-apple-fitness-see-all-category-bb8ae14b-a18f-4239-8ad0-e3031de8df24/001-5ceeb6ad-9389-457f-a470-ca2ca696235a-downloadableSrc-9e5c96af911b.webp
bb8ae14b-a18f-4239-8ad0-e3031de8df24,See all category,f8b3622e-9edd-41af-b49e-41f6528b1da3,Apple Fitness,41d59266-03f6-4bed-91bf-f84557ccf8c1,1,2,d463fe74-10a8-4a3e-803e-17d88eeb78c2,true,downloadableSrc,200,image/webp,60258,60258,b85b768f7b6150dc95aec17e5597fdd4fdd74a194f644a3badaeed31b066dec9,1179,2676,,,bytescale.mobbin.com,f7a1807c1ac98ccf0eecf5078d61346ac9a94ca37a547f5708d580528c9e55c0,/Users/user/mobbin-sides/screen-flows/apple-fitness/014-apple-fitness-see-all-category-bb8ae14b-a18f-4239-8ad0-e3031de8df24/002-d463fe74-10a8-4a3e-803e-17d88eeb78c2-downloadableSrc-b85b768f7b61.webp
6d070b08-f372-474c-b15a-09bba198bf52,Sessions,f8b3622e-9edd-41af-b49e-41f6528b1da3,Apple Fitness,41d59266-03f6-4bed-91bf-f84557ccf8c1,0,1,d463fe74-10a8-4a3e-803e-17d88eeb78c2,true,downloadableSrc,200,image/webp,60258,60258,b85b768f7b6150dc95aec17e5597fdd4fdd74a194f644a3badaeed31b066dec9,1179,2676,,,bytescale.mobbin.com,f7a1807c1ac98ccf0eecf5078d61346ac9a94ca37a547f5708d580528c9e55c0,/Users/user/mobbin-sides/screen-flows/apple-fitness/015-apple-fitness-sessions-6d070b08-f372-474c-b15a-09bba198bf52/001-d463fe74-10a8-4a3e-803e-17d88eeb78c2-downloadableSrc-b85b768f7b61.webp
6d070b08-f372-474c-b15a-09bba198bf52,Sessions,f8b3622e-9edd-41af-b49e-41f6528b1da3,Apple Fitness,41d59266-03f6-4bed-91bf-f84557ccf8c1,1,2,3f697e63-4a88-41b8-afb6-fdb4207ecb1e,true,downloadableSrc,200,image/webp,70912,70912,f1c7eaa7a17f4cacbb642c4b229f6b2e05727c094ba207240915d20e7920fa50,1179,2676,,,bytescale.mobbin.com,f7a1807c1ac98ccf0eecf5078d61346ac9a94ca37a547f5708d580528c9e55c0,/Users/user/mobbin-sides/screen-flows/apple-fitness/015-apple-fitness-sessions-6d070b08-f372-474c-b15a-09bba198bf52/002-3f697e63-4a88-41b8-afb6-fdb4207ecb1e-downloadableSrc-f1c7eaa7a17f.webp
6d070b08-f372-474c-b15a-09bba198bf52,Sessions,f8b3622e-9edd-41af-b49e-41f6528b1da3,Apple Fitness,41d59266-03f6-4bed-91bf-f84557ccf8c1,2,3,44e2302d-40c2-4f26-a7a4-9a3539c175d2,true,downloadableSrc,200,image/webp,89740,89740,73d1e3537d72f483e17cd8210aa2b2556966a8ade86618f5e002e6c484bb221c,1179,2676,,,bytescale.mobbin.com,f7a1807c1ac98ccf0eecf5078d61346ac9a94ca37a547f5708d580528c9e55c0,/Users/user/mobbin-sides/screen-flows/apple-fitness/015-apple-fitness-sessions-6d070b08-f372-474c-b15a-09bba198bf52/003-44e2302d-40c2-4f26-a7a4-9a3539c175d2-downloadableSrc-73d1e3537d72.webp
6d070b08-f372-474c-b15a-09bba198bf52,Sessions,f8b3622e-9edd-41af-b49e-41f6528b1da3,Apple Fitness,41d59266-03f6-4bed-91bf-f84557ccf8c1,3,4,08f4f651-0a4f-488f-91e6-c2ad9c341241,true,downloadableSrc,200,image/webp,89738,89738,df567bb3b09a337ec83cdaac2c017e677d1dc3330a70c5f2c62c613727fa4d4b,1179,2676,,,bytescale.mobbin.com,f7a1807c1ac98ccf0eecf5078d61346ac9a94ca37a547f5708d580528c9e55c0,/Users/user/mobbin-sides/screen-flows/apple-fitness/015-apple-fitness-sessions-6d070b08-f372-474c-b15a-09bba198bf52/004-08f4f651-0a4f-488f-91e6-c2ad9c341241-downloadableSrc-df567bb3b09a.webp
7d9906dd-3d86-465a-8589-2bb56a4acd93,Fitness+,f8b3622e-9edd-41af-b49e-41f6528b1da3,Apple Fitness,41d59266-03f6-4bed-91bf-f84557ccf8c1,0,1,a69eb6f0-44e3-4b5c-95e6-43a34561d837,true,downloadableSrc,200,image/webp,89460,89460,439a9710ba64fd56848baece38371f722d6c6ec2c7009eb4cd110f636e503fce,1180,2676,,,bytescale.mobbin.com,f7a1807c1ac98ccf0eecf5078d61346ac9a94ca37a547f5708d580528c9e55c0,/Users/user/mobbin-sides/screen-flows/apple-fitness/016-apple-fitness-fitness-7d9906dd-3d86-465a-8589-2bb56a4acd93/001-a69eb6f0-44e3-4b5c-95e6-43a34561d837-downloadableSrc-439a9710ba64.webp
7d9906dd-3d86-465a-8589-2bb56a4acd93,Fitness+,f8b3622e-9edd-41af-b49e-41f6528b1da3,Apple Fitness,41d59266-03f6-4bed-91bf-f84557ccf8c1,1,2,d37dc9d2-860a-43a3-95bc-10dfa2e75f3f,true,downloadableSrc,200,image/webp,106934,106934,f48029a17eaf01a0baf72e1bcc61dcd8c2b197441304c396ed8aaaaff54f3812,1179,2676,,,bytescale.mobbin.com,f7a1807c1ac98ccf0eecf5078d61346ac9a94ca37a547f5708d580528c9e55c0,/Users/user/mobbin-sides/screen-flows/apple-fitness/016-apple-fitness-fitness-7d9906dd-3d86-465a-8589-2bb56a4acd93/002-d37dc9d2-860a-43a3-95bc-10dfa2e75f3f-downloadableSrc-f48029a17eaf.webp
7d9906dd-3d86-465a-8589-2bb56a4acd93,Fitness+,f8b3622e-9edd-41af-b49e-41f6528b1da3,Apple Fitness,41d59266-03f6-4bed-91bf-f84557ccf8c1,2,3,a43cc23e-a3f9-452f-a5a5-fa1ba322a6ad,true,downloadableSrc,200,image/webp,124406,124406,f5d621b63fd4b9ae9acce07e3351788e14d013562fbf637a9ba555ab5f6869a3,1179,2676,,,bytescale.mobbin.com,f7a1807c1ac98ccf0eecf5078d61346ac9a94ca37a547f5708d580528c9e55c0,/Users/user/mobbin-sides/screen-flows/apple-fitness/016-apple-fitness-fitness-7d9906dd-3d86-465a-8589-2bb56a4acd93/003-a43cc23e-a3f9-452f-a5a5-fa1ba322a6ad-downloadableSrc-f5d621b63fd4.webp
7d9906dd-3d86-465a-8589-2bb56a4acd93,Fitness+,f8b3622e-9edd-41af-b49e-41f6528b1da3,Apple Fitness,41d59266-03f6-4bed-91bf-f84557ccf8c1,3,4,0ffe4cd8-2adb-491c-bad9-9f5a761f3572,true,downloadableSrc,200,image/webp,65932,65932,a2d63f4ba98a40cfd54e26bcd05fdb0b497453c0245395127b26372a6d336892,1180,2676,,,bytescale.mobbin.com,f7a1807c1ac98ccf0eecf5078d61346ac9a94ca37a547f5708d580528c9e55c0,/Users/user/mobbin-sides/screen-flows/apple-fitness/016-apple-fitness-fitness-7d9906dd-3d86-465a-8589-2bb56a4acd93/004-0ffe4cd8-2adb-491c-bad9-9f5a761f3572-downloadableSrc-a2d63f4ba98a.webp
7d9906dd-3d86-465a-8589-2bb56a4acd93,Fitness+,f8b3622e-9edd-41af-b49e-41f6528b1da3,Apple Fitness,41d59266-03f6-4bed-91bf-f84557ccf8c1,4,5,397e4e9d-aab0-476f-8c4b-764f78a3cb4f,true,downloadableSrc,200,image/webp,134562,134562,6216b81d1ad3dda6e49136bca8f23d554482e6b5ccca2e343e70b84dc926d8c4,1180,2676,,,bytescale.mobbin.com,f7a1807c1ac98ccf0eecf5078d61346ac9a94ca37a547f5708d580528c9e55c0,/Users/user/mobbin-sides/screen-flows/apple-fitness/016-apple-fitness-fitness-7d9906dd-3d86-465a-8589-2bb56a4acd93/005-397e4e9d-aab0-476f-8c4b-764f78a3cb4f-downloadableSrc-6216b81d1ad3.webp
7d9906dd-3d86-465a-8589-2bb56a4acd93,Fitness+,f8b3622e-9edd-41af-b49e-41f6528b1da3,Apple Fitness,41d59266-03f6-4bed-91bf-f84557ccf8c1,5,6,23551d76-2398-43db-b17a-71064bba1511,true,downloadableSrc,200,image/webp,126988,126988,693952679bad91504be6478f9abd6a193329306e5e3a1bee54e88dd7174249e5,1179,2676,,,bytescale.mobbin.com,f7a1807c1ac98ccf0eecf5078d61346ac9a94ca37a547f5708d580528c9e55c0,/Users/user/mobbin-sides/screen-flows/apple-fitness/016-apple-fitness-fitness-7d9906dd-3d86-465a-8589-2bb56a4acd93/006-23551d76-2398-43db-b17a-71064bba1511-downloadableSrc-693952679bad.webp
7d9906dd-3d86-465a-8589-2bb56a4acd93,Fitness+,f8b3622e-9edd-41af-b49e-41f6528b1da3,Apple Fitness,41d59266-03f6-4bed-91bf-f84557ccf8c1,6,7,eb58429e-74ef-4625-a203-59aca6c27f8e,true,downloadableSrc,200,image/webp,74416,74416,65de821d4e7a390450542b6f282d3ac9156c3030a44da08f344f694c39ebb483,1179,2676,,,bytescale.mobbin.com,f7a1807c1ac98ccf0eecf5078d61346ac9a94ca37a547f5708d580528c9e55c0,/Users/user/mobbin-sides/screen-flows/apple-fitness/016-apple-fitness-fitness-7d9906dd-3d86-465a-8589-2bb56a4acd93/007-eb58429e-74ef-4625-a203-59aca6c27f8e-downloadableSrc-65de821d4e7a.webp
70c8e3dc-208c-4709-b37a-8009792afd95,Subscribing to Fitness+,f8b3622e-9edd-41af-b49e-41f6528b1da3,Apple Fitness,41d59266-03f6-4bed-91bf-f84557ccf8c1,0,1,d37dc9d2-860a-43a3-95bc-10dfa2e75f3f,true,downloadableSrc,200,image/webp,106934,106934,f48029a17eaf01a0baf72e1bcc61dcd8c2b197441304c396ed8aaaaff54f3812,1179,2676,,,bytescale.mobbin.com,f7a1807c1ac98ccf0eecf5078d61346ac9a94ca37a547f5708d580528c9e55c0,/Users/user/mobbin-sides/screen-flows/apple-fitness/017-apple-fitness-subscribing-to-fitness-70c8e3dc-208c-4709-b37a-8009792afd95/001-d37dc9d2-860a-43a3-95bc-10dfa2e75f3f-downloadableSrc-f48029a17eaf.webp
70c8e3dc-208c-4709-b37a-8009792afd95,Subscribing to Fitness+,f8b3622e-9edd-41af-b49e-41f6528b1da3,Apple Fitness,41d59266-03f6-4bed-91bf-f84557ccf8c1,1,2,cfa2d3fe-4fd1-4dc8-8ebd-6337ff1e97f7,true,downloadableSrc,200,image/webp,140896,140896,f2f6bca1a6fa9e7ad54280142546dada9bb73fc4279f51a6905fb5980ddcf3b2,1179,2676,,,bytescale.mobbin.com,f7a1807c1ac98ccf0eecf5078d61346ac9a94ca37a547f5708d580528c9e55c0,/Users/user/mobbin-sides/screen-flows/apple-fitness/017-apple-fitness-subscribing-to-fitness-70c8e3dc-208c-4709-b37a-8009792afd95/002-cfa2d3fe-4fd1-4dc8-8ebd-6337ff1e97f7-downloadableSrc-f2f6bca1a6fa.webp
70c8e3dc-208c-4709-b37a-8009792afd95,Subscribing to Fitness+,f8b3622e-9edd-41af-b49e-41f6528b1da3,Apple Fitness,41d59266-03f6-4bed-91bf-f84557ccf8c1,2,3,0af7713a-9a40-4b48-9c61-3b61303b9e10,true,downloadableSrc,200,image/webp,63998,63998,c912bdb2627fe7f68fed9c5ee4ca5420c947ac8cf5974a6640e90288e9f463e3,1179,2676,,,bytescale.mobbin.com,f7a1807c1ac98ccf0eecf5078d61346ac9a94ca37a547f5708d580528c9e55c0,/Users/user/mobbin-sides/screen-flows/apple-fitness/017-apple-fitness-subscribing-to-fitness-70c8e3dc-208c-4709-b37a-8009792afd95/003-0af7713a-9a40-4b48-9c61-3b61303b9e10-downloadableSrc-c912bdb2627f.webp
70c8e3dc-208c-4709-b37a-8009792afd95,Subscribing to Fitness+,f8b3622e-9edd-41af-b49e-41f6528b1da3,Apple Fitness,41d59266-03f6-4bed-91bf-f84557ccf8c1,3,4,a43cc23e-a3f9-452f-a5a5-fa1ba322a6ad,true,downloadableSrc,200,image/webp,124406,124406,f5d621b63fd4b9ae9acce07e3351788e14d013562fbf637a9ba555ab5f6869a3,1179,2676,,,bytescale.mobbin.com,f7a1807c1ac98ccf0eecf5078d61346ac9a94ca37a547f5708d580528c9e55c0,/Users/user/mobbin-sides/screen-flows/apple-fitness/017-apple-fitness-subscribing-to-fitness-70c8e3dc-208c-4709-b37a-8009792afd95/004-a43cc23e-a3f9-452f-a5a5-fa1ba322a6ad-downloadableSrc-f5d621b63fd4.webp
6c327d44-2fb4-4cb2-94d6-9f3c12630ca0,Explore,f8b3622e-9edd-41af-b49e-41f6528b1da3,Apple Fitness,41d59266-03f6-4bed-91bf-f84557ccf8c1,0,1,a43cc23e-a3f9-452f-a5a5-fa1ba322a6ad,true,downloadableSrc,200,image/webp,124406,124406,f5d621b63fd4b9ae9acce07e3351788e14d013562fbf637a9ba555ab5f6869a3,1179,2676,,,bytescale.mobbin.com,f7a1807c1ac98ccf0eecf5078d61346ac9a94ca37a547f5708d580528c9e55c0,/Users/user/mobbin-sides/screen-flows/apple-fitness/018-apple-fitness-explore-6c327d44-2fb4-4cb2-94d6-9f3c12630ca0/001-a43cc23e-a3f9-452f-a5a5-fa1ba322a6ad-downloadableSrc-f5d621b63fd4.webp
6c327d44-2fb4-4cb2-94d6-9f3c12630ca0,Explore,f8b3622e-9edd-41af-b49e-41f6528b1da3,Apple Fitness,41d59266-03f6-4bed-91bf-f84557ccf8c1,1,2,92e0f8b7-069a-460a-a2e7-6574d44a9b9e,true,downloadableSrc,200,image/webp,149666,149666,1ab0fdbfb270b7db697ecd747d2c619864221056aecceee8cfe230c64936a234,1179,2676,,,bytescale.mobbin.com,f7a1807c1ac98ccf0eecf5078d61346ac9a94ca37a547f5708d580528c9e55c0,/Users/user/mobbin-sides/screen-flows/apple-fitness/018-apple-fitness-explore-6c327d44-2fb4-4cb2-94d6-9f3c12630ca0/002-92e0f8b7-069a-460a-a2e7-6574d44a9b9e-downloadableSrc-1ab0fdbfb270.webp
6c327d44-2fb4-4cb2-94d6-9f3c12630ca0,Explore,f8b3622e-9edd-41af-b49e-41f6528b1da3,Apple Fitness,41d59266-03f6-4bed-91bf-f84557ccf8c1,2,3,86e38c7d-cd62-483f-9ea9-1d5b6b17cc70,true,downloadableSrc,200,image/webp,138880,138880,63cea85d7f06b0e2a6261895a36a477e9ad85f9475cbd3a0a60609ca594bbdd6,1179,2676,,,bytescale.mobbin.com,f7a1807c1ac98ccf0eecf5078d61346ac9a94ca37a547f5708d580528c9e55c0,/Users/user/mobbin-sides/screen-flows/apple-fitness/018-apple-fitness-explore-6c327d44-2fb4-4cb2-94d6-9f3c12630ca0/003-86e38c7d-cd62-483f-9ea9-1d5b6b17cc70-downloadableSrc-63cea85d7f06.webp
6c327d44-2fb4-4cb2-94d6-9f3c12630ca0,Explore,f8b3622e-9edd-41af-b49e-41f6528b1da3,Apple Fitness,41d59266-03f6-4bed-91bf-f84557ccf8c1,3,4,1c3820e2-d26c-41c5-8ca1-a26cb54c9910,true,downloadableSrc,200,image/webp,135276,135276,d6bbd324c124ade75dde9141d5c3afdf528eb106268d8b766c524fdabac6a14e,1179,2676,,,bytescale.mobbin.com,f7a1807c1ac98ccf0eecf5078d61346ac9a94ca37a547f5708d580528c9e55c0,/Users/user/mobbin-sides/screen-flows/apple-fitness/018-apple-fitness-explore-6c327d44-2fb4-4cb2-94d6-9f3c12630ca0/004-1c3820e2-d26c-41c5-8ca1-a26cb54c9910-downloadableSrc-d6bbd324c124.webp
6c327d44-2fb4-4cb2-94d6-9f3c12630ca0,Explore,f8b3622e-9edd-41af-b49e-41f6528b1da3,Apple Fitness,41d59266-03f6-4bed-91bf-f84557ccf8c1,4,5,61d81820-bafe-41b9-bd4a-1a5827c903c6,true,downloadableSrc,200,image/webp,146894,146894,0569e68b366735a5691a4e6c1e94be24c4aa34cd94b7f7c78ce7ef4ddd6f7489,1179,2676,,,bytescale.mobbin.com,f7a1807c1ac98ccf0eecf5078d61346ac9a94ca37a547f5708d580528c9e55c0,/Users/user/mobbin-sides/screen-flows/apple-fitness/018-apple-fitness-explore-6c327d44-2fb4-4cb2-94d6-9f3c12630ca0/005-61d81820-bafe-41b9-bd4a-1a5827c903c6-downloadableSrc-0569e68b3667.webp
6c327d44-2fb4-4cb2-94d6-9f3c12630ca0,Explore,f8b3622e-9edd-41af-b49e-41f6528b1da3,Apple Fitness,41d59266-03f6-4bed-91bf-f84557ccf8c1,5,6,d6bfb6c0-7b92-4289-95fe-b8dcb5ca6920,true,downloadableSrc,200,image/webp,129318,129318,c58776251f9ceb82aa6c99f7ecc51100f012201f6303776e734522f2853daea1,1179,2676,,,bytescale.mobbin.com,f7a1807c1ac98ccf0eecf5078d61346ac9a94ca37a547f5708d580528c9e55c0,/Users/user/mobbin-sides/screen-flows/apple-fitness/018-apple-fitness-explore-6c327d44-2fb4-4cb2-94d6-9f3c12630ca0/006-d6bfb6c0-7b92-4289-95fe-b8dcb5ca6920-downloadableSrc-c58776251f9c.webp
6c327d44-2fb4-4cb2-94d6-9f3c12630ca0,Explore,f8b3622e-9edd-41af-b49e-41f6528b1da3,Apple Fitness,41d59266-03f6-4bed-91bf-f84557ccf8c1,6,7,65f95c5a-153d-41a8-9335-8c3755106045,true,downloadableSrc,200,image/webp,156114,156114,48aa7134b95d884c53d8794b1c4d2f4eb6c5462499772900e2998dc7411d36f7,1179,2676,,,bytescale.mobbin.com,f7a1807c1ac98ccf0eecf5078d61346ac9a94ca37a547f5708d580528c9e55c0,/Users/user/mobbin-sides/screen-flows/apple-fitness/018-apple-fitness-explore-6c327d44-2fb4-4cb2-94d6-9f3c12630ca0/007-65f95c5a-153d-41a8-9335-8c3755106045-downloadableSrc-48aa7134b95d.webp
d31cb271-d64b-49b3-b9f1-a0c091118ff3,Workout detail,f8b3622e-9edd-41af-b49e-41f6528b1da3,Apple Fitness,41d59266-03f6-4bed-91bf-f84557ccf8c1,0,1,a43cc23e-a3f9-452f-a5a5-fa1ba322a6ad,true,downloadableSrc,200,image/webp,124406,124406,f5d621b63fd4b9ae9acce07e3351788e14d013562fbf637a9ba555ab5f6869a3,1179,2676,,,bytescale.mobbin.com,f7a1807c1ac98ccf0eecf5078d61346ac9a94ca37a547f5708d580528c9e55c0,/Users/user/mobbin-sides/screen-flows/apple-fitness/019-apple-fitness-workout-detail-d31cb271-d64b-49b3-b9f1-a0c091118ff3/001-a43cc23e-a3f9-452f-a5a5-fa1ba322a6ad-downloadableSrc-f5d621b63fd4.webp
d31cb271-d64b-49b3-b9f1-a0c091118ff3,Workout detail,f8b3622e-9edd-41af-b49e-41f6528b1da3,Apple Fitness,41d59266-03f6-4bed-91bf-f84557ccf8c1,1,2,c7dd5755-3553-498c-9f08-08e52594cda5,true,downloadableSrc,200,image/webp,163404,163404,ebc1a87d17cd6d4f2561240369121f839a953c1810a89340815fa0f984abdc6b,1179,2676,,,bytescale.mobbin.com,f7a1807c1ac98ccf0eecf5078d61346ac9a94ca37a547f5708d580528c9e55c0,/Users/user/mobbin-sides/screen-flows/apple-fitness/019-apple-fitness-workout-detail-d31cb271-d64b-49b3-b9f1-a0c091118ff3/002-c7dd5755-3553-498c-9f08-08e52594cda5-downloadableSrc-ebc1a87d17cd.webp
d31cb271-d64b-49b3-b9f1-a0c091118ff3,Workout detail,f8b3622e-9edd-41af-b49e-41f6528b1da3,Apple Fitness,41d59266-03f6-4bed-91bf-f84557ccf8c1,2,3,f001c65a-4897-49b9-96c2-69ad6d4c566e,true,downloadableSrc,200,image/webp,165188,165188,109f93dc553f3b4d7f71a182b21f968f1c39d9b26c4a42d5ca41606959972d74,1179,2676,,,bytescale.mobbin.com,f7a1807c1ac98ccf0eecf5078d61346ac9a94ca37a547f5708d580528c9e55c0,/Users/user/mobbin-sides/screen-flows/apple-fitness/019-apple-fitness-workout-detail-d31cb271-d64b-49b3-b9f1-a0c091118ff3/003-f001c65a-4897-49b9-96c2-69ad6d4c566e-downloadableSrc-109f93dc553f.webp
d31cb271-d64b-49b3-b9f1-a0c091118ff3,Workout detail,f8b3622e-9edd-41af-b49e-41f6528b1da3,Apple Fitness,41d59266-03f6-4bed-91bf-f84557ccf8c1,3,4,c6b8a397-bf04-48e4-b3f3-63cd327f950b,true,downloadableSrc,200,image/webp,139514,139514,aa87fbee4617f1f73eecbb7ba6bd4217f04156c2be1550ca8ac42a28fb3c7643,1179,2676,,,bytescale.mobbin.com,f7a1807c1ac98ccf0eecf5078d61346ac9a94ca37a547f5708d580528c9e55c0,/Users/user/mobbin-sides/screen-flows/apple-fitness/019-apple-fitness-workout-detail-d31cb271-d64b-49b3-b9f1-a0c091118ff3/004-c6b8a397-bf04-48e4-b3f3-63cd327f950b-downloadableSrc-aa87fbee4617.webp
d31cb271-d64b-49b3-b9f1-a0c091118ff3,Workout detail,f8b3622e-9edd-41af-b49e-41f6528b1da3,Apple Fitness,41d59266-03f6-4bed-91bf-f84557ccf8c1,4,5,79da8c0b-9291-46c9-8c21-104cf04b2ad1,true,downloadableSrc,200,image/webp,146588,146588,41089092adebe4dbb3d1a14936e315387bad70f017a50b9583a27bbf32c4d0ec,1179,2676,,,bytescale.mobbin.com,f7a1807c1ac98ccf0eecf5078d61346ac9a94ca37a547f5708d580528c9e55c0,/Users/user/mobbin-sides/screen-flows/apple-fitness/019-apple-fitness-workout-detail-d31cb271-d64b-49b3-b9f1-a0c091118ff3/005-79da8c0b-9291-46c9-8c21-104cf04b2ad1-downloadableSrc-41089092adeb.webp
b2033082-fd42-4f5f-a155-a6f1d04ff874,Starting a workout (Fitness+),f8b3622e-9edd-41af-b49e-41f6528b1da3,Apple Fitness,41d59266-03f6-4bed-91bf-f84557ccf8c1,0,1,f001c65a-4897-49b9-96c2-69ad6d4c566e,true,downloadableSrc,200,image/webp,165188,165188,109f93dc553f3b4d7f71a182b21f968f1c39d9b26c4a42d5ca41606959972d74,1179,2676,,,bytescale.mobbin.com,f7a1807c1ac98ccf0eecf5078d61346ac9a94ca37a547f5708d580528c9e55c0,/Users/user/mobbin-sides/screen-flows/apple-fitness/020-apple-fitness-starting-a-workout-fitness-b2033082-fd42-4f5f-a155-a6f1d04ff874/001-f001c65a-4897-49b9-96c2-69ad6d4c566e-downloadableSrc-109f93dc553f.webp
b2033082-fd42-4f5f-a155-a6f1d04ff874,Starting a workout (Fitness+),f8b3622e-9edd-41af-b49e-41f6528b1da3,Apple Fitness,41d59266-03f6-4bed-91bf-f84557ccf8c1,1,2,32d310ef-7677-491e-bb46-0cdb77861414,true,downloadableSrc,200,image/webp,69106,69106,06f445fa5b4d893be7c5d18eb51941ff58dd7aa0d3b1cffec7c6854a1bab4063,1179,2676,,,bytescale.mobbin.com,f7a1807c1ac98ccf0eecf5078d61346ac9a94ca37a547f5708d580528c9e55c0,/Users/user/mobbin-sides/screen-flows/apple-fitness/020-apple-fitness-starting-a-workout-fitness-b2033082-fd42-4f5f-a155-a6f1d04ff874/002-32d310ef-7677-491e-bb46-0cdb77861414-downloadableSrc-06f445fa5b4d.webp
b2033082-fd42-4f5f-a155-a6f1d04ff874,Starting a workout (Fitness+),f8b3622e-9edd-41af-b49e-41f6528b1da3,Apple Fitness,41d59266-03f6-4bed-91bf-f84557ccf8c1,2,3,336b222c-66f9-4e12-9faa-60c4de43f482,true,downloadableSrc,200,image/webp,86288,86288,a59bf1c76b3b817f74039f71add683b3fe8071e9cf5ecb76519c97dd875d5b2d,1179,2676,,,bytescale.mobbin.com,f7a1807c1ac98ccf0eecf5078d61346ac9a94ca37a547f5708d580528c9e55c0,/Users/user/mobbin-sides/screen-flows/apple-fitness/020-apple-fitness-starting-a-workout-fitness-b2033082-fd42-4f5f-a155-a6f1d04ff874/003-336b222c-66f9-4e12-9faa-60c4de43f482-downloadableSrc-a59bf1c76b3b.webp
b2033082-fd42-4f5f-a155-a6f1d04ff874,Starting a workout (Fitness+),f8b3622e-9edd-41af-b49e-41f6528b1da3,Apple Fitness,41d59266-03f6-4bed-91bf-f84557ccf8c1,3,4,56a49f54-59d4-493b-81bd-2e09b310831d,true,downloadableSrc,200,image/webp,31220,31220,148ccd33c700f64fcbf0ed2503342e95c1d4a323bb4878e27cf3b1620598da39,1179,2676,,,bytescale.mobbin.com,f7a1807c1ac98ccf0eecf5078d61346ac9a94ca37a547f5708d580528c9e55c0,/Users/user/mobbin-sides/screen-flows/apple-fitness/020-apple-fitness-starting-a-workout-fitness-b2033082-fd42-4f5f-a155-a6f1d04ff874/004-56a49f54-59d4-493b-81bd-2e09b310831d-downloadableSrc-148ccd33c700.webp
b2033082-fd42-4f5f-a155-a6f1d04ff874,Starting a workout (Fitness+),f8b3622e-9edd-41af-b49e-41f6528b1da3,Apple Fitness,41d59266-03f6-4bed-91bf-f84557ccf8c1,4,5,620e1c4b-46e7-4ba7-936d-a2bded2de22e,true,downloadableSrc,200,image/webp,26628,26628,8d896a7f0a5246e3a2091fcd005e47a2c3fb718efa3592775d7d587b030b3046,1179,2676,,,bytescale.mobbin.com,f7a1807c1ac98ccf0eecf5078d61346ac9a94ca37a547f5708d580528c9e55c0,/Users/user/mobbin-sides/screen-flows/apple-fitness/020-apple-fitness-starting-a-workout-fitness-b2033082-fd42-4f5f-a155-a6f1d04ff874/005-620e1c4b-46e7-4ba7-936d-a2bded2de22e-downloadableSrc-8d896a7f0a52.webp
b2033082-fd42-4f5f-a155-a6f1d04ff874,Starting a workout (Fitness+),f8b3622e-9edd-41af-b49e-41f6528b1da3,Apple Fitness,41d59266-03f6-4bed-91bf-f84557ccf8c1,5,6,0c625a3f-37c1-4ed5-9727-4eafb9100926,true,downloadableSrc,200,image/webp,48772,48772,89fca688b3ed4c6323851e8e84cb23e3ff297f620b199aa5e910ae4d6a3be879,1179,2676,,,bytescale.mobbin.com,f7a1807c1ac98ccf0eecf5078d61346ac9a94ca37a547f5708d580528c9e55c0,/Users/user/mobbin-sides/screen-flows/apple-fitness/020-apple-fitness-starting-a-workout-fitness-b2033082-fd42-4f5f-a155-a6f1d04ff874/006-0c625a3f-37c1-4ed5-9727-4eafb9100926-downloadableSrc-89fca688b3ed.webp
b2033082-fd42-4f5f-a155-a6f1d04ff874,Starting a workout (Fitness+),f8b3622e-9edd-41af-b49e-41f6528b1da3,Apple Fitness,41d59266-03f6-4bed-91bf-f84557ccf8c1,6,7,9d7eda62-74e6-4bd6-9efc-b0c05c1e5753,true,downloadableSrc,200,image/webp,24188,24188,8de10d95eda0b253f739cf42525c6f1b453aae889aa0ff1ed12241d1be1ca6b5,1179,2676,,,bytescale.mobbin.com,f7a1807c1ac98ccf0eecf5078d61346ac9a94ca37a547f5708d580528c9e55c0,/Users/user/mobbin-sides/screen-flows/apple-fitness/020-apple-fitness-starting-a-workout-fitness-b2033082-fd42-4f5f-a155-a6f1d04ff874/007-9d7eda62-74e6-4bd6-9efc-b0c05c1e5753-downloadableSrc-8de10d95eda0.webp
68ce7eba-d3ee-4197-b016-53e7a5e8759a,Changing audio setting,f8b3622e-9edd-41af-b49e-41f6528b1da3,Apple Fitness,41d59266-03f6-4bed-91bf-f84557ccf8c1,0,1,0c625a3f-37c1-4ed5-9727-4eafb9100926,true,downloadableSrc,200,image/webp,48772,48772,89fca688b3ed4c6323851e8e84cb23e3ff297f620b199aa5e910ae4d6a3be879,1179,2676,,,bytescale.mobbin.com,f7a1807c1ac98ccf0eecf5078d61346ac9a94ca37a547f5708d580528c9e55c0,/Users/user/mobbin-sides/screen-flows/apple-fitness/021-apple-fitness-changing-audio-setting-68ce7eba-d3ee-4197-b016-53e7a5e8759a/001-0c625a3f-37c1-4ed5-9727-4eafb9100926-downloadableSrc-89fca688b3ed.webp
68ce7eba-d3ee-4197-b016-53e7a5e8759a,Changing audio setting,f8b3622e-9edd-41af-b49e-41f6528b1da3,Apple Fitness,41d59266-03f6-4bed-91bf-f84557ccf8c1,1,2,b884230c-4667-4ab4-8117-65a619966d08,true,downloadableSrc,200,image/webp,42068,42068,ea72e11c5c2cfb18c7bf2e4a8d660c911b0f013d6d999867f57b506d89b6c5de,1179,2676,,,bytescale.mobbin.com,f7a1807c1ac98ccf0eecf5078d61346ac9a94ca37a547f5708d580528c9e55c0,/Users/user/mobbin-sides/screen-flows/apple-fitness/021-apple-fitness-changing-audio-setting-68ce7eba-d3ee-4197-b016-53e7a5e8759a/002-b884230c-4667-4ab4-8117-65a619966d08-downloadableSrc-ea72e11c5c2c.webp
68ce7eba-d3ee-4197-b016-53e7a5e8759a,Changing audio setting,f8b3622e-9edd-41af-b49e-41f6528b1da3,Apple Fitness,41d59266-03f6-4bed-91bf-f84557ccf8c1,2,3,32cbe05d-3d54-4b4f-a882-c8fcfe1f07d9,true,downloadableSrc,200,image/webp,41504,41504,d42fdfb41fd3e6aa714e828230df4cd8f4bc58e69cdf1ab020d21a2f9933b350,1179,2676,,,bytescale.mobbin.com,f7a1807c1ac98ccf0eecf5078d61346ac9a94ca37a547f5708d580528c9e55c0,/Users/user/mobbin-sides/screen-flows/apple-fitness/021-apple-fitness-changing-audio-setting-68ce7eba-d3ee-4197-b016-53e7a5e8759a/003-32cbe05d-3d54-4b4f-a882-c8fcfe1f07d9-downloadableSrc-d42fdfb41fd3.webp
68ce7eba-d3ee-4197-b016-53e7a5e8759a,Changing audio setting,f8b3622e-9edd-41af-b49e-41f6528b1da3,Apple Fitness,41d59266-03f6-4bed-91bf-f84557ccf8c1,3,4,fc708116-f6f4-426e-9970-d3e98b4ad28a,true,downloadableSrc,200,image/webp,44380,44380,78a3abf0d338bca9386cf1964da6ca1ab131c5a7700d64e98cce8219ced010ff,1179,2676,,,bytescale.mobbin.com,f7a1807c1ac98ccf0eecf5078d61346ac9a94ca37a547f5708d580528c9e55c0,/Users/user/mobbin-sides/screen-flows/apple-fitness/021-apple-fitness-changing-audio-setting-68ce7eba-d3ee-4197-b016-53e7a5e8759a/004-fc708116-f6f4-426e-9970-d3e98b4ad28a-downloadableSrc-78a3abf0d338.webp
d4ee9a75-987b-4d8a-bfc7-bcac0781f474,Adding a workout to library,f8b3622e-9edd-41af-b49e-41f6528b1da3,Apple Fitness,41d59266-03f6-4bed-91bf-f84557ccf8c1,0,1,f001c65a-4897-49b9-96c2-69ad6d4c566e,true,downloadableSrc,200,image/webp,165188,165188,109f93dc553f3b4d7f71a182b21f968f1c39d9b26c4a42d5ca41606959972d74,1179,2676,,,bytescale.mobbin.com,f7a1807c1ac98ccf0eecf5078d61346ac9a94ca37a547f5708d580528c9e55c0,/Users/user/mobbin-sides/screen-flows/apple-fitness/022-apple-fitness-adding-a-workout-to-library-d4ee9a75-987b-4d8a-bfc7-bcac0781f474/001-f001c65a-4897-49b9-96c2-69ad6d4c566e-downloadableSrc-109f93dc553f.webp
d4ee9a75-987b-4d8a-bfc7-bcac0781f474,Adding a workout to library,f8b3622e-9edd-41af-b49e-41f6528b1da3,Apple Fitness,41d59266-03f6-4bed-91bf-f84557ccf8c1,1,2,30f1365c-79de-40db-a5c0-6311cebf2915,true,downloadableSrc,200,image/webp,165260,165260,3729d4630d869a1745d50a5f37af637efd51007e1c53ff5707ea33818fe4927d,1179,2676,,,bytescale.mobbin.com,f7a1807c1ac98ccf0eecf5078d61346ac9a94ca37a547f5708d580528c9e55c0,/Users/user/mobbin-sides/screen-flows/apple-fitness/022-apple-fitness-adding-a-workout-to-library-d4ee9a75-987b-4d8a-bfc7-bcac0781f474/002-30f1365c-79de-40db-a5c0-6311cebf2915-downloadableSrc-3729d4630d86.webp
d29c857a-4bb2-4a10-849d-d1030e5c033c,Downloading a workout,f8b3622e-9edd-41af-b49e-41f6528b1da3,Apple Fitness,41d59266-03f6-4bed-91bf-f84557ccf8c1,0,1,30f1365c-79de-40db-a5c0-6311cebf2915,true,downloadableSrc,200,image/webp,165260,165260,3729d4630d869a1745d50a5f37af637efd51007e1c53ff5707ea33818fe4927d,1179,2676,,,bytescale.mobbin.com,f7a1807c1ac98ccf0eecf5078d61346ac9a94ca37a547f5708d580528c9e55c0,/Users/user/mobbin-sides/screen-flows/apple-fitness/023-apple-fitness-downloading-a-workout-d29c857a-4bb2-4a10-849d-d1030e5c033c/001-30f1365c-79de-40db-a5c0-6311cebf2915-downloadableSrc-3729d4630d86.webp
d29c857a-4bb2-4a10-849d-d1030e5c033c,Downloading a workout,f8b3622e-9edd-41af-b49e-41f6528b1da3,Apple Fitness,41d59266-03f6-4bed-91bf-f84557ccf8c1,1,2,e1c90030-8d65-461d-b912-d758c09b9ab3,true,downloadableSrc,200,image/webp,166048,166048,e5cfa2d6ad53f53ba5529cd5fe9d76ec65ed6fbdbc64f6484e75f4ebad1231b1,1179,2676,,,bytescale.mobbin.com,f7a1807c1ac98ccf0eecf5078d61346ac9a94ca37a547f5708d580528c9e55c0,/Users/user/mobbin-sides/screen-flows/apple-fitness/023-apple-fitness-downloading-a-workout-d29c857a-4bb2-4a10-849d-d1030e5c033c/002-e1c90030-8d65-461d-b912-d758c09b9ab3-downloadableSrc-e5cfa2d6ad53.webp
d29c857a-4bb2-4a10-849d-d1030e5c033c,Downloading a workout,f8b3622e-9edd-41af-b49e-41f6528b1da3,Apple Fitness,41d59266-03f6-4bed-91bf-f84557ccf8c1,2,3,815bba41-c8a6-41ac-9420-d8e81938929c,true,downloadableSrc,200,image/webp,165220,165220,072fc4c0a1f9d58f0c3ce444583d7bc7ef184eef12cb0e7808e31e13c5e031b1,1179,2676,,,bytescale.mobbin.com,f7a1807c1ac98ccf0eecf5078d61346ac9a94ca37a547f5708d580528c9e55c0,/Users/user/mobbin-sides/screen-flows/apple-fitness/023-apple-fitness-downloading-a-workout-d29c857a-4bb2-4a10-849d-d1030e5c033c/003-815bba41-c8a6-41ac-9420-d8e81938929c-downloadableSrc-072fc4c0a1f9.webp
70c6aca6-8ac0-4cad-bc79-138b7e8b6735,Removing from downloads,f8b3622e-9edd-41af-b49e-41f6528b1da3,Apple Fitness,41d59266-03f6-4bed-91bf-f84557ccf8c1,0,1,815bba41-c8a6-41ac-9420-d8e81938929c,true,downloadableSrc,200,image/webp,165220,165220,072fc4c0a1f9d58f0c3ce444583d7bc7ef184eef12cb0e7808e31e13c5e031b1,1179,2676,,,bytescale.mobbin.com,f7a1807c1ac98ccf0eecf5078d61346ac9a94ca37a547f5708d580528c9e55c0,/Users/user/mobbin-sides/screen-flows/apple-fitness/024-apple-fitness-removing-from-downloads-70c6aca6-8ac0-4cad-bc79-138b7e8b6735/001-815bba41-c8a6-41ac-9420-d8e81938929c-downloadableSrc-072fc4c0a1f9.webp
70c6aca6-8ac0-4cad-bc79-138b7e8b6735,Removing from downloads,f8b3622e-9edd-41af-b49e-41f6528b1da3,Apple Fitness,41d59266-03f6-4bed-91bf-f84557ccf8c1,1,2,4166f2cf-cf0d-4eb5-9bcf-47f40a1efa1c,true,downloadableSrc,200,image/webp,146768,146768,5a4381066d9cc5e5fc0cf1409fe983ed18756fe06a656b0521f04770f1d7b04e,1179,2676,,,bytescale.mobbin.com,f7a1807c1ac98ccf0eecf5078d61346ac9a94ca37a547f5708d580528c9e55c0,/Users/user/mobbin-sides/screen-flows/apple-fitness/024-apple-fitness-removing-from-downloads-70c6aca6-8ac0-4cad-bc79-138b7e8b6735/002-4166f2cf-cf0d-4eb5-9bcf-47f40a1efa1c-downloadableSrc-5a4381066d9c.webp
70c6aca6-8ac0-4cad-bc79-138b7e8b6735,Removing from downloads,f8b3622e-9edd-41af-b49e-41f6528b1da3,Apple Fitness,41d59266-03f6-4bed-91bf-f84557ccf8c1,2,3,405311b0-dea6-4520-84a9-463816329259,true,downloadableSrc,200,image/webp,148950,148950,f4721700cd9943d1967f8bbe89f3cb2804c2becbf38c5b1f8370999a4c1ea555,1179,2676,,,bytescale.mobbin.com,f7a1807c1ac98ccf0eecf5078d61346ac9a94ca37a547f5708d580528c9e55c0,/Users/user/mobbin-sides/screen-flows/apple-fitness/024-apple-fitness-removing-from-downloads-70c6aca6-8ac0-4cad-bc79-138b7e8b6735/003-405311b0-dea6-4520-84a9-463816329259-downloadableSrc-f4721700cd99.webp
70c6aca6-8ac0-4cad-bc79-138b7e8b6735,Removing from downloads,f8b3622e-9edd-41af-b49e-41f6528b1da3,Apple Fitness,41d59266-03f6-4bed-91bf-f84557ccf8c1,3,4,61464bbc-9ad7-4a52-b72e-df3513b64c52,true,downloadableSrc,200,image/webp,165260,165260,3729d4630d869a1745d50a5f37af637efd51007e1c53ff5707ea33818fe4927d,1179,2676,,,bytescale.mobbin.com,f7a1807c1ac98ccf0eecf5078d61346ac9a94ca37a547f5708d580528c9e55c0,/Users/user/mobbin-sides/screen-flows/apple-fitness/024-apple-fitness-removing-from-downloads-70c6aca6-8ac0-4cad-bc79-138b7e8b6735/004-61464bbc-9ad7-4a52-b72e-df3513b64c52-downloadableSrc-3729d4630d86.webp
d7847a4a-faed-4ee5-9cf8-eb73fe53b6ed,Adding a workout to stack,f8b3622e-9edd-41af-b49e-41f6528b1da3,Apple Fitness,41d59266-03f6-4bed-91bf-f84557ccf8c1,0,1,4166f2cf-cf0d-4eb5-9bcf-47f40a1efa1c,true,downloadableSrc,200,image/webp,146768,146768,5a4381066d9cc5e5fc0cf1409fe983ed18756fe06a656b0521f04770f1d7b04e,1179,2676,,,bytescale.mobbin.com,f7a1807c1ac98ccf0eecf5078d61346ac9a94ca37a547f5708d580528c9e55c0,/Users/user/mobbin-sides/screen-flows/apple-fitness/025-apple-fitness-adding-a-workout-to-stack-d7847a4a-faed-4ee5-9cf8-eb73fe53b6ed/001-4166f2cf-cf0d-4eb5-9bcf-47f40a1efa1c-downloadableSrc-5a4381066d9c.webp
d7847a4a-faed-4ee5-9cf8-eb73fe53b6ed,Adding a workout to stack,f8b3622e-9edd-41af-b49e-41f6528b1da3,Apple Fitness,41d59266-03f6-4bed-91bf-f84557ccf8c1,1,2,4f110512-6a10-464e-b83c-923bce83fc48,true,downloadableSrc,200,image/webp,145962,145962,0904c9f19af50c5ea0269b331a974d0c8a9781a2e6a96b103c4bb9ffa043c7fe,1179,2676,,,bytescale.mobbin.com,f7a1807c1ac98ccf0eecf5078d61346ac9a94ca37a547f5708d580528c9e55c0,/Users/user/mobbin-sides/screen-flows/apple-fitness/025-apple-fitness-adding-a-workout-to-stack-d7847a4a-faed-4ee5-9cf8-eb73fe53b6ed/002-4f110512-6a10-464e-b83c-923bce83fc48-downloadableSrc-0904c9f19af5.webp
d7847a4a-faed-4ee5-9cf8-eb73fe53b6ed,Adding a workout to stack,f8b3622e-9edd-41af-b49e-41f6528b1da3,Apple Fitness,41d59266-03f6-4bed-91bf-f84557ccf8c1,2,3,adc57270-fdd1-42e2-abb3-a52101d5fa57,true,downloadableSrc,200,image/webp,61422,61422,ad916cf2f8221fddc4ea568a48470f31475a9cdee9ef6465028d5f2ad777ce1c,1179,2676,,,bytescale.mobbin.com,f7a1807c1ac98ccf0eecf5078d61346ac9a94ca37a547f5708d580528c9e55c0,/Users/user/mobbin-sides/screen-flows/apple-fitness/025-apple-fitness-adding-a-workout-to-stack-d7847a4a-faed-4ee5-9cf8-eb73fe53b6ed/003-adc57270-fdd1-42e2-abb3-a52101d5fa57-downloadableSrc-ad916cf2f822.webp
64de7a78-f642-47f8-8b2d-a2efbfd34073,Workout category detail,f8b3622e-9edd-41af-b49e-41f6528b1da3,Apple Fitness,41d59266-03f6-4bed-91bf-f84557ccf8c1,0,1,92e0f8b7-069a-460a-a2e7-6574d44a9b9e,true,downloadableSrc,200,image/webp,149666,149666,1ab0fdbfb270b7db697ecd747d2c619864221056aecceee8cfe230c64936a234,1179,2676,,,bytescale.mobbin.com,f7a1807c1ac98ccf0eecf5078d61346ac9a94ca37a547f5708d580528c9e55c0,/Users/user/mobbin-sides/screen-flows/apple-fitness/026-apple-fitness-workout-category-detail-64de7a78-f642-47f8-8b2d-a2efbfd34073/001-92e0f8b7-069a-460a-a2e7-6574d44a9b9e-downloadableSrc-1ab0fdbfb270.webp
64de7a78-f642-47f8-8b2d-a2efbfd34073,Workout category detail,f8b3622e-9edd-41af-b49e-41f6528b1da3,Apple Fitness,41d59266-03f6-4bed-91bf-f84557ccf8c1,1,2,111d4496-bdc8-4abb-ad5d-6d6527e4d38f,true,downloadableSrc,200,image/webp,158674,158674,b2b735bc22b87f3d1b8d76a52f9371c07eb1ba5cb329e3a5050f82602097a238,1179,2676,,,bytescale.mobbin.com,f7a1807c1ac98ccf0eecf5078d61346ac9a94ca37a547f5708d580528c9e55c0,/Users/user/mobbin-sides/screen-flows/apple-fitness/026-apple-fitness-workout-category-detail-64de7a78-f642-47f8-8b2d-a2efbfd34073/002-111d4496-bdc8-4abb-ad5d-6d6527e4d38f-downloadableSrc-b2b735bc22b8.webp
2f09ef1e-7171-4f30-aa96-903790073aed,Filtering workouts,f8b3622e-9edd-41af-b49e-41f6528b1da3,Apple Fitness,41d59266-03f6-4bed-91bf-f84557ccf8c1,0,1,111d4496-bdc8-4abb-ad5d-6d6527e4d38f,true,downloadableSrc,200,image/webp,158674,158674,b2b735bc22b87f3d1b8d76a52f9371c07eb1ba5cb329e3a5050f82602097a238,1179,2676,,,bytescale.mobbin.com,f7a1807c1ac98ccf0eecf5078d61346ac9a94ca37a547f5708d580528c9e55c0,/Users/user/mobbin-sides/screen-flows/apple-fitness/027-apple-fitness-filtering-workouts-2f09ef1e-7171-4f30-aa96-903790073aed/001-111d4496-bdc8-4abb-ad5d-6d6527e4d38f-downloadableSrc-b2b735bc22b8.webp
2f09ef1e-7171-4f30-aa96-903790073aed,Filtering workouts,f8b3622e-9edd-41af-b49e-41f6528b1da3,Apple Fitness,41d59266-03f6-4bed-91bf-f84557ccf8c1,1,2,c5b68fb7-1665-42ba-bf1b-b04166b396fd,true,downloadableSrc,200,image/webp,85648,85648,b71d2500b54c75858e83dd2182de2304129311f7778da16ce59c869e5241c933,1179,2676,,,bytescale.mobbin.com,f7a1807c1ac98ccf0eecf5078d61346ac9a94ca37a547f5708d580528c9e55c0,/Users/user/mobbin-sides/screen-flows/apple-fitness/027-apple-fitness-filtering-workouts-2f09ef1e-7171-4f30-aa96-903790073aed/002-c5b68fb7-1665-42ba-bf1b-b04166b396fd-downloadableSrc-b71d2500b54c.webp
2f09ef1e-7171-4f30-aa96-903790073aed,Filtering workouts,f8b3622e-9edd-41af-b49e-41f6528b1da3,Apple Fitness,41d59266-03f6-4bed-91bf-f84557ccf8c1,2,3,be8433bf-f4f3-4c85-95c4-5a47759b6b9b,true,downloadableSrc,200,image/webp,82774,82774,cb4f9157f8d27e669a0ba503939815db5ad9018f5821ebf1798e0577e90caf90,1179,2676,,,bytescale.mobbin.com,f7a1807c1ac98ccf0eecf5078d61346ac9a94ca37a547f5708d580528c9e55c0,/Users/user/mobbin-sides/screen-flows/apple-fitness/027-apple-fitness-filtering-workouts-2f09ef1e-7171-4f30-aa96-903790073aed/003-be8433bf-f4f3-4c85-95c4-5a47759b6b9b-downloadableSrc-cb4f9157f8d2.webp
2f09ef1e-7171-4f30-aa96-903790073aed,Filtering workouts,f8b3622e-9edd-41af-b49e-41f6528b1da3,Apple Fitness,41d59266-03f6-4bed-91bf-f84557ccf8c1,3,4,dbfaa248-f373-4c05-9904-7fc9aecee994,true,downloadableSrc,200,image/webp,56878,56878,ba54336a6c77f7688b0d1332d17ab4b09f5d705c4908f03f8449eb26487e8099,1179,2676,,,bytescale.mobbin.com,f7a1807c1ac98ccf0eecf5078d61346ac9a94ca37a547f5708d580528c9e55c0,/Users/user/mobbin-sides/screen-flows/apple-fitness/027-apple-fitness-filtering-workouts-2f09ef1e-7171-4f30-aa96-903790073aed/004-dbfaa248-f373-4c05-9904-7fc9aecee994-downloadableSrc-ba54336a6c77.webp
2f09ef1e-7171-4f30-aa96-903790073aed,Filtering workouts,f8b3622e-9edd-41af-b49e-41f6528b1da3,Apple Fitness,41d59266-03f6-4bed-91bf-f84557ccf8c1,4,5,79486689-a9a8-4c0c-a7d8-5f3cdcc26ec4,true,downloadableSrc,200,image/webp,147432,147432,2eaca8a12947c0e65d8123cd8ea0a3e8813649a59513a30e9e82166ed3fd8259,1179,2676,,,bytescale.mobbin.com,f7a1807c1ac98ccf0eecf5078d61346ac9a94ca37a547f5708d580528c9e55c0,/Users/user/mobbin-sides/screen-flows/apple-fitness/027-apple-fitness-filtering-workouts-2f09ef1e-7171-4f30-aa96-903790073aed/005-79486689-a9a8-4c0c-a7d8-5f3cdcc26ec4-downloadableSrc-2eaca8a12947.webp
96ffcdcc-b08c-4215-98a1-8964c4c35aad,Sorting workouts,f8b3622e-9edd-41af-b49e-41f6528b1da3,Apple Fitness,41d59266-03f6-4bed-91bf-f84557ccf8c1,0,1,111d4496-bdc8-4abb-ad5d-6d6527e4d38f,true,downloadableSrc,200,image/webp,158674,158674,b2b735bc22b87f3d1b8d76a52f9371c07eb1ba5cb329e3a5050f82602097a238,1179,2676,,,bytescale.mobbin.com,f7a1807c1ac98ccf0eecf5078d61346ac9a94ca37a547f5708d580528c9e55c0,/Users/user/mobbin-sides/screen-flows/apple-fitness/028-apple-fitness-sorting-workouts-96ffcdcc-b08c-4215-98a1-8964c4c35aad/001-111d4496-bdc8-4abb-ad5d-6d6527e4d38f-downloadableSrc-b2b735bc22b8.webp
96ffcdcc-b08c-4215-98a1-8964c4c35aad,Sorting workouts,f8b3622e-9edd-41af-b49e-41f6528b1da3,Apple Fitness,41d59266-03f6-4bed-91bf-f84557ccf8c1,1,2,c07e376a-e939-4155-8965-a60972240dbe,true,downloadableSrc,200,image/webp,150360,150360,559b90d43d9499ac56725cc8ac6806a96a32388663d1899b7475622b873531ef,1179,2676,,,bytescale.mobbin.com,f7a1807c1ac98ccf0eecf5078d61346ac9a94ca37a547f5708d580528c9e55c0,/Users/user/mobbin-sides/screen-flows/apple-fitness/028-apple-fitness-sorting-workouts-96ffcdcc-b08c-4215-98a1-8964c4c35aad/002-c07e376a-e939-4155-8965-a60972240dbe-downloadableSrc-559b90d43d94.webp
96ffcdcc-b08c-4215-98a1-8964c4c35aad,Sorting workouts,f8b3622e-9edd-41af-b49e-41f6528b1da3,Apple Fitness,41d59266-03f6-4bed-91bf-f84557ccf8c1,2,3,4a10d61a-c88d-4628-a62a-4cf4f519c73b,true,downloadableSrc,200,image/webp,167406,167406,1b6f22b7965b1dd453dfa762719e2e74c38bb86170d551c8ff67888a39079dcd,1179,2676,,,bytescale.mobbin.com,f7a1807c1ac98ccf0eecf5078d61346ac9a94ca37a547f5708d580528c9e55c0,/Users/user/mobbin-sides/screen-flows/apple-fitness/028-apple-fitness-sorting-workouts-96ffcdcc-b08c-4215-98a1-8964c4c35aad/003-4a10d61a-c88d-4628-a62a-4cf4f519c73b-downloadableSrc-1b6f22b7965b.webp
c3010ee5-657f-4f65-bfc5-9867174b30a3,Program detail,f8b3622e-9edd-41af-b49e-41f6528b1da3,Apple Fitness,41d59266-03f6-4bed-91bf-f84557ccf8c1,0,1,61d81820-bafe-41b9-bd4a-1a5827c903c6,true,downloadableSrc,200,image/webp,146894,146894,0569e68b366735a5691a4e6c1e94be24c4aa34cd94b7f7c78ce7ef4ddd6f7489,1179,2676,,,bytescale.mobbin.com,f7a1807c1ac98ccf0eecf5078d61346ac9a94ca37a547f5708d580528c9e55c0,/Users/user/mobbin-sides/screen-flows/apple-fitness/029-apple-fitness-program-detail-c3010ee5-657f-4f65-bfc5-9867174b30a3/001-61d81820-bafe-41b9-bd4a-1a5827c903c6-downloadableSrc-0569e68b3667.webp
c3010ee5-657f-4f65-bfc5-9867174b30a3,Program detail,f8b3622e-9edd-41af-b49e-41f6528b1da3,Apple Fitness,41d59266-03f6-4bed-91bf-f84557ccf8c1,1,2,204ada61-4a05-4802-8692-4041ea2ed669,true,downloadableSrc,200,image/webp,144002,144002,b115fa58eea5aac14a37bc998d82cdd485b6dd13c25f8d1c0a0e26ad25e89b62,1179,2676,,,bytescale.mobbin.com,f7a1807c1ac98ccf0eecf5078d61346ac9a94ca37a547f5708d580528c9e55c0,/Users/user/mobbin-sides/screen-flows/apple-fitness/029-apple-fitness-program-detail-c3010ee5-657f-4f65-bfc5-9867174b30a3/002-204ada61-4a05-4802-8692-4041ea2ed669-downloadableSrc-b115fa58eea5.webp
c3010ee5-657f-4f65-bfc5-9867174b30a3,Program detail,f8b3622e-9edd-41af-b49e-41f6528b1da3,Apple Fitness,41d59266-03f6-4bed-91bf-f84557ccf8c1,2,3,6e4afcbb-5743-4c78-af55-4dfd1b39f2c6,true,downloadableSrc,200,image/webp,134158,134158,d928729b67fd6c0341530ffb934a7118f63d35b8b44df178c7d76a23a435a872,1179,2676,,,bytescale.mobbin.com,f7a1807c1ac98ccf0eecf5078d61346ac9a94ca37a547f5708d580528c9e55c0,/Users/user/mobbin-sides/screen-flows/apple-fitness/029-apple-fitness-program-detail-c3010ee5-657f-4f65-bfc5-9867174b30a3/003-6e4afcbb-5743-4c78-af55-4dfd1b39f2c6-downloadableSrc-d928729b67fd.webp
c3010ee5-657f-4f65-bfc5-9867174b30a3,Program detail,f8b3622e-9edd-41af-b49e-41f6528b1da3,Apple Fitness,41d59266-03f6-4bed-91bf-f84557ccf8c1,3,4,43492609-8b8e-460b-b0c4-e655825054e3,true,downloadableSrc,200,image/webp,179814,179814,dd7214bdf32dcd3cd825d719283840c9ab9e53713242bc72281de2186ae61941,1179,2676,,,bytescale.mobbin.com,f7a1807c1ac98ccf0eecf5078d61346ac9a94ca37a547f5708d580528c9e55c0,/Users/user/mobbin-sides/screen-flows/apple-fitness/029-apple-fitness-program-detail-c3010ee5-657f-4f65-bfc5-9867174b30a3/004-43492609-8b8e-460b-b0c4-e655825054e3-downloadableSrc-dd7214bdf32d.webp
9fb09da2-1380-45bd-ad52-fb99d586bf10,For You,f8b3622e-9edd-41af-b49e-41f6528b1da3,Apple Fitness,41d59266-03f6-4bed-91bf-f84557ccf8c1,0,1,397e4e9d-aab0-476f-8c4b-764f78a3cb4f,true,downloadableSrc,200,image/webp,134562,134562,6216b81d1ad3dda6e49136bca8f23d554482e6b5ccca2e343e70b84dc926d8c4,1180,2676,,,bytescale.mobbin.com,f7a1807c1ac98ccf0eecf5078d61346ac9a94ca37a547f5708d580528c9e55c0,/Users/user/mobbin-sides/screen-flows/apple-fitness/030-apple-fitness-for-you-9fb09da2-1380-45bd-ad52-fb99d586bf10/001-397e4e9d-aab0-476f-8c4b-764f78a3cb4f-downloadableSrc-6216b81d1ad3.webp
9fb09da2-1380-45bd-ad52-fb99d586bf10,For You,f8b3622e-9edd-41af-b49e-41f6528b1da3,Apple Fitness,41d59266-03f6-4bed-91bf-f84557ccf8c1,1,2,2d0b9fc6-bb38-4798-8c69-04cc48ec8221,true,downloadableSrc,200,image/webp,142604,142604,4ec3e95f7d8bd69329ed3ffe73c0a0faa43bc727875f1d476964760df06b2454,1179,2676,,,bytescale.mobbin.com,f7a1807c1ac98ccf0eecf5078d61346ac9a94ca37a547f5708d580528c9e55c0,/Users/user/mobbin-sides/screen-flows/apple-fitness/030-apple-fitness-for-you-9fb09da2-1380-45bd-ad52-fb99d586bf10/002-2d0b9fc6-bb38-4798-8c69-04cc48ec8221-downloadableSrc-4ec3e95f7d8b.webp
9fb09da2-1380-45bd-ad52-fb99d586bf10,For You,f8b3622e-9edd-41af-b49e-41f6528b1da3,Apple Fitness,41d59266-03f6-4bed-91bf-f84557ccf8c1,2,3,eaea5c61-75fc-43ea-9fce-d39536d9f91e,true,downloadableSrc,200,image/webp,107266,107266,b6898875e74c9399bd22f5cac5f16169770c8549bee5b45ffffa22a3665d3f69,1179,2676,,,bytescale.mobbin.com,f7a1807c1ac98ccf0eecf5078d61346ac9a94ca37a547f5708d580528c9e55c0,/Users/user/mobbin-sides/screen-flows/apple-fitness/030-apple-fitness-for-you-9fb09da2-1380-45bd-ad52-fb99d586bf10/003-eaea5c61-75fc-43ea-9fce-d39536d9f91e-downloadableSrc-b6898875e74c.webp
9fb09da2-1380-45bd-ad52-fb99d586bf10,For You,f8b3622e-9edd-41af-b49e-41f6528b1da3,Apple Fitness,41d59266-03f6-4bed-91bf-f84557ccf8c1,3,4,fcd6e073-c5ca-45cc-8675-76df62ea711e,true,downloadableSrc,200,image/webp,110514,110514,9d1d1f858a828ebc00f78dfb1db74b5650e19f3b927e4c79f2ad6a03ce93f2dc,1179,2676,,,bytescale.mobbin.com,f7a1807c1ac98ccf0eecf5078d61346ac9a94ca37a547f5708d580528c9e55c0,/Users/user/mobbin-sides/screen-flows/apple-fitness/030-apple-fitness-for-you-9fb09da2-1380-45bd-ad52-fb99d586bf10/004-fcd6e073-c5ca-45cc-8675-76df62ea711e-downloadableSrc-9d1d1f858a82.webp
152bf6da-552b-4f3b-9876-78665044e2cc,Creating a plan,f8b3622e-9edd-41af-b49e-41f6528b1da3,Apple Fitness,41d59266-03f6-4bed-91bf-f84557ccf8c1,0,1,2d0b9fc6-bb38-4798-8c69-04cc48ec8221,true,downloadableSrc,200,image/webp,142604,142604,4ec3e95f7d8bd69329ed3ffe73c0a0faa43bc727875f1d476964760df06b2454,1179,2676,,,bytescale.mobbin.com,f7a1807c1ac98ccf0eecf5078d61346ac9a94ca37a547f5708d580528c9e55c0,/Users/user/mobbin-sides/screen-flows/apple-fitness/031-apple-fitness-creating-a-plan-152bf6da-552b-4f3b-9876-78665044e2cc/001-2d0b9fc6-bb38-4798-8c69-04cc48ec8221-downloadableSrc-4ec3e95f7d8b.webp
152bf6da-552b-4f3b-9876-78665044e2cc,Creating a plan,f8b3622e-9edd-41af-b49e-41f6528b1da3,Apple Fitness,41d59266-03f6-4bed-91bf-f84557ccf8c1,1,2,fc377805-7b0a-4357-bf4d-8d22caf32074,true,downloadableSrc,200,image/webp,88190,88190,e1b05e0a5599be887ec7f5ada5c189e940186a9b25de19af6f1e75ff284b9104,1179,2676,,,bytescale.mobbin.com,f7a1807c1ac98ccf0eecf5078d61346ac9a94ca37a547f5708d580528c9e55c0,/Users/user/mobbin-sides/screen-flows/apple-fitness/031-apple-fitness-creating-a-plan-152bf6da-552b-4f3b-9876-78665044e2cc/002-fc377805-7b0a-4357-bf4d-8d22caf32074-downloadableSrc-e1b05e0a5599.webp
152bf6da-552b-4f3b-9876-78665044e2cc,Creating a plan,f8b3622e-9edd-41af-b49e-41f6528b1da3,Apple Fitness,41d59266-03f6-4bed-91bf-f84557ccf8c1,2,3,fab98baa-77bd-4893-9f44-001a037ed372,true,downloadableSrc,200,image/webp,96872,96872,9bc52eb0f53ab3abf6f4b8b9e1b6bd03f2b25bf6f954ef4628971af6a49676b2,1179,2676,,,bytescale.mobbin.com,f7a1807c1ac98ccf0eecf5078d61346ac9a94ca37a547f5708d580528c9e55c0,/Users/user/mobbin-sides/screen-flows/apple-fitness/031-apple-fitness-creating-a-plan-152bf6da-552b-4f3b-9876-78665044e2cc/003-fab98baa-77bd-4893-9f44-001a037ed372-downloadableSrc-9bc52eb0f53a.webp
152bf6da-552b-4f3b-9876-78665044e2cc,Creating a plan,f8b3622e-9edd-41af-b49e-41f6528b1da3,Apple Fitness,41d59266-03f6-4bed-91bf-f84557ccf8c1,3,4,5b017b80-b148-4720-b8c4-c3b8415926ed,true,downloadableSrc,200,image/webp,78380,78380,cee23fcd8c9bd735f87558cbefedbe481eeb007310f80a3777979fcbe794151b,1179,2676,,,bytescale.mobbin.com,f7a1807c1ac98ccf0eecf5078d61346ac9a94ca37a547f5708d580528c9e55c0,/Users/user/mobbin-sides/screen-flows/apple-fitness/031-apple-fitness-creating-a-plan-152bf6da-552b-4f3b-9876-78665044e2cc/004-5b017b80-b148-4720-b8c4-c3b8415926ed-downloadableSrc-cee23fcd8c9b.webp
152bf6da-552b-4f3b-9876-78665044e2cc,Creating a plan,f8b3622e-9edd-41af-b49e-41f6528b1da3,Apple Fitness,41d59266-03f6-4bed-91bf-f84557ccf8c1,4,5,35c82e3b-a43e-47c5-ae01-573f85d5a8ba,true,downloadableSrc,200,image/webp,150570,150570,8ab4bd67b84f6dfb71561ef517dcab98ed0f93fc794a56b80ce126ffb7cedf68,1179,2676,,,bytescale.mobbin.com,f7a1807c1ac98ccf0eecf5078d61346ac9a94ca37a547f5708d580528c9e55c0,/Users/user/mobbin-sides/screen-flows/apple-fitness/031-apple-fitness-creating-a-plan-152bf6da-552b-4f3b-9876-78665044e2cc/005-35c82e3b-a43e-47c5-ae01-573f85d5a8ba-downloadableSrc-8ab4bd67b84f.webp
49ee9915-3086-4b19-bea0-a39244648ee2,Editing plan length,f8b3622e-9edd-41af-b49e-41f6528b1da3,Apple Fitness,41d59266-03f6-4bed-91bf-f84557ccf8c1,0,1,fc377805-7b0a-4357-bf4d-8d22caf32074,true,downloadableSrc,200,image/webp,88190,88190,e1b05e0a5599be887ec7f5ada5c189e940186a9b25de19af6f1e75ff284b9104,1179,2676,,,bytescale.mobbin.com,f7a1807c1ac98ccf0eecf5078d61346ac9a94ca37a547f5708d580528c9e55c0,/Users/user/mobbin-sides/screen-flows/apple-fitness/032-apple-fitness-editing-plan-length-49ee9915-3086-4b19-bea0-a39244648ee2/001-fc377805-7b0a-4357-bf4d-8d22caf32074-downloadableSrc-e1b05e0a5599.webp
49ee9915-3086-4b19-bea0-a39244648ee2,Editing plan length,f8b3622e-9edd-41af-b49e-41f6528b1da3,Apple Fitness,41d59266-03f6-4bed-91bf-f84557ccf8c1,1,2,cf1c0aa6-1c6c-45f7-abdf-87cb3279b6a5,true,downloadableSrc,200,image/webp,80026,80026,f121b7bb74802179cf00065ba2226895991bdf07981f6dd1b05bff569c426588,1179,2676,,,bytescale.mobbin.com,f7a1807c1ac98ccf0eecf5078d61346ac9a94ca37a547f5708d580528c9e55c0,/Users/user/mobbin-sides/screen-flows/apple-fitness/032-apple-fitness-editing-plan-length-49ee9915-3086-4b19-bea0-a39244648ee2/002-cf1c0aa6-1c6c-45f7-abdf-87cb3279b6a5-downloadableSrc-f121b7bb7480.webp
49ee9915-3086-4b19-bea0-a39244648ee2,Editing plan length,f8b3622e-9edd-41af-b49e-41f6528b1da3,Apple Fitness,41d59266-03f6-4bed-91bf-f84557ccf8c1,2,3,0b0d0649-28c4-4020-afcf-2123a288a979,true,downloadableSrc,200,image/webp,88302,88302,0e293dff7a9c8b6cf4dbfac1de481b77c5ee9be15c7ef45c51cca2d4c63df8f7,1179,2676,,,bytescale.mobbin.com,f7a1807c1ac98ccf0eecf5078d61346ac9a94ca37a547f5708d580528c9e55c0,/Users/user/mobbin-sides/screen-flows/apple-fitness/032-apple-fitness-editing-plan-length-49ee9915-3086-4b19-bea0-a39244648ee2/003-0b0d0649-28c4-4020-afcf-2123a288a979-downloadableSrc-0e293dff7a9c.webp
5662c2bd-2fab-440a-8b1e-c74ec6b22264,Adding an activity,f8b3622e-9edd-41af-b49e-41f6528b1da3,Apple Fitness,41d59266-03f6-4bed-91bf-f84557ccf8c1,0,1,fc377805-7b0a-4357-bf4d-8d22caf32074,true,downloadableSrc,200,image/webp,88190,88190,e1b05e0a5599be887ec7f5ada5c189e940186a9b25de19af6f1e75ff284b9104,1179,2676,,,bytescale.mobbin.com,f7a1807c1ac98ccf0eecf5078d61346ac9a94ca37a547f5708d580528c9e55c0,/Users/user/mobbin-sides/screen-flows/apple-fitness/033-apple-fitness-adding-an-activity-5662c2bd-2fab-440a-8b1e-c74ec6b22264/001-fc377805-7b0a-4357-bf4d-8d22caf32074-downloadableSrc-e1b05e0a5599.webp
5662c2bd-2fab-440a-8b1e-c74ec6b22264,Adding an activity,f8b3622e-9edd-41af-b49e-41f6528b1da3,Apple Fitness,41d59266-03f6-4bed-91bf-f84557ccf8c1,1,2,49167da9-2259-42b2-9592-344c58a60154,true,downloadableSrc,200,image/webp,44812,44812,ac656500bf8f150f0d405e44b722c7505e6e77ca9526de1a60c933e8bcbc451c,1179,2676,,,bytescale.mobbin.com,f7a1807c1ac98ccf0eecf5078d61346ac9a94ca37a547f5708d580528c9e55c0,/Users/user/mobbin-sides/screen-flows/apple-fitness/033-apple-fitness-adding-an-activity-5662c2bd-2fab-440a-8b1e-c74ec6b22264/002-49167da9-2259-42b2-9592-344c58a60154-downloadableSrc-ac656500bf8f.webp
5662c2bd-2fab-440a-8b1e-c74ec6b22264,Adding an activity,f8b3622e-9edd-41af-b49e-41f6528b1da3,Apple Fitness,41d59266-03f6-4bed-91bf-f84557ccf8c1,2,3,40bbb464-c266-45a5-af76-13bfe6268326,true,downloadableSrc,200,image/webp,48320,48320,48f338ea57d0e2437f7aab22db9d1ac79e3fcfc8957b2518f4796460f74e17b6,1179,2676,,,bytescale.mobbin.com,f7a1807c1ac98ccf0eecf5078d61346ac9a94ca37a547f5708d580528c9e55c0,/Users/user/mobbin-sides/screen-flows/apple-fitness/033-apple-fitness-adding-an-activity-5662c2bd-2fab-440a-8b1e-c74ec6b22264/003-40bbb464-c266-45a5-af76-13bfe6268326-downloadableSrc-48f338ea57d0.webp
5662c2bd-2fab-440a-8b1e-c74ec6b22264,Adding an activity,f8b3622e-9edd-41af-b49e-41f6528b1da3,Apple Fitness,41d59266-03f6-4bed-91bf-f84557ccf8c1,3,4,84412bcd-5df2-4e55-a18f-d4a303c766ca,true,downloadableSrc,200,image/webp,86348,86348,726df95ca1b35db466c268422d250ba5db1733e8ab1ac4aaee454f23120c3e0b,1179,2676,,,bytescale.mobbin.com,f7a1807c1ac98ccf0eecf5078d61346ac9a94ca37a547f5708d580528c9e55c0,/Users/user/mobbin-sides/screen-flows/apple-fitness/033-apple-fitness-adding-an-activity-5662c2bd-2fab-440a-8b1e-c74ec6b22264/004-84412bcd-5df2-4e55-a18f-d4a303c766ca-downloadableSrc-726df95ca1b3.webp
0003ba36-dadd-48b9-89c2-e756296dce4e,Deleting an activity,f8b3622e-9edd-41af-b49e-41f6528b1da3,Apple Fitness,41d59266-03f6-4bed-91bf-f84557ccf8c1,0,1,84412bcd-5df2-4e55-a18f-d4a303c766ca,true,downloadableSrc,200,image/webp,86348,86348,726df95ca1b35db466c268422d250ba5db1733e8ab1ac4aaee454f23120c3e0b,1179,2676,,,bytescale.mobbin.com,f7a1807c1ac98ccf0eecf5078d61346ac9a94ca37a547f5708d580528c9e55c0,/Users/user/mobbin-sides/screen-flows/apple-fitness/034-apple-fitness-deleting-an-activity-0003ba36-dadd-48b9-89c2-e756296dce4e/001-84412bcd-5df2-4e55-a18f-d4a303c766ca-downloadableSrc-726df95ca1b3.webp
0003ba36-dadd-48b9-89c2-e756296dce4e,Deleting an activity,f8b3622e-9edd-41af-b49e-41f6528b1da3,Apple Fitness,41d59266-03f6-4bed-91bf-f84557ccf8c1,1,2,a3c6508b-01b0-4cbf-9286-47973f1dafd6,true,downloadableSrc,200,image/webp,49700,49700,7e5c36fbe35102d1eeb0dead1580d8b15e7b02f952b886ab65030e9532300858,1179,2676,,,bytescale.mobbin.com,f7a1807c1ac98ccf0eecf5078d61346ac9a94ca37a547f5708d580528c9e55c0,/Users/user/mobbin-sides/screen-flows/apple-fitness/034-apple-fitness-deleting-an-activity-0003ba36-dadd-48b9-89c2-e756296dce4e/002-a3c6508b-01b0-4cbf-9286-47973f1dafd6-downloadableSrc-7e5c36fbe351.webp
0003ba36-dadd-48b9-89c2-e756296dce4e,Deleting an activity,f8b3622e-9edd-41af-b49e-41f6528b1da3,Apple Fitness,41d59266-03f6-4bed-91bf-f84557ccf8c1,2,3,1936667d-6fd4-43b0-a2c1-d245d7a39e14,true,downloadableSrc,200,image/webp,89462,89462,ee4e31568f638ea989c8c81d4abd159b5fe5edadcb067db0133741e502ad5faf,1179,2676,,,bytescale.mobbin.com,f7a1807c1ac98ccf0eecf5078d61346ac9a94ca37a547f5708d580528c9e55c0,/Users/user/mobbin-sides/screen-flows/apple-fitness/034-apple-fitness-deleting-an-activity-0003ba36-dadd-48b9-89c2-e756296dce4e/003-1936667d-6fd4-43b0-a2c1-d245d7a39e14-downloadableSrc-ee4e31568f63.webp
86049edf-5113-4397-8b2e-67c775da8804,Adding a day,f8b3622e-9edd-41af-b49e-41f6528b1da3,Apple Fitness,41d59266-03f6-4bed-91bf-f84557ccf8c1,0,1,fc377805-7b0a-4357-bf4d-8d22caf32074,true,downloadableSrc,200,image/webp,88190,88190,e1b05e0a5599be887ec7f5ada5c189e940186a9b25de19af6f1e75ff284b9104,1179,2676,,,bytescale.mobbin.com,f7a1807c1ac98ccf0eecf5078d61346ac9a94ca37a547f5708d580528c9e55c0,/Users/user/mobbin-sides/screen-flows/apple-fitness/035-apple-fitness-adding-a-day-86049edf-5113-4397-8b2e-67c775da8804/001-fc377805-7b0a-4357-bf4d-8d22caf32074-downloadableSrc-e1b05e0a5599.webp
86049edf-5113-4397-8b2e-67c775da8804,Adding a day,f8b3622e-9edd-41af-b49e-41f6528b1da3,Apple Fitness,41d59266-03f6-4bed-91bf-f84557ccf8c1,1,2,ed12dd5d-72a1-439d-b76b-d21e39938136,true,downloadableSrc,200,image/webp,83058,83058,f442edcc97799f2a4ca3a28ba7f7165a268acfd5ca3d58a3cd228309798ad05b,1179,2676,,,bytescale.mobbin.com,f7a1807c1ac98ccf0eecf5078d61346ac9a94ca37a547f5708d580528c9e55c0,/Users/user/mobbin-sides/screen-flows/apple-fitness/035-apple-fitness-adding-a-day-86049edf-5113-4397-8b2e-67c775da8804/002-ed12dd5d-72a1-439d-b76b-d21e39938136-downloadableSrc-f442edcc9779.webp
86049edf-5113-4397-8b2e-67c775da8804,Adding a day,f8b3622e-9edd-41af-b49e-41f6528b1da3,Apple Fitness,41d59266-03f6-4bed-91bf-f84557ccf8c1,2,3,3983fd34-cf88-4dd5-acb7-8dc2048fe334,true,downloadableSrc,200,image/webp,43142,43142,554f53a7a4ad8f1f6da33f41f1a73ac1432c026f8ba3f0d385bb8e961a050503,1179,2676,,,bytescale.mobbin.com,f7a1807c1ac98ccf0eecf5078d61346ac9a94ca37a547f5708d580528c9e55c0,/Users/user/mobbin-sides/screen-flows/apple-fitness/035-apple-fitness-adding-a-day-86049edf-5113-4397-8b2e-67c775da8804/003-3983fd34-cf88-4dd5-acb7-8dc2048fe334-downloadableSrc-554f53a7a4ad.webp
86049edf-5113-4397-8b2e-67c775da8804,Adding a day,f8b3622e-9edd-41af-b49e-41f6528b1da3,Apple Fitness,41d59266-03f6-4bed-91bf-f84557ccf8c1,3,4,8f0ba715-d630-4529-a3d2-c232d59fb41d,true,downloadableSrc,200,image/webp,44078,44078,f3e31d1234ba45a8c0d41f2f3e0e904202f1da580776c0c107c82e327d730239,1179,2676,,,bytescale.mobbin.com,f7a1807c1ac98ccf0eecf5078d61346ac9a94ca37a547f5708d580528c9e55c0,/Users/user/mobbin-sides/screen-flows/apple-fitness/035-apple-fitness-adding-a-day-86049edf-5113-4397-8b2e-67c775da8804/004-8f0ba715-d630-4529-a3d2-c232d59fb41d-downloadableSrc-f3e31d1234ba.webp
86049edf-5113-4397-8b2e-67c775da8804,Adding a day,f8b3622e-9edd-41af-b49e-41f6528b1da3,Apple Fitness,41d59266-03f6-4bed-91bf-f84557ccf8c1,4,5,9c7527fc-f51c-4bb0-b42a-57de99eb86ca,true,downloadableSrc,200,image/webp,58592,58592,95322537941867ae02622e9c716280a9e7e9e8562cc391d80112ab98b8f1d82b,1179,2676,,,bytescale.mobbin.com,f7a1807c1ac98ccf0eecf5078d61346ac9a94ca37a547f5708d580528c9e55c0,/Users/user/mobbin-sides/screen-flows/apple-fitness/035-apple-fitness-adding-a-day-86049edf-5113-4397-8b2e-67c775da8804/005-9c7527fc-f51c-4bb0-b42a-57de99eb86ca-downloadableSrc-953225379418.webp
86049edf-5113-4397-8b2e-67c775da8804,Adding a day,f8b3622e-9edd-41af-b49e-41f6528b1da3,Apple Fitness,41d59266-03f6-4bed-91bf-f84557ccf8c1,5,6,eac98e12-7b5e-4503-b1e0-dc60cefb72e5,true,downloadableSrc,200,image/webp,38360,38360,860d2d48a7be31a8f3ab8eee2b5b58ac5b86c50bcfd5410272722fc59371b719,1179,2676,,,bytescale.mobbin.com,f7a1807c1ac98ccf0eecf5078d61346ac9a94ca37a547f5708d580528c9e55c0,/Users/user/mobbin-sides/screen-flows/apple-fitness/035-apple-fitness-adding-a-day-86049edf-5113-4397-8b2e-67c775da8804/006-eac98e12-7b5e-4503-b1e0-dc60cefb72e5-downloadableSrc-860d2d48a7be.webp
86049edf-5113-4397-8b2e-67c775da8804,Adding a day,f8b3622e-9edd-41af-b49e-41f6528b1da3,Apple Fitness,41d59266-03f6-4bed-91bf-f84557ccf8c1,6,7,689b31d1-b4c1-4e2d-a4d4-3b702011f437,true,downloadableSrc,200,image/webp,40576,40576,f6f3f8ba4045f1d18711ecce7192e078b4efa2ea16e5d4f536afc973b5b8e837,1179,2676,,,bytescale.mobbin.com,f7a1807c1ac98ccf0eecf5078d61346ac9a94ca37a547f5708d580528c9e55c0,/Users/user/mobbin-sides/screen-flows/apple-fitness/035-apple-fitness-adding-a-day-86049edf-5113-4397-8b2e-67c775da8804/007-689b31d1-b4c1-4e2d-a4d4-3b702011f437-downloadableSrc-f6f3f8ba4045.webp
86049edf-5113-4397-8b2e-67c775da8804,Adding a day,f8b3622e-9edd-41af-b49e-41f6528b1da3,Apple Fitness,41d59266-03f6-4bed-91bf-f84557ccf8c1,7,8,01e6de48-395e-4adf-b282-750de5fc5095,true,downloadableSrc,200,image/webp,87410,87410,be7fe5ddd241dff1705e64cd626f6cf358738c23331e69239fee5aa9f6d905de,1179,2676,,,bytescale.mobbin.com,f7a1807c1ac98ccf0eecf5078d61346ac9a94ca37a547f5708d580528c9e55c0,/Users/user/mobbin-sides/screen-flows/apple-fitness/035-apple-fitness-adding-a-day-86049edf-5113-4397-8b2e-67c775da8804/008-01e6de48-395e-4adf-b282-750de5fc5095-downloadableSrc-be7fe5ddd241.webp
87b52387-6fc2-4d4b-9fad-757e3d7939d9,Plan calendar,f8b3622e-9edd-41af-b49e-41f6528b1da3,Apple Fitness,41d59266-03f6-4bed-91bf-f84557ccf8c1,0,1,35c82e3b-a43e-47c5-ae01-573f85d5a8ba,true,downloadableSrc,200,image/webp,150570,150570,8ab4bd67b84f6dfb71561ef517dcab98ed0f93fc794a56b80ce126ffb7cedf68,1179,2676,,,bytescale.mobbin.com,f7a1807c1ac98ccf0eecf5078d61346ac9a94ca37a547f5708d580528c9e55c0,/Users/user/mobbin-sides/screen-flows/apple-fitness/036-apple-fitness-plan-calendar-87b52387-6fc2-4d4b-9fad-757e3d7939d9/001-35c82e3b-a43e-47c5-ae01-573f85d5a8ba-downloadableSrc-8ab4bd67b84f.webp
87b52387-6fc2-4d4b-9fad-757e3d7939d9,Plan calendar,f8b3622e-9edd-41af-b49e-41f6528b1da3,Apple Fitness,41d59266-03f6-4bed-91bf-f84557ccf8c1,1,2,336126ce-872f-420b-b70a-0f43e7629359,true,downloadableSrc,200,image/webp,95666,95666,7ab5a091a6e56de78d9b2aafb94d71f6fd7db7752a647b1d29230540faaa6ea2,1179,2676,,,bytescale.mobbin.com,f7a1807c1ac98ccf0eecf5078d61346ac9a94ca37a547f5708d580528c9e55c0,/Users/user/mobbin-sides/screen-flows/apple-fitness/036-apple-fitness-plan-calendar-87b52387-6fc2-4d4b-9fad-757e3d7939d9/002-336126ce-872f-420b-b70a-0f43e7629359-downloadableSrc-7ab5a091a6e5.webp
87b52387-6fc2-4d4b-9fad-757e3d7939d9,Plan calendar,f8b3622e-9edd-41af-b49e-41f6528b1da3,Apple Fitness,41d59266-03f6-4bed-91bf-f84557ccf8c1,2,3,eac5518f-afb2-4ddc-9fdf-9680fb1bc1d4,true,downloadableSrc,200,image/webp,40782,40782,58d5745877792eb560ce75b2668241aaf0c70d38e21678822daef5a79be83f9f,1179,2676,,,bytescale.mobbin.com,f7a1807c1ac98ccf0eecf5078d61346ac9a94ca37a547f5708d580528c9e55c0,/Users/user/mobbin-sides/screen-flows/apple-fitness/036-apple-fitness-plan-calendar-87b52387-6fc2-4d4b-9fad-757e3d7939d9/003-eac5518f-afb2-4ddc-9fdf-9680fb1bc1d4-downloadableSrc-58d574587779.webp
b7cf9607-fc39-4a17-9fb1-fdc60de620d7,Plan detail,f8b3622e-9edd-41af-b49e-41f6528b1da3,Apple Fitness,41d59266-03f6-4bed-91bf-f84557ccf8c1,0,1,336126ce-872f-420b-b70a-0f43e7629359,true,downloadableSrc,200,image/webp,95666,95666,7ab5a091a6e56de78d9b2aafb94d71f6fd7db7752a647b1d29230540faaa6ea2,1179,2676,,,bytescale.mobbin.com,f7a1807c1ac98ccf0eecf5078d61346ac9a94ca37a547f5708d580528c9e55c0,/Users/user/mobbin-sides/screen-flows/apple-fitness/037-apple-fitness-plan-detail-b7cf9607-fc39-4a17-9fb1-fdc60de620d7/001-336126ce-872f-420b-b70a-0f43e7629359-downloadableSrc-7ab5a091a6e5.webp
b7cf9607-fc39-4a17-9fb1-fdc60de620d7,Plan detail,f8b3622e-9edd-41af-b49e-41f6528b1da3,Apple Fitness,41d59266-03f6-4bed-91bf-f84557ccf8c1,1,2,7ed76fee-6681-4319-8f4a-e0a1eaab7344,true,downloadableSrc,200,image/webp,95186,95186,e4029c04b6bedd6719ae9729e5ad5018610b37afcb79257670e44ba4f5e31f36,1179,2676,,,bytescale.mobbin.com,f7a1807c1ac98ccf0eecf5078d61346ac9a94ca37a547f5708d580528c9e55c0,/Users/user/mobbin-sides/screen-flows/apple-fitness/037-apple-fitness-plan-detail-b7cf9607-fc39-4a17-9fb1-fdc60de620d7/002-7ed76fee-6681-4319-8f4a-e0a1eaab7344-downloadableSrc-e4029c04b6be.webp
b7cf9607-fc39-4a17-9fb1-fdc60de620d7,Plan detail,f8b3622e-9edd-41af-b49e-41f6528b1da3,Apple Fitness,41d59266-03f6-4bed-91bf-f84557ccf8c1,2,3,86700c3b-ded8-4aa3-a644-c1b26517533c,true,downloadableSrc,200,image/webp,72316,72316,14f21b7fe5e00d373f7a824a6eb3b331f815b84302603895f8138b061ebd4248,1179,2676,,,bytescale.mobbin.com,f7a1807c1ac98ccf0eecf5078d61346ac9a94ca37a547f5708d580528c9e55c0,/Users/user/mobbin-sides/screen-flows/apple-fitness/037-apple-fitness-plan-detail-b7cf9607-fc39-4a17-9fb1-fdc60de620d7/003-86700c3b-ded8-4aa3-a644-c1b26517533c-downloadableSrc-14f21b7fe5e0.webp
9d3806b5-9f32-4e1d-8180-1451ff5f5a6d,Repeating a plan,f8b3622e-9edd-41af-b49e-41f6528b1da3,Apple Fitness,41d59266-03f6-4bed-91bf-f84557ccf8c1,0,1,86700c3b-ded8-4aa3-a644-c1b26517533c,true,downloadableSrc,200,image/webp,72316,72316,14f21b7fe5e00d373f7a824a6eb3b331f815b84302603895f8138b061ebd4248,1179,2676,,,bytescale.mobbin.com,f7a1807c1ac98ccf0eecf5078d61346ac9a94ca37a547f5708d580528c9e55c0,/Users/user/mobbin-sides/screen-flows/apple-fitness/038-apple-fitness-repeating-a-plan-9d3806b5-9f32-4e1d-8180-1451ff5f5a6d/001-86700c3b-ded8-4aa3-a644-c1b26517533c-downloadableSrc-14f21b7fe5e0.webp
9d3806b5-9f32-4e1d-8180-1451ff5f5a6d,Repeating a plan,f8b3622e-9edd-41af-b49e-41f6528b1da3,Apple Fitness,41d59266-03f6-4bed-91bf-f84557ccf8c1,1,2,b53957fa-a598-488d-876d-585960b4aaab,true,downloadableSrc,200,image/webp,66868,66868,15569f51312db89bd15e95a4c0de22bc81689e530576d9a15a29af8867b51c05,1179,2676,,,bytescale.mobbin.com,f7a1807c1ac98ccf0eecf5078d61346ac9a94ca37a547f5708d580528c9e55c0,/Users/user/mobbin-sides/screen-flows/apple-fitness/038-apple-fitness-repeating-a-plan-9d3806b5-9f32-4e1d-8180-1451ff5f5a6d/002-b53957fa-a598-488d-876d-585960b4aaab-downloadableSrc-15569f51312d.webp
9d3806b5-9f32-4e1d-8180-1451ff5f5a6d,Repeating a plan,f8b3622e-9edd-41af-b49e-41f6528b1da3,Apple Fitness,41d59266-03f6-4bed-91bf-f84557ccf8c1,2,3,e857d9fb-8522-4e87-9704-35228f51a38b,true,downloadableSrc,200,image/webp,95626,95626,99601861573ff764c06c9b655efc24a432fa5eec2ddf7c37f213bc4cf40af2a6,1179,2676,,,bytescale.mobbin.com,f7a1807c1ac98ccf0eecf5078d61346ac9a94ca37a547f5708d580528c9e55c0,/Users/user/mobbin-sides/screen-flows/apple-fitness/038-apple-fitness-repeating-a-plan-9d3806b5-9f32-4e1d-8180-1451ff5f5a6d/003-e857d9fb-8522-4e87-9704-35228f51a38b-downloadableSrc-99601861573f.webp
86fd7bc9-5ef5-427d-9d1d-10822d0cb4ce,Renaming a plan,f8b3622e-9edd-41af-b49e-41f6528b1da3,Apple Fitness,41d59266-03f6-4bed-91bf-f84557ccf8c1,0,1,7ed76fee-6681-4319-8f4a-e0a1eaab7344,true,downloadableSrc,200,image/webp,95186,95186,e4029c04b6bedd6719ae9729e5ad5018610b37afcb79257670e44ba4f5e31f36,1179,2676,,,bytescale.mobbin.com,f7a1807c1ac98ccf0eecf5078d61346ac9a94ca37a547f5708d580528c9e55c0,/Users/user/mobbin-sides/screen-flows/apple-fitness/039-apple-fitness-renaming-a-plan-86fd7bc9-5ef5-427d-9d1d-10822d0cb4ce/001-7ed76fee-6681-4319-8f4a-e0a1eaab7344-downloadableSrc-e4029c04b6be.webp
86fd7bc9-5ef5-427d-9d1d-10822d0cb4ce,Renaming a plan,f8b3622e-9edd-41af-b49e-41f6528b1da3,Apple Fitness,41d59266-03f6-4bed-91bf-f84557ccf8c1,1,2,2053d410-8d0e-4816-8478-9455d89eb591,true,downloadableSrc,200,image/webp,67238,67238,d289c1f79d2c37a8502be03b62ac296e63a0887b583c1125543de63ca40899a1,1179,2676,,,bytescale.mobbin.com,f7a1807c1ac98ccf0eecf5078d61346ac9a94ca37a547f5708d580528c9e55c0,/Users/user/mobbin-sides/screen-flows/apple-fitness/039-apple-fitness-renaming-a-plan-86fd7bc9-5ef5-427d-9d1d-10822d0cb4ce/002-2053d410-8d0e-4816-8478-9455d89eb591-downloadableSrc-d289c1f79d2c.webp
86fd7bc9-5ef5-427d-9d1d-10822d0cb4ce,Renaming a plan,f8b3622e-9edd-41af-b49e-41f6528b1da3,Apple Fitness,41d59266-03f6-4bed-91bf-f84557ccf8c1,2,3,aff17240-e431-457f-9361-35bd51336726,true,downloadableSrc,200,image/webp,68920,68920,cf659c4b210e17f2a4dfeb82e3362b7b084258e30e3325a9787ccde7dbb4da9a,1179,2676,,,bytescale.mobbin.com,f7a1807c1ac98ccf0eecf5078d61346ac9a94ca37a547f5708d580528c9e55c0,/Users/user/mobbin-sides/screen-flows/apple-fitness/039-apple-fitness-renaming-a-plan-86fd7bc9-5ef5-427d-9d1d-10822d0cb4ce/003-aff17240-e431-457f-9361-35bd51336726-downloadableSrc-cf659c4b210e.webp
86fd7bc9-5ef5-427d-9d1d-10822d0cb4ce,Renaming a plan,f8b3622e-9edd-41af-b49e-41f6528b1da3,Apple Fitness,41d59266-03f6-4bed-91bf-f84557ccf8c1,3,4,3ad184cf-b366-475d-9c82-9e581fe0d5ef,true,downloadableSrc,200,image/webp,98854,98854,02af51ef84fe05a899d4a9292f7a7a5691918c9401a718ee6e00fa460fd17279,1179,2676,,,bytescale.mobbin.com,f7a1807c1ac98ccf0eecf5078d61346ac9a94ca37a547f5708d580528c9e55c0,/Users/user/mobbin-sides/screen-flows/apple-fitness/039-apple-fitness-renaming-a-plan-86fd7bc9-5ef5-427d-9d1d-10822d0cb4ce/004-3ad184cf-b366-475d-9c82-9e581fe0d5ef-downloadableSrc-02af51ef84fe.webp
cc37123a-c2e8-44cb-946a-5aaf089c3565,Replacing a workout,f8b3622e-9edd-41af-b49e-41f6528b1da3,Apple Fitness,41d59266-03f6-4bed-91bf-f84557ccf8c1,0,1,336126ce-872f-420b-b70a-0f43e7629359,true,downloadableSrc,200,image/webp,95666,95666,7ab5a091a6e56de78d9b2aafb94d71f6fd7db7752a647b1d29230540faaa6ea2,1179,2676,,,bytescale.mobbin.com,f7a1807c1ac98ccf0eecf5078d61346ac9a94ca37a547f5708d580528c9e55c0,/Users/user/mobbin-sides/screen-flows/apple-fitness/040-apple-fitness-replacing-a-workout-cc37123a-c2e8-44cb-946a-5aaf089c3565/001-336126ce-872f-420b-b70a-0f43e7629359-downloadableSrc-7ab5a091a6e5.webp
cc37123a-c2e8-44cb-946a-5aaf089c3565,Replacing a workout,f8b3622e-9edd-41af-b49e-41f6528b1da3,Apple Fitness,41d59266-03f6-4bed-91bf-f84557ccf8c1,1,2,87a2df92-c761-472e-8e91-37803295ee1f,true,downloadableSrc,200,image/webp,122346,122346,45a2b3c883872e953ecfbbc27b09f2c088d3fdde9f44a159f2604c6a9a7d2887,1179,2676,,,bytescale.mobbin.com,f7a1807c1ac98ccf0eecf5078d61346ac9a94ca37a547f5708d580528c9e55c0,/Users/user/mobbin-sides/screen-flows/apple-fitness/040-apple-fitness-replacing-a-workout-cc37123a-c2e8-44cb-946a-5aaf089c3565/002-87a2df92-c761-472e-8e91-37803295ee1f-downloadableSrc-45a2b3c88387.webp
cc37123a-c2e8-44cb-946a-5aaf089c3565,Replacing a workout,f8b3622e-9edd-41af-b49e-41f6528b1da3,Apple Fitness,41d59266-03f6-4bed-91bf-f84557ccf8c1,2,3,1c460aa3-ad97-402c-9b77-4c0cca158c6b,true,downloadableSrc,200,image/webp,99418,99418,ea908e979f71f392935fa97b09bf5c9463795cc0f3378bf05cbba073664cb5c8,1179,2676,,,bytescale.mobbin.com,f7a1807c1ac98ccf0eecf5078d61346ac9a94ca37a547f5708d580528c9e55c0,/Users/user/mobbin-sides/screen-flows/apple-fitness/040-apple-fitness-replacing-a-workout-cc37123a-c2e8-44cb-946a-5aaf089c3565/003-1c460aa3-ad97-402c-9b77-4c0cca158c6b-downloadableSrc-ea908e979f71.webp
f75cd5dc-d7ea-46c0-9b30-5e411355b689,Award detail (Fitness+),f8b3622e-9edd-41af-b49e-41f6528b1da3,Apple Fitness,41d59266-03f6-4bed-91bf-f84557ccf8c1,0,1,fcd6e073-c5ca-45cc-8675-76df62ea711e,true,downloadableSrc,200,image/webp,110514,110514,9d1d1f858a828ebc00f78dfb1db74b5650e19f3b927e4c79f2ad6a03ce93f2dc,1179,2676,,,bytescale.mobbin.com,f7a1807c1ac98ccf0eecf5078d61346ac9a94ca37a547f5708d580528c9e55c0,/Users/user/mobbin-sides/screen-flows/apple-fitness/041-apple-fitness-award-detail-fitness-f75cd5dc-d7ea-46c0-9b30-5e411355b689/001-fcd6e073-c5ca-45cc-8675-76df62ea711e-downloadableSrc-9d1d1f858a82.webp
f75cd5dc-d7ea-46c0-9b30-5e411355b689,Award detail (Fitness+),f8b3622e-9edd-41af-b49e-41f6528b1da3,Apple Fitness,41d59266-03f6-4bed-91bf-f84557ccf8c1,1,2,e1e1cef8-0e53-405f-b4e1-2e77d5aef0ea,true,downloadableSrc,200,image/webp,93624,93624,96edffc58f866c9ad243f367f2af64af8fb411f80fd6acb552ca0a4658b6945b,1179,2676,,,bytescale.mobbin.com,f7a1807c1ac98ccf0eecf5078d61346ac9a94ca37a547f5708d580528c9e55c0,/Users/user/mobbin-sides/screen-flows/apple-fitness/041-apple-fitness-award-detail-fitness-f75cd5dc-d7ea-46c0-9b30-5e411355b689/002-e1e1cef8-0e53-405f-b4e1-2e77d5aef0ea-downloadableSrc-96edffc58f86.webp
f75cd5dc-d7ea-46c0-9b30-5e411355b689,Award detail (Fitness+),f8b3622e-9edd-41af-b49e-41f6528b1da3,Apple Fitness,41d59266-03f6-4bed-91bf-f84557ccf8c1,2,3,e6897254-9ca5-4e29-b4b2-19f92c125716,true,downloadableSrc,200,image/webp,200746,200746,d7da121d5277d74ddbdf920faf0f66ea371219fbc736ac81c42c8ff52fff2347,1179,2676,,,bytescale.mobbin.com,f7a1807c1ac98ccf0eecf5078d61346ac9a94ca37a547f5708d580528c9e55c0,/Users/user/mobbin-sides/screen-flows/apple-fitness/041-apple-fitness-award-detail-fitness-f75cd5dc-d7ea-46c0-9b30-5e411355b689/003-e6897254-9ca5-4e29-b4b2-19f92c125716-downloadableSrc-d7da121d5277.webp
f75cd5dc-d7ea-46c0-9b30-5e411355b689,Award detail (Fitness+),f8b3622e-9edd-41af-b49e-41f6528b1da3,Apple Fitness,41d59266-03f6-4bed-91bf-f84557ccf8c1,3,4,ef801eab-0b55-4042-8763-0f980714b094,true,downloadableSrc,200,image/webp,95612,95612,9e2e6e20c492253ece1991fb4ab3116f89295510e09f1a01b00afc6590ec77d6,1179,2676,,,bytescale.mobbin.com,f7a1807c1ac98ccf0eecf5078d61346ac9a94ca37a547f5708d580528c9e55c0,/Users/user/mobbin-sides/screen-flows/apple-fitness/041-apple-fitness-award-detail-fitness-f75cd5dc-d7ea-46c0-9b30-5e411355b689/004-ef801eab-0b55-4042-8763-0f980714b094-downloadableSrc-9e2e6e20c492.webp
6fbd9ee0-3a68-4dc1-a474-35502f4ca572,Plans,f8b3622e-9edd-41af-b49e-41f6528b1da3,Apple Fitness,41d59266-03f6-4bed-91bf-f84557ccf8c1,0,1,23551d76-2398-43db-b17a-71064bba1511,true,downloadableSrc,200,image/webp,126988,126988,693952679bad91504be6478f9abd6a193329306e5e3a1bee54e88dd7174249e5,1179,2676,,,bytescale.mobbin.com,f7a1807c1ac98ccf0eecf5078d61346ac9a94ca37a547f5708d580528c9e55c0,/Users/user/mobbin-sides/screen-flows/apple-fitness/042-apple-fitness-plans-6fbd9ee0-3a68-4dc1-a474-35502f4ca572/001-23551d76-2398-43db-b17a-71064bba1511-downloadableSrc-693952679bad.webp
6fbd9ee0-3a68-4dc1-a474-35502f4ca572,Plans,f8b3622e-9edd-41af-b49e-41f6528b1da3,Apple Fitness,41d59266-03f6-4bed-91bf-f84557ccf8c1,1,2,a083b515-533a-47dd-a6d7-24c19534752b,true,downloadableSrc,200,image/webp,115624,115624,fc9cb081f9c2cbda0149f04885a0f5e4d3909f6c0671c1238361e7f8f8f6bedb,1179,2676,,,bytescale.mobbin.com,f7a1807c1ac98ccf0eecf5078d61346ac9a94ca37a547f5708d580528c9e55c0,/Users/user/mobbin-sides/screen-flows/apple-fitness/042-apple-fitness-plans-6fbd9ee0-3a68-4dc1-a474-35502f4ca572/002-a083b515-533a-47dd-a6d7-24c19534752b-downloadableSrc-fc9cb081f9c2.webp
6fbd9ee0-3a68-4dc1-a474-35502f4ca572,Plans,f8b3622e-9edd-41af-b49e-41f6528b1da3,Apple Fitness,41d59266-03f6-4bed-91bf-f84557ccf8c1,2,3,9733a001-dee8-48a2-9dc9-cb015951c097,true,downloadableSrc,200,image/webp,100290,100290,1f2435130f55319bed3a7656513952137e00ed5985a1982af523d0941c3e7563,1179,2676,,,bytescale.mobbin.com,f7a1807c1ac98ccf0eecf5078d61346ac9a94ca37a547f5708d580528c9e55c0,/Users/user/mobbin-sides/screen-flows/apple-fitness/042-apple-fitness-plans-6fbd9ee0-3a68-4dc1-a474-35502f4ca572/003-9733a001-dee8-48a2-9dc9-cb015951c097-downloadableSrc-1f2435130f55.webp
17bd2097-41e2-4a07-80bf-83ae0291d26e,Replacing a plan,f8b3622e-9edd-41af-b49e-41f6528b1da3,Apple Fitness,41d59266-03f6-4bed-91bf-f84557ccf8c1,0,1,a083b515-533a-47dd-a6d7-24c19534752b,true,downloadableSrc,200,image/webp,115624,115624,fc9cb081f9c2cbda0149f04885a0f5e4d3909f6c0671c1238361e7f8f8f6bedb,1179,2676,,,bytescale.mobbin.com,f7a1807c1ac98ccf0eecf5078d61346ac9a94ca37a547f5708d580528c9e55c0,/Users/user/mobbin-sides/screen-flows/apple-fitness/043-apple-fitness-replacing-a-plan-17bd2097-41e2-4a07-80bf-83ae0291d26e/001-a083b515-533a-47dd-a6d7-24c19534752b-downloadableSrc-fc9cb081f9c2.webp
17bd2097-41e2-4a07-80bf-83ae0291d26e,Replacing a plan,f8b3622e-9edd-41af-b49e-41f6528b1da3,Apple Fitness,41d59266-03f6-4bed-91bf-f84557ccf8c1,1,2,f83bdfd1-7ae5-4260-845d-af5bb2497b1d,true,downloadableSrc,200,image/webp,65914,65914,abccd1192d4c5d15e019e45d63373085a03747f23c387ab7cf6fd6b5fe984f36,1179,2676,,,bytescale.mobbin.com,f7a1807c1ac98ccf0eecf5078d61346ac9a94ca37a547f5708d580528c9e55c0,/Users/user/mobbin-sides/screen-flows/apple-fitness/043-apple-fitness-replacing-a-plan-17bd2097-41e2-4a07-80bf-83ae0291d26e/002-f83bdfd1-7ae5-4260-845d-af5bb2497b1d-downloadableSrc-abccd1192d4c.webp
17bd2097-41e2-4a07-80bf-83ae0291d26e,Replacing a plan,f8b3622e-9edd-41af-b49e-41f6528b1da3,Apple Fitness,41d59266-03f6-4bed-91bf-f84557ccf8c1,2,3,8f916564-aace-4b23-83cd-13ef547e52d0,true,downloadableSrc,200,image/webp,79804,79804,1a28cd9c50f93e18dc834b7c9ed6f2450ced54fe5ccf573bc6ed1b89f803f863,1179,2676,,,bytescale.mobbin.com,f7a1807c1ac98ccf0eecf5078d61346ac9a94ca37a547f5708d580528c9e55c0,/Users/user/mobbin-sides/screen-flows/apple-fitness/043-apple-fitness-replacing-a-plan-17bd2097-41e2-4a07-80bf-83ae0291d26e/003-8f916564-aace-4b23-83cd-13ef547e52d0-downloadableSrc-1a28cd9c50f9.webp
17bd2097-41e2-4a07-80bf-83ae0291d26e,Replacing a plan,f8b3622e-9edd-41af-b49e-41f6528b1da3,Apple Fitness,41d59266-03f6-4bed-91bf-f84557ccf8c1,3,4,7b10f5aa-5633-491d-807c-d5f224afc3da,true,downloadableSrc,200,image/webp,84796,84796,e12e1b22c8292b9d08f7fc13aa6abe85bde9894441e618bb401168cbb7447952,1179,2676,,,bytescale.mobbin.com,f7a1807c1ac98ccf0eecf5078d61346ac9a94ca37a547f5708d580528c9e55c0,/Users/user/mobbin-sides/screen-flows/apple-fitness/043-apple-fitness-replacing-a-plan-17bd2097-41e2-4a07-80bf-83ae0291d26e/004-7b10f5aa-5633-491d-807c-d5f224afc3da-downloadableSrc-e12e1b22c829.webp
17bd2097-41e2-4a07-80bf-83ae0291d26e,Replacing a plan,f8b3622e-9edd-41af-b49e-41f6528b1da3,Apple Fitness,41d59266-03f6-4bed-91bf-f84557ccf8c1,4,5,60e6731a-1acb-49e4-b94a-27779ebd092e,true,downloadableSrc,200,image/webp,72130,72130,dc3100d9441a27d5944584f8e80d448755c795d5eeaaf8efdeac1f777ef37600,1179,2676,,,bytescale.mobbin.com,f7a1807c1ac98ccf0eecf5078d61346ac9a94ca37a547f5708d580528c9e55c0,/Users/user/mobbin-sides/screen-flows/apple-fitness/043-apple-fitness-replacing-a-plan-17bd2097-41e2-4a07-80bf-83ae0291d26e/005-60e6731a-1acb-49e4-b94a-27779ebd092e-downloadableSrc-dc3100d9441a.webp
17bd2097-41e2-4a07-80bf-83ae0291d26e,Replacing a plan,f8b3622e-9edd-41af-b49e-41f6528b1da3,Apple Fitness,41d59266-03f6-4bed-91bf-f84557ccf8c1,5,6,37215943-6897-444f-8ab3-765683eb1ef7,true,downloadableSrc,200,image/webp,114062,114062,10b2991128e9ba04a87cc878794384f69d8af3a07bb8f49db2204d8c33bb4aa8,1179,2676,,,bytescale.mobbin.com,f7a1807c1ac98ccf0eecf5078d61346ac9a94ca37a547f5708d580528c9e55c0,/Users/user/mobbin-sides/screen-flows/apple-fitness/043-apple-fitness-replacing-a-plan-17bd2097-41e2-4a07-80bf-83ae0291d26e/006-37215943-6897-444f-8ab3-765683eb1ef7-downloadableSrc-10b2991128e9.webp
b437f611-4eac-474a-aa61-5f11deb09032,Library,f8b3622e-9edd-41af-b49e-41f6528b1da3,Apple Fitness,41d59266-03f6-4bed-91bf-f84557ccf8c1,0,1,eb58429e-74ef-4625-a203-59aca6c27f8e,true,downloadableSrc,200,image/webp,74416,74416,65de821d4e7a390450542b6f282d3ac9156c3030a44da08f344f694c39ebb483,1179,2676,,,bytescale.mobbin.com,f7a1807c1ac98ccf0eecf5078d61346ac9a94ca37a547f5708d580528c9e55c0,/Users/user/mobbin-sides/screen-flows/apple-fitness/044-apple-fitness-library-b437f611-4eac-474a-aa61-5f11deb09032/001-eb58429e-74ef-4625-a203-59aca6c27f8e-downloadableSrc-65de821d4e7a.webp
b437f611-4eac-474a-aa61-5f11deb09032,Library,f8b3622e-9edd-41af-b49e-41f6528b1da3,Apple Fitness,41d59266-03f6-4bed-91bf-f84557ccf8c1,1,2,021d6e62-8a5b-4974-9dcf-4474275a7f49,true,downloadableSrc,200,image/webp,118762,118762,b6b7485ac2fc353ca3223d03762dd2d80d3cd0b9d1ef34f7cdd8bf60cc0d7445,1179,2676,,,bytescale.mobbin.com,f7a1807c1ac98ccf0eecf5078d61346ac9a94ca37a547f5708d580528c9e55c0,/Users/user/mobbin-sides/screen-flows/apple-fitness/044-apple-fitness-library-b437f611-4eac-474a-aa61-5f11deb09032/002-021d6e62-8a5b-4974-9dcf-4474275a7f49-downloadableSrc-b6b7485ac2fc.webp
f1c586bd-8017-4bee-8685-a7ec8baea58f,Stack detail,f8b3622e-9edd-41af-b49e-41f6528b1da3,Apple Fitness,41d59266-03f6-4bed-91bf-f84557ccf8c1,0,1,021d6e62-8a5b-4974-9dcf-4474275a7f49,true,downloadableSrc,200,image/webp,118762,118762,b6b7485ac2fc353ca3223d03762dd2d80d3cd0b9d1ef34f7cdd8bf60cc0d7445,1179,2676,,,bytescale.mobbin.com,f7a1807c1ac98ccf0eecf5078d61346ac9a94ca37a547f5708d580528c9e55c0,/Users/user/mobbin-sides/screen-flows/apple-fitness/045-apple-fitness-stack-detail-f1c586bd-8017-4bee-8685-a7ec8baea58f/001-021d6e62-8a5b-4974-9dcf-4474275a7f49-downloadableSrc-b6b7485ac2fc.webp
f1c586bd-8017-4bee-8685-a7ec8baea58f,Stack detail,f8b3622e-9edd-41af-b49e-41f6528b1da3,Apple Fitness,41d59266-03f6-4bed-91bf-f84557ccf8c1,1,2,cdb2bb91-69d2-4822-a70a-aa8039b3b9e2,true,downloadableSrc,200,image/webp,134924,134924,e6fe222f256e158dd4c786a7feafd24b783ce199fe6ef7aae4c5e30c5f70af1a,1179,2676,,,bytescale.mobbin.com,f7a1807c1ac98ccf0eecf5078d61346ac9a94ca37a547f5708d580528c9e55c0,/Users/user/mobbin-sides/screen-flows/apple-fitness/045-apple-fitness-stack-detail-f1c586bd-8017-4bee-8685-a7ec8baea58f/002-cdb2bb91-69d2-4822-a70a-aa8039b3b9e2-downloadableSrc-e6fe222f256e.webp
d080ff0e-6182-44f0-aefd-776c50ffd683,Rearranging workouts,f8b3622e-9edd-41af-b49e-41f6528b1da3,Apple Fitness,41d59266-03f6-4bed-91bf-f84557ccf8c1,0,1,cdb2bb91-69d2-4822-a70a-aa8039b3b9e2,true,downloadableSrc,200,image/webp,134924,134924,e6fe222f256e158dd4c786a7feafd24b783ce199fe6ef7aae4c5e30c5f70af1a,1179,2676,,,bytescale.mobbin.com,f7a1807c1ac98ccf0eecf5078d61346ac9a94ca37a547f5708d580528c9e55c0,/Users/user/mobbin-sides/screen-flows/apple-fitness/046-apple-fitness-rearranging-workouts-d080ff0e-6182-44f0-aefd-776c50ffd683/001-cdb2bb91-69d2-4822-a70a-aa8039b3b9e2-downloadableSrc-e6fe222f256e.webp
d080ff0e-6182-44f0-aefd-776c50ffd683,Rearranging workouts,f8b3622e-9edd-41af-b49e-41f6528b1da3,Apple Fitness,41d59266-03f6-4bed-91bf-f84557ccf8c1,1,2,8a8359e5-e964-489d-a8cc-d699cc8cb695,true,downloadableSrc,200,image/webp,129600,129600,c26849d5d18bebdaec093bd35809e4abb0847ab4dd3f69f9b13112f299ed9e9c,1179,2676,,,bytescale.mobbin.com,f7a1807c1ac98ccf0eecf5078d61346ac9a94ca37a547f5708d580528c9e55c0,/Users/user/mobbin-sides/screen-flows/apple-fitness/046-apple-fitness-rearranging-workouts-d080ff0e-6182-44f0-aefd-776c50ffd683/002-8a8359e5-e964-489d-a8cc-d699cc8cb695-downloadableSrc-c26849d5d18b.webp
d080ff0e-6182-44f0-aefd-776c50ffd683,Rearranging workouts,f8b3622e-9edd-41af-b49e-41f6528b1da3,Apple Fitness,41d59266-03f6-4bed-91bf-f84557ccf8c1,2,3,8f8372be-5713-4089-9fec-2e5fd9e8ab37,true,downloadableSrc,200,image/webp,134888,134888,7022c37470dd0fa77ffa14381a5c1e461ccaef546cefb87e86f75b268e6733a5,1179,2676,,,bytescale.mobbin.com,f7a1807c1ac98ccf0eecf5078d61346ac9a94ca37a547f5708d580528c9e55c0,/Users/user/mobbin-sides/screen-flows/apple-fitness/046-apple-fitness-rearranging-workouts-d080ff0e-6182-44f0-aefd-776c50ffd683/003-8f8372be-5713-4089-9fec-2e5fd9e8ab37-downloadableSrc-7022c37470dd.webp
754582a2-29b7-4cb1-b9ad-a2ad8bc09f8c,Deleting a workout from stack,f8b3622e-9edd-41af-b49e-41f6528b1da3,Apple Fitness,41d59266-03f6-4bed-91bf-f84557ccf8c1,0,1,cdb2bb91-69d2-4822-a70a-aa8039b3b9e2,true,downloadableSrc,200,image/webp,134924,134924,e6fe222f256e158dd4c786a7feafd24b783ce199fe6ef7aae4c5e30c5f70af1a,1179,2676,,,bytescale.mobbin.com,f7a1807c1ac98ccf0eecf5078d61346ac9a94ca37a547f5708d580528c9e55c0,/Users/user/mobbin-sides/screen-flows/apple-fitness/047-apple-fitness-deleting-a-workout-from-stack-754582a2-29b7-4cb1-b9ad-a2ad8bc09f8c/001-cdb2bb91-69d2-4822-a70a-aa8039b3b9e2-downloadableSrc-e6fe222f256e.webp
754582a2-29b7-4cb1-b9ad-a2ad8bc09f8c,Deleting a workout from stack,f8b3622e-9edd-41af-b49e-41f6528b1da3,Apple Fitness,41d59266-03f6-4bed-91bf-f84557ccf8c1,1,2,513876ae-974e-4ddf-b1be-7ca014a50318,true,downloadableSrc,200,image/webp,127082,127082,25c1ea946dff82567f0f49303abcd58e2b596ab7fb8b2f2cdbda6226f63f274a,1179,2676,,,bytescale.mobbin.com,f7a1807c1ac98ccf0eecf5078d61346ac9a94ca37a547f5708d580528c9e55c0,/Users/user/mobbin-sides/screen-flows/apple-fitness/047-apple-fitness-deleting-a-workout-from-stack-754582a2-29b7-4cb1-b9ad-a2ad8bc09f8c/002-513876ae-974e-4ddf-b1be-7ca014a50318-downloadableSrc-25c1ea946dff.webp
754582a2-29b7-4cb1-b9ad-a2ad8bc09f8c,Deleting a workout from stack,f8b3622e-9edd-41af-b49e-41f6528b1da3,Apple Fitness,41d59266-03f6-4bed-91bf-f84557ccf8c1,2,3,1c8828ad-d18f-4269-9338-2caab1360a4e,true,downloadableSrc,200,image/webp,102254,102254,d1508b72f0802fb821b8da16cad27375dca3b85eee343f439fbd20dea9ae25ad,1179,2676,,,bytescale.mobbin.com,f7a1807c1ac98ccf0eecf5078d61346ac9a94ca37a547f5708d580528c9e55c0,/Users/user/mobbin-sides/screen-flows/apple-fitness/047-apple-fitness-deleting-a-workout-from-stack-754582a2-29b7-4cb1-b9ad-a2ad8bc09f8c/003-1c8828ad-d18f-4269-9338-2caab1360a4e-downloadableSrc-d1508b72f080.webp
cb3fa283-efa2-4079-b747-f62d2c82ce05,Workout,f8b3622e-9edd-41af-b49e-41f6528b1da3,Apple Fitness,41d59266-03f6-4bed-91bf-f84557ccf8c1,0,1,a69eb6f0-44e3-4b5c-95e6-43a34561d837,true,downloadableSrc,200,image/webp,89460,89460,439a9710ba64fd56848baece38371f722d6c6ec2c7009eb4cd110f636e503fce,1180,2676,,,bytescale.mobbin.com,f7a1807c1ac98ccf0eecf5078d61346ac9a94ca37a547f5708d580528c9e55c0,/Users/user/mobbin-sides/screen-flows/apple-fitness/048-apple-fitness-workout-cb3fa283-efa2-4079-b747-f62d2c82ce05/001-a69eb6f0-44e3-4b5c-95e6-43a34561d837-downloadableSrc-439a9710ba64.webp
cb3fa283-efa2-4079-b747-f62d2c82ce05,Workout,f8b3622e-9edd-41af-b49e-41f6528b1da3,Apple Fitness,41d59266-03f6-4bed-91bf-f84557ccf8c1,1,2,fd35782b-3943-45de-876d-5ac2197fb4d4,true,downloadableSrc,200,image/webp,107332,107332,b00ae66f06c1c820b2ae2242d5381cda95d1b477c622cd213ac05276bbbf4f40,1179,2676,,,bytescale.mobbin.com,f7a1807c1ac98ccf0eecf5078d61346ac9a94ca37a547f5708d580528c9e55c0,/Users/user/mobbin-sides/screen-flows/apple-fitness/048-apple-fitness-workout-cb3fa283-efa2-4079-b747-f62d2c82ce05/002-fd35782b-3943-45de-876d-5ac2197fb4d4-downloadableSrc-b00ae66f06c1.webp
cb3fa283-efa2-4079-b747-f62d2c82ce05,Workout,f8b3622e-9edd-41af-b49e-41f6528b1da3,Apple Fitness,41d59266-03f6-4bed-91bf-f84557ccf8c1,2,3,d48a826c-b7b9-48d8-9948-5b456e2d5447,true,downloadableSrc,200,image/webp,78130,78130,dc22414c46516925f7d7aa773b5a851d987858319bde932bf35bf687d638bbe7,1179,2676,,,bytescale.mobbin.com,f7a1807c1ac98ccf0eecf5078d61346ac9a94ca37a547f5708d580528c9e55c0,/Users/user/mobbin-sides/screen-flows/apple-fitness/048-apple-fitness-workout-cb3fa283-efa2-4079-b747-f62d2c82ce05/003-d48a826c-b7b9-48d8-9948-5b456e2d5447-downloadableSrc-dc22414c4651.webp
cb3fa283-efa2-4079-b747-f62d2c82ce05,Workout,f8b3622e-9edd-41af-b49e-41f6528b1da3,Apple Fitness,41d59266-03f6-4bed-91bf-f84557ccf8c1,3,4,8a91523f-2e4e-4c56-8f81-0e3a45e146d2,true,downloadableSrc,200,image/webp,54226,54226,9e37f420c1995115ce20a6375d502488996e878b3314aa1ddf37e85c95fbae4d,1179,2676,,,bytescale.mobbin.com,f7a1807c1ac98ccf0eecf5078d61346ac9a94ca37a547f5708d580528c9e55c0,/Users/user/mobbin-sides/screen-flows/apple-fitness/048-apple-fitness-workout-cb3fa283-efa2-4079-b747-f62d2c82ce05/004-8a91523f-2e4e-4c56-8f81-0e3a45e146d2-downloadableSrc-9e37f420c199.webp
f97300d4-50f0-496f-8258-de3c7c2d9218,Starting a workout,f8b3622e-9edd-41af-b49e-41f6528b1da3,Apple Fitness,41d59266-03f6-4bed-91bf-f84557ccf8c1,0,1,d48a826c-b7b9-48d8-9948-5b456e2d5447,true,downloadableSrc,200,image/webp,78130,78130,dc22414c46516925f7d7aa773b5a851d987858319bde932bf35bf687d638bbe7,1179,2676,,,bytescale.mobbin.com,f7a1807c1ac98ccf0eecf5078d61346ac9a94ca37a547f5708d580528c9e55c0,/Users/user/mobbin-sides/screen-flows/apple-fitness/049-apple-fitness-starting-a-workout-f97300d4-50f0-496f-8258-de3c7c2d9218/001-d48a826c-b7b9-48d8-9948-5b456e2d5447-downloadableSrc-dc22414c4651.webp
f97300d4-50f0-496f-8258-de3c7c2d9218,Starting a workout,f8b3622e-9edd-41af-b49e-41f6528b1da3,Apple Fitness,41d59266-03f6-4bed-91bf-f84557ccf8c1,1,2,98936404-4997-4707-b71a-1d5e186e976a,true,downloadableSrc,200,image/webp,41406,41406,8d3bae31659a1e992044efbc14305e4e27a2dcdcf7aa4e3462ed1fe9be5b46bd,1179,2676,,,bytescale.mobbin.com,f7a1807c1ac98ccf0eecf5078d61346ac9a94ca37a547f5708d580528c9e55c0,/Users/user/mobbin-sides/screen-flows/apple-fitness/049-apple-fitness-starting-a-workout-f97300d4-50f0-496f-8258-de3c7c2d9218/002-98936404-4997-4707-b71a-1d5e186e976a-downloadableSrc-8d3bae31659a.webp
f97300d4-50f0-496f-8258-de3c7c2d9218,Starting a workout,f8b3622e-9edd-41af-b49e-41f6528b1da3,Apple Fitness,41d59266-03f6-4bed-91bf-f84557ccf8c1,2,3,40e562c3-6597-49d2-b326-47038e1e0d49,true,downloadableSrc,200,image/webp,55624,55624,952b2abad3e0bf5caa50cd044eed935cf4ab8991764aa45bb784e6bfc1da3e8f,1179,2676,,,bytescale.mobbin.com,f7a1807c1ac98ccf0eecf5078d61346ac9a94ca37a547f5708d580528c9e55c0,/Users/user/mobbin-sides/screen-flows/apple-fitness/049-apple-fitness-starting-a-workout-f97300d4-50f0-496f-8258-de3c7c2d9218/003-40e562c3-6597-49d2-b326-47038e1e0d49-downloadableSrc-952b2abad3e0.webp
f97300d4-50f0-496f-8258-de3c7c2d9218,Starting a workout,f8b3622e-9edd-41af-b49e-41f6528b1da3,Apple Fitness,41d59266-03f6-4bed-91bf-f84557ccf8c1,3,4,3f826ed9-77a8-43c5-9ce9-b9aad18f90e6,true,downloadableSrc,200,image/webp,49202,49202,c49cddf03f0d41965714cf7c52baaf4ce30f27e75a94abbb44724436616ac61e,1179,2676,,,bytescale.mobbin.com,f7a1807c1ac98ccf0eecf5078d61346ac9a94ca37a547f5708d580528c9e55c0,/Users/user/mobbin-sides/screen-flows/apple-fitness/049-apple-fitness-starting-a-workout-f97300d4-50f0-496f-8258-de3c7c2d9218/004-3f826ed9-77a8-43c5-9ce9-b9aad18f90e6-downloadableSrc-c49cddf03f0d.webp
5c95a0fb-e7a1-4134-8235-086a37556fca,Completing a workout,f8b3622e-9edd-41af-b49e-41f6528b1da3,Apple Fitness,41d59266-03f6-4bed-91bf-f84557ccf8c1,0,1,3f826ed9-77a8-43c5-9ce9-b9aad18f90e6,true,downloadableSrc,200,image/webp,49202,49202,c49cddf03f0d41965714cf7c52baaf4ce30f27e75a94abbb44724436616ac61e,1179,2676,,,bytescale.mobbin.com,f7a1807c1ac98ccf0eecf5078d61346ac9a94ca37a547f5708d580528c9e55c0,/Users/user/mobbin-sides/screen-flows/apple-fitness/050-apple-fitness-completing-a-workout-5c95a0fb-e7a1-4134-8235-086a37556fca/001-3f826ed9-77a8-43c5-9ce9-b9aad18f90e6-downloadableSrc-c49cddf03f0d.webp
5c95a0fb-e7a1-4134-8235-086a37556fca,Completing a workout,f8b3622e-9edd-41af-b49e-41f6528b1da3,Apple Fitness,41d59266-03f6-4bed-91bf-f84557ccf8c1,1,2,5370f8fa-aa4c-4ace-b652-0b43f93ceb74,true,downloadableSrc,200,image/webp,78944,78944,cec165828d128378cda10b0851195a33476c70cd5acc2ac822d7e0a95ff3b2d2,1179,2676,,,bytescale.mobbin.com,f7a1807c1ac98ccf0eecf5078d61346ac9a94ca37a547f5708d580528c9e55c0,/Users/user/mobbin-sides/screen-flows/apple-fitness/050-apple-fitness-completing-a-workout-5c95a0fb-e7a1-4134-8235-086a37556fca/002-5370f8fa-aa4c-4ace-b652-0b43f93ceb74-downloadableSrc-cec165828d12.webp
5c95a0fb-e7a1-4134-8235-086a37556fca,Completing a workout,f8b3622e-9edd-41af-b49e-41f6528b1da3,Apple Fitness,41d59266-03f6-4bed-91bf-f84557ccf8c1,2,3,965c7f96-6ca2-4a9c-a9ca-1403184d261b,true,downloadableSrc,200,image/webp,75324,75324,1e5bf77f78990336dfaad469f3cd402a809fa622b1210b36084eee3c8e5a7c70,1179,2676,,,bytescale.mobbin.com,f7a1807c1ac98ccf0eecf5078d61346ac9a94ca37a547f5708d580528c9e55c0,/Users/user/mobbin-sides/screen-flows/apple-fitness/050-apple-fitness-completing-a-workout-5c95a0fb-e7a1-4134-8235-086a37556fca/003-965c7f96-6ca2-4a9c-a9ca-1403184d261b-downloadableSrc-1e5bf77f7899.webp
c9f56cc7-9073-4ee4-94f6-c2dd2ebb0aee,Locking controls,f8b3622e-9edd-41af-b49e-41f6528b1da3,Apple Fitness,41d59266-03f6-4bed-91bf-f84557ccf8c1,0,1,3f826ed9-77a8-43c5-9ce9-b9aad18f90e6,true,downloadableSrc,200,image/webp,49202,49202,c49cddf03f0d41965714cf7c52baaf4ce30f27e75a94abbb44724436616ac61e,1179,2676,,,bytescale.mobbin.com,f7a1807c1ac98ccf0eecf5078d61346ac9a94ca37a547f5708d580528c9e55c0,/Users/user/mobbin-sides/screen-flows/apple-fitness/051-apple-fitness-locking-controls-c9f56cc7-9073-4ee4-94f6-c2dd2ebb0aee/001-3f826ed9-77a8-43c5-9ce9-b9aad18f90e6-downloadableSrc-c49cddf03f0d.webp
c9f56cc7-9073-4ee4-94f6-c2dd2ebb0aee,Locking controls,f8b3622e-9edd-41af-b49e-41f6528b1da3,Apple Fitness,41d59266-03f6-4bed-91bf-f84557ccf8c1,1,2,7009a2a2-4da9-4fa5-b976-3dc7d1c436da,true,downloadableSrc,200,image/webp,39314,39314,90b745c7189e1835ce1c13620107425cc85bcba7790ed393e46ad1afa0af6717,1179,2676,,,bytescale.mobbin.com,f7a1807c1ac98ccf0eecf5078d61346ac9a94ca37a547f5708d580528c9e55c0,/Users/user/mobbin-sides/screen-flows/apple-fitness/051-apple-fitness-locking-controls-c9f56cc7-9073-4ee4-94f6-c2dd2ebb0aee/002-7009a2a2-4da9-4fa5-b976-3dc7d1c436da-downloadableSrc-90b745c7189e.webp
7090990a-09cd-473e-9ff4-f7c1083558cc,Add workout,f8b3622e-9edd-41af-b49e-41f6528b1da3,Apple Fitness,41d59266-03f6-4bed-91bf-f84557ccf8c1,0,1,8a91523f-2e4e-4c56-8f81-0e3a45e146d2,true,downloadableSrc,200,image/webp,54226,54226,9e37f420c1995115ce20a6375d502488996e878b3314aa1ddf37e85c95fbae4d,1179,2676,,,bytescale.mobbin.com,f7a1807c1ac98ccf0eecf5078d61346ac9a94ca37a547f5708d580528c9e55c0,/Users/user/mobbin-sides/screen-flows/apple-fitness/052-apple-fitness-add-workout-7090990a-09cd-473e-9ff4-f7c1083558cc/001-8a91523f-2e4e-4c56-8f81-0e3a45e146d2-downloadableSrc-9e37f420c199.webp
7090990a-09cd-473e-9ff4-f7c1083558cc,Add workout,f8b3622e-9edd-41af-b49e-41f6528b1da3,Apple Fitness,41d59266-03f6-4bed-91bf-f84557ccf8c1,1,2,e0404303-38bd-48fc-9dc1-580ed1ad9ebb,true,downloadableSrc,200,image/webp,50708,50708,97b64bdea053af110f3dc09fec479970c9e003dce9a5f7223026fd515dfc734c,1179,2676,,,bytescale.mobbin.com,f7a1807c1ac98ccf0eecf5078d61346ac9a94ca37a547f5708d580528c9e55c0,/Users/user/mobbin-sides/screen-flows/apple-fitness/052-apple-fitness-add-workout-7090990a-09cd-473e-9ff4-f7c1083558cc/002-e0404303-38bd-48fc-9dc1-580ed1ad9ebb-downloadableSrc-97b64bdea053.webp
1f86ac8b-618d-41c9-91e4-889b0ea7fb35,Sharing,f8b3622e-9edd-41af-b49e-41f6528b1da3,Apple Fitness,41d59266-03f6-4bed-91bf-f84557ccf8c1,0,1,a69eb6f0-44e3-4b5c-95e6-43a34561d837,true,downloadableSrc,200,image/webp,89460,89460,439a9710ba64fd56848baece38371f722d6c6ec2c7009eb4cd110f636e503fce,1180,2676,,,bytescale.mobbin.com,f7a1807c1ac98ccf0eecf5078d61346ac9a94ca37a547f5708d580528c9e55c0,/Users/user/mobbin-sides/screen-flows/apple-fitness/053-apple-fitness-sharing-1f86ac8b-618d-41c9-91e4-889b0ea7fb35/001-a69eb6f0-44e3-4b5c-95e6-43a34561d837-downloadableSrc-439a9710ba64.webp
1f86ac8b-618d-41c9-91e4-889b0ea7fb35,Sharing,f8b3622e-9edd-41af-b49e-41f6528b1da3,Apple Fitness,41d59266-03f6-4bed-91bf-f84557ccf8c1,1,2,30f2d686-47c6-40f4-a2ed-cbaffe6f7948,true,downloadableSrc,200,image/webp,116494,116494,166feefc0e2fbd4a62e28273693f24611e287f23e291f880630136a6ac95771c,1179,2676,,,bytescale.mobbin.com,f7a1807c1ac98ccf0eecf5078d61346ac9a94ca37a547f5708d580528c9e55c0,/Users/user/mobbin-sides/screen-flows/apple-fitness/053-apple-fitness-sharing-1f86ac8b-618d-41c9-91e4-889b0ea7fb35/002-30f2d686-47c6-40f4-a2ed-cbaffe6f7948-downloadableSrc-166feefc0e2f.webp
1f86ac8b-618d-41c9-91e4-889b0ea7fb35,Sharing,f8b3622e-9edd-41af-b49e-41f6528b1da3,Apple Fitness,41d59266-03f6-4bed-91bf-f84557ccf8c1,2,3,58350124-152e-4d0e-9622-1d9ba918289c,true,downloadableSrc,200,image/webp,52900,52900,cd9a433367f74fd056b08c4cdbf064ae3bb658a84b91897aca7c551f676019e0,1179,2676,,,bytescale.mobbin.com,f7a1807c1ac98ccf0eecf5078d61346ac9a94ca37a547f5708d580528c9e55c0,/Users/user/mobbin-sides/screen-flows/apple-fitness/053-apple-fitness-sharing-1f86ac8b-618d-41c9-91e4-889b0ea7fb35/003-58350124-152e-4d0e-9622-1d9ba918289c-downloadableSrc-cd9a433367f7.webp
12d8c4cc-5071-4f2b-a5b2-7356dd3c106f,Invite a friend,f8b3622e-9edd-41af-b49e-41f6528b1da3,Apple Fitness,41d59266-03f6-4bed-91bf-f84557ccf8c1,0,1,58350124-152e-4d0e-9622-1d9ba918289c,true,downloadableSrc,200,image/webp,52900,52900,cd9a433367f74fd056b08c4cdbf064ae3bb658a84b91897aca7c551f676019e0,1179,2676,,,bytescale.mobbin.com,f7a1807c1ac98ccf0eecf5078d61346ac9a94ca37a547f5708d580528c9e55c0,/Users/user/mobbin-sides/screen-flows/apple-fitness/054-apple-fitness-invite-a-friend-12d8c4cc-5071-4f2b-a5b2-7356dd3c106f/001-58350124-152e-4d0e-9622-1d9ba918289c-downloadableSrc-cd9a433367f7.webp
12d8c4cc-5071-4f2b-a5b2-7356dd3c106f,Invite a friend,f8b3622e-9edd-41af-b49e-41f6528b1da3,Apple Fitness,41d59266-03f6-4bed-91bf-f84557ccf8c1,1,2,46b7b6bc-2339-4f57-9349-d0206b4ab072,true,downloadableSrc,200,image/webp,34236,34236,c37a39dbeb48d67e8b7d07c7501b003c10387d9ea3997fa077ca27207888835e,1179,2676,,,bytescale.mobbin.com,f7a1807c1ac98ccf0eecf5078d61346ac9a94ca37a547f5708d580528c9e55c0,/Users/user/mobbin-sides/screen-flows/apple-fitness/054-apple-fitness-invite-a-friend-12d8c4cc-5071-4f2b-a5b2-7356dd3c106f/002-46b7b6bc-2339-4f57-9349-d0206b4ab072-downloadableSrc-c37a39dbeb48.webp
12d8c4cc-5071-4f2b-a5b2-7356dd3c106f,Invite a friend,f8b3622e-9edd-41af-b49e-41f6528b1da3,Apple Fitness,41d59266-03f6-4bed-91bf-f84557ccf8c1,2,3,39ed83f8-ef12-4dda-bec4-4eab34601d17,true,downloadableSrc,200,image/webp,48296,48296,5be0bc9b3055fe2500dab7f25335354f74df975514230b7af7e2245d8a895f09,1179,2676,,,bytescale.mobbin.com,f7a1807c1ac98ccf0eecf5078d61346ac9a94ca37a547f5708d580528c9e55c0,/Users/user/mobbin-sides/screen-flows/apple-fitness/054-apple-fitness-invite-a-friend-12d8c4cc-5071-4f2b-a5b2-7356dd3c106f/003-39ed83f8-ef12-4dda-bec4-4eab34601d17-downloadableSrc-5be0bc9b3055.webp
12d8c4cc-5071-4f2b-a5b2-7356dd3c106f,Invite a friend,f8b3622e-9edd-41af-b49e-41f6528b1da3,Apple Fitness,41d59266-03f6-4bed-91bf-f84557ccf8c1,3,4,cb603013-5c5d-4506-8398-c5faa9d16c17,true,downloadableSrc,200,image/webp,52708,52708,badc80b8a06301740062b54e551a7cb9fb737b4a28cff9c485ad50d2d099b84c,1179,2676,,,bytescale.mobbin.com,f7a1807c1ac98ccf0eecf5078d61346ac9a94ca37a547f5708d580528c9e55c0,/Users/user/mobbin-sides/screen-flows/apple-fitness/054-apple-fitness-invite-a-friend-12d8c4cc-5071-4f2b-a5b2-7356dd3c106f/004-cb603013-5c5d-4506-8398-c5faa9d16c17-downloadableSrc-badc80b8a063.webp
12d8c4cc-5071-4f2b-a5b2-7356dd3c106f,Invite a friend,f8b3622e-9edd-41af-b49e-41f6528b1da3,Apple Fitness,41d59266-03f6-4bed-91bf-f84557ccf8c1,4,5,2fb52f16-c860-4e84-86c9-912bd2fb9653,true,downloadableSrc,200,image/webp,50424,50424,c182a3b0bd51ec40cdbb02436049edd40930cfff1e3848bef802341fbc81cb35,1179,2676,,,bytescale.mobbin.com,f7a1807c1ac98ccf0eecf5078d61346ac9a94ca37a547f5708d580528c9e55c0,/Users/user/mobbin-sides/screen-flows/apple-fitness/054-apple-fitness-invite-a-friend-12d8c4cc-5071-4f2b-a5b2-7356dd3c106f/005-2fb52f16-c860-4e84-86c9-912bd2fb9653-downloadableSrc-c182a3b0bd51.webp
12d8c4cc-5071-4f2b-a5b2-7356dd3c106f,Invite a friend,f8b3622e-9edd-41af-b49e-41f6528b1da3,Apple Fitness,41d59266-03f6-4bed-91bf-f84557ccf8c1,5,6,2b5e9c1b-195a-4641-b63e-10430a03fa82,true,downloadableSrc,200,image/webp,40676,40676,c61b36faf8da4ffe3e43b0cbc876e4467e86dae94edf8675dc22d971ab1b5760,1179,2676,,,bytescale.mobbin.com,f7a1807c1ac98ccf0eecf5078d61346ac9a94ca37a547f5708d580528c9e55c0,/Users/user/mobbin-sides/screen-flows/apple-fitness/054-apple-fitness-invite-a-friend-12d8c4cc-5071-4f2b-a5b2-7356dd3c106f/006-2b5e9c1b-195a-4641-b63e-10430a03fa82-downloadableSrc-c61b36faf8da.webp
8006ccf4-b77f-4e57-ac0d-6e5365b53bc2,Account,f8b3622e-9edd-41af-b49e-41f6528b1da3,Apple Fitness,41d59266-03f6-4bed-91bf-f84557ccf8c1,0,1,a69eb6f0-44e3-4b5c-95e6-43a34561d837,true,downloadableSrc,200,image/webp,89460,89460,439a9710ba64fd56848baece38371f722d6c6ec2c7009eb4cd110f636e503fce,1180,2676,,,bytescale.mobbin.com,f7a1807c1ac98ccf0eecf5078d61346ac9a94ca37a547f5708d580528c9e55c0,/Users/user/mobbin-sides/screen-flows/apple-fitness/055-apple-fitness-account-8006ccf4-b77f-4e57-ac0d-6e5365b53bc2/001-a69eb6f0-44e3-4b5c-95e6-43a34561d837-downloadableSrc-439a9710ba64.webp
8006ccf4-b77f-4e57-ac0d-6e5365b53bc2,Account,f8b3622e-9edd-41af-b49e-41f6528b1da3,Apple Fitness,41d59266-03f6-4bed-91bf-f84557ccf8c1,1,2,f618bfa8-e996-4cb6-b7b8-f138e29963b1,true,downloadableSrc,200,image/webp,51050,51050,8460f46d30980f057650e51bcd044d0ed8309897ea5612ca3cb260338007202d,1179,2676,,,bytescale.mobbin.com,f7a1807c1ac98ccf0eecf5078d61346ac9a94ca37a547f5708d580528c9e55c0,/Users/user/mobbin-sides/screen-flows/apple-fitness/055-apple-fitness-account-8006ccf4-b77f-4e57-ac0d-6e5365b53bc2/002-f618bfa8-e996-4cb6-b7b8-f138e29963b1-downloadableSrc-8460f46d3098.webp
a1f295f5-b299-44ca-b1d4-417b97dcb71d,Changing notification setting,f8b3622e-9edd-41af-b49e-41f6528b1da3,Apple Fitness,41d59266-03f6-4bed-91bf-f84557ccf8c1,0,1,f618bfa8-e996-4cb6-b7b8-f138e29963b1,true,downloadableSrc,200,image/webp,51050,51050,8460f46d30980f057650e51bcd044d0ed8309897ea5612ca3cb260338007202d,1179,2676,,,bytescale.mobbin.com,f7a1807c1ac98ccf0eecf5078d61346ac9a94ca37a547f5708d580528c9e55c0,/Users/user/mobbin-sides/screen-flows/apple-fitness/056-apple-fitness-changing-notification-setting-a1f295f5-b299-44ca-b1d4-417b97dcb71d/001-f618bfa8-e996-4cb6-b7b8-f138e29963b1-downloadableSrc-8460f46d3098.webp
a1f295f5-b299-44ca-b1d4-417b97dcb71d,Changing notification setting,f8b3622e-9edd-41af-b49e-41f6528b1da3,Apple Fitness,41d59266-03f6-4bed-91bf-f84557ccf8c1,1,2,c922783c-55ac-401c-b36f-a31ee3a78383,true,downloadableSrc,200,image/webp,57252,57252,93641e904bc7a75af9fbe17a210c3ca79bbdd6b69c79746a8d1d210a6c2ef387,1179,2676,,,bytescale.mobbin.com,f7a1807c1ac98ccf0eecf5078d61346ac9a94ca37a547f5708d580528c9e55c0,/Users/user/mobbin-sides/screen-flows/apple-fitness/056-apple-fitness-changing-notification-setting-a1f295f5-b299-44ca-b1d4-417b97dcb71d/002-c922783c-55ac-401c-b36f-a31ee3a78383-downloadableSrc-93641e904bc7.webp
a1f295f5-b299-44ca-b1d4-417b97dcb71d,Changing notification setting,f8b3622e-9edd-41af-b49e-41f6528b1da3,Apple Fitness,41d59266-03f6-4bed-91bf-f84557ccf8c1,2,3,147cd048-83a7-40c1-ae55-531080ecf2e9,true,downloadableSrc,200,image/webp,61016,61016,c4a3564cba9af0a382406c65b013c4ca79b258415e1e0826ca849ccfc2fa8dc0,1179,2676,,,bytescale.mobbin.com,f7a1807c1ac98ccf0eecf5078d61346ac9a94ca37a547f5708d580528c9e55c0,/Users/user/mobbin-sides/screen-flows/apple-fitness/056-apple-fitness-changing-notification-setting-a1f295f5-b299-44ca-b1d4-417b97dcb71d/003-147cd048-83a7-40c1-ae55-531080ecf2e9-downloadableSrc-c4a3564cba9a.webp
75438dde-b602-491f-8b64-f87de511e653,Health information,f8b3622e-9edd-41af-b49e-41f6528b1da3,Apple Fitness,41d59266-03f6-4bed-91bf-f84557ccf8c1,0,1,f618bfa8-e996-4cb6-b7b8-f138e29963b1,true,downloadableSrc,200,image/webp,51050,51050,8460f46d30980f057650e51bcd044d0ed8309897ea5612ca3cb260338007202d,1179,2676,,,bytescale.mobbin.com,f7a1807c1ac98ccf0eecf5078d61346ac9a94ca37a547f5708d580528c9e55c0,/Users/user/mobbin-sides/screen-flows/apple-fitness/057-apple-fitness-health-information-75438dde-b602-491f-8b64-f87de511e653/001-f618bfa8-e996-4cb6-b7b8-f138e29963b1-downloadableSrc-8460f46d3098.webp
75438dde-b602-491f-8b64-f87de511e653,Health information,f8b3622e-9edd-41af-b49e-41f6528b1da3,Apple Fitness,41d59266-03f6-4bed-91bf-f84557ccf8c1,1,2,a7ed92e9-17d8-4880-99bd-a24e01992f25,true,downloadableSrc,200,image/webp,63968,63968,e2566a679b6aeea8feef0fce59c35ac7a551a5b5c0a4df5e1634e7873df196c7,1179,2676,,,bytescale.mobbin.com,f7a1807c1ac98ccf0eecf5078d61346ac9a94ca37a547f5708d580528c9e55c0,/Users/user/mobbin-sides/screen-flows/apple-fitness/057-apple-fitness-health-information-75438dde-b602-491f-8b64-f87de511e653/002-a7ed92e9-17d8-4880-99bd-a24e01992f25-downloadableSrc-e2566a679b6a.webp
8567f044-5db4-40f9-887b-8532ccbc2fc9,Changing units of measure,f8b3622e-9edd-41af-b49e-41f6528b1da3,Apple Fitness,41d59266-03f6-4bed-91bf-f84557ccf8c1,0,1,f618bfa8-e996-4cb6-b7b8-f138e29963b1,true,downloadableSrc,200,image/webp,51050,51050,8460f46d30980f057650e51bcd044d0ed8309897ea5612ca3cb260338007202d,1179,2676,,,bytescale.mobbin.com,f7a1807c1ac98ccf0eecf5078d61346ac9a94ca37a547f5708d580528c9e55c0,/Users/user/mobbin-sides/screen-flows/apple-fitness/058-apple-fitness-changing-units-of-measure-8567f044-5db4-40f9-887b-8532ccbc2fc9/001-f618bfa8-e996-4cb6-b7b8-f138e29963b1-downloadableSrc-8460f46d3098.webp
8567f044-5db4-40f9-887b-8532ccbc2fc9,Changing units of measure,f8b3622e-9edd-41af-b49e-41f6528b1da3,Apple Fitness,41d59266-03f6-4bed-91bf-f84557ccf8c1,1,2,c633105e-67eb-42a6-a9d9-930bd6f3f946,true,downloadableSrc,200,image/webp,54368,54368,46d8a9c95455002e95ae55781a9d67d68a6fb476b72ad7f29bcf791298208fd1,1179,2676,,,bytescale.mobbin.com,f7a1807c1ac98ccf0eecf5078d61346ac9a94ca37a547f5708d580528c9e55c0,/Users/user/mobbin-sides/screen-flows/apple-fitness/058-apple-fitness-changing-units-of-measure-8567f044-5db4-40f9-887b-8532ccbc2fc9/002-c633105e-67eb-42a6-a9d9-930bd6f3f946-downloadableSrc-46d8a9c95455.webp
8567f044-5db4-40f9-887b-8532ccbc2fc9,Changing units of measure,f8b3622e-9edd-41af-b49e-41f6528b1da3,Apple Fitness,41d59266-03f6-4bed-91bf-f84557ccf8c1,2,3,552d43ea-2598-4822-aef2-52e767f5da79,true,downloadableSrc,200,image/webp,54326,54326,242e30ea6a45550c7370a9172725d013239474fb593bac0349100aa35b0c55b5,1179,2676,,,bytescale.mobbin.com,f7a1807c1ac98ccf0eecf5078d61346ac9a94ca37a547f5708d580528c9e55c0,/Users/user/mobbin-sides/screen-flows/apple-fitness/058-apple-fitness-changing-units-of-measure-8567f044-5db4-40f9-887b-8532ccbc2fc9/003-552d43ea-2598-4822-aef2-52e767f5da79-downloadableSrc-242e30ea6a45.webp
3f3eb7da-5ebd-4bcb-bf0d-8ec2bf1c6bc0,Live Activities,f8b3622e-9edd-41af-b49e-41f6528b1da3,Apple Fitness,41d59266-03f6-4bed-91bf-f84557ccf8c1,0,1,5e65770d-0f4f-464f-8445-b23d3917ae7a,true,downloadableSrc,200,image/webp,29368,29368,ad8df7363053f6d3cc3393ee7cc6c13b3c70afad45b6d26f1d3e0f2f82d52ace,1179,2676,,,bytescale.mobbin.com,f7a1807c1ac98ccf0eecf5078d61346ac9a94ca37a547f5708d580528c9e55c0,/Users/user/mobbin-sides/screen-flows/apple-fitness/059-apple-fitness-live-activities-3f3eb7da-5ebd-4bcb-bf0d-8ec2bf1c6bc0/001-5e65770d-0f4f-464f-8445-b23d3917ae7a-downloadableSrc-ad8df7363053.webp
3f3eb7da-5ebd-4bcb-bf0d-8ec2bf1c6bc0,Live Activities,f8b3622e-9edd-41af-b49e-41f6528b1da3,Apple Fitness,41d59266-03f6-4bed-91bf-f84557ccf8c1,1,2,62ba21b5-463e-4eab-8add-837bed281d0a,true,downloadableSrc,200,image/webp,32180,32180,fb6c9c99c954df666aec97a71adf6c86f7839ccbd31e88cbf9d884d146c47da6,1179,2676,,,bytescale.mobbin.com,f7a1807c1ac98ccf0eecf5078d61346ac9a94ca37a547f5708d580528c9e55c0,/Users/user/mobbin-sides/screen-flows/apple-fitness/059-apple-fitness-live-activities-3f3eb7da-5ebd-4bcb-bf0d-8ec2bf1c6bc0/002-62ba21b5-463e-4eab-8add-837bed281d0a-downloadableSrc-fb6c9c99c954.webp
3f3eb7da-5ebd-4bcb-bf0d-8ec2bf1c6bc0,Live Activities,f8b3622e-9edd-41af-b49e-41f6528b1da3,Apple Fitness,41d59266-03f6-4bed-91bf-f84557ccf8c1,2,3,e62de56f-10a9-4212-80fc-69dd96ca3887,true,downloadableSrc,200,image/webp,33924,33924,c144e731a8d18a4c5365e641d5c0d002d3187ce5002865506c66ec7e7344fa26,1179,2676,,,bytescale.mobbin.com,f7a1807c1ac98ccf0eecf5078d61346ac9a94ca37a547f5708d580528c9e55c0,/Users/user/mobbin-sides/screen-flows/apple-fitness/059-apple-fitness-live-activities-3f3eb7da-5ebd-4bcb-bf0d-8ec2bf1c6bc0/003-e62de56f-10a9-4212-80fc-69dd96ca3887-downloadableSrc-c144e731a8d1.webp
de0ac34d-1b19-4f06-84eb-a590079c6aa6,Dynamic Island,f8b3622e-9edd-41af-b49e-41f6528b1da3,Apple Fitness,41d59266-03f6-4bed-91bf-f84557ccf8c1,0,1,b6cbddbe-a2f1-4050-8ee5-10fe30ccf937,true,downloadableSrc,200,image/webp,17270,17270,dfbf479f39e67376972b4ea8b2973e528782f1837ee0c75ccc5641f93cd1fe33,1179,2676,,,bytescale.mobbin.com,f7a1807c1ac98ccf0eecf5078d61346ac9a94ca37a547f5708d580528c9e55c0,/Users/user/mobbin-sides/screen-flows/apple-fitness/060-apple-fitness-dynamic-island-de0ac34d-1b19-4f06-84eb-a590079c6aa6/001-b6cbddbe-a2f1-4050-8ee5-10fe30ccf937-downloadableSrc-dfbf479f39e6.webp
de0ac34d-1b19-4f06-84eb-a590079c6aa6,Dynamic Island,f8b3622e-9edd-41af-b49e-41f6528b1da3,Apple Fitness,41d59266-03f6-4bed-91bf-f84557ccf8c1,1,2,bfdd7531-6b2d-4d27-88c5-fc6ef694442d,true,downloadableSrc,200,image/webp,25206,25206,1ad9a6413b1dc95b0781b9eba9afc4bd1fd64b8918f0c0fcc344c18ab3e6a3a9,1179,2676,,,bytescale.mobbin.com,f7a1807c1ac98ccf0eecf5078d61346ac9a94ca37a547f5708d580528c9e55c0,/Users/user/mobbin-sides/screen-flows/apple-fitness/060-apple-fitness-dynamic-island-de0ac34d-1b19-4f06-84eb-a590079c6aa6/002-bfdd7531-6b2d-4d27-88c5-fc6ef694442d-downloadableSrc-1ad9a6413b1d.webp
de0ac34d-1b19-4f06-84eb-a590079c6aa6,Dynamic Island,f8b3622e-9edd-41af-b49e-41f6528b1da3,Apple Fitness,41d59266-03f6-4bed-91bf-f84557ccf8c1,2,3,eeb18852-53fe-4e47-b883-4c70604ab291,true,downloadableSrc,200,image/webp,28356,28356,56f84afa763ba9571247ef3eb970a42654ca5a64250f58eb487f3d40f6043180,1179,2676,,,bytescale.mobbin.com,f7a1807c1ac98ccf0eecf5078d61346ac9a94ca37a547f5708d580528c9e55c0,/Users/user/mobbin-sides/screen-flows/apple-fitness/060-apple-fitness-dynamic-island-de0ac34d-1b19-4f06-84eb-a590079c6aa6/003-eeb18852-53fe-4e47-b883-4c70604ab291-downloadableSrc-56f84afa763b.webp
ee6510f7-211d-4c46-9559-dd4a58cf5337,Widgets,f8b3622e-9edd-41af-b49e-41f6528b1da3,Apple Fitness,41d59266-03f6-4bed-91bf-f84557ccf8c1,0,1,c1fe70c1-c102-41c8-9352-15f5897055f5,true,downloadableSrc,200,image/webp,65398,65398,64cd832d24acb85a1795358e3f804c99c6d62f8c5fcc94f083ae58b4f151ab07,1179,2676,,,bytescale.mobbin.com,f7a1807c1ac98ccf0eecf5078d61346ac9a94ca37a547f5708d580528c9e55c0,/Users/user/mobbin-sides/screen-flows/apple-fitness/061-apple-fitness-widgets-ee6510f7-211d-4c46-9559-dd4a58cf5337/001-c1fe70c1-c102-41c8-9352-15f5897055f5-downloadableSrc-64cd832d24ac.webp
