flowId,flowName,appId,appName,appVersionId,order,index,screenId,restricted,descriptor,status,contentType,contentLengthHeader,bytes,sha256,width,height,declaredWidth,declaredHeight,urlHost,urlPathHash,savedPath
52c01e84-1cf8-4268-a89e-6ab01327d2c0,Onboarding,6fc9a5b8-91ee-47dd-976d-9784a1975e1a,Cash APP,fed5f550-de22-4c8f-98d3-72b7dcf28e2e,0,1,f0b17c79-2e5d-481f-93f0-7c81cab68604,false,downloadableSrc,200,image/webp,21202,21202,5ce462ef9aad94e13aad28cbbd70e3ad9f0d4f905d1d2199e994c3f648091e6c,1284,2898,,,bytescale.mobbin.com,f7a1807c1ac98ccf0eecf5078d61346ac9a94ca37a547f5708d580528c9e55c0,/Users/user/mobbin-sides/screen-flows/cash-app/001-cash-app-onboarding-52c01e84-1cf8-4268-a89e-6ab01327d2c0/001-f0b17c79-2e5d-481f-93f0-7c81cab68604-downloadableSrc-5ce462ef9aad.webp
52c01e84-1cf8-4268-a89e-6ab01327d2c0,Onboarding,6fc9a5b8-91ee-47dd-976d-9784a1975e1a,Cash APP,fed5f550-de22-4c8f-98d3-72b7dcf28e2e,1,2,e129b712-2ca5-439f-80fe-56da6e234494,false,downloadableSrc,200,image/webp,32942,32942,23b75ac2db5535891ec784dbca5d8c36940ad0c32c56ba58f99227b1135dd364,1284,2898,,,bytescale.mobbin.com,f7a1807c1ac98ccf0eecf5078d61346ac9a94ca37a547f5708d580528c9e55c0,/Users/user/mobbin-sides/screen-flows/cash-app/001-cash-app-onboarding-52c01e84-1cf8-4268-a89e-6ab01327d2c0/002-e129b712-2ca5-439f-80fe-56da6e234494-downloadableSrc-23b75ac2db55.webp
52c01e84-1cf8-4268-a89e-6ab01327d2c0,Onboarding,6fc9a5b8-91ee-47dd-976d-9784a1975e1a,Cash APP,fed5f550-de22-4c8f-98d3-72b7dcf28e2e,2,3,25d52d0b-8716-43c9-8e53-6bcbf0fb6f93,false,downloadableSrc,200,image/webp,30542,30542,a20ee291f4f9c3c020f872324292671ba7ae4811cf1c34e68ed3aa9ac9ed4eb8,1284,2898,,,bytescale.mobbin.com,f7a1807c1ac98ccf0eecf5078d61346ac9a94ca37a547f5708d580528c9e55c0,/Users/user/mobbin-sides/screen-flows/cash-app/001-cash-app-onboarding-52c01e84-1cf8-4268-a89e-6ab01327d2c0/003-25d52d0b-8716-43c9-8e53-6bcbf0fb6f93-downloadableSrc-a20ee291f4f9.webp
52c01e84-1cf8-4268-a89e-6ab01327d2c0,Onboarding,6fc9a5b8-91ee-47dd-976d-9784a1975e1a,Cash APP,fed5f550-de22-4c8f-98d3-72b7dcf28e2e,3,4,4ea71687-5fb7-417f-921b-4c81a0aece31,false,downloadableSrc,200,image/webp,44214,44214,43e2d869aad020cad7680f83c1d70069fc7e8440346d55d028fccf2d26e13957,1284,2898,,,bytescale.mobbin.com,f7a1807c1ac98ccf0eecf5078d61346ac9a94ca37a547f5708d580528c9e55c0,/Users/user/mobbin-sides/screen-flows/cash-app/001-cash-app-onboarding-52c01e84-1cf8-4268-a89e-6ab01327d2c0/004-4ea71687-5fb7-417f-921b-4c81a0aece31-downloadableSrc-43e2d869aad0.webp
52c01e84-1cf8-4268-a89e-6ab01327d2c0,Onboarding,6fc9a5b8-91ee-47dd-976d-9784a1975e1a,Cash APP,fed5f550-de22-4c8f-98d3-72b7dcf28e2e,4,5,1611d7ce-2f7f-4525-9893-169d95d1e2ed,false,downloadableSrc,200,image/webp,45332,45332,03ce877322beaf802ccf6ec2e2c1a676404b2c1b333ebc52b7b8d32bf39a9206,1284,2898,,,bytescale.mobbin.com,f7a1807c1ac98ccf0eecf5078d61346ac9a94ca37a547f5708d580528c9e55c0,/Users/user/mobbin-sides/screen-flows/cash-app/001-cash-app-onboarding-52c01e84-1cf8-4268-a89e-6ab01327d2c0/005-1611d7ce-2f7f-4525-9893-169d95d1e2ed-downloadableSrc-03ce877322be.webp
52c01e84-1cf8-4268-a89e-6ab01327d2c0,Onboarding,6fc9a5b8-91ee-47dd-976d-9784a1975e1a,Cash APP,fed5f550-de22-4c8f-98d3-72b7dcf28e2e,5,6,702f054d-e239-4632-9fa0-be2134c5368c,false,downloadableSrc,200,image/webp,45790,45790,8af32aa1cc9e7acce55d2a3a43b3d43c35564b7c556e8345caf0157583284823,1284,2898,,,bytescale.mobbin.com,f7a1807c1ac98ccf0eecf5078d61346ac9a94ca37a547f5708d580528c9e55c0,/Users/user/mobbin-sides/screen-flows/cash-app/001-cash-app-onboarding-52c01e84-1cf8-4268-a89e-6ab01327d2c0/006-702f054d-e239-4632-9fa0-be2134c5368c-downloadableSrc-8af32aa1cc9e.webp
52c01e84-1cf8-4268-a89e-6ab01327d2c0,Onboarding,6fc9a5b8-91ee-47dd-976d-9784a1975e1a,Cash APP,fed5f550-de22-4c8f-98d3-72b7dcf28e2e,6,7,69c2cfa5-d42e-455f-b03d-fe77653e381f,false,downloadableSrc,200,image/webp,64892,64892,14a0609615fa6b7257f510580f3dcdbc54a0fc2781c6cbadbb02c750b3289c54,1284,2898,,,bytescale.mobbin.com,f7a1807c1ac98ccf0eecf5078d61346ac9a94ca37a547f5708d580528c9e55c0,/Users/user/mobbin-sides/screen-flows/cash-app/001-cash-app-onboarding-52c01e84-1cf8-4268-a89e-6ab01327d2c0/007-69c2cfa5-d42e-455f-b03d-fe77653e381f-downloadableSrc-14a0609615fa.webp
52c01e84-1cf8-4268-a89e-6ab01327d2c0,Onboarding,6fc9a5b8-91ee-47dd-976d-9784a1975e1a,Cash APP,fed5f550-de22-4c8f-98d3-72b7dcf28e2e,7,8,21ed5ec2-0d81-4b09-8677-118b4ea455ca,false,downloadableSrc,200,image/webp,70608,70608,aa0112762e65b7e0ce7cc4bfc0f3326d2bce0958b8321a47c0f14eae567d4db4,1284,2898,,,bytescale.mobbin.com,f7a1807c1ac98ccf0eecf5078d61346ac9a94ca37a547f5708d580528c9e55c0,/Users/user/mobbin-sides/screen-flows/cash-app/001-cash-app-onboarding-52c01e84-1cf8-4268-a89e-6ab01327d2c0/008-21ed5ec2-0d81-4b09-8677-118b4ea455ca-downloadableSrc-aa0112762e65.webp
52c01e84-1cf8-4268-a89e-6ab01327d2c0,Onboarding,6fc9a5b8-91ee-47dd-976d-9784a1975e1a,Cash APP,fed5f550-de22-4c8f-98d3-72b7dcf28e2e,8,9,8cdf995c-8d35-471c-bdd8-0068ba0f6cc6,false,downloadableSrc,200,image/webp,17348,17348,afd9acc1a65a75b6b2d9fb86f11204054f577cb7bfd14d8414355f5e721b092f,1284,2898,,,bytescale.mobbin.com,f7a1807c1ac98ccf0eecf5078d61346ac9a94ca37a547f5708d580528c9e55c0,/Users/user/mobbin-sides/screen-flows/cash-app/001-cash-app-onboarding-52c01e84-1cf8-4268-a89e-6ab01327d2c0/009-8cdf995c-8d35-471c-bdd8-0068ba0f6cc6-downloadableSrc-afd9acc1a65a.webp
52c01e84-1cf8-4268-a89e-6ab01327d2c0,Onboarding,6fc9a5b8-91ee-47dd-976d-9784a1975e1a,Cash APP,fed5f550-de22-4c8f-98d3-72b7dcf28e2e,9,10,b7bfb2bb-12e1-4384-8ac8-452295d42017,false,downloadableSrc,200,image/webp,44676,44676,d20f4afda40e75b30c9a1285ba6b22873b127a13597025e802b92170c3bdcae9,1284,2898,,,bytescale.mobbin.com,f7a1807c1ac98ccf0eecf5078d61346ac9a94ca37a547f5708d580528c9e55c0,/Users/user/mobbin-sides/screen-flows/cash-app/001-cash-app-onboarding-52c01e84-1cf8-4268-a89e-6ab01327d2c0/010-b7bfb2bb-12e1-4384-8ac8-452295d42017-downloadableSrc-d20f4afda40e.webp
52c01e84-1cf8-4268-a89e-6ab01327d2c0,Onboarding,6fc9a5b8-91ee-47dd-976d-9784a1975e1a,Cash APP,fed5f550-de22-4c8f-98d3-72b7dcf28e2e,10,11,9ffc0d58-4965-4275-b9af-3c6ed895ad41,false,downloadableSrc,200,image/webp,53446,53446,774312048bdfca0dc810a013fe923f2a93d0a6e6413602a1f800877623b2753e,1284,2898,,,bytescale.mobbin.com,f7a1807c1ac98ccf0eecf5078d61346ac9a94ca37a547f5708d580528c9e55c0,/Users/user/mobbin-sides/screen-flows/cash-app/001-cash-app-onboarding-52c01e84-1cf8-4268-a89e-6ab01327d2c0/011-9ffc0d58-4965-4275-b9af-3c6ed895ad41-downloadableSrc-774312048bdf.webp
52c01e84-1cf8-4268-a89e-6ab01327d2c0,Onboarding,6fc9a5b8-91ee-47dd-976d-9784a1975e1a,Cash APP,fed5f550-de22-4c8f-98d3-72b7dcf28e2e,11,12,610d86de-68a3-40a8-890d-b05ad5613dd4,false,downloadableSrc,200,image/webp,39160,39160,21b09d924c4eb133c149b0e0402e606907691382cfbfab0dfdd8b2b2bf42b98d,1284,2898,,,bytescale.mobbin.com,f7a1807c1ac98ccf0eecf5078d61346ac9a94ca37a547f5708d580528c9e55c0,/Users/user/mobbin-sides/screen-flows/cash-app/001-cash-app-onboarding-52c01e84-1cf8-4268-a89e-6ab01327d2c0/012-610d86de-68a3-40a8-890d-b05ad5613dd4-downloadableSrc-21b09d924c4e.webp
52c01e84-1cf8-4268-a89e-6ab01327d2c0,Onboarding,6fc9a5b8-91ee-47dd-976d-9784a1975e1a,Cash APP,fed5f550-de22-4c8f-98d3-72b7dcf28e2e,12,13,c1986f25-461b-4e20-9677-032fa4a905b1,false,downloadableSrc,200,image/webp,43978,43978,fafb85ce1c326ae68e0ba8b1a005fce8761f82d58406bdc9505a253e50c06818,1284,2898,,,bytescale.mobbin.com,f7a1807c1ac98ccf0eecf5078d61346ac9a94ca37a547f5708d580528c9e55c0,/Users/user/mobbin-sides/screen-flows/cash-app/001-cash-app-onboarding-52c01e84-1cf8-4268-a89e-6ab01327d2c0/013-c1986f25-461b-4e20-9677-032fa4a905b1-downloadableSrc-fafb85ce1c32.webp
52c01e84-1cf8-4268-a89e-6ab01327d2c0,Onboarding,6fc9a5b8-91ee-47dd-976d-9784a1975e1a,Cash APP,fed5f550-de22-4c8f-98d3-72b7dcf28e2e,13,14,23839481-4a8a-4142-ba51-fc58a41f4dee,false,downloadableSrc,200,image/webp,33534,33534,66790f378a29ce57679d42a2e2e2218dc1c686c2f78b67e742dd103ba5ba04fa,1284,2898,,,bytescale.mobbin.com,f7a1807c1ac98ccf0eecf5078d61346ac9a94ca37a547f5708d580528c9e55c0,/Users/user/mobbin-sides/screen-flows/cash-app/001-cash-app-onboarding-52c01e84-1cf8-4268-a89e-6ab01327d2c0/014-23839481-4a8a-4142-ba51-fc58a41f4dee-downloadableSrc-66790f378a29.webp
52c01e84-1cf8-4268-a89e-6ab01327d2c0,Onboarding,6fc9a5b8-91ee-47dd-976d-9784a1975e1a,Cash APP,fed5f550-de22-4c8f-98d3-72b7dcf28e2e,14,15,7d8053e6-df69-45a6-aa61-62485d6e5f4f,false,downloadableSrc,200,image/webp,36134,36134,2c51039f6dd2a2afe9c349d629103ac871b5f177d70d389ac0f99137aa015ab3,1284,2898,,,bytescale.mobbin.com,f7a1807c1ac98ccf0eecf5078d61346ac9a94ca37a547f5708d580528c9e55c0,/Users/user/mobbin-sides/screen-flows/cash-app/001-cash-app-onboarding-52c01e84-1cf8-4268-a89e-6ab01327d2c0/015-7d8053e6-df69-45a6-aa61-62485d6e5f4f-downloadableSrc-2c51039f6dd2.webp
52c01e84-1cf8-4268-a89e-6ab01327d2c0,Onboarding,6fc9a5b8-91ee-47dd-976d-9784a1975e1a,Cash APP,fed5f550-de22-4c8f-98d3-72b7dcf28e2e,15,16,62c0afe5-d2b6-45d0-932b-917194cc84c2,false,downloadableSrc,200,image/webp,26834,26834,2b15abc089ec2aee85534c9a2e9b6a1271143fa6d6fd28567b8d13891902aebb,1284,2898,,,bytescale.mobbin.com,f7a1807c1ac98ccf0eecf5078d61346ac9a94ca37a547f5708d580528c9e55c0,/Users/user/mobbin-sides/screen-flows/cash-app/001-cash-app-onboarding-52c01e84-1cf8-4268-a89e-6ab01327d2c0/016-62c0afe5-d2b6-45d0-932b-917194cc84c2-downloadableSrc-2b15abc089ec.webp
52c01e84-1cf8-4268-a89e-6ab01327d2c0,Onboarding,6fc9a5b8-91ee-47dd-976d-9784a1975e1a,Cash APP,fed5f550-de22-4c8f-98d3-72b7dcf28e2e,16,17,a539ae5c-a769-44ae-91ed-5b0602ab835d,false,downloadableSrc,200,image/webp,102800,102800,ca11b3c95f2ff09c0f7642206763a1e63791b4b0b0755f6497e1fda52532dcab,1284,2898,,,bytescale.mobbin.com,f7a1807c1ac98ccf0eecf5078d61346ac9a94ca37a547f5708d580528c9e55c0,/Users/user/mobbin-sides/screen-flows/cash-app/001-cash-app-onboarding-52c01e84-1cf8-4268-a89e-6ab01327d2c0/017-a539ae5c-a769-44ae-91ed-5b0602ab835d-downloadableSrc-ca11b3c95f2f.webp
52c01e84-1cf8-4268-a89e-6ab01327d2c0,Onboarding,6fc9a5b8-91ee-47dd-976d-9784a1975e1a,Cash APP,fed5f550-de22-4c8f-98d3-72b7dcf28e2e,17,18,5acd1f49-cbab-4f42-8da5-41369e7f1b75,false,downloadableSrc,200,image/webp,104980,104980,9580ef445a4642c0e364c5cf3af081919a5636cdfe2c3832137566fa1bbffab6,1284,2898,,,bytescale.mobbin.com,f7a1807c1ac98ccf0eecf5078d61346ac9a94ca37a547f5708d580528c9e55c0,/Users/user/mobbin-sides/screen-flows/cash-app/001-cash-app-onboarding-52c01e84-1cf8-4268-a89e-6ab01327d2c0/018-5acd1f49-cbab-4f42-8da5-41369e7f1b75-downloadableSrc-9580ef445a46.webp
52c01e84-1cf8-4268-a89e-6ab01327d2c0,Onboarding,6fc9a5b8-91ee-47dd-976d-9784a1975e1a,Cash APP,fed5f550-de22-4c8f-98d3-72b7dcf28e2e,18,19,9901082c-fe28-4342-8351-e2b45022486a,false,downloadableSrc,200,image/webp,62404,62404,a3e82f9b5e58f6724d2686f9839c703129022caa47e000b53389ba38739b200c,1284,2898,,,bytescale.mobbin.com,f7a1807c1ac98ccf0eecf5078d61346ac9a94ca37a547f5708d580528c9e55c0,/Users/user/mobbin-sides/screen-flows/cash-app/001-cash-app-onboarding-52c01e84-1cf8-4268-a89e-6ab01327d2c0/019-9901082c-fe28-4342-8351-e2b45022486a-downloadableSrc-a3e82f9b5e58.webp
52c01e84-1cf8-4268-a89e-6ab01327d2c0,Onboarding,6fc9a5b8-91ee-47dd-976d-9784a1975e1a,Cash APP,fed5f550-de22-4c8f-98d3-72b7dcf28e2e,19,20,6192f39a-d728-4821-b469-0d585a9f1012,false,downloadableSrc,200,image/webp,68390,68390,09dc20abc5096f5d943546f969d5cd11f3f5a9c624839a9f139a8a4b32d37456,1284,2898,,,bytescale.mobbin.com,f7a1807c1ac98ccf0eecf5078d61346ac9a94ca37a547f5708d580528c9e55c0,/Users/user/mobbin-sides/screen-flows/cash-app/001-cash-app-onboarding-52c01e84-1cf8-4268-a89e-6ab01327d2c0/020-6192f39a-d728-4821-b469-0d585a9f1012-downloadableSrc-09dc20abc509.webp
52c01e84-1cf8-4268-a89e-6ab01327d2c0,Onboarding,6fc9a5b8-91ee-47dd-976d-9784a1975e1a,Cash APP,fed5f550-de22-4c8f-98d3-72b7dcf28e2e,20,21,de6cbe24-7c6c-472e-a9db-d9fd2ba20291,false,downloadableSrc,200,image/webp,25480,25480,67de3ef8fb3e7f7d425715f5c1eade32690b285a7e1bdc157e1556113c36af68,1284,2898,,,bytescale.mobbin.com,f7a1807c1ac98ccf0eecf5078d61346ac9a94ca37a547f5708d580528c9e55c0,/Users/user/mobbin-sides/screen-flows/cash-app/001-cash-app-onboarding-52c01e84-1cf8-4268-a89e-6ab01327d2c0/021-de6cbe24-7c6c-472e-a9db-d9fd2ba20291-downloadableSrc-67de3ef8fb3e.webp
52c01e84-1cf8-4268-a89e-6ab01327d2c0,Onboarding,6fc9a5b8-91ee-47dd-976d-9784a1975e1a,Cash APP,fed5f550-de22-4c8f-98d3-72b7dcf28e2e,21,22,e07a4df3-35d5-4fac-bc78-289aa1ceb6ef,false,downloadableSrc,200,image/webp,66888,66888,8044a0679883ed78a7251ac271c45464826dba2537beff46d2466a9527ffd3d4,1284,2898,,,bytescale.mobbin.com,f7a1807c1ac98ccf0eecf5078d61346ac9a94ca37a547f5708d580528c9e55c0,/Users/user/mobbin-sides/screen-flows/cash-app/001-cash-app-onboarding-52c01e84-1cf8-4268-a89e-6ab01327d2c0/022-e07a4df3-35d5-4fac-bc78-289aa1ceb6ef-downloadableSrc-8044a0679883.webp
6f06bd69-7390-4f5b-aaff-b769c309a044,Account recovery,6fc9a5b8-91ee-47dd-976d-9784a1975e1a,Cash APP,fed5f550-de22-4c8f-98d3-72b7dcf28e2e,0,1,e129b712-2ca5-439f-80fe-56da6e234494,true,downloadableSrc,200,image/webp,32942,32942,23b75ac2db5535891ec784dbca5d8c36940ad0c32c56ba58f99227b1135dd364,1284,2898,,,bytescale.mobbin.com,f7a1807c1ac98ccf0eecf5078d61346ac9a94ca37a547f5708d580528c9e55c0,/Users/user/mobbin-sides/screen-flows/cash-app/002-cash-app-account-recovery-6f06bd69-7390-4f5b-aaff-b769c309a044/001-e129b712-2ca5-439f-80fe-56da6e234494-downloadableSrc-23b75ac2db55.webp
6f06bd69-7390-4f5b-aaff-b769c309a044,Account recovery,6fc9a5b8-91ee-47dd-976d-9784a1975e1a,Cash APP,fed5f550-de22-4c8f-98d3-72b7dcf28e2e,1,2,e299aae2-7469-43ec-a193-b35b51756f06,true,downloadableSrc,200,image/webp,37798,37798,97c474854a270821b66ffb729b26ad7ab891f64c168f331270d06b8673b66917,1284,2898,,,bytescale.mobbin.com,f7a1807c1ac98ccf0eecf5078d61346ac9a94ca37a547f5708d580528c9e55c0,/Users/user/mobbin-sides/screen-flows/cash-app/002-cash-app-account-recovery-6f06bd69-7390-4f5b-aaff-b769c309a044/002-e299aae2-7469-43ec-a193-b35b51756f06-downloadableSrc-97c474854a27.webp
6f06bd69-7390-4f5b-aaff-b769c309a044,Account recovery,6fc9a5b8-91ee-47dd-976d-9784a1975e1a,Cash APP,fed5f550-de22-4c8f-98d3-72b7dcf28e2e,2,3,2606dc12-a281-470b-82d8-d16944a96371,true,downloadableSrc,200,image/webp,34758,34758,bbca7f4b0dbd0d532319d5d2c5aa4225d7790fe478db215267126152847b6008,1284,2898,,,bytescale.mobbin.com,f7a1807c1ac98ccf0eecf5078d61346ac9a94ca37a547f5708d580528c9e55c0,/Users/user/mobbin-sides/screen-flows/cash-app/002-cash-app-account-recovery-6f06bd69-7390-4f5b-aaff-b769c309a044/003-2606dc12-a281-470b-82d8-d16944a96371-downloadableSrc-bbca7f4b0dbd.webp
6f06bd69-7390-4f5b-aaff-b769c309a044,Account recovery,6fc9a5b8-91ee-47dd-976d-9784a1975e1a,Cash APP,fed5f550-de22-4c8f-98d3-72b7dcf28e2e,3,4,19d32716-14ec-4bda-8967-ecef92f93f07,true,downloadableSrc,200,image/webp,31940,31940,9a192f1fc321daed21decc21674c95c4a6a288363603ce1739f57d64cc4cc0e7,1284,2898,,,bytescale.mobbin.com,f7a1807c1ac98ccf0eecf5078d61346ac9a94ca37a547f5708d580528c9e55c0,/Users/user/mobbin-sides/screen-flows/cash-app/002-cash-app-account-recovery-6f06bd69-7390-4f5b-aaff-b769c309a044/004-19d32716-14ec-4bda-8967-ecef92f93f07-downloadableSrc-9a192f1fc321.webp
1e97fe3c-6138-4ad4-97d6-4340a3d08753,Home,6fc9a5b8-91ee-47dd-976d-9784a1975e1a,Cash APP,fed5f550-de22-4c8f-98d3-72b7dcf28e2e,0,1,e07a4df3-35d5-4fac-bc78-289aa1ceb6ef,true,downloadableSrc,200,image/webp,66888,66888,8044a0679883ed78a7251ac271c45464826dba2537beff46d2466a9527ffd3d4,1284,2898,,,bytescale.mobbin.com,f7a1807c1ac98ccf0eecf5078d61346ac9a94ca37a547f5708d580528c9e55c0,/Users/user/mobbin-sides/screen-flows/cash-app/003-cash-app-home-1e97fe3c-6138-4ad4-97d6-4340a3d08753/001-e07a4df3-35d5-4fac-bc78-289aa1ceb6ef-downloadableSrc-8044a0679883.webp
1e97fe3c-6138-4ad4-97d6-4340a3d08753,Home,6fc9a5b8-91ee-47dd-976d-9784a1975e1a,Cash APP,fed5f550-de22-4c8f-98d3-72b7dcf28e2e,1,2,16311b94-ffbf-4730-9bf3-db0d02fb5117,true,downloadableSrc,200,image/webp,65850,65850,8e42da091f13528f5646d67050d5ee12a19caba72f21f3b4065c9f1d52ae4099,1284,2898,,,bytescale.mobbin.com,f7a1807c1ac98ccf0eecf5078d61346ac9a94ca37a547f5708d580528c9e55c0,/Users/user/mobbin-sides/screen-flows/cash-app/003-cash-app-home-1e97fe3c-6138-4ad4-97d6-4340a3d08753/002-16311b94-ffbf-4730-9bf3-db0d02fb5117-downloadableSrc-8e42da091f13.webp
1e97fe3c-6138-4ad4-97d6-4340a3d08753,Home,6fc9a5b8-91ee-47dd-976d-9784a1975e1a,Cash APP,fed5f550-de22-4c8f-98d3-72b7dcf28e2e,2,3,f6dbb413-0a08-403f-86fa-616b1437b100,true,downloadableSrc,200,image/webp,94876,94876,6bf99159028d167527b7533923e0455e3f28c0167e422f0a4e68164e13e54f6a,1284,2898,,,bytescale.mobbin.com,f7a1807c1ac98ccf0eecf5078d61346ac9a94ca37a547f5708d580528c9e55c0,/Users/user/mobbin-sides/screen-flows/cash-app/003-cash-app-home-1e97fe3c-6138-4ad4-97d6-4340a3d08753/003-f6dbb413-0a08-403f-86fa-616b1437b100-downloadableSrc-6bf99159028d.webp
1e97fe3c-6138-4ad4-97d6-4340a3d08753,Home,6fc9a5b8-91ee-47dd-976d-9784a1975e1a,Cash APP,fed5f550-de22-4c8f-98d3-72b7dcf28e2e,3,4,f0fbb9ea-e299-4ab7-904c-b7f8248bf238,true,downloadableSrc,200,image/webp,73022,73022,09fd46a40afa8a5b1b9d668325928583ca6bf6fb120bd6abc19566c5d045704a,1284,2898,,,bytescale.mobbin.com,f7a1807c1ac98ccf0eecf5078d61346ac9a94ca37a547f5708d580528c9e55c0,/Users/user/mobbin-sides/screen-flows/cash-app/003-cash-app-home-1e97fe3c-6138-4ad4-97d6-4340a3d08753/004-f0fbb9ea-e299-4ab7-904c-b7f8248bf238-downloadableSrc-09fd46a40afa.webp
1e97fe3c-6138-4ad4-97d6-4340a3d08753,Home,6fc9a5b8-91ee-47dd-976d-9784a1975e1a,Cash APP,fed5f550-de22-4c8f-98d3-72b7dcf28e2e,4,5,1876a951-0a7f-4d39-b2ce-a76811421e3d,true,downloadableSrc,200,image/webp,100348,100348,acf818ddde81196fd7389cff315279f0e4d2b5914760c83d74b82fb264f34171,1284,2898,,,bytescale.mobbin.com,f7a1807c1ac98ccf0eecf5078d61346ac9a94ca37a547f5708d580528c9e55c0,/Users/user/mobbin-sides/screen-flows/cash-app/003-cash-app-home-1e97fe3c-6138-4ad4-97d6-4340a3d08753/005-1876a951-0a7f-4d39-b2ce-a76811421e3d-downloadableSrc-acf818ddde81.webp
1e97fe3c-6138-4ad4-97d6-4340a3d08753,Home,6fc9a5b8-91ee-47dd-976d-9784a1975e1a,Cash APP,fed5f550-de22-4c8f-98d3-72b7dcf28e2e,5,6,5dd6c543-5c31-46ab-91f8-9ba6a278766c,true,downloadableSrc,200,image/webp,99198,99198,c57944cd308d5b33ea4b947951be33e8e3ebfc9d45e3a5fdc2f8532f00d65217,1284,2898,,,bytescale.mobbin.com,f7a1807c1ac98ccf0eecf5078d61346ac9a94ca37a547f5708d580528c9e55c0,/Users/user/mobbin-sides/screen-flows/cash-app/003-cash-app-home-1e97fe3c-6138-4ad4-97d6-4340a3d08753/006-5dd6c543-5c31-46ab-91f8-9ba6a278766c-downloadableSrc-c57944cd308d.webp
1e97fe3c-6138-4ad4-97d6-4340a3d08753,Home,6fc9a5b8-91ee-47dd-976d-9784a1975e1a,Cash APP,fed5f550-de22-4c8f-98d3-72b7dcf28e2e,6,7,dc6e2792-3e44-4e1e-9f82-554545dd377f,true,downloadableSrc,200,image/webp,111090,111090,da1c5d82bfb425f9429e33dd2539cc8ffea4973717a2e4626ece646e36506741,1284,2898,,,bytescale.mobbin.com,f7a1807c1ac98ccf0eecf5078d61346ac9a94ca37a547f5708d580528c9e55c0,/Users/user/mobbin-sides/screen-flows/cash-app/003-cash-app-home-1e97fe3c-6138-4ad4-97d6-4340a3d08753/007-dc6e2792-3e44-4e1e-9f82-554545dd377f-downloadableSrc-da1c5d82bfb4.webp
15ca9255-c858-4b4a-8c96-9f526d7e09a5,Card,6fc9a5b8-91ee-47dd-976d-9784a1975e1a,Cash APP,fed5f550-de22-4c8f-98d3-72b7dcf28e2e,0,1,e07a4df3-35d5-4fac-bc78-289aa1ceb6ef,true,downloadableSrc,200,image/webp,66888,66888,8044a0679883ed78a7251ac271c45464826dba2537beff46d2466a9527ffd3d4,1284,2898,,,bytescale.mobbin.com,f7a1807c1ac98ccf0eecf5078d61346ac9a94ca37a547f5708d580528c9e55c0,/Users/user/mobbin-sides/screen-flows/cash-app/004-cash-app-card-15ca9255-c858-4b4a-8c96-9f526d7e09a5/001-e07a4df3-35d5-4fac-bc78-289aa1ceb6ef-downloadableSrc-8044a0679883.webp
15ca9255-c858-4b4a-8c96-9f526d7e09a5,Card,6fc9a5b8-91ee-47dd-976d-9784a1975e1a,Cash APP,fed5f550-de22-4c8f-98d3-72b7dcf28e2e,1,2,9ba147d6-c13b-4624-a8f9-c261e027023a,true,downloadableSrc,200,image/webp,65388,65388,12eca2509edf09c02409c64089aec3d104eabbfd314fe0726a01265b8dfef6e9,1284,2898,,,bytescale.mobbin.com,f7a1807c1ac98ccf0eecf5078d61346ac9a94ca37a547f5708d580528c9e55c0,/Users/user/mobbin-sides/screen-flows/cash-app/004-cash-app-card-15ca9255-c858-4b4a-8c96-9f526d7e09a5/002-9ba147d6-c13b-4624-a8f9-c261e027023a-downloadableSrc-12eca2509edf.webp
15ca9255-c858-4b4a-8c96-9f526d7e09a5,Card,6fc9a5b8-91ee-47dd-976d-9784a1975e1a,Cash APP,fed5f550-de22-4c8f-98d3-72b7dcf28e2e,2,3,3b9b3582-ea88-4caf-baa9-1cc8ae103f75,true,downloadableSrc,200,image/webp,61872,61872,20726f470dbb77c52c6ddd3df036781a0d950ca98197ba949f09370e6c7875b6,1284,2898,,,bytescale.mobbin.com,f7a1807c1ac98ccf0eecf5078d61346ac9a94ca37a547f5708d580528c9e55c0,/Users/user/mobbin-sides/screen-flows/cash-app/004-cash-app-card-15ca9255-c858-4b4a-8c96-9f526d7e09a5/003-3b9b3582-ea88-4caf-baa9-1cc8ae103f75-downloadableSrc-20726f470dbb.webp
15ca9255-c858-4b4a-8c96-9f526d7e09a5,Card,6fc9a5b8-91ee-47dd-976d-9784a1975e1a,Cash APP,fed5f550-de22-4c8f-98d3-72b7dcf28e2e,3,4,c6a90cc7-d029-47c2-8eb4-1d38ba9f9b22,true,downloadableSrc,200,image/webp,100658,100658,5482b6bf5dce5fa586009a3719f51c97e343648f653c903dedd28e58b99fc6dc,1284,2898,,,bytescale.mobbin.com,f7a1807c1ac98ccf0eecf5078d61346ac9a94ca37a547f5708d580528c9e55c0,/Users/user/mobbin-sides/screen-flows/cash-app/004-cash-app-card-15ca9255-c858-4b4a-8c96-9f526d7e09a5/004-c6a90cc7-d029-47c2-8eb4-1d38ba9f9b22-downloadableSrc-5482b6bf5dce.webp
9ccd911d-ebc4-4d2e-95b8-ab9fde9ca39e,Ordering a card,6fc9a5b8-91ee-47dd-976d-9784a1975e1a,Cash APP,fed5f550-de22-4c8f-98d3-72b7dcf28e2e,0,1,ef64b163-3f4f-4dd3-88b1-c8ba7d040948,true,downloadableSrc,200,image/webp,84344,84344,9577430a83a2d8dd577f9207d7d6d6a70678a03ceea7ca573ed6554942d010ba,1284,2898,,,bytescale.mobbin.com,f7a1807c1ac98ccf0eecf5078d61346ac9a94ca37a547f5708d580528c9e55c0,/Users/user/mobbin-sides/screen-flows/cash-app/005-cash-app-ordering-a-card-9ccd911d-ebc4-4d2e-95b8-ab9fde9ca39e/001-ef64b163-3f4f-4dd3-88b1-c8ba7d040948-downloadableSrc-9577430a83a2.webp
9ccd911d-ebc4-4d2e-95b8-ab9fde9ca39e,Ordering a card,6fc9a5b8-91ee-47dd-976d-9784a1975e1a,Cash APP,fed5f550-de22-4c8f-98d3-72b7dcf28e2e,1,2,44d26ee7-faa1-4d2d-b61f-977dad2cfbb4,true,downloadableSrc,200,image/webp,81210,81210,26f21afb07f988632a39f1e96b55fe72da56b3ce67dd6365d344ab40506e3900,1284,2898,,,bytescale.mobbin.com,f7a1807c1ac98ccf0eecf5078d61346ac9a94ca37a547f5708d580528c9e55c0,/Users/user/mobbin-sides/screen-flows/cash-app/005-cash-app-ordering-a-card-9ccd911d-ebc4-4d2e-95b8-ab9fde9ca39e/002-44d26ee7-faa1-4d2d-b61f-977dad2cfbb4-downloadableSrc-26f21afb07f9.webp
9ccd911d-ebc4-4d2e-95b8-ab9fde9ca39e,Ordering a card,6fc9a5b8-91ee-47dd-976d-9784a1975e1a,Cash APP,fed5f550-de22-4c8f-98d3-72b7dcf28e2e,2,3,7a2c7b26-8c67-4165-b95f-acf197d417e5,true,downloadableSrc,200,image/webp,123118,123118,6b8ac087f6b84d299bd8ed642c73482e328da888dc900959fe3cce2f6fd1431c,1284,2898,,,bytescale.mobbin.com,f7a1807c1ac98ccf0eecf5078d61346ac9a94ca37a547f5708d580528c9e55c0,/Users/user/mobbin-sides/screen-flows/cash-app/005-cash-app-ordering-a-card-9ccd911d-ebc4-4d2e-95b8-ab9fde9ca39e/003-7a2c7b26-8c67-4165-b95f-acf197d417e5-downloadableSrc-6b8ac087f6b8.webp
9ccd911d-ebc4-4d2e-95b8-ab9fde9ca39e,Ordering a card,6fc9a5b8-91ee-47dd-976d-9784a1975e1a,Cash APP,fed5f550-de22-4c8f-98d3-72b7dcf28e2e,3,4,0308afcc-66b6-4766-aca4-5dc746dc2445,true,downloadableSrc,200,image/webp,47332,47332,22844c1effbff2febb1c0642f0e8b21bb564d31acae44991eb06153ce0a089cf,1284,2898,,,bytescale.mobbin.com,f7a1807c1ac98ccf0eecf5078d61346ac9a94ca37a547f5708d580528c9e55c0,/Users/user/mobbin-sides/screen-flows/cash-app/005-cash-app-ordering-a-card-9ccd911d-ebc4-4d2e-95b8-ab9fde9ca39e/004-0308afcc-66b6-4766-aca4-5dc746dc2445-downloadableSrc-22844c1effbf.webp
9ccd911d-ebc4-4d2e-95b8-ab9fde9ca39e,Ordering a card,6fc9a5b8-91ee-47dd-976d-9784a1975e1a,Cash APP,fed5f550-de22-4c8f-98d3-72b7dcf28e2e,4,5,28fdc82b-96bd-4991-bba5-f297c1c6e8b9,true,downloadableSrc,200,image/webp,33674,33674,3b66176ad89c001ec1a75ce85fb3977901af0183134362d5ecc28ace8448588e,1284,2898,,,bytescale.mobbin.com,f7a1807c1ac98ccf0eecf5078d61346ac9a94ca37a547f5708d580528c9e55c0,/Users/user/mobbin-sides/screen-flows/cash-app/005-cash-app-ordering-a-card-9ccd911d-ebc4-4d2e-95b8-ab9fde9ca39e/005-28fdc82b-96bd-4991-bba5-f297c1c6e8b9-downloadableSrc-3b66176ad89c.webp
9ccd911d-ebc4-4d2e-95b8-ab9fde9ca39e,Ordering a card,6fc9a5b8-91ee-47dd-976d-9784a1975e1a,Cash APP,fed5f550-de22-4c8f-98d3-72b7dcf28e2e,5,6,e69edcb9-7e0e-4b62-bfc6-9deef4e3c523,true,downloadableSrc,200,image/webp,75208,75208,a7b4cb76dfcc0e9103597fc0aaa2b19d29e3c64cecb40e8f8c3a73e3e6c1842c,1284,2898,,,bytescale.mobbin.com,f7a1807c1ac98ccf0eecf5078d61346ac9a94ca37a547f5708d580528c9e55c0,/Users/user/mobbin-sides/screen-flows/cash-app/005-cash-app-ordering-a-card-9ccd911d-ebc4-4d2e-95b8-ab9fde9ca39e/006-e69edcb9-7e0e-4b62-bfc6-9deef4e3c523-downloadableSrc-a7b4cb76dfcc.webp
9ccd911d-ebc4-4d2e-95b8-ab9fde9ca39e,Ordering a card,6fc9a5b8-91ee-47dd-976d-9784a1975e1a,Cash APP,fed5f550-de22-4c8f-98d3-72b7dcf28e2e,6,7,c0b32b7b-a8f5-4e99-83e2-966c30ba4042,true,downloadableSrc,200,image/webp,57970,57970,36075b2b9762769e52d66d9d9833f0be4971624deb5b89e095bca40c8afcb535,1284,2898,,,bytescale.mobbin.com,f7a1807c1ac98ccf0eecf5078d61346ac9a94ca37a547f5708d580528c9e55c0,/Users/user/mobbin-sides/screen-flows/cash-app/005-cash-app-ordering-a-card-9ccd911d-ebc4-4d2e-95b8-ab9fde9ca39e/007-c0b32b7b-a8f5-4e99-83e2-966c30ba4042-downloadableSrc-36075b2b9762.webp
9ccd911d-ebc4-4d2e-95b8-ab9fde9ca39e,Ordering a card,6fc9a5b8-91ee-47dd-976d-9784a1975e1a,Cash APP,fed5f550-de22-4c8f-98d3-72b7dcf28e2e,7,8,2abe6b87-9e4c-4b69-96cf-68cbb908d8df,true,downloadableSrc,200,image/webp,51376,51376,475161aa42199f0b0625a39718aaa3bfbee6dcecb06f9695e9d1e0f3b20786d7,1284,2898,,,bytescale.mobbin.com,f7a1807c1ac98ccf0eecf5078d61346ac9a94ca37a547f5708d580528c9e55c0,/Users/user/mobbin-sides/screen-flows/cash-app/005-cash-app-ordering-a-card-9ccd911d-ebc4-4d2e-95b8-ab9fde9ca39e/008-2abe6b87-9e4c-4b69-96cf-68cbb908d8df-downloadableSrc-475161aa4219.webp
9ccd911d-ebc4-4d2e-95b8-ab9fde9ca39e,Ordering a card,6fc9a5b8-91ee-47dd-976d-9784a1975e1a,Cash APP,fed5f550-de22-4c8f-98d3-72b7dcf28e2e,8,9,0ff8acae-3957-4fdc-99b1-05d1df8f434d,true,downloadableSrc,200,image/webp,130772,130772,8fe8df1e31f90d92e3b22ae4f7891bea4d72771eaee52f46de3bed90266b8347,1284,2898,,,bytescale.mobbin.com,f7a1807c1ac98ccf0eecf5078d61346ac9a94ca37a547f5708d580528c9e55c0,/Users/user/mobbin-sides/screen-flows/cash-app/005-cash-app-ordering-a-card-9ccd911d-ebc4-4d2e-95b8-ab9fde9ca39e/009-0ff8acae-3957-4fdc-99b1-05d1df8f434d-downloadableSrc-8fe8df1e31f9.webp
9ccd911d-ebc4-4d2e-95b8-ab9fde9ca39e,Ordering a card,6fc9a5b8-91ee-47dd-976d-9784a1975e1a,Cash APP,fed5f550-de22-4c8f-98d3-72b7dcf28e2e,9,10,7f40319b-12c3-46a2-93eb-da87d89684dd,true,downloadableSrc,200,image/webp,157802,157802,c219016bbdbd678a74e5dcc780702f5602bf0767c64ff7222ba0b2c8e421e418,1284,2898,,,bytescale.mobbin.com,f7a1807c1ac98ccf0eecf5078d61346ac9a94ca37a547f5708d580528c9e55c0,/Users/user/mobbin-sides/screen-flows/cash-app/005-cash-app-ordering-a-card-9ccd911d-ebc4-4d2e-95b8-ab9fde9ca39e/010-7f40319b-12c3-46a2-93eb-da87d89684dd-downloadableSrc-c219016bbdbd.webp
9ccd911d-ebc4-4d2e-95b8-ab9fde9ca39e,Ordering a card,6fc9a5b8-91ee-47dd-976d-9784a1975e1a,Cash APP,fed5f550-de22-4c8f-98d3-72b7dcf28e2e,10,11,97c9fc19-337b-4212-aa6a-7279b50233a4,true,downloadableSrc,200,image/webp,77024,77024,2a1447557f3751957aaf5fc3e4cd35771d3ff7e232fbbc77daa482df74581366,1284,2898,,,bytescale.mobbin.com,f7a1807c1ac98ccf0eecf5078d61346ac9a94ca37a547f5708d580528c9e55c0,/Users/user/mobbin-sides/screen-flows/cash-app/005-cash-app-ordering-a-card-9ccd911d-ebc4-4d2e-95b8-ab9fde9ca39e/011-97c9fc19-337b-4212-aa6a-7279b50233a4-downloadableSrc-2a1447557f37.webp
9ccd911d-ebc4-4d2e-95b8-ab9fde9ca39e,Ordering a card,6fc9a5b8-91ee-47dd-976d-9784a1975e1a,Cash APP,fed5f550-de22-4c8f-98d3-72b7dcf28e2e,11,12,9ba147d6-c13b-4624-a8f9-c261e027023a,true,downloadableSrc,200,image/webp,65388,65388,12eca2509edf09c02409c64089aec3d104eabbfd314fe0726a01265b8dfef6e9,1284,2898,,,bytescale.mobbin.com,f7a1807c1ac98ccf0eecf5078d61346ac9a94ca37a547f5708d580528c9e55c0,/Users/user/mobbin-sides/screen-flows/cash-app/005-cash-app-ordering-a-card-9ccd911d-ebc4-4d2e-95b8-ab9fde9ca39e/012-9ba147d6-c13b-4624-a8f9-c261e027023a-downloadableSrc-12eca2509edf.webp
e4cfec6a-f4de-4143-aee2-f8243f57c2cf,Customizing a card,6fc9a5b8-91ee-47dd-976d-9784a1975e1a,Cash APP,fed5f550-de22-4c8f-98d3-72b7dcf28e2e,0,1,0308afcc-66b6-4766-aca4-5dc746dc2445,true,downloadableSrc,200,image/webp,47332,47332,22844c1effbff2febb1c0642f0e8b21bb564d31acae44991eb06153ce0a089cf,1284,2898,,,bytescale.mobbin.com,f7a1807c1ac98ccf0eecf5078d61346ac9a94ca37a547f5708d580528c9e55c0,/Users/user/mobbin-sides/screen-flows/cash-app/006-cash-app-customizing-a-card-e4cfec6a-f4de-4143-aee2-f8243f57c2cf/001-0308afcc-66b6-4766-aca4-5dc746dc2445-downloadableSrc-22844c1effbf.webp
e4cfec6a-f4de-4143-aee2-f8243f57c2cf,Customizing a card,6fc9a5b8-91ee-47dd-976d-9784a1975e1a,Cash APP,fed5f550-de22-4c8f-98d3-72b7dcf28e2e,1,2,54ce5369-864c-4737-9caa-5d04608bd567,true,downloadableSrc,200,image/webp,25454,25454,119712d2c8f4617c177477be6732e9058432cf89d9660db9fe4fa78c0af2476d,1284,2898,,,bytescale.mobbin.com,f7a1807c1ac98ccf0eecf5078d61346ac9a94ca37a547f5708d580528c9e55c0,/Users/user/mobbin-sides/screen-flows/cash-app/006-cash-app-customizing-a-card-e4cfec6a-f4de-4143-aee2-f8243f57c2cf/002-54ce5369-864c-4737-9caa-5d04608bd567-downloadableSrc-119712d2c8f4.webp
e4cfec6a-f4de-4143-aee2-f8243f57c2cf,Customizing a card,6fc9a5b8-91ee-47dd-976d-9784a1975e1a,Cash APP,fed5f550-de22-4c8f-98d3-72b7dcf28e2e,2,3,d4508744-a143-4536-a28d-cfd260dd606d,true,downloadableSrc,200,image/webp,43268,43268,847009360fa370af64b045d4bcddaf0c94fd50b65df605daaf026be39d940451,1284,2898,,,bytescale.mobbin.com,f7a1807c1ac98ccf0eecf5078d61346ac9a94ca37a547f5708d580528c9e55c0,/Users/user/mobbin-sides/screen-flows/cash-app/006-cash-app-customizing-a-card-e4cfec6a-f4de-4143-aee2-f8243f57c2cf/003-d4508744-a143-4536-a28d-cfd260dd606d-downloadableSrc-847009360fa3.webp
e4cfec6a-f4de-4143-aee2-f8243f57c2cf,Customizing a card,6fc9a5b8-91ee-47dd-976d-9784a1975e1a,Cash APP,fed5f550-de22-4c8f-98d3-72b7dcf28e2e,3,4,fb4478a0-186f-4c7c-b289-f605bd88c2be,true,downloadableSrc,200,image/webp,69660,69660,f09c9cabd302e8bfe93790b7f50d77027587513a59be25f79b65b537f9ccd1c4,1284,2898,,,bytescale.mobbin.com,f7a1807c1ac98ccf0eecf5078d61346ac9a94ca37a547f5708d580528c9e55c0,/Users/user/mobbin-sides/screen-flows/cash-app/006-cash-app-customizing-a-card-e4cfec6a-f4de-4143-aee2-f8243f57c2cf/004-fb4478a0-186f-4c7c-b289-f605bd88c2be-downloadableSrc-f09c9cabd302.webp
e4cfec6a-f4de-4143-aee2-f8243f57c2cf,Customizing a card,6fc9a5b8-91ee-47dd-976d-9784a1975e1a,Cash APP,fed5f550-de22-4c8f-98d3-72b7dcf28e2e,4,5,9bb54cdc-f95a-46ca-a21a-77870841bc42,true,downloadableSrc,200,image/webp,51700,51700,d517dc005ffc2442a2346d10f78dd197c25a823d8c2501c8d59189bff38aff55,1284,2898,,,bytescale.mobbin.com,f7a1807c1ac98ccf0eecf5078d61346ac9a94ca37a547f5708d580528c9e55c0,/Users/user/mobbin-sides/screen-flows/cash-app/006-cash-app-customizing-a-card-e4cfec6a-f4de-4143-aee2-f8243f57c2cf/005-9bb54cdc-f95a-46ca-a21a-77870841bc42-downloadableSrc-d517dc005ffc.webp
e4cfec6a-f4de-4143-aee2-f8243f57c2cf,Customizing a card,6fc9a5b8-91ee-47dd-976d-9784a1975e1a,Cash APP,fed5f550-de22-4c8f-98d3-72b7dcf28e2e,5,6,5250ca64-f209-45f6-863b-665e84579cc8,true,downloadableSrc,200,image/webp,66242,66242,86ad9d34fea5be958333e11b7cbfb764e0a2cac7f607af0a997ef0c0461c73db,1284,2898,,,bytescale.mobbin.com,f7a1807c1ac98ccf0eecf5078d61346ac9a94ca37a547f5708d580528c9e55c0,/Users/user/mobbin-sides/screen-flows/cash-app/006-cash-app-customizing-a-card-e4cfec6a-f4de-4143-aee2-f8243f57c2cf/006-5250ca64-f209-45f6-863b-665e84579cc8-downloadableSrc-86ad9d34fea5.webp
14bd83d7-be61-42f8-bc2d-df0af67f1cca,Offers,6fc9a5b8-91ee-47dd-976d-9784a1975e1a,Cash APP,fed5f550-de22-4c8f-98d3-72b7dcf28e2e,0,1,3b9b3582-ea88-4caf-baa9-1cc8ae103f75,true,downloadableSrc,200,image/webp,61872,61872,20726f470dbb77c52c6ddd3df036781a0d950ca98197ba949f09370e6c7875b6,1284,2898,,,bytescale.mobbin.com,f7a1807c1ac98ccf0eecf5078d61346ac9a94ca37a547f5708d580528c9e55c0,/Users/user/mobbin-sides/screen-flows/cash-app/007-cash-app-offers-14bd83d7-be61-42f8-bc2d-df0af67f1cca/001-3b9b3582-ea88-4caf-baa9-1cc8ae103f75-downloadableSrc-20726f470dbb.webp
14bd83d7-be61-42f8-bc2d-df0af67f1cca,Offers,6fc9a5b8-91ee-47dd-976d-9784a1975e1a,Cash APP,fed5f550-de22-4c8f-98d3-72b7dcf28e2e,1,2,fd11fad3-efe4-4188-a5f5-d27335f08f70,true,downloadableSrc,200,image/webp,97354,97354,9befeb60c44490d468edfbc2b117ef17ea237d20c5babe9c0c78fcd82eb08b99,1284,2898,,,bytescale.mobbin.com,f7a1807c1ac98ccf0eecf5078d61346ac9a94ca37a547f5708d580528c9e55c0,/Users/user/mobbin-sides/screen-flows/cash-app/007-cash-app-offers-14bd83d7-be61-42f8-bc2d-df0af67f1cca/002-fd11fad3-efe4-4188-a5f5-d27335f08f70-downloadableSrc-9befeb60c444.webp
14bd83d7-be61-42f8-bc2d-df0af67f1cca,Offers,6fc9a5b8-91ee-47dd-976d-9784a1975e1a,Cash APP,fed5f550-de22-4c8f-98d3-72b7dcf28e2e,2,3,0add0512-5d43-4466-9e0c-4d90976ac9d6,true,downloadableSrc,200,image/webp,77790,77790,3c086da5df499bf493f75ceaca9076b2b40c72acdf5f60dd4892ee808266de94,1284,2898,,,bytescale.mobbin.com,f7a1807c1ac98ccf0eecf5078d61346ac9a94ca37a547f5708d580528c9e55c0,/Users/user/mobbin-sides/screen-flows/cash-app/007-cash-app-offers-14bd83d7-be61-42f8-bc2d-df0af67f1cca/003-0add0512-5d43-4466-9e0c-4d90976ac9d6-downloadableSrc-3c086da5df49.webp
57dc6480-cb30-42d3-abbe-172bc64f3afb,ATM finder,6fc9a5b8-91ee-47dd-976d-9784a1975e1a,Cash APP,fed5f550-de22-4c8f-98d3-72b7dcf28e2e,0,1,3b9b3582-ea88-4caf-baa9-1cc8ae103f75,true,downloadableSrc,200,image/webp,61872,61872,20726f470dbb77c52c6ddd3df036781a0d950ca98197ba949f09370e6c7875b6,1284,2898,,,bytescale.mobbin.com,f7a1807c1ac98ccf0eecf5078d61346ac9a94ca37a547f5708d580528c9e55c0,/Users/user/mobbin-sides/screen-flows/cash-app/008-cash-app-atm-finder-57dc6480-cb30-42d3-abbe-172bc64f3afb/001-3b9b3582-ea88-4caf-baa9-1cc8ae103f75-downloadableSrc-20726f470dbb.webp
57dc6480-cb30-42d3-abbe-172bc64f3afb,ATM finder,6fc9a5b8-91ee-47dd-976d-9784a1975e1a,Cash APP,fed5f550-de22-4c8f-98d3-72b7dcf28e2e,1,2,48a689f7-f937-4549-9ada-a3834c63dca8,true,downloadableSrc,200,image/webp,89920,89920,1c91b7ef1c8e80445b8dde6084e559b3bb599ede016499939eed7b4615909891,1284,2898,,,bytescale.mobbin.com,f7a1807c1ac98ccf0eecf5078d61346ac9a94ca37a547f5708d580528c9e55c0,/Users/user/mobbin-sides/screen-flows/cash-app/008-cash-app-atm-finder-57dc6480-cb30-42d3-abbe-172bc64f3afb/002-48a689f7-f937-4549-9ada-a3834c63dca8-downloadableSrc-1c91b7ef1c8e.webp
57dc6480-cb30-42d3-abbe-172bc64f3afb,ATM finder,6fc9a5b8-91ee-47dd-976d-9784a1975e1a,Cash APP,fed5f550-de22-4c8f-98d3-72b7dcf28e2e,2,3,eb9c7731-c1a8-461e-94bb-a9e88c4c3947,true,downloadableSrc,200,image/webp,187930,187930,6de4e3103b30a5aa4406b03b7469525d316416e6baed53203e7fc1b2b485f217,1284,2898,,,bytescale.mobbin.com,f7a1807c1ac98ccf0eecf5078d61346ac9a94ca37a547f5708d580528c9e55c0,/Users/user/mobbin-sides/screen-flows/cash-app/008-cash-app-atm-finder-57dc6480-cb30-42d3-abbe-172bc64f3afb/003-eb9c7731-c1a8-461e-94bb-a9e88c4c3947-downloadableSrc-6de4e3103b30.webp
bdcdf6ef-c5fc-48b3-9321-8e2f40653075,Change PIN,6fc9a5b8-91ee-47dd-976d-9784a1975e1a,Cash APP,fed5f550-de22-4c8f-98d3-72b7dcf28e2e,0,1,3b9b3582-ea88-4caf-baa9-1cc8ae103f75,true,downloadableSrc,200,image/webp,61872,61872,20726f470dbb77c52c6ddd3df036781a0d950ca98197ba949f09370e6c7875b6,1284,2898,,,bytescale.mobbin.com,f7a1807c1ac98ccf0eecf5078d61346ac9a94ca37a547f5708d580528c9e55c0,/Users/user/mobbin-sides/screen-flows/cash-app/009-cash-app-change-pin-bdcdf6ef-c5fc-48b3-9321-8e2f40653075/001-3b9b3582-ea88-4caf-baa9-1cc8ae103f75-downloadableSrc-20726f470dbb.webp
bdcdf6ef-c5fc-48b3-9321-8e2f40653075,Change PIN,6fc9a5b8-91ee-47dd-976d-9784a1975e1a,Cash APP,fed5f550-de22-4c8f-98d3-72b7dcf28e2e,1,2,0615e318-09f2-42a1-b61d-6cafcd1270c2,true,downloadableSrc,200,image/webp,24832,24832,ee6fb7f1494ed9b5617245911b890bdf001f4cc41655091bb987047b42931b25,1284,2898,,,bytescale.mobbin.com,f7a1807c1ac98ccf0eecf5078d61346ac9a94ca37a547f5708d580528c9e55c0,/Users/user/mobbin-sides/screen-flows/cash-app/009-cash-app-change-pin-bdcdf6ef-c5fc-48b3-9321-8e2f40653075/002-0615e318-09f2-42a1-b61d-6cafcd1270c2-downloadableSrc-ee6fb7f1494e.webp
bdcdf6ef-c5fc-48b3-9321-8e2f40653075,Change PIN,6fc9a5b8-91ee-47dd-976d-9784a1975e1a,Cash APP,fed5f550-de22-4c8f-98d3-72b7dcf28e2e,2,3,1fc11364-d3dd-4655-8ee7-6ff6e8d659b4,true,downloadableSrc,200,image/webp,27942,27942,85bf078292d76a08d14ef52febe0c5db848993a7c1bb2e0485432c29de814aac,1284,2898,,,bytescale.mobbin.com,f7a1807c1ac98ccf0eecf5078d61346ac9a94ca37a547f5708d580528c9e55c0,/Users/user/mobbin-sides/screen-flows/cash-app/009-cash-app-change-pin-bdcdf6ef-c5fc-48b3-9321-8e2f40653075/003-1fc11364-d3dd-4655-8ee7-6ff6e8d659b4-downloadableSrc-85bf078292d7.webp
9342cc60-5dad-4a59-99fe-a70797c8df11,Adding money,6fc9a5b8-91ee-47dd-976d-9784a1975e1a,Cash APP,fed5f550-de22-4c8f-98d3-72b7dcf28e2e,0,1,e07a4df3-35d5-4fac-bc78-289aa1ceb6ef,true,downloadableSrc,200,image/webp,66888,66888,8044a0679883ed78a7251ac271c45464826dba2537beff46d2466a9527ffd3d4,1284,2898,,,bytescale.mobbin.com,f7a1807c1ac98ccf0eecf5078d61346ac9a94ca37a547f5708d580528c9e55c0,/Users/user/mobbin-sides/screen-flows/cash-app/010-cash-app-adding-money-9342cc60-5dad-4a59-99fe-a70797c8df11/001-e07a4df3-35d5-4fac-bc78-289aa1ceb6ef-downloadableSrc-8044a0679883.webp
9342cc60-5dad-4a59-99fe-a70797c8df11,Adding money,6fc9a5b8-91ee-47dd-976d-9784a1975e1a,Cash APP,fed5f550-de22-4c8f-98d3-72b7dcf28e2e,1,2,3a128931-4839-41fc-af91-57f911636678,true,downloadableSrc,200,image/webp,60268,60268,e9d1650c2faa600cd6c05089f24cb6ba8e9adbcc1a9dab59011ac8a1a8a136d5,1284,2898,,,bytescale.mobbin.com,f7a1807c1ac98ccf0eecf5078d61346ac9a94ca37a547f5708d580528c9e55c0,/Users/user/mobbin-sides/screen-flows/cash-app/010-cash-app-adding-money-9342cc60-5dad-4a59-99fe-a70797c8df11/002-3a128931-4839-41fc-af91-57f911636678-downloadableSrc-e9d1650c2faa.webp
9342cc60-5dad-4a59-99fe-a70797c8df11,Adding money,6fc9a5b8-91ee-47dd-976d-9784a1975e1a,Cash APP,fed5f550-de22-4c8f-98d3-72b7dcf28e2e,2,3,9aee759c-f59d-4fc8-bd71-31c37bf45bb4,true,downloadableSrc,200,image/webp,27816,27816,f08fe533a94a0abb76c06af871ee12346fba29d34c61c99a3b72e04632cf428c,1284,2898,,,bytescale.mobbin.com,f7a1807c1ac98ccf0eecf5078d61346ac9a94ca37a547f5708d580528c9e55c0,/Users/user/mobbin-sides/screen-flows/cash-app/010-cash-app-adding-money-9342cc60-5dad-4a59-99fe-a70797c8df11/003-9aee759c-f59d-4fc8-bd71-31c37bf45bb4-downloadableSrc-f08fe533a94a.webp
9342cc60-5dad-4a59-99fe-a70797c8df11,Adding money,6fc9a5b8-91ee-47dd-976d-9784a1975e1a,Cash APP,fed5f550-de22-4c8f-98d3-72b7dcf28e2e,3,4,91fc82a2-3bf5-424c-aa0a-1ef87c14cb54,true,downloadableSrc,200,image/webp,63880,63880,ddedff407790d3dfb8732ed8f3c732c9cc21415be6a35b86e5bb67746e98274a,1284,2898,,,bytescale.mobbin.com,f7a1807c1ac98ccf0eecf5078d61346ac9a94ca37a547f5708d580528c9e55c0,/Users/user/mobbin-sides/screen-flows/cash-app/010-cash-app-adding-money-9342cc60-5dad-4a59-99fe-a70797c8df11/004-91fc82a2-3bf5-424c-aa0a-1ef87c14cb54-downloadableSrc-ddedff407790.webp
eb40c66f-9fda-4ed7-aad1-472e140182c8,Withdrawing money,6fc9a5b8-91ee-47dd-976d-9784a1975e1a,Cash APP,fed5f550-de22-4c8f-98d3-72b7dcf28e2e,0,1,e07a4df3-35d5-4fac-bc78-289aa1ceb6ef,true,downloadableSrc,200,image/webp,66888,66888,8044a0679883ed78a7251ac271c45464826dba2537beff46d2466a9527ffd3d4,1284,2898,,,bytescale.mobbin.com,f7a1807c1ac98ccf0eecf5078d61346ac9a94ca37a547f5708d580528c9e55c0,/Users/user/mobbin-sides/screen-flows/cash-app/011-cash-app-withdrawing-money-eb40c66f-9fda-4ed7-aad1-472e140182c8/001-e07a4df3-35d5-4fac-bc78-289aa1ceb6ef-downloadableSrc-8044a0679883.webp
eb40c66f-9fda-4ed7-aad1-472e140182c8,Withdrawing money,6fc9a5b8-91ee-47dd-976d-9784a1975e1a,Cash APP,fed5f550-de22-4c8f-98d3-72b7dcf28e2e,1,2,11f99f1c-8436-4da2-b9f3-e421662c6f05,true,downloadableSrc,200,image/webp,30396,30396,9be86636a4ec713652d59bd3fd079fd8639a256bdb6054ebf0d515415b5ba745,1284,2898,,,bytescale.mobbin.com,f7a1807c1ac98ccf0eecf5078d61346ac9a94ca37a547f5708d580528c9e55c0,/Users/user/mobbin-sides/screen-flows/cash-app/011-cash-app-withdrawing-money-eb40c66f-9fda-4ed7-aad1-472e140182c8/002-11f99f1c-8436-4da2-b9f3-e421662c6f05-downloadableSrc-9be86636a4ec.webp
eb40c66f-9fda-4ed7-aad1-472e140182c8,Withdrawing money,6fc9a5b8-91ee-47dd-976d-9784a1975e1a,Cash APP,fed5f550-de22-4c8f-98d3-72b7dcf28e2e,2,3,cb7a932d-3aba-4caf-95c6-4f891e86bada,true,downloadableSrc,200,image/webp,83238,83238,e926f1a411823cae09a9d09e94d06e4b3b933ceb2750961e10c693553bfe1a97,1284,2898,,,bytescale.mobbin.com,f7a1807c1ac98ccf0eecf5078d61346ac9a94ca37a547f5708d580528c9e55c0,/Users/user/mobbin-sides/screen-flows/cash-app/011-cash-app-withdrawing-money-eb40c66f-9fda-4ed7-aad1-472e140182c8/003-cb7a932d-3aba-4caf-95c6-4f891e86bada-downloadableSrc-e926f1a41182.webp
eb40c66f-9fda-4ed7-aad1-472e140182c8,Withdrawing money,6fc9a5b8-91ee-47dd-976d-9784a1975e1a,Cash APP,fed5f550-de22-4c8f-98d3-72b7dcf28e2e,3,4,cb340c84-7290-4b95-b214-21879ba25a43,true,downloadableSrc,200,image/webp,39088,39088,4d72ba510787935b14621ee41ff9a798a88c3e4c547228e936d3ecfcd81fc9ff,1284,2898,,,bytescale.mobbin.com,f7a1807c1ac98ccf0eecf5078d61346ac9a94ca37a547f5708d580528c9e55c0,/Users/user/mobbin-sides/screen-flows/cash-app/011-cash-app-withdrawing-money-eb40c66f-9fda-4ed7-aad1-472e140182c8/004-cb340c84-7290-4b95-b214-21879ba25a43-downloadableSrc-4d72ba510787.webp
4f0766ff-9d1d-479f-9931-d13ead1cc4be,Paychecks,6fc9a5b8-91ee-47dd-976d-9784a1975e1a,Cash APP,fed5f550-de22-4c8f-98d3-72b7dcf28e2e,0,1,e07a4df3-35d5-4fac-bc78-289aa1ceb6ef,true,downloadableSrc,200,image/webp,66888,66888,8044a0679883ed78a7251ac271c45464826dba2537beff46d2466a9527ffd3d4,1284,2898,,,bytescale.mobbin.com,f7a1807c1ac98ccf0eecf5078d61346ac9a94ca37a547f5708d580528c9e55c0,/Users/user/mobbin-sides/screen-flows/cash-app/012-cash-app-paychecks-4f0766ff-9d1d-479f-9931-d13ead1cc4be/001-e07a4df3-35d5-4fac-bc78-289aa1ceb6ef-downloadableSrc-8044a0679883.webp
4f0766ff-9d1d-479f-9931-d13ead1cc4be,Paychecks,6fc9a5b8-91ee-47dd-976d-9784a1975e1a,Cash APP,fed5f550-de22-4c8f-98d3-72b7dcf28e2e,1,2,24e09663-d435-4000-90f8-e17e844be8d3,true,downloadableSrc,200,image/webp,114672,114672,5ba03abb11ea872072936cb7a57970908ba9f2540a07c813498a6cb30dd3d695,1284,2898,,,bytescale.mobbin.com,f7a1807c1ac98ccf0eecf5078d61346ac9a94ca37a547f5708d580528c9e55c0,/Users/user/mobbin-sides/screen-flows/cash-app/012-cash-app-paychecks-4f0766ff-9d1d-479f-9931-d13ead1cc4be/002-24e09663-d435-4000-90f8-e17e844be8d3-downloadableSrc-5ba03abb11ea.webp
4f0766ff-9d1d-479f-9931-d13ead1cc4be,Paychecks,6fc9a5b8-91ee-47dd-976d-9784a1975e1a,Cash APP,fed5f550-de22-4c8f-98d3-72b7dcf28e2e,2,3,02559812-d3e3-41fa-8f6f-695d3ba51bf7,true,downloadableSrc,200,image/webp,73708,73708,88a7228472c1d85a2b9ef8026aa2e328f67f03e5694fb73fdef892152974ecff,1284,2898,,,bytescale.mobbin.com,f7a1807c1ac98ccf0eecf5078d61346ac9a94ca37a547f5708d580528c9e55c0,/Users/user/mobbin-sides/screen-flows/cash-app/012-cash-app-paychecks-4f0766ff-9d1d-479f-9931-d13ead1cc4be/003-02559812-d3e3-41fa-8f6f-695d3ba51bf7-downloadableSrc-88a7228472c1.webp
4f0766ff-9d1d-479f-9931-d13ead1cc4be,Paychecks,6fc9a5b8-91ee-47dd-976d-9784a1975e1a,Cash APP,fed5f550-de22-4c8f-98d3-72b7dcf28e2e,3,4,c5036f7c-d082-4a3d-8ab2-b497f07cea8c,true,downloadableSrc,200,image/webp,166824,166824,2c0e743c0c00f07eb0d5fd394f42f915a72cb91dcf934edb3611635980c5c964,1284,2898,,,bytescale.mobbin.com,f7a1807c1ac98ccf0eecf5078d61346ac9a94ca37a547f5708d580528c9e55c0,/Users/user/mobbin-sides/screen-flows/cash-app/012-cash-app-paychecks-4f0766ff-9d1d-479f-9931-d13ead1cc4be/004-c5036f7c-d082-4a3d-8ab2-b497f07cea8c-downloadableSrc-2c0e743c0c00.webp
4f0766ff-9d1d-479f-9931-d13ead1cc4be,Paychecks,6fc9a5b8-91ee-47dd-976d-9784a1975e1a,Cash APP,fed5f550-de22-4c8f-98d3-72b7dcf28e2e,4,5,fea006e0-a2d2-467b-84d4-35eb9baab1c9,true,downloadableSrc,200,image/webp,92990,92990,c43078488f07529b0fe6e1040028ce6aa7c6a2d36a589aa25d158b4fba4283ae,1284,2898,,,bytescale.mobbin.com,f7a1807c1ac98ccf0eecf5078d61346ac9a94ca37a547f5708d580528c9e55c0,/Users/user/mobbin-sides/screen-flows/cash-app/012-cash-app-paychecks-4f0766ff-9d1d-479f-9931-d13ead1cc4be/005-fea006e0-a2d2-467b-84d4-35eb9baab1c9-downloadableSrc-c43078488f07.webp
4f0766ff-9d1d-479f-9931-d13ead1cc4be,Paychecks,6fc9a5b8-91ee-47dd-976d-9784a1975e1a,Cash APP,fed5f550-de22-4c8f-98d3-72b7dcf28e2e,5,6,e313af46-6bb4-405a-b6b5-0f173ce488f3,true,downloadableSrc,200,image/webp,51498,51498,ede1ef94df6c77767a49b1ff3f36bdd57b5dbac16bbdc8d1569bb06268503010,1284,2898,,,bytescale.mobbin.com,f7a1807c1ac98ccf0eecf5078d61346ac9a94ca37a547f5708d580528c9e55c0,/Users/user/mobbin-sides/screen-flows/cash-app/012-cash-app-paychecks-4f0766ff-9d1d-479f-9931-d13ead1cc4be/006-e313af46-6bb4-405a-b6b5-0f173ce488f3-downloadableSrc-ede1ef94df6c.webp
4f0766ff-9d1d-479f-9931-d13ead1cc4be,Paychecks,6fc9a5b8-91ee-47dd-976d-9784a1975e1a,Cash APP,fed5f550-de22-4c8f-98d3-72b7dcf28e2e,6,7,ca68d90d-fec8-42ff-a311-8f756ed1e1b6,true,downloadableSrc,200,image/webp,94190,94190,86f47628695df84a7b75bec0e0646f0f90e0c73524378c4d27ddfc09a0e72f18,1284,2898,,,bytescale.mobbin.com,f7a1807c1ac98ccf0eecf5078d61346ac9a94ca37a547f5708d580528c9e55c0,/Users/user/mobbin-sides/screen-flows/cash-app/012-cash-app-paychecks-4f0766ff-9d1d-479f-9931-d13ead1cc4be/007-ca68d90d-fec8-42ff-a311-8f756ed1e1b6-downloadableSrc-86f47628695d.webp
c954a5a9-adb6-49c8-a56f-61cf33b33c32,Copying a routing number,6fc9a5b8-91ee-47dd-976d-9784a1975e1a,Cash APP,fed5f550-de22-4c8f-98d3-72b7dcf28e2e,0,1,e313af46-6bb4-405a-b6b5-0f173ce488f3,true,downloadableSrc,200,image/webp,51498,51498,ede1ef94df6c77767a49b1ff3f36bdd57b5dbac16bbdc8d1569bb06268503010,1284,2898,,,bytescale.mobbin.com,f7a1807c1ac98ccf0eecf5078d61346ac9a94ca37a547f5708d580528c9e55c0,/Users/user/mobbin-sides/screen-flows/cash-app/013-cash-app-copying-a-routing-number-c954a5a9-adb6-49c8-a56f-61cf33b33c32/001-e313af46-6bb4-405a-b6b5-0f173ce488f3-downloadableSrc-ede1ef94df6c.webp
c954a5a9-adb6-49c8-a56f-61cf33b33c32,Copying a routing number,6fc9a5b8-91ee-47dd-976d-9784a1975e1a,Cash APP,fed5f550-de22-4c8f-98d3-72b7dcf28e2e,1,2,9c4dc447-692c-4272-9e7e-474bdcff5a7b,true,downloadableSrc,200,image/webp,86258,86258,9d9bb996d3271b9cb1c05c7abfca992ff994b25084f2433f66ef3583a42750e6,1284,2898,,,bytescale.mobbin.com,f7a1807c1ac98ccf0eecf5078d61346ac9a94ca37a547f5708d580528c9e55c0,/Users/user/mobbin-sides/screen-flows/cash-app/013-cash-app-copying-a-routing-number-c954a5a9-adb6-49c8-a56f-61cf33b33c32/002-9c4dc447-692c-4272-9e7e-474bdcff5a7b-downloadableSrc-9d9bb996d327.webp
c954a5a9-adb6-49c8-a56f-61cf33b33c32,Copying a routing number,6fc9a5b8-91ee-47dd-976d-9784a1975e1a,Cash APP,fed5f550-de22-4c8f-98d3-72b7dcf28e2e,2,3,e676a84a-8b1d-49a9-96d1-d0e30b15ec86,true,downloadableSrc,200,image/webp,86544,86544,daefcdc98d53a459a0f8f065959887ddbbda6eef5e7137916b84fc5cfb2ac589,1284,2898,,,bytescale.mobbin.com,f7a1807c1ac98ccf0eecf5078d61346ac9a94ca37a547f5708d580528c9e55c0,/Users/user/mobbin-sides/screen-flows/cash-app/013-cash-app-copying-a-routing-number-c954a5a9-adb6-49c8-a56f-61cf33b33c32/003-e676a84a-8b1d-49a9-96d1-d0e30b15ec86-downloadableSrc-daefcdc98d53.webp
46a304c9-5777-4373-af71-72c64ad9ebec,Creating a form,6fc9a5b8-91ee-47dd-976d-9784a1975e1a,Cash APP,fed5f550-de22-4c8f-98d3-72b7dcf28e2e,0,1,9c4dc447-692c-4272-9e7e-474bdcff5a7b,true,downloadableSrc,200,image/webp,86258,86258,9d9bb996d3271b9cb1c05c7abfca992ff994b25084f2433f66ef3583a42750e6,1284,2898,,,bytescale.mobbin.com,f7a1807c1ac98ccf0eecf5078d61346ac9a94ca37a547f5708d580528c9e55c0,/Users/user/mobbin-sides/screen-flows/cash-app/014-cash-app-creating-a-form-46a304c9-5777-4373-af71-72c64ad9ebec/001-9c4dc447-692c-4272-9e7e-474bdcff5a7b-downloadableSrc-9d9bb996d327.webp
46a304c9-5777-4373-af71-72c64ad9ebec,Creating a form,6fc9a5b8-91ee-47dd-976d-9784a1975e1a,Cash APP,fed5f550-de22-4c8f-98d3-72b7dcf28e2e,1,2,9718bbe8-36c1-4f8b-b974-0c681cda8545,true,downloadableSrc,200,image/webp,31824,31824,3ac1988764fbe2daac5d8060d29276a1707d3eb97cf31bb5d392a68c4912b033,1284,2898,,,bytescale.mobbin.com,f7a1807c1ac98ccf0eecf5078d61346ac9a94ca37a547f5708d580528c9e55c0,/Users/user/mobbin-sides/screen-flows/cash-app/014-cash-app-creating-a-form-46a304c9-5777-4373-af71-72c64ad9ebec/002-9718bbe8-36c1-4f8b-b974-0c681cda8545-downloadableSrc-3ac1988764fb.webp
46a304c9-5777-4373-af71-72c64ad9ebec,Creating a form,6fc9a5b8-91ee-47dd-976d-9784a1975e1a,Cash APP,fed5f550-de22-4c8f-98d3-72b7dcf28e2e,2,3,c5db3fe0-d80e-4bb2-96b1-4913914dab47,true,downloadableSrc,200,image/webp,50290,50290,a81cc9eaf789c9e6590b46b4c45791c5cf4268ca3624d831665e89909ab8af3d,1284,2898,,,bytescale.mobbin.com,f7a1807c1ac98ccf0eecf5078d61346ac9a94ca37a547f5708d580528c9e55c0,/Users/user/mobbin-sides/screen-flows/cash-app/014-cash-app-creating-a-form-46a304c9-5777-4373-af71-72c64ad9ebec/003-c5db3fe0-d80e-4bb2-96b1-4913914dab47-downloadableSrc-a81cc9eaf789.webp
46a304c9-5777-4373-af71-72c64ad9ebec,Creating a form,6fc9a5b8-91ee-47dd-976d-9784a1975e1a,Cash APP,fed5f550-de22-4c8f-98d3-72b7dcf28e2e,3,4,42e423db-c08c-449c-98b6-178c52d5ac69,true,downloadableSrc,200,image/webp,53052,53052,196fd59a5f303ffcc551e15ac97453fd2079ef7340e8747efdbf4edeb8ae0525,1284,2898,,,bytescale.mobbin.com,f7a1807c1ac98ccf0eecf5078d61346ac9a94ca37a547f5708d580528c9e55c0,/Users/user/mobbin-sides/screen-flows/cash-app/014-cash-app-creating-a-form-46a304c9-5777-4373-af71-72c64ad9ebec/004-42e423db-c08c-449c-98b6-178c52d5ac69-downloadableSrc-196fd59a5f30.webp
46a304c9-5777-4373-af71-72c64ad9ebec,Creating a form,6fc9a5b8-91ee-47dd-976d-9784a1975e1a,Cash APP,fed5f550-de22-4c8f-98d3-72b7dcf28e2e,4,5,873c29c6-3d35-4dd7-bba4-f5cc66ac4d0b,true,downloadableSrc,200,image/webp,75288,75288,2a1b21ff02b3f17b6e3356eb0604077dbf0286ce09bce0490dee5c3e77caabac,1284,2898,,,bytescale.mobbin.com,f7a1807c1ac98ccf0eecf5078d61346ac9a94ca37a547f5708d580528c9e55c0,/Users/user/mobbin-sides/screen-flows/cash-app/014-cash-app-creating-a-form-46a304c9-5777-4373-af71-72c64ad9ebec/005-873c29c6-3d35-4dd7-bba4-f5cc66ac4d0b-downloadableSrc-2a1b21ff02b3.webp
46a304c9-5777-4373-af71-72c64ad9ebec,Creating a form,6fc9a5b8-91ee-47dd-976d-9784a1975e1a,Cash APP,fed5f550-de22-4c8f-98d3-72b7dcf28e2e,5,6,3a17233d-03db-401e-8fb4-3b296e8156ef,true,downloadableSrc,200,image/webp,75404,75404,5473a1e166097ea851c8c22e7b49c68786ef584f8c36fe960a46e360bc39a5d1,1284,2898,,,bytescale.mobbin.com,f7a1807c1ac98ccf0eecf5078d61346ac9a94ca37a547f5708d580528c9e55c0,/Users/user/mobbin-sides/screen-flows/cash-app/014-cash-app-creating-a-form-46a304c9-5777-4373-af71-72c64ad9ebec/006-3a17233d-03db-401e-8fb4-3b296e8156ef-downloadableSrc-5473a1e16609.webp
46a304c9-5777-4373-af71-72c64ad9ebec,Creating a form,6fc9a5b8-91ee-47dd-976d-9784a1975e1a,Cash APP,fed5f550-de22-4c8f-98d3-72b7dcf28e2e,6,7,ec638bdf-c1e1-47f3-ad27-4ac53ee1b55b,true,downloadableSrc,200,image/webp,30716,30716,a6dcb7f68477728cc86c6b0b18cbb10d8b1d64c64cbbfc5e2982651eafb8959b,1284,2898,,,bytescale.mobbin.com,f7a1807c1ac98ccf0eecf5078d61346ac9a94ca37a547f5708d580528c9e55c0,/Users/user/mobbin-sides/screen-flows/cash-app/014-cash-app-creating-a-form-46a304c9-5777-4373-af71-72c64ad9ebec/007-ec638bdf-c1e1-47f3-ad27-4ac53ee1b55b-downloadableSrc-a6dcb7f68477.webp
46a304c9-5777-4373-af71-72c64ad9ebec,Creating a form,6fc9a5b8-91ee-47dd-976d-9784a1975e1a,Cash APP,fed5f550-de22-4c8f-98d3-72b7dcf28e2e,7,8,fbabc1bb-a13a-4047-ad28-84b59428a9a7,true,downloadableSrc,200,image/webp,46284,46284,5636e0c037a251ec3d63ae1f4d2e17c0b918f91b9fb2892cecf8b57ff907934b,1284,2898,,,bytescale.mobbin.com,f7a1807c1ac98ccf0eecf5078d61346ac9a94ca37a547f5708d580528c9e55c0,/Users/user/mobbin-sides/screen-flows/cash-app/014-cash-app-creating-a-form-46a304c9-5777-4373-af71-72c64ad9ebec/008-fbabc1bb-a13a-4047-ad28-84b59428a9a7-downloadableSrc-5636e0c037a2.webp
46a304c9-5777-4373-af71-72c64ad9ebec,Creating a form,6fc9a5b8-91ee-47dd-976d-9784a1975e1a,Cash APP,fed5f550-de22-4c8f-98d3-72b7dcf28e2e,8,9,fee7c8dc-a362-489b-a0be-c2a3652dd572,true,downloadableSrc,200,image/webp,54172,54172,a6de7f7fea9460b0e0beb20d1c716e547642fc5ca07a9dfc8e3c4a74a96a1b88,1284,2898,,,bytescale.mobbin.com,f7a1807c1ac98ccf0eecf5078d61346ac9a94ca37a547f5708d580528c9e55c0,/Users/user/mobbin-sides/screen-flows/cash-app/014-cash-app-creating-a-form-46a304c9-5777-4373-af71-72c64ad9ebec/009-fee7c8dc-a362-489b-a0be-c2a3652dd572-downloadableSrc-a6de7f7fea94.webp
46a304c9-5777-4373-af71-72c64ad9ebec,Creating a form,6fc9a5b8-91ee-47dd-976d-9784a1975e1a,Cash APP,fed5f550-de22-4c8f-98d3-72b7dcf28e2e,9,10,5b7cf0d7-41d9-4290-ad82-62bbd2f744ba,true,downloadableSrc,200,image/webp,54144,54144,b96f6a14649cdfc07233e16030d5e619c088e1d5bdf8a7425c7cf740ce8ca368,1284,2898,,,bytescale.mobbin.com,f7a1807c1ac98ccf0eecf5078d61346ac9a94ca37a547f5708d580528c9e55c0,/Users/user/mobbin-sides/screen-flows/cash-app/014-cash-app-creating-a-form-46a304c9-5777-4373-af71-72c64ad9ebec/010-5b7cf0d7-41d9-4290-ad82-62bbd2f744ba-downloadableSrc-b96f6a14649c.webp
46a304c9-5777-4373-af71-72c64ad9ebec,Creating a form,6fc9a5b8-91ee-47dd-976d-9784a1975e1a,Cash APP,fed5f550-de22-4c8f-98d3-72b7dcf28e2e,10,11,109f1d51-b909-4045-972e-9ab6d018dd59,true,downloadableSrc,200,image/webp,59808,59808,09ba02a34332b13a3b12872f115992871820b71c17b3e88943f4f85033693a5c,1284,2898,,,bytescale.mobbin.com,f7a1807c1ac98ccf0eecf5078d61346ac9a94ca37a547f5708d580528c9e55c0,/Users/user/mobbin-sides/screen-flows/cash-app/014-cash-app-creating-a-form-46a304c9-5777-4373-af71-72c64ad9ebec/011-109f1d51-b909-4045-972e-9ab6d018dd59-downloadableSrc-09ba02a34332.webp
1b8849da-ac5a-4756-8478-5bf0d5c112b6,Editing a paycheck distribution,6fc9a5b8-91ee-47dd-976d-9784a1975e1a,Cash APP,fed5f550-de22-4c8f-98d3-72b7dcf28e2e,0,1,e313af46-6bb4-405a-b6b5-0f173ce488f3,true,downloadableSrc,200,image/webp,51498,51498,ede1ef94df6c77767a49b1ff3f36bdd57b5dbac16bbdc8d1569bb06268503010,1284,2898,,,bytescale.mobbin.com,f7a1807c1ac98ccf0eecf5078d61346ac9a94ca37a547f5708d580528c9e55c0,/Users/user/mobbin-sides/screen-flows/cash-app/015-cash-app-editing-a-paycheck-distribution-1b8849da-ac5a-4756-8478-5bf0d5c112b6/001-e313af46-6bb4-405a-b6b5-0f173ce488f3-downloadableSrc-ede1ef94df6c.webp
1b8849da-ac5a-4756-8478-5bf0d5c112b6,Editing a paycheck distribution,6fc9a5b8-91ee-47dd-976d-9784a1975e1a,Cash APP,fed5f550-de22-4c8f-98d3-72b7dcf28e2e,1,2,a4e663ba-02c5-4f2a-9f88-8176b7659374,true,downloadableSrc,200,image/webp,53908,53908,44053cdfe1cd84d58fa5fd585c12822d07f087ed37646e31e9dde08edc4914e2,1284,2898,,,bytescale.mobbin.com,f7a1807c1ac98ccf0eecf5078d61346ac9a94ca37a547f5708d580528c9e55c0,/Users/user/mobbin-sides/screen-flows/cash-app/015-cash-app-editing-a-paycheck-distribution-1b8849da-ac5a-4756-8478-5bf0d5c112b6/002-a4e663ba-02c5-4f2a-9f88-8176b7659374-downloadableSrc-44053cdfe1cd.webp
1b8849da-ac5a-4756-8478-5bf0d5c112b6,Editing a paycheck distribution,6fc9a5b8-91ee-47dd-976d-9784a1975e1a,Cash APP,fed5f550-de22-4c8f-98d3-72b7dcf28e2e,2,3,62f86991-8b9f-4eb6-9a54-d67f2258288b,true,downloadableSrc,200,image/webp,39276,39276,df19c16631f1c85f30d0a95d311fe3d4155bf29aba6ed36e8388fad5f0ab28fc,1284,2898,,,bytescale.mobbin.com,f7a1807c1ac98ccf0eecf5078d61346ac9a94ca37a547f5708d580528c9e55c0,/Users/user/mobbin-sides/screen-flows/cash-app/015-cash-app-editing-a-paycheck-distribution-1b8849da-ac5a-4756-8478-5bf0d5c112b6/003-62f86991-8b9f-4eb6-9a54-d67f2258288b-downloadableSrc-df19c16631f1.webp
1b8849da-ac5a-4756-8478-5bf0d5c112b6,Editing a paycheck distribution,6fc9a5b8-91ee-47dd-976d-9784a1975e1a,Cash APP,fed5f550-de22-4c8f-98d3-72b7dcf28e2e,3,4,ef2a62b9-e32a-4369-b4ab-e5348dc30832,true,downloadableSrc,200,image/webp,74876,74876,0c7c3a26ab110ed54c8aade2bdc9119813ef48e000b0b0917f345691490be2ce,1284,2898,,,bytescale.mobbin.com,f7a1807c1ac98ccf0eecf5078d61346ac9a94ca37a547f5708d580528c9e55c0,/Users/user/mobbin-sides/screen-flows/cash-app/015-cash-app-editing-a-paycheck-distribution-1b8849da-ac5a-4756-8478-5bf0d5c112b6/004-ef2a62b9-e32a-4369-b4ab-e5348dc30832-downloadableSrc-0c7c3a26ab11.webp
1b8849da-ac5a-4756-8478-5bf0d5c112b6,Editing a paycheck distribution,6fc9a5b8-91ee-47dd-976d-9784a1975e1a,Cash APP,fed5f550-de22-4c8f-98d3-72b7dcf28e2e,4,5,af7f6198-993f-4738-add8-84ce9051af2a,true,downloadableSrc,200,image/webp,50388,50388,5f2df32815a1d17976ea72cc62a816b4f2677183bcbe6309425ccb5054ac8bfa,1284,2898,,,bytescale.mobbin.com,f7a1807c1ac98ccf0eecf5078d61346ac9a94ca37a547f5708d580528c9e55c0,/Users/user/mobbin-sides/screen-flows/cash-app/015-cash-app-editing-a-paycheck-distribution-1b8849da-ac5a-4756-8478-5bf0d5c112b6/005-af7f6198-993f-4738-add8-84ce9051af2a-downloadableSrc-5f2df32815a1.webp
1b8849da-ac5a-4756-8478-5bf0d5c112b6,Editing a paycheck distribution,6fc9a5b8-91ee-47dd-976d-9784a1975e1a,Cash APP,fed5f550-de22-4c8f-98d3-72b7dcf28e2e,5,6,c7bd19e5-4aa6-40f7-88ec-8999fd4f729b,true,downloadableSrc,200,image/webp,57502,57502,6e6adeb6a03e809659b49040d71078da8b8b86691a3af514f75af1ba9cb31c87,1284,2898,,,bytescale.mobbin.com,f7a1807c1ac98ccf0eecf5078d61346ac9a94ca37a547f5708d580528c9e55c0,/Users/user/mobbin-sides/screen-flows/cash-app/015-cash-app-editing-a-paycheck-distribution-1b8849da-ac5a-4756-8478-5bf0d5c112b6/006-c7bd19e5-4aa6-40f7-88ec-8999fd4f729b-downloadableSrc-6e6adeb6a03e.webp
c26fdcfb-44f7-4a69-9fc4-09969562d2ff,Savings,6fc9a5b8-91ee-47dd-976d-9784a1975e1a,Cash APP,fed5f550-de22-4c8f-98d3-72b7dcf28e2e,0,1,e07a4df3-35d5-4fac-bc78-289aa1ceb6ef,true,downloadableSrc,200,image/webp,66888,66888,8044a0679883ed78a7251ac271c45464826dba2537beff46d2466a9527ffd3d4,1284,2898,,,bytescale.mobbin.com,f7a1807c1ac98ccf0eecf5078d61346ac9a94ca37a547f5708d580528c9e55c0,/Users/user/mobbin-sides/screen-flows/cash-app/016-cash-app-savings-c26fdcfb-44f7-4a69-9fc4-09969562d2ff/001-e07a4df3-35d5-4fac-bc78-289aa1ceb6ef-downloadableSrc-8044a0679883.webp
c26fdcfb-44f7-4a69-9fc4-09969562d2ff,Savings,6fc9a5b8-91ee-47dd-976d-9784a1975e1a,Cash APP,fed5f550-de22-4c8f-98d3-72b7dcf28e2e,1,2,1bcd4ab6-3b2d-4082-993f-b4f21e85769b,true,downloadableSrc,200,image/webp,105800,105800,df95293af21f5a33343599f51921c3b8274ae84c5d514abcd3478164808aea69,1284,2898,,,bytescale.mobbin.com,f7a1807c1ac98ccf0eecf5078d61346ac9a94ca37a547f5708d580528c9e55c0,/Users/user/mobbin-sides/screen-flows/cash-app/016-cash-app-savings-c26fdcfb-44f7-4a69-9fc4-09969562d2ff/002-1bcd4ab6-3b2d-4082-993f-b4f21e85769b-downloadableSrc-df95293af21f.webp
c26fdcfb-44f7-4a69-9fc4-09969562d2ff,Savings,6fc9a5b8-91ee-47dd-976d-9784a1975e1a,Cash APP,fed5f550-de22-4c8f-98d3-72b7dcf28e2e,2,3,060ffefd-9087-4a31-8d70-fa2a7467f7b9,true,downloadableSrc,200,image/webp,80854,80854,22085092b1e4eb94a23135431442a5f336923bc40611df9dc49f727db74488c6,1284,2898,,,bytescale.mobbin.com,f7a1807c1ac98ccf0eecf5078d61346ac9a94ca37a547f5708d580528c9e55c0,/Users/user/mobbin-sides/screen-flows/cash-app/016-cash-app-savings-c26fdcfb-44f7-4a69-9fc4-09969562d2ff/003-060ffefd-9087-4a31-8d70-fa2a7467f7b9-downloadableSrc-22085092b1e4.webp
c26fdcfb-44f7-4a69-9fc4-09969562d2ff,Savings,6fc9a5b8-91ee-47dd-976d-9784a1975e1a,Cash APP,fed5f550-de22-4c8f-98d3-72b7dcf28e2e,3,4,89e8a567-fd0c-4f55-a103-30508c487efa,true,downloadableSrc,200,image/webp,70682,70682,2d48d1ad2a8884bc2f455c5261192d3106b834532a34c49362e1339e67e97510,1284,2898,,,bytescale.mobbin.com,f7a1807c1ac98ccf0eecf5078d61346ac9a94ca37a547f5708d580528c9e55c0,/Users/user/mobbin-sides/screen-flows/cash-app/016-cash-app-savings-c26fdcfb-44f7-4a69-9fc4-09969562d2ff/004-89e8a567-fd0c-4f55-a103-30508c487efa-downloadableSrc-2d48d1ad2a88.webp
c26fdcfb-44f7-4a69-9fc4-09969562d2ff,Savings,6fc9a5b8-91ee-47dd-976d-9784a1975e1a,Cash APP,fed5f550-de22-4c8f-98d3-72b7dcf28e2e,4,5,4309981b-6ea0-4526-aba4-dd45f45a9d38,true,downloadableSrc,200,image/webp,126566,126566,4c88c64adc636136d8382a4cd212c931e6b3dd1362a199712afecb054b42ef3e,1284,2898,,,bytescale.mobbin.com,f7a1807c1ac98ccf0eecf5078d61346ac9a94ca37a547f5708d580528c9e55c0,/Users/user/mobbin-sides/screen-flows/cash-app/016-cash-app-savings-c26fdcfb-44f7-4a69-9fc4-09969562d2ff/005-4309981b-6ea0-4526-aba4-dd45f45a9d38-downloadableSrc-4c88c64adc63.webp
f19cc6d1-54fc-4a3e-8987-58718360ab24,Setting a goal,6fc9a5b8-91ee-47dd-976d-9784a1975e1a,Cash APP,fed5f550-de22-4c8f-98d3-72b7dcf28e2e,0,1,060ffefd-9087-4a31-8d70-fa2a7467f7b9,true,downloadableSrc,200,image/webp,80854,80854,22085092b1e4eb94a23135431442a5f336923bc40611df9dc49f727db74488c6,1284,2898,,,bytescale.mobbin.com,f7a1807c1ac98ccf0eecf5078d61346ac9a94ca37a547f5708d580528c9e55c0,/Users/user/mobbin-sides/screen-flows/cash-app/017-cash-app-setting-a-goal-f19cc6d1-54fc-4a3e-8987-58718360ab24/001-060ffefd-9087-4a31-8d70-fa2a7467f7b9-downloadableSrc-22085092b1e4.webp
f19cc6d1-54fc-4a3e-8987-58718360ab24,Setting a goal,6fc9a5b8-91ee-47dd-976d-9784a1975e1a,Cash APP,fed5f550-de22-4c8f-98d3-72b7dcf28e2e,1,2,000387bc-918b-4b2e-abca-7943f2d5d859,true,downloadableSrc,200,image/webp,64198,64198,87176dc781d78ff8c4f550bbf01ab126df43ce87a4ce37c2a22d660d500515da,1284,2898,,,bytescale.mobbin.com,f7a1807c1ac98ccf0eecf5078d61346ac9a94ca37a547f5708d580528c9e55c0,/Users/user/mobbin-sides/screen-flows/cash-app/017-cash-app-setting-a-goal-f19cc6d1-54fc-4a3e-8987-58718360ab24/002-000387bc-918b-4b2e-abca-7943f2d5d859-downloadableSrc-87176dc781d7.webp
f19cc6d1-54fc-4a3e-8987-58718360ab24,Setting a goal,6fc9a5b8-91ee-47dd-976d-9784a1975e1a,Cash APP,fed5f550-de22-4c8f-98d3-72b7dcf28e2e,2,3,47a56515-c785-4e95-8535-afdf8c88752e,true,downloadableSrc,200,image/webp,102140,102140,6658588fc8407a0a279e44f1d93b993aaa5beebc3463a4a777fda67b641231f6,1284,2898,,,bytescale.mobbin.com,f7a1807c1ac98ccf0eecf5078d61346ac9a94ca37a547f5708d580528c9e55c0,/Users/user/mobbin-sides/screen-flows/cash-app/017-cash-app-setting-a-goal-f19cc6d1-54fc-4a3e-8987-58718360ab24/003-47a56515-c785-4e95-8535-afdf8c88752e-downloadableSrc-6658588fc840.webp
f19cc6d1-54fc-4a3e-8987-58718360ab24,Setting a goal,6fc9a5b8-91ee-47dd-976d-9784a1975e1a,Cash APP,fed5f550-de22-4c8f-98d3-72b7dcf28e2e,3,4,c61e9e31-8e70-4595-911f-0ccf02525a10,true,downloadableSrc,200,image/webp,29288,29288,5dc0a66de086b7fad5af3b2796cdb6cb967cfd4cd53e336dc65fc8a223be36c2,1284,2898,,,bytescale.mobbin.com,f7a1807c1ac98ccf0eecf5078d61346ac9a94ca37a547f5708d580528c9e55c0,/Users/user/mobbin-sides/screen-flows/cash-app/017-cash-app-setting-a-goal-f19cc6d1-54fc-4a3e-8987-58718360ab24/004-c61e9e31-8e70-4595-911f-0ccf02525a10-downloadableSrc-5dc0a66de086.webp
f19cc6d1-54fc-4a3e-8987-58718360ab24,Setting a goal,6fc9a5b8-91ee-47dd-976d-9784a1975e1a,Cash APP,fed5f550-de22-4c8f-98d3-72b7dcf28e2e,4,5,5d0707d6-af8e-4081-b155-0078b379ffa8,true,downloadableSrc,200,image/webp,31694,31694,b58a74a7bd51ba3305cc4e15f9cf3f2999d37413556c4a6addf7e41db75809ea,1284,2898,,,bytescale.mobbin.com,f7a1807c1ac98ccf0eecf5078d61346ac9a94ca37a547f5708d580528c9e55c0,/Users/user/mobbin-sides/screen-flows/cash-app/017-cash-app-setting-a-goal-f19cc6d1-54fc-4a3e-8987-58718360ab24/005-5d0707d6-af8e-4081-b155-0078b379ffa8-downloadableSrc-b58a74a7bd51.webp
f19cc6d1-54fc-4a3e-8987-58718360ab24,Setting a goal,6fc9a5b8-91ee-47dd-976d-9784a1975e1a,Cash APP,fed5f550-de22-4c8f-98d3-72b7dcf28e2e,5,6,6c22742d-dbb8-4b5e-840c-762bcd4c6046,true,downloadableSrc,200,image/webp,38384,38384,99d5074f1ee885109a03361791ac11ae101ef3285b635a19388abfa544e3e72a,1284,2898,,,bytescale.mobbin.com,f7a1807c1ac98ccf0eecf5078d61346ac9a94ca37a547f5708d580528c9e55c0,/Users/user/mobbin-sides/screen-flows/cash-app/017-cash-app-setting-a-goal-f19cc6d1-54fc-4a3e-8987-58718360ab24/006-6c22742d-dbb8-4b5e-840c-762bcd4c6046-downloadableSrc-99d5074f1ee8.webp
f19cc6d1-54fc-4a3e-8987-58718360ab24,Setting a goal,6fc9a5b8-91ee-47dd-976d-9784a1975e1a,Cash APP,fed5f550-de22-4c8f-98d3-72b7dcf28e2e,6,7,94059b5a-23d0-4b08-a6d7-47ab00f9b347,true,downloadableSrc,200,image/webp,59894,59894,0a9bf597a18a00b2763be0920c4a697eb78e1a663c7b084eea49466d651c7272,1284,2898,,,bytescale.mobbin.com,f7a1807c1ac98ccf0eecf5078d61346ac9a94ca37a547f5708d580528c9e55c0,/Users/user/mobbin-sides/screen-flows/cash-app/017-cash-app-setting-a-goal-f19cc6d1-54fc-4a3e-8987-58718360ab24/007-94059b5a-23d0-4b08-a6d7-47ab00f9b347-downloadableSrc-0a9bf597a18a.webp
f19cc6d1-54fc-4a3e-8987-58718360ab24,Setting a goal,6fc9a5b8-91ee-47dd-976d-9784a1975e1a,Cash APP,fed5f550-de22-4c8f-98d3-72b7dcf28e2e,7,8,2342c9ff-e299-4940-8984-db579e37d96d,true,downloadableSrc,200,image/webp,114274,114274,397f46c8f8b585d16c32137bcd8bbb73126162fcaf59889b3daf364ebe063bee,1284,2898,,,bytescale.mobbin.com,f7a1807c1ac98ccf0eecf5078d61346ac9a94ca37a547f5708d580528c9e55c0,/Users/user/mobbin-sides/screen-flows/cash-app/017-cash-app-setting-a-goal-f19cc6d1-54fc-4a3e-8987-58718360ab24/008-2342c9ff-e299-4940-8984-db579e37d96d-downloadableSrc-397f46c8f8b5.webp
4f818740-424c-4de2-bd46-228ad00875c5,Removing a goal,6fc9a5b8-91ee-47dd-976d-9784a1975e1a,Cash APP,fed5f550-de22-4c8f-98d3-72b7dcf28e2e,0,1,94059b5a-23d0-4b08-a6d7-47ab00f9b347,true,downloadableSrc,200,image/webp,59894,59894,0a9bf597a18a00b2763be0920c4a697eb78e1a663c7b084eea49466d651c7272,1284,2898,,,bytescale.mobbin.com,f7a1807c1ac98ccf0eecf5078d61346ac9a94ca37a547f5708d580528c9e55c0,/Users/user/mobbin-sides/screen-flows/cash-app/018-cash-app-removing-a-goal-4f818740-424c-4de2-bd46-228ad00875c5/001-94059b5a-23d0-4b08-a6d7-47ab00f9b347-downloadableSrc-0a9bf597a18a.webp
4f818740-424c-4de2-bd46-228ad00875c5,Removing a goal,6fc9a5b8-91ee-47dd-976d-9784a1975e1a,Cash APP,fed5f550-de22-4c8f-98d3-72b7dcf28e2e,1,2,f86ce12b-3547-4533-9fb2-c92d374769a0,true,downloadableSrc,200,image/webp,43288,43288,d639c784f655bf5a43ce1a5e6b54f1d77e65a62d312b2790835603ee8610c6c9,1284,2898,,,bytescale.mobbin.com,f7a1807c1ac98ccf0eecf5078d61346ac9a94ca37a547f5708d580528c9e55c0,/Users/user/mobbin-sides/screen-flows/cash-app/018-cash-app-removing-a-goal-4f818740-424c-4de2-bd46-228ad00875c5/002-f86ce12b-3547-4533-9fb2-c92d374769a0-downloadableSrc-d639c784f655.webp
4f818740-424c-4de2-bd46-228ad00875c5,Removing a goal,6fc9a5b8-91ee-47dd-976d-9784a1975e1a,Cash APP,fed5f550-de22-4c8f-98d3-72b7dcf28e2e,2,3,220e8497-2767-49b9-9753-a31b013242dd,true,downloadableSrc,200,image/webp,76232,76232,20603e46dc9b99658237019214122d666565bf4d60153d36223aac23fd418f15,1284,2898,,,bytescale.mobbin.com,f7a1807c1ac98ccf0eecf5078d61346ac9a94ca37a547f5708d580528c9e55c0,/Users/user/mobbin-sides/screen-flows/cash-app/018-cash-app-removing-a-goal-4f818740-424c-4de2-bd46-228ad00875c5/003-220e8497-2767-49b9-9753-a31b013242dd-downloadableSrc-20603e46dc9b.webp
4f818740-424c-4de2-bd46-228ad00875c5,Removing a goal,6fc9a5b8-91ee-47dd-976d-9784a1975e1a,Cash APP,fed5f550-de22-4c8f-98d3-72b7dcf28e2e,3,4,d024c209-7f82-40ba-a2de-9ffd99bce3a9,true,downloadableSrc,200,image/webp,26194,26194,80a1c9a7eae0bed8893b5f41e7f9ad04e7829ebcff7cd233f06ef0c092e9aedb,1284,2898,,,bytescale.mobbin.com,f7a1807c1ac98ccf0eecf5078d61346ac9a94ca37a547f5708d580528c9e55c0,/Users/user/mobbin-sides/screen-flows/cash-app/018-cash-app-removing-a-goal-4f818740-424c-4de2-bd46-228ad00875c5/004-d024c209-7f82-40ba-a2de-9ffd99bce3a9-downloadableSrc-80a1c9a7eae0.webp
74b82ec3-650a-4cd5-be83-9c6b9fe0281e,Turning on paycheck deposits,6fc9a5b8-91ee-47dd-976d-9784a1975e1a,Cash APP,fed5f550-de22-4c8f-98d3-72b7dcf28e2e,0,1,89e8a567-fd0c-4f55-a103-30508c487efa,true,downloadableSrc,200,image/webp,70682,70682,2d48d1ad2a8884bc2f455c5261192d3106b834532a34c49362e1339e67e97510,1284,2898,,,bytescale.mobbin.com,f7a1807c1ac98ccf0eecf5078d61346ac9a94ca37a547f5708d580528c9e55c0,/Users/user/mobbin-sides/screen-flows/cash-app/019-cash-app-turning-on-paycheck-deposits-74b82ec3-650a-4cd5-be83-9c6b9fe0281e/001-89e8a567-fd0c-4f55-a103-30508c487efa-downloadableSrc-2d48d1ad2a88.webp
74b82ec3-650a-4cd5-be83-9c6b9fe0281e,Turning on paycheck deposits,6fc9a5b8-91ee-47dd-976d-9784a1975e1a,Cash APP,fed5f550-de22-4c8f-98d3-72b7dcf28e2e,1,2,4f8f79ff-2927-4b15-bc58-0d187d955127,true,downloadableSrc,200,image/webp,69338,69338,4a84f5e3732e9b433562de4a10aaac6b8ca0b6d1437bd450f5711889a1a9e187,1284,2898,,,bytescale.mobbin.com,f7a1807c1ac98ccf0eecf5078d61346ac9a94ca37a547f5708d580528c9e55c0,/Users/user/mobbin-sides/screen-flows/cash-app/019-cash-app-turning-on-paycheck-deposits-74b82ec3-650a-4cd5-be83-9c6b9fe0281e/002-4f8f79ff-2927-4b15-bc58-0d187d955127-downloadableSrc-4a84f5e3732e.webp
74b82ec3-650a-4cd5-be83-9c6b9fe0281e,Turning on paycheck deposits,6fc9a5b8-91ee-47dd-976d-9784a1975e1a,Cash APP,fed5f550-de22-4c8f-98d3-72b7dcf28e2e,2,3,305ac39b-ff7b-40bc-8a9b-e83e974b2f0d,true,downloadableSrc,200,image/webp,56164,56164,eebef0b58e01b3ace2461314307c8ba208aca13ed28b1e915fa9d3e12ffa6728,1284,2898,,,bytescale.mobbin.com,f7a1807c1ac98ccf0eecf5078d61346ac9a94ca37a547f5708d580528c9e55c0,/Users/user/mobbin-sides/screen-flows/cash-app/019-cash-app-turning-on-paycheck-deposits-74b82ec3-650a-4cd5-be83-9c6b9fe0281e/003-305ac39b-ff7b-40bc-8a9b-e83e974b2f0d-downloadableSrc-eebef0b58e01.webp
74b82ec3-650a-4cd5-be83-9c6b9fe0281e,Turning on paycheck deposits,6fc9a5b8-91ee-47dd-976d-9784a1975e1a,Cash APP,fed5f550-de22-4c8f-98d3-72b7dcf28e2e,3,4,d013165d-ea58-4e91-b3c6-41f47c79e018,true,downloadableSrc,200,image/webp,44972,44972,fafa715c677b362c25292049cc18cb06a55cd303cc44fbcd9852753312591ceb,1284,2898,,,bytescale.mobbin.com,f7a1807c1ac98ccf0eecf5078d61346ac9a94ca37a547f5708d580528c9e55c0,/Users/user/mobbin-sides/screen-flows/cash-app/019-cash-app-turning-on-paycheck-deposits-74b82ec3-650a-4cd5-be83-9c6b9fe0281e/004-d013165d-ea58-4e91-b3c6-41f47c79e018-downloadableSrc-fafa715c677b.webp
74b82ec3-650a-4cd5-be83-9c6b9fe0281e,Turning on paycheck deposits,6fc9a5b8-91ee-47dd-976d-9784a1975e1a,Cash APP,fed5f550-de22-4c8f-98d3-72b7dcf28e2e,4,5,4b9e87d9-6805-45a5-a36f-2ed073bf2be9,true,downloadableSrc,200,image/webp,60580,60580,5c7aaa008ea0e9450b07fe5d96ba889987cec00065efd4a3365cc97429ae0049,1284,2898,,,bytescale.mobbin.com,f7a1807c1ac98ccf0eecf5078d61346ac9a94ca37a547f5708d580528c9e55c0,/Users/user/mobbin-sides/screen-flows/cash-app/019-cash-app-turning-on-paycheck-deposits-74b82ec3-650a-4cd5-be83-9c6b9fe0281e/005-4b9e87d9-6805-45a5-a36f-2ed073bf2be9-downloadableSrc-5c7aaa008ea0.webp
74b82ec3-650a-4cd5-be83-9c6b9fe0281e,Turning on paycheck deposits,6fc9a5b8-91ee-47dd-976d-9784a1975e1a,Cash APP,fed5f550-de22-4c8f-98d3-72b7dcf28e2e,5,6,6134fc59-4956-4aa3-8196-18eaeaeb6811,true,downloadableSrc,200,image/webp,51444,51444,320877c6c3e355eea3f99fcd2ed76f17f56f339609a574fdee219b0a967c3cb0,1284,2898,,,bytescale.mobbin.com,f7a1807c1ac98ccf0eecf5078d61346ac9a94ca37a547f5708d580528c9e55c0,/Users/user/mobbin-sides/screen-flows/cash-app/019-cash-app-turning-on-paycheck-deposits-74b82ec3-650a-4cd5-be83-9c6b9fe0281e/006-6134fc59-4956-4aa3-8196-18eaeaeb6811-downloadableSrc-320877c6c3e3.webp
8b7f2cd3-ec3a-4b5d-a5b9-8b9db2b23561,Stocks,6fc9a5b8-91ee-47dd-976d-9784a1975e1a,Cash APP,fed5f550-de22-4c8f-98d3-72b7dcf28e2e,0,1,16311b94-ffbf-4730-9bf3-db0d02fb5117,true,downloadableSrc,200,image/webp,65850,65850,8e42da091f13528f5646d67050d5ee12a19caba72f21f3b4065c9f1d52ae4099,1284,2898,,,bytescale.mobbin.com,f7a1807c1ac98ccf0eecf5078d61346ac9a94ca37a547f5708d580528c9e55c0,/Users/user/mobbin-sides/screen-flows/cash-app/020-cash-app-stocks-8b7f2cd3-ec3a-4b5d-a5b9-8b9db2b23561/001-16311b94-ffbf-4730-9bf3-db0d02fb5117-downloadableSrc-8e42da091f13.webp
8b7f2cd3-ec3a-4b5d-a5b9-8b9db2b23561,Stocks,6fc9a5b8-91ee-47dd-976d-9784a1975e1a,Cash APP,fed5f550-de22-4c8f-98d3-72b7dcf28e2e,1,2,59168838-8c72-4d16-8cd4-394d7cfb72dd,true,downloadableSrc,200,image/webp,95534,95534,6e92760778ed3618d77293ea01aed616e6781045ba2d8f69c8f845684f3db03b,1284,2898,,,bytescale.mobbin.com,f7a1807c1ac98ccf0eecf5078d61346ac9a94ca37a547f5708d580528c9e55c0,/Users/user/mobbin-sides/screen-flows/cash-app/020-cash-app-stocks-8b7f2cd3-ec3a-4b5d-a5b9-8b9db2b23561/002-59168838-8c72-4d16-8cd4-394d7cfb72dd-downloadableSrc-6e92760778ed.webp
8b7f2cd3-ec3a-4b5d-a5b9-8b9db2b23561,Stocks,6fc9a5b8-91ee-47dd-976d-9784a1975e1a,Cash APP,fed5f550-de22-4c8f-98d3-72b7dcf28e2e,2,3,3add3531-c9d8-4ead-9d03-cc3c62ca4dd7,true,downloadableSrc,200,image/webp,113284,113284,48624af366d05a2cc9c40d67a49088b9936adf19ba7954526e5015a21254d25d,1284,2898,,,bytescale.mobbin.com,f7a1807c1ac98ccf0eecf5078d61346ac9a94ca37a547f5708d580528c9e55c0,/Users/user/mobbin-sides/screen-flows/cash-app/020-cash-app-stocks-8b7f2cd3-ec3a-4b5d-a5b9-8b9db2b23561/003-3add3531-c9d8-4ead-9d03-cc3c62ca4dd7-downloadableSrc-48624af366d0.webp
8b7f2cd3-ec3a-4b5d-a5b9-8b9db2b23561,Stocks,6fc9a5b8-91ee-47dd-976d-9784a1975e1a,Cash APP,fed5f550-de22-4c8f-98d3-72b7dcf28e2e,3,4,b7c1bae0-de4f-4f75-9921-f2c8c434e143,true,downloadableSrc,200,image/webp,81462,81462,5ab34bfbfba0bbfaac96cb0d1d48cb6769ab452afdad63ef9044670689fe6a06,1284,2898,,,bytescale.mobbin.com,f7a1807c1ac98ccf0eecf5078d61346ac9a94ca37a547f5708d580528c9e55c0,/Users/user/mobbin-sides/screen-flows/cash-app/020-cash-app-stocks-8b7f2cd3-ec3a-4b5d-a5b9-8b9db2b23561/004-b7c1bae0-de4f-4f75-9921-f2c8c434e143-downloadableSrc-5ab34bfbfba0.webp
8b7f2cd3-ec3a-4b5d-a5b9-8b9db2b23561,Stocks,6fc9a5b8-91ee-47dd-976d-9784a1975e1a,Cash APP,fed5f550-de22-4c8f-98d3-72b7dcf28e2e,4,5,8982bdf0-0482-4867-8031-0bd736a983ca,true,downloadableSrc,200,image/webp,85878,85878,1299c48ba1032c733f952f5e026aaf9ca4100f2685618023245946f389460338,1284,2898,,,bytescale.mobbin.com,f7a1807c1ac98ccf0eecf5078d61346ac9a94ca37a547f5708d580528c9e55c0,/Users/user/mobbin-sides/screen-flows/cash-app/020-cash-app-stocks-8b7f2cd3-ec3a-4b5d-a5b9-8b9db2b23561/005-8982bdf0-0482-4867-8031-0bd736a983ca-downloadableSrc-1299c48ba103.webp
2a763978-14c2-40ad-a936-0dff006e8a6b,Stock detail,6fc9a5b8-91ee-47dd-976d-9784a1975e1a,Cash APP,fed5f550-de22-4c8f-98d3-72b7dcf28e2e,0,1,b7c1bae0-de4f-4f75-9921-f2c8c434e143,true,downloadableSrc,200,image/webp,81462,81462,5ab34bfbfba0bbfaac96cb0d1d48cb6769ab452afdad63ef9044670689fe6a06,1284,2898,,,bytescale.mobbin.com,f7a1807c1ac98ccf0eecf5078d61346ac9a94ca37a547f5708d580528c9e55c0,/Users/user/mobbin-sides/screen-flows/cash-app/021-cash-app-stock-detail-2a763978-14c2-40ad-a936-0dff006e8a6b/001-b7c1bae0-de4f-4f75-9921-f2c8c434e143-downloadableSrc-5ab34bfbfba0.webp
2a763978-14c2-40ad-a936-0dff006e8a6b,Stock detail,6fc9a5b8-91ee-47dd-976d-9784a1975e1a,Cash APP,fed5f550-de22-4c8f-98d3-72b7dcf28e2e,1,2,d5d263ae-7d45-4988-82fe-45e28af22f22,true,downloadableSrc,200,image/webp,79744,79744,0cc46eae32a407c6c388176bed4e65195dcb6a3ffede27bd70f5fc3f927c0c6e,1284,2898,,,bytescale.mobbin.com,f7a1807c1ac98ccf0eecf5078d61346ac9a94ca37a547f5708d580528c9e55c0,/Users/user/mobbin-sides/screen-flows/cash-app/021-cash-app-stock-detail-2a763978-14c2-40ad-a936-0dff006e8a6b/002-d5d263ae-7d45-4988-82fe-45e28af22f22-downloadableSrc-0cc46eae32a4.webp
2a763978-14c2-40ad-a936-0dff006e8a6b,Stock detail,6fc9a5b8-91ee-47dd-976d-9784a1975e1a,Cash APP,fed5f550-de22-4c8f-98d3-72b7dcf28e2e,2,3,97b60908-144a-4b2a-b2e4-217a53f16f95,true,downloadableSrc,200,image/webp,114170,114170,f44a0eebf348f1ededfd2f6c0f49c80145caf7af9b5534a2197a1276c087dcab,1284,2898,,,bytescale.mobbin.com,f7a1807c1ac98ccf0eecf5078d61346ac9a94ca37a547f5708d580528c9e55c0,/Users/user/mobbin-sides/screen-flows/cash-app/021-cash-app-stock-detail-2a763978-14c2-40ad-a936-0dff006e8a6b/003-97b60908-144a-4b2a-b2e4-217a53f16f95-downloadableSrc-f44a0eebf348.webp
2a763978-14c2-40ad-a936-0dff006e8a6b,Stock detail,6fc9a5b8-91ee-47dd-976d-9784a1975e1a,Cash APP,fed5f550-de22-4c8f-98d3-72b7dcf28e2e,3,4,50f0d0b6-3da8-42af-9765-d15100412a96,true,downloadableSrc,200,image/webp,84778,84778,3cc71b28e175c74f7779fcae2a3d59e03dbf32cc4f8c81c0c52527122f8a2752,1284,2898,,,bytescale.mobbin.com,f7a1807c1ac98ccf0eecf5078d61346ac9a94ca37a547f5708d580528c9e55c0,/Users/user/mobbin-sides/screen-flows/cash-app/021-cash-app-stock-detail-2a763978-14c2-40ad-a936-0dff006e8a6b/004-50f0d0b6-3da8-42af-9765-d15100412a96-downloadableSrc-3cc71b28e175.webp
2a763978-14c2-40ad-a936-0dff006e8a6b,Stock detail,6fc9a5b8-91ee-47dd-976d-9784a1975e1a,Cash APP,fed5f550-de22-4c8f-98d3-72b7dcf28e2e,4,5,4f054c29-6402-4b54-93cf-894e9ea581c1,true,downloadableSrc,200,image/webp,62326,62326,bf2b809cc95d56eca223f3eb22430372da2cf49705b9a2410a5c8f6e4df58aa8,1284,2898,,,bytescale.mobbin.com,f7a1807c1ac98ccf0eecf5078d61346ac9a94ca37a547f5708d580528c9e55c0,/Users/user/mobbin-sides/screen-flows/cash-app/021-cash-app-stock-detail-2a763978-14c2-40ad-a936-0dff006e8a6b/005-4f054c29-6402-4b54-93cf-894e9ea581c1-downloadableSrc-bf2b809cc95d.webp
6a979e12-571f-4499-971b-a772f1b6ca3b,Buy a stock,6fc9a5b8-91ee-47dd-976d-9784a1975e1a,Cash APP,fed5f550-de22-4c8f-98d3-72b7dcf28e2e,0,1,d5d263ae-7d45-4988-82fe-45e28af22f22,true,downloadableSrc,200,image/webp,79744,79744,0cc46eae32a407c6c388176bed4e65195dcb6a3ffede27bd70f5fc3f927c0c6e,1284,2898,,,bytescale.mobbin.com,f7a1807c1ac98ccf0eecf5078d61346ac9a94ca37a547f5708d580528c9e55c0,/Users/user/mobbin-sides/screen-flows/cash-app/022-cash-app-buy-a-stock-6a979e12-571f-4499-971b-a772f1b6ca3b/001-d5d263ae-7d45-4988-82fe-45e28af22f22-downloadableSrc-0cc46eae32a4.webp
6a979e12-571f-4499-971b-a772f1b6ca3b,Buy a stock,6fc9a5b8-91ee-47dd-976d-9784a1975e1a,Cash APP,fed5f550-de22-4c8f-98d3-72b7dcf28e2e,1,2,eaa19112-bc0f-4ad9-adf2-912b84f7fedb,true,downloadableSrc,200,image/webp,50792,50792,60689ab1bc784c277be1a6f5207858ce5e46e93c80ca13c86d1e8d17e30d5e54,1284,2898,,,bytescale.mobbin.com,f7a1807c1ac98ccf0eecf5078d61346ac9a94ca37a547f5708d580528c9e55c0,/Users/user/mobbin-sides/screen-flows/cash-app/022-cash-app-buy-a-stock-6a979e12-571f-4499-971b-a772f1b6ca3b/002-eaa19112-bc0f-4ad9-adf2-912b84f7fedb-downloadableSrc-60689ab1bc78.webp
6a979e12-571f-4499-971b-a772f1b6ca3b,Buy a stock,6fc9a5b8-91ee-47dd-976d-9784a1975e1a,Cash APP,fed5f550-de22-4c8f-98d3-72b7dcf28e2e,2,3,41055620-9f07-4b7c-98ee-0f83a6f7d6e1,true,downloadableSrc,200,image/webp,80850,80850,f197c112a147c336ad62431ba821fe193f33449c017af8ee70197cfa00b50500,1284,2898,,,bytescale.mobbin.com,f7a1807c1ac98ccf0eecf5078d61346ac9a94ca37a547f5708d580528c9e55c0,/Users/user/mobbin-sides/screen-flows/cash-app/022-cash-app-buy-a-stock-6a979e12-571f-4499-971b-a772f1b6ca3b/003-41055620-9f07-4b7c-98ee-0f83a6f7d6e1-downloadableSrc-f197c112a147.webp
6e67ed63-8be8-45d1-94d4-f3b11de22d05,Bitcoin,6fc9a5b8-91ee-47dd-976d-9784a1975e1a,Cash APP,fed5f550-de22-4c8f-98d3-72b7dcf28e2e,0,1,16311b94-ffbf-4730-9bf3-db0d02fb5117,true,downloadableSrc,200,image/webp,65850,65850,8e42da091f13528f5646d67050d5ee12a19caba72f21f3b4065c9f1d52ae4099,1284,2898,,,bytescale.mobbin.com,f7a1807c1ac98ccf0eecf5078d61346ac9a94ca37a547f5708d580528c9e55c0,/Users/user/mobbin-sides/screen-flows/cash-app/023-cash-app-bitcoin-6e67ed63-8be8-45d1-94d4-f3b11de22d05/001-16311b94-ffbf-4730-9bf3-db0d02fb5117-downloadableSrc-8e42da091f13.webp
6e67ed63-8be8-45d1-94d4-f3b11de22d05,Bitcoin,6fc9a5b8-91ee-47dd-976d-9784a1975e1a,Cash APP,fed5f550-de22-4c8f-98d3-72b7dcf28e2e,1,2,4f151f28-2ab8-4ff6-a9ec-292e13ae589c,true,downloadableSrc,200,image/webp,111424,111424,c18952486aae651043ea0ab20d7a668de1b2c9e4ea19c4170b2b0e163b8a6d19,1284,2898,,,bytescale.mobbin.com,f7a1807c1ac98ccf0eecf5078d61346ac9a94ca37a547f5708d580528c9e55c0,/Users/user/mobbin-sides/screen-flows/cash-app/023-cash-app-bitcoin-6e67ed63-8be8-45d1-94d4-f3b11de22d05/002-4f151f28-2ab8-4ff6-a9ec-292e13ae589c-downloadableSrc-c18952486aae.webp
6e67ed63-8be8-45d1-94d4-f3b11de22d05,Bitcoin,6fc9a5b8-91ee-47dd-976d-9784a1975e1a,Cash APP,fed5f550-de22-4c8f-98d3-72b7dcf28e2e,2,3,957687f2-48c8-4ee2-b359-00f52ed95a59,true,downloadableSrc,200,image/webp,164244,164244,12cff7f914fe35e3a101d85f14890c118f3d8081153dc3be9c85274c90368d93,1284,2898,,,bytescale.mobbin.com,f7a1807c1ac98ccf0eecf5078d61346ac9a94ca37a547f5708d580528c9e55c0,/Users/user/mobbin-sides/screen-flows/cash-app/023-cash-app-bitcoin-6e67ed63-8be8-45d1-94d4-f3b11de22d05/003-957687f2-48c8-4ee2-b359-00f52ed95a59-downloadableSrc-12cff7f914fe.webp
6e67ed63-8be8-45d1-94d4-f3b11de22d05,Bitcoin,6fc9a5b8-91ee-47dd-976d-9784a1975e1a,Cash APP,fed5f550-de22-4c8f-98d3-72b7dcf28e2e,3,4,e396379d-f336-48fd-9caa-e62a75564b68,true,downloadableSrc,200,image/webp,216732,216732,8c9421d03f0ca9aa55bff768642e7e9fcaada484aadd64b3b08588afc3afdc9f,1284,2898,,,bytescale.mobbin.com,f7a1807c1ac98ccf0eecf5078d61346ac9a94ca37a547f5708d580528c9e55c0,/Users/user/mobbin-sides/screen-flows/cash-app/023-cash-app-bitcoin-6e67ed63-8be8-45d1-94d4-f3b11de22d05/004-e396379d-f336-48fd-9caa-e62a75564b68-downloadableSrc-8c9421d03f0c.webp
6e67ed63-8be8-45d1-94d4-f3b11de22d05,Bitcoin,6fc9a5b8-91ee-47dd-976d-9784a1975e1a,Cash APP,fed5f550-de22-4c8f-98d3-72b7dcf28e2e,4,5,d56a2be0-a6c2-4990-8cd7-09aa936f09c9,true,downloadableSrc,200,image/webp,73212,73212,ce6956045dbe43418a35ca3c1fe9098942d301bbbcbbbbf2fe38566d7e924758,1284,2898,,,bytescale.mobbin.com,f7a1807c1ac98ccf0eecf5078d61346ac9a94ca37a547f5708d580528c9e55c0,/Users/user/mobbin-sides/screen-flows/cash-app/023-cash-app-bitcoin-6e67ed63-8be8-45d1-94d4-f3b11de22d05/005-d56a2be0-a6c2-4990-8cd7-09aa936f09c9-downloadableSrc-ce6956045dbe.webp
6e67ed63-8be8-45d1-94d4-f3b11de22d05,Bitcoin,6fc9a5b8-91ee-47dd-976d-9784a1975e1a,Cash APP,fed5f550-de22-4c8f-98d3-72b7dcf28e2e,5,6,4bf67a6a-c7e7-4b5d-b7ba-f21c974c5296,true,downloadableSrc,200,image/webp,70856,70856,2f2825c3d167def40d9cd4af693d634ed1b095733f33e6288360b5e74c3ba4a7,1284,2898,,,bytescale.mobbin.com,f7a1807c1ac98ccf0eecf5078d61346ac9a94ca37a547f5708d580528c9e55c0,/Users/user/mobbin-sides/screen-flows/cash-app/023-cash-app-bitcoin-6e67ed63-8be8-45d1-94d4-f3b11de22d05/006-4bf67a6a-c7e7-4b5d-b7ba-f21c974c5296-downloadableSrc-2f2825c3d167.webp
577dcb4b-1608-447d-840f-d5d3224b081b,Buying bitcoin,6fc9a5b8-91ee-47dd-976d-9784a1975e1a,Cash APP,fed5f550-de22-4c8f-98d3-72b7dcf28e2e,0,1,957687f2-48c8-4ee2-b359-00f52ed95a59,true,downloadableSrc,200,image/webp,164244,164244,12cff7f914fe35e3a101d85f14890c118f3d8081153dc3be9c85274c90368d93,1284,2898,,,bytescale.mobbin.com,f7a1807c1ac98ccf0eecf5078d61346ac9a94ca37a547f5708d580528c9e55c0,/Users/user/mobbin-sides/screen-flows/cash-app/024-cash-app-buying-bitcoin-577dcb4b-1608-447d-840f-d5d3224b081b/001-957687f2-48c8-4ee2-b359-00f52ed95a59-downloadableSrc-12cff7f914fe.webp
577dcb4b-1608-447d-840f-d5d3224b081b,Buying bitcoin,6fc9a5b8-91ee-47dd-976d-9784a1975e1a,Cash APP,fed5f550-de22-4c8f-98d3-72b7dcf28e2e,1,2,3023a740-7f93-4798-baa2-de64154d2610,true,downloadableSrc,200,image/webp,64370,64370,ce08aaf457f5ca668ee61ede7b4ec804799dcb3c7f99d17c180ac73bb3c53955,1284,2898,,,bytescale.mobbin.com,f7a1807c1ac98ccf0eecf5078d61346ac9a94ca37a547f5708d580528c9e55c0,/Users/user/mobbin-sides/screen-flows/cash-app/024-cash-app-buying-bitcoin-577dcb4b-1608-447d-840f-d5d3224b081b/002-3023a740-7f93-4798-baa2-de64154d2610-downloadableSrc-ce08aaf457f5.webp
577dcb4b-1608-447d-840f-d5d3224b081b,Buying bitcoin,6fc9a5b8-91ee-47dd-976d-9784a1975e1a,Cash APP,fed5f550-de22-4c8f-98d3-72b7dcf28e2e,2,3,4f354680-18f3-4eb2-b59c-15a30aa49f89,true,downloadableSrc,200,image/webp,49480,49480,3fe5513c139868a9b6d068b83764da50dc56ce59b9df64f302125af94e5785ce,1284,2898,,,bytescale.mobbin.com,f7a1807c1ac98ccf0eecf5078d61346ac9a94ca37a547f5708d580528c9e55c0,/Users/user/mobbin-sides/screen-flows/cash-app/024-cash-app-buying-bitcoin-577dcb4b-1608-447d-840f-d5d3224b081b/003-4f354680-18f3-4eb2-b59c-15a30aa49f89-downloadableSrc-3fe5513c1398.webp
577dcb4b-1608-447d-840f-d5d3224b081b,Buying bitcoin,6fc9a5b8-91ee-47dd-976d-9784a1975e1a,Cash APP,fed5f550-de22-4c8f-98d3-72b7dcf28e2e,3,4,1bf1d239-bcaa-4807-8528-220bc79e1b5b,true,downloadableSrc,200,image/webp,59010,59010,d3884ca3314b065b93b69c35ac252bc9ba3ea5ed72243bb54311535b71a2435b,1284,2898,,,bytescale.mobbin.com,f7a1807c1ac98ccf0eecf5078d61346ac9a94ca37a547f5708d580528c9e55c0,/Users/user/mobbin-sides/screen-flows/cash-app/024-cash-app-buying-bitcoin-577dcb4b-1608-447d-840f-d5d3224b081b/004-1bf1d239-bcaa-4807-8528-220bc79e1b5b-downloadableSrc-d3884ca3314b.webp
577dcb4b-1608-447d-840f-d5d3224b081b,Buying bitcoin,6fc9a5b8-91ee-47dd-976d-9784a1975e1a,Cash APP,fed5f550-de22-4c8f-98d3-72b7dcf28e2e,4,5,3e0462e7-65ad-41b9-b43a-9d2ddaef6db7,true,downloadableSrc,200,image/webp,60746,60746,1934891b710e89104cdcfe05098bf501d748cbe74b52342ecdf4ccb5923e46fb,1284,2898,,,bytescale.mobbin.com,f7a1807c1ac98ccf0eecf5078d61346ac9a94ca37a547f5708d580528c9e55c0,/Users/user/mobbin-sides/screen-flows/cash-app/024-cash-app-buying-bitcoin-577dcb4b-1608-447d-840f-d5d3224b081b/005-3e0462e7-65ad-41b9-b43a-9d2ddaef6db7-downloadableSrc-1934891b710e.webp
577dcb4b-1608-447d-840f-d5d3224b081b,Buying bitcoin,6fc9a5b8-91ee-47dd-976d-9784a1975e1a,Cash APP,fed5f550-de22-4c8f-98d3-72b7dcf28e2e,5,6,98de5b8f-ba85-4d06-9515-072d23c2733f,true,downloadableSrc,200,image/webp,64240,64240,6555732d1313ba0450f291580319216a2d5aac615dbb988ac551fd1a17a5e3b1,1284,2898,,,bytescale.mobbin.com,f7a1807c1ac98ccf0eecf5078d61346ac9a94ca37a547f5708d580528c9e55c0,/Users/user/mobbin-sides/screen-flows/cash-app/024-cash-app-buying-bitcoin-577dcb4b-1608-447d-840f-d5d3224b081b/006-98de5b8f-ba85-4d06-9515-072d23c2733f-downloadableSrc-6555732d1313.webp
577dcb4b-1608-447d-840f-d5d3224b081b,Buying bitcoin,6fc9a5b8-91ee-47dd-976d-9784a1975e1a,Cash APP,fed5f550-de22-4c8f-98d3-72b7dcf28e2e,6,7,60e38d36-90eb-4075-bd4c-88342222b810,true,downloadableSrc,200,image/webp,32076,32076,7fca233abebaa2e5173651e1539ec2e6fc08a76cb8e124837a8f98fd77fb971c,1284,2898,,,bytescale.mobbin.com,f7a1807c1ac98ccf0eecf5078d61346ac9a94ca37a547f5708d580528c9e55c0,/Users/user/mobbin-sides/screen-flows/cash-app/024-cash-app-buying-bitcoin-577dcb4b-1608-447d-840f-d5d3224b081b/007-60e38d36-90eb-4075-bd4c-88342222b810-downloadableSrc-7fca233abeba.webp
577dcb4b-1608-447d-840f-d5d3224b081b,Buying bitcoin,6fc9a5b8-91ee-47dd-976d-9784a1975e1a,Cash APP,fed5f550-de22-4c8f-98d3-72b7dcf28e2e,7,8,cd1b1f77-56ff-480d-8b02-2f611432726f,true,downloadableSrc,200,image/webp,40110,40110,5eb0a8383269de711f50f1c8781b0790ca1f4cea58209327760175e35ae932cd,1284,2898,,,bytescale.mobbin.com,f7a1807c1ac98ccf0eecf5078d61346ac9a94ca37a547f5708d580528c9e55c0,/Users/user/mobbin-sides/screen-flows/cash-app/024-cash-app-buying-bitcoin-577dcb4b-1608-447d-840f-d5d3224b081b/008-cd1b1f77-56ff-480d-8b02-2f611432726f-downloadableSrc-5eb0a8383269.webp
577dcb4b-1608-447d-840f-d5d3224b081b,Buying bitcoin,6fc9a5b8-91ee-47dd-976d-9784a1975e1a,Cash APP,fed5f550-de22-4c8f-98d3-72b7dcf28e2e,8,9,ba2f60b7-239f-438c-82f2-d04962768b26,true,downloadableSrc,200,image/webp,85002,85002,d52f2fec16efdc172794762a6bfeadfe25c2e774c62d81ccaac2e9177950eefa,1284,2898,,,bytescale.mobbin.com,f7a1807c1ac98ccf0eecf5078d61346ac9a94ca37a547f5708d580528c9e55c0,/Users/user/mobbin-sides/screen-flows/cash-app/024-cash-app-buying-bitcoin-577dcb4b-1608-447d-840f-d5d3224b081b/009-ba2f60b7-239f-438c-82f2-d04962768b26-downloadableSrc-d52f2fec16ef.webp
577dcb4b-1608-447d-840f-d5d3224b081b,Buying bitcoin,6fc9a5b8-91ee-47dd-976d-9784a1975e1a,Cash APP,fed5f550-de22-4c8f-98d3-72b7dcf28e2e,9,10,8fb0e417-f99a-487d-b660-19f8c4427c96,true,downloadableSrc,200,image/webp,107064,107064,42a9931355ee0ed15a9357e1764f459a550f0802eee0b6274002fbd14152d74d,1284,2898,,,bytescale.mobbin.com,f7a1807c1ac98ccf0eecf5078d61346ac9a94ca37a547f5708d580528c9e55c0,/Users/user/mobbin-sides/screen-flows/cash-app/024-cash-app-buying-bitcoin-577dcb4b-1608-447d-840f-d5d3224b081b/010-8fb0e417-f99a-487d-b660-19f8c4427c96-downloadableSrc-42a9931355ee.webp
577dcb4b-1608-447d-840f-d5d3224b081b,Buying bitcoin,6fc9a5b8-91ee-47dd-976d-9784a1975e1a,Cash APP,fed5f550-de22-4c8f-98d3-72b7dcf28e2e,10,11,f5debe76-e85f-4f47-8703-e821de04ffc0,true,downloadableSrc,200,image/webp,55516,55516,8b1f04ffa9ed614d98a63096d9e34c30a8626b0a588d14dd3b0035cd701f9770,1284,2898,,,bytescale.mobbin.com,f7a1807c1ac98ccf0eecf5078d61346ac9a94ca37a547f5708d580528c9e55c0,/Users/user/mobbin-sides/screen-flows/cash-app/024-cash-app-buying-bitcoin-577dcb4b-1608-447d-840f-d5d3224b081b/011-f5debe76-e85f-4f47-8703-e821de04ffc0-downloadableSrc-8b1f04ffa9ed.webp
97376d9c-74bc-4a64-99ee-bfda2e218e25,Taxes,6fc9a5b8-91ee-47dd-976d-9784a1975e1a,Cash APP,fed5f550-de22-4c8f-98d3-72b7dcf28e2e,0,1,16311b94-ffbf-4730-9bf3-db0d02fb5117,true,downloadableSrc,200,image/webp,65850,65850,8e42da091f13528f5646d67050d5ee12a19caba72f21f3b4065c9f1d52ae4099,1284,2898,,,bytescale.mobbin.com,f7a1807c1ac98ccf0eecf5078d61346ac9a94ca37a547f5708d580528c9e55c0,/Users/user/mobbin-sides/screen-flows/cash-app/025-cash-app-taxes-97376d9c-74bc-4a64-99ee-bfda2e218e25/001-16311b94-ffbf-4730-9bf3-db0d02fb5117-downloadableSrc-8e42da091f13.webp
97376d9c-74bc-4a64-99ee-bfda2e218e25,Taxes,6fc9a5b8-91ee-47dd-976d-9784a1975e1a,Cash APP,fed5f550-de22-4c8f-98d3-72b7dcf28e2e,1,2,2db17595-33d4-4b70-9373-dc767ed6012b,true,downloadableSrc,200,image/webp,93976,93976,2f16e3d9d5db8d0c5283b10eeeffe10713079d4ff67f4b1d0ad973214ffcfe07,1284,2898,,,bytescale.mobbin.com,f7a1807c1ac98ccf0eecf5078d61346ac9a94ca37a547f5708d580528c9e55c0,/Users/user/mobbin-sides/screen-flows/cash-app/025-cash-app-taxes-97376d9c-74bc-4a64-99ee-bfda2e218e25/002-2db17595-33d4-4b70-9373-dc767ed6012b-downloadableSrc-2f16e3d9d5db.webp
97376d9c-74bc-4a64-99ee-bfda2e218e25,Taxes,6fc9a5b8-91ee-47dd-976d-9784a1975e1a,Cash APP,fed5f550-de22-4c8f-98d3-72b7dcf28e2e,2,3,ed259839-736a-4d2b-9cdf-55246af36bb3,true,downloadableSrc,200,image/webp,123714,123714,773710454fce825564cd793fff20d5d60572a13dc424282689dd284069fae606,1284,2898,,,bytescale.mobbin.com,f7a1807c1ac98ccf0eecf5078d61346ac9a94ca37a547f5708d580528c9e55c0,/Users/user/mobbin-sides/screen-flows/cash-app/025-cash-app-taxes-97376d9c-74bc-4a64-99ee-bfda2e218e25/003-ed259839-736a-4d2b-9cdf-55246af36bb3-downloadableSrc-773710454fce.webp
97376d9c-74bc-4a64-99ee-bfda2e218e25,Taxes,6fc9a5b8-91ee-47dd-976d-9784a1975e1a,Cash APP,fed5f550-de22-4c8f-98d3-72b7dcf28e2e,3,4,c33d0968-1a3f-409d-8fa2-ad65ead81b3d,true,downloadableSrc,200,image/webp,94974,94974,f84d1fe453f43e145229c9e71769832a42c6058903ed9ea5afbda0b64b890801,1284,2898,,,bytescale.mobbin.com,f7a1807c1ac98ccf0eecf5078d61346ac9a94ca37a547f5708d580528c9e55c0,/Users/user/mobbin-sides/screen-flows/cash-app/025-cash-app-taxes-97376d9c-74bc-4a64-99ee-bfda2e218e25/004-c33d0968-1a3f-409d-8fa2-ad65ead81b3d-downloadableSrc-f84d1fe453f4.webp
c9915388-545a-4c4c-b194-cdb77112daa0,Afterpay,6fc9a5b8-91ee-47dd-976d-9784a1975e1a,Cash APP,fed5f550-de22-4c8f-98d3-72b7dcf28e2e,0,1,16311b94-ffbf-4730-9bf3-db0d02fb5117,true,downloadableSrc,200,image/webp,65850,65850,8e42da091f13528f5646d67050d5ee12a19caba72f21f3b4065c9f1d52ae4099,1284,2898,,,bytescale.mobbin.com,f7a1807c1ac98ccf0eecf5078d61346ac9a94ca37a547f5708d580528c9e55c0,/Users/user/mobbin-sides/screen-flows/cash-app/026-cash-app-afterpay-c9915388-545a-4c4c-b194-cdb77112daa0/001-16311b94-ffbf-4730-9bf3-db0d02fb5117-downloadableSrc-8e42da091f13.webp
c9915388-545a-4c4c-b194-cdb77112daa0,Afterpay,6fc9a5b8-91ee-47dd-976d-9784a1975e1a,Cash APP,fed5f550-de22-4c8f-98d3-72b7dcf28e2e,1,2,6aed1f98-54ea-46a3-b3c2-7ede28155d33,true,downloadableSrc,200,image/webp,89604,89604,d2eb3fbde47a765be36c872a7207c9531136899a31093a296e25adefb11c13df,1284,2898,,,bytescale.mobbin.com,f7a1807c1ac98ccf0eecf5078d61346ac9a94ca37a547f5708d580528c9e55c0,/Users/user/mobbin-sides/screen-flows/cash-app/026-cash-app-afterpay-c9915388-545a-4c4c-b194-cdb77112daa0/002-6aed1f98-54ea-46a3-b3c2-7ede28155d33-downloadableSrc-d2eb3fbde47a.webp
c9915388-545a-4c4c-b194-cdb77112daa0,Afterpay,6fc9a5b8-91ee-47dd-976d-9784a1975e1a,Cash APP,fed5f550-de22-4c8f-98d3-72b7dcf28e2e,2,3,07254187-c53c-4702-9ece-628d29a135d2,true,downloadableSrc,200,image/webp,82332,82332,1ae9b6deb43f783055e50f2ee253383d39c9d815f2a5e168b26dc315b8831581,1284,2898,,,bytescale.mobbin.com,f7a1807c1ac98ccf0eecf5078d61346ac9a94ca37a547f5708d580528c9e55c0,/Users/user/mobbin-sides/screen-flows/cash-app/026-cash-app-afterpay-c9915388-545a-4c4c-b194-cdb77112daa0/003-07254187-c53c-4702-9ece-628d29a135d2-downloadableSrc-1ae9b6deb43f.webp
9009d0c2-8c83-4531-af89-0c46c560341f,Filtering category,6fc9a5b8-91ee-47dd-976d-9784a1975e1a,Cash APP,fed5f550-de22-4c8f-98d3-72b7dcf28e2e,0,1,07254187-c53c-4702-9ece-628d29a135d2,true,downloadableSrc,200,image/webp,82332,82332,1ae9b6deb43f783055e50f2ee253383d39c9d815f2a5e168b26dc315b8831581,1284,2898,,,bytescale.mobbin.com,f7a1807c1ac98ccf0eecf5078d61346ac9a94ca37a547f5708d580528c9e55c0,/Users/user/mobbin-sides/screen-flows/cash-app/027-cash-app-filtering-category-9009d0c2-8c83-4531-af89-0c46c560341f/001-07254187-c53c-4702-9ece-628d29a135d2-downloadableSrc-1ae9b6deb43f.webp
9009d0c2-8c83-4531-af89-0c46c560341f,Filtering category,6fc9a5b8-91ee-47dd-976d-9784a1975e1a,Cash APP,fed5f550-de22-4c8f-98d3-72b7dcf28e2e,1,2,6e92942e-4bdd-4e24-b5cd-a4f773709dfa,true,downloadableSrc,200,image/webp,68754,68754,c7b9bc8e7aeffe43907273155c470fef84e91563891b8068a2309df7bd1a3eaf,1284,2898,,,bytescale.mobbin.com,f7a1807c1ac98ccf0eecf5078d61346ac9a94ca37a547f5708d580528c9e55c0,/Users/user/mobbin-sides/screen-flows/cash-app/027-cash-app-filtering-category-9009d0c2-8c83-4531-af89-0c46c560341f/002-6e92942e-4bdd-4e24-b5cd-a4f773709dfa-downloadableSrc-c7b9bc8e7aef.webp
9009d0c2-8c83-4531-af89-0c46c560341f,Filtering category,6fc9a5b8-91ee-47dd-976d-9784a1975e1a,Cash APP,fed5f550-de22-4c8f-98d3-72b7dcf28e2e,2,3,06befac0-315d-4c64-99b5-7b4e25b10bcf,true,downloadableSrc,200,image/webp,56774,56774,d61134bf1120a658616c248c23dcad0c6c58b57c6a365dfab82b2c79c4856b4f,1284,2898,,,bytescale.mobbin.com,f7a1807c1ac98ccf0eecf5078d61346ac9a94ca37a547f5708d580528c9e55c0,/Users/user/mobbin-sides/screen-flows/cash-app/027-cash-app-filtering-category-9009d0c2-8c83-4531-af89-0c46c560341f/003-06befac0-315d-4c64-99b5-7b4e25b10bcf-downloadableSrc-d61134bf1120.webp
9009d0c2-8c83-4531-af89-0c46c560341f,Filtering category,6fc9a5b8-91ee-47dd-976d-9784a1975e1a,Cash APP,fed5f550-de22-4c8f-98d3-72b7dcf28e2e,3,4,6c3179a3-7d37-4af2-a8ec-cf806810cf88,true,downloadableSrc,200,image/webp,58084,58084,9ed7b3b39f0c027ea8516fae95afe9c68a23efc80797f2f56c0f09168c877d00,1284,2898,,,bytescale.mobbin.com,f7a1807c1ac98ccf0eecf5078d61346ac9a94ca37a547f5708d580528c9e55c0,/Users/user/mobbin-sides/screen-flows/cash-app/027-cash-app-filtering-category-9009d0c2-8c83-4531-af89-0c46c560341f/004-6c3179a3-7d37-4af2-a8ec-cf806810cf88-downloadableSrc-9ed7b3b39f0c.webp
9009d0c2-8c83-4531-af89-0c46c560341f,Filtering category,6fc9a5b8-91ee-47dd-976d-9784a1975e1a,Cash APP,fed5f550-de22-4c8f-98d3-72b7dcf28e2e,4,5,71bdea3b-a55b-4649-87a7-f54c72ff0fdf,true,downloadableSrc,200,image/webp,67496,67496,61b800de7f314211238759b3c0b46c3321c723f3649c74d15b0f6f9a9ad984e5,1284,2898,,,bytescale.mobbin.com,f7a1807c1ac98ccf0eecf5078d61346ac9a94ca37a547f5708d580528c9e55c0,/Users/user/mobbin-sides/screen-flows/cash-app/027-cash-app-filtering-category-9009d0c2-8c83-4531-af89-0c46c560341f/005-71bdea3b-a55b-4649-87a7-f54c72ff0fdf-downloadableSrc-61b800de7f31.webp
2e0bf6ed-86d6-4106-9569-0dc039cd74be,Paper money deposit,6fc9a5b8-91ee-47dd-976d-9784a1975e1a,Cash APP,fed5f550-de22-4c8f-98d3-72b7dcf28e2e,0,1,f6dbb413-0a08-403f-86fa-616b1437b100,true,downloadableSrc,200,image/webp,94876,94876,6bf99159028d167527b7533923e0455e3f28c0167e422f0a4e68164e13e54f6a,1284,2898,,,bytescale.mobbin.com,f7a1807c1ac98ccf0eecf5078d61346ac9a94ca37a547f5708d580528c9e55c0,/Users/user/mobbin-sides/screen-flows/cash-app/028-cash-app-paper-money-deposit-2e0bf6ed-86d6-4106-9569-0dc039cd74be/001-f6dbb413-0a08-403f-86fa-616b1437b100-downloadableSrc-6bf99159028d.webp
2e0bf6ed-86d6-4106-9569-0dc039cd74be,Paper money deposit,6fc9a5b8-91ee-47dd-976d-9784a1975e1a,Cash APP,fed5f550-de22-4c8f-98d3-72b7dcf28e2e,1,2,40868a06-fbeb-45f2-9b6a-accfe7f7cf92,true,downloadableSrc,200,image/webp,114584,114584,71dfaeefb4d4cc6ab422574b048a6e6870b1a6df29c0336a12c72eef2f6419ae,1284,2898,,,bytescale.mobbin.com,f7a1807c1ac98ccf0eecf5078d61346ac9a94ca37a547f5708d580528c9e55c0,/Users/user/mobbin-sides/screen-flows/cash-app/028-cash-app-paper-money-deposit-2e0bf6ed-86d6-4106-9569-0dc039cd74be/002-40868a06-fbeb-45f2-9b6a-accfe7f7cf92-downloadableSrc-71dfaeefb4d4.webp
2e0bf6ed-86d6-4106-9569-0dc039cd74be,Paper money deposit,6fc9a5b8-91ee-47dd-976d-9784a1975e1a,Cash APP,fed5f550-de22-4c8f-98d3-72b7dcf28e2e,2,3,04d0de7c-9cfc-4292-b1a9-0962c9f35b59,true,downloadableSrc,200,image/webp,127652,127652,9c288ec3b31b43d362903d8a4c7f97d6211ab6b1ec213e65632d6f392075e349,1284,2898,,,bytescale.mobbin.com,f7a1807c1ac98ccf0eecf5078d61346ac9a94ca37a547f5708d580528c9e55c0,/Users/user/mobbin-sides/screen-flows/cash-app/028-cash-app-paper-money-deposit-2e0bf6ed-86d6-4106-9569-0dc039cd74be/003-04d0de7c-9cfc-4292-b1a9-0962c9f35b59-downloadableSrc-9c288ec3b31b.webp
2e0bf6ed-86d6-4106-9569-0dc039cd74be,Paper money deposit,6fc9a5b8-91ee-47dd-976d-9784a1975e1a,Cash APP,fed5f550-de22-4c8f-98d3-72b7dcf28e2e,3,4,5363ec50-2d64-40d6-bc81-9fc99209aa92,true,downloadableSrc,200,image/webp,122924,122924,52109d732e9d9369e97e2cfec2e511bc81408671f5f3691a5bc66dbe3ea6a5f9,1284,2898,,,bytescale.mobbin.com,f7a1807c1ac98ccf0eecf5078d61346ac9a94ca37a547f5708d580528c9e55c0,/Users/user/mobbin-sides/screen-flows/cash-app/028-cash-app-paper-money-deposit-2e0bf6ed-86d6-4106-9569-0dc039cd74be/004-5363ec50-2d64-40d6-bc81-9fc99209aa92-downloadableSrc-52109d732e9d.webp
f87028e9-6820-49b9-8cbf-dc3f525f3ecc,Scheduling an auto reload,6fc9a5b8-91ee-47dd-976d-9784a1975e1a,Cash APP,fed5f550-de22-4c8f-98d3-72b7dcf28e2e,0,1,f6dbb413-0a08-403f-86fa-616b1437b100,true,downloadableSrc,200,image/webp,94876,94876,6bf99159028d167527b7533923e0455e3f28c0167e422f0a4e68164e13e54f6a,1284,2898,,,bytescale.mobbin.com,f7a1807c1ac98ccf0eecf5078d61346ac9a94ca37a547f5708d580528c9e55c0,/Users/user/mobbin-sides/screen-flows/cash-app/029-cash-app-scheduling-an-auto-reload-f87028e9-6820-49b9-8cbf-dc3f525f3ecc/001-f6dbb413-0a08-403f-86fa-616b1437b100-downloadableSrc-6bf99159028d.webp
f87028e9-6820-49b9-8cbf-dc3f525f3ecc,Scheduling an auto reload,6fc9a5b8-91ee-47dd-976d-9784a1975e1a,Cash APP,fed5f550-de22-4c8f-98d3-72b7dcf28e2e,1,2,19b24b40-8318-42f9-890c-e30b81959f06,true,downloadableSrc,200,image/webp,109364,109364,ac1ded164e12f2da30d98e67855940fc3417e413aacda171456931321340eea9,1284,2898,,,bytescale.mobbin.com,f7a1807c1ac98ccf0eecf5078d61346ac9a94ca37a547f5708d580528c9e55c0,/Users/user/mobbin-sides/screen-flows/cash-app/029-cash-app-scheduling-an-auto-reload-f87028e9-6820-49b9-8cbf-dc3f525f3ecc/002-19b24b40-8318-42f9-890c-e30b81959f06-downloadableSrc-ac1ded164e12.webp
f87028e9-6820-49b9-8cbf-dc3f525f3ecc,Scheduling an auto reload,6fc9a5b8-91ee-47dd-976d-9784a1975e1a,Cash APP,fed5f550-de22-4c8f-98d3-72b7dcf28e2e,2,3,597bb170-adeb-479b-8128-00c60f0ef748,true,downloadableSrc,200,image/webp,51006,51006,b21b471ccfb827bd8c0c50a098c6e14d1d235b296d08736db2c1e75e5e276cc0,1284,2898,,,bytescale.mobbin.com,f7a1807c1ac98ccf0eecf5078d61346ac9a94ca37a547f5708d580528c9e55c0,/Users/user/mobbin-sides/screen-flows/cash-app/029-cash-app-scheduling-an-auto-reload-f87028e9-6820-49b9-8cbf-dc3f525f3ecc/003-597bb170-adeb-479b-8128-00c60f0ef748-downloadableSrc-b21b471ccfb8.webp
f87028e9-6820-49b9-8cbf-dc3f525f3ecc,Scheduling an auto reload,6fc9a5b8-91ee-47dd-976d-9784a1975e1a,Cash APP,fed5f550-de22-4c8f-98d3-72b7dcf28e2e,3,4,b763ac55-de69-4f5d-8582-de07320903a8,true,downloadableSrc,200,image/webp,33172,33172,6bc06b8a631cdce400d8a78b0af52c6d89e136487494205be64d303869d0fe60,1284,2898,,,bytescale.mobbin.com,f7a1807c1ac98ccf0eecf5078d61346ac9a94ca37a547f5708d580528c9e55c0,/Users/user/mobbin-sides/screen-flows/cash-app/029-cash-app-scheduling-an-auto-reload-f87028e9-6820-49b9-8cbf-dc3f525f3ecc/004-b763ac55-de69-4f5d-8582-de07320903a8-downloadableSrc-6bc06b8a631c.webp
f87028e9-6820-49b9-8cbf-dc3f525f3ecc,Scheduling an auto reload,6fc9a5b8-91ee-47dd-976d-9784a1975e1a,Cash APP,fed5f550-de22-4c8f-98d3-72b7dcf28e2e,4,5,9631d3bc-21de-441c-84dc-1a8cf2380f7f,true,downloadableSrc,200,image/webp,30520,30520,81d860907e413ea52e7d08ed56524264e091adf265c8cc47734f0842a9327579,1284,2898,,,bytescale.mobbin.com,f7a1807c1ac98ccf0eecf5078d61346ac9a94ca37a547f5708d580528c9e55c0,/Users/user/mobbin-sides/screen-flows/cash-app/029-cash-app-scheduling-an-auto-reload-f87028e9-6820-49b9-8cbf-dc3f525f3ecc/005-9631d3bc-21de-441c-84dc-1a8cf2380f7f-downloadableSrc-81d860907e41.webp
f87028e9-6820-49b9-8cbf-dc3f525f3ecc,Scheduling an auto reload,6fc9a5b8-91ee-47dd-976d-9784a1975e1a,Cash APP,fed5f550-de22-4c8f-98d3-72b7dcf28e2e,5,6,3afa4e4a-4584-4fa6-bc68-61d368e86e70,true,downloadableSrc,200,image/webp,33250,33250,f7d086bc8ee40aa2183933a33e1a2e23e7bb98a79a266d391c1cc22c41fcb121,1284,2898,,,bytescale.mobbin.com,f7a1807c1ac98ccf0eecf5078d61346ac9a94ca37a547f5708d580528c9e55c0,/Users/user/mobbin-sides/screen-flows/cash-app/029-cash-app-scheduling-an-auto-reload-f87028e9-6820-49b9-8cbf-dc3f525f3ecc/006-3afa4e4a-4584-4fa6-bc68-61d368e86e70-downloadableSrc-f7d086bc8ee4.webp
f87028e9-6820-49b9-8cbf-dc3f525f3ecc,Scheduling an auto reload,6fc9a5b8-91ee-47dd-976d-9784a1975e1a,Cash APP,fed5f550-de22-4c8f-98d3-72b7dcf28e2e,6,7,e029eb88-3773-4f12-981b-153134dbce1f,true,downloadableSrc,200,image/webp,37842,37842,a60a0292851a2e022e256db2b866c0c09bbe7f9d71268b40036867fd947e0884,1284,2898,,,bytescale.mobbin.com,f7a1807c1ac98ccf0eecf5078d61346ac9a94ca37a547f5708d580528c9e55c0,/Users/user/mobbin-sides/screen-flows/cash-app/029-cash-app-scheduling-an-auto-reload-f87028e9-6820-49b9-8cbf-dc3f525f3ecc/007-e029eb88-3773-4f12-981b-153134dbce1f-downloadableSrc-a60a0292851a.webp
f87028e9-6820-49b9-8cbf-dc3f525f3ecc,Scheduling an auto reload,6fc9a5b8-91ee-47dd-976d-9784a1975e1a,Cash APP,fed5f550-de22-4c8f-98d3-72b7dcf28e2e,7,8,bee26123-08a9-403b-a9fc-da58057c3f52,true,downloadableSrc,200,image/webp,44568,44568,5db56c451a1821973d8ca4fca8bfaaddc79bec465eb3f8cf9505fa6d998e0699,1284,2898,,,bytescale.mobbin.com,f7a1807c1ac98ccf0eecf5078d61346ac9a94ca37a547f5708d580528c9e55c0,/Users/user/mobbin-sides/screen-flows/cash-app/029-cash-app-scheduling-an-auto-reload-f87028e9-6820-49b9-8cbf-dc3f525f3ecc/008-bee26123-08a9-403b-a9fc-da58057c3f52-downloadableSrc-5db56c451a18.webp
f87028e9-6820-49b9-8cbf-dc3f525f3ecc,Scheduling an auto reload,6fc9a5b8-91ee-47dd-976d-9784a1975e1a,Cash APP,fed5f550-de22-4c8f-98d3-72b7dcf28e2e,8,9,6428fb0d-593e-4f1d-bad0-3ad5cf7e4ddc,true,downloadableSrc,200,image/webp,57374,57374,dabea86fa0f87f71dedfdde7a1f6fc915828149f4618c898a3fd2559ff1e9bc1,1284,2898,,,bytescale.mobbin.com,f7a1807c1ac98ccf0eecf5078d61346ac9a94ca37a547f5708d580528c9e55c0,/Users/user/mobbin-sides/screen-flows/cash-app/029-cash-app-scheduling-an-auto-reload-f87028e9-6820-49b9-8cbf-dc3f525f3ecc/009-6428fb0d-593e-4f1d-bad0-3ad5cf7e4ddc-downloadableSrc-dabea86fa0f8.webp
fe1f25f4-3dbf-406a-ab54-50d1d698940f,Cash App Green,6fc9a5b8-91ee-47dd-976d-9784a1975e1a,Cash APP,fed5f550-de22-4c8f-98d3-72b7dcf28e2e,0,1,1876a951-0a7f-4d39-b2ce-a76811421e3d,true,downloadableSrc,200,image/webp,100348,100348,acf818ddde81196fd7389cff315279f0e4d2b5914760c83d74b82fb264f34171,1284,2898,,,bytescale.mobbin.com,f7a1807c1ac98ccf0eecf5078d61346ac9a94ca37a547f5708d580528c9e55c0,/Users/user/mobbin-sides/screen-flows/cash-app/030-cash-app-cash-app-green-fe1f25f4-3dbf-406a-ab54-50d1d698940f/001-1876a951-0a7f-4d39-b2ce-a76811421e3d-downloadableSrc-acf818ddde81.webp
fe1f25f4-3dbf-406a-ab54-50d1d698940f,Cash App Green,6fc9a5b8-91ee-47dd-976d-9784a1975e1a,Cash APP,fed5f550-de22-4c8f-98d3-72b7dcf28e2e,1,2,bf9fffa3-fd35-4d81-8d63-d05374a5e81f,true,downloadableSrc,200,image/webp,153138,153138,e1e01e5df871aeade838adb1de41984eea2864fad2a568ffb17b1005dd0d6faa,1284,2898,,,bytescale.mobbin.com,f7a1807c1ac98ccf0eecf5078d61346ac9a94ca37a547f5708d580528c9e55c0,/Users/user/mobbin-sides/screen-flows/cash-app/030-cash-app-cash-app-green-fe1f25f4-3dbf-406a-ab54-50d1d698940f/002-bf9fffa3-fd35-4d81-8d63-d05374a5e81f-downloadableSrc-e1e01e5df871.webp
fe1f25f4-3dbf-406a-ab54-50d1d698940f,Cash App Green,6fc9a5b8-91ee-47dd-976d-9784a1975e1a,Cash APP,fed5f550-de22-4c8f-98d3-72b7dcf28e2e,2,3,3b7a784b-8fdb-4514-ae9e-5ef87216fd36,true,downloadableSrc,200,image/webp,118844,118844,8ed4981c8aa69846aa2739ddd86faf7e4a6c57e066927e0c1dcfcd26715314bb,1284,2898,,,bytescale.mobbin.com,f7a1807c1ac98ccf0eecf5078d61346ac9a94ca37a547f5708d580528c9e55c0,/Users/user/mobbin-sides/screen-flows/cash-app/030-cash-app-cash-app-green-fe1f25f4-3dbf-406a-ab54-50d1d698940f/003-3b7a784b-8fdb-4514-ae9e-5ef87216fd36-downloadableSrc-8ed4981c8aa6.webp
fe1f25f4-3dbf-406a-ab54-50d1d698940f,Cash App Green,6fc9a5b8-91ee-47dd-976d-9784a1975e1a,Cash APP,fed5f550-de22-4c8f-98d3-72b7dcf28e2e,3,4,ef4d30b9-5046-4674-b694-cfa9b2710cd0,true,downloadableSrc,200,image/webp,171640,171640,0f410ef40722140109dfd47e0fa0cc32810c4bf4f0a9e93f75715c55bc3aee51,1284,2898,,,bytescale.mobbin.com,f7a1807c1ac98ccf0eecf5078d61346ac9a94ca37a547f5708d580528c9e55c0,/Users/user/mobbin-sides/screen-flows/cash-app/030-cash-app-cash-app-green-fe1f25f4-3dbf-406a-ab54-50d1d698940f/004-ef4d30b9-5046-4674-b694-cfa9b2710cd0-downloadableSrc-0f410ef40722.webp
fe1f25f4-3dbf-406a-ab54-50d1d698940f,Cash App Green,6fc9a5b8-91ee-47dd-976d-9784a1975e1a,Cash APP,fed5f550-de22-4c8f-98d3-72b7dcf28e2e,4,5,6e027f28-ece8-43a7-a774-98d9d034b437,true,downloadableSrc,200,image/webp,221606,221606,9126e2bc2ca7c3d18bbc1bcfbb4795ae8619e33c334228fec088bd47259ae2a2,1284,2898,,,bytescale.mobbin.com,f7a1807c1ac98ccf0eecf5078d61346ac9a94ca37a547f5708d580528c9e55c0,/Users/user/mobbin-sides/screen-flows/cash-app/030-cash-app-cash-app-green-fe1f25f4-3dbf-406a-ab54-50d1d698940f/005-6e027f28-ece8-43a7-a774-98d9d034b437-downloadableSrc-9126e2bc2ca7.webp
b6a74246-d85b-4700-9431-c0c25cebd1de,Earn green status,6fc9a5b8-91ee-47dd-976d-9784a1975e1a,Cash APP,fed5f550-de22-4c8f-98d3-72b7dcf28e2e,0,1,bf9fffa3-fd35-4d81-8d63-d05374a5e81f,true,downloadableSrc,200,image/webp,153138,153138,e1e01e5df871aeade838adb1de41984eea2864fad2a568ffb17b1005dd0d6faa,1284,2898,,,bytescale.mobbin.com,f7a1807c1ac98ccf0eecf5078d61346ac9a94ca37a547f5708d580528c9e55c0,/Users/user/mobbin-sides/screen-flows/cash-app/031-cash-app-earn-green-status-b6a74246-d85b-4700-9431-c0c25cebd1de/001-bf9fffa3-fd35-4d81-8d63-d05374a5e81f-downloadableSrc-e1e01e5df871.webp
b6a74246-d85b-4700-9431-c0c25cebd1de,Earn green status,6fc9a5b8-91ee-47dd-976d-9784a1975e1a,Cash APP,fed5f550-de22-4c8f-98d3-72b7dcf28e2e,1,2,d2056811-c228-403b-8cf2-4abd9c0d5e96,true,downloadableSrc,200,image/webp,84314,84314,fed369ef9f20ddd668d39f07348b10bcc4c6e937961530e29b3ae09c64bd1d2d,1284,2898,,,bytescale.mobbin.com,f7a1807c1ac98ccf0eecf5078d61346ac9a94ca37a547f5708d580528c9e55c0,/Users/user/mobbin-sides/screen-flows/cash-app/031-cash-app-earn-green-status-b6a74246-d85b-4700-9431-c0c25cebd1de/002-d2056811-c228-403b-8cf2-4abd9c0d5e96-downloadableSrc-fed369ef9f20.webp
b6a74246-d85b-4700-9431-c0c25cebd1de,Earn green status,6fc9a5b8-91ee-47dd-976d-9784a1975e1a,Cash APP,fed5f550-de22-4c8f-98d3-72b7dcf28e2e,2,3,3ef6fe66-a8b5-47f6-8dde-78b605053c7f,true,downloadableSrc,200,image/webp,145572,145572,dfd7e6f2b11c9ad82037bddfaf6d92cd4c149e3240fd913719dade5c3d0244c9,1284,2898,,,bytescale.mobbin.com,f7a1807c1ac98ccf0eecf5078d61346ac9a94ca37a547f5708d580528c9e55c0,/Users/user/mobbin-sides/screen-flows/cash-app/031-cash-app-earn-green-status-b6a74246-d85b-4700-9431-c0c25cebd1de/003-3ef6fe66-a8b5-47f6-8dde-78b605053c7f-downloadableSrc-dfd7e6f2b11c.webp
b6a74246-d85b-4700-9431-c0c25cebd1de,Earn green status,6fc9a5b8-91ee-47dd-976d-9784a1975e1a,Cash APP,fed5f550-de22-4c8f-98d3-72b7dcf28e2e,3,4,59261aa2-c14c-4e92-bfda-c01243904900,true,downloadableSrc,200,image/webp,229416,229416,12c78bc37def9dce25dcb289a01d7ff1e4f550c96f11d21323a2998c39c00f9a,1284,2898,,,bytescale.mobbin.com,f7a1807c1ac98ccf0eecf5078d61346ac9a94ca37a547f5708d580528c9e55c0,/Users/user/mobbin-sides/screen-flows/cash-app/031-cash-app-earn-green-status-b6a74246-d85b-4700-9431-c0c25cebd1de/004-59261aa2-c14c-4e92-bfda-c01243904900-downloadableSrc-12c78bc37def.webp
da2d11ab-1bcc-47f7-af41-418e2c819a39,Borrow,6fc9a5b8-91ee-47dd-976d-9784a1975e1a,Cash APP,fed5f550-de22-4c8f-98d3-72b7dcf28e2e,0,1,1876a951-0a7f-4d39-b2ce-a76811421e3d,true,downloadableSrc,200,image/webp,100348,100348,acf818ddde81196fd7389cff315279f0e4d2b5914760c83d74b82fb264f34171,1284,2898,,,bytescale.mobbin.com,f7a1807c1ac98ccf0eecf5078d61346ac9a94ca37a547f5708d580528c9e55c0,/Users/user/mobbin-sides/screen-flows/cash-app/032-cash-app-borrow-da2d11ab-1bcc-47f7-af41-418e2c819a39/001-1876a951-0a7f-4d39-b2ce-a76811421e3d-downloadableSrc-acf818ddde81.webp
da2d11ab-1bcc-47f7-af41-418e2c819a39,Borrow,6fc9a5b8-91ee-47dd-976d-9784a1975e1a,Cash APP,fed5f550-de22-4c8f-98d3-72b7dcf28e2e,1,2,be1372e1-652e-43ef-8930-d86da90e38c8,true,downloadableSrc,200,image/webp,142676,142676,c1d41b93e0769e4dac541907f171ebdb2ae77e8e407f286b987652fefee09f9e,1284,2898,,,bytescale.mobbin.com,f7a1807c1ac98ccf0eecf5078d61346ac9a94ca37a547f5708d580528c9e55c0,/Users/user/mobbin-sides/screen-flows/cash-app/032-cash-app-borrow-da2d11ab-1bcc-47f7-af41-418e2c819a39/002-be1372e1-652e-43ef-8930-d86da90e38c8-downloadableSrc-c1d41b93e076.webp
da2d11ab-1bcc-47f7-af41-418e2c819a39,Borrow,6fc9a5b8-91ee-47dd-976d-9784a1975e1a,Cash APP,fed5f550-de22-4c8f-98d3-72b7dcf28e2e,2,3,5932fb28-289a-476e-b178-e41009060dd6,true,downloadableSrc,200,image/webp,88940,88940,008a67849b247851ca46457aa1bfc1042111d5fae654c39fc82672665243693a,1284,2898,,,bytescale.mobbin.com,f7a1807c1ac98ccf0eecf5078d61346ac9a94ca37a547f5708d580528c9e55c0,/Users/user/mobbin-sides/screen-flows/cash-app/032-cash-app-borrow-da2d11ab-1bcc-47f7-af41-418e2c819a39/003-5932fb28-289a-476e-b178-e41009060dd6-downloadableSrc-008a67849b24.webp
da2d11ab-1bcc-47f7-af41-418e2c819a39,Borrow,6fc9a5b8-91ee-47dd-976d-9784a1975e1a,Cash APP,fed5f550-de22-4c8f-98d3-72b7dcf28e2e,3,4,f184ffa6-152c-4e48-af86-4a4dfe9e6626,true,downloadableSrc,200,image/webp,263314,263314,f9dbdd6689cf5f78125edad5f80560d145cd7bc217707c3336e558a12bc50f86,1284,2898,,,bytescale.mobbin.com,f7a1807c1ac98ccf0eecf5078d61346ac9a94ca37a547f5708d580528c9e55c0,/Users/user/mobbin-sides/screen-flows/cash-app/032-cash-app-borrow-da2d11ab-1bcc-47f7-af41-418e2c819a39/004-f184ffa6-152c-4e48-af86-4a4dfe9e6626-downloadableSrc-f9dbdd6689cf.webp
da2d11ab-1bcc-47f7-af41-418e2c819a39,Borrow,6fc9a5b8-91ee-47dd-976d-9784a1975e1a,Cash APP,fed5f550-de22-4c8f-98d3-72b7dcf28e2e,4,5,9420650c-0f8d-4818-bae2-ada8b3d40368,true,downloadableSrc,200,image/webp,252958,252958,ad9d9044c7889b582a41afc71c385e9637811b3298ba203b438f11276b835708,1284,2898,,,bytescale.mobbin.com,f7a1807c1ac98ccf0eecf5078d61346ac9a94ca37a547f5708d580528c9e55c0,/Users/user/mobbin-sides/screen-flows/cash-app/032-cash-app-borrow-da2d11ab-1bcc-47f7-af41-418e2c819a39/005-9420650c-0f8d-4818-bae2-ada8b3d40368-downloadableSrc-ad9d9044c788.webp
da2d11ab-1bcc-47f7-af41-418e2c819a39,Borrow,6fc9a5b8-91ee-47dd-976d-9784a1975e1a,Cash APP,fed5f550-de22-4c8f-98d3-72b7dcf28e2e,5,6,45c45c07-713f-4d80-887f-82da2bb4053b,true,downloadableSrc,200,image/webp,227986,227986,d0cb0d08a2b3d066fdbff4006faa2b017270f8d8847258adbff25620bd66c282,1284,2898,,,bytescale.mobbin.com,f7a1807c1ac98ccf0eecf5078d61346ac9a94ca37a547f5708d580528c9e55c0,/Users/user/mobbin-sides/screen-flows/cash-app/032-cash-app-borrow-da2d11ab-1bcc-47f7-af41-418e2c819a39/006-45c45c07-713f-4d80-887f-82da2bb4053b-downloadableSrc-d0cb0d08a2b3.webp
da2d11ab-1bcc-47f7-af41-418e2c819a39,Borrow,6fc9a5b8-91ee-47dd-976d-9784a1975e1a,Cash APP,fed5f550-de22-4c8f-98d3-72b7dcf28e2e,6,7,7f3579e7-b35d-4c7b-bc38-86505eb9ebe9,true,downloadableSrc,200,image/webp,62040,62040,1e8ed804ca7f4c7c6be1c8d63a6895e45d50f55b14d349c78ddb3399ef14b02c,1284,2898,,,bytescale.mobbin.com,f7a1807c1ac98ccf0eecf5078d61346ac9a94ca37a547f5708d580528c9e55c0,/Users/user/mobbin-sides/screen-flows/cash-app/032-cash-app-borrow-da2d11ab-1bcc-47f7-af41-418e2c819a39/007-7f3579e7-b35d-4c7b-bc38-86505eb9ebe9-downloadableSrc-1e8ed804ca7f.webp
4ed6062c-cd63-400b-bbba-e66cdede0637,See what's new,6fc9a5b8-91ee-47dd-976d-9784a1975e1a,Cash APP,fed5f550-de22-4c8f-98d3-72b7dcf28e2e,0,1,be1372e1-652e-43ef-8930-d86da90e38c8,true,downloadableSrc,200,image/webp,142676,142676,c1d41b93e0769e4dac541907f171ebdb2ae77e8e407f286b987652fefee09f9e,1284,2898,,,bytescale.mobbin.com,f7a1807c1ac98ccf0eecf5078d61346ac9a94ca37a547f5708d580528c9e55c0,/Users/user/mobbin-sides/screen-flows/cash-app/033-cash-app-see-what-s-new-4ed6062c-cd63-400b-bbba-e66cdede0637/001-be1372e1-652e-43ef-8930-d86da90e38c8-downloadableSrc-c1d41b93e076.webp
4ed6062c-cd63-400b-bbba-e66cdede0637,See what's new,6fc9a5b8-91ee-47dd-976d-9784a1975e1a,Cash APP,fed5f550-de22-4c8f-98d3-72b7dcf28e2e,1,2,08495e37-6698-4a85-980d-b6ca220b18e7,true,downloadableSrc,200,image/webp,128926,128926,5f8d49fa495ef40916e6236e0e03feddecfe61da842b34585618981f17936fd4,1284,2898,,,bytescale.mobbin.com,f7a1807c1ac98ccf0eecf5078d61346ac9a94ca37a547f5708d580528c9e55c0,/Users/user/mobbin-sides/screen-flows/cash-app/033-cash-app-see-what-s-new-4ed6062c-cd63-400b-bbba-e66cdede0637/002-08495e37-6698-4a85-980d-b6ca220b18e7-downloadableSrc-5f8d49fa495e.webp
4ed6062c-cd63-400b-bbba-e66cdede0637,See what's new,6fc9a5b8-91ee-47dd-976d-9784a1975e1a,Cash APP,fed5f550-de22-4c8f-98d3-72b7dcf28e2e,2,3,c09194ab-14bc-42fa-9ddb-9baeff39df04,true,downloadableSrc,200,image/webp,75102,75102,725bcf70f1281c497c72ac4716f9b12a6f274f1a386c460d33174c802e13db9c,1284,2898,,,bytescale.mobbin.com,f7a1807c1ac98ccf0eecf5078d61346ac9a94ca37a547f5708d580528c9e55c0,/Users/user/mobbin-sides/screen-flows/cash-app/033-cash-app-see-what-s-new-4ed6062c-cd63-400b-bbba-e66cdede0637/003-c09194ab-14bc-42fa-9ddb-9baeff39df04-downloadableSrc-725bcf70f128.webp
4ed6062c-cd63-400b-bbba-e66cdede0637,See what's new,6fc9a5b8-91ee-47dd-976d-9784a1975e1a,Cash APP,fed5f550-de22-4c8f-98d3-72b7dcf28e2e,3,4,1636beb8-d889-4b7d-abd4-3f4e225cceab,true,downloadableSrc,200,image/webp,104104,104104,3f8b2dc85b299493b6ee89d36a394e4b982742a17e8b11eaf3283ae9ecf1e4dd,1284,2898,,,bytescale.mobbin.com,f7a1807c1ac98ccf0eecf5078d61346ac9a94ca37a547f5708d580528c9e55c0,/Users/user/mobbin-sides/screen-flows/cash-app/033-cash-app-see-what-s-new-4ed6062c-cd63-400b-bbba-e66cdede0637/004-1636beb8-d889-4b7d-abd4-3f4e225cceab-downloadableSrc-3f8b2dc85b29.webp
4ed6062c-cd63-400b-bbba-e66cdede0637,See what's new,6fc9a5b8-91ee-47dd-976d-9784a1975e1a,Cash APP,fed5f550-de22-4c8f-98d3-72b7dcf28e2e,4,5,f3f92d7f-5fee-47de-b001-8cf65b5d665c,true,downloadableSrc,200,image/webp,126782,126782,dd495adb06c01f6902328494691630afa81a6f0f3ca5c9a5a6febfb1caa38fee,1284,2898,,,bytescale.mobbin.com,f7a1807c1ac98ccf0eecf5078d61346ac9a94ca37a547f5708d580528c9e55c0,/Users/user/mobbin-sides/screen-flows/cash-app/033-cash-app-see-what-s-new-4ed6062c-cd63-400b-bbba-e66cdede0637/005-f3f92d7f-5fee-47de-b001-8cf65b5d665c-downloadableSrc-dd495adb06c0.webp
4ed6062c-cd63-400b-bbba-e66cdede0637,See what's new,6fc9a5b8-91ee-47dd-976d-9784a1975e1a,Cash APP,fed5f550-de22-4c8f-98d3-72b7dcf28e2e,5,6,01ea9d8c-189a-4ce4-a952-c9c829b8cfde,true,downloadableSrc,200,image/webp,221850,221850,9be5d9a200b244cd55086102e0d8c3f5df03b70af7d9520a6a2199356e3313d8,1284,2898,,,bytescale.mobbin.com,f7a1807c1ac98ccf0eecf5078d61346ac9a94ca37a547f5708d580528c9e55c0,/Users/user/mobbin-sides/screen-flows/cash-app/033-cash-app-see-what-s-new-4ed6062c-cd63-400b-bbba-e66cdede0637/006-01ea9d8c-189a-4ce4-a952-c9c829b8cfde-downloadableSrc-9be5d9a200b2.webp
fb76c26c-ac18-437e-935d-76fd06e0167a,Searching Cash App,6fc9a5b8-91ee-47dd-976d-9784a1975e1a,Cash APP,fed5f550-de22-4c8f-98d3-72b7dcf28e2e,0,1,e07a4df3-35d5-4fac-bc78-289aa1ceb6ef,true,downloadableSrc,200,image/webp,66888,66888,8044a0679883ed78a7251ac271c45464826dba2537beff46d2466a9527ffd3d4,1284,2898,,,bytescale.mobbin.com,f7a1807c1ac98ccf0eecf5078d61346ac9a94ca37a547f5708d580528c9e55c0,/Users/user/mobbin-sides/screen-flows/cash-app/034-cash-app-searching-cash-app-fb76c26c-ac18-437e-935d-76fd06e0167a/001-e07a4df3-35d5-4fac-bc78-289aa1ceb6ef-downloadableSrc-8044a0679883.webp
fb76c26c-ac18-437e-935d-76fd06e0167a,Searching Cash App,6fc9a5b8-91ee-47dd-976d-9784a1975e1a,Cash APP,fed5f550-de22-4c8f-98d3-72b7dcf28e2e,1,2,f8dd2e6c-da4a-42db-96e2-abd317ebdfea,true,downloadableSrc,200,image/webp,27108,27108,cb2c9da57db86fa7193a19adf4392845be601fb631a4c8c392d44a3420da8df2,1284,2898,,,bytescale.mobbin.com,f7a1807c1ac98ccf0eecf5078d61346ac9a94ca37a547f5708d580528c9e55c0,/Users/user/mobbin-sides/screen-flows/cash-app/034-cash-app-searching-cash-app-fb76c26c-ac18-437e-935d-76fd06e0167a/002-f8dd2e6c-da4a-42db-96e2-abd317ebdfea-downloadableSrc-cb2c9da57db8.webp
fb76c26c-ac18-437e-935d-76fd06e0167a,Searching Cash App,6fc9a5b8-91ee-47dd-976d-9784a1975e1a,Cash APP,fed5f550-de22-4c8f-98d3-72b7dcf28e2e,2,3,5bf13215-0bf9-4ea7-9f3a-987a0d0ad361,true,downloadableSrc,200,image/webp,68058,68058,ba4641e9dccf4cb59b1f6be2f98de8cbbeb94b982a33808d7e1f5b8a7ab526ef,1284,2898,,,bytescale.mobbin.com,f7a1807c1ac98ccf0eecf5078d61346ac9a94ca37a547f5708d580528c9e55c0,/Users/user/mobbin-sides/screen-flows/cash-app/034-cash-app-searching-cash-app-fb76c26c-ac18-437e-935d-76fd06e0167a/003-5bf13215-0bf9-4ea7-9f3a-987a0d0ad361-downloadableSrc-ba4641e9dccf.webp
84d66bb5-5d13-4e37-8d14-c5d7319feca4,Money,6fc9a5b8-91ee-47dd-976d-9784a1975e1a,Cash APP,fed5f550-de22-4c8f-98d3-72b7dcf28e2e,0,1,e07a4df3-35d5-4fac-bc78-289aa1ceb6ef,true,downloadableSrc,200,image/webp,66888,66888,8044a0679883ed78a7251ac271c45464826dba2537beff46d2466a9527ffd3d4,1284,2898,,,bytescale.mobbin.com,f7a1807c1ac98ccf0eecf5078d61346ac9a94ca37a547f5708d580528c9e55c0,/Users/user/mobbin-sides/screen-flows/cash-app/035-cash-app-money-84d66bb5-5d13-4e37-8d14-c5d7319feca4/001-e07a4df3-35d5-4fac-bc78-289aa1ceb6ef-downloadableSrc-8044a0679883.webp
84d66bb5-5d13-4e37-8d14-c5d7319feca4,Money,6fc9a5b8-91ee-47dd-976d-9784a1975e1a,Cash APP,fed5f550-de22-4c8f-98d3-72b7dcf28e2e,1,2,16b58e11-2a78-452e-8e8d-ab3a84f98aa3,true,downloadableSrc,200,image/webp,44164,44164,292ede65e9726f43118acc3144da6f732d675835f3d9a5e3fd9738fcc5ae861b,1284,2898,,,bytescale.mobbin.com,f7a1807c1ac98ccf0eecf5078d61346ac9a94ca37a547f5708d580528c9e55c0,/Users/user/mobbin-sides/screen-flows/cash-app/035-cash-app-money-84d66bb5-5d13-4e37-8d14-c5d7319feca4/002-16b58e11-2a78-452e-8e8d-ab3a84f98aa3-downloadableSrc-292ede65e972.webp
84d66bb5-5d13-4e37-8d14-c5d7319feca4,Money,6fc9a5b8-91ee-47dd-976d-9784a1975e1a,Cash APP,fed5f550-de22-4c8f-98d3-72b7dcf28e2e,2,3,3016e462-f43d-4630-9b7b-380b2a82720a,true,downloadableSrc,200,image/webp,52136,52136,1b2c4294c545649c2e5725b2ea19e7c929be2893cb3d077c0db23d259d7a58a0,1284,2898,,,bytescale.mobbin.com,f7a1807c1ac98ccf0eecf5078d61346ac9a94ca37a547f5708d580528c9e55c0,/Users/user/mobbin-sides/screen-flows/cash-app/035-cash-app-money-84d66bb5-5d13-4e37-8d14-c5d7319feca4/003-3016e462-f43d-4630-9b7b-380b2a82720a-downloadableSrc-1b2c4294c545.webp
84d66bb5-5d13-4e37-8d14-c5d7319feca4,Money,6fc9a5b8-91ee-47dd-976d-9784a1975e1a,Cash APP,fed5f550-de22-4c8f-98d3-72b7dcf28e2e,3,4,89704d1b-76ab-471c-a61d-6d12081c2fbd,true,downloadableSrc,200,image/webp,52222,52222,6fea9f7d2a6f8900deac809ff304e105384118a6ea004eefd129f96963040066,1284,2898,,,bytescale.mobbin.com,f7a1807c1ac98ccf0eecf5078d61346ac9a94ca37a547f5708d580528c9e55c0,/Users/user/mobbin-sides/screen-flows/cash-app/035-cash-app-money-84d66bb5-5d13-4e37-8d14-c5d7319feca4/004-89704d1b-76ab-471c-a61d-6d12081c2fbd-downloadableSrc-6fea9f7d2a6f.webp
15410434-7c48-49e0-a8c2-e56b44362783,Starting a pool,6fc9a5b8-91ee-47dd-976d-9784a1975e1a,Cash APP,fed5f550-de22-4c8f-98d3-72b7dcf28e2e,0,1,16b58e11-2a78-452e-8e8d-ab3a84f98aa3,true,downloadableSrc,200,image/webp,44164,44164,292ede65e9726f43118acc3144da6f732d675835f3d9a5e3fd9738fcc5ae861b,1284,2898,,,bytescale.mobbin.com,f7a1807c1ac98ccf0eecf5078d61346ac9a94ca37a547f5708d580528c9e55c0,/Users/user/mobbin-sides/screen-flows/cash-app/036-cash-app-starting-a-pool-15410434-7c48-49e0-a8c2-e56b44362783/001-16b58e11-2a78-452e-8e8d-ab3a84f98aa3-downloadableSrc-292ede65e972.webp
15410434-7c48-49e0-a8c2-e56b44362783,Starting a pool,6fc9a5b8-91ee-47dd-976d-9784a1975e1a,Cash APP,fed5f550-de22-4c8f-98d3-72b7dcf28e2e,1,2,8ab1b6af-a72f-4b06-8e81-8c28b1636c1d,true,downloadableSrc,200,image/webp,57960,57960,a72943b2ebd9895e2f2a532f3c8c4d444f6d44e8151c121d8d10780fa3b0a2d1,1284,2898,,,bytescale.mobbin.com,f7a1807c1ac98ccf0eecf5078d61346ac9a94ca37a547f5708d580528c9e55c0,/Users/user/mobbin-sides/screen-flows/cash-app/036-cash-app-starting-a-pool-15410434-7c48-49e0-a8c2-e56b44362783/002-8ab1b6af-a72f-4b06-8e81-8c28b1636c1d-downloadableSrc-a72943b2ebd9.webp
15410434-7c48-49e0-a8c2-e56b44362783,Starting a pool,6fc9a5b8-91ee-47dd-976d-9784a1975e1a,Cash APP,fed5f550-de22-4c8f-98d3-72b7dcf28e2e,2,3,f24cda29-569e-47b1-9e79-15a373089f25,true,downloadableSrc,200,image/webp,37372,37372,fc3c073ca81f80ab1593f001598ce88e6905935f4dc66c3b15c93117dfc22a9d,1284,2898,,,bytescale.mobbin.com,f7a1807c1ac98ccf0eecf5078d61346ac9a94ca37a547f5708d580528c9e55c0,/Users/user/mobbin-sides/screen-flows/cash-app/036-cash-app-starting-a-pool-15410434-7c48-49e0-a8c2-e56b44362783/003-f24cda29-569e-47b1-9e79-15a373089f25-downloadableSrc-fc3c073ca81f.webp
c614b77e-7697-4656-a43b-e9eaadcf349e,Add people,6fc9a5b8-91ee-47dd-976d-9784a1975e1a,Cash APP,fed5f550-de22-4c8f-98d3-72b7dcf28e2e,0,1,f24cda29-569e-47b1-9e79-15a373089f25,true,downloadableSrc,200,image/webp,37372,37372,fc3c073ca81f80ab1593f001598ce88e6905935f4dc66c3b15c93117dfc22a9d,1284,2898,,,bytescale.mobbin.com,f7a1807c1ac98ccf0eecf5078d61346ac9a94ca37a547f5708d580528c9e55c0,/Users/user/mobbin-sides/screen-flows/cash-app/037-cash-app-add-people-c614b77e-7697-4656-a43b-e9eaadcf349e/001-f24cda29-569e-47b1-9e79-15a373089f25-downloadableSrc-fc3c073ca81f.webp
c614b77e-7697-4656-a43b-e9eaadcf349e,Add people,6fc9a5b8-91ee-47dd-976d-9784a1975e1a,Cash APP,fed5f550-de22-4c8f-98d3-72b7dcf28e2e,1,2,91b93e02-c6f8-4c5a-9e13-51601e4e4c41,true,downloadableSrc,200,image/webp,44030,44030,82a1e4a21e60458c8ac0c8487fdc0b26234514d9745bfef7131e493cffd26826,1284,2898,,,bytescale.mobbin.com,f7a1807c1ac98ccf0eecf5078d61346ac9a94ca37a547f5708d580528c9e55c0,/Users/user/mobbin-sides/screen-flows/cash-app/037-cash-app-add-people-c614b77e-7697-4656-a43b-e9eaadcf349e/002-91b93e02-c6f8-4c5a-9e13-51601e4e4c41-downloadableSrc-82a1e4a21e60.webp
8fc146b5-8651-4cba-9558-94568e0f6d2a,Transferring money to a pool,6fc9a5b8-91ee-47dd-976d-9784a1975e1a,Cash APP,fed5f550-de22-4c8f-98d3-72b7dcf28e2e,0,1,f24cda29-569e-47b1-9e79-15a373089f25,true,downloadableSrc,200,image/webp,37372,37372,fc3c073ca81f80ab1593f001598ce88e6905935f4dc66c3b15c93117dfc22a9d,1284,2898,,,bytescale.mobbin.com,f7a1807c1ac98ccf0eecf5078d61346ac9a94ca37a547f5708d580528c9e55c0,/Users/user/mobbin-sides/screen-flows/cash-app/038-cash-app-transferring-money-to-a-pool-8fc146b5-8651-4cba-9558-94568e0f6d2a/001-f24cda29-569e-47b1-9e79-15a373089f25-downloadableSrc-fc3c073ca81f.webp
8fc146b5-8651-4cba-9558-94568e0f6d2a,Transferring money to a pool,6fc9a5b8-91ee-47dd-976d-9784a1975e1a,Cash APP,fed5f550-de22-4c8f-98d3-72b7dcf28e2e,1,2,1b594f66-3ac8-4d5d-a889-3cf178919c12,true,downloadableSrc,200,image/webp,34888,34888,466294247a2c608dd54bebb04491120a6e04b4d39761fc79f4206028af401f83,1284,2898,,,bytescale.mobbin.com,f7a1807c1ac98ccf0eecf5078d61346ac9a94ca37a547f5708d580528c9e55c0,/Users/user/mobbin-sides/screen-flows/cash-app/038-cash-app-transferring-money-to-a-pool-8fc146b5-8651-4cba-9558-94568e0f6d2a/002-1b594f66-3ac8-4d5d-a889-3cf178919c12-downloadableSrc-466294247a2c.webp
8fc146b5-8651-4cba-9558-94568e0f6d2a,Transferring money to a pool,6fc9a5b8-91ee-47dd-976d-9784a1975e1a,Cash APP,fed5f550-de22-4c8f-98d3-72b7dcf28e2e,2,3,ea924c63-806f-41be-b479-4e7eb9d64ecd,true,downloadableSrc,200,image/webp,44796,44796,5e12a141a7cf7e04bb46e6f36df0376d2ffb5e7faf977bf8859155a4ef24f8b4,1284,2898,,,bytescale.mobbin.com,f7a1807c1ac98ccf0eecf5078d61346ac9a94ca37a547f5708d580528c9e55c0,/Users/user/mobbin-sides/screen-flows/cash-app/038-cash-app-transferring-money-to-a-pool-8fc146b5-8651-4cba-9558-94568e0f6d2a/003-ea924c63-806f-41be-b479-4e7eb9d64ecd-downloadableSrc-5e12a141a7cf.webp
8fc146b5-8651-4cba-9558-94568e0f6d2a,Transferring money to a pool,6fc9a5b8-91ee-47dd-976d-9784a1975e1a,Cash APP,fed5f550-de22-4c8f-98d3-72b7dcf28e2e,3,4,7d110ce9-de15-4a02-baaa-49de8c289010,true,downloadableSrc,200,image/webp,46244,46244,64b5d78e6d329ac234aa11c4d2018b1cde4f527feb625899df6b66f6b3cd4ef2,1284,2898,,,bytescale.mobbin.com,f7a1807c1ac98ccf0eecf5078d61346ac9a94ca37a547f5708d580528c9e55c0,/Users/user/mobbin-sides/screen-flows/cash-app/038-cash-app-transferring-money-to-a-pool-8fc146b5-8651-4cba-9558-94568e0f6d2a/004-7d110ce9-de15-4a02-baaa-49de8c289010-downloadableSrc-64b5d78e6d32.webp
8fc146b5-8651-4cba-9558-94568e0f6d2a,Transferring money to a pool,6fc9a5b8-91ee-47dd-976d-9784a1975e1a,Cash APP,fed5f550-de22-4c8f-98d3-72b7dcf28e2e,4,5,024b3c3c-ef75-435f-8c6d-abdec6470c3e,true,downloadableSrc,200,image/webp,34924,34924,d8f943d41d28deb8332483bafd1b5c989f2f825ac21ef84d8d56f88233793ef2,1284,2898,,,bytescale.mobbin.com,f7a1807c1ac98ccf0eecf5078d61346ac9a94ca37a547f5708d580528c9e55c0,/Users/user/mobbin-sides/screen-flows/cash-app/038-cash-app-transferring-money-to-a-pool-8fc146b5-8651-4cba-9558-94568e0f6d2a/005-024b3c3c-ef75-435f-8c6d-abdec6470c3e-downloadableSrc-d8f943d41d28.webp
8fc146b5-8651-4cba-9558-94568e0f6d2a,Transferring money to a pool,6fc9a5b8-91ee-47dd-976d-9784a1975e1a,Cash APP,fed5f550-de22-4c8f-98d3-72b7dcf28e2e,5,6,86647549-3eca-45f2-bb78-2171c1c85c2a,true,downloadableSrc,200,image/webp,40002,40002,c9c8e2429731d18a3d5f40a578a600f23092db69912e20fd4bd827abe8136e1e,1284,2898,,,bytescale.mobbin.com,f7a1807c1ac98ccf0eecf5078d61346ac9a94ca37a547f5708d580528c9e55c0,/Users/user/mobbin-sides/screen-flows/cash-app/038-cash-app-transferring-money-to-a-pool-8fc146b5-8651-4cba-9558-94568e0f6d2a/006-86647549-3eca-45f2-bb78-2171c1c85c2a-downloadableSrc-c9c8e2429731.webp
d5f7308e-3592-424c-bd89-0b3271f9bde5,Manage people,6fc9a5b8-91ee-47dd-976d-9784a1975e1a,Cash APP,fed5f550-de22-4c8f-98d3-72b7dcf28e2e,0,1,f24cda29-569e-47b1-9e79-15a373089f25,true,downloadableSrc,200,image/webp,37372,37372,fc3c073ca81f80ab1593f001598ce88e6905935f4dc66c3b15c93117dfc22a9d,1284,2898,,,bytescale.mobbin.com,f7a1807c1ac98ccf0eecf5078d61346ac9a94ca37a547f5708d580528c9e55c0,/Users/user/mobbin-sides/screen-flows/cash-app/039-cash-app-manage-people-d5f7308e-3592-424c-bd89-0b3271f9bde5/001-f24cda29-569e-47b1-9e79-15a373089f25-downloadableSrc-fc3c073ca81f.webp
d5f7308e-3592-424c-bd89-0b3271f9bde5,Manage people,6fc9a5b8-91ee-47dd-976d-9784a1975e1a,Cash APP,fed5f550-de22-4c8f-98d3-72b7dcf28e2e,1,2,1aa4912b-c0e4-4020-a89c-0cae70329e13,true,downloadableSrc,200,image/webp,38884,38884,cffab64c4de1f67b1a9ea09a701a92e3dfce785c76a9a1a5bbe9d012e898aeee,1284,2898,,,bytescale.mobbin.com,f7a1807c1ac98ccf0eecf5078d61346ac9a94ca37a547f5708d580528c9e55c0,/Users/user/mobbin-sides/screen-flows/cash-app/039-cash-app-manage-people-d5f7308e-3592-424c-bd89-0b3271f9bde5/002-1aa4912b-c0e4-4020-a89c-0cae70329e13-downloadableSrc-cffab64c4de1.webp
d5f7308e-3592-424c-bd89-0b3271f9bde5,Manage people,6fc9a5b8-91ee-47dd-976d-9784a1975e1a,Cash APP,fed5f550-de22-4c8f-98d3-72b7dcf28e2e,2,3,3004c132-ac0d-4357-9fcf-25546820651b,true,downloadableSrc,200,image/webp,21870,21870,47676dbf7d16a8f388819b8e123acc1774372662fb612ebc70ee0baffb54da0d,1284,2898,,,bytescale.mobbin.com,f7a1807c1ac98ccf0eecf5078d61346ac9a94ca37a547f5708d580528c9e55c0,/Users/user/mobbin-sides/screen-flows/cash-app/039-cash-app-manage-people-d5f7308e-3592-424c-bd89-0b3271f9bde5/003-3004c132-ac0d-4357-9fcf-25546820651b-downloadableSrc-47676dbf7d16.webp
a8b813ea-391a-4ece-8d4c-f60157b25d1d,Closing a pool,6fc9a5b8-91ee-47dd-976d-9784a1975e1a,Cash APP,fed5f550-de22-4c8f-98d3-72b7dcf28e2e,0,1,1aa4912b-c0e4-4020-a89c-0cae70329e13,true,downloadableSrc,200,image/webp,38884,38884,cffab64c4de1f67b1a9ea09a701a92e3dfce785c76a9a1a5bbe9d012e898aeee,1284,2898,,,bytescale.mobbin.com,f7a1807c1ac98ccf0eecf5078d61346ac9a94ca37a547f5708d580528c9e55c0,/Users/user/mobbin-sides/screen-flows/cash-app/040-cash-app-closing-a-pool-a8b813ea-391a-4ece-8d4c-f60157b25d1d/001-1aa4912b-c0e4-4020-a89c-0cae70329e13-downloadableSrc-cffab64c4de1.webp
a8b813ea-391a-4ece-8d4c-f60157b25d1d,Closing a pool,6fc9a5b8-91ee-47dd-976d-9784a1975e1a,Cash APP,fed5f550-de22-4c8f-98d3-72b7dcf28e2e,1,2,1c7907b2-919b-43c0-9fe6-6308b1a0f1e8,true,downloadableSrc,200,image/webp,47412,47412,319c08c14b4532013e80e73e04d3bfa7b4ba3b5edd8942760ffeb57ac641cb5b,1284,2898,,,bytescale.mobbin.com,f7a1807c1ac98ccf0eecf5078d61346ac9a94ca37a547f5708d580528c9e55c0,/Users/user/mobbin-sides/screen-flows/cash-app/040-cash-app-closing-a-pool-a8b813ea-391a-4ece-8d4c-f60157b25d1d/002-1c7907b2-919b-43c0-9fe6-6308b1a0f1e8-downloadableSrc-319c08c14b45.webp
a8b813ea-391a-4ece-8d4c-f60157b25d1d,Closing a pool,6fc9a5b8-91ee-47dd-976d-9784a1975e1a,Cash APP,fed5f550-de22-4c8f-98d3-72b7dcf28e2e,2,3,fe7dad31-1d24-4652-8f70-c7a0a1fa2be0,true,downloadableSrc,200,image/webp,48766,48766,1fd23ea9bcf84e6492cfdbaaa0b88004b5a4597eacd30f5a935813b600b19545,1284,2898,,,bytescale.mobbin.com,f7a1807c1ac98ccf0eecf5078d61346ac9a94ca37a547f5708d580528c9e55c0,/Users/user/mobbin-sides/screen-flows/cash-app/040-cash-app-closing-a-pool-a8b813ea-391a-4ece-8d4c-f60157b25d1d/003-fe7dad31-1d24-4652-8f70-c7a0a1fa2be0-downloadableSrc-1fd23ea9bcf8.webp
a8b813ea-391a-4ece-8d4c-f60157b25d1d,Closing a pool,6fc9a5b8-91ee-47dd-976d-9784a1975e1a,Cash APP,fed5f550-de22-4c8f-98d3-72b7dcf28e2e,3,4,c11e5c7a-2e10-41da-ba42-862389f301fd,true,downloadableSrc,200,image/webp,63648,63648,5f596a8a4c52cf76027f75bd97f43c369bd4537bd6870066fb1c457aa089e645,1284,2898,,,bytescale.mobbin.com,f7a1807c1ac98ccf0eecf5078d61346ac9a94ca37a547f5708d580528c9e55c0,/Users/user/mobbin-sides/screen-flows/cash-app/040-cash-app-closing-a-pool-a8b813ea-391a-4ece-8d4c-f60157b25d1d/004-c11e5c7a-2e10-41da-ba42-862389f301fd-downloadableSrc-5f596a8a4c52.webp
fede6d81-8d6f-4c65-aca3-9b524a9bf2ad,Transferring money,6fc9a5b8-91ee-47dd-976d-9784a1975e1a,Cash APP,fed5f550-de22-4c8f-98d3-72b7dcf28e2e,0,1,16b58e11-2a78-452e-8e8d-ab3a84f98aa3,true,downloadableSrc,200,image/webp,44164,44164,292ede65e9726f43118acc3144da6f732d675835f3d9a5e3fd9738fcc5ae861b,1284,2898,,,bytescale.mobbin.com,f7a1807c1ac98ccf0eecf5078d61346ac9a94ca37a547f5708d580528c9e55c0,/Users/user/mobbin-sides/screen-flows/cash-app/041-cash-app-transferring-money-fede6d81-8d6f-4c65-aca3-9b524a9bf2ad/001-16b58e11-2a78-452e-8e8d-ab3a84f98aa3-downloadableSrc-292ede65e972.webp
fede6d81-8d6f-4c65-aca3-9b524a9bf2ad,Transferring money,6fc9a5b8-91ee-47dd-976d-9784a1975e1a,Cash APP,fed5f550-de22-4c8f-98d3-72b7dcf28e2e,1,2,229e723a-6938-422e-a48b-fe617ea3bd91,true,downloadableSrc,200,image/webp,91424,91424,03e3937c430d29f309801e5f03cbfac01150a823cba6f4ff9b9dd07e3ab62ffc,1284,2898,,,bytescale.mobbin.com,f7a1807c1ac98ccf0eecf5078d61346ac9a94ca37a547f5708d580528c9e55c0,/Users/user/mobbin-sides/screen-flows/cash-app/041-cash-app-transferring-money-fede6d81-8d6f-4c65-aca3-9b524a9bf2ad/002-229e723a-6938-422e-a48b-fe617ea3bd91-downloadableSrc-03e3937c430d.webp
fede6d81-8d6f-4c65-aca3-9b524a9bf2ad,Transferring money,6fc9a5b8-91ee-47dd-976d-9784a1975e1a,Cash APP,fed5f550-de22-4c8f-98d3-72b7dcf28e2e,2,3,88cca070-815e-4995-aa81-5774b80ea4b7,true,downloadableSrc,200,image/webp,92032,92032,bb32f7fdf85c483feabace68666e0fd090610c18484c0062dfb1c4970a52ea47,1284,2898,,,bytescale.mobbin.com,f7a1807c1ac98ccf0eecf5078d61346ac9a94ca37a547f5708d580528c9e55c0,/Users/user/mobbin-sides/screen-flows/cash-app/041-cash-app-transferring-money-fede6d81-8d6f-4c65-aca3-9b524a9bf2ad/003-88cca070-815e-4995-aa81-5774b80ea4b7-downloadableSrc-bb32f7fdf85c.webp
fede6d81-8d6f-4c65-aca3-9b524a9bf2ad,Transferring money,6fc9a5b8-91ee-47dd-976d-9784a1975e1a,Cash APP,fed5f550-de22-4c8f-98d3-72b7dcf28e2e,3,4,6dc13310-7c50-4116-bf5d-a557bc57b3ac,true,downloadableSrc,200,image/webp,46860,46860,97320778c7e4418e7bd9529414c67939abc9974d626589fe1bc0f4e46e8b6fb7,1284,2898,,,bytescale.mobbin.com,f7a1807c1ac98ccf0eecf5078d61346ac9a94ca37a547f5708d580528c9e55c0,/Users/user/mobbin-sides/screen-flows/cash-app/041-cash-app-transferring-money-fede6d81-8d6f-4c65-aca3-9b524a9bf2ad/004-6dc13310-7c50-4116-bf5d-a557bc57b3ac-downloadableSrc-97320778c7e4.webp
ad4091a2-3142-40f9-9df5-87142ae29556,QR code,6fc9a5b8-91ee-47dd-976d-9784a1975e1a,Cash APP,fed5f550-de22-4c8f-98d3-72b7dcf28e2e,0,1,16b58e11-2a78-452e-8e8d-ab3a84f98aa3,true,downloadableSrc,200,image/webp,44164,44164,292ede65e9726f43118acc3144da6f732d675835f3d9a5e3fd9738fcc5ae861b,1284,2898,,,bytescale.mobbin.com,f7a1807c1ac98ccf0eecf5078d61346ac9a94ca37a547f5708d580528c9e55c0,/Users/user/mobbin-sides/screen-flows/cash-app/042-cash-app-qr-code-ad4091a2-3142-40f9-9df5-87142ae29556/001-16b58e11-2a78-452e-8e8d-ab3a84f98aa3-downloadableSrc-292ede65e972.webp
ad4091a2-3142-40f9-9df5-87142ae29556,QR code,6fc9a5b8-91ee-47dd-976d-9784a1975e1a,Cash APP,fed5f550-de22-4c8f-98d3-72b7dcf28e2e,1,2,7bcb7a9f-f373-44d8-ba1d-2465710649cf,true,downloadableSrc,200,image/webp,37088,37088,e6c865b3490752b99c69f6caff5d8a029d7acf1bcdb2dc4a808ca6f725d14426,1284,2898,,,bytescale.mobbin.com,f7a1807c1ac98ccf0eecf5078d61346ac9a94ca37a547f5708d580528c9e55c0,/Users/user/mobbin-sides/screen-flows/cash-app/042-cash-app-qr-code-ad4091a2-3142-40f9-9df5-87142ae29556/002-7bcb7a9f-f373-44d8-ba1d-2465710649cf-downloadableSrc-e6c865b34907.webp
ad4091a2-3142-40f9-9df5-87142ae29556,QR code,6fc9a5b8-91ee-47dd-976d-9784a1975e1a,Cash APP,fed5f550-de22-4c8f-98d3-72b7dcf28e2e,2,3,8e5cece5-63ca-41df-939c-44b6f49eeb0e,true,downloadableSrc,200,image/webp,63676,63676,56c7d9702b3f7a7740988a8762b7e0b2751aa48980097fa96d3fa006f3ce4986,1284,2898,,,bytescale.mobbin.com,f7a1807c1ac98ccf0eecf5078d61346ac9a94ca37a547f5708d580528c9e55c0,/Users/user/mobbin-sides/screen-flows/cash-app/042-cash-app-qr-code-ad4091a2-3142-40f9-9df5-87142ae29556/003-8e5cece5-63ca-41df-939c-44b6f49eeb0e-downloadableSrc-56c7d9702b3f.webp
61a1a8d7-6214-4a4f-8d46-ed2b6e1a56b7,Activity,6fc9a5b8-91ee-47dd-976d-9784a1975e1a,Cash APP,fed5f550-de22-4c8f-98d3-72b7dcf28e2e,0,1,e07a4df3-35d5-4fac-bc78-289aa1ceb6ef,true,downloadableSrc,200,image/webp,66888,66888,8044a0679883ed78a7251ac271c45464826dba2537beff46d2466a9527ffd3d4,1284,2898,,,bytescale.mobbin.com,f7a1807c1ac98ccf0eecf5078d61346ac9a94ca37a547f5708d580528c9e55c0,/Users/user/mobbin-sides/screen-flows/cash-app/043-cash-app-activity-61a1a8d7-6214-4a4f-8d46-ed2b6e1a56b7/001-e07a4df3-35d5-4fac-bc78-289aa1ceb6ef-downloadableSrc-8044a0679883.webp
61a1a8d7-6214-4a4f-8d46-ed2b6e1a56b7,Activity,6fc9a5b8-91ee-47dd-976d-9784a1975e1a,Cash APP,fed5f550-de22-4c8f-98d3-72b7dcf28e2e,1,2,ce9b0581-a33a-4055-ba9a-7d6489d40992,true,downloadableSrc,200,image/webp,76756,76756,8972359980a52eace6efa9b332cdbee1763faf971bd5ceecd210d7456a4563c6,1284,2898,,,bytescale.mobbin.com,f7a1807c1ac98ccf0eecf5078d61346ac9a94ca37a547f5708d580528c9e55c0,/Users/user/mobbin-sides/screen-flows/cash-app/043-cash-app-activity-61a1a8d7-6214-4a4f-8d46-ed2b6e1a56b7/002-ce9b0581-a33a-4055-ba9a-7d6489d40992-downloadableSrc-8972359980a5.webp
f74f32bb-f107-4ff8-8c01-aa201d6156a2,Profile,6fc9a5b8-91ee-47dd-976d-9784a1975e1a,Cash APP,fed5f550-de22-4c8f-98d3-72b7dcf28e2e,0,1,e07a4df3-35d5-4fac-bc78-289aa1ceb6ef,true,downloadableSrc,200,image/webp,66888,66888,8044a0679883ed78a7251ac271c45464826dba2537beff46d2466a9527ffd3d4,1284,2898,,,bytescale.mobbin.com,f7a1807c1ac98ccf0eecf5078d61346ac9a94ca37a547f5708d580528c9e55c0,/Users/user/mobbin-sides/screen-flows/cash-app/044-cash-app-profile-f74f32bb-f107-4ff8-8c01-aa201d6156a2/001-e07a4df3-35d5-4fac-bc78-289aa1ceb6ef-downloadableSrc-8044a0679883.webp
f74f32bb-f107-4ff8-8c01-aa201d6156a2,Profile,6fc9a5b8-91ee-47dd-976d-9784a1975e1a,Cash APP,fed5f550-de22-4c8f-98d3-72b7dcf28e2e,1,2,c34087dc-f09d-440f-a331-0f2c8c56ea07,true,downloadableSrc,200,image/webp,50384,50384,0def866c5e7cc22176b1d02a5ae8136e31144680b7059d02d7f44d679fa58382,1284,2898,,,bytescale.mobbin.com,f7a1807c1ac98ccf0eecf5078d61346ac9a94ca37a547f5708d580528c9e55c0,/Users/user/mobbin-sides/screen-flows/cash-app/044-cash-app-profile-f74f32bb-f107-4ff8-8c01-aa201d6156a2/002-c34087dc-f09d-440f-a331-0f2c8c56ea07-downloadableSrc-0def866c5e7c.webp
f74f32bb-f107-4ff8-8c01-aa201d6156a2,Profile,6fc9a5b8-91ee-47dd-976d-9784a1975e1a,Cash APP,fed5f550-de22-4c8f-98d3-72b7dcf28e2e,2,3,d6f815a9-9a08-4e55-ade3-7c9aededaeca,true,downloadableSrc,200,image/webp,73306,73306,573e1182445f08cfce5d347a6a48a60e9c90057caa430a28e22aafe8328325c8,1284,2898,,,bytescale.mobbin.com,f7a1807c1ac98ccf0eecf5078d61346ac9a94ca37a547f5708d580528c9e55c0,/Users/user/mobbin-sides/screen-flows/cash-app/044-cash-app-profile-f74f32bb-f107-4ff8-8c01-aa201d6156a2/003-d6f815a9-9a08-4e55-ade3-7c9aededaeca-downloadableSrc-573e1182445f.webp
42051549-7ee9-43a3-b949-4cb7032f8449,Uploading a profile photo,6fc9a5b8-91ee-47dd-976d-9784a1975e1a,Cash APP,fed5f550-de22-4c8f-98d3-72b7dcf28e2e,0,1,c34087dc-f09d-440f-a331-0f2c8c56ea07,true,downloadableSrc,200,image/webp,50384,50384,0def866c5e7cc22176b1d02a5ae8136e31144680b7059d02d7f44d679fa58382,1284,2898,,,bytescale.mobbin.com,f7a1807c1ac98ccf0eecf5078d61346ac9a94ca37a547f5708d580528c9e55c0,/Users/user/mobbin-sides/screen-flows/cash-app/045-cash-app-uploading-a-profile-photo-42051549-7ee9-43a3-b949-4cb7032f8449/001-c34087dc-f09d-440f-a331-0f2c8c56ea07-downloadableSrc-0def866c5e7c.webp
42051549-7ee9-43a3-b949-4cb7032f8449,Uploading a profile photo,6fc9a5b8-91ee-47dd-976d-9784a1975e1a,Cash APP,fed5f550-de22-4c8f-98d3-72b7dcf28e2e,1,2,9b720d14-27d4-40fc-b48e-b79fc2bd31c5,true,downloadableSrc,200,image/webp,51854,51854,2fb98e399daebcfb9addb4fd90b7acf8511818110b8230f16b6017f0a0d21433,1284,2898,,,bytescale.mobbin.com,f7a1807c1ac98ccf0eecf5078d61346ac9a94ca37a547f5708d580528c9e55c0,/Users/user/mobbin-sides/screen-flows/cash-app/045-cash-app-uploading-a-profile-photo-42051549-7ee9-43a3-b949-4cb7032f8449/002-9b720d14-27d4-40fc-b48e-b79fc2bd31c5-downloadableSrc-2fb98e399dae.webp
42051549-7ee9-43a3-b949-4cb7032f8449,Uploading a profile photo,6fc9a5b8-91ee-47dd-976d-9784a1975e1a,Cash APP,fed5f550-de22-4c8f-98d3-72b7dcf28e2e,2,3,3612d853-0765-48a8-9534-ba3df2ea304b,true,downloadableSrc,200,image/webp,57378,57378,0a1883cff6d09a67a2a0a8213b3b6ab7c7e732e6a8946f9c8e1fa471a27d6410,1284,2898,,,bytescale.mobbin.com,f7a1807c1ac98ccf0eecf5078d61346ac9a94ca37a547f5708d580528c9e55c0,/Users/user/mobbin-sides/screen-flows/cash-app/045-cash-app-uploading-a-profile-photo-42051549-7ee9-43a3-b949-4cb7032f8449/003-3612d853-0765-48a8-9534-ba3df2ea304b-downloadableSrc-0a1883cff6d0.webp
959cbdc1-758b-428b-bf54-979c3e50e93a,Personal information,6fc9a5b8-91ee-47dd-976d-9784a1975e1a,Cash APP,fed5f550-de22-4c8f-98d3-72b7dcf28e2e,0,1,c34087dc-f09d-440f-a331-0f2c8c56ea07,true,downloadableSrc,200,image/webp,50384,50384,0def866c5e7cc22176b1d02a5ae8136e31144680b7059d02d7f44d679fa58382,1284,2898,,,bytescale.mobbin.com,f7a1807c1ac98ccf0eecf5078d61346ac9a94ca37a547f5708d580528c9e55c0,/Users/user/mobbin-sides/screen-flows/cash-app/046-cash-app-personal-information-959cbdc1-758b-428b-bf54-979c3e50e93a/001-c34087dc-f09d-440f-a331-0f2c8c56ea07-downloadableSrc-0def866c5e7c.webp
959cbdc1-758b-428b-bf54-979c3e50e93a,Personal information,6fc9a5b8-91ee-47dd-976d-9784a1975e1a,Cash APP,fed5f550-de22-4c8f-98d3-72b7dcf28e2e,1,2,fc40aa98-a8e9-4a81-bf37-3b20248020de,true,downloadableSrc,200,image/webp,110110,110110,b2aa8df654d8ccae32b15cabd5ea8955d77df448e9da131eb370c90c536ca434,1284,2898,,,bytescale.mobbin.com,f7a1807c1ac98ccf0eecf5078d61346ac9a94ca37a547f5708d580528c9e55c0,/Users/user/mobbin-sides/screen-flows/cash-app/046-cash-app-personal-information-959cbdc1-758b-428b-bf54-979c3e50e93a/002-fc40aa98-a8e9-4a81-bf37-3b20248020de-downloadableSrc-b2aa8df654d8.webp
959cbdc1-758b-428b-bf54-979c3e50e93a,Personal information,6fc9a5b8-91ee-47dd-976d-9784a1975e1a,Cash APP,fed5f550-de22-4c8f-98d3-72b7dcf28e2e,2,3,4fdf6364-bd28-4a3b-a47b-6f7b26a6dcbe,true,downloadableSrc,200,image/webp,116640,116640,2b1f1b7c8febdb8021dedaa854872b536cf94caae8f222e28ba223d79417f380,1284,2898,,,bytescale.mobbin.com,f7a1807c1ac98ccf0eecf5078d61346ac9a94ca37a547f5708d580528c9e55c0,/Users/user/mobbin-sides/screen-flows/cash-app/046-cash-app-personal-information-959cbdc1-758b-428b-bf54-979c3e50e93a/003-4fdf6364-bd28-4a3b-a47b-6f7b26a6dcbe-downloadableSrc-2b1f1b7c8feb.webp
170f3f7e-abec-4f82-9d15-6a67df677795,Linked banks,6fc9a5b8-91ee-47dd-976d-9784a1975e1a,Cash APP,fed5f550-de22-4c8f-98d3-72b7dcf28e2e,0,1,c34087dc-f09d-440f-a331-0f2c8c56ea07,true,downloadableSrc,200,image/webp,50384,50384,0def866c5e7cc22176b1d02a5ae8136e31144680b7059d02d7f44d679fa58382,1284,2898,,,bytescale.mobbin.com,f7a1807c1ac98ccf0eecf5078d61346ac9a94ca37a547f5708d580528c9e55c0,/Users/user/mobbin-sides/screen-flows/cash-app/047-cash-app-linked-banks-170f3f7e-abec-4f82-9d15-6a67df677795/001-c34087dc-f09d-440f-a331-0f2c8c56ea07-downloadableSrc-0def866c5e7c.webp
170f3f7e-abec-4f82-9d15-6a67df677795,Linked banks,6fc9a5b8-91ee-47dd-976d-9784a1975e1a,Cash APP,fed5f550-de22-4c8f-98d3-72b7dcf28e2e,1,2,995c2ceb-279e-4829-9d2a-782b475d677c,true,downloadableSrc,200,image/webp,55242,55242,cf9f269887bc9d56dc0fe51eaa8165a300fbb0c9536b08860d9dbcbdc5f77b43,1284,2898,,,bytescale.mobbin.com,f7a1807c1ac98ccf0eecf5078d61346ac9a94ca37a547f5708d580528c9e55c0,/Users/user/mobbin-sides/screen-flows/cash-app/047-cash-app-linked-banks-170f3f7e-abec-4f82-9d15-6a67df677795/002-995c2ceb-279e-4829-9d2a-782b475d677c-downloadableSrc-cf9f269887bc.webp
85e67098-7d7e-4622-865a-b7dd3bd42ed1,Turning on Face ID,6fc9a5b8-91ee-47dd-976d-9784a1975e1a,Cash APP,fed5f550-de22-4c8f-98d3-72b7dcf28e2e,0,1,c34087dc-f09d-440f-a331-0f2c8c56ea07,true,downloadableSrc,200,image/webp,50384,50384,0def866c5e7cc22176b1d02a5ae8136e31144680b7059d02d7f44d679fa58382,1284,2898,,,bytescale.mobbin.com,f7a1807c1ac98ccf0eecf5078d61346ac9a94ca37a547f5708d580528c9e55c0,/Users/user/mobbin-sides/screen-flows/cash-app/048-cash-app-turning-on-face-id-85e67098-7d7e-4622-865a-b7dd3bd42ed1/001-c34087dc-f09d-440f-a331-0f2c8c56ea07-downloadableSrc-0def866c5e7c.webp
85e67098-7d7e-4622-865a-b7dd3bd42ed1,Turning on Face ID,6fc9a5b8-91ee-47dd-976d-9784a1975e1a,Cash APP,fed5f550-de22-4c8f-98d3-72b7dcf28e2e,1,2,e75b1ef0-a5a0-4148-988c-d698bc4c9142,true,downloadableSrc,200,image/webp,100536,100536,dad112846ca9b1f46b96f1125090b23a6a16e88fe6654e9625a9d20c0661ef7d,1284,2898,,,bytescale.mobbin.com,f7a1807c1ac98ccf0eecf5078d61346ac9a94ca37a547f5708d580528c9e55c0,/Users/user/mobbin-sides/screen-flows/cash-app/048-cash-app-turning-on-face-id-85e67098-7d7e-4622-865a-b7dd3bd42ed1/002-e75b1ef0-a5a0-4148-988c-d698bc4c9142-downloadableSrc-dad112846ca9.webp
85e67098-7d7e-4622-865a-b7dd3bd42ed1,Turning on Face ID,6fc9a5b8-91ee-47dd-976d-9784a1975e1a,Cash APP,fed5f550-de22-4c8f-98d3-72b7dcf28e2e,2,3,62259664-ab01-4813-9117-da54a36a817e,true,downloadableSrc,200,image/webp,53960,53960,ac4822d49d824358ac01d2865dd9ee2a23f762b63eb15ca29771caa69e25bd20,1284,2898,,,bytescale.mobbin.com,f7a1807c1ac98ccf0eecf5078d61346ac9a94ca37a547f5708d580528c9e55c0,/Users/user/mobbin-sides/screen-flows/cash-app/048-cash-app-turning-on-face-id-85e67098-7d7e-4622-865a-b7dd3bd42ed1/003-62259664-ab01-4813-9117-da54a36a817e-downloadableSrc-ac4822d49d82.webp
85e67098-7d7e-4622-865a-b7dd3bd42ed1,Turning on Face ID,6fc9a5b8-91ee-47dd-976d-9784a1975e1a,Cash APP,fed5f550-de22-4c8f-98d3-72b7dcf28e2e,3,4,e3e15abc-1ee6-4e7f-b030-25b2cb4a157d,true,downloadableSrc,200,image/webp,58238,58238,2f175f8da4367a9725e29b52e9894fb82d14dfcb449f2cd15db75475355bcea2,1284,2898,,,bytescale.mobbin.com,f7a1807c1ac98ccf0eecf5078d61346ac9a94ca37a547f5708d580528c9e55c0,/Users/user/mobbin-sides/screen-flows/cash-app/048-cash-app-turning-on-face-id-85e67098-7d7e-4622-865a-b7dd3bd42ed1/004-e3e15abc-1ee6-4e7f-b030-25b2cb4a157d-downloadableSrc-2f175f8da436.webp
85e67098-7d7e-4622-865a-b7dd3bd42ed1,Turning on Face ID,6fc9a5b8-91ee-47dd-976d-9784a1975e1a,Cash APP,fed5f550-de22-4c8f-98d3-72b7dcf28e2e,4,5,b440584b-074b-454b-a249-bfbc5538c9d1,true,downloadableSrc,200,image/webp,55330,55330,ccf73686c43280160e5b5ca973e16bb27fc33835303484268297369ef63e4ce1,1284,2898,,,bytescale.mobbin.com,f7a1807c1ac98ccf0eecf5078d61346ac9a94ca37a547f5708d580528c9e55c0,/Users/user/mobbin-sides/screen-flows/cash-app/048-cash-app-turning-on-face-id-85e67098-7d7e-4622-865a-b7dd3bd42ed1/005-b440584b-074b-454b-a249-bfbc5538c9d1-downloadableSrc-ccf73686c432.webp
0b895e6a-1bac-442d-8da9-a68196856b76,Privacy,6fc9a5b8-91ee-47dd-976d-9784a1975e1a,Cash APP,fed5f550-de22-4c8f-98d3-72b7dcf28e2e,0,1,c34087dc-f09d-440f-a331-0f2c8c56ea07,true,downloadableSrc,200,image/webp,50384,50384,0def866c5e7cc22176b1d02a5ae8136e31144680b7059d02d7f44d679fa58382,1284,2898,,,bytescale.mobbin.com,f7a1807c1ac98ccf0eecf5078d61346ac9a94ca37a547f5708d580528c9e55c0,/Users/user/mobbin-sides/screen-flows/cash-app/049-cash-app-privacy-0b895e6a-1bac-442d-8da9-a68196856b76/001-c34087dc-f09d-440f-a331-0f2c8c56ea07-downloadableSrc-0def866c5e7c.webp
0b895e6a-1bac-442d-8da9-a68196856b76,Privacy,6fc9a5b8-91ee-47dd-976d-9784a1975e1a,Cash APP,fed5f550-de22-4c8f-98d3-72b7dcf28e2e,1,2,563b1ec4-e0cb-49cc-bd38-6f4674d9ad35,true,downloadableSrc,200,image/webp,89606,89606,ebe8ddbc66dfc519bea03f99831971ef93e9cba7244eacce46fc091c39cfd226,1284,2898,,,bytescale.mobbin.com,f7a1807c1ac98ccf0eecf5078d61346ac9a94ca37a547f5708d580528c9e55c0,/Users/user/mobbin-sides/screen-flows/cash-app/049-cash-app-privacy-0b895e6a-1bac-442d-8da9-a68196856b76/002-563b1ec4-e0cb-49cc-bd38-6f4674d9ad35-downloadableSrc-ebe8ddbc66df.webp
4453849d-3dca-47a4-9678-7a5d6aa986b6,Blocked account,6fc9a5b8-91ee-47dd-976d-9784a1975e1a,Cash APP,fed5f550-de22-4c8f-98d3-72b7dcf28e2e,0,1,563b1ec4-e0cb-49cc-bd38-6f4674d9ad35,true,downloadableSrc,200,image/webp,89606,89606,ebe8ddbc66dfc519bea03f99831971ef93e9cba7244eacce46fc091c39cfd226,1284,2898,,,bytescale.mobbin.com,f7a1807c1ac98ccf0eecf5078d61346ac9a94ca37a547f5708d580528c9e55c0,/Users/user/mobbin-sides/screen-flows/cash-app/050-cash-app-blocked-account-4453849d-3dca-47a4-9678-7a5d6aa986b6/001-563b1ec4-e0cb-49cc-bd38-6f4674d9ad35-downloadableSrc-ebe8ddbc66df.webp
4453849d-3dca-47a4-9678-7a5d6aa986b6,Blocked account,6fc9a5b8-91ee-47dd-976d-9784a1975e1a,Cash APP,fed5f550-de22-4c8f-98d3-72b7dcf28e2e,1,2,4eb0aeb9-9a48-48d6-a63e-834945ea1ead,true,downloadableSrc,200,image/webp,31538,31538,0b29f0f0ec166d04b301d8e0b0f25bd13314655bf6f30864f183146d9f80f677,1284,2898,,,bytescale.mobbin.com,f7a1807c1ac98ccf0eecf5078d61346ac9a94ca37a547f5708d580528c9e55c0,/Users/user/mobbin-sides/screen-flows/cash-app/050-cash-app-blocked-account-4453849d-3dca-47a4-9678-7a5d6aa986b6/002-4eb0aeb9-9a48-48d6-a63e-834945ea1ead-downloadableSrc-0b29f0f0ec16.webp
4453849d-3dca-47a4-9678-7a5d6aa986b6,Blocked account,6fc9a5b8-91ee-47dd-976d-9784a1975e1a,Cash APP,fed5f550-de22-4c8f-98d3-72b7dcf28e2e,2,3,1e652a20-70e1-490b-8426-ef27d84f8b27,true,downloadableSrc,200,image/webp,27614,27614,fd5f9db168b708878bee3a2fca308d87fd3c6c0f5c4e354f9d60900a5efdfeaa,1284,2898,,,bytescale.mobbin.com,f7a1807c1ac98ccf0eecf5078d61346ac9a94ca37a547f5708d580528c9e55c0,/Users/user/mobbin-sides/screen-flows/cash-app/050-cash-app-blocked-account-4453849d-3dca-47a4-9678-7a5d6aa986b6/003-1e652a20-70e1-490b-8426-ef27d84f8b27-downloadableSrc-fd5f9db168b7.webp
5faf2044-b629-484e-b9d9-959bb920f3e7,Blocking a user,6fc9a5b8-91ee-47dd-976d-9784a1975e1a,Cash APP,fed5f550-de22-4c8f-98d3-72b7dcf28e2e,0,1,4eb0aeb9-9a48-48d6-a63e-834945ea1ead,true,downloadableSrc,200,image/webp,31538,31538,0b29f0f0ec166d04b301d8e0b0f25bd13314655bf6f30864f183146d9f80f677,1284,2898,,,bytescale.mobbin.com,f7a1807c1ac98ccf0eecf5078d61346ac9a94ca37a547f5708d580528c9e55c0,/Users/user/mobbin-sides/screen-flows/cash-app/051-cash-app-blocking-a-user-5faf2044-b629-484e-b9d9-959bb920f3e7/001-4eb0aeb9-9a48-48d6-a63e-834945ea1ead-downloadableSrc-0b29f0f0ec16.webp
5faf2044-b629-484e-b9d9-959bb920f3e7,Blocking a user,6fc9a5b8-91ee-47dd-976d-9784a1975e1a,Cash APP,fed5f550-de22-4c8f-98d3-72b7dcf28e2e,1,2,c255b0b4-1257-43a2-91ba-cacdc2f9804b,true,downloadableSrc,200,image/webp,55472,55472,9a4bad4ee011f60613f96a7ae532ab2d2be3cee6ab44c5422ae4e3ad9e5140e0,1284,2898,,,bytescale.mobbin.com,f7a1807c1ac98ccf0eecf5078d61346ac9a94ca37a547f5708d580528c9e55c0,/Users/user/mobbin-sides/screen-flows/cash-app/051-cash-app-blocking-a-user-5faf2044-b629-484e-b9d9-959bb920f3e7/002-c255b0b4-1257-43a2-91ba-cacdc2f9804b-downloadableSrc-9a4bad4ee011.webp
5faf2044-b629-484e-b9d9-959bb920f3e7,Blocking a user,6fc9a5b8-91ee-47dd-976d-9784a1975e1a,Cash APP,fed5f550-de22-4c8f-98d3-72b7dcf28e2e,2,3,26293290-2ece-4b13-ba01-df4d50d1f247,true,downloadableSrc,200,image/webp,51980,51980,0a55fe4c81948ecfe88def5570e9c82faedceaa93b685017f0ac41e37dffd199,1284,2898,,,bytescale.mobbin.com,f7a1807c1ac98ccf0eecf5078d61346ac9a94ca37a547f5708d580528c9e55c0,/Users/user/mobbin-sides/screen-flows/cash-app/051-cash-app-blocking-a-user-5faf2044-b629-484e-b9d9-959bb920f3e7/003-26293290-2ece-4b13-ba01-df4d50d1f247-downloadableSrc-0a55fe4c8194.webp
5faf2044-b629-484e-b9d9-959bb920f3e7,Blocking a user,6fc9a5b8-91ee-47dd-976d-9784a1975e1a,Cash APP,fed5f550-de22-4c8f-98d3-72b7dcf28e2e,3,4,54d899fc-e437-4d2e-b915-e78f8f683c16,true,downloadableSrc,200,image/webp,51038,51038,91ebd0eb5ea5959749c553d4bf1d1a345f0fba28b4abff8f7b2300a5b4bc4477,1284,2898,,,bytescale.mobbin.com,f7a1807c1ac98ccf0eecf5078d61346ac9a94ca37a547f5708d580528c9e55c0,/Users/user/mobbin-sides/screen-flows/cash-app/051-cash-app-blocking-a-user-5faf2044-b629-484e-b9d9-959bb920f3e7/004-54d899fc-e437-4d2e-b915-e78f8f683c16-downloadableSrc-91ebd0eb5ea5.webp
5faf2044-b629-484e-b9d9-959bb920f3e7,Blocking a user,6fc9a5b8-91ee-47dd-976d-9784a1975e1a,Cash APP,fed5f550-de22-4c8f-98d3-72b7dcf28e2e,4,5,f93d1df4-e336-4f19-ae3b-fa1a8049d7ce,true,downloadableSrc,200,image/webp,34228,34228,e47bba96a784d35ea7dc7e176634ba08d72400f82c23397c280ef17430f67b66,1284,2898,,,bytescale.mobbin.com,f7a1807c1ac98ccf0eecf5078d61346ac9a94ca37a547f5708d580528c9e55c0,/Users/user/mobbin-sides/screen-flows/cash-app/051-cash-app-blocking-a-user-5faf2044-b629-484e-b9d9-959bb920f3e7/005-f93d1df4-e336-4f19-ae3b-fa1a8049d7ce-downloadableSrc-e47bba96a784.webp
c9b5fef8-667b-45fe-bed0-15274528ecf2,Favoriting a profile,6fc9a5b8-91ee-47dd-976d-9784a1975e1a,Cash APP,fed5f550-de22-4c8f-98d3-72b7dcf28e2e,0,1,c34087dc-f09d-440f-a331-0f2c8c56ea07,true,downloadableSrc,200,image/webp,50384,50384,0def866c5e7cc22176b1d02a5ae8136e31144680b7059d02d7f44d679fa58382,1284,2898,,,bytescale.mobbin.com,f7a1807c1ac98ccf0eecf5078d61346ac9a94ca37a547f5708d580528c9e55c0,/Users/user/mobbin-sides/screen-flows/cash-app/052-cash-app-favoriting-a-profile-c9b5fef8-667b-45fe-bed0-15274528ecf2/001-c34087dc-f09d-440f-a331-0f2c8c56ea07-downloadableSrc-0def866c5e7c.webp
c9b5fef8-667b-45fe-bed0-15274528ecf2,Favoriting a profile,6fc9a5b8-91ee-47dd-976d-9784a1975e1a,Cash APP,fed5f550-de22-4c8f-98d3-72b7dcf28e2e,1,2,c635d0f0-35fc-4f61-af20-e3f0b0198055,true,downloadableSrc,200,image/webp,40672,40672,fc54d11306367d52d2bc4ddffa307f144ecaa79ea11d76aa819a567195811a7d,1284,2898,,,bytescale.mobbin.com,f7a1807c1ac98ccf0eecf5078d61346ac9a94ca37a547f5708d580528c9e55c0,/Users/user/mobbin-sides/screen-flows/cash-app/052-cash-app-favoriting-a-profile-c9b5fef8-667b-45fe-bed0-15274528ecf2/002-c635d0f0-35fc-4f61-af20-e3f0b0198055-downloadableSrc-fc54d1130636.webp
c9b5fef8-667b-45fe-bed0-15274528ecf2,Favoriting a profile,6fc9a5b8-91ee-47dd-976d-9784a1975e1a,Cash APP,fed5f550-de22-4c8f-98d3-72b7dcf28e2e,2,3,83c72937-86b1-4890-85cc-962a493db437,true,downloadableSrc,200,image/webp,53240,53240,4e8b7b4bfafbed154574f61a33d94e353cd2e2b7ac64d544962ce01f7e5a9e7e,1284,2898,,,bytescale.mobbin.com,f7a1807c1ac98ccf0eecf5078d61346ac9a94ca37a547f5708d580528c9e55c0,/Users/user/mobbin-sides/screen-flows/cash-app/052-cash-app-favoriting-a-profile-c9b5fef8-667b-45fe-bed0-15274528ecf2/003-83c72937-86b1-4890-85cc-962a493db437-downloadableSrc-4e8b7b4bfafb.webp
c9b5fef8-667b-45fe-bed0-15274528ecf2,Favoriting a profile,6fc9a5b8-91ee-47dd-976d-9784a1975e1a,Cash APP,fed5f550-de22-4c8f-98d3-72b7dcf28e2e,3,4,799050ed-69fc-4463-8907-dee59af655f6,true,downloadableSrc,200,image/webp,249026,249026,0d1bca9ec70581b5d166ec091d305df7459fcdc28b25205e53c56b682abc4b06,1284,2898,,,bytescale.mobbin.com,f7a1807c1ac98ccf0eecf5078d61346ac9a94ca37a547f5708d580528c9e55c0,/Users/user/mobbin-sides/screen-flows/cash-app/052-cash-app-favoriting-a-profile-c9b5fef8-667b-45fe-bed0-15274528ecf2/004-799050ed-69fc-4463-8907-dee59af655f6-downloadableSrc-0d1bca9ec705.webp
c9b5fef8-667b-45fe-bed0-15274528ecf2,Favoriting a profile,6fc9a5b8-91ee-47dd-976d-9784a1975e1a,Cash APP,fed5f550-de22-4c8f-98d3-72b7dcf28e2e,4,5,31b112e2-2a76-42c3-b182-010f40833313,true,downloadableSrc,200,image/webp,37798,37798,4ad16e071fefeac890709a3bd7e0b68f0e449c4ecfb2cc200aff90bf2804445b,1284,2898,,,bytescale.mobbin.com,f7a1807c1ac98ccf0eecf5078d61346ac9a94ca37a547f5708d580528c9e55c0,/Users/user/mobbin-sides/screen-flows/cash-app/052-cash-app-favoriting-a-profile-c9b5fef8-667b-45fe-bed0-15274528ecf2/005-31b112e2-2a76-42c3-b182-010f40833313-downloadableSrc-4ad16e071fef.webp
17deaf4e-def2-4a89-93a6-314cc0f4224c,User profile,6fc9a5b8-91ee-47dd-976d-9784a1975e1a,Cash APP,fed5f550-de22-4c8f-98d3-72b7dcf28e2e,0,1,31b112e2-2a76-42c3-b182-010f40833313,true,downloadableSrc,200,image/webp,37798,37798,4ad16e071fefeac890709a3bd7e0b68f0e449c4ecfb2cc200aff90bf2804445b,1284,2898,,,bytescale.mobbin.com,f7a1807c1ac98ccf0eecf5078d61346ac9a94ca37a547f5708d580528c9e55c0,/Users/user/mobbin-sides/screen-flows/cash-app/053-cash-app-user-profile-17deaf4e-def2-4a89-93a6-314cc0f4224c/001-31b112e2-2a76-42c3-b182-010f40833313-downloadableSrc-4ad16e071fef.webp
17deaf4e-def2-4a89-93a6-314cc0f4224c,User profile,6fc9a5b8-91ee-47dd-976d-9784a1975e1a,Cash APP,fed5f550-de22-4c8f-98d3-72b7dcf28e2e,1,2,c834ca0b-586a-4c0c-b5b7-0ee9d0ebf401,true,downloadableSrc,200,image/webp,84214,84214,9deeb54024c3df603775ef02f15156fdc05bf5ed5d2d1692a365cfdb7afd9966,1284,2898,,,bytescale.mobbin.com,f7a1807c1ac98ccf0eecf5078d61346ac9a94ca37a547f5708d580528c9e55c0,/Users/user/mobbin-sides/screen-flows/cash-app/053-cash-app-user-profile-17deaf4e-def2-4a89-93a6-314cc0f4224c/002-c834ca0b-586a-4c0c-b5b7-0ee9d0ebf401-downloadableSrc-9deeb54024c3.webp
76619f6e-553c-4d64-8fd4-a58d297dfb07,Invite a friend,6fc9a5b8-91ee-47dd-976d-9784a1975e1a,Cash APP,fed5f550-de22-4c8f-98d3-72b7dcf28e2e,0,1,d6f815a9-9a08-4e55-ade3-7c9aededaeca,true,downloadableSrc,200,image/webp,73306,73306,573e1182445f08cfce5d347a6a48a60e9c90057caa430a28e22aafe8328325c8,1284,2898,,,bytescale.mobbin.com,f7a1807c1ac98ccf0eecf5078d61346ac9a94ca37a547f5708d580528c9e55c0,/Users/user/mobbin-sides/screen-flows/cash-app/054-cash-app-invite-a-friend-76619f6e-553c-4d64-8fd4-a58d297dfb07/001-d6f815a9-9a08-4e55-ade3-7c9aededaeca-downloadableSrc-573e1182445f.webp
76619f6e-553c-4d64-8fd4-a58d297dfb07,Invite a friend,6fc9a5b8-91ee-47dd-976d-9784a1975e1a,Cash APP,fed5f550-de22-4c8f-98d3-72b7dcf28e2e,1,2,cf009977-8804-4d9c-b25a-5266fa8628f2,true,downloadableSrc,200,image/webp,26310,26310,5d7e677bee37196aeeb54895998a7cb6c04e3d561cfbe831eefaef73f7ce6e0b,1284,2898,,,bytescale.mobbin.com,f7a1807c1ac98ccf0eecf5078d61346ac9a94ca37a547f5708d580528c9e55c0,/Users/user/mobbin-sides/screen-flows/cash-app/054-cash-app-invite-a-friend-76619f6e-553c-4d64-8fd4-a58d297dfb07/002-cf009977-8804-4d9c-b25a-5266fa8628f2-downloadableSrc-5d7e677bee37.webp
76619f6e-553c-4d64-8fd4-a58d297dfb07,Invite a friend,6fc9a5b8-91ee-47dd-976d-9784a1975e1a,Cash APP,fed5f550-de22-4c8f-98d3-72b7dcf28e2e,2,3,75bf167f-307f-4dac-9ebc-4e9b3cc07c68,true,downloadableSrc,200,image/webp,82538,82538,60695bb33d9b620e46bd36b86742faece9aa0854ec59e4aaca867e2e50cee7a5,1284,2898,,,bytescale.mobbin.com,f7a1807c1ac98ccf0eecf5078d61346ac9a94ca37a547f5708d580528c9e55c0,/Users/user/mobbin-sides/screen-flows/cash-app/054-cash-app-invite-a-friend-76619f6e-553c-4d64-8fd4-a58d297dfb07/003-75bf167f-307f-4dac-9ebc-4e9b3cc07c68-downloadableSrc-60695bb33d9b.webp
76619f6e-553c-4d64-8fd4-a58d297dfb07,Invite a friend,6fc9a5b8-91ee-47dd-976d-9784a1975e1a,Cash APP,fed5f550-de22-4c8f-98d3-72b7dcf28e2e,3,4,bbba70c1-bcdf-478b-9f74-298c9710abb5,true,downloadableSrc,200,image/webp,69768,69768,d45d0b844a346641f5beb6137c1c734b2decbeb3e90749fe1309d907938cac7a,1284,2898,,,bytescale.mobbin.com,f7a1807c1ac98ccf0eecf5078d61346ac9a94ca37a547f5708d580528c9e55c0,/Users/user/mobbin-sides/screen-flows/cash-app/054-cash-app-invite-a-friend-76619f6e-553c-4d64-8fd4-a58d297dfb07/004-bbba70c1-bcdf-478b-9f74-298c9710abb5-downloadableSrc-d45d0b844a34.webp
b604ad91-bd2b-4eb2-bf95-474ead750dd8,Limits,6fc9a5b8-91ee-47dd-976d-9784a1975e1a,Cash APP,fed5f550-de22-4c8f-98d3-72b7dcf28e2e,0,1,d6f815a9-9a08-4e55-ade3-7c9aededaeca,true,downloadableSrc,200,image/webp,73306,73306,573e1182445f08cfce5d347a6a48a60e9c90057caa430a28e22aafe8328325c8,1284,2898,,,bytescale.mobbin.com,f7a1807c1ac98ccf0eecf5078d61346ac9a94ca37a547f5708d580528c9e55c0,/Users/user/mobbin-sides/screen-flows/cash-app/055-cash-app-limits-b604ad91-bd2b-4eb2-bf95-474ead750dd8/001-d6f815a9-9a08-4e55-ade3-7c9aededaeca-downloadableSrc-573e1182445f.webp
b604ad91-bd2b-4eb2-bf95-474ead750dd8,Limits,6fc9a5b8-91ee-47dd-976d-9784a1975e1a,Cash APP,fed5f550-de22-4c8f-98d3-72b7dcf28e2e,1,2,a467cbf5-11c5-47d1-8a31-da863877f1cf,true,downloadableSrc,200,image/webp,42152,42152,606a0120f6afdd95ab87a16ebb41183101c5c54864259fb1a3cc9a78ad5dbedc,1284,2898,,,bytescale.mobbin.com,f7a1807c1ac98ccf0eecf5078d61346ac9a94ca37a547f5708d580528c9e55c0,/Users/user/mobbin-sides/screen-flows/cash-app/055-cash-app-limits-b604ad91-bd2b-4eb2-bf95-474ead750dd8/002-a467cbf5-11c5-47d1-8a31-da863877f1cf-downloadableSrc-606a0120f6af.webp
76ec81f9-ec36-43d4-bdfa-d9c58ea2e6a3,Your devices,6fc9a5b8-91ee-47dd-976d-9784a1975e1a,Cash APP,fed5f550-de22-4c8f-98d3-72b7dcf28e2e,0,1,d6f815a9-9a08-4e55-ade3-7c9aededaeca,true,downloadableSrc,200,image/webp,73306,73306,573e1182445f08cfce5d347a6a48a60e9c90057caa430a28e22aafe8328325c8,1284,2898,,,bytescale.mobbin.com,f7a1807c1ac98ccf0eecf5078d61346ac9a94ca37a547f5708d580528c9e55c0,/Users/user/mobbin-sides/screen-flows/cash-app/056-cash-app-your-devices-76ec81f9-ec36-43d4-bdfa-d9c58ea2e6a3/001-d6f815a9-9a08-4e55-ade3-7c9aededaeca-downloadableSrc-573e1182445f.webp
76ec81f9-ec36-43d4-bdfa-d9c58ea2e6a3,Your devices,6fc9a5b8-91ee-47dd-976d-9784a1975e1a,Cash APP,fed5f550-de22-4c8f-98d3-72b7dcf28e2e,1,2,3a419718-9fd2-4604-a434-49cf461f0cdf,true,downloadableSrc,200,image/webp,52440,52440,a3cca1543f5656b75fd2c429ba79f70f95e89b5eabc10f481d3feb90cb4d10e8,1284,2898,,,bytescale.mobbin.com,f7a1807c1ac98ccf0eecf5078d61346ac9a94ca37a547f5708d580528c9e55c0,/Users/user/mobbin-sides/screen-flows/cash-app/056-cash-app-your-devices-76ec81f9-ec36-43d4-bdfa-d9c58ea2e6a3/002-3a419718-9fd2-4604-a434-49cf461f0cdf-downloadableSrc-a3cca1543f56.webp
387a3129-1413-4a40-af19-199b87724303,Notifications,6fc9a5b8-91ee-47dd-976d-9784a1975e1a,Cash APP,fed5f550-de22-4c8f-98d3-72b7dcf28e2e,0,1,d6f815a9-9a08-4e55-ade3-7c9aededaeca,true,downloadableSrc,200,image/webp,73306,73306,573e1182445f08cfce5d347a6a48a60e9c90057caa430a28e22aafe8328325c8,1284,2898,,,bytescale.mobbin.com,f7a1807c1ac98ccf0eecf5078d61346ac9a94ca37a547f5708d580528c9e55c0,/Users/user/mobbin-sides/screen-flows/cash-app/057-cash-app-notifications-387a3129-1413-4a40-af19-199b87724303/001-d6f815a9-9a08-4e55-ade3-7c9aededaeca-downloadableSrc-573e1182445f.webp
387a3129-1413-4a40-af19-199b87724303,Notifications,6fc9a5b8-91ee-47dd-976d-9784a1975e1a,Cash APP,fed5f550-de22-4c8f-98d3-72b7dcf28e2e,1,2,c1cbbe14-b038-43e8-8e6c-7149427174cb,true,downloadableSrc,200,image/webp,87130,87130,08f011007e31acd163a640f5834f1c1bded692a7b05e35447f83bcf97631fae1,1284,2898,,,bytescale.mobbin.com,f7a1807c1ac98ccf0eecf5078d61346ac9a94ca37a547f5708d580528c9e55c0,/Users/user/mobbin-sides/screen-flows/cash-app/057-cash-app-notifications-387a3129-1413-4a40-af19-199b87724303/002-c1cbbe14-b038-43e8-8e6c-7149427174cb-downloadableSrc-08f011007e31.webp
3e795c28-2c1b-4bf7-9020-ab02daefd347,Themes,6fc9a5b8-91ee-47dd-976d-9784a1975e1a,Cash APP,fed5f550-de22-4c8f-98d3-72b7dcf28e2e,0,1,d6f815a9-9a08-4e55-ade3-7c9aededaeca,true,downloadableSrc,200,image/webp,73306,73306,573e1182445f08cfce5d347a6a48a60e9c90057caa430a28e22aafe8328325c8,1284,2898,,,bytescale.mobbin.com,f7a1807c1ac98ccf0eecf5078d61346ac9a94ca37a547f5708d580528c9e55c0,/Users/user/mobbin-sides/screen-flows/cash-app/058-cash-app-themes-3e795c28-2c1b-4bf7-9020-ab02daefd347/001-d6f815a9-9a08-4e55-ade3-7c9aededaeca-downloadableSrc-573e1182445f.webp
3e795c28-2c1b-4bf7-9020-ab02daefd347,Themes,6fc9a5b8-91ee-47dd-976d-9784a1975e1a,Cash APP,fed5f550-de22-4c8f-98d3-72b7dcf28e2e,1,2,8127c88a-3dd4-48b9-9c51-7e7045f357d1,true,downloadableSrc,200,image/webp,55790,55790,55fd808dfe429533465cb5d56a27ea260531f32e45adabf4ae9a0d9c8c72bbe9,1284,2898,,,bytescale.mobbin.com,f7a1807c1ac98ccf0eecf5078d61346ac9a94ca37a547f5708d580528c9e55c0,/Users/user/mobbin-sides/screen-flows/cash-app/058-cash-app-themes-3e795c28-2c1b-4bf7-9020-ab02daefd347/002-8127c88a-3dd4-48b9-9c51-7e7045f357d1-downloadableSrc-55fd808dfe42.webp
3e795c28-2c1b-4bf7-9020-ab02daefd347,Themes,6fc9a5b8-91ee-47dd-976d-9784a1975e1a,Cash APP,fed5f550-de22-4c8f-98d3-72b7dcf28e2e,2,3,260b7bd7-8157-40f6-8fa4-2d28d0366648,true,downloadableSrc,200,image/webp,181234,181234,accdaae5209bc3ee49f194a67dc054fbdb072365da8e37f1d972d55391f3f5c7,1284,2898,,,bytescale.mobbin.com,f7a1807c1ac98ccf0eecf5078d61346ac9a94ca37a547f5708d580528c9e55c0,/Users/user/mobbin-sides/screen-flows/cash-app/058-cash-app-themes-3e795c28-2c1b-4bf7-9020-ab02daefd347/003-260b7bd7-8157-40f6-8fa4-2d28d0366648-downloadableSrc-accdaae5209b.webp
9ade7a51-7473-43b1-a8fe-10e318895634,Documents & statements,6fc9a5b8-91ee-47dd-976d-9784a1975e1a,Cash APP,fed5f550-de22-4c8f-98d3-72b7dcf28e2e,0,1,d6f815a9-9a08-4e55-ade3-7c9aededaeca,true,downloadableSrc,200,image/webp,73306,73306,573e1182445f08cfce5d347a6a48a60e9c90057caa430a28e22aafe8328325c8,1284,2898,,,bytescale.mobbin.com,f7a1807c1ac98ccf0eecf5078d61346ac9a94ca37a547f5708d580528c9e55c0,/Users/user/mobbin-sides/screen-flows/cash-app/059-cash-app-documents-and-statements-9ade7a51-7473-43b1-a8fe-10e318895634/001-d6f815a9-9a08-4e55-ade3-7c9aededaeca-downloadableSrc-573e1182445f.webp
9ade7a51-7473-43b1-a8fe-10e318895634,Documents & statements,6fc9a5b8-91ee-47dd-976d-9784a1975e1a,Cash APP,fed5f550-de22-4c8f-98d3-72b7dcf28e2e,1,2,24e7bc6a-3d48-4850-96e2-8635f75f880e,true,downloadableSrc,200,image/webp,32540,32540,af1b127e0010a676262bbec73ca5d6a643ec90595f83e27a27eff87595b30f7e,1284,2898,,,bytescale.mobbin.com,f7a1807c1ac98ccf0eecf5078d61346ac9a94ca37a547f5708d580528c9e55c0,/Users/user/mobbin-sides/screen-flows/cash-app/059-cash-app-documents-and-statements-9ade7a51-7473-43b1-a8fe-10e318895634/002-24e7bc6a-3d48-4850-96e2-8635f75f880e-downloadableSrc-af1b127e0010.webp
9ade7a51-7473-43b1-a8fe-10e318895634,Documents & statements,6fc9a5b8-91ee-47dd-976d-9784a1975e1a,Cash APP,fed5f550-de22-4c8f-98d3-72b7dcf28e2e,2,3,e29dda2b-6abe-433c-b388-aa0a985fe4b9,true,downloadableSrc,200,image/webp,31022,31022,66d92861450579978f31f4f57638d9f975c74e0116ced786795953676dabff56,1284,2898,,,bytescale.mobbin.com,f7a1807c1ac98ccf0eecf5078d61346ac9a94ca37a547f5708d580528c9e55c0,/Users/user/mobbin-sides/screen-flows/cash-app/059-cash-app-documents-and-statements-9ade7a51-7473-43b1-a8fe-10e318895634/003-e29dda2b-6abe-433c-b388-aa0a985fe4b9-downloadableSrc-66d928614505.webp
346515c2-de05-40c2-9cf5-40c76c0f9f85,Chat with support,6fc9a5b8-91ee-47dd-976d-9784a1975e1a,Cash APP,fed5f550-de22-4c8f-98d3-72b7dcf28e2e,0,1,d6f815a9-9a08-4e55-ade3-7c9aededaeca,true,downloadableSrc,200,image/webp,73306,73306,573e1182445f08cfce5d347a6a48a60e9c90057caa430a28e22aafe8328325c8,1284,2898,,,bytescale.mobbin.com,f7a1807c1ac98ccf0eecf5078d61346ac9a94ca37a547f5708d580528c9e55c0,/Users/user/mobbin-sides/screen-flows/cash-app/060-cash-app-chat-with-support-346515c2-de05-40c2-9cf5-40c76c0f9f85/001-d6f815a9-9a08-4e55-ade3-7c9aededaeca-downloadableSrc-573e1182445f.webp
346515c2-de05-40c2-9cf5-40c76c0f9f85,Chat with support,6fc9a5b8-91ee-47dd-976d-9784a1975e1a,Cash APP,fed5f550-de22-4c8f-98d3-72b7dcf28e2e,1,2,e8129220-37ef-405e-ba32-442223589d85,true,downloadableSrc,200,image/webp,90950,90950,c617266ac30626a5ed849d1357f12d5dba994d64c94fc407f496b94253c4a905,1284,2898,,,bytescale.mobbin.com,f7a1807c1ac98ccf0eecf5078d61346ac9a94ca37a547f5708d580528c9e55c0,/Users/user/mobbin-sides/screen-flows/cash-app/060-cash-app-chat-with-support-346515c2-de05-40c2-9cf5-40c76c0f9f85/002-e8129220-37ef-405e-ba32-442223589d85-downloadableSrc-c617266ac306.webp
346515c2-de05-40c2-9cf5-40c76c0f9f85,Chat with support,6fc9a5b8-91ee-47dd-976d-9784a1975e1a,Cash APP,fed5f550-de22-4c8f-98d3-72b7dcf28e2e,2,3,a22b1015-1930-45d7-bd9a-d495e0364c7e,true,downloadableSrc,200,image/webp,43830,43830,cc3f95f5a81ca11785d83363aaede63eceff0d2da1ddacf39e1599a4e8407e01,1284,2898,,,bytescale.mobbin.com,f7a1807c1ac98ccf0eecf5078d61346ac9a94ca37a547f5708d580528c9e55c0,/Users/user/mobbin-sides/screen-flows/cash-app/060-cash-app-chat-with-support-346515c2-de05-40c2-9cf5-40c76c0f9f85/003-a22b1015-1930-45d7-bd9a-d495e0364c7e-downloadableSrc-cc3f95f5a81c.webp
346515c2-de05-40c2-9cf5-40c76c0f9f85,Chat with support,6fc9a5b8-91ee-47dd-976d-9784a1975e1a,Cash APP,fed5f550-de22-4c8f-98d3-72b7dcf28e2e,3,4,59516d02-c1ba-4af9-b691-f86fe4082e89,true,downloadableSrc,200,image/webp,61810,61810,0d40f97a8e5cbbd444aa75fc50908597a17eafa36f3f34f80eee088b4f289193,1284,2898,,,bytescale.mobbin.com,f7a1807c1ac98ccf0eecf5078d61346ac9a94ca37a547f5708d580528c9e55c0,/Users/user/mobbin-sides/screen-flows/cash-app/060-cash-app-chat-with-support-346515c2-de05-40c2-9cf5-40c76c0f9f85/004-59516d02-c1ba-4af9-b691-f86fe4082e89-downloadableSrc-0d40f97a8e5c.webp
6c62d5e9-bccc-45fc-861e-cd816dc56689,Create a business account,6fc9a5b8-91ee-47dd-976d-9784a1975e1a,Cash APP,fed5f550-de22-4c8f-98d3-72b7dcf28e2e,0,1,d6f815a9-9a08-4e55-ade3-7c9aededaeca,true,downloadableSrc,200,image/webp,73306,73306,573e1182445f08cfce5d347a6a48a60e9c90057caa430a28e22aafe8328325c8,1284,2898,,,bytescale.mobbin.com,f7a1807c1ac98ccf0eecf5078d61346ac9a94ca37a547f5708d580528c9e55c0,/Users/user/mobbin-sides/screen-flows/cash-app/061-cash-app-create-a-business-account-6c62d5e9-bccc-45fc-861e-cd816dc56689/001-d6f815a9-9a08-4e55-ade3-7c9aededaeca-downloadableSrc-573e1182445f.webp
6c62d5e9-bccc-45fc-861e-cd816dc56689,Create a business account,6fc9a5b8-91ee-47dd-976d-9784a1975e1a,Cash APP,fed5f550-de22-4c8f-98d3-72b7dcf28e2e,1,2,37819bbc-ebbc-418b-a338-e445cbdd3200,true,downloadableSrc,200,image/webp,50418,50418,4f6feab8feac9d36ecc3e957114fbe56fa307fcf167e07af495de33a3d92a672,1284,2898,,,bytescale.mobbin.com,f7a1807c1ac98ccf0eecf5078d61346ac9a94ca37a547f5708d580528c9e55c0,/Users/user/mobbin-sides/screen-flows/cash-app/061-cash-app-create-a-business-account-6c62d5e9-bccc-45fc-861e-cd816dc56689/002-37819bbc-ebbc-418b-a338-e445cbdd3200-downloadableSrc-4f6feab8feac.webp
6c62d5e9-bccc-45fc-861e-cd816dc56689,Create a business account,6fc9a5b8-91ee-47dd-976d-9784a1975e1a,Cash APP,fed5f550-de22-4c8f-98d3-72b7dcf28e2e,2,3,2bef4fbb-4f56-4782-be64-d4d849daca25,true,downloadableSrc,200,image/webp,39130,39130,38c64b0061eadf85ee8cae9f6092be12ee2d98024cee6a0212d854b863d73562,1284,2898,,,bytescale.mobbin.com,f7a1807c1ac98ccf0eecf5078d61346ac9a94ca37a547f5708d580528c9e55c0,/Users/user/mobbin-sides/screen-flows/cash-app/061-cash-app-create-a-business-account-6c62d5e9-bccc-45fc-861e-cd816dc56689/003-2bef4fbb-4f56-4782-be64-d4d849daca25-downloadableSrc-38c64b0061ea.webp
6c62d5e9-bccc-45fc-861e-cd816dc56689,Create a business account,6fc9a5b8-91ee-47dd-976d-9784a1975e1a,Cash APP,fed5f550-de22-4c8f-98d3-72b7dcf28e2e,3,4,97c3e57b-4e63-4e7d-acc7-a58b67be8403,true,downloadableSrc,200,image/webp,42908,42908,1e0a9f20ba29c3d229d73636350e5655050a620b4238f9a47a6236e724f84bc3,1284,2898,,,bytescale.mobbin.com,f7a1807c1ac98ccf0eecf5078d61346ac9a94ca37a547f5708d580528c9e55c0,/Users/user/mobbin-sides/screen-flows/cash-app/061-cash-app-create-a-business-account-6c62d5e9-bccc-45fc-861e-cd816dc56689/004-97c3e57b-4e63-4e7d-acc7-a58b67be8403-downloadableSrc-1e0a9f20ba29.webp
d0f3dac2-bf9f-412b-ab56-c90c8542b8ab,Logging out,6fc9a5b8-91ee-47dd-976d-9784a1975e1a,Cash APP,fed5f550-de22-4c8f-98d3-72b7dcf28e2e,0,1,d6f815a9-9a08-4e55-ade3-7c9aededaeca,true,downloadableSrc,200,image/webp,73306,73306,573e1182445f08cfce5d347a6a48a60e9c90057caa430a28e22aafe8328325c8,1284,2898,,,bytescale.mobbin.com,f7a1807c1ac98ccf0eecf5078d61346ac9a94ca37a547f5708d580528c9e55c0,/Users/user/mobbin-sides/screen-flows/cash-app/062-cash-app-logging-out-d0f3dac2-bf9f-412b-ab56-c90c8542b8ab/001-d6f815a9-9a08-4e55-ade3-7c9aededaeca-downloadableSrc-573e1182445f.webp
d0f3dac2-bf9f-412b-ab56-c90c8542b8ab,Logging out,6fc9a5b8-91ee-47dd-976d-9784a1975e1a,Cash APP,fed5f550-de22-4c8f-98d3-72b7dcf28e2e,1,2,f015421b-56e4-4400-a076-7851fe634a43,true,downloadableSrc,200,image/webp,81934,81934,64aad545c54eb75bcb6aeb9ed40ac25c153cd01f988fada634f3afcaf6ed08c4,1284,2898,,,bytescale.mobbin.com,f7a1807c1ac98ccf0eecf5078d61346ac9a94ca37a547f5708d580528c9e55c0,/Users/user/mobbin-sides/screen-flows/cash-app/062-cash-app-logging-out-d0f3dac2-bf9f-412b-ab56-c90c8542b8ab/002-f015421b-56e4-4400-a076-7851fe634a43-downloadableSrc-64aad545c54e.webp
d0f3dac2-bf9f-412b-ab56-c90c8542b8ab,Logging out,6fc9a5b8-91ee-47dd-976d-9784a1975e1a,Cash APP,fed5f550-de22-4c8f-98d3-72b7dcf28e2e,2,3,bc75125b-fbb9-4ab9-8bba-5cf8a46be74b,true,downloadableSrc,200,image/webp,31762,31762,370a501c99648d8cf005214df84f351c5c3545931b91de2d88437f4b58a097c2,1284,2898,,,bytescale.mobbin.com,f7a1807c1ac98ccf0eecf5078d61346ac9a94ca37a547f5708d580528c9e55c0,/Users/user/mobbin-sides/screen-flows/cash-app/062-cash-app-logging-out-d0f3dac2-bf9f-412b-ab56-c90c8542b8ab/003-bc75125b-fbb9-4ab9-8bba-5cf8a46be74b-downloadableSrc-370a501c9964.webp
2ef833ca-0670-4b4e-abef-40ad2f3653e4,Logging in,6fc9a5b8-91ee-47dd-976d-9784a1975e1a,Cash APP,fed5f550-de22-4c8f-98d3-72b7dcf28e2e,0,1,bc75125b-fbb9-4ab9-8bba-5cf8a46be74b,true,downloadableSrc,200,image/webp,31762,31762,370a501c99648d8cf005214df84f351c5c3545931b91de2d88437f4b58a097c2,1284,2898,,,bytescale.mobbin.com,f7a1807c1ac98ccf0eecf5078d61346ac9a94ca37a547f5708d580528c9e55c0,/Users/user/mobbin-sides/screen-flows/cash-app/063-cash-app-logging-in-2ef833ca-0670-4b4e-abef-40ad2f3653e4/001-bc75125b-fbb9-4ab9-8bba-5cf8a46be74b-downloadableSrc-370a501c9964.webp
2ef833ca-0670-4b4e-abef-40ad2f3653e4,Logging in,6fc9a5b8-91ee-47dd-976d-9784a1975e1a,Cash APP,fed5f550-de22-4c8f-98d3-72b7dcf28e2e,1,2,c1796144-3a7f-4802-8196-1cd8747132e1,true,downloadableSrc,200,image/webp,35018,35018,285ccd9d6c27964579c53985d63abee8afad90fea962dbe30fa74013bec6844e,1284,2898,,,bytescale.mobbin.com,f7a1807c1ac98ccf0eecf5078d61346ac9a94ca37a547f5708d580528c9e55c0,/Users/user/mobbin-sides/screen-flows/cash-app/063-cash-app-logging-in-2ef833ca-0670-4b4e-abef-40ad2f3653e4/002-c1796144-3a7f-4802-8196-1cd8747132e1-downloadableSrc-285ccd9d6c27.webp
2ef833ca-0670-4b4e-abef-40ad2f3653e4,Logging in,6fc9a5b8-91ee-47dd-976d-9784a1975e1a,Cash APP,fed5f550-de22-4c8f-98d3-72b7dcf28e2e,2,3,be3cd32d-3b43-4e08-b6b9-8e05fddeb687,true,downloadableSrc,200,image/webp,30160,30160,5448c6baf1fe89610d795e201b118afadcf2d90c95b56311fcad2669d77f3c92,1284,2898,,,bytescale.mobbin.com,f7a1807c1ac98ccf0eecf5078d61346ac9a94ca37a547f5708d580528c9e55c0,/Users/user/mobbin-sides/screen-flows/cash-app/063-cash-app-logging-in-2ef833ca-0670-4b4e-abef-40ad2f3653e4/003-be3cd32d-3b43-4e08-b6b9-8e05fddeb687-downloadableSrc-5448c6baf1fe.webp
2ef833ca-0670-4b4e-abef-40ad2f3653e4,Logging in,6fc9a5b8-91ee-47dd-976d-9784a1975e1a,Cash APP,fed5f550-de22-4c8f-98d3-72b7dcf28e2e,3,4,43d2114f-36be-4e84-b154-fe5472dcd6a0,true,downloadableSrc,200,image/webp,30386,30386,237891606ed03e03a9e020aa8463f273864220c89ae94638a86b6ae31269173b,1284,2898,,,bytescale.mobbin.com,f7a1807c1ac98ccf0eecf5078d61346ac9a94ca37a547f5708d580528c9e55c0,/Users/user/mobbin-sides/screen-flows/cash-app/063-cash-app-logging-in-2ef833ca-0670-4b4e-abef-40ad2f3653e4/004-43d2114f-36be-4e84-b154-fe5472dcd6a0-downloadableSrc-237891606ed0.webp
2ef833ca-0670-4b4e-abef-40ad2f3653e4,Logging in,6fc9a5b8-91ee-47dd-976d-9784a1975e1a,Cash APP,fed5f550-de22-4c8f-98d3-72b7dcf28e2e,4,5,f448e9b1-3323-49c1-8a9d-e59cbb9d762f,true,downloadableSrc,200,image/webp,20114,20114,9d5a366c03706da87d718374a94677a431e0e94a7260cf7007af75e31fb87fed,1284,2898,,,bytescale.mobbin.com,f7a1807c1ac98ccf0eecf5078d61346ac9a94ca37a547f5708d580528c9e55c0,/Users/user/mobbin-sides/screen-flows/cash-app/063-cash-app-logging-in-2ef833ca-0670-4b4e-abef-40ad2f3653e4/005-f448e9b1-3323-49c1-8a9d-e59cbb9d762f-downloadableSrc-9d5a366c0370.webp
2ef833ca-0670-4b4e-abef-40ad2f3653e4,Logging in,6fc9a5b8-91ee-47dd-976d-9784a1975e1a,Cash APP,fed5f550-de22-4c8f-98d3-72b7dcf28e2e,5,6,e07a4df3-35d5-4fac-bc78-289aa1ceb6ef,true,downloadableSrc,200,image/webp,66888,66888,8044a0679883ed78a7251ac271c45464826dba2537beff46d2466a9527ffd3d4,1284,2898,,,bytescale.mobbin.com,f7a1807c1ac98ccf0eecf5078d61346ac9a94ca37a547f5708d580528c9e55c0,/Users/user/mobbin-sides/screen-flows/cash-app/063-cash-app-logging-in-2ef833ca-0670-4b4e-abef-40ad2f3653e4/006-e07a4df3-35d5-4fac-bc78-289aa1ceb6ef-downloadableSrc-8044a0679883.webp
