flowId,flowName,appId,appName,appVersionId,order,index,screenId,restricted,descriptor,status,contentType,contentLengthHeader,bytes,sha256,width,height,declaredWidth,declaredHeight,urlHost,urlPathHash,savedPath
a6eebc5a-f918-448f-ac5f-1888391b9d89,Onboarding,0d194a4d-d39e-4bef-90d0-7735fe02a329,Mesh,c70a8fcb-1742-4c5c-b63e-3aae2ce6dad0,0,1,e2d25542-2b56-4803-8d6c-f9b8f26a395a,false,downloadableSrc,200,image/webp,15292,15292,ed4f99679f374780e7b260922c9ff145da0faf4cf7ec41b7771a077d401fa220,1180,2676,,,bytescale.mobbin.com,f7a1807c1ac98ccf0eecf5078d61346ac9a94ca37a547f5708d580528c9e55c0,/Users/user/mobbin-sides/screen-flows/mesh/001-mesh-onboarding-a6eebc5a-f918-448f-ac5f-1888391b9d89/001-e2d25542-2b56-4803-8d6c-f9b8f26a395a-downloadableSrc-ed4f99679f37.webp
a6eebc5a-f918-448f-ac5f-1888391b9d89,Onboarding,0d194a4d-d39e-4bef-90d0-7735fe02a329,Mesh,c70a8fcb-1742-4c5c-b63e-3aae2ce6dad0,1,2,e640cf83-d54c-4a08-9e8d-af81433ad6b3,false,downloadableSrc,200,image/webp,83896,83896,9f5827c5a405ca7bdfb0a47bfe90fa80cee897a40b49a35d8d870badf4f94611,1179,2676,,,bytescale.mobbin.com,f7a1807c1ac98ccf0eecf5078d61346ac9a94ca37a547f5708d580528c9e55c0,/Users/user/mobbin-sides/screen-flows/mesh/001-mesh-onboarding-a6eebc5a-f918-448f-ac5f-1888391b9d89/002-e640cf83-d54c-4a08-9e8d-af81433ad6b3-downloadableSrc-9f5827c5a405.webp
a6eebc5a-f918-448f-ac5f-1888391b9d89,Onboarding,0d194a4d-d39e-4bef-90d0-7735fe02a329,Mesh,c70a8fcb-1742-4c5c-b63e-3aae2ce6dad0,2,3,1471cdcf-819d-440f-89b8-4529eba7dc08,false,downloadableSrc,200,image/webp,100404,100404,b0a74ae6fdddd6e77291c41997a64000bcdea60a3de7d33346d3f65db21531b8,1179,2676,,,bytescale.mobbin.com,f7a1807c1ac98ccf0eecf5078d61346ac9a94ca37a547f5708d580528c9e55c0,/Users/user/mobbin-sides/screen-flows/mesh/001-mesh-onboarding-a6eebc5a-f918-448f-ac5f-1888391b9d89/003-1471cdcf-819d-440f-89b8-4529eba7dc08-downloadableSrc-b0a74ae6fddd.webp
a6eebc5a-f918-448f-ac5f-1888391b9d89,Onboarding,0d194a4d-d39e-4bef-90d0-7735fe02a329,Mesh,c70a8fcb-1742-4c5c-b63e-3aae2ce6dad0,3,4,0b2d3a64-94e1-4d2b-ba75-d4bb8fd8e162,false,downloadableSrc,200,image/webp,65120,65120,3a9f262a5eb1488938326c25b7237df0f982252672ec056f019fc6026462ca04,1179,2676,,,bytescale.mobbin.com,f7a1807c1ac98ccf0eecf5078d61346ac9a94ca37a547f5708d580528c9e55c0,/Users/user/mobbin-sides/screen-flows/mesh/001-mesh-onboarding-a6eebc5a-f918-448f-ac5f-1888391b9d89/004-0b2d3a64-94e1-4d2b-ba75-d4bb8fd8e162-downloadableSrc-3a9f262a5eb1.webp
a6eebc5a-f918-448f-ac5f-1888391b9d89,Onboarding,0d194a4d-d39e-4bef-90d0-7735fe02a329,Mesh,c70a8fcb-1742-4c5c-b63e-3aae2ce6dad0,4,5,7213590c-7fa6-4133-9943-88026dd06380,false,downloadableSrc,200,image/webp,64652,64652,c83453f8f5607805e188391770ade21c713a35a7439d15df447b9e0692df4ef4,1179,2676,,,bytescale.mobbin.com,f7a1807c1ac98ccf0eecf5078d61346ac9a94ca37a547f5708d580528c9e55c0,/Users/user/mobbin-sides/screen-flows/mesh/001-mesh-onboarding-a6eebc5a-f918-448f-ac5f-1888391b9d89/005-7213590c-7fa6-4133-9943-88026dd06380-downloadableSrc-c83453f8f560.webp
a6eebc5a-f918-448f-ac5f-1888391b9d89,Onboarding,0d194a4d-d39e-4bef-90d0-7735fe02a329,Mesh,c70a8fcb-1742-4c5c-b63e-3aae2ce6dad0,5,6,5a8f6168-b8c7-4a57-96bc-4f040df9851b,false,downloadableSrc,200,image/webp,68630,68630,cc68b8bad0ebad576e4b2c2e694e5ead04424d363d13b7b8a184b4657e75c14c,1179,2676,,,bytescale.mobbin.com,f7a1807c1ac98ccf0eecf5078d61346ac9a94ca37a547f5708d580528c9e55c0,/Users/user/mobbin-sides/screen-flows/mesh/001-mesh-onboarding-a6eebc5a-f918-448f-ac5f-1888391b9d89/006-5a8f6168-b8c7-4a57-96bc-4f040df9851b-downloadableSrc-cc68b8bad0eb.webp
a6eebc5a-f918-448f-ac5f-1888391b9d89,Onboarding,0d194a4d-d39e-4bef-90d0-7735fe02a329,Mesh,c70a8fcb-1742-4c5c-b63e-3aae2ce6dad0,6,7,17999fbd-9477-4b0d-bc97-2e9218ca65ce,false,downloadableSrc,200,image/webp,64544,64544,70ffb267cdd7f51e51baf89d7a3f48813947e80d165b7bbfb90e7c3211c83456,1179,2676,,,bytescale.mobbin.com,f7a1807c1ac98ccf0eecf5078d61346ac9a94ca37a547f5708d580528c9e55c0,/Users/user/mobbin-sides/screen-flows/mesh/001-mesh-onboarding-a6eebc5a-f918-448f-ac5f-1888391b9d89/007-17999fbd-9477-4b0d-bc97-2e9218ca65ce-downloadableSrc-70ffb267cdd7.webp
a6eebc5a-f918-448f-ac5f-1888391b9d89,Onboarding,0d194a4d-d39e-4bef-90d0-7735fe02a329,Mesh,c70a8fcb-1742-4c5c-b63e-3aae2ce6dad0,7,8,5d96cd3e-af3f-4eb5-b0a7-d19cc4a7989b,false,downloadableSrc,200,image/webp,64244,64244,86899965828aa59eac61615fce4e6bd38a3cb61a7af39383ca56df165c28887f,1179,2676,,,bytescale.mobbin.com,f7a1807c1ac98ccf0eecf5078d61346ac9a94ca37a547f5708d580528c9e55c0,/Users/user/mobbin-sides/screen-flows/mesh/001-mesh-onboarding-a6eebc5a-f918-448f-ac5f-1888391b9d89/008-5d96cd3e-af3f-4eb5-b0a7-d19cc4a7989b-downloadableSrc-86899965828a.webp
a6eebc5a-f918-448f-ac5f-1888391b9d89,Onboarding,0d194a4d-d39e-4bef-90d0-7735fe02a329,Mesh,c70a8fcb-1742-4c5c-b63e-3aae2ce6dad0,8,9,a38f0475-3431-47fe-a4cf-1656ca8933b2,false,downloadableSrc,200,image/webp,29254,29254,83f52a145b0e333a00245f2c9bd068895b2bb7e47c5889615a099bbc743af825,1179,2676,,,bytescale.mobbin.com,f7a1807c1ac98ccf0eecf5078d61346ac9a94ca37a547f5708d580528c9e55c0,/Users/user/mobbin-sides/screen-flows/mesh/001-mesh-onboarding-a6eebc5a-f918-448f-ac5f-1888391b9d89/009-a38f0475-3431-47fe-a4cf-1656ca8933b2-downloadableSrc-83f52a145b0e.webp
a6eebc5a-f918-448f-ac5f-1888391b9d89,Onboarding,0d194a4d-d39e-4bef-90d0-7735fe02a329,Mesh,c70a8fcb-1742-4c5c-b63e-3aae2ce6dad0,9,10,3a9af5de-2341-4e0e-bafd-396fbc074f1c,false,downloadableSrc,200,image/webp,55816,55816,5dd952aa6a25d5c59660e9a64d760bb7b4d18bdcd85d783ab9e7a320181f30f8,1179,2676,,,bytescale.mobbin.com,f7a1807c1ac98ccf0eecf5078d61346ac9a94ca37a547f5708d580528c9e55c0,/Users/user/mobbin-sides/screen-flows/mesh/001-mesh-onboarding-a6eebc5a-f918-448f-ac5f-1888391b9d89/010-3a9af5de-2341-4e0e-bafd-396fbc074f1c-downloadableSrc-5dd952aa6a25.webp
a6eebc5a-f918-448f-ac5f-1888391b9d89,Onboarding,0d194a4d-d39e-4bef-90d0-7735fe02a329,Mesh,c70a8fcb-1742-4c5c-b63e-3aae2ce6dad0,10,11,2985c1da-29d8-4a37-ad8c-872a57d86376,false,downloadableSrc,200,image/webp,58184,58184,df7ce046e6cba1a8ecac1a11e7cf3bebe3667998e47267e13a43593deb4745bc,1179,2676,,,bytescale.mobbin.com,f7a1807c1ac98ccf0eecf5078d61346ac9a94ca37a547f5708d580528c9e55c0,/Users/user/mobbin-sides/screen-flows/mesh/001-mesh-onboarding-a6eebc5a-f918-448f-ac5f-1888391b9d89/011-2985c1da-29d8-4a37-ad8c-872a57d86376-downloadableSrc-df7ce046e6cb.webp
a6eebc5a-f918-448f-ac5f-1888391b9d89,Onboarding,0d194a4d-d39e-4bef-90d0-7735fe02a329,Mesh,c70a8fcb-1742-4c5c-b63e-3aae2ce6dad0,11,12,60db255e-0f7c-4caf-a0a5-4d91c0aa8740,false,downloadableSrc,200,image/webp,70934,70934,dcf84c2837fcb0084b7e1b14134cf11989813f7a4ab2658625ce31c27ee5c564,1179,2676,,,bytescale.mobbin.com,f7a1807c1ac98ccf0eecf5078d61346ac9a94ca37a547f5708d580528c9e55c0,/Users/user/mobbin-sides/screen-flows/mesh/001-mesh-onboarding-a6eebc5a-f918-448f-ac5f-1888391b9d89/012-60db255e-0f7c-4caf-a0a5-4d91c0aa8740-downloadableSrc-dcf84c2837fc.webp
a6eebc5a-f918-448f-ac5f-1888391b9d89,Onboarding,0d194a4d-d39e-4bef-90d0-7735fe02a329,Mesh,c70a8fcb-1742-4c5c-b63e-3aae2ce6dad0,12,13,5b3df004-3b8e-4e20-b4dd-00af14f96400,false,downloadableSrc,200,image/webp,21416,21416,fdaa83e9a6f8ef813c016f210e04bcedb908cc151a8cd2dccb7ee94773486683,1179,2676,,,bytescale.mobbin.com,f7a1807c1ac98ccf0eecf5078d61346ac9a94ca37a547f5708d580528c9e55c0,/Users/user/mobbin-sides/screen-flows/mesh/001-mesh-onboarding-a6eebc5a-f918-448f-ac5f-1888391b9d89/013-5b3df004-3b8e-4e20-b4dd-00af14f96400-downloadableSrc-fdaa83e9a6f8.webp
a6eebc5a-f918-448f-ac5f-1888391b9d89,Onboarding,0d194a4d-d39e-4bef-90d0-7735fe02a329,Mesh,c70a8fcb-1742-4c5c-b63e-3aae2ce6dad0,13,14,99826cf9-1014-434b-8649-95c6419fb50e,false,downloadableSrc,200,image/webp,62044,62044,6ecdb6d6f114002c2ab5482bca80e307d0afaf0a270a342359950d9b4b8205e7,1179,2676,,,bytescale.mobbin.com,f7a1807c1ac98ccf0eecf5078d61346ac9a94ca37a547f5708d580528c9e55c0,/Users/user/mobbin-sides/screen-flows/mesh/001-mesh-onboarding-a6eebc5a-f918-448f-ac5f-1888391b9d89/014-99826cf9-1014-434b-8649-95c6419fb50e-downloadableSrc-6ecdb6d6f114.webp
a6eebc5a-f918-448f-ac5f-1888391b9d89,Onboarding,0d194a4d-d39e-4bef-90d0-7735fe02a329,Mesh,c70a8fcb-1742-4c5c-b63e-3aae2ce6dad0,14,15,c7c16e8d-7476-4b13-aad0-62489a74ba97,false,downloadableSrc,200,image/webp,70034,70034,20e7584be4d6365e6fbdf30bd98eb80dcb1b69e6b0da19a2b5032d635f00cfc7,1179,2676,,,bytescale.mobbin.com,f7a1807c1ac98ccf0eecf5078d61346ac9a94ca37a547f5708d580528c9e55c0,/Users/user/mobbin-sides/screen-flows/mesh/001-mesh-onboarding-a6eebc5a-f918-448f-ac5f-1888391b9d89/015-c7c16e8d-7476-4b13-aad0-62489a74ba97-downloadableSrc-20e7584be4d6.webp
a6eebc5a-f918-448f-ac5f-1888391b9d89,Onboarding,0d194a4d-d39e-4bef-90d0-7735fe02a329,Mesh,c70a8fcb-1742-4c5c-b63e-3aae2ce6dad0,15,16,e8592aa9-fc69-453e-a7f1-f51edfb2a9db,false,downloadableSrc,200,image/webp,70876,70876,7628f871961d63b811215ba170521db206e244f9378aea59cb7b8137031a7d4f,1179,2676,,,bytescale.mobbin.com,f7a1807c1ac98ccf0eecf5078d61346ac9a94ca37a547f5708d580528c9e55c0,/Users/user/mobbin-sides/screen-flows/mesh/001-mesh-onboarding-a6eebc5a-f918-448f-ac5f-1888391b9d89/016-e8592aa9-fc69-453e-a7f1-f51edfb2a9db-downloadableSrc-7628f871961d.webp
a6eebc5a-f918-448f-ac5f-1888391b9d89,Onboarding,0d194a4d-d39e-4bef-90d0-7735fe02a329,Mesh,c70a8fcb-1742-4c5c-b63e-3aae2ce6dad0,16,17,25ac08af-9ebc-44e3-ba9f-6ba681f8aa4a,false,downloadableSrc,200,image/webp,49300,49300,3015c236b51b703685e0fc2b1158dcf01f42a2720270b2ff6aff7e7ad679e924,1179,2676,,,bytescale.mobbin.com,f7a1807c1ac98ccf0eecf5078d61346ac9a94ca37a547f5708d580528c9e55c0,/Users/user/mobbin-sides/screen-flows/mesh/001-mesh-onboarding-a6eebc5a-f918-448f-ac5f-1888391b9d89/017-25ac08af-9ebc-44e3-ba9f-6ba681f8aa4a-downloadableSrc-3015c236b51b.webp
a6eebc5a-f918-448f-ac5f-1888391b9d89,Onboarding,0d194a4d-d39e-4bef-90d0-7735fe02a329,Mesh,c70a8fcb-1742-4c5c-b63e-3aae2ce6dad0,17,18,2840001b-dc72-40f7-b101-e6443ecd1256,false,downloadableSrc,200,image/webp,52258,52258,d8521fe8218a444827bff41fe1af8424220f98c2fce8e8ac826c92a2f8a1c137,1179,2676,,,bytescale.mobbin.com,f7a1807c1ac98ccf0eecf5078d61346ac9a94ca37a547f5708d580528c9e55c0,/Users/user/mobbin-sides/screen-flows/mesh/001-mesh-onboarding-a6eebc5a-f918-448f-ac5f-1888391b9d89/018-2840001b-dc72-40f7-b101-e6443ecd1256-downloadableSrc-d8521fe8218a.webp
a6eebc5a-f918-448f-ac5f-1888391b9d89,Onboarding,0d194a4d-d39e-4bef-90d0-7735fe02a329,Mesh,c70a8fcb-1742-4c5c-b63e-3aae2ce6dad0,18,19,16fd8e8e-842d-4caa-86bb-fe8c888fb578,false,downloadableSrc,200,image/webp,48772,48772,0184dcef73ddf825a3be1b481f6cb2d98ef01026e9ec438356882aa263ac0b66,1179,2676,,,bytescale.mobbin.com,f7a1807c1ac98ccf0eecf5078d61346ac9a94ca37a547f5708d580528c9e55c0,/Users/user/mobbin-sides/screen-flows/mesh/001-mesh-onboarding-a6eebc5a-f918-448f-ac5f-1888391b9d89/019-16fd8e8e-842d-4caa-86bb-fe8c888fb578-downloadableSrc-0184dcef73dd.webp
a6eebc5a-f918-448f-ac5f-1888391b9d89,Onboarding,0d194a4d-d39e-4bef-90d0-7735fe02a329,Mesh,c70a8fcb-1742-4c5c-b63e-3aae2ce6dad0,19,20,74495471-ebfc-4f08-a583-78870e6cf5c1,false,downloadableSrc,200,image/webp,47200,47200,f2ba72b086481e560b0f7fe699cd02b930ab747a5535e54b18104321d13a8e5d,1179,2676,,,bytescale.mobbin.com,f7a1807c1ac98ccf0eecf5078d61346ac9a94ca37a547f5708d580528c9e55c0,/Users/user/mobbin-sides/screen-flows/mesh/001-mesh-onboarding-a6eebc5a-f918-448f-ac5f-1888391b9d89/020-74495471-ebfc-4f08-a583-78870e6cf5c1-downloadableSrc-f2ba72b08648.webp
a6eebc5a-f918-448f-ac5f-1888391b9d89,Onboarding,0d194a4d-d39e-4bef-90d0-7735fe02a329,Mesh,c70a8fcb-1742-4c5c-b63e-3aae2ce6dad0,20,21,6e6aa4f7-456c-4991-9c3a-6dfbce86374a,false,downloadableSrc,200,image/webp,53546,53546,bec6ae69b803bfabb7672e425399426f276200b2a0350523abe031c756416927,1179,2676,,,bytescale.mobbin.com,f7a1807c1ac98ccf0eecf5078d61346ac9a94ca37a547f5708d580528c9e55c0,/Users/user/mobbin-sides/screen-flows/mesh/001-mesh-onboarding-a6eebc5a-f918-448f-ac5f-1888391b9d89/021-6e6aa4f7-456c-4991-9c3a-6dfbce86374a-downloadableSrc-bec6ae69b803.webp
a6eebc5a-f918-448f-ac5f-1888391b9d89,Onboarding,0d194a4d-d39e-4bef-90d0-7735fe02a329,Mesh,c70a8fcb-1742-4c5c-b63e-3aae2ce6dad0,21,22,caa68f50-c536-45b5-87eb-5bf296ab5488,false,downloadableSrc,200,image/webp,62776,62776,33a00dab8070b5c9f780726686353054ac4d234e55d4ef456394c884cedde70a,1179,2676,,,bytescale.mobbin.com,f7a1807c1ac98ccf0eecf5078d61346ac9a94ca37a547f5708d580528c9e55c0,/Users/user/mobbin-sides/screen-flows/mesh/001-mesh-onboarding-a6eebc5a-f918-448f-ac5f-1888391b9d89/022-caa68f50-c536-45b5-87eb-5bf296ab5488-downloadableSrc-33a00dab8070.webp
b986a687-c9d0-4307-b125-3e9d7d28ce36,Connecting an account,0d194a4d-d39e-4bef-90d0-7735fe02a329,Mesh,c70a8fcb-1742-4c5c-b63e-3aae2ce6dad0,0,1,99826cf9-1014-434b-8649-95c6419fb50e,false,downloadableSrc,200,image/webp,62044,62044,6ecdb6d6f114002c2ab5482bca80e307d0afaf0a270a342359950d9b4b8205e7,1179,2676,,,bytescale.mobbin.com,f7a1807c1ac98ccf0eecf5078d61346ac9a94ca37a547f5708d580528c9e55c0,/Users/user/mobbin-sides/screen-flows/mesh/002-mesh-connecting-an-account-b986a687-c9d0-4307-b125-3e9d7d28ce36/001-99826cf9-1014-434b-8649-95c6419fb50e-downloadableSrc-6ecdb6d6f114.webp
b986a687-c9d0-4307-b125-3e9d7d28ce36,Connecting an account,0d194a4d-d39e-4bef-90d0-7735fe02a329,Mesh,c70a8fcb-1742-4c5c-b63e-3aae2ce6dad0,1,2,16a42dc4-e608-478d-9e3c-9394c187729b,false,downloadableSrc,200,image/webp,67832,67832,9ec4ca9b9ae01089102c7bc0e4687e6a1dc75f46a6889b3222762ee875976227,1179,2676,,,bytescale.mobbin.com,f7a1807c1ac98ccf0eecf5078d61346ac9a94ca37a547f5708d580528c9e55c0,/Users/user/mobbin-sides/screen-flows/mesh/002-mesh-connecting-an-account-b986a687-c9d0-4307-b125-3e9d7d28ce36/002-16a42dc4-e608-478d-9e3c-9394c187729b-downloadableSrc-9ec4ca9b9ae0.webp
b986a687-c9d0-4307-b125-3e9d7d28ce36,Connecting an account,0d194a4d-d39e-4bef-90d0-7735fe02a329,Mesh,c70a8fcb-1742-4c5c-b63e-3aae2ce6dad0,2,3,c7c16e8d-7476-4b13-aad0-62489a74ba97,false,downloadableSrc,200,image/webp,70034,70034,20e7584be4d6365e6fbdf30bd98eb80dcb1b69e6b0da19a2b5032d635f00cfc7,1179,2676,,,bytescale.mobbin.com,f7a1807c1ac98ccf0eecf5078d61346ac9a94ca37a547f5708d580528c9e55c0,/Users/user/mobbin-sides/screen-flows/mesh/002-mesh-connecting-an-account-b986a687-c9d0-4307-b125-3e9d7d28ce36/003-c7c16e8d-7476-4b13-aad0-62489a74ba97-downloadableSrc-20e7584be4d6.webp
6b7e5469-515f-4895-83ce-58d5e0be1df8,Creating a profile,0d194a4d-d39e-4bef-90d0-7735fe02a329,Mesh,c70a8fcb-1742-4c5c-b63e-3aae2ce6dad0,0,1,e8592aa9-fc69-453e-a7f1-f51edfb2a9db,false,downloadableSrc,200,image/webp,70876,70876,7628f871961d63b811215ba170521db206e244f9378aea59cb7b8137031a7d4f,1179,2676,,,bytescale.mobbin.com,f7a1807c1ac98ccf0eecf5078d61346ac9a94ca37a547f5708d580528c9e55c0,/Users/user/mobbin-sides/screen-flows/mesh/003-mesh-creating-a-profile-6b7e5469-515f-4895-83ce-58d5e0be1df8/001-e8592aa9-fc69-453e-a7f1-f51edfb2a9db-downloadableSrc-7628f871961d.webp
6b7e5469-515f-4895-83ce-58d5e0be1df8,Creating a profile,0d194a4d-d39e-4bef-90d0-7735fe02a329,Mesh,c70a8fcb-1742-4c5c-b63e-3aae2ce6dad0,1,2,e5742c2b-1a1d-4182-899f-08e48da68991,false,downloadableSrc,200,image/webp,71518,71518,9229f35859dab969ecf2a8440c0f3192239e728125f38088d177ec5b776b1974,1179,2676,,,bytescale.mobbin.com,f7a1807c1ac98ccf0eecf5078d61346ac9a94ca37a547f5708d580528c9e55c0,/Users/user/mobbin-sides/screen-flows/mesh/003-mesh-creating-a-profile-6b7e5469-515f-4895-83ce-58d5e0be1df8/002-e5742c2b-1a1d-4182-899f-08e48da68991-downloadableSrc-9229f35859da.webp
6b7e5469-515f-4895-83ce-58d5e0be1df8,Creating a profile,0d194a4d-d39e-4bef-90d0-7735fe02a329,Mesh,c70a8fcb-1742-4c5c-b63e-3aae2ce6dad0,2,3,78a88f77-39cb-4ee2-ac55-47732e84676c,false,downloadableSrc,200,image/webp,32604,32604,eacab4f7a562a3c4e841c619dc60ddbabf30bd25d2a4c5991b8a1327d18890e2,1179,2676,,,bytescale.mobbin.com,f7a1807c1ac98ccf0eecf5078d61346ac9a94ca37a547f5708d580528c9e55c0,/Users/user/mobbin-sides/screen-flows/mesh/003-mesh-creating-a-profile-6b7e5469-515f-4895-83ce-58d5e0be1df8/003-78a88f77-39cb-4ee2-ac55-47732e84676c-downloadableSrc-eacab4f7a562.webp
6b7e5469-515f-4895-83ce-58d5e0be1df8,Creating a profile,0d194a4d-d39e-4bef-90d0-7735fe02a329,Mesh,c70a8fcb-1742-4c5c-b63e-3aae2ce6dad0,3,4,d9c8cf2d-e993-4aa5-af6b-0ce891641eb5,false,downloadableSrc,200,image/webp,75524,75524,6791c0700ead017d19eaada524bfd2b3aec5ca80ac0d15a92fd76ea35ca92168,1179,2676,,,bytescale.mobbin.com,f7a1807c1ac98ccf0eecf5078d61346ac9a94ca37a547f5708d580528c9e55c0,/Users/user/mobbin-sides/screen-flows/mesh/003-mesh-creating-a-profile-6b7e5469-515f-4895-83ce-58d5e0be1df8/004-d9c8cf2d-e993-4aa5-af6b-0ce891641eb5-downloadableSrc-6791c0700ead.webp
6b7e5469-515f-4895-83ce-58d5e0be1df8,Creating a profile,0d194a4d-d39e-4bef-90d0-7735fe02a329,Mesh,c70a8fcb-1742-4c5c-b63e-3aae2ce6dad0,4,5,970a8760-ee38-4397-a1d2-76b8613a9f93,false,downloadableSrc,200,image/webp,79322,79322,94cccc20047fde41fbacae05daff2042c90dc73aa128f42cfb4ad3b32a2d01e9,1179,2676,,,bytescale.mobbin.com,f7a1807c1ac98ccf0eecf5078d61346ac9a94ca37a547f5708d580528c9e55c0,/Users/user/mobbin-sides/screen-flows/mesh/003-mesh-creating-a-profile-6b7e5469-515f-4895-83ce-58d5e0be1df8/005-970a8760-ee38-4397-a1d2-76b8613a9f93-downloadableSrc-94cccc20047f.webp
8b08bfe0-f5c6-4320-9660-9e6d1b4f5eb3,Browsing tutorial,0d194a4d-d39e-4bef-90d0-7735fe02a329,Mesh,c70a8fcb-1742-4c5c-b63e-3aae2ce6dad0,0,1,caa68f50-c536-45b5-87eb-5bf296ab5488,false,downloadableSrc,200,image/webp,62776,62776,33a00dab8070b5c9f780726686353054ac4d234e55d4ef456394c884cedde70a,1179,2676,,,bytescale.mobbin.com,f7a1807c1ac98ccf0eecf5078d61346ac9a94ca37a547f5708d580528c9e55c0,/Users/user/mobbin-sides/screen-flows/mesh/004-mesh-browsing-tutorial-8b08bfe0-f5c6-4320-9660-9e6d1b4f5eb3/001-caa68f50-c536-45b5-87eb-5bf296ab5488-downloadableSrc-33a00dab8070.webp
8b08bfe0-f5c6-4320-9660-9e6d1b4f5eb3,Browsing tutorial,0d194a4d-d39e-4bef-90d0-7735fe02a329,Mesh,c70a8fcb-1742-4c5c-b63e-3aae2ce6dad0,1,2,eddbcaf5-e84e-49c2-9a17-ea528204eb81,false,downloadableSrc,200,image/webp,45292,45292,6732d53f22d7d20d591625b5882c8aa8c0c60fec4a599774d65825e16395bbb4,1179,2676,,,bytescale.mobbin.com,f7a1807c1ac98ccf0eecf5078d61346ac9a94ca37a547f5708d580528c9e55c0,/Users/user/mobbin-sides/screen-flows/mesh/004-mesh-browsing-tutorial-8b08bfe0-f5c6-4320-9660-9e6d1b4f5eb3/002-eddbcaf5-e84e-49c2-9a17-ea528204eb81-downloadableSrc-6732d53f22d7.webp
8b08bfe0-f5c6-4320-9660-9e6d1b4f5eb3,Browsing tutorial,0d194a4d-d39e-4bef-90d0-7735fe02a329,Mesh,c70a8fcb-1742-4c5c-b63e-3aae2ce6dad0,2,3,059d1b41-a0bc-42e3-9f14-b9e1f8ea41fc,false,downloadableSrc,200,image/webp,54490,54490,54ea28dfef5d0ce3406ba8e324f44eb1ac6dbc746a6b47d07d2ce6cff3629499,1179,2676,,,bytescale.mobbin.com,f7a1807c1ac98ccf0eecf5078d61346ac9a94ca37a547f5708d580528c9e55c0,/Users/user/mobbin-sides/screen-flows/mesh/004-mesh-browsing-tutorial-8b08bfe0-f5c6-4320-9660-9e6d1b4f5eb3/003-059d1b41-a0bc-42e3-9f14-b9e1f8ea41fc-downloadableSrc-54ea28dfef5d.webp
8b08bfe0-f5c6-4320-9660-9e6d1b4f5eb3,Browsing tutorial,0d194a4d-d39e-4bef-90d0-7735fe02a329,Mesh,c70a8fcb-1742-4c5c-b63e-3aae2ce6dad0,3,4,4f4110cf-181d-46d3-8904-765f13642478,false,downloadableSrc,200,image/webp,96220,96220,8c584394b6d015f2be7bed5ae9ddc8b45889c62f2610712529bcbbb84f32060e,1179,2676,,,bytescale.mobbin.com,f7a1807c1ac98ccf0eecf5078d61346ac9a94ca37a547f5708d580528c9e55c0,/Users/user/mobbin-sides/screen-flows/mesh/004-mesh-browsing-tutorial-8b08bfe0-f5c6-4320-9660-9e6d1b4f5eb3/004-4f4110cf-181d-46d3-8904-765f13642478-downloadableSrc-8c584394b6d0.webp
e64664c4-0c30-45e8-89cc-ceeb7b6880e9,Scanning a card,0d194a4d-d39e-4bef-90d0-7735fe02a329,Mesh,c70a8fcb-1742-4c5c-b63e-3aae2ce6dad0,0,1,4f4110cf-181d-46d3-8904-765f13642478,false,downloadableSrc,200,image/webp,96220,96220,8c584394b6d015f2be7bed5ae9ddc8b45889c62f2610712529bcbbb84f32060e,1179,2676,,,bytescale.mobbin.com,f7a1807c1ac98ccf0eecf5078d61346ac9a94ca37a547f5708d580528c9e55c0,/Users/user/mobbin-sides/screen-flows/mesh/005-mesh-scanning-a-card-e64664c4-0c30-45e8-89cc-ceeb7b6880e9/001-4f4110cf-181d-46d3-8904-765f13642478-downloadableSrc-8c584394b6d0.webp
e64664c4-0c30-45e8-89cc-ceeb7b6880e9,Scanning a card,0d194a4d-d39e-4bef-90d0-7735fe02a329,Mesh,c70a8fcb-1742-4c5c-b63e-3aae2ce6dad0,1,2,fa8e19ff-140a-44f5-9153-ebe8a23b0d4e,false,downloadableSrc,200,image/webp,64664,64664,eacd080ea8caa91a79f30ce922baccb84c179794b6d5e5d36ecc44ebe4365cc2,1179,2676,,,bytescale.mobbin.com,f7a1807c1ac98ccf0eecf5078d61346ac9a94ca37a547f5708d580528c9e55c0,/Users/user/mobbin-sides/screen-flows/mesh/005-mesh-scanning-a-card-e64664c4-0c30-45e8-89cc-ceeb7b6880e9/002-fa8e19ff-140a-44f5-9153-ebe8a23b0d4e-downloadableSrc-eacd080ea8ca.webp
e64664c4-0c30-45e8-89cc-ceeb7b6880e9,Scanning a card,0d194a4d-d39e-4bef-90d0-7735fe02a329,Mesh,c70a8fcb-1742-4c5c-b63e-3aae2ce6dad0,2,3,e436e2cd-382e-4e50-84ea-7a9eceb519c1,false,downloadableSrc,200,image/webp,27646,27646,ec49687db8f54de74a8a43c44b6d100d04f819c683184a8c3a170eb7dced91a3,1179,2676,,,bytescale.mobbin.com,f7a1807c1ac98ccf0eecf5078d61346ac9a94ca37a547f5708d580528c9e55c0,/Users/user/mobbin-sides/screen-flows/mesh/005-mesh-scanning-a-card-e64664c4-0c30-45e8-89cc-ceeb7b6880e9/003-e436e2cd-382e-4e50-84ea-7a9eceb519c1-downloadableSrc-ec49687db8f5.webp
e64664c4-0c30-45e8-89cc-ceeb7b6880e9,Scanning a card,0d194a4d-d39e-4bef-90d0-7735fe02a329,Mesh,c70a8fcb-1742-4c5c-b63e-3aae2ce6dad0,3,4,ce93dfd5-f1c8-4505-aee4-3768a6096059,false,downloadableSrc,200,image/webp,25766,25766,e39c309fcb64e3d447378b54004a62388c16a188d36b1c3bfb111bfe1a3cfaaf,1179,2676,,,bytescale.mobbin.com,f7a1807c1ac98ccf0eecf5078d61346ac9a94ca37a547f5708d580528c9e55c0,/Users/user/mobbin-sides/screen-flows/mesh/005-mesh-scanning-a-card-e64664c4-0c30-45e8-89cc-ceeb7b6880e9/004-ce93dfd5-f1c8-4505-aee4-3768a6096059-downloadableSrc-e39c309fcb64.webp
e64664c4-0c30-45e8-89cc-ceeb7b6880e9,Scanning a card,0d194a4d-d39e-4bef-90d0-7735fe02a329,Mesh,c70a8fcb-1742-4c5c-b63e-3aae2ce6dad0,4,5,3d8f210a-e4ec-45b7-8a83-3d3f3167319b,false,downloadableSrc,200,image/webp,27056,27056,852d8b479d5ddec79187cbd85287bcc730cc3dfb41e2963825d2e0a62c75ebf8,1179,2676,,,bytescale.mobbin.com,f7a1807c1ac98ccf0eecf5078d61346ac9a94ca37a547f5708d580528c9e55c0,/Users/user/mobbin-sides/screen-flows/mesh/005-mesh-scanning-a-card-e64664c4-0c30-45e8-89cc-ceeb7b6880e9/005-3d8f210a-e4ec-45b7-8a83-3d3f3167319b-downloadableSrc-852d8b479d5d.webp
e64664c4-0c30-45e8-89cc-ceeb7b6880e9,Scanning a card,0d194a4d-d39e-4bef-90d0-7735fe02a329,Mesh,c70a8fcb-1742-4c5c-b63e-3aae2ce6dad0,5,6,00d53ffa-afed-4883-8880-895d6c9b55bd,false,downloadableSrc,200,image/webp,26898,26898,cd1aafb17d19815b95c77155447b7f9cf9fd0ae60b699613f0a86d93047732eb,1179,2676,,,bytescale.mobbin.com,f7a1807c1ac98ccf0eecf5078d61346ac9a94ca37a547f5708d580528c9e55c0,/Users/user/mobbin-sides/screen-flows/mesh/005-mesh-scanning-a-card-e64664c4-0c30-45e8-89cc-ceeb7b6880e9/006-00d53ffa-afed-4883-8880-895d6c9b55bd-downloadableSrc-cd1aafb17d19.webp
e64664c4-0c30-45e8-89cc-ceeb7b6880e9,Scanning a card,0d194a4d-d39e-4bef-90d0-7735fe02a329,Mesh,c70a8fcb-1742-4c5c-b63e-3aae2ce6dad0,6,7,b6b61a4e-26f5-4ea3-af1e-cd2a1c60fcd6,false,downloadableSrc,200,image/webp,35118,35118,8ba8ae04d88036fa38ec103f21ebd839c183a54ccfd8046ac8bca144834542cd,1179,2676,,,bytescale.mobbin.com,f7a1807c1ac98ccf0eecf5078d61346ac9a94ca37a547f5708d580528c9e55c0,/Users/user/mobbin-sides/screen-flows/mesh/005-mesh-scanning-a-card-e64664c4-0c30-45e8-89cc-ceeb7b6880e9/007-b6b61a4e-26f5-4ea3-af1e-cd2a1c60fcd6-downloadableSrc-8ba8ae04d880.webp
83bacceb-405b-47c7-81a8-403b481ed380,Adding a contact,0d194a4d-d39e-4bef-90d0-7735fe02a329,Mesh,c70a8fcb-1742-4c5c-b63e-3aae2ce6dad0,0,1,fa8e19ff-140a-44f5-9153-ebe8a23b0d4e,false,downloadableSrc,200,image/webp,64664,64664,eacd080ea8caa91a79f30ce922baccb84c179794b6d5e5d36ecc44ebe4365cc2,1179,2676,,,bytescale.mobbin.com,f7a1807c1ac98ccf0eecf5078d61346ac9a94ca37a547f5708d580528c9e55c0,/Users/user/mobbin-sides/screen-flows/mesh/006-mesh-adding-a-contact-83bacceb-405b-47c7-81a8-403b481ed380/001-fa8e19ff-140a-44f5-9153-ebe8a23b0d4e-downloadableSrc-eacd080ea8ca.webp
83bacceb-405b-47c7-81a8-403b481ed380,Adding a contact,0d194a4d-d39e-4bef-90d0-7735fe02a329,Mesh,c70a8fcb-1742-4c5c-b63e-3aae2ce6dad0,1,2,885d211c-33ba-43b4-abfb-2e92d800e6c1,false,downloadableSrc,200,image/webp,27666,27666,4045d9851e1c6716ff22cb9a3f4108ae676effa67b98025b928f1ad6e7147fd7,1179,2676,,,bytescale.mobbin.com,f7a1807c1ac98ccf0eecf5078d61346ac9a94ca37a547f5708d580528c9e55c0,/Users/user/mobbin-sides/screen-flows/mesh/006-mesh-adding-a-contact-83bacceb-405b-47c7-81a8-403b481ed380/002-885d211c-33ba-43b4-abfb-2e92d800e6c1-downloadableSrc-4045d9851e1c.webp
83bacceb-405b-47c7-81a8-403b481ed380,Adding a contact,0d194a4d-d39e-4bef-90d0-7735fe02a329,Mesh,c70a8fcb-1742-4c5c-b63e-3aae2ce6dad0,2,3,9a099900-4561-480b-89d0-6dea0e35afcf,false,downloadableSrc,200,image/webp,32920,32920,44451c3b4a841b32685574234fcb8c0d9326d6d17d70ed9ee1ab4b4a94383b6e,1179,2676,,,bytescale.mobbin.com,f7a1807c1ac98ccf0eecf5078d61346ac9a94ca37a547f5708d580528c9e55c0,/Users/user/mobbin-sides/screen-flows/mesh/006-mesh-adding-a-contact-83bacceb-405b-47c7-81a8-403b481ed380/003-9a099900-4561-480b-89d0-6dea0e35afcf-downloadableSrc-44451c3b4a84.webp
83bacceb-405b-47c7-81a8-403b481ed380,Adding a contact,0d194a4d-d39e-4bef-90d0-7735fe02a329,Mesh,c70a8fcb-1742-4c5c-b63e-3aae2ce6dad0,3,4,0d142d0d-b7d1-4af6-9742-5d1acd7c162f,false,downloadableSrc,200,image/webp,37374,37374,1bb99198df4c645e148220ccecbc7c5344cd2ff32deebb585bd61b4fa5227207,1179,2676,,,bytescale.mobbin.com,f7a1807c1ac98ccf0eecf5078d61346ac9a94ca37a547f5708d580528c9e55c0,/Users/user/mobbin-sides/screen-flows/mesh/006-mesh-adding-a-contact-83bacceb-405b-47c7-81a8-403b481ed380/004-0d142d0d-b7d1-4af6-9742-5d1acd7c162f-downloadableSrc-1bb99198df4c.webp
83bacceb-405b-47c7-81a8-403b481ed380,Adding a contact,0d194a4d-d39e-4bef-90d0-7735fe02a329,Mesh,c70a8fcb-1742-4c5c-b63e-3aae2ce6dad0,4,5,35f16dab-524e-4ba3-a73f-69f738897629,false,downloadableSrc,200,image/webp,38138,38138,7d3018dfab07136d6248a7a12f35de29bec509797b5d03a7dadacbaa07ce97ef,1179,2676,,,bytescale.mobbin.com,f7a1807c1ac98ccf0eecf5078d61346ac9a94ca37a547f5708d580528c9e55c0,/Users/user/mobbin-sides/screen-flows/mesh/006-mesh-adding-a-contact-83bacceb-405b-47c7-81a8-403b481ed380/005-35f16dab-524e-4ba3-a73f-69f738897629-downloadableSrc-7d3018dfab07.webp
83bacceb-405b-47c7-81a8-403b481ed380,Adding a contact,0d194a4d-d39e-4bef-90d0-7735fe02a329,Mesh,c70a8fcb-1742-4c5c-b63e-3aae2ce6dad0,5,6,862c03ab-7345-42cf-91f9-5a509cf9df28,false,downloadableSrc,200,image/webp,41944,41944,dcd749117272db47a434e25a90935ee08b55b2f71d33c7e80cf2323c78e710ee,1179,2676,,,bytescale.mobbin.com,f7a1807c1ac98ccf0eecf5078d61346ac9a94ca37a547f5708d580528c9e55c0,/Users/user/mobbin-sides/screen-flows/mesh/006-mesh-adding-a-contact-83bacceb-405b-47c7-81a8-403b481ed380/006-862c03ab-7345-42cf-91f9-5a509cf9df28-downloadableSrc-dcd749117272.webp
83bacceb-405b-47c7-81a8-403b481ed380,Adding a contact,0d194a4d-d39e-4bef-90d0-7735fe02a329,Mesh,c70a8fcb-1742-4c5c-b63e-3aae2ce6dad0,6,7,e4724185-cf08-48d6-8b1d-fecbd7fdb6e3,false,downloadableSrc,200,image/webp,84006,84006,cec6c6cc363f14ad020f55269b958481548ff88f6196f656d8a7b9c81c3e6930,1179,2676,,,bytescale.mobbin.com,f7a1807c1ac98ccf0eecf5078d61346ac9a94ca37a547f5708d580528c9e55c0,/Users/user/mobbin-sides/screen-flows/mesh/006-mesh-adding-a-contact-83bacceb-405b-47c7-81a8-403b481ed380/007-e4724185-cf08-48d6-8b1d-fecbd7fdb6e3-downloadableSrc-cec6c6cc363f.webp
eea9c2ec-dde6-4b42-bdfc-11a99d50874a,Chatting with Nexus,0d194a4d-d39e-4bef-90d0-7735fe02a329,Mesh,c70a8fcb-1742-4c5c-b63e-3aae2ce6dad0,0,1,fa8e19ff-140a-44f5-9153-ebe8a23b0d4e,false,downloadableSrc,200,image/webp,64664,64664,eacd080ea8caa91a79f30ce922baccb84c179794b6d5e5d36ecc44ebe4365cc2,1179,2676,,,bytescale.mobbin.com,f7a1807c1ac98ccf0eecf5078d61346ac9a94ca37a547f5708d580528c9e55c0,/Users/user/mobbin-sides/screen-flows/mesh/007-mesh-chatting-with-nexus-eea9c2ec-dde6-4b42-bdfc-11a99d50874a/001-fa8e19ff-140a-44f5-9153-ebe8a23b0d4e-downloadableSrc-eacd080ea8ca.webp
eea9c2ec-dde6-4b42-bdfc-11a99d50874a,Chatting with Nexus,0d194a4d-d39e-4bef-90d0-7735fe02a329,Mesh,c70a8fcb-1742-4c5c-b63e-3aae2ce6dad0,1,2,2271b532-63bb-4b33-97a8-09e90ea8222d,false,downloadableSrc,200,image/webp,30610,30610,7b1cf0c2f92261eabae7945dd5f0671a50c86b62cf90c448ba5269dddbabde67,1179,2676,,,bytescale.mobbin.com,f7a1807c1ac98ccf0eecf5078d61346ac9a94ca37a547f5708d580528c9e55c0,/Users/user/mobbin-sides/screen-flows/mesh/007-mesh-chatting-with-nexus-eea9c2ec-dde6-4b42-bdfc-11a99d50874a/002-2271b532-63bb-4b33-97a8-09e90ea8222d-downloadableSrc-7b1cf0c2f922.webp
eea9c2ec-dde6-4b42-bdfc-11a99d50874a,Chatting with Nexus,0d194a4d-d39e-4bef-90d0-7735fe02a329,Mesh,c70a8fcb-1742-4c5c-b63e-3aae2ce6dad0,2,3,701be442-99be-467d-bd6d-21cf9618df57,false,downloadableSrc,200,image/webp,60664,60664,c2466e45b5f6613f6a78476ee2773264be7839ba0425f1eba3b04f40ac73e267,1179,2676,,,bytescale.mobbin.com,f7a1807c1ac98ccf0eecf5078d61346ac9a94ca37a547f5708d580528c9e55c0,/Users/user/mobbin-sides/screen-flows/mesh/007-mesh-chatting-with-nexus-eea9c2ec-dde6-4b42-bdfc-11a99d50874a/003-701be442-99be-467d-bd6d-21cf9618df57-downloadableSrc-c2466e45b5f6.webp
eea9c2ec-dde6-4b42-bdfc-11a99d50874a,Chatting with Nexus,0d194a4d-d39e-4bef-90d0-7735fe02a329,Mesh,c70a8fcb-1742-4c5c-b63e-3aae2ce6dad0,3,4,1cb80a8d-a3a2-48ce-bdb3-bbaa25276689,false,downloadableSrc,200,image/webp,36942,36942,408112f96aa56ea6d3f5661a04457d67c50534e241292bc83df27b81ba442f82,1179,2676,,,bytescale.mobbin.com,f7a1807c1ac98ccf0eecf5078d61346ac9a94ca37a547f5708d580528c9e55c0,/Users/user/mobbin-sides/screen-flows/mesh/007-mesh-chatting-with-nexus-eea9c2ec-dde6-4b42-bdfc-11a99d50874a/004-1cb80a8d-a3a2-48ce-bdb3-bbaa25276689-downloadableSrc-408112f96aa5.webp
eea9c2ec-dde6-4b42-bdfc-11a99d50874a,Chatting with Nexus,0d194a4d-d39e-4bef-90d0-7735fe02a329,Mesh,c70a8fcb-1742-4c5c-b63e-3aae2ce6dad0,4,5,8231be91-20c7-4e2c-923c-2822404a4455,false,downloadableSrc,200,image/webp,122808,122808,24a591c9f31c1c95033c25bc483ae2523855e993a8ef4a7891b43369249e8cab,1179,2676,,,bytescale.mobbin.com,f7a1807c1ac98ccf0eecf5078d61346ac9a94ca37a547f5708d580528c9e55c0,/Users/user/mobbin-sides/screen-flows/mesh/007-mesh-chatting-with-nexus-eea9c2ec-dde6-4b42-bdfc-11a99d50874a/005-8231be91-20c7-4e2c-923c-2822404a4455-downloadableSrc-24a591c9f31c.webp
c1f46671-b896-4aa6-9c43-f431e3c790c6,Searching a contact,0d194a4d-d39e-4bef-90d0-7735fe02a329,Mesh,c70a8fcb-1742-4c5c-b63e-3aae2ce6dad0,0,1,2271b532-63bb-4b33-97a8-09e90ea8222d,false,downloadableSrc,200,image/webp,30610,30610,7b1cf0c2f92261eabae7945dd5f0671a50c86b62cf90c448ba5269dddbabde67,1179,2676,,,bytescale.mobbin.com,f7a1807c1ac98ccf0eecf5078d61346ac9a94ca37a547f5708d580528c9e55c0,/Users/user/mobbin-sides/screen-flows/mesh/008-mesh-searching-a-contact-c1f46671-b896-4aa6-9c43-f431e3c790c6/001-2271b532-63bb-4b33-97a8-09e90ea8222d-downloadableSrc-7b1cf0c2f922.webp
c1f46671-b896-4aa6-9c43-f431e3c790c6,Searching a contact,0d194a4d-d39e-4bef-90d0-7735fe02a329,Mesh,c70a8fcb-1742-4c5c-b63e-3aae2ce6dad0,1,2,1ab4b64a-07ff-4882-8fe7-95ddc6bcf439,false,downloadableSrc,200,image/webp,31690,31690,74f6fced451e2d9e47cebcd2644e8bffea28a97251888eeb8a8cc826a6a01b01,1179,2676,,,bytescale.mobbin.com,f7a1807c1ac98ccf0eecf5078d61346ac9a94ca37a547f5708d580528c9e55c0,/Users/user/mobbin-sides/screen-flows/mesh/008-mesh-searching-a-contact-c1f46671-b896-4aa6-9c43-f431e3c790c6/002-1ab4b64a-07ff-4882-8fe7-95ddc6bcf439-downloadableSrc-74f6fced451e.webp
88be2f0a-6a7a-49c8-a280-875515836cb2,Chat history,0d194a4d-d39e-4bef-90d0-7735fe02a329,Mesh,c70a8fcb-1742-4c5c-b63e-3aae2ce6dad0,0,1,8231be91-20c7-4e2c-923c-2822404a4455,false,downloadableSrc,200,image/webp,122808,122808,24a591c9f31c1c95033c25bc483ae2523855e993a8ef4a7891b43369249e8cab,1179,2676,,,bytescale.mobbin.com,f7a1807c1ac98ccf0eecf5078d61346ac9a94ca37a547f5708d580528c9e55c0,/Users/user/mobbin-sides/screen-flows/mesh/009-mesh-chat-history-88be2f0a-6a7a-49c8-a280-875515836cb2/001-8231be91-20c7-4e2c-923c-2822404a4455-downloadableSrc-24a591c9f31c.webp
88be2f0a-6a7a-49c8-a280-875515836cb2,Chat history,0d194a4d-d39e-4bef-90d0-7735fe02a329,Mesh,c70a8fcb-1742-4c5c-b63e-3aae2ce6dad0,1,2,2b7ecf5e-c4f5-4894-8bb1-dd2d1314625b,false,downloadableSrc,200,image/webp,137906,137906,5ecb09fde321a557a64727bce817c4a85ce58ad3b486c4bac541b78a077c2c4e,1179,2676,,,bytescale.mobbin.com,f7a1807c1ac98ccf0eecf5078d61346ac9a94ca37a547f5708d580528c9e55c0,/Users/user/mobbin-sides/screen-flows/mesh/009-mesh-chat-history-88be2f0a-6a7a-49c8-a280-875515836cb2/002-2b7ecf5e-c4f5-4894-8bb1-dd2d1314625b-downloadableSrc-5ecb09fde321.webp
88be2f0a-6a7a-49c8-a280-875515836cb2,Chat history,0d194a4d-d39e-4bef-90d0-7735fe02a329,Mesh,c70a8fcb-1742-4c5c-b63e-3aae2ce6dad0,2,3,edaff5d2-6478-4034-bdd0-07fe42a2e14f,false,downloadableSrc,200,image/webp,38266,38266,91329010c52305b0086246c4a56b9f634e4451564c8745c1f31793510507aafe,1179,2676,,,bytescale.mobbin.com,f7a1807c1ac98ccf0eecf5078d61346ac9a94ca37a547f5708d580528c9e55c0,/Users/user/mobbin-sides/screen-flows/mesh/009-mesh-chat-history-88be2f0a-6a7a-49c8-a280-875515836cb2/003-edaff5d2-6478-4034-bdd0-07fe42a2e14f-downloadableSrc-91329010c523.webp
223e3ba8-f793-423b-be93-e6a6bf391f56,Deleting chat history,0d194a4d-d39e-4bef-90d0-7735fe02a329,Mesh,c70a8fcb-1742-4c5c-b63e-3aae2ce6dad0,0,1,edaff5d2-6478-4034-bdd0-07fe42a2e14f,false,downloadableSrc,200,image/webp,38266,38266,91329010c52305b0086246c4a56b9f634e4451564c8745c1f31793510507aafe,1179,2676,,,bytescale.mobbin.com,f7a1807c1ac98ccf0eecf5078d61346ac9a94ca37a547f5708d580528c9e55c0,/Users/user/mobbin-sides/screen-flows/mesh/010-mesh-deleting-chat-history-223e3ba8-f793-423b-be93-e6a6bf391f56/001-edaff5d2-6478-4034-bdd0-07fe42a2e14f-downloadableSrc-91329010c523.webp
223e3ba8-f793-423b-be93-e6a6bf391f56,Deleting chat history,0d194a4d-d39e-4bef-90d0-7735fe02a329,Mesh,c70a8fcb-1742-4c5c-b63e-3aae2ce6dad0,1,2,9013ac3c-0cef-4d31-9a97-b5f975262b12,false,downloadableSrc,200,image/webp,38050,38050,e2861831dcaaf4f0acc09229f57a01844c2ee8cad684913163e9a254131687c2,1179,2676,,,bytescale.mobbin.com,f7a1807c1ac98ccf0eecf5078d61346ac9a94ca37a547f5708d580528c9e55c0,/Users/user/mobbin-sides/screen-flows/mesh/010-mesh-deleting-chat-history-223e3ba8-f793-423b-be93-e6a6bf391f56/002-9013ac3c-0cef-4d31-9a97-b5f975262b12-downloadableSrc-e2861831dcaa.webp
223e3ba8-f793-423b-be93-e6a6bf391f56,Deleting chat history,0d194a4d-d39e-4bef-90d0-7735fe02a329,Mesh,c70a8fcb-1742-4c5c-b63e-3aae2ce6dad0,2,3,c818c95f-f7bf-4528-98db-5074a26ac74d,false,downloadableSrc,200,image/webp,33200,33200,37478947861b98a80e2643786201e755f89aa82cee9555dc79b39f6926e29ed2,1179,2676,,,bytescale.mobbin.com,f7a1807c1ac98ccf0eecf5078d61346ac9a94ca37a547f5708d580528c9e55c0,/Users/user/mobbin-sides/screen-flows/mesh/010-mesh-deleting-chat-history-223e3ba8-f793-423b-be93-e6a6bf391f56/003-c818c95f-f7bf-4528-98db-5074a26ac74d-downloadableSrc-37478947861b.webp
d93a5a20-0a5d-4595-a859-42c279e1eb13,Home,0d194a4d-d39e-4bef-90d0-7735fe02a329,Mesh,c70a8fcb-1742-4c5c-b63e-3aae2ce6dad0,0,1,4f4110cf-181d-46d3-8904-765f13642478,false,downloadableSrc,200,image/webp,96220,96220,8c584394b6d015f2be7bed5ae9ddc8b45889c62f2610712529bcbbb84f32060e,1179,2676,,,bytescale.mobbin.com,f7a1807c1ac98ccf0eecf5078d61346ac9a94ca37a547f5708d580528c9e55c0,/Users/user/mobbin-sides/screen-flows/mesh/011-mesh-home-d93a5a20-0a5d-4595-a859-42c279e1eb13/001-4f4110cf-181d-46d3-8904-765f13642478-downloadableSrc-8c584394b6d0.webp
d93a5a20-0a5d-4595-a859-42c279e1eb13,Home,0d194a4d-d39e-4bef-90d0-7735fe02a329,Mesh,c70a8fcb-1742-4c5c-b63e-3aae2ce6dad0,1,2,7dc15a43-7065-4397-be46-c9f7f1faf073,false,downloadableSrc,200,image/webp,76532,76532,aefccdb2dfcbbbac91b34be1d46311100eeb0ae4040314afc0a5e175d1a8f742,1179,2676,,,bytescale.mobbin.com,f7a1807c1ac98ccf0eecf5078d61346ac9a94ca37a547f5708d580528c9e55c0,/Users/user/mobbin-sides/screen-flows/mesh/011-mesh-home-d93a5a20-0a5d-4595-a859-42c279e1eb13/002-7dc15a43-7065-4397-be46-c9f7f1faf073-downloadableSrc-aefccdb2dfcb.webp
d93a5a20-0a5d-4595-a859-42c279e1eb13,Home,0d194a4d-d39e-4bef-90d0-7735fe02a329,Mesh,c70a8fcb-1742-4c5c-b63e-3aae2ce6dad0,2,3,2bb670f3-8d14-4ed6-bfe0-90d57d6207ca,false,downloadableSrc,200,image/webp,116820,116820,2a5f4c958847143e9b44bf0856a4d9d30d6e4711fcc34156f8299ec71f835ead,1179,2676,,,bytescale.mobbin.com,f7a1807c1ac98ccf0eecf5078d61346ac9a94ca37a547f5708d580528c9e55c0,/Users/user/mobbin-sides/screen-flows/mesh/011-mesh-home-d93a5a20-0a5d-4595-a859-42c279e1eb13/003-2bb670f3-8d14-4ed6-bfe0-90d57d6207ca-downloadableSrc-2a5f4c958847.webp
d93a5a20-0a5d-4595-a859-42c279e1eb13,Home,0d194a4d-d39e-4bef-90d0-7735fe02a329,Mesh,c70a8fcb-1742-4c5c-b63e-3aae2ce6dad0,3,4,15ac3753-c662-4a41-bc90-7abb36186192,false,downloadableSrc,200,image/webp,116360,116360,49cd18903ad0b1ece3777313da98c7c023c2864a0b8d95b83f5775aeadee2a5f,1179,2676,,,bytescale.mobbin.com,f7a1807c1ac98ccf0eecf5078d61346ac9a94ca37a547f5708d580528c9e55c0,/Users/user/mobbin-sides/screen-flows/mesh/011-mesh-home-d93a5a20-0a5d-4595-a859-42c279e1eb13/004-15ac3753-c662-4a41-bc90-7abb36186192-downloadableSrc-49cd18903ad0.webp
166db564-4eb9-48f6-8d57-635e5074e9b3,Upcoming events,0d194a4d-d39e-4bef-90d0-7735fe02a329,Mesh,c70a8fcb-1742-4c5c-b63e-3aae2ce6dad0,0,1,7dc15a43-7065-4397-be46-c9f7f1faf073,false,downloadableSrc,200,image/webp,76532,76532,aefccdb2dfcbbbac91b34be1d46311100eeb0ae4040314afc0a5e175d1a8f742,1179,2676,,,bytescale.mobbin.com,f7a1807c1ac98ccf0eecf5078d61346ac9a94ca37a547f5708d580528c9e55c0,/Users/user/mobbin-sides/screen-flows/mesh/012-mesh-upcoming-events-166db564-4eb9-48f6-8d57-635e5074e9b3/001-7dc15a43-7065-4397-be46-c9f7f1faf073-downloadableSrc-aefccdb2dfcb.webp
166db564-4eb9-48f6-8d57-635e5074e9b3,Upcoming events,0d194a4d-d39e-4bef-90d0-7735fe02a329,Mesh,c70a8fcb-1742-4c5c-b63e-3aae2ce6dad0,1,2,cd90ba9a-a483-4f91-af85-1a61afcc3df1,false,downloadableSrc,200,image/webp,44354,44354,63a99c47ac131785cf0491a54319dfd6d2cf28602e6b1fee89e2499cb9c67811,1179,2676,,,bytescale.mobbin.com,f7a1807c1ac98ccf0eecf5078d61346ac9a94ca37a547f5708d580528c9e55c0,/Users/user/mobbin-sides/screen-flows/mesh/012-mesh-upcoming-events-166db564-4eb9-48f6-8d57-635e5074e9b3/002-cd90ba9a-a483-4f91-af85-1a61afcc3df1-downloadableSrc-63a99c47ac13.webp
e9b77a77-2a12-45d9-9a1b-9af9c2266f5e,Item detail,0d194a4d-d39e-4bef-90d0-7735fe02a329,Mesh,c70a8fcb-1742-4c5c-b63e-3aae2ce6dad0,0,1,7dc15a43-7065-4397-be46-c9f7f1faf073,false,downloadableSrc,200,image/webp,76532,76532,aefccdb2dfcbbbac91b34be1d46311100eeb0ae4040314afc0a5e175d1a8f742,1179,2676,,,bytescale.mobbin.com,f7a1807c1ac98ccf0eecf5078d61346ac9a94ca37a547f5708d580528c9e55c0,/Users/user/mobbin-sides/screen-flows/mesh/013-mesh-item-detail-e9b77a77-2a12-45d9-9a1b-9af9c2266f5e/001-7dc15a43-7065-4397-be46-c9f7f1faf073-downloadableSrc-aefccdb2dfcb.webp
e9b77a77-2a12-45d9-9a1b-9af9c2266f5e,Item detail,0d194a4d-d39e-4bef-90d0-7735fe02a329,Mesh,c70a8fcb-1742-4c5c-b63e-3aae2ce6dad0,1,2,a1e5bbd9-ad8a-4e3e-bbe2-cc94f690e730,false,downloadableSrc,200,image/webp,33562,33562,088d67ba216cbf954d25cc21f18b56f578d74c7d29d646ce9d5d0e7150454bbb,1179,2676,,,bytescale.mobbin.com,f7a1807c1ac98ccf0eecf5078d61346ac9a94ca37a547f5708d580528c9e55c0,/Users/user/mobbin-sides/screen-flows/mesh/013-mesh-item-detail-e9b77a77-2a12-45d9-9a1b-9af9c2266f5e/002-a1e5bbd9-ad8a-4e3e-bbe2-cc94f690e730-downloadableSrc-088d67ba216c.webp
75939e95-6855-4a24-9fd6-7144bc07a700,Contact profile,0d194a4d-d39e-4bef-90d0-7735fe02a329,Mesh,c70a8fcb-1742-4c5c-b63e-3aae2ce6dad0,0,1,a1e5bbd9-ad8a-4e3e-bbe2-cc94f690e730,false,downloadableSrc,200,image/webp,33562,33562,088d67ba216cbf954d25cc21f18b56f578d74c7d29d646ce9d5d0e7150454bbb,1179,2676,,,bytescale.mobbin.com,f7a1807c1ac98ccf0eecf5078d61346ac9a94ca37a547f5708d580528c9e55c0,/Users/user/mobbin-sides/screen-flows/mesh/014-mesh-contact-profile-75939e95-6855-4a24-9fd6-7144bc07a700/001-a1e5bbd9-ad8a-4e3e-bbe2-cc94f690e730-downloadableSrc-088d67ba216c.webp
75939e95-6855-4a24-9fd6-7144bc07a700,Contact profile,0d194a4d-d39e-4bef-90d0-7735fe02a329,Mesh,c70a8fcb-1742-4c5c-b63e-3aae2ce6dad0,1,2,704aafd7-ad60-4b22-9629-790d900be828,false,downloadableSrc,200,image/webp,71592,71592,fafef800caa1c41d55e68f01c2758580fd84a39f767a424891e0b2afb4bb0d8f,1179,2676,,,bytescale.mobbin.com,f7a1807c1ac98ccf0eecf5078d61346ac9a94ca37a547f5708d580528c9e55c0,/Users/user/mobbin-sides/screen-flows/mesh/014-mesh-contact-profile-75939e95-6855-4a24-9fd6-7144bc07a700/002-704aafd7-ad60-4b22-9629-790d900be828-downloadableSrc-fafef800caa1.webp
75939e95-6855-4a24-9fd6-7144bc07a700,Contact profile,0d194a4d-d39e-4bef-90d0-7735fe02a329,Mesh,c70a8fcb-1742-4c5c-b63e-3aae2ce6dad0,2,3,f5f76d89-8a17-4c04-84ce-e1cbabfa4768,false,downloadableSrc,200,image/webp,71612,71612,e8d475f1a6cd5598d6df8a54382066f7010b71704b7eda3fb3eb4d477efffe4b,1179,2676,,,bytescale.mobbin.com,f7a1807c1ac98ccf0eecf5078d61346ac9a94ca37a547f5708d580528c9e55c0,/Users/user/mobbin-sides/screen-flows/mesh/014-mesh-contact-profile-75939e95-6855-4a24-9fd6-7144bc07a700/003-f5f76d89-8a17-4c04-84ce-e1cbabfa4768-downloadableSrc-e8d475f1a6cd.webp
75939e95-6855-4a24-9fd6-7144bc07a700,Contact profile,0d194a4d-d39e-4bef-90d0-7735fe02a329,Mesh,c70a8fcb-1742-4c5c-b63e-3aae2ce6dad0,3,4,1df49eb4-fb1b-4e04-9bca-aa4f1b6c106f,false,downloadableSrc,200,image/webp,70070,70070,af50086d61de5543fdf2ebd58171399c940f8d070c04157b574cedc71ec48728,1179,2676,,,bytescale.mobbin.com,f7a1807c1ac98ccf0eecf5078d61346ac9a94ca37a547f5708d580528c9e55c0,/Users/user/mobbin-sides/screen-flows/mesh/014-mesh-contact-profile-75939e95-6855-4a24-9fd6-7144bc07a700/004-1df49eb4-fb1b-4e04-9bca-aa4f1b6c106f-downloadableSrc-af50086d61de.webp
75939e95-6855-4a24-9fd6-7144bc07a700,Contact profile,0d194a4d-d39e-4bef-90d0-7735fe02a329,Mesh,c70a8fcb-1742-4c5c-b63e-3aae2ce6dad0,4,5,97297fc4-64c9-4567-a0ee-ec6ef26c3045,false,downloadableSrc,200,image/webp,71922,71922,49ac67cedf999dc56e2d255c8f06ca3d1938c7c778062597a7e77896c46e5382,1179,2676,,,bytescale.mobbin.com,f7a1807c1ac98ccf0eecf5078d61346ac9a94ca37a547f5708d580528c9e55c0,/Users/user/mobbin-sides/screen-flows/mesh/014-mesh-contact-profile-75939e95-6855-4a24-9fd6-7144bc07a700/005-97297fc4-64c9-4567-a0ee-ec6ef26c3045-downloadableSrc-49ac67cedf99.webp
75939e95-6855-4a24-9fd6-7144bc07a700,Contact profile,0d194a4d-d39e-4bef-90d0-7735fe02a329,Mesh,c70a8fcb-1742-4c5c-b63e-3aae2ce6dad0,5,6,ea36964e-42cd-4594-a078-8ee15ba93648,false,downloadableSrc,200,image/webp,68236,68236,4a316fde1b0abf8eaca2a37cc022242ced169e2435083745b43ef0a1e3ef0d6b,1179,2676,,,bytescale.mobbin.com,f7a1807c1ac98ccf0eecf5078d61346ac9a94ca37a547f5708d580528c9e55c0,/Users/user/mobbin-sides/screen-flows/mesh/014-mesh-contact-profile-75939e95-6855-4a24-9fd6-7144bc07a700/006-ea36964e-42cd-4594-a078-8ee15ba93648-downloadableSrc-4a316fde1b0a.webp
96ffca16-a110-4bb1-bc52-93dfd41bbcf1,Adding a note,0d194a4d-d39e-4bef-90d0-7735fe02a329,Mesh,c70a8fcb-1742-4c5c-b63e-3aae2ce6dad0,0,1,704aafd7-ad60-4b22-9629-790d900be828,false,downloadableSrc,200,image/webp,71592,71592,fafef800caa1c41d55e68f01c2758580fd84a39f767a424891e0b2afb4bb0d8f,1179,2676,,,bytescale.mobbin.com,f7a1807c1ac98ccf0eecf5078d61346ac9a94ca37a547f5708d580528c9e55c0,/Users/user/mobbin-sides/screen-flows/mesh/015-mesh-adding-a-note-96ffca16-a110-4bb1-bc52-93dfd41bbcf1/001-704aafd7-ad60-4b22-9629-790d900be828-downloadableSrc-fafef800caa1.webp
96ffca16-a110-4bb1-bc52-93dfd41bbcf1,Adding a note,0d194a4d-d39e-4bef-90d0-7735fe02a329,Mesh,c70a8fcb-1742-4c5c-b63e-3aae2ce6dad0,1,2,ef2f578b-5b6a-44a5-9e5e-d09a74500648,false,downloadableSrc,200,image/webp,49934,49934,b0638f2801e4fc2539abf7a1280b6c7edba01f5bda8d5d8b6d7f880474fb0f84,1179,2676,,,bytescale.mobbin.com,f7a1807c1ac98ccf0eecf5078d61346ac9a94ca37a547f5708d580528c9e55c0,/Users/user/mobbin-sides/screen-flows/mesh/015-mesh-adding-a-note-96ffca16-a110-4bb1-bc52-93dfd41bbcf1/002-ef2f578b-5b6a-44a5-9e5e-d09a74500648-downloadableSrc-b0638f2801e4.webp
96ffca16-a110-4bb1-bc52-93dfd41bbcf1,Adding a note,0d194a4d-d39e-4bef-90d0-7735fe02a329,Mesh,c70a8fcb-1742-4c5c-b63e-3aae2ce6dad0,2,3,ae799737-4ae3-4d25-82f9-97a1bc55483f,false,downloadableSrc,200,image/webp,50610,50610,22d2446cef7fbdf223a25cf9eddc5f381fb6667d717ea2be36c9b9c608d114b9,1179,2676,,,bytescale.mobbin.com,f7a1807c1ac98ccf0eecf5078d61346ac9a94ca37a547f5708d580528c9e55c0,/Users/user/mobbin-sides/screen-flows/mesh/015-mesh-adding-a-note-96ffca16-a110-4bb1-bc52-93dfd41bbcf1/003-ae799737-4ae3-4d25-82f9-97a1bc55483f-downloadableSrc-22d2446cef7f.webp
96ffca16-a110-4bb1-bc52-93dfd41bbcf1,Adding a note,0d194a4d-d39e-4bef-90d0-7735fe02a329,Mesh,c70a8fcb-1742-4c5c-b63e-3aae2ce6dad0,3,4,1abd0775-ea84-4221-a72a-69c9fdb7ade7,false,downloadableSrc,200,image/webp,80650,80650,5ba50516f3fa984752bc86f43645c22b3a7e5b1d2eccc2038f4439f670cf8efc,1179,2676,,,bytescale.mobbin.com,f7a1807c1ac98ccf0eecf5078d61346ac9a94ca37a547f5708d580528c9e55c0,/Users/user/mobbin-sides/screen-flows/mesh/015-mesh-adding-a-note-96ffca16-a110-4bb1-bc52-93dfd41bbcf1/004-1abd0775-ea84-4221-a72a-69c9fdb7ade7-downloadableSrc-5ba50516f3fa.webp
96ffca16-a110-4bb1-bc52-93dfd41bbcf1,Adding a note,0d194a4d-d39e-4bef-90d0-7735fe02a329,Mesh,c70a8fcb-1742-4c5c-b63e-3aae2ce6dad0,4,5,20680981-2d55-4525-a7aa-8175ed327d96,false,downloadableSrc,200,image/webp,84674,84674,2d140caac9f1adcb3e88a97caa5a45214f640fbcc660d10007a4d96a37de8ba7,1179,2676,,,bytescale.mobbin.com,f7a1807c1ac98ccf0eecf5078d61346ac9a94ca37a547f5708d580528c9e55c0,/Users/user/mobbin-sides/screen-flows/mesh/015-mesh-adding-a-note-96ffca16-a110-4bb1-bc52-93dfd41bbcf1/005-20680981-2d55-4525-a7aa-8175ed327d96-downloadableSrc-2d140caac9f1.webp
7283a746-bed9-43d7-8279-fa1972179406,Transcribing audio to text,0d194a4d-d39e-4bef-90d0-7735fe02a329,Mesh,c70a8fcb-1742-4c5c-b63e-3aae2ce6dad0,0,1,ef2f578b-5b6a-44a5-9e5e-d09a74500648,false,downloadableSrc,200,image/webp,49934,49934,b0638f2801e4fc2539abf7a1280b6c7edba01f5bda8d5d8b6d7f880474fb0f84,1179,2676,,,bytescale.mobbin.com,f7a1807c1ac98ccf0eecf5078d61346ac9a94ca37a547f5708d580528c9e55c0,/Users/user/mobbin-sides/screen-flows/mesh/016-mesh-transcribing-audio-to-text-7283a746-bed9-43d7-8279-fa1972179406/001-ef2f578b-5b6a-44a5-9e5e-d09a74500648-downloadableSrc-b0638f2801e4.webp
7283a746-bed9-43d7-8279-fa1972179406,Transcribing audio to text,0d194a4d-d39e-4bef-90d0-7735fe02a329,Mesh,c70a8fcb-1742-4c5c-b63e-3aae2ce6dad0,1,2,b1e97dc4-ff18-4fa7-a4b1-59ac86f94484,false,downloadableSrc,200,image/webp,46132,46132,67fa77d0fc5a4e59cfbeb5e9cbefc230ff7c93fd006c9f7f3b7fcbd2f4a2e838,1179,2676,,,bytescale.mobbin.com,f7a1807c1ac98ccf0eecf5078d61346ac9a94ca37a547f5708d580528c9e55c0,/Users/user/mobbin-sides/screen-flows/mesh/016-mesh-transcribing-audio-to-text-7283a746-bed9-43d7-8279-fa1972179406/002-b1e97dc4-ff18-4fa7-a4b1-59ac86f94484-downloadableSrc-67fa77d0fc5a.webp
7283a746-bed9-43d7-8279-fa1972179406,Transcribing audio to text,0d194a4d-d39e-4bef-90d0-7735fe02a329,Mesh,c70a8fcb-1742-4c5c-b63e-3aae2ce6dad0,2,3,2507af9f-94bf-44b3-844a-02bdc0fd748b,false,downloadableSrc,200,image/webp,45834,45834,58643aab07b330cfc6216b5d9715d9110c9c117e414d4ec2816adf298ece63d5,1179,2676,,,bytescale.mobbin.com,f7a1807c1ac98ccf0eecf5078d61346ac9a94ca37a547f5708d580528c9e55c0,/Users/user/mobbin-sides/screen-flows/mesh/016-mesh-transcribing-audio-to-text-7283a746-bed9-43d7-8279-fa1972179406/003-2507af9f-94bf-44b3-844a-02bdc0fd748b-downloadableSrc-58643aab07b3.webp
a74e8bc2-525e-422a-a42b-5ffbf753a9cc,Adding a mention,0d194a4d-d39e-4bef-90d0-7735fe02a329,Mesh,c70a8fcb-1742-4c5c-b63e-3aae2ce6dad0,0,1,ae799737-4ae3-4d25-82f9-97a1bc55483f,false,downloadableSrc,200,image/webp,50610,50610,22d2446cef7fbdf223a25cf9eddc5f381fb6667d717ea2be36c9b9c608d114b9,1179,2676,,,bytescale.mobbin.com,f7a1807c1ac98ccf0eecf5078d61346ac9a94ca37a547f5708d580528c9e55c0,/Users/user/mobbin-sides/screen-flows/mesh/017-mesh-adding-a-mention-a74e8bc2-525e-422a-a42b-5ffbf753a9cc/001-ae799737-4ae3-4d25-82f9-97a1bc55483f-downloadableSrc-22d2446cef7f.webp
a74e8bc2-525e-422a-a42b-5ffbf753a9cc,Adding a mention,0d194a4d-d39e-4bef-90d0-7735fe02a329,Mesh,c70a8fcb-1742-4c5c-b63e-3aae2ce6dad0,1,2,934c0f90-2019-4dbe-b2f5-6fcf25143a1a,false,downloadableSrc,200,image/webp,51184,51184,715d9249237174859ae07276e3b10bcb3fd24bc8320c404740025318b5adf459,1179,2676,,,bytescale.mobbin.com,f7a1807c1ac98ccf0eecf5078d61346ac9a94ca37a547f5708d580528c9e55c0,/Users/user/mobbin-sides/screen-flows/mesh/017-mesh-adding-a-mention-a74e8bc2-525e-422a-a42b-5ffbf753a9cc/002-934c0f90-2019-4dbe-b2f5-6fcf25143a1a-downloadableSrc-715d92492371.webp
a74e8bc2-525e-422a-a42b-5ffbf753a9cc,Adding a mention,0d194a4d-d39e-4bef-90d0-7735fe02a329,Mesh,c70a8fcb-1742-4c5c-b63e-3aae2ce6dad0,2,3,49659b00-72b6-44de-878a-9dbee162a590,false,downloadableSrc,200,image/webp,48494,48494,f5632e39b67d7229453e86e903a3f0539e90b3e57c95fc978d031bb6aa6c46ad,1179,2676,,,bytescale.mobbin.com,f7a1807c1ac98ccf0eecf5078d61346ac9a94ca37a547f5708d580528c9e55c0,/Users/user/mobbin-sides/screen-flows/mesh/017-mesh-adding-a-mention-a74e8bc2-525e-422a-a42b-5ffbf753a9cc/003-49659b00-72b6-44de-878a-9dbee162a590-downloadableSrc-f5632e39b67d.webp
a74e8bc2-525e-422a-a42b-5ffbf753a9cc,Adding a mention,0d194a4d-d39e-4bef-90d0-7735fe02a329,Mesh,c70a8fcb-1742-4c5c-b63e-3aae2ce6dad0,3,4,9ea0dc4d-12b3-47ab-977e-cfc4180acf2f,false,downloadableSrc,200,image/webp,56228,56228,0807ca850178754c7eef35216d69447ce4c8881bfcf6a2ef7d10048ccdf9c3e1,1179,2676,,,bytescale.mobbin.com,f7a1807c1ac98ccf0eecf5078d61346ac9a94ca37a547f5708d580528c9e55c0,/Users/user/mobbin-sides/screen-flows/mesh/017-mesh-adding-a-mention-a74e8bc2-525e-422a-a42b-5ffbf753a9cc/004-9ea0dc4d-12b3-47ab-977e-cfc4180acf2f-downloadableSrc-0807ca850178.webp
a74e8bc2-525e-422a-a42b-5ffbf753a9cc,Adding a mention,0d194a4d-d39e-4bef-90d0-7735fe02a329,Mesh,c70a8fcb-1742-4c5c-b63e-3aae2ce6dad0,4,5,af1af967-bdeb-4ee8-bbf9-5d4532ac7586,false,downloadableSrc,200,image/webp,53166,53166,1c81f4bcd84f39c7d162025d859fd7d2199001bf9d6e2345ac94dcbe5601a472,1179,2676,,,bytescale.mobbin.com,f7a1807c1ac98ccf0eecf5078d61346ac9a94ca37a547f5708d580528c9e55c0,/Users/user/mobbin-sides/screen-flows/mesh/017-mesh-adding-a-mention-a74e8bc2-525e-422a-a42b-5ffbf753a9cc/005-af1af967-bdeb-4ee8-bbf9-5d4532ac7586-downloadableSrc-1c81f4bcd84f.webp
0e7e9f33-90fe-487d-affa-69c4281ff47a,Adding a reminder,0d194a4d-d39e-4bef-90d0-7735fe02a329,Mesh,c70a8fcb-1742-4c5c-b63e-3aae2ce6dad0,0,1,ae799737-4ae3-4d25-82f9-97a1bc55483f,false,downloadableSrc,200,image/webp,50610,50610,22d2446cef7fbdf223a25cf9eddc5f381fb6667d717ea2be36c9b9c608d114b9,1179,2676,,,bytescale.mobbin.com,f7a1807c1ac98ccf0eecf5078d61346ac9a94ca37a547f5708d580528c9e55c0,/Users/user/mobbin-sides/screen-flows/mesh/018-mesh-adding-a-reminder-0e7e9f33-90fe-487d-affa-69c4281ff47a/001-ae799737-4ae3-4d25-82f9-97a1bc55483f-downloadableSrc-22d2446cef7f.webp
0e7e9f33-90fe-487d-affa-69c4281ff47a,Adding a reminder,0d194a4d-d39e-4bef-90d0-7735fe02a329,Mesh,c70a8fcb-1742-4c5c-b63e-3aae2ce6dad0,1,2,6bd1848f-4f4d-4f43-b22e-4832c55ab307,false,downloadableSrc,200,image/webp,75030,75030,aaacd59a6d604546369cca4a28979a512138db548eaa06823fabd1b00bf8aac6,1179,2676,,,bytescale.mobbin.com,f7a1807c1ac98ccf0eecf5078d61346ac9a94ca37a547f5708d580528c9e55c0,/Users/user/mobbin-sides/screen-flows/mesh/018-mesh-adding-a-reminder-0e7e9f33-90fe-487d-affa-69c4281ff47a/002-6bd1848f-4f4d-4f43-b22e-4832c55ab307-downloadableSrc-aaacd59a6d60.webp
0e7e9f33-90fe-487d-affa-69c4281ff47a,Adding a reminder,0d194a4d-d39e-4bef-90d0-7735fe02a329,Mesh,c70a8fcb-1742-4c5c-b63e-3aae2ce6dad0,2,3,649d5224-3f64-4796-a8e0-e5972c2e2d97,false,downloadableSrc,200,image/webp,50486,50486,39c542cd205c054dde0aa835cfe95e9d196efbc57f719d76e714907ae0de9046,1179,2676,,,bytescale.mobbin.com,f7a1807c1ac98ccf0eecf5078d61346ac9a94ca37a547f5708d580528c9e55c0,/Users/user/mobbin-sides/screen-flows/mesh/018-mesh-adding-a-reminder-0e7e9f33-90fe-487d-affa-69c4281ff47a/003-649d5224-3f64-4796-a8e0-e5972c2e2d97-downloadableSrc-39c542cd205c.webp
0e7e9f33-90fe-487d-affa-69c4281ff47a,Adding a reminder,0d194a4d-d39e-4bef-90d0-7735fe02a329,Mesh,c70a8fcb-1742-4c5c-b63e-3aae2ce6dad0,3,4,0d7f5bcf-ef42-4037-bcde-91f420e953cc,false,downloadableSrc,200,image/webp,49770,49770,cda468912aa83b9b26a3308fd0cf07c201dc0ab31023b0e9ec7a3f32188d1ec9,1179,2676,,,bytescale.mobbin.com,f7a1807c1ac98ccf0eecf5078d61346ac9a94ca37a547f5708d580528c9e55c0,/Users/user/mobbin-sides/screen-flows/mesh/018-mesh-adding-a-reminder-0e7e9f33-90fe-487d-affa-69c4281ff47a/004-0d7f5bcf-ef42-4037-bcde-91f420e953cc-downloadableSrc-cda468912aa8.webp
0e7e9f33-90fe-487d-affa-69c4281ff47a,Adding a reminder,0d194a4d-d39e-4bef-90d0-7735fe02a329,Mesh,c70a8fcb-1742-4c5c-b63e-3aae2ce6dad0,4,5,89ed30e9-dce2-4402-9581-638f966c5303,false,downloadableSrc,200,image/webp,51076,51076,275ffee017d4f0d230cbf9e2072e29e591d50209fbaa8a04e4c85acfd4c942c8,1179,2676,,,bytescale.mobbin.com,f7a1807c1ac98ccf0eecf5078d61346ac9a94ca37a547f5708d580528c9e55c0,/Users/user/mobbin-sides/screen-flows/mesh/018-mesh-adding-a-reminder-0e7e9f33-90fe-487d-affa-69c4281ff47a/005-89ed30e9-dce2-4402-9581-638f966c5303-downloadableSrc-275ffee017d4.webp
0e7e9f33-90fe-487d-affa-69c4281ff47a,Adding a reminder,0d194a4d-d39e-4bef-90d0-7735fe02a329,Mesh,c70a8fcb-1742-4c5c-b63e-3aae2ce6dad0,5,6,139825d0-071e-443d-9eb0-9848946ca37d,false,downloadableSrc,200,image/webp,52088,52088,93672f70e86c8f5aa111baa890c6c7dab7f8cb7549276a6e9d52a4104cf14b5b,1179,2676,,,bytescale.mobbin.com,f7a1807c1ac98ccf0eecf5078d61346ac9a94ca37a547f5708d580528c9e55c0,/Users/user/mobbin-sides/screen-flows/mesh/018-mesh-adding-a-reminder-0e7e9f33-90fe-487d-affa-69c4281ff47a/006-139825d0-071e-443d-9eb0-9848946ca37d-downloadableSrc-93672f70e86c.webp
0e7e9f33-90fe-487d-affa-69c4281ff47a,Adding a reminder,0d194a4d-d39e-4bef-90d0-7735fe02a329,Mesh,c70a8fcb-1742-4c5c-b63e-3aae2ce6dad0,6,7,20680981-2d55-4525-a7aa-8175ed327d96,false,downloadableSrc,200,image/webp,84674,84674,2d140caac9f1adcb3e88a97caa5a45214f640fbcc660d10007a4d96a37de8ba7,1179,2676,,,bytescale.mobbin.com,f7a1807c1ac98ccf0eecf5078d61346ac9a94ca37a547f5708d580528c9e55c0,/Users/user/mobbin-sides/screen-flows/mesh/018-mesh-adding-a-reminder-0e7e9f33-90fe-487d-affa-69c4281ff47a/007-20680981-2d55-4525-a7aa-8175ed327d96-downloadableSrc-2d140caac9f1.webp
64361e7b-5051-4f56-8970-464a9f87bb79,Deleting a note,0d194a4d-d39e-4bef-90d0-7735fe02a329,Mesh,c70a8fcb-1742-4c5c-b63e-3aae2ce6dad0,0,1,20680981-2d55-4525-a7aa-8175ed327d96,false,downloadableSrc,200,image/webp,84674,84674,2d140caac9f1adcb3e88a97caa5a45214f640fbcc660d10007a4d96a37de8ba7,1179,2676,,,bytescale.mobbin.com,f7a1807c1ac98ccf0eecf5078d61346ac9a94ca37a547f5708d580528c9e55c0,/Users/user/mobbin-sides/screen-flows/mesh/019-mesh-deleting-a-note-64361e7b-5051-4f56-8970-464a9f87bb79/001-20680981-2d55-4525-a7aa-8175ed327d96-downloadableSrc-2d140caac9f1.webp
64361e7b-5051-4f56-8970-464a9f87bb79,Deleting a note,0d194a4d-d39e-4bef-90d0-7735fe02a329,Mesh,c70a8fcb-1742-4c5c-b63e-3aae2ce6dad0,1,2,a8d217d6-961a-44b4-b0c3-b44c3cee0b76,false,downloadableSrc,200,image/webp,32912,32912,1766c818d9a805d9f9139b45b64669ea652b2489e5a44d13f713e9181bbe954f,1179,2676,,,bytescale.mobbin.com,f7a1807c1ac98ccf0eecf5078d61346ac9a94ca37a547f5708d580528c9e55c0,/Users/user/mobbin-sides/screen-flows/mesh/019-mesh-deleting-a-note-64361e7b-5051-4f56-8970-464a9f87bb79/002-a8d217d6-961a-44b4-b0c3-b44c3cee0b76-downloadableSrc-1766c818d9a8.webp
64361e7b-5051-4f56-8970-464a9f87bb79,Deleting a note,0d194a4d-d39e-4bef-90d0-7735fe02a329,Mesh,c70a8fcb-1742-4c5c-b63e-3aae2ce6dad0,2,3,d748e67d-ab33-4595-9cc8-49409dbd256d,false,downloadableSrc,200,image/webp,44388,44388,f3a6234bb779cd8eaa7e53c1d7b58e09a05feb5f82d317e35fefab6e07a03950,1179,2676,,,bytescale.mobbin.com,f7a1807c1ac98ccf0eecf5078d61346ac9a94ca37a547f5708d580528c9e55c0,/Users/user/mobbin-sides/screen-flows/mesh/019-mesh-deleting-a-note-64361e7b-5051-4f56-8970-464a9f87bb79/003-d748e67d-ab33-4595-9cc8-49409dbd256d-downloadableSrc-f3a6234bb779.webp
64361e7b-5051-4f56-8970-464a9f87bb79,Deleting a note,0d194a4d-d39e-4bef-90d0-7735fe02a329,Mesh,c70a8fcb-1742-4c5c-b63e-3aae2ce6dad0,3,4,d357c1e6-f3f9-4657-9f61-1aa7f99df686,false,downloadableSrc,200,image/webp,71488,71488,8fa0089f91978f30bf5d7b984f54cf63667789b11e7e62cc8c4bde81f2a43062,1179,2676,,,bytescale.mobbin.com,f7a1807c1ac98ccf0eecf5078d61346ac9a94ca37a547f5708d580528c9e55c0,/Users/user/mobbin-sides/screen-flows/mesh/019-mesh-deleting-a-note-64361e7b-5051-4f56-8970-464a9f87bb79/004-d357c1e6-f3f9-4657-9f61-1aa7f99df686-downloadableSrc-8fa0089f9197.webp
1d645856-0f61-456d-9cb4-2f10821ec2d6,Send an email,0d194a4d-d39e-4bef-90d0-7735fe02a329,Mesh,c70a8fcb-1742-4c5c-b63e-3aae2ce6dad0,0,1,704aafd7-ad60-4b22-9629-790d900be828,false,downloadableSrc,200,image/webp,71592,71592,fafef800caa1c41d55e68f01c2758580fd84a39f767a424891e0b2afb4bb0d8f,1179,2676,,,bytescale.mobbin.com,f7a1807c1ac98ccf0eecf5078d61346ac9a94ca37a547f5708d580528c9e55c0,/Users/user/mobbin-sides/screen-flows/mesh/020-mesh-send-an-email-1d645856-0f61-456d-9cb4-2f10821ec2d6/001-704aafd7-ad60-4b22-9629-790d900be828-downloadableSrc-fafef800caa1.webp
1d645856-0f61-456d-9cb4-2f10821ec2d6,Send an email,0d194a4d-d39e-4bef-90d0-7735fe02a329,Mesh,c70a8fcb-1742-4c5c-b63e-3aae2ce6dad0,1,2,9bb39df5-fb13-4cf5-b659-1df2e3e0d722,false,downloadableSrc,200,image/webp,78596,78596,f987d5952b0605c8491782137d14cd7b880c6c6d453edf9002e4ff8110ca287d,1179,2676,,,bytescale.mobbin.com,f7a1807c1ac98ccf0eecf5078d61346ac9a94ca37a547f5708d580528c9e55c0,/Users/user/mobbin-sides/screen-flows/mesh/020-mesh-send-an-email-1d645856-0f61-456d-9cb4-2f10821ec2d6/002-9bb39df5-fb13-4cf5-b659-1df2e3e0d722-downloadableSrc-f987d5952b06.webp
8dd4eca4-c110-42b9-8bc8-46c46cf7bf17,Creating a reminder,0d194a4d-d39e-4bef-90d0-7735fe02a329,Mesh,c70a8fcb-1742-4c5c-b63e-3aae2ce6dad0,0,1,704aafd7-ad60-4b22-9629-790d900be828,false,downloadableSrc,200,image/webp,71592,71592,fafef800caa1c41d55e68f01c2758580fd84a39f767a424891e0b2afb4bb0d8f,1179,2676,,,bytescale.mobbin.com,f7a1807c1ac98ccf0eecf5078d61346ac9a94ca37a547f5708d580528c9e55c0,/Users/user/mobbin-sides/screen-flows/mesh/021-mesh-creating-a-reminder-8dd4eca4-c110-42b9-8bc8-46c46cf7bf17/001-704aafd7-ad60-4b22-9629-790d900be828-downloadableSrc-fafef800caa1.webp
8dd4eca4-c110-42b9-8bc8-46c46cf7bf17,Creating a reminder,0d194a4d-d39e-4bef-90d0-7735fe02a329,Mesh,c70a8fcb-1742-4c5c-b63e-3aae2ce6dad0,1,2,f22952df-c602-4e56-a041-0f9266f68c9a,false,downloadableSrc,200,image/webp,50678,50678,07a4528245a3437fe7ff8881653087f865dd400a71911ff46292de2eaa4309d3,1179,2676,,,bytescale.mobbin.com,f7a1807c1ac98ccf0eecf5078d61346ac9a94ca37a547f5708d580528c9e55c0,/Users/user/mobbin-sides/screen-flows/mesh/021-mesh-creating-a-reminder-8dd4eca4-c110-42b9-8bc8-46c46cf7bf17/002-f22952df-c602-4e56-a041-0f9266f68c9a-downloadableSrc-07a4528245a3.webp
8dd4eca4-c110-42b9-8bc8-46c46cf7bf17,Creating a reminder,0d194a4d-d39e-4bef-90d0-7735fe02a329,Mesh,c70a8fcb-1742-4c5c-b63e-3aae2ce6dad0,2,3,b4d86d9e-57e7-40ad-ba37-6f6c50c57b19,false,downloadableSrc,200,image/webp,48478,48478,8ccb4dc8f6216b38416fe8080cca7591bdbe2a7566721f6570b4f5f9b2a3cd4f,1179,2676,,,bytescale.mobbin.com,f7a1807c1ac98ccf0eecf5078d61346ac9a94ca37a547f5708d580528c9e55c0,/Users/user/mobbin-sides/screen-flows/mesh/021-mesh-creating-a-reminder-8dd4eca4-c110-42b9-8bc8-46c46cf7bf17/003-b4d86d9e-57e7-40ad-ba37-6f6c50c57b19-downloadableSrc-8ccb4dc8f621.webp
8dd4eca4-c110-42b9-8bc8-46c46cf7bf17,Creating a reminder,0d194a4d-d39e-4bef-90d0-7735fe02a329,Mesh,c70a8fcb-1742-4c5c-b63e-3aae2ce6dad0,3,4,bfa112d7-fdc2-4a0c-8aa9-bfbffbc906e5,false,downloadableSrc,200,image/webp,49006,49006,ad35377c4594c027b6c53e7149b4c790797cfeee3a3a22f9305c478562868cea,1179,2676,,,bytescale.mobbin.com,f7a1807c1ac98ccf0eecf5078d61346ac9a94ca37a547f5708d580528c9e55c0,/Users/user/mobbin-sides/screen-flows/mesh/021-mesh-creating-a-reminder-8dd4eca4-c110-42b9-8bc8-46c46cf7bf17/004-bfa112d7-fdc2-4a0c-8aa9-bfbffbc906e5-downloadableSrc-ad35377c4594.webp
8dd4eca4-c110-42b9-8bc8-46c46cf7bf17,Creating a reminder,0d194a4d-d39e-4bef-90d0-7735fe02a329,Mesh,c70a8fcb-1742-4c5c-b63e-3aae2ce6dad0,4,5,07a3043e-0b05-4a7f-b0dd-0516fad13c0b,false,downloadableSrc,200,image/webp,90232,90232,e5d16338bfac5b2f35b1987376b06ed335aabdd1aba57ed42b23dc6cd38dd699,1179,2676,,,bytescale.mobbin.com,f7a1807c1ac98ccf0eecf5078d61346ac9a94ca37a547f5708d580528c9e55c0,/Users/user/mobbin-sides/screen-flows/mesh/021-mesh-creating-a-reminder-8dd4eca4-c110-42b9-8bc8-46c46cf7bf17/005-07a3043e-0b05-4a7f-b0dd-0516fad13c0b-downloadableSrc-e5d16338bfac.webp
3fcd4df2-f615-4a4b-a36f-ea5001e54af4,Editing cadence,0d194a4d-d39e-4bef-90d0-7735fe02a329,Mesh,c70a8fcb-1742-4c5c-b63e-3aae2ce6dad0,0,1,704aafd7-ad60-4b22-9629-790d900be828,false,downloadableSrc,200,image/webp,71592,71592,fafef800caa1c41d55e68f01c2758580fd84a39f767a424891e0b2afb4bb0d8f,1179,2676,,,bytescale.mobbin.com,f7a1807c1ac98ccf0eecf5078d61346ac9a94ca37a547f5708d580528c9e55c0,/Users/user/mobbin-sides/screen-flows/mesh/022-mesh-editing-cadence-3fcd4df2-f615-4a4b-a36f-ea5001e54af4/001-704aafd7-ad60-4b22-9629-790d900be828-downloadableSrc-fafef800caa1.webp
3fcd4df2-f615-4a4b-a36f-ea5001e54af4,Editing cadence,0d194a4d-d39e-4bef-90d0-7735fe02a329,Mesh,c70a8fcb-1742-4c5c-b63e-3aae2ce6dad0,1,2,5ca9abc7-3672-4916-9b67-9036e269fae9,false,downloadableSrc,200,image/webp,48302,48302,b52cea289761efd9b737de7bcf907a4311590e83f831b7206c5f13366425ba1f,1179,2676,,,bytescale.mobbin.com,f7a1807c1ac98ccf0eecf5078d61346ac9a94ca37a547f5708d580528c9e55c0,/Users/user/mobbin-sides/screen-flows/mesh/022-mesh-editing-cadence-3fcd4df2-f615-4a4b-a36f-ea5001e54af4/002-5ca9abc7-3672-4916-9b67-9036e269fae9-downloadableSrc-b52cea289761.webp
3fcd4df2-f615-4a4b-a36f-ea5001e54af4,Editing cadence,0d194a4d-d39e-4bef-90d0-7735fe02a329,Mesh,c70a8fcb-1742-4c5c-b63e-3aae2ce6dad0,2,3,e84bfc42-ac2e-4eff-b6cd-c67148076979,false,downloadableSrc,200,image/webp,28912,28912,7eb3614fc400c8391544f385e1b6a048dfb34c3533c6c33f830b6a9fdec9d159,1179,2676,,,bytescale.mobbin.com,f7a1807c1ac98ccf0eecf5078d61346ac9a94ca37a547f5708d580528c9e55c0,/Users/user/mobbin-sides/screen-flows/mesh/022-mesh-editing-cadence-3fcd4df2-f615-4a4b-a36f-ea5001e54af4/003-e84bfc42-ac2e-4eff-b6cd-c67148076979-downloadableSrc-7eb3614fc400.webp
3fcd4df2-f615-4a4b-a36f-ea5001e54af4,Editing cadence,0d194a4d-d39e-4bef-90d0-7735fe02a329,Mesh,c70a8fcb-1742-4c5c-b63e-3aae2ce6dad0,3,4,98a2ce1b-e0d0-4b93-8594-d9be785301fb,false,downloadableSrc,200,image/webp,89838,89838,ada1e052362705df5da25267117266d99c23dd21a423d6f25511e0bab9ebe1ef,1179,2676,,,bytescale.mobbin.com,f7a1807c1ac98ccf0eecf5078d61346ac9a94ca37a547f5708d580528c9e55c0,/Users/user/mobbin-sides/screen-flows/mesh/022-mesh-editing-cadence-3fcd4df2-f615-4a4b-a36f-ea5001e54af4/004-98a2ce1b-e0d0-4b93-8594-d9be785301fb-downloadableSrc-ada1e0523627.webp
45990fc2-df96-4592-9447-919ef7ad8f54,Chatting with Nexus (contact profile),0d194a4d-d39e-4bef-90d0-7735fe02a329,Mesh,c70a8fcb-1742-4c5c-b63e-3aae2ce6dad0,0,1,f5f76d89-8a17-4c04-84ce-e1cbabfa4768,false,downloadableSrc,200,image/webp,71612,71612,e8d475f1a6cd5598d6df8a54382066f7010b71704b7eda3fb3eb4d477efffe4b,1179,2676,,,bytescale.mobbin.com,f7a1807c1ac98ccf0eecf5078d61346ac9a94ca37a547f5708d580528c9e55c0,/Users/user/mobbin-sides/screen-flows/mesh/023-mesh-chatting-with-nexus-contact-profile-45990fc2-df96-4592-9447-919ef7ad8f54/001-f5f76d89-8a17-4c04-84ce-e1cbabfa4768-downloadableSrc-e8d475f1a6cd.webp
45990fc2-df96-4592-9447-919ef7ad8f54,Chatting with Nexus (contact profile),0d194a4d-d39e-4bef-90d0-7735fe02a329,Mesh,c70a8fcb-1742-4c5c-b63e-3aae2ce6dad0,1,2,30f2d5fb-982c-4ab5-b1bd-9fc32bbc7479,false,downloadableSrc,200,image/webp,79034,79034,9c47ef6f125bf7e60314d4d17517c5533cd2bdec609b7495cc665fc53db0405b,1179,2676,,,bytescale.mobbin.com,f7a1807c1ac98ccf0eecf5078d61346ac9a94ca37a547f5708d580528c9e55c0,/Users/user/mobbin-sides/screen-flows/mesh/023-mesh-chatting-with-nexus-contact-profile-45990fc2-df96-4592-9447-919ef7ad8f54/002-30f2d5fb-982c-4ab5-b1bd-9fc32bbc7479-downloadableSrc-9c47ef6f125b.webp
45990fc2-df96-4592-9447-919ef7ad8f54,Chatting with Nexus (contact profile),0d194a4d-d39e-4bef-90d0-7735fe02a329,Mesh,c70a8fcb-1742-4c5c-b63e-3aae2ce6dad0,2,3,ea3930d0-52f8-4590-864a-b3d0afb14b91,false,downloadableSrc,200,image/webp,48044,48044,daf8568f62f2a6804a356a47c3d1f7c1649f53a6aa5864697585c1710e8fce99,1180,2676,,,bytescale.mobbin.com,f7a1807c1ac98ccf0eecf5078d61346ac9a94ca37a547f5708d580528c9e55c0,/Users/user/mobbin-sides/screen-flows/mesh/023-mesh-chatting-with-nexus-contact-profile-45990fc2-df96-4592-9447-919ef7ad8f54/003-ea3930d0-52f8-4590-864a-b3d0afb14b91-downloadableSrc-daf8568f62f2.webp
45990fc2-df96-4592-9447-919ef7ad8f54,Chatting with Nexus (contact profile),0d194a4d-d39e-4bef-90d0-7735fe02a329,Mesh,c70a8fcb-1742-4c5c-b63e-3aae2ce6dad0,3,4,c22676e0-8a52-4067-84e4-9a66d2f6b53f,false,downloadableSrc,200,image/webp,157960,157960,db400e96acbef3ee8f24b488bd8483de840804c36b8cecfffc3b23521b31b235,1179,2676,,,bytescale.mobbin.com,f7a1807c1ac98ccf0eecf5078d61346ac9a94ca37a547f5708d580528c9e55c0,/Users/user/mobbin-sides/screen-flows/mesh/023-mesh-chatting-with-nexus-contact-profile-45990fc2-df96-4592-9447-919ef7ad8f54/004-c22676e0-8a52-4067-84e4-9a66d2f6b53f-downloadableSrc-db400e96acbe.webp
ec8e50e7-1e0e-4e58-884d-45fa97603ddd,Removing a contact from favorites,0d194a4d-d39e-4bef-90d0-7735fe02a329,Mesh,c70a8fcb-1742-4c5c-b63e-3aae2ce6dad0,0,1,f5f76d89-8a17-4c04-84ce-e1cbabfa4768,false,downloadableSrc,200,image/webp,71612,71612,e8d475f1a6cd5598d6df8a54382066f7010b71704b7eda3fb3eb4d477efffe4b,1179,2676,,,bytescale.mobbin.com,f7a1807c1ac98ccf0eecf5078d61346ac9a94ca37a547f5708d580528c9e55c0,/Users/user/mobbin-sides/screen-flows/mesh/024-mesh-removing-a-contact-from-favorites-ec8e50e7-1e0e-4e58-884d-45fa97603ddd/001-f5f76d89-8a17-4c04-84ce-e1cbabfa4768-downloadableSrc-e8d475f1a6cd.webp
ec8e50e7-1e0e-4e58-884d-45fa97603ddd,Removing a contact from favorites,0d194a4d-d39e-4bef-90d0-7735fe02a329,Mesh,c70a8fcb-1742-4c5c-b63e-3aae2ce6dad0,1,2,0d89ea0d-4175-43ce-905d-5c4cdfc77dee,false,downloadableSrc,200,image/webp,77986,77986,498b175ae1960cc87ec2f62df8bec0ed20534bb269c548bf1e28bdd768341a11,1179,2676,,,bytescale.mobbin.com,f7a1807c1ac98ccf0eecf5078d61346ac9a94ca37a547f5708d580528c9e55c0,/Users/user/mobbin-sides/screen-flows/mesh/024-mesh-removing-a-contact-from-favorites-ec8e50e7-1e0e-4e58-884d-45fa97603ddd/002-0d89ea0d-4175-43ce-905d-5c4cdfc77dee-downloadableSrc-498b175ae196.webp
dda3228c-8465-4dd6-a108-e4554543389f,Adding to a group,0d194a4d-d39e-4bef-90d0-7735fe02a329,Mesh,c70a8fcb-1742-4c5c-b63e-3aae2ce6dad0,0,1,f5f76d89-8a17-4c04-84ce-e1cbabfa4768,false,downloadableSrc,200,image/webp,71612,71612,e8d475f1a6cd5598d6df8a54382066f7010b71704b7eda3fb3eb4d477efffe4b,1179,2676,,,bytescale.mobbin.com,f7a1807c1ac98ccf0eecf5078d61346ac9a94ca37a547f5708d580528c9e55c0,/Users/user/mobbin-sides/screen-flows/mesh/025-mesh-adding-to-a-group-dda3228c-8465-4dd6-a108-e4554543389f/001-f5f76d89-8a17-4c04-84ce-e1cbabfa4768-downloadableSrc-e8d475f1a6cd.webp
dda3228c-8465-4dd6-a108-e4554543389f,Adding to a group,0d194a4d-d39e-4bef-90d0-7735fe02a329,Mesh,c70a8fcb-1742-4c5c-b63e-3aae2ce6dad0,1,2,ff4b3fac-7f75-4e68-9fbf-08fc9608af82,false,downloadableSrc,200,image/webp,29172,29172,0e992c49986e8dad84f5cc301e43ae2977b894f6c75ce9cb5a8200188a452931,1179,2676,,,bytescale.mobbin.com,f7a1807c1ac98ccf0eecf5078d61346ac9a94ca37a547f5708d580528c9e55c0,/Users/user/mobbin-sides/screen-flows/mesh/025-mesh-adding-to-a-group-dda3228c-8465-4dd6-a108-e4554543389f/002-ff4b3fac-7f75-4e68-9fbf-08fc9608af82-downloadableSrc-0e992c49986e.webp
dda3228c-8465-4dd6-a108-e4554543389f,Adding to a group,0d194a4d-d39e-4bef-90d0-7735fe02a329,Mesh,c70a8fcb-1742-4c5c-b63e-3aae2ce6dad0,2,3,96f7afac-d2e4-48b5-b252-2d57c70860c9,false,downloadableSrc,200,image/webp,29648,29648,7d270caac9078a70cb6f13ee12e9d6b71ab30425d291b589419ee53c25796585,1179,2676,,,bytescale.mobbin.com,f7a1807c1ac98ccf0eecf5078d61346ac9a94ca37a547f5708d580528c9e55c0,/Users/user/mobbin-sides/screen-flows/mesh/025-mesh-adding-to-a-group-dda3228c-8465-4dd6-a108-e4554543389f/003-96f7afac-d2e4-48b5-b252-2d57c70860c9-downloadableSrc-7d270caac907.webp
dda3228c-8465-4dd6-a108-e4554543389f,Adding to a group,0d194a4d-d39e-4bef-90d0-7735fe02a329,Mesh,c70a8fcb-1742-4c5c-b63e-3aae2ce6dad0,3,4,73e52947-38e3-4fa4-843e-e85ec8c88c57,false,downloadableSrc,200,image/webp,73718,73718,1b40bfd42c50313de813b8bd33f5b8d7939caa239ddecf61015860c2f04f1541,1179,2676,,,bytescale.mobbin.com,f7a1807c1ac98ccf0eecf5078d61346ac9a94ca37a547f5708d580528c9e55c0,/Users/user/mobbin-sides/screen-flows/mesh/025-mesh-adding-to-a-group-dda3228c-8465-4dd6-a108-e4554543389f/004-73e52947-38e3-4fa4-843e-e85ec8c88c57-downloadableSrc-1b40bfd42c50.webp
5cd985fb-64f0-4cbf-8b83-adfa90628927,Editing contact details,0d194a4d-d39e-4bef-90d0-7735fe02a329,Mesh,c70a8fcb-1742-4c5c-b63e-3aae2ce6dad0,0,1,f5f76d89-8a17-4c04-84ce-e1cbabfa4768,false,downloadableSrc,200,image/webp,71612,71612,e8d475f1a6cd5598d6df8a54382066f7010b71704b7eda3fb3eb4d477efffe4b,1179,2676,,,bytescale.mobbin.com,f7a1807c1ac98ccf0eecf5078d61346ac9a94ca37a547f5708d580528c9e55c0,/Users/user/mobbin-sides/screen-flows/mesh/026-mesh-editing-contact-details-5cd985fb-64f0-4cbf-8b83-adfa90628927/001-f5f76d89-8a17-4c04-84ce-e1cbabfa4768-downloadableSrc-e8d475f1a6cd.webp
5cd985fb-64f0-4cbf-8b83-adfa90628927,Editing contact details,0d194a4d-d39e-4bef-90d0-7735fe02a329,Mesh,c70a8fcb-1742-4c5c-b63e-3aae2ce6dad0,1,2,aa736122-721b-41be-ae8d-1392ffea82d6,false,downloadableSrc,200,image/webp,49360,49360,e36635c97c3113fd50be120078cf3270337166973e616678d183d857ed5daf05,1179,2676,,,bytescale.mobbin.com,f7a1807c1ac98ccf0eecf5078d61346ac9a94ca37a547f5708d580528c9e55c0,/Users/user/mobbin-sides/screen-flows/mesh/026-mesh-editing-contact-details-5cd985fb-64f0-4cbf-8b83-adfa90628927/002-aa736122-721b-41be-ae8d-1392ffea82d6-downloadableSrc-e36635c97c31.webp
5cd985fb-64f0-4cbf-8b83-adfa90628927,Editing contact details,0d194a4d-d39e-4bef-90d0-7735fe02a329,Mesh,c70a8fcb-1742-4c5c-b63e-3aae2ce6dad0,2,3,de3c13d9-51e7-437f-997c-54bc807f9596,false,downloadableSrc,200,image/webp,45530,45530,4b61b38f67bb89dad8e62f48dbe79ae4588e2c0ccadb874c4614034568c76562,1179,2676,,,bytescale.mobbin.com,f7a1807c1ac98ccf0eecf5078d61346ac9a94ca37a547f5708d580528c9e55c0,/Users/user/mobbin-sides/screen-flows/mesh/026-mesh-editing-contact-details-5cd985fb-64f0-4cbf-8b83-adfa90628927/003-de3c13d9-51e7-437f-997c-54bc807f9596-downloadableSrc-4b61b38f67bb.webp
5cd985fb-64f0-4cbf-8b83-adfa90628927,Editing contact details,0d194a4d-d39e-4bef-90d0-7735fe02a329,Mesh,c70a8fcb-1742-4c5c-b63e-3aae2ce6dad0,3,4,a730d5da-420c-4a2b-a600-fde91b85b33f,false,downloadableSrc,200,image/webp,33878,33878,ca7d4c258cacf0c98b32b187b6bc776c9e8e3c717abf3eb53676587d6a07a0e0,1179,2676,,,bytescale.mobbin.com,f7a1807c1ac98ccf0eecf5078d61346ac9a94ca37a547f5708d580528c9e55c0,/Users/user/mobbin-sides/screen-flows/mesh/026-mesh-editing-contact-details-5cd985fb-64f0-4cbf-8b83-adfa90628927/004-a730d5da-420c-4a2b-a600-fde91b85b33f-downloadableSrc-ca7d4c258cac.webp
5cd985fb-64f0-4cbf-8b83-adfa90628927,Editing contact details,0d194a4d-d39e-4bef-90d0-7735fe02a329,Mesh,c70a8fcb-1742-4c5c-b63e-3aae2ce6dad0,4,5,3353976e-d545-4407-ac63-aa1f5cd387bd,false,downloadableSrc,200,image/webp,49892,49892,94d3178bd67e302125f9e6140d8a0ede8a8c8fc904b782540a9f4222748dac85,1179,2676,,,bytescale.mobbin.com,f7a1807c1ac98ccf0eecf5078d61346ac9a94ca37a547f5708d580528c9e55c0,/Users/user/mobbin-sides/screen-flows/mesh/026-mesh-editing-contact-details-5cd985fb-64f0-4cbf-8b83-adfa90628927/005-3353976e-d545-4407-ac63-aa1f5cd387bd-downloadableSrc-94d3178bd67e.webp
5cd985fb-64f0-4cbf-8b83-adfa90628927,Editing contact details,0d194a4d-d39e-4bef-90d0-7735fe02a329,Mesh,c70a8fcb-1742-4c5c-b63e-3aae2ce6dad0,5,6,f1483cd5-b66f-486f-992f-f56c9eb8cae5,false,downloadableSrc,200,image/webp,35060,35060,c9f29bae4747492969cb7c578d75cb9e5275b9eaa8dcbccb2c5b33c0198974fe,1179,2676,,,bytescale.mobbin.com,f7a1807c1ac98ccf0eecf5078d61346ac9a94ca37a547f5708d580528c9e55c0,/Users/user/mobbin-sides/screen-flows/mesh/026-mesh-editing-contact-details-5cd985fb-64f0-4cbf-8b83-adfa90628927/006-f1483cd5-b66f-486f-992f-f56c9eb8cae5-downloadableSrc-c9f29bae4747.webp
e7c1a61c-5483-4127-b205-d489ceed4159,Uploading a profile photo,0d194a4d-d39e-4bef-90d0-7735fe02a329,Mesh,c70a8fcb-1742-4c5c-b63e-3aae2ce6dad0,0,1,aa736122-721b-41be-ae8d-1392ffea82d6,false,downloadableSrc,200,image/webp,49360,49360,e36635c97c3113fd50be120078cf3270337166973e616678d183d857ed5daf05,1179,2676,,,bytescale.mobbin.com,f7a1807c1ac98ccf0eecf5078d61346ac9a94ca37a547f5708d580528c9e55c0,/Users/user/mobbin-sides/screen-flows/mesh/027-mesh-uploading-a-profile-photo-e7c1a61c-5483-4127-b205-d489ceed4159/001-aa736122-721b-41be-ae8d-1392ffea82d6-downloadableSrc-e36635c97c31.webp
e7c1a61c-5483-4127-b205-d489ceed4159,Uploading a profile photo,0d194a4d-d39e-4bef-90d0-7735fe02a329,Mesh,c70a8fcb-1742-4c5c-b63e-3aae2ce6dad0,1,2,00c194eb-3a6d-48df-8a3a-b2b875bf0b94,false,downloadableSrc,200,image/webp,52672,52672,d49932e6991cb7ff8870f014cb658a781b9ee89551f6e5d0511e9fcfee33c0a9,1179,2676,,,bytescale.mobbin.com,f7a1807c1ac98ccf0eecf5078d61346ac9a94ca37a547f5708d580528c9e55c0,/Users/user/mobbin-sides/screen-flows/mesh/027-mesh-uploading-a-profile-photo-e7c1a61c-5483-4127-b205-d489ceed4159/002-00c194eb-3a6d-48df-8a3a-b2b875bf0b94-downloadableSrc-d49932e6991c.webp
e7c1a61c-5483-4127-b205-d489ceed4159,Uploading a profile photo,0d194a4d-d39e-4bef-90d0-7735fe02a329,Mesh,c70a8fcb-1742-4c5c-b63e-3aae2ce6dad0,2,3,b78198cb-ce5a-42f8-a6ac-51127aea21b7,false,downloadableSrc,200,image/webp,226566,226566,26583d07c096de3666ba0b73ec65a53c07fff73853f75d1aa4ea0c80f2696c8c,1179,2676,,,bytescale.mobbin.com,f7a1807c1ac98ccf0eecf5078d61346ac9a94ca37a547f5708d580528c9e55c0,/Users/user/mobbin-sides/screen-flows/mesh/027-mesh-uploading-a-profile-photo-e7c1a61c-5483-4127-b205-d489ceed4159/003-b78198cb-ce5a-42f8-a6ac-51127aea21b7-downloadableSrc-26583d07c096.webp
e7c1a61c-5483-4127-b205-d489ceed4159,Uploading a profile photo,0d194a4d-d39e-4bef-90d0-7735fe02a329,Mesh,c70a8fcb-1742-4c5c-b63e-3aae2ce6dad0,3,4,6b5dbff4-fb18-4f95-a054-f4a2d61b85e3,false,downloadableSrc,200,image/webp,62040,62040,327089e66b7270fabcb815ccd99119154220eae225d7f229de3d860c3f6f82f1,1179,2676,,,bytescale.mobbin.com,f7a1807c1ac98ccf0eecf5078d61346ac9a94ca37a547f5708d580528c9e55c0,/Users/user/mobbin-sides/screen-flows/mesh/027-mesh-uploading-a-profile-photo-e7c1a61c-5483-4127-b205-d489ceed4159/004-6b5dbff4-fb18-4f95-a054-f4a2d61b85e3-downloadableSrc-327089e66b72.webp
b9dc8962-0ded-4650-8090-4a3574e0c473,Adding a location,0d194a4d-d39e-4bef-90d0-7735fe02a329,Mesh,c70a8fcb-1742-4c5c-b63e-3aae2ce6dad0,0,1,f1483cd5-b66f-486f-992f-f56c9eb8cae5,false,downloadableSrc,200,image/webp,35060,35060,c9f29bae4747492969cb7c578d75cb9e5275b9eaa8dcbccb2c5b33c0198974fe,1179,2676,,,bytescale.mobbin.com,f7a1807c1ac98ccf0eecf5078d61346ac9a94ca37a547f5708d580528c9e55c0,/Users/user/mobbin-sides/screen-flows/mesh/028-mesh-adding-a-location-b9dc8962-0ded-4650-8090-4a3574e0c473/001-f1483cd5-b66f-486f-992f-f56c9eb8cae5-downloadableSrc-c9f29bae4747.webp
b9dc8962-0ded-4650-8090-4a3574e0c473,Adding a location,0d194a4d-d39e-4bef-90d0-7735fe02a329,Mesh,c70a8fcb-1742-4c5c-b63e-3aae2ce6dad0,1,2,eb0ede27-d1e5-4fce-81f7-ed64221dec56,false,downloadableSrc,200,image/webp,19724,19724,d646181ef5b65dd67121a9b4e87326e6ded8605b4f6f328ae0ba73d3b786e564,1179,2676,,,bytescale.mobbin.com,f7a1807c1ac98ccf0eecf5078d61346ac9a94ca37a547f5708d580528c9e55c0,/Users/user/mobbin-sides/screen-flows/mesh/028-mesh-adding-a-location-b9dc8962-0ded-4650-8090-4a3574e0c473/002-eb0ede27-d1e5-4fce-81f7-ed64221dec56-downloadableSrc-d646181ef5b6.webp
b9dc8962-0ded-4650-8090-4a3574e0c473,Adding a location,0d194a4d-d39e-4bef-90d0-7735fe02a329,Mesh,c70a8fcb-1742-4c5c-b63e-3aae2ce6dad0,2,3,2397c525-9007-40a4-a24d-32782829a214,false,downloadableSrc,200,image/webp,31930,31930,05de045f408856a3b270eb0c23d07ae672b2417f3b296299cd99e564ebf0b312,1179,2676,,,bytescale.mobbin.com,f7a1807c1ac98ccf0eecf5078d61346ac9a94ca37a547f5708d580528c9e55c0,/Users/user/mobbin-sides/screen-flows/mesh/028-mesh-adding-a-location-b9dc8962-0ded-4650-8090-4a3574e0c473/003-2397c525-9007-40a4-a24d-32782829a214-downloadableSrc-05de045f4088.webp
b9dc8962-0ded-4650-8090-4a3574e0c473,Adding a location,0d194a4d-d39e-4bef-90d0-7735fe02a329,Mesh,c70a8fcb-1742-4c5c-b63e-3aae2ce6dad0,3,4,f04ede33-a518-4502-8517-ba6cbeafd607,false,downloadableSrc,200,image/webp,47898,47898,86fe82b6ae876e91641ea53aaad4ec8f19b96b8483e0fb6db78b666152f22591,1179,2676,,,bytescale.mobbin.com,f7a1807c1ac98ccf0eecf5078d61346ac9a94ca37a547f5708d580528c9e55c0,/Users/user/mobbin-sides/screen-flows/mesh/028-mesh-adding-a-location-b9dc8962-0ded-4650-8090-4a3574e0c473/004-f04ede33-a518-4502-8517-ba6cbeafd607-downloadableSrc-86fe82b6ae87.webp
b9dc8962-0ded-4650-8090-4a3574e0c473,Adding a location,0d194a4d-d39e-4bef-90d0-7735fe02a329,Mesh,c70a8fcb-1742-4c5c-b63e-3aae2ce6dad0,4,5,3ba40ba1-7165-4419-9fdc-ef06b2a0b51b,false,downloadableSrc,200,image/webp,55678,55678,744820137c673aca736f86f499687cbd176c03ae78b263583f6519a60493790c,1179,2676,,,bytescale.mobbin.com,f7a1807c1ac98ccf0eecf5078d61346ac9a94ca37a547f5708d580528c9e55c0,/Users/user/mobbin-sides/screen-flows/mesh/028-mesh-adding-a-location-b9dc8962-0ded-4650-8090-4a3574e0c473/005-3ba40ba1-7165-4419-9fdc-ef06b2a0b51b-downloadableSrc-744820137c67.webp
913d154f-3e17-4bac-abd2-326a42488821,Inviting a contact,0d194a4d-d39e-4bef-90d0-7735fe02a329,Mesh,c70a8fcb-1742-4c5c-b63e-3aae2ce6dad0,0,1,1df49eb4-fb1b-4e04-9bca-aa4f1b6c106f,false,downloadableSrc,200,image/webp,70070,70070,af50086d61de5543fdf2ebd58171399c940f8d070c04157b574cedc71ec48728,1179,2676,,,bytescale.mobbin.com,f7a1807c1ac98ccf0eecf5078d61346ac9a94ca37a547f5708d580528c9e55c0,/Users/user/mobbin-sides/screen-flows/mesh/029-mesh-inviting-a-contact-913d154f-3e17-4bac-abd2-326a42488821/001-1df49eb4-fb1b-4e04-9bca-aa4f1b6c106f-downloadableSrc-af50086d61de.webp
913d154f-3e17-4bac-abd2-326a42488821,Inviting a contact,0d194a4d-d39e-4bef-90d0-7735fe02a329,Mesh,c70a8fcb-1742-4c5c-b63e-3aae2ce6dad0,1,2,e33a4e48-c71f-47a3-bd9d-3646d8eeea26,false,downloadableSrc,200,image/webp,25704,25704,32f0dcd775909841fc047421a23f081c2a6012e728562738d93146b07ff66ee4,1179,2676,,,bytescale.mobbin.com,f7a1807c1ac98ccf0eecf5078d61346ac9a94ca37a547f5708d580528c9e55c0,/Users/user/mobbin-sides/screen-flows/mesh/029-mesh-inviting-a-contact-913d154f-3e17-4bac-abd2-326a42488821/002-e33a4e48-c71f-47a3-bd9d-3646d8eeea26-downloadableSrc-32f0dcd77590.webp
913d154f-3e17-4bac-abd2-326a42488821,Inviting a contact,0d194a4d-d39e-4bef-90d0-7735fe02a329,Mesh,c70a8fcb-1742-4c5c-b63e-3aae2ce6dad0,2,3,950078e7-f88d-455d-b8fa-e542f85a86b8,false,downloadableSrc,200,image/webp,48480,48480,f014649710b2c85e6acd83c2162e7a8db73fe7020850cbbfeaa9a264faafd142,1179,2676,,,bytescale.mobbin.com,f7a1807c1ac98ccf0eecf5078d61346ac9a94ca37a547f5708d580528c9e55c0,/Users/user/mobbin-sides/screen-flows/mesh/029-mesh-inviting-a-contact-913d154f-3e17-4bac-abd2-326a42488821/003-950078e7-f88d-455d-b8fa-e542f85a86b8-downloadableSrc-f014649710b2.webp
913d154f-3e17-4bac-abd2-326a42488821,Inviting a contact,0d194a4d-d39e-4bef-90d0-7735fe02a329,Mesh,c70a8fcb-1742-4c5c-b63e-3aae2ce6dad0,3,4,38fd08ae-83ab-49d0-bc27-bea2a6cb521f,false,downloadableSrc,200,image/webp,49340,49340,f24540a960ce66d730ce15b6787e4d9b3f3283a495662ba1ac50193c5a12de1f,1179,2676,,,bytescale.mobbin.com,f7a1807c1ac98ccf0eecf5078d61346ac9a94ca37a547f5708d580528c9e55c0,/Users/user/mobbin-sides/screen-flows/mesh/029-mesh-inviting-a-contact-913d154f-3e17-4bac-abd2-326a42488821/004-38fd08ae-83ab-49d0-bc27-bea2a6cb521f-downloadableSrc-f24540a960ce.webp
913d154f-3e17-4bac-abd2-326a42488821,Inviting a contact,0d194a4d-d39e-4bef-90d0-7735fe02a329,Mesh,c70a8fcb-1742-4c5c-b63e-3aae2ce6dad0,4,5,bb34448e-c6bf-42a4-9ab5-20ba79db1b61,false,downloadableSrc,200,image/webp,31762,31762,f6a1684860c6d470bfb167faf7a9b9e05e92a3c4daf96f9a97218a349eddbed0,1179,2676,,,bytescale.mobbin.com,f7a1807c1ac98ccf0eecf5078d61346ac9a94ca37a547f5708d580528c9e55c0,/Users/user/mobbin-sides/screen-flows/mesh/029-mesh-inviting-a-contact-913d154f-3e17-4bac-abd2-326a42488821/005-bb34448e-c6bf-42a4-9ab5-20ba79db1b61-downloadableSrc-f6a1684860c6.webp
316fb408-f85d-4228-af27-86d8ccbbdc70,Turning on notes access,0d194a4d-d39e-4bef-90d0-7735fe02a329,Mesh,c70a8fcb-1742-4c5c-b63e-3aae2ce6dad0,0,1,bb34448e-c6bf-42a4-9ab5-20ba79db1b61,false,downloadableSrc,200,image/webp,31762,31762,f6a1684860c6d470bfb167faf7a9b9e05e92a3c4daf96f9a97218a349eddbed0,1179,2676,,,bytescale.mobbin.com,f7a1807c1ac98ccf0eecf5078d61346ac9a94ca37a547f5708d580528c9e55c0,/Users/user/mobbin-sides/screen-flows/mesh/030-mesh-turning-on-notes-access-316fb408-f85d-4228-af27-86d8ccbbdc70/001-bb34448e-c6bf-42a4-9ab5-20ba79db1b61-downloadableSrc-f6a1684860c6.webp
316fb408-f85d-4228-af27-86d8ccbbdc70,Turning on notes access,0d194a4d-d39e-4bef-90d0-7735fe02a329,Mesh,c70a8fcb-1742-4c5c-b63e-3aae2ce6dad0,1,2,21ba1252-bce4-4be6-b5ca-092496949ab7,false,downloadableSrc,200,image/webp,49454,49454,b667e91b562545b65846e23e11f32ee208a83fe7baa2dc7efdb60985c36a1e83,1179,2676,,,bytescale.mobbin.com,f7a1807c1ac98ccf0eecf5078d61346ac9a94ca37a547f5708d580528c9e55c0,/Users/user/mobbin-sides/screen-flows/mesh/030-mesh-turning-on-notes-access-316fb408-f85d-4228-af27-86d8ccbbdc70/002-21ba1252-bce4-4be6-b5ca-092496949ab7-downloadableSrc-b667e91b5625.webp
316fb408-f85d-4228-af27-86d8ccbbdc70,Turning on notes access,0d194a4d-d39e-4bef-90d0-7735fe02a329,Mesh,c70a8fcb-1742-4c5c-b63e-3aae2ce6dad0,2,3,6eef9f3c-36bc-443b-8fd3-a68ff34a885c,false,downloadableSrc,200,image/webp,49730,49730,985fbfc60d7bf2e595d1251e553e528f51325b98757110834189ec968d17f2d9,1179,2676,,,bytescale.mobbin.com,f7a1807c1ac98ccf0eecf5078d61346ac9a94ca37a547f5708d580528c9e55c0,/Users/user/mobbin-sides/screen-flows/mesh/030-mesh-turning-on-notes-access-316fb408-f85d-4228-af27-86d8ccbbdc70/003-6eef9f3c-36bc-443b-8fd3-a68ff34a885c-downloadableSrc-985fbfc60d7b.webp
316fb408-f85d-4228-af27-86d8ccbbdc70,Turning on notes access,0d194a4d-d39e-4bef-90d0-7735fe02a329,Mesh,c70a8fcb-1742-4c5c-b63e-3aae2ce6dad0,3,4,24dc0aac-45ff-43f4-8b5c-0272312eac4c,false,downloadableSrc,200,image/webp,31590,31590,d1ffd69ecb67a52ecb4713715d980f85b2a0f9c91e965ba69ec8795acc836e34,1179,2676,,,bytescale.mobbin.com,f7a1807c1ac98ccf0eecf5078d61346ac9a94ca37a547f5708d580528c9e55c0,/Users/user/mobbin-sides/screen-flows/mesh/030-mesh-turning-on-notes-access-316fb408-f85d-4228-af27-86d8ccbbdc70/004-24dc0aac-45ff-43f4-8b5c-0272312eac4c-downloadableSrc-d1ffd69ecb67.webp
bdc7cb02-89a7-4dc4-aec6-143318c57806,Removing an invite,0d194a4d-d39e-4bef-90d0-7735fe02a329,Mesh,c70a8fcb-1742-4c5c-b63e-3aae2ce6dad0,0,1,21ba1252-bce4-4be6-b5ca-092496949ab7,false,downloadableSrc,200,image/webp,49454,49454,b667e91b562545b65846e23e11f32ee208a83fe7baa2dc7efdb60985c36a1e83,1179,2676,,,bytescale.mobbin.com,f7a1807c1ac98ccf0eecf5078d61346ac9a94ca37a547f5708d580528c9e55c0,/Users/user/mobbin-sides/screen-flows/mesh/031-mesh-removing-an-invite-bdc7cb02-89a7-4dc4-aec6-143318c57806/001-21ba1252-bce4-4be6-b5ca-092496949ab7-downloadableSrc-b667e91b5625.webp
bdc7cb02-89a7-4dc4-aec6-143318c57806,Removing an invite,0d194a4d-d39e-4bef-90d0-7735fe02a329,Mesh,c70a8fcb-1742-4c5c-b63e-3aae2ce6dad0,1,2,13ff6abc-0bb5-4125-a516-4d758863c342,false,downloadableSrc,200,image/webp,62594,62594,d2132de2dd399961c920c49bcdffccec530a386f46f0c44e88c03f8b1e0a1623,1179,2676,,,bytescale.mobbin.com,f7a1807c1ac98ccf0eecf5078d61346ac9a94ca37a547f5708d580528c9e55c0,/Users/user/mobbin-sides/screen-flows/mesh/031-mesh-removing-an-invite-bdc7cb02-89a7-4dc4-aec6-143318c57806/002-13ff6abc-0bb5-4125-a516-4d758863c342-downloadableSrc-d2132de2dd39.webp
bdc7cb02-89a7-4dc4-aec6-143318c57806,Removing an invite,0d194a4d-d39e-4bef-90d0-7735fe02a329,Mesh,c70a8fcb-1742-4c5c-b63e-3aae2ce6dad0,2,3,e33a4e48-c71f-47a3-bd9d-3646d8eeea26,false,downloadableSrc,200,image/webp,25704,25704,32f0dcd775909841fc047421a23f081c2a6012e728562738d93146b07ff66ee4,1179,2676,,,bytescale.mobbin.com,f7a1807c1ac98ccf0eecf5078d61346ac9a94ca37a547f5708d580528c9e55c0,/Users/user/mobbin-sides/screen-flows/mesh/031-mesh-removing-an-invite-bdc7cb02-89a7-4dc4-aec6-143318c57806/003-e33a4e48-c71f-47a3-bd9d-3646d8eeea26-downloadableSrc-32f0dcd77590.webp
26e2a6a4-8e60-481b-bfb2-f29da4f9bb3e,Merging a profile,0d194a4d-d39e-4bef-90d0-7735fe02a329,Mesh,c70a8fcb-1742-4c5c-b63e-3aae2ce6dad0,0,1,1df49eb4-fb1b-4e04-9bca-aa4f1b6c106f,false,downloadableSrc,200,image/webp,70070,70070,af50086d61de5543fdf2ebd58171399c940f8d070c04157b574cedc71ec48728,1179,2676,,,bytescale.mobbin.com,f7a1807c1ac98ccf0eecf5078d61346ac9a94ca37a547f5708d580528c9e55c0,/Users/user/mobbin-sides/screen-flows/mesh/032-mesh-merging-a-profile-26e2a6a4-8e60-481b-bfb2-f29da4f9bb3e/001-1df49eb4-fb1b-4e04-9bca-aa4f1b6c106f-downloadableSrc-af50086d61de.webp
26e2a6a4-8e60-481b-bfb2-f29da4f9bb3e,Merging a profile,0d194a4d-d39e-4bef-90d0-7735fe02a329,Mesh,c70a8fcb-1742-4c5c-b63e-3aae2ce6dad0,1,2,d33e8e30-80ea-4bbe-84ea-369962a56b38,false,downloadableSrc,200,image/webp,29562,29562,e6b316d2a1a140f594d650591b208a864505f39ea5da84fc66ff936ac7be8c23,1179,2676,,,bytescale.mobbin.com,f7a1807c1ac98ccf0eecf5078d61346ac9a94ca37a547f5708d580528c9e55c0,/Users/user/mobbin-sides/screen-flows/mesh/032-mesh-merging-a-profile-26e2a6a4-8e60-481b-bfb2-f29da4f9bb3e/002-d33e8e30-80ea-4bbe-84ea-369962a56b38-downloadableSrc-e6b316d2a1a1.webp
26e2a6a4-8e60-481b-bfb2-f29da4f9bb3e,Merging a profile,0d194a4d-d39e-4bef-90d0-7735fe02a329,Mesh,c70a8fcb-1742-4c5c-b63e-3aae2ce6dad0,2,3,eaa25492-5287-4746-bba8-5cd5e5efcc0c,false,downloadableSrc,200,image/webp,25684,25684,bcd95273c658a264f74b5a7fb7dbd304268bc32ec3e44b9162e2cb2b06549d29,1179,2676,,,bytescale.mobbin.com,f7a1807c1ac98ccf0eecf5078d61346ac9a94ca37a547f5708d580528c9e55c0,/Users/user/mobbin-sides/screen-flows/mesh/032-mesh-merging-a-profile-26e2a6a4-8e60-481b-bfb2-f29da4f9bb3e/003-eaa25492-5287-4746-bba8-5cd5e5efcc0c-downloadableSrc-bcd95273c658.webp
26e2a6a4-8e60-481b-bfb2-f29da4f9bb3e,Merging a profile,0d194a4d-d39e-4bef-90d0-7735fe02a329,Mesh,c70a8fcb-1742-4c5c-b63e-3aae2ce6dad0,3,4,c8c91c5c-eab4-416d-a175-01662e68a2bf,false,downloadableSrc,200,image/webp,27404,27404,0910e1dba10bcf208fefb57402ec3a458423d9980ec1219396e514202a44a750,1179,2676,,,bytescale.mobbin.com,f7a1807c1ac98ccf0eecf5078d61346ac9a94ca37a547f5708d580528c9e55c0,/Users/user/mobbin-sides/screen-flows/mesh/032-mesh-merging-a-profile-26e2a6a4-8e60-481b-bfb2-f29da4f9bb3e/004-c8c91c5c-eab4-416d-a175-01662e68a2bf-downloadableSrc-0910e1dba10b.webp
26e2a6a4-8e60-481b-bfb2-f29da4f9bb3e,Merging a profile,0d194a4d-d39e-4bef-90d0-7735fe02a329,Mesh,c70a8fcb-1742-4c5c-b63e-3aae2ce6dad0,4,5,37cfe986-5c1e-4196-863e-ec63d9484a20,false,downloadableSrc,200,image/webp,28396,28396,bb17ced3c6df5b0bd737d5ba066311c67f54439ca6c02959bcd332872b1bed9f,1179,2676,,,bytescale.mobbin.com,f7a1807c1ac98ccf0eecf5078d61346ac9a94ca37a547f5708d580528c9e55c0,/Users/user/mobbin-sides/screen-flows/mesh/032-mesh-merging-a-profile-26e2a6a4-8e60-481b-bfb2-f29da4f9bb3e/005-37cfe986-5c1e-4196-863e-ec63d9484a20-downloadableSrc-bb17ced3c6df.webp
26e2a6a4-8e60-481b-bfb2-f29da4f9bb3e,Merging a profile,0d194a4d-d39e-4bef-90d0-7735fe02a329,Mesh,c70a8fcb-1742-4c5c-b63e-3aae2ce6dad0,5,6,f4109915-4f89-4ece-a169-3cef929fb9c1,false,downloadableSrc,200,image/webp,36558,36558,9c1f79753824caa2d026f1c5b9392fd03921970982339dc80e5767b135c1e7e9,1179,2676,,,bytescale.mobbin.com,f7a1807c1ac98ccf0eecf5078d61346ac9a94ca37a547f5708d580528c9e55c0,/Users/user/mobbin-sides/screen-flows/mesh/032-mesh-merging-a-profile-26e2a6a4-8e60-481b-bfb2-f29da4f9bb3e/006-f4109915-4f89-4ece-a169-3cef929fb9c1-downloadableSrc-9c1f79753824.webp
26e2a6a4-8e60-481b-bfb2-f29da4f9bb3e,Merging a profile,0d194a4d-d39e-4bef-90d0-7735fe02a329,Mesh,c70a8fcb-1742-4c5c-b63e-3aae2ce6dad0,6,7,84de65f0-5db5-4fbc-a374-67146829300a,false,downloadableSrc,200,image/webp,51600,51600,e9c16cc8a672ee62c3191920f185d74b78f5eccc49f9a1fa289c85c17b02c062,1179,2676,,,bytescale.mobbin.com,f7a1807c1ac98ccf0eecf5078d61346ac9a94ca37a547f5708d580528c9e55c0,/Users/user/mobbin-sides/screen-flows/mesh/032-mesh-merging-a-profile-26e2a6a4-8e60-481b-bfb2-f29da4f9bb3e/007-84de65f0-5db5-4fbc-a374-67146829300a-downloadableSrc-e9c16cc8a672.webp
26e2a6a4-8e60-481b-bfb2-f29da4f9bb3e,Merging a profile,0d194a4d-d39e-4bef-90d0-7735fe02a329,Mesh,c70a8fcb-1742-4c5c-b63e-3aae2ce6dad0,7,8,907cbdeb-34b9-4866-b7b6-ee3e1ac93be9,false,downloadableSrc,200,image/webp,67452,67452,836152b49f4ad420f6a7c0a87ed8b4949f0148a700438c840f1533b13b91e2f0,1179,2676,,,bytescale.mobbin.com,f7a1807c1ac98ccf0eecf5078d61346ac9a94ca37a547f5708d580528c9e55c0,/Users/user/mobbin-sides/screen-flows/mesh/032-mesh-merging-a-profile-26e2a6a4-8e60-481b-bfb2-f29da4f9bb3e/008-907cbdeb-34b9-4866-b7b6-ee3e1ac93be9-downloadableSrc-836152b49f4a.webp
ec4e0709-869c-42f3-b479-4dbd01919606,Archiving a contact,0d194a4d-d39e-4bef-90d0-7735fe02a329,Mesh,c70a8fcb-1742-4c5c-b63e-3aae2ce6dad0,0,1,1df49eb4-fb1b-4e04-9bca-aa4f1b6c106f,false,downloadableSrc,200,image/webp,70070,70070,af50086d61de5543fdf2ebd58171399c940f8d070c04157b574cedc71ec48728,1179,2676,,,bytescale.mobbin.com,f7a1807c1ac98ccf0eecf5078d61346ac9a94ca37a547f5708d580528c9e55c0,/Users/user/mobbin-sides/screen-flows/mesh/033-mesh-archiving-a-contact-ec4e0709-869c-42f3-b479-4dbd01919606/001-1df49eb4-fb1b-4e04-9bca-aa4f1b6c106f-downloadableSrc-af50086d61de.webp
ec4e0709-869c-42f3-b479-4dbd01919606,Archiving a contact,0d194a4d-d39e-4bef-90d0-7735fe02a329,Mesh,c70a8fcb-1742-4c5c-b63e-3aae2ce6dad0,1,2,5622db85-ad9b-4029-b6ee-6ede4b688961,false,downloadableSrc,200,image/webp,29796,29796,3accb0da7b6710411cf1c7fb740bb28c5e75b6f109b0077ac37521f6a9309ad5,1179,2676,,,bytescale.mobbin.com,f7a1807c1ac98ccf0eecf5078d61346ac9a94ca37a547f5708d580528c9e55c0,/Users/user/mobbin-sides/screen-flows/mesh/033-mesh-archiving-a-contact-ec4e0709-869c-42f3-b479-4dbd01919606/002-5622db85-ad9b-4029-b6ee-6ede4b688961-downloadableSrc-3accb0da7b67.webp
68becb85-d33b-44e8-b0ea-eb4336f4d749,Adding related people,0d194a4d-d39e-4bef-90d0-7735fe02a329,Mesh,c70a8fcb-1742-4c5c-b63e-3aae2ce6dad0,0,1,97297fc4-64c9-4567-a0ee-ec6ef26c3045,false,downloadableSrc,200,image/webp,71922,71922,49ac67cedf999dc56e2d255c8f06ca3d1938c7c778062597a7e77896c46e5382,1179,2676,,,bytescale.mobbin.com,f7a1807c1ac98ccf0eecf5078d61346ac9a94ca37a547f5708d580528c9e55c0,/Users/user/mobbin-sides/screen-flows/mesh/034-mesh-adding-related-people-68becb85-d33b-44e8-b0ea-eb4336f4d749/001-97297fc4-64c9-4567-a0ee-ec6ef26c3045-downloadableSrc-49ac67cedf99.webp
68becb85-d33b-44e8-b0ea-eb4336f4d749,Adding related people,0d194a4d-d39e-4bef-90d0-7735fe02a329,Mesh,c70a8fcb-1742-4c5c-b63e-3aae2ce6dad0,1,2,e17aa57a-72b3-465f-bebd-c9231f615a30,false,downloadableSrc,200,image/webp,53622,53622,a00c90a0ae47b5b28cf6d8d63aae08ad345f3a2b6044ab1e25c8d5ce5d3c5157,1179,2676,,,bytescale.mobbin.com,f7a1807c1ac98ccf0eecf5078d61346ac9a94ca37a547f5708d580528c9e55c0,/Users/user/mobbin-sides/screen-flows/mesh/034-mesh-adding-related-people-68becb85-d33b-44e8-b0ea-eb4336f4d749/002-e17aa57a-72b3-465f-bebd-c9231f615a30-downloadableSrc-a00c90a0ae47.webp
68becb85-d33b-44e8-b0ea-eb4336f4d749,Adding related people,0d194a4d-d39e-4bef-90d0-7735fe02a329,Mesh,c70a8fcb-1742-4c5c-b63e-3aae2ce6dad0,2,3,e9b310b0-3fa1-4d72-ba5a-a6271cf4704a,false,downloadableSrc,200,image/webp,22904,22904,9f5533d8305dd5d5291ba340b6b4c38a3b39919bff0a972ef666ff44fa5cbe3f,1179,2676,,,bytescale.mobbin.com,f7a1807c1ac98ccf0eecf5078d61346ac9a94ca37a547f5708d580528c9e55c0,/Users/user/mobbin-sides/screen-flows/mesh/034-mesh-adding-related-people-68becb85-d33b-44e8-b0ea-eb4336f4d749/003-e9b310b0-3fa1-4d72-ba5a-a6271cf4704a-downloadableSrc-9f5533d8305d.webp
68becb85-d33b-44e8-b0ea-eb4336f4d749,Adding related people,0d194a4d-d39e-4bef-90d0-7735fe02a329,Mesh,c70a8fcb-1742-4c5c-b63e-3aae2ce6dad0,3,4,02ce953e-4376-489f-8954-5bda9a1f72ec,false,downloadableSrc,200,image/webp,34882,34882,918adc2dfc902078eb9bf847372daef1c65de737135538065cee0487eef52c32,1179,2676,,,bytescale.mobbin.com,f7a1807c1ac98ccf0eecf5078d61346ac9a94ca37a547f5708d580528c9e55c0,/Users/user/mobbin-sides/screen-flows/mesh/034-mesh-adding-related-people-68becb85-d33b-44e8-b0ea-eb4336f4d749/004-02ce953e-4376-489f-8954-5bda9a1f72ec-downloadableSrc-918adc2dfc90.webp
68becb85-d33b-44e8-b0ea-eb4336f4d749,Adding related people,0d194a4d-d39e-4bef-90d0-7735fe02a329,Mesh,c70a8fcb-1742-4c5c-b63e-3aae2ce6dad0,4,5,e66cef74-8aa4-4da5-919c-1dfacc5049e2,false,downloadableSrc,200,image/webp,35438,35438,2a5c69561b714ecf50fe273aa3c7c22a8f3317104581a3687382339029a7ee35,1179,2676,,,bytescale.mobbin.com,f7a1807c1ac98ccf0eecf5078d61346ac9a94ca37a547f5708d580528c9e55c0,/Users/user/mobbin-sides/screen-flows/mesh/034-mesh-adding-related-people-68becb85-d33b-44e8-b0ea-eb4336f4d749/005-e66cef74-8aa4-4da5-919c-1dfacc5049e2-downloadableSrc-2a5c69561b71.webp
68becb85-d33b-44e8-b0ea-eb4336f4d749,Adding related people,0d194a4d-d39e-4bef-90d0-7735fe02a329,Mesh,c70a8fcb-1742-4c5c-b63e-3aae2ce6dad0,5,6,b358ac65-b74c-4feb-9802-a0f61ec1557a,false,downloadableSrc,200,image/webp,56118,56118,e99e7f90fb36c987985ca21638ea3c9dcfa1c84b376d927f81e8541150bad34b,1179,2676,,,bytescale.mobbin.com,f7a1807c1ac98ccf0eecf5078d61346ac9a94ca37a547f5708d580528c9e55c0,/Users/user/mobbin-sides/screen-flows/mesh/034-mesh-adding-related-people-68becb85-d33b-44e8-b0ea-eb4336f4d749/006-b358ac65-b74c-4feb-9802-a0f61ec1557a-downloadableSrc-e99e7f90fb36.webp
a308280d-03fc-4579-80f5-7eae9806da26,Adding contact info,0d194a4d-d39e-4bef-90d0-7735fe02a329,Mesh,c70a8fcb-1742-4c5c-b63e-3aae2ce6dad0,0,1,ea36964e-42cd-4594-a078-8ee15ba93648,false,downloadableSrc,200,image/webp,68236,68236,4a316fde1b0abf8eaca2a37cc022242ced169e2435083745b43ef0a1e3ef0d6b,1179,2676,,,bytescale.mobbin.com,f7a1807c1ac98ccf0eecf5078d61346ac9a94ca37a547f5708d580528c9e55c0,/Users/user/mobbin-sides/screen-flows/mesh/035-mesh-adding-contact-info-a308280d-03fc-4579-80f5-7eae9806da26/001-ea36964e-42cd-4594-a078-8ee15ba93648-downloadableSrc-4a316fde1b0a.webp
a308280d-03fc-4579-80f5-7eae9806da26,Adding contact info,0d194a4d-d39e-4bef-90d0-7735fe02a329,Mesh,c70a8fcb-1742-4c5c-b63e-3aae2ce6dad0,1,2,9d8a63e1-a96b-415e-80a7-cc80539dd207,false,downloadableSrc,200,image/webp,32898,32898,adb4d6ce3291a2b24e114110958d64cc738eef27b792166ec328d3ffe0541bbe,1179,2676,,,bytescale.mobbin.com,f7a1807c1ac98ccf0eecf5078d61346ac9a94ca37a547f5708d580528c9e55c0,/Users/user/mobbin-sides/screen-flows/mesh/035-mesh-adding-contact-info-a308280d-03fc-4579-80f5-7eae9806da26/002-9d8a63e1-a96b-415e-80a7-cc80539dd207-downloadableSrc-adb4d6ce3291.webp
a308280d-03fc-4579-80f5-7eae9806da26,Adding contact info,0d194a4d-d39e-4bef-90d0-7735fe02a329,Mesh,c70a8fcb-1742-4c5c-b63e-3aae2ce6dad0,2,3,10ac0be9-b3f4-4e26-9e59-46de341aa52e,false,downloadableSrc,200,image/webp,57462,57462,7b1688f46f64cf3e04fadb93c16b3716b27ed8d0e9d940554128f3a30052e943,1179,2676,,,bytescale.mobbin.com,f7a1807c1ac98ccf0eecf5078d61346ac9a94ca37a547f5708d580528c9e55c0,/Users/user/mobbin-sides/screen-flows/mesh/035-mesh-adding-contact-info-a308280d-03fc-4579-80f5-7eae9806da26/003-10ac0be9-b3f4-4e26-9e59-46de341aa52e-downloadableSrc-7b1688f46f64.webp
a308280d-03fc-4579-80f5-7eae9806da26,Adding contact info,0d194a4d-d39e-4bef-90d0-7735fe02a329,Mesh,c70a8fcb-1742-4c5c-b63e-3aae2ce6dad0,3,4,cf988757-e720-497a-ba65-314c2ba741f6,false,downloadableSrc,200,image/webp,73010,73010,9c1999e1f9e73ab90f77c7a7b393f2aa483bac47aa838741f061daac5b57a96e,1179,2676,,,bytescale.mobbin.com,f7a1807c1ac98ccf0eecf5078d61346ac9a94ca37a547f5708d580528c9e55c0,/Users/user/mobbin-sides/screen-flows/mesh/035-mesh-adding-contact-info-a308280d-03fc-4579-80f5-7eae9806da26/004-cf988757-e720-497a-ba65-314c2ba741f6-downloadableSrc-9c1999e1f9e7.webp
af9a3e82-35c9-4b17-814a-0bef76854f1f,Changing a label,0d194a4d-d39e-4bef-90d0-7735fe02a329,Mesh,c70a8fcb-1742-4c5c-b63e-3aae2ce6dad0,0,1,cf988757-e720-497a-ba65-314c2ba741f6,false,downloadableSrc,200,image/webp,73010,73010,9c1999e1f9e73ab90f77c7a7b393f2aa483bac47aa838741f061daac5b57a96e,1179,2676,,,bytescale.mobbin.com,f7a1807c1ac98ccf0eecf5078d61346ac9a94ca37a547f5708d580528c9e55c0,/Users/user/mobbin-sides/screen-flows/mesh/036-mesh-changing-a-label-af9a3e82-35c9-4b17-814a-0bef76854f1f/001-cf988757-e720-497a-ba65-314c2ba741f6-downloadableSrc-9c1999e1f9e7.webp
af9a3e82-35c9-4b17-814a-0bef76854f1f,Changing a label,0d194a4d-d39e-4bef-90d0-7735fe02a329,Mesh,c70a8fcb-1742-4c5c-b63e-3aae2ce6dad0,1,2,65e1e28b-0f3a-4a0e-b1f5-b958379505b8,false,downloadableSrc,200,image/webp,57634,57634,3476e5603a0aa12645e53ce4f3863a15a7193ec05a9592799c17dcdcf1177e0e,1179,2676,,,bytescale.mobbin.com,f7a1807c1ac98ccf0eecf5078d61346ac9a94ca37a547f5708d580528c9e55c0,/Users/user/mobbin-sides/screen-flows/mesh/036-mesh-changing-a-label-af9a3e82-35c9-4b17-814a-0bef76854f1f/002-65e1e28b-0f3a-4a0e-b1f5-b958379505b8-downloadableSrc-3476e5603a0a.webp
af9a3e82-35c9-4b17-814a-0bef76854f1f,Changing a label,0d194a4d-d39e-4bef-90d0-7735fe02a329,Mesh,c70a8fcb-1742-4c5c-b63e-3aae2ce6dad0,2,3,6576e325-73d9-4d03-86c8-dcc8a721f3ed,false,downloadableSrc,200,image/webp,55776,55776,27090301b11f88bf9aed2a556b780fa832c044535c9992f97fc9e8e64a8c5734,1179,2676,,,bytescale.mobbin.com,f7a1807c1ac98ccf0eecf5078d61346ac9a94ca37a547f5708d580528c9e55c0,/Users/user/mobbin-sides/screen-flows/mesh/036-mesh-changing-a-label-af9a3e82-35c9-4b17-814a-0bef76854f1f/003-6576e325-73d9-4d03-86c8-dcc8a721f3ed-downloadableSrc-27090301b11f.webp
af9a3e82-35c9-4b17-814a-0bef76854f1f,Changing a label,0d194a4d-d39e-4bef-90d0-7735fe02a329,Mesh,c70a8fcb-1742-4c5c-b63e-3aae2ce6dad0,3,4,dfa7c5be-7d5d-4a5f-a78c-265adea874b0,false,downloadableSrc,200,image/webp,71220,71220,948149af1716ebf08e077fe2471bf1c037622d15f69e25d875ccf711222af808,1179,2676,,,bytescale.mobbin.com,f7a1807c1ac98ccf0eecf5078d61346ac9a94ca37a547f5708d580528c9e55c0,/Users/user/mobbin-sides/screen-flows/mesh/036-mesh-changing-a-label-af9a3e82-35c9-4b17-814a-0bef76854f1f/004-dfa7c5be-7d5d-4a5f-a78c-265adea874b0-downloadableSrc-948149af1716.webp
53ee015f-e49b-4adb-ad59-8072e19babb2,Creating a label,0d194a4d-d39e-4bef-90d0-7735fe02a329,Mesh,c70a8fcb-1742-4c5c-b63e-3aae2ce6dad0,0,1,6576e325-73d9-4d03-86c8-dcc8a721f3ed,false,downloadableSrc,200,image/webp,55776,55776,27090301b11f88bf9aed2a556b780fa832c044535c9992f97fc9e8e64a8c5734,1179,2676,,,bytescale.mobbin.com,f7a1807c1ac98ccf0eecf5078d61346ac9a94ca37a547f5708d580528c9e55c0,/Users/user/mobbin-sides/screen-flows/mesh/037-mesh-creating-a-label-53ee015f-e49b-4adb-ad59-8072e19babb2/001-6576e325-73d9-4d03-86c8-dcc8a721f3ed-downloadableSrc-27090301b11f.webp
53ee015f-e49b-4adb-ad59-8072e19babb2,Creating a label,0d194a4d-d39e-4bef-90d0-7735fe02a329,Mesh,c70a8fcb-1742-4c5c-b63e-3aae2ce6dad0,1,2,80eff8f6-3998-4bb0-b329-44e9736e7d00,false,downloadableSrc,200,image/webp,64938,64938,0d51471c9d503f7f0782420aa4014a1885d5b93b0acc54d1eec960a1115bb3d2,1179,2676,,,bytescale.mobbin.com,f7a1807c1ac98ccf0eecf5078d61346ac9a94ca37a547f5708d580528c9e55c0,/Users/user/mobbin-sides/screen-flows/mesh/037-mesh-creating-a-label-53ee015f-e49b-4adb-ad59-8072e19babb2/002-80eff8f6-3998-4bb0-b329-44e9736e7d00-downloadableSrc-0d51471c9d50.webp
53ee015f-e49b-4adb-ad59-8072e19babb2,Creating a label,0d194a4d-d39e-4bef-90d0-7735fe02a329,Mesh,c70a8fcb-1742-4c5c-b63e-3aae2ce6dad0,2,3,2ff78199-4d08-4561-88c6-34b390260da8,false,downloadableSrc,200,image/webp,69266,69266,7e6a2a57659fd479665838211d9582f7ec02061bd9335b5e2f723734de55a6b5,1179,2676,,,bytescale.mobbin.com,f7a1807c1ac98ccf0eecf5078d61346ac9a94ca37a547f5708d580528c9e55c0,/Users/user/mobbin-sides/screen-flows/mesh/037-mesh-creating-a-label-53ee015f-e49b-4adb-ad59-8072e19babb2/003-2ff78199-4d08-4561-88c6-34b390260da8-downloadableSrc-7e6a2a57659f.webp
53ee015f-e49b-4adb-ad59-8072e19babb2,Creating a label,0d194a4d-d39e-4bef-90d0-7735fe02a329,Mesh,c70a8fcb-1742-4c5c-b63e-3aae2ce6dad0,3,4,e6eb4709-e219-4961-9638-1a577c743399,false,downloadableSrc,200,image/webp,72554,72554,951f7fbec8bf2019119f331b62fd44bc5abdfa8800ad539476e5b7e4f3d1f471,1179,2676,,,bytescale.mobbin.com,f7a1807c1ac98ccf0eecf5078d61346ac9a94ca37a547f5708d580528c9e55c0,/Users/user/mobbin-sides/screen-flows/mesh/037-mesh-creating-a-label-53ee015f-e49b-4adb-ad59-8072e19babb2/004-e6eb4709-e219-4961-9638-1a577c743399-downloadableSrc-951f7fbec8bf.webp
3aa9b7b4-1dba-4a16-b172-dce4a339ca00,Deleting contact info,0d194a4d-d39e-4bef-90d0-7735fe02a329,Mesh,c70a8fcb-1742-4c5c-b63e-3aae2ce6dad0,0,1,65e1e28b-0f3a-4a0e-b1f5-b958379505b8,false,downloadableSrc,200,image/webp,57634,57634,3476e5603a0aa12645e53ce4f3863a15a7193ec05a9592799c17dcdcf1177e0e,1179,2676,,,bytescale.mobbin.com,f7a1807c1ac98ccf0eecf5078d61346ac9a94ca37a547f5708d580528c9e55c0,/Users/user/mobbin-sides/screen-flows/mesh/038-mesh-deleting-contact-info-3aa9b7b4-1dba-4a16-b172-dce4a339ca00/001-65e1e28b-0f3a-4a0e-b1f5-b958379505b8-downloadableSrc-3476e5603a0a.webp
3aa9b7b4-1dba-4a16-b172-dce4a339ca00,Deleting contact info,0d194a4d-d39e-4bef-90d0-7735fe02a329,Mesh,c70a8fcb-1742-4c5c-b63e-3aae2ce6dad0,1,2,b6556db1-d8c3-478a-b66e-7c4cea3c554f,false,downloadableSrc,200,image/webp,67512,67512,09674be95d7028d0b8dfd355575a10e93220257e00b4c056b81d1216f06a58f2,1179,2676,,,bytescale.mobbin.com,f7a1807c1ac98ccf0eecf5078d61346ac9a94ca37a547f5708d580528c9e55c0,/Users/user/mobbin-sides/screen-flows/mesh/038-mesh-deleting-contact-info-3aa9b7b4-1dba-4a16-b172-dce4a339ca00/002-b6556db1-d8c3-478a-b66e-7c4cea3c554f-downloadableSrc-09674be95d70.webp
1db3eb41-6a3b-49a0-b7f2-736f06270690,Filtering timeline,0d194a4d-d39e-4bef-90d0-7735fe02a329,Mesh,c70a8fcb-1742-4c5c-b63e-3aae2ce6dad0,0,1,704aafd7-ad60-4b22-9629-790d900be828,false,downloadableSrc,200,image/webp,71592,71592,fafef800caa1c41d55e68f01c2758580fd84a39f767a424891e0b2afb4bb0d8f,1179,2676,,,bytescale.mobbin.com,f7a1807c1ac98ccf0eecf5078d61346ac9a94ca37a547f5708d580528c9e55c0,/Users/user/mobbin-sides/screen-flows/mesh/039-mesh-filtering-timeline-1db3eb41-6a3b-49a0-b7f2-736f06270690/001-704aafd7-ad60-4b22-9629-790d900be828-downloadableSrc-fafef800caa1.webp
1db3eb41-6a3b-49a0-b7f2-736f06270690,Filtering timeline,0d194a4d-d39e-4bef-90d0-7735fe02a329,Mesh,c70a8fcb-1742-4c5c-b63e-3aae2ce6dad0,1,2,a8529f8c-933e-4cc6-b92a-cbbb5d2a425e,false,downloadableSrc,200,image/webp,66714,66714,3a5257da2480c1ff271827c3c7e45105afb6eb0880c11586a3c432cc76488f40,1179,2676,,,bytescale.mobbin.com,f7a1807c1ac98ccf0eecf5078d61346ac9a94ca37a547f5708d580528c9e55c0,/Users/user/mobbin-sides/screen-flows/mesh/039-mesh-filtering-timeline-1db3eb41-6a3b-49a0-b7f2-736f06270690/002-a8529f8c-933e-4cc6-b92a-cbbb5d2a425e-downloadableSrc-3a5257da2480.webp
1db3eb41-6a3b-49a0-b7f2-736f06270690,Filtering timeline,0d194a4d-d39e-4bef-90d0-7735fe02a329,Mesh,c70a8fcb-1742-4c5c-b63e-3aae2ce6dad0,2,3,b0801735-2da0-4e1d-b325-68114d7d99c0,false,downloadableSrc,200,image/webp,55976,55976,8e39c4d0715fe9a886395f6fb8e618f26a8a90dc1ef13d908b105b137302fe59,1179,2676,,,bytescale.mobbin.com,f7a1807c1ac98ccf0eecf5078d61346ac9a94ca37a547f5708d580528c9e55c0,/Users/user/mobbin-sides/screen-flows/mesh/039-mesh-filtering-timeline-1db3eb41-6a3b-49a0-b7f2-736f06270690/003-b0801735-2da0-4e1d-b325-68114d7d99c0-downloadableSrc-8e39c4d0715f.webp
b2d1a6c6-e41e-4607-a4eb-cd30ab4e1380,Marking item as done,0d194a4d-d39e-4bef-90d0-7735fe02a329,Mesh,c70a8fcb-1742-4c5c-b63e-3aae2ce6dad0,0,1,7dc15a43-7065-4397-be46-c9f7f1faf073,false,downloadableSrc,200,image/webp,76532,76532,aefccdb2dfcbbbac91b34be1d46311100eeb0ae4040314afc0a5e175d1a8f742,1179,2676,,,bytescale.mobbin.com,f7a1807c1ac98ccf0eecf5078d61346ac9a94ca37a547f5708d580528c9e55c0,/Users/user/mobbin-sides/screen-flows/mesh/040-mesh-marking-item-as-done-b2d1a6c6-e41e-4607-a4eb-cd30ab4e1380/001-7dc15a43-7065-4397-be46-c9f7f1faf073-downloadableSrc-aefccdb2dfcb.webp
b2d1a6c6-e41e-4607-a4eb-cd30ab4e1380,Marking item as done,0d194a4d-d39e-4bef-90d0-7735fe02a329,Mesh,c70a8fcb-1742-4c5c-b63e-3aae2ce6dad0,1,2,c50bcc55-69f8-40a8-a1aa-38a37a9603ef,false,downloadableSrc,200,image/webp,72120,72120,9916fcf00086306327735ead16e411e7548166f87e54ae157ee1f7bfcd317954,1179,2676,,,bytescale.mobbin.com,f7a1807c1ac98ccf0eecf5078d61346ac9a94ca37a547f5708d580528c9e55c0,/Users/user/mobbin-sides/screen-flows/mesh/040-mesh-marking-item-as-done-b2d1a6c6-e41e-4607-a4eb-cd30ab4e1380/002-c50bcc55-69f8-40a8-a1aa-38a37a9603ef-downloadableSrc-9916fcf00086.webp
b2d1a6c6-e41e-4607-a4eb-cd30ab4e1380,Marking item as done,0d194a4d-d39e-4bef-90d0-7735fe02a329,Mesh,c70a8fcb-1742-4c5c-b63e-3aae2ce6dad0,2,3,d5d3fed0-2ee8-4228-a0e4-03d8a2dfc96a,false,downloadableSrc,200,image/webp,92750,92750,bf2024b38a6278bc262dc6efa0e11be67bc3e134cf8c570e050dd96410a47798,1179,2676,,,bytescale.mobbin.com,f7a1807c1ac98ccf0eecf5078d61346ac9a94ca37a547f5708d580528c9e55c0,/Users/user/mobbin-sides/screen-flows/mesh/040-mesh-marking-item-as-done-b2d1a6c6-e41e-4607-a4eb-cd30ab4e1380/003-d5d3fed0-2ee8-4228-a0e4-03d8a2dfc96a-downloadableSrc-bf2024b38a62.webp
8acc897c-02fc-47f4-bcad-77ff1fe39c7a,Filtering items,0d194a4d-d39e-4bef-90d0-7735fe02a329,Mesh,c70a8fcb-1742-4c5c-b63e-3aae2ce6dad0,0,1,7dc15a43-7065-4397-be46-c9f7f1faf073,false,downloadableSrc,200,image/webp,76532,76532,aefccdb2dfcbbbac91b34be1d46311100eeb0ae4040314afc0a5e175d1a8f742,1179,2676,,,bytescale.mobbin.com,f7a1807c1ac98ccf0eecf5078d61346ac9a94ca37a547f5708d580528c9e55c0,/Users/user/mobbin-sides/screen-flows/mesh/041-mesh-filtering-items-8acc897c-02fc-47f4-bcad-77ff1fe39c7a/001-7dc15a43-7065-4397-be46-c9f7f1faf073-downloadableSrc-aefccdb2dfcb.webp
8acc897c-02fc-47f4-bcad-77ff1fe39c7a,Filtering items,0d194a4d-d39e-4bef-90d0-7735fe02a329,Mesh,c70a8fcb-1742-4c5c-b63e-3aae2ce6dad0,1,2,8db45ea4-7352-4edf-bd49-6f68e0b8c791,false,downloadableSrc,200,image/webp,81348,81348,b369350c8a06d1af89dfec1f30abd68024f37d3effb3d2b9219bf9b416654f58,1179,2676,,,bytescale.mobbin.com,f7a1807c1ac98ccf0eecf5078d61346ac9a94ca37a547f5708d580528c9e55c0,/Users/user/mobbin-sides/screen-flows/mesh/041-mesh-filtering-items-8acc897c-02fc-47f4-bcad-77ff1fe39c7a/002-8db45ea4-7352-4edf-bd49-6f68e0b8c791-downloadableSrc-b369350c8a06.webp
8acc897c-02fc-47f4-bcad-77ff1fe39c7a,Filtering items,0d194a4d-d39e-4bef-90d0-7735fe02a329,Mesh,c70a8fcb-1742-4c5c-b63e-3aae2ce6dad0,2,3,30d2e090-036b-4f3b-9b57-aca7b1c48e4d,false,downloadableSrc,200,image/webp,86898,86898,1ead407f8d135a99e32d38c60a3cd5c4e219f066ed912364ecc6536dae897f9c,1179,2676,,,bytescale.mobbin.com,f7a1807c1ac98ccf0eecf5078d61346ac9a94ca37a547f5708d580528c9e55c0,/Users/user/mobbin-sides/screen-flows/mesh/041-mesh-filtering-items-8acc897c-02fc-47f4-bcad-77ff1fe39c7a/003-30d2e090-036b-4f3b-9b57-aca7b1c48e4d-downloadableSrc-1ead407f8d13.webp
8acc897c-02fc-47f4-bcad-77ff1fe39c7a,Filtering items,0d194a4d-d39e-4bef-90d0-7735fe02a329,Mesh,c70a8fcb-1742-4c5c-b63e-3aae2ce6dad0,3,4,37ebf48a-c540-4049-9a1f-4362828eb7fd,false,downloadableSrc,200,image/webp,27082,27082,ffa95ff076c9621611acd199213f81a6328c87ffddd57b531b0d609c9b7de8c7,1179,2676,,,bytescale.mobbin.com,f7a1807c1ac98ccf0eecf5078d61346ac9a94ca37a547f5708d580528c9e55c0,/Users/user/mobbin-sides/screen-flows/mesh/041-mesh-filtering-items-8acc897c-02fc-47f4-bcad-77ff1fe39c7a/004-37ebf48a-c540-4049-9a1f-4362828eb7fd-downloadableSrc-ffa95ff076c9.webp
ea13392a-e996-4b82-8146-be1b3ea7fe53,Dismissing items,0d194a4d-d39e-4bef-90d0-7735fe02a329,Mesh,c70a8fcb-1742-4c5c-b63e-3aae2ce6dad0,0,1,37ebf48a-c540-4049-9a1f-4362828eb7fd,false,downloadableSrc,200,image/webp,27082,27082,ffa95ff076c9621611acd199213f81a6328c87ffddd57b531b0d609c9b7de8c7,1179,2676,,,bytescale.mobbin.com,f7a1807c1ac98ccf0eecf5078d61346ac9a94ca37a547f5708d580528c9e55c0,/Users/user/mobbin-sides/screen-flows/mesh/042-mesh-dismissing-items-ea13392a-e996-4b82-8146-be1b3ea7fe53/001-37ebf48a-c540-4049-9a1f-4362828eb7fd-downloadableSrc-ffa95ff076c9.webp
ea13392a-e996-4b82-8146-be1b3ea7fe53,Dismissing items,0d194a4d-d39e-4bef-90d0-7735fe02a329,Mesh,c70a8fcb-1742-4c5c-b63e-3aae2ce6dad0,1,2,0d0fface-6d11-4d64-8f0e-316ffb4c99ec,false,downloadableSrc,200,image/webp,31170,31170,f43b10c5d3b0bb89db9619ccd8047f39cc8ea2cccde92579bc033787eb49c98b,1179,2676,,,bytescale.mobbin.com,f7a1807c1ac98ccf0eecf5078d61346ac9a94ca37a547f5708d580528c9e55c0,/Users/user/mobbin-sides/screen-flows/mesh/042-mesh-dismissing-items-ea13392a-e996-4b82-8146-be1b3ea7fe53/002-0d0fface-6d11-4d64-8f0e-316ffb4c99ec-downloadableSrc-f43b10c5d3b0.webp
ea13392a-e996-4b82-8146-be1b3ea7fe53,Dismissing items,0d194a4d-d39e-4bef-90d0-7735fe02a329,Mesh,c70a8fcb-1742-4c5c-b63e-3aae2ce6dad0,2,3,2b2a9376-b55d-4fb6-967c-9da50a5bf04f,false,downloadableSrc,200,image/webp,40764,40764,d0b2b03eb20590362fe4b2953e38569da923eae33835f0d8320abb124d8ae677,1179,2676,,,bytescale.mobbin.com,f7a1807c1ac98ccf0eecf5078d61346ac9a94ca37a547f5708d580528c9e55c0,/Users/user/mobbin-sides/screen-flows/mesh/042-mesh-dismissing-items-ea13392a-e996-4b82-8146-be1b3ea7fe53/003-2b2a9376-b55d-4fb6-967c-9da50a5bf04f-downloadableSrc-d0b2b03eb205.webp
ea13392a-e996-4b82-8146-be1b3ea7fe53,Dismissing items,0d194a4d-d39e-4bef-90d0-7735fe02a329,Mesh,c70a8fcb-1742-4c5c-b63e-3aae2ce6dad0,3,4,77b500f8-3085-48e9-b118-b01f05c1616b,false,downloadableSrc,200,image/webp,25364,25364,cc61e487a718b1c4d0b42976acd6bef65d92eb879dce89966999e7b80533829f,1179,2676,,,bytescale.mobbin.com,f7a1807c1ac98ccf0eecf5078d61346ac9a94ca37a547f5708d580528c9e55c0,/Users/user/mobbin-sides/screen-flows/mesh/042-mesh-dismissing-items-ea13392a-e996-4b82-8146-be1b3ea7fe53/004-77b500f8-3085-48e9-b118-b01f05c1616b-downloadableSrc-cc61e487a718.webp
2ff19626-c5f9-43b6-87fd-de048f9262dd,People,0d194a4d-d39e-4bef-90d0-7735fe02a329,Mesh,c70a8fcb-1742-4c5c-b63e-3aae2ce6dad0,0,1,4f4110cf-181d-46d3-8904-765f13642478,false,downloadableSrc,200,image/webp,96220,96220,8c584394b6d015f2be7bed5ae9ddc8b45889c62f2610712529bcbbb84f32060e,1179,2676,,,bytescale.mobbin.com,f7a1807c1ac98ccf0eecf5078d61346ac9a94ca37a547f5708d580528c9e55c0,/Users/user/mobbin-sides/screen-flows/mesh/043-mesh-people-2ff19626-c5f9-43b6-87fd-de048f9262dd/001-4f4110cf-181d-46d3-8904-765f13642478-downloadableSrc-8c584394b6d0.webp
2ff19626-c5f9-43b6-87fd-de048f9262dd,People,0d194a4d-d39e-4bef-90d0-7735fe02a329,Mesh,c70a8fcb-1742-4c5c-b63e-3aae2ce6dad0,1,2,36a334e5-c62c-47d9-a8bf-fd9bcf0a5279,false,downloadableSrc,200,image/webp,54908,54908,f9ac2ab80b0cf979882c20361fc4d63cc6cccb46f59a2b5cec288e9c77e2b10d,1179,2676,,,bytescale.mobbin.com,f7a1807c1ac98ccf0eecf5078d61346ac9a94ca37a547f5708d580528c9e55c0,/Users/user/mobbin-sides/screen-flows/mesh/043-mesh-people-2ff19626-c5f9-43b6-87fd-de048f9262dd/002-36a334e5-c62c-47d9-a8bf-fd9bcf0a5279-downloadableSrc-f9ac2ab80b0c.webp
40daef7c-da08-4826-b87f-eb0bcda59b2c,Sorting contacts,0d194a4d-d39e-4bef-90d0-7735fe02a329,Mesh,c70a8fcb-1742-4c5c-b63e-3aae2ce6dad0,0,1,36a334e5-c62c-47d9-a8bf-fd9bcf0a5279,false,downloadableSrc,200,image/webp,54908,54908,f9ac2ab80b0cf979882c20361fc4d63cc6cccb46f59a2b5cec288e9c77e2b10d,1179,2676,,,bytescale.mobbin.com,f7a1807c1ac98ccf0eecf5078d61346ac9a94ca37a547f5708d580528c9e55c0,/Users/user/mobbin-sides/screen-flows/mesh/044-mesh-sorting-contacts-40daef7c-da08-4826-b87f-eb0bcda59b2c/001-36a334e5-c62c-47d9-a8bf-fd9bcf0a5279-downloadableSrc-f9ac2ab80b0c.webp
40daef7c-da08-4826-b87f-eb0bcda59b2c,Sorting contacts,0d194a4d-d39e-4bef-90d0-7735fe02a329,Mesh,c70a8fcb-1742-4c5c-b63e-3aae2ce6dad0,1,2,904792d6-386c-4c22-bbc2-ca4723f3238d,false,downloadableSrc,200,image/webp,60620,60620,821e09f41f457870367f8c38bd5cdf205e1bf636a86d5db00c932d48adf7f0ba,1179,2676,,,bytescale.mobbin.com,f7a1807c1ac98ccf0eecf5078d61346ac9a94ca37a547f5708d580528c9e55c0,/Users/user/mobbin-sides/screen-flows/mesh/044-mesh-sorting-contacts-40daef7c-da08-4826-b87f-eb0bcda59b2c/002-904792d6-386c-4c22-bbc2-ca4723f3238d-downloadableSrc-821e09f41f45.webp
40daef7c-da08-4826-b87f-eb0bcda59b2c,Sorting contacts,0d194a4d-d39e-4bef-90d0-7735fe02a329,Mesh,c70a8fcb-1742-4c5c-b63e-3aae2ce6dad0,2,3,96352616-064d-4ff9-a012-1c8d9a46e607,false,downloadableSrc,200,image/webp,64290,64290,f543ebc10eee89a9d863cc679c923fd0279ecc4e238774cead8546806fd01c4d,1179,2676,,,bytescale.mobbin.com,f7a1807c1ac98ccf0eecf5078d61346ac9a94ca37a547f5708d580528c9e55c0,/Users/user/mobbin-sides/screen-flows/mesh/044-mesh-sorting-contacts-40daef7c-da08-4826-b87f-eb0bcda59b2c/003-96352616-064d-4ff9-a012-1c8d9a46e607-downloadableSrc-f543ebc10eee.webp
40daef7c-da08-4826-b87f-eb0bcda59b2c,Sorting contacts,0d194a4d-d39e-4bef-90d0-7735fe02a329,Mesh,c70a8fcb-1742-4c5c-b63e-3aae2ce6dad0,3,4,3f22f978-d2ec-4cb0-af31-2a4a8f7a34af,false,downloadableSrc,200,image/webp,56724,56724,5b5cc23b326783a48d40beef740d4299a9de4fd6427c8dc89f52021db57ccfbf,1179,2676,,,bytescale.mobbin.com,f7a1807c1ac98ccf0eecf5078d61346ac9a94ca37a547f5708d580528c9e55c0,/Users/user/mobbin-sides/screen-flows/mesh/044-mesh-sorting-contacts-40daef7c-da08-4826-b87f-eb0bcda59b2c/004-3f22f978-d2ec-4cb0-af31-2a4a8f7a34af-downloadableSrc-5b5cc23b3267.webp
4a2911a0-e64b-4d70-bb93-e8536532e17e,Duplicates,0d194a4d-d39e-4bef-90d0-7735fe02a329,Mesh,c70a8fcb-1742-4c5c-b63e-3aae2ce6dad0,0,1,36a334e5-c62c-47d9-a8bf-fd9bcf0a5279,false,downloadableSrc,200,image/webp,54908,54908,f9ac2ab80b0cf979882c20361fc4d63cc6cccb46f59a2b5cec288e9c77e2b10d,1179,2676,,,bytescale.mobbin.com,f7a1807c1ac98ccf0eecf5078d61346ac9a94ca37a547f5708d580528c9e55c0,/Users/user/mobbin-sides/screen-flows/mesh/045-mesh-duplicates-4a2911a0-e64b-4d70-bb93-e8536532e17e/001-36a334e5-c62c-47d9-a8bf-fd9bcf0a5279-downloadableSrc-f9ac2ab80b0c.webp
4a2911a0-e64b-4d70-bb93-e8536532e17e,Duplicates,0d194a4d-d39e-4bef-90d0-7735fe02a329,Mesh,c70a8fcb-1742-4c5c-b63e-3aae2ce6dad0,1,2,7bdcb470-5423-49f7-9b73-720b3a2fd4d6,false,downloadableSrc,200,image/webp,59532,59532,fe9ed3d8de5091a22a38124be31025177734ab1fd815c2b0e3f1082e2dd3c5ed,1179,2676,,,bytescale.mobbin.com,f7a1807c1ac98ccf0eecf5078d61346ac9a94ca37a547f5708d580528c9e55c0,/Users/user/mobbin-sides/screen-flows/mesh/045-mesh-duplicates-4a2911a0-e64b-4d70-bb93-e8536532e17e/002-7bdcb470-5423-49f7-9b73-720b3a2fd4d6-downloadableSrc-fe9ed3d8de50.webp
4a2911a0-e64b-4d70-bb93-e8536532e17e,Duplicates,0d194a4d-d39e-4bef-90d0-7735fe02a329,Mesh,c70a8fcb-1742-4c5c-b63e-3aae2ce6dad0,2,3,55451423-e066-4f50-80a1-97698e5ec1fe,false,downloadableSrc,200,image/webp,30790,30790,5bc172e6c1784e0dca3eb49ed46b31b6e657fc2e6efdf84fb91c5e10e4cbecc2,1179,2676,,,bytescale.mobbin.com,f7a1807c1ac98ccf0eecf5078d61346ac9a94ca37a547f5708d580528c9e55c0,/Users/user/mobbin-sides/screen-flows/mesh/045-mesh-duplicates-4a2911a0-e64b-4d70-bb93-e8536532e17e/003-55451423-e066-4f50-80a1-97698e5ec1fe-downloadableSrc-5bc172e6c178.webp
84ad2f88-a5f7-4ecf-8272-f4f2b08cb057,Scan for duplicates,0d194a4d-d39e-4bef-90d0-7735fe02a329,Mesh,c70a8fcb-1742-4c5c-b63e-3aae2ce6dad0,0,1,55451423-e066-4f50-80a1-97698e5ec1fe,false,downloadableSrc,200,image/webp,30790,30790,5bc172e6c1784e0dca3eb49ed46b31b6e657fc2e6efdf84fb91c5e10e4cbecc2,1179,2676,,,bytescale.mobbin.com,f7a1807c1ac98ccf0eecf5078d61346ac9a94ca37a547f5708d580528c9e55c0,/Users/user/mobbin-sides/screen-flows/mesh/046-mesh-scan-for-duplicates-84ad2f88-a5f7-4ecf-8272-f4f2b08cb057/001-55451423-e066-4f50-80a1-97698e5ec1fe-downloadableSrc-5bc172e6c178.webp
84ad2f88-a5f7-4ecf-8272-f4f2b08cb057,Scan for duplicates,0d194a4d-d39e-4bef-90d0-7735fe02a329,Mesh,c70a8fcb-1742-4c5c-b63e-3aae2ce6dad0,1,2,5b24c2c8-ea8e-418d-a78a-21449080c1ef,false,downloadableSrc,200,image/webp,28744,28744,259350a375f8fcd56ef890323a37b87758aff179b03f864e744a1125a3aeb18d,1179,2676,,,bytescale.mobbin.com,f7a1807c1ac98ccf0eecf5078d61346ac9a94ca37a547f5708d580528c9e55c0,/Users/user/mobbin-sides/screen-flows/mesh/046-mesh-scan-for-duplicates-84ad2f88-a5f7-4ecf-8272-f4f2b08cb057/002-5b24c2c8-ea8e-418d-a78a-21449080c1ef-downloadableSrc-259350a375f8.webp
84ad2f88-a5f7-4ecf-8272-f4f2b08cb057,Scan for duplicates,0d194a4d-d39e-4bef-90d0-7735fe02a329,Mesh,c70a8fcb-1742-4c5c-b63e-3aae2ce6dad0,2,3,e052d75d-9f05-4c4f-8a50-47b126f29b69,false,downloadableSrc,200,image/webp,30790,30790,5bc172e6c1784e0dca3eb49ed46b31b6e657fc2e6efdf84fb91c5e10e4cbecc2,1179,2676,,,bytescale.mobbin.com,f7a1807c1ac98ccf0eecf5078d61346ac9a94ca37a547f5708d580528c9e55c0,/Users/user/mobbin-sides/screen-flows/mesh/046-mesh-scan-for-duplicates-84ad2f88-a5f7-4ecf-8272-f4f2b08cb057/003-e052d75d-9f05-4c4f-8a50-47b126f29b69-downloadableSrc-5bc172e6c178.webp
6075be53-7243-4078-a292-5b4b5fd155fd,Map,0d194a4d-d39e-4bef-90d0-7735fe02a329,Mesh,c70a8fcb-1742-4c5c-b63e-3aae2ce6dad0,0,1,7bdcb470-5423-49f7-9b73-720b3a2fd4d6,false,downloadableSrc,200,image/webp,59532,59532,fe9ed3d8de5091a22a38124be31025177734ab1fd815c2b0e3f1082e2dd3c5ed,1179,2676,,,bytescale.mobbin.com,f7a1807c1ac98ccf0eecf5078d61346ac9a94ca37a547f5708d580528c9e55c0,/Users/user/mobbin-sides/screen-flows/mesh/047-mesh-map-6075be53-7243-4078-a292-5b4b5fd155fd/001-7bdcb470-5423-49f7-9b73-720b3a2fd4d6-downloadableSrc-fe9ed3d8de50.webp
6075be53-7243-4078-a292-5b4b5fd155fd,Map,0d194a4d-d39e-4bef-90d0-7735fe02a329,Mesh,c70a8fcb-1742-4c5c-b63e-3aae2ce6dad0,1,2,bf15ca65-79aa-4927-bd99-6c18b9574881,false,downloadableSrc,200,image/webp,162038,162038,8cc38b2cfd3a262ff10e4b84c55ea4d2e814c88a4336554b013aca02a0315c36,1179,2676,,,bytescale.mobbin.com,f7a1807c1ac98ccf0eecf5078d61346ac9a94ca37a547f5708d580528c9e55c0,/Users/user/mobbin-sides/screen-flows/mesh/047-mesh-map-6075be53-7243-4078-a292-5b4b5fd155fd/002-bf15ca65-79aa-4927-bd99-6c18b9574881-downloadableSrc-8cc38b2cfd3a.webp
6075be53-7243-4078-a292-5b4b5fd155fd,Map,0d194a4d-d39e-4bef-90d0-7735fe02a329,Mesh,c70a8fcb-1742-4c5c-b63e-3aae2ce6dad0,2,3,dad4a79a-26f6-4b67-b0f2-ccd7499a8f86,false,downloadableSrc,200,image/webp,111566,111566,a56d6a841a3c5be842496fc92679d226ab9ff92fb5ade9740650e11152285b5d,1179,2676,,,bytescale.mobbin.com,f7a1807c1ac98ccf0eecf5078d61346ac9a94ca37a547f5708d580528c9e55c0,/Users/user/mobbin-sides/screen-flows/mesh/047-mesh-map-6075be53-7243-4078-a292-5b4b5fd155fd/003-dad4a79a-26f6-4b67-b0f2-ccd7499a8f86-downloadableSrc-a56d6a841a3c.webp
6d5ba240-ee96-4488-953f-246893661d41,Archive,0d194a4d-d39e-4bef-90d0-7735fe02a329,Mesh,c70a8fcb-1742-4c5c-b63e-3aae2ce6dad0,0,1,7bdcb470-5423-49f7-9b73-720b3a2fd4d6,false,downloadableSrc,200,image/webp,59532,59532,fe9ed3d8de5091a22a38124be31025177734ab1fd815c2b0e3f1082e2dd3c5ed,1179,2676,,,bytescale.mobbin.com,f7a1807c1ac98ccf0eecf5078d61346ac9a94ca37a547f5708d580528c9e55c0,/Users/user/mobbin-sides/screen-flows/mesh/048-mesh-archive-6d5ba240-ee96-4488-953f-246893661d41/001-7bdcb470-5423-49f7-9b73-720b3a2fd4d6-downloadableSrc-fe9ed3d8de50.webp
6d5ba240-ee96-4488-953f-246893661d41,Archive,0d194a4d-d39e-4bef-90d0-7735fe02a329,Mesh,c70a8fcb-1742-4c5c-b63e-3aae2ce6dad0,1,2,199f5615-5824-4048-b57a-ae7c14653a20,false,downloadableSrc,200,image/webp,27624,27624,5b38d39fc851592ec0b7dab938dd8873b5ac35f98442c5f807596a457a837932,1179,2676,,,bytescale.mobbin.com,f7a1807c1ac98ccf0eecf5078d61346ac9a94ca37a547f5708d580528c9e55c0,/Users/user/mobbin-sides/screen-flows/mesh/048-mesh-archive-6d5ba240-ee96-4488-953f-246893661d41/002-199f5615-5824-4048-b57a-ae7c14653a20-downloadableSrc-5b38d39fc851.webp
6d5ba240-ee96-4488-953f-246893661d41,Archive,0d194a4d-d39e-4bef-90d0-7735fe02a329,Mesh,c70a8fcb-1742-4c5c-b63e-3aae2ce6dad0,2,3,9265b470-8fa5-4f4d-b8eb-ac04b1c01b98,false,downloadableSrc,200,image/webp,25230,25230,5a9472b2570015bd499e27d7470e1728a472c3283709dea37342ea33c3d979a0,1179,2676,,,bytescale.mobbin.com,f7a1807c1ac98ccf0eecf5078d61346ac9a94ca37a547f5708d580528c9e55c0,/Users/user/mobbin-sides/screen-flows/mesh/048-mesh-archive-6d5ba240-ee96-4488-953f-246893661d41/003-9265b470-8fa5-4f4d-b8eb-ac04b1c01b98-downloadableSrc-5a9472b25700.webp
7e5f4ae0-8cb1-4b49-9617-6291a2a0e06f,Searching archive,0d194a4d-d39e-4bef-90d0-7735fe02a329,Mesh,c70a8fcb-1742-4c5c-b63e-3aae2ce6dad0,0,1,9265b470-8fa5-4f4d-b8eb-ac04b1c01b98,false,downloadableSrc,200,image/webp,25230,25230,5a9472b2570015bd499e27d7470e1728a472c3283709dea37342ea33c3d979a0,1179,2676,,,bytescale.mobbin.com,f7a1807c1ac98ccf0eecf5078d61346ac9a94ca37a547f5708d580528c9e55c0,/Users/user/mobbin-sides/screen-flows/mesh/049-mesh-searching-archive-7e5f4ae0-8cb1-4b49-9617-6291a2a0e06f/001-9265b470-8fa5-4f4d-b8eb-ac04b1c01b98-downloadableSrc-5a9472b25700.webp
7e5f4ae0-8cb1-4b49-9617-6291a2a0e06f,Searching archive,0d194a4d-d39e-4bef-90d0-7735fe02a329,Mesh,c70a8fcb-1742-4c5c-b63e-3aae2ce6dad0,1,2,53ed2be7-4832-469e-8b22-c359afa9d962,false,downloadableSrc,200,image/webp,45978,45978,3343711fbcc5d4300638e48d86d5fe271aa7bdc6604a7ca8bf4d4d010e638a20,1179,2676,,,bytescale.mobbin.com,f7a1807c1ac98ccf0eecf5078d61346ac9a94ca37a547f5708d580528c9e55c0,/Users/user/mobbin-sides/screen-flows/mesh/049-mesh-searching-archive-7e5f4ae0-8cb1-4b49-9617-6291a2a0e06f/002-53ed2be7-4832-469e-8b22-c359afa9d962-downloadableSrc-3343711fbcc5.webp
7e5f4ae0-8cb1-4b49-9617-6291a2a0e06f,Searching archive,0d194a4d-d39e-4bef-90d0-7735fe02a329,Mesh,c70a8fcb-1742-4c5c-b63e-3aae2ce6dad0,2,3,3f383e16-31e0-4fb4-b0b7-08b60a3b3509,false,downloadableSrc,200,image/webp,25756,25756,ad3230213e81ca9d5415639f06d621fbcbd5c303611261d99f9c27d664064f50,1179,2676,,,bytescale.mobbin.com,f7a1807c1ac98ccf0eecf5078d61346ac9a94ca37a547f5708d580528c9e55c0,/Users/user/mobbin-sides/screen-flows/mesh/049-mesh-searching-archive-7e5f4ae0-8cb1-4b49-9617-6291a2a0e06f/003-3f383e16-31e0-4fb4-b0b7-08b60a3b3509-downloadableSrc-ad3230213e81.webp
7e5f4ae0-8cb1-4b49-9617-6291a2a0e06f,Searching archive,0d194a4d-d39e-4bef-90d0-7735fe02a329,Mesh,c70a8fcb-1742-4c5c-b63e-3aae2ce6dad0,3,4,66356c88-b2b1-42a0-b3d9-71bb96e2cef1,false,downloadableSrc,200,image/webp,27520,27520,f3c8875bf0f1dc6fe8aa724b16ba148ca355603f0d1b36c3a086c25598325eb9,1179,2676,,,bytescale.mobbin.com,f7a1807c1ac98ccf0eecf5078d61346ac9a94ca37a547f5708d580528c9e55c0,/Users/user/mobbin-sides/screen-flows/mesh/049-mesh-searching-archive-7e5f4ae0-8cb1-4b49-9617-6291a2a0e06f/004-66356c88-b2b1-42a0-b3d9-71bb96e2cef1-downloadableSrc-f3c8875bf0f1.webp
bb9b9937-3cd1-4687-9d9b-6644df6e441d,Restoring a contact,0d194a4d-d39e-4bef-90d0-7735fe02a329,Mesh,c70a8fcb-1742-4c5c-b63e-3aae2ce6dad0,0,1,9265b470-8fa5-4f4d-b8eb-ac04b1c01b98,false,downloadableSrc,200,image/webp,25230,25230,5a9472b2570015bd499e27d7470e1728a472c3283709dea37342ea33c3d979a0,1179,2676,,,bytescale.mobbin.com,f7a1807c1ac98ccf0eecf5078d61346ac9a94ca37a547f5708d580528c9e55c0,/Users/user/mobbin-sides/screen-flows/mesh/050-mesh-restoring-a-contact-bb9b9937-3cd1-4687-9d9b-6644df6e441d/001-9265b470-8fa5-4f4d-b8eb-ac04b1c01b98-downloadableSrc-5a9472b25700.webp
bb9b9937-3cd1-4687-9d9b-6644df6e441d,Restoring a contact,0d194a4d-d39e-4bef-90d0-7735fe02a329,Mesh,c70a8fcb-1742-4c5c-b63e-3aae2ce6dad0,1,2,bf14036e-dc51-4cf4-aa92-e97716488e11,false,downloadableSrc,200,image/webp,26008,26008,7b4958da0ba6f9f238e4d3edcd887b44db037b4992d95ddb75b735da9c677372,1179,2676,,,bytescale.mobbin.com,f7a1807c1ac98ccf0eecf5078d61346ac9a94ca37a547f5708d580528c9e55c0,/Users/user/mobbin-sides/screen-flows/mesh/050-mesh-restoring-a-contact-bb9b9937-3cd1-4687-9d9b-6644df6e441d/002-bf14036e-dc51-4cf4-aa92-e97716488e11-downloadableSrc-7b4958da0ba6.webp
bb9b9937-3cd1-4687-9d9b-6644df6e441d,Restoring a contact,0d194a4d-d39e-4bef-90d0-7735fe02a329,Mesh,c70a8fcb-1742-4c5c-b63e-3aae2ce6dad0,2,3,adb8d534-6003-4b10-bbd5-1e8c7ee9f1a9,false,downloadableSrc,200,image/webp,26438,26438,4cbf12e4104accd70e3652380ccaa9892789065b8c394cfbb4ab724b30a017d5,1179,2676,,,bytescale.mobbin.com,f7a1807c1ac98ccf0eecf5078d61346ac9a94ca37a547f5708d580528c9e55c0,/Users/user/mobbin-sides/screen-flows/mesh/050-mesh-restoring-a-contact-bb9b9937-3cd1-4687-9d9b-6644df6e441d/003-adb8d534-6003-4b10-bbd5-1e8c7ee9f1a9-downloadableSrc-4cbf12e4104a.webp
87b8ad82-282a-4524-a11f-b9f7694be435,Searching Mesh,0d194a4d-d39e-4bef-90d0-7735fe02a329,Mesh,c70a8fcb-1742-4c5c-b63e-3aae2ce6dad0,0,1,4f4110cf-181d-46d3-8904-765f13642478,false,downloadableSrc,200,image/webp,96220,96220,8c584394b6d015f2be7bed5ae9ddc8b45889c62f2610712529bcbbb84f32060e,1179,2676,,,bytescale.mobbin.com,f7a1807c1ac98ccf0eecf5078d61346ac9a94ca37a547f5708d580528c9e55c0,/Users/user/mobbin-sides/screen-flows/mesh/051-mesh-searching-mesh-87b8ad82-282a-4524-a11f-b9f7694be435/001-4f4110cf-181d-46d3-8904-765f13642478-downloadableSrc-8c584394b6d0.webp
87b8ad82-282a-4524-a11f-b9f7694be435,Searching Mesh,0d194a4d-d39e-4bef-90d0-7735fe02a329,Mesh,c70a8fcb-1742-4c5c-b63e-3aae2ce6dad0,1,2,39854f3b-78be-4453-935f-194e31089971,false,downloadableSrc,200,image/webp,35970,35970,ebe5ca998942d338143c3a3bf16844d250e1d524bcf4767d85ae65490a055c96,1179,2676,,,bytescale.mobbin.com,f7a1807c1ac98ccf0eecf5078d61346ac9a94ca37a547f5708d580528c9e55c0,/Users/user/mobbin-sides/screen-flows/mesh/051-mesh-searching-mesh-87b8ad82-282a-4524-a11f-b9f7694be435/002-39854f3b-78be-4453-935f-194e31089971-downloadableSrc-ebe5ca998942.webp
87b8ad82-282a-4524-a11f-b9f7694be435,Searching Mesh,0d194a4d-d39e-4bef-90d0-7735fe02a329,Mesh,c70a8fcb-1742-4c5c-b63e-3aae2ce6dad0,2,3,fa6a9c31-104e-4c56-ac36-e84143548f9e,false,downloadableSrc,200,image/webp,41434,41434,f8a361c52d4bbd51f7801f028164d5cb9a8a561692d0248eb08831700cefdcf9,1179,2676,,,bytescale.mobbin.com,f7a1807c1ac98ccf0eecf5078d61346ac9a94ca37a547f5708d580528c9e55c0,/Users/user/mobbin-sides/screen-flows/mesh/051-mesh-searching-mesh-87b8ad82-282a-4524-a11f-b9f7694be435/003-fa6a9c31-104e-4c56-ac36-e84143548f9e-downloadableSrc-f8a361c52d4b.webp
87b8ad82-282a-4524-a11f-b9f7694be435,Searching Mesh,0d194a4d-d39e-4bef-90d0-7735fe02a329,Mesh,c70a8fcb-1742-4c5c-b63e-3aae2ce6dad0,3,4,5495362f-42ff-48e4-9fcd-2cf0aebb4393,false,downloadableSrc,200,image/webp,37390,37390,32607bbc2ca6de235881f6fa012327ee3c0af61c40b980fdabd66305e4c2ac12,1179,2676,,,bytescale.mobbin.com,f7a1807c1ac98ccf0eecf5078d61346ac9a94ca37a547f5708d580528c9e55c0,/Users/user/mobbin-sides/screen-flows/mesh/051-mesh-searching-mesh-87b8ad82-282a-4524-a11f-b9f7694be435/004-5495362f-42ff-48e4-9fcd-2cf0aebb4393-downloadableSrc-32607bbc2ca6.webp
93b1e396-0f57-48a8-a386-16b27aa5e21c,Searching terms,0d194a4d-d39e-4bef-90d0-7735fe02a329,Mesh,c70a8fcb-1742-4c5c-b63e-3aae2ce6dad0,0,1,39854f3b-78be-4453-935f-194e31089971,false,downloadableSrc,200,image/webp,35970,35970,ebe5ca998942d338143c3a3bf16844d250e1d524bcf4767d85ae65490a055c96,1179,2676,,,bytescale.mobbin.com,f7a1807c1ac98ccf0eecf5078d61346ac9a94ca37a547f5708d580528c9e55c0,/Users/user/mobbin-sides/screen-flows/mesh/052-mesh-searching-terms-93b1e396-0f57-48a8-a386-16b27aa5e21c/001-39854f3b-78be-4453-935f-194e31089971-downloadableSrc-ebe5ca998942.webp
93b1e396-0f57-48a8-a386-16b27aa5e21c,Searching terms,0d194a4d-d39e-4bef-90d0-7735fe02a329,Mesh,c70a8fcb-1742-4c5c-b63e-3aae2ce6dad0,1,2,8750fdad-dd47-4512-9f3e-267298af0f71,false,downloadableSrc,200,image/webp,72030,72030,fde7e695a18b0f1854a04b6bb4d54559e6aa385d75c75bec95610ce8b720b67e,1179,2676,,,bytescale.mobbin.com,f7a1807c1ac98ccf0eecf5078d61346ac9a94ca37a547f5708d580528c9e55c0,/Users/user/mobbin-sides/screen-flows/mesh/052-mesh-searching-terms-93b1e396-0f57-48a8-a386-16b27aa5e21c/002-8750fdad-dd47-4512-9f3e-267298af0f71-downloadableSrc-fde7e695a18b.webp
93b1e396-0f57-48a8-a386-16b27aa5e21c,Searching terms,0d194a4d-d39e-4bef-90d0-7735fe02a329,Mesh,c70a8fcb-1742-4c5c-b63e-3aae2ce6dad0,2,3,8c821751-8a0c-4ef3-9922-b3b82da3db42,false,downloadableSrc,200,image/webp,24436,24436,528c92ddcb5c5854698123dfde545e65ba42c815896a218fd6670d96a4c225b9,1179,2676,,,bytescale.mobbin.com,f7a1807c1ac98ccf0eecf5078d61346ac9a94ca37a547f5708d580528c9e55c0,/Users/user/mobbin-sides/screen-flows/mesh/052-mesh-searching-terms-93b1e396-0f57-48a8-a386-16b27aa5e21c/003-8c821751-8a0c-4ef3-9922-b3b82da3db42-downloadableSrc-528c92ddcb5c.webp
d7e6bd36-298c-45c3-8ad6-2063a0ef7663,Clearing recent searches,0d194a4d-d39e-4bef-90d0-7735fe02a329,Mesh,c70a8fcb-1742-4c5c-b63e-3aae2ce6dad0,0,1,fa6a9c31-104e-4c56-ac36-e84143548f9e,false,downloadableSrc,200,image/webp,41434,41434,f8a361c52d4bbd51f7801f028164d5cb9a8a561692d0248eb08831700cefdcf9,1179,2676,,,bytescale.mobbin.com,f7a1807c1ac98ccf0eecf5078d61346ac9a94ca37a547f5708d580528c9e55c0,/Users/user/mobbin-sides/screen-flows/mesh/053-mesh-clearing-recent-searches-d7e6bd36-298c-45c3-8ad6-2063a0ef7663/001-fa6a9c31-104e-4c56-ac36-e84143548f9e-downloadableSrc-f8a361c52d4b.webp
d7e6bd36-298c-45c3-8ad6-2063a0ef7663,Clearing recent searches,0d194a4d-d39e-4bef-90d0-7735fe02a329,Mesh,c70a8fcb-1742-4c5c-b63e-3aae2ce6dad0,1,2,a7ace474-d756-43ca-ae16-ff60ccda0112,false,downloadableSrc,200,image/webp,49300,49300,6bb526f22fea62f3eefa7c3f42c81b96fe12add8e2fdf9fc5ec87ae1b299b373,1179,2676,,,bytescale.mobbin.com,f7a1807c1ac98ccf0eecf5078d61346ac9a94ca37a547f5708d580528c9e55c0,/Users/user/mobbin-sides/screen-flows/mesh/053-mesh-clearing-recent-searches-d7e6bd36-298c-45c3-8ad6-2063a0ef7663/002-a7ace474-d756-43ca-ae16-ff60ccda0112-downloadableSrc-6bb526f22fea.webp
d7e6bd36-298c-45c3-8ad6-2063a0ef7663,Clearing recent searches,0d194a4d-d39e-4bef-90d0-7735fe02a329,Mesh,c70a8fcb-1742-4c5c-b63e-3aae2ce6dad0,2,3,39854f3b-78be-4453-935f-194e31089971,false,downloadableSrc,200,image/webp,35970,35970,ebe5ca998942d338143c3a3bf16844d250e1d524bcf4767d85ae65490a055c96,1179,2676,,,bytescale.mobbin.com,f7a1807c1ac98ccf0eecf5078d61346ac9a94ca37a547f5708d580528c9e55c0,/Users/user/mobbin-sides/screen-flows/mesh/053-mesh-clearing-recent-searches-d7e6bd36-298c-45c3-8ad6-2063a0ef7663/003-39854f3b-78be-4453-935f-194e31089971-downloadableSrc-ebe5ca998942.webp
ddd0f769-8c1c-4e04-8ebc-3abab0234443,Groups,0d194a4d-d39e-4bef-90d0-7735fe02a329,Mesh,c70a8fcb-1742-4c5c-b63e-3aae2ce6dad0,0,1,7dc15a43-7065-4397-be46-c9f7f1faf073,false,downloadableSrc,200,image/webp,76532,76532,aefccdb2dfcbbbac91b34be1d46311100eeb0ae4040314afc0a5e175d1a8f742,1179,2676,,,bytescale.mobbin.com,f7a1807c1ac98ccf0eecf5078d61346ac9a94ca37a547f5708d580528c9e55c0,/Users/user/mobbin-sides/screen-flows/mesh/054-mesh-groups-ddd0f769-8c1c-4e04-8ebc-3abab0234443/001-7dc15a43-7065-4397-be46-c9f7f1faf073-downloadableSrc-aefccdb2dfcb.webp
ddd0f769-8c1c-4e04-8ebc-3abab0234443,Groups,0d194a4d-d39e-4bef-90d0-7735fe02a329,Mesh,c70a8fcb-1742-4c5c-b63e-3aae2ce6dad0,1,2,4fe5dfb7-96c7-4589-a11e-148a7fad0bf3,false,downloadableSrc,200,image/webp,23202,23202,a67f8e486e59023c9440729e5a8ecf3de33514c1da2b7d11a0ec7f29e289c4d4,1179,2676,,,bytescale.mobbin.com,f7a1807c1ac98ccf0eecf5078d61346ac9a94ca37a547f5708d580528c9e55c0,/Users/user/mobbin-sides/screen-flows/mesh/054-mesh-groups-ddd0f769-8c1c-4e04-8ebc-3abab0234443/002-4fe5dfb7-96c7-4589-a11e-148a7fad0bf3-downloadableSrc-a67f8e486e59.webp
ddd0f769-8c1c-4e04-8ebc-3abab0234443,Groups,0d194a4d-d39e-4bef-90d0-7735fe02a329,Mesh,c70a8fcb-1742-4c5c-b63e-3aae2ce6dad0,2,3,b288c1ea-de74-4436-a1a8-73b178674b13,false,downloadableSrc,200,image/webp,27362,27362,985412f9b683293b9662344f0a91f314b88dcd2d9db667a9e01690ca8040b41d,1179,2676,,,bytescale.mobbin.com,f7a1807c1ac98ccf0eecf5078d61346ac9a94ca37a547f5708d580528c9e55c0,/Users/user/mobbin-sides/screen-flows/mesh/054-mesh-groups-ddd0f769-8c1c-4e04-8ebc-3abab0234443/003-b288c1ea-de74-4436-a1a8-73b178674b13-downloadableSrc-985412f9b683.webp
5f8729c6-0601-476f-b692-b2012e08960d,Creating a group,0d194a4d-d39e-4bef-90d0-7735fe02a329,Mesh,c70a8fcb-1742-4c5c-b63e-3aae2ce6dad0,0,1,4fe5dfb7-96c7-4589-a11e-148a7fad0bf3,false,downloadableSrc,200,image/webp,23202,23202,a67f8e486e59023c9440729e5a8ecf3de33514c1da2b7d11a0ec7f29e289c4d4,1179,2676,,,bytescale.mobbin.com,f7a1807c1ac98ccf0eecf5078d61346ac9a94ca37a547f5708d580528c9e55c0,/Users/user/mobbin-sides/screen-flows/mesh/055-mesh-creating-a-group-5f8729c6-0601-476f-b692-b2012e08960d/001-4fe5dfb7-96c7-4589-a11e-148a7fad0bf3-downloadableSrc-a67f8e486e59.webp
5f8729c6-0601-476f-b692-b2012e08960d,Creating a group,0d194a4d-d39e-4bef-90d0-7735fe02a329,Mesh,c70a8fcb-1742-4c5c-b63e-3aae2ce6dad0,1,2,9d21da18-d272-4d23-82ae-01fc2a62f99e,false,downloadableSrc,200,image/webp,52724,52724,927b72e802a755abde783d091105525f8a2b3c8d09ee7f006735d449217f64ed,1179,2676,,,bytescale.mobbin.com,f7a1807c1ac98ccf0eecf5078d61346ac9a94ca37a547f5708d580528c9e55c0,/Users/user/mobbin-sides/screen-flows/mesh/055-mesh-creating-a-group-5f8729c6-0601-476f-b692-b2012e08960d/002-9d21da18-d272-4d23-82ae-01fc2a62f99e-downloadableSrc-927b72e802a7.webp
5f8729c6-0601-476f-b692-b2012e08960d,Creating a group,0d194a4d-d39e-4bef-90d0-7735fe02a329,Mesh,c70a8fcb-1742-4c5c-b63e-3aae2ce6dad0,2,3,d0fa2be3-1404-48f2-9a20-87ea09a01b07,false,downloadableSrc,200,image/webp,51098,51098,9f5ac001030bb56f641975380c8509495c11521a25a2e959e4c3f651c10a536e,1179,2676,,,bytescale.mobbin.com,f7a1807c1ac98ccf0eecf5078d61346ac9a94ca37a547f5708d580528c9e55c0,/Users/user/mobbin-sides/screen-flows/mesh/055-mesh-creating-a-group-5f8729c6-0601-476f-b692-b2012e08960d/003-d0fa2be3-1404-48f2-9a20-87ea09a01b07-downloadableSrc-9f5ac001030b.webp
5f8729c6-0601-476f-b692-b2012e08960d,Creating a group,0d194a4d-d39e-4bef-90d0-7735fe02a329,Mesh,c70a8fcb-1742-4c5c-b63e-3aae2ce6dad0,3,4,2e0f0dab-1a32-4fdc-91ab-698b3fbe227f,false,downloadableSrc,200,image/webp,51470,51470,0673ce63c9b407579c6e9e359d88678b97baf22bda5e04f621824197bb96ff31,1179,2676,,,bytescale.mobbin.com,f7a1807c1ac98ccf0eecf5078d61346ac9a94ca37a547f5708d580528c9e55c0,/Users/user/mobbin-sides/screen-flows/mesh/055-mesh-creating-a-group-5f8729c6-0601-476f-b692-b2012e08960d/004-2e0f0dab-1a32-4fdc-91ab-698b3fbe227f-downloadableSrc-0673ce63c9b4.webp
5f8729c6-0601-476f-b692-b2012e08960d,Creating a group,0d194a4d-d39e-4bef-90d0-7735fe02a329,Mesh,c70a8fcb-1742-4c5c-b63e-3aae2ce6dad0,4,5,395081d0-dfe3-4ffa-b50e-820a6f724dbb,false,downloadableSrc,200,image/webp,47618,47618,998b9e4ca410573c2297dcc4882102857185625b6fc274aa8ef68a44269e1b0f,1179,2676,,,bytescale.mobbin.com,f7a1807c1ac98ccf0eecf5078d61346ac9a94ca37a547f5708d580528c9e55c0,/Users/user/mobbin-sides/screen-flows/mesh/055-mesh-creating-a-group-5f8729c6-0601-476f-b692-b2012e08960d/005-395081d0-dfe3-4ffa-b50e-820a6f724dbb-downloadableSrc-998b9e4ca410.webp
5f8729c6-0601-476f-b692-b2012e08960d,Creating a group,0d194a4d-d39e-4bef-90d0-7735fe02a329,Mesh,c70a8fcb-1742-4c5c-b63e-3aae2ce6dad0,5,6,f84dec0a-0c2c-45ab-952e-c9774309e492,false,downloadableSrc,200,image/webp,51638,51638,717797ed801305b7c1664ab0ca81ea292ed04e310f0d0e8c172028bdba3f4717,1179,2676,,,bytescale.mobbin.com,f7a1807c1ac98ccf0eecf5078d61346ac9a94ca37a547f5708d580528c9e55c0,/Users/user/mobbin-sides/screen-flows/mesh/055-mesh-creating-a-group-5f8729c6-0601-476f-b692-b2012e08960d/006-f84dec0a-0c2c-45ab-952e-c9774309e492-downloadableSrc-717797ed8013.webp
5f8729c6-0601-476f-b692-b2012e08960d,Creating a group,0d194a4d-d39e-4bef-90d0-7735fe02a329,Mesh,c70a8fcb-1742-4c5c-b63e-3aae2ce6dad0,6,7,ffa7085b-7bea-4b07-80d7-b0a4a89fef23,false,downloadableSrc,200,image/webp,57698,57698,529cbee6ba53cf70703fbd00fc6328bdc96068d6997aff10d4635d7d5113cdde,1179,2676,,,bytescale.mobbin.com,f7a1807c1ac98ccf0eecf5078d61346ac9a94ca37a547f5708d580528c9e55c0,/Users/user/mobbin-sides/screen-flows/mesh/055-mesh-creating-a-group-5f8729c6-0601-476f-b692-b2012e08960d/007-ffa7085b-7bea-4b07-80d7-b0a4a89fef23-downloadableSrc-529cbee6ba53.webp
5f8729c6-0601-476f-b692-b2012e08960d,Creating a group,0d194a4d-d39e-4bef-90d0-7735fe02a329,Mesh,c70a8fcb-1742-4c5c-b63e-3aae2ce6dad0,7,8,6d189791-84b6-4160-b551-38c77c5ef947,false,downloadableSrc,200,image/webp,62004,62004,1ef360b74440a796f19b949270977a8d5c2ed6837f5af733c9fadcb9d1018ac5,1179,2676,,,bytescale.mobbin.com,f7a1807c1ac98ccf0eecf5078d61346ac9a94ca37a547f5708d580528c9e55c0,/Users/user/mobbin-sides/screen-flows/mesh/055-mesh-creating-a-group-5f8729c6-0601-476f-b692-b2012e08960d/008-6d189791-84b6-4160-b551-38c77c5ef947-downloadableSrc-1ef360b74440.webp
5f8729c6-0601-476f-b692-b2012e08960d,Creating a group,0d194a4d-d39e-4bef-90d0-7735fe02a329,Mesh,c70a8fcb-1742-4c5c-b63e-3aae2ce6dad0,8,9,f15698e6-e502-46d9-9cac-c4a27e64df0c,false,downloadableSrc,200,image/webp,60336,60336,89dbc40d38ba56741350c6e94b6c0dc44ec3134e4e91326d3f534a53e2e4629a,1179,2676,,,bytescale.mobbin.com,f7a1807c1ac98ccf0eecf5078d61346ac9a94ca37a547f5708d580528c9e55c0,/Users/user/mobbin-sides/screen-flows/mesh/055-mesh-creating-a-group-5f8729c6-0601-476f-b692-b2012e08960d/009-f15698e6-e502-46d9-9cac-c4a27e64df0c-downloadableSrc-89dbc40d38ba.webp
5f8729c6-0601-476f-b692-b2012e08960d,Creating a group,0d194a4d-d39e-4bef-90d0-7735fe02a329,Mesh,c70a8fcb-1742-4c5c-b63e-3aae2ce6dad0,9,10,b288c1ea-de74-4436-a1a8-73b178674b13,false,downloadableSrc,200,image/webp,27362,27362,985412f9b683293b9662344f0a91f314b88dcd2d9db667a9e01690ca8040b41d,1179,2676,,,bytescale.mobbin.com,f7a1807c1ac98ccf0eecf5078d61346ac9a94ca37a547f5708d580528c9e55c0,/Users/user/mobbin-sides/screen-flows/mesh/055-mesh-creating-a-group-5f8729c6-0601-476f-b692-b2012e08960d/010-b288c1ea-de74-4436-a1a8-73b178674b13-downloadableSrc-985412f9b683.webp
025b1af7-2525-43d2-ad67-8a3e9b2eca87,Group detail,0d194a4d-d39e-4bef-90d0-7735fe02a329,Mesh,c70a8fcb-1742-4c5c-b63e-3aae2ce6dad0,0,1,b288c1ea-de74-4436-a1a8-73b178674b13,false,downloadableSrc,200,image/webp,27362,27362,985412f9b683293b9662344f0a91f314b88dcd2d9db667a9e01690ca8040b41d,1179,2676,,,bytescale.mobbin.com,f7a1807c1ac98ccf0eecf5078d61346ac9a94ca37a547f5708d580528c9e55c0,/Users/user/mobbin-sides/screen-flows/mesh/056-mesh-group-detail-025b1af7-2525-43d2-ad67-8a3e9b2eca87/001-b288c1ea-de74-4436-a1a8-73b178674b13-downloadableSrc-985412f9b683.webp
025b1af7-2525-43d2-ad67-8a3e9b2eca87,Group detail,0d194a4d-d39e-4bef-90d0-7735fe02a329,Mesh,c70a8fcb-1742-4c5c-b63e-3aae2ce6dad0,1,2,0e4c0e62-8b1a-44f8-a250-56ff3ed01315,false,downloadableSrc,200,image/webp,29796,29796,de4b779482b5bf33d054947df0078caac9e0772e25b68ada9e446e0b771b393f,1179,2676,,,bytescale.mobbin.com,f7a1807c1ac98ccf0eecf5078d61346ac9a94ca37a547f5708d580528c9e55c0,/Users/user/mobbin-sides/screen-flows/mesh/056-mesh-group-detail-025b1af7-2525-43d2-ad67-8a3e9b2eca87/002-0e4c0e62-8b1a-44f8-a250-56ff3ed01315-downloadableSrc-de4b779482b5.webp
025b1af7-2525-43d2-ad67-8a3e9b2eca87,Group detail,0d194a4d-d39e-4bef-90d0-7735fe02a329,Mesh,c70a8fcb-1742-4c5c-b63e-3aae2ce6dad0,2,3,975338fe-076e-4cf2-8464-3bb5ffdf1a08,false,downloadableSrc,200,image/webp,32094,32094,3fc45381738811cd2bd47ea6c6c3b1fbe160e835bd30c797707cdbe204131f95,1179,2676,,,bytescale.mobbin.com,f7a1807c1ac98ccf0eecf5078d61346ac9a94ca37a547f5708d580528c9e55c0,/Users/user/mobbin-sides/screen-flows/mesh/056-mesh-group-detail-025b1af7-2525-43d2-ad67-8a3e9b2eca87/003-975338fe-076e-4cf2-8464-3bb5ffdf1a08-downloadableSrc-3fc453817388.webp
52214226-36aa-464c-b6eb-8e8738dade76,Deleting a group,0d194a4d-d39e-4bef-90d0-7735fe02a329,Mesh,c70a8fcb-1742-4c5c-b63e-3aae2ce6dad0,0,1,0e4c0e62-8b1a-44f8-a250-56ff3ed01315,false,downloadableSrc,200,image/webp,29796,29796,de4b779482b5bf33d054947df0078caac9e0772e25b68ada9e446e0b771b393f,1179,2676,,,bytescale.mobbin.com,f7a1807c1ac98ccf0eecf5078d61346ac9a94ca37a547f5708d580528c9e55c0,/Users/user/mobbin-sides/screen-flows/mesh/057-mesh-deleting-a-group-52214226-36aa-464c-b6eb-8e8738dade76/001-0e4c0e62-8b1a-44f8-a250-56ff3ed01315-downloadableSrc-de4b779482b5.webp
52214226-36aa-464c-b6eb-8e8738dade76,Deleting a group,0d194a4d-d39e-4bef-90d0-7735fe02a329,Mesh,c70a8fcb-1742-4c5c-b63e-3aae2ce6dad0,1,2,ca9b4efa-c08c-4192-bbc6-8b0ec30edc14,false,downloadableSrc,200,image/webp,36214,36214,e266aea19d4c17d58e53ac4bceeefd286b673d4f1135551d815abfd9ae8a29ab,1179,2676,,,bytescale.mobbin.com,f7a1807c1ac98ccf0eecf5078d61346ac9a94ca37a547f5708d580528c9e55c0,/Users/user/mobbin-sides/screen-flows/mesh/057-mesh-deleting-a-group-52214226-36aa-464c-b6eb-8e8738dade76/002-ca9b4efa-c08c-4192-bbc6-8b0ec30edc14-downloadableSrc-e266aea19d4c.webp
52214226-36aa-464c-b6eb-8e8738dade76,Deleting a group,0d194a4d-d39e-4bef-90d0-7735fe02a329,Mesh,c70a8fcb-1742-4c5c-b63e-3aae2ce6dad0,2,3,d9712b44-2d47-44f8-b1ce-4e5dac6d4ebb,false,downloadableSrc,200,image/webp,41368,41368,e48fa864df63463ab6626ce5c45b2f936f313704a111be1b87cb5dfc09006754,1179,2676,,,bytescale.mobbin.com,f7a1807c1ac98ccf0eecf5078d61346ac9a94ca37a547f5708d580528c9e55c0,/Users/user/mobbin-sides/screen-flows/mesh/057-mesh-deleting-a-group-52214226-36aa-464c-b6eb-8e8738dade76/003-d9712b44-2d47-44f8-b1ce-4e5dac6d4ebb-downloadableSrc-e48fa864df63.webp
52214226-36aa-464c-b6eb-8e8738dade76,Deleting a group,0d194a4d-d39e-4bef-90d0-7735fe02a329,Mesh,c70a8fcb-1742-4c5c-b63e-3aae2ce6dad0,3,4,4fe5dfb7-96c7-4589-a11e-148a7fad0bf3,false,downloadableSrc,200,image/webp,23202,23202,a67f8e486e59023c9440729e5a8ecf3de33514c1da2b7d11a0ec7f29e289c4d4,1179,2676,,,bytescale.mobbin.com,f7a1807c1ac98ccf0eecf5078d61346ac9a94ca37a547f5708d580528c9e55c0,/Users/user/mobbin-sides/screen-flows/mesh/057-mesh-deleting-a-group-52214226-36aa-464c-b6eb-8e8738dade76/004-4fe5dfb7-96c7-4589-a11e-148a7fad0bf3-downloadableSrc-a67f8e486e59.webp
39a91042-5778-4ca7-886e-f57995484966,Activity,0d194a4d-d39e-4bef-90d0-7735fe02a329,Mesh,c70a8fcb-1742-4c5c-b63e-3aae2ce6dad0,0,1,7dc15a43-7065-4397-be46-c9f7f1faf073,false,downloadableSrc,200,image/webp,76532,76532,aefccdb2dfcbbbac91b34be1d46311100eeb0ae4040314afc0a5e175d1a8f742,1179,2676,,,bytescale.mobbin.com,f7a1807c1ac98ccf0eecf5078d61346ac9a94ca37a547f5708d580528c9e55c0,/Users/user/mobbin-sides/screen-flows/mesh/058-mesh-activity-39a91042-5778-4ca7-886e-f57995484966/001-7dc15a43-7065-4397-be46-c9f7f1faf073-downloadableSrc-aefccdb2dfcb.webp
39a91042-5778-4ca7-886e-f57995484966,Activity,0d194a4d-d39e-4bef-90d0-7735fe02a329,Mesh,c70a8fcb-1742-4c5c-b63e-3aae2ce6dad0,1,2,3cbd539c-d4cb-48e6-8256-4e286a7d2289,false,downloadableSrc,200,image/webp,88314,88314,76a800005de2d57d78c76e848f5a31f1b3ccde315fc516f196166811a39620ed,1179,2676,,,bytescale.mobbin.com,f7a1807c1ac98ccf0eecf5078d61346ac9a94ca37a547f5708d580528c9e55c0,/Users/user/mobbin-sides/screen-flows/mesh/058-mesh-activity-39a91042-5778-4ca7-886e-f57995484966/002-3cbd539c-d4cb-48e6-8256-4e286a7d2289-downloadableSrc-76a800005de2.webp
39a91042-5778-4ca7-886e-f57995484966,Activity,0d194a4d-d39e-4bef-90d0-7735fe02a329,Mesh,c70a8fcb-1742-4c5c-b63e-3aae2ce6dad0,2,3,483f599a-80ff-4fb0-a405-2eb956a4c9f2,false,downloadableSrc,200,image/webp,30694,30694,907c11b322b52f2dea461f716c592aff76c5ab63842c76d55b42b31e9d2a9d7d,1179,2676,,,bytescale.mobbin.com,f7a1807c1ac98ccf0eecf5078d61346ac9a94ca37a547f5708d580528c9e55c0,/Users/user/mobbin-sides/screen-flows/mesh/058-mesh-activity-39a91042-5778-4ca7-886e-f57995484966/003-483f599a-80ff-4fb0-a405-2eb956a4c9f2-downloadableSrc-907c11b322b5.webp
4f94ae06-77db-4e22-9052-df5024004386,Settings,0d194a4d-d39e-4bef-90d0-7735fe02a329,Mesh,c70a8fcb-1742-4c5c-b63e-3aae2ce6dad0,0,1,3cbd539c-d4cb-48e6-8256-4e286a7d2289,false,downloadableSrc,200,image/webp,88314,88314,76a800005de2d57d78c76e848f5a31f1b3ccde315fc516f196166811a39620ed,1179,2676,,,bytescale.mobbin.com,f7a1807c1ac98ccf0eecf5078d61346ac9a94ca37a547f5708d580528c9e55c0,/Users/user/mobbin-sides/screen-flows/mesh/059-mesh-settings-4f94ae06-77db-4e22-9052-df5024004386/001-3cbd539c-d4cb-48e6-8256-4e286a7d2289-downloadableSrc-76a800005de2.webp
4f94ae06-77db-4e22-9052-df5024004386,Settings,0d194a4d-d39e-4bef-90d0-7735fe02a329,Mesh,c70a8fcb-1742-4c5c-b63e-3aae2ce6dad0,1,2,2bb28239-3600-4f9f-b0ad-78bde1235abe,false,downloadableSrc,200,image/webp,47868,47868,5ed8a3172865d1da4239869dc6867975176640fc7f890adc60ab8376d4ba5bd1,1179,2676,,,bytescale.mobbin.com,f7a1807c1ac98ccf0eecf5078d61346ac9a94ca37a547f5708d580528c9e55c0,/Users/user/mobbin-sides/screen-flows/mesh/059-mesh-settings-4f94ae06-77db-4e22-9052-df5024004386/002-2bb28239-3600-4f9f-b0ad-78bde1235abe-downloadableSrc-5ed8a3172865.webp
c1cec9a4-40ad-4534-91e8-47fd55704f2c,Editing general settings,0d194a4d-d39e-4bef-90d0-7735fe02a329,Mesh,c70a8fcb-1742-4c5c-b63e-3aae2ce6dad0,0,1,2bb28239-3600-4f9f-b0ad-78bde1235abe,false,downloadableSrc,200,image/webp,47868,47868,5ed8a3172865d1da4239869dc6867975176640fc7f890adc60ab8376d4ba5bd1,1179,2676,,,bytescale.mobbin.com,f7a1807c1ac98ccf0eecf5078d61346ac9a94ca37a547f5708d580528c9e55c0,/Users/user/mobbin-sides/screen-flows/mesh/060-mesh-editing-general-settings-c1cec9a4-40ad-4534-91e8-47fd55704f2c/001-2bb28239-3600-4f9f-b0ad-78bde1235abe-downloadableSrc-5ed8a3172865.webp
c1cec9a4-40ad-4534-91e8-47fd55704f2c,Editing general settings,0d194a4d-d39e-4bef-90d0-7735fe02a329,Mesh,c70a8fcb-1742-4c5c-b63e-3aae2ce6dad0,1,2,b3c6e2da-34f6-4c45-89e9-0f90e8b863ff,false,downloadableSrc,200,image/webp,74976,74976,8203bf9cf329d8b16c5cb101f7b0b6d24d102a90f15769b5d5476cb15b28fe70,1179,2676,,,bytescale.mobbin.com,f7a1807c1ac98ccf0eecf5078d61346ac9a94ca37a547f5708d580528c9e55c0,/Users/user/mobbin-sides/screen-flows/mesh/060-mesh-editing-general-settings-c1cec9a4-40ad-4534-91e8-47fd55704f2c/002-b3c6e2da-34f6-4c45-89e9-0f90e8b863ff-downloadableSrc-8203bf9cf329.webp
c1cec9a4-40ad-4534-91e8-47fd55704f2c,Editing general settings,0d194a4d-d39e-4bef-90d0-7735fe02a329,Mesh,c70a8fcb-1742-4c5c-b63e-3aae2ce6dad0,2,3,76cb4cab-fc64-4e7d-ae3f-d0c7b929d688,false,downloadableSrc,200,image/webp,69916,69916,d4896f6ab90c0560b6438557e5f71b491be7bcfdc750f5ee9426e949a6cbd96c,1179,2676,,,bytescale.mobbin.com,f7a1807c1ac98ccf0eecf5078d61346ac9a94ca37a547f5708d580528c9e55c0,/Users/user/mobbin-sides/screen-flows/mesh/060-mesh-editing-general-settings-c1cec9a4-40ad-4534-91e8-47fd55704f2c/003-76cb4cab-fc64-4e7d-ae3f-d0c7b929d688-downloadableSrc-d4896f6ab90c.webp
c1cec9a4-40ad-4534-91e8-47fd55704f2c,Editing general settings,0d194a4d-d39e-4bef-90d0-7735fe02a329,Mesh,c70a8fcb-1742-4c5c-b63e-3aae2ce6dad0,3,4,017bb16d-4e6a-44dd-ade2-2898ac839dc2,false,downloadableSrc,200,image/webp,69130,69130,55d5e504e0961536119dd16be6603ce5dc3da44b9869b336ce076d1e2ac56a42,1179,2676,,,bytescale.mobbin.com,f7a1807c1ac98ccf0eecf5078d61346ac9a94ca37a547f5708d580528c9e55c0,/Users/user/mobbin-sides/screen-flows/mesh/060-mesh-editing-general-settings-c1cec9a4-40ad-4534-91e8-47fd55704f2c/004-017bb16d-4e6a-44dd-ade2-2898ac839dc2-downloadableSrc-55d5e504e096.webp
c1cec9a4-40ad-4534-91e8-47fd55704f2c,Editing general settings,0d194a4d-d39e-4bef-90d0-7735fe02a329,Mesh,c70a8fcb-1742-4c5c-b63e-3aae2ce6dad0,4,5,50c2824d-3db7-4c8d-b7d3-e7937fef0564,false,downloadableSrc,200,image/webp,68312,68312,e9ddb4fcf76ed5f55de436eed589792a07c9dba94e2af131948303bd10e718b6,1179,2676,,,bytescale.mobbin.com,f7a1807c1ac98ccf0eecf5078d61346ac9a94ca37a547f5708d580528c9e55c0,/Users/user/mobbin-sides/screen-flows/mesh/060-mesh-editing-general-settings-c1cec9a4-40ad-4534-91e8-47fd55704f2c/005-50c2824d-3db7-4c8d-b7d3-e7937fef0564-downloadableSrc-e9ddb4fcf76e.webp
f7c0e194-3635-4e5f-9000-ddd3eb3b26c3,Deleting an account,0d194a4d-d39e-4bef-90d0-7735fe02a329,Mesh,c70a8fcb-1742-4c5c-b63e-3aae2ce6dad0,0,1,76cb4cab-fc64-4e7d-ae3f-d0c7b929d688,false,downloadableSrc,200,image/webp,69916,69916,d4896f6ab90c0560b6438557e5f71b491be7bcfdc750f5ee9426e949a6cbd96c,1179,2676,,,bytescale.mobbin.com,f7a1807c1ac98ccf0eecf5078d61346ac9a94ca37a547f5708d580528c9e55c0,/Users/user/mobbin-sides/screen-flows/mesh/061-mesh-deleting-an-account-f7c0e194-3635-4e5f-9000-ddd3eb3b26c3/001-76cb4cab-fc64-4e7d-ae3f-d0c7b929d688-downloadableSrc-d4896f6ab90c.webp
f7c0e194-3635-4e5f-9000-ddd3eb3b26c3,Deleting an account,0d194a4d-d39e-4bef-90d0-7735fe02a329,Mesh,c70a8fcb-1742-4c5c-b63e-3aae2ce6dad0,1,2,f045c8cd-3f59-446d-851c-5e6dfd8ef078,false,downloadableSrc,200,image/webp,61948,61948,6b5a05ca3c196d7876b33464289378151e29225b36abac0fe75af130ee2d24ec,1179,2676,,,bytescale.mobbin.com,f7a1807c1ac98ccf0eecf5078d61346ac9a94ca37a547f5708d580528c9e55c0,/Users/user/mobbin-sides/screen-flows/mesh/061-mesh-deleting-an-account-f7c0e194-3635-4e5f-9000-ddd3eb3b26c3/002-f045c8cd-3f59-446d-851c-5e6dfd8ef078-downloadableSrc-6b5a05ca3c19.webp
f7c0e194-3635-4e5f-9000-ddd3eb3b26c3,Deleting an account,0d194a4d-d39e-4bef-90d0-7735fe02a329,Mesh,c70a8fcb-1742-4c5c-b63e-3aae2ce6dad0,2,3,292a3c43-72f9-4d54-ad8a-8fa71d2e5846,false,downloadableSrc,200,image/webp,67276,67276,4a8248b7967403fcfb42650bbb0acf554b6eb3daa956a7895fc00e121ebccebd,1179,2676,,,bytescale.mobbin.com,f7a1807c1ac98ccf0eecf5078d61346ac9a94ca37a547f5708d580528c9e55c0,/Users/user/mobbin-sides/screen-flows/mesh/061-mesh-deleting-an-account-f7c0e194-3635-4e5f-9000-ddd3eb3b26c3/003-292a3c43-72f9-4d54-ad8a-8fa71d2e5846-downloadableSrc-4a8248b79674.webp
f7c0e194-3635-4e5f-9000-ddd3eb3b26c3,Deleting an account,0d194a4d-d39e-4bef-90d0-7735fe02a329,Mesh,c70a8fcb-1742-4c5c-b63e-3aae2ce6dad0,3,4,8d90cc15-c0a0-452f-80c0-bc10052c7ac7,false,downloadableSrc,200,image/webp,71154,71154,242c837c3fd6ed5cb139d095b212dca54251883818ad72e3d0c217ed42a8afee,1179,2676,,,bytescale.mobbin.com,f7a1807c1ac98ccf0eecf5078d61346ac9a94ca37a547f5708d580528c9e55c0,/Users/user/mobbin-sides/screen-flows/mesh/061-mesh-deleting-an-account-f7c0e194-3635-4e5f-9000-ddd3eb3b26c3/004-8d90cc15-c0a0-452f-80c0-bc10052c7ac7-downloadableSrc-242c837c3fd6.webp
f7c0e194-3635-4e5f-9000-ddd3eb3b26c3,Deleting an account,0d194a4d-d39e-4bef-90d0-7735fe02a329,Mesh,c70a8fcb-1742-4c5c-b63e-3aae2ce6dad0,4,5,ab825948-5a17-4141-8298-a252bdbad294,false,downloadableSrc,200,image/webp,63596,63596,aee386fbbb3bddaca50859cfd5be1feebc4bd5c57b513e7134fc824fcac7e0d0,1179,2676,,,bytescale.mobbin.com,f7a1807c1ac98ccf0eecf5078d61346ac9a94ca37a547f5708d580528c9e55c0,/Users/user/mobbin-sides/screen-flows/mesh/061-mesh-deleting-an-account-f7c0e194-3635-4e5f-9000-ddd3eb3b26c3/005-ab825948-5a17-4141-8298-a252bdbad294-downloadableSrc-aee386fbbb3b.webp
f7c0e194-3635-4e5f-9000-ddd3eb3b26c3,Deleting an account,0d194a4d-d39e-4bef-90d0-7735fe02a329,Mesh,c70a8fcb-1742-4c5c-b63e-3aae2ce6dad0,5,6,0b2d3a64-94e1-4d2b-ba75-d4bb8fd8e162,false,downloadableSrc,200,image/webp,65120,65120,3a9f262a5eb1488938326c25b7237df0f982252672ec056f019fc6026462ca04,1179,2676,,,bytescale.mobbin.com,f7a1807c1ac98ccf0eecf5078d61346ac9a94ca37a547f5708d580528c9e55c0,/Users/user/mobbin-sides/screen-flows/mesh/061-mesh-deleting-an-account-f7c0e194-3635-4e5f-9000-ddd3eb3b26c3/006-0b2d3a64-94e1-4d2b-ba75-d4bb8fd8e162-downloadableSrc-3a9f262a5eb1.webp
b041c475-aa12-427a-b626-6c8b64fb97c6,Profile,0d194a4d-d39e-4bef-90d0-7735fe02a329,Mesh,c70a8fcb-1742-4c5c-b63e-3aae2ce6dad0,0,1,2bb28239-3600-4f9f-b0ad-78bde1235abe,false,downloadableSrc,200,image/webp,47868,47868,5ed8a3172865d1da4239869dc6867975176640fc7f890adc60ab8376d4ba5bd1,1179,2676,,,bytescale.mobbin.com,f7a1807c1ac98ccf0eecf5078d61346ac9a94ca37a547f5708d580528c9e55c0,/Users/user/mobbin-sides/screen-flows/mesh/062-mesh-profile-b041c475-aa12-427a-b626-6c8b64fb97c6/001-2bb28239-3600-4f9f-b0ad-78bde1235abe-downloadableSrc-5ed8a3172865.webp
b041c475-aa12-427a-b626-6c8b64fb97c6,Profile,0d194a4d-d39e-4bef-90d0-7735fe02a329,Mesh,c70a8fcb-1742-4c5c-b63e-3aae2ce6dad0,1,2,7103fa11-5121-432e-9d07-d5558374a5e4,false,downloadableSrc,200,image/webp,55740,55740,80e8ead195fc2e1588ca4bb562ce1454a8876a3be82968519d50d76650df7efa,1179,2676,,,bytescale.mobbin.com,f7a1807c1ac98ccf0eecf5078d61346ac9a94ca37a547f5708d580528c9e55c0,/Users/user/mobbin-sides/screen-flows/mesh/062-mesh-profile-b041c475-aa12-427a-b626-6c8b64fb97c6/002-7103fa11-5121-432e-9d07-d5558374a5e4-downloadableSrc-80e8ead195fc.webp
b873ec51-06f6-42ac-96fc-79d57f063067,Disabling public profile,0d194a4d-d39e-4bef-90d0-7735fe02a329,Mesh,c70a8fcb-1742-4c5c-b63e-3aae2ce6dad0,0,1,7103fa11-5121-432e-9d07-d5558374a5e4,false,downloadableSrc,200,image/webp,55740,55740,80e8ead195fc2e1588ca4bb562ce1454a8876a3be82968519d50d76650df7efa,1179,2676,,,bytescale.mobbin.com,f7a1807c1ac98ccf0eecf5078d61346ac9a94ca37a547f5708d580528c9e55c0,/Users/user/mobbin-sides/screen-flows/mesh/063-mesh-disabling-public-profile-b873ec51-06f6-42ac-96fc-79d57f063067/001-7103fa11-5121-432e-9d07-d5558374a5e4-downloadableSrc-80e8ead195fc.webp
b873ec51-06f6-42ac-96fc-79d57f063067,Disabling public profile,0d194a4d-d39e-4bef-90d0-7735fe02a329,Mesh,c70a8fcb-1742-4c5c-b63e-3aae2ce6dad0,1,2,fe4b72fa-0860-4e4e-a18a-99b0c4baa12c,false,downloadableSrc,200,image/webp,64426,64426,33d679b3b713644ccfe464363d6e3c23504e21341b3bd44669bedb7f2605f2c5,1179,2676,,,bytescale.mobbin.com,f7a1807c1ac98ccf0eecf5078d61346ac9a94ca37a547f5708d580528c9e55c0,/Users/user/mobbin-sides/screen-flows/mesh/063-mesh-disabling-public-profile-b873ec51-06f6-42ac-96fc-79d57f063067/002-fe4b72fa-0860-4e4e-a18a-99b0c4baa12c-downloadableSrc-33d679b3b713.webp
b873ec51-06f6-42ac-96fc-79d57f063067,Disabling public profile,0d194a4d-d39e-4bef-90d0-7735fe02a329,Mesh,c70a8fcb-1742-4c5c-b63e-3aae2ce6dad0,2,3,c4f02c0c-bc4c-49d1-9eac-684b52af7400,false,downloadableSrc,200,image/webp,53314,53314,01fd0510a0d38f9b313b99f92fd34eebd0f0e473675c9a483182823c3da1c08d,1179,2676,,,bytescale.mobbin.com,f7a1807c1ac98ccf0eecf5078d61346ac9a94ca37a547f5708d580528c9e55c0,/Users/user/mobbin-sides/screen-flows/mesh/063-mesh-disabling-public-profile-b873ec51-06f6-42ac-96fc-79d57f063067/003-c4f02c0c-bc4c-49d1-9eac-684b52af7400-downloadableSrc-01fd0510a0d3.webp
b873ec51-06f6-42ac-96fc-79d57f063067,Disabling public profile,0d194a4d-d39e-4bef-90d0-7735fe02a329,Mesh,c70a8fcb-1742-4c5c-b63e-3aae2ce6dad0,3,4,742a5305-1871-46c7-9a47-5fd0f3a2c2f9,false,downloadableSrc,200,image/webp,55006,55006,9df802e31c0b95cf619cae4300952a64d558f1b4b74810697229593d86824109,1179,2676,,,bytescale.mobbin.com,f7a1807c1ac98ccf0eecf5078d61346ac9a94ca37a547f5708d580528c9e55c0,/Users/user/mobbin-sides/screen-flows/mesh/063-mesh-disabling-public-profile-b873ec51-06f6-42ac-96fc-79d57f063067/004-742a5305-1871-46c7-9a47-5fd0f3a2c2f9-downloadableSrc-9df802e31c0b.webp
809da2e7-67ee-41cf-9584-30a12c608ce5,Editing home settings,0d194a4d-d39e-4bef-90d0-7735fe02a329,Mesh,c70a8fcb-1742-4c5c-b63e-3aae2ce6dad0,0,1,2bb28239-3600-4f9f-b0ad-78bde1235abe,false,downloadableSrc,200,image/webp,47868,47868,5ed8a3172865d1da4239869dc6867975176640fc7f890adc60ab8376d4ba5bd1,1179,2676,,,bytescale.mobbin.com,f7a1807c1ac98ccf0eecf5078d61346ac9a94ca37a547f5708d580528c9e55c0,/Users/user/mobbin-sides/screen-flows/mesh/064-mesh-editing-home-settings-809da2e7-67ee-41cf-9584-30a12c608ce5/001-2bb28239-3600-4f9f-b0ad-78bde1235abe-downloadableSrc-5ed8a3172865.webp
809da2e7-67ee-41cf-9584-30a12c608ce5,Editing home settings,0d194a4d-d39e-4bef-90d0-7735fe02a329,Mesh,c70a8fcb-1742-4c5c-b63e-3aae2ce6dad0,1,2,8f729537-50c4-42c6-a975-422bf020645c,false,downloadableSrc,200,image/webp,71208,71208,4160431c83d3c1a854cb1afa7ad97688b8486af5392fc2a9fff1cd0b55e32ae2,1179,2676,,,bytescale.mobbin.com,f7a1807c1ac98ccf0eecf5078d61346ac9a94ca37a547f5708d580528c9e55c0,/Users/user/mobbin-sides/screen-flows/mesh/064-mesh-editing-home-settings-809da2e7-67ee-41cf-9584-30a12c608ce5/002-8f729537-50c4-42c6-a975-422bf020645c-downloadableSrc-4160431c83d3.webp
809da2e7-67ee-41cf-9584-30a12c608ce5,Editing home settings,0d194a4d-d39e-4bef-90d0-7735fe02a329,Mesh,c70a8fcb-1742-4c5c-b63e-3aae2ce6dad0,2,3,129885e0-2d82-4156-b3af-45b285fcb76e,false,downloadableSrc,200,image/webp,92926,92926,910d5adc654d5bee795b23bd8a795dc82a8f112a58eaf1f542045f1e91e18742,1179,2676,,,bytescale.mobbin.com,f7a1807c1ac98ccf0eecf5078d61346ac9a94ca37a547f5708d580528c9e55c0,/Users/user/mobbin-sides/screen-flows/mesh/064-mesh-editing-home-settings-809da2e7-67ee-41cf-9584-30a12c608ce5/003-129885e0-2d82-4156-b3af-45b285fcb76e-downloadableSrc-910d5adc654d.webp
809da2e7-67ee-41cf-9584-30a12c608ce5,Editing home settings,0d194a4d-d39e-4bef-90d0-7735fe02a329,Mesh,c70a8fcb-1742-4c5c-b63e-3aae2ce6dad0,3,4,4d9d101d-82e4-44cd-903f-ba8d1918177e,false,downloadableSrc,200,image/webp,92824,92824,eedc1e9ae4f3eb7b244935bb1940ae6cce2563778a76a8452597210cb808a0d6,1179,2676,,,bytescale.mobbin.com,f7a1807c1ac98ccf0eecf5078d61346ac9a94ca37a547f5708d580528c9e55c0,/Users/user/mobbin-sides/screen-flows/mesh/064-mesh-editing-home-settings-809da2e7-67ee-41cf-9584-30a12c608ce5/004-4d9d101d-82e4-44cd-903f-ba8d1918177e-downloadableSrc-eedc1e9ae4f3.webp
2a2ce5eb-b4ae-4aea-b797-d131b73935dd,Integrations,0d194a4d-d39e-4bef-90d0-7735fe02a329,Mesh,c70a8fcb-1742-4c5c-b63e-3aae2ce6dad0,0,1,2bb28239-3600-4f9f-b0ad-78bde1235abe,false,downloadableSrc,200,image/webp,47868,47868,5ed8a3172865d1da4239869dc6867975176640fc7f890adc60ab8376d4ba5bd1,1179,2676,,,bytescale.mobbin.com,f7a1807c1ac98ccf0eecf5078d61346ac9a94ca37a547f5708d580528c9e55c0,/Users/user/mobbin-sides/screen-flows/mesh/065-mesh-integrations-2a2ce5eb-b4ae-4aea-b797-d131b73935dd/001-2bb28239-3600-4f9f-b0ad-78bde1235abe-downloadableSrc-5ed8a3172865.webp
2a2ce5eb-b4ae-4aea-b797-d131b73935dd,Integrations,0d194a4d-d39e-4bef-90d0-7735fe02a329,Mesh,c70a8fcb-1742-4c5c-b63e-3aae2ce6dad0,1,2,04a6d577-ecc9-464e-a459-2d25e3c79f4a,false,downloadableSrc,200,image/webp,54206,54206,e8d67cfad2477aa5854768ff52fdc0c4874f4611f6b458fa0ebaf3ba8fb48be8,1179,2676,,,bytescale.mobbin.com,f7a1807c1ac98ccf0eecf5078d61346ac9a94ca37a547f5708d580528c9e55c0,/Users/user/mobbin-sides/screen-flows/mesh/065-mesh-integrations-2a2ce5eb-b4ae-4aea-b797-d131b73935dd/002-04a6d577-ecc9-464e-a459-2d25e3c79f4a-downloadableSrc-e8d67cfad247.webp
e879937b-1b54-42fe-a760-b4474a5b5a0f,Disconnecting an integration,0d194a4d-d39e-4bef-90d0-7735fe02a329,Mesh,c70a8fcb-1742-4c5c-b63e-3aae2ce6dad0,0,1,04a6d577-ecc9-464e-a459-2d25e3c79f4a,false,downloadableSrc,200,image/webp,54206,54206,e8d67cfad2477aa5854768ff52fdc0c4874f4611f6b458fa0ebaf3ba8fb48be8,1179,2676,,,bytescale.mobbin.com,f7a1807c1ac98ccf0eecf5078d61346ac9a94ca37a547f5708d580528c9e55c0,/Users/user/mobbin-sides/screen-flows/mesh/066-mesh-disconnecting-an-integration-e879937b-1b54-42fe-a760-b4474a5b5a0f/001-04a6d577-ecc9-464e-a459-2d25e3c79f4a-downloadableSrc-e8d67cfad247.webp
e879937b-1b54-42fe-a760-b4474a5b5a0f,Disconnecting an integration,0d194a4d-d39e-4bef-90d0-7735fe02a329,Mesh,c70a8fcb-1742-4c5c-b63e-3aae2ce6dad0,1,2,bdbb9c4b-d4cd-464f-85c4-df1c9ed52fa0,false,downloadableSrc,200,image/webp,57616,57616,ab89611924f29bbeed329f76384c3de4ceddd15714b8fa47614d8e7fd4b1a01a,1179,2676,,,bytescale.mobbin.com,f7a1807c1ac98ccf0eecf5078d61346ac9a94ca37a547f5708d580528c9e55c0,/Users/user/mobbin-sides/screen-flows/mesh/066-mesh-disconnecting-an-integration-e879937b-1b54-42fe-a760-b4474a5b5a0f/002-bdbb9c4b-d4cd-464f-85c4-df1c9ed52fa0-downloadableSrc-ab89611924f2.webp
e879937b-1b54-42fe-a760-b4474a5b5a0f,Disconnecting an integration,0d194a4d-d39e-4bef-90d0-7735fe02a329,Mesh,c70a8fcb-1742-4c5c-b63e-3aae2ce6dad0,2,3,5f4d5760-a4eb-49ee-a760-d3b193899c6a,false,downloadableSrc,200,image/webp,76026,76026,cd8c9f186495d43af05b0da5a4895bcb6f678a4c32460afb5ca38ef0873e345b,1179,2676,,,bytescale.mobbin.com,f7a1807c1ac98ccf0eecf5078d61346ac9a94ca37a547f5708d580528c9e55c0,/Users/user/mobbin-sides/screen-flows/mesh/066-mesh-disconnecting-an-integration-e879937b-1b54-42fe-a760-b4474a5b5a0f/003-5f4d5760-a4eb-49ee-a760-d3b193899c6a-downloadableSrc-cd8c9f186495.webp
e879937b-1b54-42fe-a760-b4474a5b5a0f,Disconnecting an integration,0d194a4d-d39e-4bef-90d0-7735fe02a329,Mesh,c70a8fcb-1742-4c5c-b63e-3aae2ce6dad0,3,4,df046eb8-d090-499e-a097-367ac35126f5,false,downloadableSrc,200,image/webp,50978,50978,583e4f1bf2e8c54208a2d736d972e6b90c8bbd50ef6202620ba7db40fbb5fcb8,1179,2676,,,bytescale.mobbin.com,f7a1807c1ac98ccf0eecf5078d61346ac9a94ca37a547f5708d580528c9e55c0,/Users/user/mobbin-sides/screen-flows/mesh/066-mesh-disconnecting-an-integration-e879937b-1b54-42fe-a760-b4474a5b5a0f/004-df046eb8-d090-499e-a097-367ac35126f5-downloadableSrc-583e4f1bf2e8.webp
19fa8950-d198-44be-9642-f3440a657aec,Notifications,0d194a4d-d39e-4bef-90d0-7735fe02a329,Mesh,c70a8fcb-1742-4c5c-b63e-3aae2ce6dad0,0,1,2bb28239-3600-4f9f-b0ad-78bde1235abe,false,downloadableSrc,200,image/webp,47868,47868,5ed8a3172865d1da4239869dc6867975176640fc7f890adc60ab8376d4ba5bd1,1179,2676,,,bytescale.mobbin.com,f7a1807c1ac98ccf0eecf5078d61346ac9a94ca37a547f5708d580528c9e55c0,/Users/user/mobbin-sides/screen-flows/mesh/067-mesh-notifications-19fa8950-d198-44be-9642-f3440a657aec/001-2bb28239-3600-4f9f-b0ad-78bde1235abe-downloadableSrc-5ed8a3172865.webp
19fa8950-d198-44be-9642-f3440a657aec,Notifications,0d194a4d-d39e-4bef-90d0-7735fe02a329,Mesh,c70a8fcb-1742-4c5c-b63e-3aae2ce6dad0,1,2,50051760-9447-4569-97b6-aa99456a56b9,false,downloadableSrc,200,image/webp,28946,28946,9d3660edce2d69c76135327f60abdca2335ad6f6c5bfc7eab2013c59c808af36,1179,2676,,,bytescale.mobbin.com,f7a1807c1ac98ccf0eecf5078d61346ac9a94ca37a547f5708d580528c9e55c0,/Users/user/mobbin-sides/screen-flows/mesh/067-mesh-notifications-19fa8950-d198-44be-9642-f3440a657aec/002-50051760-9447-4569-97b6-aa99456a56b9-downloadableSrc-9d3660edce2d.webp
70d36c2f-f86e-4b53-a071-698e20759363,Switching to dark mode,0d194a4d-d39e-4bef-90d0-7735fe02a329,Mesh,c70a8fcb-1742-4c5c-b63e-3aae2ce6dad0,0,1,2bb28239-3600-4f9f-b0ad-78bde1235abe,false,downloadableSrc,200,image/webp,47868,47868,5ed8a3172865d1da4239869dc6867975176640fc7f890adc60ab8376d4ba5bd1,1179,2676,,,bytescale.mobbin.com,f7a1807c1ac98ccf0eecf5078d61346ac9a94ca37a547f5708d580528c9e55c0,/Users/user/mobbin-sides/screen-flows/mesh/068-mesh-switching-to-dark-mode-70d36c2f-f86e-4b53-a071-698e20759363/001-2bb28239-3600-4f9f-b0ad-78bde1235abe-downloadableSrc-5ed8a3172865.webp
70d36c2f-f86e-4b53-a071-698e20759363,Switching to dark mode,0d194a4d-d39e-4bef-90d0-7735fe02a329,Mesh,c70a8fcb-1742-4c5c-b63e-3aae2ce6dad0,1,2,279eb0ea-de94-4dd1-bd6a-aa3e6d0fec1f,false,downloadableSrc,200,image/webp,63888,63888,ac057d3330d6cabf6fe0efae7cc4153204b7b9dc8e2c32c2ffce17da37ea4b67,1179,2676,,,bytescale.mobbin.com,f7a1807c1ac98ccf0eecf5078d61346ac9a94ca37a547f5708d580528c9e55c0,/Users/user/mobbin-sides/screen-flows/mesh/068-mesh-switching-to-dark-mode-70d36c2f-f86e-4b53-a071-698e20759363/002-279eb0ea-de94-4dd1-bd6a-aa3e6d0fec1f-downloadableSrc-ac057d3330d6.webp
70d36c2f-f86e-4b53-a071-698e20759363,Switching to dark mode,0d194a4d-d39e-4bef-90d0-7735fe02a329,Mesh,c70a8fcb-1742-4c5c-b63e-3aae2ce6dad0,2,3,e3f936c0-24eb-4f0f-acd0-2d6446d45ee8,false,downloadableSrc,200,image/webp,58046,58046,47a7bfaf685ce11b4a207d9224f6a92feeb15552eb06428b73ed20a73d0ff065,1179,2676,,,bytescale.mobbin.com,f7a1807c1ac98ccf0eecf5078d61346ac9a94ca37a547f5708d580528c9e55c0,/Users/user/mobbin-sides/screen-flows/mesh/068-mesh-switching-to-dark-mode-70d36c2f-f86e-4b53-a071-698e20759363/003-e3f936c0-24eb-4f0f-acd0-2d6446d45ee8-downloadableSrc-47a7bfaf685c.webp
70d36c2f-f86e-4b53-a071-698e20759363,Switching to dark mode,0d194a4d-d39e-4bef-90d0-7735fe02a329,Mesh,c70a8fcb-1742-4c5c-b63e-3aae2ce6dad0,3,4,08249ba4-c03d-450f-bf77-59f50fd70a8c,false,downloadableSrc,200,image/webp,65466,65466,69af962bff008892ceb3dbd03189e80112fcbbd53ce894db898721a3424bd8ab,1179,2676,,,bytescale.mobbin.com,f7a1807c1ac98ccf0eecf5078d61346ac9a94ca37a547f5708d580528c9e55c0,/Users/user/mobbin-sides/screen-flows/mesh/068-mesh-switching-to-dark-mode-70d36c2f-f86e-4b53-a071-698e20759363/004-08249ba4-c03d-450f-bf77-59f50fd70a8c-downloadableSrc-69af962bff00.webp
70d36c2f-f86e-4b53-a071-698e20759363,Switching to dark mode,0d194a4d-d39e-4bef-90d0-7735fe02a329,Mesh,c70a8fcb-1742-4c5c-b63e-3aae2ce6dad0,4,5,1fdbd0ca-001c-4877-90a2-d602af72a094,false,downloadableSrc,200,image/webp,104208,104208,2551e05064371c239dcadeb1b036eca47a39123a66b26682cc25a46a438fff89,1179,2676,,,bytescale.mobbin.com,f7a1807c1ac98ccf0eecf5078d61346ac9a94ca37a547f5708d580528c9e55c0,/Users/user/mobbin-sides/screen-flows/mesh/068-mesh-switching-to-dark-mode-70d36c2f-f86e-4b53-a071-698e20759363/005-1fdbd0ca-001c-4877-90a2-d602af72a094-downloadableSrc-2551e0506437.webp
70d36c2f-f86e-4b53-a071-698e20759363,Switching to dark mode,0d194a4d-d39e-4bef-90d0-7735fe02a329,Mesh,c70a8fcb-1742-4c5c-b63e-3aae2ce6dad0,5,6,963bdbee-a124-4663-9ff4-a0d279f68a68,false,downloadableSrc,200,image/webp,60534,60534,d8b57d7a8a0537c93523b1486502811d0738041c648b7d90ba5ab2567912f9d6,1179,2676,,,bytescale.mobbin.com,f7a1807c1ac98ccf0eecf5078d61346ac9a94ca37a547f5708d580528c9e55c0,/Users/user/mobbin-sides/screen-flows/mesh/068-mesh-switching-to-dark-mode-70d36c2f-f86e-4b53-a071-698e20759363/006-963bdbee-a124-4663-9ff4-a0d279f68a68-downloadableSrc-d8b57d7a8a05.webp
70d36c2f-f86e-4b53-a071-698e20759363,Switching to dark mode,0d194a4d-d39e-4bef-90d0-7735fe02a329,Mesh,c70a8fcb-1742-4c5c-b63e-3aae2ce6dad0,6,7,ae10cfe7-db64-4960-8217-c7cdd19ff3e5,false,downloadableSrc,200,image/webp,38890,38890,9b18955393b99672d039ebff74b1a9e42266f585bd742d73e1f98ab50b104513,1179,2676,,,bytescale.mobbin.com,f7a1807c1ac98ccf0eecf5078d61346ac9a94ca37a547f5708d580528c9e55c0,/Users/user/mobbin-sides/screen-flows/mesh/068-mesh-switching-to-dark-mode-70d36c2f-f86e-4b53-a071-698e20759363/007-ae10cfe7-db64-4960-8217-c7cdd19ff3e5-downloadableSrc-9b18955393b9.webp
70d36c2f-f86e-4b53-a071-698e20759363,Switching to dark mode,0d194a4d-d39e-4bef-90d0-7735fe02a329,Mesh,c70a8fcb-1742-4c5c-b63e-3aae2ce6dad0,7,8,e74fcacb-f7fa-4bfc-af48-3715935103c6,false,downloadableSrc,200,image/webp,28134,28134,3ceb913913cf80b5e17da4dd16ab67dc26db7874858052de4c8ce74c68436460,1179,2676,,,bytescale.mobbin.com,f7a1807c1ac98ccf0eecf5078d61346ac9a94ca37a547f5708d580528c9e55c0,/Users/user/mobbin-sides/screen-flows/mesh/068-mesh-switching-to-dark-mode-70d36c2f-f86e-4b53-a071-698e20759363/008-e74fcacb-f7fa-4bfc-af48-3715935103c6-downloadableSrc-3ceb913913cf.webp
70d36c2f-f86e-4b53-a071-698e20759363,Switching to dark mode,0d194a4d-d39e-4bef-90d0-7735fe02a329,Mesh,c70a8fcb-1742-4c5c-b63e-3aae2ce6dad0,8,9,adf6d33f-3906-44c1-b601-8d35d61ba035,false,downloadableSrc,200,image/webp,46682,46682,a86e707db4236b63066398cafe8df8bd79475a431d691f4991ddd369ae8e513b,1179,2676,,,bytescale.mobbin.com,f7a1807c1ac98ccf0eecf5078d61346ac9a94ca37a547f5708d580528c9e55c0,/Users/user/mobbin-sides/screen-flows/mesh/068-mesh-switching-to-dark-mode-70d36c2f-f86e-4b53-a071-698e20759363/009-adf6d33f-3906-44c1-b601-8d35d61ba035-downloadableSrc-a86e707db423.webp
774049f5-a1cc-4f44-9628-3f0e0f0e26e8,Welcome guide,0d194a4d-d39e-4bef-90d0-7735fe02a329,Mesh,c70a8fcb-1742-4c5c-b63e-3aae2ce6dad0,0,1,2bb28239-3600-4f9f-b0ad-78bde1235abe,false,downloadableSrc,200,image/webp,47868,47868,5ed8a3172865d1da4239869dc6867975176640fc7f890adc60ab8376d4ba5bd1,1179,2676,,,bytescale.mobbin.com,f7a1807c1ac98ccf0eecf5078d61346ac9a94ca37a547f5708d580528c9e55c0,/Users/user/mobbin-sides/screen-flows/mesh/069-mesh-welcome-guide-774049f5-a1cc-4f44-9628-3f0e0f0e26e8/001-2bb28239-3600-4f9f-b0ad-78bde1235abe-downloadableSrc-5ed8a3172865.webp
774049f5-a1cc-4f44-9628-3f0e0f0e26e8,Welcome guide,0d194a4d-d39e-4bef-90d0-7735fe02a329,Mesh,c70a8fcb-1742-4c5c-b63e-3aae2ce6dad0,1,2,e769b68c-99ed-46ab-ac7c-d56950cabeac,false,downloadableSrc,200,image/webp,64322,64322,2456289237bd1b940a371f1f4ec9d4331687ffd297baeb59741e2ded883a75e6,1179,2676,,,bytescale.mobbin.com,f7a1807c1ac98ccf0eecf5078d61346ac9a94ca37a547f5708d580528c9e55c0,/Users/user/mobbin-sides/screen-flows/mesh/069-mesh-welcome-guide-774049f5-a1cc-4f44-9628-3f0e0f0e26e8/002-e769b68c-99ed-46ab-ac7c-d56950cabeac-downloadableSrc-2456289237bd.webp
774049f5-a1cc-4f44-9628-3f0e0f0e26e8,Welcome guide,0d194a4d-d39e-4bef-90d0-7735fe02a329,Mesh,c70a8fcb-1742-4c5c-b63e-3aae2ce6dad0,2,3,39121161-f9bd-4b7a-88f5-897ffca28da1,false,downloadableSrc,200,image/webp,36526,36526,881642ca0a5ee77d8eaa845fd6249d5adf0e2da72df82651c68ecc7b03968e39,1179,2676,,,bytescale.mobbin.com,f7a1807c1ac98ccf0eecf5078d61346ac9a94ca37a547f5708d580528c9e55c0,/Users/user/mobbin-sides/screen-flows/mesh/069-mesh-welcome-guide-774049f5-a1cc-4f44-9628-3f0e0f0e26e8/003-39121161-f9bd-4b7a-88f5-897ffca28da1-downloadableSrc-881642ca0a5e.webp
774049f5-a1cc-4f44-9628-3f0e0f0e26e8,Welcome guide,0d194a4d-d39e-4bef-90d0-7735fe02a329,Mesh,c70a8fcb-1742-4c5c-b63e-3aae2ce6dad0,3,4,1f197747-c3d1-4515-bcce-e6496aad1889,false,downloadableSrc,200,image/webp,52614,52614,bca7119d57a2e42752e07ff8cc6338b2eac7c912604d25922ef53200bca767e4,1179,2676,,,bytescale.mobbin.com,f7a1807c1ac98ccf0eecf5078d61346ac9a94ca37a547f5708d580528c9e55c0,/Users/user/mobbin-sides/screen-flows/mesh/069-mesh-welcome-guide-774049f5-a1cc-4f44-9628-3f0e0f0e26e8/004-1f197747-c3d1-4515-bcce-e6496aad1889-downloadableSrc-bca7119d57a2.webp
e40a12f1-7669-4b16-ae17-05eb63bcb9ec,Members,0d194a4d-d39e-4bef-90d0-7735fe02a329,Mesh,c70a8fcb-1742-4c5c-b63e-3aae2ce6dad0,0,1,2bb28239-3600-4f9f-b0ad-78bde1235abe,false,downloadableSrc,200,image/webp,47868,47868,5ed8a3172865d1da4239869dc6867975176640fc7f890adc60ab8376d4ba5bd1,1179,2676,,,bytescale.mobbin.com,f7a1807c1ac98ccf0eecf5078d61346ac9a94ca37a547f5708d580528c9e55c0,/Users/user/mobbin-sides/screen-flows/mesh/070-mesh-members-e40a12f1-7669-4b16-ae17-05eb63bcb9ec/001-2bb28239-3600-4f9f-b0ad-78bde1235abe-downloadableSrc-5ed8a3172865.webp
e40a12f1-7669-4b16-ae17-05eb63bcb9ec,Members,0d194a4d-d39e-4bef-90d0-7735fe02a329,Mesh,c70a8fcb-1742-4c5c-b63e-3aae2ce6dad0,1,2,c8b1a699-57ee-417f-a30d-31b7cd3eafc1,false,downloadableSrc,200,image/webp,29906,29906,4b6b4ade37f1011132bd7345efee36b6e0f9ee2590d666d7e171dbf725b41943,1179,2676,,,bytescale.mobbin.com,f7a1807c1ac98ccf0eecf5078d61346ac9a94ca37a547f5708d580528c9e55c0,/Users/user/mobbin-sides/screen-flows/mesh/070-mesh-members-e40a12f1-7669-4b16-ae17-05eb63bcb9ec/002-c8b1a699-57ee-417f-a30d-31b7cd3eafc1-downloadableSrc-4b6b4ade37f1.webp
653794ee-df95-4e70-8587-02914023e73f,Logging out,0d194a4d-d39e-4bef-90d0-7735fe02a329,Mesh,c70a8fcb-1742-4c5c-b63e-3aae2ce6dad0,0,1,2bb28239-3600-4f9f-b0ad-78bde1235abe,false,downloadableSrc,200,image/webp,47868,47868,5ed8a3172865d1da4239869dc6867975176640fc7f890adc60ab8376d4ba5bd1,1179,2676,,,bytescale.mobbin.com,f7a1807c1ac98ccf0eecf5078d61346ac9a94ca37a547f5708d580528c9e55c0,/Users/user/mobbin-sides/screen-flows/mesh/071-mesh-logging-out-653794ee-df95-4e70-8587-02914023e73f/001-2bb28239-3600-4f9f-b0ad-78bde1235abe-downloadableSrc-5ed8a3172865.webp
653794ee-df95-4e70-8587-02914023e73f,Logging out,0d194a4d-d39e-4bef-90d0-7735fe02a329,Mesh,c70a8fcb-1742-4c5c-b63e-3aae2ce6dad0,1,2,c171e232-494e-4ade-964e-77eb10f5dd4e,false,downloadableSrc,200,image/webp,51512,51512,11fb17efdadb377439fa596985c04c4a2d486b9d763f80d392340933f6abc6fb,1179,2676,,,bytescale.mobbin.com,f7a1807c1ac98ccf0eecf5078d61346ac9a94ca37a547f5708d580528c9e55c0,/Users/user/mobbin-sides/screen-flows/mesh/071-mesh-logging-out-653794ee-df95-4e70-8587-02914023e73f/002-c171e232-494e-4ade-964e-77eb10f5dd4e-downloadableSrc-11fb17efdadb.webp
653794ee-df95-4e70-8587-02914023e73f,Logging out,0d194a4d-d39e-4bef-90d0-7735fe02a329,Mesh,c70a8fcb-1742-4c5c-b63e-3aae2ce6dad0,2,3,0b2d3a64-94e1-4d2b-ba75-d4bb8fd8e162,false,downloadableSrc,200,image/webp,65120,65120,3a9f262a5eb1488938326c25b7237df0f982252672ec056f019fc6026462ca04,1179,2676,,,bytescale.mobbin.com,f7a1807c1ac98ccf0eecf5078d61346ac9a94ca37a547f5708d580528c9e55c0,/Users/user/mobbin-sides/screen-flows/mesh/071-mesh-logging-out-653794ee-df95-4e70-8587-02914023e73f/003-0b2d3a64-94e1-4d2b-ba75-d4bb8fd8e162-downloadableSrc-3a9f262a5eb1.webp
5007394f-ec6e-4368-8663-2236e509e153,Logging in,0d194a4d-d39e-4bef-90d0-7735fe02a329,Mesh,c70a8fcb-1742-4c5c-b63e-3aae2ce6dad0,0,1,0b2d3a64-94e1-4d2b-ba75-d4bb8fd8e162,false,downloadableSrc,200,image/webp,65120,65120,3a9f262a5eb1488938326c25b7237df0f982252672ec056f019fc6026462ca04,1179,2676,,,bytescale.mobbin.com,f7a1807c1ac98ccf0eecf5078d61346ac9a94ca37a547f5708d580528c9e55c0,/Users/user/mobbin-sides/screen-flows/mesh/072-mesh-logging-in-5007394f-ec6e-4368-8663-2236e509e153/001-0b2d3a64-94e1-4d2b-ba75-d4bb8fd8e162-downloadableSrc-3a9f262a5eb1.webp
5007394f-ec6e-4368-8663-2236e509e153,Logging in,0d194a4d-d39e-4bef-90d0-7735fe02a329,Mesh,c70a8fcb-1742-4c5c-b63e-3aae2ce6dad0,1,2,a4f32832-26ad-455e-a5e4-039c0d26a042,false,downloadableSrc,200,image/webp,69178,69178,4ce0cd6c76fd41db5059023380b91eb340529777f3534332600335a22f75c761,1179,2676,,,bytescale.mobbin.com,f7a1807c1ac98ccf0eecf5078d61346ac9a94ca37a547f5708d580528c9e55c0,/Users/user/mobbin-sides/screen-flows/mesh/072-mesh-logging-in-5007394f-ec6e-4368-8663-2236e509e153/002-a4f32832-26ad-455e-a5e4-039c0d26a042-downloadableSrc-4ce0cd6c76fd.webp
5007394f-ec6e-4368-8663-2236e509e153,Logging in,0d194a4d-d39e-4bef-90d0-7735fe02a329,Mesh,c70a8fcb-1742-4c5c-b63e-3aae2ce6dad0,2,3,17999fbd-9477-4b0d-bc97-2e9218ca65ce,false,downloadableSrc,200,image/webp,64544,64544,70ffb267cdd7f51e51baf89d7a3f48813947e80d165b7bbfb90e7c3211c83456,1179,2676,,,bytescale.mobbin.com,f7a1807c1ac98ccf0eecf5078d61346ac9a94ca37a547f5708d580528c9e55c0,/Users/user/mobbin-sides/screen-flows/mesh/072-mesh-logging-in-5007394f-ec6e-4368-8663-2236e509e153/003-17999fbd-9477-4b0d-bc97-2e9218ca65ce-downloadableSrc-70ffb267cdd7.webp
5007394f-ec6e-4368-8663-2236e509e153,Logging in,0d194a4d-d39e-4bef-90d0-7735fe02a329,Mesh,c70a8fcb-1742-4c5c-b63e-3aae2ce6dad0,3,4,9f93de81-0e60-46db-aa21-b180b849276c,false,downloadableSrc,200,image/webp,63884,63884,50a016032e4ee197be3e8118e1200149f0f74014bfad92b10bf93e4283cc8111,1179,2676,,,bytescale.mobbin.com,f7a1807c1ac98ccf0eecf5078d61346ac9a94ca37a547f5708d580528c9e55c0,/Users/user/mobbin-sides/screen-flows/mesh/072-mesh-logging-in-5007394f-ec6e-4368-8663-2236e509e153/004-9f93de81-0e60-46db-aa21-b180b849276c-downloadableSrc-50a016032e4e.webp
5007394f-ec6e-4368-8663-2236e509e153,Logging in,0d194a4d-d39e-4bef-90d0-7735fe02a329,Mesh,c70a8fcb-1742-4c5c-b63e-3aae2ce6dad0,4,5,7dc15a43-7065-4397-be46-c9f7f1faf073,false,downloadableSrc,200,image/webp,76532,76532,aefccdb2dfcbbbac91b34be1d46311100eeb0ae4040314afc0a5e175d1a8f742,1179,2676,,,bytescale.mobbin.com,f7a1807c1ac98ccf0eecf5078d61346ac9a94ca37a547f5708d580528c9e55c0,/Users/user/mobbin-sides/screen-flows/mesh/072-mesh-logging-in-5007394f-ec6e-4368-8663-2236e509e153/005-7dc15a43-7065-4397-be46-c9f7f1faf073-downloadableSrc-aefccdb2dfcb.webp
4b8cf4b6-32a1-44eb-ba4a-28df106ab421,Widgets,0d194a4d-d39e-4bef-90d0-7735fe02a329,Mesh,c70a8fcb-1742-4c5c-b63e-3aae2ce6dad0,0,1,4769b45b-af76-409a-9b9b-6ebcc57c9934,false,downloadableSrc,200,image/webp,54004,54004,45f4133820bac1e251674cecea736a27d388ed63df3b487ef9e36fa398cf2cd4,1179,2676,,,bytescale.mobbin.com,f7a1807c1ac98ccf0eecf5078d61346ac9a94ca37a547f5708d580528c9e55c0,/Users/user/mobbin-sides/screen-flows/mesh/073-mesh-widgets-4b8cf4b6-32a1-44eb-ba4a-28df106ab421/001-4769b45b-af76-409a-9b9b-6ebcc57c9934-downloadableSrc-45f4133820ba.webp
4b8cf4b6-32a1-44eb-ba4a-28df106ab421,Widgets,0d194a4d-d39e-4bef-90d0-7735fe02a329,Mesh,c70a8fcb-1742-4c5c-b63e-3aae2ce6dad0,1,2,219dff99-2a03-44a2-9ae6-56ae22b8c5f6,false,downloadableSrc,200,image/webp,44010,44010,5618a0cb0e0d439acebca73029213ad2cf90b9b5e43f38aa57fda8ede499814e,1179,2676,,,bytescale.mobbin.com,f7a1807c1ac98ccf0eecf5078d61346ac9a94ca37a547f5708d580528c9e55c0,/Users/user/mobbin-sides/screen-flows/mesh/073-mesh-widgets-4b8cf4b6-32a1-44eb-ba4a-28df106ab421/002-219dff99-2a03-44a2-9ae6-56ae22b8c5f6-downloadableSrc-5618a0cb0e0d.webp
