flowId,flowName,appId,appName,appVersionId,order,index,screenId,restricted,descriptor,status,contentType,contentLengthHeader,bytes,sha256,width,height,declaredWidth,declaredHeight,urlHost,urlPathHash,savedPath
f4d6fe5b-16de-403f-9240-6d8a487b818f,Onboarding,59299513-be08-4409-95f2-9db957b978ed,Corner,d41ee732-5f6c-4ded-96aa-58ac61967ec7,0,1,dd96a4b8-8b40-4f4d-ad58-242358dbb075,false,downloadableSrc,200,image/webp,81478,81478,108056dbf36c865d480dadea4c58af3c30b39fe12788c9a9a74ec058cd425be5,1180,2676,,,bytescale.mobbin.com,f7a1807c1ac98ccf0eecf5078d61346ac9a94ca37a547f5708d580528c9e55c0,/Users/user/mobbin-sides/screen-flows/corner/001-corner-onboarding-f4d6fe5b-16de-403f-9240-6d8a487b818f/001-dd96a4b8-8b40-4f4d-ad58-242358dbb075-downloadableSrc-108056dbf36c.webp
f4d6fe5b-16de-403f-9240-6d8a487b818f,Onboarding,59299513-be08-4409-95f2-9db957b978ed,Corner,d41ee732-5f6c-4ded-96aa-58ac61967ec7,1,2,5e20fbd6-dd7e-4b11-9667-9bd016a5b5c9,false,downloadableSrc,200,image/webp,149190,149190,4171ff8cfb62ee1ed03120c138a619eb6cc166ec9c65e0ce678dce54b572c828,1180,2676,,,bytescale.mobbin.com,f7a1807c1ac98ccf0eecf5078d61346ac9a94ca37a547f5708d580528c9e55c0,/Users/user/mobbin-sides/screen-flows/corner/001-corner-onboarding-f4d6fe5b-16de-403f-9240-6d8a487b818f/002-5e20fbd6-dd7e-4b11-9667-9bd016a5b5c9-downloadableSrc-4171ff8cfb62.webp
f4d6fe5b-16de-403f-9240-6d8a487b818f,Onboarding,59299513-be08-4409-95f2-9db957b978ed,Corner,d41ee732-5f6c-4ded-96aa-58ac61967ec7,2,3,0100222e-9bde-42fd-af5c-8b1cf53a5ce5,false,downloadableSrc,200,image/webp,75244,75244,bb5119a490821f9e4202575b4e4172fe3d018da96db0c53da69ee0d9b4e32bc0,1180,2676,,,bytescale.mobbin.com,f7a1807c1ac98ccf0eecf5078d61346ac9a94ca37a547f5708d580528c9e55c0,/Users/user/mobbin-sides/screen-flows/corner/001-corner-onboarding-f4d6fe5b-16de-403f-9240-6d8a487b818f/003-0100222e-9bde-42fd-af5c-8b1cf53a5ce5-downloadableSrc-bb5119a49082.webp
f4d6fe5b-16de-403f-9240-6d8a487b818f,Onboarding,59299513-be08-4409-95f2-9db957b978ed,Corner,d41ee732-5f6c-4ded-96aa-58ac61967ec7,3,4,03759c3a-644e-4276-8bce-2ae008304e4b,false,downloadableSrc,200,image/webp,53420,53420,6609aa658a96f9cd7d6b2f9936d409139960fb512cae3d006c840ca5b6472ccd,1180,2676,,,bytescale.mobbin.com,f7a1807c1ac98ccf0eecf5078d61346ac9a94ca37a547f5708d580528c9e55c0,/Users/user/mobbin-sides/screen-flows/corner/001-corner-onboarding-f4d6fe5b-16de-403f-9240-6d8a487b818f/004-03759c3a-644e-4276-8bce-2ae008304e4b-downloadableSrc-6609aa658a96.webp
f4d6fe5b-16de-403f-9240-6d8a487b818f,Onboarding,59299513-be08-4409-95f2-9db957b978ed,Corner,d41ee732-5f6c-4ded-96aa-58ac61967ec7,4,5,bffaa0f0-b281-45bd-9401-8503c630d88a,false,downloadableSrc,200,image/webp,65790,65790,499aa70de8ac61bc072e5f76bb86b8385601fd734a09c5538abaffe1a42b32d5,1180,2676,,,bytescale.mobbin.com,f7a1807c1ac98ccf0eecf5078d61346ac9a94ca37a547f5708d580528c9e55c0,/Users/user/mobbin-sides/screen-flows/corner/001-corner-onboarding-f4d6fe5b-16de-403f-9240-6d8a487b818f/005-bffaa0f0-b281-45bd-9401-8503c630d88a-downloadableSrc-499aa70de8ac.webp
f4d6fe5b-16de-403f-9240-6d8a487b818f,Onboarding,59299513-be08-4409-95f2-9db957b978ed,Corner,d41ee732-5f6c-4ded-96aa-58ac61967ec7,5,6,b85f0267-823b-45e6-b9c3-ecd2e0be0e4f,false,downloadableSrc,200,image/webp,54136,54136,4366a06ff374e79ab9eec40242fbe9299bb17455eef803da9765c192dc6003c5,1180,2676,,,bytescale.mobbin.com,f7a1807c1ac98ccf0eecf5078d61346ac9a94ca37a547f5708d580528c9e55c0,/Users/user/mobbin-sides/screen-flows/corner/001-corner-onboarding-f4d6fe5b-16de-403f-9240-6d8a487b818f/006-b85f0267-823b-45e6-b9c3-ecd2e0be0e4f-downloadableSrc-4366a06ff374.webp
f4d6fe5b-16de-403f-9240-6d8a487b818f,Onboarding,59299513-be08-4409-95f2-9db957b978ed,Corner,d41ee732-5f6c-4ded-96aa-58ac61967ec7,6,7,07cd6edc-36e9-4bd6-8415-c108a1fc10c1,false,downloadableSrc,200,image/webp,56616,56616,676c372289a3415a85ea2cbd814f03f8a8c1c72559e4f9e551da5587e0f66ccc,1180,2676,,,bytescale.mobbin.com,f7a1807c1ac98ccf0eecf5078d61346ac9a94ca37a547f5708d580528c9e55c0,/Users/user/mobbin-sides/screen-flows/corner/001-corner-onboarding-f4d6fe5b-16de-403f-9240-6d8a487b818f/007-07cd6edc-36e9-4bd6-8415-c108a1fc10c1-downloadableSrc-676c372289a3.webp
f4d6fe5b-16de-403f-9240-6d8a487b818f,Onboarding,59299513-be08-4409-95f2-9db957b978ed,Corner,d41ee732-5f6c-4ded-96aa-58ac61967ec7,7,8,c8d5e925-0bae-4995-83d8-91cda3f0d088,false,downloadableSrc,200,image/webp,57748,57748,7f6d9880cc8ee764d26c5f222c4ee9234152bda66b2469ff724c1ddf74fb523d,1180,2676,,,bytescale.mobbin.com,f7a1807c1ac98ccf0eecf5078d61346ac9a94ca37a547f5708d580528c9e55c0,/Users/user/mobbin-sides/screen-flows/corner/001-corner-onboarding-f4d6fe5b-16de-403f-9240-6d8a487b818f/008-c8d5e925-0bae-4995-83d8-91cda3f0d088-downloadableSrc-7f6d9880cc8e.webp
f4d6fe5b-16de-403f-9240-6d8a487b818f,Onboarding,59299513-be08-4409-95f2-9db957b978ed,Corner,d41ee732-5f6c-4ded-96aa-58ac61967ec7,8,9,b8d9abdb-1d7e-4ec8-ad02-11778eed4555,false,downloadableSrc,200,image/webp,56032,56032,5ea0788800bb94114b12d8011ca33116d37ce2255ee7893152c7215ab4011acf,1180,2676,,,bytescale.mobbin.com,f7a1807c1ac98ccf0eecf5078d61346ac9a94ca37a547f5708d580528c9e55c0,/Users/user/mobbin-sides/screen-flows/corner/001-corner-onboarding-f4d6fe5b-16de-403f-9240-6d8a487b818f/009-b8d9abdb-1d7e-4ec8-ad02-11778eed4555-downloadableSrc-5ea0788800bb.webp
6065ca49-da79-4c01-a1e6-4f93f3516edf,Completing an account setup,59299513-be08-4409-95f2-9db957b978ed,Corner,d41ee732-5f6c-4ded-96aa-58ac61967ec7,0,1,b8d9abdb-1d7e-4ec8-ad02-11778eed4555,false,downloadableSrc,200,image/webp,56032,56032,5ea0788800bb94114b12d8011ca33116d37ce2255ee7893152c7215ab4011acf,1180,2676,,,bytescale.mobbin.com,f7a1807c1ac98ccf0eecf5078d61346ac9a94ca37a547f5708d580528c9e55c0,/Users/user/mobbin-sides/screen-flows/corner/002-corner-completing-an-account-setup-6065ca49-da79-4c01-a1e6-4f93f3516edf/001-b8d9abdb-1d7e-4ec8-ad02-11778eed4555-downloadableSrc-5ea0788800bb.webp
6065ca49-da79-4c01-a1e6-4f93f3516edf,Completing an account setup,59299513-be08-4409-95f2-9db957b978ed,Corner,d41ee732-5f6c-4ded-96aa-58ac61967ec7,1,2,3c50ed9a-624e-4f3d-bc94-ab44b50c2ed9,false,downloadableSrc,200,image/webp,260654,260654,b1a39835f2d0e45e14cb4dd4a1a762e581fdd08d38a342b2e23e6007855899c8,1180,2676,,,bytescale.mobbin.com,f7a1807c1ac98ccf0eecf5078d61346ac9a94ca37a547f5708d580528c9e55c0,/Users/user/mobbin-sides/screen-flows/corner/002-corner-completing-an-account-setup-6065ca49-da79-4c01-a1e6-4f93f3516edf/002-3c50ed9a-624e-4f3d-bc94-ab44b50c2ed9-downloadableSrc-b1a39835f2d0.webp
6065ca49-da79-4c01-a1e6-4f93f3516edf,Completing an account setup,59299513-be08-4409-95f2-9db957b978ed,Corner,d41ee732-5f6c-4ded-96aa-58ac61967ec7,2,3,ebfd5e52-af71-4932-9db5-675d7278e639,false,downloadableSrc,200,image/webp,71586,71586,f8ecb510544b74d554722b5855fe7540cc61139e2a091f764de50e3eaa34facd,1180,2676,,,bytescale.mobbin.com,f7a1807c1ac98ccf0eecf5078d61346ac9a94ca37a547f5708d580528c9e55c0,/Users/user/mobbin-sides/screen-flows/corner/002-corner-completing-an-account-setup-6065ca49-da79-4c01-a1e6-4f93f3516edf/003-ebfd5e52-af71-4932-9db5-675d7278e639-downloadableSrc-f8ecb510544b.webp
6065ca49-da79-4c01-a1e6-4f93f3516edf,Completing an account setup,59299513-be08-4409-95f2-9db957b978ed,Corner,d41ee732-5f6c-4ded-96aa-58ac61967ec7,3,4,cb3d6b99-d5b0-49a0-ac67-86ee6d41c498,false,downloadableSrc,200,image/webp,45672,45672,d81062fd5d27472f6e1f616e480b05421206d58e1147a9eab39c36249825e2be,1180,2676,,,bytescale.mobbin.com,f7a1807c1ac98ccf0eecf5078d61346ac9a94ca37a547f5708d580528c9e55c0,/Users/user/mobbin-sides/screen-flows/corner/002-corner-completing-an-account-setup-6065ca49-da79-4c01-a1e6-4f93f3516edf/004-cb3d6b99-d5b0-49a0-ac67-86ee6d41c498-downloadableSrc-d81062fd5d27.webp
6065ca49-da79-4c01-a1e6-4f93f3516edf,Completing an account setup,59299513-be08-4409-95f2-9db957b978ed,Corner,d41ee732-5f6c-4ded-96aa-58ac61967ec7,4,5,9cfc2ce6-013f-491a-b78b-e17705603262,false,downloadableSrc,200,image/webp,71196,71196,1c4b6c83c04ae233ca3dd0b963a2da8ef19ff82b0aad1ed964816aa82ac0e788,1180,2676,,,bytescale.mobbin.com,f7a1807c1ac98ccf0eecf5078d61346ac9a94ca37a547f5708d580528c9e55c0,/Users/user/mobbin-sides/screen-flows/corner/002-corner-completing-an-account-setup-6065ca49-da79-4c01-a1e6-4f93f3516edf/005-9cfc2ce6-013f-491a-b78b-e17705603262-downloadableSrc-1c4b6c83c04a.webp
6065ca49-da79-4c01-a1e6-4f93f3516edf,Completing an account setup,59299513-be08-4409-95f2-9db957b978ed,Corner,d41ee732-5f6c-4ded-96aa-58ac61967ec7,5,6,fea56b4e-5989-4b37-a69b-4bebbe8a24b1,false,downloadableSrc,200,image/webp,73118,73118,137d4ccad2c9e48e10c5a093b811372c6da2c91468bef82b1510272c7004625a,1180,2676,,,bytescale.mobbin.com,f7a1807c1ac98ccf0eecf5078d61346ac9a94ca37a547f5708d580528c9e55c0,/Users/user/mobbin-sides/screen-flows/corner/002-corner-completing-an-account-setup-6065ca49-da79-4c01-a1e6-4f93f3516edf/006-fea56b4e-5989-4b37-a69b-4bebbe8a24b1-downloadableSrc-137d4ccad2c9.webp
6065ca49-da79-4c01-a1e6-4f93f3516edf,Completing an account setup,59299513-be08-4409-95f2-9db957b978ed,Corner,d41ee732-5f6c-4ded-96aa-58ac61967ec7,6,7,08b2d664-4372-47d6-8ea4-44ec9f4bbc63,false,downloadableSrc,200,image/webp,62956,62956,92427cb7166c873905c942d8332b02cdcb75a713f324286f7e51d670f11aff7e,1180,2676,,,bytescale.mobbin.com,f7a1807c1ac98ccf0eecf5078d61346ac9a94ca37a547f5708d580528c9e55c0,/Users/user/mobbin-sides/screen-flows/corner/002-corner-completing-an-account-setup-6065ca49-da79-4c01-a1e6-4f93f3516edf/007-08b2d664-4372-47d6-8ea4-44ec9f4bbc63-downloadableSrc-92427cb7166c.webp
6065ca49-da79-4c01-a1e6-4f93f3516edf,Completing an account setup,59299513-be08-4409-95f2-9db957b978ed,Corner,d41ee732-5f6c-4ded-96aa-58ac61967ec7,7,8,4d74eb86-9b77-4833-ac9e-343260144ab7,false,downloadableSrc,200,image/webp,63054,63054,3291cce444a5398c8221ded5eaf48aba777947d5d4536dc3a9c6dae065eeb783,1180,2676,,,bytescale.mobbin.com,f7a1807c1ac98ccf0eecf5078d61346ac9a94ca37a547f5708d580528c9e55c0,/Users/user/mobbin-sides/screen-flows/corner/002-corner-completing-an-account-setup-6065ca49-da79-4c01-a1e6-4f93f3516edf/008-4d74eb86-9b77-4833-ac9e-343260144ab7-downloadableSrc-3291cce444a5.webp
6065ca49-da79-4c01-a1e6-4f93f3516edf,Completing an account setup,59299513-be08-4409-95f2-9db957b978ed,Corner,d41ee732-5f6c-4ded-96aa-58ac61967ec7,8,9,91311eb5-1f1a-493b-954e-783657022d79,false,downloadableSrc,200,image/webp,305788,305788,2803c8aaefde7e6ff0d4548392e3685b3bece7a602b09f88c298e3711c0143a9,1180,2676,,,bytescale.mobbin.com,f7a1807c1ac98ccf0eecf5078d61346ac9a94ca37a547f5708d580528c9e55c0,/Users/user/mobbin-sides/screen-flows/corner/002-corner-completing-an-account-setup-6065ca49-da79-4c01-a1e6-4f93f3516edf/009-91311eb5-1f1a-493b-954e-783657022d79-downloadableSrc-2803c8aaefde.webp
4d9d8402-6d96-4baf-baa1-d70d90296a21,Personalizing a map,59299513-be08-4409-95f2-9db957b978ed,Corner,d41ee732-5f6c-4ded-96aa-58ac61967ec7,0,1,a5321a48-4bca-4431-9ca5-702db29f571c,false,downloadableSrc,200,image/webp,304738,304738,819b53e5900a6a7cea26322edb9ea1dd2ef9af876b394652d2fdca9c0a44c674,1180,2676,,,bytescale.mobbin.com,f7a1807c1ac98ccf0eecf5078d61346ac9a94ca37a547f5708d580528c9e55c0,/Users/user/mobbin-sides/screen-flows/corner/003-corner-personalizing-a-map-4d9d8402-6d96-4baf-baa1-d70d90296a21/001-a5321a48-4bca-4431-9ca5-702db29f571c-downloadableSrc-819b53e5900a.webp
4d9d8402-6d96-4baf-baa1-d70d90296a21,Personalizing a map,59299513-be08-4409-95f2-9db957b978ed,Corner,d41ee732-5f6c-4ded-96aa-58ac61967ec7,1,2,49ed62c9-bca2-44c5-9df2-491332903718,false,downloadableSrc,200,image/webp,296360,296360,89b014d2aa801af623d56cec44cc66558731e8aa54192fd7fcafb83cb57c8d56,1180,2676,,,bytescale.mobbin.com,f7a1807c1ac98ccf0eecf5078d61346ac9a94ca37a547f5708d580528c9e55c0,/Users/user/mobbin-sides/screen-flows/corner/003-corner-personalizing-a-map-4d9d8402-6d96-4baf-baa1-d70d90296a21/002-49ed62c9-bca2-44c5-9df2-491332903718-downloadableSrc-89b014d2aa80.webp
4d9d8402-6d96-4baf-baa1-d70d90296a21,Personalizing a map,59299513-be08-4409-95f2-9db957b978ed,Corner,d41ee732-5f6c-4ded-96aa-58ac61967ec7,2,3,a56ffdd9-91e8-4cc9-aca1-e9c90fbebc6d,false,downloadableSrc,200,image/webp,192066,192066,eaf90d684fa2b546793390dd266809b3901f56295f15a4156af5f291f00c7a6c,1180,2676,,,bytescale.mobbin.com,f7a1807c1ac98ccf0eecf5078d61346ac9a94ca37a547f5708d580528c9e55c0,/Users/user/mobbin-sides/screen-flows/corner/003-corner-personalizing-a-map-4d9d8402-6d96-4baf-baa1-d70d90296a21/003-a56ffdd9-91e8-4cc9-aca1-e9c90fbebc6d-downloadableSrc-eaf90d684fa2.webp
4d9d8402-6d96-4baf-baa1-d70d90296a21,Personalizing a map,59299513-be08-4409-95f2-9db957b978ed,Corner,d41ee732-5f6c-4ded-96aa-58ac61967ec7,3,4,e337f2c0-31e9-4ce6-8389-ab0b8e250a86,false,downloadableSrc,200,image/webp,152804,152804,e5308da741a859e17e5126a20a3e44399ed2c906627c68f53d7fed291aa98fca,1180,2676,,,bytescale.mobbin.com,f7a1807c1ac98ccf0eecf5078d61346ac9a94ca37a547f5708d580528c9e55c0,/Users/user/mobbin-sides/screen-flows/corner/003-corner-personalizing-a-map-4d9d8402-6d96-4baf-baa1-d70d90296a21/004-e337f2c0-31e9-4ce6-8389-ab0b8e250a86-downloadableSrc-e5308da741a8.webp
4d9d8402-6d96-4baf-baa1-d70d90296a21,Personalizing a map,59299513-be08-4409-95f2-9db957b978ed,Corner,d41ee732-5f6c-4ded-96aa-58ac61967ec7,4,5,26372466-2e4b-47ed-a445-477048468722,false,downloadableSrc,200,image/webp,150174,150174,017f70cc68ea1460d02b8d2c02df6eafead25aff16caa20f4fe669f0fbc610d1,1180,2676,,,bytescale.mobbin.com,f7a1807c1ac98ccf0eecf5078d61346ac9a94ca37a547f5708d580528c9e55c0,/Users/user/mobbin-sides/screen-flows/corner/003-corner-personalizing-a-map-4d9d8402-6d96-4baf-baa1-d70d90296a21/005-26372466-2e4b-47ed-a445-477048468722-downloadableSrc-017f70cc68ea.webp
4d9d8402-6d96-4baf-baa1-d70d90296a21,Personalizing a map,59299513-be08-4409-95f2-9db957b978ed,Corner,d41ee732-5f6c-4ded-96aa-58ac61967ec7,5,6,5863b9dc-9b05-41c2-ae74-c5297b9422c4,false,downloadableSrc,200,image/webp,128638,128638,d893a301c5327d0a409789d912a1b3a487623dbc2870fe0592cc910e9104a53a,1180,2676,,,bytescale.mobbin.com,f7a1807c1ac98ccf0eecf5078d61346ac9a94ca37a547f5708d580528c9e55c0,/Users/user/mobbin-sides/screen-flows/corner/003-corner-personalizing-a-map-4d9d8402-6d96-4baf-baa1-d70d90296a21/006-5863b9dc-9b05-41c2-ae74-c5297b9422c4-downloadableSrc-d893a301c532.webp
4d9d8402-6d96-4baf-baa1-d70d90296a21,Personalizing a map,59299513-be08-4409-95f2-9db957b978ed,Corner,d41ee732-5f6c-4ded-96aa-58ac61967ec7,6,7,d05d9604-cb52-4800-8072-3fbf242bb30a,false,downloadableSrc,200,image/webp,246274,246274,8dd97fb524fd1c93efa1a03a1788256e56cb82923799fbc7eefb8963fcda2a8a,1180,2676,,,bytescale.mobbin.com,f7a1807c1ac98ccf0eecf5078d61346ac9a94ca37a547f5708d580528c9e55c0,/Users/user/mobbin-sides/screen-flows/corner/003-corner-personalizing-a-map-4d9d8402-6d96-4baf-baa1-d70d90296a21/007-d05d9604-cb52-4800-8072-3fbf242bb30a-downloadableSrc-8dd97fb524fd.webp
4d9d8402-6d96-4baf-baa1-d70d90296a21,Personalizing a map,59299513-be08-4409-95f2-9db957b978ed,Corner,d41ee732-5f6c-4ded-96aa-58ac61967ec7,7,8,2d532efb-2b9d-470b-a89e-42e06d466d2b,false,downloadableSrc,200,image/webp,98382,98382,54b8bee8d7c09a9820df14dca28e00814359fab72c9d9c47332b1629dbd1680b,1180,2676,,,bytescale.mobbin.com,f7a1807c1ac98ccf0eecf5078d61346ac9a94ca37a547f5708d580528c9e55c0,/Users/user/mobbin-sides/screen-flows/corner/003-corner-personalizing-a-map-4d9d8402-6d96-4baf-baa1-d70d90296a21/008-2d532efb-2b9d-470b-a89e-42e06d466d2b-downloadableSrc-54b8bee8d7c0.webp
4d9d8402-6d96-4baf-baa1-d70d90296a21,Personalizing a map,59299513-be08-4409-95f2-9db957b978ed,Corner,d41ee732-5f6c-4ded-96aa-58ac61967ec7,8,9,85cd09a0-af86-4ab8-9305-576288116ffa,false,downloadableSrc,200,image/webp,130922,130922,eae9e66e0f62a49b61f32df0d73597b297a1e199e9d9dc2799ce96e412999fec,1180,2676,,,bytescale.mobbin.com,f7a1807c1ac98ccf0eecf5078d61346ac9a94ca37a547f5708d580528c9e55c0,/Users/user/mobbin-sides/screen-flows/corner/003-corner-personalizing-a-map-4d9d8402-6d96-4baf-baa1-d70d90296a21/009-85cd09a0-af86-4ab8-9305-576288116ffa-downloadableSrc-eae9e66e0f62.webp
38d5ed12-157e-4896-9411-6ab275c7e10b,Creating a post,59299513-be08-4409-95f2-9db957b978ed,Corner,d41ee732-5f6c-4ded-96aa-58ac61967ec7,0,1,85cd09a0-af86-4ab8-9305-576288116ffa,false,downloadableSrc,200,image/webp,130922,130922,eae9e66e0f62a49b61f32df0d73597b297a1e199e9d9dc2799ce96e412999fec,1180,2676,,,bytescale.mobbin.com,f7a1807c1ac98ccf0eecf5078d61346ac9a94ca37a547f5708d580528c9e55c0,/Users/user/mobbin-sides/screen-flows/corner/004-corner-creating-a-post-38d5ed12-157e-4896-9411-6ab275c7e10b/001-85cd09a0-af86-4ab8-9305-576288116ffa-downloadableSrc-eae9e66e0f62.webp
38d5ed12-157e-4896-9411-6ab275c7e10b,Creating a post,59299513-be08-4409-95f2-9db957b978ed,Corner,d41ee732-5f6c-4ded-96aa-58ac61967ec7,1,2,c6edb16e-91e9-47bc-8122-d444db6c9266,false,downloadableSrc,200,image/webp,85830,85830,ed64af5b97666aba9af573647418fdb05a956a05f6b2a1f649d328379b4ca389,1180,2676,,,bytescale.mobbin.com,f7a1807c1ac98ccf0eecf5078d61346ac9a94ca37a547f5708d580528c9e55c0,/Users/user/mobbin-sides/screen-flows/corner/004-corner-creating-a-post-38d5ed12-157e-4896-9411-6ab275c7e10b/002-c6edb16e-91e9-47bc-8122-d444db6c9266-downloadableSrc-ed64af5b9766.webp
38d5ed12-157e-4896-9411-6ab275c7e10b,Creating a post,59299513-be08-4409-95f2-9db957b978ed,Corner,d41ee732-5f6c-4ded-96aa-58ac61967ec7,2,3,efd5a4ab-056f-473b-91e8-b10e08201e77,false,downloadableSrc,200,image/webp,91424,91424,de9a9dba457fc2d8d2af666d19a6e18d18152349528952ebff6391b380577543,1180,2676,,,bytescale.mobbin.com,f7a1807c1ac98ccf0eecf5078d61346ac9a94ca37a547f5708d580528c9e55c0,/Users/user/mobbin-sides/screen-flows/corner/004-corner-creating-a-post-38d5ed12-157e-4896-9411-6ab275c7e10b/003-efd5a4ab-056f-473b-91e8-b10e08201e77-downloadableSrc-de9a9dba457f.webp
38d5ed12-157e-4896-9411-6ab275c7e10b,Creating a post,59299513-be08-4409-95f2-9db957b978ed,Corner,d41ee732-5f6c-4ded-96aa-58ac61967ec7,3,4,e8f61ca7-8c58-4e8b-bce7-9b9e0b34964d,false,downloadableSrc,200,image/webp,79498,79498,d376e05a978e61bee5434acd556d33ba0b53f0571e94b5ed6c0135936beb9c37,1180,2676,,,bytescale.mobbin.com,f7a1807c1ac98ccf0eecf5078d61346ac9a94ca37a547f5708d580528c9e55c0,/Users/user/mobbin-sides/screen-flows/corner/004-corner-creating-a-post-38d5ed12-157e-4896-9411-6ab275c7e10b/004-e8f61ca7-8c58-4e8b-bce7-9b9e0b34964d-downloadableSrc-d376e05a978e.webp
38d5ed12-157e-4896-9411-6ab275c7e10b,Creating a post,59299513-be08-4409-95f2-9db957b978ed,Corner,d41ee732-5f6c-4ded-96aa-58ac61967ec7,4,5,7563e647-a054-4a5a-a5bd-9dd829fc9fea,false,downloadableSrc,200,image/webp,79998,79998,160d962d794939ea147b2add4142dc2bb4556922348a57bfaf9cad82d7d1e85c,1180,2676,,,bytescale.mobbin.com,f7a1807c1ac98ccf0eecf5078d61346ac9a94ca37a547f5708d580528c9e55c0,/Users/user/mobbin-sides/screen-flows/corner/004-corner-creating-a-post-38d5ed12-157e-4896-9411-6ab275c7e10b/005-7563e647-a054-4a5a-a5bd-9dd829fc9fea-downloadableSrc-160d962d7949.webp
38d5ed12-157e-4896-9411-6ab275c7e10b,Creating a post,59299513-be08-4409-95f2-9db957b978ed,Corner,d41ee732-5f6c-4ded-96aa-58ac61967ec7,5,6,82075668-f09f-4d6e-a097-59ce2f10f4ef,false,downloadableSrc,200,image/webp,121058,121058,23efb879457d9ebc345ec5d8d945f703ba89f632e11740da2fa24bdc991218bf,1180,2676,,,bytescale.mobbin.com,f7a1807c1ac98ccf0eecf5078d61346ac9a94ca37a547f5708d580528c9e55c0,/Users/user/mobbin-sides/screen-flows/corner/004-corner-creating-a-post-38d5ed12-157e-4896-9411-6ab275c7e10b/006-82075668-f09f-4d6e-a097-59ce2f10f4ef-downloadableSrc-23efb879457d.webp
38d5ed12-157e-4896-9411-6ab275c7e10b,Creating a post,59299513-be08-4409-95f2-9db957b978ed,Corner,d41ee732-5f6c-4ded-96aa-58ac61967ec7,6,7,ac05b589-f309-4033-91c6-55a37241ffc6,false,downloadableSrc,200,image/webp,59954,59954,80bef7dc75ea8236013d4a377d6da267cad240d0816f0b13d66981e8e4678dc8,1180,2676,,,bytescale.mobbin.com,f7a1807c1ac98ccf0eecf5078d61346ac9a94ca37a547f5708d580528c9e55c0,/Users/user/mobbin-sides/screen-flows/corner/004-corner-creating-a-post-38d5ed12-157e-4896-9411-6ab275c7e10b/007-ac05b589-f309-4033-91c6-55a37241ffc6-downloadableSrc-80bef7dc75ea.webp
38d5ed12-157e-4896-9411-6ab275c7e10b,Creating a post,59299513-be08-4409-95f2-9db957b978ed,Corner,d41ee732-5f6c-4ded-96aa-58ac61967ec7,7,8,66919a3f-01ca-4e76-a323-2c83c248987d,false,downloadableSrc,200,image/webp,62738,62738,3c8eb655eb41662a34211724f31b23bf7372f8ab168f1482acaea85e0692fb0c,1180,2676,,,bytescale.mobbin.com,f7a1807c1ac98ccf0eecf5078d61346ac9a94ca37a547f5708d580528c9e55c0,/Users/user/mobbin-sides/screen-flows/corner/004-corner-creating-a-post-38d5ed12-157e-4896-9411-6ab275c7e10b/008-66919a3f-01ca-4e76-a323-2c83c248987d-downloadableSrc-3c8eb655eb41.webp
38d5ed12-157e-4896-9411-6ab275c7e10b,Creating a post,59299513-be08-4409-95f2-9db957b978ed,Corner,d41ee732-5f6c-4ded-96aa-58ac61967ec7,8,9,05e1363d-9991-41c4-8e6b-7af3b1f7aca4,false,downloadableSrc,200,image/webp,92460,92460,14a19f8f430efd754d52da7d11760f85bd5a4ab9d278c089238c0a0f40b281bc,1180,2676,,,bytescale.mobbin.com,f7a1807c1ac98ccf0eecf5078d61346ac9a94ca37a547f5708d580528c9e55c0,/Users/user/mobbin-sides/screen-flows/corner/004-corner-creating-a-post-38d5ed12-157e-4896-9411-6ab275c7e10b/009-05e1363d-9991-41c4-8e6b-7af3b1f7aca4-downloadableSrc-14a19f8f430e.webp
38d5ed12-157e-4896-9411-6ab275c7e10b,Creating a post,59299513-be08-4409-95f2-9db957b978ed,Corner,d41ee732-5f6c-4ded-96aa-58ac61967ec7,9,10,ba392d4e-e734-4e2d-8ef0-806cc71b543d,false,downloadableSrc,200,image/webp,97136,97136,9666816595afa05b7f19264352f9ee13f5fbeabd9ec2dabd42b8d5d32c9060ff,1180,2676,,,bytescale.mobbin.com,f7a1807c1ac98ccf0eecf5078d61346ac9a94ca37a547f5708d580528c9e55c0,/Users/user/mobbin-sides/screen-flows/corner/004-corner-creating-a-post-38d5ed12-157e-4896-9411-6ab275c7e10b/010-ba392d4e-e734-4e2d-8ef0-806cc71b543d-downloadableSrc-9666816595af.webp
38d5ed12-157e-4896-9411-6ab275c7e10b,Creating a post,59299513-be08-4409-95f2-9db957b978ed,Corner,d41ee732-5f6c-4ded-96aa-58ac61967ec7,10,11,a29e42c6-fe1b-4237-b882-963242fedc61,false,downloadableSrc,200,image/webp,91678,91678,8cb494600f7ea88f3f72e5b95c57c83205bf4e3af835ce7d5a761d2ebfbf7e18,1180,2676,,,bytescale.mobbin.com,f7a1807c1ac98ccf0eecf5078d61346ac9a94ca37a547f5708d580528c9e55c0,/Users/user/mobbin-sides/screen-flows/corner/004-corner-creating-a-post-38d5ed12-157e-4896-9411-6ab275c7e10b/011-a29e42c6-fe1b-4237-b882-963242fedc61-downloadableSrc-8cb494600f7e.webp
38d5ed12-157e-4896-9411-6ab275c7e10b,Creating a post,59299513-be08-4409-95f2-9db957b978ed,Corner,d41ee732-5f6c-4ded-96aa-58ac61967ec7,11,12,f5a5c2ef-cc5b-4d13-8a61-4ba26cec88fb,false,downloadableSrc,200,image/webp,141544,141544,8eefa75057fa92ee66c4f6029168fab8d03e7b3cd6f791812c64ae512a122490,1180,2676,,,bytescale.mobbin.com,f7a1807c1ac98ccf0eecf5078d61346ac9a94ca37a547f5708d580528c9e55c0,/Users/user/mobbin-sides/screen-flows/corner/004-corner-creating-a-post-38d5ed12-157e-4896-9411-6ab275c7e10b/012-f5a5c2ef-cc5b-4d13-8a61-4ba26cec88fb-downloadableSrc-8eefa75057fa.webp
38d5ed12-157e-4896-9411-6ab275c7e10b,Creating a post,59299513-be08-4409-95f2-9db957b978ed,Corner,d41ee732-5f6c-4ded-96aa-58ac61967ec7,12,13,5fb784b8-5568-4e94-85a6-e7d985b43b57,false,downloadableSrc,200,image/webp,148770,148770,e2610398c5921bef6f76684d9baca97d97f9c1c08b2c2aff1ff35e671ef1c2b5,1180,2676,,,bytescale.mobbin.com,f7a1807c1ac98ccf0eecf5078d61346ac9a94ca37a547f5708d580528c9e55c0,/Users/user/mobbin-sides/screen-flows/corner/004-corner-creating-a-post-38d5ed12-157e-4896-9411-6ab275c7e10b/013-5fb784b8-5568-4e94-85a6-e7d985b43b57-downloadableSrc-e2610398c592.webp
a38498cc-b799-4cc1-92ab-2c6dadd1a400,Creating a list,59299513-be08-4409-95f2-9db957b978ed,Corner,d41ee732-5f6c-4ded-96aa-58ac61967ec7,0,1,c6edb16e-91e9-47bc-8122-d444db6c9266,false,downloadableSrc,200,image/webp,85830,85830,ed64af5b97666aba9af573647418fdb05a956a05f6b2a1f649d328379b4ca389,1180,2676,,,bytescale.mobbin.com,f7a1807c1ac98ccf0eecf5078d61346ac9a94ca37a547f5708d580528c9e55c0,/Users/user/mobbin-sides/screen-flows/corner/005-corner-creating-a-list-a38498cc-b799-4cc1-92ab-2c6dadd1a400/001-c6edb16e-91e9-47bc-8122-d444db6c9266-downloadableSrc-ed64af5b9766.webp
a38498cc-b799-4cc1-92ab-2c6dadd1a400,Creating a list,59299513-be08-4409-95f2-9db957b978ed,Corner,d41ee732-5f6c-4ded-96aa-58ac61967ec7,1,2,8c24cccc-238b-4b05-9906-a8c2f44b4676,false,downloadableSrc,200,image/webp,81920,81920,9423c21b9bb3f55cc41e10f24fb3136895d296547fe7666d5f927a0b62e41c2b,1180,2676,,,bytescale.mobbin.com,f7a1807c1ac98ccf0eecf5078d61346ac9a94ca37a547f5708d580528c9e55c0,/Users/user/mobbin-sides/screen-flows/corner/005-corner-creating-a-list-a38498cc-b799-4cc1-92ab-2c6dadd1a400/002-8c24cccc-238b-4b05-9906-a8c2f44b4676-downloadableSrc-9423c21b9bb3.webp
a38498cc-b799-4cc1-92ab-2c6dadd1a400,Creating a list,59299513-be08-4409-95f2-9db957b978ed,Corner,d41ee732-5f6c-4ded-96aa-58ac61967ec7,2,3,6136ffb1-8c22-47e9-9676-3b5b5f6e51a9,false,downloadableSrc,200,image/webp,63214,63214,51d9aa462eefc29a5d722b6f3fdc49116dc5f9b2110aa4b87017cad149d77169,1180,2676,,,bytescale.mobbin.com,f7a1807c1ac98ccf0eecf5078d61346ac9a94ca37a547f5708d580528c9e55c0,/Users/user/mobbin-sides/screen-flows/corner/005-corner-creating-a-list-a38498cc-b799-4cc1-92ab-2c6dadd1a400/003-6136ffb1-8c22-47e9-9676-3b5b5f6e51a9-downloadableSrc-51d9aa462eef.webp
a38498cc-b799-4cc1-92ab-2c6dadd1a400,Creating a list,59299513-be08-4409-95f2-9db957b978ed,Corner,d41ee732-5f6c-4ded-96aa-58ac61967ec7,3,4,3758f8c8-c866-43c6-a428-bc11c7be2bdd,false,downloadableSrc,200,image/webp,90582,90582,b60f4ce7fd8a13f11f7865df10a0f2b07dd5808ec8e8c250b809471ca56c9a84,1180,2676,,,bytescale.mobbin.com,f7a1807c1ac98ccf0eecf5078d61346ac9a94ca37a547f5708d580528c9e55c0,/Users/user/mobbin-sides/screen-flows/corner/005-corner-creating-a-list-a38498cc-b799-4cc1-92ab-2c6dadd1a400/004-3758f8c8-c866-43c6-a428-bc11c7be2bdd-downloadableSrc-b60f4ce7fd8a.webp
a38498cc-b799-4cc1-92ab-2c6dadd1a400,Creating a list,59299513-be08-4409-95f2-9db957b978ed,Corner,d41ee732-5f6c-4ded-96aa-58ac61967ec7,4,5,f4adb730-9748-49f6-992c-cb47dcc9554c,false,downloadableSrc,200,image/webp,90526,90526,84c8affc9c747c49babf113e7fd5adb3d5c6d08ffce4e17ecb7593dbfa1dcb58,1180,2676,,,bytescale.mobbin.com,f7a1807c1ac98ccf0eecf5078d61346ac9a94ca37a547f5708d580528c9e55c0,/Users/user/mobbin-sides/screen-flows/corner/005-corner-creating-a-list-a38498cc-b799-4cc1-92ab-2c6dadd1a400/005-f4adb730-9748-49f6-992c-cb47dcc9554c-downloadableSrc-84c8affc9c74.webp
a38498cc-b799-4cc1-92ab-2c6dadd1a400,Creating a list,59299513-be08-4409-95f2-9db957b978ed,Corner,d41ee732-5f6c-4ded-96aa-58ac61967ec7,5,6,932f8077-f14a-4d3c-bbcf-261be3e9e92e,false,downloadableSrc,200,image/webp,91284,91284,452c6dfe26fba4d62bd7c1d49424b78fad40d5d5d0f1a96149fa75c156e9b337,1180,2676,,,bytescale.mobbin.com,f7a1807c1ac98ccf0eecf5078d61346ac9a94ca37a547f5708d580528c9e55c0,/Users/user/mobbin-sides/screen-flows/corner/005-corner-creating-a-list-a38498cc-b799-4cc1-92ab-2c6dadd1a400/006-932f8077-f14a-4d3c-bbcf-261be3e9e92e-downloadableSrc-452c6dfe26fb.webp
a38498cc-b799-4cc1-92ab-2c6dadd1a400,Creating a list,59299513-be08-4409-95f2-9db957b978ed,Corner,d41ee732-5f6c-4ded-96aa-58ac61967ec7,6,7,b2db99ea-c4f7-43fa-93ed-753ff3eaa160,false,downloadableSrc,200,image/webp,125064,125064,2ae0ba01321dfe420f3a2e9fcaa692cdc7192187262a218b55b3de9b0cdf8476,1180,2676,,,bytescale.mobbin.com,f7a1807c1ac98ccf0eecf5078d61346ac9a94ca37a547f5708d580528c9e55c0,/Users/user/mobbin-sides/screen-flows/corner/005-corner-creating-a-list-a38498cc-b799-4cc1-92ab-2c6dadd1a400/007-b2db99ea-c4f7-43fa-93ed-753ff3eaa160-downloadableSrc-2ae0ba01321d.webp
39ef667a-d234-42a1-88d7-1f0ac8a602a7,Set up sharing,59299513-be08-4409-95f2-9db957b978ed,Corner,d41ee732-5f6c-4ded-96aa-58ac61967ec7,0,1,c6edb16e-91e9-47bc-8122-d444db6c9266,false,downloadableSrc,200,image/webp,85830,85830,ed64af5b97666aba9af573647418fdb05a956a05f6b2a1f649d328379b4ca389,1180,2676,,,bytescale.mobbin.com,f7a1807c1ac98ccf0eecf5078d61346ac9a94ca37a547f5708d580528c9e55c0,/Users/user/mobbin-sides/screen-flows/corner/006-corner-set-up-sharing-39ef667a-d234-42a1-88d7-1f0ac8a602a7/001-c6edb16e-91e9-47bc-8122-d444db6c9266-downloadableSrc-ed64af5b9766.webp
39ef667a-d234-42a1-88d7-1f0ac8a602a7,Set up sharing,59299513-be08-4409-95f2-9db957b978ed,Corner,d41ee732-5f6c-4ded-96aa-58ac61967ec7,1,2,fe5e9b5a-b768-4fa5-9c44-64b6f42d8fe8,false,downloadableSrc,200,image/webp,90308,90308,19e42375b9b9f4ec5c1762cf809c921cb15dc1dcff9cdc0a14adebc3d671a677,1180,2676,,,bytescale.mobbin.com,f7a1807c1ac98ccf0eecf5078d61346ac9a94ca37a547f5708d580528c9e55c0,/Users/user/mobbin-sides/screen-flows/corner/006-corner-set-up-sharing-39ef667a-d234-42a1-88d7-1f0ac8a602a7/002-fe5e9b5a-b768-4fa5-9c44-64b6f42d8fe8-downloadableSrc-19e42375b9b9.webp
39ef667a-d234-42a1-88d7-1f0ac8a602a7,Set up sharing,59299513-be08-4409-95f2-9db957b978ed,Corner,d41ee732-5f6c-4ded-96aa-58ac61967ec7,2,3,1b6a07e8-e539-47b6-a76f-43348e0ed916,false,downloadableSrc,200,image/webp,67766,67766,847aa7c133082090b08b7c659b5fd47f228d47989997ee20cee3767f19835318,1180,2676,,,bytescale.mobbin.com,f7a1807c1ac98ccf0eecf5078d61346ac9a94ca37a547f5708d580528c9e55c0,/Users/user/mobbin-sides/screen-flows/corner/006-corner-set-up-sharing-39ef667a-d234-42a1-88d7-1f0ac8a602a7/003-1b6a07e8-e539-47b6-a76f-43348e0ed916-downloadableSrc-847aa7c13308.webp
39ef667a-d234-42a1-88d7-1f0ac8a602a7,Set up sharing,59299513-be08-4409-95f2-9db957b978ed,Corner,d41ee732-5f6c-4ded-96aa-58ac61967ec7,3,4,0d2a09a5-e702-45e8-a1c8-780aa7769f91,false,downloadableSrc,200,image/webp,50270,50270,e3381968a80fb2154dda803dfe559b8395a35699ea33e2ca9afa4848add1b251,1180,2676,,,bytescale.mobbin.com,f7a1807c1ac98ccf0eecf5078d61346ac9a94ca37a547f5708d580528c9e55c0,/Users/user/mobbin-sides/screen-flows/corner/006-corner-set-up-sharing-39ef667a-d234-42a1-88d7-1f0ac8a602a7/004-0d2a09a5-e702-45e8-a1c8-780aa7769f91-downloadableSrc-e3381968a80f.webp
75930302-fa42-4ecc-af69-16d854958cbb,Import places (list links),59299513-be08-4409-95f2-9db957b978ed,Corner,d41ee732-5f6c-4ded-96aa-58ac61967ec7,0,1,c6edb16e-91e9-47bc-8122-d444db6c9266,false,downloadableSrc,200,image/webp,85830,85830,ed64af5b97666aba9af573647418fdb05a956a05f6b2a1f649d328379b4ca389,1180,2676,,,bytescale.mobbin.com,f7a1807c1ac98ccf0eecf5078d61346ac9a94ca37a547f5708d580528c9e55c0,/Users/user/mobbin-sides/screen-flows/corner/007-corner-import-places-list-links-75930302-fa42-4ecc-af69-16d854958cbb/001-c6edb16e-91e9-47bc-8122-d444db6c9266-downloadableSrc-ed64af5b9766.webp
75930302-fa42-4ecc-af69-16d854958cbb,Import places (list links),59299513-be08-4409-95f2-9db957b978ed,Corner,d41ee732-5f6c-4ded-96aa-58ac61967ec7,1,2,ebb2ca18-5749-4ed9-8bb8-36c07f60a5f1,false,downloadableSrc,200,image/webp,63906,63906,f5d19119cf2a4785bf9cb2f067aa33668b84efff4f0da3a76ccea9d313824b43,1180,2676,,,bytescale.mobbin.com,f7a1807c1ac98ccf0eecf5078d61346ac9a94ca37a547f5708d580528c9e55c0,/Users/user/mobbin-sides/screen-flows/corner/007-corner-import-places-list-links-75930302-fa42-4ecc-af69-16d854958cbb/002-ebb2ca18-5749-4ed9-8bb8-36c07f60a5f1-downloadableSrc-f5d19119cf2a.webp
75930302-fa42-4ecc-af69-16d854958cbb,Import places (list links),59299513-be08-4409-95f2-9db957b978ed,Corner,d41ee732-5f6c-4ded-96aa-58ac61967ec7,2,3,611e7773-2e01-4464-8b7f-0394e4adc0fa,false,downloadableSrc,200,image/webp,71790,71790,3f5d03650fd6cd67509641f73725a454f0d7f9969bae7b4b6ecbba9498ea91d7,1180,2676,,,bytescale.mobbin.com,f7a1807c1ac98ccf0eecf5078d61346ac9a94ca37a547f5708d580528c9e55c0,/Users/user/mobbin-sides/screen-flows/corner/007-corner-import-places-list-links-75930302-fa42-4ecc-af69-16d854958cbb/003-611e7773-2e01-4464-8b7f-0394e4adc0fa-downloadableSrc-3f5d03650fd6.webp
75930302-fa42-4ecc-af69-16d854958cbb,Import places (list links),59299513-be08-4409-95f2-9db957b978ed,Corner,d41ee732-5f6c-4ded-96aa-58ac61967ec7,3,4,a8c4ad05-aa8b-47cc-ad7c-2b1bd87a2901,false,downloadableSrc,200,image/webp,72696,72696,17c58ff10550a63b8eafdf8a35bd5dacfdb5adb3109fbda08835a6c02e5720e0,1179,2676,,,bytescale.mobbin.com,f7a1807c1ac98ccf0eecf5078d61346ac9a94ca37a547f5708d580528c9e55c0,/Users/user/mobbin-sides/screen-flows/corner/007-corner-import-places-list-links-75930302-fa42-4ecc-af69-16d854958cbb/004-a8c4ad05-aa8b-47cc-ad7c-2b1bd87a2901-downloadableSrc-17c58ff10550.webp
75930302-fa42-4ecc-af69-16d854958cbb,Import places (list links),59299513-be08-4409-95f2-9db957b978ed,Corner,d41ee732-5f6c-4ded-96aa-58ac61967ec7,4,5,1beb46f2-b3e1-4c67-b4fa-c570b2e79773,false,downloadableSrc,200,image/webp,136242,136242,1848731339fc7ec67eecdb0fe815bf47e7ef2b645713ff2a0a4d11b2df0262d5,1180,2676,,,bytescale.mobbin.com,f7a1807c1ac98ccf0eecf5078d61346ac9a94ca37a547f5708d580528c9e55c0,/Users/user/mobbin-sides/screen-flows/corner/007-corner-import-places-list-links-75930302-fa42-4ecc-af69-16d854958cbb/005-1beb46f2-b3e1-4c67-b4fa-c570b2e79773-downloadableSrc-1848731339fc.webp
9da7a964-53b9-41a8-8c2c-3211dc96e57d,Import places (notes or texts),59299513-be08-4409-95f2-9db957b978ed,Corner,d41ee732-5f6c-4ded-96aa-58ac61967ec7,0,1,c6edb16e-91e9-47bc-8122-d444db6c9266,false,downloadableSrc,200,image/webp,85830,85830,ed64af5b97666aba9af573647418fdb05a956a05f6b2a1f649d328379b4ca389,1180,2676,,,bytescale.mobbin.com,f7a1807c1ac98ccf0eecf5078d61346ac9a94ca37a547f5708d580528c9e55c0,/Users/user/mobbin-sides/screen-flows/corner/008-corner-import-places-notes-or-texts-9da7a964-53b9-41a8-8c2c-3211dc96e57d/001-c6edb16e-91e9-47bc-8122-d444db6c9266-downloadableSrc-ed64af5b9766.webp
9da7a964-53b9-41a8-8c2c-3211dc96e57d,Import places (notes or texts),59299513-be08-4409-95f2-9db957b978ed,Corner,d41ee732-5f6c-4ded-96aa-58ac61967ec7,1,2,307b2e56-79fb-4b40-ab54-3e164775df51,false,downloadableSrc,200,image/webp,56528,56528,21ee55b5190c1e8fec9b698bedc78e03c961740b08f1818e1a75a2bea2112a97,1180,2676,,,bytescale.mobbin.com,f7a1807c1ac98ccf0eecf5078d61346ac9a94ca37a547f5708d580528c9e55c0,/Users/user/mobbin-sides/screen-flows/corner/008-corner-import-places-notes-or-texts-9da7a964-53b9-41a8-8c2c-3211dc96e57d/002-307b2e56-79fb-4b40-ab54-3e164775df51-downloadableSrc-21ee55b5190c.webp
9da7a964-53b9-41a8-8c2c-3211dc96e57d,Import places (notes or texts),59299513-be08-4409-95f2-9db957b978ed,Corner,d41ee732-5f6c-4ded-96aa-58ac61967ec7,2,3,c5a12ff6-caa4-41a3-9bdd-a9ac8da04b50,false,downloadableSrc,200,image/webp,65636,65636,d10daeb0126f12bf13f1ff616a568cdb5980043b70b116177c46ec00c1932f3e,1179,2676,,,bytescale.mobbin.com,f7a1807c1ac98ccf0eecf5078d61346ac9a94ca37a547f5708d580528c9e55c0,/Users/user/mobbin-sides/screen-flows/corner/008-corner-import-places-notes-or-texts-9da7a964-53b9-41a8-8c2c-3211dc96e57d/003-c5a12ff6-caa4-41a3-9bdd-a9ac8da04b50-downloadableSrc-d10daeb0126f.webp
9da7a964-53b9-41a8-8c2c-3211dc96e57d,Import places (notes or texts),59299513-be08-4409-95f2-9db957b978ed,Corner,d41ee732-5f6c-4ded-96aa-58ac61967ec7,3,4,1beb46f2-b3e1-4c67-b4fa-c570b2e79773,false,downloadableSrc,200,image/webp,136242,136242,1848731339fc7ec67eecdb0fe815bf47e7ef2b645713ff2a0a4d11b2df0262d5,1180,2676,,,bytescale.mobbin.com,f7a1807c1ac98ccf0eecf5078d61346ac9a94ca37a547f5708d580528c9e55c0,/Users/user/mobbin-sides/screen-flows/corner/008-corner-import-places-notes-or-texts-9da7a964-53b9-41a8-8c2c-3211dc96e57d/004-1beb46f2-b3e1-4c67-b4fa-c570b2e79773-downloadableSrc-1848731339fc.webp
98ee6fdd-dd84-4dd3-bff8-5b6ad860f5ed,Home,59299513-be08-4409-95f2-9db957b978ed,Corner,d41ee732-5f6c-4ded-96aa-58ac61967ec7,0,1,85cd09a0-af86-4ab8-9305-576288116ffa,false,downloadableSrc,200,image/webp,130922,130922,eae9e66e0f62a49b61f32df0d73597b297a1e199e9d9dc2799ce96e412999fec,1180,2676,,,bytescale.mobbin.com,f7a1807c1ac98ccf0eecf5078d61346ac9a94ca37a547f5708d580528c9e55c0,/Users/user/mobbin-sides/screen-flows/corner/009-corner-home-98ee6fdd-dd84-4dd3-bff8-5b6ad860f5ed/001-85cd09a0-af86-4ab8-9305-576288116ffa-downloadableSrc-eae9e66e0f62.webp
98ee6fdd-dd84-4dd3-bff8-5b6ad860f5ed,Home,59299513-be08-4409-95f2-9db957b978ed,Corner,d41ee732-5f6c-4ded-96aa-58ac61967ec7,1,2,00c73901-08fa-4929-9426-40a8425f3765,false,downloadableSrc,200,image/webp,117634,117634,b0b1179c00a9ca0be8a0d32afc72e9967ab159c93fa23d1282a0ea55b35db4a0,1180,2676,,,bytescale.mobbin.com,f7a1807c1ac98ccf0eecf5078d61346ac9a94ca37a547f5708d580528c9e55c0,/Users/user/mobbin-sides/screen-flows/corner/009-corner-home-98ee6fdd-dd84-4dd3-bff8-5b6ad860f5ed/002-00c73901-08fa-4929-9426-40a8425f3765-downloadableSrc-b0b1179c00a9.webp
98ee6fdd-dd84-4dd3-bff8-5b6ad860f5ed,Home,59299513-be08-4409-95f2-9db957b978ed,Corner,d41ee732-5f6c-4ded-96aa-58ac61967ec7,2,3,89a2e0f2-2368-4174-9505-7a307cdb54a5,false,downloadableSrc,200,image/webp,134096,134096,5525d018a638ee69df8993a1b28b82087adac80cbee1302c69ac2e58d0ec9617,1179,2676,,,bytescale.mobbin.com,f7a1807c1ac98ccf0eecf5078d61346ac9a94ca37a547f5708d580528c9e55c0,/Users/user/mobbin-sides/screen-flows/corner/009-corner-home-98ee6fdd-dd84-4dd3-bff8-5b6ad860f5ed/003-89a2e0f2-2368-4174-9505-7a307cdb54a5-downloadableSrc-5525d018a638.webp
98ee6fdd-dd84-4dd3-bff8-5b6ad860f5ed,Home,59299513-be08-4409-95f2-9db957b978ed,Corner,d41ee732-5f6c-4ded-96aa-58ac61967ec7,3,4,1aaa327f-79f0-4e0b-9526-f7ee0cd8c2ec,false,downloadableSrc,200,image/webp,255592,255592,a7dee9ebce0a7c14acead9fb9198264e889fbb2079eace3dedb52bf6604d586d,1180,2676,,,bytescale.mobbin.com,f7a1807c1ac98ccf0eecf5078d61346ac9a94ca37a547f5708d580528c9e55c0,/Users/user/mobbin-sides/screen-flows/corner/009-corner-home-98ee6fdd-dd84-4dd3-bff8-5b6ad860f5ed/004-1aaa327f-79f0-4e0b-9526-f7ee0cd8c2ec-downloadableSrc-a7dee9ebce0a.webp
5a10c893-ab8a-43c8-8b92-00768417390a,Choosing an area,59299513-be08-4409-95f2-9db957b978ed,Corner,d41ee732-5f6c-4ded-96aa-58ac61967ec7,0,1,00c73901-08fa-4929-9426-40a8425f3765,false,downloadableSrc,200,image/webp,117634,117634,b0b1179c00a9ca0be8a0d32afc72e9967ab159c93fa23d1282a0ea55b35db4a0,1180,2676,,,bytescale.mobbin.com,f7a1807c1ac98ccf0eecf5078d61346ac9a94ca37a547f5708d580528c9e55c0,/Users/user/mobbin-sides/screen-flows/corner/010-corner-choosing-an-area-5a10c893-ab8a-43c8-8b92-00768417390a/001-00c73901-08fa-4929-9426-40a8425f3765-downloadableSrc-b0b1179c00a9.webp
5a10c893-ab8a-43c8-8b92-00768417390a,Choosing an area,59299513-be08-4409-95f2-9db957b978ed,Corner,d41ee732-5f6c-4ded-96aa-58ac61967ec7,1,2,8a881d0c-27a6-47cd-8590-af0c1f058e6f,false,downloadableSrc,200,image/webp,89344,89344,36ee582f18e494d91ad7b6858a82ee9b783c5f14e788e6b1878e610e6afbc1bb,1180,2676,,,bytescale.mobbin.com,f7a1807c1ac98ccf0eecf5078d61346ac9a94ca37a547f5708d580528c9e55c0,/Users/user/mobbin-sides/screen-flows/corner/010-corner-choosing-an-area-5a10c893-ab8a-43c8-8b92-00768417390a/002-8a881d0c-27a6-47cd-8590-af0c1f058e6f-downloadableSrc-36ee582f18e4.webp
5a10c893-ab8a-43c8-8b92-00768417390a,Choosing an area,59299513-be08-4409-95f2-9db957b978ed,Corner,d41ee732-5f6c-4ded-96aa-58ac61967ec7,2,3,c14209e2-576e-4fd3-899d-ce128cebe6b9,false,downloadableSrc,200,image/webp,123830,123830,28160952d7b9c24cb73773c0ae454f33f8773dd78ccd0fc192a2ef3f7901d6e2,1180,2676,,,bytescale.mobbin.com,f7a1807c1ac98ccf0eecf5078d61346ac9a94ca37a547f5708d580528c9e55c0,/Users/user/mobbin-sides/screen-flows/corner/010-corner-choosing-an-area-5a10c893-ab8a-43c8-8b92-00768417390a/003-c14209e2-576e-4fd3-899d-ce128cebe6b9-downloadableSrc-28160952d7b9.webp
5a10c893-ab8a-43c8-8b92-00768417390a,Choosing an area,59299513-be08-4409-95f2-9db957b978ed,Corner,d41ee732-5f6c-4ded-96aa-58ac61967ec7,3,4,1aaa327f-79f0-4e0b-9526-f7ee0cd8c2ec,false,downloadableSrc,200,image/webp,255592,255592,a7dee9ebce0a7c14acead9fb9198264e889fbb2079eace3dedb52bf6604d586d,1180,2676,,,bytescale.mobbin.com,f7a1807c1ac98ccf0eecf5078d61346ac9a94ca37a547f5708d580528c9e55c0,/Users/user/mobbin-sides/screen-flows/corner/010-corner-choosing-an-area-5a10c893-ab8a-43c8-8b92-00768417390a/004-1aaa327f-79f0-4e0b-9526-f7ee0cd8c2ec-downloadableSrc-a7dee9ebce0a.webp
5c5087e0-bad7-4e09-afb8-a1877883a4de,Filtering places,59299513-be08-4409-95f2-9db957b978ed,Corner,d41ee732-5f6c-4ded-96aa-58ac61967ec7,0,1,1aaa327f-79f0-4e0b-9526-f7ee0cd8c2ec,false,downloadableSrc,200,image/webp,255592,255592,a7dee9ebce0a7c14acead9fb9198264e889fbb2079eace3dedb52bf6604d586d,1180,2676,,,bytescale.mobbin.com,f7a1807c1ac98ccf0eecf5078d61346ac9a94ca37a547f5708d580528c9e55c0,/Users/user/mobbin-sides/screen-flows/corner/011-corner-filtering-places-5c5087e0-bad7-4e09-afb8-a1877883a4de/001-1aaa327f-79f0-4e0b-9526-f7ee0cd8c2ec-downloadableSrc-a7dee9ebce0a.webp
5c5087e0-bad7-4e09-afb8-a1877883a4de,Filtering places,59299513-be08-4409-95f2-9db957b978ed,Corner,d41ee732-5f6c-4ded-96aa-58ac61967ec7,1,2,75720199-2f6e-418b-889e-9cb13d176ef2,false,downloadableSrc,200,image/webp,186228,186228,7d77acd4ea4d59a59edcaf19a320963651aedb40363ddfe62fc341d6fadd608b,1180,2676,,,bytescale.mobbin.com,f7a1807c1ac98ccf0eecf5078d61346ac9a94ca37a547f5708d580528c9e55c0,/Users/user/mobbin-sides/screen-flows/corner/011-corner-filtering-places-5c5087e0-bad7-4e09-afb8-a1877883a4de/002-75720199-2f6e-418b-889e-9cb13d176ef2-downloadableSrc-7d77acd4ea4d.webp
5c5087e0-bad7-4e09-afb8-a1877883a4de,Filtering places,59299513-be08-4409-95f2-9db957b978ed,Corner,d41ee732-5f6c-4ded-96aa-58ac61967ec7,2,3,cd7d1cf7-fd10-4b8c-bd9a-055e491088f7,false,downloadableSrc,200,image/webp,190404,190404,7ed91784d76fe3a3c1977b6a85e5a6401f938b6ed1728e177fb6e4b0145633f6,1180,2676,,,bytescale.mobbin.com,f7a1807c1ac98ccf0eecf5078d61346ac9a94ca37a547f5708d580528c9e55c0,/Users/user/mobbin-sides/screen-flows/corner/011-corner-filtering-places-5c5087e0-bad7-4e09-afb8-a1877883a4de/003-cd7d1cf7-fd10-4b8c-bd9a-055e491088f7-downloadableSrc-7ed91784d76f.webp
5c5087e0-bad7-4e09-afb8-a1877883a4de,Filtering places,59299513-be08-4409-95f2-9db957b978ed,Corner,d41ee732-5f6c-4ded-96aa-58ac61967ec7,3,4,0d0eb519-b1ec-469a-a939-5d6f3625604b,false,downloadableSrc,200,image/webp,266020,266020,989caf154cf4656ab005e7a0df26fafdc88fedd05c33df92ec8d16102239a3cd,1180,2676,,,bytescale.mobbin.com,f7a1807c1ac98ccf0eecf5078d61346ac9a94ca37a547f5708d580528c9e55c0,/Users/user/mobbin-sides/screen-flows/corner/011-corner-filtering-places-5c5087e0-bad7-4e09-afb8-a1877883a4de/004-0d0eb519-b1ec-469a-a939-5d6f3625604b-downloadableSrc-989caf154cf4.webp
c49a3644-5265-46a4-949c-1df165e939d9,Top picks,59299513-be08-4409-95f2-9db957b978ed,Corner,d41ee732-5f6c-4ded-96aa-58ac61967ec7,0,1,1aaa327f-79f0-4e0b-9526-f7ee0cd8c2ec,false,downloadableSrc,200,image/webp,255592,255592,a7dee9ebce0a7c14acead9fb9198264e889fbb2079eace3dedb52bf6604d586d,1180,2676,,,bytescale.mobbin.com,f7a1807c1ac98ccf0eecf5078d61346ac9a94ca37a547f5708d580528c9e55c0,/Users/user/mobbin-sides/screen-flows/corner/012-corner-top-picks-c49a3644-5265-46a4-949c-1df165e939d9/001-1aaa327f-79f0-4e0b-9526-f7ee0cd8c2ec-downloadableSrc-a7dee9ebce0a.webp
c49a3644-5265-46a4-949c-1df165e939d9,Top picks,59299513-be08-4409-95f2-9db957b978ed,Corner,d41ee732-5f6c-4ded-96aa-58ac61967ec7,1,2,104a5a32-9017-498b-8b7d-4fbde9bfb35a,false,downloadableSrc,200,image/webp,179638,179638,565507f9f81c1fa38eaa80094fc7ae7e077777639417dcbf31ee1f9080435e1c,1180,2676,,,bytescale.mobbin.com,f7a1807c1ac98ccf0eecf5078d61346ac9a94ca37a547f5708d580528c9e55c0,/Users/user/mobbin-sides/screen-flows/corner/012-corner-top-picks-c49a3644-5265-46a4-949c-1df165e939d9/002-104a5a32-9017-498b-8b7d-4fbde9bfb35a-downloadableSrc-565507f9f81c.webp
c49a3644-5265-46a4-949c-1df165e939d9,Top picks,59299513-be08-4409-95f2-9db957b978ed,Corner,d41ee732-5f6c-4ded-96aa-58ac61967ec7,2,3,55bdafdf-8b60-4157-9afb-99156cbf43e7,false,downloadableSrc,200,image/webp,169502,169502,a2ab8e06f09393451f14f31e6e09024bb7366327f0ed5acffac0e59c1498d5c8,1180,2676,,,bytescale.mobbin.com,f7a1807c1ac98ccf0eecf5078d61346ac9a94ca37a547f5708d580528c9e55c0,/Users/user/mobbin-sides/screen-flows/corner/012-corner-top-picks-c49a3644-5265-46a4-949c-1df165e939d9/003-55bdafdf-8b60-4157-9afb-99156cbf43e7-downloadableSrc-a2ab8e06f093.webp
c49a3644-5265-46a4-949c-1df165e939d9,Top picks,59299513-be08-4409-95f2-9db957b978ed,Corner,d41ee732-5f6c-4ded-96aa-58ac61967ec7,3,4,924664f0-66af-4a8f-a7f0-57b48fc968ba,false,downloadableSrc,200,image/webp,194874,194874,97ef81d13e37bd375ca4651da18a1af8218c6fd146411e052ae0ad4532992bbc,1180,2676,,,bytescale.mobbin.com,f7a1807c1ac98ccf0eecf5078d61346ac9a94ca37a547f5708d580528c9e55c0,/Users/user/mobbin-sides/screen-flows/corner/012-corner-top-picks-c49a3644-5265-46a4-949c-1df165e939d9/004-924664f0-66af-4a8f-a7f0-57b48fc968ba-downloadableSrc-97ef81d13e37.webp
c49a3644-5265-46a4-949c-1df165e939d9,Top picks,59299513-be08-4409-95f2-9db957b978ed,Corner,d41ee732-5f6c-4ded-96aa-58ac61967ec7,4,5,428e752d-a9d5-4c39-b3e1-20b62aeb13ff,false,downloadableSrc,200,image/webp,193584,193584,4bedd34099b8860e5c71e27932942663727a2b2acd8b63320ef9391fb811c8d7,1180,2676,,,bytescale.mobbin.com,f7a1807c1ac98ccf0eecf5078d61346ac9a94ca37a547f5708d580528c9e55c0,/Users/user/mobbin-sides/screen-flows/corner/012-corner-top-picks-c49a3644-5265-46a4-949c-1df165e939d9/005-428e752d-a9d5-4c39-b3e1-20b62aeb13ff-downloadableSrc-4bedd34099b8.webp
55f72733-0de8-4fe5-bf66-acff0dfd87f0,Category detail,59299513-be08-4409-95f2-9db957b978ed,Corner,d41ee732-5f6c-4ded-96aa-58ac61967ec7,0,1,1aaa327f-79f0-4e0b-9526-f7ee0cd8c2ec,false,downloadableSrc,200,image/webp,255592,255592,a7dee9ebce0a7c14acead9fb9198264e889fbb2079eace3dedb52bf6604d586d,1180,2676,,,bytescale.mobbin.com,f7a1807c1ac98ccf0eecf5078d61346ac9a94ca37a547f5708d580528c9e55c0,/Users/user/mobbin-sides/screen-flows/corner/013-corner-category-detail-55f72733-0de8-4fe5-bf66-acff0dfd87f0/001-1aaa327f-79f0-4e0b-9526-f7ee0cd8c2ec-downloadableSrc-a7dee9ebce0a.webp
55f72733-0de8-4fe5-bf66-acff0dfd87f0,Category detail,59299513-be08-4409-95f2-9db957b978ed,Corner,d41ee732-5f6c-4ded-96aa-58ac61967ec7,1,2,c63f175e-55bf-46ef-94cd-80afc41ec6a9,false,downloadableSrc,200,image/webp,256450,256450,e90e527449c9c0511d6e386c1b9bb1e715e55ef9c233fbadbfc69918c19b3cc8,1179,2676,,,bytescale.mobbin.com,f7a1807c1ac98ccf0eecf5078d61346ac9a94ca37a547f5708d580528c9e55c0,/Users/user/mobbin-sides/screen-flows/corner/013-corner-category-detail-55f72733-0de8-4fe5-bf66-acff0dfd87f0/002-c63f175e-55bf-46ef-94cd-80afc41ec6a9-downloadableSrc-e90e527449c9.webp
55f72733-0de8-4fe5-bf66-acff0dfd87f0,Category detail,59299513-be08-4409-95f2-9db957b978ed,Corner,d41ee732-5f6c-4ded-96aa-58ac61967ec7,2,3,f7a968bc-c98f-4cb9-b4d9-d73255da840c,false,downloadableSrc,200,image/webp,249654,249654,dd2eb66be8f3cb6398a0fc3b01ab9f9fb9cd58bdd8df0cda43376ea23aeffdcd,1180,2676,,,bytescale.mobbin.com,f7a1807c1ac98ccf0eecf5078d61346ac9a94ca37a547f5708d580528c9e55c0,/Users/user/mobbin-sides/screen-flows/corner/013-corner-category-detail-55f72733-0de8-4fe5-bf66-acff0dfd87f0/003-f7a968bc-c98f-4cb9-b4d9-d73255da840c-downloadableSrc-dd2eb66be8f3.webp
55f72733-0de8-4fe5-bf66-acff0dfd87f0,Category detail,59299513-be08-4409-95f2-9db957b978ed,Corner,d41ee732-5f6c-4ded-96aa-58ac61967ec7,3,4,724d0c3e-b4ea-4dab-837f-e5f2bc902cbd,false,downloadableSrc,200,image/webp,219800,219800,c780a9597b163b4a158d7c86cce687e3c251dd3d5d30307814337f253192f6fb,1180,2676,,,bytescale.mobbin.com,f7a1807c1ac98ccf0eecf5078d61346ac9a94ca37a547f5708d580528c9e55c0,/Users/user/mobbin-sides/screen-flows/corner/013-corner-category-detail-55f72733-0de8-4fe5-bf66-acff0dfd87f0/004-724d0c3e-b4ea-4dab-837f-e5f2bc902cbd-downloadableSrc-c780a9597b16.webp
63a02737-db25-42b5-81e1-bd1d29e660e1,Place detail,59299513-be08-4409-95f2-9db957b978ed,Corner,d41ee732-5f6c-4ded-96aa-58ac61967ec7,0,1,1aaa327f-79f0-4e0b-9526-f7ee0cd8c2ec,false,downloadableSrc,200,image/webp,255592,255592,a7dee9ebce0a7c14acead9fb9198264e889fbb2079eace3dedb52bf6604d586d,1180,2676,,,bytescale.mobbin.com,f7a1807c1ac98ccf0eecf5078d61346ac9a94ca37a547f5708d580528c9e55c0,/Users/user/mobbin-sides/screen-flows/corner/014-corner-place-detail-63a02737-db25-42b5-81e1-bd1d29e660e1/001-1aaa327f-79f0-4e0b-9526-f7ee0cd8c2ec-downloadableSrc-a7dee9ebce0a.webp
63a02737-db25-42b5-81e1-bd1d29e660e1,Place detail,59299513-be08-4409-95f2-9db957b978ed,Corner,d41ee732-5f6c-4ded-96aa-58ac61967ec7,1,2,1ee47733-1176-4735-8e6d-19b63cae93dc,false,downloadableSrc,200,image/webp,214380,214380,1c522c0c7db919d3f9195853e9c6da07d6576bfba113019f20f3788229700460,1180,2676,,,bytescale.mobbin.com,f7a1807c1ac98ccf0eecf5078d61346ac9a94ca37a547f5708d580528c9e55c0,/Users/user/mobbin-sides/screen-flows/corner/014-corner-place-detail-63a02737-db25-42b5-81e1-bd1d29e660e1/002-1ee47733-1176-4735-8e6d-19b63cae93dc-downloadableSrc-1c522c0c7db9.webp
63a02737-db25-42b5-81e1-bd1d29e660e1,Place detail,59299513-be08-4409-95f2-9db957b978ed,Corner,d41ee732-5f6c-4ded-96aa-58ac61967ec7,2,3,e6d10e68-84ed-4504-8ae2-898e813a1f9d,false,downloadableSrc,200,image/webp,183490,183490,dbce477e6063730e3e5a645aa723dab4a793e5a9caa4a7e7aed1955815651a86,1180,2676,,,bytescale.mobbin.com,f7a1807c1ac98ccf0eecf5078d61346ac9a94ca37a547f5708d580528c9e55c0,/Users/user/mobbin-sides/screen-flows/corner/014-corner-place-detail-63a02737-db25-42b5-81e1-bd1d29e660e1/003-e6d10e68-84ed-4504-8ae2-898e813a1f9d-downloadableSrc-dbce477e6063.webp
63a02737-db25-42b5-81e1-bd1d29e660e1,Place detail,59299513-be08-4409-95f2-9db957b978ed,Corner,d41ee732-5f6c-4ded-96aa-58ac61967ec7,3,4,1e43f894-c0fe-42d2-b086-a56ed65d4925,false,downloadableSrc,200,image/webp,179384,179384,35a8f625ae5944c1b99f916b90589b3819936b554d2f07ebbbceb2ef8f3c8c80,1180,2676,,,bytescale.mobbin.com,f7a1807c1ac98ccf0eecf5078d61346ac9a94ca37a547f5708d580528c9e55c0,/Users/user/mobbin-sides/screen-flows/corner/014-corner-place-detail-63a02737-db25-42b5-81e1-bd1d29e660e1/004-1e43f894-c0fe-42d2-b086-a56ed65d4925-downloadableSrc-35a8f625ae59.webp
63a02737-db25-42b5-81e1-bd1d29e660e1,Place detail,59299513-be08-4409-95f2-9db957b978ed,Corner,d41ee732-5f6c-4ded-96aa-58ac61967ec7,4,5,42b42782-cb44-466e-beec-6df3312191fb,false,downloadableSrc,200,image/webp,194978,194978,ac1514023105921c6d6cf5df0da1f12de25397530a29ac8a52636c51348a0336,1180,2676,,,bytescale.mobbin.com,f7a1807c1ac98ccf0eecf5078d61346ac9a94ca37a547f5708d580528c9e55c0,/Users/user/mobbin-sides/screen-flows/corner/014-corner-place-detail-63a02737-db25-42b5-81e1-bd1d29e660e1/005-42b42782-cb44-466e-beec-6df3312191fb-downloadableSrc-ac1514023105.webp
63a02737-db25-42b5-81e1-bd1d29e660e1,Place detail,59299513-be08-4409-95f2-9db957b978ed,Corner,d41ee732-5f6c-4ded-96aa-58ac61967ec7,5,6,b3ef2e90-449e-4057-84d4-f6a18c1f8aac,false,downloadableSrc,200,image/webp,178524,178524,42fb1417096d6b28f2142128882e213503e8b3d4aa3e6ffeeb192ee35477d54d,1180,2676,,,bytescale.mobbin.com,f7a1807c1ac98ccf0eecf5078d61346ac9a94ca37a547f5708d580528c9e55c0,/Users/user/mobbin-sides/screen-flows/corner/014-corner-place-detail-63a02737-db25-42b5-81e1-bd1d29e660e1/006-b3ef2e90-449e-4057-84d4-f6a18c1f8aac-downloadableSrc-42fb1417096d.webp
63a02737-db25-42b5-81e1-bd1d29e660e1,Place detail,59299513-be08-4409-95f2-9db957b978ed,Corner,d41ee732-5f6c-4ded-96aa-58ac61967ec7,6,7,38303b6c-786c-4b31-aee6-ba94509ffe6b,false,downloadableSrc,200,image/webp,178108,178108,ed2ba4979cbd0a7c008ff01f042ab764ab01f9e82d1ad8a9775382064e24d502,1180,2676,,,bytescale.mobbin.com,f7a1807c1ac98ccf0eecf5078d61346ac9a94ca37a547f5708d580528c9e55c0,/Users/user/mobbin-sides/screen-flows/corner/014-corner-place-detail-63a02737-db25-42b5-81e1-bd1d29e660e1/007-38303b6c-786c-4b31-aee6-ba94509ffe6b-downloadableSrc-ed2ba4979cbd.webp
63a02737-db25-42b5-81e1-bd1d29e660e1,Place detail,59299513-be08-4409-95f2-9db957b978ed,Corner,d41ee732-5f6c-4ded-96aa-58ac61967ec7,7,8,515a7062-1859-4799-8543-d8c510867448,false,downloadableSrc,200,image/webp,176072,176072,705dc25da254efd3984e06cbe1fb91daf6ed27fa325a192f5272e48fd074631a,1180,2676,,,bytescale.mobbin.com,f7a1807c1ac98ccf0eecf5078d61346ac9a94ca37a547f5708d580528c9e55c0,/Users/user/mobbin-sides/screen-flows/corner/014-corner-place-detail-63a02737-db25-42b5-81e1-bd1d29e660e1/008-515a7062-1859-4799-8543-d8c510867448-downloadableSrc-705dc25da254.webp
63a02737-db25-42b5-81e1-bd1d29e660e1,Place detail,59299513-be08-4409-95f2-9db957b978ed,Corner,d41ee732-5f6c-4ded-96aa-58ac61967ec7,8,9,f6bffd11-86ae-4bd7-8c71-fa75ef3a5734,false,downloadableSrc,200,image/webp,162150,162150,35ef5606c7cea0b2ac098d40961322712eff9d3b4cd21a4e413cd903eb32ddcc,1180,2676,,,bytescale.mobbin.com,f7a1807c1ac98ccf0eecf5078d61346ac9a94ca37a547f5708d580528c9e55c0,/Users/user/mobbin-sides/screen-flows/corner/014-corner-place-detail-63a02737-db25-42b5-81e1-bd1d29e660e1/009-f6bffd11-86ae-4bd7-8c71-fa75ef3a5734-downloadableSrc-35ef5606c7ce.webp
63a02737-db25-42b5-81e1-bd1d29e660e1,Place detail,59299513-be08-4409-95f2-9db957b978ed,Corner,d41ee732-5f6c-4ded-96aa-58ac61967ec7,9,10,2106f343-2412-4b16-a7bf-8c4052b94fd2,false,downloadableSrc,200,image/webp,153490,153490,d721cc4322b0b215b377714974b8274832efd3b96f7d71a5a9cc99aad01c6fd9,1180,2676,,,bytescale.mobbin.com,f7a1807c1ac98ccf0eecf5078d61346ac9a94ca37a547f5708d580528c9e55c0,/Users/user/mobbin-sides/screen-flows/corner/014-corner-place-detail-63a02737-db25-42b5-81e1-bd1d29e660e1/010-2106f343-2412-4b16-a7bf-8c4052b94fd2-downloadableSrc-d721cc4322b0.webp
63a02737-db25-42b5-81e1-bd1d29e660e1,Place detail,59299513-be08-4409-95f2-9db957b978ed,Corner,d41ee732-5f6c-4ded-96aa-58ac61967ec7,10,11,7401d4bb-a3ad-44a0-9c36-f144ac37b9fb,false,downloadableSrc,200,image/webp,141026,141026,11e802d2797cd5174cbf36deab0c9b31633bb554e354a5aaf988e56bbb1ae825,1180,2676,,,bytescale.mobbin.com,f7a1807c1ac98ccf0eecf5078d61346ac9a94ca37a547f5708d580528c9e55c0,/Users/user/mobbin-sides/screen-flows/corner/014-corner-place-detail-63a02737-db25-42b5-81e1-bd1d29e660e1/011-7401d4bb-a3ad-44a0-9c36-f144ac37b9fb-downloadableSrc-11e802d2797c.webp
63a02737-db25-42b5-81e1-bd1d29e660e1,Place detail,59299513-be08-4409-95f2-9db957b978ed,Corner,d41ee732-5f6c-4ded-96aa-58ac61967ec7,11,12,1cc11ef5-33ad-4e0e-927c-8b212b974226,false,downloadableSrc,200,image/webp,158598,158598,1b790c31fdc39c8f42d71127d883f5e45a8f38dd55429d9a638cb5fc40cc5173,1180,2676,,,bytescale.mobbin.com,f7a1807c1ac98ccf0eecf5078d61346ac9a94ca37a547f5708d580528c9e55c0,/Users/user/mobbin-sides/screen-flows/corner/014-corner-place-detail-63a02737-db25-42b5-81e1-bd1d29e660e1/012-1cc11ef5-33ad-4e0e-927c-8b212b974226-downloadableSrc-1b790c31fdc3.webp
63a02737-db25-42b5-81e1-bd1d29e660e1,Place detail,59299513-be08-4409-95f2-9db957b978ed,Corner,d41ee732-5f6c-4ded-96aa-58ac61967ec7,12,13,07553572-f106-49bd-b32f-abb2ba540392,false,downloadableSrc,200,image/webp,159152,159152,aa326393653df679a9ce01f819461a3ee71b157d5005e3f0c47e6b9bb87f752c,1180,2676,,,bytescale.mobbin.com,f7a1807c1ac98ccf0eecf5078d61346ac9a94ca37a547f5708d580528c9e55c0,/Users/user/mobbin-sides/screen-flows/corner/014-corner-place-detail-63a02737-db25-42b5-81e1-bd1d29e660e1/013-07553572-f106-49bd-b32f-abb2ba540392-downloadableSrc-aa326393653d.webp
63a02737-db25-42b5-81e1-bd1d29e660e1,Place detail,59299513-be08-4409-95f2-9db957b978ed,Corner,d41ee732-5f6c-4ded-96aa-58ac61967ec7,13,14,6ae9d27e-4058-4f3b-ae87-9f29c3df75ce,false,downloadableSrc,200,image/webp,206826,206826,96b4c60c899cecde85206a80b2c8b46cb92551041f9fca542e29e7a7be66e9de,1180,2676,,,bytescale.mobbin.com,f7a1807c1ac98ccf0eecf5078d61346ac9a94ca37a547f5708d580528c9e55c0,/Users/user/mobbin-sides/screen-flows/corner/014-corner-place-detail-63a02737-db25-42b5-81e1-bd1d29e660e1/014-6ae9d27e-4058-4f3b-ae87-9f29c3df75ce-downloadableSrc-96b4c60c899c.webp
63a02737-db25-42b5-81e1-bd1d29e660e1,Place detail,59299513-be08-4409-95f2-9db957b978ed,Corner,d41ee732-5f6c-4ded-96aa-58ac61967ec7,14,15,4ef37ccc-ff69-43cf-8f28-8efcb8951393,false,downloadableSrc,200,image/webp,175308,175308,0500426393275d2872ad9a78517458170620b500a252f9d15837768ed8761840,1180,2676,,,bytescale.mobbin.com,f7a1807c1ac98ccf0eecf5078d61346ac9a94ca37a547f5708d580528c9e55c0,/Users/user/mobbin-sides/screen-flows/corner/014-corner-place-detail-63a02737-db25-42b5-81e1-bd1d29e660e1/015-4ef37ccc-ff69-43cf-8f28-8efcb8951393-downloadableSrc-050042639327.webp
63a02737-db25-42b5-81e1-bd1d29e660e1,Place detail,59299513-be08-4409-95f2-9db957b978ed,Corner,d41ee732-5f6c-4ded-96aa-58ac61967ec7,15,16,fddeef20-9d16-4b75-a986-27bdcf47b757,false,downloadableSrc,200,image/webp,133324,133324,6c9bd3fb9d890e9783d45b70df0191367c460e07fa943109b9f7b6c2329f01ec,1180,2676,,,bytescale.mobbin.com,f7a1807c1ac98ccf0eecf5078d61346ac9a94ca37a547f5708d580528c9e55c0,/Users/user/mobbin-sides/screen-flows/corner/014-corner-place-detail-63a02737-db25-42b5-81e1-bd1d29e660e1/016-fddeef20-9d16-4b75-a986-27bdcf47b757-downloadableSrc-6c9bd3fb9d89.webp
63a02737-db25-42b5-81e1-bd1d29e660e1,Place detail,59299513-be08-4409-95f2-9db957b978ed,Corner,d41ee732-5f6c-4ded-96aa-58ac61967ec7,16,17,a32c7780-b8e9-4de7-8da9-5640c38fde94,false,downloadableSrc,200,image/webp,93760,93760,7f763056d610cd24924c0e0b4000f0af526923db9f7356d3142ebaf9602677bf,1180,2676,,,bytescale.mobbin.com,f7a1807c1ac98ccf0eecf5078d61346ac9a94ca37a547f5708d580528c9e55c0,/Users/user/mobbin-sides/screen-flows/corner/014-corner-place-detail-63a02737-db25-42b5-81e1-bd1d29e660e1/017-a32c7780-b8e9-4de7-8da9-5640c38fde94-downloadableSrc-7f763056d610.webp
fad12903-56d8-49c6-88b8-1b564d36d345,Saving a place (want to try),59299513-be08-4409-95f2-9db957b978ed,Corner,d41ee732-5f6c-4ded-96aa-58ac61967ec7,0,1,1ee47733-1176-4735-8e6d-19b63cae93dc,false,downloadableSrc,200,image/webp,214380,214380,1c522c0c7db919d3f9195853e9c6da07d6576bfba113019f20f3788229700460,1180,2676,,,bytescale.mobbin.com,f7a1807c1ac98ccf0eecf5078d61346ac9a94ca37a547f5708d580528c9e55c0,/Users/user/mobbin-sides/screen-flows/corner/015-corner-saving-a-place-want-to-try-fad12903-56d8-49c6-88b8-1b564d36d345/001-1ee47733-1176-4735-8e6d-19b63cae93dc-downloadableSrc-1c522c0c7db9.webp
fad12903-56d8-49c6-88b8-1b564d36d345,Saving a place (want to try),59299513-be08-4409-95f2-9db957b978ed,Corner,d41ee732-5f6c-4ded-96aa-58ac61967ec7,1,2,25988629-f1e8-42f5-a3a2-bef78b89cfd4,false,downloadableSrc,200,image/webp,45684,45684,adbe8a81f031ce21ec4995eca9e7e2be195dec711c2a476c97f7b16387f243ed,1180,2676,,,bytescale.mobbin.com,f7a1807c1ac98ccf0eecf5078d61346ac9a94ca37a547f5708d580528c9e55c0,/Users/user/mobbin-sides/screen-flows/corner/015-corner-saving-a-place-want-to-try-fad12903-56d8-49c6-88b8-1b564d36d345/002-25988629-f1e8-42f5-a3a2-bef78b89cfd4-downloadableSrc-adbe8a81f031.webp
fad12903-56d8-49c6-88b8-1b564d36d345,Saving a place (want to try),59299513-be08-4409-95f2-9db957b978ed,Corner,d41ee732-5f6c-4ded-96aa-58ac61967ec7,2,3,2d625cd2-7051-420b-8056-6e1b6bcaf693,false,downloadableSrc,200,image/webp,52108,52108,02e39770fa67875392f9c9f8a6634db1908afeae00ea7b1d9b98ed9d78dcdabc,1180,2676,,,bytescale.mobbin.com,f7a1807c1ac98ccf0eecf5078d61346ac9a94ca37a547f5708d580528c9e55c0,/Users/user/mobbin-sides/screen-flows/corner/015-corner-saving-a-place-want-to-try-fad12903-56d8-49c6-88b8-1b564d36d345/003-2d625cd2-7051-420b-8056-6e1b6bcaf693-downloadableSrc-02e39770fa67.webp
fad12903-56d8-49c6-88b8-1b564d36d345,Saving a place (want to try),59299513-be08-4409-95f2-9db957b978ed,Corner,d41ee732-5f6c-4ded-96aa-58ac61967ec7,3,4,cae568b3-3dd9-4b02-9813-1d4f8acac45f,false,downloadableSrc,200,image/webp,93960,93960,59668615b7484bdf30a88d1c80b4db8c2ce9f60b6a41a0a48694c7cf53fb51a3,1180,2676,,,bytescale.mobbin.com,f7a1807c1ac98ccf0eecf5078d61346ac9a94ca37a547f5708d580528c9e55c0,/Users/user/mobbin-sides/screen-flows/corner/015-corner-saving-a-place-want-to-try-fad12903-56d8-49c6-88b8-1b564d36d345/004-cae568b3-3dd9-4b02-9813-1d4f8acac45f-downloadableSrc-59668615b748.webp
fad12903-56d8-49c6-88b8-1b564d36d345,Saving a place (want to try),59299513-be08-4409-95f2-9db957b978ed,Corner,d41ee732-5f6c-4ded-96aa-58ac61967ec7,4,5,d4cce363-11eb-4dc1-a912-69bb2bedad89,false,downloadableSrc,200,image/webp,221500,221500,a077fe1c147ec527745d237fd78b808577e0e191f08e3a07817b9d7d04d4d5cb,1180,2676,,,bytescale.mobbin.com,f7a1807c1ac98ccf0eecf5078d61346ac9a94ca37a547f5708d580528c9e55c0,/Users/user/mobbin-sides/screen-flows/corner/015-corner-saving-a-place-want-to-try-fad12903-56d8-49c6-88b8-1b564d36d345/005-d4cce363-11eb-4dc1-a912-69bb2bedad89-downloadableSrc-a077fe1c147e.webp
fad12903-56d8-49c6-88b8-1b564d36d345,Saving a place (want to try),59299513-be08-4409-95f2-9db957b978ed,Corner,d41ee732-5f6c-4ded-96aa-58ac61967ec7,5,6,753b3842-6d6b-4fa1-ae8d-baa5b184760d,false,downloadableSrc,200,image/webp,197238,197238,eee96230dbe407da59da3e4307d23d4cbf88a39895408e798e71f736c28b5617,1180,2676,,,bytescale.mobbin.com,f7a1807c1ac98ccf0eecf5078d61346ac9a94ca37a547f5708d580528c9e55c0,/Users/user/mobbin-sides/screen-flows/corner/015-corner-saving-a-place-want-to-try-fad12903-56d8-49c6-88b8-1b564d36d345/006-753b3842-6d6b-4fa1-ae8d-baa5b184760d-downloadableSrc-eee96230dbe4.webp
fad12903-56d8-49c6-88b8-1b564d36d345,Saving a place (want to try),59299513-be08-4409-95f2-9db957b978ed,Corner,d41ee732-5f6c-4ded-96aa-58ac61967ec7,6,7,b1a2b070-b7a1-4a29-bb7a-6ca299f6ac26,false,downloadableSrc,200,image/webp,215620,215620,b28d563f4f82b43df7b44ff5aba71e5a29ba91d27d67ae8a77e2de7c38486e95,1180,2676,,,bytescale.mobbin.com,f7a1807c1ac98ccf0eecf5078d61346ac9a94ca37a547f5708d580528c9e55c0,/Users/user/mobbin-sides/screen-flows/corner/015-corner-saving-a-place-want-to-try-fad12903-56d8-49c6-88b8-1b564d36d345/007-b1a2b070-b7a1-4a29-bb7a-6ca299f6ac26-downloadableSrc-b28d563f4f82.webp
feab0902-c438-4fa0-b779-b5afa54ca78f,Saving a place (visited),59299513-be08-4409-95f2-9db957b978ed,Corner,d41ee732-5f6c-4ded-96aa-58ac61967ec7,0,1,1ee47733-1176-4735-8e6d-19b63cae93dc,false,downloadableSrc,200,image/webp,214380,214380,1c522c0c7db919d3f9195853e9c6da07d6576bfba113019f20f3788229700460,1180,2676,,,bytescale.mobbin.com,f7a1807c1ac98ccf0eecf5078d61346ac9a94ca37a547f5708d580528c9e55c0,/Users/user/mobbin-sides/screen-flows/corner/016-corner-saving-a-place-visited-feab0902-c438-4fa0-b779-b5afa54ca78f/001-1ee47733-1176-4735-8e6d-19b63cae93dc-downloadableSrc-1c522c0c7db9.webp
feab0902-c438-4fa0-b779-b5afa54ca78f,Saving a place (visited),59299513-be08-4409-95f2-9db957b978ed,Corner,d41ee732-5f6c-4ded-96aa-58ac61967ec7,1,2,93ede575-15a1-4cf3-8fd1-145608e39926,false,downloadableSrc,200,image/webp,105898,105898,5428834e4268e901ed08463f4eec7a31dd6821c30508dac5e5ec44cd4d851bcf,1180,2676,,,bytescale.mobbin.com,f7a1807c1ac98ccf0eecf5078d61346ac9a94ca37a547f5708d580528c9e55c0,/Users/user/mobbin-sides/screen-flows/corner/016-corner-saving-a-place-visited-feab0902-c438-4fa0-b779-b5afa54ca78f/002-93ede575-15a1-4cf3-8fd1-145608e39926-downloadableSrc-5428834e4268.webp
feab0902-c438-4fa0-b779-b5afa54ca78f,Saving a place (visited),59299513-be08-4409-95f2-9db957b978ed,Corner,d41ee732-5f6c-4ded-96aa-58ac61967ec7,2,3,fc81bcbd-68d0-4925-a85c-f4e430ef526a,false,downloadableSrc,200,image/webp,99208,99208,cee93fed5cf3a8dda8c5b84b642caebbbe7c9a911162d6ed274e051172bb8d0a,1180,2676,,,bytescale.mobbin.com,f7a1807c1ac98ccf0eecf5078d61346ac9a94ca37a547f5708d580528c9e55c0,/Users/user/mobbin-sides/screen-flows/corner/016-corner-saving-a-place-visited-feab0902-c438-4fa0-b779-b5afa54ca78f/003-fc81bcbd-68d0-4925-a85c-f4e430ef526a-downloadableSrc-cee93fed5cf3.webp
feab0902-c438-4fa0-b779-b5afa54ca78f,Saving a place (visited),59299513-be08-4409-95f2-9db957b978ed,Corner,d41ee732-5f6c-4ded-96aa-58ac61967ec7,3,4,746b1040-11ec-4b1c-b12b-713de8936e61,false,downloadableSrc,200,image/webp,115168,115168,535ae205795bc6d143cb0d6c37df9d96e8bd5a06959f0353f09ca792ada68c04,1180,2676,,,bytescale.mobbin.com,f7a1807c1ac98ccf0eecf5078d61346ac9a94ca37a547f5708d580528c9e55c0,/Users/user/mobbin-sides/screen-flows/corner/016-corner-saving-a-place-visited-feab0902-c438-4fa0-b779-b5afa54ca78f/004-746b1040-11ec-4b1c-b12b-713de8936e61-downloadableSrc-535ae205795b.webp
feab0902-c438-4fa0-b779-b5afa54ca78f,Saving a place (visited),59299513-be08-4409-95f2-9db957b978ed,Corner,d41ee732-5f6c-4ded-96aa-58ac61967ec7,4,5,d2adcbb9-7e1f-44ca-988b-87d7ec156969,false,downloadableSrc,200,image/webp,150594,150594,52145a2b8bb73c3b90ba88117c708eb1a5207c3e3f48cc98fa818f3dba42e403,1180,2676,,,bytescale.mobbin.com,f7a1807c1ac98ccf0eecf5078d61346ac9a94ca37a547f5708d580528c9e55c0,/Users/user/mobbin-sides/screen-flows/corner/016-corner-saving-a-place-visited-feab0902-c438-4fa0-b779-b5afa54ca78f/005-d2adcbb9-7e1f-44ca-988b-87d7ec156969-downloadableSrc-52145a2b8bb7.webp
feab0902-c438-4fa0-b779-b5afa54ca78f,Saving a place (visited),59299513-be08-4409-95f2-9db957b978ed,Corner,d41ee732-5f6c-4ded-96aa-58ac61967ec7,5,6,048efcd0-4b7b-4987-ad22-ee3ae0428f5c,false,downloadableSrc,200,image/webp,83812,83812,b8087a56c4bd2eb9a28bcd4cae7bb7ff92290adefa5f37bf56244076082f323a,1180,2676,,,bytescale.mobbin.com,f7a1807c1ac98ccf0eecf5078d61346ac9a94ca37a547f5708d580528c9e55c0,/Users/user/mobbin-sides/screen-flows/corner/016-corner-saving-a-place-visited-feab0902-c438-4fa0-b779-b5afa54ca78f/006-048efcd0-4b7b-4987-ad22-ee3ae0428f5c-downloadableSrc-b8087a56c4bd.webp
feab0902-c438-4fa0-b779-b5afa54ca78f,Saving a place (visited),59299513-be08-4409-95f2-9db957b978ed,Corner,d41ee732-5f6c-4ded-96aa-58ac61967ec7,6,7,d63cf8a0-4813-4a64-a420-fa0f9f61fef2,false,downloadableSrc,200,image/webp,87076,87076,aff209dd1a618d7489a73e29d928d373603a55c661d9f525418d814870097e49,1180,2676,,,bytescale.mobbin.com,f7a1807c1ac98ccf0eecf5078d61346ac9a94ca37a547f5708d580528c9e55c0,/Users/user/mobbin-sides/screen-flows/corner/016-corner-saving-a-place-visited-feab0902-c438-4fa0-b779-b5afa54ca78f/007-d63cf8a0-4813-4a64-a420-fa0f9f61fef2-downloadableSrc-aff209dd1a61.webp
feab0902-c438-4fa0-b779-b5afa54ca78f,Saving a place (visited),59299513-be08-4409-95f2-9db957b978ed,Corner,d41ee732-5f6c-4ded-96aa-58ac61967ec7,7,8,2f5a29f4-6a51-441c-9f05-67158be25966,false,downloadableSrc,200,image/webp,86510,86510,f32e71faefa8776c4a9853080c0953c9db4aed157d45a0883f1e1241f9a74343,1180,2676,,,bytescale.mobbin.com,f7a1807c1ac98ccf0eecf5078d61346ac9a94ca37a547f5708d580528c9e55c0,/Users/user/mobbin-sides/screen-flows/corner/016-corner-saving-a-place-visited-feab0902-c438-4fa0-b779-b5afa54ca78f/008-2f5a29f4-6a51-441c-9f05-67158be25966-downloadableSrc-f32e71faefa8.webp
feab0902-c438-4fa0-b779-b5afa54ca78f,Saving a place (visited),59299513-be08-4409-95f2-9db957b978ed,Corner,d41ee732-5f6c-4ded-96aa-58ac61967ec7,8,9,ceee94cd-a648-4c61-8aad-5dc87e7850e3,false,downloadableSrc,200,image/webp,91028,91028,751fe1528492a85250796838b12dc791891fdc2a2eea804a1d8c50f23243891d,1179,2676,,,bytescale.mobbin.com,f7a1807c1ac98ccf0eecf5078d61346ac9a94ca37a547f5708d580528c9e55c0,/Users/user/mobbin-sides/screen-flows/corner/016-corner-saving-a-place-visited-feab0902-c438-4fa0-b779-b5afa54ca78f/009-ceee94cd-a648-4c61-8aad-5dc87e7850e3-downloadableSrc-751fe1528492.webp
feab0902-c438-4fa0-b779-b5afa54ca78f,Saving a place (visited),59299513-be08-4409-95f2-9db957b978ed,Corner,d41ee732-5f6c-4ded-96aa-58ac61967ec7,9,10,8cc32d6d-9824-4822-9611-cae76bae5b1f,false,downloadableSrc,200,image/webp,173180,173180,a155cee914f0d93d10be3f7a3db7660615cb9effe83bb176027ff76ff465c743,1180,2676,,,bytescale.mobbin.com,f7a1807c1ac98ccf0eecf5078d61346ac9a94ca37a547f5708d580528c9e55c0,/Users/user/mobbin-sides/screen-flows/corner/016-corner-saving-a-place-visited-feab0902-c438-4fa0-b779-b5afa54ca78f/010-8cc32d6d-9824-4822-9611-cae76bae5b1f-downloadableSrc-a155cee914f0.webp
feab0902-c438-4fa0-b779-b5afa54ca78f,Saving a place (visited),59299513-be08-4409-95f2-9db957b978ed,Corner,d41ee732-5f6c-4ded-96aa-58ac61967ec7,10,11,a456baea-82ed-4995-8520-8745aecb278c,false,downloadableSrc,200,image/webp,224198,224198,7ae760b86d7f451a877c59c32f0b309a81f4a0ca631e62fbfa4a4f5617c95b19,1180,2676,,,bytescale.mobbin.com,f7a1807c1ac98ccf0eecf5078d61346ac9a94ca37a547f5708d580528c9e55c0,/Users/user/mobbin-sides/screen-flows/corner/016-corner-saving-a-place-visited-feab0902-c438-4fa0-b779-b5afa54ca78f/011-a456baea-82ed-4995-8520-8745aecb278c-downloadableSrc-7ae760b86d7f.webp
c051b3f4-f32f-4e86-92bf-8921b4efa39f,Deleting a place,59299513-be08-4409-95f2-9db957b978ed,Corner,d41ee732-5f6c-4ded-96aa-58ac61967ec7,0,1,ceee94cd-a648-4c61-8aad-5dc87e7850e3,false,downloadableSrc,200,image/webp,91028,91028,751fe1528492a85250796838b12dc791891fdc2a2eea804a1d8c50f23243891d,1179,2676,,,bytescale.mobbin.com,f7a1807c1ac98ccf0eecf5078d61346ac9a94ca37a547f5708d580528c9e55c0,/Users/user/mobbin-sides/screen-flows/corner/017-corner-deleting-a-place-c051b3f4-f32f-4e86-92bf-8921b4efa39f/001-ceee94cd-a648-4c61-8aad-5dc87e7850e3-downloadableSrc-751fe1528492.webp
c051b3f4-f32f-4e86-92bf-8921b4efa39f,Deleting a place,59299513-be08-4409-95f2-9db957b978ed,Corner,d41ee732-5f6c-4ded-96aa-58ac61967ec7,1,2,cce1c8ea-b05a-4a81-9606-d3f80052f63a,false,downloadableSrc,200,image/webp,64440,64440,33228a65161f0a60b226e3b8bc86201de3d481840d6fdc8a768b4201ab683e0d,1179,2676,,,bytescale.mobbin.com,f7a1807c1ac98ccf0eecf5078d61346ac9a94ca37a547f5708d580528c9e55c0,/Users/user/mobbin-sides/screen-flows/corner/017-corner-deleting-a-place-c051b3f4-f32f-4e86-92bf-8921b4efa39f/002-cce1c8ea-b05a-4a81-9606-d3f80052f63a-downloadableSrc-33228a65161f.webp
c051b3f4-f32f-4e86-92bf-8921b4efa39f,Deleting a place,59299513-be08-4409-95f2-9db957b978ed,Corner,d41ee732-5f6c-4ded-96aa-58ac61967ec7,2,3,36eda124-f700-435a-82d4-1a23cfce0065,false,downloadableSrc,200,image/webp,238772,238772,ef3b966cdbc6da61838305d969815b51ab1d530d2778cbf0dae4095bbcf7ec1a,1179,2676,,,bytescale.mobbin.com,f7a1807c1ac98ccf0eecf5078d61346ac9a94ca37a547f5708d580528c9e55c0,/Users/user/mobbin-sides/screen-flows/corner/017-corner-deleting-a-place-c051b3f4-f32f-4e86-92bf-8921b4efa39f/003-36eda124-f700-435a-82d4-1a23cfce0065-downloadableSrc-ef3b966cdbc6.webp
d3fa4483-6172-4581-b41c-2ff844d90a59,Sharing a place,59299513-be08-4409-95f2-9db957b978ed,Corner,d41ee732-5f6c-4ded-96aa-58ac61967ec7,0,1,1ee47733-1176-4735-8e6d-19b63cae93dc,false,downloadableSrc,200,image/webp,214380,214380,1c522c0c7db919d3f9195853e9c6da07d6576bfba113019f20f3788229700460,1180,2676,,,bytescale.mobbin.com,f7a1807c1ac98ccf0eecf5078d61346ac9a94ca37a547f5708d580528c9e55c0,/Users/user/mobbin-sides/screen-flows/corner/018-corner-sharing-a-place-d3fa4483-6172-4581-b41c-2ff844d90a59/001-1ee47733-1176-4735-8e6d-19b63cae93dc-downloadableSrc-1c522c0c7db9.webp
d3fa4483-6172-4581-b41c-2ff844d90a59,Sharing a place,59299513-be08-4409-95f2-9db957b978ed,Corner,d41ee732-5f6c-4ded-96aa-58ac61967ec7,1,2,86680308-d91a-4c6a-b4cf-9875369b85e2,false,downloadableSrc,200,image/webp,140866,140866,23b8e34edf376ec87c51dfe7a7fd0f31a5fd60658b051aad8c0e40c7fe4e0d7f,1180,2676,,,bytescale.mobbin.com,f7a1807c1ac98ccf0eecf5078d61346ac9a94ca37a547f5708d580528c9e55c0,/Users/user/mobbin-sides/screen-flows/corner/018-corner-sharing-a-place-d3fa4483-6172-4581-b41c-2ff844d90a59/002-86680308-d91a-4c6a-b4cf-9875369b85e2-downloadableSrc-23b8e34edf37.webp
d3fa4483-6172-4581-b41c-2ff844d90a59,Sharing a place,59299513-be08-4409-95f2-9db957b978ed,Corner,d41ee732-5f6c-4ded-96aa-58ac61967ec7,2,3,1219dd18-d209-4bcd-8b93-9f742bfcbcea,false,downloadableSrc,200,image/webp,133352,133352,1f9f182fc26fa0b15b90350999e09cbf0227ac6662691fc5dc10b13e219da519,1179,2676,,,bytescale.mobbin.com,f7a1807c1ac98ccf0eecf5078d61346ac9a94ca37a547f5708d580528c9e55c0,/Users/user/mobbin-sides/screen-flows/corner/018-corner-sharing-a-place-d3fa4483-6172-4581-b41c-2ff844d90a59/003-1219dd18-d209-4bcd-8b93-9f742bfcbcea-downloadableSrc-1f9f182fc26f.webp
d3fa4483-6172-4581-b41c-2ff844d90a59,Sharing a place,59299513-be08-4409-95f2-9db957b978ed,Corner,d41ee732-5f6c-4ded-96aa-58ac61967ec7,3,4,63b6a49d-bf8b-4773-837c-f44d4bb1d351,false,downloadableSrc,200,image/webp,82188,82188,fe81d0332cf78e4163758280a906133cbc9d188fbe00aad1f026982043692d05,1180,2676,,,bytescale.mobbin.com,f7a1807c1ac98ccf0eecf5078d61346ac9a94ca37a547f5708d580528c9e55c0,/Users/user/mobbin-sides/screen-flows/corner/018-corner-sharing-a-place-d3fa4483-6172-4581-b41c-2ff844d90a59/004-63b6a49d-bf8b-4773-837c-f44d4bb1d351-downloadableSrc-fe81d0332cf7.webp
3fafb564-7249-41f5-a221-3ef6f7011278,Copying a link,59299513-be08-4409-95f2-9db957b978ed,Corner,d41ee732-5f6c-4ded-96aa-58ac61967ec7,0,1,86680308-d91a-4c6a-b4cf-9875369b85e2,false,downloadableSrc,200,image/webp,140866,140866,23b8e34edf376ec87c51dfe7a7fd0f31a5fd60658b051aad8c0e40c7fe4e0d7f,1180,2676,,,bytescale.mobbin.com,f7a1807c1ac98ccf0eecf5078d61346ac9a94ca37a547f5708d580528c9e55c0,/Users/user/mobbin-sides/screen-flows/corner/019-corner-copying-a-link-3fafb564-7249-41f5-a221-3ef6f7011278/001-86680308-d91a-4c6a-b4cf-9875369b85e2-downloadableSrc-23b8e34edf37.webp
3fafb564-7249-41f5-a221-3ef6f7011278,Copying a link,59299513-be08-4409-95f2-9db957b978ed,Corner,d41ee732-5f6c-4ded-96aa-58ac61967ec7,1,2,761f9b5d-243f-43b7-be8b-5ec51a020eff,false,downloadableSrc,200,image/webp,139658,139658,920b6d8ceec2512b4185b1123c5803b76f0ea037d36c997607d893cebe06eb52,1180,2676,,,bytescale.mobbin.com,f7a1807c1ac98ccf0eecf5078d61346ac9a94ca37a547f5708d580528c9e55c0,/Users/user/mobbin-sides/screen-flows/corner/019-corner-copying-a-link-3fafb564-7249-41f5-a221-3ef6f7011278/002-761f9b5d-243f-43b7-be8b-5ec51a020eff-downloadableSrc-920b6d8ceec2.webp
91f52481-d79b-4d0c-8b2c-1f0b0902a549,Answering questions,59299513-be08-4409-95f2-9db957b978ed,Corner,d41ee732-5f6c-4ded-96aa-58ac61967ec7,0,1,b3ef2e90-449e-4057-84d4-f6a18c1f8aac,false,downloadableSrc,200,image/webp,178524,178524,42fb1417096d6b28f2142128882e213503e8b3d4aa3e6ffeeb192ee35477d54d,1180,2676,,,bytescale.mobbin.com,f7a1807c1ac98ccf0eecf5078d61346ac9a94ca37a547f5708d580528c9e55c0,/Users/user/mobbin-sides/screen-flows/corner/020-corner-answering-questions-91f52481-d79b-4d0c-8b2c-1f0b0902a549/001-b3ef2e90-449e-4057-84d4-f6a18c1f8aac-downloadableSrc-42fb1417096d.webp
91f52481-d79b-4d0c-8b2c-1f0b0902a549,Answering questions,59299513-be08-4409-95f2-9db957b978ed,Corner,d41ee732-5f6c-4ded-96aa-58ac61967ec7,1,2,0e8b1139-1310-4501-8fa8-e08cc5c795e6,false,downloadableSrc,200,image/webp,191178,191178,cbb093cad5bd7c87b1b5d7c1983c3ffb9aa461dd7b43e9f35f477cab6d10f84f,1180,2676,,,bytescale.mobbin.com,f7a1807c1ac98ccf0eecf5078d61346ac9a94ca37a547f5708d580528c9e55c0,/Users/user/mobbin-sides/screen-flows/corner/020-corner-answering-questions-91f52481-d79b-4d0c-8b2c-1f0b0902a549/002-0e8b1139-1310-4501-8fa8-e08cc5c795e6-downloadableSrc-cbb093cad5bd.webp
91f52481-d79b-4d0c-8b2c-1f0b0902a549,Answering questions,59299513-be08-4409-95f2-9db957b978ed,Corner,d41ee732-5f6c-4ded-96aa-58ac61967ec7,2,3,1af2ee0f-6b30-4bbe-a1c2-f8ea2156d07d,false,downloadableSrc,200,image/webp,182280,182280,7d2dab8f0d91c997a61eacdc4c0e56159264b17a52be3d465c49c69defb7f7a3,1180,2676,,,bytescale.mobbin.com,f7a1807c1ac98ccf0eecf5078d61346ac9a94ca37a547f5708d580528c9e55c0,/Users/user/mobbin-sides/screen-flows/corner/020-corner-answering-questions-91f52481-d79b-4d0c-8b2c-1f0b0902a549/003-1af2ee0f-6b30-4bbe-a1c2-f8ea2156d07d-downloadableSrc-7d2dab8f0d91.webp
a1cb9e8a-eeaa-4ebb-b2b3-9d7a72447355,Commenting on a post,59299513-be08-4409-95f2-9db957b978ed,Corner,d41ee732-5f6c-4ded-96aa-58ac61967ec7,0,1,38303b6c-786c-4b31-aee6-ba94509ffe6b,false,downloadableSrc,200,image/webp,178108,178108,ed2ba4979cbd0a7c008ff01f042ab764ab01f9e82d1ad8a9775382064e24d502,1180,2676,,,bytescale.mobbin.com,f7a1807c1ac98ccf0eecf5078d61346ac9a94ca37a547f5708d580528c9e55c0,/Users/user/mobbin-sides/screen-flows/corner/021-corner-commenting-on-a-post-a1cb9e8a-eeaa-4ebb-b2b3-9d7a72447355/001-38303b6c-786c-4b31-aee6-ba94509ffe6b-downloadableSrc-ed2ba4979cbd.webp
a1cb9e8a-eeaa-4ebb-b2b3-9d7a72447355,Commenting on a post,59299513-be08-4409-95f2-9db957b978ed,Corner,d41ee732-5f6c-4ded-96aa-58ac61967ec7,1,2,2502f997-9e48-4843-8291-c3f792b78194,false,downloadableSrc,200,image/webp,72444,72444,cab4f35ae295df3994d179722b1ff27ff5814a000599d3150108bd196dc05364,1180,2676,,,bytescale.mobbin.com,f7a1807c1ac98ccf0eecf5078d61346ac9a94ca37a547f5708d580528c9e55c0,/Users/user/mobbin-sides/screen-flows/corner/021-corner-commenting-on-a-post-a1cb9e8a-eeaa-4ebb-b2b3-9d7a72447355/002-2502f997-9e48-4843-8291-c3f792b78194-downloadableSrc-cab4f35ae295.webp
a1cb9e8a-eeaa-4ebb-b2b3-9d7a72447355,Commenting on a post,59299513-be08-4409-95f2-9db957b978ed,Corner,d41ee732-5f6c-4ded-96aa-58ac61967ec7,2,3,482350a8-8521-4c3b-88fe-d96300966588,false,downloadableSrc,200,image/webp,71024,71024,d3a97137a139ced479eea943b0a3dc8ee268590d61ec31e05907ed3ac05ca389,1180,2676,,,bytescale.mobbin.com,f7a1807c1ac98ccf0eecf5078d61346ac9a94ca37a547f5708d580528c9e55c0,/Users/user/mobbin-sides/screen-flows/corner/021-corner-commenting-on-a-post-a1cb9e8a-eeaa-4ebb-b2b3-9d7a72447355/003-482350a8-8521-4c3b-88fe-d96300966588-downloadableSrc-d3a97137a139.webp
a1cb9e8a-eeaa-4ebb-b2b3-9d7a72447355,Commenting on a post,59299513-be08-4409-95f2-9db957b978ed,Corner,d41ee732-5f6c-4ded-96aa-58ac61967ec7,3,4,d4a1183a-a858-4c0d-af23-8660a772d3f8,false,downloadableSrc,200,image/webp,62272,62272,c986f556c5b05a49fd4dd9c9f435a6174c18963c3aa1d38a0346ae264caa6dec,1180,2676,,,bytescale.mobbin.com,f7a1807c1ac98ccf0eecf5078d61346ac9a94ca37a547f5708d580528c9e55c0,/Users/user/mobbin-sides/screen-flows/corner/021-corner-commenting-on-a-post-a1cb9e8a-eeaa-4ebb-b2b3-9d7a72447355/004-d4a1183a-a858-4c0d-af23-8660a772d3f8-downloadableSrc-c986f556c5b0.webp
a1cb9e8a-eeaa-4ebb-b2b3-9d7a72447355,Commenting on a post,59299513-be08-4409-95f2-9db957b978ed,Corner,d41ee732-5f6c-4ded-96aa-58ac61967ec7,4,5,6ab92fd3-fa4a-41a7-a3d6-12d01947ddd8,false,downloadableSrc,200,image/webp,172308,172308,f2ecf46f1b65a48b71c12ff3f8679123f6577cbd4757d06afcb0b934d724e2c8,1180,2676,,,bytescale.mobbin.com,f7a1807c1ac98ccf0eecf5078d61346ac9a94ca37a547f5708d580528c9e55c0,/Users/user/mobbin-sides/screen-flows/corner/021-corner-commenting-on-a-post-a1cb9e8a-eeaa-4ebb-b2b3-9d7a72447355/005-6ab92fd3-fa4a-41a7-a3d6-12d01947ddd8-downloadableSrc-f2ecf46f1b65.webp
93df7ba0-b120-44b2-9393-24695d2d3759,Deleting a comment,59299513-be08-4409-95f2-9db957b978ed,Corner,d41ee732-5f6c-4ded-96aa-58ac61967ec7,0,1,d4a1183a-a858-4c0d-af23-8660a772d3f8,false,downloadableSrc,200,image/webp,62272,62272,c986f556c5b05a49fd4dd9c9f435a6174c18963c3aa1d38a0346ae264caa6dec,1180,2676,,,bytescale.mobbin.com,f7a1807c1ac98ccf0eecf5078d61346ac9a94ca37a547f5708d580528c9e55c0,/Users/user/mobbin-sides/screen-flows/corner/022-corner-deleting-a-comment-93df7ba0-b120-44b2-9393-24695d2d3759/001-d4a1183a-a858-4c0d-af23-8660a772d3f8-downloadableSrc-c986f556c5b0.webp
93df7ba0-b120-44b2-9393-24695d2d3759,Deleting a comment,59299513-be08-4409-95f2-9db957b978ed,Corner,d41ee732-5f6c-4ded-96aa-58ac61967ec7,1,2,806eeed7-60ca-4b81-a253-1071901ba30f,false,downloadableSrc,200,image/webp,56074,56074,dd2b0b684745900f467e4d989c5a6a9745e9fefcc3fa4ee930d1bc8c7d5b4ac8,1180,2676,,,bytescale.mobbin.com,f7a1807c1ac98ccf0eecf5078d61346ac9a94ca37a547f5708d580528c9e55c0,/Users/user/mobbin-sides/screen-flows/corner/022-corner-deleting-a-comment-93df7ba0-b120-44b2-9393-24695d2d3759/002-806eeed7-60ca-4b81-a253-1071901ba30f-downloadableSrc-dd2b0b684745.webp
93df7ba0-b120-44b2-9393-24695d2d3759,Deleting a comment,59299513-be08-4409-95f2-9db957b978ed,Corner,d41ee732-5f6c-4ded-96aa-58ac61967ec7,2,3,e1f75d89-68a3-4407-a0de-69707c5604fe,false,downloadableSrc,200,image/webp,54170,54170,0e2fbf91262e73b14e5c0f6d05b1c6fc875f4ad64d8060f4871dda61e9404bc9,1180,2676,,,bytescale.mobbin.com,f7a1807c1ac98ccf0eecf5078d61346ac9a94ca37a547f5708d580528c9e55c0,/Users/user/mobbin-sides/screen-flows/corner/022-corner-deleting-a-comment-93df7ba0-b120-44b2-9393-24695d2d3759/003-e1f75d89-68a3-4407-a0de-69707c5604fe-downloadableSrc-0e2fbf91262e.webp
17b72518-e381-46a1-a1b5-2e411e309b8c,Liking a post (Home),59299513-be08-4409-95f2-9db957b978ed,Corner,d41ee732-5f6c-4ded-96aa-58ac61967ec7,0,1,38303b6c-786c-4b31-aee6-ba94509ffe6b,false,downloadableSrc,200,image/webp,178108,178108,ed2ba4979cbd0a7c008ff01f042ab764ab01f9e82d1ad8a9775382064e24d502,1180,2676,,,bytescale.mobbin.com,f7a1807c1ac98ccf0eecf5078d61346ac9a94ca37a547f5708d580528c9e55c0,/Users/user/mobbin-sides/screen-flows/corner/023-corner-liking-a-post-home-17b72518-e381-46a1-a1b5-2e411e309b8c/001-38303b6c-786c-4b31-aee6-ba94509ffe6b-downloadableSrc-ed2ba4979cbd.webp
17b72518-e381-46a1-a1b5-2e411e309b8c,Liking a post (Home),59299513-be08-4409-95f2-9db957b978ed,Corner,d41ee732-5f6c-4ded-96aa-58ac61967ec7,1,2,2688d36a-c40a-4910-9695-0cf8c78eddf6,false,downloadableSrc,200,image/webp,177126,177126,94b9deed4e743f4403fd76244ed62a1d54925c66af1f1ba9f74f1a07ba4be2bf,1180,2676,,,bytescale.mobbin.com,f7a1807c1ac98ccf0eecf5078d61346ac9a94ca37a547f5708d580528c9e55c0,/Users/user/mobbin-sides/screen-flows/corner/023-corner-liking-a-post-home-17b72518-e381-46a1-a1b5-2e411e309b8c/002-2688d36a-c40a-4910-9695-0cf8c78eddf6-downloadableSrc-94b9deed4e74.webp
0882bfa7-1a56-4e63-8de8-c05763f8722c,Searching friends,59299513-be08-4409-95f2-9db957b978ed,Corner,d41ee732-5f6c-4ded-96aa-58ac61967ec7,0,1,1aaa327f-79f0-4e0b-9526-f7ee0cd8c2ec,false,downloadableSrc,200,image/webp,255592,255592,a7dee9ebce0a7c14acead9fb9198264e889fbb2079eace3dedb52bf6604d586d,1180,2676,,,bytescale.mobbin.com,f7a1807c1ac98ccf0eecf5078d61346ac9a94ca37a547f5708d580528c9e55c0,/Users/user/mobbin-sides/screen-flows/corner/024-corner-searching-friends-0882bfa7-1a56-4e63-8de8-c05763f8722c/001-1aaa327f-79f0-4e0b-9526-f7ee0cd8c2ec-downloadableSrc-a7dee9ebce0a.webp
0882bfa7-1a56-4e63-8de8-c05763f8722c,Searching friends,59299513-be08-4409-95f2-9db957b978ed,Corner,d41ee732-5f6c-4ded-96aa-58ac61967ec7,1,2,bb217dc1-f9f0-400e-af5e-ed8fe0287e63,false,downloadableSrc,200,image/webp,76144,76144,17341fd203f3849e9f59a6b909ba1e80f125d1a49d5f6b310ea166ab1e9d43bb,1179,2676,,,bytescale.mobbin.com,f7a1807c1ac98ccf0eecf5078d61346ac9a94ca37a547f5708d580528c9e55c0,/Users/user/mobbin-sides/screen-flows/corner/024-corner-searching-friends-0882bfa7-1a56-4e63-8de8-c05763f8722c/002-bb217dc1-f9f0-400e-af5e-ed8fe0287e63-downloadableSrc-17341fd203f3.webp
0882bfa7-1a56-4e63-8de8-c05763f8722c,Searching friends,59299513-be08-4409-95f2-9db957b978ed,Corner,d41ee732-5f6c-4ded-96aa-58ac61967ec7,2,3,6a443903-ff2e-481a-a02a-fe110fc2f7c7,false,downloadableSrc,200,image/webp,24752,24752,85635e2046be385a1da9d772c37bf114f4d76f7ab9ba0102e8ba19ca22d186d7,1179,2676,,,bytescale.mobbin.com,f7a1807c1ac98ccf0eecf5078d61346ac9a94ca37a547f5708d580528c9e55c0,/Users/user/mobbin-sides/screen-flows/corner/024-corner-searching-friends-0882bfa7-1a56-4e63-8de8-c05763f8722c/003-6a443903-ff2e-481a-a02a-fe110fc2f7c7-downloadableSrc-85635e2046be.webp
0882bfa7-1a56-4e63-8de8-c05763f8722c,Searching friends,59299513-be08-4409-95f2-9db957b978ed,Corner,d41ee732-5f6c-4ded-96aa-58ac61967ec7,3,4,8784f2d1-7f0c-440a-b75f-b2ce2646f261,false,downloadableSrc,200,image/webp,84976,84976,df27be426b848ca780cdc96de610015aacc0b3c813c5153a6267c3e3b05a031a,1179,2676,,,bytescale.mobbin.com,f7a1807c1ac98ccf0eecf5078d61346ac9a94ca37a547f5708d580528c9e55c0,/Users/user/mobbin-sides/screen-flows/corner/024-corner-searching-friends-0882bfa7-1a56-4e63-8de8-c05763f8722c/004-8784f2d1-7f0c-440a-b75f-b2ce2646f261-downloadableSrc-df27be426b84.webp
0882bfa7-1a56-4e63-8de8-c05763f8722c,Searching friends,59299513-be08-4409-95f2-9db957b978ed,Corner,d41ee732-5f6c-4ded-96aa-58ac61967ec7,4,5,8b540dc1-236c-44c2-8114-536a8566754b,false,downloadableSrc,200,image/webp,78060,78060,af1d036fd1b97fb4e380d17ac2c8d5c43e1e68ee9f504af9ec451cbe661540a9,1179,2676,,,bytescale.mobbin.com,f7a1807c1ac98ccf0eecf5078d61346ac9a94ca37a547f5708d580528c9e55c0,/Users/user/mobbin-sides/screen-flows/corner/024-corner-searching-friends-0882bfa7-1a56-4e63-8de8-c05763f8722c/005-8b540dc1-236c-44c2-8114-536a8566754b-downloadableSrc-af1d036fd1b9.webp
79b85468-1c64-478f-8fd8-c135abb14b51,Messages,59299513-be08-4409-95f2-9db957b978ed,Corner,d41ee732-5f6c-4ded-96aa-58ac61967ec7,0,1,1aaa327f-79f0-4e0b-9526-f7ee0cd8c2ec,false,downloadableSrc,200,image/webp,255592,255592,a7dee9ebce0a7c14acead9fb9198264e889fbb2079eace3dedb52bf6604d586d,1180,2676,,,bytescale.mobbin.com,f7a1807c1ac98ccf0eecf5078d61346ac9a94ca37a547f5708d580528c9e55c0,/Users/user/mobbin-sides/screen-flows/corner/025-corner-messages-79b85468-1c64-478f-8fd8-c135abb14b51/001-1aaa327f-79f0-4e0b-9526-f7ee0cd8c2ec-downloadableSrc-a7dee9ebce0a.webp
79b85468-1c64-478f-8fd8-c135abb14b51,Messages,59299513-be08-4409-95f2-9db957b978ed,Corner,d41ee732-5f6c-4ded-96aa-58ac61967ec7,1,2,9c4aa2a1-33d8-47cd-8719-445406f3330a,false,downloadableSrc,200,image/webp,64982,64982,7e4f42d54a687b2f805a19b796d0b5418be71bfc23fbbd5d62064c9729a37463,1179,2676,,,bytescale.mobbin.com,f7a1807c1ac98ccf0eecf5078d61346ac9a94ca37a547f5708d580528c9e55c0,/Users/user/mobbin-sides/screen-flows/corner/025-corner-messages-79b85468-1c64-478f-8fd8-c135abb14b51/002-9c4aa2a1-33d8-47cd-8719-445406f3330a-downloadableSrc-7e4f42d54a68.webp
79b85468-1c64-478f-8fd8-c135abb14b51,Messages,59299513-be08-4409-95f2-9db957b978ed,Corner,d41ee732-5f6c-4ded-96aa-58ac61967ec7,2,3,5b1816a3-f4ca-4ebf-b086-53ff76c33ae5,false,downloadableSrc,200,image/webp,57648,57648,eff0461a138c60bf1e3bcaa1c31371e35fdf3e29dc7dbfaa53f37e5aedd4cb50,1179,2676,,,bytescale.mobbin.com,f7a1807c1ac98ccf0eecf5078d61346ac9a94ca37a547f5708d580528c9e55c0,/Users/user/mobbin-sides/screen-flows/corner/025-corner-messages-79b85468-1c64-478f-8fd8-c135abb14b51/003-5b1816a3-f4ca-4ebf-b086-53ff76c33ae5-downloadableSrc-eff0461a138c.webp
79b85468-1c64-478f-8fd8-c135abb14b51,Messages,59299513-be08-4409-95f2-9db957b978ed,Corner,d41ee732-5f6c-4ded-96aa-58ac61967ec7,3,4,740d8087-6ce2-4943-bb7a-fd1a7fa43d64,false,downloadableSrc,200,image/webp,45916,45916,178545e13deaf4c105125780cb0d7a6e18f660cee0a35fe93b65000871bf6dec,1179,2676,,,bytescale.mobbin.com,f7a1807c1ac98ccf0eecf5078d61346ac9a94ca37a547f5708d580528c9e55c0,/Users/user/mobbin-sides/screen-flows/corner/025-corner-messages-79b85468-1c64-478f-8fd8-c135abb14b51/004-740d8087-6ce2-4943-bb7a-fd1a7fa43d64-downloadableSrc-178545e13dea.webp
7b921d4d-5af1-474d-be8b-c79998ddd438,Notifications,59299513-be08-4409-95f2-9db957b978ed,Corner,d41ee732-5f6c-4ded-96aa-58ac61967ec7,0,1,1aaa327f-79f0-4e0b-9526-f7ee0cd8c2ec,false,downloadableSrc,200,image/webp,255592,255592,a7dee9ebce0a7c14acead9fb9198264e889fbb2079eace3dedb52bf6604d586d,1180,2676,,,bytescale.mobbin.com,f7a1807c1ac98ccf0eecf5078d61346ac9a94ca37a547f5708d580528c9e55c0,/Users/user/mobbin-sides/screen-flows/corner/026-corner-notifications-7b921d4d-5af1-474d-be8b-c79998ddd438/001-1aaa327f-79f0-4e0b-9526-f7ee0cd8c2ec-downloadableSrc-a7dee9ebce0a.webp
7b921d4d-5af1-474d-be8b-c79998ddd438,Notifications,59299513-be08-4409-95f2-9db957b978ed,Corner,d41ee732-5f6c-4ded-96aa-58ac61967ec7,1,2,07be8acf-e540-46cf-88d9-caf94985342e,false,downloadableSrc,200,image/webp,81698,81698,d55140a6f24af59d5ede6b65f8d705e67d9de54500e97198cea309065dcf56c0,1179,2676,,,bytescale.mobbin.com,f7a1807c1ac98ccf0eecf5078d61346ac9a94ca37a547f5708d580528c9e55c0,/Users/user/mobbin-sides/screen-flows/corner/026-corner-notifications-7b921d4d-5af1-474d-be8b-c79998ddd438/002-07be8acf-e540-46cf-88d9-caf94985342e-downloadableSrc-d55140a6f24a.webp
01b35c61-6bf5-4fcc-9bc6-89222a8d99fc,People,59299513-be08-4409-95f2-9db957b978ed,Corner,d41ee732-5f6c-4ded-96aa-58ac61967ec7,0,1,1aaa327f-79f0-4e0b-9526-f7ee0cd8c2ec,false,downloadableSrc,200,image/webp,255592,255592,a7dee9ebce0a7c14acead9fb9198264e889fbb2079eace3dedb52bf6604d586d,1180,2676,,,bytescale.mobbin.com,f7a1807c1ac98ccf0eecf5078d61346ac9a94ca37a547f5708d580528c9e55c0,/Users/user/mobbin-sides/screen-flows/corner/027-corner-people-01b35c61-6bf5-4fcc-9bc6-89222a8d99fc/001-1aaa327f-79f0-4e0b-9526-f7ee0cd8c2ec-downloadableSrc-a7dee9ebce0a.webp
01b35c61-6bf5-4fcc-9bc6-89222a8d99fc,People,59299513-be08-4409-95f2-9db957b978ed,Corner,d41ee732-5f6c-4ded-96aa-58ac61967ec7,1,2,dd71d183-809f-4cbd-b747-bc00cda4cb8c,false,downloadableSrc,200,image/webp,287300,287300,5ce858dd41ce98b403374344a136d567a63629440ff1d18f6a96a3778bf70b52,1179,2676,,,bytescale.mobbin.com,f7a1807c1ac98ccf0eecf5078d61346ac9a94ca37a547f5708d580528c9e55c0,/Users/user/mobbin-sides/screen-flows/corner/027-corner-people-01b35c61-6bf5-4fcc-9bc6-89222a8d99fc/002-dd71d183-809f-4cbd-b747-bc00cda4cb8c-downloadableSrc-5ce858dd41ce.webp
01b35c61-6bf5-4fcc-9bc6-89222a8d99fc,People,59299513-be08-4409-95f2-9db957b978ed,Corner,d41ee732-5f6c-4ded-96aa-58ac61967ec7,2,3,cce76543-0fa1-4f85-9202-4657124e6ac6,false,downloadableSrc,200,image/webp,268970,268970,5bbe631e24b846351ff26ac4d46e1ca61bc2c1aaf4cec2c0355b36e2db028ab0,1179,2676,,,bytescale.mobbin.com,f7a1807c1ac98ccf0eecf5078d61346ac9a94ca37a547f5708d580528c9e55c0,/Users/user/mobbin-sides/screen-flows/corner/027-corner-people-01b35c61-6bf5-4fcc-9bc6-89222a8d99fc/003-cce76543-0fa1-4f85-9202-4657124e6ac6-downloadableSrc-5bbe631e24b8.webp
64b45ae2-323b-41f3-9a98-fc468e893f69,Changing city,59299513-be08-4409-95f2-9db957b978ed,Corner,d41ee732-5f6c-4ded-96aa-58ac61967ec7,0,1,dd71d183-809f-4cbd-b747-bc00cda4cb8c,false,downloadableSrc,200,image/webp,287300,287300,5ce858dd41ce98b403374344a136d567a63629440ff1d18f6a96a3778bf70b52,1179,2676,,,bytescale.mobbin.com,f7a1807c1ac98ccf0eecf5078d61346ac9a94ca37a547f5708d580528c9e55c0,/Users/user/mobbin-sides/screen-flows/corner/028-corner-changing-city-64b45ae2-323b-41f3-9a98-fc468e893f69/001-dd71d183-809f-4cbd-b747-bc00cda4cb8c-downloadableSrc-5ce858dd41ce.webp
64b45ae2-323b-41f3-9a98-fc468e893f69,Changing city,59299513-be08-4409-95f2-9db957b978ed,Corner,d41ee732-5f6c-4ded-96aa-58ac61967ec7,1,2,3e34e9e8-ee0f-4ab8-8870-24e22829469a,false,downloadableSrc,200,image/webp,67866,67866,58bbc909de10ee678baa2a3fa4a68b95cd32975dc9dff759a49788d83bc199ae,1179,2676,,,bytescale.mobbin.com,f7a1807c1ac98ccf0eecf5078d61346ac9a94ca37a547f5708d580528c9e55c0,/Users/user/mobbin-sides/screen-flows/corner/028-corner-changing-city-64b45ae2-323b-41f3-9a98-fc468e893f69/002-3e34e9e8-ee0f-4ab8-8870-24e22829469a-downloadableSrc-58bbc909de10.webp
64b45ae2-323b-41f3-9a98-fc468e893f69,Changing city,59299513-be08-4409-95f2-9db957b978ed,Corner,d41ee732-5f6c-4ded-96aa-58ac61967ec7,2,3,da1130a1-1e7f-4770-a98b-b05f395d2c0d,false,downloadableSrc,200,image/webp,32748,32748,2dc6360b8bf2c17998153aa797987d5d79d7f6dd2c18b078944de87f8e1a96ad,1179,2676,,,bytescale.mobbin.com,f7a1807c1ac98ccf0eecf5078d61346ac9a94ca37a547f5708d580528c9e55c0,/Users/user/mobbin-sides/screen-flows/corner/028-corner-changing-city-64b45ae2-323b-41f3-9a98-fc468e893f69/003-da1130a1-1e7f-4770-a98b-b05f395d2c0d-downloadableSrc-2dc6360b8bf2.webp
64b45ae2-323b-41f3-9a98-fc468e893f69,Changing city,59299513-be08-4409-95f2-9db957b978ed,Corner,d41ee732-5f6c-4ded-96aa-58ac61967ec7,3,4,2f833850-00e1-4e03-9e16-d76da36eb327,false,downloadableSrc,200,image/webp,264236,264236,c89ec59419d0cf6c50b7b5ba0e4b69eb45d4aa4550cf58845a5910d025a4593f,1179,2676,,,bytescale.mobbin.com,f7a1807c1ac98ccf0eecf5078d61346ac9a94ca37a547f5708d580528c9e55c0,/Users/user/mobbin-sides/screen-flows/corner/028-corner-changing-city-64b45ae2-323b-41f3-9a98-fc468e893f69/004-2f833850-00e1-4e03-9e16-d76da36eb327-downloadableSrc-c89ec59419d0.webp
3db51db4-fb79-4e80-a5ff-896b9d1f1eca,For you,59299513-be08-4409-95f2-9db957b978ed,Corner,d41ee732-5f6c-4ded-96aa-58ac61967ec7,0,1,dd71d183-809f-4cbd-b747-bc00cda4cb8c,false,downloadableSrc,200,image/webp,287300,287300,5ce858dd41ce98b403374344a136d567a63629440ff1d18f6a96a3778bf70b52,1179,2676,,,bytescale.mobbin.com,f7a1807c1ac98ccf0eecf5078d61346ac9a94ca37a547f5708d580528c9e55c0,/Users/user/mobbin-sides/screen-flows/corner/029-corner-for-you-3db51db4-fb79-4e80-a5ff-896b9d1f1eca/001-dd71d183-809f-4cbd-b747-bc00cda4cb8c-downloadableSrc-5ce858dd41ce.webp
3db51db4-fb79-4e80-a5ff-896b9d1f1eca,For you,59299513-be08-4409-95f2-9db957b978ed,Corner,d41ee732-5f6c-4ded-96aa-58ac61967ec7,1,2,0f300180-0f44-4a5e-8716-80be728c2059,false,downloadableSrc,200,image/webp,132796,132796,b26cafba7f83f8508477b10191480d9819079ecb54f5fe30719f3161a9ae4710,1180,2676,,,bytescale.mobbin.com,f7a1807c1ac98ccf0eecf5078d61346ac9a94ca37a547f5708d580528c9e55c0,/Users/user/mobbin-sides/screen-flows/corner/029-corner-for-you-3db51db4-fb79-4e80-a5ff-896b9d1f1eca/002-0f300180-0f44-4a5e-8716-80be728c2059-downloadableSrc-b26cafba7f83.webp
3db51db4-fb79-4e80-a5ff-896b9d1f1eca,For you,59299513-be08-4409-95f2-9db957b978ed,Corner,d41ee732-5f6c-4ded-96aa-58ac61967ec7,2,3,3724b813-e190-4e9f-9f2f-3e9b8caeb016,false,downloadableSrc,200,image/webp,226510,226510,4bd0387e4bea25879a9afd4a7964e2b9184c9d454dc70ba7a8f9c1a33a453182,1179,2676,,,bytescale.mobbin.com,f7a1807c1ac98ccf0eecf5078d61346ac9a94ca37a547f5708d580528c9e55c0,/Users/user/mobbin-sides/screen-flows/corner/029-corner-for-you-3db51db4-fb79-4e80-a5ff-896b9d1f1eca/003-3724b813-e190-4e9f-9f2f-3e9b8caeb016-downloadableSrc-4bd0387e4bea.webp
3db51db4-fb79-4e80-a5ff-896b9d1f1eca,For you,59299513-be08-4409-95f2-9db957b978ed,Corner,d41ee732-5f6c-4ded-96aa-58ac61967ec7,3,4,beb3735d-5394-43b0-8ccd-b1015e46af33,false,downloadableSrc,200,image/webp,236918,236918,f301b7bdf02fc02682869c5ae198cb0b50aa643de046c0a3f63058084bf0213f,1179,2676,,,bytescale.mobbin.com,f7a1807c1ac98ccf0eecf5078d61346ac9a94ca37a547f5708d580528c9e55c0,/Users/user/mobbin-sides/screen-flows/corner/029-corner-for-you-3db51db4-fb79-4e80-a5ff-896b9d1f1eca/004-beb3735d-5394-43b0-8ccd-b1015e46af33-downloadableSrc-f301b7bdf02f.webp
3db51db4-fb79-4e80-a5ff-896b9d1f1eca,For you,59299513-be08-4409-95f2-9db957b978ed,Corner,d41ee732-5f6c-4ded-96aa-58ac61967ec7,4,5,f589383a-2738-4ada-8c37-80e410701d71,false,downloadableSrc,200,image/webp,183576,183576,28dbb3e5bc043b03c1e9a7d6a801f8b44355f6bfafb42fa6d20a726fd2a99f02,1179,2676,,,bytescale.mobbin.com,f7a1807c1ac98ccf0eecf5078d61346ac9a94ca37a547f5708d580528c9e55c0,/Users/user/mobbin-sides/screen-flows/corner/029-corner-for-you-3db51db4-fb79-4e80-a5ff-896b9d1f1eca/005-f589383a-2738-4ada-8c37-80e410701d71-downloadableSrc-28dbb3e5bc04.webp
3db51db4-fb79-4e80-a5ff-896b9d1f1eca,For you,59299513-be08-4409-95f2-9db957b978ed,Corner,d41ee732-5f6c-4ded-96aa-58ac61967ec7,5,6,f9818552-d8db-4870-a945-eea5a66a7058,false,downloadableSrc,200,image/webp,168030,168030,139acd69de658f5d653bc48e2259222364e20ee1e1cfa6ff56b3b205bdff895e,1179,2676,,,bytescale.mobbin.com,f7a1807c1ac98ccf0eecf5078d61346ac9a94ca37a547f5708d580528c9e55c0,/Users/user/mobbin-sides/screen-flows/corner/029-corner-for-you-3db51db4-fb79-4e80-a5ff-896b9d1f1eca/006-f9818552-d8db-4870-a945-eea5a66a7058-downloadableSrc-139acd69de65.webp
3db51db4-fb79-4e80-a5ff-896b9d1f1eca,For you,59299513-be08-4409-95f2-9db957b978ed,Corner,d41ee732-5f6c-4ded-96aa-58ac61967ec7,6,7,636b7bd0-32f5-47ca-a473-f7a17944a038,false,downloadableSrc,200,image/webp,296632,296632,536b8386c663b471569493d2b67219a0926039088cfbcd03a9e193e30b15fe04,1179,2676,,,bytescale.mobbin.com,f7a1807c1ac98ccf0eecf5078d61346ac9a94ca37a547f5708d580528c9e55c0,/Users/user/mobbin-sides/screen-flows/corner/029-corner-for-you-3db51db4-fb79-4e80-a5ff-896b9d1f1eca/007-636b7bd0-32f5-47ca-a473-f7a17944a038-downloadableSrc-536b8386c663.webp
3db51db4-fb79-4e80-a5ff-896b9d1f1eca,For you,59299513-be08-4409-95f2-9db957b978ed,Corner,d41ee732-5f6c-4ded-96aa-58ac61967ec7,7,8,e60e520b-9c2f-4423-a3f5-6dca4e0d88c9,false,downloadableSrc,200,image/webp,208110,208110,3c7e6011ddcad7394334272e06d1e03c635b71c2de2ba47b8504513cfa88673f,1179,2676,,,bytescale.mobbin.com,f7a1807c1ac98ccf0eecf5078d61346ac9a94ca37a547f5708d580528c9e55c0,/Users/user/mobbin-sides/screen-flows/corner/029-corner-for-you-3db51db4-fb79-4e80-a5ff-896b9d1f1eca/008-e60e520b-9c2f-4423-a3f5-6dca4e0d88c9-downloadableSrc-3c7e6011ddca.webp
3db51db4-fb79-4e80-a5ff-896b9d1f1eca,For you,59299513-be08-4409-95f2-9db957b978ed,Corner,d41ee732-5f6c-4ded-96aa-58ac61967ec7,8,9,e0b40589-4642-4e8a-a51e-01a9a19f9cce,false,downloadableSrc,200,image/webp,222620,222620,5ca305a106e674529a0ebc878ab5bed48a55bc0b1d1ddf4e7081e2267d1a54be,1179,2676,,,bytescale.mobbin.com,f7a1807c1ac98ccf0eecf5078d61346ac9a94ca37a547f5708d580528c9e55c0,/Users/user/mobbin-sides/screen-flows/corner/029-corner-for-you-3db51db4-fb79-4e80-a5ff-896b9d1f1eca/009-e0b40589-4642-4e8a-a51e-01a9a19f9cce-downloadableSrc-5ca305a106e6.webp
3db51db4-fb79-4e80-a5ff-896b9d1f1eca,For you,59299513-be08-4409-95f2-9db957b978ed,Corner,d41ee732-5f6c-4ded-96aa-58ac61967ec7,9,10,c695bd44-5f8c-4352-bb87-706676fd91bd,false,downloadableSrc,200,image/webp,225916,225916,b1ac8c7944b962b209e2128959a5af76756b0317cd72be78a1c3583a5038752c,1179,2676,,,bytescale.mobbin.com,f7a1807c1ac98ccf0eecf5078d61346ac9a94ca37a547f5708d580528c9e55c0,/Users/user/mobbin-sides/screen-flows/corner/029-corner-for-you-3db51db4-fb79-4e80-a5ff-896b9d1f1eca/010-c695bd44-5f8c-4352-bb87-706676fd91bd-downloadableSrc-b1ac8c7944b9.webp
cc7857f6-3fe5-430e-9d49-10c4a3225ca7,Liking a post (People),59299513-be08-4409-95f2-9db957b978ed,Corner,d41ee732-5f6c-4ded-96aa-58ac61967ec7,0,1,0f300180-0f44-4a5e-8716-80be728c2059,false,downloadableSrc,200,image/webp,132796,132796,b26cafba7f83f8508477b10191480d9819079ecb54f5fe30719f3161a9ae4710,1180,2676,,,bytescale.mobbin.com,f7a1807c1ac98ccf0eecf5078d61346ac9a94ca37a547f5708d580528c9e55c0,/Users/user/mobbin-sides/screen-flows/corner/030-corner-liking-a-post-people-cc7857f6-3fe5-430e-9d49-10c4a3225ca7/001-0f300180-0f44-4a5e-8716-80be728c2059-downloadableSrc-b26cafba7f83.webp
cc7857f6-3fe5-430e-9d49-10c4a3225ca7,Liking a post (People),59299513-be08-4409-95f2-9db957b978ed,Corner,d41ee732-5f6c-4ded-96aa-58ac61967ec7,1,2,e4e7b1dd-31f7-43df-8bdf-1e04cecd56a4,false,downloadableSrc,200,image/webp,133326,133326,0acc242ab747a7d55521df3815c07b11898d78d9e29412ba3706dd4a90ef4ad2,1180,2676,,,bytescale.mobbin.com,f7a1807c1ac98ccf0eecf5078d61346ac9a94ca37a547f5708d580528c9e55c0,/Users/user/mobbin-sides/screen-flows/corner/030-corner-liking-a-post-people-cc7857f6-3fe5-430e-9d49-10c4a3225ca7/002-e4e7b1dd-31f7-43df-8bdf-1e04cecd56a4-downloadableSrc-0acc242ab747.webp
cc7857f6-3fe5-430e-9d49-10c4a3225ca7,Liking a post (People),59299513-be08-4409-95f2-9db957b978ed,Corner,d41ee732-5f6c-4ded-96aa-58ac61967ec7,2,3,47f8a837-ebe5-4b71-af06-6370e5a5925b,false,downloadableSrc,200,image/webp,244066,244066,4f01fee050541ff9795c276ff8d85029b85e5c2f35883bed0bcd45172e5ee87b,1180,2676,,,bytescale.mobbin.com,f7a1807c1ac98ccf0eecf5078d61346ac9a94ca37a547f5708d580528c9e55c0,/Users/user/mobbin-sides/screen-flows/corner/030-corner-liking-a-post-people-cc7857f6-3fe5-430e-9d49-10c4a3225ca7/003-47f8a837-ebe5-4b71-af06-6370e5a5925b-downloadableSrc-4f01fee05054.webp
cdb3f315-005d-4982-a121-c24293a76c15,Events,59299513-be08-4409-95f2-9db957b978ed,Corner,d41ee732-5f6c-4ded-96aa-58ac61967ec7,0,1,beb3735d-5394-43b0-8ccd-b1015e46af33,false,downloadableSrc,200,image/webp,236918,236918,f301b7bdf02fc02682869c5ae198cb0b50aa643de046c0a3f63058084bf0213f,1179,2676,,,bytescale.mobbin.com,f7a1807c1ac98ccf0eecf5078d61346ac9a94ca37a547f5708d580528c9e55c0,/Users/user/mobbin-sides/screen-flows/corner/031-corner-events-cdb3f315-005d-4982-a121-c24293a76c15/001-beb3735d-5394-43b0-8ccd-b1015e46af33-downloadableSrc-f301b7bdf02f.webp
cdb3f315-005d-4982-a121-c24293a76c15,Events,59299513-be08-4409-95f2-9db957b978ed,Corner,d41ee732-5f6c-4ded-96aa-58ac61967ec7,1,2,102fc62e-547c-4d0f-bd94-06856d0cf81e,false,downloadableSrc,200,image/webp,181986,181986,588797febb0131a47aa257206bbaca67f30e45e94f5424d2a5d4c4e8071d190b,1179,2676,,,bytescale.mobbin.com,f7a1807c1ac98ccf0eecf5078d61346ac9a94ca37a547f5708d580528c9e55c0,/Users/user/mobbin-sides/screen-flows/corner/031-corner-events-cdb3f315-005d-4982-a121-c24293a76c15/002-102fc62e-547c-4d0f-bd94-06856d0cf81e-downloadableSrc-588797febb01.webp
a9d38bb9-6892-43b5-a4c8-431f0a52376e,Leaderboard,59299513-be08-4409-95f2-9db957b978ed,Corner,d41ee732-5f6c-4ded-96aa-58ac61967ec7,0,1,beb3735d-5394-43b0-8ccd-b1015e46af33,false,downloadableSrc,200,image/webp,236918,236918,f301b7bdf02fc02682869c5ae198cb0b50aa643de046c0a3f63058084bf0213f,1179,2676,,,bytescale.mobbin.com,f7a1807c1ac98ccf0eecf5078d61346ac9a94ca37a547f5708d580528c9e55c0,/Users/user/mobbin-sides/screen-flows/corner/032-corner-leaderboard-a9d38bb9-6892-43b5-a4c8-431f0a52376e/001-beb3735d-5394-43b0-8ccd-b1015e46af33-downloadableSrc-f301b7bdf02f.webp
a9d38bb9-6892-43b5-a4c8-431f0a52376e,Leaderboard,59299513-be08-4409-95f2-9db957b978ed,Corner,d41ee732-5f6c-4ded-96aa-58ac61967ec7,1,2,762d9796-f5d9-4c6d-beba-66961039afbf,false,downloadableSrc,200,image/webp,143578,143578,350fd237c0763e3f00a13a2a14264ff8c7aa19ec791ad18107ee4f4e8305f2a3,1179,2676,,,bytescale.mobbin.com,f7a1807c1ac98ccf0eecf5078d61346ac9a94ca37a547f5708d580528c9e55c0,/Users/user/mobbin-sides/screen-flows/corner/032-corner-leaderboard-a9d38bb9-6892-43b5-a4c8-431f0a52376e/002-762d9796-f5d9-4c6d-beba-66961039afbf-downloadableSrc-350fd237c076.webp
1a97e2af-5c33-4175-8950-943567403499,Sorting leaderboard,59299513-be08-4409-95f2-9db957b978ed,Corner,d41ee732-5f6c-4ded-96aa-58ac61967ec7,0,1,762d9796-f5d9-4c6d-beba-66961039afbf,false,downloadableSrc,200,image/webp,143578,143578,350fd237c0763e3f00a13a2a14264ff8c7aa19ec791ad18107ee4f4e8305f2a3,1179,2676,,,bytescale.mobbin.com,f7a1807c1ac98ccf0eecf5078d61346ac9a94ca37a547f5708d580528c9e55c0,/Users/user/mobbin-sides/screen-flows/corner/033-corner-sorting-leaderboard-1a97e2af-5c33-4175-8950-943567403499/001-762d9796-f5d9-4c6d-beba-66961039afbf-downloadableSrc-350fd237c076.webp
1a97e2af-5c33-4175-8950-943567403499,Sorting leaderboard,59299513-be08-4409-95f2-9db957b978ed,Corner,d41ee732-5f6c-4ded-96aa-58ac61967ec7,1,2,e86500f6-d8ad-4205-8c41-3786c78ca0e6,false,downloadableSrc,200,image/webp,144662,144662,fc19f687910e91c7f4ab72004e564ccff6e08dd7ff6ed3e1f292d46c1d899e5d,1179,2676,,,bytescale.mobbin.com,f7a1807c1ac98ccf0eecf5078d61346ac9a94ca37a547f5708d580528c9e55c0,/Users/user/mobbin-sides/screen-flows/corner/033-corner-sorting-leaderboard-1a97e2af-5c33-4175-8950-943567403499/002-e86500f6-d8ad-4205-8c41-3786c78ca0e6-downloadableSrc-fc19f687910e.webp
1a97e2af-5c33-4175-8950-943567403499,Sorting leaderboard,59299513-be08-4409-95f2-9db957b978ed,Corner,d41ee732-5f6c-4ded-96aa-58ac61967ec7,2,3,1b028e6a-46d9-4a26-8350-73c36ecbf607,false,downloadableSrc,200,image/webp,131306,131306,c71835fa7b6b4e231637180ab31162b025652a29893600afdacebd2492452ec9,1179,2676,,,bytescale.mobbin.com,f7a1807c1ac98ccf0eecf5078d61346ac9a94ca37a547f5708d580528c9e55c0,/Users/user/mobbin-sides/screen-flows/corner/033-corner-sorting-leaderboard-1a97e2af-5c33-4175-8950-943567403499/003-1b028e6a-46d9-4a26-8350-73c36ecbf607-downloadableSrc-c71835fa7b6b.webp
18600447-b269-463f-bb6e-9576c02342ae,Curator detail,59299513-be08-4409-95f2-9db957b978ed,Corner,d41ee732-5f6c-4ded-96aa-58ac61967ec7,0,1,e0b40589-4642-4e8a-a51e-01a9a19f9cce,false,downloadableSrc,200,image/webp,222620,222620,5ca305a106e674529a0ebc878ab5bed48a55bc0b1d1ddf4e7081e2267d1a54be,1179,2676,,,bytescale.mobbin.com,f7a1807c1ac98ccf0eecf5078d61346ac9a94ca37a547f5708d580528c9e55c0,/Users/user/mobbin-sides/screen-flows/corner/034-corner-curator-detail-18600447-b269-463f-bb6e-9576c02342ae/001-e0b40589-4642-4e8a-a51e-01a9a19f9cce-downloadableSrc-5ca305a106e6.webp
18600447-b269-463f-bb6e-9576c02342ae,Curator detail,59299513-be08-4409-95f2-9db957b978ed,Corner,d41ee732-5f6c-4ded-96aa-58ac61967ec7,1,2,977a211f-072a-41a6-8620-a2c661063008,false,downloadableSrc,200,image/webp,224952,224952,f48e6371f0f74e6f605be0f669e1c594bb83b8c564ee95b1293f54c7354a32d3,1179,2676,,,bytescale.mobbin.com,f7a1807c1ac98ccf0eecf5078d61346ac9a94ca37a547f5708d580528c9e55c0,/Users/user/mobbin-sides/screen-flows/corner/034-corner-curator-detail-18600447-b269-463f-bb6e-9576c02342ae/002-977a211f-072a-41a6-8620-a2c661063008-downloadableSrc-f48e6371f0f7.webp
18600447-b269-463f-bb6e-9576c02342ae,Curator detail,59299513-be08-4409-95f2-9db957b978ed,Corner,d41ee732-5f6c-4ded-96aa-58ac61967ec7,2,3,1de6a9ec-cdf4-4573-889b-daa3e0bb8a9b,false,downloadableSrc,200,image/webp,222306,222306,349f3d59f91dc7042f2f9294326f6a4a03c1b709fab6cf45b21036a5534448ec,1179,2676,,,bytescale.mobbin.com,f7a1807c1ac98ccf0eecf5078d61346ac9a94ca37a547f5708d580528c9e55c0,/Users/user/mobbin-sides/screen-flows/corner/034-corner-curator-detail-18600447-b269-463f-bb6e-9576c02342ae/003-1de6a9ec-cdf4-4573-889b-daa3e0bb8a9b-downloadableSrc-349f3d59f91d.webp
18600447-b269-463f-bb6e-9576c02342ae,Curator detail,59299513-be08-4409-95f2-9db957b978ed,Corner,d41ee732-5f6c-4ded-96aa-58ac61967ec7,3,4,63f3015a-24b3-41e6-8089-3f94bcffd3c1,false,downloadableSrc,200,image/webp,219472,219472,14f0eaea7e94504947744157560b5257b69e5648baba9b0489533965915a23d2,1179,2676,,,bytescale.mobbin.com,f7a1807c1ac98ccf0eecf5078d61346ac9a94ca37a547f5708d580528c9e55c0,/Users/user/mobbin-sides/screen-flows/corner/034-corner-curator-detail-18600447-b269-463f-bb6e-9576c02342ae/004-63f3015a-24b3-41e6-8089-3f94bcffd3c1-downloadableSrc-14f0eaea7e94.webp
18600447-b269-463f-bb6e-9576c02342ae,Curator detail,59299513-be08-4409-95f2-9db957b978ed,Corner,d41ee732-5f6c-4ded-96aa-58ac61967ec7,4,5,a7432127-6065-40b9-b718-7f375ab4eabb,false,downloadableSrc,200,image/webp,270536,270536,06d19731934d7c20268fce1d71066ebca1d30ee92180e68dca858d31d8f8460c,1179,2676,,,bytescale.mobbin.com,f7a1807c1ac98ccf0eecf5078d61346ac9a94ca37a547f5708d580528c9e55c0,/Users/user/mobbin-sides/screen-flows/corner/034-corner-curator-detail-18600447-b269-463f-bb6e-9576c02342ae/005-a7432127-6065-40b9-b718-7f375ab4eabb-downloadableSrc-06d19731934d.webp
18600447-b269-463f-bb6e-9576c02342ae,Curator detail,59299513-be08-4409-95f2-9db957b978ed,Corner,d41ee732-5f6c-4ded-96aa-58ac61967ec7,5,6,4828b2cb-6c59-40bd-a105-ca22c517b067,false,downloadableSrc,200,image/webp,152700,152700,cfcf850fa5bffae92f25ef1fb1f0e4053dc5178af4d0ec715f9a0c3a6a55ef9e,1179,2676,,,bytescale.mobbin.com,f7a1807c1ac98ccf0eecf5078d61346ac9a94ca37a547f5708d580528c9e55c0,/Users/user/mobbin-sides/screen-flows/corner/034-corner-curator-detail-18600447-b269-463f-bb6e-9576c02342ae/006-4828b2cb-6c59-40bd-a105-ca22c517b067-downloadableSrc-cfcf850fa5bf.webp
6d221bd4-128b-4ad3-a269-7024155a8736,Mutuals,59299513-be08-4409-95f2-9db957b978ed,Corner,d41ee732-5f6c-4ded-96aa-58ac61967ec7,0,1,977a211f-072a-41a6-8620-a2c661063008,false,downloadableSrc,200,image/webp,224952,224952,f48e6371f0f74e6f605be0f669e1c594bb83b8c564ee95b1293f54c7354a32d3,1179,2676,,,bytescale.mobbin.com,f7a1807c1ac98ccf0eecf5078d61346ac9a94ca37a547f5708d580528c9e55c0,/Users/user/mobbin-sides/screen-flows/corner/035-corner-mutuals-6d221bd4-128b-4ad3-a269-7024155a8736/001-977a211f-072a-41a6-8620-a2c661063008-downloadableSrc-f48e6371f0f7.webp
6d221bd4-128b-4ad3-a269-7024155a8736,Mutuals,59299513-be08-4409-95f2-9db957b978ed,Corner,d41ee732-5f6c-4ded-96aa-58ac61967ec7,1,2,a0398d8b-7bdc-46e5-bebe-e42e2828c0bb,false,downloadableSrc,200,image/webp,42516,42516,0b6e1483029fd708eadf125f2bb3bc9d64781f863bf849a0bfc0b76605380f3d,1179,2676,,,bytescale.mobbin.com,f7a1807c1ac98ccf0eecf5078d61346ac9a94ca37a547f5708d580528c9e55c0,/Users/user/mobbin-sides/screen-flows/corner/035-corner-mutuals-6d221bd4-128b-4ad3-a269-7024155a8736/002-a0398d8b-7bdc-46e5-bebe-e42e2828c0bb-downloadableSrc-0b6e1483029f.webp
2582634d-dd14-443e-813d-ea72cc0c65c4,Places in common,59299513-be08-4409-95f2-9db957b978ed,Corner,d41ee732-5f6c-4ded-96aa-58ac61967ec7,0,1,977a211f-072a-41a6-8620-a2c661063008,false,downloadableSrc,200,image/webp,224952,224952,f48e6371f0f74e6f605be0f669e1c594bb83b8c564ee95b1293f54c7354a32d3,1179,2676,,,bytescale.mobbin.com,f7a1807c1ac98ccf0eecf5078d61346ac9a94ca37a547f5708d580528c9e55c0,/Users/user/mobbin-sides/screen-flows/corner/036-corner-places-in-common-2582634d-dd14-443e-813d-ea72cc0c65c4/001-977a211f-072a-41a6-8620-a2c661063008-downloadableSrc-f48e6371f0f7.webp
2582634d-dd14-443e-813d-ea72cc0c65c4,Places in common,59299513-be08-4409-95f2-9db957b978ed,Corner,d41ee732-5f6c-4ded-96aa-58ac61967ec7,1,2,81a88627-0eae-4cf9-89fc-ed4a7386d55a,false,downloadableSrc,200,image/webp,126026,126026,1444a14726a4491f80eb2ac8069647578fb69dfb7879291fe9850dcc77f496bf,1179,2676,,,bytescale.mobbin.com,f7a1807c1ac98ccf0eecf5078d61346ac9a94ca37a547f5708d580528c9e55c0,/Users/user/mobbin-sides/screen-flows/corner/036-corner-places-in-common-2582634d-dd14-443e-813d-ea72cc0c65c4/002-81a88627-0eae-4cf9-89fc-ed4a7386d55a-downloadableSrc-1444a14726a4.webp
2582634d-dd14-443e-813d-ea72cc0c65c4,Places in common,59299513-be08-4409-95f2-9db957b978ed,Corner,d41ee732-5f6c-4ded-96aa-58ac61967ec7,2,3,8beaa5c3-a5d8-4e38-81c5-22b00641008a,false,downloadableSrc,200,image/webp,73144,73144,b6bf922b490c8f76a4c6d9e4a984ca244133a53140dd0a17ca0b6ab46a910a0d,1179,2676,,,bytescale.mobbin.com,f7a1807c1ac98ccf0eecf5078d61346ac9a94ca37a547f5708d580528c9e55c0,/Users/user/mobbin-sides/screen-flows/corner/036-corner-places-in-common-2582634d-dd14-443e-813d-ea72cc0c65c4/003-8beaa5c3-a5d8-4e38-81c5-22b00641008a-downloadableSrc-b6bf922b490c.webp
2f935bc5-f50b-459a-98c7-0ecdddafabf4,Curator places,59299513-be08-4409-95f2-9db957b978ed,Corner,d41ee732-5f6c-4ded-96aa-58ac61967ec7,0,1,977a211f-072a-41a6-8620-a2c661063008,false,downloadableSrc,200,image/webp,224952,224952,f48e6371f0f74e6f605be0f669e1c594bb83b8c564ee95b1293f54c7354a32d3,1179,2676,,,bytescale.mobbin.com,f7a1807c1ac98ccf0eecf5078d61346ac9a94ca37a547f5708d580528c9e55c0,/Users/user/mobbin-sides/screen-flows/corner/037-corner-curator-places-2f935bc5-f50b-459a-98c7-0ecdddafabf4/001-977a211f-072a-41a6-8620-a2c661063008-downloadableSrc-f48e6371f0f7.webp
2f935bc5-f50b-459a-98c7-0ecdddafabf4,Curator places,59299513-be08-4409-95f2-9db957b978ed,Corner,d41ee732-5f6c-4ded-96aa-58ac61967ec7,1,2,65ad1eb3-43b7-42df-aa93-ab2683570401,false,downloadableSrc,200,image/webp,111484,111484,3fb451205b4a6aaf8503f8e8597883ae3ea9e610c1bf514d2f9c11a7b9a6098d,1179,2676,,,bytescale.mobbin.com,f7a1807c1ac98ccf0eecf5078d61346ac9a94ca37a547f5708d580528c9e55c0,/Users/user/mobbin-sides/screen-flows/corner/037-corner-curator-places-2f935bc5-f50b-459a-98c7-0ecdddafabf4/002-65ad1eb3-43b7-42df-aa93-ab2683570401-downloadableSrc-3fb451205b4a.webp
2f935bc5-f50b-459a-98c7-0ecdddafabf4,Curator places,59299513-be08-4409-95f2-9db957b978ed,Corner,d41ee732-5f6c-4ded-96aa-58ac61967ec7,2,3,bbb59302-dc73-4aa6-8033-423bc20aff11,false,downloadableSrc,200,image/webp,162590,162590,4ebb2d68b0d99c633ab69879ad8278b2c83a9d5c0bf32de324221d50f303063f,1179,2676,,,bytescale.mobbin.com,f7a1807c1ac98ccf0eecf5078d61346ac9a94ca37a547f5708d580528c9e55c0,/Users/user/mobbin-sides/screen-flows/corner/037-corner-curator-places-2f935bc5-f50b-459a-98c7-0ecdddafabf4/003-bbb59302-dc73-4aa6-8033-423bc20aff11-downloadableSrc-4ebb2d68b0d9.webp
0556f4f2-5e82-4038-8969-d6b8b1818ab9,Photos,59299513-be08-4409-95f2-9db957b978ed,Corner,d41ee732-5f6c-4ded-96aa-58ac61967ec7,0,1,977a211f-072a-41a6-8620-a2c661063008,false,downloadableSrc,200,image/webp,224952,224952,f48e6371f0f74e6f605be0f669e1c594bb83b8c564ee95b1293f54c7354a32d3,1179,2676,,,bytescale.mobbin.com,f7a1807c1ac98ccf0eecf5078d61346ac9a94ca37a547f5708d580528c9e55c0,/Users/user/mobbin-sides/screen-flows/corner/038-corner-photos-0556f4f2-5e82-4038-8969-d6b8b1818ab9/001-977a211f-072a-41a6-8620-a2c661063008-downloadableSrc-f48e6371f0f7.webp
0556f4f2-5e82-4038-8969-d6b8b1818ab9,Photos,59299513-be08-4409-95f2-9db957b978ed,Corner,d41ee732-5f6c-4ded-96aa-58ac61967ec7,1,2,e3a595a7-9fcd-4d68-8971-d3cb6fb7e6c2,false,downloadableSrc,200,image/webp,344442,344442,42336c1c707376578432d975dcaa5df7b0a9f5e3e2320cd8584eda7cb0819596,1179,2676,,,bytescale.mobbin.com,f7a1807c1ac98ccf0eecf5078d61346ac9a94ca37a547f5708d580528c9e55c0,/Users/user/mobbin-sides/screen-flows/corner/038-corner-photos-0556f4f2-5e82-4038-8969-d6b8b1818ab9/002-e3a595a7-9fcd-4d68-8971-d3cb6fb7e6c2-downloadableSrc-42336c1c7073.webp
0556f4f2-5e82-4038-8969-d6b8b1818ab9,Photos,59299513-be08-4409-95f2-9db957b978ed,Corner,d41ee732-5f6c-4ded-96aa-58ac61967ec7,2,3,2fcd0d19-8482-4120-b7d7-66387e609be3,false,downloadableSrc,200,image/webp,495168,495168,bc3a8d3dcd13d000d19dc92350a6fa40b4134b1d6e1fc7cd367a0d2e6b857a6e,1179,2676,,,bytescale.mobbin.com,f7a1807c1ac98ccf0eecf5078d61346ac9a94ca37a547f5708d580528c9e55c0,/Users/user/mobbin-sides/screen-flows/corner/038-corner-photos-0556f4f2-5e82-4038-8969-d6b8b1818ab9/003-2fcd0d19-8482-4120-b7d7-66387e609be3-downloadableSrc-bc3a8d3dcd13.webp
0556f4f2-5e82-4038-8969-d6b8b1818ab9,Photos,59299513-be08-4409-95f2-9db957b978ed,Corner,d41ee732-5f6c-4ded-96aa-58ac61967ec7,3,4,b084c6a7-0399-4d47-bb01-e86fd67bb933,false,downloadableSrc,200,image/webp,349082,349082,2ef6f738aa59459efa42d801656a3ca2fa471e4a180dd8e6fd80d69391fa7b5b,1179,2676,,,bytescale.mobbin.com,f7a1807c1ac98ccf0eecf5078d61346ac9a94ca37a547f5708d580528c9e55c0,/Users/user/mobbin-sides/screen-flows/corner/038-corner-photos-0556f4f2-5e82-4038-8969-d6b8b1818ab9/004-b084c6a7-0399-4d47-bb01-e86fd67bb933-downloadableSrc-2ef6f738aa59.webp
e8ac7ba9-91e9-4a9c-bd91-80b6ead27ac6,Following a curator,59299513-be08-4409-95f2-9db957b978ed,Corner,d41ee732-5f6c-4ded-96aa-58ac61967ec7,0,1,977a211f-072a-41a6-8620-a2c661063008,false,downloadableSrc,200,image/webp,224952,224952,f48e6371f0f74e6f605be0f669e1c594bb83b8c564ee95b1293f54c7354a32d3,1179,2676,,,bytescale.mobbin.com,f7a1807c1ac98ccf0eecf5078d61346ac9a94ca37a547f5708d580528c9e55c0,/Users/user/mobbin-sides/screen-flows/corner/039-corner-following-a-curator-e8ac7ba9-91e9-4a9c-bd91-80b6ead27ac6/001-977a211f-072a-41a6-8620-a2c661063008-downloadableSrc-f48e6371f0f7.webp
e8ac7ba9-91e9-4a9c-bd91-80b6ead27ac6,Following a curator,59299513-be08-4409-95f2-9db957b978ed,Corner,d41ee732-5f6c-4ded-96aa-58ac61967ec7,1,2,4d3c6b2d-15fc-4599-be2a-c0b4d20f555e,false,downloadableSrc,200,image/webp,223956,223956,b0ae374ea0c20ea87befeb775a43f1c6bb74d33c21ffcd1a186e2bec4f6ecd21,1179,2676,,,bytescale.mobbin.com,f7a1807c1ac98ccf0eecf5078d61346ac9a94ca37a547f5708d580528c9e55c0,/Users/user/mobbin-sides/screen-flows/corner/039-corner-following-a-curator-e8ac7ba9-91e9-4a9c-bd91-80b6ead27ac6/002-4d3c6b2d-15fc-4599-be2a-c0b4d20f555e-downloadableSrc-b0ae374ea0c2.webp
8ec9adfb-c507-48ac-8905-bfa186fbc2b6,Sending a message,59299513-be08-4409-95f2-9db957b978ed,Corner,d41ee732-5f6c-4ded-96aa-58ac61967ec7,0,1,977a211f-072a-41a6-8620-a2c661063008,false,downloadableSrc,200,image/webp,224952,224952,f48e6371f0f74e6f605be0f669e1c594bb83b8c564ee95b1293f54c7354a32d3,1179,2676,,,bytescale.mobbin.com,f7a1807c1ac98ccf0eecf5078d61346ac9a94ca37a547f5708d580528c9e55c0,/Users/user/mobbin-sides/screen-flows/corner/040-corner-sending-a-message-8ec9adfb-c507-48ac-8905-bfa186fbc2b6/001-977a211f-072a-41a6-8620-a2c661063008-downloadableSrc-f48e6371f0f7.webp
8ec9adfb-c507-48ac-8905-bfa186fbc2b6,Sending a message,59299513-be08-4409-95f2-9db957b978ed,Corner,d41ee732-5f6c-4ded-96aa-58ac61967ec7,1,2,691d4338-1050-44ac-bebc-7f7ee014a6f7,false,downloadableSrc,200,image/webp,30058,30058,e7fc2f0be288ff6d2ee7eecf0d1297fb8f1742c860ca07c7e5768d888a551a69,1179,2676,,,bytescale.mobbin.com,f7a1807c1ac98ccf0eecf5078d61346ac9a94ca37a547f5708d580528c9e55c0,/Users/user/mobbin-sides/screen-flows/corner/040-corner-sending-a-message-8ec9adfb-c507-48ac-8905-bfa186fbc2b6/002-691d4338-1050-44ac-bebc-7f7ee014a6f7-downloadableSrc-e7fc2f0be288.webp
8ec9adfb-c507-48ac-8905-bfa186fbc2b6,Sending a message,59299513-be08-4409-95f2-9db957b978ed,Corner,d41ee732-5f6c-4ded-96aa-58ac61967ec7,2,3,085321b4-78b6-4fc1-830e-6d2d8286ebf2,false,downloadableSrc,200,image/webp,50806,50806,e7600fc0ba294890b7ba0c92563f00652e7b041684a3f915db74744d531bb3e1,1179,2676,,,bytescale.mobbin.com,f7a1807c1ac98ccf0eecf5078d61346ac9a94ca37a547f5708d580528c9e55c0,/Users/user/mobbin-sides/screen-flows/corner/040-corner-sending-a-message-8ec9adfb-c507-48ac-8905-bfa186fbc2b6/003-085321b4-78b6-4fc1-830e-6d2d8286ebf2-downloadableSrc-e7600fc0ba29.webp
8ec9adfb-c507-48ac-8905-bfa186fbc2b6,Sending a message,59299513-be08-4409-95f2-9db957b978ed,Corner,d41ee732-5f6c-4ded-96aa-58ac61967ec7,3,4,ce85e40d-3e80-4d96-90ec-f672acdc6ad0,false,downloadableSrc,200,image/webp,58518,58518,2348c4c2a9549a7a8ac56d967bca1099fb8b0dfce91fdd9c92e9eb1cb2adb8a4,1179,2676,,,bytescale.mobbin.com,f7a1807c1ac98ccf0eecf5078d61346ac9a94ca37a547f5708d580528c9e55c0,/Users/user/mobbin-sides/screen-flows/corner/040-corner-sending-a-message-8ec9adfb-c507-48ac-8905-bfa186fbc2b6/004-ce85e40d-3e80-4d96-90ec-f672acdc6ad0-downloadableSrc-2348c4c2a954.webp
29e23c7b-45a9-4078-ba5c-dd56df124137,Blocking a curator,59299513-be08-4409-95f2-9db957b978ed,Corner,d41ee732-5f6c-4ded-96aa-58ac61967ec7,0,1,977a211f-072a-41a6-8620-a2c661063008,false,downloadableSrc,200,image/webp,224952,224952,f48e6371f0f74e6f605be0f669e1c594bb83b8c564ee95b1293f54c7354a32d3,1179,2676,,,bytescale.mobbin.com,f7a1807c1ac98ccf0eecf5078d61346ac9a94ca37a547f5708d580528c9e55c0,/Users/user/mobbin-sides/screen-flows/corner/041-corner-blocking-a-curator-29e23c7b-45a9-4078-ba5c-dd56df124137/001-977a211f-072a-41a6-8620-a2c661063008-downloadableSrc-f48e6371f0f7.webp
29e23c7b-45a9-4078-ba5c-dd56df124137,Blocking a curator,59299513-be08-4409-95f2-9db957b978ed,Corner,d41ee732-5f6c-4ded-96aa-58ac61967ec7,1,2,98d0f01d-9f69-4b2c-89a7-e5971ba04d90,false,downloadableSrc,200,image/webp,165536,165536,c99c8e2172feed0a502b351701387060cd325bbbafbbb7f016586157bd6c822a,1179,2676,,,bytescale.mobbin.com,f7a1807c1ac98ccf0eecf5078d61346ac9a94ca37a547f5708d580528c9e55c0,/Users/user/mobbin-sides/screen-flows/corner/041-corner-blocking-a-curator-29e23c7b-45a9-4078-ba5c-dd56df124137/002-98d0f01d-9f69-4b2c-89a7-e5971ba04d90-downloadableSrc-c99c8e2172fe.webp
29e23c7b-45a9-4078-ba5c-dd56df124137,Blocking a curator,59299513-be08-4409-95f2-9db957b978ed,Corner,d41ee732-5f6c-4ded-96aa-58ac61967ec7,2,3,5efed61d-4ca1-41dc-8b9d-4b73ae5c2f0b,false,downloadableSrc,200,image/webp,83874,83874,c122eb97645715b42ea4839b4f59fc9e4517414688f01f93100cd876e3e09ab6,1179,2676,,,bytescale.mobbin.com,f7a1807c1ac98ccf0eecf5078d61346ac9a94ca37a547f5708d580528c9e55c0,/Users/user/mobbin-sides/screen-flows/corner/041-corner-blocking-a-curator-29e23c7b-45a9-4078-ba5c-dd56df124137/003-5efed61d-4ca1-41dc-8b9d-4b73ae5c2f0b-downloadableSrc-c122eb976457.webp
f3406991-7c43-4a33-afa1-326a7385c5e8,Reporting a curator,59299513-be08-4409-95f2-9db957b978ed,Corner,d41ee732-5f6c-4ded-96aa-58ac61967ec7,0,1,98d0f01d-9f69-4b2c-89a7-e5971ba04d90,false,downloadableSrc,200,image/webp,165536,165536,c99c8e2172feed0a502b351701387060cd325bbbafbbb7f016586157bd6c822a,1179,2676,,,bytescale.mobbin.com,f7a1807c1ac98ccf0eecf5078d61346ac9a94ca37a547f5708d580528c9e55c0,/Users/user/mobbin-sides/screen-flows/corner/042-corner-reporting-a-curator-f3406991-7c43-4a33-afa1-326a7385c5e8/001-98d0f01d-9f69-4b2c-89a7-e5971ba04d90-downloadableSrc-c99c8e2172fe.webp
f3406991-7c43-4a33-afa1-326a7385c5e8,Reporting a curator,59299513-be08-4409-95f2-9db957b978ed,Corner,d41ee732-5f6c-4ded-96aa-58ac61967ec7,1,2,12614c03-c658-4186-950f-392db3ab84aa,false,downloadableSrc,200,image/webp,117616,117616,198b3918c254cd7d744424f190ca0722535ba89fd52a3ad5dc87945963c0f22a,1179,2676,,,bytescale.mobbin.com,f7a1807c1ac98ccf0eecf5078d61346ac9a94ca37a547f5708d580528c9e55c0,/Users/user/mobbin-sides/screen-flows/corner/042-corner-reporting-a-curator-f3406991-7c43-4a33-afa1-326a7385c5e8/002-12614c03-c658-4186-950f-392db3ab84aa-downloadableSrc-198b3918c254.webp
f3406991-7c43-4a33-afa1-326a7385c5e8,Reporting a curator,59299513-be08-4409-95f2-9db957b978ed,Corner,d41ee732-5f6c-4ded-96aa-58ac61967ec7,2,3,b83cb9ac-46f1-4541-adcf-1273d8cfe951,false,downloadableSrc,200,image/webp,183772,183772,3776c07c2aaf38c0640d9b17940fda1fa4fa6803e247f90b81cb8fa03a3be5a6,1179,2676,,,bytescale.mobbin.com,f7a1807c1ac98ccf0eecf5078d61346ac9a94ca37a547f5708d580528c9e55c0,/Users/user/mobbin-sides/screen-flows/corner/042-corner-reporting-a-curator-f3406991-7c43-4a33-afa1-326a7385c5e8/003-b83cb9ac-46f1-4541-adcf-1273d8cfe951-downloadableSrc-3776c07c2aaf.webp
17166458-1c93-442a-a951-b7107f3c447d,List detail (People),59299513-be08-4409-95f2-9db957b978ed,Corner,d41ee732-5f6c-4ded-96aa-58ac61967ec7,0,1,c695bd44-5f8c-4352-bb87-706676fd91bd,false,downloadableSrc,200,image/webp,225916,225916,b1ac8c7944b962b209e2128959a5af76756b0317cd72be78a1c3583a5038752c,1179,2676,,,bytescale.mobbin.com,f7a1807c1ac98ccf0eecf5078d61346ac9a94ca37a547f5708d580528c9e55c0,/Users/user/mobbin-sides/screen-flows/corner/043-corner-list-detail-people-17166458-1c93-442a-a951-b7107f3c447d/001-c695bd44-5f8c-4352-bb87-706676fd91bd-downloadableSrc-b1ac8c7944b9.webp
17166458-1c93-442a-a951-b7107f3c447d,List detail (People),59299513-be08-4409-95f2-9db957b978ed,Corner,d41ee732-5f6c-4ded-96aa-58ac61967ec7,1,2,e2c73890-ce0a-4ae1-ae63-bd4bfe119f0f,false,downloadableSrc,200,image/webp,243894,243894,85f4063a2fdfd26d8c42010f2d60495ec8586b6114b056ff2e65b6a6bb0acd0c,1179,2676,,,bytescale.mobbin.com,f7a1807c1ac98ccf0eecf5078d61346ac9a94ca37a547f5708d580528c9e55c0,/Users/user/mobbin-sides/screen-flows/corner/043-corner-list-detail-people-17166458-1c93-442a-a951-b7107f3c447d/002-e2c73890-ce0a-4ae1-ae63-bd4bfe119f0f-downloadableSrc-85f4063a2fdf.webp
17166458-1c93-442a-a951-b7107f3c447d,List detail (People),59299513-be08-4409-95f2-9db957b978ed,Corner,d41ee732-5f6c-4ded-96aa-58ac61967ec7,2,3,dd7ef174-7316-46df-960f-e698d5a3def6,false,downloadableSrc,200,image/webp,265676,265676,cb7cfc8afbe34f1ad034dc14e4f4a20d2480d78fe6972c283ddfdbce9960bdff,1179,2676,,,bytescale.mobbin.com,f7a1807c1ac98ccf0eecf5078d61346ac9a94ca37a547f5708d580528c9e55c0,/Users/user/mobbin-sides/screen-flows/corner/043-corner-list-detail-people-17166458-1c93-442a-a951-b7107f3c447d/003-dd7ef174-7316-46df-960f-e698d5a3def6-downloadableSrc-cb7cfc8afbe3.webp
17166458-1c93-442a-a951-b7107f3c447d,List detail (People),59299513-be08-4409-95f2-9db957b978ed,Corner,d41ee732-5f6c-4ded-96aa-58ac61967ec7,3,4,aa246b2d-9ec8-4503-b1ac-dba47fd1ee8e,false,downloadableSrc,200,image/webp,226284,226284,e005bc6e41694d407c89fa07bd1de9e8e4f68105c6e3ab199dab9df485a6b430,1179,2676,,,bytescale.mobbin.com,f7a1807c1ac98ccf0eecf5078d61346ac9a94ca37a547f5708d580528c9e55c0,/Users/user/mobbin-sides/screen-flows/corner/043-corner-list-detail-people-17166458-1c93-442a-a951-b7107f3c447d/004-aa246b2d-9ec8-4503-b1ac-dba47fd1ee8e-downloadableSrc-e005bc6e4169.webp
17166458-1c93-442a-a951-b7107f3c447d,List detail (People),59299513-be08-4409-95f2-9db957b978ed,Corner,d41ee732-5f6c-4ded-96aa-58ac61967ec7,4,5,5febca75-9637-47ab-bbe3-9ced3e75e035,false,downloadableSrc,200,image/webp,162796,162796,787f338dbed88c7b7461d88cb4ae5ce9043d7fa11c45ec58319095a57aeedb41,1179,2676,,,bytescale.mobbin.com,f7a1807c1ac98ccf0eecf5078d61346ac9a94ca37a547f5708d580528c9e55c0,/Users/user/mobbin-sides/screen-flows/corner/043-corner-list-detail-people-17166458-1c93-442a-a951-b7107f3c447d/005-5febca75-9637-47ab-bbe3-9ced3e75e035-downloadableSrc-787f338dbed8.webp
41c7fec1-fa3d-49fc-a937-f920154ad3c9,Saving a list,59299513-be08-4409-95f2-9db957b978ed,Corner,d41ee732-5f6c-4ded-96aa-58ac61967ec7,0,1,5febca75-9637-47ab-bbe3-9ced3e75e035,false,downloadableSrc,200,image/webp,162796,162796,787f338dbed88c7b7461d88cb4ae5ce9043d7fa11c45ec58319095a57aeedb41,1179,2676,,,bytescale.mobbin.com,f7a1807c1ac98ccf0eecf5078d61346ac9a94ca37a547f5708d580528c9e55c0,/Users/user/mobbin-sides/screen-flows/corner/044-corner-saving-a-list-41c7fec1-fa3d-49fc-a937-f920154ad3c9/001-5febca75-9637-47ab-bbe3-9ced3e75e035-downloadableSrc-787f338dbed8.webp
41c7fec1-fa3d-49fc-a937-f920154ad3c9,Saving a list,59299513-be08-4409-95f2-9db957b978ed,Corner,d41ee732-5f6c-4ded-96aa-58ac61967ec7,1,2,b4e5060d-57e2-493b-8b52-2d28e9384e2e,false,downloadableSrc,200,image/webp,163466,163466,697cf5c1d412fb58077645dd577be4fdcc836f3b1004da1ec0b4bc9e8569a123,1179,2676,,,bytescale.mobbin.com,f7a1807c1ac98ccf0eecf5078d61346ac9a94ca37a547f5708d580528c9e55c0,/Users/user/mobbin-sides/screen-flows/corner/044-corner-saving-a-list-41c7fec1-fa3d-49fc-a937-f920154ad3c9/002-b4e5060d-57e2-493b-8b52-2d28e9384e2e-downloadableSrc-697cf5c1d412.webp
7e49947f-4dc0-4304-96fd-b46a9f8d61c4,Similar lists,59299513-be08-4409-95f2-9db957b978ed,Corner,d41ee732-5f6c-4ded-96aa-58ac61967ec7,0,1,5febca75-9637-47ab-bbe3-9ced3e75e035,false,downloadableSrc,200,image/webp,162796,162796,787f338dbed88c7b7461d88cb4ae5ce9043d7fa11c45ec58319095a57aeedb41,1179,2676,,,bytescale.mobbin.com,f7a1807c1ac98ccf0eecf5078d61346ac9a94ca37a547f5708d580528c9e55c0,/Users/user/mobbin-sides/screen-flows/corner/045-corner-similar-lists-7e49947f-4dc0-4304-96fd-b46a9f8d61c4/001-5febca75-9637-47ab-bbe3-9ced3e75e035-downloadableSrc-787f338dbed8.webp
7e49947f-4dc0-4304-96fd-b46a9f8d61c4,Similar lists,59299513-be08-4409-95f2-9db957b978ed,Corner,d41ee732-5f6c-4ded-96aa-58ac61967ec7,1,2,b373bfce-8fc3-476f-96f4-d48fbe24c4f3,false,downloadableSrc,200,image/webp,164878,164878,2e4d9cb0505e8e353de39d414a8b76f6eb46661e87858063fddc3a234c74a7e1,1179,2676,,,bytescale.mobbin.com,f7a1807c1ac98ccf0eecf5078d61346ac9a94ca37a547f5708d580528c9e55c0,/Users/user/mobbin-sides/screen-flows/corner/045-corner-similar-lists-7e49947f-4dc0-4304-96fd-b46a9f8d61c4/002-b373bfce-8fc3-476f-96f4-d48fbe24c4f3-downloadableSrc-2e4d9cb0505e.webp
7e49947f-4dc0-4304-96fd-b46a9f8d61c4,Similar lists,59299513-be08-4409-95f2-9db957b978ed,Corner,d41ee732-5f6c-4ded-96aa-58ac61967ec7,2,3,f0a7cbb0-cfa5-4fb0-a9c0-6ce401980d8a,false,downloadableSrc,200,image/webp,152478,152478,81fc0bf214d40707e3c2b5739286e40f2c7ed03b6bcf539599135349f0ce9795,1179,2676,,,bytescale.mobbin.com,f7a1807c1ac98ccf0eecf5078d61346ac9a94ca37a547f5708d580528c9e55c0,/Users/user/mobbin-sides/screen-flows/corner/045-corner-similar-lists-7e49947f-4dc0-4304-96fd-b46a9f8d61c4/003-f0a7cbb0-cfa5-4fb0-a9c0-6ce401980d8a-downloadableSrc-81fc0bf214d4.webp
3ed07812-d573-4918-ab6b-dee9173bc4a2,Post detail,59299513-be08-4409-95f2-9db957b978ed,Corner,d41ee732-5f6c-4ded-96aa-58ac61967ec7,0,1,cce76543-0fa1-4f85-9202-4657124e6ac6,false,downloadableSrc,200,image/webp,268970,268970,5bbe631e24b846351ff26ac4d46e1ca61bc2c1aaf4cec2c0355b36e2db028ab0,1179,2676,,,bytescale.mobbin.com,f7a1807c1ac98ccf0eecf5078d61346ac9a94ca37a547f5708d580528c9e55c0,/Users/user/mobbin-sides/screen-flows/corner/046-corner-post-detail-3ed07812-d573-4918-ab6b-dee9173bc4a2/001-cce76543-0fa1-4f85-9202-4657124e6ac6-downloadableSrc-5bbe631e24b8.webp
3ed07812-d573-4918-ab6b-dee9173bc4a2,Post detail,59299513-be08-4409-95f2-9db957b978ed,Corner,d41ee732-5f6c-4ded-96aa-58ac61967ec7,1,2,7f9bb5dc-48a7-4216-aa1b-fef7273cc1ed,false,downloadableSrc,200,image/webp,232148,232148,e651c36f6f85fb869eef7c9982e23e83171826fd91d121589c49da7b4509a1bb,1179,2676,,,bytescale.mobbin.com,f7a1807c1ac98ccf0eecf5078d61346ac9a94ca37a547f5708d580528c9e55c0,/Users/user/mobbin-sides/screen-flows/corner/046-corner-post-detail-3ed07812-d573-4918-ab6b-dee9173bc4a2/002-7f9bb5dc-48a7-4216-aa1b-fef7273cc1ed-downloadableSrc-e651c36f6f85.webp
3ed07812-d573-4918-ab6b-dee9173bc4a2,Post detail,59299513-be08-4409-95f2-9db957b978ed,Corner,d41ee732-5f6c-4ded-96aa-58ac61967ec7,2,3,17d7f2fc-6a05-4c97-b2bb-6bde01c38e57,false,downloadableSrc,200,image/webp,196506,196506,bf3d180ec56bd217417e66d35b213e69e79e21c26ec5caae8f71b26e0fd701b5,1179,2676,,,bytescale.mobbin.com,f7a1807c1ac98ccf0eecf5078d61346ac9a94ca37a547f5708d580528c9e55c0,/Users/user/mobbin-sides/screen-flows/corner/046-corner-post-detail-3ed07812-d573-4918-ab6b-dee9173bc4a2/003-17d7f2fc-6a05-4c97-b2bb-6bde01c38e57-downloadableSrc-bf3d180ec56b.webp
8da7a584-6d44-444e-9269-4756ccf38a19,Searching Corner,59299513-be08-4409-95f2-9db957b978ed,Corner,d41ee732-5f6c-4ded-96aa-58ac61967ec7,0,1,1aaa327f-79f0-4e0b-9526-f7ee0cd8c2ec,false,downloadableSrc,200,image/webp,255592,255592,a7dee9ebce0a7c14acead9fb9198264e889fbb2079eace3dedb52bf6604d586d,1180,2676,,,bytescale.mobbin.com,f7a1807c1ac98ccf0eecf5078d61346ac9a94ca37a547f5708d580528c9e55c0,/Users/user/mobbin-sides/screen-flows/corner/047-corner-searching-corner-8da7a584-6d44-444e-9269-4756ccf38a19/001-1aaa327f-79f0-4e0b-9526-f7ee0cd8c2ec-downloadableSrc-a7dee9ebce0a.webp
8da7a584-6d44-444e-9269-4756ccf38a19,Searching Corner,59299513-be08-4409-95f2-9db957b978ed,Corner,d41ee732-5f6c-4ded-96aa-58ac61967ec7,1,2,2b758b3e-6f6e-4b84-a62d-30c28a739675,false,downloadableSrc,200,image/webp,89308,89308,8c9c71f831c839d206cf140cef0e02119ad5c1a252a56af716955170ee6aa65f,1180,2676,,,bytescale.mobbin.com,f7a1807c1ac98ccf0eecf5078d61346ac9a94ca37a547f5708d580528c9e55c0,/Users/user/mobbin-sides/screen-flows/corner/047-corner-searching-corner-8da7a584-6d44-444e-9269-4756ccf38a19/002-2b758b3e-6f6e-4b84-a62d-30c28a739675-downloadableSrc-8c9c71f831c8.webp
8da7a584-6d44-444e-9269-4756ccf38a19,Searching Corner,59299513-be08-4409-95f2-9db957b978ed,Corner,d41ee732-5f6c-4ded-96aa-58ac61967ec7,2,3,a4400c99-b9f0-48b0-815d-2c873c8bb633,false,downloadableSrc,200,image/webp,90028,90028,fed58c46d1c70c7ebc8f59148863484db87feeb0d27ee99160f11b420da370a9,1180,2676,,,bytescale.mobbin.com,f7a1807c1ac98ccf0eecf5078d61346ac9a94ca37a547f5708d580528c9e55c0,/Users/user/mobbin-sides/screen-flows/corner/047-corner-searching-corner-8da7a584-6d44-444e-9269-4756ccf38a19/003-a4400c99-b9f0-48b0-815d-2c873c8bb633-downloadableSrc-fed58c46d1c7.webp
8da7a584-6d44-444e-9269-4756ccf38a19,Searching Corner,59299513-be08-4409-95f2-9db957b978ed,Corner,d41ee732-5f6c-4ded-96aa-58ac61967ec7,3,4,080a773b-7548-4243-9fa3-55fd96a06d29,false,downloadableSrc,200,image/webp,115214,115214,33681026e138514630fca59654d0ebcf650d099637c253f11e069fb96369236c,1180,2676,,,bytescale.mobbin.com,f7a1807c1ac98ccf0eecf5078d61346ac9a94ca37a547f5708d580528c9e55c0,/Users/user/mobbin-sides/screen-flows/corner/047-corner-searching-corner-8da7a584-6d44-444e-9269-4756ccf38a19/004-080a773b-7548-4243-9fa3-55fd96a06d29-downloadableSrc-33681026e138.webp
8da7a584-6d44-444e-9269-4756ccf38a19,Searching Corner,59299513-be08-4409-95f2-9db957b978ed,Corner,d41ee732-5f6c-4ded-96aa-58ac61967ec7,4,5,a88d185b-e653-4e3c-85b5-094fcdf1256e,false,downloadableSrc,200,image/webp,181470,181470,e4dd4e2de6d13d4beda2afc475927ba25045355e976d922df444b5e26a602e8d,1180,2676,,,bytescale.mobbin.com,f7a1807c1ac98ccf0eecf5078d61346ac9a94ca37a547f5708d580528c9e55c0,/Users/user/mobbin-sides/screen-flows/corner/047-corner-searching-corner-8da7a584-6d44-444e-9269-4756ccf38a19/005-a88d185b-e653-4e3c-85b5-094fcdf1256e-downloadableSrc-e4dd4e2de6d1.webp
8da7a584-6d44-444e-9269-4756ccf38a19,Searching Corner,59299513-be08-4409-95f2-9db957b978ed,Corner,d41ee732-5f6c-4ded-96aa-58ac61967ec7,5,6,fa534e9b-b094-4698-a99d-d96a40e49e82,false,downloadableSrc,200,image/webp,163698,163698,031526b0524e2471bb6505fa80e003ed16640b31d496221d29e7df94bfd633e9,1180,2676,,,bytescale.mobbin.com,f7a1807c1ac98ccf0eecf5078d61346ac9a94ca37a547f5708d580528c9e55c0,/Users/user/mobbin-sides/screen-flows/corner/047-corner-searching-corner-8da7a584-6d44-444e-9269-4756ccf38a19/006-fa534e9b-b094-4698-a99d-d96a40e49e82-downloadableSrc-031526b0524e.webp
8da7a584-6d44-444e-9269-4756ccf38a19,Searching Corner,59299513-be08-4409-95f2-9db957b978ed,Corner,d41ee732-5f6c-4ded-96aa-58ac61967ec7,6,7,b1c6dd63-1861-4a8a-816d-f2721a604bd3,false,downloadableSrc,200,image/webp,176036,176036,a9a0332c89969b06de957b1f114722b299bfa566601dafa0d34b03c1ce9abda8,1180,2676,,,bytescale.mobbin.com,f7a1807c1ac98ccf0eecf5078d61346ac9a94ca37a547f5708d580528c9e55c0,/Users/user/mobbin-sides/screen-flows/corner/047-corner-searching-corner-8da7a584-6d44-444e-9269-4756ccf38a19/007-b1c6dd63-1861-4a8a-816d-f2721a604bd3-downloadableSrc-a9a0332c8996.webp
d9ed467c-3cd2-4f87-be28-3b96762ad079,Searching Corner (audio input),59299513-be08-4409-95f2-9db957b978ed,Corner,d41ee732-5f6c-4ded-96aa-58ac61967ec7,0,1,2b758b3e-6f6e-4b84-a62d-30c28a739675,false,downloadableSrc,200,image/webp,89308,89308,8c9c71f831c839d206cf140cef0e02119ad5c1a252a56af716955170ee6aa65f,1180,2676,,,bytescale.mobbin.com,f7a1807c1ac98ccf0eecf5078d61346ac9a94ca37a547f5708d580528c9e55c0,/Users/user/mobbin-sides/screen-flows/corner/048-corner-searching-corner-audio-input-d9ed467c-3cd2-4f87-be28-3b96762ad079/001-2b758b3e-6f6e-4b84-a62d-30c28a739675-downloadableSrc-8c9c71f831c8.webp
d9ed467c-3cd2-4f87-be28-3b96762ad079,Searching Corner (audio input),59299513-be08-4409-95f2-9db957b978ed,Corner,d41ee732-5f6c-4ded-96aa-58ac61967ec7,1,2,2fb2c0b0-6304-4429-ab95-b31eebc095ac,false,downloadableSrc,200,image/webp,71314,71314,a5dfd72232b56be717cb9b01c76257079754b4dc8376152ce617ecb69d81b315,1180,2676,,,bytescale.mobbin.com,f7a1807c1ac98ccf0eecf5078d61346ac9a94ca37a547f5708d580528c9e55c0,/Users/user/mobbin-sides/screen-flows/corner/048-corner-searching-corner-audio-input-d9ed467c-3cd2-4f87-be28-3b96762ad079/002-2fb2c0b0-6304-4429-ab95-b31eebc095ac-downloadableSrc-a5dfd72232b5.webp
d9ed467c-3cd2-4f87-be28-3b96762ad079,Searching Corner (audio input),59299513-be08-4409-95f2-9db957b978ed,Corner,d41ee732-5f6c-4ded-96aa-58ac61967ec7,2,3,7927b2f6-d5c6-4f1f-9a11-fb7a17a7f520,false,downloadableSrc,200,image/webp,71080,71080,228417f18f4173914b8a82b7224319374e56c0390f773d02d9f6bc49829350e6,1180,2676,,,bytescale.mobbin.com,f7a1807c1ac98ccf0eecf5078d61346ac9a94ca37a547f5708d580528c9e55c0,/Users/user/mobbin-sides/screen-flows/corner/048-corner-searching-corner-audio-input-d9ed467c-3cd2-4f87-be28-3b96762ad079/003-7927b2f6-d5c6-4f1f-9a11-fb7a17a7f520-downloadableSrc-228417f18f41.webp
d9ed467c-3cd2-4f87-be28-3b96762ad079,Searching Corner (audio input),59299513-be08-4409-95f2-9db957b978ed,Corner,d41ee732-5f6c-4ded-96aa-58ac61967ec7,3,4,61638a8e-aea3-4e9a-be26-94e3a723fde3,false,downloadableSrc,200,image/webp,71316,71316,2159b10ff3be47fdc6121298725a457605bdcec682d1dce7c357fd63360ae348,1180,2676,,,bytescale.mobbin.com,f7a1807c1ac98ccf0eecf5078d61346ac9a94ca37a547f5708d580528c9e55c0,/Users/user/mobbin-sides/screen-flows/corner/048-corner-searching-corner-audio-input-d9ed467c-3cd2-4f87-be28-3b96762ad079/004-61638a8e-aea3-4e9a-be26-94e3a723fde3-downloadableSrc-2159b10ff3be.webp
d9ed467c-3cd2-4f87-be28-3b96762ad079,Searching Corner (audio input),59299513-be08-4409-95f2-9db957b978ed,Corner,d41ee732-5f6c-4ded-96aa-58ac61967ec7,4,5,080a773b-7548-4243-9fa3-55fd96a06d29,false,downloadableSrc,200,image/webp,115214,115214,33681026e138514630fca59654d0ebcf650d099637c253f11e069fb96369236c,1180,2676,,,bytescale.mobbin.com,f7a1807c1ac98ccf0eecf5078d61346ac9a94ca37a547f5708d580528c9e55c0,/Users/user/mobbin-sides/screen-flows/corner/048-corner-searching-corner-audio-input-d9ed467c-3cd2-4f87-be28-3b96762ad079/005-080a773b-7548-4243-9fa3-55fd96a06d29-downloadableSrc-33681026e138.webp
d9ed467c-3cd2-4f87-be28-3b96762ad079,Searching Corner (audio input),59299513-be08-4409-95f2-9db957b978ed,Corner,d41ee732-5f6c-4ded-96aa-58ac61967ec7,5,6,a88d185b-e653-4e3c-85b5-094fcdf1256e,false,downloadableSrc,200,image/webp,181470,181470,e4dd4e2de6d13d4beda2afc475927ba25045355e976d922df444b5e26a602e8d,1180,2676,,,bytescale.mobbin.com,f7a1807c1ac98ccf0eecf5078d61346ac9a94ca37a547f5708d580528c9e55c0,/Users/user/mobbin-sides/screen-flows/corner/048-corner-searching-corner-audio-input-d9ed467c-3cd2-4f87-be28-3b96762ad079/006-a88d185b-e653-4e3c-85b5-094fcdf1256e-downloadableSrc-e4dd4e2de6d1.webp
c3870803-f549-4f08-99c7-c505233eab8e,Account,59299513-be08-4409-95f2-9db957b978ed,Corner,d41ee732-5f6c-4ded-96aa-58ac61967ec7,0,1,1aaa327f-79f0-4e0b-9526-f7ee0cd8c2ec,false,downloadableSrc,200,image/webp,255592,255592,a7dee9ebce0a7c14acead9fb9198264e889fbb2079eace3dedb52bf6604d586d,1180,2676,,,bytescale.mobbin.com,f7a1807c1ac98ccf0eecf5078d61346ac9a94ca37a547f5708d580528c9e55c0,/Users/user/mobbin-sides/screen-flows/corner/049-corner-account-c3870803-f549-4f08-99c7-c505233eab8e/001-1aaa327f-79f0-4e0b-9526-f7ee0cd8c2ec-downloadableSrc-a7dee9ebce0a.webp
c3870803-f549-4f08-99c7-c505233eab8e,Account,59299513-be08-4409-95f2-9db957b978ed,Corner,d41ee732-5f6c-4ded-96aa-58ac61967ec7,1,2,b29f00e1-1d0a-4aae-9cb1-ac349133acf4,false,downloadableSrc,200,image/webp,111906,111906,7b0569824eeecfb17eb1397f1f4c59464aef8bbe8260b1e100646a0968361134,1179,2676,,,bytescale.mobbin.com,f7a1807c1ac98ccf0eecf5078d61346ac9a94ca37a547f5708d580528c9e55c0,/Users/user/mobbin-sides/screen-flows/corner/049-corner-account-c3870803-f549-4f08-99c7-c505233eab8e/002-b29f00e1-1d0a-4aae-9cb1-ac349133acf4-downloadableSrc-7b0569824eee.webp
c3870803-f549-4f08-99c7-c505233eab8e,Account,59299513-be08-4409-95f2-9db957b978ed,Corner,d41ee732-5f6c-4ded-96aa-58ac61967ec7,2,3,1e69ca8b-d967-44e9-b467-70c65ff271f4,false,downloadableSrc,200,image/webp,183842,183842,1032bdccb806a4c6e616010e86b26882bee6688dae9e52c0a547614e4658f0b8,1179,2676,,,bytescale.mobbin.com,f7a1807c1ac98ccf0eecf5078d61346ac9a94ca37a547f5708d580528c9e55c0,/Users/user/mobbin-sides/screen-flows/corner/049-corner-account-c3870803-f549-4f08-99c7-c505233eab8e/003-1e69ca8b-d967-44e9-b467-70c65ff271f4-downloadableSrc-1032bdccb806.webp
c3870803-f549-4f08-99c7-c505233eab8e,Account,59299513-be08-4409-95f2-9db957b978ed,Corner,d41ee732-5f6c-4ded-96aa-58ac61967ec7,3,4,5a308545-d48e-432e-8ac4-ac2262630f39,false,downloadableSrc,200,image/webp,146478,146478,053a9bef56664e7209a9e141b30e267e0fb8a71d1642150beab645edb15dbc9d,1179,2676,,,bytescale.mobbin.com,f7a1807c1ac98ccf0eecf5078d61346ac9a94ca37a547f5708d580528c9e55c0,/Users/user/mobbin-sides/screen-flows/corner/049-corner-account-c3870803-f549-4f08-99c7-c505233eab8e/004-5a308545-d48e-432e-8ac4-ac2262630f39-downloadableSrc-053a9bef5666.webp
c3870803-f549-4f08-99c7-c505233eab8e,Account,59299513-be08-4409-95f2-9db957b978ed,Corner,d41ee732-5f6c-4ded-96aa-58ac61967ec7,4,5,6e8107cb-8213-4a4f-ab8d-ee333d6b018f,false,downloadableSrc,200,image/webp,185930,185930,a9a46c2cc2e7cbf09c07b26e23d1d2113390e80618784afcb41c4180d793eb92,1179,2676,,,bytescale.mobbin.com,f7a1807c1ac98ccf0eecf5078d61346ac9a94ca37a547f5708d580528c9e55c0,/Users/user/mobbin-sides/screen-flows/corner/049-corner-account-c3870803-f549-4f08-99c7-c505233eab8e/005-6e8107cb-8213-4a4f-ab8d-ee333d6b018f-downloadableSrc-a9a46c2cc2e7.webp
c3870803-f549-4f08-99c7-c505233eab8e,Account,59299513-be08-4409-95f2-9db957b978ed,Corner,d41ee732-5f6c-4ded-96aa-58ac61967ec7,5,6,056874dd-b7e2-4449-a14d-59c4bb03ae60,false,downloadableSrc,200,image/webp,132946,132946,8766e5fefe3735835e58abc41b4fc4011b3ae2b420b0404bd9aa3497393cb3b9,1179,2676,,,bytescale.mobbin.com,f7a1807c1ac98ccf0eecf5078d61346ac9a94ca37a547f5708d580528c9e55c0,/Users/user/mobbin-sides/screen-flows/corner/049-corner-account-c3870803-f549-4f08-99c7-c505233eab8e/006-056874dd-b7e2-4449-a14d-59c4bb03ae60-downloadableSrc-8766e5fefe37.webp
c3870803-f549-4f08-99c7-c505233eab8e,Account,59299513-be08-4409-95f2-9db957b978ed,Corner,d41ee732-5f6c-4ded-96aa-58ac61967ec7,6,7,41ba0601-b240-42f7-8c59-999f2ba4bc8f,false,downloadableSrc,200,image/webp,127416,127416,ac74ecf99f9b5e02408d561d6154b144c9fdf70ebe2bcf5476b19e8413dd43be,1179,2676,,,bytescale.mobbin.com,f7a1807c1ac98ccf0eecf5078d61346ac9a94ca37a547f5708d580528c9e55c0,/Users/user/mobbin-sides/screen-flows/corner/049-corner-account-c3870803-f549-4f08-99c7-c505233eab8e/007-41ba0601-b240-42f7-8c59-999f2ba4bc8f-downloadableSrc-ac74ecf99f9b.webp
aaf63335-ba8b-4f2d-86fa-d2ab97d97800,Streak detail,59299513-be08-4409-95f2-9db957b978ed,Corner,d41ee732-5f6c-4ded-96aa-58ac61967ec7,0,1,1e69ca8b-d967-44e9-b467-70c65ff271f4,false,downloadableSrc,200,image/webp,183842,183842,1032bdccb806a4c6e616010e86b26882bee6688dae9e52c0a547614e4658f0b8,1179,2676,,,bytescale.mobbin.com,f7a1807c1ac98ccf0eecf5078d61346ac9a94ca37a547f5708d580528c9e55c0,/Users/user/mobbin-sides/screen-flows/corner/050-corner-streak-detail-aaf63335-ba8b-4f2d-86fa-d2ab97d97800/001-1e69ca8b-d967-44e9-b467-70c65ff271f4-downloadableSrc-1032bdccb806.webp
aaf63335-ba8b-4f2d-86fa-d2ab97d97800,Streak detail,59299513-be08-4409-95f2-9db957b978ed,Corner,d41ee732-5f6c-4ded-96aa-58ac61967ec7,1,2,c830db36-39ff-463a-9ebc-e82aba787dec,false,downloadableSrc,200,image/webp,152430,152430,2c623319e4d9550b8f4195623e61500e28c25db404f3ba4cf2b53b701649574b,1179,2676,,,bytescale.mobbin.com,f7a1807c1ac98ccf0eecf5078d61346ac9a94ca37a547f5708d580528c9e55c0,/Users/user/mobbin-sides/screen-flows/corner/050-corner-streak-detail-aaf63335-ba8b-4f2d-86fa-d2ab97d97800/002-c830db36-39ff-463a-9ebc-e82aba787dec-downloadableSrc-2c623319e4d9.webp
7f5e013e-e791-43a8-b289-597b0d69f627,Places,59299513-be08-4409-95f2-9db957b978ed,Corner,d41ee732-5f6c-4ded-96aa-58ac61967ec7,0,1,1e69ca8b-d967-44e9-b467-70c65ff271f4,false,downloadableSrc,200,image/webp,183842,183842,1032bdccb806a4c6e616010e86b26882bee6688dae9e52c0a547614e4658f0b8,1179,2676,,,bytescale.mobbin.com,f7a1807c1ac98ccf0eecf5078d61346ac9a94ca37a547f5708d580528c9e55c0,/Users/user/mobbin-sides/screen-flows/corner/051-corner-places-7f5e013e-e791-43a8-b289-597b0d69f627/001-1e69ca8b-d967-44e9-b467-70c65ff271f4-downloadableSrc-1032bdccb806.webp
7f5e013e-e791-43a8-b289-597b0d69f627,Places,59299513-be08-4409-95f2-9db957b978ed,Corner,d41ee732-5f6c-4ded-96aa-58ac61967ec7,1,2,e59f67c7-363b-4704-b225-a4c0f8ff2105,false,downloadableSrc,200,image/webp,81816,81816,8ee7d089fcc6e512e92b9d3024c89ffbb75953dde3596801a9d8bd1c564b44a3,1179,2676,,,bytescale.mobbin.com,f7a1807c1ac98ccf0eecf5078d61346ac9a94ca37a547f5708d580528c9e55c0,/Users/user/mobbin-sides/screen-flows/corner/051-corner-places-7f5e013e-e791-43a8-b289-597b0d69f627/002-e59f67c7-363b-4704-b225-a4c0f8ff2105-downloadableSrc-8ee7d089fcc6.webp
7f5e013e-e791-43a8-b289-597b0d69f627,Places,59299513-be08-4409-95f2-9db957b978ed,Corner,d41ee732-5f6c-4ded-96aa-58ac61967ec7,2,3,74cc935e-2d23-4f24-921b-1377b9508eb5,false,downloadableSrc,200,image/webp,250786,250786,b4b77d6b2088024df0cdc44f8932eab16b56327d8c28885d0256483970ad1838,1179,2676,,,bytescale.mobbin.com,f7a1807c1ac98ccf0eecf5078d61346ac9a94ca37a547f5708d580528c9e55c0,/Users/user/mobbin-sides/screen-flows/corner/051-corner-places-7f5e013e-e791-43a8-b289-597b0d69f627/003-74cc935e-2d23-4f24-921b-1377b9508eb5-downloadableSrc-b4b77d6b2088.webp
7f5e013e-e791-43a8-b289-597b0d69f627,Places,59299513-be08-4409-95f2-9db957b978ed,Corner,d41ee732-5f6c-4ded-96aa-58ac61967ec7,3,4,f3fd6510-7bf9-425e-949e-61df09ad898a,false,downloadableSrc,200,image/webp,143456,143456,16c2af143f6ea149a0a145c2dec7298936187ae57ce41d58040e35d88b50de3b,1179,2676,,,bytescale.mobbin.com,f7a1807c1ac98ccf0eecf5078d61346ac9a94ca37a547f5708d580528c9e55c0,/Users/user/mobbin-sides/screen-flows/corner/051-corner-places-7f5e013e-e791-43a8-b289-597b0d69f627/004-f3fd6510-7bf9-425e-949e-61df09ad898a-downloadableSrc-16c2af143f6e.webp
56bfb3e6-576f-4a60-9236-4664c504fcca,List detail (Account),59299513-be08-4409-95f2-9db957b978ed,Corner,d41ee732-5f6c-4ded-96aa-58ac61967ec7,0,1,6e8107cb-8213-4a4f-ab8d-ee333d6b018f,false,downloadableSrc,200,image/webp,185930,185930,a9a46c2cc2e7cbf09c07b26e23d1d2113390e80618784afcb41c4180d793eb92,1179,2676,,,bytescale.mobbin.com,f7a1807c1ac98ccf0eecf5078d61346ac9a94ca37a547f5708d580528c9e55c0,/Users/user/mobbin-sides/screen-flows/corner/052-corner-list-detail-account-56bfb3e6-576f-4a60-9236-4664c504fcca/001-6e8107cb-8213-4a4f-ab8d-ee333d6b018f-downloadableSrc-a9a46c2cc2e7.webp
56bfb3e6-576f-4a60-9236-4664c504fcca,List detail (Account),59299513-be08-4409-95f2-9db957b978ed,Corner,d41ee732-5f6c-4ded-96aa-58ac61967ec7,1,2,b87f20a4-8a84-415c-8ab4-35382ef05e36,false,downloadableSrc,200,image/webp,87384,87384,30b6fcacfc6a9fe050e2a50523935b1b09b2e3a33f9b944262691bcc8cccebfc,1179,2676,,,bytescale.mobbin.com,f7a1807c1ac98ccf0eecf5078d61346ac9a94ca37a547f5708d580528c9e55c0,/Users/user/mobbin-sides/screen-flows/corner/052-corner-list-detail-account-56bfb3e6-576f-4a60-9236-4664c504fcca/002-b87f20a4-8a84-415c-8ab4-35382ef05e36-downloadableSrc-30b6fcacfc6a.webp
56bfb3e6-576f-4a60-9236-4664c504fcca,List detail (Account),59299513-be08-4409-95f2-9db957b978ed,Corner,d41ee732-5f6c-4ded-96aa-58ac61967ec7,2,3,e49ac0a3-330a-4d36-8bbe-e5b186493784,false,downloadableSrc,200,image/webp,177336,177336,a6556b0deb709b6c998c5fa6e410535b25debf969d8f32a0a6dd1584315a27f7,1179,2676,,,bytescale.mobbin.com,f7a1807c1ac98ccf0eecf5078d61346ac9a94ca37a547f5708d580528c9e55c0,/Users/user/mobbin-sides/screen-flows/corner/052-corner-list-detail-account-56bfb3e6-576f-4a60-9236-4664c504fcca/003-e49ac0a3-330a-4d36-8bbe-e5b186493784-downloadableSrc-a6556b0deb70.webp
26c4230e-59e9-4d9b-8e59-b51978168c99,Add collaborators,59299513-be08-4409-95f2-9db957b978ed,Corner,d41ee732-5f6c-4ded-96aa-58ac61967ec7,0,1,b87f20a4-8a84-415c-8ab4-35382ef05e36,false,downloadableSrc,200,image/webp,87384,87384,30b6fcacfc6a9fe050e2a50523935b1b09b2e3a33f9b944262691bcc8cccebfc,1179,2676,,,bytescale.mobbin.com,f7a1807c1ac98ccf0eecf5078d61346ac9a94ca37a547f5708d580528c9e55c0,/Users/user/mobbin-sides/screen-flows/corner/053-corner-add-collaborators-26c4230e-59e9-4d9b-8e59-b51978168c99/001-b87f20a4-8a84-415c-8ab4-35382ef05e36-downloadableSrc-30b6fcacfc6a.webp
26c4230e-59e9-4d9b-8e59-b51978168c99,Add collaborators,59299513-be08-4409-95f2-9db957b978ed,Corner,d41ee732-5f6c-4ded-96aa-58ac61967ec7,1,2,d32eb390-7ad4-46d8-bfa7-42865706253a,false,downloadableSrc,200,image/webp,83290,83290,be2c16416b76d5227b72544e654840ff2f1c9d2e41c3e0c35fadb67cc023ecb8,1179,2676,,,bytescale.mobbin.com,f7a1807c1ac98ccf0eecf5078d61346ac9a94ca37a547f5708d580528c9e55c0,/Users/user/mobbin-sides/screen-flows/corner/053-corner-add-collaborators-26c4230e-59e9-4d9b-8e59-b51978168c99/002-d32eb390-7ad4-46d8-bfa7-42865706253a-downloadableSrc-be2c16416b76.webp
d37bac7e-62d8-4c62-9720-39a0bc19cd8e,Editing a list,59299513-be08-4409-95f2-9db957b978ed,Corner,d41ee732-5f6c-4ded-96aa-58ac61967ec7,0,1,e49ac0a3-330a-4d36-8bbe-e5b186493784,false,downloadableSrc,200,image/webp,177336,177336,a6556b0deb709b6c998c5fa6e410535b25debf969d8f32a0a6dd1584315a27f7,1179,2676,,,bytescale.mobbin.com,f7a1807c1ac98ccf0eecf5078d61346ac9a94ca37a547f5708d580528c9e55c0,/Users/user/mobbin-sides/screen-flows/corner/054-corner-editing-a-list-d37bac7e-62d8-4c62-9720-39a0bc19cd8e/001-e49ac0a3-330a-4d36-8bbe-e5b186493784-downloadableSrc-a6556b0deb70.webp
d37bac7e-62d8-4c62-9720-39a0bc19cd8e,Editing a list,59299513-be08-4409-95f2-9db957b978ed,Corner,d41ee732-5f6c-4ded-96aa-58ac61967ec7,1,2,090a5e5d-fbe6-44e0-9583-77202a224b1c,false,downloadableSrc,200,image/webp,128180,128180,8aaaef3c7c76e4b6234d4688c73f56eecd71aa0fd08f3f50138eeec95049d127,1179,2676,,,bytescale.mobbin.com,f7a1807c1ac98ccf0eecf5078d61346ac9a94ca37a547f5708d580528c9e55c0,/Users/user/mobbin-sides/screen-flows/corner/054-corner-editing-a-list-d37bac7e-62d8-4c62-9720-39a0bc19cd8e/002-090a5e5d-fbe6-44e0-9583-77202a224b1c-downloadableSrc-8aaaef3c7c76.webp
d37bac7e-62d8-4c62-9720-39a0bc19cd8e,Editing a list,59299513-be08-4409-95f2-9db957b978ed,Corner,d41ee732-5f6c-4ded-96aa-58ac61967ec7,2,3,45922905-1af0-49d5-a67c-b3820237b927,false,downloadableSrc,200,image/webp,127966,127966,492e122b177e91757103bdb9bbdbc8593a3df78f564b45db6d892588a7d40912,1179,2676,,,bytescale.mobbin.com,f7a1807c1ac98ccf0eecf5078d61346ac9a94ca37a547f5708d580528c9e55c0,/Users/user/mobbin-sides/screen-flows/corner/054-corner-editing-a-list-d37bac7e-62d8-4c62-9720-39a0bc19cd8e/003-45922905-1af0-49d5-a67c-b3820237b927-downloadableSrc-492e122b177e.webp
d37bac7e-62d8-4c62-9720-39a0bc19cd8e,Editing a list,59299513-be08-4409-95f2-9db957b978ed,Corner,d41ee732-5f6c-4ded-96aa-58ac61967ec7,3,4,9bbbf30d-7433-4955-8834-3a6c7fcf2a57,false,downloadableSrc,200,image/webp,181192,181192,13d73b96b15ec8fa0e6711008407cf37e8b913db81b7cb38922a0aa9849061a1,1179,2676,,,bytescale.mobbin.com,f7a1807c1ac98ccf0eecf5078d61346ac9a94ca37a547f5708d580528c9e55c0,/Users/user/mobbin-sides/screen-flows/corner/054-corner-editing-a-list-d37bac7e-62d8-4c62-9720-39a0bc19cd8e/004-9bbbf30d-7433-4955-8834-3a6c7fcf2a57-downloadableSrc-13d73b96b15e.webp
03534056-2286-40d3-a4b6-7f372bb75e68,Deleting a list,59299513-be08-4409-95f2-9db957b978ed,Corner,d41ee732-5f6c-4ded-96aa-58ac61967ec7,0,1,45922905-1af0-49d5-a67c-b3820237b927,false,downloadableSrc,200,image/webp,127966,127966,492e122b177e91757103bdb9bbdbc8593a3df78f564b45db6d892588a7d40912,1179,2676,,,bytescale.mobbin.com,f7a1807c1ac98ccf0eecf5078d61346ac9a94ca37a547f5708d580528c9e55c0,/Users/user/mobbin-sides/screen-flows/corner/055-corner-deleting-a-list-03534056-2286-40d3-a4b6-7f372bb75e68/001-45922905-1af0-49d5-a67c-b3820237b927-downloadableSrc-492e122b177e.webp
03534056-2286-40d3-a4b6-7f372bb75e68,Deleting a list,59299513-be08-4409-95f2-9db957b978ed,Corner,d41ee732-5f6c-4ded-96aa-58ac61967ec7,1,2,153c74ef-2d72-4406-bfb6-1a99238c012b,false,downloadableSrc,200,image/webp,73982,73982,dfe9faa9f166a031e3d711c7b02333e0f9664e73a3f5a1331170d870ca46e38f,1179,2676,,,bytescale.mobbin.com,f7a1807c1ac98ccf0eecf5078d61346ac9a94ca37a547f5708d580528c9e55c0,/Users/user/mobbin-sides/screen-flows/corner/055-corner-deleting-a-list-03534056-2286-40d3-a4b6-7f372bb75e68/002-153c74ef-2d72-4406-bfb6-1a99238c012b-downloadableSrc-dfe9faa9f166.webp
03534056-2286-40d3-a4b6-7f372bb75e68,Deleting a list,59299513-be08-4409-95f2-9db957b978ed,Corner,d41ee732-5f6c-4ded-96aa-58ac61967ec7,2,3,b8d652f7-89bc-48c3-b632-9d4ccf813437,false,downloadableSrc,200,image/webp,135418,135418,3c8366aa420e16cb831e3ce607323030369d12e597b4a32d22bb21b200287031,1179,2676,,,bytescale.mobbin.com,f7a1807c1ac98ccf0eecf5078d61346ac9a94ca37a547f5708d580528c9e55c0,/Users/user/mobbin-sides/screen-flows/corner/055-corner-deleting-a-list-03534056-2286-40d3-a4b6-7f372bb75e68/003-b8d652f7-89bc-48c3-b632-9d4ccf813437-downloadableSrc-3c8366aa420e.webp
a81e11e3-6229-4ee3-aec3-0212168aaa8e,Settings,59299513-be08-4409-95f2-9db957b978ed,Corner,d41ee732-5f6c-4ded-96aa-58ac61967ec7,0,1,1e69ca8b-d967-44e9-b467-70c65ff271f4,false,downloadableSrc,200,image/webp,183842,183842,1032bdccb806a4c6e616010e86b26882bee6688dae9e52c0a547614e4658f0b8,1179,2676,,,bytescale.mobbin.com,f7a1807c1ac98ccf0eecf5078d61346ac9a94ca37a547f5708d580528c9e55c0,/Users/user/mobbin-sides/screen-flows/corner/056-corner-settings-a81e11e3-6229-4ee3-aec3-0212168aaa8e/001-1e69ca8b-d967-44e9-b467-70c65ff271f4-downloadableSrc-1032bdccb806.webp
a81e11e3-6229-4ee3-aec3-0212168aaa8e,Settings,59299513-be08-4409-95f2-9db957b978ed,Corner,d41ee732-5f6c-4ded-96aa-58ac61967ec7,1,2,5a7065a2-1763-4352-871a-aefd9b9edfef,false,downloadableSrc,200,image/webp,62616,62616,ecd33255888a06812682b79d5720f2fca37642a00cf89c237e8634c39dbaf7e5,1179,2676,,,bytescale.mobbin.com,f7a1807c1ac98ccf0eecf5078d61346ac9a94ca37a547f5708d580528c9e55c0,/Users/user/mobbin-sides/screen-flows/corner/056-corner-settings-a81e11e3-6229-4ee3-aec3-0212168aaa8e/002-5a7065a2-1763-4352-871a-aefd9b9edfef-downloadableSrc-ecd33255888a.webp
a81e11e3-6229-4ee3-aec3-0212168aaa8e,Settings,59299513-be08-4409-95f2-9db957b978ed,Corner,d41ee732-5f6c-4ded-96aa-58ac61967ec7,2,3,12b6f113-bed6-4fb9-9523-f05f4a1c64d1,false,downloadableSrc,200,image/webp,58030,58030,f695e924c61235da2c4caa75b3c0d9cc9186eeefc9243cfbde7b8850d17db6ca,1179,2676,,,bytescale.mobbin.com,f7a1807c1ac98ccf0eecf5078d61346ac9a94ca37a547f5708d580528c9e55c0,/Users/user/mobbin-sides/screen-flows/corner/056-corner-settings-a81e11e3-6229-4ee3-aec3-0212168aaa8e/003-12b6f113-bed6-4fb9-9523-f05f4a1c64d1-downloadableSrc-f695e924c612.webp
84c50f45-4382-483d-8ded-ecc8028ce0d6,Editing profile,59299513-be08-4409-95f2-9db957b978ed,Corner,d41ee732-5f6c-4ded-96aa-58ac61967ec7,0,1,5a7065a2-1763-4352-871a-aefd9b9edfef,false,downloadableSrc,200,image/webp,62616,62616,ecd33255888a06812682b79d5720f2fca37642a00cf89c237e8634c39dbaf7e5,1179,2676,,,bytescale.mobbin.com,f7a1807c1ac98ccf0eecf5078d61346ac9a94ca37a547f5708d580528c9e55c0,/Users/user/mobbin-sides/screen-flows/corner/057-corner-editing-profile-84c50f45-4382-483d-8ded-ecc8028ce0d6/001-5a7065a2-1763-4352-871a-aefd9b9edfef-downloadableSrc-ecd33255888a.webp
84c50f45-4382-483d-8ded-ecc8028ce0d6,Editing profile,59299513-be08-4409-95f2-9db957b978ed,Corner,d41ee732-5f6c-4ded-96aa-58ac61967ec7,1,2,61b5c11f-6a1a-496c-abdc-a5f028c545b2,false,downloadableSrc,200,image/webp,53592,53592,5b57c17fb14d7bd231999f01646f7e79a07442d11e7975c66b4a060ec215a7d1,1179,2676,,,bytescale.mobbin.com,f7a1807c1ac98ccf0eecf5078d61346ac9a94ca37a547f5708d580528c9e55c0,/Users/user/mobbin-sides/screen-flows/corner/057-corner-editing-profile-84c50f45-4382-483d-8ded-ecc8028ce0d6/002-61b5c11f-6a1a-496c-abdc-a5f028c545b2-downloadableSrc-5b57c17fb14d.webp
84c50f45-4382-483d-8ded-ecc8028ce0d6,Editing profile,59299513-be08-4409-95f2-9db957b978ed,Corner,d41ee732-5f6c-4ded-96aa-58ac61967ec7,2,3,43c6358a-38e8-47b6-9485-dec560675d40,false,downloadableSrc,200,image/webp,53798,53798,b3daedae743a876a4b047bdfb8f29e55fe0788008fc50e220f37a04289cd92e9,1179,2676,,,bytescale.mobbin.com,f7a1807c1ac98ccf0eecf5078d61346ac9a94ca37a547f5708d580528c9e55c0,/Users/user/mobbin-sides/screen-flows/corner/057-corner-editing-profile-84c50f45-4382-483d-8ded-ecc8028ce0d6/003-43c6358a-38e8-47b6-9485-dec560675d40-downloadableSrc-b3daedae743a.webp
84c50f45-4382-483d-8ded-ecc8028ce0d6,Editing profile,59299513-be08-4409-95f2-9db957b978ed,Corner,d41ee732-5f6c-4ded-96aa-58ac61967ec7,3,4,31a89861-0168-4bc6-89f2-b0c8f5a4b0c9,false,downloadableSrc,200,image/webp,185010,185010,587e63dc946342a20622b7d82367220dcfa5938282bf6e48ff51893bdf793782,1179,2676,,,bytescale.mobbin.com,f7a1807c1ac98ccf0eecf5078d61346ac9a94ca37a547f5708d580528c9e55c0,/Users/user/mobbin-sides/screen-flows/corner/057-corner-editing-profile-84c50f45-4382-483d-8ded-ecc8028ce0d6/004-31a89861-0168-4bc6-89f2-b0c8f5a4b0c9-downloadableSrc-587e63dc9463.webp
0af37bea-cd3f-401d-b1b8-8bc4ee11f3ea,Turning off feature my content,59299513-be08-4409-95f2-9db957b978ed,Corner,d41ee732-5f6c-4ded-96aa-58ac61967ec7,0,1,12b6f113-bed6-4fb9-9523-f05f4a1c64d1,false,downloadableSrc,200,image/webp,58030,58030,f695e924c61235da2c4caa75b3c0d9cc9186eeefc9243cfbde7b8850d17db6ca,1179,2676,,,bytescale.mobbin.com,f7a1807c1ac98ccf0eecf5078d61346ac9a94ca37a547f5708d580528c9e55c0,/Users/user/mobbin-sides/screen-flows/corner/058-corner-turning-off-feature-my-content-0af37bea-cd3f-401d-b1b8-8bc4ee11f3ea/001-12b6f113-bed6-4fb9-9523-f05f4a1c64d1-downloadableSrc-f695e924c612.webp
0af37bea-cd3f-401d-b1b8-8bc4ee11f3ea,Turning off feature my content,59299513-be08-4409-95f2-9db957b978ed,Corner,d41ee732-5f6c-4ded-96aa-58ac61967ec7,1,2,ba152bba-c8cb-4a7e-976b-2504fc9cd71c,false,downloadableSrc,200,image/webp,52256,52256,794bf9515330c5af65914a302e3956ea833475e68d88cc8c523162999516e1db,1179,2676,,,bytescale.mobbin.com,f7a1807c1ac98ccf0eecf5078d61346ac9a94ca37a547f5708d580528c9e55c0,/Users/user/mobbin-sides/screen-flows/corner/058-corner-turning-off-feature-my-content-0af37bea-cd3f-401d-b1b8-8bc4ee11f3ea/002-ba152bba-c8cb-4a7e-976b-2504fc9cd71c-downloadableSrc-794bf9515330.webp
cd879e91-6876-4be7-992a-00975c946ed8,Turning off a notification,59299513-be08-4409-95f2-9db957b978ed,Corner,d41ee732-5f6c-4ded-96aa-58ac61967ec7,0,1,12b6f113-bed6-4fb9-9523-f05f4a1c64d1,false,downloadableSrc,200,image/webp,58030,58030,f695e924c61235da2c4caa75b3c0d9cc9186eeefc9243cfbde7b8850d17db6ca,1179,2676,,,bytescale.mobbin.com,f7a1807c1ac98ccf0eecf5078d61346ac9a94ca37a547f5708d580528c9e55c0,/Users/user/mobbin-sides/screen-flows/corner/059-corner-turning-off-a-notification-cd879e91-6876-4be7-992a-00975c946ed8/001-12b6f113-bed6-4fb9-9523-f05f4a1c64d1-downloadableSrc-f695e924c612.webp
cd879e91-6876-4be7-992a-00975c946ed8,Turning off a notification,59299513-be08-4409-95f2-9db957b978ed,Corner,d41ee732-5f6c-4ded-96aa-58ac61967ec7,1,2,7e986e31-d3da-4f70-b2d4-bf15b55ee9b2,false,downloadableSrc,200,image/webp,104802,104802,e5cdd83e36ccb917da276dfbd5e54297305e9aa06f15a407ed0bdb427b53d704,1179,2676,,,bytescale.mobbin.com,f7a1807c1ac98ccf0eecf5078d61346ac9a94ca37a547f5708d580528c9e55c0,/Users/user/mobbin-sides/screen-flows/corner/059-corner-turning-off-a-notification-cd879e91-6876-4be7-992a-00975c946ed8/002-7e986e31-d3da-4f70-b2d4-bf15b55ee9b2-downloadableSrc-e5cdd83e36cc.webp
cd879e91-6876-4be7-992a-00975c946ed8,Turning off a notification,59299513-be08-4409-95f2-9db957b978ed,Corner,d41ee732-5f6c-4ded-96aa-58ac61967ec7,2,3,c108cec7-a79a-4736-8142-150094980938,false,downloadableSrc,200,image/webp,104596,104596,a898b381a6bdd533c373060f33da5702e6028ad5534ab72136271dadf4d8191d,1179,2676,,,bytescale.mobbin.com,f7a1807c1ac98ccf0eecf5078d61346ac9a94ca37a547f5708d580528c9e55c0,/Users/user/mobbin-sides/screen-flows/corner/059-corner-turning-off-a-notification-cd879e91-6876-4be7-992a-00975c946ed8/003-c108cec7-a79a-4736-8142-150094980938-downloadableSrc-a898b381a6bd.webp
77ffa678-1a60-466f-b704-c67070fdf4d7,Giving feedback,59299513-be08-4409-95f2-9db957b978ed,Corner,d41ee732-5f6c-4ded-96aa-58ac61967ec7,0,1,12b6f113-bed6-4fb9-9523-f05f4a1c64d1,false,downloadableSrc,200,image/webp,58030,58030,f695e924c61235da2c4caa75b3c0d9cc9186eeefc9243cfbde7b8850d17db6ca,1179,2676,,,bytescale.mobbin.com,f7a1807c1ac98ccf0eecf5078d61346ac9a94ca37a547f5708d580528c9e55c0,/Users/user/mobbin-sides/screen-flows/corner/060-corner-giving-feedback-77ffa678-1a60-466f-b704-c67070fdf4d7/001-12b6f113-bed6-4fb9-9523-f05f4a1c64d1-downloadableSrc-f695e924c612.webp
77ffa678-1a60-466f-b704-c67070fdf4d7,Giving feedback,59299513-be08-4409-95f2-9db957b978ed,Corner,d41ee732-5f6c-4ded-96aa-58ac61967ec7,1,2,c7ea37b2-f1f2-45c0-8e65-6593ed5a8ea3,false,downloadableSrc,200,image/webp,56766,56766,6a31625d68612b5a8cc5b62fc54754ad63228d431dd52a069a561d5c4fe303bf,1179,2676,,,bytescale.mobbin.com,f7a1807c1ac98ccf0eecf5078d61346ac9a94ca37a547f5708d580528c9e55c0,/Users/user/mobbin-sides/screen-flows/corner/060-corner-giving-feedback-77ffa678-1a60-466f-b704-c67070fdf4d7/002-c7ea37b2-f1f2-45c0-8e65-6593ed5a8ea3-downloadableSrc-6a31625d6861.webp
77ffa678-1a60-466f-b704-c67070fdf4d7,Giving feedback,59299513-be08-4409-95f2-9db957b978ed,Corner,d41ee732-5f6c-4ded-96aa-58ac61967ec7,2,3,beae18f7-ab4a-4922-8a7b-b85d607b9356,false,downloadableSrc,200,image/webp,56584,56584,4884ca9d1882d82d7cba514a550620ad879519d5aa42d2e5e928b3f42c70e793,1179,2676,,,bytescale.mobbin.com,f7a1807c1ac98ccf0eecf5078d61346ac9a94ca37a547f5708d580528c9e55c0,/Users/user/mobbin-sides/screen-flows/corner/060-corner-giving-feedback-77ffa678-1a60-466f-b704-c67070fdf4d7/003-beae18f7-ab4a-4922-8a7b-b85d607b9356-downloadableSrc-4884ca9d1882.webp
77ffa678-1a60-466f-b704-c67070fdf4d7,Giving feedback,59299513-be08-4409-95f2-9db957b978ed,Corner,d41ee732-5f6c-4ded-96aa-58ac61967ec7,3,4,36c019ad-bb24-4ad1-9062-4f44a907aeb0,false,downloadableSrc,200,image/webp,62302,62302,6477b5fac365bf89fbd75dc051cb0592b0fd16c758295f8797a0cb790a1ee4d2,1179,2676,,,bytescale.mobbin.com,f7a1807c1ac98ccf0eecf5078d61346ac9a94ca37a547f5708d580528c9e55c0,/Users/user/mobbin-sides/screen-flows/corner/060-corner-giving-feedback-77ffa678-1a60-466f-b704-c67070fdf4d7/004-36c019ad-bb24-4ad1-9062-4f44a907aeb0-downloadableSrc-6477b5fac365.webp
6edfc4ed-1490-428d-aa75-6c41ba530b25,Logging out,59299513-be08-4409-95f2-9db957b978ed,Corner,d41ee732-5f6c-4ded-96aa-58ac61967ec7,0,1,12b6f113-bed6-4fb9-9523-f05f4a1c64d1,false,downloadableSrc,200,image/webp,58030,58030,f695e924c61235da2c4caa75b3c0d9cc9186eeefc9243cfbde7b8850d17db6ca,1179,2676,,,bytescale.mobbin.com,f7a1807c1ac98ccf0eecf5078d61346ac9a94ca37a547f5708d580528c9e55c0,/Users/user/mobbin-sides/screen-flows/corner/061-corner-logging-out-6edfc4ed-1490-428d-aa75-6c41ba530b25/001-12b6f113-bed6-4fb9-9523-f05f4a1c64d1-downloadableSrc-f695e924c612.webp
6edfc4ed-1490-428d-aa75-6c41ba530b25,Logging out,59299513-be08-4409-95f2-9db957b978ed,Corner,d41ee732-5f6c-4ded-96aa-58ac61967ec7,1,2,60e32b6c-1039-4628-8ac9-5f5217d53735,false,downloadableSrc,200,image/webp,60132,60132,8da0448f17b294487850322a11bc2e594e0046003175351858cbd668869aabf4,1179,2676,,,bytescale.mobbin.com,f7a1807c1ac98ccf0eecf5078d61346ac9a94ca37a547f5708d580528c9e55c0,/Users/user/mobbin-sides/screen-flows/corner/061-corner-logging-out-6edfc4ed-1490-428d-aa75-6c41ba530b25/002-60e32b6c-1039-4628-8ac9-5f5217d53735-downloadableSrc-8da0448f17b2.webp
6edfc4ed-1490-428d-aa75-6c41ba530b25,Logging out,59299513-be08-4409-95f2-9db957b978ed,Corner,d41ee732-5f6c-4ded-96aa-58ac61967ec7,2,3,03759c3a-644e-4276-8bce-2ae008304e4b,false,downloadableSrc,200,image/webp,53420,53420,6609aa658a96f9cd7d6b2f9936d409139960fb512cae3d006c840ca5b6472ccd,1180,2676,,,bytescale.mobbin.com,f7a1807c1ac98ccf0eecf5078d61346ac9a94ca37a547f5708d580528c9e55c0,/Users/user/mobbin-sides/screen-flows/corner/061-corner-logging-out-6edfc4ed-1490-428d-aa75-6c41ba530b25/003-03759c3a-644e-4276-8bce-2ae008304e4b-downloadableSrc-6609aa658a96.webp
a6b4d8fe-1328-4452-ac38-7f6e5c619696,Deleting account,59299513-be08-4409-95f2-9db957b978ed,Corner,d41ee732-5f6c-4ded-96aa-58ac61967ec7,0,1,12b6f113-bed6-4fb9-9523-f05f4a1c64d1,false,downloadableSrc,200,image/webp,58030,58030,f695e924c61235da2c4caa75b3c0d9cc9186eeefc9243cfbde7b8850d17db6ca,1179,2676,,,bytescale.mobbin.com,f7a1807c1ac98ccf0eecf5078d61346ac9a94ca37a547f5708d580528c9e55c0,/Users/user/mobbin-sides/screen-flows/corner/062-corner-deleting-account-a6b4d8fe-1328-4452-ac38-7f6e5c619696/001-12b6f113-bed6-4fb9-9523-f05f4a1c64d1-downloadableSrc-f695e924c612.webp
a6b4d8fe-1328-4452-ac38-7f6e5c619696,Deleting account,59299513-be08-4409-95f2-9db957b978ed,Corner,d41ee732-5f6c-4ded-96aa-58ac61967ec7,1,2,bda19b7a-009c-4b82-8159-21e4bd812e8b,false,downloadableSrc,200,image/webp,65158,65158,fea5997c3fd8ff9a8ea07d9cba03e04170c746fac96ea1fdb8e32fa43cd28906,1179,2676,,,bytescale.mobbin.com,f7a1807c1ac98ccf0eecf5078d61346ac9a94ca37a547f5708d580528c9e55c0,/Users/user/mobbin-sides/screen-flows/corner/062-corner-deleting-account-a6b4d8fe-1328-4452-ac38-7f6e5c619696/002-bda19b7a-009c-4b82-8159-21e4bd812e8b-downloadableSrc-fea5997c3fd8.webp
a6b4d8fe-1328-4452-ac38-7f6e5c619696,Deleting account,59299513-be08-4409-95f2-9db957b978ed,Corner,d41ee732-5f6c-4ded-96aa-58ac61967ec7,2,3,f361255e-44cd-43d9-be85-0382e73acf7a,false,downloadableSrc,200,image/webp,56230,56230,77c2fa6f0625f609926f68fa29506ae2e1039cd9edfddcd9e718195ad68d809e,1179,2676,,,bytescale.mobbin.com,f7a1807c1ac98ccf0eecf5078d61346ac9a94ca37a547f5708d580528c9e55c0,/Users/user/mobbin-sides/screen-flows/corner/062-corner-deleting-account-a6b4d8fe-1328-4452-ac38-7f6e5c619696/003-f361255e-44cd-43d9-be85-0382e73acf7a-downloadableSrc-77c2fa6f0625.webp
a6b4d8fe-1328-4452-ac38-7f6e5c619696,Deleting account,59299513-be08-4409-95f2-9db957b978ed,Corner,d41ee732-5f6c-4ded-96aa-58ac61967ec7,3,4,03759c3a-644e-4276-8bce-2ae008304e4b,false,downloadableSrc,200,image/webp,53420,53420,6609aa658a96f9cd7d6b2f9936d409139960fb512cae3d006c840ca5b6472ccd,1180,2676,,,bytescale.mobbin.com,f7a1807c1ac98ccf0eecf5078d61346ac9a94ca37a547f5708d580528c9e55c0,/Users/user/mobbin-sides/screen-flows/corner/062-corner-deleting-account-a6b4d8fe-1328-4452-ac38-7f6e5c619696/004-03759c3a-644e-4276-8bce-2ae008304e4b-downloadableSrc-6609aa658a96.webp
6698edb9-7a91-4e60-8d93-d05999fdc259,Logging in,59299513-be08-4409-95f2-9db957b978ed,Corner,d41ee732-5f6c-4ded-96aa-58ac61967ec7,0,1,03759c3a-644e-4276-8bce-2ae008304e4b,false,downloadableSrc,200,image/webp,53420,53420,6609aa658a96f9cd7d6b2f9936d409139960fb512cae3d006c840ca5b6472ccd,1180,2676,,,bytescale.mobbin.com,f7a1807c1ac98ccf0eecf5078d61346ac9a94ca37a547f5708d580528c9e55c0,/Users/user/mobbin-sides/screen-flows/corner/063-corner-logging-in-6698edb9-7a91-4e60-8d93-d05999fdc259/001-03759c3a-644e-4276-8bce-2ae008304e4b-downloadableSrc-6609aa658a96.webp
6698edb9-7a91-4e60-8d93-d05999fdc259,Logging in,59299513-be08-4409-95f2-9db957b978ed,Corner,d41ee732-5f6c-4ded-96aa-58ac61967ec7,1,2,e7192d92-80ed-467f-93d5-381611a21023,false,downloadableSrc,200,image/webp,65848,65848,7d929bffa4d795a2c6a1e474fd3f437eabfd7b3450cf4413ee967760ff33eb8d,1180,2676,,,bytescale.mobbin.com,f7a1807c1ac98ccf0eecf5078d61346ac9a94ca37a547f5708d580528c9e55c0,/Users/user/mobbin-sides/screen-flows/corner/063-corner-logging-in-6698edb9-7a91-4e60-8d93-d05999fdc259/002-e7192d92-80ed-467f-93d5-381611a21023-downloadableSrc-7d929bffa4d7.webp
6698edb9-7a91-4e60-8d93-d05999fdc259,Logging in,59299513-be08-4409-95f2-9db957b978ed,Corner,d41ee732-5f6c-4ded-96aa-58ac61967ec7,2,3,2d32c815-3cc9-4ba2-9293-d924a7a3a96f,false,downloadableSrc,200,image/webp,54094,54094,c81fadcb33ad040290d5bf07fde3a6b368c045158a15349c5c8140b0606464bb,1180,2676,,,bytescale.mobbin.com,f7a1807c1ac98ccf0eecf5078d61346ac9a94ca37a547f5708d580528c9e55c0,/Users/user/mobbin-sides/screen-flows/corner/063-corner-logging-in-6698edb9-7a91-4e60-8d93-d05999fdc259/003-2d32c815-3cc9-4ba2-9293-d924a7a3a96f-downloadableSrc-c81fadcb33ad.webp
6698edb9-7a91-4e60-8d93-d05999fdc259,Logging in,59299513-be08-4409-95f2-9db957b978ed,Corner,d41ee732-5f6c-4ded-96aa-58ac61967ec7,3,4,561f6d65-1f55-4554-9a52-3f596d84a9d2,false,downloadableSrc,200,image/webp,56094,56094,79abefdd848982eae719070a2a119df532df62f9876399df62774ce0c2f599e1,1180,2676,,,bytescale.mobbin.com,f7a1807c1ac98ccf0eecf5078d61346ac9a94ca37a547f5708d580528c9e55c0,/Users/user/mobbin-sides/screen-flows/corner/063-corner-logging-in-6698edb9-7a91-4e60-8d93-d05999fdc259/004-561f6d65-1f55-4554-9a52-3f596d84a9d2-downloadableSrc-79abefdd8489.webp
6698edb9-7a91-4e60-8d93-d05999fdc259,Logging in,59299513-be08-4409-95f2-9db957b978ed,Corner,d41ee732-5f6c-4ded-96aa-58ac61967ec7,4,5,624eda38-7be9-421d-9c31-6108562045e3,false,downloadableSrc,200,image/webp,57326,57326,7a6ca96a2e96dfbe397a829f573ccc44d778ae3002ddf2f10ae67a688947b789,1180,2676,,,bytescale.mobbin.com,f7a1807c1ac98ccf0eecf5078d61346ac9a94ca37a547f5708d580528c9e55c0,/Users/user/mobbin-sides/screen-flows/corner/063-corner-logging-in-6698edb9-7a91-4e60-8d93-d05999fdc259/005-624eda38-7be9-421d-9c31-6108562045e3-downloadableSrc-7a6ca96a2e96.webp
6698edb9-7a91-4e60-8d93-d05999fdc259,Logging in,59299513-be08-4409-95f2-9db957b978ed,Corner,d41ee732-5f6c-4ded-96aa-58ac61967ec7,5,6,9367d0bc-45a1-47db-91cd-5d5bea35af84,false,downloadableSrc,200,image/webp,125396,125396,f2b3717234cdff3255cfea2b7c7847e56b1aa0e3b67aab415191645e0d36d81b,1180,2676,,,bytescale.mobbin.com,f7a1807c1ac98ccf0eecf5078d61346ac9a94ca37a547f5708d580528c9e55c0,/Users/user/mobbin-sides/screen-flows/corner/063-corner-logging-in-6698edb9-7a91-4e60-8d93-d05999fdc259/006-9367d0bc-45a1-47db-91cd-5d5bea35af84-downloadableSrc-f2b3717234cd.webp
