flowId,flowName,appId,appName,appVersionId,order,index,screenId,restricted,descriptor,status,contentType,contentLengthHeader,bytes,sha256,width,height,declaredWidth,declaredHeight,urlHost,urlPathHash,savedPath
ff2e342f-69cb-4a47-ae09-b869822dfdff,Onboarding,28f44562-240b-48eb-997f-8a1a731499cb,Phantom,689aadcf-d2e3-49bb-8ebb-e135252e28bd,0,1,584e6933-d0fa-441c-835d-0dcda1f6bd8e,false,downloadableSrc,200,image/webp,17236,17236,da31e3080f44a1487f9aa055e7c816343629ebef1f2fb96ade87d1e4c397572b,1180,2676,,,bytescale.mobbin.com,f7a1807c1ac98ccf0eecf5078d61346ac9a94ca37a547f5708d580528c9e55c0,/Users/user/mobbin-sides/screen-flows/phantom/001-phantom-onboarding-ff2e342f-69cb-4a47-ae09-b869822dfdff/001-584e6933-d0fa-441c-835d-0dcda1f6bd8e-downloadableSrc-da31e3080f44.webp
ff2e342f-69cb-4a47-ae09-b869822dfdff,Onboarding,28f44562-240b-48eb-997f-8a1a731499cb,Phantom,689aadcf-d2e3-49bb-8ebb-e135252e28bd,1,2,d3249959-87a1-4cd9-9063-7bb5612fff3e,false,downloadableSrc,200,image/webp,80776,80776,ed30ac165c03eb77edc1b60db177d1bddee9bd88c30b45acf83b171906d16be2,1180,2676,,,bytescale.mobbin.com,f7a1807c1ac98ccf0eecf5078d61346ac9a94ca37a547f5708d580528c9e55c0,/Users/user/mobbin-sides/screen-flows/phantom/001-phantom-onboarding-ff2e342f-69cb-4a47-ae09-b869822dfdff/002-d3249959-87a1-4cd9-9063-7bb5612fff3e-downloadableSrc-ed30ac165c03.webp
ff2e342f-69cb-4a47-ae09-b869822dfdff,Onboarding,28f44562-240b-48eb-997f-8a1a731499cb,Phantom,689aadcf-d2e3-49bb-8ebb-e135252e28bd,2,3,4b8bd9cd-6c27-44eb-9fc0-45448075b648,false,downloadableSrc,200,image/webp,89108,89108,2c2ea11bea27abc51ecfa6a341145765e1ff235861dcd6cbaedd9adb13a31eaa,1180,2676,,,bytescale.mobbin.com,f7a1807c1ac98ccf0eecf5078d61346ac9a94ca37a547f5708d580528c9e55c0,/Users/user/mobbin-sides/screen-flows/phantom/001-phantom-onboarding-ff2e342f-69cb-4a47-ae09-b869822dfdff/003-4b8bd9cd-6c27-44eb-9fc0-45448075b648-downloadableSrc-2c2ea11bea27.webp
ff2e342f-69cb-4a47-ae09-b869822dfdff,Onboarding,28f44562-240b-48eb-997f-8a1a731499cb,Phantom,689aadcf-d2e3-49bb-8ebb-e135252e28bd,3,4,08da7fb8-6551-4b1a-b6fa-c39af46271fb,false,downloadableSrc,200,image/webp,45568,45568,ccf85bed21b4ccdb36e3b4aa91becc848c42d2279ef20c3310ad92ca7882dc23,1180,2676,,,bytescale.mobbin.com,f7a1807c1ac98ccf0eecf5078d61346ac9a94ca37a547f5708d580528c9e55c0,/Users/user/mobbin-sides/screen-flows/phantom/001-phantom-onboarding-ff2e342f-69cb-4a47-ae09-b869822dfdff/004-08da7fb8-6551-4b1a-b6fa-c39af46271fb-downloadableSrc-ccf85bed21b4.webp
ff2e342f-69cb-4a47-ae09-b869822dfdff,Onboarding,28f44562-240b-48eb-997f-8a1a731499cb,Phantom,689aadcf-d2e3-49bb-8ebb-e135252e28bd,4,5,ca07c363-04ea-4d56-839c-2627a7b27726,false,downloadableSrc,200,image/webp,42096,42096,c94b48b3f8bb5099328bda771f7a1a3b6aea62f59e5980baecdc5009c78984fb,1180,2676,,,bytescale.mobbin.com,f7a1807c1ac98ccf0eecf5078d61346ac9a94ca37a547f5708d580528c9e55c0,/Users/user/mobbin-sides/screen-flows/phantom/001-phantom-onboarding-ff2e342f-69cb-4a47-ae09-b869822dfdff/005-ca07c363-04ea-4d56-839c-2627a7b27726-downloadableSrc-c94b48b3f8bb.webp
ff2e342f-69cb-4a47-ae09-b869822dfdff,Onboarding,28f44562-240b-48eb-997f-8a1a731499cb,Phantom,689aadcf-d2e3-49bb-8ebb-e135252e28bd,5,6,59600d67-4352-48a0-ae8d-9d0ff72ca1c4,false,downloadableSrc,200,image/webp,40036,40036,e092e77398a8be71b45daa6c83974e3b26c54d3206183e479f47859c0ec7266a,1180,2676,,,bytescale.mobbin.com,f7a1807c1ac98ccf0eecf5078d61346ac9a94ca37a547f5708d580528c9e55c0,/Users/user/mobbin-sides/screen-flows/phantom/001-phantom-onboarding-ff2e342f-69cb-4a47-ae09-b869822dfdff/006-59600d67-4352-48a0-ae8d-9d0ff72ca1c4-downloadableSrc-e092e77398a8.webp
ff2e342f-69cb-4a47-ae09-b869822dfdff,Onboarding,28f44562-240b-48eb-997f-8a1a731499cb,Phantom,689aadcf-d2e3-49bb-8ebb-e135252e28bd,6,7,1914087f-b336-447b-afa5-2aaf4bc22661,false,downloadableSrc,200,image/webp,59316,59316,06b2ed2d2109e50abf27e9c33cd37622a26802042c8f68229ca121757bda40bd,1180,2676,,,bytescale.mobbin.com,f7a1807c1ac98ccf0eecf5078d61346ac9a94ca37a547f5708d580528c9e55c0,/Users/user/mobbin-sides/screen-flows/phantom/001-phantom-onboarding-ff2e342f-69cb-4a47-ae09-b869822dfdff/007-1914087f-b336-447b-afa5-2aaf4bc22661-downloadableSrc-06b2ed2d2109.webp
ff2e342f-69cb-4a47-ae09-b869822dfdff,Onboarding,28f44562-240b-48eb-997f-8a1a731499cb,Phantom,689aadcf-d2e3-49bb-8ebb-e135252e28bd,7,8,7100c41e-c1d8-4017-8692-7580e1303797,false,downloadableSrc,200,image/webp,29760,29760,1c5b24fce7c4e38a1dcd25c397066ed67be96d005d58be5350949c717716f69f,1180,2676,,,bytescale.mobbin.com,f7a1807c1ac98ccf0eecf5078d61346ac9a94ca37a547f5708d580528c9e55c0,/Users/user/mobbin-sides/screen-flows/phantom/001-phantom-onboarding-ff2e342f-69cb-4a47-ae09-b869822dfdff/008-7100c41e-c1d8-4017-8692-7580e1303797-downloadableSrc-1c5b24fce7c4.webp
ff2e342f-69cb-4a47-ae09-b869822dfdff,Onboarding,28f44562-240b-48eb-997f-8a1a731499cb,Phantom,689aadcf-d2e3-49bb-8ebb-e135252e28bd,8,9,4ee164d6-7524-4877-9c59-4d324d4085d8,false,downloadableSrc,200,image/webp,58182,58182,8c37f738f331e13decc55b625b2aab04c33f50c6a5f67033ab406342a5edf92d,1180,2676,,,bytescale.mobbin.com,f7a1807c1ac98ccf0eecf5078d61346ac9a94ca37a547f5708d580528c9e55c0,/Users/user/mobbin-sides/screen-flows/phantom/001-phantom-onboarding-ff2e342f-69cb-4a47-ae09-b869822dfdff/009-4ee164d6-7524-4877-9c59-4d324d4085d8-downloadableSrc-8c37f738f331.webp
ff2e342f-69cb-4a47-ae09-b869822dfdff,Onboarding,28f44562-240b-48eb-997f-8a1a731499cb,Phantom,689aadcf-d2e3-49bb-8ebb-e135252e28bd,9,10,d7869387-3fc4-4bf0-8823-e212637b1ccd,false,downloadableSrc,200,image/webp,86804,86804,f2e29d3e7ff411290fb5ad0b285e92a89f717e96765d5775d4b594b09b5ee5fa,1180,2676,,,bytescale.mobbin.com,f7a1807c1ac98ccf0eecf5078d61346ac9a94ca37a547f5708d580528c9e55c0,/Users/user/mobbin-sides/screen-flows/phantom/001-phantom-onboarding-ff2e342f-69cb-4a47-ae09-b869822dfdff/010-d7869387-3fc4-4bf0-8823-e212637b1ccd-downloadableSrc-f2e29d3e7ff4.webp
21df560d-4804-4916-89e5-2d9a5e562d6d,Copying a recovery phrase,28f44562-240b-48eb-997f-8a1a731499cb,Phantom,689aadcf-d2e3-49bb-8ebb-e135252e28bd,0,1,59600d67-4352-48a0-ae8d-9d0ff72ca1c4,true,downloadableSrc,200,image/webp,40036,40036,e092e77398a8be71b45daa6c83974e3b26c54d3206183e479f47859c0ec7266a,1180,2676,,,bytescale.mobbin.com,f7a1807c1ac98ccf0eecf5078d61346ac9a94ca37a547f5708d580528c9e55c0,/Users/user/mobbin-sides/screen-flows/phantom/002-phantom-copying-a-recovery-phrase-21df560d-4804-4916-89e5-2d9a5e562d6d/001-59600d67-4352-48a0-ae8d-9d0ff72ca1c4-downloadableSrc-e092e77398a8.webp
21df560d-4804-4916-89e5-2d9a5e562d6d,Copying a recovery phrase,28f44562-240b-48eb-997f-8a1a731499cb,Phantom,689aadcf-d2e3-49bb-8ebb-e135252e28bd,1,2,fa3d1040-f206-4de4-b236-435f1760fd1e,true,downloadableSrc,200,image/webp,38344,38344,f832c4de13505a74048986143ccf21df33154cf9e6a9d2bfb54c4158eeb6ed45,1180,2676,,,bytescale.mobbin.com,f7a1807c1ac98ccf0eecf5078d61346ac9a94ca37a547f5708d580528c9e55c0,/Users/user/mobbin-sides/screen-flows/phantom/002-phantom-copying-a-recovery-phrase-21df560d-4804-4916-89e5-2d9a5e562d6d/002-fa3d1040-f206-4de4-b236-435f1760fd1e-downloadableSrc-f832c4de1350.webp
bc3b14a5-70e5-4ad2-832b-f26c528cb413,Home,28f44562-240b-48eb-997f-8a1a731499cb,Phantom,689aadcf-d2e3-49bb-8ebb-e135252e28bd,0,1,d7869387-3fc4-4bf0-8823-e212637b1ccd,true,downloadableSrc,200,image/webp,86804,86804,f2e29d3e7ff411290fb5ad0b285e92a89f717e96765d5775d4b594b09b5ee5fa,1180,2676,,,bytescale.mobbin.com,f7a1807c1ac98ccf0eecf5078d61346ac9a94ca37a547f5708d580528c9e55c0,/Users/user/mobbin-sides/screen-flows/phantom/003-phantom-home-bc3b14a5-70e5-4ad2-832b-f26c528cb413/001-d7869387-3fc4-4bf0-8823-e212637b1ccd-downloadableSrc-f2e29d3e7ff4.webp
bc3b14a5-70e5-4ad2-832b-f26c528cb413,Home,28f44562-240b-48eb-997f-8a1a731499cb,Phantom,689aadcf-d2e3-49bb-8ebb-e135252e28bd,1,2,c8f09680-22fc-48f4-9788-925b8b22cee5,true,downloadableSrc,200,image/webp,71524,71524,ca59a28e992e58e230678adc19028a6929e4566d9cf7b98298e5b479c87552ea,1180,2676,,,bytescale.mobbin.com,f7a1807c1ac98ccf0eecf5078d61346ac9a94ca37a547f5708d580528c9e55c0,/Users/user/mobbin-sides/screen-flows/phantom/003-phantom-home-bc3b14a5-70e5-4ad2-832b-f26c528cb413/002-c8f09680-22fc-48f4-9788-925b8b22cee5-downloadableSrc-ca59a28e992e.webp
bc3b14a5-70e5-4ad2-832b-f26c528cb413,Home,28f44562-240b-48eb-997f-8a1a731499cb,Phantom,689aadcf-d2e3-49bb-8ebb-e135252e28bd,2,3,377a0ab9-3b79-44e1-8a87-87fdc7d28367,true,downloadableSrc,200,image/webp,90438,90438,ba230d9efedce2e8a7529a6caccefceebe9a441b8334010a2a045115aaa1a205,1179,2676,,,bytescale.mobbin.com,f7a1807c1ac98ccf0eecf5078d61346ac9a94ca37a547f5708d580528c9e55c0,/Users/user/mobbin-sides/screen-flows/phantom/003-phantom-home-bc3b14a5-70e5-4ad2-832b-f26c528cb413/003-377a0ab9-3b79-44e1-8a87-87fdc7d28367-downloadableSrc-ba230d9efedc.webp
bc3b14a5-70e5-4ad2-832b-f26c528cb413,Home,28f44562-240b-48eb-997f-8a1a731499cb,Phantom,689aadcf-d2e3-49bb-8ebb-e135252e28bd,3,4,c2fd6b3d-030c-4578-a79a-4071b2816261,true,downloadableSrc,200,image/webp,74498,74498,bc8d658084c89c5984997a2135cfb53618542b9a7bde032c5439349f548517a2,1179,2676,,,bytescale.mobbin.com,f7a1807c1ac98ccf0eecf5078d61346ac9a94ca37a547f5708d580528c9e55c0,/Users/user/mobbin-sides/screen-flows/phantom/003-phantom-home-bc3b14a5-70e5-4ad2-832b-f26c528cb413/004-c2fd6b3d-030c-4578-a79a-4071b2816261-downloadableSrc-bc8d658084c8.webp
aee9372a-fe51-4b92-a9b7-f0650fb8aad3,Adding funds (buy Solana),28f44562-240b-48eb-997f-8a1a731499cb,Phantom,689aadcf-d2e3-49bb-8ebb-e135252e28bd,0,1,d7869387-3fc4-4bf0-8823-e212637b1ccd,true,downloadableSrc,200,image/webp,86804,86804,f2e29d3e7ff411290fb5ad0b285e92a89f717e96765d5775d4b594b09b5ee5fa,1180,2676,,,bytescale.mobbin.com,f7a1807c1ac98ccf0eecf5078d61346ac9a94ca37a547f5708d580528c9e55c0,/Users/user/mobbin-sides/screen-flows/phantom/004-phantom-adding-funds-buy-solana-aee9372a-fe51-4b92-a9b7-f0650fb8aad3/001-d7869387-3fc4-4bf0-8823-e212637b1ccd-downloadableSrc-f2e29d3e7ff4.webp
aee9372a-fe51-4b92-a9b7-f0650fb8aad3,Adding funds (buy Solana),28f44562-240b-48eb-997f-8a1a731499cb,Phantom,689aadcf-d2e3-49bb-8ebb-e135252e28bd,1,2,3a0db80e-66d9-488d-a930-6858ed8e2594,true,downloadableSrc,200,image/webp,70754,70754,1461bc6f257a99e9ce8ea6543da38dd8082f5604d8e36ef63700ce7c8627ecd2,1179,2676,,,bytescale.mobbin.com,f7a1807c1ac98ccf0eecf5078d61346ac9a94ca37a547f5708d580528c9e55c0,/Users/user/mobbin-sides/screen-flows/phantom/004-phantom-adding-funds-buy-solana-aee9372a-fe51-4b92-a9b7-f0650fb8aad3/002-3a0db80e-66d9-488d-a930-6858ed8e2594-downloadableSrc-1461bc6f257a.webp
aee9372a-fe51-4b92-a9b7-f0650fb8aad3,Adding funds (buy Solana),28f44562-240b-48eb-997f-8a1a731499cb,Phantom,689aadcf-d2e3-49bb-8ebb-e135252e28bd,2,3,908a228c-e056-49b6-86a5-21d0e4fe9778,true,downloadableSrc,200,image/webp,33756,33756,51931699da4e2d1bdf384880a02e79fa0113a9d159373b81eb8062bf9f362f36,1179,2676,,,bytescale.mobbin.com,f7a1807c1ac98ccf0eecf5078d61346ac9a94ca37a547f5708d580528c9e55c0,/Users/user/mobbin-sides/screen-flows/phantom/004-phantom-adding-funds-buy-solana-aee9372a-fe51-4b92-a9b7-f0650fb8aad3/003-908a228c-e056-49b6-86a5-21d0e4fe9778-downloadableSrc-51931699da4e.webp
aee9372a-fe51-4b92-a9b7-f0650fb8aad3,Adding funds (buy Solana),28f44562-240b-48eb-997f-8a1a731499cb,Phantom,689aadcf-d2e3-49bb-8ebb-e135252e28bd,3,4,108f34c8-8ba0-4283-aea0-b63882ac6449,true,downloadableSrc,200,image/webp,35790,35790,336679f69c32dce2c7c5ffbd1d028d407434396ee1ae29ca726e9f506c1d3829,1179,2676,,,bytescale.mobbin.com,f7a1807c1ac98ccf0eecf5078d61346ac9a94ca37a547f5708d580528c9e55c0,/Users/user/mobbin-sides/screen-flows/phantom/004-phantom-adding-funds-buy-solana-aee9372a-fe51-4b92-a9b7-f0650fb8aad3/004-108f34c8-8ba0-4283-aea0-b63882ac6449-downloadableSrc-336679f69c32.webp
aee9372a-fe51-4b92-a9b7-f0650fb8aad3,Adding funds (buy Solana),28f44562-240b-48eb-997f-8a1a731499cb,Phantom,689aadcf-d2e3-49bb-8ebb-e135252e28bd,4,5,3e7fe931-af45-4769-84b6-aeaa478ebe2f,true,downloadableSrc,200,image/webp,37238,37238,b87448f9b9a4c021520804b2aba8c10c7d15f0d7c4efab9c9400261aec05c181,1179,2676,,,bytescale.mobbin.com,f7a1807c1ac98ccf0eecf5078d61346ac9a94ca37a547f5708d580528c9e55c0,/Users/user/mobbin-sides/screen-flows/phantom/004-phantom-adding-funds-buy-solana-aee9372a-fe51-4b92-a9b7-f0650fb8aad3/005-3e7fe931-af45-4769-84b6-aeaa478ebe2f-downloadableSrc-b87448f9b9a4.webp
4bbe9404-6134-4ab2-9ac5-470092d8e016,Adding funds (receive Solana),28f44562-240b-48eb-997f-8a1a731499cb,Phantom,689aadcf-d2e3-49bb-8ebb-e135252e28bd,0,1,3a0db80e-66d9-488d-a930-6858ed8e2594,true,downloadableSrc,200,image/webp,70754,70754,1461bc6f257a99e9ce8ea6543da38dd8082f5604d8e36ef63700ce7c8627ecd2,1179,2676,,,bytescale.mobbin.com,f7a1807c1ac98ccf0eecf5078d61346ac9a94ca37a547f5708d580528c9e55c0,/Users/user/mobbin-sides/screen-flows/phantom/005-phantom-adding-funds-receive-solana-4bbe9404-6134-4ab2-9ac5-470092d8e016/001-3a0db80e-66d9-488d-a930-6858ed8e2594-downloadableSrc-1461bc6f257a.webp
4bbe9404-6134-4ab2-9ac5-470092d8e016,Adding funds (receive Solana),28f44562-240b-48eb-997f-8a1a731499cb,Phantom,689aadcf-d2e3-49bb-8ebb-e135252e28bd,1,2,2a707eff-e0a5-457b-b00c-58ec94bd96cc,true,downloadableSrc,200,image/webp,55328,55328,24d3964a28c79ed608c760793f8698f922220ef7f5dc7c6866fa388252a4eef9,1179,2676,,,bytescale.mobbin.com,f7a1807c1ac98ccf0eecf5078d61346ac9a94ca37a547f5708d580528c9e55c0,/Users/user/mobbin-sides/screen-flows/phantom/005-phantom-adding-funds-receive-solana-4bbe9404-6134-4ab2-9ac5-470092d8e016/002-2a707eff-e0a5-457b-b00c-58ec94bd96cc-downloadableSrc-24d3964a28c7.webp
4bbe9404-6134-4ab2-9ac5-470092d8e016,Adding funds (receive Solana),28f44562-240b-48eb-997f-8a1a731499cb,Phantom,689aadcf-d2e3-49bb-8ebb-e135252e28bd,2,3,ad1289e1-718e-4a5d-9ca1-7a8d71ddb8b6,true,downloadableSrc,200,image/webp,42600,42600,5450aa24d45d427de4965c61f141b2e4fb74eeb4ef8a6302066b1061c355c924,1179,2676,,,bytescale.mobbin.com,f7a1807c1ac98ccf0eecf5078d61346ac9a94ca37a547f5708d580528c9e55c0,/Users/user/mobbin-sides/screen-flows/phantom/005-phantom-adding-funds-receive-solana-4bbe9404-6134-4ab2-9ac5-470092d8e016/003-ad1289e1-718e-4a5d-9ca1-7a8d71ddb8b6-downloadableSrc-5450aa24d45d.webp
a75e7794-b1d8-43cf-a8fa-7043a7faab44,Copying a wallet address,28f44562-240b-48eb-997f-8a1a731499cb,Phantom,689aadcf-d2e3-49bb-8ebb-e135252e28bd,0,1,2a707eff-e0a5-457b-b00c-58ec94bd96cc,true,downloadableSrc,200,image/webp,55328,55328,24d3964a28c79ed608c760793f8698f922220ef7f5dc7c6866fa388252a4eef9,1179,2676,,,bytescale.mobbin.com,f7a1807c1ac98ccf0eecf5078d61346ac9a94ca37a547f5708d580528c9e55c0,/Users/user/mobbin-sides/screen-flows/phantom/006-phantom-copying-a-wallet-address-a75e7794-b1d8-43cf-a8fa-7043a7faab44/001-2a707eff-e0a5-457b-b00c-58ec94bd96cc-downloadableSrc-24d3964a28c7.webp
a75e7794-b1d8-43cf-a8fa-7043a7faab44,Copying a wallet address,28f44562-240b-48eb-997f-8a1a731499cb,Phantom,689aadcf-d2e3-49bb-8ebb-e135252e28bd,1,2,c0b35d9a-68d9-4d0c-becb-62815fde60ba,true,downloadableSrc,200,image/webp,57858,57858,50cc8e504b02282b6b58760af28b40aac5d68212c0ff2767ab522bb873865246,1179,2676,,,bytescale.mobbin.com,f7a1807c1ac98ccf0eecf5078d61346ac9a94ca37a547f5708d580528c9e55c0,/Users/user/mobbin-sides/screen-flows/phantom/006-phantom-copying-a-wallet-address-a75e7794-b1d8-43cf-a8fa-7043a7faab44/002-c0b35d9a-68d9-4d0c-becb-62815fde60ba-downloadableSrc-50cc8e504b02.webp
7fd6843b-ac1b-45e4-9fa9-a9aa45e09e03,Scan a QR code,28f44562-240b-48eb-997f-8a1a731499cb,Phantom,689aadcf-d2e3-49bb-8ebb-e135252e28bd,0,1,2a707eff-e0a5-457b-b00c-58ec94bd96cc,true,downloadableSrc,200,image/webp,55328,55328,24d3964a28c79ed608c760793f8698f922220ef7f5dc7c6866fa388252a4eef9,1179,2676,,,bytescale.mobbin.com,f7a1807c1ac98ccf0eecf5078d61346ac9a94ca37a547f5708d580528c9e55c0,/Users/user/mobbin-sides/screen-flows/phantom/007-phantom-scan-a-qr-code-7fd6843b-ac1b-45e4-9fa9-a9aa45e09e03/001-2a707eff-e0a5-457b-b00c-58ec94bd96cc-downloadableSrc-24d3964a28c7.webp
7fd6843b-ac1b-45e4-9fa9-a9aa45e09e03,Scan a QR code,28f44562-240b-48eb-997f-8a1a731499cb,Phantom,689aadcf-d2e3-49bb-8ebb-e135252e28bd,1,2,82bae553-bac8-4a45-b1b5-557c6309ede9,true,downloadableSrc,200,image/webp,18828,18828,5a68e5d026067233597d515b27b9a0c9487ee06f4031990be3ce35f21d0dfd30,1179,2676,,,bytescale.mobbin.com,f7a1807c1ac98ccf0eecf5078d61346ac9a94ca37a547f5708d580528c9e55c0,/Users/user/mobbin-sides/screen-flows/phantom/007-phantom-scan-a-qr-code-7fd6843b-ac1b-45e4-9fa9-a9aa45e09e03/002-82bae553-bac8-4a45-b1b5-557c6309ede9-downloadableSrc-5a68e5d02606.webp
cfab294a-8ca3-4bec-8a4a-e9377b77ada6,Token detail,28f44562-240b-48eb-997f-8a1a731499cb,Phantom,689aadcf-d2e3-49bb-8ebb-e135252e28bd,0,1,d7869387-3fc4-4bf0-8823-e212637b1ccd,true,downloadableSrc,200,image/webp,86804,86804,f2e29d3e7ff411290fb5ad0b285e92a89f717e96765d5775d4b594b09b5ee5fa,1180,2676,,,bytescale.mobbin.com,f7a1807c1ac98ccf0eecf5078d61346ac9a94ca37a547f5708d580528c9e55c0,/Users/user/mobbin-sides/screen-flows/phantom/008-phantom-token-detail-cfab294a-8ca3-4bec-8a4a-e9377b77ada6/001-d7869387-3fc4-4bf0-8823-e212637b1ccd-downloadableSrc-f2e29d3e7ff4.webp
cfab294a-8ca3-4bec-8a4a-e9377b77ada6,Token detail,28f44562-240b-48eb-997f-8a1a731499cb,Phantom,689aadcf-d2e3-49bb-8ebb-e135252e28bd,1,2,76e93b20-0652-4758-8e2d-4925312a1fba,true,downloadableSrc,200,image/webp,67762,67762,e2cdb2b0c467642283b90d8d19f2278b0bf1b1988e92930f8166f09170c4db7e,1179,2676,,,bytescale.mobbin.com,f7a1807c1ac98ccf0eecf5078d61346ac9a94ca37a547f5708d580528c9e55c0,/Users/user/mobbin-sides/screen-flows/phantom/008-phantom-token-detail-cfab294a-8ca3-4bec-8a4a-e9377b77ada6/002-76e93b20-0652-4758-8e2d-4925312a1fba-downloadableSrc-e2cdb2b0c467.webp
cfab294a-8ca3-4bec-8a4a-e9377b77ada6,Token detail,28f44562-240b-48eb-997f-8a1a731499cb,Phantom,689aadcf-d2e3-49bb-8ebb-e135252e28bd,2,3,ecddd59a-8ec2-4f2a-83a6-10141b91d110,true,downloadableSrc,200,image/webp,69316,69316,208bb3c66fca2bb7f51e5b15cc873c628e20150ee7f78d7db32ebf84ee72a46a,1179,2676,,,bytescale.mobbin.com,f7a1807c1ac98ccf0eecf5078d61346ac9a94ca37a547f5708d580528c9e55c0,/Users/user/mobbin-sides/screen-flows/phantom/008-phantom-token-detail-cfab294a-8ca3-4bec-8a4a-e9377b77ada6/003-ecddd59a-8ec2-4f2a-83a6-10141b91d110-downloadableSrc-208bb3c66fca.webp
cfab294a-8ca3-4bec-8a4a-e9377b77ada6,Token detail,28f44562-240b-48eb-997f-8a1a731499cb,Phantom,689aadcf-d2e3-49bb-8ebb-e135252e28bd,3,4,fc840afe-719f-4a5d-96a8-07e5946ea5b4,true,downloadableSrc,200,image/webp,57734,57734,e3ffcfe642bcd095fabf317dc5bde9dcdc7402b3ed7da2b1730f97cc448d6cbe,1179,2676,,,bytescale.mobbin.com,f7a1807c1ac98ccf0eecf5078d61346ac9a94ca37a547f5708d580528c9e55c0,/Users/user/mobbin-sides/screen-flows/phantom/008-phantom-token-detail-cfab294a-8ca3-4bec-8a4a-e9377b77ada6/004-fc840afe-719f-4a5d-96a8-07e5946ea5b4-downloadableSrc-e3ffcfe642bc.webp
cfab294a-8ca3-4bec-8a4a-e9377b77ada6,Token detail,28f44562-240b-48eb-997f-8a1a731499cb,Phantom,689aadcf-d2e3-49bb-8ebb-e135252e28bd,4,5,2f8a4b54-f4de-4e28-985b-2dde614ed0c6,true,downloadableSrc,200,image/webp,101142,101142,1a5affef4505dac3ffcca55a39180dc5b7032e7f2f5068f1dcae8e15ffdb5ce6,1179,2676,,,bytescale.mobbin.com,f7a1807c1ac98ccf0eecf5078d61346ac9a94ca37a547f5708d580528c9e55c0,/Users/user/mobbin-sides/screen-flows/phantom/008-phantom-token-detail-cfab294a-8ca3-4bec-8a4a-e9377b77ada6/005-2f8a4b54-f4de-4e28-985b-2dde614ed0c6-downloadableSrc-1a5affef4505.webp
fc7530a4-b620-4687-a528-4c92dd811a4a,Setting a long position,28f44562-240b-48eb-997f-8a1a731499cb,Phantom,689aadcf-d2e3-49bb-8ebb-e135252e28bd,0,1,76e93b20-0652-4758-8e2d-4925312a1fba,true,downloadableSrc,200,image/webp,67762,67762,e2cdb2b0c467642283b90d8d19f2278b0bf1b1988e92930f8166f09170c4db7e,1179,2676,,,bytescale.mobbin.com,f7a1807c1ac98ccf0eecf5078d61346ac9a94ca37a547f5708d580528c9e55c0,/Users/user/mobbin-sides/screen-flows/phantom/009-phantom-setting-a-long-position-fc7530a4-b620-4687-a528-4c92dd811a4a/001-76e93b20-0652-4758-8e2d-4925312a1fba-downloadableSrc-e2cdb2b0c467.webp
fc7530a4-b620-4687-a528-4c92dd811a4a,Setting a long position,28f44562-240b-48eb-997f-8a1a731499cb,Phantom,689aadcf-d2e3-49bb-8ebb-e135252e28bd,1,2,b4ff8c71-7dc2-4df2-b4bf-3f6c9fb2d4b3,true,downloadableSrc,200,image/webp,49310,49310,cf3af987be5e622ff4fab9aa1f49baf0303aef0fed0578781bf395ebaac7048a,1179,2676,,,bytescale.mobbin.com,f7a1807c1ac98ccf0eecf5078d61346ac9a94ca37a547f5708d580528c9e55c0,/Users/user/mobbin-sides/screen-flows/phantom/009-phantom-setting-a-long-position-fc7530a4-b620-4687-a528-4c92dd811a4a/002-b4ff8c71-7dc2-4df2-b4bf-3f6c9fb2d4b3-downloadableSrc-cf3af987be5e.webp
fc7530a4-b620-4687-a528-4c92dd811a4a,Setting a long position,28f44562-240b-48eb-997f-8a1a731499cb,Phantom,689aadcf-d2e3-49bb-8ebb-e135252e28bd,2,3,ecc1b414-1f58-43bb-9eb5-0eb55c4bfd1e,true,downloadableSrc,200,image/webp,48992,48992,b872363612a2945e873d436a37dfa941e2253255a5d41805875d47a45dbae94b,1179,2676,,,bytescale.mobbin.com,f7a1807c1ac98ccf0eecf5078d61346ac9a94ca37a547f5708d580528c9e55c0,/Users/user/mobbin-sides/screen-flows/phantom/009-phantom-setting-a-long-position-fc7530a4-b620-4687-a528-4c92dd811a4a/003-ecc1b414-1f58-43bb-9eb5-0eb55c4bfd1e-downloadableSrc-b872363612a2.webp
fc7530a4-b620-4687-a528-4c92dd811a4a,Setting a long position,28f44562-240b-48eb-997f-8a1a731499cb,Phantom,689aadcf-d2e3-49bb-8ebb-e135252e28bd,3,4,e7d53c9d-f418-4a56-9b5a-b8e2a5647e4e,true,downloadableSrc,200,image/webp,60800,60800,d927b3f3d1a1ea0ea9bac251440aadc6fff78020a1ef027a8e7709049ff027cb,1179,2676,,,bytescale.mobbin.com,f7a1807c1ac98ccf0eecf5078d61346ac9a94ca37a547f5708d580528c9e55c0,/Users/user/mobbin-sides/screen-flows/phantom/009-phantom-setting-a-long-position-fc7530a4-b620-4687-a528-4c92dd811a4a/004-e7d53c9d-f418-4a56-9b5a-b8e2a5647e4e-downloadableSrc-d927b3f3d1a1.webp
fc7530a4-b620-4687-a528-4c92dd811a4a,Setting a long position,28f44562-240b-48eb-997f-8a1a731499cb,Phantom,689aadcf-d2e3-49bb-8ebb-e135252e28bd,4,5,c5d3a411-f5d2-4618-bfb4-0eb2abcbf5d4,true,downloadableSrc,200,image/webp,62190,62190,bf1f0def49f60d947e05468d24dbd2ba4403e78c78ad9f42b7f57b95810f52dc,1179,2676,,,bytescale.mobbin.com,f7a1807c1ac98ccf0eecf5078d61346ac9a94ca37a547f5708d580528c9e55c0,/Users/user/mobbin-sides/screen-flows/phantom/009-phantom-setting-a-long-position-fc7530a4-b620-4687-a528-4c92dd811a4a/005-c5d3a411-f5d2-4618-bfb4-0eb2abcbf5d4-downloadableSrc-bf1f0def49f6.webp
fc7530a4-b620-4687-a528-4c92dd811a4a,Setting a long position,28f44562-240b-48eb-997f-8a1a731499cb,Phantom,689aadcf-d2e3-49bb-8ebb-e135252e28bd,5,6,14c8763d-ef0c-4cad-b0b4-97eca2a52c43,true,downloadableSrc,200,image/webp,56396,56396,2ac2e8348959858c03dc38f4042195303568c9125dcc6e4e813b3f6de12c4845,1179,2676,,,bytescale.mobbin.com,f7a1807c1ac98ccf0eecf5078d61346ac9a94ca37a547f5708d580528c9e55c0,/Users/user/mobbin-sides/screen-flows/phantom/009-phantom-setting-a-long-position-fc7530a4-b620-4687-a528-4c92dd811a4a/006-14c8763d-ef0c-4cad-b0b4-97eca2a52c43-downloadableSrc-2ac2e8348959.webp
0f620370-faef-4953-93db-b705554bb404,Changing leverage,28f44562-240b-48eb-997f-8a1a731499cb,Phantom,689aadcf-d2e3-49bb-8ebb-e135252e28bd,0,1,ecc1b414-1f58-43bb-9eb5-0eb55c4bfd1e,true,downloadableSrc,200,image/webp,48992,48992,b872363612a2945e873d436a37dfa941e2253255a5d41805875d47a45dbae94b,1179,2676,,,bytescale.mobbin.com,f7a1807c1ac98ccf0eecf5078d61346ac9a94ca37a547f5708d580528c9e55c0,/Users/user/mobbin-sides/screen-flows/phantom/010-phantom-changing-leverage-0f620370-faef-4953-93db-b705554bb404/001-ecc1b414-1f58-43bb-9eb5-0eb55c4bfd1e-downloadableSrc-b872363612a2.webp
0f620370-faef-4953-93db-b705554bb404,Changing leverage,28f44562-240b-48eb-997f-8a1a731499cb,Phantom,689aadcf-d2e3-49bb-8ebb-e135252e28bd,1,2,192ffc0c-8748-40bb-bd2b-92699c24d3cc,true,downloadableSrc,200,image/webp,48160,48160,f3c4a3e80b66e9ef60e509a1dde26ae5e299991b806c675c15bf8cdd5a273027,1179,2676,,,bytescale.mobbin.com,f7a1807c1ac98ccf0eecf5078d61346ac9a94ca37a547f5708d580528c9e55c0,/Users/user/mobbin-sides/screen-flows/phantom/010-phantom-changing-leverage-0f620370-faef-4953-93db-b705554bb404/002-192ffc0c-8748-40bb-bd2b-92699c24d3cc-downloadableSrc-f3c4a3e80b66.webp
0f620370-faef-4953-93db-b705554bb404,Changing leverage,28f44562-240b-48eb-997f-8a1a731499cb,Phantom,689aadcf-d2e3-49bb-8ebb-e135252e28bd,2,3,340b3e39-f37c-48a7-972a-e496194b0b88,true,downloadableSrc,200,image/webp,48270,48270,5fa917e8ee32b42bfb4cb515600cf03e10f5914e7917a75d9efc3839d820c58b,1179,2676,,,bytescale.mobbin.com,f7a1807c1ac98ccf0eecf5078d61346ac9a94ca37a547f5708d580528c9e55c0,/Users/user/mobbin-sides/screen-flows/phantom/010-phantom-changing-leverage-0f620370-faef-4953-93db-b705554bb404/003-340b3e39-f37c-48a7-972a-e496194b0b88-downloadableSrc-5fa917e8ee32.webp
0f620370-faef-4953-93db-b705554bb404,Changing leverage,28f44562-240b-48eb-997f-8a1a731499cb,Phantom,689aadcf-d2e3-49bb-8ebb-e135252e28bd,3,4,59124b67-17e3-48dc-8eab-87b5ba455a66,true,downloadableSrc,200,image/webp,50880,50880,c2c458e072ed0c8c3188a2ee90108cf9884b2d9e130c29cd225d19036e2922fe,1179,2676,,,bytescale.mobbin.com,f7a1807c1ac98ccf0eecf5078d61346ac9a94ca37a547f5708d580528c9e55c0,/Users/user/mobbin-sides/screen-flows/phantom/010-phantom-changing-leverage-0f620370-faef-4953-93db-b705554bb404/004-59124b67-17e3-48dc-8eab-87b5ba455a66-downloadableSrc-c2c458e072ed.webp
8dec1f93-d3a2-49d3-8b8a-9d37df3b275f,Setting auto close,28f44562-240b-48eb-997f-8a1a731499cb,Phantom,689aadcf-d2e3-49bb-8ebb-e135252e28bd,0,1,ecc1b414-1f58-43bb-9eb5-0eb55c4bfd1e,true,downloadableSrc,200,image/webp,48992,48992,b872363612a2945e873d436a37dfa941e2253255a5d41805875d47a45dbae94b,1179,2676,,,bytescale.mobbin.com,f7a1807c1ac98ccf0eecf5078d61346ac9a94ca37a547f5708d580528c9e55c0,/Users/user/mobbin-sides/screen-flows/phantom/011-phantom-setting-auto-close-8dec1f93-d3a2-49d3-8b8a-9d37df3b275f/001-ecc1b414-1f58-43bb-9eb5-0eb55c4bfd1e-downloadableSrc-b872363612a2.webp
8dec1f93-d3a2-49d3-8b8a-9d37df3b275f,Setting auto close,28f44562-240b-48eb-997f-8a1a731499cb,Phantom,689aadcf-d2e3-49bb-8ebb-e135252e28bd,1,2,279487cb-c28e-4e7a-9581-8d41e4f89e06,true,downloadableSrc,200,image/webp,40860,40860,72c1ce40ffaf8f376a3a80125aae4ba6c7dcaaa4acb2918a325687e40d199250,1179,2676,,,bytescale.mobbin.com,f7a1807c1ac98ccf0eecf5078d61346ac9a94ca37a547f5708d580528c9e55c0,/Users/user/mobbin-sides/screen-flows/phantom/011-phantom-setting-auto-close-8dec1f93-d3a2-49d3-8b8a-9d37df3b275f/002-279487cb-c28e-4e7a-9581-8d41e4f89e06-downloadableSrc-72c1ce40ffaf.webp
8dec1f93-d3a2-49d3-8b8a-9d37df3b275f,Setting auto close,28f44562-240b-48eb-997f-8a1a731499cb,Phantom,689aadcf-d2e3-49bb-8ebb-e135252e28bd,2,3,fc1b3524-fe72-41d0-bcb6-c13b93b85436,true,downloadableSrc,200,image/webp,41762,41762,252b5f868e5975a6af12d6bbf4c18fec4ee3044b743c3d7b7992492cb447d158,1179,2676,,,bytescale.mobbin.com,f7a1807c1ac98ccf0eecf5078d61346ac9a94ca37a547f5708d580528c9e55c0,/Users/user/mobbin-sides/screen-flows/phantom/011-phantom-setting-auto-close-8dec1f93-d3a2-49d3-8b8a-9d37df3b275f/003-fc1b3524-fe72-41d0-bcb6-c13b93b85436-downloadableSrc-252b5f868e59.webp
8dec1f93-d3a2-49d3-8b8a-9d37df3b275f,Setting auto close,28f44562-240b-48eb-997f-8a1a731499cb,Phantom,689aadcf-d2e3-49bb-8ebb-e135252e28bd,3,4,e275f98d-e4a9-475f-ac2d-8a1cc01ecef8,true,downloadableSrc,200,image/webp,54562,54562,a2414cb083a649d814dce5972c5c5b0ea3ca6b9ed94a2bc0060f52a9c31ab941,1179,2676,,,bytescale.mobbin.com,f7a1807c1ac98ccf0eecf5078d61346ac9a94ca37a547f5708d580528c9e55c0,/Users/user/mobbin-sides/screen-flows/phantom/011-phantom-setting-auto-close-8dec1f93-d3a2-49d3-8b8a-9d37df3b275f/004-e275f98d-e4a9-475f-ac2d-8a1cc01ecef8-downloadableSrc-a2414cb083a6.webp
8bf81dd8-9d42-472b-825a-0cc07b25ca32,Switching to limit order,28f44562-240b-48eb-997f-8a1a731499cb,Phantom,689aadcf-d2e3-49bb-8ebb-e135252e28bd,0,1,ecc1b414-1f58-43bb-9eb5-0eb55c4bfd1e,true,downloadableSrc,200,image/webp,48992,48992,b872363612a2945e873d436a37dfa941e2253255a5d41805875d47a45dbae94b,1179,2676,,,bytescale.mobbin.com,f7a1807c1ac98ccf0eecf5078d61346ac9a94ca37a547f5708d580528c9e55c0,/Users/user/mobbin-sides/screen-flows/phantom/012-phantom-switching-to-limit-order-8bf81dd8-9d42-472b-825a-0cc07b25ca32/001-ecc1b414-1f58-43bb-9eb5-0eb55c4bfd1e-downloadableSrc-b872363612a2.webp
8bf81dd8-9d42-472b-825a-0cc07b25ca32,Switching to limit order,28f44562-240b-48eb-997f-8a1a731499cb,Phantom,689aadcf-d2e3-49bb-8ebb-e135252e28bd,1,2,39d60031-3f0d-407a-8f1c-84eba0eb53d1,true,downloadableSrc,200,image/webp,58406,58406,87fbe93b40a89906417a3919a2281a3717e81aaf42c6f50a91d1cbc37cc7d2bb,1179,2676,,,bytescale.mobbin.com,f7a1807c1ac98ccf0eecf5078d61346ac9a94ca37a547f5708d580528c9e55c0,/Users/user/mobbin-sides/screen-flows/phantom/012-phantom-switching-to-limit-order-8bf81dd8-9d42-472b-825a-0cc07b25ca32/002-39d60031-3f0d-407a-8f1c-84eba0eb53d1-downloadableSrc-87fbe93b40a8.webp
8bf81dd8-9d42-472b-825a-0cc07b25ca32,Switching to limit order,28f44562-240b-48eb-997f-8a1a731499cb,Phantom,689aadcf-d2e3-49bb-8ebb-e135252e28bd,2,3,83889d6b-3ce3-4187-b600-26a04fdc7491,true,downloadableSrc,200,image/webp,31892,31892,b0896b9d0898a4cc900a0e8cb69c1222a2a128377d1b4456cb69b6ce2f4a10e8,1179,2676,,,bytescale.mobbin.com,f7a1807c1ac98ccf0eecf5078d61346ac9a94ca37a547f5708d580528c9e55c0,/Users/user/mobbin-sides/screen-flows/phantom/012-phantom-switching-to-limit-order-8bf81dd8-9d42-472b-825a-0cc07b25ca32/003-83889d6b-3ce3-4187-b600-26a04fdc7491-downloadableSrc-b0896b9d0898.webp
8bf81dd8-9d42-472b-825a-0cc07b25ca32,Switching to limit order,28f44562-240b-48eb-997f-8a1a731499cb,Phantom,689aadcf-d2e3-49bb-8ebb-e135252e28bd,3,4,5c0b51b2-1ab2-4c43-b22b-dabd90b6fda6,true,downloadableSrc,200,image/webp,32528,32528,a7050755181ad3c48185d99da34c1bc73d9049fe627c0b5aa24e29eff81797e1,1179,2676,,,bytescale.mobbin.com,f7a1807c1ac98ccf0eecf5078d61346ac9a94ca37a547f5708d580528c9e55c0,/Users/user/mobbin-sides/screen-flows/phantom/012-phantom-switching-to-limit-order-8bf81dd8-9d42-472b-825a-0cc07b25ca32/004-5c0b51b2-1ab2-4c43-b22b-dabd90b6fda6-downloadableSrc-a7050755181a.webp
8bf81dd8-9d42-472b-825a-0cc07b25ca32,Switching to limit order,28f44562-240b-48eb-997f-8a1a731499cb,Phantom,689aadcf-d2e3-49bb-8ebb-e135252e28bd,4,5,20ecab10-9fa9-462e-b70c-d6d0b09c6389,true,downloadableSrc,200,image/webp,43186,43186,9629cb1e0b34b0e63caf13383e4ded7efb9147bbbeb28c5fd5ac288748129a86,1179,2676,,,bytescale.mobbin.com,f7a1807c1ac98ccf0eecf5078d61346ac9a94ca37a547f5708d580528c9e55c0,/Users/user/mobbin-sides/screen-flows/phantom/012-phantom-switching-to-limit-order-8bf81dd8-9d42-472b-825a-0cc07b25ca32/005-20ecab10-9fa9-462e-b70c-d6d0b09c6389-downloadableSrc-9629cb1e0b34.webp
8bf81dd8-9d42-472b-825a-0cc07b25ca32,Switching to limit order,28f44562-240b-48eb-997f-8a1a731499cb,Phantom,689aadcf-d2e3-49bb-8ebb-e135252e28bd,5,6,5d5364e5-64e7-4ff6-8a57-bc974c9f2c9b,true,downloadableSrc,200,image/webp,43830,43830,b9dce27b6aec7e4616ddfbc4b50b8e8fa0704751cb4e9c80461001df941f3757,1179,2676,,,bytescale.mobbin.com,f7a1807c1ac98ccf0eecf5078d61346ac9a94ca37a547f5708d580528c9e55c0,/Users/user/mobbin-sides/screen-flows/phantom/012-phantom-switching-to-limit-order-8bf81dd8-9d42-472b-825a-0cc07b25ca32/006-5d5364e5-64e7-4ff6-8a57-bc974c9f2c9b-downloadableSrc-b9dce27b6aec.webp
62a45a55-11cb-45a8-a839-790960799203,Closing a long position,28f44562-240b-48eb-997f-8a1a731499cb,Phantom,689aadcf-d2e3-49bb-8ebb-e135252e28bd,0,1,14c8763d-ef0c-4cad-b0b4-97eca2a52c43,true,downloadableSrc,200,image/webp,56396,56396,2ac2e8348959858c03dc38f4042195303568c9125dcc6e4e813b3f6de12c4845,1179,2676,,,bytescale.mobbin.com,f7a1807c1ac98ccf0eecf5078d61346ac9a94ca37a547f5708d580528c9e55c0,/Users/user/mobbin-sides/screen-flows/phantom/013-phantom-closing-a-long-position-62a45a55-11cb-45a8-a839-790960799203/001-14c8763d-ef0c-4cad-b0b4-97eca2a52c43-downloadableSrc-2ac2e8348959.webp
62a45a55-11cb-45a8-a839-790960799203,Closing a long position,28f44562-240b-48eb-997f-8a1a731499cb,Phantom,689aadcf-d2e3-49bb-8ebb-e135252e28bd,1,2,8b5b5d4b-f629-4ac2-9d24-52e1e07cdb8b,true,downloadableSrc,200,image/webp,54976,54976,3b68fa4777a3cc19f02bdfda7913ec63db2bbaf6cc80fe294e7fcaa398b91a5f,1179,2676,,,bytescale.mobbin.com,f7a1807c1ac98ccf0eecf5078d61346ac9a94ca37a547f5708d580528c9e55c0,/Users/user/mobbin-sides/screen-flows/phantom/013-phantom-closing-a-long-position-62a45a55-11cb-45a8-a839-790960799203/002-8b5b5d4b-f629-4ac2-9d24-52e1e07cdb8b-downloadableSrc-3b68fa4777a3.webp
62a45a55-11cb-45a8-a839-790960799203,Closing a long position,28f44562-240b-48eb-997f-8a1a731499cb,Phantom,689aadcf-d2e3-49bb-8ebb-e135252e28bd,2,3,b17b8327-144f-43e1-ba17-a4bda9df8cec,true,downloadableSrc,200,image/webp,61708,61708,b3c8fbbfcae6a49c2447ae6802eb98a75066b6468534e517b278d79fa7dbe79f,1179,2676,,,bytescale.mobbin.com,f7a1807c1ac98ccf0eecf5078d61346ac9a94ca37a547f5708d580528c9e55c0,/Users/user/mobbin-sides/screen-flows/phantom/013-phantom-closing-a-long-position-62a45a55-11cb-45a8-a839-790960799203/003-b17b8327-144f-43e1-ba17-a4bda9df8cec-downloadableSrc-b3c8fbbfcae6.webp
62a45a55-11cb-45a8-a839-790960799203,Closing a long position,28f44562-240b-48eb-997f-8a1a731499cb,Phantom,689aadcf-d2e3-49bb-8ebb-e135252e28bd,3,4,17db884e-bd2d-45cf-a548-7f8ecd9e9e43,true,downloadableSrc,200,image/webp,62404,62404,ab7a65e0b614fd4837329db5a42b7a61388b5fc7d180debc86758f01016eb971,1179,2676,,,bytescale.mobbin.com,f7a1807c1ac98ccf0eecf5078d61346ac9a94ca37a547f5708d580528c9e55c0,/Users/user/mobbin-sides/screen-flows/phantom/013-phantom-closing-a-long-position-62a45a55-11cb-45a8-a839-790960799203/004-17db884e-bd2d-45cf-a548-7f8ecd9e9e43-downloadableSrc-ab7a65e0b614.webp
274f4bb4-de00-4c6d-bc78-4f66ebaced28,Joining a chat,28f44562-240b-48eb-997f-8a1a731499cb,Phantom,689aadcf-d2e3-49bb-8ebb-e135252e28bd,0,1,fc840afe-719f-4a5d-96a8-07e5946ea5b4,true,downloadableSrc,200,image/webp,57734,57734,e3ffcfe642bcd095fabf317dc5bde9dcdc7402b3ed7da2b1730f97cc448d6cbe,1179,2676,,,bytescale.mobbin.com,f7a1807c1ac98ccf0eecf5078d61346ac9a94ca37a547f5708d580528c9e55c0,/Users/user/mobbin-sides/screen-flows/phantom/014-phantom-joining-a-chat-274f4bb4-de00-4c6d-bc78-4f66ebaced28/001-fc840afe-719f-4a5d-96a8-07e5946ea5b4-downloadableSrc-e3ffcfe642bc.webp
274f4bb4-de00-4c6d-bc78-4f66ebaced28,Joining a chat,28f44562-240b-48eb-997f-8a1a731499cb,Phantom,689aadcf-d2e3-49bb-8ebb-e135252e28bd,1,2,f7ed1179-ca8f-48b3-b006-230cfea6a46e,true,downloadableSrc,200,image/webp,111096,111096,9960666db03fc3861cdcddf8067345366660430b8ec1f6ad344722028356572c,1179,2676,,,bytescale.mobbin.com,f7a1807c1ac98ccf0eecf5078d61346ac9a94ca37a547f5708d580528c9e55c0,/Users/user/mobbin-sides/screen-flows/phantom/014-phantom-joining-a-chat-274f4bb4-de00-4c6d-bc78-4f66ebaced28/002-f7ed1179-ca8f-48b3-b006-230cfea6a46e-downloadableSrc-9960666db03f.webp
274f4bb4-de00-4c6d-bc78-4f66ebaced28,Joining a chat,28f44562-240b-48eb-997f-8a1a731499cb,Phantom,689aadcf-d2e3-49bb-8ebb-e135252e28bd,2,3,628b01f9-d525-4554-812a-491e7d090b8b,true,downloadableSrc,200,image/webp,115446,115446,9488a822568d7d894f2d217d71f46a040815a983ba0c6296cd8b3f2288e9fb3e,1179,2676,,,bytescale.mobbin.com,f7a1807c1ac98ccf0eecf5078d61346ac9a94ca37a547f5708d580528c9e55c0,/Users/user/mobbin-sides/screen-flows/phantom/014-phantom-joining-a-chat-274f4bb4-de00-4c6d-bc78-4f66ebaced28/003-628b01f9-d525-4554-812a-491e7d090b8b-downloadableSrc-9488a822568d.webp
79f8e230-36c2-48a1-8310-ce5f982fa272,Sending a chat,28f44562-240b-48eb-997f-8a1a731499cb,Phantom,689aadcf-d2e3-49bb-8ebb-e135252e28bd,0,1,628b01f9-d525-4554-812a-491e7d090b8b,true,downloadableSrc,200,image/webp,115446,115446,9488a822568d7d894f2d217d71f46a040815a983ba0c6296cd8b3f2288e9fb3e,1179,2676,,,bytescale.mobbin.com,f7a1807c1ac98ccf0eecf5078d61346ac9a94ca37a547f5708d580528c9e55c0,/Users/user/mobbin-sides/screen-flows/phantom/015-phantom-sending-a-chat-79f8e230-36c2-48a1-8310-ce5f982fa272/001-628b01f9-d525-4554-812a-491e7d090b8b-downloadableSrc-9488a822568d.webp
79f8e230-36c2-48a1-8310-ce5f982fa272,Sending a chat,28f44562-240b-48eb-997f-8a1a731499cb,Phantom,689aadcf-d2e3-49bb-8ebb-e135252e28bd,1,2,48635445-2153-48c4-a931-eb18f40f9887,true,downloadableSrc,200,image/webp,86526,86526,494c49d53d33398641cfc94424bee6c4910487004f2c6a76d797e90d6fe3d725,1179,2676,,,bytescale.mobbin.com,f7a1807c1ac98ccf0eecf5078d61346ac9a94ca37a547f5708d580528c9e55c0,/Users/user/mobbin-sides/screen-flows/phantom/015-phantom-sending-a-chat-79f8e230-36c2-48a1-8310-ce5f982fa272/002-48635445-2153-48c4-a931-eb18f40f9887-downloadableSrc-494c49d53d33.webp
79f8e230-36c2-48a1-8310-ce5f982fa272,Sending a chat,28f44562-240b-48eb-997f-8a1a731499cb,Phantom,689aadcf-d2e3-49bb-8ebb-e135252e28bd,2,3,9096cde4-e5ba-4c6c-ba01-d2843b704817,true,downloadableSrc,200,image/webp,87014,87014,73a28e522dc429e4149317f0973f3d782a9b050d2755e8241bd48bfd9c4ef5f6,1179,2676,,,bytescale.mobbin.com,f7a1807c1ac98ccf0eecf5078d61346ac9a94ca37a547f5708d580528c9e55c0,/Users/user/mobbin-sides/screen-flows/phantom/015-phantom-sending-a-chat-79f8e230-36c2-48a1-8310-ce5f982fa272/003-9096cde4-e5ba-4c6c-ba01-d2843b704817-downloadableSrc-73a28e522dc4.webp
f19ae5e0-8484-4279-8d2a-5a4e94f5d76b,Trade future,28f44562-240b-48eb-997f-8a1a731499cb,Phantom,689aadcf-d2e3-49bb-8ebb-e135252e28bd,0,1,fc840afe-719f-4a5d-96a8-07e5946ea5b4,true,downloadableSrc,200,image/webp,57734,57734,e3ffcfe642bcd095fabf317dc5bde9dcdc7402b3ed7da2b1730f97cc448d6cbe,1179,2676,,,bytescale.mobbin.com,f7a1807c1ac98ccf0eecf5078d61346ac9a94ca37a547f5708d580528c9e55c0,/Users/user/mobbin-sides/screen-flows/phantom/016-phantom-trade-future-f19ae5e0-8484-4279-8d2a-5a4e94f5d76b/001-fc840afe-719f-4a5d-96a8-07e5946ea5b4-downloadableSrc-e3ffcfe642bc.webp
f19ae5e0-8484-4279-8d2a-5a4e94f5d76b,Trade future,28f44562-240b-48eb-997f-8a1a731499cb,Phantom,689aadcf-d2e3-49bb-8ebb-e135252e28bd,1,2,b1483e75-97a8-463a-bc2c-ff4e443c4e2c,true,downloadableSrc,200,image/webp,79064,79064,743be4a088c307b47de2b9635d2b0480e1530be8dafa7e9f38c3d9f897f4dfe6,1179,2676,,,bytescale.mobbin.com,f7a1807c1ac98ccf0eecf5078d61346ac9a94ca37a547f5708d580528c9e55c0,/Users/user/mobbin-sides/screen-flows/phantom/016-phantom-trade-future-f19ae5e0-8484-4279-8d2a-5a4e94f5d76b/002-b1483e75-97a8-463a-bc2c-ff4e443c4e2c-downloadableSrc-743be4a088c3.webp
f19ae5e0-8484-4279-8d2a-5a4e94f5d76b,Trade future,28f44562-240b-48eb-997f-8a1a731499cb,Phantom,689aadcf-d2e3-49bb-8ebb-e135252e28bd,2,3,d4c79749-5843-4ba5-934a-c53e74ce1c19,true,downloadableSrc,200,image/webp,63186,63186,714294292fb13d8101b19cb8dfbdf57cc58382a868bfa00bdf3fabd2bd54288a,1179,2676,,,bytescale.mobbin.com,f7a1807c1ac98ccf0eecf5078d61346ac9a94ca37a547f5708d580528c9e55c0,/Users/user/mobbin-sides/screen-flows/phantom/016-phantom-trade-future-f19ae5e0-8484-4279-8d2a-5a4e94f5d76b/003-d4c79749-5843-4ba5-934a-c53e74ce1c19-downloadableSrc-714294292fb1.webp
f19ae5e0-8484-4279-8d2a-5a4e94f5d76b,Trade future,28f44562-240b-48eb-997f-8a1a731499cb,Phantom,689aadcf-d2e3-49bb-8ebb-e135252e28bd,3,4,c9e96ba2-910e-411b-b8b7-f2f8bf717589,true,downloadableSrc,200,image/webp,91136,91136,b96969f0982c085ad783e1a52841335aec1ce7b8b52731186828d820d3b6d51d,1179,2676,,,bytescale.mobbin.com,f7a1807c1ac98ccf0eecf5078d61346ac9a94ca37a547f5708d580528c9e55c0,/Users/user/mobbin-sides/screen-flows/phantom/016-phantom-trade-future-f19ae5e0-8484-4279-8d2a-5a4e94f5d76b/004-c9e96ba2-910e-411b-b8b7-f2f8bf717589-downloadableSrc-b96969f0982c.webp
d0dc7ea4-f3b2-4adb-8eb9-70c50967465b,Setting trade risk,28f44562-240b-48eb-997f-8a1a731499cb,Phantom,689aadcf-d2e3-49bb-8ebb-e135252e28bd,0,1,d4c79749-5843-4ba5-934a-c53e74ce1c19,true,downloadableSrc,200,image/webp,63186,63186,714294292fb13d8101b19cb8dfbdf57cc58382a868bfa00bdf3fabd2bd54288a,1179,2676,,,bytescale.mobbin.com,f7a1807c1ac98ccf0eecf5078d61346ac9a94ca37a547f5708d580528c9e55c0,/Users/user/mobbin-sides/screen-flows/phantom/017-phantom-setting-trade-risk-d0dc7ea4-f3b2-4adb-8eb9-70c50967465b/001-d4c79749-5843-4ba5-934a-c53e74ce1c19-downloadableSrc-714294292fb1.webp
d0dc7ea4-f3b2-4adb-8eb9-70c50967465b,Setting trade risk,28f44562-240b-48eb-997f-8a1a731499cb,Phantom,689aadcf-d2e3-49bb-8ebb-e135252e28bd,1,2,5421dea1-637f-488f-a842-cb22a90c6142,true,downloadableSrc,200,image/webp,57172,57172,e3ab99f4e5850981da1f5f40e24d127c66ade7aab925d3d434c58724206f2ef9,1179,2676,,,bytescale.mobbin.com,f7a1807c1ac98ccf0eecf5078d61346ac9a94ca37a547f5708d580528c9e55c0,/Users/user/mobbin-sides/screen-flows/phantom/017-phantom-setting-trade-risk-d0dc7ea4-f3b2-4adb-8eb9-70c50967465b/002-5421dea1-637f-488f-a842-cb22a90c6142-downloadableSrc-e3ab99f4e585.webp
d0dc7ea4-f3b2-4adb-8eb9-70c50967465b,Setting trade risk,28f44562-240b-48eb-997f-8a1a731499cb,Phantom,689aadcf-d2e3-49bb-8ebb-e135252e28bd,2,3,62777a8d-863b-403c-bd89-5d05c43dcf02,true,downloadableSrc,200,image/webp,90984,90984,9b29b542cc4f8df1ad0a69c32f4ad22c0169118f018ed84ab3cda6b2f438f7cb,1179,2676,,,bytescale.mobbin.com,f7a1807c1ac98ccf0eecf5078d61346ac9a94ca37a547f5708d580528c9e55c0,/Users/user/mobbin-sides/screen-flows/phantom/017-phantom-setting-trade-risk-d0dc7ea4-f3b2-4adb-8eb9-70c50967465b/003-62777a8d-863b-403c-bd89-5d05c43dcf02-downloadableSrc-9b29b542cc4f.webp
d0dc7ea4-f3b2-4adb-8eb9-70c50967465b,Setting trade risk,28f44562-240b-48eb-997f-8a1a731499cb,Phantom,689aadcf-d2e3-49bb-8ebb-e135252e28bd,3,4,b005a3a3-8cde-47a6-a38d-796cb129e19f,true,downloadableSrc,200,image/webp,92444,92444,0f9a0a99f35a898bf78e54c21a2919d8927c0c3372f23f3991a7a17254a0542a,1179,2676,,,bytescale.mobbin.com,f7a1807c1ac98ccf0eecf5078d61346ac9a94ca37a547f5708d580528c9e55c0,/Users/user/mobbin-sides/screen-flows/phantom/017-phantom-setting-trade-risk-d0dc7ea4-f3b2-4adb-8eb9-70c50967465b/004-b005a3a3-8cde-47a6-a38d-796cb129e19f-downloadableSrc-0f9a0a99f35a.webp
d0dc7ea4-f3b2-4adb-8eb9-70c50967465b,Setting trade risk,28f44562-240b-48eb-997f-8a1a731499cb,Phantom,689aadcf-d2e3-49bb-8ebb-e135252e28bd,4,5,4b06efc5-5e95-4215-9419-4805ee4e5c6f,true,downloadableSrc,200,image/webp,62606,62606,df91ab7780a3a7052988d06b35c4b24efb230ae4d71f4822178983abf8ce2638,1179,2676,,,bytescale.mobbin.com,f7a1807c1ac98ccf0eecf5078d61346ac9a94ca37a547f5708d580528c9e55c0,/Users/user/mobbin-sides/screen-flows/phantom/017-phantom-setting-trade-risk-d0dc7ea4-f3b2-4adb-8eb9-70c50967465b/005-4b06efc5-5e95-4215-9419-4805ee4e5c6f-downloadableSrc-df91ab7780a3.webp
c17b8970-9638-4f40-a83b-b541f2ff92e4,Verified tokens,28f44562-240b-48eb-997f-8a1a731499cb,Phantom,689aadcf-d2e3-49bb-8ebb-e135252e28bd,0,1,76e93b20-0652-4758-8e2d-4925312a1fba,true,downloadableSrc,200,image/webp,67762,67762,e2cdb2b0c467642283b90d8d19f2278b0bf1b1988e92930f8166f09170c4db7e,1179,2676,,,bytescale.mobbin.com,f7a1807c1ac98ccf0eecf5078d61346ac9a94ca37a547f5708d580528c9e55c0,/Users/user/mobbin-sides/screen-flows/phantom/018-phantom-verified-tokens-c17b8970-9638-4f40-a83b-b541f2ff92e4/001-76e93b20-0652-4758-8e2d-4925312a1fba-downloadableSrc-e2cdb2b0c467.webp
c17b8970-9638-4f40-a83b-b541f2ff92e4,Verified tokens,28f44562-240b-48eb-997f-8a1a731499cb,Phantom,689aadcf-d2e3-49bb-8ebb-e135252e28bd,1,2,85f6b05f-7833-49b4-a843-e96b496de9b0,true,downloadableSrc,200,image/webp,70762,70762,7a4eba0179d9c808a8ff0ebdd50fde1d16712d23c2ad38e6616c3c6fceedecec,1179,2676,,,bytescale.mobbin.com,f7a1807c1ac98ccf0eecf5078d61346ac9a94ca37a547f5708d580528c9e55c0,/Users/user/mobbin-sides/screen-flows/phantom/018-phantom-verified-tokens-c17b8970-9638-4f40-a83b-b541f2ff92e4/002-85f6b05f-7833-49b4-a843-e96b496de9b0-downloadableSrc-7a4eba0179d9.webp
86fc24b4-cfed-48c8-be56-98afef61ebe0,Following a token,28f44562-240b-48eb-997f-8a1a731499cb,Phantom,689aadcf-d2e3-49bb-8ebb-e135252e28bd,0,1,76e93b20-0652-4758-8e2d-4925312a1fba,true,downloadableSrc,200,image/webp,67762,67762,e2cdb2b0c467642283b90d8d19f2278b0bf1b1988e92930f8166f09170c4db7e,1179,2676,,,bytescale.mobbin.com,f7a1807c1ac98ccf0eecf5078d61346ac9a94ca37a547f5708d580528c9e55c0,/Users/user/mobbin-sides/screen-flows/phantom/019-phantom-following-a-token-86fc24b4-cfed-48c8-be56-98afef61ebe0/001-76e93b20-0652-4758-8e2d-4925312a1fba-downloadableSrc-e2cdb2b0c467.webp
86fc24b4-cfed-48c8-be56-98afef61ebe0,Following a token,28f44562-240b-48eb-997f-8a1a731499cb,Phantom,689aadcf-d2e3-49bb-8ebb-e135252e28bd,1,2,2ca8751b-2348-4b23-a857-9caef85e7650,true,downloadableSrc,200,image/webp,68476,68476,dde076e3efd45e45f60f6e4a846d0cdb9486ae91f49929bb685197d1d5a968ac,1179,2676,,,bytescale.mobbin.com,f7a1807c1ac98ccf0eecf5078d61346ac9a94ca37a547f5708d580528c9e55c0,/Users/user/mobbin-sides/screen-flows/phantom/019-phantom-following-a-token-86fc24b4-cfed-48c8-be56-98afef61ebe0/002-2ca8751b-2348-4b23-a857-9caef85e7650-downloadableSrc-dde076e3efd4.webp
3316db6f-f0a1-4c33-b8a3-c6e3facb6ca5,Sending a token,28f44562-240b-48eb-997f-8a1a731499cb,Phantom,689aadcf-d2e3-49bb-8ebb-e135252e28bd,0,1,c8f09680-22fc-48f4-9788-925b8b22cee5,true,downloadableSrc,200,image/webp,71524,71524,ca59a28e992e58e230678adc19028a6929e4566d9cf7b98298e5b479c87552ea,1180,2676,,,bytescale.mobbin.com,f7a1807c1ac98ccf0eecf5078d61346ac9a94ca37a547f5708d580528c9e55c0,/Users/user/mobbin-sides/screen-flows/phantom/020-phantom-sending-a-token-3316db6f-f0a1-4c33-b8a3-c6e3facb6ca5/001-c8f09680-22fc-48f4-9788-925b8b22cee5-downloadableSrc-ca59a28e992e.webp
3316db6f-f0a1-4c33-b8a3-c6e3facb6ca5,Sending a token,28f44562-240b-48eb-997f-8a1a731499cb,Phantom,689aadcf-d2e3-49bb-8ebb-e135252e28bd,1,2,18b3394e-50bb-4fcd-9979-d60b0c2b1b76,true,downloadableSrc,200,image/webp,62218,62218,73a18a2638b58837aa82cd97e330e872a1f83f88962ad617fe25289cf8fca237,1180,2676,,,bytescale.mobbin.com,f7a1807c1ac98ccf0eecf5078d61346ac9a94ca37a547f5708d580528c9e55c0,/Users/user/mobbin-sides/screen-flows/phantom/020-phantom-sending-a-token-3316db6f-f0a1-4c33-b8a3-c6e3facb6ca5/002-18b3394e-50bb-4fcd-9979-d60b0c2b1b76-downloadableSrc-73a18a2638b5.webp
3316db6f-f0a1-4c33-b8a3-c6e3facb6ca5,Sending a token,28f44562-240b-48eb-997f-8a1a731499cb,Phantom,689aadcf-d2e3-49bb-8ebb-e135252e28bd,2,3,c4b35494-6fb5-420c-9d77-9e5c08e34a17,true,downloadableSrc,200,image/webp,27946,27946,001c0be489cc6085167c0258e177ee4fe7e2791b4ebf0784907dfd8828ddab5e,1180,2676,,,bytescale.mobbin.com,f7a1807c1ac98ccf0eecf5078d61346ac9a94ca37a547f5708d580528c9e55c0,/Users/user/mobbin-sides/screen-flows/phantom/020-phantom-sending-a-token-3316db6f-f0a1-4c33-b8a3-c6e3facb6ca5/003-c4b35494-6fb5-420c-9d77-9e5c08e34a17-downloadableSrc-001c0be489cc.webp
3316db6f-f0a1-4c33-b8a3-c6e3facb6ca5,Sending a token,28f44562-240b-48eb-997f-8a1a731499cb,Phantom,689aadcf-d2e3-49bb-8ebb-e135252e28bd,3,4,a6e85857-2c0f-4be6-963f-57eadfc7eac4,true,downloadableSrc,200,image/webp,64028,64028,9f20a74459827aad7a164b2b27084dfdfc010e93fbd39fe6aaad8a377dfa1467,1180,2676,,,bytescale.mobbin.com,f7a1807c1ac98ccf0eecf5078d61346ac9a94ca37a547f5708d580528c9e55c0,/Users/user/mobbin-sides/screen-flows/phantom/020-phantom-sending-a-token-3316db6f-f0a1-4c33-b8a3-c6e3facb6ca5/004-a6e85857-2c0f-4be6-963f-57eadfc7eac4-downloadableSrc-9f20a7445982.webp
3316db6f-f0a1-4c33-b8a3-c6e3facb6ca5,Sending a token,28f44562-240b-48eb-997f-8a1a731499cb,Phantom,689aadcf-d2e3-49bb-8ebb-e135252e28bd,4,5,e3568347-0985-47cd-bf5a-b3eed6b99587,true,downloadableSrc,200,image/webp,44158,44158,39ddd805983931ca53251e573b03b04246120de955c9dc8f192bd03843906b9e,1180,2676,,,bytescale.mobbin.com,f7a1807c1ac98ccf0eecf5078d61346ac9a94ca37a547f5708d580528c9e55c0,/Users/user/mobbin-sides/screen-flows/phantom/020-phantom-sending-a-token-3316db6f-f0a1-4c33-b8a3-c6e3facb6ca5/005-e3568347-0985-47cd-bf5a-b3eed6b99587-downloadableSrc-39ddd8059839.webp
3316db6f-f0a1-4c33-b8a3-c6e3facb6ca5,Sending a token,28f44562-240b-48eb-997f-8a1a731499cb,Phantom,689aadcf-d2e3-49bb-8ebb-e135252e28bd,5,6,cf4eeac4-805f-4cf9-839c-3e80a5481b12,true,downloadableSrc,200,image/webp,46432,46432,a89857ca78e74f32b25ceb3b5ba546854fa58e39bac29bd2b2f02818609dae51,1180,2676,,,bytescale.mobbin.com,f7a1807c1ac98ccf0eecf5078d61346ac9a94ca37a547f5708d580528c9e55c0,/Users/user/mobbin-sides/screen-flows/phantom/020-phantom-sending-a-token-3316db6f-f0a1-4c33-b8a3-c6e3facb6ca5/006-cf4eeac4-805f-4cf9-839c-3e80a5481b12-downloadableSrc-a89857ca78e7.webp
3316db6f-f0a1-4c33-b8a3-c6e3facb6ca5,Sending a token,28f44562-240b-48eb-997f-8a1a731499cb,Phantom,689aadcf-d2e3-49bb-8ebb-e135252e28bd,6,7,d1e9b056-98fc-4a66-a090-60e46c10304a,true,downloadableSrc,200,image/webp,33122,33122,3341c776a70f5f603c7caf14fd052b85ac0ecba432e8208bf98881133d47ac07,1180,2676,,,bytescale.mobbin.com,f7a1807c1ac98ccf0eecf5078d61346ac9a94ca37a547f5708d580528c9e55c0,/Users/user/mobbin-sides/screen-flows/phantom/020-phantom-sending-a-token-3316db6f-f0a1-4c33-b8a3-c6e3facb6ca5/007-d1e9b056-98fc-4a66-a090-60e46c10304a-downloadableSrc-3341c776a70f.webp
3316db6f-f0a1-4c33-b8a3-c6e3facb6ca5,Sending a token,28f44562-240b-48eb-997f-8a1a731499cb,Phantom,689aadcf-d2e3-49bb-8ebb-e135252e28bd,7,8,76a832bf-9917-446e-a4e4-5fcd275f3910,true,downloadableSrc,200,image/webp,27418,27418,cdb693b5918da3fa86a2ef63bc8477e0655f3cd5c08d7d4476048182150fe976,1180,2676,,,bytescale.mobbin.com,f7a1807c1ac98ccf0eecf5078d61346ac9a94ca37a547f5708d580528c9e55c0,/Users/user/mobbin-sides/screen-flows/phantom/020-phantom-sending-a-token-3316db6f-f0a1-4c33-b8a3-c6e3facb6ca5/008-76a832bf-9917-446e-a4e4-5fcd275f3910-downloadableSrc-cdb693b5918d.webp
3316db6f-f0a1-4c33-b8a3-c6e3facb6ca5,Sending a token,28f44562-240b-48eb-997f-8a1a731499cb,Phantom,689aadcf-d2e3-49bb-8ebb-e135252e28bd,8,9,bf9ffc9e-7f6a-415c-bbfa-98079468f351,true,downloadableSrc,200,image/webp,32318,32318,9925e228dec5a03201636fe3499e8851c4adb5985623246487fbafafed3f7e37,1180,2676,,,bytescale.mobbin.com,f7a1807c1ac98ccf0eecf5078d61346ac9a94ca37a547f5708d580528c9e55c0,/Users/user/mobbin-sides/screen-flows/phantom/020-phantom-sending-a-token-3316db6f-f0a1-4c33-b8a3-c6e3facb6ca5/009-bf9ffc9e-7f6a-415c-bbfa-98079468f351-downloadableSrc-9925e228dec5.webp
3316db6f-f0a1-4c33-b8a3-c6e3facb6ca5,Sending a token,28f44562-240b-48eb-997f-8a1a731499cb,Phantom,689aadcf-d2e3-49bb-8ebb-e135252e28bd,9,10,381c9a10-4eec-43a9-9aa0-372ea9991d6d,true,downloadableSrc,200,image/webp,74600,74600,2acf35e0dfdb65a176650cdd34c8b658c34afe04ae478717bef456d5644fe1cb,1180,2676,,,bytescale.mobbin.com,f7a1807c1ac98ccf0eecf5078d61346ac9a94ca37a547f5708d580528c9e55c0,/Users/user/mobbin-sides/screen-flows/phantom/020-phantom-sending-a-token-3316db6f-f0a1-4c33-b8a3-c6e3facb6ca5/010-381c9a10-4eec-43a9-9aa0-372ea9991d6d-downloadableSrc-2acf35e0dfdb.webp
6761c091-250b-4c2b-a208-689a2ea6b4eb,Selling tokens,28f44562-240b-48eb-997f-8a1a731499cb,Phantom,689aadcf-d2e3-49bb-8ebb-e135252e28bd,0,1,c8f09680-22fc-48f4-9788-925b8b22cee5,true,downloadableSrc,200,image/webp,71524,71524,ca59a28e992e58e230678adc19028a6929e4566d9cf7b98298e5b479c87552ea,1180,2676,,,bytescale.mobbin.com,f7a1807c1ac98ccf0eecf5078d61346ac9a94ca37a547f5708d580528c9e55c0,/Users/user/mobbin-sides/screen-flows/phantom/021-phantom-selling-tokens-6761c091-250b-4c2b-a208-689a2ea6b4eb/001-c8f09680-22fc-48f4-9788-925b8b22cee5-downloadableSrc-ca59a28e992e.webp
6761c091-250b-4c2b-a208-689a2ea6b4eb,Selling tokens,28f44562-240b-48eb-997f-8a1a731499cb,Phantom,689aadcf-d2e3-49bb-8ebb-e135252e28bd,1,2,f531a932-a7e1-4958-ad3e-a9798fe8589d,true,downloadableSrc,200,image/webp,69408,69408,e89772ab500230c8d4a06b194476d092f6f367d8a51dcbd055dfe7fc525c7e09,1179,2676,,,bytescale.mobbin.com,f7a1807c1ac98ccf0eecf5078d61346ac9a94ca37a547f5708d580528c9e55c0,/Users/user/mobbin-sides/screen-flows/phantom/021-phantom-selling-tokens-6761c091-250b-4c2b-a208-689a2ea6b4eb/002-f531a932-a7e1-4958-ad3e-a9798fe8589d-downloadableSrc-e89772ab5002.webp
6761c091-250b-4c2b-a208-689a2ea6b4eb,Selling tokens,28f44562-240b-48eb-997f-8a1a731499cb,Phantom,689aadcf-d2e3-49bb-8ebb-e135252e28bd,2,3,98de6d3d-23ed-4b27-9ed4-9f1d8ab016b5,true,downloadableSrc,200,image/webp,36084,36084,30f2cf933a44d74287ec5f34b9fa5a4d3be0da46056802afca11a313c61d14d3,1179,2676,,,bytescale.mobbin.com,f7a1807c1ac98ccf0eecf5078d61346ac9a94ca37a547f5708d580528c9e55c0,/Users/user/mobbin-sides/screen-flows/phantom/021-phantom-selling-tokens-6761c091-250b-4c2b-a208-689a2ea6b4eb/003-98de6d3d-23ed-4b27-9ed4-9f1d8ab016b5-downloadableSrc-30f2cf933a44.webp
6761c091-250b-4c2b-a208-689a2ea6b4eb,Selling tokens,28f44562-240b-48eb-997f-8a1a731499cb,Phantom,689aadcf-d2e3-49bb-8ebb-e135252e28bd,3,4,3fad6a3a-9806-46de-810b-ed318e331d59,true,downloadableSrc,200,image/webp,57980,57980,3746f3af7f763e80fb96579b8f94e3d6b308a6b18c1fd5a986c7b850fc56954e,1179,2676,,,bytescale.mobbin.com,f7a1807c1ac98ccf0eecf5078d61346ac9a94ca37a547f5708d580528c9e55c0,/Users/user/mobbin-sides/screen-flows/phantom/021-phantom-selling-tokens-6761c091-250b-4c2b-a208-689a2ea6b4eb/004-3fad6a3a-9806-46de-810b-ed318e331d59-downloadableSrc-3746f3af7f76.webp
6761c091-250b-4c2b-a208-689a2ea6b4eb,Selling tokens,28f44562-240b-48eb-997f-8a1a731499cb,Phantom,689aadcf-d2e3-49bb-8ebb-e135252e28bd,4,5,64d85f02-e1c9-46fc-bd76-76e1240c3988,true,downloadableSrc,200,image/webp,36242,36242,02a6a4d7e18d0bc7789efa3d3404c900f2c9b4fd3bfb205d4ba6856eba71eabe,1179,2676,,,bytescale.mobbin.com,f7a1807c1ac98ccf0eecf5078d61346ac9a94ca37a547f5708d580528c9e55c0,/Users/user/mobbin-sides/screen-flows/phantom/021-phantom-selling-tokens-6761c091-250b-4c2b-a208-689a2ea6b4eb/005-64d85f02-e1c9-46fc-bd76-76e1240c3988-downloadableSrc-02a6a4d7e18d.webp
6761c091-250b-4c2b-a208-689a2ea6b4eb,Selling tokens,28f44562-240b-48eb-997f-8a1a731499cb,Phantom,689aadcf-d2e3-49bb-8ebb-e135252e28bd,5,6,a3c6ca1a-3828-4b4d-a1ea-8dfe42ab796c,true,downloadableSrc,200,image/webp,49656,49656,27df1aad27fa962093b454df98d361d2a9fdc45509291aeb98337fcfc83b482d,1179,2676,,,bytescale.mobbin.com,f7a1807c1ac98ccf0eecf5078d61346ac9a94ca37a547f5708d580528c9e55c0,/Users/user/mobbin-sides/screen-flows/phantom/021-phantom-selling-tokens-6761c091-250b-4c2b-a208-689a2ea6b4eb/006-a3c6ca1a-3828-4b4d-a1ea-8dfe42ab796c-downloadableSrc-27df1aad27fa.webp
6761c091-250b-4c2b-a208-689a2ea6b4eb,Selling tokens,28f44562-240b-48eb-997f-8a1a731499cb,Phantom,689aadcf-d2e3-49bb-8ebb-e135252e28bd,6,7,77ad9164-a315-42fb-aef4-fc634f3a417a,true,downloadableSrc,200,image/webp,72626,72626,a2600200a1e1b833629996336bd91c00a61c3d7854cd4128972061627dc5669d,1179,2676,,,bytescale.mobbin.com,f7a1807c1ac98ccf0eecf5078d61346ac9a94ca37a547f5708d580528c9e55c0,/Users/user/mobbin-sides/screen-flows/phantom/021-phantom-selling-tokens-6761c091-250b-4c2b-a208-689a2ea6b4eb/007-77ad9164-a315-42fb-aef4-fc634f3a417a-downloadableSrc-a2600200a1e1.webp
7576a058-a6b2-442a-b136-77722df1f37b,Speculate with Perps,28f44562-240b-48eb-997f-8a1a731499cb,Phantom,689aadcf-d2e3-49bb-8ebb-e135252e28bd,0,1,377a0ab9-3b79-44e1-8a87-87fdc7d28367,true,downloadableSrc,200,image/webp,90438,90438,ba230d9efedce2e8a7529a6caccefceebe9a441b8334010a2a045115aaa1a205,1179,2676,,,bytescale.mobbin.com,f7a1807c1ac98ccf0eecf5078d61346ac9a94ca37a547f5708d580528c9e55c0,/Users/user/mobbin-sides/screen-flows/phantom/022-phantom-speculate-with-perps-7576a058-a6b2-442a-b136-77722df1f37b/001-377a0ab9-3b79-44e1-8a87-87fdc7d28367-downloadableSrc-ba230d9efedc.webp
7576a058-a6b2-442a-b136-77722df1f37b,Speculate with Perps,28f44562-240b-48eb-997f-8a1a731499cb,Phantom,689aadcf-d2e3-49bb-8ebb-e135252e28bd,1,2,8405c2e2-94fc-4bfa-b22d-25f5d0eea167,true,downloadableSrc,200,image/webp,65538,65538,731cb1945d90e2f56c625a768794f33f88324d53b3186cde495f4fdc0f277058,1179,2676,,,bytescale.mobbin.com,f7a1807c1ac98ccf0eecf5078d61346ac9a94ca37a547f5708d580528c9e55c0,/Users/user/mobbin-sides/screen-flows/phantom/022-phantom-speculate-with-perps-7576a058-a6b2-442a-b136-77722df1f37b/002-8405c2e2-94fc-4bfa-b22d-25f5d0eea167-downloadableSrc-731cb1945d90.webp
7576a058-a6b2-442a-b136-77722df1f37b,Speculate with Perps,28f44562-240b-48eb-997f-8a1a731499cb,Phantom,689aadcf-d2e3-49bb-8ebb-e135252e28bd,2,3,69383319-aee6-468b-8af1-d82028f15113,true,downloadableSrc,200,image/webp,86362,86362,6470402956efb19a2c355ad548603b13865cf7b732e494d332181a71b40f5618,1179,2676,,,bytescale.mobbin.com,f7a1807c1ac98ccf0eecf5078d61346ac9a94ca37a547f5708d580528c9e55c0,/Users/user/mobbin-sides/screen-flows/phantom/022-phantom-speculate-with-perps-7576a058-a6b2-442a-b136-77722df1f37b/003-69383319-aee6-468b-8af1-d82028f15113-downloadableSrc-6470402956ef.webp
7576a058-a6b2-442a-b136-77722df1f37b,Speculate with Perps,28f44562-240b-48eb-997f-8a1a731499cb,Phantom,689aadcf-d2e3-49bb-8ebb-e135252e28bd,3,4,66ccebd1-99b3-4359-929e-5a3742219c20,true,downloadableSrc,200,image/webp,101126,101126,714bf1e46ba454341b339da119a3c2a933260128322ff3962b941b5722aa0fdb,1179,2676,,,bytescale.mobbin.com,f7a1807c1ac98ccf0eecf5078d61346ac9a94ca37a547f5708d580528c9e55c0,/Users/user/mobbin-sides/screen-flows/phantom/022-phantom-speculate-with-perps-7576a058-a6b2-442a-b136-77722df1f37b/004-66ccebd1-99b3-4359-929e-5a3742219c20-downloadableSrc-714bf1e46ba4.webp
7576a058-a6b2-442a-b136-77722df1f37b,Speculate with Perps,28f44562-240b-48eb-997f-8a1a731499cb,Phantom,689aadcf-d2e3-49bb-8ebb-e135252e28bd,4,5,cc5932ae-a4dd-4e3e-b159-593e0a37d2f1,true,downloadableSrc,200,image/webp,101766,101766,806eb706257cdd5dcd7f11f4ac29d61be465973c749e06cb6774e04963cd01ee,1179,2676,,,bytescale.mobbin.com,f7a1807c1ac98ccf0eecf5078d61346ac9a94ca37a547f5708d580528c9e55c0,/Users/user/mobbin-sides/screen-flows/phantom/022-phantom-speculate-with-perps-7576a058-a6b2-442a-b136-77722df1f37b/005-cc5932ae-a4dd-4e3e-b159-593e0a37d2f1-downloadableSrc-806eb706257c.webp
7576a058-a6b2-442a-b136-77722df1f37b,Speculate with Perps,28f44562-240b-48eb-997f-8a1a731499cb,Phantom,689aadcf-d2e3-49bb-8ebb-e135252e28bd,5,6,e5b75618-e4d7-45a9-889a-dbad97d33a60,true,downloadableSrc,200,image/webp,87070,87070,bc7c447350eef86f4f8380deeb2f2b81c398872e2e78d02a52814a7a0e427484,1179,2676,,,bytescale.mobbin.com,f7a1807c1ac98ccf0eecf5078d61346ac9a94ca37a547f5708d580528c9e55c0,/Users/user/mobbin-sides/screen-flows/phantom/022-phantom-speculate-with-perps-7576a058-a6b2-442a-b136-77722df1f37b/006-e5b75618-e4d7-45a9-889a-dbad97d33a60-downloadableSrc-bc7c447350ee.webp
7576a058-a6b2-442a-b136-77722df1f37b,Speculate with Perps,28f44562-240b-48eb-997f-8a1a731499cb,Phantom,689aadcf-d2e3-49bb-8ebb-e135252e28bd,6,7,5b78420b-92c7-418b-96f1-e64f2dd87904,true,downloadableSrc,200,image/webp,75856,75856,54a8641434aff513e6c6785a0ca6601c1a4a2031fc96d0e3c785c076023b1153,1179,2676,,,bytescale.mobbin.com,f7a1807c1ac98ccf0eecf5078d61346ac9a94ca37a547f5708d580528c9e55c0,/Users/user/mobbin-sides/screen-flows/phantom/022-phantom-speculate-with-perps-7576a058-a6b2-442a-b136-77722df1f37b/007-5b78420b-92c7-418b-96f1-e64f2dd87904-downloadableSrc-54a8641434af.webp
18d7b3e9-9c82-4944-b600-9a6bca760a39,Category detail,28f44562-240b-48eb-997f-8a1a731499cb,Phantom,689aadcf-d2e3-49bb-8ebb-e135252e28bd,0,1,8405c2e2-94fc-4bfa-b22d-25f5d0eea167,true,downloadableSrc,200,image/webp,65538,65538,731cb1945d90e2f56c625a768794f33f88324d53b3186cde495f4fdc0f277058,1179,2676,,,bytescale.mobbin.com,f7a1807c1ac98ccf0eecf5078d61346ac9a94ca37a547f5708d580528c9e55c0,/Users/user/mobbin-sides/screen-flows/phantom/023-phantom-category-detail-18d7b3e9-9c82-4944-b600-9a6bca760a39/001-8405c2e2-94fc-4bfa-b22d-25f5d0eea167-downloadableSrc-731cb1945d90.webp
18d7b3e9-9c82-4944-b600-9a6bca760a39,Category detail,28f44562-240b-48eb-997f-8a1a731499cb,Phantom,689aadcf-d2e3-49bb-8ebb-e135252e28bd,1,2,8d98efe3-3586-4584-970d-69bf58e6fb57,true,downloadableSrc,200,image/webp,66754,66754,afdbafb5b385a1a245c2b436a9fc0d823e649777540dbf09e148d83401dabc15,1179,2676,,,bytescale.mobbin.com,f7a1807c1ac98ccf0eecf5078d61346ac9a94ca37a547f5708d580528c9e55c0,/Users/user/mobbin-sides/screen-flows/phantom/023-phantom-category-detail-18d7b3e9-9c82-4944-b600-9a6bca760a39/002-8d98efe3-3586-4584-970d-69bf58e6fb57-downloadableSrc-afdbafb5b385.webp
18d7b3e9-9c82-4944-b600-9a6bca760a39,Category detail,28f44562-240b-48eb-997f-8a1a731499cb,Phantom,689aadcf-d2e3-49bb-8ebb-e135252e28bd,2,3,0821a9d2-1334-4e77-9061-41ca53d2d6b5,true,downloadableSrc,200,image/webp,69108,69108,1dd6c8d04d0041af080df5a0008afa94a0cb5a7b23e9f65253b666eff0e19e7a,1179,2676,,,bytescale.mobbin.com,f7a1807c1ac98ccf0eecf5078d61346ac9a94ca37a547f5708d580528c9e55c0,/Users/user/mobbin-sides/screen-flows/phantom/023-phantom-category-detail-18d7b3e9-9c82-4944-b600-9a6bca760a39/003-0821a9d2-1334-4e77-9061-41ca53d2d6b5-downloadableSrc-1dd6c8d04d00.webp
18d7b3e9-9c82-4944-b600-9a6bca760a39,Category detail,28f44562-240b-48eb-997f-8a1a731499cb,Phantom,689aadcf-d2e3-49bb-8ebb-e135252e28bd,3,4,e2664fa6-3af6-43a5-aaba-5e9fe65d81d9,true,downloadableSrc,200,image/webp,84176,84176,c0bfe60bcf57de8c2c4caa02d11a628f43930834c6d45af798d38f372d864529,1179,2676,,,bytescale.mobbin.com,f7a1807c1ac98ccf0eecf5078d61346ac9a94ca37a547f5708d580528c9e55c0,/Users/user/mobbin-sides/screen-flows/phantom/023-phantom-category-detail-18d7b3e9-9c82-4944-b600-9a6bca760a39/004-e2664fa6-3af6-43a5-aaba-5e9fe65d81d9-downloadableSrc-c0bfe60bcf57.webp
18d7b3e9-9c82-4944-b600-9a6bca760a39,Category detail,28f44562-240b-48eb-997f-8a1a731499cb,Phantom,689aadcf-d2e3-49bb-8ebb-e135252e28bd,4,5,da37183a-7df3-401f-b408-2ddd722df017,true,downloadableSrc,200,image/webp,144256,144256,00092a7d21a51605e4a05118759c0fa3825c6ce15163636ba422270ff65b5deb,1179,2676,,,bytescale.mobbin.com,f7a1807c1ac98ccf0eecf5078d61346ac9a94ca37a547f5708d580528c9e55c0,/Users/user/mobbin-sides/screen-flows/phantom/023-phantom-category-detail-18d7b3e9-9c82-4944-b600-9a6bca760a39/005-da37183a-7df3-401f-b408-2ddd722df017-downloadableSrc-00092a7d21a5.webp
13c0ac2c-6704-4796-9ff5-b194e18caed1,Sorting categories,28f44562-240b-48eb-997f-8a1a731499cb,Phantom,689aadcf-d2e3-49bb-8ebb-e135252e28bd,0,1,0821a9d2-1334-4e77-9061-41ca53d2d6b5,true,downloadableSrc,200,image/webp,69108,69108,1dd6c8d04d0041af080df5a0008afa94a0cb5a7b23e9f65253b666eff0e19e7a,1179,2676,,,bytescale.mobbin.com,f7a1807c1ac98ccf0eecf5078d61346ac9a94ca37a547f5708d580528c9e55c0,/Users/user/mobbin-sides/screen-flows/phantom/024-phantom-sorting-categories-13c0ac2c-6704-4796-9ff5-b194e18caed1/001-0821a9d2-1334-4e77-9061-41ca53d2d6b5-downloadableSrc-1dd6c8d04d00.webp
13c0ac2c-6704-4796-9ff5-b194e18caed1,Sorting categories,28f44562-240b-48eb-997f-8a1a731499cb,Phantom,689aadcf-d2e3-49bb-8ebb-e135252e28bd,1,2,7128a3ff-515f-42f6-b99d-91e07a8f8fc9,true,downloadableSrc,200,image/webp,69694,69694,cb30684d2fdcf3c54e8642c40dffe9f4f3d60859a6b366218418357319049879,1179,2676,,,bytescale.mobbin.com,f7a1807c1ac98ccf0eecf5078d61346ac9a94ca37a547f5708d580528c9e55c0,/Users/user/mobbin-sides/screen-flows/phantom/024-phantom-sorting-categories-13c0ac2c-6704-4796-9ff5-b194e18caed1/002-7128a3ff-515f-42f6-b99d-91e07a8f8fc9-downloadableSrc-cb30684d2fdc.webp
13c0ac2c-6704-4796-9ff5-b194e18caed1,Sorting categories,28f44562-240b-48eb-997f-8a1a731499cb,Phantom,689aadcf-d2e3-49bb-8ebb-e135252e28bd,2,3,48788679-4484-4076-b63c-e676217dd96d,true,downloadableSrc,200,image/webp,66996,66996,90df975a96a5f87ac3c65f5a8d3155b45b45a959528aa575f3e9189750e8a3c8,1179,2676,,,bytescale.mobbin.com,f7a1807c1ac98ccf0eecf5078d61346ac9a94ca37a547f5708d580528c9e55c0,/Users/user/mobbin-sides/screen-flows/phantom/024-phantom-sorting-categories-13c0ac2c-6704-4796-9ff5-b194e18caed1/003-48788679-4484-4076-b63c-e676217dd96d-downloadableSrc-90df975a96a5.webp
c3453f6a-dac0-48bf-b6b9-01bf8713ccd1,Giving feedback,28f44562-240b-48eb-997f-8a1a731499cb,Phantom,689aadcf-d2e3-49bb-8ebb-e135252e28bd,0,1,5b78420b-92c7-418b-96f1-e64f2dd87904,true,downloadableSrc,200,image/webp,75856,75856,54a8641434aff513e6c6785a0ca6601c1a4a2031fc96d0e3c785c076023b1153,1179,2676,,,bytescale.mobbin.com,f7a1807c1ac98ccf0eecf5078d61346ac9a94ca37a547f5708d580528c9e55c0,/Users/user/mobbin-sides/screen-flows/phantom/025-phantom-giving-feedback-c3453f6a-dac0-48bf-b6b9-01bf8713ccd1/001-5b78420b-92c7-418b-96f1-e64f2dd87904-downloadableSrc-54a8641434af.webp
c3453f6a-dac0-48bf-b6b9-01bf8713ccd1,Giving feedback,28f44562-240b-48eb-997f-8a1a731499cb,Phantom,689aadcf-d2e3-49bb-8ebb-e135252e28bd,1,2,04fdf619-f236-4734-bed1-59a88c1f3125,true,downloadableSrc,200,image/webp,73148,73148,5beec3bb41133d985d77884aa48a7fe98a1b5b057dc5d2505f23632910f90798,1179,2676,,,bytescale.mobbin.com,f7a1807c1ac98ccf0eecf5078d61346ac9a94ca37a547f5708d580528c9e55c0,/Users/user/mobbin-sides/screen-flows/phantom/025-phantom-giving-feedback-c3453f6a-dac0-48bf-b6b9-01bf8713ccd1/002-04fdf619-f236-4734-bed1-59a88c1f3125-downloadableSrc-5beec3bb4113.webp
c3453f6a-dac0-48bf-b6b9-01bf8713ccd1,Giving feedback,28f44562-240b-48eb-997f-8a1a731499cb,Phantom,689aadcf-d2e3-49bb-8ebb-e135252e28bd,2,3,39752c87-be2a-41de-be0b-1437bc0c1258,true,downloadableSrc,200,image/webp,75120,75120,fc0d4f8547c8d4fcfab45561af0692531af736578bb9ebf94c1865cac1425811,1179,2676,,,bytescale.mobbin.com,f7a1807c1ac98ccf0eecf5078d61346ac9a94ca37a547f5708d580528c9e55c0,/Users/user/mobbin-sides/screen-flows/phantom/025-phantom-giving-feedback-c3453f6a-dac0-48bf-b6b9-01bf8713ccd1/003-39752c87-be2a-41de-be0b-1437bc0c1258-downloadableSrc-fc0d4f8547c8.webp
c3453f6a-dac0-48bf-b6b9-01bf8713ccd1,Giving feedback,28f44562-240b-48eb-997f-8a1a731499cb,Phantom,689aadcf-d2e3-49bb-8ebb-e135252e28bd,3,4,763ed41c-2223-4f55-a8bb-0762042953ee,true,downloadableSrc,200,image/webp,75854,75854,cea22eb744ed040fe2e8c73fe375daefd6fb8833bbf44aa82584231c0362cf8b,1179,2676,,,bytescale.mobbin.com,f7a1807c1ac98ccf0eecf5078d61346ac9a94ca37a547f5708d580528c9e55c0,/Users/user/mobbin-sides/screen-flows/phantom/025-phantom-giving-feedback-c3453f6a-dac0-48bf-b6b9-01bf8713ccd1/004-763ed41c-2223-4f55-a8bb-0762042953ee-downloadableSrc-cea22eb744ed.webp
0da2cf81-881e-43bf-bd66-e8955ced544f,Tokenized stocks,28f44562-240b-48eb-997f-8a1a731499cb,Phantom,689aadcf-d2e3-49bb-8ebb-e135252e28bd,0,1,377a0ab9-3b79-44e1-8a87-87fdc7d28367,true,downloadableSrc,200,image/webp,90438,90438,ba230d9efedce2e8a7529a6caccefceebe9a441b8334010a2a045115aaa1a205,1179,2676,,,bytescale.mobbin.com,f7a1807c1ac98ccf0eecf5078d61346ac9a94ca37a547f5708d580528c9e55c0,/Users/user/mobbin-sides/screen-flows/phantom/026-phantom-tokenized-stocks-0da2cf81-881e-43bf-bd66-e8955ced544f/001-377a0ab9-3b79-44e1-8a87-87fdc7d28367-downloadableSrc-ba230d9efedc.webp
0da2cf81-881e-43bf-bd66-e8955ced544f,Tokenized stocks,28f44562-240b-48eb-997f-8a1a731499cb,Phantom,689aadcf-d2e3-49bb-8ebb-e135252e28bd,1,2,bddad16a-0bed-47a4-ba25-7ce5ffcf09a8,true,downloadableSrc,200,image/webp,108866,108866,7c48372515a1d1980fb816df2b6f87e3ca9c10b52d027d7be6de62a1f6bb0d03,1179,2676,,,bytescale.mobbin.com,f7a1807c1ac98ccf0eecf5078d61346ac9a94ca37a547f5708d580528c9e55c0,/Users/user/mobbin-sides/screen-flows/phantom/026-phantom-tokenized-stocks-0da2cf81-881e-43bf-bd66-e8955ced544f/002-bddad16a-0bed-47a4-ba25-7ce5ffcf09a8-downloadableSrc-7c48372515a1.webp
761f9c09-38ca-44b5-88b2-48021be1b730,Recent activity,28f44562-240b-48eb-997f-8a1a731499cb,Phantom,689aadcf-d2e3-49bb-8ebb-e135252e28bd,0,1,c8f09680-22fc-48f4-9788-925b8b22cee5,true,downloadableSrc,200,image/webp,71524,71524,ca59a28e992e58e230678adc19028a6929e4566d9cf7b98298e5b479c87552ea,1180,2676,,,bytescale.mobbin.com,f7a1807c1ac98ccf0eecf5078d61346ac9a94ca37a547f5708d580528c9e55c0,/Users/user/mobbin-sides/screen-flows/phantom/027-phantom-recent-activity-761f9c09-38ca-44b5-88b2-48021be1b730/001-c8f09680-22fc-48f4-9788-925b8b22cee5-downloadableSrc-ca59a28e992e.webp
761f9c09-38ca-44b5-88b2-48021be1b730,Recent activity,28f44562-240b-48eb-997f-8a1a731499cb,Phantom,689aadcf-d2e3-49bb-8ebb-e135252e28bd,1,2,f8942051-f2e8-4630-b9ef-fb8fe0727093,true,downloadableSrc,200,image/webp,22236,22236,b243f75edc03fa0bfe9dde6db507a931338137433ad100a099d46afb2ef213e3,1179,2676,,,bytescale.mobbin.com,f7a1807c1ac98ccf0eecf5078d61346ac9a94ca37a547f5708d580528c9e55c0,/Users/user/mobbin-sides/screen-flows/phantom/027-phantom-recent-activity-761f9c09-38ca-44b5-88b2-48021be1b730/002-f8942051-f2e8-4630-b9ef-fb8fe0727093-downloadableSrc-b243f75edc03.webp
761f9c09-38ca-44b5-88b2-48021be1b730,Recent activity,28f44562-240b-48eb-997f-8a1a731499cb,Phantom,689aadcf-d2e3-49bb-8ebb-e135252e28bd,2,3,52addaff-b193-4d6c-9dbf-2ef1fbdf55cc,true,downloadableSrc,200,image/webp,83444,83444,3f40dbd1ef909f861729b8d035c1d89b97ee456d5333d701050badea3bec7b92,1179,2676,,,bytescale.mobbin.com,f7a1807c1ac98ccf0eecf5078d61346ac9a94ca37a547f5708d580528c9e55c0,/Users/user/mobbin-sides/screen-flows/phantom/027-phantom-recent-activity-761f9c09-38ca-44b5-88b2-48021be1b730/003-52addaff-b193-4d6c-9dbf-2ef1fbdf55cc-downloadableSrc-3f40dbd1ef90.webp
98a1d2a0-d67d-4479-aca9-d23ed105fd9b,Searching Phantom,28f44562-240b-48eb-997f-8a1a731499cb,Phantom,689aadcf-d2e3-49bb-8ebb-e135252e28bd,0,1,c8f09680-22fc-48f4-9788-925b8b22cee5,true,downloadableSrc,200,image/webp,71524,71524,ca59a28e992e58e230678adc19028a6929e4566d9cf7b98298e5b479c87552ea,1180,2676,,,bytescale.mobbin.com,f7a1807c1ac98ccf0eecf5078d61346ac9a94ca37a547f5708d580528c9e55c0,/Users/user/mobbin-sides/screen-flows/phantom/028-phantom-searching-phantom-98a1d2a0-d67d-4479-aca9-d23ed105fd9b/001-c8f09680-22fc-48f4-9788-925b8b22cee5-downloadableSrc-ca59a28e992e.webp
98a1d2a0-d67d-4479-aca9-d23ed105fd9b,Searching Phantom,28f44562-240b-48eb-997f-8a1a731499cb,Phantom,689aadcf-d2e3-49bb-8ebb-e135252e28bd,1,2,793e008a-a3a5-4341-beee-96d2ddc0a918,true,downloadableSrc,200,image/webp,109606,109606,5022d831fb98cb1adbf694e75ee45878564b8e778b43cae22691288aafd852c7,1180,2676,,,bytescale.mobbin.com,f7a1807c1ac98ccf0eecf5078d61346ac9a94ca37a547f5708d580528c9e55c0,/Users/user/mobbin-sides/screen-flows/phantom/028-phantom-searching-phantom-98a1d2a0-d67d-4479-aca9-d23ed105fd9b/002-793e008a-a3a5-4341-beee-96d2ddc0a918-downloadableSrc-5022d831fb98.webp
98a1d2a0-d67d-4479-aca9-d23ed105fd9b,Searching Phantom,28f44562-240b-48eb-997f-8a1a731499cb,Phantom,689aadcf-d2e3-49bb-8ebb-e135252e28bd,2,3,db8882ec-4ffa-46d6-ba84-278fd8106e01,true,downloadableSrc,200,image/webp,79092,79092,30ac37f5cf07620ed1b49e9c454197157c7b45b1a110b7069f39604a10eeddfe,1180,2676,,,bytescale.mobbin.com,f7a1807c1ac98ccf0eecf5078d61346ac9a94ca37a547f5708d580528c9e55c0,/Users/user/mobbin-sides/screen-flows/phantom/028-phantom-searching-phantom-98a1d2a0-d67d-4479-aca9-d23ed105fd9b/003-db8882ec-4ffa-46d6-ba84-278fd8106e01-downloadableSrc-30ac37f5cf07.webp
98a1d2a0-d67d-4479-aca9-d23ed105fd9b,Searching Phantom,28f44562-240b-48eb-997f-8a1a731499cb,Phantom,689aadcf-d2e3-49bb-8ebb-e135252e28bd,3,4,cfa052f6-296f-4f7a-8212-127c3e175d11,true,downloadableSrc,200,image/webp,75234,75234,f44e75d2b4a37a29526ef5157dbf207a6775da77bafc41342b213bf405e1d9ed,1180,2676,,,bytescale.mobbin.com,f7a1807c1ac98ccf0eecf5078d61346ac9a94ca37a547f5708d580528c9e55c0,/Users/user/mobbin-sides/screen-flows/phantom/028-phantom-searching-phantom-98a1d2a0-d67d-4479-aca9-d23ed105fd9b/004-cfa052f6-296f-4f7a-8212-127c3e175d11-downloadableSrc-f44e75d2b4a3.webp
07238cc8-6ae5-4ce4-be79-6e4c954b0c53,Predictions,28f44562-240b-48eb-997f-8a1a731499cb,Phantom,689aadcf-d2e3-49bb-8ebb-e135252e28bd,0,1,b8c9e6bf-8e82-4adb-9ff0-66ce54e0cea1,true,downloadableSrc,200,image/webp,87944,87944,26830ba04997b6d73d419b8ab3e3adf2292f8155e2ae92d0497ece89e806e4fe,1180,2676,,,bytescale.mobbin.com,f7a1807c1ac98ccf0eecf5078d61346ac9a94ca37a547f5708d580528c9e55c0,/Users/user/mobbin-sides/screen-flows/phantom/029-phantom-predictions-07238cc8-6ae5-4ce4-be79-6e4c954b0c53/001-b8c9e6bf-8e82-4adb-9ff0-66ce54e0cea1-downloadableSrc-26830ba04997.webp
07238cc8-6ae5-4ce4-be79-6e4c954b0c53,Predictions,28f44562-240b-48eb-997f-8a1a731499cb,Phantom,689aadcf-d2e3-49bb-8ebb-e135252e28bd,1,2,0d42cfe6-357c-407b-95b8-eca5e0c2b77f,true,downloadableSrc,200,image/webp,76828,76828,05dd453b29d70cb5c6e5fa58076de6341bc38a2194fc048ca685c7311e30cd2b,1179,2676,,,bytescale.mobbin.com,f7a1807c1ac98ccf0eecf5078d61346ac9a94ca37a547f5708d580528c9e55c0,/Users/user/mobbin-sides/screen-flows/phantom/029-phantom-predictions-07238cc8-6ae5-4ce4-be79-6e4c954b0c53/002-0d42cfe6-357c-407b-95b8-eca5e0c2b77f-downloadableSrc-05dd453b29d7.webp
07238cc8-6ae5-4ce4-be79-6e4c954b0c53,Predictions,28f44562-240b-48eb-997f-8a1a731499cb,Phantom,689aadcf-d2e3-49bb-8ebb-e135252e28bd,2,3,ebf94bf1-7667-4f43-ba1a-2d4e02e41921,true,downloadableSrc,200,image/webp,75574,75574,107dcf53c5f1edb6eb117761e8280251ee827a31ccec7802492175b1bdd75073,1179,2676,,,bytescale.mobbin.com,f7a1807c1ac98ccf0eecf5078d61346ac9a94ca37a547f5708d580528c9e55c0,/Users/user/mobbin-sides/screen-flows/phantom/029-phantom-predictions-07238cc8-6ae5-4ce4-be79-6e4c954b0c53/003-ebf94bf1-7667-4f43-ba1a-2d4e02e41921-downloadableSrc-107dcf53c5f1.webp
07238cc8-6ae5-4ce4-be79-6e4c954b0c53,Predictions,28f44562-240b-48eb-997f-8a1a731499cb,Phantom,689aadcf-d2e3-49bb-8ebb-e135252e28bd,3,4,c14b7161-2ef2-4644-ad38-63a1a3b1923d,true,downloadableSrc,200,image/webp,102486,102486,f85ecd418e961309d38dfa95f3a5c59b63fb49a9ab01d00f03b7d4b2440929f4,1179,2676,,,bytescale.mobbin.com,f7a1807c1ac98ccf0eecf5078d61346ac9a94ca37a547f5708d580528c9e55c0,/Users/user/mobbin-sides/screen-flows/phantom/029-phantom-predictions-07238cc8-6ae5-4ce4-be79-6e4c954b0c53/004-c14b7161-2ef2-4644-ad38-63a1a3b1923d-downloadableSrc-f85ecd418e96.webp
e5c1fdc4-641a-4d7d-b01c-c3257740352e,User profile,28f44562-240b-48eb-997f-8a1a731499cb,Phantom,689aadcf-d2e3-49bb-8ebb-e135252e28bd,0,1,d3b2c103-8eac-49ae-99ff-9d69c1fe1c95,true,downloadableSrc,200,image/webp,75204,75204,7646b6c6defd93eae99f8bb9a16869022b15f23f0f7a6b3f81d00ec710be212f,1180,2676,,,bytescale.mobbin.com,f7a1807c1ac98ccf0eecf5078d61346ac9a94ca37a547f5708d580528c9e55c0,/Users/user/mobbin-sides/screen-flows/phantom/030-phantom-user-profile-e5c1fdc4-641a-4d7d-b01c-c3257740352e/001-d3b2c103-8eac-49ae-99ff-9d69c1fe1c95-downloadableSrc-7646b6c6defd.webp
e5c1fdc4-641a-4d7d-b01c-c3257740352e,User profile,28f44562-240b-48eb-997f-8a1a731499cb,Phantom,689aadcf-d2e3-49bb-8ebb-e135252e28bd,1,2,51b4387a-95a9-4b97-b93b-ace5b07c7551,true,downloadableSrc,200,image/webp,42306,42306,b7c2977ae0a7ba0398504d49ab18227b249df850c50a3bfc044c6d52c50ef90d,1179,2676,,,bytescale.mobbin.com,f7a1807c1ac98ccf0eecf5078d61346ac9a94ca37a547f5708d580528c9e55c0,/Users/user/mobbin-sides/screen-flows/phantom/030-phantom-user-profile-e5c1fdc4-641a-4d7d-b01c-c3257740352e/002-51b4387a-95a9-4b97-b93b-ace5b07c7551-downloadableSrc-b7c2977ae0a7.webp
b04811be-511d-4aac-8647-7e5e7fce8a9a,Following a user,28f44562-240b-48eb-997f-8a1a731499cb,Phantom,689aadcf-d2e3-49bb-8ebb-e135252e28bd,0,1,51b4387a-95a9-4b97-b93b-ace5b07c7551,true,downloadableSrc,200,image/webp,42306,42306,b7c2977ae0a7ba0398504d49ab18227b249df850c50a3bfc044c6d52c50ef90d,1179,2676,,,bytescale.mobbin.com,f7a1807c1ac98ccf0eecf5078d61346ac9a94ca37a547f5708d580528c9e55c0,/Users/user/mobbin-sides/screen-flows/phantom/031-phantom-following-a-user-b04811be-511d-4aac-8647-7e5e7fce8a9a/001-51b4387a-95a9-4b97-b93b-ace5b07c7551-downloadableSrc-b7c2977ae0a7.webp
b04811be-511d-4aac-8647-7e5e7fce8a9a,Following a user,28f44562-240b-48eb-997f-8a1a731499cb,Phantom,689aadcf-d2e3-49bb-8ebb-e135252e28bd,1,2,97cdb69c-a455-4f5b-bfd6-d6e8e9cb6e93,true,downloadableSrc,200,image/webp,42786,42786,722935d36cbe4b6f5312b53f0b7a3befcee4e688311fcf44fb0fc81901893f98,1179,2676,,,bytescale.mobbin.com,f7a1807c1ac98ccf0eecf5078d61346ac9a94ca37a547f5708d580528c9e55c0,/Users/user/mobbin-sides/screen-flows/phantom/031-phantom-following-a-user-b04811be-511d-4aac-8647-7e5e7fce8a9a/002-97cdb69c-a455-4f5b-bfd6-d6e8e9cb6e93-downloadableSrc-722935d36cbe.webp
9b7595fa-f86b-4bf9-b65e-68be73a71af3,Muting a user,28f44562-240b-48eb-997f-8a1a731499cb,Phantom,689aadcf-d2e3-49bb-8ebb-e135252e28bd,0,1,97cdb69c-a455-4f5b-bfd6-d6e8e9cb6e93,true,downloadableSrc,200,image/webp,42786,42786,722935d36cbe4b6f5312b53f0b7a3befcee4e688311fcf44fb0fc81901893f98,1179,2676,,,bytescale.mobbin.com,f7a1807c1ac98ccf0eecf5078d61346ac9a94ca37a547f5708d580528c9e55c0,/Users/user/mobbin-sides/screen-flows/phantom/032-phantom-muting-a-user-9b7595fa-f86b-4bf9-b65e-68be73a71af3/001-97cdb69c-a455-4f5b-bfd6-d6e8e9cb6e93-downloadableSrc-722935d36cbe.webp
9b7595fa-f86b-4bf9-b65e-68be73a71af3,Muting a user,28f44562-240b-48eb-997f-8a1a731499cb,Phantom,689aadcf-d2e3-49bb-8ebb-e135252e28bd,1,2,d5e968b6-a239-45b2-91c9-002285f5d035,true,downloadableSrc,200,image/webp,42974,42974,591b64e43af71cd69b64a4057d8230a6c08cf27868d474dcfd64da3b51c3e855,1179,2676,,,bytescale.mobbin.com,f7a1807c1ac98ccf0eecf5078d61346ac9a94ca37a547f5708d580528c9e55c0,/Users/user/mobbin-sides/screen-flows/phantom/032-phantom-muting-a-user-9b7595fa-f86b-4bf9-b65e-68be73a71af3/002-d5e968b6-a239-45b2-91c9-002285f5d035-downloadableSrc-591b64e43af7.webp
c3eb5fbb-d3d3-4f87-92d2-27e49d18f333,Send a token,28f44562-240b-48eb-997f-8a1a731499cb,Phantom,689aadcf-d2e3-49bb-8ebb-e135252e28bd,0,1,51b4387a-95a9-4b97-b93b-ace5b07c7551,true,downloadableSrc,200,image/webp,42306,42306,b7c2977ae0a7ba0398504d49ab18227b249df850c50a3bfc044c6d52c50ef90d,1179,2676,,,bytescale.mobbin.com,f7a1807c1ac98ccf0eecf5078d61346ac9a94ca37a547f5708d580528c9e55c0,/Users/user/mobbin-sides/screen-flows/phantom/033-phantom-send-a-token-c3eb5fbb-d3d3-4f87-92d2-27e49d18f333/001-51b4387a-95a9-4b97-b93b-ace5b07c7551-downloadableSrc-b7c2977ae0a7.webp
c3eb5fbb-d3d3-4f87-92d2-27e49d18f333,Send a token,28f44562-240b-48eb-997f-8a1a731499cb,Phantom,689aadcf-d2e3-49bb-8ebb-e135252e28bd,1,2,8d0b8dab-8a31-46f3-a3ff-88a82db7211e,true,downloadableSrc,200,image/webp,47938,47938,2ddbddc7b336e4b1687cb3b325675eb838d39b05ff66a291bcbb224512a36221,1179,2676,,,bytescale.mobbin.com,f7a1807c1ac98ccf0eecf5078d61346ac9a94ca37a547f5708d580528c9e55c0,/Users/user/mobbin-sides/screen-flows/phantom/033-phantom-send-a-token-c3eb5fbb-d3d3-4f87-92d2-27e49d18f333/002-8d0b8dab-8a31-46f3-a3ff-88a82db7211e-downloadableSrc-2ddbddc7b336.webp
c3eb5fbb-d3d3-4f87-92d2-27e49d18f333,Send a token,28f44562-240b-48eb-997f-8a1a731499cb,Phantom,689aadcf-d2e3-49bb-8ebb-e135252e28bd,2,3,fea2c0c4-a0a9-45ad-88e9-4731c748be46,true,downloadableSrc,200,image/webp,42612,42612,724422eb1a764e3294df51a25cde0485c94a13b383c74ae927eea4b2e49884f4,1179,2676,,,bytescale.mobbin.com,f7a1807c1ac98ccf0eecf5078d61346ac9a94ca37a547f5708d580528c9e55c0,/Users/user/mobbin-sides/screen-flows/phantom/033-phantom-send-a-token-c3eb5fbb-d3d3-4f87-92d2-27e49d18f333/003-fea2c0c4-a0a9-45ad-88e9-4731c748be46-downloadableSrc-724422eb1a76.webp
b33aa7d1-61ef-4f36-8998-083c4e570281,Blocking a user,28f44562-240b-48eb-997f-8a1a731499cb,Phantom,689aadcf-d2e3-49bb-8ebb-e135252e28bd,0,1,51b4387a-95a9-4b97-b93b-ace5b07c7551,true,downloadableSrc,200,image/webp,42306,42306,b7c2977ae0a7ba0398504d49ab18227b249df850c50a3bfc044c6d52c50ef90d,1179,2676,,,bytescale.mobbin.com,f7a1807c1ac98ccf0eecf5078d61346ac9a94ca37a547f5708d580528c9e55c0,/Users/user/mobbin-sides/screen-flows/phantom/034-phantom-blocking-a-user-b33aa7d1-61ef-4f36-8998-083c4e570281/001-51b4387a-95a9-4b97-b93b-ace5b07c7551-downloadableSrc-b7c2977ae0a7.webp
b33aa7d1-61ef-4f36-8998-083c4e570281,Blocking a user,28f44562-240b-48eb-997f-8a1a731499cb,Phantom,689aadcf-d2e3-49bb-8ebb-e135252e28bd,1,2,d17dbeb2-f08b-4475-b5c9-ffc7246d1455,true,downloadableSrc,200,image/webp,40996,40996,619f5c6f6e9abba35571de81d62762b1a3e66b08068fe46116efa546809f7cf1,1179,2676,,,bytescale.mobbin.com,f7a1807c1ac98ccf0eecf5078d61346ac9a94ca37a547f5708d580528c9e55c0,/Users/user/mobbin-sides/screen-flows/phantom/034-phantom-blocking-a-user-b33aa7d1-61ef-4f36-8998-083c4e570281/002-d17dbeb2-f08b-4475-b5c9-ffc7246d1455-downloadableSrc-619f5c6f6e9a.webp
b33aa7d1-61ef-4f36-8998-083c4e570281,Blocking a user,28f44562-240b-48eb-997f-8a1a731499cb,Phantom,689aadcf-d2e3-49bb-8ebb-e135252e28bd,2,3,7d1afd97-1ede-432b-8d33-2a3aae614edb,true,downloadableSrc,200,image/webp,41390,41390,5c11e485aa2a17d83dbe9b5bd9ab2ef26ea6e1a09fa4d2f85994a65fa6a61561,1179,2676,,,bytescale.mobbin.com,f7a1807c1ac98ccf0eecf5078d61346ac9a94ca37a547f5708d580528c9e55c0,/Users/user/mobbin-sides/screen-flows/phantom/034-phantom-blocking-a-user-b33aa7d1-61ef-4f36-8998-083c4e570281/003-7d1afd97-1ede-432b-8d33-2a3aae614edb-downloadableSrc-5c11e485aa2a.webp
1b7fbf00-23a4-4bbf-84d1-4f9258d981e9,Reporting a user,28f44562-240b-48eb-997f-8a1a731499cb,Phantom,689aadcf-d2e3-49bb-8ebb-e135252e28bd,0,1,d17dbeb2-f08b-4475-b5c9-ffc7246d1455,true,downloadableSrc,200,image/webp,40996,40996,619f5c6f6e9abba35571de81d62762b1a3e66b08068fe46116efa546809f7cf1,1179,2676,,,bytescale.mobbin.com,f7a1807c1ac98ccf0eecf5078d61346ac9a94ca37a547f5708d580528c9e55c0,/Users/user/mobbin-sides/screen-flows/phantom/035-phantom-reporting-a-user-1b7fbf00-23a4-4bbf-84d1-4f9258d981e9/001-d17dbeb2-f08b-4475-b5c9-ffc7246d1455-downloadableSrc-619f5c6f6e9a.webp
1b7fbf00-23a4-4bbf-84d1-4f9258d981e9,Reporting a user,28f44562-240b-48eb-997f-8a1a731499cb,Phantom,689aadcf-d2e3-49bb-8ebb-e135252e28bd,1,2,e9438a9c-bd1e-4daa-b162-ae2556bd7606,true,downloadableSrc,200,image/webp,66490,66490,c36a1f76dcafbbd2f0df65453b149f1c11564c11e6929d06c5a5a5025338dd01,1179,2676,,,bytescale.mobbin.com,f7a1807c1ac98ccf0eecf5078d61346ac9a94ca37a547f5708d580528c9e55c0,/Users/user/mobbin-sides/screen-flows/phantom/035-phantom-reporting-a-user-1b7fbf00-23a4-4bbf-84d1-4f9258d981e9/002-e9438a9c-bd1e-4daa-b162-ae2556bd7606-downloadableSrc-c36a1f76dcaf.webp
1b7fbf00-23a4-4bbf-84d1-4f9258d981e9,Reporting a user,28f44562-240b-48eb-997f-8a1a731499cb,Phantom,689aadcf-d2e3-49bb-8ebb-e135252e28bd,2,3,2a263c82-7fa7-46ad-bbdf-55cf56176954,true,downloadableSrc,200,image/webp,67106,67106,970df898f27c7f19397782da19bbb0cc5282e93cf1e4490ca168eaca57f6ce06,1179,2676,,,bytescale.mobbin.com,f7a1807c1ac98ccf0eecf5078d61346ac9a94ca37a547f5708d580528c9e55c0,/Users/user/mobbin-sides/screen-flows/phantom/035-phantom-reporting-a-user-1b7fbf00-23a4-4bbf-84d1-4f9258d981e9/003-2a263c82-7fa7-46ad-bbdf-55cf56176954-downloadableSrc-970df898f27c.webp
1b7fbf00-23a4-4bbf-84d1-4f9258d981e9,Reporting a user,28f44562-240b-48eb-997f-8a1a731499cb,Phantom,689aadcf-d2e3-49bb-8ebb-e135252e28bd,3,4,75b4721e-054a-4577-9d00-e9654b8821a8,true,downloadableSrc,200,image/webp,45206,45206,d036cdd21e6b1e333460aec25a8ef578111b0171964dd682e1be51643267fecd,1179,2676,,,bytescale.mobbin.com,f7a1807c1ac98ccf0eecf5078d61346ac9a94ca37a547f5708d580528c9e55c0,/Users/user/mobbin-sides/screen-flows/phantom/035-phantom-reporting-a-user-1b7fbf00-23a4-4bbf-84d1-4f9258d981e9/004-75b4721e-054a-4577-9d00-e9654b8821a8-downloadableSrc-d036cdd21e6b.webp
e9a27e2a-07d7-4426-965b-d05e36f45809,Site detail,28f44562-240b-48eb-997f-8a1a731499cb,Phantom,689aadcf-d2e3-49bb-8ebb-e135252e28bd,0,1,d3b2c103-8eac-49ae-99ff-9d69c1fe1c95,true,downloadableSrc,200,image/webp,75204,75204,7646b6c6defd93eae99f8bb9a16869022b15f23f0f7a6b3f81d00ec710be212f,1180,2676,,,bytescale.mobbin.com,f7a1807c1ac98ccf0eecf5078d61346ac9a94ca37a547f5708d580528c9e55c0,/Users/user/mobbin-sides/screen-flows/phantom/036-phantom-site-detail-e9a27e2a-07d7-4426-965b-d05e36f45809/001-d3b2c103-8eac-49ae-99ff-9d69c1fe1c95-downloadableSrc-7646b6c6defd.webp
e9a27e2a-07d7-4426-965b-d05e36f45809,Site detail,28f44562-240b-48eb-997f-8a1a731499cb,Phantom,689aadcf-d2e3-49bb-8ebb-e135252e28bd,1,2,5e279d0b-1675-45cb-b12a-319cf38613f0,true,downloadableSrc,200,image/webp,76846,76846,191af011e058f6e167a12b28c4d48654c4170ee33198c58be5e23da5bb715267,1179,2676,,,bytescale.mobbin.com,f7a1807c1ac98ccf0eecf5078d61346ac9a94ca37a547f5708d580528c9e55c0,/Users/user/mobbin-sides/screen-flows/phantom/036-phantom-site-detail-e9a27e2a-07d7-4426-965b-d05e36f45809/002-5e279d0b-1675-45cb-b12a-319cf38613f0-downloadableSrc-191af011e058.webp
844106b6-f728-4725-ba06-103f216abb7a,Adding a site to bookmark,28f44562-240b-48eb-997f-8a1a731499cb,Phantom,689aadcf-d2e3-49bb-8ebb-e135252e28bd,0,1,5e279d0b-1675-45cb-b12a-319cf38613f0,true,downloadableSrc,200,image/webp,76846,76846,191af011e058f6e167a12b28c4d48654c4170ee33198c58be5e23da5bb715267,1179,2676,,,bytescale.mobbin.com,f7a1807c1ac98ccf0eecf5078d61346ac9a94ca37a547f5708d580528c9e55c0,/Users/user/mobbin-sides/screen-flows/phantom/037-phantom-adding-a-site-to-bookmark-844106b6-f728-4725-ba06-103f216abb7a/001-5e279d0b-1675-45cb-b12a-319cf38613f0-downloadableSrc-191af011e058.webp
844106b6-f728-4725-ba06-103f216abb7a,Adding a site to bookmark,28f44562-240b-48eb-997f-8a1a731499cb,Phantom,689aadcf-d2e3-49bb-8ebb-e135252e28bd,1,2,74f826c1-735c-4f08-9c6f-307038c23935,true,downloadableSrc,200,image/webp,76636,76636,6eabea7ea3b5e12f8050f6af6bcf417b134511c664c38deb84d1fae68f9fd4d3,1179,2676,,,bytescale.mobbin.com,f7a1807c1ac98ccf0eecf5078d61346ac9a94ca37a547f5708d580528c9e55c0,/Users/user/mobbin-sides/screen-flows/phantom/037-phantom-adding-a-site-to-bookmark-844106b6-f728-4725-ba06-103f216abb7a/002-74f826c1-735c-4f08-9c6f-307038c23935-downloadableSrc-6eabea7ea3b5.webp
8745ccad-41d9-48b4-bedd-fff913b9eb4b,Cash,28f44562-240b-48eb-997f-8a1a731499cb,Phantom,689aadcf-d2e3-49bb-8ebb-e135252e28bd,0,1,c8f09680-22fc-48f4-9788-925b8b22cee5,true,downloadableSrc,200,image/webp,71524,71524,ca59a28e992e58e230678adc19028a6929e4566d9cf7b98298e5b479c87552ea,1180,2676,,,bytescale.mobbin.com,f7a1807c1ac98ccf0eecf5078d61346ac9a94ca37a547f5708d580528c9e55c0,/Users/user/mobbin-sides/screen-flows/phantom/038-phantom-cash-8745ccad-41d9-48b4-bedd-fff913b9eb4b/001-c8f09680-22fc-48f4-9788-925b8b22cee5-downloadableSrc-ca59a28e992e.webp
8745ccad-41d9-48b4-bedd-fff913b9eb4b,Cash,28f44562-240b-48eb-997f-8a1a731499cb,Phantom,689aadcf-d2e3-49bb-8ebb-e135252e28bd,1,2,dfd71483-be26-4ad2-a4f4-7cb726280dcc,true,downloadableSrc,200,image/webp,41786,41786,da9d280fdf5e96ef812c3c8a67dd5447764a7c7a299efdd56f310ff1104b56cd,1179,2676,,,bytescale.mobbin.com,f7a1807c1ac98ccf0eecf5078d61346ac9a94ca37a547f5708d580528c9e55c0,/Users/user/mobbin-sides/screen-flows/phantom/038-phantom-cash-8745ccad-41d9-48b4-bedd-fff913b9eb4b/002-dfd71483-be26-4ad2-a4f4-7cb726280dcc-downloadableSrc-da9d280fdf5e.webp
8745ccad-41d9-48b4-bedd-fff913b9eb4b,Cash,28f44562-240b-48eb-997f-8a1a731499cb,Phantom,689aadcf-d2e3-49bb-8ebb-e135252e28bd,2,3,e102554d-eba7-4c0a-a3af-7397ddca3b4c,true,downloadableSrc,200,image/webp,46268,46268,2469e221bb10b4392733f43d6422fec0b6f5edadfcef120d0a19749bff0f0e84,1179,2676,,,bytescale.mobbin.com,f7a1807c1ac98ccf0eecf5078d61346ac9a94ca37a547f5708d580528c9e55c0,/Users/user/mobbin-sides/screen-flows/phantom/038-phantom-cash-8745ccad-41d9-48b4-bedd-fff913b9eb4b/003-e102554d-eba7-4c0a-a3af-7397ddca3b4c-downloadableSrc-2469e221bb10.webp
cf0c99a3-89db-459f-a7ea-069e4856dc5f,Swapping coins,28f44562-240b-48eb-997f-8a1a731499cb,Phantom,689aadcf-d2e3-49bb-8ebb-e135252e28bd,0,1,c8f09680-22fc-48f4-9788-925b8b22cee5,true,downloadableSrc,200,image/webp,71524,71524,ca59a28e992e58e230678adc19028a6929e4566d9cf7b98298e5b479c87552ea,1180,2676,,,bytescale.mobbin.com,f7a1807c1ac98ccf0eecf5078d61346ac9a94ca37a547f5708d580528c9e55c0,/Users/user/mobbin-sides/screen-flows/phantom/039-phantom-swapping-coins-cf0c99a3-89db-459f-a7ea-069e4856dc5f/001-c8f09680-22fc-48f4-9788-925b8b22cee5-downloadableSrc-ca59a28e992e.webp
cf0c99a3-89db-459f-a7ea-069e4856dc5f,Swapping coins,28f44562-240b-48eb-997f-8a1a731499cb,Phantom,689aadcf-d2e3-49bb-8ebb-e135252e28bd,1,2,f3819bab-9457-452a-89f6-a251ab9b3cc9,true,downloadableSrc,200,image/webp,77342,77342,97d9d41596c2d8db721c6f1697cf0c1e3028cbedbb76314dd87093a1ffed7193,1179,2676,,,bytescale.mobbin.com,f7a1807c1ac98ccf0eecf5078d61346ac9a94ca37a547f5708d580528c9e55c0,/Users/user/mobbin-sides/screen-flows/phantom/039-phantom-swapping-coins-cf0c99a3-89db-459f-a7ea-069e4856dc5f/002-f3819bab-9457-452a-89f6-a251ab9b3cc9-downloadableSrc-97d9d41596c2.webp
cf0c99a3-89db-459f-a7ea-069e4856dc5f,Swapping coins,28f44562-240b-48eb-997f-8a1a731499cb,Phantom,689aadcf-d2e3-49bb-8ebb-e135252e28bd,2,3,19e25fb6-9f76-4d83-b87c-749c85f35f9b,true,downloadableSrc,200,image/webp,75558,75558,ec714711bce92f87935ebdcee1570435ef74bb0b8116d9cfa11493804bf75230,1179,2676,,,bytescale.mobbin.com,f7a1807c1ac98ccf0eecf5078d61346ac9a94ca37a547f5708d580528c9e55c0,/Users/user/mobbin-sides/screen-flows/phantom/039-phantom-swapping-coins-cf0c99a3-89db-459f-a7ea-069e4856dc5f/003-19e25fb6-9f76-4d83-b87c-749c85f35f9b-downloadableSrc-ec714711bce9.webp
cf0c99a3-89db-459f-a7ea-069e4856dc5f,Swapping coins,28f44562-240b-48eb-997f-8a1a731499cb,Phantom,689aadcf-d2e3-49bb-8ebb-e135252e28bd,3,4,1eedeab5-7e9b-47ca-abf6-854ea1cf527d,true,downloadableSrc,200,image/webp,72378,72378,293994469a8cb4c1f503031d3138656a104bfccf24a3ee506ca12759e876e4dd,1179,2676,,,bytescale.mobbin.com,f7a1807c1ac98ccf0eecf5078d61346ac9a94ca37a547f5708d580528c9e55c0,/Users/user/mobbin-sides/screen-flows/phantom/039-phantom-swapping-coins-cf0c99a3-89db-459f-a7ea-069e4856dc5f/004-1eedeab5-7e9b-47ca-abf6-854ea1cf527d-downloadableSrc-293994469a8c.webp
cf0c99a3-89db-459f-a7ea-069e4856dc5f,Swapping coins,28f44562-240b-48eb-997f-8a1a731499cb,Phantom,689aadcf-d2e3-49bb-8ebb-e135252e28bd,4,5,65eff589-ab7c-4289-a456-68a161f019c2,true,downloadableSrc,200,image/webp,60608,60608,589fb25a459a7daafb281e26a5efa3fd0f5ddc1cdb9eddbc4d22639e6bfc1714,1179,2676,,,bytescale.mobbin.com,f7a1807c1ac98ccf0eecf5078d61346ac9a94ca37a547f5708d580528c9e55c0,/Users/user/mobbin-sides/screen-flows/phantom/039-phantom-swapping-coins-cf0c99a3-89db-459f-a7ea-069e4856dc5f/005-65eff589-ab7c-4289-a456-68a161f019c2-downloadableSrc-589fb25a459a.webp
cf0c99a3-89db-459f-a7ea-069e4856dc5f,Swapping coins,28f44562-240b-48eb-997f-8a1a731499cb,Phantom,689aadcf-d2e3-49bb-8ebb-e135252e28bd,5,6,5f4756c2-c519-46d5-a921-720e0ff0009f,true,downloadableSrc,200,image/webp,77390,77390,534c0e44b29212ecf4d4067737630eed688bbd62b65ac2db74b47cb6fe4f55ee,1179,2676,,,bytescale.mobbin.com,f7a1807c1ac98ccf0eecf5078d61346ac9a94ca37a547f5708d580528c9e55c0,/Users/user/mobbin-sides/screen-flows/phantom/039-phantom-swapping-coins-cf0c99a3-89db-459f-a7ea-069e4856dc5f/006-5f4756c2-c519-46d5-a921-720e0ff0009f-downloadableSrc-534c0e44b292.webp
cf0c99a3-89db-459f-a7ea-069e4856dc5f,Swapping coins,28f44562-240b-48eb-997f-8a1a731499cb,Phantom,689aadcf-d2e3-49bb-8ebb-e135252e28bd,6,7,40ba4046-bf50-471f-b2e4-de4323b5988b,true,downloadableSrc,200,image/webp,77594,77594,dfb3e7ad0d859004b98b61c3e481dd362c417856ae6964d227cc5ad94083a898,1179,2676,,,bytescale.mobbin.com,f7a1807c1ac98ccf0eecf5078d61346ac9a94ca37a547f5708d580528c9e55c0,/Users/user/mobbin-sides/screen-flows/phantom/039-phantom-swapping-coins-cf0c99a3-89db-459f-a7ea-069e4856dc5f/007-40ba4046-bf50-471f-b2e4-de4323b5988b-downloadableSrc-dfb3e7ad0d85.webp
59f9d275-81f1-476f-96b8-7f58968cc813,Sorting a token,28f44562-240b-48eb-997f-8a1a731499cb,Phantom,689aadcf-d2e3-49bb-8ebb-e135252e28bd,0,1,f3819bab-9457-452a-89f6-a251ab9b3cc9,true,downloadableSrc,200,image/webp,77342,77342,97d9d41596c2d8db721c6f1697cf0c1e3028cbedbb76314dd87093a1ffed7193,1179,2676,,,bytescale.mobbin.com,f7a1807c1ac98ccf0eecf5078d61346ac9a94ca37a547f5708d580528c9e55c0,/Users/user/mobbin-sides/screen-flows/phantom/040-phantom-sorting-a-token-59f9d275-81f1-476f-96b8-7f58968cc813/001-f3819bab-9457-452a-89f6-a251ab9b3cc9-downloadableSrc-97d9d41596c2.webp
59f9d275-81f1-476f-96b8-7f58968cc813,Sorting a token,28f44562-240b-48eb-997f-8a1a731499cb,Phantom,689aadcf-d2e3-49bb-8ebb-e135252e28bd,1,2,b7af26e8-f357-4f50-8e7a-896a059c634b,true,downloadableSrc,200,image/webp,78930,78930,3cb0d5a3de975018720717e357d5bbd998ead9fdc878a9d18ad65c9da6e3fa52,1179,2676,,,bytescale.mobbin.com,f7a1807c1ac98ccf0eecf5078d61346ac9a94ca37a547f5708d580528c9e55c0,/Users/user/mobbin-sides/screen-flows/phantom/040-phantom-sorting-a-token-59f9d275-81f1-476f-96b8-7f58968cc813/002-b7af26e8-f357-4f50-8e7a-896a059c634b-downloadableSrc-3cb0d5a3de97.webp
59f9d275-81f1-476f-96b8-7f58968cc813,Sorting a token,28f44562-240b-48eb-997f-8a1a731499cb,Phantom,689aadcf-d2e3-49bb-8ebb-e135252e28bd,2,3,911cb5ea-2bb4-4c85-a76f-a0904a72a4b4,true,downloadableSrc,200,image/webp,126024,126024,401834696030c5e3cac5ee3955f378ce3e96f0e04e781a6dd1a26e294c8ba531,1179,2676,,,bytescale.mobbin.com,f7a1807c1ac98ccf0eecf5078d61346ac9a94ca37a547f5708d580528c9e55c0,/Users/user/mobbin-sides/screen-flows/phantom/040-phantom-sorting-a-token-59f9d275-81f1-476f-96b8-7f58968cc813/003-911cb5ea-2bb4-4c85-a76f-a0904a72a4b4-downloadableSrc-401834696030.webp
7e00a1c7-5a89-4f4a-8a2d-6ec63154d119,Changing swap settings,28f44562-240b-48eb-997f-8a1a731499cb,Phantom,689aadcf-d2e3-49bb-8ebb-e135252e28bd,0,1,f3819bab-9457-452a-89f6-a251ab9b3cc9,true,downloadableSrc,200,image/webp,77342,77342,97d9d41596c2d8db721c6f1697cf0c1e3028cbedbb76314dd87093a1ffed7193,1179,2676,,,bytescale.mobbin.com,f7a1807c1ac98ccf0eecf5078d61346ac9a94ca37a547f5708d580528c9e55c0,/Users/user/mobbin-sides/screen-flows/phantom/041-phantom-changing-swap-settings-7e00a1c7-5a89-4f4a-8a2d-6ec63154d119/001-f3819bab-9457-452a-89f6-a251ab9b3cc9-downloadableSrc-97d9d41596c2.webp
7e00a1c7-5a89-4f4a-8a2d-6ec63154d119,Changing swap settings,28f44562-240b-48eb-997f-8a1a731499cb,Phantom,689aadcf-d2e3-49bb-8ebb-e135252e28bd,1,2,67901067-43d9-48ad-a60f-4e71b5447b2b,true,downloadableSrc,200,image/webp,23402,23402,d2a928bfc501a9bf5b05d0b7533b8ee5e2344355879d81eb365f7beb6d58fe57,1179,2676,,,bytescale.mobbin.com,f7a1807c1ac98ccf0eecf5078d61346ac9a94ca37a547f5708d580528c9e55c0,/Users/user/mobbin-sides/screen-flows/phantom/041-phantom-changing-swap-settings-7e00a1c7-5a89-4f4a-8a2d-6ec63154d119/002-67901067-43d9-48ad-a60f-4e71b5447b2b-downloadableSrc-d2a928bfc501.webp
7e00a1c7-5a89-4f4a-8a2d-6ec63154d119,Changing swap settings,28f44562-240b-48eb-997f-8a1a731499cb,Phantom,689aadcf-d2e3-49bb-8ebb-e135252e28bd,2,3,5eef8f39-b201-4478-8d36-de93014733a3,true,downloadableSrc,200,image/webp,49966,49966,f960964e682ee8f509e6979c09230dfffcf442466b5d253d055d2fc1ff870538,1179,2676,,,bytescale.mobbin.com,f7a1807c1ac98ccf0eecf5078d61346ac9a94ca37a547f5708d580528c9e55c0,/Users/user/mobbin-sides/screen-flows/phantom/041-phantom-changing-swap-settings-7e00a1c7-5a89-4f4a-8a2d-6ec63154d119/003-5eef8f39-b201-4478-8d36-de93014733a3-downloadableSrc-f960964e682e.webp
7e00a1c7-5a89-4f4a-8a2d-6ec63154d119,Changing swap settings,28f44562-240b-48eb-997f-8a1a731499cb,Phantom,689aadcf-d2e3-49bb-8ebb-e135252e28bd,3,4,8ad7511a-588d-4b54-8134-672a9209f103,true,downloadableSrc,200,image/webp,51686,51686,99b81142b9957cb4a5ed30d3bc4c6117f2edf94232f7a26174dcd58f7f497b1d,1179,2676,,,bytescale.mobbin.com,f7a1807c1ac98ccf0eecf5078d61346ac9a94ca37a547f5708d580528c9e55c0,/Users/user/mobbin-sides/screen-flows/phantom/041-phantom-changing-swap-settings-7e00a1c7-5a89-4f4a-8a2d-6ec63154d119/004-8ad7511a-588d-4b54-8134-672a9209f103-downloadableSrc-99b81142b995.webp
7e00a1c7-5a89-4f4a-8a2d-6ec63154d119,Changing swap settings,28f44562-240b-48eb-997f-8a1a731499cb,Phantom,689aadcf-d2e3-49bb-8ebb-e135252e28bd,4,5,6265fb00-6051-4d65-b9aa-f0efe32a03d1,true,downloadableSrc,200,image/webp,24030,24030,2f831cb893f87796304710d2df8addb4b17f6cbceac848c9c74ba2e6859f31e8,1179,2676,,,bytescale.mobbin.com,f7a1807c1ac98ccf0eecf5078d61346ac9a94ca37a547f5708d580528c9e55c0,/Users/user/mobbin-sides/screen-flows/phantom/041-phantom-changing-swap-settings-7e00a1c7-5a89-4f4a-8a2d-6ec63154d119/005-6265fb00-6051-4d65-b9aa-f0efe32a03d1-downloadableSrc-2f831cb893f8.webp
7e00a1c7-5a89-4f4a-8a2d-6ec63154d119,Changing swap settings,28f44562-240b-48eb-997f-8a1a731499cb,Phantom,689aadcf-d2e3-49bb-8ebb-e135252e28bd,5,6,a1d12d76-85b5-4539-8017-830ef9b55214,true,downloadableSrc,200,image/webp,34364,34364,8d5c1945fea59f989584073584b8318a216009d41a408eca9f0fe03b469bf147,1179,2676,,,bytescale.mobbin.com,f7a1807c1ac98ccf0eecf5078d61346ac9a94ca37a547f5708d580528c9e55c0,/Users/user/mobbin-sides/screen-flows/phantom/041-phantom-changing-swap-settings-7e00a1c7-5a89-4f4a-8a2d-6ec63154d119/006-a1d12d76-85b5-4539-8017-830ef9b55214-downloadableSrc-8d5c1945fea5.webp
7e00a1c7-5a89-4f4a-8a2d-6ec63154d119,Changing swap settings,28f44562-240b-48eb-997f-8a1a731499cb,Phantom,689aadcf-d2e3-49bb-8ebb-e135252e28bd,6,7,047a3535-e9a4-4b43-9510-ef70f3671f77,true,downloadableSrc,200,image/webp,46214,46214,0e2c97cde2fe0bded8df0489a4643b053f4f70f25039efe07211803ff8d598c3,1179,2676,,,bytescale.mobbin.com,f7a1807c1ac98ccf0eecf5078d61346ac9a94ca37a547f5708d580528c9e55c0,/Users/user/mobbin-sides/screen-flows/phantom/041-phantom-changing-swap-settings-7e00a1c7-5a89-4f4a-8a2d-6ec63154d119/007-047a3535-e9a4-4b43-9510-ef70f3671f77-downloadableSrc-0e2c97cde2fe.webp
7e00a1c7-5a89-4f4a-8a2d-6ec63154d119,Changing swap settings,28f44562-240b-48eb-997f-8a1a731499cb,Phantom,689aadcf-d2e3-49bb-8ebb-e135252e28bd,7,8,2c0e3a8f-4c80-4207-a5f3-4395eb8821e3,true,downloadableSrc,200,image/webp,59442,59442,e013be5f7e5c5fbf21deffce713d4faf0ce2a82447e9e4eafee433e86a4f9cee,1179,2676,,,bytescale.mobbin.com,f7a1807c1ac98ccf0eecf5078d61346ac9a94ca37a547f5708d580528c9e55c0,/Users/user/mobbin-sides/screen-flows/phantom/041-phantom-changing-swap-settings-7e00a1c7-5a89-4f4a-8a2d-6ec63154d119/008-2c0e3a8f-4c80-4207-a5f3-4395eb8821e3-downloadableSrc-e013be5f7e5c.webp
7e00a1c7-5a89-4f4a-8a2d-6ec63154d119,Changing swap settings,28f44562-240b-48eb-997f-8a1a731499cb,Phantom,689aadcf-d2e3-49bb-8ebb-e135252e28bd,8,9,942afb2b-c10a-42a3-bf53-3a6a277dbd7e,true,downloadableSrc,200,image/webp,25616,25616,e200dcdf9e9aba046e996c0feb35cc1e62fbbc77b35a1118c2541c42f8d51e69,1179,2676,,,bytescale.mobbin.com,f7a1807c1ac98ccf0eecf5078d61346ac9a94ca37a547f5708d580528c9e55c0,/Users/user/mobbin-sides/screen-flows/phantom/041-phantom-changing-swap-settings-7e00a1c7-5a89-4f4a-8a2d-6ec63154d119/009-942afb2b-c10a-42a3-bf53-3a6a277dbd7e-downloadableSrc-e200dcdf9e9a.webp
b430e577-caa8-4fdd-9014-7df9540994f0,Chats,28f44562-240b-48eb-997f-8a1a731499cb,Phantom,689aadcf-d2e3-49bb-8ebb-e135252e28bd,0,1,c8f09680-22fc-48f4-9788-925b8b22cee5,true,downloadableSrc,200,image/webp,71524,71524,ca59a28e992e58e230678adc19028a6929e4566d9cf7b98298e5b479c87552ea,1180,2676,,,bytescale.mobbin.com,f7a1807c1ac98ccf0eecf5078d61346ac9a94ca37a547f5708d580528c9e55c0,/Users/user/mobbin-sides/screen-flows/phantom/042-phantom-chats-b430e577-caa8-4fdd-9014-7df9540994f0/001-c8f09680-22fc-48f4-9788-925b8b22cee5-downloadableSrc-ca59a28e992e.webp
b430e577-caa8-4fdd-9014-7df9540994f0,Chats,28f44562-240b-48eb-997f-8a1a731499cb,Phantom,689aadcf-d2e3-49bb-8ebb-e135252e28bd,1,2,746a13e5-f59e-47ae-8bd8-d05a25b62d92,true,downloadableSrc,200,image/webp,52714,52714,f5706981798502583b216d528ae3f578adf76a41fbb6d2bf6e256f0144113c52,1179,2676,,,bytescale.mobbin.com,f7a1807c1ac98ccf0eecf5078d61346ac9a94ca37a547f5708d580528c9e55c0,/Users/user/mobbin-sides/screen-flows/phantom/042-phantom-chats-b430e577-caa8-4fdd-9014-7df9540994f0/002-746a13e5-f59e-47ae-8bd8-d05a25b62d92-downloadableSrc-f57069817985.webp
b430e577-caa8-4fdd-9014-7df9540994f0,Chats,28f44562-240b-48eb-997f-8a1a731499cb,Phantom,689aadcf-d2e3-49bb-8ebb-e135252e28bd,2,3,10023243-45f8-47d3-bf26-4e6ea3560e3d,true,downloadableSrc,200,image/webp,49724,49724,5232711036dd7cf434327c3cac8d2e07518e406ddd7c9280907587f8c351f586,1179,2676,,,bytescale.mobbin.com,f7a1807c1ac98ccf0eecf5078d61346ac9a94ca37a547f5708d580528c9e55c0,/Users/user/mobbin-sides/screen-flows/phantom/042-phantom-chats-b430e577-caa8-4fdd-9014-7df9540994f0/003-10023243-45f8-47d3-bf26-4e6ea3560e3d-downloadableSrc-5232711036dd.webp
b430e577-caa8-4fdd-9014-7df9540994f0,Chats,28f44562-240b-48eb-997f-8a1a731499cb,Phantom,689aadcf-d2e3-49bb-8ebb-e135252e28bd,3,4,4e331bd2-824e-4167-bb8d-2273ac36415f,true,downloadableSrc,200,image/webp,57290,57290,7febbcf733945d72be7fca8abc1ce8e243d9aef1a42ca7c6d9570a9f3de403f6,1179,2676,,,bytescale.mobbin.com,f7a1807c1ac98ccf0eecf5078d61346ac9a94ca37a547f5708d580528c9e55c0,/Users/user/mobbin-sides/screen-flows/phantom/042-phantom-chats-b430e577-caa8-4fdd-9014-7df9540994f0/004-4e331bd2-824e-4167-bb8d-2273ac36415f-downloadableSrc-7febbcf73394.webp
f8490d35-1b7d-49a6-af09-7df39be7cf2f,Explore,28f44562-240b-48eb-997f-8a1a731499cb,Phantom,689aadcf-d2e3-49bb-8ebb-e135252e28bd,0,1,c8f09680-22fc-48f4-9788-925b8b22cee5,true,downloadableSrc,200,image/webp,71524,71524,ca59a28e992e58e230678adc19028a6929e4566d9cf7b98298e5b479c87552ea,1180,2676,,,bytescale.mobbin.com,f7a1807c1ac98ccf0eecf5078d61346ac9a94ca37a547f5708d580528c9e55c0,/Users/user/mobbin-sides/screen-flows/phantom/043-phantom-explore-f8490d35-1b7d-49a6-af09-7df39be7cf2f/001-c8f09680-22fc-48f4-9788-925b8b22cee5-downloadableSrc-ca59a28e992e.webp
f8490d35-1b7d-49a6-af09-7df39be7cf2f,Explore,28f44562-240b-48eb-997f-8a1a731499cb,Phantom,689aadcf-d2e3-49bb-8ebb-e135252e28bd,1,2,db9e9ce6-d581-40b2-922c-235eac827eac,true,downloadableSrc,200,image/webp,88962,88962,14a4d2cc583244831d01f84bf2a97129ddad05536cc687ba003ef4432b9eca34,1179,2676,,,bytescale.mobbin.com,f7a1807c1ac98ccf0eecf5078d61346ac9a94ca37a547f5708d580528c9e55c0,/Users/user/mobbin-sides/screen-flows/phantom/043-phantom-explore-f8490d35-1b7d-49a6-af09-7df39be7cf2f/002-db9e9ce6-d581-40b2-922c-235eac827eac-downloadableSrc-14a4d2cc5832.webp
f8490d35-1b7d-49a6-af09-7df39be7cf2f,Explore,28f44562-240b-48eb-997f-8a1a731499cb,Phantom,689aadcf-d2e3-49bb-8ebb-e135252e28bd,2,3,f20063d9-095d-4cfa-9632-98192e00ad65,true,downloadableSrc,200,image/webp,94498,94498,8ca73c0529c018ee8796ff732fbf48a89d98d68b2710e08af07385781969e632,1179,2676,,,bytescale.mobbin.com,f7a1807c1ac98ccf0eecf5078d61346ac9a94ca37a547f5708d580528c9e55c0,/Users/user/mobbin-sides/screen-flows/phantom/043-phantom-explore-f8490d35-1b7d-49a6-af09-7df39be7cf2f/003-f20063d9-095d-4cfa-9632-98192e00ad65-downloadableSrc-8ca73c0529c0.webp
f8490d35-1b7d-49a6-af09-7df39be7cf2f,Explore,28f44562-240b-48eb-997f-8a1a731499cb,Phantom,689aadcf-d2e3-49bb-8ebb-e135252e28bd,3,4,4cecfc20-e5dd-47d5-b8fd-7ecf3944432a,true,downloadableSrc,200,image/webp,78488,78488,1eaf295b02bfef8f26f7225c717c0ab4057ebbbb091953901d4871659382d627,1179,2676,,,bytescale.mobbin.com,f7a1807c1ac98ccf0eecf5078d61346ac9a94ca37a547f5708d580528c9e55c0,/Users/user/mobbin-sides/screen-flows/phantom/043-phantom-explore-f8490d35-1b7d-49a6-af09-7df39be7cf2f/004-4cecfc20-e5dd-47d5-b8fd-7ecf3944432a-downloadableSrc-1eaf295b02bf.webp
f8490d35-1b7d-49a6-af09-7df39be7cf2f,Explore,28f44562-240b-48eb-997f-8a1a731499cb,Phantom,689aadcf-d2e3-49bb-8ebb-e135252e28bd,4,5,87238d52-0354-4584-84df-b8ef3d02c727,true,downloadableSrc,200,image/webp,68142,68142,888231b481c77a7941d490e58eaec68dca15056fa65ebeeb5995f5073c0db787,1179,2676,,,bytescale.mobbin.com,f7a1807c1ac98ccf0eecf5078d61346ac9a94ca37a547f5708d580528c9e55c0,/Users/user/mobbin-sides/screen-flows/phantom/043-phantom-explore-f8490d35-1b7d-49a6-af09-7df39be7cf2f/005-87238d52-0354-4584-84df-b8ef3d02c727-downloadableSrc-888231b481c7.webp
8ea3c08b-75db-40ce-9f4d-30300d72dbe7,Tokens,28f44562-240b-48eb-997f-8a1a731499cb,Phantom,689aadcf-d2e3-49bb-8ebb-e135252e28bd,0,1,db9e9ce6-d581-40b2-922c-235eac827eac,true,downloadableSrc,200,image/webp,88962,88962,14a4d2cc583244831d01f84bf2a97129ddad05536cc687ba003ef4432b9eca34,1179,2676,,,bytescale.mobbin.com,f7a1807c1ac98ccf0eecf5078d61346ac9a94ca37a547f5708d580528c9e55c0,/Users/user/mobbin-sides/screen-flows/phantom/044-phantom-tokens-8ea3c08b-75db-40ce-9f4d-30300d72dbe7/001-db9e9ce6-d581-40b2-922c-235eac827eac-downloadableSrc-14a4d2cc5832.webp
8ea3c08b-75db-40ce-9f4d-30300d72dbe7,Tokens,28f44562-240b-48eb-997f-8a1a731499cb,Phantom,689aadcf-d2e3-49bb-8ebb-e135252e28bd,1,2,ecfad3d2-2fa3-41e7-be76-23311439c3ea,true,downloadableSrc,200,image/webp,121124,121124,27a4f3a65bf16704b9f4a8a00a3eee661478b06eafa1924d3c51178373df78b6,1179,2676,,,bytescale.mobbin.com,f7a1807c1ac98ccf0eecf5078d61346ac9a94ca37a547f5708d580528c9e55c0,/Users/user/mobbin-sides/screen-flows/phantom/044-phantom-tokens-8ea3c08b-75db-40ce-9f4d-30300d72dbe7/002-ecfad3d2-2fa3-41e7-be76-23311439c3ea-downloadableSrc-27a4f3a65bf1.webp
2c3d05cd-56dd-4441-bf0a-949017368173,Moments,28f44562-240b-48eb-997f-8a1a731499cb,Phantom,689aadcf-d2e3-49bb-8ebb-e135252e28bd,0,1,db9e9ce6-d581-40b2-922c-235eac827eac,true,downloadableSrc,200,image/webp,88962,88962,14a4d2cc583244831d01f84bf2a97129ddad05536cc687ba003ef4432b9eca34,1179,2676,,,bytescale.mobbin.com,f7a1807c1ac98ccf0eecf5078d61346ac9a94ca37a547f5708d580528c9e55c0,/Users/user/mobbin-sides/screen-flows/phantom/045-phantom-moments-2c3d05cd-56dd-4441-bf0a-949017368173/001-db9e9ce6-d581-40b2-922c-235eac827eac-downloadableSrc-14a4d2cc5832.webp
2c3d05cd-56dd-4441-bf0a-949017368173,Moments,28f44562-240b-48eb-997f-8a1a731499cb,Phantom,689aadcf-d2e3-49bb-8ebb-e135252e28bd,1,2,7666fdaf-021c-4e40-936e-b7dcb7ba1fe7,true,downloadableSrc,200,image/webp,121782,121782,de3d07db819e0e2680a036858e630e9fa82e5286feb6c0778eb0698030c6346c,1179,2676,,,bytescale.mobbin.com,f7a1807c1ac98ccf0eecf5078d61346ac9a94ca37a547f5708d580528c9e55c0,/Users/user/mobbin-sides/screen-flows/phantom/045-phantom-moments-2c3d05cd-56dd-4441-bf0a-949017368173/002-7666fdaf-021c-4e40-936e-b7dcb7ba1fe7-downloadableSrc-de3d07db819e.webp
2c3d05cd-56dd-4441-bf0a-949017368173,Moments,28f44562-240b-48eb-997f-8a1a731499cb,Phantom,689aadcf-d2e3-49bb-8ebb-e135252e28bd,2,3,397669d9-ed87-42a4-867f-4d97d65feac3,true,downloadableSrc,200,image/webp,135418,135418,eea467daa6a316143f0f92424e3edc4d4082d5d8dfdbfed8c0d4709a32e48699,1179,2676,,,bytescale.mobbin.com,f7a1807c1ac98ccf0eecf5078d61346ac9a94ca37a547f5708d580528c9e55c0,/Users/user/mobbin-sides/screen-flows/phantom/045-phantom-moments-2c3d05cd-56dd-4441-bf0a-949017368173/003-397669d9-ed87-42a4-867f-4d97d65feac3-downloadableSrc-eea467daa6a3.webp
60bbca8f-8b6e-4f42-942a-e4baa05d0ab8,Signals tracker,28f44562-240b-48eb-997f-8a1a731499cb,Phantom,689aadcf-d2e3-49bb-8ebb-e135252e28bd,0,1,f20063d9-095d-4cfa-9632-98192e00ad65,true,downloadableSrc,200,image/webp,94498,94498,8ca73c0529c018ee8796ff732fbf48a89d98d68b2710e08af07385781969e632,1179,2676,,,bytescale.mobbin.com,f7a1807c1ac98ccf0eecf5078d61346ac9a94ca37a547f5708d580528c9e55c0,/Users/user/mobbin-sides/screen-flows/phantom/046-phantom-signals-tracker-60bbca8f-8b6e-4f42-942a-e4baa05d0ab8/001-f20063d9-095d-4cfa-9632-98192e00ad65-downloadableSrc-8ca73c0529c0.webp
60bbca8f-8b6e-4f42-942a-e4baa05d0ab8,Signals tracker,28f44562-240b-48eb-997f-8a1a731499cb,Phantom,689aadcf-d2e3-49bb-8ebb-e135252e28bd,1,2,f16a7cdd-200f-4b3a-a2cc-271bdf900861,true,downloadableSrc,200,image/webp,99834,99834,9b5f4659f0f6ad12acc02eb43f0716ef2af70458f81d1dfe96d7d37af9df311c,1179,2676,,,bytescale.mobbin.com,f7a1807c1ac98ccf0eecf5078d61346ac9a94ca37a547f5708d580528c9e55c0,/Users/user/mobbin-sides/screen-flows/phantom/046-phantom-signals-tracker-60bbca8f-8b6e-4f42-942a-e4baa05d0ab8/002-f16a7cdd-200f-4b3a-a2cc-271bdf900861-downloadableSrc-9b5f4659f0f6.webp
60bbca8f-8b6e-4f42-942a-e4baa05d0ab8,Signals tracker,28f44562-240b-48eb-997f-8a1a731499cb,Phantom,689aadcf-d2e3-49bb-8ebb-e135252e28bd,2,3,f552d48b-6b7c-4f35-b9e4-6fe31b7a6b66,true,downloadableSrc,200,image/webp,104968,104968,7bf7d8c2faf929eac73deb61346c1db972fa6a6b634a5298eb09dbf7e0ceeb81,1179,2676,,,bytescale.mobbin.com,f7a1807c1ac98ccf0eecf5078d61346ac9a94ca37a547f5708d580528c9e55c0,/Users/user/mobbin-sides/screen-flows/phantom/046-phantom-signals-tracker-60bbca8f-8b6e-4f42-942a-e4baa05d0ab8/003-f552d48b-6b7c-4f35-b9e4-6fe31b7a6b66-downloadableSrc-7bf7d8c2faf9.webp
3beade29-6454-4aab-a1fc-977740410ed1,Tabs,28f44562-240b-48eb-997f-8a1a731499cb,Phantom,689aadcf-d2e3-49bb-8ebb-e135252e28bd,0,1,f20063d9-095d-4cfa-9632-98192e00ad65,true,downloadableSrc,200,image/webp,94498,94498,8ca73c0529c018ee8796ff732fbf48a89d98d68b2710e08af07385781969e632,1179,2676,,,bytescale.mobbin.com,f7a1807c1ac98ccf0eecf5078d61346ac9a94ca37a547f5708d580528c9e55c0,/Users/user/mobbin-sides/screen-flows/phantom/047-phantom-tabs-3beade29-6454-4aab-a1fc-977740410ed1/001-f20063d9-095d-4cfa-9632-98192e00ad65-downloadableSrc-8ca73c0529c0.webp
3beade29-6454-4aab-a1fc-977740410ed1,Tabs,28f44562-240b-48eb-997f-8a1a731499cb,Phantom,689aadcf-d2e3-49bb-8ebb-e135252e28bd,1,2,21002f42-fe4e-4e85-92c9-844c2e1af4f8,true,downloadableSrc,200,image/webp,37316,37316,b68a3992f00d0cc9d43ddae49b132f8f5a873246f0c85dc3448489f50495df1f,1179,2676,,,bytescale.mobbin.com,f7a1807c1ac98ccf0eecf5078d61346ac9a94ca37a547f5708d580528c9e55c0,/Users/user/mobbin-sides/screen-flows/phantom/047-phantom-tabs-3beade29-6454-4aab-a1fc-977740410ed1/002-21002f42-fe4e-4e85-92c9-844c2e1af4f8-downloadableSrc-b68a3992f00d.webp
1e4a409b-aacc-49e3-adba-3367af8d41ab,Closing all tabs,28f44562-240b-48eb-997f-8a1a731499cb,Phantom,689aadcf-d2e3-49bb-8ebb-e135252e28bd,0,1,21002f42-fe4e-4e85-92c9-844c2e1af4f8,true,downloadableSrc,200,image/webp,37316,37316,b68a3992f00d0cc9d43ddae49b132f8f5a873246f0c85dc3448489f50495df1f,1179,2676,,,bytescale.mobbin.com,f7a1807c1ac98ccf0eecf5078d61346ac9a94ca37a547f5708d580528c9e55c0,/Users/user/mobbin-sides/screen-flows/phantom/048-phantom-closing-all-tabs-1e4a409b-aacc-49e3-adba-3367af8d41ab/001-21002f42-fe4e-4e85-92c9-844c2e1af4f8-downloadableSrc-b68a3992f00d.webp
1e4a409b-aacc-49e3-adba-3367af8d41ab,Closing all tabs,28f44562-240b-48eb-997f-8a1a731499cb,Phantom,689aadcf-d2e3-49bb-8ebb-e135252e28bd,1,2,ffea3c42-a558-4a9e-ab6c-733eb247e403,true,downloadableSrc,200,image/webp,40708,40708,04700d8fbffec4b7e749420a95979138beb8cf228fb94b54b1286567b11704ba,1179,2676,,,bytescale.mobbin.com,f7a1807c1ac98ccf0eecf5078d61346ac9a94ca37a547f5708d580528c9e55c0,/Users/user/mobbin-sides/screen-flows/phantom/048-phantom-closing-all-tabs-1e4a409b-aacc-49e3-adba-3367af8d41ab/002-ffea3c42-a558-4a9e-ab6c-733eb247e403-downloadableSrc-04700d8fbffe.webp
1e4a409b-aacc-49e3-adba-3367af8d41ab,Closing all tabs,28f44562-240b-48eb-997f-8a1a731499cb,Phantom,689aadcf-d2e3-49bb-8ebb-e135252e28bd,2,3,d8231b54-856d-4f6a-95f8-06035dd7505a,true,downloadableSrc,200,image/webp,95594,95594,4a4bdbc511a1c1ff5e4b76b00742950921243dfc58756d006c878ca76f5b1d5e,1179,2676,,,bytescale.mobbin.com,f7a1807c1ac98ccf0eecf5078d61346ac9a94ca37a547f5708d580528c9e55c0,/Users/user/mobbin-sides/screen-flows/phantom/048-phantom-closing-all-tabs-1e4a409b-aacc-49e3-adba-3367af8d41ab/003-d8231b54-856d-4f6a-95f8-06035dd7505a-downloadableSrc-4a4bdbc511a1.webp
3feb4ab5-abd0-4b95-86d7-b024c6bca08d,Adding a new tab,28f44562-240b-48eb-997f-8a1a731499cb,Phantom,689aadcf-d2e3-49bb-8ebb-e135252e28bd,0,1,21002f42-fe4e-4e85-92c9-844c2e1af4f8,true,downloadableSrc,200,image/webp,37316,37316,b68a3992f00d0cc9d43ddae49b132f8f5a873246f0c85dc3448489f50495df1f,1179,2676,,,bytescale.mobbin.com,f7a1807c1ac98ccf0eecf5078d61346ac9a94ca37a547f5708d580528c9e55c0,/Users/user/mobbin-sides/screen-flows/phantom/049-phantom-adding-a-new-tab-3feb4ab5-abd0-4b95-86d7-b024c6bca08d/001-21002f42-fe4e-4e85-92c9-844c2e1af4f8-downloadableSrc-b68a3992f00d.webp
3feb4ab5-abd0-4b95-86d7-b024c6bca08d,Adding a new tab,28f44562-240b-48eb-997f-8a1a731499cb,Phantom,689aadcf-d2e3-49bb-8ebb-e135252e28bd,1,2,afb9e468-8bf4-434d-8714-804480c5f1aa,true,downloadableSrc,200,image/webp,60904,60904,b1d93d16c259d90ed36eb0297dbf7cdbe9c195f1405a1109e8f365411865dc88,1179,2676,,,bytescale.mobbin.com,f7a1807c1ac98ccf0eecf5078d61346ac9a94ca37a547f5708d580528c9e55c0,/Users/user/mobbin-sides/screen-flows/phantom/049-phantom-adding-a-new-tab-3feb4ab5-abd0-4b95-86d7-b024c6bca08d/002-afb9e468-8bf4-434d-8714-804480c5f1aa-downloadableSrc-b1d93d16c259.webp
a42a691f-0f89-4065-8a74-d0d30fcab457,Account,28f44562-240b-48eb-997f-8a1a731499cb,Phantom,689aadcf-d2e3-49bb-8ebb-e135252e28bd,0,1,d7869387-3fc4-4bf0-8823-e212637b1ccd,true,downloadableSrc,200,image/webp,86804,86804,f2e29d3e7ff411290fb5ad0b285e92a89f717e96765d5775d4b594b09b5ee5fa,1180,2676,,,bytescale.mobbin.com,f7a1807c1ac98ccf0eecf5078d61346ac9a94ca37a547f5708d580528c9e55c0,/Users/user/mobbin-sides/screen-flows/phantom/050-phantom-account-a42a691f-0f89-4065-8a74-d0d30fcab457/001-d7869387-3fc4-4bf0-8823-e212637b1ccd-downloadableSrc-f2e29d3e7ff4.webp
a42a691f-0f89-4065-8a74-d0d30fcab457,Account,28f44562-240b-48eb-997f-8a1a731499cb,Phantom,689aadcf-d2e3-49bb-8ebb-e135252e28bd,1,2,f9b56a18-e350-406e-8f62-a6d2957be8f4,true,downloadableSrc,200,image/webp,43608,43608,153d4f428e9f0a324298d8d90e97a3cd2ae5737282c9a5c7f684fa7bbd4d0f3c,1179,2676,,,bytescale.mobbin.com,f7a1807c1ac98ccf0eecf5078d61346ac9a94ca37a547f5708d580528c9e55c0,/Users/user/mobbin-sides/screen-flows/phantom/050-phantom-account-a42a691f-0f89-4065-8a74-d0d30fcab457/002-f9b56a18-e350-406e-8f62-a6d2957be8f4-downloadableSrc-153d4f428e9f.webp
a42a691f-0f89-4065-8a74-d0d30fcab457,Account,28f44562-240b-48eb-997f-8a1a731499cb,Phantom,689aadcf-d2e3-49bb-8ebb-e135252e28bd,2,3,01db2a97-c730-4220-ac8b-e334b0ec14b3,true,downloadableSrc,200,image/webp,48582,48582,8f5da03cb9e517c2dc42d8cecf3a605617c6ef4513cb9218dfac50d2ba98ae41,1179,2676,,,bytescale.mobbin.com,f7a1807c1ac98ccf0eecf5078d61346ac9a94ca37a547f5708d580528c9e55c0,/Users/user/mobbin-sides/screen-flows/phantom/050-phantom-account-a42a691f-0f89-4065-8a74-d0d30fcab457/003-01db2a97-c730-4220-ac8b-e334b0ec14b3-downloadableSrc-8f5da03cb9e5.webp
82bc7359-9ff8-46cf-9946-adfc40da1355,Adding an account,28f44562-240b-48eb-997f-8a1a731499cb,Phantom,689aadcf-d2e3-49bb-8ebb-e135252e28bd,0,1,f9b56a18-e350-406e-8f62-a6d2957be8f4,true,downloadableSrc,200,image/webp,43608,43608,153d4f428e9f0a324298d8d90e97a3cd2ae5737282c9a5c7f684fa7bbd4d0f3c,1179,2676,,,bytescale.mobbin.com,f7a1807c1ac98ccf0eecf5078d61346ac9a94ca37a547f5708d580528c9e55c0,/Users/user/mobbin-sides/screen-flows/phantom/051-phantom-adding-an-account-82bc7359-9ff8-46cf-9946-adfc40da1355/001-f9b56a18-e350-406e-8f62-a6d2957be8f4-downloadableSrc-153d4f428e9f.webp
82bc7359-9ff8-46cf-9946-adfc40da1355,Adding an account,28f44562-240b-48eb-997f-8a1a731499cb,Phantom,689aadcf-d2e3-49bb-8ebb-e135252e28bd,1,2,6c893a9e-f9bd-48cb-8c4e-271f38f98858,true,downloadableSrc,200,image/webp,61562,61562,3fd4272915165399e4faaf018c9f5ff205793007e25e353b5346e1c28855cc55,1179,2676,,,bytescale.mobbin.com,f7a1807c1ac98ccf0eecf5078d61346ac9a94ca37a547f5708d580528c9e55c0,/Users/user/mobbin-sides/screen-flows/phantom/051-phantom-adding-an-account-82bc7359-9ff8-46cf-9946-adfc40da1355/002-6c893a9e-f9bd-48cb-8c4e-271f38f98858-downloadableSrc-3fd427291516.webp
82bc7359-9ff8-46cf-9946-adfc40da1355,Adding an account,28f44562-240b-48eb-997f-8a1a731499cb,Phantom,689aadcf-d2e3-49bb-8ebb-e135252e28bd,2,3,c0a864b3-83cc-4a65-a01f-b45bf94cdeec,true,downloadableSrc,200,image/webp,53704,53704,1567e05e371023d05b292e51233a88bc47934e0e597cb50624fc0b6fa53b9760,1179,2676,,,bytescale.mobbin.com,f7a1807c1ac98ccf0eecf5078d61346ac9a94ca37a547f5708d580528c9e55c0,/Users/user/mobbin-sides/screen-flows/phantom/051-phantom-adding-an-account-82bc7359-9ff8-46cf-9946-adfc40da1355/003-c0a864b3-83cc-4a65-a01f-b45bf94cdeec-downloadableSrc-1567e05e3710.webp
82bc7359-9ff8-46cf-9946-adfc40da1355,Adding an account,28f44562-240b-48eb-997f-8a1a731499cb,Phantom,689aadcf-d2e3-49bb-8ebb-e135252e28bd,3,4,a34d36fd-dd3d-499d-815c-068c26682eda,true,downloadableSrc,200,image/webp,50042,50042,7cb976670807f967be3a06d7e60426cbd2bc842629a2d77e47eb49aef8c70cce,1179,2676,,,bytescale.mobbin.com,f7a1807c1ac98ccf0eecf5078d61346ac9a94ca37a547f5708d580528c9e55c0,/Users/user/mobbin-sides/screen-flows/phantom/051-phantom-adding-an-account-82bc7359-9ff8-46cf-9946-adfc40da1355/004-a34d36fd-dd3d-499d-815c-068c26682eda-downloadableSrc-7cb976670807.webp
82bc7359-9ff8-46cf-9946-adfc40da1355,Adding an account,28f44562-240b-48eb-997f-8a1a731499cb,Phantom,689aadcf-d2e3-49bb-8ebb-e135252e28bd,4,5,6a846a50-e7b2-4807-8df0-75d10e52a543,true,downloadableSrc,200,image/webp,36476,36476,62a7fcafbb9537ca4fff7a883237df027ffc8215f3baa319705a7a17942412f2,1179,2676,,,bytescale.mobbin.com,f7a1807c1ac98ccf0eecf5078d61346ac9a94ca37a547f5708d580528c9e55c0,/Users/user/mobbin-sides/screen-flows/phantom/051-phantom-adding-an-account-82bc7359-9ff8-46cf-9946-adfc40da1355/005-6a846a50-e7b2-4807-8df0-75d10e52a543-downloadableSrc-62a7fcafbb95.webp
82bc7359-9ff8-46cf-9946-adfc40da1355,Adding an account,28f44562-240b-48eb-997f-8a1a731499cb,Phantom,689aadcf-d2e3-49bb-8ebb-e135252e28bd,5,6,c8f09680-22fc-48f4-9788-925b8b22cee5,true,downloadableSrc,200,image/webp,71524,71524,ca59a28e992e58e230678adc19028a6929e4566d9cf7b98298e5b479c87552ea,1180,2676,,,bytescale.mobbin.com,f7a1807c1ac98ccf0eecf5078d61346ac9a94ca37a547f5708d580528c9e55c0,/Users/user/mobbin-sides/screen-flows/phantom/051-phantom-adding-an-account-82bc7359-9ff8-46cf-9946-adfc40da1355/006-c8f09680-22fc-48f4-9788-925b8b22cee5-downloadableSrc-ca59a28e992e.webp
15ab6f9d-1f3f-4288-86fe-958a2c2dc8d3,Profile,28f44562-240b-48eb-997f-8a1a731499cb,Phantom,689aadcf-d2e3-49bb-8ebb-e135252e28bd,0,1,01db2a97-c730-4220-ac8b-e334b0ec14b3,true,downloadableSrc,200,image/webp,48582,48582,8f5da03cb9e517c2dc42d8cecf3a605617c6ef4513cb9218dfac50d2ba98ae41,1179,2676,,,bytescale.mobbin.com,f7a1807c1ac98ccf0eecf5078d61346ac9a94ca37a547f5708d580528c9e55c0,/Users/user/mobbin-sides/screen-flows/phantom/052-phantom-profile-15ab6f9d-1f3f-4288-86fe-958a2c2dc8d3/001-01db2a97-c730-4220-ac8b-e334b0ec14b3-downloadableSrc-8f5da03cb9e5.webp
15ab6f9d-1f3f-4288-86fe-958a2c2dc8d3,Profile,28f44562-240b-48eb-997f-8a1a731499cb,Phantom,689aadcf-d2e3-49bb-8ebb-e135252e28bd,1,2,c250ba7e-3599-4711-9f11-8db5320038a5,true,downloadableSrc,200,image/webp,86896,86896,dea85f4cd93490946c6d821dac7254f8177f73c6fbd38b037d3549af0cfdcc92,1179,2676,,,bytescale.mobbin.com,f7a1807c1ac98ccf0eecf5078d61346ac9a94ca37a547f5708d580528c9e55c0,/Users/user/mobbin-sides/screen-flows/phantom/052-phantom-profile-15ab6f9d-1f3f-4288-86fe-958a2c2dc8d3/002-c250ba7e-3599-4711-9f11-8db5320038a5-downloadableSrc-dea85f4cd934.webp
15ab6f9d-1f3f-4288-86fe-958a2c2dc8d3,Profile,28f44562-240b-48eb-997f-8a1a731499cb,Phantom,689aadcf-d2e3-49bb-8ebb-e135252e28bd,2,3,b67d3c18-c447-4895-bb72-d839a2b4e2f9,true,downloadableSrc,200,image/webp,74900,74900,9cf29670df182289ef4d4d4b52f4d224b4cb2575cd34e781356035cc452f6036,1179,2676,,,bytescale.mobbin.com,f7a1807c1ac98ccf0eecf5078d61346ac9a94ca37a547f5708d580528c9e55c0,/Users/user/mobbin-sides/screen-flows/phantom/052-phantom-profile-15ab6f9d-1f3f-4288-86fe-958a2c2dc8d3/003-b67d3c18-c447-4895-bb72-d839a2b4e2f9-downloadableSrc-9cf29670df18.webp
9712353f-4cf1-48bb-b0d2-ca39f9d9b064,Editing profile,28f44562-240b-48eb-997f-8a1a731499cb,Phantom,689aadcf-d2e3-49bb-8ebb-e135252e28bd,0,1,c250ba7e-3599-4711-9f11-8db5320038a5,true,downloadableSrc,200,image/webp,86896,86896,dea85f4cd93490946c6d821dac7254f8177f73c6fbd38b037d3549af0cfdcc92,1179,2676,,,bytescale.mobbin.com,f7a1807c1ac98ccf0eecf5078d61346ac9a94ca37a547f5708d580528c9e55c0,/Users/user/mobbin-sides/screen-flows/phantom/053-phantom-editing-profile-9712353f-4cf1-48bb-b0d2-ca39f9d9b064/001-c250ba7e-3599-4711-9f11-8db5320038a5-downloadableSrc-dea85f4cd934.webp
9712353f-4cf1-48bb-b0d2-ca39f9d9b064,Editing profile,28f44562-240b-48eb-997f-8a1a731499cb,Phantom,689aadcf-d2e3-49bb-8ebb-e135252e28bd,1,2,5cabe3e3-e3cd-4d32-8e92-2549351c721c,true,downloadableSrc,200,image/webp,40450,40450,3b421ddddcef249e3601606ea82967de22313c0271953612c86442bcffdbfa45,1179,2676,,,bytescale.mobbin.com,f7a1807c1ac98ccf0eecf5078d61346ac9a94ca37a547f5708d580528c9e55c0,/Users/user/mobbin-sides/screen-flows/phantom/053-phantom-editing-profile-9712353f-4cf1-48bb-b0d2-ca39f9d9b064/002-5cabe3e3-e3cd-4d32-8e92-2549351c721c-downloadableSrc-3b421ddddcef.webp
9712353f-4cf1-48bb-b0d2-ca39f9d9b064,Editing profile,28f44562-240b-48eb-997f-8a1a731499cb,Phantom,689aadcf-d2e3-49bb-8ebb-e135252e28bd,2,3,ceff7572-3da4-4511-8cbe-75be5f5b07a1,true,downloadableSrc,200,image/webp,42030,42030,4e97e58f94cd2221ee45e8321acc22d1dcc10778d01848716669e7a246f14ce7,1179,2676,,,bytescale.mobbin.com,f7a1807c1ac98ccf0eecf5078d61346ac9a94ca37a547f5708d580528c9e55c0,/Users/user/mobbin-sides/screen-flows/phantom/053-phantom-editing-profile-9712353f-4cf1-48bb-b0d2-ca39f9d9b064/003-ceff7572-3da4-4511-8cbe-75be5f5b07a1-downloadableSrc-4e97e58f94cd.webp
d31e608a-b543-413f-978c-b247cdcc394b,Adding a bio,28f44562-240b-48eb-997f-8a1a731499cb,Phantom,689aadcf-d2e3-49bb-8ebb-e135252e28bd,0,1,5cabe3e3-e3cd-4d32-8e92-2549351c721c,true,downloadableSrc,200,image/webp,40450,40450,3b421ddddcef249e3601606ea82967de22313c0271953612c86442bcffdbfa45,1179,2676,,,bytescale.mobbin.com,f7a1807c1ac98ccf0eecf5078d61346ac9a94ca37a547f5708d580528c9e55c0,/Users/user/mobbin-sides/screen-flows/phantom/054-phantom-adding-a-bio-d31e608a-b543-413f-978c-b247cdcc394b/001-5cabe3e3-e3cd-4d32-8e92-2549351c721c-downloadableSrc-3b421ddddcef.webp
d31e608a-b543-413f-978c-b247cdcc394b,Adding a bio,28f44562-240b-48eb-997f-8a1a731499cb,Phantom,689aadcf-d2e3-49bb-8ebb-e135252e28bd,1,2,3ddee4e0-3cbf-44d7-9993-adb3b54ef8fe,true,downloadableSrc,200,image/webp,39094,39094,6ccbbd5764d3f32d12758c9332577b295d6b70db405555ec27cd77394e871ac8,1179,2676,,,bytescale.mobbin.com,f7a1807c1ac98ccf0eecf5078d61346ac9a94ca37a547f5708d580528c9e55c0,/Users/user/mobbin-sides/screen-flows/phantom/054-phantom-adding-a-bio-d31e608a-b543-413f-978c-b247cdcc394b/002-3ddee4e0-3cbf-44d7-9993-adb3b54ef8fe-downloadableSrc-6ccbbd5764d3.webp
d31e608a-b543-413f-978c-b247cdcc394b,Adding a bio,28f44562-240b-48eb-997f-8a1a731499cb,Phantom,689aadcf-d2e3-49bb-8ebb-e135252e28bd,2,3,c20ce67e-2adb-4ecc-8376-9dab97d4ed80,true,downloadableSrc,200,image/webp,39190,39190,99470d3841fb5ef77ec1c1b43faca569a915718589fe55bf140d7148c93f31e6,1179,2676,,,bytescale.mobbin.com,f7a1807c1ac98ccf0eecf5078d61346ac9a94ca37a547f5708d580528c9e55c0,/Users/user/mobbin-sides/screen-flows/phantom/054-phantom-adding-a-bio-d31e608a-b543-413f-978c-b247cdcc394b/003-c20ce67e-2adb-4ecc-8376-9dab97d4ed80-downloadableSrc-99470d3841fb.webp
d31e608a-b543-413f-978c-b247cdcc394b,Adding a bio,28f44562-240b-48eb-997f-8a1a731499cb,Phantom,689aadcf-d2e3-49bb-8ebb-e135252e28bd,3,4,ec94ce94-da4a-4c0b-963f-178f96b0145b,true,downloadableSrc,200,image/webp,42622,42622,7a82d921eeec8b1fe4eabc3755d98cecc022965e6a4e0485144361eada1edbf2,1179,2676,,,bytescale.mobbin.com,f7a1807c1ac98ccf0eecf5078d61346ac9a94ca37a547f5708d580528c9e55c0,/Users/user/mobbin-sides/screen-flows/phantom/054-phantom-adding-a-bio-d31e608a-b543-413f-978c-b247cdcc394b/004-ec94ce94-da4a-4c0b-963f-178f96b0145b-downloadableSrc-7a82d921eeec.webp
179e6469-245e-4011-b06d-d32845803c7d,Changing privacy settings,28f44562-240b-48eb-997f-8a1a731499cb,Phantom,689aadcf-d2e3-49bb-8ebb-e135252e28bd,0,1,5cabe3e3-e3cd-4d32-8e92-2549351c721c,true,downloadableSrc,200,image/webp,40450,40450,3b421ddddcef249e3601606ea82967de22313c0271953612c86442bcffdbfa45,1179,2676,,,bytescale.mobbin.com,f7a1807c1ac98ccf0eecf5078d61346ac9a94ca37a547f5708d580528c9e55c0,/Users/user/mobbin-sides/screen-flows/phantom/055-phantom-changing-privacy-settings-179e6469-245e-4011-b06d-d32845803c7d/001-5cabe3e3-e3cd-4d32-8e92-2549351c721c-downloadableSrc-3b421ddddcef.webp
179e6469-245e-4011-b06d-d32845803c7d,Changing privacy settings,28f44562-240b-48eb-997f-8a1a731499cb,Phantom,689aadcf-d2e3-49bb-8ebb-e135252e28bd,1,2,6583c7c9-682c-4a11-967d-74322199b070,true,downloadableSrc,200,image/webp,55868,55868,4ae17731d3d4f6ee6f98a41ed8dfe47cbf17541e17095f9968e170e38db8209a,1179,2676,,,bytescale.mobbin.com,f7a1807c1ac98ccf0eecf5078d61346ac9a94ca37a547f5708d580528c9e55c0,/Users/user/mobbin-sides/screen-flows/phantom/055-phantom-changing-privacy-settings-179e6469-245e-4011-b06d-d32845803c7d/002-6583c7c9-682c-4a11-967d-74322199b070-downloadableSrc-4ae17731d3d4.webp
179e6469-245e-4011-b06d-d32845803c7d,Changing privacy settings,28f44562-240b-48eb-997f-8a1a731499cb,Phantom,689aadcf-d2e3-49bb-8ebb-e135252e28bd,2,3,c6696b8a-fd9f-4200-9fb7-b2d74e562667,true,downloadableSrc,200,image/webp,55842,55842,fc9f72eb4a78f3449c611827c082a7587bf8a0f70c9df84e3e62104c613a7c55,1179,2676,,,bytescale.mobbin.com,f7a1807c1ac98ccf0eecf5078d61346ac9a94ca37a547f5708d580528c9e55c0,/Users/user/mobbin-sides/screen-flows/phantom/055-phantom-changing-privacy-settings-179e6469-245e-4011-b06d-d32845803c7d/003-c6696b8a-fd9f-4200-9fb7-b2d74e562667-downloadableSrc-fc9f72eb4a78.webp
179e6469-245e-4011-b06d-d32845803c7d,Changing privacy settings,28f44562-240b-48eb-997f-8a1a731499cb,Phantom,689aadcf-d2e3-49bb-8ebb-e135252e28bd,3,4,ceff7572-3da4-4511-8cbe-75be5f5b07a1,true,downloadableSrc,200,image/webp,42030,42030,4e97e58f94cd2221ee45e8321acc22d1dcc10778d01848716669e7a246f14ce7,1179,2676,,,bytescale.mobbin.com,f7a1807c1ac98ccf0eecf5078d61346ac9a94ca37a547f5708d580528c9e55c0,/Users/user/mobbin-sides/screen-flows/phantom/055-phantom-changing-privacy-settings-179e6469-245e-4011-b06d-d32845803c7d/004-ceff7572-3da4-4511-8cbe-75be5f5b07a1-downloadableSrc-4e97e58f94cd.webp
2f869b9c-9e5f-4346-aa14-c3289cfc89b3,Edit account,28f44562-240b-48eb-997f-8a1a731499cb,Phantom,689aadcf-d2e3-49bb-8ebb-e135252e28bd,0,1,01db2a97-c730-4220-ac8b-e334b0ec14b3,true,downloadableSrc,200,image/webp,48582,48582,8f5da03cb9e517c2dc42d8cecf3a605617c6ef4513cb9218dfac50d2ba98ae41,1179,2676,,,bytescale.mobbin.com,f7a1807c1ac98ccf0eecf5078d61346ac9a94ca37a547f5708d580528c9e55c0,/Users/user/mobbin-sides/screen-flows/phantom/056-phantom-edit-account-2f869b9c-9e5f-4346-aa14-c3289cfc89b3/001-01db2a97-c730-4220-ac8b-e334b0ec14b3-downloadableSrc-8f5da03cb9e5.webp
2f869b9c-9e5f-4346-aa14-c3289cfc89b3,Edit account,28f44562-240b-48eb-997f-8a1a731499cb,Phantom,689aadcf-d2e3-49bb-8ebb-e135252e28bd,1,2,c9635d50-3af6-4d79-881e-e57936f8775d,true,downloadableSrc,200,image/webp,48874,48874,d43598b9424f35a58fec9e731c1be09a76ae3d9e6108912394107ab0d980841e,1179,2676,,,bytescale.mobbin.com,f7a1807c1ac98ccf0eecf5078d61346ac9a94ca37a547f5708d580528c9e55c0,/Users/user/mobbin-sides/screen-flows/phantom/056-phantom-edit-account-2f869b9c-9e5f-4346-aa14-c3289cfc89b3/002-c9635d50-3af6-4d79-881e-e57936f8775d-downloadableSrc-d43598b9424f.webp
9226fe19-05d8-4155-84fc-028879797639,Changing an avatar,28f44562-240b-48eb-997f-8a1a731499cb,Phantom,689aadcf-d2e3-49bb-8ebb-e135252e28bd,0,1,c9635d50-3af6-4d79-881e-e57936f8775d,true,downloadableSrc,200,image/webp,48874,48874,d43598b9424f35a58fec9e731c1be09a76ae3d9e6108912394107ab0d980841e,1179,2676,,,bytescale.mobbin.com,f7a1807c1ac98ccf0eecf5078d61346ac9a94ca37a547f5708d580528c9e55c0,/Users/user/mobbin-sides/screen-flows/phantom/057-phantom-changing-an-avatar-9226fe19-05d8-4155-84fc-028879797639/001-c9635d50-3af6-4d79-881e-e57936f8775d-downloadableSrc-d43598b9424f.webp
9226fe19-05d8-4155-84fc-028879797639,Changing an avatar,28f44562-240b-48eb-997f-8a1a731499cb,Phantom,689aadcf-d2e3-49bb-8ebb-e135252e28bd,1,2,5b0d8b59-d579-41a3-a761-256af060fb9f,true,downloadableSrc,200,image/webp,81524,81524,5213163ecdd9c1c78535bfebc4941cf8ff5e72b7298011e4ac303243d7fbd8cb,1179,2676,,,bytescale.mobbin.com,f7a1807c1ac98ccf0eecf5078d61346ac9a94ca37a547f5708d580528c9e55c0,/Users/user/mobbin-sides/screen-flows/phantom/057-phantom-changing-an-avatar-9226fe19-05d8-4155-84fc-028879797639/002-5b0d8b59-d579-41a3-a761-256af060fb9f-downloadableSrc-5213163ecdd9.webp
9226fe19-05d8-4155-84fc-028879797639,Changing an avatar,28f44562-240b-48eb-997f-8a1a731499cb,Phantom,689aadcf-d2e3-49bb-8ebb-e135252e28bd,2,3,ebf35dec-bc53-4e17-a260-18fbbc27aa53,true,downloadableSrc,200,image/webp,85682,85682,3449672d5936ff8a3a2c4f0b009596086cf28244c475585f120683a1e4f76d63,1179,2676,,,bytescale.mobbin.com,f7a1807c1ac98ccf0eecf5078d61346ac9a94ca37a547f5708d580528c9e55c0,/Users/user/mobbin-sides/screen-flows/phantom/057-phantom-changing-an-avatar-9226fe19-05d8-4155-84fc-028879797639/003-ebf35dec-bc53-4e17-a260-18fbbc27aa53-downloadableSrc-3449672d5936.webp
9226fe19-05d8-4155-84fc-028879797639,Changing an avatar,28f44562-240b-48eb-997f-8a1a731499cb,Phantom,689aadcf-d2e3-49bb-8ebb-e135252e28bd,3,4,91bf46e4-1bcd-49b0-bde5-6b778d92540a,true,downloadableSrc,200,image/webp,28626,28626,a272ec5802e9f46bbedfb75798e1c7efc34b8b51699ec0da45e2920ebb845941,1179,2676,,,bytescale.mobbin.com,f7a1807c1ac98ccf0eecf5078d61346ac9a94ca37a547f5708d580528c9e55c0,/Users/user/mobbin-sides/screen-flows/phantom/057-phantom-changing-an-avatar-9226fe19-05d8-4155-84fc-028879797639/004-91bf46e4-1bcd-49b0-bde5-6b778d92540a-downloadableSrc-a272ec5802e9.webp
9226fe19-05d8-4155-84fc-028879797639,Changing an avatar,28f44562-240b-48eb-997f-8a1a731499cb,Phantom,689aadcf-d2e3-49bb-8ebb-e135252e28bd,4,5,08d5387a-14ca-43a0-b90b-0fd910a7588d,true,downloadableSrc,200,image/webp,53208,53208,902ce23f83acc1e8b03298250dbfb35a377af24e307ddf1ca6529b5cadb62b80,1179,2676,,,bytescale.mobbin.com,f7a1807c1ac98ccf0eecf5078d61346ac9a94ca37a547f5708d580528c9e55c0,/Users/user/mobbin-sides/screen-flows/phantom/057-phantom-changing-an-avatar-9226fe19-05d8-4155-84fc-028879797639/005-08d5387a-14ca-43a0-b90b-0fd910a7588d-downloadableSrc-902ce23f83ac.webp
c0078b25-37e2-46ae-8df6-2b1b6942f288,Editing an account name,28f44562-240b-48eb-997f-8a1a731499cb,Phantom,689aadcf-d2e3-49bb-8ebb-e135252e28bd,0,1,c9635d50-3af6-4d79-881e-e57936f8775d,true,downloadableSrc,200,image/webp,48874,48874,d43598b9424f35a58fec9e731c1be09a76ae3d9e6108912394107ab0d980841e,1179,2676,,,bytescale.mobbin.com,f7a1807c1ac98ccf0eecf5078d61346ac9a94ca37a547f5708d580528c9e55c0,/Users/user/mobbin-sides/screen-flows/phantom/058-phantom-editing-an-account-name-c0078b25-37e2-46ae-8df6-2b1b6942f288/001-c9635d50-3af6-4d79-881e-e57936f8775d-downloadableSrc-d43598b9424f.webp
c0078b25-37e2-46ae-8df6-2b1b6942f288,Editing an account name,28f44562-240b-48eb-997f-8a1a731499cb,Phantom,689aadcf-d2e3-49bb-8ebb-e135252e28bd,1,2,ea2ac2a2-2eb6-4a3c-a7eb-6e108ca1a1c6,true,downloadableSrc,200,image/webp,19262,19262,49cf726918b87d7e68dc7ecd823623eba854f8f7ba63991ca7a55ebf41e851f0,1179,2676,,,bytescale.mobbin.com,f7a1807c1ac98ccf0eecf5078d61346ac9a94ca37a547f5708d580528c9e55c0,/Users/user/mobbin-sides/screen-flows/phantom/058-phantom-editing-an-account-name-c0078b25-37e2-46ae-8df6-2b1b6942f288/002-ea2ac2a2-2eb6-4a3c-a7eb-6e108ca1a1c6-downloadableSrc-49cf726918b8.webp
c0078b25-37e2-46ae-8df6-2b1b6942f288,Editing an account name,28f44562-240b-48eb-997f-8a1a731499cb,Phantom,689aadcf-d2e3-49bb-8ebb-e135252e28bd,2,3,c7bfc1ac-d354-4000-918e-5f2cc54f1b60,true,downloadableSrc,200,image/webp,38358,38358,1c879c46dfb79972969371deaac8afd754afa51dd18a4680f9ca9722b4e826ed,1179,2676,,,bytescale.mobbin.com,f7a1807c1ac98ccf0eecf5078d61346ac9a94ca37a547f5708d580528c9e55c0,/Users/user/mobbin-sides/screen-flows/phantom/058-phantom-editing-an-account-name-c0078b25-37e2-46ae-8df6-2b1b6942f288/003-c7bfc1ac-d354-4000-918e-5f2cc54f1b60-downloadableSrc-1c879c46dfb7.webp
c0078b25-37e2-46ae-8df6-2b1b6942f288,Editing an account name,28f44562-240b-48eb-997f-8a1a731499cb,Phantom,689aadcf-d2e3-49bb-8ebb-e135252e28bd,3,4,103e6962-4dcf-4fd3-aacf-8b6322706acc,true,downloadableSrc,200,image/webp,49400,49400,1e21ac91c76c8a5e4e0c5043b02f377ddcc241626458c999eae47440a6f30efa,1179,2676,,,bytescale.mobbin.com,f7a1807c1ac98ccf0eecf5078d61346ac9a94ca37a547f5708d580528c9e55c0,/Users/user/mobbin-sides/screen-flows/phantom/058-phantom-editing-an-account-name-c0078b25-37e2-46ae-8df6-2b1b6942f288/004-103e6962-4dcf-4fd3-aacf-8b6322706acc-downloadableSrc-1e21ac91c76c.webp
f7f4f447-9f75-4744-a5fa-354fc23fa1c2,Account addresses,28f44562-240b-48eb-997f-8a1a731499cb,Phantom,689aadcf-d2e3-49bb-8ebb-e135252e28bd,0,1,c9635d50-3af6-4d79-881e-e57936f8775d,true,downloadableSrc,200,image/webp,48874,48874,d43598b9424f35a58fec9e731c1be09a76ae3d9e6108912394107ab0d980841e,1179,2676,,,bytescale.mobbin.com,f7a1807c1ac98ccf0eecf5078d61346ac9a94ca37a547f5708d580528c9e55c0,/Users/user/mobbin-sides/screen-flows/phantom/059-phantom-account-addresses-f7f4f447-9f75-4744-a5fa-354fc23fa1c2/001-c9635d50-3af6-4d79-881e-e57936f8775d-downloadableSrc-d43598b9424f.webp
f7f4f447-9f75-4744-a5fa-354fc23fa1c2,Account addresses,28f44562-240b-48eb-997f-8a1a731499cb,Phantom,689aadcf-d2e3-49bb-8ebb-e135252e28bd,1,2,fa4adf6d-2e6d-4a9e-b9a4-0f99d7842060,true,downloadableSrc,200,image/webp,73764,73764,c3fee3c639fb996ec3da25658f3472a4c797f1fc45af1b6c4f5b7653d9a776b0,1179,2676,,,bytescale.mobbin.com,f7a1807c1ac98ccf0eecf5078d61346ac9a94ca37a547f5708d580528c9e55c0,/Users/user/mobbin-sides/screen-flows/phantom/059-phantom-account-addresses-f7f4f447-9f75-4744-a5fa-354fc23fa1c2/002-fa4adf6d-2e6d-4a9e-b9a4-0f99d7842060-downloadableSrc-c3fee3c639fb.webp
f7f4f447-9f75-4744-a5fa-354fc23fa1c2,Account addresses,28f44562-240b-48eb-997f-8a1a731499cb,Phantom,689aadcf-d2e3-49bb-8ebb-e135252e28bd,2,3,732c0463-376d-4f82-acf9-207c59352341,true,downloadableSrc,200,image/webp,51256,51256,b3e408f37a55a61f5067585b31507c618acc9f621998a4bf0e9bc520529433aa,1179,2676,,,bytescale.mobbin.com,f7a1807c1ac98ccf0eecf5078d61346ac9a94ca37a547f5708d580528c9e55c0,/Users/user/mobbin-sides/screen-flows/phantom/059-phantom-account-addresses-f7f4f447-9f75-4744-a5fa-354fc23fa1c2/003-732c0463-376d-4f82-acf9-207c59352341-downloadableSrc-b3e408f37a55.webp
03e8979a-df60-484c-b198-e8d4ca2e3176,Turning on notifications,28f44562-240b-48eb-997f-8a1a731499cb,Phantom,689aadcf-d2e3-49bb-8ebb-e135252e28bd,0,1,c9635d50-3af6-4d79-881e-e57936f8775d,true,downloadableSrc,200,image/webp,48874,48874,d43598b9424f35a58fec9e731c1be09a76ae3d9e6108912394107ab0d980841e,1179,2676,,,bytescale.mobbin.com,f7a1807c1ac98ccf0eecf5078d61346ac9a94ca37a547f5708d580528c9e55c0,/Users/user/mobbin-sides/screen-flows/phantom/060-phantom-turning-on-notifications-03e8979a-df60-484c-b198-e8d4ca2e3176/001-c9635d50-3af6-4d79-881e-e57936f8775d-downloadableSrc-d43598b9424f.webp
03e8979a-df60-484c-b198-e8d4ca2e3176,Turning on notifications,28f44562-240b-48eb-997f-8a1a731499cb,Phantom,689aadcf-d2e3-49bb-8ebb-e135252e28bd,1,2,55eea72a-e130-4903-ab3c-49f67b0cc6e1,true,downloadableSrc,200,image/webp,84762,84762,21b1781bdc00926da07ac43fc2c8cd4577816805fa29d3edd8add45134812bcb,1179,2676,,,bytescale.mobbin.com,f7a1807c1ac98ccf0eecf5078d61346ac9a94ca37a547f5708d580528c9e55c0,/Users/user/mobbin-sides/screen-flows/phantom/060-phantom-turning-on-notifications-03e8979a-df60-484c-b198-e8d4ca2e3176/002-55eea72a-e130-4903-ab3c-49f67b0cc6e1-downloadableSrc-21b1781bdc00.webp
03e8979a-df60-484c-b198-e8d4ca2e3176,Turning on notifications,28f44562-240b-48eb-997f-8a1a731499cb,Phantom,689aadcf-d2e3-49bb-8ebb-e135252e28bd,2,3,9b352831-c6e2-466e-b12e-9b3714ce9024,true,downloadableSrc,200,image/webp,102230,102230,f2fdb50d5a8eb6c9be42e3b471de38702c131b37b1f3560d4b97612959d8149a,1179,2676,,,bytescale.mobbin.com,f7a1807c1ac98ccf0eecf5078d61346ac9a94ca37a547f5708d580528c9e55c0,/Users/user/mobbin-sides/screen-flows/phantom/060-phantom-turning-on-notifications-03e8979a-df60-484c-b198-e8d4ca2e3176/003-9b352831-c6e2-466e-b12e-9b3714ce9024-downloadableSrc-f2fdb50d5a8e.webp
03e8979a-df60-484c-b198-e8d4ca2e3176,Turning on notifications,28f44562-240b-48eb-997f-8a1a731499cb,Phantom,689aadcf-d2e3-49bb-8ebb-e135252e28bd,3,4,2e224f82-494e-49da-96fe-87d7e2cf4571,true,downloadableSrc,200,image/webp,102500,102500,8ec9b1a65b0c50ebaf69aa9b9a12ece59817435108539e6f4268d75fb5c1aee0,1179,2676,,,bytescale.mobbin.com,f7a1807c1ac98ccf0eecf5078d61346ac9a94ca37a547f5708d580528c9e55c0,/Users/user/mobbin-sides/screen-flows/phantom/060-phantom-turning-on-notifications-03e8979a-df60-484c-b198-e8d4ca2e3176/004-2e224f82-494e-49da-96fe-87d7e2cf4571-downloadableSrc-8ec9b1a65b0c.webp
5d55b48c-559e-454c-8c3a-fca4429ddf1f,Removing an account,28f44562-240b-48eb-997f-8a1a731499cb,Phantom,689aadcf-d2e3-49bb-8ebb-e135252e28bd,0,1,c9635d50-3af6-4d79-881e-e57936f8775d,true,downloadableSrc,200,image/webp,48874,48874,d43598b9424f35a58fec9e731c1be09a76ae3d9e6108912394107ab0d980841e,1179,2676,,,bytescale.mobbin.com,f7a1807c1ac98ccf0eecf5078d61346ac9a94ca37a547f5708d580528c9e55c0,/Users/user/mobbin-sides/screen-flows/phantom/061-phantom-removing-an-account-5d55b48c-559e-454c-8c3a-fca4429ddf1f/001-c9635d50-3af6-4d79-881e-e57936f8775d-downloadableSrc-d43598b9424f.webp
5d55b48c-559e-454c-8c3a-fca4429ddf1f,Removing an account,28f44562-240b-48eb-997f-8a1a731499cb,Phantom,689aadcf-d2e3-49bb-8ebb-e135252e28bd,1,2,bc5401db-6f39-4713-b54e-f3d072c15767,true,downloadableSrc,200,image/webp,44934,44934,b4d656d6ed445513110182790933af2b272af040552e592728b00771a05ebbe1,1179,2676,,,bytescale.mobbin.com,f7a1807c1ac98ccf0eecf5078d61346ac9a94ca37a547f5708d580528c9e55c0,/Users/user/mobbin-sides/screen-flows/phantom/061-phantom-removing-an-account-5d55b48c-559e-454c-8c3a-fca4429ddf1f/002-bc5401db-6f39-4713-b54e-f3d072c15767-downloadableSrc-b4d656d6ed44.webp
5d55b48c-559e-454c-8c3a-fca4429ddf1f,Removing an account,28f44562-240b-48eb-997f-8a1a731499cb,Phantom,689aadcf-d2e3-49bb-8ebb-e135252e28bd,2,3,f9b56a18-e350-406e-8f62-a6d2957be8f4,true,downloadableSrc,200,image/webp,43608,43608,153d4f428e9f0a324298d8d90e97a3cd2ae5737282c9a5c7f684fa7bbd4d0f3c,1179,2676,,,bytescale.mobbin.com,f7a1807c1ac98ccf0eecf5078d61346ac9a94ca37a547f5708d580528c9e55c0,/Users/user/mobbin-sides/screen-flows/phantom/061-phantom-removing-an-account-5d55b48c-559e-454c-8c3a-fca4429ddf1f/003-f9b56a18-e350-406e-8f62-a6d2957be8f4-downloadableSrc-153d4f428e9f.webp
a452e9d3-5cd3-49f9-bb8b-1ea43c632e0a,Settings,28f44562-240b-48eb-997f-8a1a731499cb,Phantom,689aadcf-d2e3-49bb-8ebb-e135252e28bd,0,1,01db2a97-c730-4220-ac8b-e334b0ec14b3,true,downloadableSrc,200,image/webp,48582,48582,8f5da03cb9e517c2dc42d8cecf3a605617c6ef4513cb9218dfac50d2ba98ae41,1179,2676,,,bytescale.mobbin.com,f7a1807c1ac98ccf0eecf5078d61346ac9a94ca37a547f5708d580528c9e55c0,/Users/user/mobbin-sides/screen-flows/phantom/062-phantom-settings-a452e9d3-5cd3-49f9-bb8b-1ea43c632e0a/001-01db2a97-c730-4220-ac8b-e334b0ec14b3-downloadableSrc-8f5da03cb9e5.webp
a452e9d3-5cd3-49f9-bb8b-1ea43c632e0a,Settings,28f44562-240b-48eb-997f-8a1a731499cb,Phantom,689aadcf-d2e3-49bb-8ebb-e135252e28bd,1,2,08c93b02-3325-434c-85ed-2147f0b83e63,true,downloadableSrc,200,image/webp,61628,61628,8275df487c250c8e69acabc2fe6d301a6cb452e9ea3c54166600fec9f52ec2dd,1179,2676,,,bytescale.mobbin.com,f7a1807c1ac98ccf0eecf5078d61346ac9a94ca37a547f5708d580528c9e55c0,/Users/user/mobbin-sides/screen-flows/phantom/062-phantom-settings-a452e9d3-5cd3-49f9-bb8b-1ea43c632e0a/002-08c93b02-3325-434c-85ed-2147f0b83e63-downloadableSrc-8275df487c25.webp
a452e9d3-5cd3-49f9-bb8b-1ea43c632e0a,Settings,28f44562-240b-48eb-997f-8a1a731499cb,Phantom,689aadcf-d2e3-49bb-8ebb-e135252e28bd,2,3,5953182a-ea9a-41d0-8efd-7d0e1e75fac2,true,downloadableSrc,200,image/webp,58962,58962,fc0deff1eaf5e906d72bb98a1a880e7aa37a0927b385e00ada448b05dabbfcca,1179,2676,,,bytescale.mobbin.com,f7a1807c1ac98ccf0eecf5078d61346ac9a94ca37a547f5708d580528c9e55c0,/Users/user/mobbin-sides/screen-flows/phantom/062-phantom-settings-a452e9d3-5cd3-49f9-bb8b-1ea43c632e0a/003-5953182a-ea9a-41d0-8efd-7d0e1e75fac2-downloadableSrc-fc0deff1eaf5.webp
443fecea-343b-48f7-8d22-0db659d71fb7,Preferences,28f44562-240b-48eb-997f-8a1a731499cb,Phantom,689aadcf-d2e3-49bb-8ebb-e135252e28bd,0,1,08c93b02-3325-434c-85ed-2147f0b83e63,true,downloadableSrc,200,image/webp,61628,61628,8275df487c250c8e69acabc2fe6d301a6cb452e9ea3c54166600fec9f52ec2dd,1179,2676,,,bytescale.mobbin.com,f7a1807c1ac98ccf0eecf5078d61346ac9a94ca37a547f5708d580528c9e55c0,/Users/user/mobbin-sides/screen-flows/phantom/063-phantom-preferences-443fecea-343b-48f7-8d22-0db659d71fb7/001-08c93b02-3325-434c-85ed-2147f0b83e63-downloadableSrc-8275df487c25.webp
443fecea-343b-48f7-8d22-0db659d71fb7,Preferences,28f44562-240b-48eb-997f-8a1a731499cb,Phantom,689aadcf-d2e3-49bb-8ebb-e135252e28bd,1,2,5037e4db-971d-4b16-a9d3-66d13fd4c8bf,true,downloadableSrc,200,image/webp,44254,44254,71e87a47377a9e2575ff45c3f6d5d2f180b50cddf82508419c6ce60c4da81ec1,1179,2676,,,bytescale.mobbin.com,f7a1807c1ac98ccf0eecf5078d61346ac9a94ca37a547f5708d580528c9e55c0,/Users/user/mobbin-sides/screen-flows/phantom/063-phantom-preferences-443fecea-343b-48f7-8d22-0db659d71fb7/002-5037e4db-971d-4b16-a9d3-66d13fd4c8bf-downloadableSrc-71e87a47377a.webp
8a347ee8-7855-461e-a5b3-39c0b7a0d524,Changing currency,28f44562-240b-48eb-997f-8a1a731499cb,Phantom,689aadcf-d2e3-49bb-8ebb-e135252e28bd,0,1,5037e4db-971d-4b16-a9d3-66d13fd4c8bf,true,downloadableSrc,200,image/webp,44254,44254,71e87a47377a9e2575ff45c3f6d5d2f180b50cddf82508419c6ce60c4da81ec1,1179,2676,,,bytescale.mobbin.com,f7a1807c1ac98ccf0eecf5078d61346ac9a94ca37a547f5708d580528c9e55c0,/Users/user/mobbin-sides/screen-flows/phantom/064-phantom-changing-currency-8a347ee8-7855-461e-a5b3-39c0b7a0d524/001-5037e4db-971d-4b16-a9d3-66d13fd4c8bf-downloadableSrc-71e87a47377a.webp
8a347ee8-7855-461e-a5b3-39c0b7a0d524,Changing currency,28f44562-240b-48eb-997f-8a1a731499cb,Phantom,689aadcf-d2e3-49bb-8ebb-e135252e28bd,1,2,0dd5dbd9-2796-4c56-82b0-827621593496,true,downloadableSrc,200,image/webp,71148,71148,246ea94e62c6b47b48f7c5af327bf403b49ef9a1504602a627dfed6ab6c28a8b,1179,2676,,,bytescale.mobbin.com,f7a1807c1ac98ccf0eecf5078d61346ac9a94ca37a547f5708d580528c9e55c0,/Users/user/mobbin-sides/screen-flows/phantom/064-phantom-changing-currency-8a347ee8-7855-461e-a5b3-39c0b7a0d524/002-0dd5dbd9-2796-4c56-82b0-827621593496-downloadableSrc-246ea94e62c6.webp
8a347ee8-7855-461e-a5b3-39c0b7a0d524,Changing currency,28f44562-240b-48eb-997f-8a1a731499cb,Phantom,689aadcf-d2e3-49bb-8ebb-e135252e28bd,2,3,b1ea45b6-c6f2-4fce-a65e-03ebde9e7b48,true,downloadableSrc,200,image/webp,41608,41608,4d0939fc4eec9666c69b87d43c5896676b8cca9f329897fca438b888a834de7a,1179,2676,,,bytescale.mobbin.com,f7a1807c1ac98ccf0eecf5078d61346ac9a94ca37a547f5708d580528c9e55c0,/Users/user/mobbin-sides/screen-flows/phantom/064-phantom-changing-currency-8a347ee8-7855-461e-a5b3-39c0b7a0d524/003-b1ea45b6-c6f2-4fce-a65e-03ebde9e7b48-downloadableSrc-4d0939fc4eec.webp
8a347ee8-7855-461e-a5b3-39c0b7a0d524,Changing currency,28f44562-240b-48eb-997f-8a1a731499cb,Phantom,689aadcf-d2e3-49bb-8ebb-e135252e28bd,3,4,56ce0e29-049e-4549-9cb0-ea23e0baca73,true,downloadableSrc,200,image/webp,78998,78998,c4f0954cb84c9204825c6913a26a7b83cedb304ace00ac21ef3bcc776e596807,1179,2676,,,bytescale.mobbin.com,f7a1807c1ac98ccf0eecf5078d61346ac9a94ca37a547f5708d580528c9e55c0,/Users/user/mobbin-sides/screen-flows/phantom/064-phantom-changing-currency-8a347ee8-7855-461e-a5b3-39c0b7a0d524/004-56ce0e29-049e-4549-9cb0-ea23e0baca73-downloadableSrc-c4f0954cb84c.webp
66bc97e4-a444-44b2-8ac4-ffd0aee85647,Changing a preferred explorer,28f44562-240b-48eb-997f-8a1a731499cb,Phantom,689aadcf-d2e3-49bb-8ebb-e135252e28bd,0,1,5037e4db-971d-4b16-a9d3-66d13fd4c8bf,true,downloadableSrc,200,image/webp,44254,44254,71e87a47377a9e2575ff45c3f6d5d2f180b50cddf82508419c6ce60c4da81ec1,1179,2676,,,bytescale.mobbin.com,f7a1807c1ac98ccf0eecf5078d61346ac9a94ca37a547f5708d580528c9e55c0,/Users/user/mobbin-sides/screen-flows/phantom/065-phantom-changing-a-preferred-explorer-66bc97e4-a444-44b2-8ac4-ffd0aee85647/001-5037e4db-971d-4b16-a9d3-66d13fd4c8bf-downloadableSrc-71e87a47377a.webp
66bc97e4-a444-44b2-8ac4-ffd0aee85647,Changing a preferred explorer,28f44562-240b-48eb-997f-8a1a731499cb,Phantom,689aadcf-d2e3-49bb-8ebb-e135252e28bd,1,2,d08f29ba-4597-49d9-bc8f-e290e02f3e0c,true,downloadableSrc,200,image/webp,45086,45086,59644f189c5deb2490b5705dfbd2444018f485d8e7795b47cdea643fc6d4a5e4,1179,2676,,,bytescale.mobbin.com,f7a1807c1ac98ccf0eecf5078d61346ac9a94ca37a547f5708d580528c9e55c0,/Users/user/mobbin-sides/screen-flows/phantom/065-phantom-changing-a-preferred-explorer-66bc97e4-a444-44b2-8ac4-ffd0aee85647/002-d08f29ba-4597-49d9-bc8f-e290e02f3e0c-downloadableSrc-59644f189c5d.webp
66bc97e4-a444-44b2-8ac4-ffd0aee85647,Changing a preferred explorer,28f44562-240b-48eb-997f-8a1a731499cb,Phantom,689aadcf-d2e3-49bb-8ebb-e135252e28bd,2,3,f2cb225a-c83d-4eeb-9984-1ba08dea9008,true,downloadableSrc,200,image/webp,45092,45092,74f4fe3efbd4464f90fc8582c717e79031279b9a5612ad2f03c92921dc2a5b30,1179,2676,,,bytescale.mobbin.com,f7a1807c1ac98ccf0eecf5078d61346ac9a94ca37a547f5708d580528c9e55c0,/Users/user/mobbin-sides/screen-flows/phantom/065-phantom-changing-a-preferred-explorer-66bc97e4-a444-44b2-8ac4-ffd0aee85647/003-f2cb225a-c83d-4eeb-9984-1ba08dea9008-downloadableSrc-74f4fe3efbd4.webp
75e7ab57-4149-4cab-a441-8a25571834e4,Changing app icon,28f44562-240b-48eb-997f-8a1a731499cb,Phantom,689aadcf-d2e3-49bb-8ebb-e135252e28bd,0,1,5037e4db-971d-4b16-a9d3-66d13fd4c8bf,true,downloadableSrc,200,image/webp,44254,44254,71e87a47377a9e2575ff45c3f6d5d2f180b50cddf82508419c6ce60c4da81ec1,1179,2676,,,bytescale.mobbin.com,f7a1807c1ac98ccf0eecf5078d61346ac9a94ca37a547f5708d580528c9e55c0,/Users/user/mobbin-sides/screen-flows/phantom/066-phantom-changing-app-icon-75e7ab57-4149-4cab-a441-8a25571834e4/001-5037e4db-971d-4b16-a9d3-66d13fd4c8bf-downloadableSrc-71e87a47377a.webp
75e7ab57-4149-4cab-a441-8a25571834e4,Changing app icon,28f44562-240b-48eb-997f-8a1a731499cb,Phantom,689aadcf-d2e3-49bb-8ebb-e135252e28bd,1,2,28542ec4-bbb8-40ed-9d5a-63d44dac211b,true,downloadableSrc,200,image/webp,25632,25632,eec0b22d42b583116260b02a5d314537b996f166005f51f6077c44a72eaf045b,1179,2676,,,bytescale.mobbin.com,f7a1807c1ac98ccf0eecf5078d61346ac9a94ca37a547f5708d580528c9e55c0,/Users/user/mobbin-sides/screen-flows/phantom/066-phantom-changing-app-icon-75e7ab57-4149-4cab-a441-8a25571834e4/002-28542ec4-bbb8-40ed-9d5a-63d44dac211b-downloadableSrc-eec0b22d42b5.webp
75e7ab57-4149-4cab-a441-8a25571834e4,Changing app icon,28f44562-240b-48eb-997f-8a1a731499cb,Phantom,689aadcf-d2e3-49bb-8ebb-e135252e28bd,2,3,2be9d8d5-87b6-42d0-9667-8cbd1f907845,true,downloadableSrc,200,image/webp,25640,25640,c154e7519fb9fc1bafa5655782c5cc65a6b933c2d90753b790dd534c6d24dcaf,1179,2676,,,bytescale.mobbin.com,f7a1807c1ac98ccf0eecf5078d61346ac9a94ca37a547f5708d580528c9e55c0,/Users/user/mobbin-sides/screen-flows/phantom/066-phantom-changing-app-icon-75e7ab57-4149-4cab-a441-8a25571834e4/003-2be9d8d5-87b6-42d0-9667-8cbd1f907845-downloadableSrc-c154e7519fb9.webp
aff8a15b-2213-47c7-ba55-ada42691d42a,Adding a preferred Bitcoin address,28f44562-240b-48eb-997f-8a1a731499cb,Phantom,689aadcf-d2e3-49bb-8ebb-e135252e28bd,0,1,5037e4db-971d-4b16-a9d3-66d13fd4c8bf,true,downloadableSrc,200,image/webp,44254,44254,71e87a47377a9e2575ff45c3f6d5d2f180b50cddf82508419c6ce60c4da81ec1,1179,2676,,,bytescale.mobbin.com,f7a1807c1ac98ccf0eecf5078d61346ac9a94ca37a547f5708d580528c9e55c0,/Users/user/mobbin-sides/screen-flows/phantom/067-phantom-adding-a-preferred-bitcoin-address-aff8a15b-2213-47c7-ba55-ada42691d42a/001-5037e4db-971d-4b16-a9d3-66d13fd4c8bf-downloadableSrc-71e87a47377a.webp
aff8a15b-2213-47c7-ba55-ada42691d42a,Adding a preferred Bitcoin address,28f44562-240b-48eb-997f-8a1a731499cb,Phantom,689aadcf-d2e3-49bb-8ebb-e135252e28bd,1,2,04d49458-95b0-43b3-9be3-825a0bb61dd4,true,downloadableSrc,200,image/webp,45454,45454,1ad5c5c0ee31471eac71a50d0f18e25e2cb44fcc214ee75bbae79893ee9cc0ff,1179,2676,,,bytescale.mobbin.com,f7a1807c1ac98ccf0eecf5078d61346ac9a94ca37a547f5708d580528c9e55c0,/Users/user/mobbin-sides/screen-flows/phantom/067-phantom-adding-a-preferred-bitcoin-address-aff8a15b-2213-47c7-ba55-ada42691d42a/002-04d49458-95b0-43b3-9be3-825a0bb61dd4-downloadableSrc-1ad5c5c0ee31.webp
aff8a15b-2213-47c7-ba55-ada42691d42a,Adding a preferred Bitcoin address,28f44562-240b-48eb-997f-8a1a731499cb,Phantom,689aadcf-d2e3-49bb-8ebb-e135252e28bd,2,3,915c3ff3-75e5-465f-bb1a-2e8202eb1754,true,downloadableSrc,200,image/webp,60382,60382,2ef885869787ebc4f8c3a80176511f4f27cb566b5566a5d3572d7aadeaa7c5ba,1179,2676,,,bytescale.mobbin.com,f7a1807c1ac98ccf0eecf5078d61346ac9a94ca37a547f5708d580528c9e55c0,/Users/user/mobbin-sides/screen-flows/phantom/067-phantom-adding-a-preferred-bitcoin-address-aff8a15b-2213-47c7-ba55-ada42691d42a/003-915c3ff3-75e5-465f-bb1a-2e8202eb1754-downloadableSrc-2ef885869787.webp
ba4828eb-ba8d-4b39-9aba-1b59212f32be,Security & privacy,28f44562-240b-48eb-997f-8a1a731499cb,Phantom,689aadcf-d2e3-49bb-8ebb-e135252e28bd,0,1,08c93b02-3325-434c-85ed-2147f0b83e63,true,downloadableSrc,200,image/webp,61628,61628,8275df487c250c8e69acabc2fe6d301a6cb452e9ea3c54166600fec9f52ec2dd,1179,2676,,,bytescale.mobbin.com,f7a1807c1ac98ccf0eecf5078d61346ac9a94ca37a547f5708d580528c9e55c0,/Users/user/mobbin-sides/screen-flows/phantom/068-phantom-security-and-privacy-ba4828eb-ba8d-4b39-9aba-1b59212f32be/001-08c93b02-3325-434c-85ed-2147f0b83e63-downloadableSrc-8275df487c25.webp
ba4828eb-ba8d-4b39-9aba-1b59212f32be,Security & privacy,28f44562-240b-48eb-997f-8a1a731499cb,Phantom,689aadcf-d2e3-49bb-8ebb-e135252e28bd,1,2,7f3c29bf-4da1-439e-aedd-637cc9053eed,true,downloadableSrc,200,image/webp,73328,73328,8a09496d4cd624c04372442d42e3e993a1c511e21f1ba3e7366522e5f9b5f185,1179,2676,,,bytescale.mobbin.com,f7a1807c1ac98ccf0eecf5078d61346ac9a94ca37a547f5708d580528c9e55c0,/Users/user/mobbin-sides/screen-flows/phantom/068-phantom-security-and-privacy-ba4828eb-ba8d-4b39-9aba-1b59212f32be/002-7f3c29bf-4da1-439e-aedd-637cc9053eed-downloadableSrc-8a09496d4cd6.webp
54daab7a-83a9-4125-b7da-3b5db24271e9,Blocked accounts,28f44562-240b-48eb-997f-8a1a731499cb,Phantom,689aadcf-d2e3-49bb-8ebb-e135252e28bd,0,1,7f3c29bf-4da1-439e-aedd-637cc9053eed,true,downloadableSrc,200,image/webp,73328,73328,8a09496d4cd624c04372442d42e3e993a1c511e21f1ba3e7366522e5f9b5f185,1179,2676,,,bytescale.mobbin.com,f7a1807c1ac98ccf0eecf5078d61346ac9a94ca37a547f5708d580528c9e55c0,/Users/user/mobbin-sides/screen-flows/phantom/069-phantom-blocked-accounts-54daab7a-83a9-4125-b7da-3b5db24271e9/001-7f3c29bf-4da1-439e-aedd-637cc9053eed-downloadableSrc-8a09496d4cd6.webp
54daab7a-83a9-4125-b7da-3b5db24271e9,Blocked accounts,28f44562-240b-48eb-997f-8a1a731499cb,Phantom,689aadcf-d2e3-49bb-8ebb-e135252e28bd,1,2,c1b77d3b-9f4b-416b-a2dd-449f661f8d32,true,downloadableSrc,200,image/webp,18902,18902,d2b408794e66e1b599933d853f03b9f7e75bdef7abab0bbb1588905bf175dcb8,1179,2676,,,bytescale.mobbin.com,f7a1807c1ac98ccf0eecf5078d61346ac9a94ca37a547f5708d580528c9e55c0,/Users/user/mobbin-sides/screen-flows/phantom/069-phantom-blocked-accounts-54daab7a-83a9-4125-b7da-3b5db24271e9/002-c1b77d3b-9f4b-416b-a2dd-449f661f8d32-downloadableSrc-d2b408794e66.webp
54daab7a-83a9-4125-b7da-3b5db24271e9,Blocked accounts,28f44562-240b-48eb-997f-8a1a731499cb,Phantom,689aadcf-d2e3-49bb-8ebb-e135252e28bd,2,3,87ab6919-7226-4b77-a4d9-b419370d377b,true,downloadableSrc,200,image/webp,45652,45652,f53c3a539c9653b9a6c38077b09f1bfd2db1007fa8aae9a7cee328f387c3d481,1179,2676,,,bytescale.mobbin.com,f7a1807c1ac98ccf0eecf5078d61346ac9a94ca37a547f5708d580528c9e55c0,/Users/user/mobbin-sides/screen-flows/phantom/069-phantom-blocked-accounts-54daab7a-83a9-4125-b7da-3b5db24271e9/003-87ab6919-7226-4b77-a4d9-b419370d377b-downloadableSrc-f53c3a539c96.webp
adb4aa7e-9cb1-4552-a82d-f99ad7eec2b2,Resetting app,28f44562-240b-48eb-997f-8a1a731499cb,Phantom,689aadcf-d2e3-49bb-8ebb-e135252e28bd,0,1,7f3c29bf-4da1-439e-aedd-637cc9053eed,true,downloadableSrc,200,image/webp,73328,73328,8a09496d4cd624c04372442d42e3e993a1c511e21f1ba3e7366522e5f9b5f185,1179,2676,,,bytescale.mobbin.com,f7a1807c1ac98ccf0eecf5078d61346ac9a94ca37a547f5708d580528c9e55c0,/Users/user/mobbin-sides/screen-flows/phantom/070-phantom-resetting-app-adb4aa7e-9cb1-4552-a82d-f99ad7eec2b2/001-7f3c29bf-4da1-439e-aedd-637cc9053eed-downloadableSrc-8a09496d4cd6.webp
adb4aa7e-9cb1-4552-a82d-f99ad7eec2b2,Resetting app,28f44562-240b-48eb-997f-8a1a731499cb,Phantom,689aadcf-d2e3-49bb-8ebb-e135252e28bd,1,2,7b8e23da-38e2-4059-81ce-be05735ff58f,true,downloadableSrc,200,image/webp,41962,41962,c380bef949c25cd858132fea27806015c38737e55d62d655c7922d73c35b0b2a,1179,2676,,,bytescale.mobbin.com,f7a1807c1ac98ccf0eecf5078d61346ac9a94ca37a547f5708d580528c9e55c0,/Users/user/mobbin-sides/screen-flows/phantom/070-phantom-resetting-app-adb4aa7e-9cb1-4552-a82d-f99ad7eec2b2/002-7b8e23da-38e2-4059-81ce-be05735ff58f-downloadableSrc-c380bef949c2.webp
adb4aa7e-9cb1-4552-a82d-f99ad7eec2b2,Resetting app,28f44562-240b-48eb-997f-8a1a731499cb,Phantom,689aadcf-d2e3-49bb-8ebb-e135252e28bd,2,3,d3249959-87a1-4cd9-9063-7bb5612fff3e,true,downloadableSrc,200,image/webp,80776,80776,ed30ac165c03eb77edc1b60db177d1bddee9bd88c30b45acf83b171906d16be2,1180,2676,,,bytescale.mobbin.com,f7a1807c1ac98ccf0eecf5078d61346ac9a94ca37a547f5708d580528c9e55c0,/Users/user/mobbin-sides/screen-flows/phantom/070-phantom-resetting-app-adb4aa7e-9cb1-4552-a82d-f99ad7eec2b2/003-d3249959-87a1-4cd9-9063-7bb5612fff3e-downloadableSrc-ed30ac165c03.webp
