flowId,flowName,appId,appName,appVersionId,order,index,screenId,restricted,descriptor,status,contentType,contentLengthHeader,bytes,sha256,width,height,declaredWidth,declaredHeight,urlHost,urlPathHash,savedPath
13c20a32-43c8-41a6-bb5f-63f8371b1683,Onboarding,93ad9ceb-a163-41da-ba7a-9f07c737fc2a,Revolut Business,0c4c334c-e3a5-4395-89be-c7666aaafdf5,0,1,80ebad0f-17a4-47e3-9d85-07ea25969067,false,downloadableSrc,200,image/webp,21598,21598,fcdfeaf2ae393307ed7163064291dadcb5636090ff9bf95971169c62adc791e1,1180,2676,,,bytescale.mobbin.com,f7a1807c1ac98ccf0eecf5078d61346ac9a94ca37a547f5708d580528c9e55c0,/Users/user/mobbin-sides/screen-flows/revolut-business/001-revolut-business-onboarding-13c20a32-43c8-41a6-bb5f-63f8371b1683/001-80ebad0f-17a4-47e3-9d85-07ea25969067-downloadableSrc-fcdfeaf2ae39.webp
13c20a32-43c8-41a6-bb5f-63f8371b1683,Onboarding,93ad9ceb-a163-41da-ba7a-9f07c737fc2a,Revolut Business,0c4c334c-e3a5-4395-89be-c7666aaafdf5,1,2,2d0b3816-0645-4c55-a407-fdec81e0d980,false,downloadableSrc,200,image/webp,78398,78398,329c3b3a83ee7bafa1aa24572cf75b3a2ee55ff6ef7194cf65a604631addf1e0,1180,2676,,,bytescale.mobbin.com,f7a1807c1ac98ccf0eecf5078d61346ac9a94ca37a547f5708d580528c9e55c0,/Users/user/mobbin-sides/screen-flows/revolut-business/001-revolut-business-onboarding-13c20a32-43c8-41a6-bb5f-63f8371b1683/002-2d0b3816-0645-4c55-a407-fdec81e0d980-downloadableSrc-329c3b3a83ee.webp
13c20a32-43c8-41a6-bb5f-63f8371b1683,Onboarding,93ad9ceb-a163-41da-ba7a-9f07c737fc2a,Revolut Business,0c4c334c-e3a5-4395-89be-c7666aaafdf5,2,3,fd0e15b9-8eb5-4261-8c8d-f0a1259323d6,false,downloadableSrc,200,image/webp,92128,92128,10e7a1c0f7bb34be10af8f9ff0da1349bd6e8806a761cb617cfd83a993908e02,1180,2676,,,bytescale.mobbin.com,f7a1807c1ac98ccf0eecf5078d61346ac9a94ca37a547f5708d580528c9e55c0,/Users/user/mobbin-sides/screen-flows/revolut-business/001-revolut-business-onboarding-13c20a32-43c8-41a6-bb5f-63f8371b1683/003-fd0e15b9-8eb5-4261-8c8d-f0a1259323d6-downloadableSrc-10e7a1c0f7bb.webp
13c20a32-43c8-41a6-bb5f-63f8371b1683,Onboarding,93ad9ceb-a163-41da-ba7a-9f07c737fc2a,Revolut Business,0c4c334c-e3a5-4395-89be-c7666aaafdf5,3,4,44d77d19-046e-4396-8284-0c0cbc6d03fc,false,downloadableSrc,200,image/webp,59054,59054,3c544a86885c4905fdf1b1091d52d50752b9a509ef4db0813ff4d10a02e10e6a,1180,2676,,,bytescale.mobbin.com,f7a1807c1ac98ccf0eecf5078d61346ac9a94ca37a547f5708d580528c9e55c0,/Users/user/mobbin-sides/screen-flows/revolut-business/001-revolut-business-onboarding-13c20a32-43c8-41a6-bb5f-63f8371b1683/004-44d77d19-046e-4396-8284-0c0cbc6d03fc-downloadableSrc-3c544a86885c.webp
13c20a32-43c8-41a6-bb5f-63f8371b1683,Onboarding,93ad9ceb-a163-41da-ba7a-9f07c737fc2a,Revolut Business,0c4c334c-e3a5-4395-89be-c7666aaafdf5,4,5,69e5e85f-b6e8-4d8a-87e9-17903573c42b,false,downloadableSrc,200,image/webp,146122,146122,4f3827601f017ef7a5f2f08b4e8024ee68a477ac15608482c42a2a22eea58ae1,1180,2676,,,bytescale.mobbin.com,f7a1807c1ac98ccf0eecf5078d61346ac9a94ca37a547f5708d580528c9e55c0,/Users/user/mobbin-sides/screen-flows/revolut-business/001-revolut-business-onboarding-13c20a32-43c8-41a6-bb5f-63f8371b1683/005-69e5e85f-b6e8-4d8a-87e9-17903573c42b-downloadableSrc-4f3827601f01.webp
13c20a32-43c8-41a6-bb5f-63f8371b1683,Onboarding,93ad9ceb-a163-41da-ba7a-9f07c737fc2a,Revolut Business,0c4c334c-e3a5-4395-89be-c7666aaafdf5,5,6,65e4b27c-a863-4792-a4c2-933f693e1ce5,false,downloadableSrc,200,image/webp,110180,110180,6f070e918a65df14f31068897bc19642f3cfb2667aba471191d3bb4ced85bed9,1180,2676,,,bytescale.mobbin.com,f7a1807c1ac98ccf0eecf5078d61346ac9a94ca37a547f5708d580528c9e55c0,/Users/user/mobbin-sides/screen-flows/revolut-business/001-revolut-business-onboarding-13c20a32-43c8-41a6-bb5f-63f8371b1683/006-65e4b27c-a863-4792-a4c2-933f693e1ce5-downloadableSrc-6f070e918a65.webp
13c20a32-43c8-41a6-bb5f-63f8371b1683,Onboarding,93ad9ceb-a163-41da-ba7a-9f07c737fc2a,Revolut Business,0c4c334c-e3a5-4395-89be-c7666aaafdf5,6,7,317f5d02-18b9-4f49-a7c2-5d3f9d5249a2,false,downloadableSrc,200,image/webp,55616,55616,f9a8b6161e5a7618ed036b2d14e364a4d83fde20e95f9e535b6d757db41e102a,1179,2676,,,bytescale.mobbin.com,f7a1807c1ac98ccf0eecf5078d61346ac9a94ca37a547f5708d580528c9e55c0,/Users/user/mobbin-sides/screen-flows/revolut-business/001-revolut-business-onboarding-13c20a32-43c8-41a6-bb5f-63f8371b1683/007-317f5d02-18b9-4f49-a7c2-5d3f9d5249a2-downloadableSrc-f9a8b6161e5a.webp
13c20a32-43c8-41a6-bb5f-63f8371b1683,Onboarding,93ad9ceb-a163-41da-ba7a-9f07c737fc2a,Revolut Business,0c4c334c-e3a5-4395-89be-c7666aaafdf5,7,8,5fba3bc8-418d-463e-a820-c75ed934fc5d,false,downloadableSrc,200,image/webp,53964,53964,57924c9d928e358a75b8987cfa3e72b0784c79d3144e8b8005168ffb3dfd235c,1179,2676,,,bytescale.mobbin.com,f7a1807c1ac98ccf0eecf5078d61346ac9a94ca37a547f5708d580528c9e55c0,/Users/user/mobbin-sides/screen-flows/revolut-business/001-revolut-business-onboarding-13c20a32-43c8-41a6-bb5f-63f8371b1683/008-5fba3bc8-418d-463e-a820-c75ed934fc5d-downloadableSrc-57924c9d928e.webp
13c20a32-43c8-41a6-bb5f-63f8371b1683,Onboarding,93ad9ceb-a163-41da-ba7a-9f07c737fc2a,Revolut Business,0c4c334c-e3a5-4395-89be-c7666aaafdf5,8,9,a6e53653-30c6-4296-b3cb-24ffa88383f3,false,downloadableSrc,200,image/webp,81466,81466,fe5a332fb89bffb0c50f04378954fa0b16a1cbc9b784c1b646c65c65df777ecd,1179,2676,,,bytescale.mobbin.com,f7a1807c1ac98ccf0eecf5078d61346ac9a94ca37a547f5708d580528c9e55c0,/Users/user/mobbin-sides/screen-flows/revolut-business/001-revolut-business-onboarding-13c20a32-43c8-41a6-bb5f-63f8371b1683/009-a6e53653-30c6-4296-b3cb-24ffa88383f3-downloadableSrc-fe5a332fb89b.webp
13c20a32-43c8-41a6-bb5f-63f8371b1683,Onboarding,93ad9ceb-a163-41da-ba7a-9f07c737fc2a,Revolut Business,0c4c334c-e3a5-4395-89be-c7666aaafdf5,9,10,818bf41f-a67b-464d-bc1c-9b1b9e0dea92,false,downloadableSrc,200,image/webp,60746,60746,e36b230a93f0aa364a6d5bb1770655a9d276972035f3f784722fe18062871376,1179,2676,,,bytescale.mobbin.com,f7a1807c1ac98ccf0eecf5078d61346ac9a94ca37a547f5708d580528c9e55c0,/Users/user/mobbin-sides/screen-flows/revolut-business/001-revolut-business-onboarding-13c20a32-43c8-41a6-bb5f-63f8371b1683/010-818bf41f-a67b-464d-bc1c-9b1b9e0dea92-downloadableSrc-e36b230a93f0.webp
13c20a32-43c8-41a6-bb5f-63f8371b1683,Onboarding,93ad9ceb-a163-41da-ba7a-9f07c737fc2a,Revolut Business,0c4c334c-e3a5-4395-89be-c7666aaafdf5,10,11,450b32a8-c094-44cc-b6f8-14dc3cdd8504,false,downloadableSrc,200,image/webp,60960,60960,9eabef3c4e5640e4bfabc4aa32e7272d3eb098a8b936844807bca8261c786e2b,1179,2676,,,bytescale.mobbin.com,f7a1807c1ac98ccf0eecf5078d61346ac9a94ca37a547f5708d580528c9e55c0,/Users/user/mobbin-sides/screen-flows/revolut-business/001-revolut-business-onboarding-13c20a32-43c8-41a6-bb5f-63f8371b1683/011-450b32a8-c094-44cc-b6f8-14dc3cdd8504-downloadableSrc-9eabef3c4e56.webp
13c20a32-43c8-41a6-bb5f-63f8371b1683,Onboarding,93ad9ceb-a163-41da-ba7a-9f07c737fc2a,Revolut Business,0c4c334c-e3a5-4395-89be-c7666aaafdf5,11,12,804059b6-530f-4fa4-8515-5b499fafb148,false,downloadableSrc,200,image/webp,56734,56734,48865f1b34cd237bcf5dc2725b71e31aece84cde7291ce1ea3d2fa7e657b5fa2,1179,2676,,,bytescale.mobbin.com,f7a1807c1ac98ccf0eecf5078d61346ac9a94ca37a547f5708d580528c9e55c0,/Users/user/mobbin-sides/screen-flows/revolut-business/001-revolut-business-onboarding-13c20a32-43c8-41a6-bb5f-63f8371b1683/012-804059b6-530f-4fa4-8515-5b499fafb148-downloadableSrc-48865f1b34cd.webp
13c20a32-43c8-41a6-bb5f-63f8371b1683,Onboarding,93ad9ceb-a163-41da-ba7a-9f07c737fc2a,Revolut Business,0c4c334c-e3a5-4395-89be-c7666aaafdf5,12,13,a8b11674-f621-4112-9090-0fb58d97077b,false,downloadableSrc,200,image/webp,62022,62022,681e387cba39599c3dd61affca3fadfcc1a7aabaa60cbfc43b31de9ba6d723a2,1179,2676,,,bytescale.mobbin.com,f7a1807c1ac98ccf0eecf5078d61346ac9a94ca37a547f5708d580528c9e55c0,/Users/user/mobbin-sides/screen-flows/revolut-business/001-revolut-business-onboarding-13c20a32-43c8-41a6-bb5f-63f8371b1683/013-a8b11674-f621-4112-9090-0fb58d97077b-downloadableSrc-681e387cba39.webp
13c20a32-43c8-41a6-bb5f-63f8371b1683,Onboarding,93ad9ceb-a163-41da-ba7a-9f07c737fc2a,Revolut Business,0c4c334c-e3a5-4395-89be-c7666aaafdf5,13,14,12eb2b55-b8c9-4b2c-b856-d69b68e46e47,false,downloadableSrc,200,image/webp,42284,42284,3257ab040ae0d46f3fa7a324f68a1ea144486ad74f9bf391e00af5bcbce5410c,1179,2676,,,bytescale.mobbin.com,f7a1807c1ac98ccf0eecf5078d61346ac9a94ca37a547f5708d580528c9e55c0,/Users/user/mobbin-sides/screen-flows/revolut-business/001-revolut-business-onboarding-13c20a32-43c8-41a6-bb5f-63f8371b1683/014-12eb2b55-b8c9-4b2c-b856-d69b68e46e47-downloadableSrc-3257ab040ae0.webp
13c20a32-43c8-41a6-bb5f-63f8371b1683,Onboarding,93ad9ceb-a163-41da-ba7a-9f07c737fc2a,Revolut Business,0c4c334c-e3a5-4395-89be-c7666aaafdf5,14,15,b9522aaa-4762-4df6-b4f6-b65d264296c2,false,downloadableSrc,200,image/webp,73144,73144,d191970cbe8bb862d62f925d98629321f5c24bb4a3cc6cb8371f25d2216da2ef,1179,2676,,,bytescale.mobbin.com,f7a1807c1ac98ccf0eecf5078d61346ac9a94ca37a547f5708d580528c9e55c0,/Users/user/mobbin-sides/screen-flows/revolut-business/001-revolut-business-onboarding-13c20a32-43c8-41a6-bb5f-63f8371b1683/015-b9522aaa-4762-4df6-b4f6-b65d264296c2-downloadableSrc-d191970cbe8b.webp
13c20a32-43c8-41a6-bb5f-63f8371b1683,Onboarding,93ad9ceb-a163-41da-ba7a-9f07c737fc2a,Revolut Business,0c4c334c-e3a5-4395-89be-c7666aaafdf5,15,16,6ee4b82d-4692-4590-b6b7-04b1654f0f10,false,downloadableSrc,200,image/webp,42830,42830,e7e3c3adb928c6922ad92a515cc566a8413e29e187a91136e7625e37f45b964f,1179,2676,,,bytescale.mobbin.com,f7a1807c1ac98ccf0eecf5078d61346ac9a94ca37a547f5708d580528c9e55c0,/Users/user/mobbin-sides/screen-flows/revolut-business/001-revolut-business-onboarding-13c20a32-43c8-41a6-bb5f-63f8371b1683/016-6ee4b82d-4692-4590-b6b7-04b1654f0f10-downloadableSrc-e7e3c3adb928.webp
13c20a32-43c8-41a6-bb5f-63f8371b1683,Onboarding,93ad9ceb-a163-41da-ba7a-9f07c737fc2a,Revolut Business,0c4c334c-e3a5-4395-89be-c7666aaafdf5,16,17,226dfeb4-a377-4210-b9f7-50735708a157,false,downloadableSrc,200,image/webp,44446,44446,87914779542d01b2d81e7538b5cc78ae7b32c9ac4d51265eb6c255b4e3e0639d,1179,2676,,,bytescale.mobbin.com,f7a1807c1ac98ccf0eecf5078d61346ac9a94ca37a547f5708d580528c9e55c0,/Users/user/mobbin-sides/screen-flows/revolut-business/001-revolut-business-onboarding-13c20a32-43c8-41a6-bb5f-63f8371b1683/017-226dfeb4-a377-4210-b9f7-50735708a157-downloadableSrc-87914779542d.webp
13c20a32-43c8-41a6-bb5f-63f8371b1683,Onboarding,93ad9ceb-a163-41da-ba7a-9f07c737fc2a,Revolut Business,0c4c334c-e3a5-4395-89be-c7666aaafdf5,17,18,0bb3d00d-c796-4f3a-aac3-a290f0a1fad1,false,downloadableSrc,200,image/webp,39770,39770,cbe80cb686a8ad6f5ddf32fc0fb843b0f84ddf1510e1e90633a4e1028ac8526f,1179,2676,,,bytescale.mobbin.com,f7a1807c1ac98ccf0eecf5078d61346ac9a94ca37a547f5708d580528c9e55c0,/Users/user/mobbin-sides/screen-flows/revolut-business/001-revolut-business-onboarding-13c20a32-43c8-41a6-bb5f-63f8371b1683/018-0bb3d00d-c796-4f3a-aac3-a290f0a1fad1-downloadableSrc-cbe80cb686a8.webp
13c20a32-43c8-41a6-bb5f-63f8371b1683,Onboarding,93ad9ceb-a163-41da-ba7a-9f07c737fc2a,Revolut Business,0c4c334c-e3a5-4395-89be-c7666aaafdf5,18,19,b9e23166-9ff7-4285-ab5f-a983bf23ce92,false,downloadableSrc,200,image/webp,25720,25720,502d722c318712cc235a040a467ae5b7da838b1bd751e523f2197df0d1736195,1179,2676,,,bytescale.mobbin.com,f7a1807c1ac98ccf0eecf5078d61346ac9a94ca37a547f5708d580528c9e55c0,/Users/user/mobbin-sides/screen-flows/revolut-business/001-revolut-business-onboarding-13c20a32-43c8-41a6-bb5f-63f8371b1683/019-b9e23166-9ff7-4285-ab5f-a983bf23ce92-downloadableSrc-502d722c3187.webp
13c20a32-43c8-41a6-bb5f-63f8371b1683,Onboarding,93ad9ceb-a163-41da-ba7a-9f07c737fc2a,Revolut Business,0c4c334c-e3a5-4395-89be-c7666aaafdf5,19,20,0d21fac5-781c-4524-8ba3-3477f12aad61,false,downloadableSrc,200,image/webp,26370,26370,60ff58a5a43886ee165fcd25ae912340690156b41fc52c36e668016d9dc26cbd,1179,2676,,,bytescale.mobbin.com,f7a1807c1ac98ccf0eecf5078d61346ac9a94ca37a547f5708d580528c9e55c0,/Users/user/mobbin-sides/screen-flows/revolut-business/001-revolut-business-onboarding-13c20a32-43c8-41a6-bb5f-63f8371b1683/020-0d21fac5-781c-4524-8ba3-3477f12aad61-downloadableSrc-60ff58a5a438.webp
13c20a32-43c8-41a6-bb5f-63f8371b1683,Onboarding,93ad9ceb-a163-41da-ba7a-9f07c737fc2a,Revolut Business,0c4c334c-e3a5-4395-89be-c7666aaafdf5,20,21,700daf1e-af4d-484e-894b-f269a9885d44,false,downloadableSrc,200,image/webp,28786,28786,c2152b79ad0ae215fe1b47683212c28d55ed8a075e7ca854419bc82a2b854978,1179,2676,,,bytescale.mobbin.com,f7a1807c1ac98ccf0eecf5078d61346ac9a94ca37a547f5708d580528c9e55c0,/Users/user/mobbin-sides/screen-flows/revolut-business/001-revolut-business-onboarding-13c20a32-43c8-41a6-bb5f-63f8371b1683/021-700daf1e-af4d-484e-894b-f269a9885d44-downloadableSrc-c2152b79ad0a.webp
13c20a32-43c8-41a6-bb5f-63f8371b1683,Onboarding,93ad9ceb-a163-41da-ba7a-9f07c737fc2a,Revolut Business,0c4c334c-e3a5-4395-89be-c7666aaafdf5,21,22,baa9ee27-f12a-40f1-89ae-0764e232d381,false,downloadableSrc,200,image/webp,41634,41634,9f5d8951a1de448ee14e02223a987d08d6f08a84731c5a067a9c06fe5c22a1ec,1179,2676,,,bytescale.mobbin.com,f7a1807c1ac98ccf0eecf5078d61346ac9a94ca37a547f5708d580528c9e55c0,/Users/user/mobbin-sides/screen-flows/revolut-business/001-revolut-business-onboarding-13c20a32-43c8-41a6-bb5f-63f8371b1683/022-baa9ee27-f12a-40f1-89ae-0764e232d381-downloadableSrc-9f5d8951a1de.webp
13c20a32-43c8-41a6-bb5f-63f8371b1683,Onboarding,93ad9ceb-a163-41da-ba7a-9f07c737fc2a,Revolut Business,0c4c334c-e3a5-4395-89be-c7666aaafdf5,22,23,5bbe9209-4573-4763-8fac-3e21f2d3a2f1,false,downloadableSrc,200,image/webp,29928,29928,d7281f709b336bb4032ec480b6339defa4c0796967baed14280eff6518e27153,1179,2676,,,bytescale.mobbin.com,f7a1807c1ac98ccf0eecf5078d61346ac9a94ca37a547f5708d580528c9e55c0,/Users/user/mobbin-sides/screen-flows/revolut-business/001-revolut-business-onboarding-13c20a32-43c8-41a6-bb5f-63f8371b1683/023-5bbe9209-4573-4763-8fac-3e21f2d3a2f1-downloadableSrc-d7281f709b33.webp
13c20a32-43c8-41a6-bb5f-63f8371b1683,Onboarding,93ad9ceb-a163-41da-ba7a-9f07c737fc2a,Revolut Business,0c4c334c-e3a5-4395-89be-c7666aaafdf5,23,24,12f0467e-f5fa-418b-93a9-3a119e08aa50,false,downloadableSrc,200,image/webp,55910,55910,e75a80ed85f756445a9250f149211667c1fad7974e267e0f5481093a3d0848e0,1179,2676,,,bytescale.mobbin.com,f7a1807c1ac98ccf0eecf5078d61346ac9a94ca37a547f5708d580528c9e55c0,/Users/user/mobbin-sides/screen-flows/revolut-business/001-revolut-business-onboarding-13c20a32-43c8-41a6-bb5f-63f8371b1683/024-12f0467e-f5fa-418b-93a9-3a119e08aa50-downloadableSrc-e75a80ed85f7.webp
13c20a32-43c8-41a6-bb5f-63f8371b1683,Onboarding,93ad9ceb-a163-41da-ba7a-9f07c737fc2a,Revolut Business,0c4c334c-e3a5-4395-89be-c7666aaafdf5,24,25,ac37f0fa-cfe4-4bc0-a2b5-8d2d9be5ecf1,false,downloadableSrc,200,image/webp,62164,62164,cc3e7e8f292a35e60728eefdcbb7a9dcf0638b6f17e2ff6915b36895d645837a,1179,2676,,,bytescale.mobbin.com,f7a1807c1ac98ccf0eecf5078d61346ac9a94ca37a547f5708d580528c9e55c0,/Users/user/mobbin-sides/screen-flows/revolut-business/001-revolut-business-onboarding-13c20a32-43c8-41a6-bb5f-63f8371b1683/025-ac37f0fa-cfe4-4bc0-a2b5-8d2d9be5ecf1-downloadableSrc-cc3e7e8f292a.webp
13c20a32-43c8-41a6-bb5f-63f8371b1683,Onboarding,93ad9ceb-a163-41da-ba7a-9f07c737fc2a,Revolut Business,0c4c334c-e3a5-4395-89be-c7666aaafdf5,25,26,52b94c0a-665c-4484-9eef-1b1eb559cd21,false,downloadableSrc,200,image/webp,46610,46610,fe32276e404cd839f3cdac08eba3f15ee982d15b0ba05b9184204196c22f077b,1179,2676,,,bytescale.mobbin.com,f7a1807c1ac98ccf0eecf5078d61346ac9a94ca37a547f5708d580528c9e55c0,/Users/user/mobbin-sides/screen-flows/revolut-business/001-revolut-business-onboarding-13c20a32-43c8-41a6-bb5f-63f8371b1683/026-52b94c0a-665c-4484-9eef-1b1eb559cd21-downloadableSrc-fe32276e404c.webp
13c20a32-43c8-41a6-bb5f-63f8371b1683,Onboarding,93ad9ceb-a163-41da-ba7a-9f07c737fc2a,Revolut Business,0c4c334c-e3a5-4395-89be-c7666aaafdf5,26,27,cee22708-60af-4d6b-b75b-aa7e53e7bd9e,false,downloadableSrc,200,image/webp,58178,58178,7b35b00d9f6a198449db10336ee3cb1ff33b85db37d115159106c0d2a61e614d,1179,2676,,,bytescale.mobbin.com,f7a1807c1ac98ccf0eecf5078d61346ac9a94ca37a547f5708d580528c9e55c0,/Users/user/mobbin-sides/screen-flows/revolut-business/001-revolut-business-onboarding-13c20a32-43c8-41a6-bb5f-63f8371b1683/027-cee22708-60af-4d6b-b75b-aa7e53e7bd9e-downloadableSrc-7b35b00d9f6a.webp
13c20a32-43c8-41a6-bb5f-63f8371b1683,Onboarding,93ad9ceb-a163-41da-ba7a-9f07c737fc2a,Revolut Business,0c4c334c-e3a5-4395-89be-c7666aaafdf5,27,28,c0dd2728-8bfa-4997-b737-908a0231d9ba,false,downloadableSrc,200,image/webp,48978,48978,4230190fda6fa6d5b6c10bfea0f22eac0979926a7b91eef53b99cf1dba5f4241,1179,2676,,,bytescale.mobbin.com,f7a1807c1ac98ccf0eecf5078d61346ac9a94ca37a547f5708d580528c9e55c0,/Users/user/mobbin-sides/screen-flows/revolut-business/001-revolut-business-onboarding-13c20a32-43c8-41a6-bb5f-63f8371b1683/028-c0dd2728-8bfa-4997-b737-908a0231d9ba-downloadableSrc-4230190fda6f.webp
13c20a32-43c8-41a6-bb5f-63f8371b1683,Onboarding,93ad9ceb-a163-41da-ba7a-9f07c737fc2a,Revolut Business,0c4c334c-e3a5-4395-89be-c7666aaafdf5,28,29,6914cea6-068a-4ad4-a859-84d00b36606d,false,downloadableSrc,200,image/webp,46880,46880,ec41af4c39d9b8f263c82ee18d5d29c482684f923acdb719321c878edd8638d0,1179,2676,,,bytescale.mobbin.com,f7a1807c1ac98ccf0eecf5078d61346ac9a94ca37a547f5708d580528c9e55c0,/Users/user/mobbin-sides/screen-flows/revolut-business/001-revolut-business-onboarding-13c20a32-43c8-41a6-bb5f-63f8371b1683/029-6914cea6-068a-4ad4-a859-84d00b36606d-downloadableSrc-ec41af4c39d9.webp
13c20a32-43c8-41a6-bb5f-63f8371b1683,Onboarding,93ad9ceb-a163-41da-ba7a-9f07c737fc2a,Revolut Business,0c4c334c-e3a5-4395-89be-c7666aaafdf5,29,30,7601e408-ddf3-4622-b247-2adf36d578c4,false,downloadableSrc,200,image/webp,43222,43222,645ea15ad2fb25599104ec14c091980494f0e4b7ae7b523bd04f578280ac16e3,1179,2676,,,bytescale.mobbin.com,f7a1807c1ac98ccf0eecf5078d61346ac9a94ca37a547f5708d580528c9e55c0,/Users/user/mobbin-sides/screen-flows/revolut-business/001-revolut-business-onboarding-13c20a32-43c8-41a6-bb5f-63f8371b1683/030-7601e408-ddf3-4622-b247-2adf36d578c4-downloadableSrc-645ea15ad2fb.webp
13c20a32-43c8-41a6-bb5f-63f8371b1683,Onboarding,93ad9ceb-a163-41da-ba7a-9f07c737fc2a,Revolut Business,0c4c334c-e3a5-4395-89be-c7666aaafdf5,30,31,f29d0a70-744e-4658-8062-611f70183f83,false,downloadableSrc,200,image/webp,112336,112336,c7c4ea76b958f76ee4792978c40c65bd0a112e2e698fe1992a65957150617cf8,1179,2676,,,bytescale.mobbin.com,f7a1807c1ac98ccf0eecf5078d61346ac9a94ca37a547f5708d580528c9e55c0,/Users/user/mobbin-sides/screen-flows/revolut-business/001-revolut-business-onboarding-13c20a32-43c8-41a6-bb5f-63f8371b1683/031-f29d0a70-744e-4658-8062-611f70183f83-downloadableSrc-c7c4ea76b958.webp
13c20a32-43c8-41a6-bb5f-63f8371b1683,Onboarding,93ad9ceb-a163-41da-ba7a-9f07c737fc2a,Revolut Business,0c4c334c-e3a5-4395-89be-c7666aaafdf5,31,32,4a7c7333-b10a-4395-b9ef-70e50b0d4b4f,false,downloadableSrc,200,image/webp,64250,64250,d2880f38a7ae7e1eba0ad31ba0296711722fdba977faf2e0f412e61061576f5e,1179,2676,,,bytescale.mobbin.com,f7a1807c1ac98ccf0eecf5078d61346ac9a94ca37a547f5708d580528c9e55c0,/Users/user/mobbin-sides/screen-flows/revolut-business/001-revolut-business-onboarding-13c20a32-43c8-41a6-bb5f-63f8371b1683/032-4a7c7333-b10a-4395-b9ef-70e50b0d4b4f-downloadableSrc-d2880f38a7ae.webp
13c20a32-43c8-41a6-bb5f-63f8371b1683,Onboarding,93ad9ceb-a163-41da-ba7a-9f07c737fc2a,Revolut Business,0c4c334c-e3a5-4395-89be-c7666aaafdf5,32,33,47a2d082-93b4-4d3f-ab0f-ad6e669ad211,false,downloadableSrc,200,image/webp,68832,68832,d5d07b5a773221601619fe1172c9196c8d37cda40a88c6584733b95aa6daa04c,1179,2676,,,bytescale.mobbin.com,f7a1807c1ac98ccf0eecf5078d61346ac9a94ca37a547f5708d580528c9e55c0,/Users/user/mobbin-sides/screen-flows/revolut-business/001-revolut-business-onboarding-13c20a32-43c8-41a6-bb5f-63f8371b1683/033-47a2d082-93b4-4d3f-ab0f-ad6e669ad211-downloadableSrc-d5d07b5a7732.webp
13c20a32-43c8-41a6-bb5f-63f8371b1683,Onboarding,93ad9ceb-a163-41da-ba7a-9f07c737fc2a,Revolut Business,0c4c334c-e3a5-4395-89be-c7666aaafdf5,33,34,606419ec-8e86-41a4-b361-f88ba8170919,false,downloadableSrc,200,image/webp,65014,65014,bde60af4c26738e84622452568b20af8d3e24b7e87417bdb3fe19f3bc1c92e87,1179,2676,,,bytescale.mobbin.com,f7a1807c1ac98ccf0eecf5078d61346ac9a94ca37a547f5708d580528c9e55c0,/Users/user/mobbin-sides/screen-flows/revolut-business/001-revolut-business-onboarding-13c20a32-43c8-41a6-bb5f-63f8371b1683/034-606419ec-8e86-41a4-b361-f88ba8170919-downloadableSrc-bde60af4c267.webp
13c20a32-43c8-41a6-bb5f-63f8371b1683,Onboarding,93ad9ceb-a163-41da-ba7a-9f07c737fc2a,Revolut Business,0c4c334c-e3a5-4395-89be-c7666aaafdf5,34,35,3bde8924-ee2e-407d-9781-e1418ded6b74,false,downloadableSrc,200,image/webp,51444,51444,ea52404ea0bdd88fe9747ab5330023f6ba507c4a7a6c3f5c639eca127dad15c1,1179,2676,,,bytescale.mobbin.com,f7a1807c1ac98ccf0eecf5078d61346ac9a94ca37a547f5708d580528c9e55c0,/Users/user/mobbin-sides/screen-flows/revolut-business/001-revolut-business-onboarding-13c20a32-43c8-41a6-bb5f-63f8371b1683/035-3bde8924-ee2e-407d-9781-e1418ded6b74-downloadableSrc-ea52404ea0bd.webp
13c20a32-43c8-41a6-bb5f-63f8371b1683,Onboarding,93ad9ceb-a163-41da-ba7a-9f07c737fc2a,Revolut Business,0c4c334c-e3a5-4395-89be-c7666aaafdf5,35,36,57e662e1-f045-4cfe-924a-02683809252a,false,downloadableSrc,200,image/webp,43652,43652,d806912dd52ee1d538eb272de46fcd17f2a7d668cf3593dff7be1cdeaae95f67,1179,2676,,,bytescale.mobbin.com,f7a1807c1ac98ccf0eecf5078d61346ac9a94ca37a547f5708d580528c9e55c0,/Users/user/mobbin-sides/screen-flows/revolut-business/001-revolut-business-onboarding-13c20a32-43c8-41a6-bb5f-63f8371b1683/036-57e662e1-f045-4cfe-924a-02683809252a-downloadableSrc-d806912dd52e.webp
13c20a32-43c8-41a6-bb5f-63f8371b1683,Onboarding,93ad9ceb-a163-41da-ba7a-9f07c737fc2a,Revolut Business,0c4c334c-e3a5-4395-89be-c7666aaafdf5,36,37,72f7a22e-db3b-4a20-818d-343a91956ef5,false,downloadableSrc,200,image/webp,68170,68170,3ac6ce1fd1baa585883e9e3443bdec014c646ad9cd5f204774282f9d631e5c9e,1179,2676,,,bytescale.mobbin.com,f7a1807c1ac98ccf0eecf5078d61346ac9a94ca37a547f5708d580528c9e55c0,/Users/user/mobbin-sides/screen-flows/revolut-business/001-revolut-business-onboarding-13c20a32-43c8-41a6-bb5f-63f8371b1683/037-72f7a22e-db3b-4a20-818d-343a91956ef5-downloadableSrc-3ac6ce1fd1ba.webp
33075915-24e6-4d8b-a43c-b242887cdb06,Update country of incorporation,93ad9ceb-a163-41da-ba7a-9f07c737fc2a,Revolut Business,0c4c334c-e3a5-4395-89be-c7666aaafdf5,0,1,317f5d02-18b9-4f49-a7c2-5d3f9d5249a2,true,downloadableSrc,200,image/webp,55616,55616,f9a8b6161e5a7618ed036b2d14e364a4d83fde20e95f9e535b6d757db41e102a,1179,2676,,,bytescale.mobbin.com,f7a1807c1ac98ccf0eecf5078d61346ac9a94ca37a547f5708d580528c9e55c0,/Users/user/mobbin-sides/screen-flows/revolut-business/002-revolut-business-update-country-of-incorporation-33075915-24e6-4d8b-a43c-b242887cdb06/001-317f5d02-18b9-4f49-a7c2-5d3f9d5249a2-downloadableSrc-f9a8b6161e5a.webp
33075915-24e6-4d8b-a43c-b242887cdb06,Update country of incorporation,93ad9ceb-a163-41da-ba7a-9f07c737fc2a,Revolut Business,0c4c334c-e3a5-4395-89be-c7666aaafdf5,1,2,c31328f3-fad6-403f-a58b-8736bce84889,true,downloadableSrc,200,image/webp,58056,58056,cae4b154da1b00304fab5a8f1b63e68404980014faa5ee7bc48c2a5fe915bb20,1179,2676,,,bytescale.mobbin.com,f7a1807c1ac98ccf0eecf5078d61346ac9a94ca37a547f5708d580528c9e55c0,/Users/user/mobbin-sides/screen-flows/revolut-business/002-revolut-business-update-country-of-incorporation-33075915-24e6-4d8b-a43c-b242887cdb06/002-c31328f3-fad6-403f-a58b-8736bce84889-downloadableSrc-cae4b154da1b.webp
33075915-24e6-4d8b-a43c-b242887cdb06,Update country of incorporation,93ad9ceb-a163-41da-ba7a-9f07c737fc2a,Revolut Business,0c4c334c-e3a5-4395-89be-c7666aaafdf5,2,3,9870c22a-f744-4af8-9c2b-4a21679f90d4,true,downloadableSrc,200,image/webp,38562,38562,d92ee63c9b59a702ba76867810e1036cb70bef210ad2d088e820bf6aab1d251c,1179,2676,,,bytescale.mobbin.com,f7a1807c1ac98ccf0eecf5078d61346ac9a94ca37a547f5708d580528c9e55c0,/Users/user/mobbin-sides/screen-flows/revolut-business/002-revolut-business-update-country-of-incorporation-33075915-24e6-4d8b-a43c-b242887cdb06/003-9870c22a-f744-4af8-9c2b-4a21679f90d4-downloadableSrc-d92ee63c9b59.webp
33075915-24e6-4d8b-a43c-b242887cdb06,Update country of incorporation,93ad9ceb-a163-41da-ba7a-9f07c737fc2a,Revolut Business,0c4c334c-e3a5-4395-89be-c7666aaafdf5,3,4,a8758a8b-968f-4719-9e84-e45a2fae737a,true,downloadableSrc,200,image/webp,56682,56682,124596dd079ace6c024ea03af161f85df43b5fb2ffb2ac0b30145baa73ccf0fb,1179,2676,,,bytescale.mobbin.com,f7a1807c1ac98ccf0eecf5078d61346ac9a94ca37a547f5708d580528c9e55c0,/Users/user/mobbin-sides/screen-flows/revolut-business/002-revolut-business-update-country-of-incorporation-33075915-24e6-4d8b-a43c-b242887cdb06/004-a8758a8b-968f-4719-9e84-e45a2fae737a-downloadableSrc-124596dd079a.webp
33075915-24e6-4d8b-a43c-b242887cdb06,Update country of incorporation,93ad9ceb-a163-41da-ba7a-9f07c737fc2a,Revolut Business,0c4c334c-e3a5-4395-89be-c7666aaafdf5,4,5,26171be5-a546-4d23-b63a-2652ea2d198d,true,downloadableSrc,200,image/webp,42270,42270,4013796561aa5e4fa28f5c4d139c1fc22131b80056b76af02b63dee82f0a7fc2,1180,2676,,,bytescale.mobbin.com,f7a1807c1ac98ccf0eecf5078d61346ac9a94ca37a547f5708d580528c9e55c0,/Users/user/mobbin-sides/screen-flows/revolut-business/002-revolut-business-update-country-of-incorporation-33075915-24e6-4d8b-a43c-b242887cdb06/005-26171be5-a546-4d23-b63a-2652ea2d198d-downloadableSrc-4013796561aa.webp
d153b102-4a02-4451-b75c-6cec8b67725f,Adding business detail,93ad9ceb-a163-41da-ba7a-9f07c737fc2a,Revolut Business,0c4c334c-e3a5-4395-89be-c7666aaafdf5,0,1,72f7a22e-db3b-4a20-818d-343a91956ef5,true,downloadableSrc,200,image/webp,68170,68170,3ac6ce1fd1baa585883e9e3443bdec014c646ad9cd5f204774282f9d631e5c9e,1179,2676,,,bytescale.mobbin.com,f7a1807c1ac98ccf0eecf5078d61346ac9a94ca37a547f5708d580528c9e55c0,/Users/user/mobbin-sides/screen-flows/revolut-business/003-revolut-business-adding-business-detail-d153b102-4a02-4451-b75c-6cec8b67725f/001-72f7a22e-db3b-4a20-818d-343a91956ef5-downloadableSrc-3ac6ce1fd1ba.webp
d153b102-4a02-4451-b75c-6cec8b67725f,Adding business detail,93ad9ceb-a163-41da-ba7a-9f07c737fc2a,Revolut Business,0c4c334c-e3a5-4395-89be-c7666aaafdf5,1,2,7e85a109-341c-4faa-ba3a-a6b2b3654cab,true,downloadableSrc,200,image/webp,71978,71978,599e3b5ce4df48dc231850b390866c5128b5ad186a57b4136819c5188d01088e,1179,2676,,,bytescale.mobbin.com,f7a1807c1ac98ccf0eecf5078d61346ac9a94ca37a547f5708d580528c9e55c0,/Users/user/mobbin-sides/screen-flows/revolut-business/003-revolut-business-adding-business-detail-d153b102-4a02-4451-b75c-6cec8b67725f/002-7e85a109-341c-4faa-ba3a-a6b2b3654cab-downloadableSrc-599e3b5ce4df.webp
d153b102-4a02-4451-b75c-6cec8b67725f,Adding business detail,93ad9ceb-a163-41da-ba7a-9f07c737fc2a,Revolut Business,0c4c334c-e3a5-4395-89be-c7666aaafdf5,2,3,06244d5d-58e4-4321-bed3-e1e0f3ba0cbb,true,downloadableSrc,200,image/webp,74428,74428,ccef26650799d63bc59ad37fb7292fd4d98b54dbcf26fd3cd1a95e81defe87da,1179,2676,,,bytescale.mobbin.com,f7a1807c1ac98ccf0eecf5078d61346ac9a94ca37a547f5708d580528c9e55c0,/Users/user/mobbin-sides/screen-flows/revolut-business/003-revolut-business-adding-business-detail-d153b102-4a02-4451-b75c-6cec8b67725f/003-06244d5d-58e4-4321-bed3-e1e0f3ba0cbb-downloadableSrc-ccef26650799.webp
d153b102-4a02-4451-b75c-6cec8b67725f,Adding business detail,93ad9ceb-a163-41da-ba7a-9f07c737fc2a,Revolut Business,0c4c334c-e3a5-4395-89be-c7666aaafdf5,3,4,e5ba4b2f-6c64-4098-8e4f-c10117ed6689,true,downloadableSrc,200,image/webp,51358,51358,d70db31c68fe210c4ffd3b0fe7eba8f7c63fa2b3aa43ebe6ade46ab05e699d2a,1179,2676,,,bytescale.mobbin.com,f7a1807c1ac98ccf0eecf5078d61346ac9a94ca37a547f5708d580528c9e55c0,/Users/user/mobbin-sides/screen-flows/revolut-business/003-revolut-business-adding-business-detail-d153b102-4a02-4451-b75c-6cec8b67725f/004-e5ba4b2f-6c64-4098-8e4f-c10117ed6689-downloadableSrc-d70db31c68fe.webp
d153b102-4a02-4451-b75c-6cec8b67725f,Adding business detail,93ad9ceb-a163-41da-ba7a-9f07c737fc2a,Revolut Business,0c4c334c-e3a5-4395-89be-c7666aaafdf5,4,5,bd698f51-cffd-40b3-97cc-f195ab5f6831,true,downloadableSrc,200,image/webp,41920,41920,b25b4386c4b768156ccc5849fa393d8794615ae8641a6e566d10c275e0984e7d,1179,2676,,,bytescale.mobbin.com,f7a1807c1ac98ccf0eecf5078d61346ac9a94ca37a547f5708d580528c9e55c0,/Users/user/mobbin-sides/screen-flows/revolut-business/003-revolut-business-adding-business-detail-d153b102-4a02-4451-b75c-6cec8b67725f/005-bd698f51-cffd-40b3-97cc-f195ab5f6831-downloadableSrc-b25b4386c4b7.webp
d153b102-4a02-4451-b75c-6cec8b67725f,Adding business detail,93ad9ceb-a163-41da-ba7a-9f07c737fc2a,Revolut Business,0c4c334c-e3a5-4395-89be-c7666aaafdf5,5,6,61eb80f0-e90f-4f10-8887-294304f58bda,true,downloadableSrc,200,image/webp,108134,108134,3a7a825ed0fb11c651bafed4435232d3189d627aced7a23a4357badfbc58e36d,1179,2676,,,bytescale.mobbin.com,f7a1807c1ac98ccf0eecf5078d61346ac9a94ca37a547f5708d580528c9e55c0,/Users/user/mobbin-sides/screen-flows/revolut-business/003-revolut-business-adding-business-detail-d153b102-4a02-4451-b75c-6cec8b67725f/006-61eb80f0-e90f-4f10-8887-294304f58bda-downloadableSrc-3a7a825ed0fb.webp
d153b102-4a02-4451-b75c-6cec8b67725f,Adding business detail,93ad9ceb-a163-41da-ba7a-9f07c737fc2a,Revolut Business,0c4c334c-e3a5-4395-89be-c7666aaafdf5,6,7,edbe9df9-80e3-42e4-8d08-2fd0baf88ee5,true,downloadableSrc,200,image/webp,74558,74558,3c6cbf0b6693533c5522fe7056af87b7387a49ef23278f4b6406cb1be0f28153,1179,2676,,,bytescale.mobbin.com,f7a1807c1ac98ccf0eecf5078d61346ac9a94ca37a547f5708d580528c9e55c0,/Users/user/mobbin-sides/screen-flows/revolut-business/003-revolut-business-adding-business-detail-d153b102-4a02-4451-b75c-6cec8b67725f/007-edbe9df9-80e3-42e4-8d08-2fd0baf88ee5-downloadableSrc-3c6cbf0b6693.webp
d153b102-4a02-4451-b75c-6cec8b67725f,Adding business detail,93ad9ceb-a163-41da-ba7a-9f07c737fc2a,Revolut Business,0c4c334c-e3a5-4395-89be-c7666aaafdf5,7,8,8d01906d-44d9-4264-b8e3-0a48aef7437f,true,downloadableSrc,200,image/webp,66468,66468,037f11413d0a3c5da951be895ed213f10e6beb59b678621a6fcaaa1c6fc13ea4,1179,2676,,,bytescale.mobbin.com,f7a1807c1ac98ccf0eecf5078d61346ac9a94ca37a547f5708d580528c9e55c0,/Users/user/mobbin-sides/screen-flows/revolut-business/003-revolut-business-adding-business-detail-d153b102-4a02-4451-b75c-6cec8b67725f/008-8d01906d-44d9-4264-b8e3-0a48aef7437f-downloadableSrc-037f11413d0a.webp
d153b102-4a02-4451-b75c-6cec8b67725f,Adding business detail,93ad9ceb-a163-41da-ba7a-9f07c737fc2a,Revolut Business,0c4c334c-e3a5-4395-89be-c7666aaafdf5,8,9,3cb99e1e-96cb-4b76-b53f-e2879d5de9f1,true,downloadableSrc,200,image/webp,68958,68958,563e431441913d4995dd7d882aea26ec5af2aff877be31e2507dce2bdf6927f7,1179,2676,,,bytescale.mobbin.com,f7a1807c1ac98ccf0eecf5078d61346ac9a94ca37a547f5708d580528c9e55c0,/Users/user/mobbin-sides/screen-flows/revolut-business/003-revolut-business-adding-business-detail-d153b102-4a02-4451-b75c-6cec8b67725f/009-3cb99e1e-96cb-4b76-b53f-e2879d5de9f1-downloadableSrc-563e43144191.webp
d153b102-4a02-4451-b75c-6cec8b67725f,Adding business detail,93ad9ceb-a163-41da-ba7a-9f07c737fc2a,Revolut Business,0c4c334c-e3a5-4395-89be-c7666aaafdf5,9,10,caec9295-1288-45e4-810f-62848815f3ed,true,downloadableSrc,200,image/webp,96738,96738,d99b5b3ebd50670cadf90a37c2a55d4d194f930a0c2029e4eff842ea7403eff2,1179,2676,,,bytescale.mobbin.com,f7a1807c1ac98ccf0eecf5078d61346ac9a94ca37a547f5708d580528c9e55c0,/Users/user/mobbin-sides/screen-flows/revolut-business/003-revolut-business-adding-business-detail-d153b102-4a02-4451-b75c-6cec8b67725f/010-caec9295-1288-45e4-810f-62848815f3ed-downloadableSrc-d99b5b3ebd50.webp
d153b102-4a02-4451-b75c-6cec8b67725f,Adding business detail,93ad9ceb-a163-41da-ba7a-9f07c737fc2a,Revolut Business,0c4c334c-e3a5-4395-89be-c7666aaafdf5,10,11,15bb35c9-44d8-4c5d-bdf0-a77a86307f62,true,downloadableSrc,200,image/webp,108076,108076,43ec8f6e410e74c3a39c261018c1841e4e70036f15a40809d225fb37a9715655,1179,2676,,,bytescale.mobbin.com,f7a1807c1ac98ccf0eecf5078d61346ac9a94ca37a547f5708d580528c9e55c0,/Users/user/mobbin-sides/screen-flows/revolut-business/003-revolut-business-adding-business-detail-d153b102-4a02-4451-b75c-6cec8b67725f/011-15bb35c9-44d8-4c5d-bdf0-a77a86307f62-downloadableSrc-43ec8f6e410e.webp
d153b102-4a02-4451-b75c-6cec8b67725f,Adding business detail,93ad9ceb-a163-41da-ba7a-9f07c737fc2a,Revolut Business,0c4c334c-e3a5-4395-89be-c7666aaafdf5,11,12,c7540ba2-78b0-4272-a8cf-d6f771c32a91,true,downloadableSrc,200,image/webp,96024,96024,e039967b01883a2537e688a0ae8e6af3c66da22ee112fbeae9ac066d5ec9edf6,1180,2676,,,bytescale.mobbin.com,f7a1807c1ac98ccf0eecf5078d61346ac9a94ca37a547f5708d580528c9e55c0,/Users/user/mobbin-sides/screen-flows/revolut-business/003-revolut-business-adding-business-detail-d153b102-4a02-4451-b75c-6cec8b67725f/012-c7540ba2-78b0-4272-a8cf-d6f771c32a91-downloadableSrc-e039967b0188.webp
d153b102-4a02-4451-b75c-6cec8b67725f,Adding business detail,93ad9ceb-a163-41da-ba7a-9f07c737fc2a,Revolut Business,0c4c334c-e3a5-4395-89be-c7666aaafdf5,12,13,d9a91f50-2f04-4ca4-84fe-baa57a4bf5bc,true,downloadableSrc,200,image/webp,51084,51084,d659a80f81767b7fcc5ee8fc523fb9995c08d37e130cc6f33b8f44de2276e7d4,1179,2676,,,bytescale.mobbin.com,f7a1807c1ac98ccf0eecf5078d61346ac9a94ca37a547f5708d580528c9e55c0,/Users/user/mobbin-sides/screen-flows/revolut-business/003-revolut-business-adding-business-detail-d153b102-4a02-4451-b75c-6cec8b67725f/013-d9a91f50-2f04-4ca4-84fe-baa57a4bf5bc-downloadableSrc-d659a80f8176.webp
5eba1bb6-702a-46c9-b1ca-8e2c0e15becc,Home,93ad9ceb-a163-41da-ba7a-9f07c737fc2a,Revolut Business,0c4c334c-e3a5-4395-89be-c7666aaafdf5,0,1,c7540ba2-78b0-4272-a8cf-d6f771c32a91,true,downloadableSrc,200,image/webp,96024,96024,e039967b01883a2537e688a0ae8e6af3c66da22ee112fbeae9ac066d5ec9edf6,1180,2676,,,bytescale.mobbin.com,f7a1807c1ac98ccf0eecf5078d61346ac9a94ca37a547f5708d580528c9e55c0,/Users/user/mobbin-sides/screen-flows/revolut-business/004-revolut-business-home-5eba1bb6-702a-46c9-b1ca-8e2c0e15becc/001-c7540ba2-78b0-4272-a8cf-d6f771c32a91-downloadableSrc-e039967b0188.webp
5eba1bb6-702a-46c9-b1ca-8e2c0e15becc,Home,93ad9ceb-a163-41da-ba7a-9f07c737fc2a,Revolut Business,0c4c334c-e3a5-4395-89be-c7666aaafdf5,1,2,ebcd98d5-f535-45e3-b6ca-663c000a4d23,true,downloadableSrc,200,image/webp,71838,71838,01b66bbc2a361dccedaea295781d9b236791a6f2ab2eaac9dd95613385649798,1179,2676,,,bytescale.mobbin.com,f7a1807c1ac98ccf0eecf5078d61346ac9a94ca37a547f5708d580528c9e55c0,/Users/user/mobbin-sides/screen-flows/revolut-business/004-revolut-business-home-5eba1bb6-702a-46c9-b1ca-8e2c0e15becc/002-ebcd98d5-f535-45e3-b6ca-663c000a4d23-downloadableSrc-01b66bbc2a36.webp
5eba1bb6-702a-46c9-b1ca-8e2c0e15becc,Home,93ad9ceb-a163-41da-ba7a-9f07c737fc2a,Revolut Business,0c4c334c-e3a5-4395-89be-c7666aaafdf5,2,3,81f46747-c3c1-4336-8308-24783ac78286,true,downloadableSrc,200,image/webp,90672,90672,0998cca0d6ab0be11af2049b7da4cf7e82228d6f1b3e8f4bd5d63ae17aad7af3,1179,2676,,,bytescale.mobbin.com,f7a1807c1ac98ccf0eecf5078d61346ac9a94ca37a547f5708d580528c9e55c0,/Users/user/mobbin-sides/screen-flows/revolut-business/004-revolut-business-home-5eba1bb6-702a-46c9-b1ca-8e2c0e15becc/003-81f46747-c3c1-4336-8308-24783ac78286-downloadableSrc-0998cca0d6ab.webp
5eba1bb6-702a-46c9-b1ca-8e2c0e15becc,Home,93ad9ceb-a163-41da-ba7a-9f07c737fc2a,Revolut Business,0c4c334c-e3a5-4395-89be-c7666aaafdf5,3,4,8c5050da-f68f-449d-983f-3c4773ed86f3,true,downloadableSrc,200,image/webp,76628,76628,565aa07d5fd6513817816ad4e8f86333a04ce0b35210fa2791d671b0196333a8,1179,2676,,,bytescale.mobbin.com,f7a1807c1ac98ccf0eecf5078d61346ac9a94ca37a547f5708d580528c9e55c0,/Users/user/mobbin-sides/screen-flows/revolut-business/004-revolut-business-home-5eba1bb6-702a-46c9-b1ca-8e2c0e15becc/004-8c5050da-f68f-449d-983f-3c4773ed86f3-downloadableSrc-565aa07d5fd6.webp
5eba1bb6-702a-46c9-b1ca-8e2c0e15becc,Home,93ad9ceb-a163-41da-ba7a-9f07c737fc2a,Revolut Business,0c4c334c-e3a5-4395-89be-c7666aaafdf5,4,5,41c74abd-3820-4130-b6b9-b08b7a5a77f4,true,downloadableSrc,200,image/webp,69172,69172,95804bd4da41cc8ef4e7f489c9c562c1290174138f49bc325c6c4a5423685887,1179,2676,,,bytescale.mobbin.com,f7a1807c1ac98ccf0eecf5078d61346ac9a94ca37a547f5708d580528c9e55c0,/Users/user/mobbin-sides/screen-flows/revolut-business/004-revolut-business-home-5eba1bb6-702a-46c9-b1ca-8e2c0e15becc/005-41c74abd-3820-4130-b6b9-b08b7a5a77f4-downloadableSrc-95804bd4da41.webp
5eba1bb6-702a-46c9-b1ca-8e2c0e15becc,Home,93ad9ceb-a163-41da-ba7a-9f07c737fc2a,Revolut Business,0c4c334c-e3a5-4395-89be-c7666aaafdf5,5,6,2c485b8f-000c-40b3-b6da-cc043ca22449,true,downloadableSrc,200,image/webp,72172,72172,5c379db9b6dbf7ea5c4edb7fe9e365cd9d2fc1564635beccc71709623a62c35a,1179,2676,,,bytescale.mobbin.com,f7a1807c1ac98ccf0eecf5078d61346ac9a94ca37a547f5708d580528c9e55c0,/Users/user/mobbin-sides/screen-flows/revolut-business/004-revolut-business-home-5eba1bb6-702a-46c9-b1ca-8e2c0e15becc/006-2c485b8f-000c-40b3-b6da-cc043ca22449-downloadableSrc-5c379db9b6db.webp
5eba1bb6-702a-46c9-b1ca-8e2c0e15becc,Home,93ad9ceb-a163-41da-ba7a-9f07c737fc2a,Revolut Business,0c4c334c-e3a5-4395-89be-c7666aaafdf5,6,7,ca43af86-fb34-4dd5-936e-4e6980e50162,true,downloadableSrc,200,image/webp,74992,74992,ae585a13d3f8515eeb169fcf1958c5cbdc456dc2ec6a5368dcf81b8f556407cc,1179,2676,,,bytescale.mobbin.com,f7a1807c1ac98ccf0eecf5078d61346ac9a94ca37a547f5708d580528c9e55c0,/Users/user/mobbin-sides/screen-flows/revolut-business/004-revolut-business-home-5eba1bb6-702a-46c9-b1ca-8e2c0e15becc/007-ca43af86-fb34-4dd5-936e-4e6980e50162-downloadableSrc-ae585a13d3f8.webp
2a362e0a-7fc1-43e4-8497-44560dd66139,Adding an account,93ad9ceb-a163-41da-ba7a-9f07c737fc2a,Revolut Business,0c4c334c-e3a5-4395-89be-c7666aaafdf5,0,1,ebcd98d5-f535-45e3-b6ca-663c000a4d23,true,downloadableSrc,200,image/webp,71838,71838,01b66bbc2a361dccedaea295781d9b236791a6f2ab2eaac9dd95613385649798,1179,2676,,,bytescale.mobbin.com,f7a1807c1ac98ccf0eecf5078d61346ac9a94ca37a547f5708d580528c9e55c0,/Users/user/mobbin-sides/screen-flows/revolut-business/005-revolut-business-adding-an-account-2a362e0a-7fc1-43e4-8497-44560dd66139/001-ebcd98d5-f535-45e3-b6ca-663c000a4d23-downloadableSrc-01b66bbc2a36.webp
2a362e0a-7fc1-43e4-8497-44560dd66139,Adding an account,93ad9ceb-a163-41da-ba7a-9f07c737fc2a,Revolut Business,0c4c334c-e3a5-4395-89be-c7666aaafdf5,1,2,7d6659cb-0264-443d-bb79-ef48a3718006,true,downloadableSrc,200,image/webp,58046,58046,e7bc7cd9ff47e1c726ce342627f00052a0eef8224c89b868fb327472810520ac,1179,2676,,,bytescale.mobbin.com,f7a1807c1ac98ccf0eecf5078d61346ac9a94ca37a547f5708d580528c9e55c0,/Users/user/mobbin-sides/screen-flows/revolut-business/005-revolut-business-adding-an-account-2a362e0a-7fc1-43e4-8497-44560dd66139/002-7d6659cb-0264-443d-bb79-ef48a3718006-downloadableSrc-e7bc7cd9ff47.webp
2a362e0a-7fc1-43e4-8497-44560dd66139,Adding an account,93ad9ceb-a163-41da-ba7a-9f07c737fc2a,Revolut Business,0c4c334c-e3a5-4395-89be-c7666aaafdf5,2,3,665c0e13-ce04-4413-978b-2c3319129768,true,downloadableSrc,200,image/webp,63958,63958,7dec135fb8bf66cee1e134fe133a25b43120ffdd1d4d016cdb1cfc322fc8b3c5,1179,2676,,,bytescale.mobbin.com,f7a1807c1ac98ccf0eecf5078d61346ac9a94ca37a547f5708d580528c9e55c0,/Users/user/mobbin-sides/screen-flows/revolut-business/005-revolut-business-adding-an-account-2a362e0a-7fc1-43e4-8497-44560dd66139/003-665c0e13-ce04-4413-978b-2c3319129768-downloadableSrc-7dec135fb8bf.webp
2a362e0a-7fc1-43e4-8497-44560dd66139,Adding an account,93ad9ceb-a163-41da-ba7a-9f07c737fc2a,Revolut Business,0c4c334c-e3a5-4395-89be-c7666aaafdf5,3,4,557e5acb-6848-45a9-a927-8128b0d3df3e,true,downloadableSrc,200,image/webp,41182,41182,e78cce42919077339e7c90f333ddcba69e5d5742cd35aa4b3be42f329f0b2923,1179,2676,,,bytescale.mobbin.com,f7a1807c1ac98ccf0eecf5078d61346ac9a94ca37a547f5708d580528c9e55c0,/Users/user/mobbin-sides/screen-flows/revolut-business/005-revolut-business-adding-an-account-2a362e0a-7fc1-43e4-8497-44560dd66139/004-557e5acb-6848-45a9-a927-8128b0d3df3e-downloadableSrc-e78cce429190.webp
2a362e0a-7fc1-43e4-8497-44560dd66139,Adding an account,93ad9ceb-a163-41da-ba7a-9f07c737fc2a,Revolut Business,0c4c334c-e3a5-4395-89be-c7666aaafdf5,4,5,2767dc21-750a-4272-bdfa-9eeb07e15d3f,true,downloadableSrc,200,image/webp,47060,47060,d3f016b96d2cd8989605f27ede9fa0f0300b8c03b9d761712d2b3798b8e36ac6,1179,2676,,,bytescale.mobbin.com,f7a1807c1ac98ccf0eecf5078d61346ac9a94ca37a547f5708d580528c9e55c0,/Users/user/mobbin-sides/screen-flows/revolut-business/005-revolut-business-adding-an-account-2a362e0a-7fc1-43e4-8497-44560dd66139/005-2767dc21-750a-4272-bdfa-9eeb07e15d3f-downloadableSrc-d3f016b96d2c.webp
2a362e0a-7fc1-43e4-8497-44560dd66139,Adding an account,93ad9ceb-a163-41da-ba7a-9f07c737fc2a,Revolut Business,0c4c334c-e3a5-4395-89be-c7666aaafdf5,5,6,0de36f98-814b-4fef-bccf-04b7069478c0,true,downloadableSrc,200,image/webp,50336,50336,a3f26a4eb36accbfe5c8b1392b9025be157bffab626fb238d87a2ab9c5d17ce2,1179,2676,,,bytescale.mobbin.com,f7a1807c1ac98ccf0eecf5078d61346ac9a94ca37a547f5708d580528c9e55c0,/Users/user/mobbin-sides/screen-flows/revolut-business/005-revolut-business-adding-an-account-2a362e0a-7fc1-43e4-8497-44560dd66139/006-0de36f98-814b-4fef-bccf-04b7069478c0-downloadableSrc-a3f26a4eb36a.webp
2a362e0a-7fc1-43e4-8497-44560dd66139,Adding an account,93ad9ceb-a163-41da-ba7a-9f07c737fc2a,Revolut Business,0c4c334c-e3a5-4395-89be-c7666aaafdf5,6,7,47e7fe39-b397-418d-8825-b06c17970b2c,true,downloadableSrc,200,image/webp,46920,46920,fab2b05e757010b1c96a1ada4f1de3e131294a61a11bdcbc7b59249281ab60de,1179,2676,,,bytescale.mobbin.com,f7a1807c1ac98ccf0eecf5078d61346ac9a94ca37a547f5708d580528c9e55c0,/Users/user/mobbin-sides/screen-flows/revolut-business/005-revolut-business-adding-an-account-2a362e0a-7fc1-43e4-8497-44560dd66139/007-47e7fe39-b397-418d-8825-b06c17970b2c-downloadableSrc-fab2b05e7570.webp
2a362e0a-7fc1-43e4-8497-44560dd66139,Adding an account,93ad9ceb-a163-41da-ba7a-9f07c737fc2a,Revolut Business,0c4c334c-e3a5-4395-89be-c7666aaafdf5,7,8,901802fa-60fc-4a5f-94f4-36e0b4574715,true,downloadableSrc,200,image/webp,41406,41406,e710b5a1fa34400728a277a361bbc0f06a2b9df8de9d6a7dd220d8a64c03258c,1179,2676,,,bytescale.mobbin.com,f7a1807c1ac98ccf0eecf5078d61346ac9a94ca37a547f5708d580528c9e55c0,/Users/user/mobbin-sides/screen-flows/revolut-business/005-revolut-business-adding-an-account-2a362e0a-7fc1-43e4-8497-44560dd66139/008-901802fa-60fc-4a5f-94f4-36e0b4574715-downloadableSrc-e710b5a1fa34.webp
9ec8d06b-8c4e-4c4b-bbbf-f88d444f3c9b,Exchanging money,93ad9ceb-a163-41da-ba7a-9f07c737fc2a,Revolut Business,0c4c334c-e3a5-4395-89be-c7666aaafdf5,0,1,ebcd98d5-f535-45e3-b6ca-663c000a4d23,true,downloadableSrc,200,image/webp,71838,71838,01b66bbc2a361dccedaea295781d9b236791a6f2ab2eaac9dd95613385649798,1179,2676,,,bytescale.mobbin.com,f7a1807c1ac98ccf0eecf5078d61346ac9a94ca37a547f5708d580528c9e55c0,/Users/user/mobbin-sides/screen-flows/revolut-business/006-revolut-business-exchanging-money-9ec8d06b-8c4e-4c4b-bbbf-f88d444f3c9b/001-ebcd98d5-f535-45e3-b6ca-663c000a4d23-downloadableSrc-01b66bbc2a36.webp
9ec8d06b-8c4e-4c4b-bbbf-f88d444f3c9b,Exchanging money,93ad9ceb-a163-41da-ba7a-9f07c737fc2a,Revolut Business,0c4c334c-e3a5-4395-89be-c7666aaafdf5,1,2,c42ee2c9-a287-4aa2-b5d6-8ae25431879d,true,downloadableSrc,200,image/webp,61648,61648,253935589a43fc465573a6fb8a607e2a493182dbc485a962bdd5817077df8774,1179,2676,,,bytescale.mobbin.com,f7a1807c1ac98ccf0eecf5078d61346ac9a94ca37a547f5708d580528c9e55c0,/Users/user/mobbin-sides/screen-flows/revolut-business/006-revolut-business-exchanging-money-9ec8d06b-8c4e-4c4b-bbbf-f88d444f3c9b/002-c42ee2c9-a287-4aa2-b5d6-8ae25431879d-downloadableSrc-253935589a43.webp
9ec8d06b-8c4e-4c4b-bbbf-f88d444f3c9b,Exchanging money,93ad9ceb-a163-41da-ba7a-9f07c737fc2a,Revolut Business,0c4c334c-e3a5-4395-89be-c7666aaafdf5,2,3,c5bbe618-924a-4df6-bc6d-c5097c967bee,true,downloadableSrc,200,image/webp,51334,51334,e30096ff8d8eaa8c8310a683561f0f5fee2f05a8bebd44488bd2775095f67d46,1179,2676,,,bytescale.mobbin.com,f7a1807c1ac98ccf0eecf5078d61346ac9a94ca37a547f5708d580528c9e55c0,/Users/user/mobbin-sides/screen-flows/revolut-business/006-revolut-business-exchanging-money-9ec8d06b-8c4e-4c4b-bbbf-f88d444f3c9b/003-c5bbe618-924a-4df6-bc6d-c5097c967bee-downloadableSrc-e30096ff8d8e.webp
9ec8d06b-8c4e-4c4b-bbbf-f88d444f3c9b,Exchanging money,93ad9ceb-a163-41da-ba7a-9f07c737fc2a,Revolut Business,0c4c334c-e3a5-4395-89be-c7666aaafdf5,3,4,f84c000a-2803-4336-9d46-cea6b8957e5d,true,downloadableSrc,200,image/webp,54602,54602,d4dd4d668cade9da191370df2e384ee2487bc80f0ccb744c37e10ef8cc189244,1179,2676,,,bytescale.mobbin.com,f7a1807c1ac98ccf0eecf5078d61346ac9a94ca37a547f5708d580528c9e55c0,/Users/user/mobbin-sides/screen-flows/revolut-business/006-revolut-business-exchanging-money-9ec8d06b-8c4e-4c4b-bbbf-f88d444f3c9b/004-f84c000a-2803-4336-9d46-cea6b8957e5d-downloadableSrc-d4dd4d668cad.webp
9ec8d06b-8c4e-4c4b-bbbf-f88d444f3c9b,Exchanging money,93ad9ceb-a163-41da-ba7a-9f07c737fc2a,Revolut Business,0c4c334c-e3a5-4395-89be-c7666aaafdf5,4,5,6c89a55d-2f8b-4fa4-b3d3-1c68f22377a0,true,downloadableSrc,200,image/webp,47840,47840,5797e539e10755e6bd3aaaa93ab2b522594a03d648d14be3d7aa97e4692121c3,1179,2676,,,bytescale.mobbin.com,f7a1807c1ac98ccf0eecf5078d61346ac9a94ca37a547f5708d580528c9e55c0,/Users/user/mobbin-sides/screen-flows/revolut-business/006-revolut-business-exchanging-money-9ec8d06b-8c4e-4c4b-bbbf-f88d444f3c9b/005-6c89a55d-2f8b-4fa4-b3d3-1c68f22377a0-downloadableSrc-5797e539e107.webp
9ec8d06b-8c4e-4c4b-bbbf-f88d444f3c9b,Exchanging money,93ad9ceb-a163-41da-ba7a-9f07c737fc2a,Revolut Business,0c4c334c-e3a5-4395-89be-c7666aaafdf5,5,6,841d1f4d-b36b-4727-8980-981f6760566e,true,downloadableSrc,200,image/webp,49740,49740,e1c546e7086a89f7032e26ce8bf8e8d88bab66ab3940d8c229b5dae6f99cc9a6,1179,2676,,,bytescale.mobbin.com,f7a1807c1ac98ccf0eecf5078d61346ac9a94ca37a547f5708d580528c9e55c0,/Users/user/mobbin-sides/screen-flows/revolut-business/006-revolut-business-exchanging-money-9ec8d06b-8c4e-4c4b-bbbf-f88d444f3c9b/006-841d1f4d-b36b-4727-8980-981f6760566e-downloadableSrc-e1c546e7086a.webp
9ec8d06b-8c4e-4c4b-bbbf-f88d444f3c9b,Exchanging money,93ad9ceb-a163-41da-ba7a-9f07c737fc2a,Revolut Business,0c4c334c-e3a5-4395-89be-c7666aaafdf5,6,7,fc67e24a-e65f-4b03-b5b4-93a558ef9909,true,downloadableSrc,200,image/webp,80136,80136,ac1914187c1c73fd51b5c71800c1dc73a92b777fd174e6a9df7a44e98c610129,1179,2676,,,bytescale.mobbin.com,f7a1807c1ac98ccf0eecf5078d61346ac9a94ca37a547f5708d580528c9e55c0,/Users/user/mobbin-sides/screen-flows/revolut-business/006-revolut-business-exchanging-money-9ec8d06b-8c4e-4c4b-bbbf-f88d444f3c9b/007-fc67e24a-e65f-4b03-b5b4-93a558ef9909-downloadableSrc-ac1914187c1c.webp
9ec8d06b-8c4e-4c4b-bbbf-f88d444f3c9b,Exchanging money,93ad9ceb-a163-41da-ba7a-9f07c737fc2a,Revolut Business,0c4c334c-e3a5-4395-89be-c7666aaafdf5,7,8,d0514c96-53f3-45b5-80d6-185a66ecab04,true,downloadableSrc,200,image/webp,27376,27376,64b2bc7c3e5807d27c042e0258754b7c33d4ed269fc678483dbb2c628d1277f0,1179,2676,,,bytescale.mobbin.com,f7a1807c1ac98ccf0eecf5078d61346ac9a94ca37a547f5708d580528c9e55c0,/Users/user/mobbin-sides/screen-flows/revolut-business/006-revolut-business-exchanging-money-9ec8d06b-8c4e-4c4b-bbbf-f88d444f3c9b/008-d0514c96-53f3-45b5-80d6-185a66ecab04-downloadableSrc-64b2bc7c3e58.webp
a27147ab-012e-4ef5-93a8-c7bc3bd168df,Creating a stop order,93ad9ceb-a163-41da-ba7a-9f07c737fc2a,Revolut Business,0c4c334c-e3a5-4395-89be-c7666aaafdf5,0,1,c5bbe618-924a-4df6-bc6d-c5097c967bee,true,downloadableSrc,200,image/webp,51334,51334,e30096ff8d8eaa8c8310a683561f0f5fee2f05a8bebd44488bd2775095f67d46,1179,2676,,,bytescale.mobbin.com,f7a1807c1ac98ccf0eecf5078d61346ac9a94ca37a547f5708d580528c9e55c0,/Users/user/mobbin-sides/screen-flows/revolut-business/007-revolut-business-creating-a-stop-order-a27147ab-012e-4ef5-93a8-c7bc3bd168df/001-c5bbe618-924a-4df6-bc6d-c5097c967bee-downloadableSrc-e30096ff8d8e.webp
a27147ab-012e-4ef5-93a8-c7bc3bd168df,Creating a stop order,93ad9ceb-a163-41da-ba7a-9f07c737fc2a,Revolut Business,0c4c334c-e3a5-4395-89be-c7666aaafdf5,1,2,7931e0d0-e515-47a7-8558-32083298f415,true,downloadableSrc,200,image/webp,49566,49566,8c0dac653984e8701ea31c0dca41f34189c2be20755b41aaac11080338dcce9a,1179,2676,,,bytescale.mobbin.com,f7a1807c1ac98ccf0eecf5078d61346ac9a94ca37a547f5708d580528c9e55c0,/Users/user/mobbin-sides/screen-flows/revolut-business/007-revolut-business-creating-a-stop-order-a27147ab-012e-4ef5-93a8-c7bc3bd168df/002-7931e0d0-e515-47a7-8558-32083298f415-downloadableSrc-8c0dac653984.webp
a27147ab-012e-4ef5-93a8-c7bc3bd168df,Creating a stop order,93ad9ceb-a163-41da-ba7a-9f07c737fc2a,Revolut Business,0c4c334c-e3a5-4395-89be-c7666aaafdf5,2,3,9b9b50ef-72fe-415d-8214-3f769f1ddc62,true,downloadableSrc,200,image/webp,64590,64590,31e507233c38ca7b7eaa98617744eee4581f3bbfeb0c71c51a516b4868e99ada,1179,2676,,,bytescale.mobbin.com,f7a1807c1ac98ccf0eecf5078d61346ac9a94ca37a547f5708d580528c9e55c0,/Users/user/mobbin-sides/screen-flows/revolut-business/007-revolut-business-creating-a-stop-order-a27147ab-012e-4ef5-93a8-c7bc3bd168df/003-9b9b50ef-72fe-415d-8214-3f769f1ddc62-downloadableSrc-31e507233c38.webp
a27147ab-012e-4ef5-93a8-c7bc3bd168df,Creating a stop order,93ad9ceb-a163-41da-ba7a-9f07c737fc2a,Revolut Business,0c4c334c-e3a5-4395-89be-c7666aaafdf5,3,4,f057edab-a70c-42ec-a231-74487615fa2f,true,downloadableSrc,200,image/webp,45404,45404,fd2af60b26b257cd7abe6e695cd8d7c7ea854e9557f4db12b7b89032b83ee0cc,1179,2676,,,bytescale.mobbin.com,f7a1807c1ac98ccf0eecf5078d61346ac9a94ca37a547f5708d580528c9e55c0,/Users/user/mobbin-sides/screen-flows/revolut-business/007-revolut-business-creating-a-stop-order-a27147ab-012e-4ef5-93a8-c7bc3bd168df/004-f057edab-a70c-42ec-a231-74487615fa2f-downloadableSrc-fd2af60b26b2.webp
a27147ab-012e-4ef5-93a8-c7bc3bd168df,Creating a stop order,93ad9ceb-a163-41da-ba7a-9f07c737fc2a,Revolut Business,0c4c334c-e3a5-4395-89be-c7666aaafdf5,4,5,3977ecef-62bc-4f8f-aa9a-f598423f086b,true,downloadableSrc,200,image/webp,45592,45592,6b04035b89f8e7b3edd65ccce25d8ffeacdec3386feedb806dd1ed2288e19aab,1179,2676,,,bytescale.mobbin.com,f7a1807c1ac98ccf0eecf5078d61346ac9a94ca37a547f5708d580528c9e55c0,/Users/user/mobbin-sides/screen-flows/revolut-business/007-revolut-business-creating-a-stop-order-a27147ab-012e-4ef5-93a8-c7bc3bd168df/005-3977ecef-62bc-4f8f-aa9a-f598423f086b-downloadableSrc-6b04035b89f8.webp
a27147ab-012e-4ef5-93a8-c7bc3bd168df,Creating a stop order,93ad9ceb-a163-41da-ba7a-9f07c737fc2a,Revolut Business,0c4c334c-e3a5-4395-89be-c7666aaafdf5,5,6,5bfb9518-a890-4464-a064-fd947f19e36c,true,downloadableSrc,200,image/webp,43836,43836,cbcfb60dd3a1efceda69e4ecce511fa75593c1811e1e117b182cc1d4b4624a2a,1179,2676,,,bytescale.mobbin.com,f7a1807c1ac98ccf0eecf5078d61346ac9a94ca37a547f5708d580528c9e55c0,/Users/user/mobbin-sides/screen-flows/revolut-business/007-revolut-business-creating-a-stop-order-a27147ab-012e-4ef5-93a8-c7bc3bd168df/006-5bfb9518-a890-4464-a064-fd947f19e36c-downloadableSrc-cbcfb60dd3a1.webp
a27147ab-012e-4ef5-93a8-c7bc3bd168df,Creating a stop order,93ad9ceb-a163-41da-ba7a-9f07c737fc2a,Revolut Business,0c4c334c-e3a5-4395-89be-c7666aaafdf5,6,7,70d49a7f-ed44-45b7-bb9e-d77d5d066400,true,downloadableSrc,200,image/webp,59878,59878,c76b0c21ffef6ee75668afbde4a16d7234a3d411d5ad52149507851a97531b0f,1179,2676,,,bytescale.mobbin.com,f7a1807c1ac98ccf0eecf5078d61346ac9a94ca37a547f5708d580528c9e55c0,/Users/user/mobbin-sides/screen-flows/revolut-business/007-revolut-business-creating-a-stop-order-a27147ab-012e-4ef5-93a8-c7bc3bd168df/007-70d49a7f-ed44-45b7-bb9e-d77d5d066400-downloadableSrc-c76b0c21ffef.webp
a27147ab-012e-4ef5-93a8-c7bc3bd168df,Creating a stop order,93ad9ceb-a163-41da-ba7a-9f07c737fc2a,Revolut Business,0c4c334c-e3a5-4395-89be-c7666aaafdf5,7,8,201bd7b3-7710-43c6-8b98-1763d675b5d4,true,downloadableSrc,200,image/webp,53810,53810,65d02528557277a96356a08505d41ec7f1a2cd38576ab20d3d641beb184e6e41,1179,2676,,,bytescale.mobbin.com,f7a1807c1ac98ccf0eecf5078d61346ac9a94ca37a547f5708d580528c9e55c0,/Users/user/mobbin-sides/screen-flows/revolut-business/007-revolut-business-creating-a-stop-order-a27147ab-012e-4ef5-93a8-c7bc3bd168df/008-201bd7b3-7710-43c6-8b98-1763d675b5d4-downloadableSrc-65d025285572.webp
a27147ab-012e-4ef5-93a8-c7bc3bd168df,Creating a stop order,93ad9ceb-a163-41da-ba7a-9f07c737fc2a,Revolut Business,0c4c334c-e3a5-4395-89be-c7666aaafdf5,8,9,03f06df2-b26c-444d-8367-102220c9fd0b,true,downloadableSrc,200,image/webp,71772,71772,09fbeb044762e4437333f43c817ea335db96c17f846b40906ffdf56292173985,1179,2676,,,bytescale.mobbin.com,f7a1807c1ac98ccf0eecf5078d61346ac9a94ca37a547f5708d580528c9e55c0,/Users/user/mobbin-sides/screen-flows/revolut-business/007-revolut-business-creating-a-stop-order-a27147ab-012e-4ef5-93a8-c7bc3bd168df/009-03f06df2-b26c-444d-8367-102220c9fd0b-downloadableSrc-09fbeb044762.webp
a27147ab-012e-4ef5-93a8-c7bc3bd168df,Creating a stop order,93ad9ceb-a163-41da-ba7a-9f07c737fc2a,Revolut Business,0c4c334c-e3a5-4395-89be-c7666aaafdf5,9,10,1c9cb7bf-a189-4538-a102-eba93e35ea34,true,downloadableSrc,200,image/webp,59502,59502,b26a83086c24029f594c576bdbcf26a7dc13c0cd7bfe5f0ba12a8d4dbf2fa87a,1179,2676,,,bytescale.mobbin.com,f7a1807c1ac98ccf0eecf5078d61346ac9a94ca37a547f5708d580528c9e55c0,/Users/user/mobbin-sides/screen-flows/revolut-business/007-revolut-business-creating-a-stop-order-a27147ab-012e-4ef5-93a8-c7bc3bd168df/010-1c9cb7bf-a189-4538-a102-eba93e35ea34-downloadableSrc-b26a83086c24.webp
a27147ab-012e-4ef5-93a8-c7bc3bd168df,Creating a stop order,93ad9ceb-a163-41da-ba7a-9f07c737fc2a,Revolut Business,0c4c334c-e3a5-4395-89be-c7666aaafdf5,10,11,70c1171b-e243-4740-9c06-ffaa8af73619,true,downloadableSrc,200,image/webp,49982,49982,13e3733453f70a90389d31aa9b044661e88539ddef55a42c7320ff13cbe2ffa6,1179,2676,,,bytescale.mobbin.com,f7a1807c1ac98ccf0eecf5078d61346ac9a94ca37a547f5708d580528c9e55c0,/Users/user/mobbin-sides/screen-flows/revolut-business/007-revolut-business-creating-a-stop-order-a27147ab-012e-4ef5-93a8-c7bc3bd168df/011-70c1171b-e243-4740-9c06-ffaa8af73619-downloadableSrc-13e3733453f7.webp
a27147ab-012e-4ef5-93a8-c7bc3bd168df,Creating a stop order,93ad9ceb-a163-41da-ba7a-9f07c737fc2a,Revolut Business,0c4c334c-e3a5-4395-89be-c7666aaafdf5,11,12,34fa7c4d-30e5-4afa-b515-b0602b2924a6,true,downloadableSrc,200,image/webp,46838,46838,c79ea6ddbdcda0b1d5f569de400712d673e8a8dafc95c484e433a7ba13cdb889,1179,2676,,,bytescale.mobbin.com,f7a1807c1ac98ccf0eecf5078d61346ac9a94ca37a547f5708d580528c9e55c0,/Users/user/mobbin-sides/screen-flows/revolut-business/007-revolut-business-creating-a-stop-order-a27147ab-012e-4ef5-93a8-c7bc3bd168df/012-34fa7c4d-30e5-4afa-b515-b0602b2924a6-downloadableSrc-c79ea6ddbdcd.webp
a27147ab-012e-4ef5-93a8-c7bc3bd168df,Creating a stop order,93ad9ceb-a163-41da-ba7a-9f07c737fc2a,Revolut Business,0c4c334c-e3a5-4395-89be-c7666aaafdf5,12,13,219113bf-3c86-4a5a-838c-d8f0f552d29d,true,downloadableSrc,200,image/webp,83238,83238,5ebeaf79a7513472c134da2755db2b28f36c2d705c6bd0751040bcecc849a589,1179,2676,,,bytescale.mobbin.com,f7a1807c1ac98ccf0eecf5078d61346ac9a94ca37a547f5708d580528c9e55c0,/Users/user/mobbin-sides/screen-flows/revolut-business/007-revolut-business-creating-a-stop-order-a27147ab-012e-4ef5-93a8-c7bc3bd168df/013-219113bf-3c86-4a5a-838c-d8f0f552d29d-downloadableSrc-5ebeaf79a751.webp
1ab42dbe-0a7b-45dc-b102-713ea3d67cd1,Account details,93ad9ceb-a163-41da-ba7a-9f07c737fc2a,Revolut Business,0c4c334c-e3a5-4395-89be-c7666aaafdf5,0,1,ebcd98d5-f535-45e3-b6ca-663c000a4d23,true,downloadableSrc,200,image/webp,71838,71838,01b66bbc2a361dccedaea295781d9b236791a6f2ab2eaac9dd95613385649798,1179,2676,,,bytescale.mobbin.com,f7a1807c1ac98ccf0eecf5078d61346ac9a94ca37a547f5708d580528c9e55c0,/Users/user/mobbin-sides/screen-flows/revolut-business/008-revolut-business-account-details-1ab42dbe-0a7b-45dc-b102-713ea3d67cd1/001-ebcd98d5-f535-45e3-b6ca-663c000a4d23-downloadableSrc-01b66bbc2a36.webp
1ab42dbe-0a7b-45dc-b102-713ea3d67cd1,Account details,93ad9ceb-a163-41da-ba7a-9f07c737fc2a,Revolut Business,0c4c334c-e3a5-4395-89be-c7666aaafdf5,1,2,1f15346f-8e27-42e2-ab2a-b5aebc9b0588,true,downloadableSrc,200,image/webp,101110,101110,1c729878aeb1ab82f821c329d412fdcaaf4a9e82a4b1cce6b9c7b928e1e5ee05,1179,2676,,,bytescale.mobbin.com,f7a1807c1ac98ccf0eecf5078d61346ac9a94ca37a547f5708d580528c9e55c0,/Users/user/mobbin-sides/screen-flows/revolut-business/008-revolut-business-account-details-1ab42dbe-0a7b-45dc-b102-713ea3d67cd1/002-1f15346f-8e27-42e2-ab2a-b5aebc9b0588-downloadableSrc-1c729878aeb1.webp
1ab42dbe-0a7b-45dc-b102-713ea3d67cd1,Account details,93ad9ceb-a163-41da-ba7a-9f07c737fc2a,Revolut Business,0c4c334c-e3a5-4395-89be-c7666aaafdf5,2,3,bbaf839f-fc79-4b65-8ef5-39e59a71dd7a,true,downloadableSrc,200,image/webp,117370,117370,096856a1f97c2fbdf798fb2f4000f1f6b1fb3d3bcd1436f093150ef0def4a13f,1179,2676,,,bytescale.mobbin.com,f7a1807c1ac98ccf0eecf5078d61346ac9a94ca37a547f5708d580528c9e55c0,/Users/user/mobbin-sides/screen-flows/revolut-business/008-revolut-business-account-details-1ab42dbe-0a7b-45dc-b102-713ea3d67cd1/003-bbaf839f-fc79-4b65-8ef5-39e59a71dd7a-downloadableSrc-096856a1f97c.webp
1ab42dbe-0a7b-45dc-b102-713ea3d67cd1,Account details,93ad9ceb-a163-41da-ba7a-9f07c737fc2a,Revolut Business,0c4c334c-e3a5-4395-89be-c7666aaafdf5,3,4,9c842861-a297-4494-ae02-ba605a61ad3d,true,downloadableSrc,200,image/webp,108900,108900,61720f5d3a4d451e7e0a7cdb7b109dd37d98e60db156a3bf087ccad883280fa1,1179,2676,,,bytescale.mobbin.com,f7a1807c1ac98ccf0eecf5078d61346ac9a94ca37a547f5708d580528c9e55c0,/Users/user/mobbin-sides/screen-flows/revolut-business/008-revolut-business-account-details-1ab42dbe-0a7b-45dc-b102-713ea3d67cd1/004-9c842861-a297-4494-ae02-ba605a61ad3d-downloadableSrc-61720f5d3a4d.webp
c127050b-a687-4f4b-8b3f-cf696893aa44,Default currency account information,93ad9ceb-a163-41da-ba7a-9f07c737fc2a,Revolut Business,0c4c334c-e3a5-4395-89be-c7666aaafdf5,0,1,1f15346f-8e27-42e2-ab2a-b5aebc9b0588,true,downloadableSrc,200,image/webp,101110,101110,1c729878aeb1ab82f821c329d412fdcaaf4a9e82a4b1cce6b9c7b928e1e5ee05,1179,2676,,,bytescale.mobbin.com,f7a1807c1ac98ccf0eecf5078d61346ac9a94ca37a547f5708d580528c9e55c0,/Users/user/mobbin-sides/screen-flows/revolut-business/009-revolut-business-default-currency-account-information-c127050b-a687-4f4b-8b3f-cf696893aa44/001-1f15346f-8e27-42e2-ab2a-b5aebc9b0588-downloadableSrc-1c729878aeb1.webp
c127050b-a687-4f4b-8b3f-cf696893aa44,Default currency account information,93ad9ceb-a163-41da-ba7a-9f07c737fc2a,Revolut Business,0c4c334c-e3a5-4395-89be-c7666aaafdf5,1,2,77b6fd7b-4c73-4c34-bbc9-bbd9c2b963c1,true,downloadableSrc,200,image/webp,100828,100828,a609a93a66839907af52180e76d4a993c66d848b806db6f5371f304422676fd4,1179,2676,,,bytescale.mobbin.com,f7a1807c1ac98ccf0eecf5078d61346ac9a94ca37a547f5708d580528c9e55c0,/Users/user/mobbin-sides/screen-flows/revolut-business/009-revolut-business-default-currency-account-information-c127050b-a687-4f4b-8b3f-cf696893aa44/002-77b6fd7b-4c73-4c34-bbc9-bbd9c2b963c1-downloadableSrc-a609a93a6683.webp
45b2991a-8011-4f7b-bcd9-5d0e9ffbc85b,Share account details,93ad9ceb-a163-41da-ba7a-9f07c737fc2a,Revolut Business,0c4c334c-e3a5-4395-89be-c7666aaafdf5,0,1,1f15346f-8e27-42e2-ab2a-b5aebc9b0588,true,downloadableSrc,200,image/webp,101110,101110,1c729878aeb1ab82f821c329d412fdcaaf4a9e82a4b1cce6b9c7b928e1e5ee05,1179,2676,,,bytescale.mobbin.com,f7a1807c1ac98ccf0eecf5078d61346ac9a94ca37a547f5708d580528c9e55c0,/Users/user/mobbin-sides/screen-flows/revolut-business/010-revolut-business-share-account-details-45b2991a-8011-4f7b-bcd9-5d0e9ffbc85b/001-1f15346f-8e27-42e2-ab2a-b5aebc9b0588-downloadableSrc-1c729878aeb1.webp
45b2991a-8011-4f7b-bcd9-5d0e9ffbc85b,Share account details,93ad9ceb-a163-41da-ba7a-9f07c737fc2a,Revolut Business,0c4c334c-e3a5-4395-89be-c7666aaafdf5,1,2,34b658f3-e405-46eb-9bbd-8a769907ccd1,true,downloadableSrc,200,image/webp,48180,48180,8900da1c719d6c79ce224b7957612ccbc630fe19976b4ccaf71d8830e4f149a9,1179,2676,,,bytescale.mobbin.com,f7a1807c1ac98ccf0eecf5078d61346ac9a94ca37a547f5708d580528c9e55c0,/Users/user/mobbin-sides/screen-flows/revolut-business/010-revolut-business-share-account-details-45b2991a-8011-4f7b-bcd9-5d0e9ffbc85b/002-34b658f3-e405-46eb-9bbd-8a769907ccd1-downloadableSrc-8900da1c719d.webp
ad48491b-813c-495e-bed1-1209fad77c0d,Generating an account statement,93ad9ceb-a163-41da-ba7a-9f07c737fc2a,Revolut Business,0c4c334c-e3a5-4395-89be-c7666aaafdf5,0,1,ebcd98d5-f535-45e3-b6ca-663c000a4d23,true,downloadableSrc,200,image/webp,71838,71838,01b66bbc2a361dccedaea295781d9b236791a6f2ab2eaac9dd95613385649798,1179,2676,,,bytescale.mobbin.com,f7a1807c1ac98ccf0eecf5078d61346ac9a94ca37a547f5708d580528c9e55c0,/Users/user/mobbin-sides/screen-flows/revolut-business/011-revolut-business-generating-an-account-statement-ad48491b-813c-495e-bed1-1209fad77c0d/001-ebcd98d5-f535-45e3-b6ca-663c000a4d23-downloadableSrc-01b66bbc2a36.webp
ad48491b-813c-495e-bed1-1209fad77c0d,Generating an account statement,93ad9ceb-a163-41da-ba7a-9f07c737fc2a,Revolut Business,0c4c334c-e3a5-4395-89be-c7666aaafdf5,1,2,c119559f-95c2-49ed-acad-5f2ee953c1e6,true,downloadableSrc,200,image/webp,86710,86710,e7ecced62a64c743b6891cb3b4a6e4f4139601311dea3b10c29a8d70de4390e1,1179,2676,,,bytescale.mobbin.com,f7a1807c1ac98ccf0eecf5078d61346ac9a94ca37a547f5708d580528c9e55c0,/Users/user/mobbin-sides/screen-flows/revolut-business/011-revolut-business-generating-an-account-statement-ad48491b-813c-495e-bed1-1209fad77c0d/002-c119559f-95c2-49ed-acad-5f2ee953c1e6-downloadableSrc-e7ecced62a64.webp
ad48491b-813c-495e-bed1-1209fad77c0d,Generating an account statement,93ad9ceb-a163-41da-ba7a-9f07c737fc2a,Revolut Business,0c4c334c-e3a5-4395-89be-c7666aaafdf5,2,3,db11b4f3-2510-487c-92f6-5438895a2ead,true,downloadableSrc,200,image/webp,78028,78028,e741cbdd898640ecb34b11980edf3b321fc6af7ff466c7b82c6af4dba84245c9,1179,2676,,,bytescale.mobbin.com,f7a1807c1ac98ccf0eecf5078d61346ac9a94ca37a547f5708d580528c9e55c0,/Users/user/mobbin-sides/screen-flows/revolut-business/011-revolut-business-generating-an-account-statement-ad48491b-813c-495e-bed1-1209fad77c0d/003-db11b4f3-2510-487c-92f6-5438895a2ead-downloadableSrc-e741cbdd8986.webp
ad48491b-813c-495e-bed1-1209fad77c0d,Generating an account statement,93ad9ceb-a163-41da-ba7a-9f07c737fc2a,Revolut Business,0c4c334c-e3a5-4395-89be-c7666aaafdf5,3,4,b4e693f1-753e-4c79-8e9e-dc1008538379,true,downloadableSrc,200,image/webp,61058,61058,0ede2e77140dcb424c3196df89daa3d1cb49bd63fe4a378c383ae330c8199339,1179,2676,,,bytescale.mobbin.com,f7a1807c1ac98ccf0eecf5078d61346ac9a94ca37a547f5708d580528c9e55c0,/Users/user/mobbin-sides/screen-flows/revolut-business/011-revolut-business-generating-an-account-statement-ad48491b-813c-495e-bed1-1209fad77c0d/004-b4e693f1-753e-4c79-8e9e-dc1008538379-downloadableSrc-0ede2e77140d.webp
ad48491b-813c-495e-bed1-1209fad77c0d,Generating an account statement,93ad9ceb-a163-41da-ba7a-9f07c737fc2a,Revolut Business,0c4c334c-e3a5-4395-89be-c7666aaafdf5,4,5,e3370ac2-c091-4eb6-8339-3fa6d9c409f5,true,downloadableSrc,200,image/webp,59162,59162,bb79c172bcc7eae74be5f1228c4c34125a942aaf4367f535a2ecb1b38f04a2de,1179,2676,,,bytescale.mobbin.com,f7a1807c1ac98ccf0eecf5078d61346ac9a94ca37a547f5708d580528c9e55c0,/Users/user/mobbin-sides/screen-flows/revolut-business/011-revolut-business-generating-an-account-statement-ad48491b-813c-495e-bed1-1209fad77c0d/005-e3370ac2-c091-4eb6-8339-3fa6d9c409f5-downloadableSrc-bb79c172bcc7.webp
ad48491b-813c-495e-bed1-1209fad77c0d,Generating an account statement,93ad9ceb-a163-41da-ba7a-9f07c737fc2a,Revolut Business,0c4c334c-e3a5-4395-89be-c7666aaafdf5,5,6,0e471522-7ff4-4bda-816c-8d5f1ef38ed4,true,downloadableSrc,200,image/webp,60958,60958,6e9fd8564b8f405685304062f211bbb56091b89330cc90fd99d2cc2d46458dce,1179,2676,,,bytescale.mobbin.com,f7a1807c1ac98ccf0eecf5078d61346ac9a94ca37a547f5708d580528c9e55c0,/Users/user/mobbin-sides/screen-flows/revolut-business/011-revolut-business-generating-an-account-statement-ad48491b-813c-495e-bed1-1209fad77c0d/006-0e471522-7ff4-4bda-816c-8d5f1ef38ed4-downloadableSrc-6e9fd8564b8f.webp
ad48491b-813c-495e-bed1-1209fad77c0d,Generating an account statement,93ad9ceb-a163-41da-ba7a-9f07c737fc2a,Revolut Business,0c4c334c-e3a5-4395-89be-c7666aaafdf5,6,7,bcd33712-dd1e-4141-b50d-f16ffc76169c,true,downloadableSrc,200,image/webp,64258,64258,32235e1817ba396733988d416fbebc7179c0f5d2897d67a854461468dd2a2b7c,1179,2676,,,bytescale.mobbin.com,f7a1807c1ac98ccf0eecf5078d61346ac9a94ca37a547f5708d580528c9e55c0,/Users/user/mobbin-sides/screen-flows/revolut-business/011-revolut-business-generating-an-account-statement-ad48491b-813c-495e-bed1-1209fad77c0d/007-bcd33712-dd1e-4141-b50d-f16ffc76169c-downloadableSrc-32235e1817ba.webp
ad48491b-813c-495e-bed1-1209fad77c0d,Generating an account statement,93ad9ceb-a163-41da-ba7a-9f07c737fc2a,Revolut Business,0c4c334c-e3a5-4395-89be-c7666aaafdf5,7,8,9c9588be-63bc-4b6c-9022-2aeef759760a,true,downloadableSrc,200,image/webp,45464,45464,cfe2e85e01ac73d5a6e2f525d1c28b70019f6ca84d54469cfd6b289582ff87f3,1179,2676,,,bytescale.mobbin.com,f7a1807c1ac98ccf0eecf5078d61346ac9a94ca37a547f5708d580528c9e55c0,/Users/user/mobbin-sides/screen-flows/revolut-business/011-revolut-business-generating-an-account-statement-ad48491b-813c-495e-bed1-1209fad77c0d/008-9c9588be-63bc-4b6c-9022-2aeef759760a-downloadableSrc-cfe2e85e01ac.webp
ad48491b-813c-495e-bed1-1209fad77c0d,Generating an account statement,93ad9ceb-a163-41da-ba7a-9f07c737fc2a,Revolut Business,0c4c334c-e3a5-4395-89be-c7666aaafdf5,8,9,0c4cec7a-9c4f-483e-80d7-0b8ec08fad75,true,downloadableSrc,200,image/webp,65604,65604,e2d4d427186f74ae4ab47e44f9308237c251c317c0ce45b4c7e221a2131a4446,1179,2676,,,bytescale.mobbin.com,f7a1807c1ac98ccf0eecf5078d61346ac9a94ca37a547f5708d580528c9e55c0,/Users/user/mobbin-sides/screen-flows/revolut-business/011-revolut-business-generating-an-account-statement-ad48491b-813c-495e-bed1-1209fad77c0d/009-0c4cec7a-9c4f-483e-80d7-0b8ec08fad75-downloadableSrc-e2d4d427186f.webp
ad48491b-813c-495e-bed1-1209fad77c0d,Generating an account statement,93ad9ceb-a163-41da-ba7a-9f07c737fc2a,Revolut Business,0c4c334c-e3a5-4395-89be-c7666aaafdf5,9,10,0cf99c62-2b60-4601-97a4-87047d07179e,true,downloadableSrc,200,image/webp,64536,64536,24c635a88376132c280fe780b2bb10fffbda90cec3b1bc9bdaf6cc0575beea8a,1179,2676,,,bytescale.mobbin.com,f7a1807c1ac98ccf0eecf5078d61346ac9a94ca37a547f5708d580528c9e55c0,/Users/user/mobbin-sides/screen-flows/revolut-business/011-revolut-business-generating-an-account-statement-ad48491b-813c-495e-bed1-1209fad77c0d/010-0cf99c62-2b60-4601-97a4-87047d07179e-downloadableSrc-24c635a88376.webp
ad48491b-813c-495e-bed1-1209fad77c0d,Generating an account statement,93ad9ceb-a163-41da-ba7a-9f07c737fc2a,Revolut Business,0c4c334c-e3a5-4395-89be-c7666aaafdf5,10,11,42f2e857-e819-4e45-be21-acdc09f6b357,true,downloadableSrc,200,image/webp,43172,43172,268afac712c89f1d34540c6f83ad6326088a4b4400817f48738a78174866c541,1179,2676,,,bytescale.mobbin.com,f7a1807c1ac98ccf0eecf5078d61346ac9a94ca37a547f5708d580528c9e55c0,/Users/user/mobbin-sides/screen-flows/revolut-business/011-revolut-business-generating-an-account-statement-ad48491b-813c-495e-bed1-1209fad77c0d/011-42f2e857-e819-4e45-be21-acdc09f6b357-downloadableSrc-268afac712c8.webp
ad48491b-813c-495e-bed1-1209fad77c0d,Generating an account statement,93ad9ceb-a163-41da-ba7a-9f07c737fc2a,Revolut Business,0c4c334c-e3a5-4395-89be-c7666aaafdf5,11,12,8d5a21a0-a5f0-4ad3-93f3-a60b30ec7f52,true,downloadableSrc,200,image/webp,40396,40396,8509a35359a09d64b39027fe78386fbcd24bf1d531155288aa7bec7bb23716d7,1179,2676,,,bytescale.mobbin.com,f7a1807c1ac98ccf0eecf5078d61346ac9a94ca37a547f5708d580528c9e55c0,/Users/user/mobbin-sides/screen-flows/revolut-business/011-revolut-business-generating-an-account-statement-ad48491b-813c-495e-bed1-1209fad77c0d/012-8d5a21a0-a5f0-4ad3-93f3-a60b30ec7f52-downloadableSrc-8509a35359a0.webp
8b100ce8-98a0-4f16-bda0-498ebee86b4c,Account settings,93ad9ceb-a163-41da-ba7a-9f07c737fc2a,Revolut Business,0c4c334c-e3a5-4395-89be-c7666aaafdf5,0,1,c119559f-95c2-49ed-acad-5f2ee953c1e6,true,downloadableSrc,200,image/webp,86710,86710,e7ecced62a64c743b6891cb3b4a6e4f4139601311dea3b10c29a8d70de4390e1,1179,2676,,,bytescale.mobbin.com,f7a1807c1ac98ccf0eecf5078d61346ac9a94ca37a547f5708d580528c9e55c0,/Users/user/mobbin-sides/screen-flows/revolut-business/012-revolut-business-account-settings-8b100ce8-98a0-4f16-bda0-498ebee86b4c/001-c119559f-95c2-49ed-acad-5f2ee953c1e6-downloadableSrc-e7ecced62a64.webp
8b100ce8-98a0-4f16-bda0-498ebee86b4c,Account settings,93ad9ceb-a163-41da-ba7a-9f07c737fc2a,Revolut Business,0c4c334c-e3a5-4395-89be-c7666aaafdf5,1,2,115fef36-0af1-4e88-b131-6558748e1699,true,downloadableSrc,200,image/webp,73474,73474,5c4216be72ce14eb82e1b9e1a8d24a10db78ef06d266aa99afb6a12d6c02afea,1179,2676,,,bytescale.mobbin.com,f7a1807c1ac98ccf0eecf5078d61346ac9a94ca37a547f5708d580528c9e55c0,/Users/user/mobbin-sides/screen-flows/revolut-business/012-revolut-business-account-settings-8b100ce8-98a0-4f16-bda0-498ebee86b4c/002-115fef36-0af1-4e88-b131-6558748e1699-downloadableSrc-5c4216be72ce.webp
68b13325-4c10-4c3f-a17a-6ab8fc489b99,Edit account access,93ad9ceb-a163-41da-ba7a-9f07c737fc2a,Revolut Business,0c4c334c-e3a5-4395-89be-c7666aaafdf5,0,1,115fef36-0af1-4e88-b131-6558748e1699,true,downloadableSrc,200,image/webp,73474,73474,5c4216be72ce14eb82e1b9e1a8d24a10db78ef06d266aa99afb6a12d6c02afea,1179,2676,,,bytescale.mobbin.com,f7a1807c1ac98ccf0eecf5078d61346ac9a94ca37a547f5708d580528c9e55c0,/Users/user/mobbin-sides/screen-flows/revolut-business/013-revolut-business-edit-account-access-68b13325-4c10-4c3f-a17a-6ab8fc489b99/001-115fef36-0af1-4e88-b131-6558748e1699-downloadableSrc-5c4216be72ce.webp
68b13325-4c10-4c3f-a17a-6ab8fc489b99,Edit account access,93ad9ceb-a163-41da-ba7a-9f07c737fc2a,Revolut Business,0c4c334c-e3a5-4395-89be-c7666aaafdf5,1,2,6081f75a-5618-42e0-bfbb-0eae536380f6,true,downloadableSrc,200,image/webp,45722,45722,8b7d431527f8ed000d252484a72e3483c8c9eaa2a72efc3958322f4a27a8d4a4,1179,2676,,,bytescale.mobbin.com,f7a1807c1ac98ccf0eecf5078d61346ac9a94ca37a547f5708d580528c9e55c0,/Users/user/mobbin-sides/screen-flows/revolut-business/013-revolut-business-edit-account-access-68b13325-4c10-4c3f-a17a-6ab8fc489b99/002-6081f75a-5618-42e0-bfbb-0eae536380f6-downloadableSrc-8b7d431527f8.webp
68b13325-4c10-4c3f-a17a-6ab8fc489b99,Edit account access,93ad9ceb-a163-41da-ba7a-9f07c737fc2a,Revolut Business,0c4c334c-e3a5-4395-89be-c7666aaafdf5,2,3,a82b8751-c0bf-48b3-a9e9-7e9fdf1f954f,true,downloadableSrc,200,image/webp,40668,40668,314e32ddf41b15cde1a1e3c8248f26124d8f3b8d3128e4c95d545ff671d29497,1179,2676,,,bytescale.mobbin.com,f7a1807c1ac98ccf0eecf5078d61346ac9a94ca37a547f5708d580528c9e55c0,/Users/user/mobbin-sides/screen-flows/revolut-business/013-revolut-business-edit-account-access-68b13325-4c10-4c3f-a17a-6ab8fc489b99/003-a82b8751-c0bf-48b3-a9e9-7e9fdf1f954f-downloadableSrc-314e32ddf41b.webp
68b13325-4c10-4c3f-a17a-6ab8fc489b99,Edit account access,93ad9ceb-a163-41da-ba7a-9f07c737fc2a,Revolut Business,0c4c334c-e3a5-4395-89be-c7666aaafdf5,3,4,f17003da-9cb9-4d33-a8ac-2091a8afad48,true,downloadableSrc,200,image/webp,54992,54992,b1415d24fd956d1893005876ac69c6f9a0c42863bfb7f829f53cbba1fc440d3c,1179,2676,,,bytescale.mobbin.com,f7a1807c1ac98ccf0eecf5078d61346ac9a94ca37a547f5708d580528c9e55c0,/Users/user/mobbin-sides/screen-flows/revolut-business/013-revolut-business-edit-account-access-68b13325-4c10-4c3f-a17a-6ab8fc489b99/004-f17003da-9cb9-4d33-a8ac-2091a8afad48-downloadableSrc-b1415d24fd95.webp
a60d997a-df5d-45db-b624-180cddcc55b5,Cards linked,93ad9ceb-a163-41da-ba7a-9f07c737fc2a,Revolut Business,0c4c334c-e3a5-4395-89be-c7666aaafdf5,0,1,115fef36-0af1-4e88-b131-6558748e1699,true,downloadableSrc,200,image/webp,73474,73474,5c4216be72ce14eb82e1b9e1a8d24a10db78ef06d266aa99afb6a12d6c02afea,1179,2676,,,bytescale.mobbin.com,f7a1807c1ac98ccf0eecf5078d61346ac9a94ca37a547f5708d580528c9e55c0,/Users/user/mobbin-sides/screen-flows/revolut-business/014-revolut-business-cards-linked-a60d997a-df5d-45db-b624-180cddcc55b5/001-115fef36-0af1-4e88-b131-6558748e1699-downloadableSrc-5c4216be72ce.webp
a60d997a-df5d-45db-b624-180cddcc55b5,Cards linked,93ad9ceb-a163-41da-ba7a-9f07c737fc2a,Revolut Business,0c4c334c-e3a5-4395-89be-c7666aaafdf5,1,2,3f22b06f-6abd-4c82-a7ef-c320dede9d7a,true,downloadableSrc,200,image/webp,34746,34746,4d978bdf2dbb440cba5997d0864e132683cfc31f1729a5424c169177273056a1,1179,2676,,,bytescale.mobbin.com,f7a1807c1ac98ccf0eecf5078d61346ac9a94ca37a547f5708d580528c9e55c0,/Users/user/mobbin-sides/screen-flows/revolut-business/014-revolut-business-cards-linked-a60d997a-df5d-45db-b624-180cddcc55b5/002-3f22b06f-6abd-4c82-a7ef-c320dede9d7a-downloadableSrc-4d978bdf2dbb.webp
b6cdb764-d105-4e19-9f61-b8eecae47559,Filtering cards,93ad9ceb-a163-41da-ba7a-9f07c737fc2a,Revolut Business,0c4c334c-e3a5-4395-89be-c7666aaafdf5,0,1,3f22b06f-6abd-4c82-a7ef-c320dede9d7a,true,downloadableSrc,200,image/webp,34746,34746,4d978bdf2dbb440cba5997d0864e132683cfc31f1729a5424c169177273056a1,1179,2676,,,bytescale.mobbin.com,f7a1807c1ac98ccf0eecf5078d61346ac9a94ca37a547f5708d580528c9e55c0,/Users/user/mobbin-sides/screen-flows/revolut-business/015-revolut-business-filtering-cards-b6cdb764-d105-4e19-9f61-b8eecae47559/001-3f22b06f-6abd-4c82-a7ef-c320dede9d7a-downloadableSrc-4d978bdf2dbb.webp
b6cdb764-d105-4e19-9f61-b8eecae47559,Filtering cards,93ad9ceb-a163-41da-ba7a-9f07c737fc2a,Revolut Business,0c4c334c-e3a5-4395-89be-c7666aaafdf5,1,2,c9523379-3ae4-4f7a-8dc0-d6fa15b6a8e3,true,downloadableSrc,200,image/webp,40524,40524,4ad516cde692cf441413b2733ab8274018e9b3aa0b32b350467a3bf4dc0b2173,1179,2676,,,bytescale.mobbin.com,f7a1807c1ac98ccf0eecf5078d61346ac9a94ca37a547f5708d580528c9e55c0,/Users/user/mobbin-sides/screen-flows/revolut-business/015-revolut-business-filtering-cards-b6cdb764-d105-4e19-9f61-b8eecae47559/002-c9523379-3ae4-4f7a-8dc0-d6fa15b6a8e3-downloadableSrc-4ad516cde692.webp
b6cdb764-d105-4e19-9f61-b8eecae47559,Filtering cards,93ad9ceb-a163-41da-ba7a-9f07c737fc2a,Revolut Business,0c4c334c-e3a5-4395-89be-c7666aaafdf5,2,3,61a59c5f-f7af-446f-a07b-702ac2ed9a19,true,downloadableSrc,200,image/webp,47702,47702,a7c92d968c24b405f2424a3fb4ad9d478b68529003a824dac7b0719f63666909,1179,2676,,,bytescale.mobbin.com,f7a1807c1ac98ccf0eecf5078d61346ac9a94ca37a547f5708d580528c9e55c0,/Users/user/mobbin-sides/screen-flows/revolut-business/015-revolut-business-filtering-cards-b6cdb764-d105-4e19-9f61-b8eecae47559/003-61a59c5f-f7af-446f-a07b-702ac2ed9a19-downloadableSrc-a7c92d968c24.webp
b6cdb764-d105-4e19-9f61-b8eecae47559,Filtering cards,93ad9ceb-a163-41da-ba7a-9f07c737fc2a,Revolut Business,0c4c334c-e3a5-4395-89be-c7666aaafdf5,3,4,49f3b581-be43-4c97-a5ac-a3635dff86e4,true,downloadableSrc,200,image/webp,29522,29522,1495ae833ae491893bf432e9408e760d8e0f719ed3f4f55ac59ea9ccce2e8ce8,1179,2676,,,bytescale.mobbin.com,f7a1807c1ac98ccf0eecf5078d61346ac9a94ca37a547f5708d580528c9e55c0,/Users/user/mobbin-sides/screen-flows/revolut-business/015-revolut-business-filtering-cards-b6cdb764-d105-4e19-9f61-b8eecae47559/004-49f3b581-be43-4c97-a5ac-a3635dff86e4-downloadableSrc-1495ae833ae4.webp
415a8377-9835-43b1-bd5a-13b8686c1df5,Locking a card (account settings),93ad9ceb-a163-41da-ba7a-9f07c737fc2a,Revolut Business,0c4c334c-e3a5-4395-89be-c7666aaafdf5,0,1,3f22b06f-6abd-4c82-a7ef-c320dede9d7a,true,downloadableSrc,200,image/webp,34746,34746,4d978bdf2dbb440cba5997d0864e132683cfc31f1729a5424c169177273056a1,1179,2676,,,bytescale.mobbin.com,f7a1807c1ac98ccf0eecf5078d61346ac9a94ca37a547f5708d580528c9e55c0,/Users/user/mobbin-sides/screen-flows/revolut-business/016-revolut-business-locking-a-card-account-settings-415a8377-9835-43b1-bd5a-13b8686c1df5/001-3f22b06f-6abd-4c82-a7ef-c320dede9d7a-downloadableSrc-4d978bdf2dbb.webp
415a8377-9835-43b1-bd5a-13b8686c1df5,Locking a card (account settings),93ad9ceb-a163-41da-ba7a-9f07c737fc2a,Revolut Business,0c4c334c-e3a5-4395-89be-c7666aaafdf5,1,2,f768c850-670c-4423-905b-f0751af0dded,true,downloadableSrc,200,image/webp,34556,34556,cea75fe300ec17baf89ae655605fbcdb90c3d5bdc86c1fc489f8728202842303,1179,2676,,,bytescale.mobbin.com,f7a1807c1ac98ccf0eecf5078d61346ac9a94ca37a547f5708d580528c9e55c0,/Users/user/mobbin-sides/screen-flows/revolut-business/016-revolut-business-locking-a-card-account-settings-415a8377-9835-43b1-bd5a-13b8686c1df5/002-f768c850-670c-4423-905b-f0751af0dded-downloadableSrc-cea75fe300ec.webp
415a8377-9835-43b1-bd5a-13b8686c1df5,Locking a card (account settings),93ad9ceb-a163-41da-ba7a-9f07c737fc2a,Revolut Business,0c4c334c-e3a5-4395-89be-c7666aaafdf5,2,3,6aca5eb9-0825-46e1-bef9-e26f6fba1018,true,downloadableSrc,200,image/webp,37654,37654,fc9bcd89b2c7861dc9add3c35f776d23b0f081d8d80d5403ca9d5880aa7233f1,1179,2676,,,bytescale.mobbin.com,f7a1807c1ac98ccf0eecf5078d61346ac9a94ca37a547f5708d580528c9e55c0,/Users/user/mobbin-sides/screen-flows/revolut-business/016-revolut-business-locking-a-card-account-settings-415a8377-9835-43b1-bd5a-13b8686c1df5/003-6aca5eb9-0825-46e1-bef9-e26f6fba1018-downloadableSrc-fc9bcd89b2c7.webp
415a8377-9835-43b1-bd5a-13b8686c1df5,Locking a card (account settings),93ad9ceb-a163-41da-ba7a-9f07c737fc2a,Revolut Business,0c4c334c-e3a5-4395-89be-c7666aaafdf5,3,4,8c5abac4-c235-4ed0-b364-87e11cf8011b,true,downloadableSrc,200,image/webp,39490,39490,7a8c057e613bbd7cab1d0d967ea84fd6f8360e7dc0dfd4ca4001bbd1fff2cd66,1179,2676,,,bytescale.mobbin.com,f7a1807c1ac98ccf0eecf5078d61346ac9a94ca37a547f5708d580528c9e55c0,/Users/user/mobbin-sides/screen-flows/revolut-business/016-revolut-business-locking-a-card-account-settings-415a8377-9835-43b1-bd5a-13b8686c1df5/004-8c5abac4-c235-4ed0-b364-87e11cf8011b-downloadableSrc-7a8c057e613b.webp
415a8377-9835-43b1-bd5a-13b8686c1df5,Locking a card (account settings),93ad9ceb-a163-41da-ba7a-9f07c737fc2a,Revolut Business,0c4c334c-e3a5-4395-89be-c7666aaafdf5,4,5,1c10963f-2096-4354-9c8d-d9aabceb51e0,true,downloadableSrc,200,image/webp,36666,36666,ce3b73fc692baf1b85997e83761276049ed70427d48ca03b42ab533850b8a446,1179,2676,,,bytescale.mobbin.com,f7a1807c1ac98ccf0eecf5078d61346ac9a94ca37a547f5708d580528c9e55c0,/Users/user/mobbin-sides/screen-flows/revolut-business/016-revolut-business-locking-a-card-account-settings-415a8377-9835-43b1-bd5a-13b8686c1df5/005-1c10963f-2096-4354-9c8d-d9aabceb51e0-downloadableSrc-ce3b73fc692b.webp
2ca53cfc-af94-486a-9d6e-6aeeb6137c82,Setting an account as default,93ad9ceb-a163-41da-ba7a-9f07c737fc2a,Revolut Business,0c4c334c-e3a5-4395-89be-c7666aaafdf5,0,1,115fef36-0af1-4e88-b131-6558748e1699,true,downloadableSrc,200,image/webp,73474,73474,5c4216be72ce14eb82e1b9e1a8d24a10db78ef06d266aa99afb6a12d6c02afea,1179,2676,,,bytescale.mobbin.com,f7a1807c1ac98ccf0eecf5078d61346ac9a94ca37a547f5708d580528c9e55c0,/Users/user/mobbin-sides/screen-flows/revolut-business/017-revolut-business-setting-an-account-as-default-2ca53cfc-af94-486a-9d6e-6aeeb6137c82/001-115fef36-0af1-4e88-b131-6558748e1699-downloadableSrc-5c4216be72ce.webp
2ca53cfc-af94-486a-9d6e-6aeeb6137c82,Setting an account as default,93ad9ceb-a163-41da-ba7a-9f07c737fc2a,Revolut Business,0c4c334c-e3a5-4395-89be-c7666aaafdf5,1,2,06fc6986-8030-4b81-aa28-bc1e938de794,true,downloadableSrc,200,image/webp,82724,82724,4f37557932c5dfec5d9d7107648262f98ce60eeb976b09b2437303bcb0dc743e,1179,2676,,,bytescale.mobbin.com,f7a1807c1ac98ccf0eecf5078d61346ac9a94ca37a547f5708d580528c9e55c0,/Users/user/mobbin-sides/screen-flows/revolut-business/017-revolut-business-setting-an-account-as-default-2ca53cfc-af94-486a-9d6e-6aeeb6137c82/002-06fc6986-8030-4b81-aa28-bc1e938de794-downloadableSrc-4f37557932c5.webp
2ca53cfc-af94-486a-9d6e-6aeeb6137c82,Setting an account as default,93ad9ceb-a163-41da-ba7a-9f07c737fc2a,Revolut Business,0c4c334c-e3a5-4395-89be-c7666aaafdf5,2,3,48ce0afe-352e-49d0-80e1-5e21fff5c2fa,true,downloadableSrc,200,image/webp,53576,53576,4b9f49da5e2d116652fb059c7c01d816e864d6e7b0a630a5f39abd2543ca2c33,1179,2676,,,bytescale.mobbin.com,f7a1807c1ac98ccf0eecf5078d61346ac9a94ca37a547f5708d580528c9e55c0,/Users/user/mobbin-sides/screen-flows/revolut-business/017-revolut-business-setting-an-account-as-default-2ca53cfc-af94-486a-9d6e-6aeeb6137c82/003-48ce0afe-352e-49d0-80e1-5e21fff5c2fa-downloadableSrc-4b9f49da5e2d.webp
2ca53cfc-af94-486a-9d6e-6aeeb6137c82,Setting an account as default,93ad9ceb-a163-41da-ba7a-9f07c737fc2a,Revolut Business,0c4c334c-e3a5-4395-89be-c7666aaafdf5,3,4,d5870264-90bb-438c-8d37-c21e3e2503f4,true,downloadableSrc,200,image/webp,71762,71762,269bf4fe84d72949a1743d6d2665a9ee7b6aea4ede2349dd963302e46ea0ba14,1179,2676,,,bytescale.mobbin.com,f7a1807c1ac98ccf0eecf5078d61346ac9a94ca37a547f5708d580528c9e55c0,/Users/user/mobbin-sides/screen-flows/revolut-business/017-revolut-business-setting-an-account-as-default-2ca53cfc-af94-486a-9d6e-6aeeb6137c82/004-d5870264-90bb-438c-8d37-c21e3e2503f4-downloadableSrc-269bf4fe84d7.webp
5f274367-c877-4eb8-a720-3c1c47e46935,Deactivating an account,93ad9ceb-a163-41da-ba7a-9f07c737fc2a,Revolut Business,0c4c334c-e3a5-4395-89be-c7666aaafdf5,0,1,115fef36-0af1-4e88-b131-6558748e1699,true,downloadableSrc,200,image/webp,73474,73474,5c4216be72ce14eb82e1b9e1a8d24a10db78ef06d266aa99afb6a12d6c02afea,1179,2676,,,bytescale.mobbin.com,f7a1807c1ac98ccf0eecf5078d61346ac9a94ca37a547f5708d580528c9e55c0,/Users/user/mobbin-sides/screen-flows/revolut-business/018-revolut-business-deactivating-an-account-5f274367-c877-4eb8-a720-3c1c47e46935/001-115fef36-0af1-4e88-b131-6558748e1699-downloadableSrc-5c4216be72ce.webp
5f274367-c877-4eb8-a720-3c1c47e46935,Deactivating an account,93ad9ceb-a163-41da-ba7a-9f07c737fc2a,Revolut Business,0c4c334c-e3a5-4395-89be-c7666aaafdf5,1,2,a68a10f6-288c-45a5-9996-196e9657d73b,true,downloadableSrc,200,image/webp,89534,89534,adf5903286ddc8e47d9efaebcca674f2effbaac3bedceebb582cccb37bcacdc7,1179,2676,,,bytescale.mobbin.com,f7a1807c1ac98ccf0eecf5078d61346ac9a94ca37a547f5708d580528c9e55c0,/Users/user/mobbin-sides/screen-flows/revolut-business/018-revolut-business-deactivating-an-account-5f274367-c877-4eb8-a720-3c1c47e46935/002-a68a10f6-288c-45a5-9996-196e9657d73b-downloadableSrc-adf5903286dd.webp
5f274367-c877-4eb8-a720-3c1c47e46935,Deactivating an account,93ad9ceb-a163-41da-ba7a-9f07c737fc2a,Revolut Business,0c4c334c-e3a5-4395-89be-c7666aaafdf5,2,3,e6a41f7f-42bc-43fa-9f00-cd2f09e8388e,true,downloadableSrc,200,image/webp,49424,49424,6f2be846a34d50f1a33e94e0a1582fcd77302713e60cad45228f2341ba9afef4,1179,2676,,,bytescale.mobbin.com,f7a1807c1ac98ccf0eecf5078d61346ac9a94ca37a547f5708d580528c9e55c0,/Users/user/mobbin-sides/screen-flows/revolut-business/018-revolut-business-deactivating-an-account-5f274367-c877-4eb8-a720-3c1c47e46935/003-e6a41f7f-42bc-43fa-9f00-cd2f09e8388e-downloadableSrc-6f2be846a34d.webp
a1bd941d-31e5-419c-9532-24e9db9c6431,Closing an account,93ad9ceb-a163-41da-ba7a-9f07c737fc2a,Revolut Business,0c4c334c-e3a5-4395-89be-c7666aaafdf5,0,1,115fef36-0af1-4e88-b131-6558748e1699,true,downloadableSrc,200,image/webp,73474,73474,5c4216be72ce14eb82e1b9e1a8d24a10db78ef06d266aa99afb6a12d6c02afea,1179,2676,,,bytescale.mobbin.com,f7a1807c1ac98ccf0eecf5078d61346ac9a94ca37a547f5708d580528c9e55c0,/Users/user/mobbin-sides/screen-flows/revolut-business/019-revolut-business-closing-an-account-a1bd941d-31e5-419c-9532-24e9db9c6431/001-115fef36-0af1-4e88-b131-6558748e1699-downloadableSrc-5c4216be72ce.webp
a1bd941d-31e5-419c-9532-24e9db9c6431,Closing an account,93ad9ceb-a163-41da-ba7a-9f07c737fc2a,Revolut Business,0c4c334c-e3a5-4395-89be-c7666aaafdf5,1,2,2452bd08-909b-48a2-95b7-b9ba442ed5d6,true,downloadableSrc,200,image/webp,66144,66144,363f924bc0064594698247c4444fffe1b0c4acbe7301857ab8319b654bae7a30,1179,2676,,,bytescale.mobbin.com,f7a1807c1ac98ccf0eecf5078d61346ac9a94ca37a547f5708d580528c9e55c0,/Users/user/mobbin-sides/screen-flows/revolut-business/019-revolut-business-closing-an-account-a1bd941d-31e5-419c-9532-24e9db9c6431/002-2452bd08-909b-48a2-95b7-b9ba442ed5d6-downloadableSrc-363f924bc006.webp
a1bd941d-31e5-419c-9532-24e9db9c6431,Closing an account,93ad9ceb-a163-41da-ba7a-9f07c737fc2a,Revolut Business,0c4c334c-e3a5-4395-89be-c7666aaafdf5,2,3,6f7d1ac0-879a-419c-860b-08c5081f42fe,true,downloadableSrc,200,image/webp,49166,49166,1e8b5b96e5ffd63c528631b52b466c90d309da3c9ddcab0a9aef58e3a1f2e76a,1179,2676,,,bytescale.mobbin.com,f7a1807c1ac98ccf0eecf5078d61346ac9a94ca37a547f5708d580528c9e55c0,/Users/user/mobbin-sides/screen-flows/revolut-business/019-revolut-business-closing-an-account-a1bd941d-31e5-419c-9532-24e9db9c6431/003-6f7d1ac0-879a-419c-860b-08c5081f42fe-downloadableSrc-1e8b5b96e5ff.webp
c4f3135f-15ba-4fe7-9b34-38753d342e2c,Chatting with support team,93ad9ceb-a163-41da-ba7a-9f07c737fc2a,Revolut Business,0c4c334c-e3a5-4395-89be-c7666aaafdf5,0,1,81f46747-c3c1-4336-8308-24783ac78286,true,downloadableSrc,200,image/webp,90672,90672,0998cca0d6ab0be11af2049b7da4cf7e82228d6f1b3e8f4bd5d63ae17aad7af3,1179,2676,,,bytescale.mobbin.com,f7a1807c1ac98ccf0eecf5078d61346ac9a94ca37a547f5708d580528c9e55c0,/Users/user/mobbin-sides/screen-flows/revolut-business/020-revolut-business-chatting-with-support-team-c4f3135f-15ba-4fe7-9b34-38753d342e2c/001-81f46747-c3c1-4336-8308-24783ac78286-downloadableSrc-0998cca0d6ab.webp
c4f3135f-15ba-4fe7-9b34-38753d342e2c,Chatting with support team,93ad9ceb-a163-41da-ba7a-9f07c737fc2a,Revolut Business,0c4c334c-e3a5-4395-89be-c7666aaafdf5,1,2,61c9c140-7060-45e0-a7d5-77b41a8930ad,true,downloadableSrc,200,image/webp,120484,120484,42e081fe22145c85c7b672d1e93911f81414048ae5cbb385716ecebe39f7c7b3,1179,2676,,,bytescale.mobbin.com,f7a1807c1ac98ccf0eecf5078d61346ac9a94ca37a547f5708d580528c9e55c0,/Users/user/mobbin-sides/screen-flows/revolut-business/020-revolut-business-chatting-with-support-team-c4f3135f-15ba-4fe7-9b34-38753d342e2c/002-61c9c140-7060-45e0-a7d5-77b41a8930ad-downloadableSrc-42e081fe2214.webp
c4f3135f-15ba-4fe7-9b34-38753d342e2c,Chatting with support team,93ad9ceb-a163-41da-ba7a-9f07c737fc2a,Revolut Business,0c4c334c-e3a5-4395-89be-c7666aaafdf5,2,3,3becd9c6-c512-4fc6-96da-f54e6c99ebac,true,downloadableSrc,200,image/webp,47744,47744,dbb4f1f4a2b69f2c4c832cafd39cc3d8173ce041b0f6052d5f777eba6b011724,1179,2676,,,bytescale.mobbin.com,f7a1807c1ac98ccf0eecf5078d61346ac9a94ca37a547f5708d580528c9e55c0,/Users/user/mobbin-sides/screen-flows/revolut-business/020-revolut-business-chatting-with-support-team-c4f3135f-15ba-4fe7-9b34-38753d342e2c/003-3becd9c6-c512-4fc6-96da-f54e6c99ebac-downloadableSrc-dbb4f1f4a2b6.webp
c4f3135f-15ba-4fe7-9b34-38753d342e2c,Chatting with support team,93ad9ceb-a163-41da-ba7a-9f07c737fc2a,Revolut Business,0c4c334c-e3a5-4395-89be-c7666aaafdf5,3,4,320a330f-abf0-4bdf-8a3b-50c5df4f4fb8,true,downloadableSrc,200,image/webp,50952,50952,f999134d74bf8f992de70cb6b1aabcfd2c955a9dcca83f9aa288c1fec0769972,1179,2676,,,bytescale.mobbin.com,f7a1807c1ac98ccf0eecf5078d61346ac9a94ca37a547f5708d580528c9e55c0,/Users/user/mobbin-sides/screen-flows/revolut-business/020-revolut-business-chatting-with-support-team-c4f3135f-15ba-4fe7-9b34-38753d342e2c/004-320a330f-abf0-4bdf-8a3b-50c5df4f4fb8-downloadableSrc-f999134d74bf.webp
c4f3135f-15ba-4fe7-9b34-38753d342e2c,Chatting with support team,93ad9ceb-a163-41da-ba7a-9f07c737fc2a,Revolut Business,0c4c334c-e3a5-4395-89be-c7666aaafdf5,4,5,1b25288c-71bd-4fb7-9f97-1d4cb8bae417,true,downloadableSrc,200,image/webp,55178,55178,c48b0a9306e3f1a7a66bef9d894d32dc3e8f78f8dd19928c448aa7901a143e27,1179,2676,,,bytescale.mobbin.com,f7a1807c1ac98ccf0eecf5078d61346ac9a94ca37a547f5708d580528c9e55c0,/Users/user/mobbin-sides/screen-flows/revolut-business/020-revolut-business-chatting-with-support-team-c4f3135f-15ba-4fe7-9b34-38753d342e2c/005-1b25288c-71bd-4fb7-9f97-1d4cb8bae417-downloadableSrc-c48b0a9306e3.webp
7ce7e582-1cac-4ae8-a79e-bd106288820b,Transactions,93ad9ceb-a163-41da-ba7a-9f07c737fc2a,Revolut Business,0c4c334c-e3a5-4395-89be-c7666aaafdf5,0,1,41c74abd-3820-4130-b6b9-b08b7a5a77f4,true,downloadableSrc,200,image/webp,69172,69172,95804bd4da41cc8ef4e7f489c9c562c1290174138f49bc325c6c4a5423685887,1179,2676,,,bytescale.mobbin.com,f7a1807c1ac98ccf0eecf5078d61346ac9a94ca37a547f5708d580528c9e55c0,/Users/user/mobbin-sides/screen-flows/revolut-business/021-revolut-business-transactions-7ce7e582-1cac-4ae8-a79e-bd106288820b/001-41c74abd-3820-4130-b6b9-b08b7a5a77f4-downloadableSrc-95804bd4da41.webp
7ce7e582-1cac-4ae8-a79e-bd106288820b,Transactions,93ad9ceb-a163-41da-ba7a-9f07c737fc2a,Revolut Business,0c4c334c-e3a5-4395-89be-c7666aaafdf5,1,2,d270e223-1101-46d7-b470-a5fd190ade0d,true,downloadableSrc,200,image/webp,65512,65512,a71f49249cac0a5762096f44334a6a0826486a6e64a9a27812fd273e7e891f86,1179,2676,,,bytescale.mobbin.com,f7a1807c1ac98ccf0eecf5078d61346ac9a94ca37a547f5708d580528c9e55c0,/Users/user/mobbin-sides/screen-flows/revolut-business/021-revolut-business-transactions-7ce7e582-1cac-4ae8-a79e-bd106288820b/002-d270e223-1101-46d7-b470-a5fd190ade0d-downloadableSrc-a71f49249cac.webp
7ce7e582-1cac-4ae8-a79e-bd106288820b,Transactions,93ad9ceb-a163-41da-ba7a-9f07c737fc2a,Revolut Business,0c4c334c-e3a5-4395-89be-c7666aaafdf5,2,3,eed097d8-4939-4f5e-b6d0-0033da9fa4d2,true,downloadableSrc,200,image/webp,77034,77034,7d576369bcfd627bff738d591ca4d04d1cdf8553ea762fd7bba9a0502bcd2810,1179,2676,,,bytescale.mobbin.com,f7a1807c1ac98ccf0eecf5078d61346ac9a94ca37a547f5708d580528c9e55c0,/Users/user/mobbin-sides/screen-flows/revolut-business/021-revolut-business-transactions-7ce7e582-1cac-4ae8-a79e-bd106288820b/003-eed097d8-4939-4f5e-b6d0-0033da9fa4d2-downloadableSrc-7d576369bcfd.webp
7ce7e582-1cac-4ae8-a79e-bd106288820b,Transactions,93ad9ceb-a163-41da-ba7a-9f07c737fc2a,Revolut Business,0c4c334c-e3a5-4395-89be-c7666aaafdf5,3,4,69caef5f-b45f-4b96-ae8b-f31c47003e26,true,downloadableSrc,200,image/webp,67238,67238,e7f2e3b84461399a4db695901109419d3e0b5087891698b507c42bfd920d7f4c,1179,2676,,,bytescale.mobbin.com,f7a1807c1ac98ccf0eecf5078d61346ac9a94ca37a547f5708d580528c9e55c0,/Users/user/mobbin-sides/screen-flows/revolut-business/021-revolut-business-transactions-7ce7e582-1cac-4ae8-a79e-bd106288820b/004-69caef5f-b45f-4b96-ae8b-f31c47003e26-downloadableSrc-e7f2e3b84461.webp
73f50730-2d84-49dd-b707-b3c9395367b3,Transaction detail (transactions),93ad9ceb-a163-41da-ba7a-9f07c737fc2a,Revolut Business,0c4c334c-e3a5-4395-89be-c7666aaafdf5,0,1,d270e223-1101-46d7-b470-a5fd190ade0d,true,downloadableSrc,200,image/webp,65512,65512,a71f49249cac0a5762096f44334a6a0826486a6e64a9a27812fd273e7e891f86,1179,2676,,,bytescale.mobbin.com,f7a1807c1ac98ccf0eecf5078d61346ac9a94ca37a547f5708d580528c9e55c0,/Users/user/mobbin-sides/screen-flows/revolut-business/022-revolut-business-transaction-detail-transactions-73f50730-2d84-49dd-b707-b3c9395367b3/001-d270e223-1101-46d7-b470-a5fd190ade0d-downloadableSrc-a71f49249cac.webp
73f50730-2d84-49dd-b707-b3c9395367b3,Transaction detail (transactions),93ad9ceb-a163-41da-ba7a-9f07c737fc2a,Revolut Business,0c4c334c-e3a5-4395-89be-c7666aaafdf5,1,2,6ea0ff7b-0de7-46d6-8533-6a6fad441b9d,true,downloadableSrc,200,image/webp,56042,56042,f36bc526c2479e8c5853ad1babb9ceb05c20f9f44811b8353ecf0a79979744c8,1179,2676,,,bytescale.mobbin.com,f7a1807c1ac98ccf0eecf5078d61346ac9a94ca37a547f5708d580528c9e55c0,/Users/user/mobbin-sides/screen-flows/revolut-business/022-revolut-business-transaction-detail-transactions-73f50730-2d84-49dd-b707-b3c9395367b3/002-6ea0ff7b-0de7-46d6-8533-6a6fad441b9d-downloadableSrc-f36bc526c247.webp
07361a95-bcfc-4d45-96ee-4e8b9b0b5817,Searching transactions,93ad9ceb-a163-41da-ba7a-9f07c737fc2a,Revolut Business,0c4c334c-e3a5-4395-89be-c7666aaafdf5,0,1,eed097d8-4939-4f5e-b6d0-0033da9fa4d2,true,downloadableSrc,200,image/webp,77034,77034,7d576369bcfd627bff738d591ca4d04d1cdf8553ea762fd7bba9a0502bcd2810,1179,2676,,,bytescale.mobbin.com,f7a1807c1ac98ccf0eecf5078d61346ac9a94ca37a547f5708d580528c9e55c0,/Users/user/mobbin-sides/screen-flows/revolut-business/023-revolut-business-searching-transactions-07361a95-bcfc-4d45-96ee-4e8b9b0b5817/001-eed097d8-4939-4f5e-b6d0-0033da9fa4d2-downloadableSrc-7d576369bcfd.webp
07361a95-bcfc-4d45-96ee-4e8b9b0b5817,Searching transactions,93ad9ceb-a163-41da-ba7a-9f07c737fc2a,Revolut Business,0c4c334c-e3a5-4395-89be-c7666aaafdf5,1,2,52ede146-a46a-46aa-954a-23290f455865,true,downloadableSrc,200,image/webp,29078,29078,4ccf540ec683682cfb420f422e389c7405874c10a23094a9c6d7b1fd55537d05,1179,2676,,,bytescale.mobbin.com,f7a1807c1ac98ccf0eecf5078d61346ac9a94ca37a547f5708d580528c9e55c0,/Users/user/mobbin-sides/screen-flows/revolut-business/023-revolut-business-searching-transactions-07361a95-bcfc-4d45-96ee-4e8b9b0b5817/002-52ede146-a46a-46aa-954a-23290f455865-downloadableSrc-4ccf540ec683.webp
07361a95-bcfc-4d45-96ee-4e8b9b0b5817,Searching transactions,93ad9ceb-a163-41da-ba7a-9f07c737fc2a,Revolut Business,0c4c334c-e3a5-4395-89be-c7666aaafdf5,2,3,5c2cf648-c07d-4184-8c12-be927774b111,true,downloadableSrc,200,image/webp,40968,40968,6be50d9cf069ba604d449497a968a502f011d60254dd4c7c6007c12169639fb3,1179,2676,,,bytescale.mobbin.com,f7a1807c1ac98ccf0eecf5078d61346ac9a94ca37a547f5708d580528c9e55c0,/Users/user/mobbin-sides/screen-flows/revolut-business/023-revolut-business-searching-transactions-07361a95-bcfc-4d45-96ee-4e8b9b0b5817/003-5c2cf648-c07d-4184-8c12-be927774b111-downloadableSrc-6be50d9cf069.webp
0f09b87d-20c7-4ef8-83b2-c7dc4db51f8f,Adding a widget,93ad9ceb-a163-41da-ba7a-9f07c737fc2a,Revolut Business,0c4c334c-e3a5-4395-89be-c7666aaafdf5,0,1,41c74abd-3820-4130-b6b9-b08b7a5a77f4,true,downloadableSrc,200,image/webp,69172,69172,95804bd4da41cc8ef4e7f489c9c562c1290174138f49bc325c6c4a5423685887,1179,2676,,,bytescale.mobbin.com,f7a1807c1ac98ccf0eecf5078d61346ac9a94ca37a547f5708d580528c9e55c0,/Users/user/mobbin-sides/screen-flows/revolut-business/024-revolut-business-adding-a-widget-0f09b87d-20c7-4ef8-83b2-c7dc4db51f8f/001-41c74abd-3820-4130-b6b9-b08b7a5a77f4-downloadableSrc-95804bd4da41.webp
0f09b87d-20c7-4ef8-83b2-c7dc4db51f8f,Adding a widget,93ad9ceb-a163-41da-ba7a-9f07c737fc2a,Revolut Business,0c4c334c-e3a5-4395-89be-c7666aaafdf5,1,2,f2bb548b-24d9-4e89-934d-cc25474b41de,true,downloadableSrc,200,image/webp,50688,50688,72257053cd452532bb51e48da187de29a4404ef3d194dd2182806dc7c31657bf,1179,2676,,,bytescale.mobbin.com,f7a1807c1ac98ccf0eecf5078d61346ac9a94ca37a547f5708d580528c9e55c0,/Users/user/mobbin-sides/screen-flows/revolut-business/024-revolut-business-adding-a-widget-0f09b87d-20c7-4ef8-83b2-c7dc4db51f8f/002-f2bb548b-24d9-4e89-934d-cc25474b41de-downloadableSrc-72257053cd45.webp
0f09b87d-20c7-4ef8-83b2-c7dc4db51f8f,Adding a widget,93ad9ceb-a163-41da-ba7a-9f07c737fc2a,Revolut Business,0c4c334c-e3a5-4395-89be-c7666aaafdf5,2,3,8b96562c-c238-4837-81e4-94e9f21dbd64,true,downloadableSrc,200,image/webp,31410,31410,e8cafb30947d6fe35c72f7971e3daf882582de6e7a7fea7b6102feafdc2c15a4,1179,2676,,,bytescale.mobbin.com,f7a1807c1ac98ccf0eecf5078d61346ac9a94ca37a547f5708d580528c9e55c0,/Users/user/mobbin-sides/screen-flows/revolut-business/024-revolut-business-adding-a-widget-0f09b87d-20c7-4ef8-83b2-c7dc4db51f8f/003-8b96562c-c238-4837-81e4-94e9f21dbd64-downloadableSrc-e8cafb30947d.webp
0f09b87d-20c7-4ef8-83b2-c7dc4db51f8f,Adding a widget,93ad9ceb-a163-41da-ba7a-9f07c737fc2a,Revolut Business,0c4c334c-e3a5-4395-89be-c7666aaafdf5,3,4,1732767e-d630-4ad2-a6c3-1bf7b45caf63,true,downloadableSrc,200,image/webp,33240,33240,83d2f8def028a034bff1e0668bd4326b1ca128b9535aaa20b0e6337854c5b5c7,1179,2676,,,bytescale.mobbin.com,f7a1807c1ac98ccf0eecf5078d61346ac9a94ca37a547f5708d580528c9e55c0,/Users/user/mobbin-sides/screen-flows/revolut-business/024-revolut-business-adding-a-widget-0f09b87d-20c7-4ef8-83b2-c7dc4db51f8f/004-1732767e-d630-4ad2-a6c3-1bf7b45caf63-downloadableSrc-83d2f8def028.webp
0f09b87d-20c7-4ef8-83b2-c7dc4db51f8f,Adding a widget,93ad9ceb-a163-41da-ba7a-9f07c737fc2a,Revolut Business,0c4c334c-e3a5-4395-89be-c7666aaafdf5,4,5,7b451837-103e-44be-9d06-4ffa97f48f4e,true,downloadableSrc,200,image/webp,72554,72554,ef6fce60683628ee899ead952cb71a05bc3cdd344413354b5705bdceabe316b6,1179,2676,,,bytescale.mobbin.com,f7a1807c1ac98ccf0eecf5078d61346ac9a94ca37a547f5708d580528c9e55c0,/Users/user/mobbin-sides/screen-flows/revolut-business/024-revolut-business-adding-a-widget-0f09b87d-20c7-4ef8-83b2-c7dc4db51f8f/005-7b451837-103e-44be-9d06-4ffa97f48f4e-downloadableSrc-ef6fce606836.webp
8625db6a-b9d2-4023-bcc6-488c8f75bf26,Removing a widget,93ad9ceb-a163-41da-ba7a-9f07c737fc2a,Revolut Business,0c4c334c-e3a5-4395-89be-c7666aaafdf5,0,1,7b451837-103e-44be-9d06-4ffa97f48f4e,true,downloadableSrc,200,image/webp,72554,72554,ef6fce60683628ee899ead952cb71a05bc3cdd344413354b5705bdceabe316b6,1179,2676,,,bytescale.mobbin.com,f7a1807c1ac98ccf0eecf5078d61346ac9a94ca37a547f5708d580528c9e55c0,/Users/user/mobbin-sides/screen-flows/revolut-business/025-revolut-business-removing-a-widget-8625db6a-b9d2-4023-bcc6-488c8f75bf26/001-7b451837-103e-44be-9d06-4ffa97f48f4e-downloadableSrc-ef6fce606836.webp
8625db6a-b9d2-4023-bcc6-488c8f75bf26,Removing a widget,93ad9ceb-a163-41da-ba7a-9f07c737fc2a,Revolut Business,0c4c334c-e3a5-4395-89be-c7666aaafdf5,1,2,84810c1f-cedb-4cae-ac19-1d875eacb7ce,true,downloadableSrc,200,image/webp,69584,69584,8f2cf0c8cdd45d406d8a1afefce684ec780f2a1637b4b8b861c1b095a3c0f1da,1179,2676,,,bytescale.mobbin.com,f7a1807c1ac98ccf0eecf5078d61346ac9a94ca37a547f5708d580528c9e55c0,/Users/user/mobbin-sides/screen-flows/revolut-business/025-revolut-business-removing-a-widget-8625db6a-b9d2-4023-bcc6-488c8f75bf26/002-84810c1f-cedb-4cae-ac19-1d875eacb7ce-downloadableSrc-8f2cf0c8cdd4.webp
8625db6a-b9d2-4023-bcc6-488c8f75bf26,Removing a widget,93ad9ceb-a163-41da-ba7a-9f07c737fc2a,Revolut Business,0c4c334c-e3a5-4395-89be-c7666aaafdf5,2,3,41c74abd-3820-4130-b6b9-b08b7a5a77f4,true,downloadableSrc,200,image/webp,69172,69172,95804bd4da41cc8ef4e7f489c9c562c1290174138f49bc325c6c4a5423685887,1179,2676,,,bytescale.mobbin.com,f7a1807c1ac98ccf0eecf5078d61346ac9a94ca37a547f5708d580528c9e55c0,/Users/user/mobbin-sides/screen-flows/revolut-business/025-revolut-business-removing-a-widget-8625db6a-b9d2-4023-bcc6-488c8f75bf26/003-41c74abd-3820-4130-b6b9-b08b7a5a77f4-downloadableSrc-95804bd4da41.webp
a9022358-ed03-4362-ac1f-c45738fd6501,Analytics,93ad9ceb-a163-41da-ba7a-9f07c737fc2a,Revolut Business,0c4c334c-e3a5-4395-89be-c7666aaafdf5,0,1,ebcd98d5-f535-45e3-b6ca-663c000a4d23,true,downloadableSrc,200,image/webp,71838,71838,01b66bbc2a361dccedaea295781d9b236791a6f2ab2eaac9dd95613385649798,1179,2676,,,bytescale.mobbin.com,f7a1807c1ac98ccf0eecf5078d61346ac9a94ca37a547f5708d580528c9e55c0,/Users/user/mobbin-sides/screen-flows/revolut-business/026-revolut-business-analytics-a9022358-ed03-4362-ac1f-c45738fd6501/001-ebcd98d5-f535-45e3-b6ca-663c000a4d23-downloadableSrc-01b66bbc2a36.webp
a9022358-ed03-4362-ac1f-c45738fd6501,Analytics,93ad9ceb-a163-41da-ba7a-9f07c737fc2a,Revolut Business,0c4c334c-e3a5-4395-89be-c7666aaafdf5,1,2,4ffaf798-52c6-40f4-80ef-eda7dc8d85d9,true,downloadableSrc,200,image/webp,50770,50770,a88d2a8dd2fac87a9ff31202823a5c2495d8a80b53fb514d49484827ef37a0b8,1179,2676,,,bytescale.mobbin.com,f7a1807c1ac98ccf0eecf5078d61346ac9a94ca37a547f5708d580528c9e55c0,/Users/user/mobbin-sides/screen-flows/revolut-business/026-revolut-business-analytics-a9022358-ed03-4362-ac1f-c45738fd6501/002-4ffaf798-52c6-40f4-80ef-eda7dc8d85d9-downloadableSrc-a88d2a8dd2fa.webp
a9022358-ed03-4362-ac1f-c45738fd6501,Analytics,93ad9ceb-a163-41da-ba7a-9f07c737fc2a,Revolut Business,0c4c334c-e3a5-4395-89be-c7666aaafdf5,2,3,575fa52d-b28a-4293-81e6-48c1970c744c,true,downloadableSrc,200,image/webp,52280,52280,99b23b026b42626d98ea325f85c34ff3a3147ea8663f8b85a89ab5eb614e0911,1179,2676,,,bytescale.mobbin.com,f7a1807c1ac98ccf0eecf5078d61346ac9a94ca37a547f5708d580528c9e55c0,/Users/user/mobbin-sides/screen-flows/revolut-business/026-revolut-business-analytics-a9022358-ed03-4362-ac1f-c45738fd6501/003-575fa52d-b28a-4293-81e6-48c1970c744c-downloadableSrc-99b23b026b42.webp
a9022358-ed03-4362-ac1f-c45738fd6501,Analytics,93ad9ceb-a163-41da-ba7a-9f07c737fc2a,Revolut Business,0c4c334c-e3a5-4395-89be-c7666aaafdf5,3,4,eed846b2-56b7-42e3-b521-07b6e73fc006,true,downloadableSrc,200,image/webp,53494,53494,ddf78f4d52a5431580ed4107db79216d6209a3cdbb0e045c0a59ac5b5ef74e34,1179,2676,,,bytescale.mobbin.com,f7a1807c1ac98ccf0eecf5078d61346ac9a94ca37a547f5708d580528c9e55c0,/Users/user/mobbin-sides/screen-flows/revolut-business/026-revolut-business-analytics-a9022358-ed03-4362-ac1f-c45738fd6501/004-eed846b2-56b7-42e3-b521-07b6e73fc006-downloadableSrc-ddf78f4d52a5.webp
a9022358-ed03-4362-ac1f-c45738fd6501,Analytics,93ad9ceb-a163-41da-ba7a-9f07c737fc2a,Revolut Business,0c4c334c-e3a5-4395-89be-c7666aaafdf5,4,5,5c7dc9dc-0dbc-4b23-a895-fb625071742a,true,downloadableSrc,200,image/webp,42090,42090,3cd814a515618149e0057f90ea4f2eba7de6bf85da2fbbffffd32e70d2755058,1179,2676,,,bytescale.mobbin.com,f7a1807c1ac98ccf0eecf5078d61346ac9a94ca37a547f5708d580528c9e55c0,/Users/user/mobbin-sides/screen-flows/revolut-business/026-revolut-business-analytics-a9022358-ed03-4362-ac1f-c45738fd6501/005-5c7dc9dc-0dbc-4b23-a895-fb625071742a-downloadableSrc-3cd814a51561.webp
60e5b9ed-0e34-4df7-a2f6-cd7c361ada74,Analytics detail,93ad9ceb-a163-41da-ba7a-9f07c737fc2a,Revolut Business,0c4c334c-e3a5-4395-89be-c7666aaafdf5,0,1,4ffaf798-52c6-40f4-80ef-eda7dc8d85d9,true,downloadableSrc,200,image/webp,50770,50770,a88d2a8dd2fac87a9ff31202823a5c2495d8a80b53fb514d49484827ef37a0b8,1179,2676,,,bytescale.mobbin.com,f7a1807c1ac98ccf0eecf5078d61346ac9a94ca37a547f5708d580528c9e55c0,/Users/user/mobbin-sides/screen-flows/revolut-business/027-revolut-business-analytics-detail-60e5b9ed-0e34-4df7-a2f6-cd7c361ada74/001-4ffaf798-52c6-40f4-80ef-eda7dc8d85d9-downloadableSrc-a88d2a8dd2fa.webp
60e5b9ed-0e34-4df7-a2f6-cd7c361ada74,Analytics detail,93ad9ceb-a163-41da-ba7a-9f07c737fc2a,Revolut Business,0c4c334c-e3a5-4395-89be-c7666aaafdf5,1,2,66fbb31a-0367-4c14-bdd9-d76ad9a2f79d,true,downloadableSrc,200,image/webp,42558,42558,14d3942095d0ba0b083a121c75a35efea4323ef85eac17541d92f0f8321a4133,1179,2676,,,bytescale.mobbin.com,f7a1807c1ac98ccf0eecf5078d61346ac9a94ca37a547f5708d580528c9e55c0,/Users/user/mobbin-sides/screen-flows/revolut-business/027-revolut-business-analytics-detail-60e5b9ed-0e34-4df7-a2f6-cd7c361ada74/002-66fbb31a-0367-4c14-bdd9-d76ad9a2f79d-downloadableSrc-14d3942095d0.webp
f546addd-d31d-44aa-81fa-4a2328ed4387,Filtering analytics,93ad9ceb-a163-41da-ba7a-9f07c737fc2a,Revolut Business,0c4c334c-e3a5-4395-89be-c7666aaafdf5,0,1,4ffaf798-52c6-40f4-80ef-eda7dc8d85d9,true,downloadableSrc,200,image/webp,50770,50770,a88d2a8dd2fac87a9ff31202823a5c2495d8a80b53fb514d49484827ef37a0b8,1179,2676,,,bytescale.mobbin.com,f7a1807c1ac98ccf0eecf5078d61346ac9a94ca37a547f5708d580528c9e55c0,/Users/user/mobbin-sides/screen-flows/revolut-business/028-revolut-business-filtering-analytics-f546addd-d31d-44aa-81fa-4a2328ed4387/001-4ffaf798-52c6-40f4-80ef-eda7dc8d85d9-downloadableSrc-a88d2a8dd2fa.webp
f546addd-d31d-44aa-81fa-4a2328ed4387,Filtering analytics,93ad9ceb-a163-41da-ba7a-9f07c737fc2a,Revolut Business,0c4c334c-e3a5-4395-89be-c7666aaafdf5,1,2,dab4f443-12ab-447c-be0b-f24a31fc7c0f,true,downloadableSrc,200,image/webp,50640,50640,4c12209cc83734c0d39a2cc96e8e8a56dceae6f610173286b19f39cec874648f,1179,2676,,,bytescale.mobbin.com,f7a1807c1ac98ccf0eecf5078d61346ac9a94ca37a547f5708d580528c9e55c0,/Users/user/mobbin-sides/screen-flows/revolut-business/028-revolut-business-filtering-analytics-f546addd-d31d-44aa-81fa-4a2328ed4387/002-dab4f443-12ab-447c-be0b-f24a31fc7c0f-downloadableSrc-4c12209cc837.webp
f546addd-d31d-44aa-81fa-4a2328ed4387,Filtering analytics,93ad9ceb-a163-41da-ba7a-9f07c737fc2a,Revolut Business,0c4c334c-e3a5-4395-89be-c7666aaafdf5,2,3,e6fa9213-101f-417e-8e9a-9d75992f638a,true,downloadableSrc,200,image/webp,67044,67044,d26a68364053cff53ad7fa75ae68a85dcd2d54d4197fa7f606e59439be9224da,1179,2676,,,bytescale.mobbin.com,f7a1807c1ac98ccf0eecf5078d61346ac9a94ca37a547f5708d580528c9e55c0,/Users/user/mobbin-sides/screen-flows/revolut-business/028-revolut-business-filtering-analytics-f546addd-d31d-44aa-81fa-4a2328ed4387/003-e6fa9213-101f-417e-8e9a-9d75992f638a-downloadableSrc-d26a68364053.webp
f546addd-d31d-44aa-81fa-4a2328ed4387,Filtering analytics,93ad9ceb-a163-41da-ba7a-9f07c737fc2a,Revolut Business,0c4c334c-e3a5-4395-89be-c7666aaafdf5,3,4,59c3dbca-dca1-43f8-8b91-6197bdd1824f,true,downloadableSrc,200,image/webp,46978,46978,fb18e572d9aecae7ea615e1086ae6c259f0d3e0f9024a903f2eb9f6f7facaac5,1179,2676,,,bytescale.mobbin.com,f7a1807c1ac98ccf0eecf5078d61346ac9a94ca37a547f5708d580528c9e55c0,/Users/user/mobbin-sides/screen-flows/revolut-business/028-revolut-business-filtering-analytics-f546addd-d31d-44aa-81fa-4a2328ed4387/004-59c3dbca-dca1-43f8-8b91-6197bdd1824f-downloadableSrc-fb18e572d9ae.webp
f546addd-d31d-44aa-81fa-4a2328ed4387,Filtering analytics,93ad9ceb-a163-41da-ba7a-9f07c737fc2a,Revolut Business,0c4c334c-e3a5-4395-89be-c7666aaafdf5,4,5,ddf0724c-984c-48c8-8ee7-37ae2043542c,true,downloadableSrc,200,image/webp,49914,49914,a864072564a8076a03931d4ba30a4a036b745bca7dcf597c1d004dd2ae1e931a,1179,2676,,,bytescale.mobbin.com,f7a1807c1ac98ccf0eecf5078d61346ac9a94ca37a547f5708d580528c9e55c0,/Users/user/mobbin-sides/screen-flows/revolut-business/028-revolut-business-filtering-analytics-f546addd-d31d-44aa-81fa-4a2328ed4387/005-ddf0724c-984c-48c8-8ee7-37ae2043542c-downloadableSrc-a864072564a8.webp
f546addd-d31d-44aa-81fa-4a2328ed4387,Filtering analytics,93ad9ceb-a163-41da-ba7a-9f07c737fc2a,Revolut Business,0c4c334c-e3a5-4395-89be-c7666aaafdf5,5,6,1b9a4166-6628-49f2-ac4c-fbeeb021185d,true,downloadableSrc,200,image/webp,59668,59668,853182ee3929874fed5389190f34017cf4b2a6c1a036f417ce8d6aa2fb45f35c,1179,2676,,,bytescale.mobbin.com,f7a1807c1ac98ccf0eecf5078d61346ac9a94ca37a547f5708d580528c9e55c0,/Users/user/mobbin-sides/screen-flows/revolut-business/028-revolut-business-filtering-analytics-f546addd-d31d-44aa-81fa-4a2328ed4387/006-1b9a4166-6628-49f2-ac4c-fbeeb021185d-downloadableSrc-853182ee3929.webp
f546addd-d31d-44aa-81fa-4a2328ed4387,Filtering analytics,93ad9ceb-a163-41da-ba7a-9f07c737fc2a,Revolut Business,0c4c334c-e3a5-4395-89be-c7666aaafdf5,6,7,0559cf9d-0b59-4600-acc5-bc0fb81fe385,true,downloadableSrc,200,image/webp,59146,59146,b5250e8b4852ef879e14b2f010b44f62bcd7480100344fb335f02d2eca65de60,1179,2676,,,bytescale.mobbin.com,f7a1807c1ac98ccf0eecf5078d61346ac9a94ca37a547f5708d580528c9e55c0,/Users/user/mobbin-sides/screen-flows/revolut-business/028-revolut-business-filtering-analytics-f546addd-d31d-44aa-81fa-4a2328ed4387/007-0559cf9d-0b59-4600-acc5-bc0fb81fe385-downloadableSrc-b5250e8b4852.webp
f546addd-d31d-44aa-81fa-4a2328ed4387,Filtering analytics,93ad9ceb-a163-41da-ba7a-9f07c737fc2a,Revolut Business,0c4c334c-e3a5-4395-89be-c7666aaafdf5,7,8,71f89183-3c55-4182-9452-1a872583c0b6,true,downloadableSrc,200,image/webp,46564,46564,cfeda0b225ef01dfff626d4f8d80f2c1d74f9cd1ea7d42b93329435772264840,1179,2676,,,bytescale.mobbin.com,f7a1807c1ac98ccf0eecf5078d61346ac9a94ca37a547f5708d580528c9e55c0,/Users/user/mobbin-sides/screen-flows/revolut-business/028-revolut-business-filtering-analytics-f546addd-d31d-44aa-81fa-4a2328ed4387/008-71f89183-3c55-4182-9452-1a872583c0b6-downloadableSrc-cfeda0b225ef.webp
2b30d091-1fe6-4615-898e-06ac277c6db1,Confirming login,93ad9ceb-a163-41da-ba7a-9f07c737fc2a,Revolut Business,0c4c334c-e3a5-4395-89be-c7666aaafdf5,0,1,ca43af86-fb34-4dd5-936e-4e6980e50162,true,downloadableSrc,200,image/webp,74992,74992,ae585a13d3f8515eeb169fcf1958c5cbdc456dc2ec6a5368dcf81b8f556407cc,1179,2676,,,bytescale.mobbin.com,f7a1807c1ac98ccf0eecf5078d61346ac9a94ca37a547f5708d580528c9e55c0,/Users/user/mobbin-sides/screen-flows/revolut-business/029-revolut-business-confirming-login-2b30d091-1fe6-4615-898e-06ac277c6db1/001-ca43af86-fb34-4dd5-936e-4e6980e50162-downloadableSrc-ae585a13d3f8.webp
2b30d091-1fe6-4615-898e-06ac277c6db1,Confirming login,93ad9ceb-a163-41da-ba7a-9f07c737fc2a,Revolut Business,0c4c334c-e3a5-4395-89be-c7666aaafdf5,1,2,3987aade-2408-4787-b56e-37f6138a4cf4,true,downloadableSrc,200,image/webp,79576,79576,67d45f59f692df6d71675189ded8772d11c4e157a4b96d6f44445a6c9f75c61b,1179,2676,,,bytescale.mobbin.com,f7a1807c1ac98ccf0eecf5078d61346ac9a94ca37a547f5708d580528c9e55c0,/Users/user/mobbin-sides/screen-flows/revolut-business/029-revolut-business-confirming-login-2b30d091-1fe6-4615-898e-06ac277c6db1/002-3987aade-2408-4787-b56e-37f6138a4cf4-downloadableSrc-67d45f59f692.webp
0cc7ba7a-b95c-41f7-afbe-ec9f2334ea9a,Cards,93ad9ceb-a163-41da-ba7a-9f07c737fc2a,Revolut Business,0c4c334c-e3a5-4395-89be-c7666aaafdf5,0,1,ebcd98d5-f535-45e3-b6ca-663c000a4d23,true,downloadableSrc,200,image/webp,71838,71838,01b66bbc2a361dccedaea295781d9b236791a6f2ab2eaac9dd95613385649798,1179,2676,,,bytescale.mobbin.com,f7a1807c1ac98ccf0eecf5078d61346ac9a94ca37a547f5708d580528c9e55c0,/Users/user/mobbin-sides/screen-flows/revolut-business/030-revolut-business-cards-0cc7ba7a-b95c-41f7-afbe-ec9f2334ea9a/001-ebcd98d5-f535-45e3-b6ca-663c000a4d23-downloadableSrc-01b66bbc2a36.webp
0cc7ba7a-b95c-41f7-afbe-ec9f2334ea9a,Cards,93ad9ceb-a163-41da-ba7a-9f07c737fc2a,Revolut Business,0c4c334c-e3a5-4395-89be-c7666aaafdf5,1,2,1d23d1a6-57fb-4ada-848a-1cae5fe408c4,true,downloadableSrc,200,image/webp,43662,43662,3084d5d36e5ec54d4a9a2be77d9c45a404a549f9ba37dac9be9a288379a2208d,1179,2676,,,bytescale.mobbin.com,f7a1807c1ac98ccf0eecf5078d61346ac9a94ca37a547f5708d580528c9e55c0,/Users/user/mobbin-sides/screen-flows/revolut-business/030-revolut-business-cards-0cc7ba7a-b95c-41f7-afbe-ec9f2334ea9a/002-1d23d1a6-57fb-4ada-848a-1cae5fe408c4-downloadableSrc-3084d5d36e5e.webp
de5330ff-8907-4afa-8ad3-0e33f60a03fd,Creating cards,93ad9ceb-a163-41da-ba7a-9f07c737fc2a,Revolut Business,0c4c334c-e3a5-4395-89be-c7666aaafdf5,0,1,1d23d1a6-57fb-4ada-848a-1cae5fe408c4,true,downloadableSrc,200,image/webp,43662,43662,3084d5d36e5ec54d4a9a2be77d9c45a404a549f9ba37dac9be9a288379a2208d,1179,2676,,,bytescale.mobbin.com,f7a1807c1ac98ccf0eecf5078d61346ac9a94ca37a547f5708d580528c9e55c0,/Users/user/mobbin-sides/screen-flows/revolut-business/031-revolut-business-creating-cards-de5330ff-8907-4afa-8ad3-0e33f60a03fd/001-1d23d1a6-57fb-4ada-848a-1cae5fe408c4-downloadableSrc-3084d5d36e5e.webp
de5330ff-8907-4afa-8ad3-0e33f60a03fd,Creating cards,93ad9ceb-a163-41da-ba7a-9f07c737fc2a,Revolut Business,0c4c334c-e3a5-4395-89be-c7666aaafdf5,1,2,15f68041-1ccc-4361-ac78-e0935a37977b,true,downloadableSrc,200,image/webp,47084,47084,9b00351ee4a5bf638a38643092a8f2633635b56e9fc1d7f46eb908111e3b82b0,1179,2676,,,bytescale.mobbin.com,f7a1807c1ac98ccf0eecf5078d61346ac9a94ca37a547f5708d580528c9e55c0,/Users/user/mobbin-sides/screen-flows/revolut-business/031-revolut-business-creating-cards-de5330ff-8907-4afa-8ad3-0e33f60a03fd/002-15f68041-1ccc-4361-ac78-e0935a37977b-downloadableSrc-9b00351ee4a5.webp
de5330ff-8907-4afa-8ad3-0e33f60a03fd,Creating cards,93ad9ceb-a163-41da-ba7a-9f07c737fc2a,Revolut Business,0c4c334c-e3a5-4395-89be-c7666aaafdf5,2,3,80b2120f-0cfd-41c2-b0b8-8df2312bc900,true,downloadableSrc,200,image/webp,54752,54752,edf67da5b5b332c41007fa15efe6510c672013e7e7e8a2c7cba0484b5e38d124,1179,2676,,,bytescale.mobbin.com,f7a1807c1ac98ccf0eecf5078d61346ac9a94ca37a547f5708d580528c9e55c0,/Users/user/mobbin-sides/screen-flows/revolut-business/031-revolut-business-creating-cards-de5330ff-8907-4afa-8ad3-0e33f60a03fd/003-80b2120f-0cfd-41c2-b0b8-8df2312bc900-downloadableSrc-edf67da5b5b3.webp
de5330ff-8907-4afa-8ad3-0e33f60a03fd,Creating cards,93ad9ceb-a163-41da-ba7a-9f07c737fc2a,Revolut Business,0c4c334c-e3a5-4395-89be-c7666aaafdf5,3,4,db7999f5-a884-4c7e-923e-12252f8121db,true,downloadableSrc,200,image/webp,44214,44214,7681e6089ee1496e7c6f34f44d6ef75533c7f959fa61a1ecb9a5f4143e9aade5,1179,2676,,,bytescale.mobbin.com,f7a1807c1ac98ccf0eecf5078d61346ac9a94ca37a547f5708d580528c9e55c0,/Users/user/mobbin-sides/screen-flows/revolut-business/031-revolut-business-creating-cards-de5330ff-8907-4afa-8ad3-0e33f60a03fd/004-db7999f5-a884-4c7e-923e-12252f8121db-downloadableSrc-7681e6089ee1.webp
de5330ff-8907-4afa-8ad3-0e33f60a03fd,Creating cards,93ad9ceb-a163-41da-ba7a-9f07c737fc2a,Revolut Business,0c4c334c-e3a5-4395-89be-c7666aaafdf5,4,5,f79da4ac-3e6f-42c7-b23d-1ba8a3e0d0c4,true,downloadableSrc,200,image/webp,42950,42950,5672f15f986560ebf0e33c3600ea1ed9412972bccba1395bc7978edc6eeff5c9,1179,2676,,,bytescale.mobbin.com,f7a1807c1ac98ccf0eecf5078d61346ac9a94ca37a547f5708d580528c9e55c0,/Users/user/mobbin-sides/screen-flows/revolut-business/031-revolut-business-creating-cards-de5330ff-8907-4afa-8ad3-0e33f60a03fd/005-f79da4ac-3e6f-42c7-b23d-1ba8a3e0d0c4-downloadableSrc-5672f15f9865.webp
de5330ff-8907-4afa-8ad3-0e33f60a03fd,Creating cards,93ad9ceb-a163-41da-ba7a-9f07c737fc2a,Revolut Business,0c4c334c-e3a5-4395-89be-c7666aaafdf5,5,6,7da26690-9480-41b2-b3d1-cf6869f7dac3,true,downloadableSrc,200,image/webp,66402,66402,a3efb3e2d0fed9a6f8cc2af2df33baa14f17260500a092fda7320d31ea2ab414,1179,2676,,,bytescale.mobbin.com,f7a1807c1ac98ccf0eecf5078d61346ac9a94ca37a547f5708d580528c9e55c0,/Users/user/mobbin-sides/screen-flows/revolut-business/031-revolut-business-creating-cards-de5330ff-8907-4afa-8ad3-0e33f60a03fd/006-7da26690-9480-41b2-b3d1-cf6869f7dac3-downloadableSrc-a3efb3e2d0fe.webp
de5330ff-8907-4afa-8ad3-0e33f60a03fd,Creating cards,93ad9ceb-a163-41da-ba7a-9f07c737fc2a,Revolut Business,0c4c334c-e3a5-4395-89be-c7666aaafdf5,6,7,31e7694a-89df-4cbc-8866-6236f50bb7b4,true,downloadableSrc,200,image/webp,45956,45956,ca0c712ffd65e0b1692aef620d97a4f7ed342395bcf9932e8e94aacc78ea4671,1179,2676,,,bytescale.mobbin.com,f7a1807c1ac98ccf0eecf5078d61346ac9a94ca37a547f5708d580528c9e55c0,/Users/user/mobbin-sides/screen-flows/revolut-business/031-revolut-business-creating-cards-de5330ff-8907-4afa-8ad3-0e33f60a03fd/007-31e7694a-89df-4cbc-8866-6236f50bb7b4-downloadableSrc-ca0c712ffd65.webp
de5330ff-8907-4afa-8ad3-0e33f60a03fd,Creating cards,93ad9ceb-a163-41da-ba7a-9f07c737fc2a,Revolut Business,0c4c334c-e3a5-4395-89be-c7666aaafdf5,7,8,575daa48-064f-4b47-b035-0cd19ad33d47,true,downloadableSrc,200,image/webp,75188,75188,1c3ecee5f9267a85b8f1e0fbef7ace6ea68196cbb0526b3775b29a2534cea148,1179,2676,,,bytescale.mobbin.com,f7a1807c1ac98ccf0eecf5078d61346ac9a94ca37a547f5708d580528c9e55c0,/Users/user/mobbin-sides/screen-flows/revolut-business/031-revolut-business-creating-cards-de5330ff-8907-4afa-8ad3-0e33f60a03fd/008-575daa48-064f-4b47-b035-0cd19ad33d47-downloadableSrc-1c3ecee5f926.webp
de5330ff-8907-4afa-8ad3-0e33f60a03fd,Creating cards,93ad9ceb-a163-41da-ba7a-9f07c737fc2a,Revolut Business,0c4c334c-e3a5-4395-89be-c7666aaafdf5,8,9,5c4bae0a-d2e9-4041-a40f-5fbb76a80569,true,downloadableSrc,200,image/webp,46478,46478,93322d93a78af7eb3e6ea656ad1fb38ac7cbe31accae2e7e36594c9f2b5622e9,1179,2676,,,bytescale.mobbin.com,f7a1807c1ac98ccf0eecf5078d61346ac9a94ca37a547f5708d580528c9e55c0,/Users/user/mobbin-sides/screen-flows/revolut-business/031-revolut-business-creating-cards-de5330ff-8907-4afa-8ad3-0e33f60a03fd/009-5c4bae0a-d2e9-4041-a40f-5fbb76a80569-downloadableSrc-93322d93a78a.webp
de5330ff-8907-4afa-8ad3-0e33f60a03fd,Creating cards,93ad9ceb-a163-41da-ba7a-9f07c737fc2a,Revolut Business,0c4c334c-e3a5-4395-89be-c7666aaafdf5,9,10,ee94d568-b656-4c00-81e0-16ed0992507c,true,downloadableSrc,200,image/webp,47860,47860,08453f3d4433f01d05af59fa10d8a8cd5a097aaf2a7104fb8de757045e88283d,1179,2676,,,bytescale.mobbin.com,f7a1807c1ac98ccf0eecf5078d61346ac9a94ca37a547f5708d580528c9e55c0,/Users/user/mobbin-sides/screen-flows/revolut-business/031-revolut-business-creating-cards-de5330ff-8907-4afa-8ad3-0e33f60a03fd/010-ee94d568-b656-4c00-81e0-16ed0992507c-downloadableSrc-08453f3d4433.webp
de5330ff-8907-4afa-8ad3-0e33f60a03fd,Creating cards,93ad9ceb-a163-41da-ba7a-9f07c737fc2a,Revolut Business,0c4c334c-e3a5-4395-89be-c7666aaafdf5,10,11,77a6a6c3-d987-49e1-a468-59e70f3e5c5e,true,downloadableSrc,200,image/webp,39592,39592,98e6f4e8e2169b644a714b56fffd4f67c00b8538f8287e7b2e7c9ccd2a40f2e0,1179,2676,,,bytescale.mobbin.com,f7a1807c1ac98ccf0eecf5078d61346ac9a94ca37a547f5708d580528c9e55c0,/Users/user/mobbin-sides/screen-flows/revolut-business/031-revolut-business-creating-cards-de5330ff-8907-4afa-8ad3-0e33f60a03fd/011-77a6a6c3-d987-49e1-a468-59e70f3e5c5e-downloadableSrc-98e6f4e8e216.webp
de5330ff-8907-4afa-8ad3-0e33f60a03fd,Creating cards,93ad9ceb-a163-41da-ba7a-9f07c737fc2a,Revolut Business,0c4c334c-e3a5-4395-89be-c7666aaafdf5,11,12,673a0554-5031-4f29-a446-d5deb091deba,true,downloadableSrc,200,image/webp,45644,45644,205e0511d40eb23a9130aebbcaadef8f634c0f1660b0d1f7f5d7ca685483c3b7,1179,2676,,,bytescale.mobbin.com,f7a1807c1ac98ccf0eecf5078d61346ac9a94ca37a547f5708d580528c9e55c0,/Users/user/mobbin-sides/screen-flows/revolut-business/031-revolut-business-creating-cards-de5330ff-8907-4afa-8ad3-0e33f60a03fd/012-673a0554-5031-4f29-a446-d5deb091deba-downloadableSrc-205e0511d40e.webp
c605f205-86f2-419f-be55-749ee09ccac7,Card settings (Cards),93ad9ceb-a163-41da-ba7a-9f07c737fc2a,Revolut Business,0c4c334c-e3a5-4395-89be-c7666aaafdf5,0,1,1d23d1a6-57fb-4ada-848a-1cae5fe408c4,true,downloadableSrc,200,image/webp,43662,43662,3084d5d36e5ec54d4a9a2be77d9c45a404a549f9ba37dac9be9a288379a2208d,1179,2676,,,bytescale.mobbin.com,f7a1807c1ac98ccf0eecf5078d61346ac9a94ca37a547f5708d580528c9e55c0,/Users/user/mobbin-sides/screen-flows/revolut-business/032-revolut-business-card-settings-cards-c605f205-86f2-419f-be55-749ee09ccac7/001-1d23d1a6-57fb-4ada-848a-1cae5fe408c4-downloadableSrc-3084d5d36e5e.webp
c605f205-86f2-419f-be55-749ee09ccac7,Card settings (Cards),93ad9ceb-a163-41da-ba7a-9f07c737fc2a,Revolut Business,0c4c334c-e3a5-4395-89be-c7666aaafdf5,1,2,26d98cdd-0967-464b-a453-4ebe521cafde,true,downloadableSrc,200,image/webp,90336,90336,93b60ea90135c828ffe1d0b942af77c6efd71da28312b84d0c28e06c567bf46e,1179,2676,,,bytescale.mobbin.com,f7a1807c1ac98ccf0eecf5078d61346ac9a94ca37a547f5708d580528c9e55c0,/Users/user/mobbin-sides/screen-flows/revolut-business/032-revolut-business-card-settings-cards-c605f205-86f2-419f-be55-749ee09ccac7/002-26d98cdd-0967-464b-a453-4ebe521cafde-downloadableSrc-93b60ea90135.webp
4c27bdba-ae9e-4542-baca-3aad5c9298e1,Daily ATM withdrawal limit,93ad9ceb-a163-41da-ba7a-9f07c737fc2a,Revolut Business,0c4c334c-e3a5-4395-89be-c7666aaafdf5,0,1,26d98cdd-0967-464b-a453-4ebe521cafde,true,downloadableSrc,200,image/webp,90336,90336,93b60ea90135c828ffe1d0b942af77c6efd71da28312b84d0c28e06c567bf46e,1179,2676,,,bytescale.mobbin.com,f7a1807c1ac98ccf0eecf5078d61346ac9a94ca37a547f5708d580528c9e55c0,/Users/user/mobbin-sides/screen-flows/revolut-business/033-revolut-business-daily-atm-withdrawal-limit-4c27bdba-ae9e-4542-baca-3aad5c9298e1/001-26d98cdd-0967-464b-a453-4ebe521cafde-downloadableSrc-93b60ea90135.webp
4c27bdba-ae9e-4542-baca-3aad5c9298e1,Daily ATM withdrawal limit,93ad9ceb-a163-41da-ba7a-9f07c737fc2a,Revolut Business,0c4c334c-e3a5-4395-89be-c7666aaafdf5,1,2,73afb9ad-e5fd-4e7c-a295-5cf3c52c5338,true,downloadableSrc,200,image/webp,48414,48414,4405c8e64b96ed02c9ba077757904fb15adfc79acada8f75d83c03120da3647b,1179,2676,,,bytescale.mobbin.com,f7a1807c1ac98ccf0eecf5078d61346ac9a94ca37a547f5708d580528c9e55c0,/Users/user/mobbin-sides/screen-flows/revolut-business/033-revolut-business-daily-atm-withdrawal-limit-4c27bdba-ae9e-4542-baca-3aad5c9298e1/002-73afb9ad-e5fd-4e7c-a295-5cf3c52c5338-downloadableSrc-4405c8e64b96.webp
5862055d-61a5-4fe9-926b-d68851ca0495,Editing a card design,93ad9ceb-a163-41da-ba7a-9f07c737fc2a,Revolut Business,0c4c334c-e3a5-4395-89be-c7666aaafdf5,0,1,26d98cdd-0967-464b-a453-4ebe521cafde,true,downloadableSrc,200,image/webp,90336,90336,93b60ea90135c828ffe1d0b942af77c6efd71da28312b84d0c28e06c567bf46e,1179,2676,,,bytescale.mobbin.com,f7a1807c1ac98ccf0eecf5078d61346ac9a94ca37a547f5708d580528c9e55c0,/Users/user/mobbin-sides/screen-flows/revolut-business/034-revolut-business-editing-a-card-design-5862055d-61a5-4fe9-926b-d68851ca0495/001-26d98cdd-0967-464b-a453-4ebe521cafde-downloadableSrc-93b60ea90135.webp
5862055d-61a5-4fe9-926b-d68851ca0495,Editing a card design,93ad9ceb-a163-41da-ba7a-9f07c737fc2a,Revolut Business,0c4c334c-e3a5-4395-89be-c7666aaafdf5,1,2,24821d59-eca8-40b7-970b-b7b9674f1a2b,true,downloadableSrc,200,image/webp,48692,48692,0120b7351f308da2dd4678ca96027218790b931473c1845a2d3c14fc1303293a,1179,2676,,,bytescale.mobbin.com,f7a1807c1ac98ccf0eecf5078d61346ac9a94ca37a547f5708d580528c9e55c0,/Users/user/mobbin-sides/screen-flows/revolut-business/034-revolut-business-editing-a-card-design-5862055d-61a5-4fe9-926b-d68851ca0495/002-24821d59-eca8-40b7-970b-b7b9674f1a2b-downloadableSrc-0120b7351f30.webp
5862055d-61a5-4fe9-926b-d68851ca0495,Editing a card design,93ad9ceb-a163-41da-ba7a-9f07c737fc2a,Revolut Business,0c4c334c-e3a5-4395-89be-c7666aaafdf5,2,3,379dd005-51f6-43c9-b671-e8f6ecf8bd77,true,downloadableSrc,200,image/webp,37114,37114,1e999dec5bc340ef1ca52b517681240dd38e18c218662280b87ad5b9ef5a9462,1179,2676,,,bytescale.mobbin.com,f7a1807c1ac98ccf0eecf5078d61346ac9a94ca37a547f5708d580528c9e55c0,/Users/user/mobbin-sides/screen-flows/revolut-business/034-revolut-business-editing-a-card-design-5862055d-61a5-4fe9-926b-d68851ca0495/003-379dd005-51f6-43c9-b671-e8f6ecf8bd77-downloadableSrc-1e999dec5bc3.webp
5862055d-61a5-4fe9-926b-d68851ca0495,Editing a card design,93ad9ceb-a163-41da-ba7a-9f07c737fc2a,Revolut Business,0c4c334c-e3a5-4395-89be-c7666aaafdf5,3,4,cd43f5bf-e237-459e-8ea6-a9e7126effdd,true,downloadableSrc,200,image/webp,55710,55710,e18fc7fe4de4384be4e69f759165699db8e0450234b1a9bf4a05fe5a38d85f0e,1179,2676,,,bytescale.mobbin.com,f7a1807c1ac98ccf0eecf5078d61346ac9a94ca37a547f5708d580528c9e55c0,/Users/user/mobbin-sides/screen-flows/revolut-business/034-revolut-business-editing-a-card-design-5862055d-61a5-4fe9-926b-d68851ca0495/004-cd43f5bf-e237-459e-8ea6-a9e7126effdd-downloadableSrc-e18fc7fe4de4.webp
5862055d-61a5-4fe9-926b-d68851ca0495,Editing a card design,93ad9ceb-a163-41da-ba7a-9f07c737fc2a,Revolut Business,0c4c334c-e3a5-4395-89be-c7666aaafdf5,4,5,fd8816f9-7c48-47ea-a07b-52861b758ce5,true,downloadableSrc,200,image/webp,46372,46372,d81e5c5cae1dd45abcc993672b42bdde7e001d582a8953dc2bdc205fabc52010,1179,2676,,,bytescale.mobbin.com,f7a1807c1ac98ccf0eecf5078d61346ac9a94ca37a547f5708d580528c9e55c0,/Users/user/mobbin-sides/screen-flows/revolut-business/034-revolut-business-editing-a-card-design-5862055d-61a5-4fe9-926b-d68851ca0495/005-fd8816f9-7c48-47ea-a07b-52861b758ce5-downloadableSrc-d81e5c5cae1d.webp
5862055d-61a5-4fe9-926b-d68851ca0495,Editing a card design,93ad9ceb-a163-41da-ba7a-9f07c737fc2a,Revolut Business,0c4c334c-e3a5-4395-89be-c7666aaafdf5,5,6,3bd665f0-aea1-4bde-a057-f315e8181e54,true,downloadableSrc,200,image/webp,47574,47574,d647a177aadb996753c01ef73486fc6aa8e616cf2425a1fedb903ea1589f7047,1179,2676,,,bytescale.mobbin.com,f7a1807c1ac98ccf0eecf5078d61346ac9a94ca37a547f5708d580528c9e55c0,/Users/user/mobbin-sides/screen-flows/revolut-business/034-revolut-business-editing-a-card-design-5862055d-61a5-4fe9-926b-d68851ca0495/006-3bd665f0-aea1-4bde-a057-f315e8181e54-downloadableSrc-d647a177aadb.webp
5862055d-61a5-4fe9-926b-d68851ca0495,Editing a card design,93ad9ceb-a163-41da-ba7a-9f07c737fc2a,Revolut Business,0c4c334c-e3a5-4395-89be-c7666aaafdf5,6,7,da611c06-7ef4-4484-8622-bb5e619cc32a,true,downloadableSrc,200,image/webp,47002,47002,d02d446853b08f7305b950092cbd0364b06dbf8d4fdc376469173930225b9e16,1179,2676,,,bytescale.mobbin.com,f7a1807c1ac98ccf0eecf5078d61346ac9a94ca37a547f5708d580528c9e55c0,/Users/user/mobbin-sides/screen-flows/revolut-business/034-revolut-business-editing-a-card-design-5862055d-61a5-4fe9-926b-d68851ca0495/007-da611c06-7ef4-4484-8622-bb5e619cc32a-downloadableSrc-d02d446853b0.webp
5862055d-61a5-4fe9-926b-d68851ca0495,Editing a card design,93ad9ceb-a163-41da-ba7a-9f07c737fc2a,Revolut Business,0c4c334c-e3a5-4395-89be-c7666aaafdf5,7,8,1fab917a-6175-4779-8794-4065d3850d62,true,downloadableSrc,200,image/webp,99760,99760,b27a27de9324d8b811b10dd5914adefc20bfba59648232ae36838eea8cb3d44d,1179,2676,,,bytescale.mobbin.com,f7a1807c1ac98ccf0eecf5078d61346ac9a94ca37a547f5708d580528c9e55c0,/Users/user/mobbin-sides/screen-flows/revolut-business/034-revolut-business-editing-a-card-design-5862055d-61a5-4fe9-926b-d68851ca0495/008-1fab917a-6175-4779-8794-4065d3850d62-downloadableSrc-b27a27de9324.webp
5862055d-61a5-4fe9-926b-d68851ca0495,Editing a card design,93ad9ceb-a163-41da-ba7a-9f07c737fc2a,Revolut Business,0c4c334c-e3a5-4395-89be-c7666aaafdf5,8,9,d4b48cd9-367a-4856-b380-ea4844713282,true,downloadableSrc,200,image/webp,48986,48986,1b031669d170e96714b41114fb63c0120b06d777eaa9c46eefe1dca3b3c57871,1179,2676,,,bytescale.mobbin.com,f7a1807c1ac98ccf0eecf5078d61346ac9a94ca37a547f5708d580528c9e55c0,/Users/user/mobbin-sides/screen-flows/revolut-business/034-revolut-business-editing-a-card-design-5862055d-61a5-4fe9-926b-d68851ca0495/009-d4b48cd9-367a-4856-b380-ea4844713282-downloadableSrc-1b031669d170.webp
3a5c8a4f-ef0c-41e2-8208-2280c9b0f3f7,Adding a picture,93ad9ceb-a163-41da-ba7a-9f07c737fc2a,Revolut Business,0c4c334c-e3a5-4395-89be-c7666aaafdf5,0,1,fd8816f9-7c48-47ea-a07b-52861b758ce5,true,downloadableSrc,200,image/webp,46372,46372,d81e5c5cae1dd45abcc993672b42bdde7e001d582a8953dc2bdc205fabc52010,1179,2676,,,bytescale.mobbin.com,f7a1807c1ac98ccf0eecf5078d61346ac9a94ca37a547f5708d580528c9e55c0,/Users/user/mobbin-sides/screen-flows/revolut-business/035-revolut-business-adding-a-picture-3a5c8a4f-ef0c-41e2-8208-2280c9b0f3f7/001-fd8816f9-7c48-47ea-a07b-52861b758ce5-downloadableSrc-d81e5c5cae1d.webp
3a5c8a4f-ef0c-41e2-8208-2280c9b0f3f7,Adding a picture,93ad9ceb-a163-41da-ba7a-9f07c737fc2a,Revolut Business,0c4c334c-e3a5-4395-89be-c7666aaafdf5,1,2,2b4d4982-5dbb-4769-a8e5-2cda57aa5af8,true,downloadableSrc,200,image/webp,48940,48940,eaeea8f261df0f7790ad6657bf090c19a7f2cf48a3f76eae2c465aa0df41c753,1179,2676,,,bytescale.mobbin.com,f7a1807c1ac98ccf0eecf5078d61346ac9a94ca37a547f5708d580528c9e55c0,/Users/user/mobbin-sides/screen-flows/revolut-business/035-revolut-business-adding-a-picture-3a5c8a4f-ef0c-41e2-8208-2280c9b0f3f7/002-2b4d4982-5dbb-4769-a8e5-2cda57aa5af8-downloadableSrc-eaeea8f261df.webp
3a5c8a4f-ef0c-41e2-8208-2280c9b0f3f7,Adding a picture,93ad9ceb-a163-41da-ba7a-9f07c737fc2a,Revolut Business,0c4c334c-e3a5-4395-89be-c7666aaafdf5,2,3,92a4249a-bb81-41fb-99af-f14533366609,true,downloadableSrc,200,image/webp,45964,45964,4c478bb5dc137b81dae5432fb06a041909eeef93910a4eb4d48e2274d9a9242c,1179,2676,,,bytescale.mobbin.com,f7a1807c1ac98ccf0eecf5078d61346ac9a94ca37a547f5708d580528c9e55c0,/Users/user/mobbin-sides/screen-flows/revolut-business/035-revolut-business-adding-a-picture-3a5c8a4f-ef0c-41e2-8208-2280c9b0f3f7/003-92a4249a-bb81-41fb-99af-f14533366609-downloadableSrc-4c478bb5dc13.webp
3a5c8a4f-ef0c-41e2-8208-2280c9b0f3f7,Adding a picture,93ad9ceb-a163-41da-ba7a-9f07c737fc2a,Revolut Business,0c4c334c-e3a5-4395-89be-c7666aaafdf5,3,4,1588b0fd-68b6-4c3a-9c09-e0723c381fb2,true,downloadableSrc,200,image/webp,46544,46544,b5aa8f26c785dae3f5a90f2c4651e8038585f6783a7afb060d13d456d674ed12,1179,2676,,,bytescale.mobbin.com,f7a1807c1ac98ccf0eecf5078d61346ac9a94ca37a547f5708d580528c9e55c0,/Users/user/mobbin-sides/screen-flows/revolut-business/035-revolut-business-adding-a-picture-3a5c8a4f-ef0c-41e2-8208-2280c9b0f3f7/004-1588b0fd-68b6-4c3a-9c09-e0723c381fb2-downloadableSrc-b5aa8f26c785.webp
c26d91dd-bd4f-45e0-942e-33ac1ec12ff9,Drawing on a card,93ad9ceb-a163-41da-ba7a-9f07c737fc2a,Revolut Business,0c4c334c-e3a5-4395-89be-c7666aaafdf5,0,1,1588b0fd-68b6-4c3a-9c09-e0723c381fb2,true,downloadableSrc,200,image/webp,46544,46544,b5aa8f26c785dae3f5a90f2c4651e8038585f6783a7afb060d13d456d674ed12,1179,2676,,,bytescale.mobbin.com,f7a1807c1ac98ccf0eecf5078d61346ac9a94ca37a547f5708d580528c9e55c0,/Users/user/mobbin-sides/screen-flows/revolut-business/036-revolut-business-drawing-on-a-card-c26d91dd-bd4f-45e0-942e-33ac1ec12ff9/001-1588b0fd-68b6-4c3a-9c09-e0723c381fb2-downloadableSrc-b5aa8f26c785.webp
c26d91dd-bd4f-45e0-942e-33ac1ec12ff9,Drawing on a card,93ad9ceb-a163-41da-ba7a-9f07c737fc2a,Revolut Business,0c4c334c-e3a5-4395-89be-c7666aaafdf5,1,2,c9955402-d5b6-4d37-a6b3-2604ff9a6e38,true,downloadableSrc,200,image/webp,40304,40304,594312e902bc3213210053bffd591737002b1f9c5c12e243c89d3efb2ef9f1c6,1179,2676,,,bytescale.mobbin.com,f7a1807c1ac98ccf0eecf5078d61346ac9a94ca37a547f5708d580528c9e55c0,/Users/user/mobbin-sides/screen-flows/revolut-business/036-revolut-business-drawing-on-a-card-c26d91dd-bd4f-45e0-942e-33ac1ec12ff9/002-c9955402-d5b6-4d37-a6b3-2604ff9a6e38-downloadableSrc-594312e902bc.webp
c26d91dd-bd4f-45e0-942e-33ac1ec12ff9,Drawing on a card,93ad9ceb-a163-41da-ba7a-9f07c737fc2a,Revolut Business,0c4c334c-e3a5-4395-89be-c7666aaafdf5,2,3,641434da-e1ce-4028-a108-cfede7b9700c,true,downloadableSrc,200,image/webp,40558,40558,c26a545119d26a124ee72a3be5ee38ccbb20892e68a33df91d8217babf373ec6,1179,2676,,,bytescale.mobbin.com,f7a1807c1ac98ccf0eecf5078d61346ac9a94ca37a547f5708d580528c9e55c0,/Users/user/mobbin-sides/screen-flows/revolut-business/036-revolut-business-drawing-on-a-card-c26d91dd-bd4f-45e0-942e-33ac1ec12ff9/003-641434da-e1ce-4028-a108-cfede7b9700c-downloadableSrc-c26a545119d2.webp
c26d91dd-bd4f-45e0-942e-33ac1ec12ff9,Drawing on a card,93ad9ceb-a163-41da-ba7a-9f07c737fc2a,Revolut Business,0c4c334c-e3a5-4395-89be-c7666aaafdf5,3,4,59255ca1-1061-4fb7-bc51-e2c467a611e1,true,downloadableSrc,200,image/webp,42230,42230,ed7621f420ffcd411a8b47ef3a58a1e50247c1dbc25a5a20ce660daa719be4ed,1179,2676,,,bytescale.mobbin.com,f7a1807c1ac98ccf0eecf5078d61346ac9a94ca37a547f5708d580528c9e55c0,/Users/user/mobbin-sides/screen-flows/revolut-business/036-revolut-business-drawing-on-a-card-c26d91dd-bd4f-45e0-942e-33ac1ec12ff9/004-59255ca1-1061-4fb7-bc51-e2c467a611e1-downloadableSrc-ed7621f420ff.webp
c26d91dd-bd4f-45e0-942e-33ac1ec12ff9,Drawing on a card,93ad9ceb-a163-41da-ba7a-9f07c737fc2a,Revolut Business,0c4c334c-e3a5-4395-89be-c7666aaafdf5,4,5,3bd665f0-aea1-4bde-a057-f315e8181e54,true,downloadableSrc,200,image/webp,47574,47574,d647a177aadb996753c01ef73486fc6aa8e616cf2425a1fedb903ea1589f7047,1179,2676,,,bytescale.mobbin.com,f7a1807c1ac98ccf0eecf5078d61346ac9a94ca37a547f5708d580528c9e55c0,/Users/user/mobbin-sides/screen-flows/revolut-business/036-revolut-business-drawing-on-a-card-c26d91dd-bd4f-45e0-942e-33ac1ec12ff9/005-3bd665f0-aea1-4bde-a057-f315e8181e54-downloadableSrc-d647a177aadb.webp
7dcc0b38-af82-4205-a233-877fa699214d,Card detail,93ad9ceb-a163-41da-ba7a-9f07c737fc2a,Revolut Business,0c4c334c-e3a5-4395-89be-c7666aaafdf5,0,1,1d23d1a6-57fb-4ada-848a-1cae5fe408c4,true,downloadableSrc,200,image/webp,43662,43662,3084d5d36e5ec54d4a9a2be77d9c45a404a549f9ba37dac9be9a288379a2208d,1179,2676,,,bytescale.mobbin.com,f7a1807c1ac98ccf0eecf5078d61346ac9a94ca37a547f5708d580528c9e55c0,/Users/user/mobbin-sides/screen-flows/revolut-business/037-revolut-business-card-detail-7dcc0b38-af82-4205-a233-877fa699214d/001-1d23d1a6-57fb-4ada-848a-1cae5fe408c4-downloadableSrc-3084d5d36e5e.webp
7dcc0b38-af82-4205-a233-877fa699214d,Card detail,93ad9ceb-a163-41da-ba7a-9f07c737fc2a,Revolut Business,0c4c334c-e3a5-4395-89be-c7666aaafdf5,1,2,bcac0d6f-2252-4688-afba-d35b80d8e9e1,true,downloadableSrc,200,image/webp,48670,48670,c7c5b681000c6cfa02a5c808ca457f66f24af623a5aa0aba5388469dffc4dc6d,1179,2676,,,bytescale.mobbin.com,f7a1807c1ac98ccf0eecf5078d61346ac9a94ca37a547f5708d580528c9e55c0,/Users/user/mobbin-sides/screen-flows/revolut-business/037-revolut-business-card-detail-7dcc0b38-af82-4205-a233-877fa699214d/002-bcac0d6f-2252-4688-afba-d35b80d8e9e1-downloadableSrc-c7c5b681000c.webp
7dcc0b38-af82-4205-a233-877fa699214d,Card detail,93ad9ceb-a163-41da-ba7a-9f07c737fc2a,Revolut Business,0c4c334c-e3a5-4395-89be-c7666aaafdf5,2,3,6d815fcf-a3cd-46f1-b774-ebe79d24011e,true,downloadableSrc,200,image/webp,59976,59976,b19acea7c6f5fe8d004eb90e73de8f605a5587c2d5449648ba9c96572a39c0cd,1179,2676,,,bytescale.mobbin.com,f7a1807c1ac98ccf0eecf5078d61346ac9a94ca37a547f5708d580528c9e55c0,/Users/user/mobbin-sides/screen-flows/revolut-business/037-revolut-business-card-detail-7dcc0b38-af82-4205-a233-877fa699214d/003-6d815fcf-a3cd-46f1-b774-ebe79d24011e-downloadableSrc-b19acea7c6f5.webp
acda7209-4aa3-467c-a17d-d12bbc6a1f05,Showing card details,93ad9ceb-a163-41da-ba7a-9f07c737fc2a,Revolut Business,0c4c334c-e3a5-4395-89be-c7666aaafdf5,0,1,bcac0d6f-2252-4688-afba-d35b80d8e9e1,true,downloadableSrc,200,image/webp,48670,48670,c7c5b681000c6cfa02a5c808ca457f66f24af623a5aa0aba5388469dffc4dc6d,1179,2676,,,bytescale.mobbin.com,f7a1807c1ac98ccf0eecf5078d61346ac9a94ca37a547f5708d580528c9e55c0,/Users/user/mobbin-sides/screen-flows/revolut-business/038-revolut-business-showing-card-details-acda7209-4aa3-467c-a17d-d12bbc6a1f05/001-bcac0d6f-2252-4688-afba-d35b80d8e9e1-downloadableSrc-c7c5b681000c.webp
acda7209-4aa3-467c-a17d-d12bbc6a1f05,Showing card details,93ad9ceb-a163-41da-ba7a-9f07c737fc2a,Revolut Business,0c4c334c-e3a5-4395-89be-c7666aaafdf5,1,2,327bfe5a-3cf3-4543-ad1a-e62eaebe6535,true,downloadableSrc,200,image/webp,57852,57852,0037a7c32cfd4b8e92eabb4d11298dbe8d0adc6644b86341be767aae2fac0c8a,1179,2676,,,bytescale.mobbin.com,f7a1807c1ac98ccf0eecf5078d61346ac9a94ca37a547f5708d580528c9e55c0,/Users/user/mobbin-sides/screen-flows/revolut-business/038-revolut-business-showing-card-details-acda7209-4aa3-467c-a17d-d12bbc6a1f05/002-327bfe5a-3cf3-4543-ad1a-e62eaebe6535-downloadableSrc-0037a7c32cfd.webp
5a68ddab-d370-4b59-abfb-3d89a24815f2,Freezing a card,93ad9ceb-a163-41da-ba7a-9f07c737fc2a,Revolut Business,0c4c334c-e3a5-4395-89be-c7666aaafdf5,0,1,bcac0d6f-2252-4688-afba-d35b80d8e9e1,true,downloadableSrc,200,image/webp,48670,48670,c7c5b681000c6cfa02a5c808ca457f66f24af623a5aa0aba5388469dffc4dc6d,1179,2676,,,bytescale.mobbin.com,f7a1807c1ac98ccf0eecf5078d61346ac9a94ca37a547f5708d580528c9e55c0,/Users/user/mobbin-sides/screen-flows/revolut-business/039-revolut-business-freezing-a-card-5a68ddab-d370-4b59-abfb-3d89a24815f2/001-bcac0d6f-2252-4688-afba-d35b80d8e9e1-downloadableSrc-c7c5b681000c.webp
5a68ddab-d370-4b59-abfb-3d89a24815f2,Freezing a card,93ad9ceb-a163-41da-ba7a-9f07c737fc2a,Revolut Business,0c4c334c-e3a5-4395-89be-c7666aaafdf5,1,2,5ca68bbe-a832-462d-a0d1-b0affbde155c,true,downloadableSrc,200,image/webp,80206,80206,9e67eb160e053ea1974310715bc468899dd08da16b927df505c90e8fe898ca8e,1179,2676,,,bytescale.mobbin.com,f7a1807c1ac98ccf0eecf5078d61346ac9a94ca37a547f5708d580528c9e55c0,/Users/user/mobbin-sides/screen-flows/revolut-business/039-revolut-business-freezing-a-card-5a68ddab-d370-4b59-abfb-3d89a24815f2/002-5ca68bbe-a832-462d-a0d1-b0affbde155c-downloadableSrc-9e67eb160e05.webp
133ab3d7-19a5-4b6a-8deb-e8d767a9feaf,Card settings (card detail),93ad9ceb-a163-41da-ba7a-9f07c737fc2a,Revolut Business,0c4c334c-e3a5-4395-89be-c7666aaafdf5,0,1,bcac0d6f-2252-4688-afba-d35b80d8e9e1,true,downloadableSrc,200,image/webp,48670,48670,c7c5b681000c6cfa02a5c808ca457f66f24af623a5aa0aba5388469dffc4dc6d,1179,2676,,,bytescale.mobbin.com,f7a1807c1ac98ccf0eecf5078d61346ac9a94ca37a547f5708d580528c9e55c0,/Users/user/mobbin-sides/screen-flows/revolut-business/040-revolut-business-card-settings-card-detail-133ab3d7-19a5-4b6a-8deb-e8d767a9feaf/001-bcac0d6f-2252-4688-afba-d35b80d8e9e1-downloadableSrc-c7c5b681000c.webp
133ab3d7-19a5-4b6a-8deb-e8d767a9feaf,Card settings (card detail),93ad9ceb-a163-41da-ba7a-9f07c737fc2a,Revolut Business,0c4c334c-e3a5-4395-89be-c7666aaafdf5,1,2,5f63a7bf-f5a1-43df-9205-fc55ed9003ad,true,downloadableSrc,200,image/webp,65408,65408,883cf773c51dd23c84fd11a5bacda4f002a450d6770e33940203f66f535488fc,1179,2676,,,bytescale.mobbin.com,f7a1807c1ac98ccf0eecf5078d61346ac9a94ca37a547f5708d580528c9e55c0,/Users/user/mobbin-sides/screen-flows/revolut-business/040-revolut-business-card-settings-card-detail-133ab3d7-19a5-4b6a-8deb-e8d767a9feaf/002-5f63a7bf-f5a1-43df-9205-fc55ed9003ad-downloadableSrc-883cf773c51d.webp
133ab3d7-19a5-4b6a-8deb-e8d767a9feaf,Card settings (card detail),93ad9ceb-a163-41da-ba7a-9f07c737fc2a,Revolut Business,0c4c334c-e3a5-4395-89be-c7666aaafdf5,2,3,6441b620-6160-401d-a6f8-146ccd65b642,true,downloadableSrc,200,image/webp,86744,86744,2916cc2748e87cdb8682b20805f091fa9014d32df18b01d4533d925f12c81321,1179,2676,,,bytescale.mobbin.com,f7a1807c1ac98ccf0eecf5078d61346ac9a94ca37a547f5708d580528c9e55c0,/Users/user/mobbin-sides/screen-flows/revolut-business/040-revolut-business-card-settings-card-detail-133ab3d7-19a5-4b6a-8deb-e8d767a9feaf/003-6441b620-6160-401d-a6f8-146ccd65b642-downloadableSrc-2916cc2748e8.webp
98bf6a0a-b0b7-40ad-83ab-453e63edc938,Locking a card (card settings),93ad9ceb-a163-41da-ba7a-9f07c737fc2a,Revolut Business,0c4c334c-e3a5-4395-89be-c7666aaafdf5,0,1,6441b620-6160-401d-a6f8-146ccd65b642,true,downloadableSrc,200,image/webp,86744,86744,2916cc2748e87cdb8682b20805f091fa9014d32df18b01d4533d925f12c81321,1179,2676,,,bytescale.mobbin.com,f7a1807c1ac98ccf0eecf5078d61346ac9a94ca37a547f5708d580528c9e55c0,/Users/user/mobbin-sides/screen-flows/revolut-business/041-revolut-business-locking-a-card-card-settings-98bf6a0a-b0b7-40ad-83ab-453e63edc938/001-6441b620-6160-401d-a6f8-146ccd65b642-downloadableSrc-2916cc2748e8.webp
98bf6a0a-b0b7-40ad-83ab-453e63edc938,Locking a card (card settings),93ad9ceb-a163-41da-ba7a-9f07c737fc2a,Revolut Business,0c4c334c-e3a5-4395-89be-c7666aaafdf5,1,2,d182264b-4925-463e-bc1c-43cb54e586b4,true,downloadableSrc,200,image/webp,60980,60980,e728044f106fda2cc4ae9be5993319f84aecb92d698ce8e6231fabfde84441fa,1179,2676,,,bytescale.mobbin.com,f7a1807c1ac98ccf0eecf5078d61346ac9a94ca37a547f5708d580528c9e55c0,/Users/user/mobbin-sides/screen-flows/revolut-business/041-revolut-business-locking-a-card-card-settings-98bf6a0a-b0b7-40ad-83ab-453e63edc938/002-d182264b-4925-463e-bc1c-43cb54e586b4-downloadableSrc-e728044f106f.webp
98bf6a0a-b0b7-40ad-83ab-453e63edc938,Locking a card (card settings),93ad9ceb-a163-41da-ba7a-9f07c737fc2a,Revolut Business,0c4c334c-e3a5-4395-89be-c7666aaafdf5,2,3,69cf59ce-d7f5-4b30-9457-99589bacb279,true,downloadableSrc,200,image/webp,53762,53762,55d8ea17fbeb9b2d5262745105b5d0c3030fdeb067a609d00e2ab1e1896db7f4,1179,2676,,,bytescale.mobbin.com,f7a1807c1ac98ccf0eecf5078d61346ac9a94ca37a547f5708d580528c9e55c0,/Users/user/mobbin-sides/screen-flows/revolut-business/041-revolut-business-locking-a-card-card-settings-98bf6a0a-b0b7-40ad-83ab-453e63edc938/003-69cf59ce-d7f5-4b30-9457-99589bacb279-downloadableSrc-55d8ea17fbeb.webp
6f4600bc-ecda-4753-87d2-ff5c0c8b17d2,Card history,93ad9ceb-a163-41da-ba7a-9f07c737fc2a,Revolut Business,0c4c334c-e3a5-4395-89be-c7666aaafdf5,0,1,6441b620-6160-401d-a6f8-146ccd65b642,true,downloadableSrc,200,image/webp,86744,86744,2916cc2748e87cdb8682b20805f091fa9014d32df18b01d4533d925f12c81321,1179,2676,,,bytescale.mobbin.com,f7a1807c1ac98ccf0eecf5078d61346ac9a94ca37a547f5708d580528c9e55c0,/Users/user/mobbin-sides/screen-flows/revolut-business/042-revolut-business-card-history-6f4600bc-ecda-4753-87d2-ff5c0c8b17d2/001-6441b620-6160-401d-a6f8-146ccd65b642-downloadableSrc-2916cc2748e8.webp
6f4600bc-ecda-4753-87d2-ff5c0c8b17d2,Card history,93ad9ceb-a163-41da-ba7a-9f07c737fc2a,Revolut Business,0c4c334c-e3a5-4395-89be-c7666aaafdf5,1,2,36e4b105-9353-44e7-8c4f-38df9336c22e,true,downloadableSrc,200,image/webp,85094,85094,15e58154d130643ddc949aadb4a93f5ea5b3c434dbed666ce8d7632954f58441,1179,2676,,,bytescale.mobbin.com,f7a1807c1ac98ccf0eecf5078d61346ac9a94ca37a547f5708d580528c9e55c0,/Users/user/mobbin-sides/screen-flows/revolut-business/042-revolut-business-card-history-6f4600bc-ecda-4753-87d2-ff5c0c8b17d2/002-36e4b105-9353-44e7-8c4f-38df9336c22e-downloadableSrc-15e58154d130.webp
78e4b3b6-70c0-4a9a-9612-44e245e56dd6,Terminating a card,93ad9ceb-a163-41da-ba7a-9f07c737fc2a,Revolut Business,0c4c334c-e3a5-4395-89be-c7666aaafdf5,0,1,6441b620-6160-401d-a6f8-146ccd65b642,true,downloadableSrc,200,image/webp,86744,86744,2916cc2748e87cdb8682b20805f091fa9014d32df18b01d4533d925f12c81321,1179,2676,,,bytescale.mobbin.com,f7a1807c1ac98ccf0eecf5078d61346ac9a94ca37a547f5708d580528c9e55c0,/Users/user/mobbin-sides/screen-flows/revolut-business/043-revolut-business-terminating-a-card-78e4b3b6-70c0-4a9a-9612-44e245e56dd6/001-6441b620-6160-401d-a6f8-146ccd65b642-downloadableSrc-2916cc2748e8.webp
78e4b3b6-70c0-4a9a-9612-44e245e56dd6,Terminating a card,93ad9ceb-a163-41da-ba7a-9f07c737fc2a,Revolut Business,0c4c334c-e3a5-4395-89be-c7666aaafdf5,1,2,e4f359b3-44f0-4ce8-b1d7-f74982800a24,true,downloadableSrc,200,image/webp,73034,73034,712f5852036919a368f8d5947aac1ad31b37d20d92de984b364e9632d14e9362,1179,2676,,,bytescale.mobbin.com,f7a1807c1ac98ccf0eecf5078d61346ac9a94ca37a547f5708d580528c9e55c0,/Users/user/mobbin-sides/screen-flows/revolut-business/043-revolut-business-terminating-a-card-78e4b3b6-70c0-4a9a-9612-44e245e56dd6/002-e4f359b3-44f0-4ce8-b1d7-f74982800a24-downloadableSrc-712f58520369.webp
78e4b3b6-70c0-4a9a-9612-44e245e56dd6,Terminating a card,93ad9ceb-a163-41da-ba7a-9f07c737fc2a,Revolut Business,0c4c334c-e3a5-4395-89be-c7666aaafdf5,2,3,c835eda7-2fda-4fab-bc02-a23a0b8b53dc,true,downloadableSrc,200,image/webp,55350,55350,c0829c96672ef26eda3ff07d4ffbbca83808710a0813cf9017ca7b7996eacb94,1179,2676,,,bytescale.mobbin.com,f7a1807c1ac98ccf0eecf5078d61346ac9a94ca37a547f5708d580528c9e55c0,/Users/user/mobbin-sides/screen-flows/revolut-business/043-revolut-business-terminating-a-card-78e4b3b6-70c0-4a9a-9612-44e245e56dd6/003-c835eda7-2fda-4fab-bc02-a23a0b8b53dc-downloadableSrc-c0829c96672e.webp
78e4b3b6-70c0-4a9a-9612-44e245e56dd6,Terminating a card,93ad9ceb-a163-41da-ba7a-9f07c737fc2a,Revolut Business,0c4c334c-e3a5-4395-89be-c7666aaafdf5,3,4,37649f8b-5ae3-41a8-af01-ff8f9f67c393,true,downloadableSrc,200,image/webp,44890,44890,a3d8416efd58f4e74b2ebd7fbb51e36ac45a48a30abc2cec4cf121518dc513a2,1179,2676,,,bytescale.mobbin.com,f7a1807c1ac98ccf0eecf5078d61346ac9a94ca37a547f5708d580528c9e55c0,/Users/user/mobbin-sides/screen-flows/revolut-business/043-revolut-business-terminating-a-card-78e4b3b6-70c0-4a9a-9612-44e245e56dd6/004-37649f8b-5ae3-41a8-af01-ff8f9f67c393-downloadableSrc-a3d8416efd58.webp
ff3866ad-b7cb-4119-9e41-acf36bad7538,Creating a spending program,93ad9ceb-a163-41da-ba7a-9f07c737fc2a,Revolut Business,0c4c334c-e3a5-4395-89be-c7666aaafdf5,0,1,1d23d1a6-57fb-4ada-848a-1cae5fe408c4,true,downloadableSrc,200,image/webp,43662,43662,3084d5d36e5ec54d4a9a2be77d9c45a404a549f9ba37dac9be9a288379a2208d,1179,2676,,,bytescale.mobbin.com,f7a1807c1ac98ccf0eecf5078d61346ac9a94ca37a547f5708d580528c9e55c0,/Users/user/mobbin-sides/screen-flows/revolut-business/044-revolut-business-creating-a-spending-program-ff3866ad-b7cb-4119-9e41-acf36bad7538/001-1d23d1a6-57fb-4ada-848a-1cae5fe408c4-downloadableSrc-3084d5d36e5e.webp
ff3866ad-b7cb-4119-9e41-acf36bad7538,Creating a spending program,93ad9ceb-a163-41da-ba7a-9f07c737fc2a,Revolut Business,0c4c334c-e3a5-4395-89be-c7666aaafdf5,1,2,1249f0d3-474b-44e1-b2e1-131a267ddc3d,true,downloadableSrc,200,image/webp,50380,50380,367bf03d7557db718a646217109691e564c0e2cbc5073ebbe03f3d27e33a3dd0,1179,2676,,,bytescale.mobbin.com,f7a1807c1ac98ccf0eecf5078d61346ac9a94ca37a547f5708d580528c9e55c0,/Users/user/mobbin-sides/screen-flows/revolut-business/044-revolut-business-creating-a-spending-program-ff3866ad-b7cb-4119-9e41-acf36bad7538/002-1249f0d3-474b-44e1-b2e1-131a267ddc3d-downloadableSrc-367bf03d7557.webp
ff3866ad-b7cb-4119-9e41-acf36bad7538,Creating a spending program,93ad9ceb-a163-41da-ba7a-9f07c737fc2a,Revolut Business,0c4c334c-e3a5-4395-89be-c7666aaafdf5,2,3,2d14f4df-f1dc-48d0-a213-ec396b8aeb2e,true,downloadableSrc,200,image/webp,51942,51942,c5a05b0dd656031c0e1be2f752e41c4b375a2dc3c2db19a0bc24d59ad9fe58e2,1179,2676,,,bytescale.mobbin.com,f7a1807c1ac98ccf0eecf5078d61346ac9a94ca37a547f5708d580528c9e55c0,/Users/user/mobbin-sides/screen-flows/revolut-business/044-revolut-business-creating-a-spending-program-ff3866ad-b7cb-4119-9e41-acf36bad7538/003-2d14f4df-f1dc-48d0-a213-ec396b8aeb2e-downloadableSrc-c5a05b0dd656.webp
ff3866ad-b7cb-4119-9e41-acf36bad7538,Creating a spending program,93ad9ceb-a163-41da-ba7a-9f07c737fc2a,Revolut Business,0c4c334c-e3a5-4395-89be-c7666aaafdf5,3,4,b5734d30-386b-4c76-8b16-62f8d172565a,true,downloadableSrc,200,image/webp,78976,78976,52bce101ca66343c0f04efaafa6b6b3cb228b4587719c38683f207711ec0c207,1179,2676,,,bytescale.mobbin.com,f7a1807c1ac98ccf0eecf5078d61346ac9a94ca37a547f5708d580528c9e55c0,/Users/user/mobbin-sides/screen-flows/revolut-business/044-revolut-business-creating-a-spending-program-ff3866ad-b7cb-4119-9e41-acf36bad7538/004-b5734d30-386b-4c76-8b16-62f8d172565a-downloadableSrc-52bce101ca66.webp
ff3866ad-b7cb-4119-9e41-acf36bad7538,Creating a spending program,93ad9ceb-a163-41da-ba7a-9f07c737fc2a,Revolut Business,0c4c334c-e3a5-4395-89be-c7666aaafdf5,4,5,0d3800c9-34d3-4603-9401-d6f706b85ff9,true,downloadableSrc,200,image/webp,90748,90748,d4c58781131067ac3e2a3f780d7c7ad1a676e34aca79cb0ec7c2b6afe9320d4d,1179,2676,,,bytescale.mobbin.com,f7a1807c1ac98ccf0eecf5078d61346ac9a94ca37a547f5708d580528c9e55c0,/Users/user/mobbin-sides/screen-flows/revolut-business/044-revolut-business-creating-a-spending-program-ff3866ad-b7cb-4119-9e41-acf36bad7538/005-0d3800c9-34d3-4603-9401-d6f706b85ff9-downloadableSrc-d4c587811310.webp
9e29d864-4873-47ea-8ccc-f13b7a34e94e,Assigning a card,93ad9ceb-a163-41da-ba7a-9f07c737fc2a,Revolut Business,0c4c334c-e3a5-4395-89be-c7666aaafdf5,0,1,b5734d30-386b-4c76-8b16-62f8d172565a,true,downloadableSrc,200,image/webp,78976,78976,52bce101ca66343c0f04efaafa6b6b3cb228b4587719c38683f207711ec0c207,1179,2676,,,bytescale.mobbin.com,f7a1807c1ac98ccf0eecf5078d61346ac9a94ca37a547f5708d580528c9e55c0,/Users/user/mobbin-sides/screen-flows/revolut-business/045-revolut-business-assigning-a-card-9e29d864-4873-47ea-8ccc-f13b7a34e94e/001-b5734d30-386b-4c76-8b16-62f8d172565a-downloadableSrc-52bce101ca66.webp
9e29d864-4873-47ea-8ccc-f13b7a34e94e,Assigning a card,93ad9ceb-a163-41da-ba7a-9f07c737fc2a,Revolut Business,0c4c334c-e3a5-4395-89be-c7666aaafdf5,1,2,9480133e-2479-482f-83df-fb114153a87e,true,downloadableSrc,200,image/webp,40632,40632,a650932ec9d06a004bf8013c5a9b4fdda5cdfd302b547a94d455d80f030396bb,1179,2676,,,bytescale.mobbin.com,f7a1807c1ac98ccf0eecf5078d61346ac9a94ca37a547f5708d580528c9e55c0,/Users/user/mobbin-sides/screen-flows/revolut-business/045-revolut-business-assigning-a-card-9e29d864-4873-47ea-8ccc-f13b7a34e94e/002-9480133e-2479-482f-83df-fb114153a87e-downloadableSrc-a650932ec9d0.webp
9e29d864-4873-47ea-8ccc-f13b7a34e94e,Assigning a card,93ad9ceb-a163-41da-ba7a-9f07c737fc2a,Revolut Business,0c4c334c-e3a5-4395-89be-c7666aaafdf5,2,3,e20ce2f0-d100-4132-95ca-aa536562736e,true,downloadableSrc,200,image/webp,42208,42208,1f17b495024e1cdbe785074a52c81ee99180cd1a48856ebc11f2952f0fc6b90b,1179,2676,,,bytescale.mobbin.com,f7a1807c1ac98ccf0eecf5078d61346ac9a94ca37a547f5708d580528c9e55c0,/Users/user/mobbin-sides/screen-flows/revolut-business/045-revolut-business-assigning-a-card-9e29d864-4873-47ea-8ccc-f13b7a34e94e/003-e20ce2f0-d100-4132-95ca-aa536562736e-downloadableSrc-1f17b495024e.webp
9e29d864-4873-47ea-8ccc-f13b7a34e94e,Assigning a card,93ad9ceb-a163-41da-ba7a-9f07c737fc2a,Revolut Business,0c4c334c-e3a5-4395-89be-c7666aaafdf5,3,4,95fcba8e-03ef-4676-ba68-1be4e45089a8,true,downloadableSrc,200,image/webp,77128,77128,757b66d1c22f0061985dec2d2a812b4449e04f94e2d52da31de53d73c9bc9ace,1179,2676,,,bytescale.mobbin.com,f7a1807c1ac98ccf0eecf5078d61346ac9a94ca37a547f5708d580528c9e55c0,/Users/user/mobbin-sides/screen-flows/revolut-business/045-revolut-business-assigning-a-card-9e29d864-4873-47ea-8ccc-f13b7a34e94e/004-95fcba8e-03ef-4676-ba68-1be4e45089a8-downloadableSrc-757b66d1c22f.webp
f32e24a8-8e1e-444a-abc1-9aa1dfd51a4b,Updating spending limit,93ad9ceb-a163-41da-ba7a-9f07c737fc2a,Revolut Business,0c4c334c-e3a5-4395-89be-c7666aaafdf5,0,1,b5734d30-386b-4c76-8b16-62f8d172565a,true,downloadableSrc,200,image/webp,78976,78976,52bce101ca66343c0f04efaafa6b6b3cb228b4587719c38683f207711ec0c207,1179,2676,,,bytescale.mobbin.com,f7a1807c1ac98ccf0eecf5078d61346ac9a94ca37a547f5708d580528c9e55c0,/Users/user/mobbin-sides/screen-flows/revolut-business/046-revolut-business-updating-spending-limit-f32e24a8-8e1e-444a-abc1-9aa1dfd51a4b/001-b5734d30-386b-4c76-8b16-62f8d172565a-downloadableSrc-52bce101ca66.webp
f32e24a8-8e1e-444a-abc1-9aa1dfd51a4b,Updating spending limit,93ad9ceb-a163-41da-ba7a-9f07c737fc2a,Revolut Business,0c4c334c-e3a5-4395-89be-c7666aaafdf5,1,2,bb204368-3818-41ee-b167-761373e9a59d,true,downloadableSrc,200,image/webp,43570,43570,179838cc2595ed3b72394589370179071e33f6f3461d213a6ee01a122334c50d,1179,2676,,,bytescale.mobbin.com,f7a1807c1ac98ccf0eecf5078d61346ac9a94ca37a547f5708d580528c9e55c0,/Users/user/mobbin-sides/screen-flows/revolut-business/046-revolut-business-updating-spending-limit-f32e24a8-8e1e-444a-abc1-9aa1dfd51a4b/002-bb204368-3818-41ee-b167-761373e9a59d-downloadableSrc-179838cc2595.webp
f32e24a8-8e1e-444a-abc1-9aa1dfd51a4b,Updating spending limit,93ad9ceb-a163-41da-ba7a-9f07c737fc2a,Revolut Business,0c4c334c-e3a5-4395-89be-c7666aaafdf5,2,3,45db5130-9c69-45d6-b4c6-6707ec8619e5,true,downloadableSrc,200,image/webp,64416,64416,4d721de81d22d298eb6ed78ca0df7f25f4d462d2bcc985217aa7d3e704ba0a1a,1179,2676,,,bytescale.mobbin.com,f7a1807c1ac98ccf0eecf5078d61346ac9a94ca37a547f5708d580528c9e55c0,/Users/user/mobbin-sides/screen-flows/revolut-business/046-revolut-business-updating-spending-limit-f32e24a8-8e1e-444a-abc1-9aa1dfd51a4b/003-45db5130-9c69-45d6-b4c6-6707ec8619e5-downloadableSrc-4d721de81d22.webp
f32e24a8-8e1e-444a-abc1-9aa1dfd51a4b,Updating spending limit,93ad9ceb-a163-41da-ba7a-9f07c737fc2a,Revolut Business,0c4c334c-e3a5-4395-89be-c7666aaafdf5,3,4,cece9d12-626a-4a58-8439-b9cb464b04b5,true,downloadableSrc,200,image/webp,71894,71894,4a7b8702ff30264ab56905f30213d9563ee4d4ed72d46d7788b406c9cb2deac5,1179,2676,,,bytescale.mobbin.com,f7a1807c1ac98ccf0eecf5078d61346ac9a94ca37a547f5708d580528c9e55c0,/Users/user/mobbin-sides/screen-flows/revolut-business/046-revolut-business-updating-spending-limit-f32e24a8-8e1e-444a-abc1-9aa1dfd51a4b/004-cece9d12-626a-4a58-8439-b9cb464b04b5-downloadableSrc-4a7b8702ff30.webp
f32e24a8-8e1e-444a-abc1-9aa1dfd51a4b,Updating spending limit,93ad9ceb-a163-41da-ba7a-9f07c737fc2a,Revolut Business,0c4c334c-e3a5-4395-89be-c7666aaafdf5,4,5,d4589739-7576-49f6-81cc-2689bdaaa157,true,downloadableSrc,200,image/webp,72708,72708,beb9f9727f3379564ddbf4bc912cb49a40c8e4e8b321b6963ebf21f103954c7d,1179,2676,,,bytescale.mobbin.com,f7a1807c1ac98ccf0eecf5078d61346ac9a94ca37a547f5708d580528c9e55c0,/Users/user/mobbin-sides/screen-flows/revolut-business/046-revolut-business-updating-spending-limit-f32e24a8-8e1e-444a-abc1-9aa1dfd51a4b/005-d4589739-7576-49f6-81cc-2689bdaaa157-downloadableSrc-beb9f9727f33.webp
f32e24a8-8e1e-444a-abc1-9aa1dfd51a4b,Updating spending limit,93ad9ceb-a163-41da-ba7a-9f07c737fc2a,Revolut Business,0c4c334c-e3a5-4395-89be-c7666aaafdf5,5,6,18d579b9-99f6-461e-8580-78dedeab7f03,true,downloadableSrc,200,image/webp,78186,78186,d7c7495f9dc40dbf278cf5df9b51f5b9f369495fa671f957e7a89a6300c29747,1179,2676,,,bytescale.mobbin.com,f7a1807c1ac98ccf0eecf5078d61346ac9a94ca37a547f5708d580528c9e55c0,/Users/user/mobbin-sides/screen-flows/revolut-business/046-revolut-business-updating-spending-limit-f32e24a8-8e1e-444a-abc1-9aa1dfd51a4b/006-18d579b9-99f6-461e-8580-78dedeab7f03-downloadableSrc-d7c7495f9dc4.webp
fd056ffb-5d58-4ce2-a31f-6a3e32ccff24,Updating category controls,93ad9ceb-a163-41da-ba7a-9f07c737fc2a,Revolut Business,0c4c334c-e3a5-4395-89be-c7666aaafdf5,0,1,b5734d30-386b-4c76-8b16-62f8d172565a,true,downloadableSrc,200,image/webp,78976,78976,52bce101ca66343c0f04efaafa6b6b3cb228b4587719c38683f207711ec0c207,1179,2676,,,bytescale.mobbin.com,f7a1807c1ac98ccf0eecf5078d61346ac9a94ca37a547f5708d580528c9e55c0,/Users/user/mobbin-sides/screen-flows/revolut-business/047-revolut-business-updating-category-controls-fd056ffb-5d58-4ce2-a31f-6a3e32ccff24/001-b5734d30-386b-4c76-8b16-62f8d172565a-downloadableSrc-52bce101ca66.webp
fd056ffb-5d58-4ce2-a31f-6a3e32ccff24,Updating category controls,93ad9ceb-a163-41da-ba7a-9f07c737fc2a,Revolut Business,0c4c334c-e3a5-4395-89be-c7666aaafdf5,1,2,99e72ccb-71d6-4c83-b65f-41dd96447ee5,true,downloadableSrc,200,image/webp,67958,67958,92d991510549043fbaf70c7fa2893c0c080f7421c26659ff3ff0040830569ea4,1179,2676,,,bytescale.mobbin.com,f7a1807c1ac98ccf0eecf5078d61346ac9a94ca37a547f5708d580528c9e55c0,/Users/user/mobbin-sides/screen-flows/revolut-business/047-revolut-business-updating-category-controls-fd056ffb-5d58-4ce2-a31f-6a3e32ccff24/002-99e72ccb-71d6-4c83-b65f-41dd96447ee5-downloadableSrc-92d991510549.webp
fd056ffb-5d58-4ce2-a31f-6a3e32ccff24,Updating category controls,93ad9ceb-a163-41da-ba7a-9f07c737fc2a,Revolut Business,0c4c334c-e3a5-4395-89be-c7666aaafdf5,2,3,417c1740-c1de-4d62-9101-99c550f4e4f6,true,downloadableSrc,200,image/webp,68830,68830,e02c613c4a3aef1becdd0472df299fe6129b15cc87e296f809ccf2f4e216416e,1179,2676,,,bytescale.mobbin.com,f7a1807c1ac98ccf0eecf5078d61346ac9a94ca37a547f5708d580528c9e55c0,/Users/user/mobbin-sides/screen-flows/revolut-business/047-revolut-business-updating-category-controls-fd056ffb-5d58-4ce2-a31f-6a3e32ccff24/003-417c1740-c1de-4d62-9101-99c550f4e4f6-downloadableSrc-e02c613c4a3a.webp
fd056ffb-5d58-4ce2-a31f-6a3e32ccff24,Updating category controls,93ad9ceb-a163-41da-ba7a-9f07c737fc2a,Revolut Business,0c4c334c-e3a5-4395-89be-c7666aaafdf5,3,4,4533e53e-14a0-46ea-a8d4-24751ee88e54,true,downloadableSrc,200,image/webp,81414,81414,964d0ec2970178d9fb124843b1360475d6c368a40147cf997dda7ea834f1b1f0,1179,2676,,,bytescale.mobbin.com,f7a1807c1ac98ccf0eecf5078d61346ac9a94ca37a547f5708d580528c9e55c0,/Users/user/mobbin-sides/screen-flows/revolut-business/047-revolut-business-updating-category-controls-fd056ffb-5d58-4ce2-a31f-6a3e32ccff24/004-4533e53e-14a0-46ea-a8d4-24751ee88e54-downloadableSrc-964d0ec29701.webp
758c0b22-6830-4f29-8876-27767e2feffa,Deleting a spending program,93ad9ceb-a163-41da-ba7a-9f07c737fc2a,Revolut Business,0c4c334c-e3a5-4395-89be-c7666aaafdf5,0,1,b5734d30-386b-4c76-8b16-62f8d172565a,true,downloadableSrc,200,image/webp,78976,78976,52bce101ca66343c0f04efaafa6b6b3cb228b4587719c38683f207711ec0c207,1179,2676,,,bytescale.mobbin.com,f7a1807c1ac98ccf0eecf5078d61346ac9a94ca37a547f5708d580528c9e55c0,/Users/user/mobbin-sides/screen-flows/revolut-business/048-revolut-business-deleting-a-spending-program-758c0b22-6830-4f29-8876-27767e2feffa/001-b5734d30-386b-4c76-8b16-62f8d172565a-downloadableSrc-52bce101ca66.webp
758c0b22-6830-4f29-8876-27767e2feffa,Deleting a spending program,93ad9ceb-a163-41da-ba7a-9f07c737fc2a,Revolut Business,0c4c334c-e3a5-4395-89be-c7666aaafdf5,1,2,d0c80a83-0ff0-4b87-863e-ef4a301b465f,true,downloadableSrc,200,image/webp,87310,87310,9cc3cfca127c2d524060c60669aa486ccfb9c0bbe5e1d3dbd905354bb1fc715a,1179,2676,,,bytescale.mobbin.com,f7a1807c1ac98ccf0eecf5078d61346ac9a94ca37a547f5708d580528c9e55c0,/Users/user/mobbin-sides/screen-flows/revolut-business/048-revolut-business-deleting-a-spending-program-758c0b22-6830-4f29-8876-27767e2feffa/002-d0c80a83-0ff0-4b87-863e-ef4a301b465f-downloadableSrc-9cc3cfca127c.webp
758c0b22-6830-4f29-8876-27767e2feffa,Deleting a spending program,93ad9ceb-a163-41da-ba7a-9f07c737fc2a,Revolut Business,0c4c334c-e3a5-4395-89be-c7666aaafdf5,2,3,ecee01f7-1068-4d07-9507-ea33e6c8be27,true,downloadableSrc,200,image/webp,66866,66866,32bf3e5bd3ed45c31f4c6eb8291e69a07bfbc60de6ffad3c4b456ae1fab7e29a,1179,2676,,,bytescale.mobbin.com,f7a1807c1ac98ccf0eecf5078d61346ac9a94ca37a547f5708d580528c9e55c0,/Users/user/mobbin-sides/screen-flows/revolut-business/048-revolut-business-deleting-a-spending-program-758c0b22-6830-4f29-8876-27767e2feffa/003-ecee01f7-1068-4d07-9507-ea33e6c8be27-downloadableSrc-32bf3e5bd3ed.webp
758c0b22-6830-4f29-8876-27767e2feffa,Deleting a spending program,93ad9ceb-a163-41da-ba7a-9f07c737fc2a,Revolut Business,0c4c334c-e3a5-4395-89be-c7666aaafdf5,3,4,c74b3a20-6b93-4ff9-8273-dfe2d75d9a9c,true,downloadableSrc,200,image/webp,80954,80954,ebca7555b9421e77f2bf09b9b7870f0ceab44f667b1a4cc247737d4b5a2472aa,1179,2676,,,bytescale.mobbin.com,f7a1807c1ac98ccf0eecf5078d61346ac9a94ca37a547f5708d580528c9e55c0,/Users/user/mobbin-sides/screen-flows/revolut-business/048-revolut-business-deleting-a-spending-program-758c0b22-6830-4f29-8876-27767e2feffa/004-c74b3a20-6b93-4ff9-8273-dfe2d75d9a9c-downloadableSrc-ebca7555b942.webp
32b2302f-a7a5-45ab-bf16-aebdeb14cbc6,Card requests,93ad9ceb-a163-41da-ba7a-9f07c737fc2a,Revolut Business,0c4c334c-e3a5-4395-89be-c7666aaafdf5,0,1,1d23d1a6-57fb-4ada-848a-1cae5fe408c4,true,downloadableSrc,200,image/webp,43662,43662,3084d5d36e5ec54d4a9a2be77d9c45a404a549f9ba37dac9be9a288379a2208d,1179,2676,,,bytescale.mobbin.com,f7a1807c1ac98ccf0eecf5078d61346ac9a94ca37a547f5708d580528c9e55c0,/Users/user/mobbin-sides/screen-flows/revolut-business/049-revolut-business-card-requests-32b2302f-a7a5-45ab-bf16-aebdeb14cbc6/001-1d23d1a6-57fb-4ada-848a-1cae5fe408c4-downloadableSrc-3084d5d36e5e.webp
32b2302f-a7a5-45ab-bf16-aebdeb14cbc6,Card requests,93ad9ceb-a163-41da-ba7a-9f07c737fc2a,Revolut Business,0c4c334c-e3a5-4395-89be-c7666aaafdf5,1,2,7561998a-5dba-4ead-b0ca-26a84099eaec,true,downloadableSrc,200,image/webp,39978,39978,024f21b867f22c297b6b7678bcfba8ab692d61e90bf58df19f068c2a4f00d91a,1179,2676,,,bytescale.mobbin.com,f7a1807c1ac98ccf0eecf5078d61346ac9a94ca37a547f5708d580528c9e55c0,/Users/user/mobbin-sides/screen-flows/revolut-business/049-revolut-business-card-requests-32b2302f-a7a5-45ab-bf16-aebdeb14cbc6/002-7561998a-5dba-4ead-b0ca-26a84099eaec-downloadableSrc-024f21b867f2.webp
69f5ea9e-d160-4c4f-a2c9-07ed7ccf8960,Request detail,93ad9ceb-a163-41da-ba7a-9f07c737fc2a,Revolut Business,0c4c334c-e3a5-4395-89be-c7666aaafdf5,0,1,7561998a-5dba-4ead-b0ca-26a84099eaec,true,downloadableSrc,200,image/webp,39978,39978,024f21b867f22c297b6b7678bcfba8ab692d61e90bf58df19f068c2a4f00d91a,1179,2676,,,bytescale.mobbin.com,f7a1807c1ac98ccf0eecf5078d61346ac9a94ca37a547f5708d580528c9e55c0,/Users/user/mobbin-sides/screen-flows/revolut-business/050-revolut-business-request-detail-69f5ea9e-d160-4c4f-a2c9-07ed7ccf8960/001-7561998a-5dba-4ead-b0ca-26a84099eaec-downloadableSrc-024f21b867f2.webp
69f5ea9e-d160-4c4f-a2c9-07ed7ccf8960,Request detail,93ad9ceb-a163-41da-ba7a-9f07c737fc2a,Revolut Business,0c4c334c-e3a5-4395-89be-c7666aaafdf5,1,2,9a34e3c2-65fa-49e0-9a6f-5833c749d333,true,downloadableSrc,200,image/webp,64500,64500,73b16cfb3d66e6208d578017c29462981a4582469f1800b97d446075174bd465,1179,2676,,,bytescale.mobbin.com,f7a1807c1ac98ccf0eecf5078d61346ac9a94ca37a547f5708d580528c9e55c0,/Users/user/mobbin-sides/screen-flows/revolut-business/050-revolut-business-request-detail-69f5ea9e-d160-4c4f-a2c9-07ed7ccf8960/002-9a34e3c2-65fa-49e0-9a6f-5833c749d333-downloadableSrc-73b16cfb3d66.webp
69f5ea9e-d160-4c4f-a2c9-07ed7ccf8960,Request detail,93ad9ceb-a163-41da-ba7a-9f07c737fc2a,Revolut Business,0c4c334c-e3a5-4395-89be-c7666aaafdf5,2,3,64d00289-b1fd-4d1b-8768-884ce9603421,true,downloadableSrc,200,image/webp,60338,60338,064ec6bf45d95c3c615585f59cfaf06c4b0128913bc85f09b01a17ad2c0df9ce,1179,2676,,,bytescale.mobbin.com,f7a1807c1ac98ccf0eecf5078d61346ac9a94ca37a547f5708d580528c9e55c0,/Users/user/mobbin-sides/screen-flows/revolut-business/050-revolut-business-request-detail-69f5ea9e-d160-4c4f-a2c9-07ed7ccf8960/003-64d00289-b1fd-4d1b-8768-884ce9603421-downloadableSrc-064ec6bf45d9.webp
1ab1004a-0d7a-4b2f-bfed-8101a3c6d8a5,Approving a request,93ad9ceb-a163-41da-ba7a-9f07c737fc2a,Revolut Business,0c4c334c-e3a5-4395-89be-c7666aaafdf5,0,1,9a34e3c2-65fa-49e0-9a6f-5833c749d333,true,downloadableSrc,200,image/webp,64500,64500,73b16cfb3d66e6208d578017c29462981a4582469f1800b97d446075174bd465,1179,2676,,,bytescale.mobbin.com,f7a1807c1ac98ccf0eecf5078d61346ac9a94ca37a547f5708d580528c9e55c0,/Users/user/mobbin-sides/screen-flows/revolut-business/051-revolut-business-approving-a-request-1ab1004a-0d7a-4b2f-bfed-8101a3c6d8a5/001-9a34e3c2-65fa-49e0-9a6f-5833c749d333-downloadableSrc-73b16cfb3d66.webp
1ab1004a-0d7a-4b2f-bfed-8101a3c6d8a5,Approving a request,93ad9ceb-a163-41da-ba7a-9f07c737fc2a,Revolut Business,0c4c334c-e3a5-4395-89be-c7666aaafdf5,1,2,92523bcc-943b-4b63-b82b-01106b6ea268,true,downloadableSrc,200,image/webp,42098,42098,7f2e7289f2fa7d8a5b1214f27a12acfedbb0ac924c78c11d05ea22e4cfa358dc,1179,2676,,,bytescale.mobbin.com,f7a1807c1ac98ccf0eecf5078d61346ac9a94ca37a547f5708d580528c9e55c0,/Users/user/mobbin-sides/screen-flows/revolut-business/051-revolut-business-approving-a-request-1ab1004a-0d7a-4b2f-bfed-8101a3c6d8a5/002-92523bcc-943b-4b63-b82b-01106b6ea268-downloadableSrc-7f2e7289f2fa.webp
86fa06f5-014e-40ce-b492-d21029b1b528,Rejecting a request,93ad9ceb-a163-41da-ba7a-9f07c737fc2a,Revolut Business,0c4c334c-e3a5-4395-89be-c7666aaafdf5,0,1,9a34e3c2-65fa-49e0-9a6f-5833c749d333,true,downloadableSrc,200,image/webp,64500,64500,73b16cfb3d66e6208d578017c29462981a4582469f1800b97d446075174bd465,1179,2676,,,bytescale.mobbin.com,f7a1807c1ac98ccf0eecf5078d61346ac9a94ca37a547f5708d580528c9e55c0,/Users/user/mobbin-sides/screen-flows/revolut-business/052-revolut-business-rejecting-a-request-86fa06f5-014e-40ce-b492-d21029b1b528/001-9a34e3c2-65fa-49e0-9a6f-5833c749d333-downloadableSrc-73b16cfb3d66.webp
86fa06f5-014e-40ce-b492-d21029b1b528,Rejecting a request,93ad9ceb-a163-41da-ba7a-9f07c737fc2a,Revolut Business,0c4c334c-e3a5-4395-89be-c7666aaafdf5,1,2,72b5a606-2bb5-4ae0-ab72-86aa189c282d,true,downloadableSrc,200,image/webp,55166,55166,6eb0bbf6a361862777bf82ac8d39798cbf22ade6ffe82244983075f29e0452b3,1179,2676,,,bytescale.mobbin.com,f7a1807c1ac98ccf0eecf5078d61346ac9a94ca37a547f5708d580528c9e55c0,/Users/user/mobbin-sides/screen-flows/revolut-business/052-revolut-business-rejecting-a-request-86fa06f5-014e-40ce-b492-d21029b1b528/002-72b5a606-2bb5-4ae0-ab72-86aa189c282d-downloadableSrc-6eb0bbf6a361.webp
86fa06f5-014e-40ce-b492-d21029b1b528,Rejecting a request,93ad9ceb-a163-41da-ba7a-9f07c737fc2a,Revolut Business,0c4c334c-e3a5-4395-89be-c7666aaafdf5,2,3,ffa3d50b-dfd2-4f06-b091-90e455c2f339,true,downloadableSrc,200,image/webp,56814,56814,e88accbc083b0f336fe7d7fe0c99519d6b83df9bacc36222bcf7807dcb1caaf9,1179,2676,,,bytescale.mobbin.com,f7a1807c1ac98ccf0eecf5078d61346ac9a94ca37a547f5708d580528c9e55c0,/Users/user/mobbin-sides/screen-flows/revolut-business/052-revolut-business-rejecting-a-request-86fa06f5-014e-40ce-b492-d21029b1b528/003-ffa3d50b-dfd2-4f06-b091-90e455c2f339-downloadableSrc-e88accbc083b.webp
86fa06f5-014e-40ce-b492-d21029b1b528,Rejecting a request,93ad9ceb-a163-41da-ba7a-9f07c737fc2a,Revolut Business,0c4c334c-e3a5-4395-89be-c7666aaafdf5,3,4,46dbb0b2-a246-427d-8686-0d8aaba3bb3c,true,downloadableSrc,200,image/webp,61430,61430,e3529dc367cb4d352fdb34f599a7ffb547c3950b56518ba2ae9e9a56ac84cdb5,1179,2676,,,bytescale.mobbin.com,f7a1807c1ac98ccf0eecf5078d61346ac9a94ca37a547f5708d580528c9e55c0,/Users/user/mobbin-sides/screen-flows/revolut-business/052-revolut-business-rejecting-a-request-86fa06f5-014e-40ce-b492-d21029b1b528/004-46dbb0b2-a246-427d-8686-0d8aaba3bb3c-downloadableSrc-e3529dc367cb.webp
86fa06f5-014e-40ce-b492-d21029b1b528,Rejecting a request,93ad9ceb-a163-41da-ba7a-9f07c737fc2a,Revolut Business,0c4c334c-e3a5-4395-89be-c7666aaafdf5,4,5,90b1a976-e401-48bd-aec3-570e31be5633,true,downloadableSrc,200,image/webp,50762,50762,79cd9b41794a78d92b5ee5c544f4eaeac485312ff720a67dabbfd878964a1fa6,1179,2676,,,bytescale.mobbin.com,f7a1807c1ac98ccf0eecf5078d61346ac9a94ca37a547f5708d580528c9e55c0,/Users/user/mobbin-sides/screen-flows/revolut-business/052-revolut-business-rejecting-a-request-86fa06f5-014e-40ce-b492-d21029b1b528/005-90b1a976-e401-48bd-aec3-570e31be5633-downloadableSrc-79cd9b41794a.webp
8616f773-a15a-4a45-a22b-ee9a30c1e4cb,Transfers,93ad9ceb-a163-41da-ba7a-9f07c737fc2a,Revolut Business,0c4c334c-e3a5-4395-89be-c7666aaafdf5,0,1,ebcd98d5-f535-45e3-b6ca-663c000a4d23,true,downloadableSrc,200,image/webp,71838,71838,01b66bbc2a361dccedaea295781d9b236791a6f2ab2eaac9dd95613385649798,1179,2676,,,bytescale.mobbin.com,f7a1807c1ac98ccf0eecf5078d61346ac9a94ca37a547f5708d580528c9e55c0,/Users/user/mobbin-sides/screen-flows/revolut-business/053-revolut-business-transfers-8616f773-a15a-4a45-a22b-ee9a30c1e4cb/001-ebcd98d5-f535-45e3-b6ca-663c000a4d23-downloadableSrc-01b66bbc2a36.webp
8616f773-a15a-4a45-a22b-ee9a30c1e4cb,Transfers,93ad9ceb-a163-41da-ba7a-9f07c737fc2a,Revolut Business,0c4c334c-e3a5-4395-89be-c7666aaafdf5,1,2,f3d15424-aa3e-4d01-90e8-3096872a4cbf,true,downloadableSrc,200,image/webp,56004,56004,a2c130c5aae9090e341fc53bee2af26cd3dbdef4c65329941041ddfe9848e406,1179,2676,,,bytescale.mobbin.com,f7a1807c1ac98ccf0eecf5078d61346ac9a94ca37a547f5708d580528c9e55c0,/Users/user/mobbin-sides/screen-flows/revolut-business/053-revolut-business-transfers-8616f773-a15a-4a45-a22b-ee9a30c1e4cb/002-f3d15424-aa3e-4d01-90e8-3096872a4cbf-downloadableSrc-a2c130c5aae9.webp
8616f773-a15a-4a45-a22b-ee9a30c1e4cb,Transfers,93ad9ceb-a163-41da-ba7a-9f07c737fc2a,Revolut Business,0c4c334c-e3a5-4395-89be-c7666aaafdf5,2,3,2556be42-ab80-4494-83d9-c37a24ddd030,true,downloadableSrc,200,image/webp,69154,69154,6b8ae122a9356bb5895b5d9f71dde80e08104fce843733907d06dfa65f054774,1179,2676,,,bytescale.mobbin.com,f7a1807c1ac98ccf0eecf5078d61346ac9a94ca37a547f5708d580528c9e55c0,/Users/user/mobbin-sides/screen-flows/revolut-business/053-revolut-business-transfers-8616f773-a15a-4a45-a22b-ee9a30c1e4cb/003-2556be42-ab80-4494-83d9-c37a24ddd030-downloadableSrc-6b8ae122a935.webp
f6cc690a-3089-4822-99fb-e81eccf83936,Sending money,93ad9ceb-a163-41da-ba7a-9f07c737fc2a,Revolut Business,0c4c334c-e3a5-4395-89be-c7666aaafdf5,0,1,f3d15424-aa3e-4d01-90e8-3096872a4cbf,true,downloadableSrc,200,image/webp,56004,56004,a2c130c5aae9090e341fc53bee2af26cd3dbdef4c65329941041ddfe9848e406,1179,2676,,,bytescale.mobbin.com,f7a1807c1ac98ccf0eecf5078d61346ac9a94ca37a547f5708d580528c9e55c0,/Users/user/mobbin-sides/screen-flows/revolut-business/054-revolut-business-sending-money-f6cc690a-3089-4822-99fb-e81eccf83936/001-f3d15424-aa3e-4d01-90e8-3096872a4cbf-downloadableSrc-a2c130c5aae9.webp
f6cc690a-3089-4822-99fb-e81eccf83936,Sending money,93ad9ceb-a163-41da-ba7a-9f07c737fc2a,Revolut Business,0c4c334c-e3a5-4395-89be-c7666aaafdf5,1,2,1ba7ae4d-25c1-493a-9c71-465aa847cab9,true,downloadableSrc,200,image/webp,39594,39594,7e87f1ba7ca4dbb788a7c917308acf50db1d01d93994f7bf318450632fa18136,1179,2676,,,bytescale.mobbin.com,f7a1807c1ac98ccf0eecf5078d61346ac9a94ca37a547f5708d580528c9e55c0,/Users/user/mobbin-sides/screen-flows/revolut-business/054-revolut-business-sending-money-f6cc690a-3089-4822-99fb-e81eccf83936/002-1ba7ae4d-25c1-493a-9c71-465aa847cab9-downloadableSrc-7e87f1ba7ca4.webp
f6cc690a-3089-4822-99fb-e81eccf83936,Sending money,93ad9ceb-a163-41da-ba7a-9f07c737fc2a,Revolut Business,0c4c334c-e3a5-4395-89be-c7666aaafdf5,2,3,9813f3f3-d151-4549-b679-6c4b21bae793,true,downloadableSrc,200,image/webp,48340,48340,a636614574fe3ad13924946290eebb9e833afb31bc26f476d44f9db04d2a111a,1179,2676,,,bytescale.mobbin.com,f7a1807c1ac98ccf0eecf5078d61346ac9a94ca37a547f5708d580528c9e55c0,/Users/user/mobbin-sides/screen-flows/revolut-business/054-revolut-business-sending-money-f6cc690a-3089-4822-99fb-e81eccf83936/003-9813f3f3-d151-4549-b679-6c4b21bae793-downloadableSrc-a636614574fe.webp
f6cc690a-3089-4822-99fb-e81eccf83936,Sending money,93ad9ceb-a163-41da-ba7a-9f07c737fc2a,Revolut Business,0c4c334c-e3a5-4395-89be-c7666aaafdf5,3,4,e2754314-0975-46f7-b335-b283e6ce2fbc,true,downloadableSrc,200,image/webp,28488,28488,8163efb3a6c5f8e6ad1b52728f1e23b38f44454084211246a8fa059ad50623c6,1179,2676,,,bytescale.mobbin.com,f7a1807c1ac98ccf0eecf5078d61346ac9a94ca37a547f5708d580528c9e55c0,/Users/user/mobbin-sides/screen-flows/revolut-business/054-revolut-business-sending-money-f6cc690a-3089-4822-99fb-e81eccf83936/004-e2754314-0975-46f7-b335-b283e6ce2fbc-downloadableSrc-8163efb3a6c5.webp
f6cc690a-3089-4822-99fb-e81eccf83936,Sending money,93ad9ceb-a163-41da-ba7a-9f07c737fc2a,Revolut Business,0c4c334c-e3a5-4395-89be-c7666aaafdf5,4,5,635bf421-871a-4f2e-8e5a-8140eeb1e59d,true,downloadableSrc,200,image/webp,62702,62702,da603ce7d2017f7eadfbf1a283470e1fa077f0f98e265690477788f130d9b602,1179,2676,,,bytescale.mobbin.com,f7a1807c1ac98ccf0eecf5078d61346ac9a94ca37a547f5708d580528c9e55c0,/Users/user/mobbin-sides/screen-flows/revolut-business/054-revolut-business-sending-money-f6cc690a-3089-4822-99fb-e81eccf83936/005-635bf421-871a-4f2e-8e5a-8140eeb1e59d-downloadableSrc-da603ce7d201.webp
f6cc690a-3089-4822-99fb-e81eccf83936,Sending money,93ad9ceb-a163-41da-ba7a-9f07c737fc2a,Revolut Business,0c4c334c-e3a5-4395-89be-c7666aaafdf5,5,6,5de621ac-81b6-4337-a52b-ee66bb6795f2,true,downloadableSrc,200,image/webp,70278,70278,1007e53ddb9507eb2d91f065768117a08dccc529d5c26ee729156a9c06ce0c27,1179,2676,,,bytescale.mobbin.com,f7a1807c1ac98ccf0eecf5078d61346ac9a94ca37a547f5708d580528c9e55c0,/Users/user/mobbin-sides/screen-flows/revolut-business/054-revolut-business-sending-money-f6cc690a-3089-4822-99fb-e81eccf83936/006-5de621ac-81b6-4337-a52b-ee66bb6795f2-downloadableSrc-1007e53ddb95.webp
f6cc690a-3089-4822-99fb-e81eccf83936,Sending money,93ad9ceb-a163-41da-ba7a-9f07c737fc2a,Revolut Business,0c4c334c-e3a5-4395-89be-c7666aaafdf5,6,7,9155578b-15f1-419e-8793-b44a80b18528,true,downloadableSrc,200,image/webp,53582,53582,0ea689acae7386a8e14a1abaa9bb878386eeac3ed4c82cd93155fe76df0dfb57,1179,2676,,,bytescale.mobbin.com,f7a1807c1ac98ccf0eecf5078d61346ac9a94ca37a547f5708d580528c9e55c0,/Users/user/mobbin-sides/screen-flows/revolut-business/054-revolut-business-sending-money-f6cc690a-3089-4822-99fb-e81eccf83936/007-9155578b-15f1-419e-8793-b44a80b18528-downloadableSrc-0ea689acae73.webp
f6cc690a-3089-4822-99fb-e81eccf83936,Sending money,93ad9ceb-a163-41da-ba7a-9f07c737fc2a,Revolut Business,0c4c334c-e3a5-4395-89be-c7666aaafdf5,7,8,1050fc75-5c4a-478d-890b-da61000b4dd8,true,downloadableSrc,200,image/webp,77530,77530,ce10694a6fef09c21f3d635d049ffcc965880baf6bbec5d7128ae33db412e714,1179,2676,,,bytescale.mobbin.com,f7a1807c1ac98ccf0eecf5078d61346ac9a94ca37a547f5708d580528c9e55c0,/Users/user/mobbin-sides/screen-flows/revolut-business/054-revolut-business-sending-money-f6cc690a-3089-4822-99fb-e81eccf83936/008-1050fc75-5c4a-478d-890b-da61000b4dd8-downloadableSrc-ce10694a6fef.webp
f6cc690a-3089-4822-99fb-e81eccf83936,Sending money,93ad9ceb-a163-41da-ba7a-9f07c737fc2a,Revolut Business,0c4c334c-e3a5-4395-89be-c7666aaafdf5,8,9,c63b0b45-46b5-4f5e-8661-a65051c19eeb,true,downloadableSrc,200,image/webp,69142,69142,829d9a1d4c9d4c17763c7421c7004dbff71dfb5f2a2ec9bb76604cd6b2d434bc,1179,2676,,,bytescale.mobbin.com,f7a1807c1ac98ccf0eecf5078d61346ac9a94ca37a547f5708d580528c9e55c0,/Users/user/mobbin-sides/screen-flows/revolut-business/054-revolut-business-sending-money-f6cc690a-3089-4822-99fb-e81eccf83936/009-c63b0b45-46b5-4f5e-8661-a65051c19eeb-downloadableSrc-829d9a1d4c9d.webp
f6cc690a-3089-4822-99fb-e81eccf83936,Sending money,93ad9ceb-a163-41da-ba7a-9f07c737fc2a,Revolut Business,0c4c334c-e3a5-4395-89be-c7666aaafdf5,9,10,9e1574f5-2649-4860-bed3-c2fc83f228b7,true,downloadableSrc,200,image/webp,52514,52514,a1d2f9ae32091f464cff4a6f9d0b2073fd3c980571e46ff171d081a1a21b9f3d,1179,2676,,,bytescale.mobbin.com,f7a1807c1ac98ccf0eecf5078d61346ac9a94ca37a547f5708d580528c9e55c0,/Users/user/mobbin-sides/screen-flows/revolut-business/054-revolut-business-sending-money-f6cc690a-3089-4822-99fb-e81eccf83936/010-9e1574f5-2649-4860-bed3-c2fc83f228b7-downloadableSrc-a1d2f9ae3209.webp
f6cc690a-3089-4822-99fb-e81eccf83936,Sending money,93ad9ceb-a163-41da-ba7a-9f07c737fc2a,Revolut Business,0c4c334c-e3a5-4395-89be-c7666aaafdf5,10,11,55397a32-02d7-44b8-b375-c2af81e9fe09,true,downloadableSrc,200,image/webp,49210,49210,d1020ef8287439e6856d4f4e41725b4ddd43a74d9d2f1daff7c0c4d8a19c2897,1180,2676,,,bytescale.mobbin.com,f7a1807c1ac98ccf0eecf5078d61346ac9a94ca37a547f5708d580528c9e55c0,/Users/user/mobbin-sides/screen-flows/revolut-business/054-revolut-business-sending-money-f6cc690a-3089-4822-99fb-e81eccf83936/011-55397a32-02d7-44b8-b375-c2af81e9fe09-downloadableSrc-d1020ef82874.webp
8e09255c-8dec-4412-8007-e79607afcb0d,Saving as a draft,93ad9ceb-a163-41da-ba7a-9f07c737fc2a,Revolut Business,0c4c334c-e3a5-4395-89be-c7666aaafdf5,0,1,5de621ac-81b6-4337-a52b-ee66bb6795f2,true,downloadableSrc,200,image/webp,70278,70278,1007e53ddb9507eb2d91f065768117a08dccc529d5c26ee729156a9c06ce0c27,1179,2676,,,bytescale.mobbin.com,f7a1807c1ac98ccf0eecf5078d61346ac9a94ca37a547f5708d580528c9e55c0,/Users/user/mobbin-sides/screen-flows/revolut-business/055-revolut-business-saving-as-a-draft-8e09255c-8dec-4412-8007-e79607afcb0d/001-5de621ac-81b6-4337-a52b-ee66bb6795f2-downloadableSrc-1007e53ddb95.webp
8e09255c-8dec-4412-8007-e79607afcb0d,Saving as a draft,93ad9ceb-a163-41da-ba7a-9f07c737fc2a,Revolut Business,0c4c334c-e3a5-4395-89be-c7666aaafdf5,1,2,d244f13b-b48d-448c-b7ea-d3607dfde186,true,downloadableSrc,200,image/webp,60484,60484,5281f02d9c19ffeb8469239e33a214b3dfcd55fe1951a73ff13bedabaa1601f2,1179,2676,,,bytescale.mobbin.com,f7a1807c1ac98ccf0eecf5078d61346ac9a94ca37a547f5708d580528c9e55c0,/Users/user/mobbin-sides/screen-flows/revolut-business/055-revolut-business-saving-as-a-draft-8e09255c-8dec-4412-8007-e79607afcb0d/002-d244f13b-b48d-448c-b7ea-d3607dfde186-downloadableSrc-5281f02d9c19.webp
8e09255c-8dec-4412-8007-e79607afcb0d,Saving as a draft,93ad9ceb-a163-41da-ba7a-9f07c737fc2a,Revolut Business,0c4c334c-e3a5-4395-89be-c7666aaafdf5,2,3,5c3ff0fa-83b2-4407-9af7-8f105856c7b8,true,downloadableSrc,200,image/webp,52722,52722,245982107e8b499fc790e7db4e106b41b29b769de635a077c14b0cfe9c82494b,1179,2676,,,bytescale.mobbin.com,f7a1807c1ac98ccf0eecf5078d61346ac9a94ca37a547f5708d580528c9e55c0,/Users/user/mobbin-sides/screen-flows/revolut-business/055-revolut-business-saving-as-a-draft-8e09255c-8dec-4412-8007-e79607afcb0d/003-5c3ff0fa-83b2-4407-9af7-8f105856c7b8-downloadableSrc-245982107e8b.webp
8e09255c-8dec-4412-8007-e79607afcb0d,Saving as a draft,93ad9ceb-a163-41da-ba7a-9f07c737fc2a,Revolut Business,0c4c334c-e3a5-4395-89be-c7666aaafdf5,3,4,a95a3049-6910-49ab-af0c-915e213d50a8,true,downloadableSrc,200,image/webp,47706,47706,9b1b2ce62ba84a8b1075628f946671abe0d9aaaf51d38e555cf9a506ec0a0055,1179,2676,,,bytescale.mobbin.com,f7a1807c1ac98ccf0eecf5078d61346ac9a94ca37a547f5708d580528c9e55c0,/Users/user/mobbin-sides/screen-flows/revolut-business/055-revolut-business-saving-as-a-draft-8e09255c-8dec-4412-8007-e79607afcb0d/004-a95a3049-6910-49ab-af0c-915e213d50a8-downloadableSrc-9b1b2ce62ba8.webp
53f7c157-77a8-4ff5-9e65-541376ec731c,Sending money (draft),93ad9ceb-a163-41da-ba7a-9f07c737fc2a,Revolut Business,0c4c334c-e3a5-4395-89be-c7666aaafdf5,0,1,a95a3049-6910-49ab-af0c-915e213d50a8,true,downloadableSrc,200,image/webp,47706,47706,9b1b2ce62ba84a8b1075628f946671abe0d9aaaf51d38e555cf9a506ec0a0055,1179,2676,,,bytescale.mobbin.com,f7a1807c1ac98ccf0eecf5078d61346ac9a94ca37a547f5708d580528c9e55c0,/Users/user/mobbin-sides/screen-flows/revolut-business/056-revolut-business-sending-money-draft-53f7c157-77a8-4ff5-9e65-541376ec731c/001-a95a3049-6910-49ab-af0c-915e213d50a8-downloadableSrc-9b1b2ce62ba8.webp
53f7c157-77a8-4ff5-9e65-541376ec731c,Sending money (draft),93ad9ceb-a163-41da-ba7a-9f07c737fc2a,Revolut Business,0c4c334c-e3a5-4395-89be-c7666aaafdf5,1,2,74811475-8fe3-4a96-a3cb-41b00bfb460e,true,downloadableSrc,200,image/webp,55338,55338,6d9e81a45d8c323cee56c13e90db46046d49eb6fa50c9ad0d726defc63253c60,1179,2676,,,bytescale.mobbin.com,f7a1807c1ac98ccf0eecf5078d61346ac9a94ca37a547f5708d580528c9e55c0,/Users/user/mobbin-sides/screen-flows/revolut-business/056-revolut-business-sending-money-draft-53f7c157-77a8-4ff5-9e65-541376ec731c/002-74811475-8fe3-4a96-a3cb-41b00bfb460e-downloadableSrc-6d9e81a45d8c.webp
53f7c157-77a8-4ff5-9e65-541376ec731c,Sending money (draft),93ad9ceb-a163-41da-ba7a-9f07c737fc2a,Revolut Business,0c4c334c-e3a5-4395-89be-c7666aaafdf5,2,3,0770c453-3143-4ee6-af90-ade99c6260da,true,downloadableSrc,200,image/webp,52960,52960,dfc0600892b6db932424fe392b49c540f1b1fbab67f6bdce1096472493570d59,1179,2676,,,bytescale.mobbin.com,f7a1807c1ac98ccf0eecf5078d61346ac9a94ca37a547f5708d580528c9e55c0,/Users/user/mobbin-sides/screen-flows/revolut-business/056-revolut-business-sending-money-draft-53f7c157-77a8-4ff5-9e65-541376ec731c/003-0770c453-3143-4ee6-af90-ade99c6260da-downloadableSrc-dfc0600892b6.webp
53f7c157-77a8-4ff5-9e65-541376ec731c,Sending money (draft),93ad9ceb-a163-41da-ba7a-9f07c737fc2a,Revolut Business,0c4c334c-e3a5-4395-89be-c7666aaafdf5,3,4,e7bca786-4ba1-4a10-a78c-b9058606923e,true,downloadableSrc,200,image/webp,45290,45290,6a899a1b33f6be325497500c8dba08be96fa84735590a940573bd21e6d63c3d5,1179,2676,,,bytescale.mobbin.com,f7a1807c1ac98ccf0eecf5078d61346ac9a94ca37a547f5708d580528c9e55c0,/Users/user/mobbin-sides/screen-flows/revolut-business/056-revolut-business-sending-money-draft-53f7c157-77a8-4ff5-9e65-541376ec731c/004-e7bca786-4ba1-4a10-a78c-b9058606923e-downloadableSrc-6a899a1b33f6.webp
53f7c157-77a8-4ff5-9e65-541376ec731c,Sending money (draft),93ad9ceb-a163-41da-ba7a-9f07c737fc2a,Revolut Business,0c4c334c-e3a5-4395-89be-c7666aaafdf5,4,5,b1bcae8f-dfb5-4411-9462-12eac932803d,true,downloadableSrc,200,image/webp,57234,57234,50e8d153494ec79ccbce978dde98b175c928b8f4e12e22d18b7baadfceabc383,1179,2676,,,bytescale.mobbin.com,f7a1807c1ac98ccf0eecf5078d61346ac9a94ca37a547f5708d580528c9e55c0,/Users/user/mobbin-sides/screen-flows/revolut-business/056-revolut-business-sending-money-draft-53f7c157-77a8-4ff5-9e65-541376ec731c/005-b1bcae8f-dfb5-4411-9462-12eac932803d-downloadableSrc-50e8d153494e.webp
d784eefa-c9b8-4748-a702-f68333be30eb,Giving feedback,93ad9ceb-a163-41da-ba7a-9f07c737fc2a,Revolut Business,0c4c334c-e3a5-4395-89be-c7666aaafdf5,0,1,55397a32-02d7-44b8-b375-c2af81e9fe09,true,downloadableSrc,200,image/webp,49210,49210,d1020ef8287439e6856d4f4e41725b4ddd43a74d9d2f1daff7c0c4d8a19c2897,1180,2676,,,bytescale.mobbin.com,f7a1807c1ac98ccf0eecf5078d61346ac9a94ca37a547f5708d580528c9e55c0,/Users/user/mobbin-sides/screen-flows/revolut-business/057-revolut-business-giving-feedback-d784eefa-c9b8-4748-a702-f68333be30eb/001-55397a32-02d7-44b8-b375-c2af81e9fe09-downloadableSrc-d1020ef82874.webp
d784eefa-c9b8-4748-a702-f68333be30eb,Giving feedback,93ad9ceb-a163-41da-ba7a-9f07c737fc2a,Revolut Business,0c4c334c-e3a5-4395-89be-c7666aaafdf5,1,2,276dbcd4-37b1-4ef7-95c5-087e0802b338,true,downloadableSrc,200,image/webp,62070,62070,dc6bd4f7197866fea9ea3a68aa18501b38b213deaeac55850668c4c03e637d1d,1180,2676,,,bytescale.mobbin.com,f7a1807c1ac98ccf0eecf5078d61346ac9a94ca37a547f5708d580528c9e55c0,/Users/user/mobbin-sides/screen-flows/revolut-business/057-revolut-business-giving-feedback-d784eefa-c9b8-4748-a702-f68333be30eb/002-276dbcd4-37b1-4ef7-95c5-087e0802b338-downloadableSrc-dc6bd4f71978.webp
7bd03a1a-56da-43da-9019-4c9945d2bc02,Scheduling a bulk transfer,93ad9ceb-a163-41da-ba7a-9f07c737fc2a,Revolut Business,0c4c334c-e3a5-4395-89be-c7666aaafdf5,0,1,f3d15424-aa3e-4d01-90e8-3096872a4cbf,true,downloadableSrc,200,image/webp,56004,56004,a2c130c5aae9090e341fc53bee2af26cd3dbdef4c65329941041ddfe9848e406,1179,2676,,,bytescale.mobbin.com,f7a1807c1ac98ccf0eecf5078d61346ac9a94ca37a547f5708d580528c9e55c0,/Users/user/mobbin-sides/screen-flows/revolut-business/058-revolut-business-scheduling-a-bulk-transfer-7bd03a1a-56da-43da-9019-4c9945d2bc02/001-f3d15424-aa3e-4d01-90e8-3096872a4cbf-downloadableSrc-a2c130c5aae9.webp
7bd03a1a-56da-43da-9019-4c9945d2bc02,Scheduling a bulk transfer,93ad9ceb-a163-41da-ba7a-9f07c737fc2a,Revolut Business,0c4c334c-e3a5-4395-89be-c7666aaafdf5,1,2,b57e7065-6e96-4cf2-b96a-cf9e10bf5838,true,downloadableSrc,200,image/webp,37412,37412,7a261090c5d9d6d4d53a567c986992bb7b6925198f7057c3006aa8f99bd65d9b,1179,2676,,,bytescale.mobbin.com,f7a1807c1ac98ccf0eecf5078d61346ac9a94ca37a547f5708d580528c9e55c0,/Users/user/mobbin-sides/screen-flows/revolut-business/058-revolut-business-scheduling-a-bulk-transfer-7bd03a1a-56da-43da-9019-4c9945d2bc02/002-b57e7065-6e96-4cf2-b96a-cf9e10bf5838-downloadableSrc-7a261090c5d9.webp
7bd03a1a-56da-43da-9019-4c9945d2bc02,Scheduling a bulk transfer,93ad9ceb-a163-41da-ba7a-9f07c737fc2a,Revolut Business,0c4c334c-e3a5-4395-89be-c7666aaafdf5,2,3,6ab08f22-04c2-4aa3-b147-3beed754632e,true,downloadableSrc,200,image/webp,40082,40082,cb981a9b41d3dc6600b897e9c192e9d7e41105e5a66c948a728775e36180b0be,1179,2676,,,bytescale.mobbin.com,f7a1807c1ac98ccf0eecf5078d61346ac9a94ca37a547f5708d580528c9e55c0,/Users/user/mobbin-sides/screen-flows/revolut-business/058-revolut-business-scheduling-a-bulk-transfer-7bd03a1a-56da-43da-9019-4c9945d2bc02/003-6ab08f22-04c2-4aa3-b147-3beed754632e-downloadableSrc-cb981a9b41d3.webp
7bd03a1a-56da-43da-9019-4c9945d2bc02,Scheduling a bulk transfer,93ad9ceb-a163-41da-ba7a-9f07c737fc2a,Revolut Business,0c4c334c-e3a5-4395-89be-c7666aaafdf5,3,4,5fe7dc2f-2638-47d1-84e5-8ed9df3feaa1,true,downloadableSrc,200,image/webp,44534,44534,e360c62de1f1c78fda87fc854fada6c11726e942db75023b30ba08e6110febd7,1179,2676,,,bytescale.mobbin.com,f7a1807c1ac98ccf0eecf5078d61346ac9a94ca37a547f5708d580528c9e55c0,/Users/user/mobbin-sides/screen-flows/revolut-business/058-revolut-business-scheduling-a-bulk-transfer-7bd03a1a-56da-43da-9019-4c9945d2bc02/004-5fe7dc2f-2638-47d1-84e5-8ed9df3feaa1-downloadableSrc-e360c62de1f1.webp
7bd03a1a-56da-43da-9019-4c9945d2bc02,Scheduling a bulk transfer,93ad9ceb-a163-41da-ba7a-9f07c737fc2a,Revolut Business,0c4c334c-e3a5-4395-89be-c7666aaafdf5,4,5,665de34d-44f8-4d7a-a79c-f065cbb68add,true,downloadableSrc,200,image/webp,33552,33552,83c88075bc538c0ad6983c2eb63fbcda97985587b5dcb4d094eec219bf13661e,1179,2676,,,bytescale.mobbin.com,f7a1807c1ac98ccf0eecf5078d61346ac9a94ca37a547f5708d580528c9e55c0,/Users/user/mobbin-sides/screen-flows/revolut-business/058-revolut-business-scheduling-a-bulk-transfer-7bd03a1a-56da-43da-9019-4c9945d2bc02/005-665de34d-44f8-4d7a-a79c-f065cbb68add-downloadableSrc-83c88075bc53.webp
7bd03a1a-56da-43da-9019-4c9945d2bc02,Scheduling a bulk transfer,93ad9ceb-a163-41da-ba7a-9f07c737fc2a,Revolut Business,0c4c334c-e3a5-4395-89be-c7666aaafdf5,5,6,dfe445cb-2da2-4377-9553-40a726f2cc8f,true,downloadableSrc,200,image/webp,45160,45160,939991a7978165f7f35d959112d824ea7c5b05cbb1582a2a0e589ba23b6a1592,1179,2676,,,bytescale.mobbin.com,f7a1807c1ac98ccf0eecf5078d61346ac9a94ca37a547f5708d580528c9e55c0,/Users/user/mobbin-sides/screen-flows/revolut-business/058-revolut-business-scheduling-a-bulk-transfer-7bd03a1a-56da-43da-9019-4c9945d2bc02/006-dfe445cb-2da2-4377-9553-40a726f2cc8f-downloadableSrc-939991a79781.webp
7bd03a1a-56da-43da-9019-4c9945d2bc02,Scheduling a bulk transfer,93ad9ceb-a163-41da-ba7a-9f07c737fc2a,Revolut Business,0c4c334c-e3a5-4395-89be-c7666aaafdf5,6,7,98625c16-b2af-4971-8284-3294f9d94162,true,downloadableSrc,200,image/webp,33606,33606,3204d39825c9166911c212f99083f04de09c6022ec6b7b46aec9e7407d8acab1,1179,2676,,,bytescale.mobbin.com,f7a1807c1ac98ccf0eecf5078d61346ac9a94ca37a547f5708d580528c9e55c0,/Users/user/mobbin-sides/screen-flows/revolut-business/058-revolut-business-scheduling-a-bulk-transfer-7bd03a1a-56da-43da-9019-4c9945d2bc02/007-98625c16-b2af-4971-8284-3294f9d94162-downloadableSrc-3204d39825c9.webp
7bd03a1a-56da-43da-9019-4c9945d2bc02,Scheduling a bulk transfer,93ad9ceb-a163-41da-ba7a-9f07c737fc2a,Revolut Business,0c4c334c-e3a5-4395-89be-c7666aaafdf5,7,8,b2d06f43-0352-4536-8e74-62ef656ef82e,true,downloadableSrc,200,image/webp,45434,45434,699f841f9eee6a04c3c836ce631bc2f27e0a42ee2de45d860c46f03a6b9cd5d0,1179,2676,,,bytescale.mobbin.com,f7a1807c1ac98ccf0eecf5078d61346ac9a94ca37a547f5708d580528c9e55c0,/Users/user/mobbin-sides/screen-flows/revolut-business/058-revolut-business-scheduling-a-bulk-transfer-7bd03a1a-56da-43da-9019-4c9945d2bc02/008-b2d06f43-0352-4536-8e74-62ef656ef82e-downloadableSrc-699f841f9eee.webp
7bd03a1a-56da-43da-9019-4c9945d2bc02,Scheduling a bulk transfer,93ad9ceb-a163-41da-ba7a-9f07c737fc2a,Revolut Business,0c4c334c-e3a5-4395-89be-c7666aaafdf5,8,9,4d4674f4-6064-4785-9f26-90ce70c02eec,true,downloadableSrc,200,image/webp,37332,37332,dc321acbc674dd882fbd76343ff3a852da3302c4a04156ce3408d417ce91f397,1179,2676,,,bytescale.mobbin.com,f7a1807c1ac98ccf0eecf5078d61346ac9a94ca37a547f5708d580528c9e55c0,/Users/user/mobbin-sides/screen-flows/revolut-business/058-revolut-business-scheduling-a-bulk-transfer-7bd03a1a-56da-43da-9019-4c9945d2bc02/009-4d4674f4-6064-4785-9f26-90ce70c02eec-downloadableSrc-dc321acbc674.webp
7bd03a1a-56da-43da-9019-4c9945d2bc02,Scheduling a bulk transfer,93ad9ceb-a163-41da-ba7a-9f07c737fc2a,Revolut Business,0c4c334c-e3a5-4395-89be-c7666aaafdf5,9,10,1202e40a-2cfe-493a-9059-2cfa444ca871,true,downloadableSrc,200,image/webp,43210,43210,d235c7980174fd560e59878d82bcc8bf406897387dd0d5a76a8ed7e388634373,1179,2676,,,bytescale.mobbin.com,f7a1807c1ac98ccf0eecf5078d61346ac9a94ca37a547f5708d580528c9e55c0,/Users/user/mobbin-sides/screen-flows/revolut-business/058-revolut-business-scheduling-a-bulk-transfer-7bd03a1a-56da-43da-9019-4c9945d2bc02/010-1202e40a-2cfe-493a-9059-2cfa444ca871-downloadableSrc-d235c7980174.webp
7bd03a1a-56da-43da-9019-4c9945d2bc02,Scheduling a bulk transfer,93ad9ceb-a163-41da-ba7a-9f07c737fc2a,Revolut Business,0c4c334c-e3a5-4395-89be-c7666aaafdf5,10,11,c59c3e75-42e3-4871-bdb7-347758bb59dd,true,downloadableSrc,200,image/webp,46116,46116,2383f712037ef631450fd87acb2f3b768f4c1d0cbbe4f9793dd5484bce5182f8,1179,2676,,,bytescale.mobbin.com,f7a1807c1ac98ccf0eecf5078d61346ac9a94ca37a547f5708d580528c9e55c0,/Users/user/mobbin-sides/screen-flows/revolut-business/058-revolut-business-scheduling-a-bulk-transfer-7bd03a1a-56da-43da-9019-4c9945d2bc02/011-c59c3e75-42e3-4871-bdb7-347758bb59dd-downloadableSrc-2383f712037e.webp
7bd03a1a-56da-43da-9019-4c9945d2bc02,Scheduling a bulk transfer,93ad9ceb-a163-41da-ba7a-9f07c737fc2a,Revolut Business,0c4c334c-e3a5-4395-89be-c7666aaafdf5,11,12,b837c329-b750-4f2a-abfc-8e077889684e,true,downloadableSrc,200,image/webp,70454,70454,5603e0f3fad30098c2a445c56a720f1694f3913c7fb87b564cc7ca52a4790db6,1179,2676,,,bytescale.mobbin.com,f7a1807c1ac98ccf0eecf5078d61346ac9a94ca37a547f5708d580528c9e55c0,/Users/user/mobbin-sides/screen-flows/revolut-business/058-revolut-business-scheduling-a-bulk-transfer-7bd03a1a-56da-43da-9019-4c9945d2bc02/012-b837c329-b750-4f2a-abfc-8e077889684e-downloadableSrc-5603e0f3fad3.webp
7bd03a1a-56da-43da-9019-4c9945d2bc02,Scheduling a bulk transfer,93ad9ceb-a163-41da-ba7a-9f07c737fc2a,Revolut Business,0c4c334c-e3a5-4395-89be-c7666aaafdf5,12,13,319dc5b2-0bc8-4fa9-a0d5-9f67cce41a05,true,downloadableSrc,200,image/webp,54268,54268,6294c99a8861e17c82520972778c227599afb9f1948e90bbfe0452028d37de06,1179,2676,,,bytescale.mobbin.com,f7a1807c1ac98ccf0eecf5078d61346ac9a94ca37a547f5708d580528c9e55c0,/Users/user/mobbin-sides/screen-flows/revolut-business/058-revolut-business-scheduling-a-bulk-transfer-7bd03a1a-56da-43da-9019-4c9945d2bc02/013-319dc5b2-0bc8-4fa9-a0d5-9f67cce41a05-downloadableSrc-6294c99a8861.webp
7bd03a1a-56da-43da-9019-4c9945d2bc02,Scheduling a bulk transfer,93ad9ceb-a163-41da-ba7a-9f07c737fc2a,Revolut Business,0c4c334c-e3a5-4395-89be-c7666aaafdf5,13,14,e0c7e623-efbd-4b36-aa0f-20f28802c350,true,downloadableSrc,200,image/webp,40118,40118,82a8dc8d53152f9227085ce9fabba45a5a13b6dd39cdd86379b29750e60d43f9,1179,2676,,,bytescale.mobbin.com,f7a1807c1ac98ccf0eecf5078d61346ac9a94ca37a547f5708d580528c9e55c0,/Users/user/mobbin-sides/screen-flows/revolut-business/058-revolut-business-scheduling-a-bulk-transfer-7bd03a1a-56da-43da-9019-4c9945d2bc02/014-e0c7e623-efbd-4b36-aa0f-20f28802c350-downloadableSrc-82a8dc8d5315.webp
7bd03a1a-56da-43da-9019-4c9945d2bc02,Scheduling a bulk transfer,93ad9ceb-a163-41da-ba7a-9f07c737fc2a,Revolut Business,0c4c334c-e3a5-4395-89be-c7666aaafdf5,14,15,6c3d368f-a8fb-420b-bda7-861f7bda0852,true,downloadableSrc,200,image/webp,54698,54698,9c1481aed06477e20f5477d84a26e544f35bb54ff5175388cf0f53939becf914,1179,2676,,,bytescale.mobbin.com,f7a1807c1ac98ccf0eecf5078d61346ac9a94ca37a547f5708d580528c9e55c0,/Users/user/mobbin-sides/screen-flows/revolut-business/058-revolut-business-scheduling-a-bulk-transfer-7bd03a1a-56da-43da-9019-4c9945d2bc02/015-6c3d368f-a8fb-420b-bda7-861f7bda0852-downloadableSrc-9c1481aed064.webp
7bd03a1a-56da-43da-9019-4c9945d2bc02,Scheduling a bulk transfer,93ad9ceb-a163-41da-ba7a-9f07c737fc2a,Revolut Business,0c4c334c-e3a5-4395-89be-c7666aaafdf5,15,16,80006c24-6373-4ce6-ae18-fcec4aeb5e25,true,downloadableSrc,200,image/webp,58106,58106,fd2fa6f760d33933d8a62b67767ea193867c871e00fa91c9485b60e652b66c87,1179,2676,,,bytescale.mobbin.com,f7a1807c1ac98ccf0eecf5078d61346ac9a94ca37a547f5708d580528c9e55c0,/Users/user/mobbin-sides/screen-flows/revolut-business/058-revolut-business-scheduling-a-bulk-transfer-7bd03a1a-56da-43da-9019-4c9945d2bc02/016-80006c24-6373-4ce6-ae18-fcec4aeb5e25-downloadableSrc-fd2fa6f760d3.webp
9666fabc-316f-4fc5-93f5-78c1a632b6aa,Creating a payout link,93ad9ceb-a163-41da-ba7a-9f07c737fc2a,Revolut Business,0c4c334c-e3a5-4395-89be-c7666aaafdf5,0,1,f3d15424-aa3e-4d01-90e8-3096872a4cbf,true,downloadableSrc,200,image/webp,56004,56004,a2c130c5aae9090e341fc53bee2af26cd3dbdef4c65329941041ddfe9848e406,1179,2676,,,bytescale.mobbin.com,f7a1807c1ac98ccf0eecf5078d61346ac9a94ca37a547f5708d580528c9e55c0,/Users/user/mobbin-sides/screen-flows/revolut-business/059-revolut-business-creating-a-payout-link-9666fabc-316f-4fc5-93f5-78c1a632b6aa/001-f3d15424-aa3e-4d01-90e8-3096872a4cbf-downloadableSrc-a2c130c5aae9.webp
9666fabc-316f-4fc5-93f5-78c1a632b6aa,Creating a payout link,93ad9ceb-a163-41da-ba7a-9f07c737fc2a,Revolut Business,0c4c334c-e3a5-4395-89be-c7666aaafdf5,1,2,293d81da-986d-469f-a650-70161ef7c377,true,downloadableSrc,200,image/webp,54390,54390,8473907b9c42d11b4f353c722dfd671ddbe68dcfe036996f35738713e71062bb,1179,2676,,,bytescale.mobbin.com,f7a1807c1ac98ccf0eecf5078d61346ac9a94ca37a547f5708d580528c9e55c0,/Users/user/mobbin-sides/screen-flows/revolut-business/059-revolut-business-creating-a-payout-link-9666fabc-316f-4fc5-93f5-78c1a632b6aa/002-293d81da-986d-469f-a650-70161ef7c377-downloadableSrc-8473907b9c42.webp
9666fabc-316f-4fc5-93f5-78c1a632b6aa,Creating a payout link,93ad9ceb-a163-41da-ba7a-9f07c737fc2a,Revolut Business,0c4c334c-e3a5-4395-89be-c7666aaafdf5,2,3,73d79782-ddd3-40a6-b01b-e57897f29bec,true,downloadableSrc,200,image/webp,65866,65866,2ef1341097051ef06a44e4f1bcf29a3979ce5e281ed43a3b7bc3a49b9b7309ed,1179,2676,,,bytescale.mobbin.com,f7a1807c1ac98ccf0eecf5078d61346ac9a94ca37a547f5708d580528c9e55c0,/Users/user/mobbin-sides/screen-flows/revolut-business/059-revolut-business-creating-a-payout-link-9666fabc-316f-4fc5-93f5-78c1a632b6aa/003-73d79782-ddd3-40a6-b01b-e57897f29bec-downloadableSrc-2ef134109705.webp
9666fabc-316f-4fc5-93f5-78c1a632b6aa,Creating a payout link,93ad9ceb-a163-41da-ba7a-9f07c737fc2a,Revolut Business,0c4c334c-e3a5-4395-89be-c7666aaafdf5,3,4,9fc30614-1722-4847-86b4-05684498098f,true,downloadableSrc,200,image/webp,58902,58902,b024ea127770b7514424d4eeadabff5dbfa9f1bae20fa2b353b66c5d15e2b015,1179,2676,,,bytescale.mobbin.com,f7a1807c1ac98ccf0eecf5078d61346ac9a94ca37a547f5708d580528c9e55c0,/Users/user/mobbin-sides/screen-flows/revolut-business/059-revolut-business-creating-a-payout-link-9666fabc-316f-4fc5-93f5-78c1a632b6aa/004-9fc30614-1722-4847-86b4-05684498098f-downloadableSrc-b024ea127770.webp
9666fabc-316f-4fc5-93f5-78c1a632b6aa,Creating a payout link,93ad9ceb-a163-41da-ba7a-9f07c737fc2a,Revolut Business,0c4c334c-e3a5-4395-89be-c7666aaafdf5,4,5,993f6ae1-ba7d-4c23-a312-43e2281acf95,true,downloadableSrc,200,image/webp,63542,63542,bd281cc397d0ece023ecee17a859b40b08353d75706cbd0b03fb7dffa75ebe7f,1179,2676,,,bytescale.mobbin.com,f7a1807c1ac98ccf0eecf5078d61346ac9a94ca37a547f5708d580528c9e55c0,/Users/user/mobbin-sides/screen-flows/revolut-business/059-revolut-business-creating-a-payout-link-9666fabc-316f-4fc5-93f5-78c1a632b6aa/005-993f6ae1-ba7d-4c23-a312-43e2281acf95-downloadableSrc-bd281cc397d0.webp
9666fabc-316f-4fc5-93f5-78c1a632b6aa,Creating a payout link,93ad9ceb-a163-41da-ba7a-9f07c737fc2a,Revolut Business,0c4c334c-e3a5-4395-89be-c7666aaafdf5,5,6,c75c5e2a-7f11-4d53-8bb2-52217f144c1a,true,downloadableSrc,200,image/webp,64994,64994,53b4d4c8a4ea4a153e4150f6c467532cb380bfba706353ee779ff082201c1f9c,1179,2676,,,bytescale.mobbin.com,f7a1807c1ac98ccf0eecf5078d61346ac9a94ca37a547f5708d580528c9e55c0,/Users/user/mobbin-sides/screen-flows/revolut-business/059-revolut-business-creating-a-payout-link-9666fabc-316f-4fc5-93f5-78c1a632b6aa/006-c75c5e2a-7f11-4d53-8bb2-52217f144c1a-downloadableSrc-53b4d4c8a4ea.webp
54798da5-836a-48f3-a30f-49505f86b684,Canceling a payout link,93ad9ceb-a163-41da-ba7a-9f07c737fc2a,Revolut Business,0c4c334c-e3a5-4395-89be-c7666aaafdf5,0,1,c75c5e2a-7f11-4d53-8bb2-52217f144c1a,true,downloadableSrc,200,image/webp,64994,64994,53b4d4c8a4ea4a153e4150f6c467532cb380bfba706353ee779ff082201c1f9c,1179,2676,,,bytescale.mobbin.com,f7a1807c1ac98ccf0eecf5078d61346ac9a94ca37a547f5708d580528c9e55c0,/Users/user/mobbin-sides/screen-flows/revolut-business/060-revolut-business-canceling-a-payout-link-54798da5-836a-48f3-a30f-49505f86b684/001-c75c5e2a-7f11-4d53-8bb2-52217f144c1a-downloadableSrc-53b4d4c8a4ea.webp
54798da5-836a-48f3-a30f-49505f86b684,Canceling a payout link,93ad9ceb-a163-41da-ba7a-9f07c737fc2a,Revolut Business,0c4c334c-e3a5-4395-89be-c7666aaafdf5,1,2,de9f4fa1-5345-421c-bf50-0aa2e90c0a4a,true,downloadableSrc,200,image/webp,55328,55328,9ea2c10af0c51605d658af4216f5f91283e3d58ac54ee1e7784924d84af1d612,1179,2676,,,bytescale.mobbin.com,f7a1807c1ac98ccf0eecf5078d61346ac9a94ca37a547f5708d580528c9e55c0,/Users/user/mobbin-sides/screen-flows/revolut-business/060-revolut-business-canceling-a-payout-link-54798da5-836a-48f3-a30f-49505f86b684/002-de9f4fa1-5345-421c-bf50-0aa2e90c0a4a-downloadableSrc-9ea2c10af0c5.webp
54798da5-836a-48f3-a30f-49505f86b684,Canceling a payout link,93ad9ceb-a163-41da-ba7a-9f07c737fc2a,Revolut Business,0c4c334c-e3a5-4395-89be-c7666aaafdf5,2,3,1903e7fc-d784-4585-87b5-99f2a6129365,true,downloadableSrc,200,image/webp,46834,46834,9fe7261a41847281361b494ee25844776d11a08f32ddf21abe3764f80c820cf0,1179,2676,,,bytescale.mobbin.com,f7a1807c1ac98ccf0eecf5078d61346ac9a94ca37a547f5708d580528c9e55c0,/Users/user/mobbin-sides/screen-flows/revolut-business/060-revolut-business-canceling-a-payout-link-54798da5-836a-48f3-a30f-49505f86b684/003-1903e7fc-d784-4585-87b5-99f2a6129365-downloadableSrc-9fe7261a4184.webp
54798da5-836a-48f3-a30f-49505f86b684,Canceling a payout link,93ad9ceb-a163-41da-ba7a-9f07c737fc2a,Revolut Business,0c4c334c-e3a5-4395-89be-c7666aaafdf5,3,4,f798d3d6-cee5-470d-9f14-e7f61eeee2d0,true,downloadableSrc,200,image/webp,46310,46310,d556109defde025b599150906cadbdc13312025cb067f1ca1eb00202e2e359d9,1179,2676,,,bytescale.mobbin.com,f7a1807c1ac98ccf0eecf5078d61346ac9a94ca37a547f5708d580528c9e55c0,/Users/user/mobbin-sides/screen-flows/revolut-business/060-revolut-business-canceling-a-payout-link-54798da5-836a-48f3-a30f-49505f86b684/004-f798d3d6-cee5-470d-9f14-e7f61eeee2d0-downloadableSrc-d556109defde.webp
251c6f97-a0ad-49d0-856b-42823b32cbc9,Transaction detail (Transfers),93ad9ceb-a163-41da-ba7a-9f07c737fc2a,Revolut Business,0c4c334c-e3a5-4395-89be-c7666aaafdf5,0,1,2556be42-ab80-4494-83d9-c37a24ddd030,true,downloadableSrc,200,image/webp,69154,69154,6b8ae122a9356bb5895b5d9f71dde80e08104fce843733907d06dfa65f054774,1179,2676,,,bytescale.mobbin.com,f7a1807c1ac98ccf0eecf5078d61346ac9a94ca37a547f5708d580528c9e55c0,/Users/user/mobbin-sides/screen-flows/revolut-business/061-revolut-business-transaction-detail-transfers-251c6f97-a0ad-49d0-856b-42823b32cbc9/001-2556be42-ab80-4494-83d9-c37a24ddd030-downloadableSrc-6b8ae122a935.webp
251c6f97-a0ad-49d0-856b-42823b32cbc9,Transaction detail (Transfers),93ad9ceb-a163-41da-ba7a-9f07c737fc2a,Revolut Business,0c4c334c-e3a5-4395-89be-c7666aaafdf5,1,2,437cd81e-ae71-4abd-b309-85f9a9540e5e,true,downloadableSrc,200,image/webp,48500,48500,c017fc5cd2c9e0e4d6ec1aa5c58978209346b48ccf3f7bd4034f2b3592844cf4,1179,2676,,,bytescale.mobbin.com,f7a1807c1ac98ccf0eecf5078d61346ac9a94ca37a547f5708d580528c9e55c0,/Users/user/mobbin-sides/screen-flows/revolut-business/061-revolut-business-transaction-detail-transfers-251c6f97-a0ad-49d0-856b-42823b32cbc9/002-437cd81e-ae71-4abd-b309-85f9a9540e5e-downloadableSrc-c017fc5cd2c9.webp
b351896c-8ac8-4f84-ab6d-2112c353f253,Bills,93ad9ceb-a163-41da-ba7a-9f07c737fc2a,Revolut Business,0c4c334c-e3a5-4395-89be-c7666aaafdf5,0,1,2556be42-ab80-4494-83d9-c37a24ddd030,true,downloadableSrc,200,image/webp,69154,69154,6b8ae122a9356bb5895b5d9f71dde80e08104fce843733907d06dfa65f054774,1179,2676,,,bytescale.mobbin.com,f7a1807c1ac98ccf0eecf5078d61346ac9a94ca37a547f5708d580528c9e55c0,/Users/user/mobbin-sides/screen-flows/revolut-business/062-revolut-business-bills-b351896c-8ac8-4f84-ab6d-2112c353f253/001-2556be42-ab80-4494-83d9-c37a24ddd030-downloadableSrc-6b8ae122a935.webp
b351896c-8ac8-4f84-ab6d-2112c353f253,Bills,93ad9ceb-a163-41da-ba7a-9f07c737fc2a,Revolut Business,0c4c334c-e3a5-4395-89be-c7666aaafdf5,1,2,1c2039a0-0e6c-490b-915b-39e75d04249f,true,downloadableSrc,200,image/webp,52780,52780,434282dfa18b30bc92846bc65980d516cb611e999dd9bf0c3fb6495677eda901,1179,2676,,,bytescale.mobbin.com,f7a1807c1ac98ccf0eecf5078d61346ac9a94ca37a547f5708d580528c9e55c0,/Users/user/mobbin-sides/screen-flows/revolut-business/062-revolut-business-bills-b351896c-8ac8-4f84-ab6d-2112c353f253/002-1c2039a0-0e6c-490b-915b-39e75d04249f-downloadableSrc-434282dfa18b.webp
f9a8717f-f563-458a-a1ae-28471b2428d9,Adding a bill,93ad9ceb-a163-41da-ba7a-9f07c737fc2a,Revolut Business,0c4c334c-e3a5-4395-89be-c7666aaafdf5,0,1,1c2039a0-0e6c-490b-915b-39e75d04249f,true,downloadableSrc,200,image/webp,52780,52780,434282dfa18b30bc92846bc65980d516cb611e999dd9bf0c3fb6495677eda901,1179,2676,,,bytescale.mobbin.com,f7a1807c1ac98ccf0eecf5078d61346ac9a94ca37a547f5708d580528c9e55c0,/Users/user/mobbin-sides/screen-flows/revolut-business/063-revolut-business-adding-a-bill-f9a8717f-f563-458a-a1ae-28471b2428d9/001-1c2039a0-0e6c-490b-915b-39e75d04249f-downloadableSrc-434282dfa18b.webp
f9a8717f-f563-458a-a1ae-28471b2428d9,Adding a bill,93ad9ceb-a163-41da-ba7a-9f07c737fc2a,Revolut Business,0c4c334c-e3a5-4395-89be-c7666aaafdf5,1,2,b430b90e-1837-4ea2-8950-844f872cb125,true,downloadableSrc,200,image/webp,85890,85890,019adfbaaa2b95fbd5b0216a1e02536e6e8e565f1e582db40989132e4385f6b4,1179,2676,,,bytescale.mobbin.com,f7a1807c1ac98ccf0eecf5078d61346ac9a94ca37a547f5708d580528c9e55c0,/Users/user/mobbin-sides/screen-flows/revolut-business/063-revolut-business-adding-a-bill-f9a8717f-f563-458a-a1ae-28471b2428d9/002-b430b90e-1837-4ea2-8950-844f872cb125-downloadableSrc-019adfbaaa2b.webp
f9a8717f-f563-458a-a1ae-28471b2428d9,Adding a bill,93ad9ceb-a163-41da-ba7a-9f07c737fc2a,Revolut Business,0c4c334c-e3a5-4395-89be-c7666aaafdf5,2,3,ea572137-d48c-4785-a3d6-0c90abb5adbc,true,downloadableSrc,200,image/webp,74968,74968,55676d53c7955a393f25af62b9fae27afba750c7d4e7e0030b835c9372ed8eda,1179,2676,,,bytescale.mobbin.com,f7a1807c1ac98ccf0eecf5078d61346ac9a94ca37a547f5708d580528c9e55c0,/Users/user/mobbin-sides/screen-flows/revolut-business/063-revolut-business-adding-a-bill-f9a8717f-f563-458a-a1ae-28471b2428d9/003-ea572137-d48c-4785-a3d6-0c90abb5adbc-downloadableSrc-55676d53c795.webp
f9a8717f-f563-458a-a1ae-28471b2428d9,Adding a bill,93ad9ceb-a163-41da-ba7a-9f07c737fc2a,Revolut Business,0c4c334c-e3a5-4395-89be-c7666aaafdf5,3,4,7dc63b57-aab3-41d1-aaf6-b52cb393691b,true,downloadableSrc,200,image/webp,59722,59722,5e279a450fdc0f659dd25faa37bc9c0f87087a2d9558b187c2dce081def4a3e7,1179,2676,,,bytescale.mobbin.com,f7a1807c1ac98ccf0eecf5078d61346ac9a94ca37a547f5708d580528c9e55c0,/Users/user/mobbin-sides/screen-flows/revolut-business/063-revolut-business-adding-a-bill-f9a8717f-f563-458a-a1ae-28471b2428d9/004-7dc63b57-aab3-41d1-aaf6-b52cb393691b-downloadableSrc-5e279a450fdc.webp
f9a8717f-f563-458a-a1ae-28471b2428d9,Adding a bill,93ad9ceb-a163-41da-ba7a-9f07c737fc2a,Revolut Business,0c4c334c-e3a5-4395-89be-c7666aaafdf5,4,5,77263bb4-a8dd-490f-bd3a-9222c3f07219,true,downloadableSrc,200,image/webp,70228,70228,ae51192c24752314da36aaa674ba26ee17d65c116cef9e46ebaa5d9f2d74a54e,1179,2676,,,bytescale.mobbin.com,f7a1807c1ac98ccf0eecf5078d61346ac9a94ca37a547f5708d580528c9e55c0,/Users/user/mobbin-sides/screen-flows/revolut-business/063-revolut-business-adding-a-bill-f9a8717f-f563-458a-a1ae-28471b2428d9/005-77263bb4-a8dd-490f-bd3a-9222c3f07219-downloadableSrc-ae51192c2475.webp
f9a8717f-f563-458a-a1ae-28471b2428d9,Adding a bill,93ad9ceb-a163-41da-ba7a-9f07c737fc2a,Revolut Business,0c4c334c-e3a5-4395-89be-c7666aaafdf5,5,6,5799db3d-b3e1-4cc9-93a6-8218d051b58b,true,downloadableSrc,200,image/webp,60428,60428,4844f790d926045942cf51241dedd334f75f36212392865e150e91a606b12014,1179,2676,,,bytescale.mobbin.com,f7a1807c1ac98ccf0eecf5078d61346ac9a94ca37a547f5708d580528c9e55c0,/Users/user/mobbin-sides/screen-flows/revolut-business/063-revolut-business-adding-a-bill-f9a8717f-f563-458a-a1ae-28471b2428d9/006-5799db3d-b3e1-4cc9-93a6-8218d051b58b-downloadableSrc-4844f790d926.webp
f9a8717f-f563-458a-a1ae-28471b2428d9,Adding a bill,93ad9ceb-a163-41da-ba7a-9f07c737fc2a,Revolut Business,0c4c334c-e3a5-4395-89be-c7666aaafdf5,6,7,b1fc0d8c-711b-4dca-9f4b-1a76c1a46773,true,downloadableSrc,200,image/webp,68988,68988,b03ef4e5aac6faaa7053a49e793bf7f424924eecfe617c1efd3e737b4e2f3cbc,1179,2676,,,bytescale.mobbin.com,f7a1807c1ac98ccf0eecf5078d61346ac9a94ca37a547f5708d580528c9e55c0,/Users/user/mobbin-sides/screen-flows/revolut-business/063-revolut-business-adding-a-bill-f9a8717f-f563-458a-a1ae-28471b2428d9/007-b1fc0d8c-711b-4dca-9f4b-1a76c1a46773-downloadableSrc-b03ef4e5aac6.webp
f9a8717f-f563-458a-a1ae-28471b2428d9,Adding a bill,93ad9ceb-a163-41da-ba7a-9f07c737fc2a,Revolut Business,0c4c334c-e3a5-4395-89be-c7666aaafdf5,7,8,2c230204-c06f-42e2-ab24-905d304e03f8,true,downloadableSrc,200,image/webp,36852,36852,e73c60c25da231ec7afda964816628cbda114986fc6c01b5b773862fcdf0a07c,1179,2676,,,bytescale.mobbin.com,f7a1807c1ac98ccf0eecf5078d61346ac9a94ca37a547f5708d580528c9e55c0,/Users/user/mobbin-sides/screen-flows/revolut-business/063-revolut-business-adding-a-bill-f9a8717f-f563-458a-a1ae-28471b2428d9/008-2c230204-c06f-42e2-ab24-905d304e03f8-downloadableSrc-e73c60c25da2.webp
f9a8717f-f563-458a-a1ae-28471b2428d9,Adding a bill,93ad9ceb-a163-41da-ba7a-9f07c737fc2a,Revolut Business,0c4c334c-e3a5-4395-89be-c7666aaafdf5,8,9,0eee9cfb-8211-41fd-bfac-73c2551d55bc,true,downloadableSrc,200,image/webp,63320,63320,b657d94fc8d47651ac0c697dc5ca7cb6e9b41192b2727b071332011f15b8506e,1179,2676,,,bytescale.mobbin.com,f7a1807c1ac98ccf0eecf5078d61346ac9a94ca37a547f5708d580528c9e55c0,/Users/user/mobbin-sides/screen-flows/revolut-business/063-revolut-business-adding-a-bill-f9a8717f-f563-458a-a1ae-28471b2428d9/009-0eee9cfb-8211-41fd-bfac-73c2551d55bc-downloadableSrc-b657d94fc8d4.webp
f9a8717f-f563-458a-a1ae-28471b2428d9,Adding a bill,93ad9ceb-a163-41da-ba7a-9f07c737fc2a,Revolut Business,0c4c334c-e3a5-4395-89be-c7666aaafdf5,9,10,b6209282-539b-4b64-84ee-ffb89e3b9b8b,true,downloadableSrc,200,image/webp,37172,37172,756854be6d5841a6942685ae7af2a9d59773d0dbe01092871d004067525faaae,1179,2676,,,bytescale.mobbin.com,f7a1807c1ac98ccf0eecf5078d61346ac9a94ca37a547f5708d580528c9e55c0,/Users/user/mobbin-sides/screen-flows/revolut-business/063-revolut-business-adding-a-bill-f9a8717f-f563-458a-a1ae-28471b2428d9/010-b6209282-539b-4b64-84ee-ffb89e3b9b8b-downloadableSrc-756854be6d58.webp
ccc0ed3d-ad35-47a3-81e8-be4189186181,Splitting line items,93ad9ceb-a163-41da-ba7a-9f07c737fc2a,Revolut Business,0c4c334c-e3a5-4395-89be-c7666aaafdf5,0,1,0eee9cfb-8211-41fd-bfac-73c2551d55bc,true,downloadableSrc,200,image/webp,63320,63320,b657d94fc8d47651ac0c697dc5ca7cb6e9b41192b2727b071332011f15b8506e,1179,2676,,,bytescale.mobbin.com,f7a1807c1ac98ccf0eecf5078d61346ac9a94ca37a547f5708d580528c9e55c0,/Users/user/mobbin-sides/screen-flows/revolut-business/064-revolut-business-splitting-line-items-ccc0ed3d-ad35-47a3-81e8-be4189186181/001-0eee9cfb-8211-41fd-bfac-73c2551d55bc-downloadableSrc-b657d94fc8d4.webp
ccc0ed3d-ad35-47a3-81e8-be4189186181,Splitting line items,93ad9ceb-a163-41da-ba7a-9f07c737fc2a,Revolut Business,0c4c334c-e3a5-4395-89be-c7666aaafdf5,1,2,5997865d-63b4-4fcf-ba67-65a823e30822,true,downloadableSrc,200,image/webp,64832,64832,6a1a9bfebb5afe3b162f466956ac8b058057fc79b780491af34212d58e0d9bce,1179,2676,,,bytescale.mobbin.com,f7a1807c1ac98ccf0eecf5078d61346ac9a94ca37a547f5708d580528c9e55c0,/Users/user/mobbin-sides/screen-flows/revolut-business/064-revolut-business-splitting-line-items-ccc0ed3d-ad35-47a3-81e8-be4189186181/002-5997865d-63b4-4fcf-ba67-65a823e30822-downloadableSrc-6a1a9bfebb5a.webp
ccc0ed3d-ad35-47a3-81e8-be4189186181,Splitting line items,93ad9ceb-a163-41da-ba7a-9f07c737fc2a,Revolut Business,0c4c334c-e3a5-4395-89be-c7666aaafdf5,2,3,c16a61ab-562e-42b6-8bbb-4ed20a7886ea,true,downloadableSrc,200,image/webp,56250,56250,6c64efa7f10bde11112d6fb00b7974e6f51ad84789d4b65117d00a5c701741d4,1179,2676,,,bytescale.mobbin.com,f7a1807c1ac98ccf0eecf5078d61346ac9a94ca37a547f5708d580528c9e55c0,/Users/user/mobbin-sides/screen-flows/revolut-business/064-revolut-business-splitting-line-items-ccc0ed3d-ad35-47a3-81e8-be4189186181/003-c16a61ab-562e-42b6-8bbb-4ed20a7886ea-downloadableSrc-6c64efa7f10b.webp
817053e5-f557-42c0-9708-23fe3999017c,Bill detail,93ad9ceb-a163-41da-ba7a-9f07c737fc2a,Revolut Business,0c4c334c-e3a5-4395-89be-c7666aaafdf5,0,1,1c2039a0-0e6c-490b-915b-39e75d04249f,true,downloadableSrc,200,image/webp,52780,52780,434282dfa18b30bc92846bc65980d516cb611e999dd9bf0c3fb6495677eda901,1179,2676,,,bytescale.mobbin.com,f7a1807c1ac98ccf0eecf5078d61346ac9a94ca37a547f5708d580528c9e55c0,/Users/user/mobbin-sides/screen-flows/revolut-business/065-revolut-business-bill-detail-817053e5-f557-42c0-9708-23fe3999017c/001-1c2039a0-0e6c-490b-915b-39e75d04249f-downloadableSrc-434282dfa18b.webp
817053e5-f557-42c0-9708-23fe3999017c,Bill detail,93ad9ceb-a163-41da-ba7a-9f07c737fc2a,Revolut Business,0c4c334c-e3a5-4395-89be-c7666aaafdf5,1,2,ef78b340-6893-4314-973a-96a757d46812,true,downloadableSrc,200,image/webp,60768,60768,84ad22a8ed75a7975ff4d3252f0293a9acc4a1dcc07365c770532557ba64778c,1179,2676,,,bytescale.mobbin.com,f7a1807c1ac98ccf0eecf5078d61346ac9a94ca37a547f5708d580528c9e55c0,/Users/user/mobbin-sides/screen-flows/revolut-business/065-revolut-business-bill-detail-817053e5-f557-42c0-9708-23fe3999017c/002-ef78b340-6893-4314-973a-96a757d46812-downloadableSrc-84ad22a8ed75.webp
817053e5-f557-42c0-9708-23fe3999017c,Bill detail,93ad9ceb-a163-41da-ba7a-9f07c737fc2a,Revolut Business,0c4c334c-e3a5-4395-89be-c7666aaafdf5,2,3,3d7a7478-5633-4a09-bb47-c36bf5cf5655,true,downloadableSrc,200,image/webp,62210,62210,c5e7006a1d83020fe63e40596af4a99da4c58c48ceb027a7eb249134eee6c7c1,1179,2676,,,bytescale.mobbin.com,f7a1807c1ac98ccf0eecf5078d61346ac9a94ca37a547f5708d580528c9e55c0,/Users/user/mobbin-sides/screen-flows/revolut-business/065-revolut-business-bill-detail-817053e5-f557-42c0-9708-23fe3999017c/003-3d7a7478-5633-4a09-bb47-c36bf5cf5655-downloadableSrc-c5e7006a1d83.webp
dbcb583d-31fa-49ca-bff0-c434890a54d0,Linking a completed payment,93ad9ceb-a163-41da-ba7a-9f07c737fc2a,Revolut Business,0c4c334c-e3a5-4395-89be-c7666aaafdf5,0,1,ef78b340-6893-4314-973a-96a757d46812,true,downloadableSrc,200,image/webp,60768,60768,84ad22a8ed75a7975ff4d3252f0293a9acc4a1dcc07365c770532557ba64778c,1179,2676,,,bytescale.mobbin.com,f7a1807c1ac98ccf0eecf5078d61346ac9a94ca37a547f5708d580528c9e55c0,/Users/user/mobbin-sides/screen-flows/revolut-business/066-revolut-business-linking-a-completed-payment-dbcb583d-31fa-49ca-bff0-c434890a54d0/001-ef78b340-6893-4314-973a-96a757d46812-downloadableSrc-84ad22a8ed75.webp
dbcb583d-31fa-49ca-bff0-c434890a54d0,Linking a completed payment,93ad9ceb-a163-41da-ba7a-9f07c737fc2a,Revolut Business,0c4c334c-e3a5-4395-89be-c7666aaafdf5,1,2,96f3ddbf-b6a1-4bfa-82e8-979f73d9c129,true,downloadableSrc,200,image/webp,34356,34356,2dd1989522949203a41188307f6d930e072964e4b22b9fd57c9061c27e088570,1179,2676,,,bytescale.mobbin.com,f7a1807c1ac98ccf0eecf5078d61346ac9a94ca37a547f5708d580528c9e55c0,/Users/user/mobbin-sides/screen-flows/revolut-business/066-revolut-business-linking-a-completed-payment-dbcb583d-31fa-49ca-bff0-c434890a54d0/002-96f3ddbf-b6a1-4bfa-82e8-979f73d9c129-downloadableSrc-2dd198952294.webp
dbcb583d-31fa-49ca-bff0-c434890a54d0,Linking a completed payment,93ad9ceb-a163-41da-ba7a-9f07c737fc2a,Revolut Business,0c4c334c-e3a5-4395-89be-c7666aaafdf5,2,3,4575be1d-4075-416e-811c-b08258b12563,true,downloadableSrc,200,image/webp,36248,36248,58d0016c9b0d658f6d6e8a5135f3d221cfd5c45af806b2d20e59a861a3585040,1179,2676,,,bytescale.mobbin.com,f7a1807c1ac98ccf0eecf5078d61346ac9a94ca37a547f5708d580528c9e55c0,/Users/user/mobbin-sides/screen-flows/revolut-business/066-revolut-business-linking-a-completed-payment-dbcb583d-31fa-49ca-bff0-c434890a54d0/003-4575be1d-4075-416e-811c-b08258b12563-downloadableSrc-58d0016c9b0d.webp
dbcb583d-31fa-49ca-bff0-c434890a54d0,Linking a completed payment,93ad9ceb-a163-41da-ba7a-9f07c737fc2a,Revolut Business,0c4c334c-e3a5-4395-89be-c7666aaafdf5,3,4,84cd823e-ca0e-4a24-811d-db54d26d3f85,true,downloadableSrc,200,image/webp,58130,58130,758695244da790ed6916425a4d0fecf2a4c396554397d9518d5cf0ea80fd6f86,1179,2676,,,bytescale.mobbin.com,f7a1807c1ac98ccf0eecf5078d61346ac9a94ca37a547f5708d580528c9e55c0,/Users/user/mobbin-sides/screen-flows/revolut-business/066-revolut-business-linking-a-completed-payment-dbcb583d-31fa-49ca-bff0-c434890a54d0/004-84cd823e-ca0e-4a24-811d-db54d26d3f85-downloadableSrc-758695244da7.webp
dbcb583d-31fa-49ca-bff0-c434890a54d0,Linking a completed payment,93ad9ceb-a163-41da-ba7a-9f07c737fc2a,Revolut Business,0c4c334c-e3a5-4395-89be-c7666aaafdf5,4,5,97c7f898-4589-40e9-8507-d67af44cd802,true,downloadableSrc,200,image/webp,54566,54566,89c4b8f77d3290df9780ea2c103f71022f281bcb6bf9b26183983305d2cbb36a,1179,2676,,,bytescale.mobbin.com,f7a1807c1ac98ccf0eecf5078d61346ac9a94ca37a547f5708d580528c9e55c0,/Users/user/mobbin-sides/screen-flows/revolut-business/066-revolut-business-linking-a-completed-payment-dbcb583d-31fa-49ca-bff0-c434890a54d0/005-97c7f898-4589-40e9-8507-d67af44cd802-downloadableSrc-89c4b8f77d32.webp
dbcb583d-31fa-49ca-bff0-c434890a54d0,Linking a completed payment,93ad9ceb-a163-41da-ba7a-9f07c737fc2a,Revolut Business,0c4c334c-e3a5-4395-89be-c7666aaafdf5,5,6,99318770-c0d8-4209-a2a4-00a28d75725f,true,downloadableSrc,200,image/webp,54084,54084,baa457287cdf0cb816f8db27e55ceb3bafd33639a89c8cf85df8e5e65a6e85e6,1179,2676,,,bytescale.mobbin.com,f7a1807c1ac98ccf0eecf5078d61346ac9a94ca37a547f5708d580528c9e55c0,/Users/user/mobbin-sides/screen-flows/revolut-business/066-revolut-business-linking-a-completed-payment-dbcb583d-31fa-49ca-bff0-c434890a54d0/006-99318770-c0d8-4209-a2a4-00a28d75725f-downloadableSrc-baa457287cdf.webp
2830af35-12e1-4030-b1c2-1c4f90617948,Recipients,93ad9ceb-a163-41da-ba7a-9f07c737fc2a,Revolut Business,0c4c334c-e3a5-4395-89be-c7666aaafdf5,0,1,2556be42-ab80-4494-83d9-c37a24ddd030,true,downloadableSrc,200,image/webp,69154,69154,6b8ae122a9356bb5895b5d9f71dde80e08104fce843733907d06dfa65f054774,1179,2676,,,bytescale.mobbin.com,f7a1807c1ac98ccf0eecf5078d61346ac9a94ca37a547f5708d580528c9e55c0,/Users/user/mobbin-sides/screen-flows/revolut-business/067-revolut-business-recipients-2830af35-12e1-4030-b1c2-1c4f90617948/001-2556be42-ab80-4494-83d9-c37a24ddd030-downloadableSrc-6b8ae122a935.webp
2830af35-12e1-4030-b1c2-1c4f90617948,Recipients,93ad9ceb-a163-41da-ba7a-9f07c737fc2a,Revolut Business,0c4c334c-e3a5-4395-89be-c7666aaafdf5,1,2,87b5347f-425b-43ff-9ac4-616f7a58f71e,true,downloadableSrc,200,image/webp,36460,36460,0e9f8d9a39fe23b3c70016d6d5c0e067e3e18e5f8efe5e8edcd9f067c8401a3e,1179,2676,,,bytescale.mobbin.com,f7a1807c1ac98ccf0eecf5078d61346ac9a94ca37a547f5708d580528c9e55c0,/Users/user/mobbin-sides/screen-flows/revolut-business/067-revolut-business-recipients-2830af35-12e1-4030-b1c2-1c4f90617948/002-87b5347f-425b-43ff-9ac4-616f7a58f71e-downloadableSrc-0e9f8d9a39fe.webp
2830af35-12e1-4030-b1c2-1c4f90617948,Recipients,93ad9ceb-a163-41da-ba7a-9f07c737fc2a,Revolut Business,0c4c334c-e3a5-4395-89be-c7666aaafdf5,2,3,d86ba16b-3f02-47cb-831e-e5ec6f32a61a,true,downloadableSrc,200,image/webp,42448,42448,2cb65b9acd3b4218d967db19e74ef3cdb099ffc21fe2b9ccb22f993333fef697,1179,2676,,,bytescale.mobbin.com,f7a1807c1ac98ccf0eecf5078d61346ac9a94ca37a547f5708d580528c9e55c0,/Users/user/mobbin-sides/screen-flows/revolut-business/067-revolut-business-recipients-2830af35-12e1-4030-b1c2-1c4f90617948/003-d86ba16b-3f02-47cb-831e-e5ec6f32a61a-downloadableSrc-2cb65b9acd3b.webp
aeabca22-f7cb-4a72-9939-a8bcb4f0c860,Recipient detail,93ad9ceb-a163-41da-ba7a-9f07c737fc2a,Revolut Business,0c4c334c-e3a5-4395-89be-c7666aaafdf5,0,1,87b5347f-425b-43ff-9ac4-616f7a58f71e,true,downloadableSrc,200,image/webp,36460,36460,0e9f8d9a39fe23b3c70016d6d5c0e067e3e18e5f8efe5e8edcd9f067c8401a3e,1179,2676,,,bytescale.mobbin.com,f7a1807c1ac98ccf0eecf5078d61346ac9a94ca37a547f5708d580528c9e55c0,/Users/user/mobbin-sides/screen-flows/revolut-business/068-revolut-business-recipient-detail-aeabca22-f7cb-4a72-9939-a8bcb4f0c860/001-87b5347f-425b-43ff-9ac4-616f7a58f71e-downloadableSrc-0e9f8d9a39fe.webp
aeabca22-f7cb-4a72-9939-a8bcb4f0c860,Recipient detail,93ad9ceb-a163-41da-ba7a-9f07c737fc2a,Revolut Business,0c4c334c-e3a5-4395-89be-c7666aaafdf5,1,2,cf532447-bb62-4ee2-85ef-1aa32f471f92,true,downloadableSrc,200,image/webp,57986,57986,eaa9822e328274134ff5d14d1989d19447a7cec27a443eaed096d7cb423376db,1179,2676,,,bytescale.mobbin.com,f7a1807c1ac98ccf0eecf5078d61346ac9a94ca37a547f5708d580528c9e55c0,/Users/user/mobbin-sides/screen-flows/revolut-business/068-revolut-business-recipient-detail-aeabca22-f7cb-4a72-9939-a8bcb4f0c860/002-cf532447-bb62-4ee2-85ef-1aa32f471f92-downloadableSrc-eaa9822e3282.webp
aeabca22-f7cb-4a72-9939-a8bcb4f0c860,Recipient detail,93ad9ceb-a163-41da-ba7a-9f07c737fc2a,Revolut Business,0c4c334c-e3a5-4395-89be-c7666aaafdf5,2,3,207c247b-93b8-4e94-8d86-1e21f3f6b7a0,true,downloadableSrc,200,image/webp,64068,64068,e5db79e29b1b39ef37bdcb18a6093a6605de993b45c7ce06ea587815455880fa,1179,2676,,,bytescale.mobbin.com,f7a1807c1ac98ccf0eecf5078d61346ac9a94ca37a547f5708d580528c9e55c0,/Users/user/mobbin-sides/screen-flows/revolut-business/068-revolut-business-recipient-detail-aeabca22-f7cb-4a72-9939-a8bcb4f0c860/003-207c247b-93b8-4e94-8d86-1e21f3f6b7a0-downloadableSrc-e5db79e29b1b.webp
01b4776f-d4d6-4b5a-bc73-0522873813ca,Deleting a recipient,93ad9ceb-a163-41da-ba7a-9f07c737fc2a,Revolut Business,0c4c334c-e3a5-4395-89be-c7666aaafdf5,0,1,207c247b-93b8-4e94-8d86-1e21f3f6b7a0,true,downloadableSrc,200,image/webp,64068,64068,e5db79e29b1b39ef37bdcb18a6093a6605de993b45c7ce06ea587815455880fa,1179,2676,,,bytescale.mobbin.com,f7a1807c1ac98ccf0eecf5078d61346ac9a94ca37a547f5708d580528c9e55c0,/Users/user/mobbin-sides/screen-flows/revolut-business/069-revolut-business-deleting-a-recipient-01b4776f-d4d6-4b5a-bc73-0522873813ca/001-207c247b-93b8-4e94-8d86-1e21f3f6b7a0-downloadableSrc-e5db79e29b1b.webp
01b4776f-d4d6-4b5a-bc73-0522873813ca,Deleting a recipient,93ad9ceb-a163-41da-ba7a-9f07c737fc2a,Revolut Business,0c4c334c-e3a5-4395-89be-c7666aaafdf5,1,2,c84834be-cc04-4c99-9975-375b81a80e95,true,downloadableSrc,200,image/webp,67656,67656,3fb7777d3523a2f7c288352883a43706a49ab8dc1f9613d01783ceddb2bb026b,1179,2676,,,bytescale.mobbin.com,f7a1807c1ac98ccf0eecf5078d61346ac9a94ca37a547f5708d580528c9e55c0,/Users/user/mobbin-sides/screen-flows/revolut-business/069-revolut-business-deleting-a-recipient-01b4776f-d4d6-4b5a-bc73-0522873813ca/002-c84834be-cc04-4c99-9975-375b81a80e95-downloadableSrc-3fb7777d3523.webp
01b4776f-d4d6-4b5a-bc73-0522873813ca,Deleting a recipient,93ad9ceb-a163-41da-ba7a-9f07c737fc2a,Revolut Business,0c4c334c-e3a5-4395-89be-c7666aaafdf5,2,3,dcf70e81-1139-48ae-a946-6392fcde9cc1,true,downloadableSrc,200,image/webp,57004,57004,2b531be439fb903bcff17aca177663c04a9388576a8ffc606e65450654db38ff,1179,2676,,,bytescale.mobbin.com,f7a1807c1ac98ccf0eecf5078d61346ac9a94ca37a547f5708d580528c9e55c0,/Users/user/mobbin-sides/screen-flows/revolut-business/069-revolut-business-deleting-a-recipient-01b4776f-d4d6-4b5a-bc73-0522873813ca/003-dcf70e81-1139-48ae-a946-6392fcde9cc1-downloadableSrc-2b531be439fb.webp
01b4776f-d4d6-4b5a-bc73-0522873813ca,Deleting a recipient,93ad9ceb-a163-41da-ba7a-9f07c737fc2a,Revolut Business,0c4c334c-e3a5-4395-89be-c7666aaafdf5,3,4,e9fb5ddd-62ff-4386-8c56-5586933a7186,true,downloadableSrc,200,image/webp,41266,41266,96646c87b38569629fb94a2776a82df154597b06308517e7f1cff9e8071da2ed,1179,2676,,,bytescale.mobbin.com,f7a1807c1ac98ccf0eecf5078d61346ac9a94ca37a547f5708d580528c9e55c0,/Users/user/mobbin-sides/screen-flows/revolut-business/069-revolut-business-deleting-a-recipient-01b4776f-d4d6-4b5a-bc73-0522873813ca/004-e9fb5ddd-62ff-4386-8c56-5586933a7186-downloadableSrc-96646c87b385.webp
4246e80c-1426-4e63-bc09-b56d3838915d,Adding a recipient,93ad9ceb-a163-41da-ba7a-9f07c737fc2a,Revolut Business,0c4c334c-e3a5-4395-89be-c7666aaafdf5,0,1,87b5347f-425b-43ff-9ac4-616f7a58f71e,true,downloadableSrc,200,image/webp,36460,36460,0e9f8d9a39fe23b3c70016d6d5c0e067e3e18e5f8efe5e8edcd9f067c8401a3e,1179,2676,,,bytescale.mobbin.com,f7a1807c1ac98ccf0eecf5078d61346ac9a94ca37a547f5708d580528c9e55c0,/Users/user/mobbin-sides/screen-flows/revolut-business/070-revolut-business-adding-a-recipient-4246e80c-1426-4e63-bc09-b56d3838915d/001-87b5347f-425b-43ff-9ac4-616f7a58f71e-downloadableSrc-0e9f8d9a39fe.webp
4246e80c-1426-4e63-bc09-b56d3838915d,Adding a recipient,93ad9ceb-a163-41da-ba7a-9f07c737fc2a,Revolut Business,0c4c334c-e3a5-4395-89be-c7666aaafdf5,1,2,bf913a3a-93ef-4e55-a94d-4861d19c89fe,true,downloadableSrc,200,image/webp,40252,40252,f6c62e69cea4575c9517bd49e6397934a31727c42fb8f216b9df24a771917f1c,1179,2676,,,bytescale.mobbin.com,f7a1807c1ac98ccf0eecf5078d61346ac9a94ca37a547f5708d580528c9e55c0,/Users/user/mobbin-sides/screen-flows/revolut-business/070-revolut-business-adding-a-recipient-4246e80c-1426-4e63-bc09-b56d3838915d/002-bf913a3a-93ef-4e55-a94d-4861d19c89fe-downloadableSrc-f6c62e69cea4.webp
4246e80c-1426-4e63-bc09-b56d3838915d,Adding a recipient,93ad9ceb-a163-41da-ba7a-9f07c737fc2a,Revolut Business,0c4c334c-e3a5-4395-89be-c7666aaafdf5,2,3,5a1ade8d-b1bc-439d-9fa4-3fa4ec6ed7f4,true,downloadableSrc,200,image/webp,49082,49082,9d917896a129d4086148bee6f3f889f483b76b461db23d83d9e855a2ac6d3560,1179,2676,,,bytescale.mobbin.com,f7a1807c1ac98ccf0eecf5078d61346ac9a94ca37a547f5708d580528c9e55c0,/Users/user/mobbin-sides/screen-flows/revolut-business/070-revolut-business-adding-a-recipient-4246e80c-1426-4e63-bc09-b56d3838915d/003-5a1ade8d-b1bc-439d-9fa4-3fa4ec6ed7f4-downloadableSrc-9d917896a129.webp
4246e80c-1426-4e63-bc09-b56d3838915d,Adding a recipient,93ad9ceb-a163-41da-ba7a-9f07c737fc2a,Revolut Business,0c4c334c-e3a5-4395-89be-c7666aaafdf5,3,4,12bbc1d1-f8eb-4881-8100-f138ab28898e,true,downloadableSrc,200,image/webp,50928,50928,1f7c34ba409f9165c54654853296df31e423c63cc7c6f302f31b85ee5a604a91,1180,2676,,,bytescale.mobbin.com,f7a1807c1ac98ccf0eecf5078d61346ac9a94ca37a547f5708d580528c9e55c0,/Users/user/mobbin-sides/screen-flows/revolut-business/070-revolut-business-adding-a-recipient-4246e80c-1426-4e63-bc09-b56d3838915d/004-12bbc1d1-f8eb-4881-8100-f138ab28898e-downloadableSrc-1f7c34ba409f.webp
4246e80c-1426-4e63-bc09-b56d3838915d,Adding a recipient,93ad9ceb-a163-41da-ba7a-9f07c737fc2a,Revolut Business,0c4c334c-e3a5-4395-89be-c7666aaafdf5,4,5,48f49dc2-0146-4c18-8d86-55c52edc5b27,true,downloadableSrc,200,image/webp,60220,60220,1ba2c2439c8684655e13c5601b5dad20dd772e55f0c250798f045d33688d4c5c,1180,2676,,,bytescale.mobbin.com,f7a1807c1ac98ccf0eecf5078d61346ac9a94ca37a547f5708d580528c9e55c0,/Users/user/mobbin-sides/screen-flows/revolut-business/070-revolut-business-adding-a-recipient-4246e80c-1426-4e63-bc09-b56d3838915d/005-48f49dc2-0146-4c18-8d86-55c52edc5b27-downloadableSrc-1ba2c2439c86.webp
4246e80c-1426-4e63-bc09-b56d3838915d,Adding a recipient,93ad9ceb-a163-41da-ba7a-9f07c737fc2a,Revolut Business,0c4c334c-e3a5-4395-89be-c7666aaafdf5,5,6,28988f71-9f9b-47e6-b31c-7affca2c5b17,true,downloadableSrc,200,image/webp,61210,61210,5eaf426289f7864db2feef0976cc902b202a6c5e500539760bafd06a37de99f9,1179,2676,,,bytescale.mobbin.com,f7a1807c1ac98ccf0eecf5078d61346ac9a94ca37a547f5708d580528c9e55c0,/Users/user/mobbin-sides/screen-flows/revolut-business/070-revolut-business-adding-a-recipient-4246e80c-1426-4e63-bc09-b56d3838915d/006-28988f71-9f9b-47e6-b31c-7affca2c5b17-downloadableSrc-5eaf426289f7.webp
4246e80c-1426-4e63-bc09-b56d3838915d,Adding a recipient,93ad9ceb-a163-41da-ba7a-9f07c737fc2a,Revolut Business,0c4c334c-e3a5-4395-89be-c7666aaafdf5,6,7,d86ba16b-3f02-47cb-831e-e5ec6f32a61a,true,downloadableSrc,200,image/webp,42448,42448,2cb65b9acd3b4218d967db19e74ef3cdb099ffc21fe2b9ccb22f993333fef697,1179,2676,,,bytescale.mobbin.com,f7a1807c1ac98ccf0eecf5078d61346ac9a94ca37a547f5708d580528c9e55c0,/Users/user/mobbin-sides/screen-flows/revolut-business/070-revolut-business-adding-a-recipient-4246e80c-1426-4e63-bc09-b56d3838915d/007-d86ba16b-3f02-47cb-831e-e5ec6f32a61a-downloadableSrc-2cb65b9acd3b.webp
7469d0cd-b4df-40cd-a2db-9cd0bdc2a3a5,Merchant,93ad9ceb-a163-41da-ba7a-9f07c737fc2a,Revolut Business,0c4c334c-e3a5-4395-89be-c7666aaafdf5,0,1,ebcd98d5-f535-45e3-b6ca-663c000a4d23,true,downloadableSrc,200,image/webp,71838,71838,01b66bbc2a361dccedaea295781d9b236791a6f2ab2eaac9dd95613385649798,1179,2676,,,bytescale.mobbin.com,f7a1807c1ac98ccf0eecf5078d61346ac9a94ca37a547f5708d580528c9e55c0,/Users/user/mobbin-sides/screen-flows/revolut-business/071-revolut-business-merchant-7469d0cd-b4df-40cd-a2db-9cd0bdc2a3a5/001-ebcd98d5-f535-45e3-b6ca-663c000a4d23-downloadableSrc-01b66bbc2a36.webp
7469d0cd-b4df-40cd-a2db-9cd0bdc2a3a5,Merchant,93ad9ceb-a163-41da-ba7a-9f07c737fc2a,Revolut Business,0c4c334c-e3a5-4395-89be-c7666aaafdf5,1,2,d3d73176-ab81-4e22-878f-9358935a860b,true,downloadableSrc,200,image/webp,84230,84230,cf9d79760337818bf9c39633be9bc484e563900a7b4b1f864ee7affe0f9fe7b7,1180,2676,,,bytescale.mobbin.com,f7a1807c1ac98ccf0eecf5078d61346ac9a94ca37a547f5708d580528c9e55c0,/Users/user/mobbin-sides/screen-flows/revolut-business/071-revolut-business-merchant-7469d0cd-b4df-40cd-a2db-9cd0bdc2a3a5/002-d3d73176-ab81-4e22-878f-9358935a860b-downloadableSrc-cf9d79760337.webp
7469d0cd-b4df-40cd-a2db-9cd0bdc2a3a5,Merchant,93ad9ceb-a163-41da-ba7a-9f07c737fc2a,Revolut Business,0c4c334c-e3a5-4395-89be-c7666aaafdf5,2,3,aeb7ab34-145a-47e8-9036-2091a57c5bf3,true,downloadableSrc,200,image/webp,87598,87598,9f355bcdf0d131928889ebe1e2185705536ede70292e76bfe81e3797a0ceeb2a,1179,2676,,,bytescale.mobbin.com,f7a1807c1ac98ccf0eecf5078d61346ac9a94ca37a547f5708d580528c9e55c0,/Users/user/mobbin-sides/screen-flows/revolut-business/071-revolut-business-merchant-7469d0cd-b4df-40cd-a2db-9cd0bdc2a3a5/003-aeb7ab34-145a-47e8-9036-2091a57c5bf3-downloadableSrc-9f355bcdf0d1.webp
7469d0cd-b4df-40cd-a2db-9cd0bdc2a3a5,Merchant,93ad9ceb-a163-41da-ba7a-9f07c737fc2a,Revolut Business,0c4c334c-e3a5-4395-89be-c7666aaafdf5,3,4,a3c1cf52-5eed-4472-906f-3b0657d3f7be,true,downloadableSrc,200,image/webp,94276,94276,926172dd5f21179b08750a631509b47136ac9f19b79b03a63385266aa5a933c0,1179,2676,,,bytescale.mobbin.com,f7a1807c1ac98ccf0eecf5078d61346ac9a94ca37a547f5708d580528c9e55c0,/Users/user/mobbin-sides/screen-flows/revolut-business/071-revolut-business-merchant-7469d0cd-b4df-40cd-a2db-9cd0bdc2a3a5/004-a3c1cf52-5eed-4472-906f-3b0657d3f7be-downloadableSrc-926172dd5f21.webp
7469d0cd-b4df-40cd-a2db-9cd0bdc2a3a5,Merchant,93ad9ceb-a163-41da-ba7a-9f07c737fc2a,Revolut Business,0c4c334c-e3a5-4395-89be-c7666aaafdf5,4,5,f9caad60-c1f3-4ecd-8cbb-66980fd868ad,true,downloadableSrc,200,image/webp,87810,87810,b874ae6e72f5a60111887a46ffcc34d311b068fa4e23044fde644b6ddd2a2fa1,1179,2676,,,bytescale.mobbin.com,f7a1807c1ac98ccf0eecf5078d61346ac9a94ca37a547f5708d580528c9e55c0,/Users/user/mobbin-sides/screen-flows/revolut-business/071-revolut-business-merchant-7469d0cd-b4df-40cd-a2db-9cd0bdc2a3a5/005-f9caad60-c1f3-4ecd-8cbb-66980fd868ad-downloadableSrc-b874ae6e72f5.webp
7469d0cd-b4df-40cd-a2db-9cd0bdc2a3a5,Merchant,93ad9ceb-a163-41da-ba7a-9f07c737fc2a,Revolut Business,0c4c334c-e3a5-4395-89be-c7666aaafdf5,5,6,1a103919-f36b-40e4-9824-b52b8c07f6a8,true,downloadableSrc,200,image/webp,89136,89136,2c16bf15c57241124222dc92faaf31edeab79972b92f17a92c844a6753623306,1179,2676,,,bytescale.mobbin.com,f7a1807c1ac98ccf0eecf5078d61346ac9a94ca37a547f5708d580528c9e55c0,/Users/user/mobbin-sides/screen-flows/revolut-business/071-revolut-business-merchant-7469d0cd-b4df-40cd-a2db-9cd0bdc2a3a5/006-1a103919-f36b-40e4-9824-b52b8c07f6a8-downloadableSrc-2c16bf15c572.webp
7469d0cd-b4df-40cd-a2db-9cd0bdc2a3a5,Merchant,93ad9ceb-a163-41da-ba7a-9f07c737fc2a,Revolut Business,0c4c334c-e3a5-4395-89be-c7666aaafdf5,6,7,cd088a62-7af9-4072-b94b-8d29063d632d,true,downloadableSrc,200,image/webp,78406,78406,746eb4ba4bf56b980be8024ad6b50886fa8baa61642aef9016f936a267f9bb0d,1179,2676,,,bytescale.mobbin.com,f7a1807c1ac98ccf0eecf5078d61346ac9a94ca37a547f5708d580528c9e55c0,/Users/user/mobbin-sides/screen-flows/revolut-business/071-revolut-business-merchant-7469d0cd-b4df-40cd-a2db-9cd0bdc2a3a5/007-cd088a62-7af9-4072-b94b-8d29063d632d-downloadableSrc-746eb4ba4bf5.webp
7469d0cd-b4df-40cd-a2db-9cd0bdc2a3a5,Merchant,93ad9ceb-a163-41da-ba7a-9f07c737fc2a,Revolut Business,0c4c334c-e3a5-4395-89be-c7666aaafdf5,7,8,1059d81e-c174-4cc9-84a7-9eaf77e83854,true,downloadableSrc,200,image/webp,84158,84158,218172bc24b9769a55de61f1296d6ae78168751fd14779123deda779b36eb471,1180,2676,,,bytescale.mobbin.com,f7a1807c1ac98ccf0eecf5078d61346ac9a94ca37a547f5708d580528c9e55c0,/Users/user/mobbin-sides/screen-flows/revolut-business/071-revolut-business-merchant-7469d0cd-b4df-40cd-a2db-9cd0bdc2a3a5/008-1059d81e-c174-4cc9-84a7-9eaf77e83854-downloadableSrc-218172bc24b9.webp
d4f37be3-a31b-4d18-88da-78948e39e44c,Completing an application,93ad9ceb-a163-41da-ba7a-9f07c737fc2a,Revolut Business,0c4c334c-e3a5-4395-89be-c7666aaafdf5,0,1,a3c1cf52-5eed-4472-906f-3b0657d3f7be,true,downloadableSrc,200,image/webp,94276,94276,926172dd5f21179b08750a631509b47136ac9f19b79b03a63385266aa5a933c0,1179,2676,,,bytescale.mobbin.com,f7a1807c1ac98ccf0eecf5078d61346ac9a94ca37a547f5708d580528c9e55c0,/Users/user/mobbin-sides/screen-flows/revolut-business/072-revolut-business-completing-an-application-d4f37be3-a31b-4d18-88da-78948e39e44c/001-a3c1cf52-5eed-4472-906f-3b0657d3f7be-downloadableSrc-926172dd5f21.webp
d4f37be3-a31b-4d18-88da-78948e39e44c,Completing an application,93ad9ceb-a163-41da-ba7a-9f07c737fc2a,Revolut Business,0c4c334c-e3a5-4395-89be-c7666aaafdf5,1,2,1ffa6aa6-cd68-43e9-8174-e3fc64a3dcba,true,downloadableSrc,200,image/webp,84624,84624,5c74e513e55a0b76881ed8110cf67ae186ee980886230523e8f2887339df61bc,1179,2676,,,bytescale.mobbin.com,f7a1807c1ac98ccf0eecf5078d61346ac9a94ca37a547f5708d580528c9e55c0,/Users/user/mobbin-sides/screen-flows/revolut-business/072-revolut-business-completing-an-application-d4f37be3-a31b-4d18-88da-78948e39e44c/002-1ffa6aa6-cd68-43e9-8174-e3fc64a3dcba-downloadableSrc-5c74e513e55a.webp
d4f37be3-a31b-4d18-88da-78948e39e44c,Completing an application,93ad9ceb-a163-41da-ba7a-9f07c737fc2a,Revolut Business,0c4c334c-e3a5-4395-89be-c7666aaafdf5,2,3,34a5ba98-7f33-4adc-bd57-1aefe24ad378,true,downloadableSrc,200,image/webp,86376,86376,2c98327a4966602eb8b8d38086b56ae97721120a86cc7a7bf8c487ebedb97549,1179,2676,,,bytescale.mobbin.com,f7a1807c1ac98ccf0eecf5078d61346ac9a94ca37a547f5708d580528c9e55c0,/Users/user/mobbin-sides/screen-flows/revolut-business/072-revolut-business-completing-an-application-d4f37be3-a31b-4d18-88da-78948e39e44c/003-34a5ba98-7f33-4adc-bd57-1aefe24ad378-downloadableSrc-2c98327a4966.webp
d4f37be3-a31b-4d18-88da-78948e39e44c,Completing an application,93ad9ceb-a163-41da-ba7a-9f07c737fc2a,Revolut Business,0c4c334c-e3a5-4395-89be-c7666aaafdf5,3,4,9661887f-4a9f-4eb2-b754-a47858efc55b,true,downloadableSrc,200,image/webp,56098,56098,a027391686fe66c705a339a655bfb100238c78cd30d9ec5003f9767e0ff03276,1179,2676,,,bytescale.mobbin.com,f7a1807c1ac98ccf0eecf5078d61346ac9a94ca37a547f5708d580528c9e55c0,/Users/user/mobbin-sides/screen-flows/revolut-business/072-revolut-business-completing-an-application-d4f37be3-a31b-4d18-88da-78948e39e44c/004-9661887f-4a9f-4eb2-b754-a47858efc55b-downloadableSrc-a027391686fe.webp
d4f37be3-a31b-4d18-88da-78948e39e44c,Completing an application,93ad9ceb-a163-41da-ba7a-9f07c737fc2a,Revolut Business,0c4c334c-e3a5-4395-89be-c7666aaafdf5,4,5,785cad2b-1c55-4a83-adfb-cafb61d01340,true,downloadableSrc,200,image/webp,93644,93644,a0e8dcf4b12bc586a82f7f3eab1a0d1b05369ad0df4c07f4551596a094d94e1f,1179,2676,,,bytescale.mobbin.com,f7a1807c1ac98ccf0eecf5078d61346ac9a94ca37a547f5708d580528c9e55c0,/Users/user/mobbin-sides/screen-flows/revolut-business/072-revolut-business-completing-an-application-d4f37be3-a31b-4d18-88da-78948e39e44c/005-785cad2b-1c55-4a83-adfb-cafb61d01340-downloadableSrc-a0e8dcf4b12b.webp
a4d53b82-b784-44de-ba44-a585a9b9194b,Merchant revenue,93ad9ceb-a163-41da-ba7a-9f07c737fc2a,Revolut Business,0c4c334c-e3a5-4395-89be-c7666aaafdf5,0,1,1a103919-f36b-40e4-9824-b52b8c07f6a8,true,downloadableSrc,200,image/webp,89136,89136,2c16bf15c57241124222dc92faaf31edeab79972b92f17a92c844a6753623306,1179,2676,,,bytescale.mobbin.com,f7a1807c1ac98ccf0eecf5078d61346ac9a94ca37a547f5708d580528c9e55c0,/Users/user/mobbin-sides/screen-flows/revolut-business/073-revolut-business-merchant-revenue-a4d53b82-b784-44de-ba44-a585a9b9194b/001-1a103919-f36b-40e4-9824-b52b8c07f6a8-downloadableSrc-2c16bf15c572.webp
a4d53b82-b784-44de-ba44-a585a9b9194b,Merchant revenue,93ad9ceb-a163-41da-ba7a-9f07c737fc2a,Revolut Business,0c4c334c-e3a5-4395-89be-c7666aaafdf5,1,2,393bc3c2-6ae7-493b-9987-0be398d3e033,true,downloadableSrc,200,image/webp,43342,43342,2b212838f56007be05b8a886e7d742782922ce242072897e1b555bef1e1760a8,1179,2676,,,bytescale.mobbin.com,f7a1807c1ac98ccf0eecf5078d61346ac9a94ca37a547f5708d580528c9e55c0,/Users/user/mobbin-sides/screen-flows/revolut-business/073-revolut-business-merchant-revenue-a4d53b82-b784-44de-ba44-a585a9b9194b/002-393bc3c2-6ae7-493b-9987-0be398d3e033-downloadableSrc-2b212838f560.webp
a4d53b82-b784-44de-ba44-a585a9b9194b,Merchant revenue,93ad9ceb-a163-41da-ba7a-9f07c737fc2a,Revolut Business,0c4c334c-e3a5-4395-89be-c7666aaafdf5,2,3,4cbc7fb1-eaaa-4067-9e4b-d42b9cb4a7bf,true,downloadableSrc,200,image/webp,54976,54976,c1bcd423ca3f8f60f7c4cac34ce29d53dfd1bc6a8ea290faa70b0883600d569d,1179,2676,,,bytescale.mobbin.com,f7a1807c1ac98ccf0eecf5078d61346ac9a94ca37a547f5708d580528c9e55c0,/Users/user/mobbin-sides/screen-flows/revolut-business/073-revolut-business-merchant-revenue-a4d53b82-b784-44de-ba44-a585a9b9194b/003-4cbc7fb1-eaaa-4067-9e4b-d42b9cb4a7bf-downloadableSrc-c1bcd423ca3f.webp
274aca00-d67e-4424-a7fa-3875638e9da9,Set up Tap to Pay,93ad9ceb-a163-41da-ba7a-9f07c737fc2a,Revolut Business,0c4c334c-e3a5-4395-89be-c7666aaafdf5,0,1,1a103919-f36b-40e4-9824-b52b8c07f6a8,true,downloadableSrc,200,image/webp,89136,89136,2c16bf15c57241124222dc92faaf31edeab79972b92f17a92c844a6753623306,1179,2676,,,bytescale.mobbin.com,f7a1807c1ac98ccf0eecf5078d61346ac9a94ca37a547f5708d580528c9e55c0,/Users/user/mobbin-sides/screen-flows/revolut-business/074-revolut-business-set-up-tap-to-pay-274aca00-d67e-4424-a7fa-3875638e9da9/001-1a103919-f36b-40e4-9824-b52b8c07f6a8-downloadableSrc-2c16bf15c572.webp
274aca00-d67e-4424-a7fa-3875638e9da9,Set up Tap to Pay,93ad9ceb-a163-41da-ba7a-9f07c737fc2a,Revolut Business,0c4c334c-e3a5-4395-89be-c7666aaafdf5,1,2,4e25de7f-21da-40ea-81ed-ee360552d55f,true,downloadableSrc,200,image/webp,56494,56494,d192b37afd6ef1e84451a1bc8e0f84ed68761abd437a878ebf4a3531ea77c5f4,1179,2676,,,bytescale.mobbin.com,f7a1807c1ac98ccf0eecf5078d61346ac9a94ca37a547f5708d580528c9e55c0,/Users/user/mobbin-sides/screen-flows/revolut-business/074-revolut-business-set-up-tap-to-pay-274aca00-d67e-4424-a7fa-3875638e9da9/002-4e25de7f-21da-40ea-81ed-ee360552d55f-downloadableSrc-d192b37afd6e.webp
274aca00-d67e-4424-a7fa-3875638e9da9,Set up Tap to Pay,93ad9ceb-a163-41da-ba7a-9f07c737fc2a,Revolut Business,0c4c334c-e3a5-4395-89be-c7666aaafdf5,2,3,dbfef499-614c-4300-bd74-18a733bd457d,true,downloadableSrc,200,image/webp,47326,47326,54ea111539fac15853db69c83b63905c7f8e5a9e695a83b66e9352f6b132cfae,1179,2676,,,bytescale.mobbin.com,f7a1807c1ac98ccf0eecf5078d61346ac9a94ca37a547f5708d580528c9e55c0,/Users/user/mobbin-sides/screen-flows/revolut-business/074-revolut-business-set-up-tap-to-pay-274aca00-d67e-4424-a7fa-3875638e9da9/003-dbfef499-614c-4300-bd74-18a733bd457d-downloadableSrc-54ea111539fa.webp
274aca00-d67e-4424-a7fa-3875638e9da9,Set up Tap to Pay,93ad9ceb-a163-41da-ba7a-9f07c737fc2a,Revolut Business,0c4c334c-e3a5-4395-89be-c7666aaafdf5,3,4,9c715601-5061-47ca-a694-f4b7ac1068e8,true,downloadableSrc,200,image/webp,40178,40178,93bc26f93a32d95ca08da19a92075e39182c10fb36b43f468aa8b84f87871b8f,1179,2676,,,bytescale.mobbin.com,f7a1807c1ac98ccf0eecf5078d61346ac9a94ca37a547f5708d580528c9e55c0,/Users/user/mobbin-sides/screen-flows/revolut-business/074-revolut-business-set-up-tap-to-pay-274aca00-d67e-4424-a7fa-3875638e9da9/004-9c715601-5061-47ca-a694-f4b7ac1068e8-downloadableSrc-93bc26f93a32.webp
3e93a8e5-613d-481d-ae1d-1b670d5012a3,Creating a payment link,93ad9ceb-a163-41da-ba7a-9f07c737fc2a,Revolut Business,0c4c334c-e3a5-4395-89be-c7666aaafdf5,0,1,4e25de7f-21da-40ea-81ed-ee360552d55f,true,downloadableSrc,200,image/webp,56494,56494,d192b37afd6ef1e84451a1bc8e0f84ed68761abd437a878ebf4a3531ea77c5f4,1179,2676,,,bytescale.mobbin.com,f7a1807c1ac98ccf0eecf5078d61346ac9a94ca37a547f5708d580528c9e55c0,/Users/user/mobbin-sides/screen-flows/revolut-business/075-revolut-business-creating-a-payment-link-3e93a8e5-613d-481d-ae1d-1b670d5012a3/001-4e25de7f-21da-40ea-81ed-ee360552d55f-downloadableSrc-d192b37afd6e.webp
3e93a8e5-613d-481d-ae1d-1b670d5012a3,Creating a payment link,93ad9ceb-a163-41da-ba7a-9f07c737fc2a,Revolut Business,0c4c334c-e3a5-4395-89be-c7666aaafdf5,1,2,589f81fd-a4cc-40df-9693-f5eea49b2232,true,downloadableSrc,200,image/webp,86210,86210,93bc9f177eee616dd6eb9a8fad9da89d2f97429b30da89485f11d24e5f322719,1179,2676,,,bytescale.mobbin.com,f7a1807c1ac98ccf0eecf5078d61346ac9a94ca37a547f5708d580528c9e55c0,/Users/user/mobbin-sides/screen-flows/revolut-business/075-revolut-business-creating-a-payment-link-3e93a8e5-613d-481d-ae1d-1b670d5012a3/002-589f81fd-a4cc-40df-9693-f5eea49b2232-downloadableSrc-93bc9f177eee.webp
3e93a8e5-613d-481d-ae1d-1b670d5012a3,Creating a payment link,93ad9ceb-a163-41da-ba7a-9f07c737fc2a,Revolut Business,0c4c334c-e3a5-4395-89be-c7666aaafdf5,2,3,6d98a10e-f7f8-4f9f-b021-f446ebfca58e,true,downloadableSrc,200,image/webp,71390,71390,d7b278ce666072f8aa74a8274ca8cfcb9b9a51dcfac694664e7b22379a2098cc,1179,2676,,,bytescale.mobbin.com,f7a1807c1ac98ccf0eecf5078d61346ac9a94ca37a547f5708d580528c9e55c0,/Users/user/mobbin-sides/screen-flows/revolut-business/075-revolut-business-creating-a-payment-link-3e93a8e5-613d-481d-ae1d-1b670d5012a3/003-6d98a10e-f7f8-4f9f-b021-f446ebfca58e-downloadableSrc-d7b278ce6660.webp
3e93a8e5-613d-481d-ae1d-1b670d5012a3,Creating a payment link,93ad9ceb-a163-41da-ba7a-9f07c737fc2a,Revolut Business,0c4c334c-e3a5-4395-89be-c7666aaafdf5,3,4,99f18a9d-9c9a-46c0-b68d-c8645a991ff3,true,downloadableSrc,200,image/webp,64152,64152,8e83ca88a9e478e7d6a1d5dec607bcf85161e383ab63d91a69cc0d83f522e3f5,1179,2676,,,bytescale.mobbin.com,f7a1807c1ac98ccf0eecf5078d61346ac9a94ca37a547f5708d580528c9e55c0,/Users/user/mobbin-sides/screen-flows/revolut-business/075-revolut-business-creating-a-payment-link-3e93a8e5-613d-481d-ae1d-1b670d5012a3/004-99f18a9d-9c9a-46c0-b68d-c8645a991ff3-downloadableSrc-8e83ca88a9e4.webp
82b3b21d-c943-40e8-bda7-71e1cc4cb920,Payment options,93ad9ceb-a163-41da-ba7a-9f07c737fc2a,Revolut Business,0c4c334c-e3a5-4395-89be-c7666aaafdf5,0,1,4e25de7f-21da-40ea-81ed-ee360552d55f,true,downloadableSrc,200,image/webp,56494,56494,d192b37afd6ef1e84451a1bc8e0f84ed68761abd437a878ebf4a3531ea77c5f4,1179,2676,,,bytescale.mobbin.com,f7a1807c1ac98ccf0eecf5078d61346ac9a94ca37a547f5708d580528c9e55c0,/Users/user/mobbin-sides/screen-flows/revolut-business/076-revolut-business-payment-options-82b3b21d-c943-40e8-bda7-71e1cc4cb920/001-4e25de7f-21da-40ea-81ed-ee360552d55f-downloadableSrc-d192b37afd6e.webp
82b3b21d-c943-40e8-bda7-71e1cc4cb920,Payment options,93ad9ceb-a163-41da-ba7a-9f07c737fc2a,Revolut Business,0c4c334c-e3a5-4395-89be-c7666aaafdf5,1,2,177efd3a-0617-4426-b6e9-ec2828a1c062,true,downloadableSrc,200,image/webp,98078,98078,23755600175efdacee5b654e5d9e5d69e788ed67040c2b5d5f8931911c6589ac,1179,2676,,,bytescale.mobbin.com,f7a1807c1ac98ccf0eecf5078d61346ac9a94ca37a547f5708d580528c9e55c0,/Users/user/mobbin-sides/screen-flows/revolut-business/076-revolut-business-payment-options-82b3b21d-c943-40e8-bda7-71e1cc4cb920/002-177efd3a-0617-4426-b6e9-ec2828a1c062-downloadableSrc-23755600175e.webp
ca96271c-0af8-46ea-924f-b6343185f4e1,Payout,93ad9ceb-a163-41da-ba7a-9f07c737fc2a,Revolut Business,0c4c334c-e3a5-4395-89be-c7666aaafdf5,0,1,1a103919-f36b-40e4-9824-b52b8c07f6a8,true,downloadableSrc,200,image/webp,89136,89136,2c16bf15c57241124222dc92faaf31edeab79972b92f17a92c844a6753623306,1179,2676,,,bytescale.mobbin.com,f7a1807c1ac98ccf0eecf5078d61346ac9a94ca37a547f5708d580528c9e55c0,/Users/user/mobbin-sides/screen-flows/revolut-business/077-revolut-business-payout-ca96271c-0af8-46ea-924f-b6343185f4e1/001-1a103919-f36b-40e4-9824-b52b8c07f6a8-downloadableSrc-2c16bf15c572.webp
ca96271c-0af8-46ea-924f-b6343185f4e1,Payout,93ad9ceb-a163-41da-ba7a-9f07c737fc2a,Revolut Business,0c4c334c-e3a5-4395-89be-c7666aaafdf5,1,2,bab5ef39-48f6-46a2-9f18-239a860e6e1d,true,downloadableSrc,200,image/webp,37844,37844,f9d027eadc334a9ba7eb4328b3fad9a3192fdd4cd4c5f302190096b2e0a2f457,1179,2676,,,bytescale.mobbin.com,f7a1807c1ac98ccf0eecf5078d61346ac9a94ca37a547f5708d580528c9e55c0,/Users/user/mobbin-sides/screen-flows/revolut-business/077-revolut-business-payout-ca96271c-0af8-46ea-924f-b6343185f4e1/002-bab5ef39-48f6-46a2-9f18-239a860e6e1d-downloadableSrc-f9d027eadc33.webp
f7e09042-18e0-4bc8-9c00-59b284eb7d8e,Integrations (Merchant),93ad9ceb-a163-41da-ba7a-9f07c737fc2a,Revolut Business,0c4c334c-e3a5-4395-89be-c7666aaafdf5,0,1,1a103919-f36b-40e4-9824-b52b8c07f6a8,true,downloadableSrc,200,image/webp,89136,89136,2c16bf15c57241124222dc92faaf31edeab79972b92f17a92c844a6753623306,1179,2676,,,bytescale.mobbin.com,f7a1807c1ac98ccf0eecf5078d61346ac9a94ca37a547f5708d580528c9e55c0,/Users/user/mobbin-sides/screen-flows/revolut-business/078-revolut-business-integrations-merchant-f7e09042-18e0-4bc8-9c00-59b284eb7d8e/001-1a103919-f36b-40e4-9824-b52b8c07f6a8-downloadableSrc-2c16bf15c572.webp
f7e09042-18e0-4bc8-9c00-59b284eb7d8e,Integrations (Merchant),93ad9ceb-a163-41da-ba7a-9f07c737fc2a,Revolut Business,0c4c334c-e3a5-4395-89be-c7666aaafdf5,1,2,02134c9c-2637-4a36-b46d-f120a2336f8e,true,downloadableSrc,200,image/webp,121816,121816,4a5fc877a578ec15946c8be10d127f01d70ca342b92956206eee57bff5ed9ff1,1180,2676,,,bytescale.mobbin.com,f7a1807c1ac98ccf0eecf5078d61346ac9a94ca37a547f5708d580528c9e55c0,/Users/user/mobbin-sides/screen-flows/revolut-business/078-revolut-business-integrations-merchant-f7e09042-18e0-4bc8-9c00-59b284eb7d8e/002-02134c9c-2637-4a36-b46d-f120a2336f8e-downloadableSrc-4a5fc877a578.webp
f7e09042-18e0-4bc8-9c00-59b284eb7d8e,Integrations (Merchant),93ad9ceb-a163-41da-ba7a-9f07c737fc2a,Revolut Business,0c4c334c-e3a5-4395-89be-c7666aaafdf5,2,3,4f0ab730-320c-4c78-96a8-ec918761cf72,true,downloadableSrc,200,image/webp,50838,50838,3827c9fcad80c9840344810d2498b5ec07631669d101462852a44167614300c2,1179,2676,,,bytescale.mobbin.com,f7a1807c1ac98ccf0eecf5078d61346ac9a94ca37a547f5708d580528c9e55c0,/Users/user/mobbin-sides/screen-flows/revolut-business/078-revolut-business-integrations-merchant-f7e09042-18e0-4bc8-9c00-59b284eb7d8e/003-4f0ab730-320c-4c78-96a8-ec918761cf72-downloadableSrc-3827c9fcad80.webp
4d257c1d-1897-4cfe-947f-c75d0a84e6ff,E-commerce plugin detail,93ad9ceb-a163-41da-ba7a-9f07c737fc2a,Revolut Business,0c4c334c-e3a5-4395-89be-c7666aaafdf5,0,1,4f0ab730-320c-4c78-96a8-ec918761cf72,true,downloadableSrc,200,image/webp,50838,50838,3827c9fcad80c9840344810d2498b5ec07631669d101462852a44167614300c2,1179,2676,,,bytescale.mobbin.com,f7a1807c1ac98ccf0eecf5078d61346ac9a94ca37a547f5708d580528c9e55c0,/Users/user/mobbin-sides/screen-flows/revolut-business/079-revolut-business-e-commerce-plugin-detail-4d257c1d-1897-4cfe-947f-c75d0a84e6ff/001-4f0ab730-320c-4c78-96a8-ec918761cf72-downloadableSrc-3827c9fcad80.webp
4d257c1d-1897-4cfe-947f-c75d0a84e6ff,E-commerce plugin detail,93ad9ceb-a163-41da-ba7a-9f07c737fc2a,Revolut Business,0c4c334c-e3a5-4395-89be-c7666aaafdf5,1,2,d1e03df8-08a7-4bf9-9afd-4e6decadcbe2,true,downloadableSrc,200,image/webp,43362,43362,b3bc418c12543eb079b5270c490445f8408ee731aceaad8e9b53f1bda0f0039d,1179,2676,,,bytescale.mobbin.com,f7a1807c1ac98ccf0eecf5078d61346ac9a94ca37a547f5708d580528c9e55c0,/Users/user/mobbin-sides/screen-flows/revolut-business/079-revolut-business-e-commerce-plugin-detail-4d257c1d-1897-4cfe-947f-c75d0a84e6ff/002-d1e03df8-08a7-4bf9-9afd-4e6decadcbe2-downloadableSrc-b3bc418c1254.webp
418d0d62-5d11-4eae-8363-8817af6ad0b7,Refund a payment,93ad9ceb-a163-41da-ba7a-9f07c737fc2a,Revolut Business,0c4c334c-e3a5-4395-89be-c7666aaafdf5,0,1,cd088a62-7af9-4072-b94b-8d29063d632d,true,downloadableSrc,200,image/webp,78406,78406,746eb4ba4bf56b980be8024ad6b50886fa8baa61642aef9016f936a267f9bb0d,1179,2676,,,bytescale.mobbin.com,f7a1807c1ac98ccf0eecf5078d61346ac9a94ca37a547f5708d580528c9e55c0,/Users/user/mobbin-sides/screen-flows/revolut-business/080-revolut-business-refund-a-payment-418d0d62-5d11-4eae-8363-8817af6ad0b7/001-cd088a62-7af9-4072-b94b-8d29063d632d-downloadableSrc-746eb4ba4bf5.webp
418d0d62-5d11-4eae-8363-8817af6ad0b7,Refund a payment,93ad9ceb-a163-41da-ba7a-9f07c737fc2a,Revolut Business,0c4c334c-e3a5-4395-89be-c7666aaafdf5,1,2,c4417ec3-7f2e-4e71-8c5f-67d2d4b2ff3c,true,downloadableSrc,200,image/webp,50134,50134,3e19ba2193c89ca0b99aef6707d0dc12beabc3e86acff239f0801b34abd65199,1179,2676,,,bytescale.mobbin.com,f7a1807c1ac98ccf0eecf5078d61346ac9a94ca37a547f5708d580528c9e55c0,/Users/user/mobbin-sides/screen-flows/revolut-business/080-revolut-business-refund-a-payment-418d0d62-5d11-4eae-8363-8817af6ad0b7/002-c4417ec3-7f2e-4e71-8c5f-67d2d4b2ff3c-downloadableSrc-3e19ba2193c8.webp
418d0d62-5d11-4eae-8363-8817af6ad0b7,Refund a payment,93ad9ceb-a163-41da-ba7a-9f07c737fc2a,Revolut Business,0c4c334c-e3a5-4395-89be-c7666aaafdf5,2,3,3506aa6e-7414-48ae-8499-0c25b550ea33,true,downloadableSrc,200,image/webp,42902,42902,15c6b5db06f561a5b613644385e40613ea20ae14d17f40c12f970eed57a69e03,1179,2676,,,bytescale.mobbin.com,f7a1807c1ac98ccf0eecf5078d61346ac9a94ca37a547f5708d580528c9e55c0,/Users/user/mobbin-sides/screen-flows/revolut-business/080-revolut-business-refund-a-payment-418d0d62-5d11-4eae-8363-8817af6ad0b7/003-3506aa6e-7414-48ae-8499-0c25b550ea33-downloadableSrc-15c6b5db06f5.webp
418d0d62-5d11-4eae-8363-8817af6ad0b7,Refund a payment,93ad9ceb-a163-41da-ba7a-9f07c737fc2a,Revolut Business,0c4c334c-e3a5-4395-89be-c7666aaafdf5,3,4,a6a0bb90-5387-455c-98d6-558f2eb8504b,true,downloadableSrc,200,image/webp,46196,46196,247df5b8c2c96ab457c0683a0bfbb42314b5f280eea8cb08e837e8b7959f9cae,1179,2676,,,bytescale.mobbin.com,f7a1807c1ac98ccf0eecf5078d61346ac9a94ca37a547f5708d580528c9e55c0,/Users/user/mobbin-sides/screen-flows/revolut-business/080-revolut-business-refund-a-payment-418d0d62-5d11-4eae-8363-8817af6ad0b7/004-a6a0bb90-5387-455c-98d6-558f2eb8504b-downloadableSrc-247df5b8c2c9.webp
ea3b3c34-3595-4519-820c-c67d6446919e,Activity,93ad9ceb-a163-41da-ba7a-9f07c737fc2a,Revolut Business,0c4c334c-e3a5-4395-89be-c7666aaafdf5,0,1,cd088a62-7af9-4072-b94b-8d29063d632d,true,downloadableSrc,200,image/webp,78406,78406,746eb4ba4bf56b980be8024ad6b50886fa8baa61642aef9016f936a267f9bb0d,1179,2676,,,bytescale.mobbin.com,f7a1807c1ac98ccf0eecf5078d61346ac9a94ca37a547f5708d580528c9e55c0,/Users/user/mobbin-sides/screen-flows/revolut-business/081-revolut-business-activity-ea3b3c34-3595-4519-820c-c67d6446919e/001-cd088a62-7af9-4072-b94b-8d29063d632d-downloadableSrc-746eb4ba4bf5.webp
ea3b3c34-3595-4519-820c-c67d6446919e,Activity,93ad9ceb-a163-41da-ba7a-9f07c737fc2a,Revolut Business,0c4c334c-e3a5-4395-89be-c7666aaafdf5,1,2,76833ecf-9e8b-473f-a53a-b6cf07f28675,true,downloadableSrc,200,image/webp,38416,38416,9a625ba2a9f15a858b20cff192952840d99939de25642b1039ad15d6fbe5ae52,1179,2676,,,bytescale.mobbin.com,f7a1807c1ac98ccf0eecf5078d61346ac9a94ca37a547f5708d580528c9e55c0,/Users/user/mobbin-sides/screen-flows/revolut-business/081-revolut-business-activity-ea3b3c34-3595-4519-820c-c67d6446919e/002-76833ecf-9e8b-473f-a53a-b6cf07f28675-downloadableSrc-9a625ba2a9f1.webp
ea3b3c34-3595-4519-820c-c67d6446919e,Activity,93ad9ceb-a163-41da-ba7a-9f07c737fc2a,Revolut Business,0c4c334c-e3a5-4395-89be-c7666aaafdf5,2,3,f9584b74-32e5-446f-b886-2924630236f3,true,downloadableSrc,200,image/webp,33276,33276,5179ce0df02c7e21c850b60522a1ef77900623a8048bcf41fe3b6556a392fd3b,1179,2676,,,bytescale.mobbin.com,f7a1807c1ac98ccf0eecf5078d61346ac9a94ca37a547f5708d580528c9e55c0,/Users/user/mobbin-sides/screen-flows/revolut-business/081-revolut-business-activity-ea3b3c34-3595-4519-820c-c67d6446919e/003-f9584b74-32e5-446f-b886-2924630236f3-downloadableSrc-5179ce0df02c.webp
ea3b3c34-3595-4519-820c-c67d6446919e,Activity,93ad9ceb-a163-41da-ba7a-9f07c737fc2a,Revolut Business,0c4c334c-e3a5-4395-89be-c7666aaafdf5,3,4,13ed4607-7f20-4efc-a7b0-e0e5eae76ec9,true,downloadableSrc,200,image/webp,34864,34864,71f74ecaf9c07da300f0fbc8b25c60035caee6a33b71acadcdb37ed474c5aee0,1179,2676,,,bytescale.mobbin.com,f7a1807c1ac98ccf0eecf5078d61346ac9a94ca37a547f5708d580528c9e55c0,/Users/user/mobbin-sides/screen-flows/revolut-business/081-revolut-business-activity-ea3b3c34-3595-4519-820c-c67d6446919e/004-13ed4607-7f20-4efc-a7b0-e0e5eae76ec9-downloadableSrc-71f74ecaf9c0.webp
b53d912f-187f-4e4d-89b9-71e8e8b1e9a4,Payout settings,93ad9ceb-a163-41da-ba7a-9f07c737fc2a,Revolut Business,0c4c334c-e3a5-4395-89be-c7666aaafdf5,0,1,cd088a62-7af9-4072-b94b-8d29063d632d,true,downloadableSrc,200,image/webp,78406,78406,746eb4ba4bf56b980be8024ad6b50886fa8baa61642aef9016f936a267f9bb0d,1179,2676,,,bytescale.mobbin.com,f7a1807c1ac98ccf0eecf5078d61346ac9a94ca37a547f5708d580528c9e55c0,/Users/user/mobbin-sides/screen-flows/revolut-business/082-revolut-business-payout-settings-b53d912f-187f-4e4d-89b9-71e8e8b1e9a4/001-cd088a62-7af9-4072-b94b-8d29063d632d-downloadableSrc-746eb4ba4bf5.webp
b53d912f-187f-4e4d-89b9-71e8e8b1e9a4,Payout settings,93ad9ceb-a163-41da-ba7a-9f07c737fc2a,Revolut Business,0c4c334c-e3a5-4395-89be-c7666aaafdf5,1,2,74121bf9-63ce-46b8-9e2a-5fa350a9dc93,true,downloadableSrc,200,image/webp,39280,39280,4fe012772602cea61da5786872b98105ff8f1b3eeed7eac61ebc3c188244a5c7,1179,2676,,,bytescale.mobbin.com,f7a1807c1ac98ccf0eecf5078d61346ac9a94ca37a547f5708d580528c9e55c0,/Users/user/mobbin-sides/screen-flows/revolut-business/082-revolut-business-payout-settings-b53d912f-187f-4e4d-89b9-71e8e8b1e9a4/002-74121bf9-63ce-46b8-9e2a-5fa350a9dc93-downloadableSrc-4fe012772602.webp
b53d912f-187f-4e4d-89b9-71e8e8b1e9a4,Payout settings,93ad9ceb-a163-41da-ba7a-9f07c737fc2a,Revolut Business,0c4c334c-e3a5-4395-89be-c7666aaafdf5,2,3,e9a29d76-8e75-4cb5-b8d5-12cd2247e476,true,downloadableSrc,200,image/webp,48050,48050,0962e243188d115dcaa9081963746e69a360f98a2eafaec64a9352fe346fabe6,1179,2676,,,bytescale.mobbin.com,f7a1807c1ac98ccf0eecf5078d61346ac9a94ca37a547f5708d580528c9e55c0,/Users/user/mobbin-sides/screen-flows/revolut-business/082-revolut-business-payout-settings-b53d912f-187f-4e4d-89b9-71e8e8b1e9a4/003-e9a29d76-8e75-4cb5-b8d5-12cd2247e476-downloadableSrc-0962e243188d.webp
058aec75-4e5b-4ccb-a64b-ce163b81e9bf,Transaction detail (Merchant),93ad9ceb-a163-41da-ba7a-9f07c737fc2a,Revolut Business,0c4c334c-e3a5-4395-89be-c7666aaafdf5,0,1,cd088a62-7af9-4072-b94b-8d29063d632d,true,downloadableSrc,200,image/webp,78406,78406,746eb4ba4bf56b980be8024ad6b50886fa8baa61642aef9016f936a267f9bb0d,1179,2676,,,bytescale.mobbin.com,f7a1807c1ac98ccf0eecf5078d61346ac9a94ca37a547f5708d580528c9e55c0,/Users/user/mobbin-sides/screen-flows/revolut-business/083-revolut-business-transaction-detail-merchant-058aec75-4e5b-4ccb-a64b-ce163b81e9bf/001-cd088a62-7af9-4072-b94b-8d29063d632d-downloadableSrc-746eb4ba4bf5.webp
058aec75-4e5b-4ccb-a64b-ce163b81e9bf,Transaction detail (Merchant),93ad9ceb-a163-41da-ba7a-9f07c737fc2a,Revolut Business,0c4c334c-e3a5-4395-89be-c7666aaafdf5,1,2,f818d4fd-6106-495c-a5fa-ca87502202a3,true,downloadableSrc,200,image/webp,33322,33322,cca8edeaa90a1747edf1df4069ea7d09df7eb0c3098ee48bf6c1d74f462236d6,1179,2676,,,bytescale.mobbin.com,f7a1807c1ac98ccf0eecf5078d61346ac9a94ca37a547f5708d580528c9e55c0,/Users/user/mobbin-sides/screen-flows/revolut-business/083-revolut-business-transaction-detail-merchant-058aec75-4e5b-4ccb-a64b-ce163b81e9bf/002-f818d4fd-6106-495c-a5fa-ca87502202a3-downloadableSrc-cca8edeaa90a.webp
058aec75-4e5b-4ccb-a64b-ce163b81e9bf,Transaction detail (Merchant),93ad9ceb-a163-41da-ba7a-9f07c737fc2a,Revolut Business,0c4c334c-e3a5-4395-89be-c7666aaafdf5,2,3,6b91daf3-3825-489f-80d5-d7ad703adb99,true,downloadableSrc,200,image/webp,51758,51758,413a80612ab220d7edf129bc008f90a8a00e9a5301b3d2c310cc8455fa7e8063,1179,2676,,,bytescale.mobbin.com,f7a1807c1ac98ccf0eecf5078d61346ac9a94ca37a547f5708d580528c9e55c0,/Users/user/mobbin-sides/screen-flows/revolut-business/083-revolut-business-transaction-detail-merchant-058aec75-4e5b-4ccb-a64b-ce163b81e9bf/003-6b91daf3-3825-489f-80d5-d7ad703adb99-downloadableSrc-413a80612ab2.webp
0f7a4083-2f38-4a0a-a7c8-324b72e4ed30,Payment terms,93ad9ceb-a163-41da-ba7a-9f07c737fc2a,Revolut Business,0c4c334c-e3a5-4395-89be-c7666aaafdf5,0,1,cd088a62-7af9-4072-b94b-8d29063d632d,true,downloadableSrc,200,image/webp,78406,78406,746eb4ba4bf56b980be8024ad6b50886fa8baa61642aef9016f936a267f9bb0d,1179,2676,,,bytescale.mobbin.com,f7a1807c1ac98ccf0eecf5078d61346ac9a94ca37a547f5708d580528c9e55c0,/Users/user/mobbin-sides/screen-flows/revolut-business/084-revolut-business-payment-terms-0f7a4083-2f38-4a0a-a7c8-324b72e4ed30/001-cd088a62-7af9-4072-b94b-8d29063d632d-downloadableSrc-746eb4ba4bf5.webp
0f7a4083-2f38-4a0a-a7c8-324b72e4ed30,Payment terms,93ad9ceb-a163-41da-ba7a-9f07c737fc2a,Revolut Business,0c4c334c-e3a5-4395-89be-c7666aaafdf5,1,2,b51ac24a-4c72-47ff-8f58-d0a5c128b04d,true,downloadableSrc,200,image/webp,62760,62760,d4e6dbb6d96903752e38229ff8960f7af94bb2a5f167050c428f83750d05b3da,1179,2676,,,bytescale.mobbin.com,f7a1807c1ac98ccf0eecf5078d61346ac9a94ca37a547f5708d580528c9e55c0,/Users/user/mobbin-sides/screen-flows/revolut-business/084-revolut-business-payment-terms-0f7a4083-2f38-4a0a-a7c8-324b72e4ed30/002-b51ac24a-4c72-47ff-8f58-d0a5c128b04d-downloadableSrc-d4e6dbb6d969.webp
0f7a4083-2f38-4a0a-a7c8-324b72e4ed30,Payment terms,93ad9ceb-a163-41da-ba7a-9f07c737fc2a,Revolut Business,0c4c334c-e3a5-4395-89be-c7666aaafdf5,2,3,d1e24cb2-ec9a-4983-bb7b-458b72f27f6d,true,downloadableSrc,200,image/webp,52114,52114,373bc37053c617f412cfd37bc4361188f7e670467338ce0bf9532798e68b50d4,1179,2676,,,bytescale.mobbin.com,f7a1807c1ac98ccf0eecf5078d61346ac9a94ca37a547f5708d580528c9e55c0,/Users/user/mobbin-sides/screen-flows/revolut-business/084-revolut-business-payment-terms-0f7a4083-2f38-4a0a-a7c8-324b72e4ed30/003-d1e24cb2-ec9a-4983-bb7b-458b72f27f6d-downloadableSrc-373bc37053c6.webp
790f0ff7-0977-46e7-bea8-44368f48911a,Payment links,93ad9ceb-a163-41da-ba7a-9f07c737fc2a,Revolut Business,0c4c334c-e3a5-4395-89be-c7666aaafdf5,0,1,1a103919-f36b-40e4-9824-b52b8c07f6a8,true,downloadableSrc,200,image/webp,89136,89136,2c16bf15c57241124222dc92faaf31edeab79972b92f17a92c844a6753623306,1179,2676,,,bytescale.mobbin.com,f7a1807c1ac98ccf0eecf5078d61346ac9a94ca37a547f5708d580528c9e55c0,/Users/user/mobbin-sides/screen-flows/revolut-business/085-revolut-business-payment-links-790f0ff7-0977-46e7-bea8-44368f48911a/001-1a103919-f36b-40e4-9824-b52b8c07f6a8-downloadableSrc-2c16bf15c572.webp
790f0ff7-0977-46e7-bea8-44368f48911a,Payment links,93ad9ceb-a163-41da-ba7a-9f07c737fc2a,Revolut Business,0c4c334c-e3a5-4395-89be-c7666aaafdf5,1,2,d2d90703-3376-4bd1-afbe-3b0b9772243f,true,downloadableSrc,200,image/webp,93750,93750,64a5ecd18434f13a7ab0a9ffa9a0dcd80c2ef0f81865e6b222dff08591b68e7c,1179,2676,,,bytescale.mobbin.com,f7a1807c1ac98ccf0eecf5078d61346ac9a94ca37a547f5708d580528c9e55c0,/Users/user/mobbin-sides/screen-flows/revolut-business/085-revolut-business-payment-links-790f0ff7-0977-46e7-bea8-44368f48911a/002-d2d90703-3376-4bd1-afbe-3b0b9772243f-downloadableSrc-64a5ecd18434.webp
790f0ff7-0977-46e7-bea8-44368f48911a,Payment links,93ad9ceb-a163-41da-ba7a-9f07c737fc2a,Revolut Business,0c4c334c-e3a5-4395-89be-c7666aaafdf5,2,3,9fa06f75-bf39-440b-bac8-4024264a9fc5,true,downloadableSrc,200,image/webp,62764,62764,6016180b15854c72f09671f0a3f18a8c92e13188f00e09703a28b30e17c4a43c,1179,2676,,,bytescale.mobbin.com,f7a1807c1ac98ccf0eecf5078d61346ac9a94ca37a547f5708d580528c9e55c0,/Users/user/mobbin-sides/screen-flows/revolut-business/085-revolut-business-payment-links-790f0ff7-0977-46e7-bea8-44368f48911a/003-9fa06f75-bf39-440b-bac8-4024264a9fc5-downloadableSrc-6016180b1585.webp
790f0ff7-0977-46e7-bea8-44368f48911a,Payment links,93ad9ceb-a163-41da-ba7a-9f07c737fc2a,Revolut Business,0c4c334c-e3a5-4395-89be-c7666aaafdf5,3,4,0e13b02d-4b52-4d3f-b925-222e0f35c13e,true,downloadableSrc,200,image/webp,42482,42482,17ed452c2abc1a8642134d59d44ab41da32464ebe1a81c3c422b0ca60f2cb3e0,1179,2676,,,bytescale.mobbin.com,f7a1807c1ac98ccf0eecf5078d61346ac9a94ca37a547f5708d580528c9e55c0,/Users/user/mobbin-sides/screen-flows/revolut-business/085-revolut-business-payment-links-790f0ff7-0977-46e7-bea8-44368f48911a/004-0e13b02d-4b52-4d3f-b925-222e0f35c13e-downloadableSrc-17ed452c2abc.webp
4a7a31b4-c762-4cd3-b5ef-bc8dfc276e6c,Invoices,93ad9ceb-a163-41da-ba7a-9f07c737fc2a,Revolut Business,0c4c334c-e3a5-4395-89be-c7666aaafdf5,0,1,d2d90703-3376-4bd1-afbe-3b0b9772243f,true,downloadableSrc,200,image/webp,93750,93750,64a5ecd18434f13a7ab0a9ffa9a0dcd80c2ef0f81865e6b222dff08591b68e7c,1179,2676,,,bytescale.mobbin.com,f7a1807c1ac98ccf0eecf5078d61346ac9a94ca37a547f5708d580528c9e55c0,/Users/user/mobbin-sides/screen-flows/revolut-business/086-revolut-business-invoices-4a7a31b4-c762-4cd3-b5ef-bc8dfc276e6c/001-d2d90703-3376-4bd1-afbe-3b0b9772243f-downloadableSrc-64a5ecd18434.webp
4a7a31b4-c762-4cd3-b5ef-bc8dfc276e6c,Invoices,93ad9ceb-a163-41da-ba7a-9f07c737fc2a,Revolut Business,0c4c334c-e3a5-4395-89be-c7666aaafdf5,1,2,f6d0b8f2-bfbb-455f-9356-a735170cc702,true,downloadableSrc,200,image/webp,102156,102156,1463b7f14f2d50da805dc8ae3b702f7a578ee5e61d4c51ae266f0406b97e2342,1180,2676,,,bytescale.mobbin.com,f7a1807c1ac98ccf0eecf5078d61346ac9a94ca37a547f5708d580528c9e55c0,/Users/user/mobbin-sides/screen-flows/revolut-business/086-revolut-business-invoices-4a7a31b4-c762-4cd3-b5ef-bc8dfc276e6c/002-f6d0b8f2-bfbb-455f-9356-a735170cc702-downloadableSrc-1463b7f14f2d.webp
4a7a31b4-c762-4cd3-b5ef-bc8dfc276e6c,Invoices,93ad9ceb-a163-41da-ba7a-9f07c737fc2a,Revolut Business,0c4c334c-e3a5-4395-89be-c7666aaafdf5,2,3,fb724e7d-e0c1-4d4b-b1d5-c0b9950ae004,true,downloadableSrc,200,image/webp,57060,57060,8169749645520e2c980ed16546cb83f0981907a62322df66e0d1f0a9b56b6e1a,1179,2676,,,bytescale.mobbin.com,f7a1807c1ac98ccf0eecf5078d61346ac9a94ca37a547f5708d580528c9e55c0,/Users/user/mobbin-sides/screen-flows/revolut-business/086-revolut-business-invoices-4a7a31b4-c762-4cd3-b5ef-bc8dfc276e6c/003-fb724e7d-e0c1-4d4b-b1d5-c0b9950ae004-downloadableSrc-816974964552.webp
27ab137d-4f85-4868-926e-e3239e2a1b22,Sending an invoice,93ad9ceb-a163-41da-ba7a-9f07c737fc2a,Revolut Business,0c4c334c-e3a5-4395-89be-c7666aaafdf5,0,1,fb724e7d-e0c1-4d4b-b1d5-c0b9950ae004,true,downloadableSrc,200,image/webp,57060,57060,8169749645520e2c980ed16546cb83f0981907a62322df66e0d1f0a9b56b6e1a,1179,2676,,,bytescale.mobbin.com,f7a1807c1ac98ccf0eecf5078d61346ac9a94ca37a547f5708d580528c9e55c0,/Users/user/mobbin-sides/screen-flows/revolut-business/087-revolut-business-sending-an-invoice-27ab137d-4f85-4868-926e-e3239e2a1b22/001-fb724e7d-e0c1-4d4b-b1d5-c0b9950ae004-downloadableSrc-816974964552.webp
27ab137d-4f85-4868-926e-e3239e2a1b22,Sending an invoice,93ad9ceb-a163-41da-ba7a-9f07c737fc2a,Revolut Business,0c4c334c-e3a5-4395-89be-c7666aaafdf5,1,2,fd5380a0-4a10-463b-9640-c4224331e612,true,downloadableSrc,200,image/webp,30994,30994,c59542b4b5f3497a11501c987abb99493ab58ae6411722fd7d97f1383eb9e681,1179,2676,,,bytescale.mobbin.com,f7a1807c1ac98ccf0eecf5078d61346ac9a94ca37a547f5708d580528c9e55c0,/Users/user/mobbin-sides/screen-flows/revolut-business/087-revolut-business-sending-an-invoice-27ab137d-4f85-4868-926e-e3239e2a1b22/002-fd5380a0-4a10-463b-9640-c4224331e612-downloadableSrc-c59542b4b5f3.webp
27ab137d-4f85-4868-926e-e3239e2a1b22,Sending an invoice,93ad9ceb-a163-41da-ba7a-9f07c737fc2a,Revolut Business,0c4c334c-e3a5-4395-89be-c7666aaafdf5,2,3,7760fbeb-49f2-49de-a33a-d20e6e4afc68,true,downloadableSrc,200,image/webp,63616,63616,cdb0d3ae3c4f9a65f6eea23291ef1a1e4d4f0bf0115f3a1e1146103ef3329ae2,1179,2676,,,bytescale.mobbin.com,f7a1807c1ac98ccf0eecf5078d61346ac9a94ca37a547f5708d580528c9e55c0,/Users/user/mobbin-sides/screen-flows/revolut-business/087-revolut-business-sending-an-invoice-27ab137d-4f85-4868-926e-e3239e2a1b22/003-7760fbeb-49f2-49de-a33a-d20e6e4afc68-downloadableSrc-cdb0d3ae3c4f.webp
27ab137d-4f85-4868-926e-e3239e2a1b22,Sending an invoice,93ad9ceb-a163-41da-ba7a-9f07c737fc2a,Revolut Business,0c4c334c-e3a5-4395-89be-c7666aaafdf5,3,4,0bc424c4-6527-455f-bb32-3dddc3652473,true,downloadableSrc,200,image/webp,52390,52390,88aac73b40345da24cf65772dc2fec42f7187bb20b832c8eeefbec7e5dba81fd,1179,2676,,,bytescale.mobbin.com,f7a1807c1ac98ccf0eecf5078d61346ac9a94ca37a547f5708d580528c9e55c0,/Users/user/mobbin-sides/screen-flows/revolut-business/087-revolut-business-sending-an-invoice-27ab137d-4f85-4868-926e-e3239e2a1b22/004-0bc424c4-6527-455f-bb32-3dddc3652473-downloadableSrc-88aac73b4034.webp
27ab137d-4f85-4868-926e-e3239e2a1b22,Sending an invoice,93ad9ceb-a163-41da-ba7a-9f07c737fc2a,Revolut Business,0c4c334c-e3a5-4395-89be-c7666aaafdf5,4,5,1aa7ef3c-7f15-4f1f-85b8-4efd38ed9168,true,downloadableSrc,200,image/webp,53658,53658,b3213d03c9af78e669a5ade67e8ce0ccc87f797ec04d3be81fc8443c5c93350c,1179,2676,,,bytescale.mobbin.com,f7a1807c1ac98ccf0eecf5078d61346ac9a94ca37a547f5708d580528c9e55c0,/Users/user/mobbin-sides/screen-flows/revolut-business/087-revolut-business-sending-an-invoice-27ab137d-4f85-4868-926e-e3239e2a1b22/005-1aa7ef3c-7f15-4f1f-85b8-4efd38ed9168-downloadableSrc-b3213d03c9af.webp
27ab137d-4f85-4868-926e-e3239e2a1b22,Sending an invoice,93ad9ceb-a163-41da-ba7a-9f07c737fc2a,Revolut Business,0c4c334c-e3a5-4395-89be-c7666aaafdf5,5,6,e5246caa-78a0-4b0c-9171-217baaafb920,true,downloadableSrc,200,image/webp,58868,58868,10f2ed4bfe5f45cf303fecbf9595420a66e1904c487f21ca36d8c92fe16d2305,1179,2676,,,bytescale.mobbin.com,f7a1807c1ac98ccf0eecf5078d61346ac9a94ca37a547f5708d580528c9e55c0,/Users/user/mobbin-sides/screen-flows/revolut-business/087-revolut-business-sending-an-invoice-27ab137d-4f85-4868-926e-e3239e2a1b22/006-e5246caa-78a0-4b0c-9171-217baaafb920-downloadableSrc-10f2ed4bfe5f.webp
27ab137d-4f85-4868-926e-e3239e2a1b22,Sending an invoice,93ad9ceb-a163-41da-ba7a-9f07c737fc2a,Revolut Business,0c4c334c-e3a5-4395-89be-c7666aaafdf5,6,7,08dee874-9c54-4cfe-9d07-d41b99074557,true,downloadableSrc,200,image/webp,58494,58494,4e8df93fa9d5431522f07a1c3b144bf795aaf59ec3ade5b135b29dec787d2133,1179,2676,,,bytescale.mobbin.com,f7a1807c1ac98ccf0eecf5078d61346ac9a94ca37a547f5708d580528c9e55c0,/Users/user/mobbin-sides/screen-flows/revolut-business/087-revolut-business-sending-an-invoice-27ab137d-4f85-4868-926e-e3239e2a1b22/007-08dee874-9c54-4cfe-9d07-d41b99074557-downloadableSrc-4e8df93fa9d5.webp
27ab137d-4f85-4868-926e-e3239e2a1b22,Sending an invoice,93ad9ceb-a163-41da-ba7a-9f07c737fc2a,Revolut Business,0c4c334c-e3a5-4395-89be-c7666aaafdf5,7,8,a6139539-4761-4119-917c-202c398710b5,true,downloadableSrc,200,image/webp,60808,60808,9d596e8992e0c46990bb44d676a4ace368b58e05190a30da5cf237ffd72c6966,1179,2676,,,bytescale.mobbin.com,f7a1807c1ac98ccf0eecf5078d61346ac9a94ca37a547f5708d580528c9e55c0,/Users/user/mobbin-sides/screen-flows/revolut-business/087-revolut-business-sending-an-invoice-27ab137d-4f85-4868-926e-e3239e2a1b22/008-a6139539-4761-4119-917c-202c398710b5-downloadableSrc-9d596e8992e0.webp
27ab137d-4f85-4868-926e-e3239e2a1b22,Sending an invoice,93ad9ceb-a163-41da-ba7a-9f07c737fc2a,Revolut Business,0c4c334c-e3a5-4395-89be-c7666aaafdf5,8,9,07c123fc-6d5f-41c8-9c6f-4cb09e165714,true,downloadableSrc,200,image/webp,40040,40040,796a38a4eb4b6524a38f4bca0cc100d72cf29aa52f7e3c692980f6072a1ced3e,1179,2676,,,bytescale.mobbin.com,f7a1807c1ac98ccf0eecf5078d61346ac9a94ca37a547f5708d580528c9e55c0,/Users/user/mobbin-sides/screen-flows/revolut-business/087-revolut-business-sending-an-invoice-27ab137d-4f85-4868-926e-e3239e2a1b22/009-07c123fc-6d5f-41c8-9c6f-4cb09e165714-downloadableSrc-796a38a4eb4b.webp
27ab137d-4f85-4868-926e-e3239e2a1b22,Sending an invoice,93ad9ceb-a163-41da-ba7a-9f07c737fc2a,Revolut Business,0c4c334c-e3a5-4395-89be-c7666aaafdf5,9,10,892fdfca-b150-4743-a79e-b33aa531d8e1,true,downloadableSrc,200,image/webp,56154,56154,b53cdd6b8552cff643ae62e918dd6adb104ecd79802335357dc237262ebac117,1179,2676,,,bytescale.mobbin.com,f7a1807c1ac98ccf0eecf5078d61346ac9a94ca37a547f5708d580528c9e55c0,/Users/user/mobbin-sides/screen-flows/revolut-business/087-revolut-business-sending-an-invoice-27ab137d-4f85-4868-926e-e3239e2a1b22/010-892fdfca-b150-4743-a79e-b33aa531d8e1-downloadableSrc-b53cdd6b8552.webp
9df2c12b-2b7e-4bb9-b667-769e619f431c,Editing an invoice number,93ad9ceb-a163-41da-ba7a-9f07c737fc2a,Revolut Business,0c4c334c-e3a5-4395-89be-c7666aaafdf5,0,1,7760fbeb-49f2-49de-a33a-d20e6e4afc68,true,downloadableSrc,200,image/webp,63616,63616,cdb0d3ae3c4f9a65f6eea23291ef1a1e4d4f0bf0115f3a1e1146103ef3329ae2,1179,2676,,,bytescale.mobbin.com,f7a1807c1ac98ccf0eecf5078d61346ac9a94ca37a547f5708d580528c9e55c0,/Users/user/mobbin-sides/screen-flows/revolut-business/088-revolut-business-editing-an-invoice-number-9df2c12b-2b7e-4bb9-b667-769e619f431c/001-7760fbeb-49f2-49de-a33a-d20e6e4afc68-downloadableSrc-cdb0d3ae3c4f.webp
9df2c12b-2b7e-4bb9-b667-769e619f431c,Editing an invoice number,93ad9ceb-a163-41da-ba7a-9f07c737fc2a,Revolut Business,0c4c334c-e3a5-4395-89be-c7666aaafdf5,1,2,92eac6db-ce5b-4dc0-8686-21f83c9f9a09,true,downloadableSrc,200,image/webp,32232,32232,7716b27f4732b49bfece8b1b04131969c741ee914074e8e1c4665a52d4473dd4,1179,2676,,,bytescale.mobbin.com,f7a1807c1ac98ccf0eecf5078d61346ac9a94ca37a547f5708d580528c9e55c0,/Users/user/mobbin-sides/screen-flows/revolut-business/088-revolut-business-editing-an-invoice-number-9df2c12b-2b7e-4bb9-b667-769e619f431c/002-92eac6db-ce5b-4dc0-8686-21f83c9f9a09-downloadableSrc-7716b27f4732.webp
9df2c12b-2b7e-4bb9-b667-769e619f431c,Editing an invoice number,93ad9ceb-a163-41da-ba7a-9f07c737fc2a,Revolut Business,0c4c334c-e3a5-4395-89be-c7666aaafdf5,2,3,d123dfed-cc80-4782-9fbb-9a70b58b9f6e,true,downloadableSrc,200,image/webp,32470,32470,437525d80e8ddbca929fd8d366da8787c414e5f6d301b739afe2da983ff27ba8,1179,2676,,,bytescale.mobbin.com,f7a1807c1ac98ccf0eecf5078d61346ac9a94ca37a547f5708d580528c9e55c0,/Users/user/mobbin-sides/screen-flows/revolut-business/088-revolut-business-editing-an-invoice-number-9df2c12b-2b7e-4bb9-b667-769e619f431c/003-d123dfed-cc80-4782-9fbb-9a70b58b9f6e-downloadableSrc-437525d80e8d.webp
9df2c12b-2b7e-4bb9-b667-769e619f431c,Editing an invoice number,93ad9ceb-a163-41da-ba7a-9f07c737fc2a,Revolut Business,0c4c334c-e3a5-4395-89be-c7666aaafdf5,3,4,6aa0fa53-11d5-4198-9398-3a73b8230591,true,downloadableSrc,200,image/webp,32676,32676,bdfb3ff791d57addf4a8ba717e1e2e7b9c1e094a7b096f90169109a3e0684660,1179,2676,,,bytescale.mobbin.com,f7a1807c1ac98ccf0eecf5078d61346ac9a94ca37a547f5708d580528c9e55c0,/Users/user/mobbin-sides/screen-flows/revolut-business/088-revolut-business-editing-an-invoice-number-9df2c12b-2b7e-4bb9-b667-769e619f431c/004-6aa0fa53-11d5-4198-9398-3a73b8230591-downloadableSrc-bdfb3ff791d5.webp
9df2c12b-2b7e-4bb9-b667-769e619f431c,Editing an invoice number,93ad9ceb-a163-41da-ba7a-9f07c737fc2a,Revolut Business,0c4c334c-e3a5-4395-89be-c7666aaafdf5,4,5,8d62f9e5-7481-4b7e-a4b4-bdf04a2fd619,true,downloadableSrc,200,image/webp,61780,61780,36907537c72be7d173d625cf8099fda081e8dea1e270a99b9f9bb9b11f944a40,1179,2676,,,bytescale.mobbin.com,f7a1807c1ac98ccf0eecf5078d61346ac9a94ca37a547f5708d580528c9e55c0,/Users/user/mobbin-sides/screen-flows/revolut-business/088-revolut-business-editing-an-invoice-number-9df2c12b-2b7e-4bb9-b667-769e619f431c/005-8d62f9e5-7481-4b7e-a4b4-bdf04a2fd619-downloadableSrc-36907537c72b.webp
dc81de7c-b120-494d-87f8-7b56b61f85e3,Setting up a payment schedule,93ad9ceb-a163-41da-ba7a-9f07c737fc2a,Revolut Business,0c4c334c-e3a5-4395-89be-c7666aaafdf5,0,1,7760fbeb-49f2-49de-a33a-d20e6e4afc68,true,downloadableSrc,200,image/webp,63616,63616,cdb0d3ae3c4f9a65f6eea23291ef1a1e4d4f0bf0115f3a1e1146103ef3329ae2,1179,2676,,,bytescale.mobbin.com,f7a1807c1ac98ccf0eecf5078d61346ac9a94ca37a547f5708d580528c9e55c0,/Users/user/mobbin-sides/screen-flows/revolut-business/089-revolut-business-setting-up-a-payment-schedule-dc81de7c-b120-494d-87f8-7b56b61f85e3/001-7760fbeb-49f2-49de-a33a-d20e6e4afc68-downloadableSrc-cdb0d3ae3c4f.webp
dc81de7c-b120-494d-87f8-7b56b61f85e3,Setting up a payment schedule,93ad9ceb-a163-41da-ba7a-9f07c737fc2a,Revolut Business,0c4c334c-e3a5-4395-89be-c7666aaafdf5,1,2,8318b822-8111-4e20-9b9a-3a81884ba656,true,downloadableSrc,200,image/webp,48346,48346,836a50d46436fcd12172a50c7083b74f11f8275fcf41be3e4b3e832e104b5e0a,1179,2676,,,bytescale.mobbin.com,f7a1807c1ac98ccf0eecf5078d61346ac9a94ca37a547f5708d580528c9e55c0,/Users/user/mobbin-sides/screen-flows/revolut-business/089-revolut-business-setting-up-a-payment-schedule-dc81de7c-b120-494d-87f8-7b56b61f85e3/002-8318b822-8111-4e20-9b9a-3a81884ba656-downloadableSrc-836a50d46436.webp
dc81de7c-b120-494d-87f8-7b56b61f85e3,Setting up a payment schedule,93ad9ceb-a163-41da-ba7a-9f07c737fc2a,Revolut Business,0c4c334c-e3a5-4395-89be-c7666aaafdf5,2,3,d0cff4f5-9628-45c4-9c65-84084b7b384c,true,downloadableSrc,200,image/webp,47402,47402,f2a5b403a0ff980425e64c63f4172569ac13357500af1a0d2b9acf8f27345240,1179,2676,,,bytescale.mobbin.com,f7a1807c1ac98ccf0eecf5078d61346ac9a94ca37a547f5708d580528c9e55c0,/Users/user/mobbin-sides/screen-flows/revolut-business/089-revolut-business-setting-up-a-payment-schedule-dc81de7c-b120-494d-87f8-7b56b61f85e3/003-d0cff4f5-9628-45c4-9c65-84084b7b384c-downloadableSrc-f2a5b403a0ff.webp
dc81de7c-b120-494d-87f8-7b56b61f85e3,Setting up a payment schedule,93ad9ceb-a163-41da-ba7a-9f07c737fc2a,Revolut Business,0c4c334c-e3a5-4395-89be-c7666aaafdf5,3,4,ccb9d245-6223-49fd-b8ac-026628a7e3cd,true,downloadableSrc,200,image/webp,47928,47928,f088e4d23c6150c4aec6ef3266476c506f246349c738891a493197360c4467d3,1179,2676,,,bytescale.mobbin.com,f7a1807c1ac98ccf0eecf5078d61346ac9a94ca37a547f5708d580528c9e55c0,/Users/user/mobbin-sides/screen-flows/revolut-business/089-revolut-business-setting-up-a-payment-schedule-dc81de7c-b120-494d-87f8-7b56b61f85e3/004-ccb9d245-6223-49fd-b8ac-026628a7e3cd-downloadableSrc-f088e4d23c61.webp
dc81de7c-b120-494d-87f8-7b56b61f85e3,Setting up a payment schedule,93ad9ceb-a163-41da-ba7a-9f07c737fc2a,Revolut Business,0c4c334c-e3a5-4395-89be-c7666aaafdf5,4,5,4b8b84c1-e81a-4c8c-b591-a9f169455230,true,downloadableSrc,200,image/webp,48490,48490,59f9bf58d01c9b2d081b096325e388053da3dc168c4a38fc65522f34f4d6a7f1,1179,2676,,,bytescale.mobbin.com,f7a1807c1ac98ccf0eecf5078d61346ac9a94ca37a547f5708d580528c9e55c0,/Users/user/mobbin-sides/screen-flows/revolut-business/089-revolut-business-setting-up-a-payment-schedule-dc81de7c-b120-494d-87f8-7b56b61f85e3/005-4b8b84c1-e81a-4c8c-b591-a9f169455230-downloadableSrc-59f9bf58d01c.webp
dc81de7c-b120-494d-87f8-7b56b61f85e3,Setting up a payment schedule,93ad9ceb-a163-41da-ba7a-9f07c737fc2a,Revolut Business,0c4c334c-e3a5-4395-89be-c7666aaafdf5,5,6,cb2f3435-2ac0-4bcd-864e-dc8bd8cd1602,true,downloadableSrc,200,image/webp,42420,42420,4edc50806acba0641bd777a06f1d4078ee992b35d2f2b465901cf62bb903219f,1179,2676,,,bytescale.mobbin.com,f7a1807c1ac98ccf0eecf5078d61346ac9a94ca37a547f5708d580528c9e55c0,/Users/user/mobbin-sides/screen-flows/revolut-business/089-revolut-business-setting-up-a-payment-schedule-dc81de7c-b120-494d-87f8-7b56b61f85e3/006-cb2f3435-2ac0-4bcd-864e-dc8bd8cd1602-downloadableSrc-4edc50806acb.webp
dc81de7c-b120-494d-87f8-7b56b61f85e3,Setting up a payment schedule,93ad9ceb-a163-41da-ba7a-9f07c737fc2a,Revolut Business,0c4c334c-e3a5-4395-89be-c7666aaafdf5,6,7,6122edd5-907b-4dee-a0b2-3133ef550fed,true,downloadableSrc,200,image/webp,49472,49472,97dfabf5902d06ce95a6a374a94a3ff2582657db8032b1f8c210afa075e0e864,1179,2676,,,bytescale.mobbin.com,f7a1807c1ac98ccf0eecf5078d61346ac9a94ca37a547f5708d580528c9e55c0,/Users/user/mobbin-sides/screen-flows/revolut-business/089-revolut-business-setting-up-a-payment-schedule-dc81de7c-b120-494d-87f8-7b56b61f85e3/007-6122edd5-907b-4dee-a0b2-3133ef550fed-downloadableSrc-97dfabf5902d.webp
dc81de7c-b120-494d-87f8-7b56b61f85e3,Setting up a payment schedule,93ad9ceb-a163-41da-ba7a-9f07c737fc2a,Revolut Business,0c4c334c-e3a5-4395-89be-c7666aaafdf5,7,8,5e64dee2-e1ee-435e-9e9b-b0cf3861c536,true,downloadableSrc,200,image/webp,64322,64322,8252391e71160d258adaa8309576e7b289699e9cabed709843051cd999af350d,1179,2676,,,bytescale.mobbin.com,f7a1807c1ac98ccf0eecf5078d61346ac9a94ca37a547f5708d580528c9e55c0,/Users/user/mobbin-sides/screen-flows/revolut-business/089-revolut-business-setting-up-a-payment-schedule-dc81de7c-b120-494d-87f8-7b56b61f85e3/008-5e64dee2-e1ee-435e-9e9b-b0cf3861c536-downloadableSrc-8252391e7116.webp
bc716b56-98e7-4197-80d0-c9960e729c16,Selecting a template,93ad9ceb-a163-41da-ba7a-9f07c737fc2a,Revolut Business,0c4c334c-e3a5-4395-89be-c7666aaafdf5,0,1,a6139539-4761-4119-917c-202c398710b5,true,downloadableSrc,200,image/webp,60808,60808,9d596e8992e0c46990bb44d676a4ace368b58e05190a30da5cf237ffd72c6966,1179,2676,,,bytescale.mobbin.com,f7a1807c1ac98ccf0eecf5078d61346ac9a94ca37a547f5708d580528c9e55c0,/Users/user/mobbin-sides/screen-flows/revolut-business/090-revolut-business-selecting-a-template-bc716b56-98e7-4197-80d0-c9960e729c16/001-a6139539-4761-4119-917c-202c398710b5-downloadableSrc-9d596e8992e0.webp
bc716b56-98e7-4197-80d0-c9960e729c16,Selecting a template,93ad9ceb-a163-41da-ba7a-9f07c737fc2a,Revolut Business,0c4c334c-e3a5-4395-89be-c7666aaafdf5,1,2,3d84d5ad-a4bb-4567-9733-875cc338e79a,true,downloadableSrc,200,image/webp,37086,37086,9b35bdeac243a288c4ad6458605639b0fb637513bccf3dfdc5464edeb4d24b34,1179,2676,,,bytescale.mobbin.com,f7a1807c1ac98ccf0eecf5078d61346ac9a94ca37a547f5708d580528c9e55c0,/Users/user/mobbin-sides/screen-flows/revolut-business/090-revolut-business-selecting-a-template-bc716b56-98e7-4197-80d0-c9960e729c16/002-3d84d5ad-a4bb-4567-9733-875cc338e79a-downloadableSrc-9b35bdeac243.webp
bc716b56-98e7-4197-80d0-c9960e729c16,Selecting a template,93ad9ceb-a163-41da-ba7a-9f07c737fc2a,Revolut Business,0c4c334c-e3a5-4395-89be-c7666aaafdf5,2,3,99b674b8-ef93-4191-a75c-b6c6c78d8e45,true,downloadableSrc,200,image/webp,60210,60210,3893c7693f86ae6424aecc66596b86a288c4700db95df0c8c375ce77a95e9eba,1179,2676,,,bytescale.mobbin.com,f7a1807c1ac98ccf0eecf5078d61346ac9a94ca37a547f5708d580528c9e55c0,/Users/user/mobbin-sides/screen-flows/revolut-business/090-revolut-business-selecting-a-template-bc716b56-98e7-4197-80d0-c9960e729c16/003-99b674b8-ef93-4191-a75c-b6c6c78d8e45-downloadableSrc-3893c7693f86.webp
2053a724-df29-4dc2-9960-aa2f93bb5666,Preview invoice,93ad9ceb-a163-41da-ba7a-9f07c737fc2a,Revolut Business,0c4c334c-e3a5-4395-89be-c7666aaafdf5,0,1,a6139539-4761-4119-917c-202c398710b5,true,downloadableSrc,200,image/webp,60808,60808,9d596e8992e0c46990bb44d676a4ace368b58e05190a30da5cf237ffd72c6966,1179,2676,,,bytescale.mobbin.com,f7a1807c1ac98ccf0eecf5078d61346ac9a94ca37a547f5708d580528c9e55c0,/Users/user/mobbin-sides/screen-flows/revolut-business/091-revolut-business-preview-invoice-2053a724-df29-4dc2-9960-aa2f93bb5666/001-a6139539-4761-4119-917c-202c398710b5-downloadableSrc-9d596e8992e0.webp
2053a724-df29-4dc2-9960-aa2f93bb5666,Preview invoice,93ad9ceb-a163-41da-ba7a-9f07c737fc2a,Revolut Business,0c4c334c-e3a5-4395-89be-c7666aaafdf5,1,2,1c6878d2-33ce-4834-9bfd-43d9beec6b59,true,downloadableSrc,200,image/webp,59716,59716,88702c21fec5c5fe0d0d5e867b984c8f1cea9ef7ef2ffde02078925ea0bc5c71,1179,2676,,,bytescale.mobbin.com,f7a1807c1ac98ccf0eecf5078d61346ac9a94ca37a547f5708d580528c9e55c0,/Users/user/mobbin-sides/screen-flows/revolut-business/091-revolut-business-preview-invoice-2053a724-df29-4dc2-9960-aa2f93bb5666/002-1c6878d2-33ce-4834-9bfd-43d9beec6b59-downloadableSrc-88702c21fec5.webp
d30c3af5-db85-42b3-8c40-a2cfbe335a89,Recurring series,93ad9ceb-a163-41da-ba7a-9f07c737fc2a,Revolut Business,0c4c334c-e3a5-4395-89be-c7666aaafdf5,0,1,fb724e7d-e0c1-4d4b-b1d5-c0b9950ae004,true,downloadableSrc,200,image/webp,57060,57060,8169749645520e2c980ed16546cb83f0981907a62322df66e0d1f0a9b56b6e1a,1179,2676,,,bytescale.mobbin.com,f7a1807c1ac98ccf0eecf5078d61346ac9a94ca37a547f5708d580528c9e55c0,/Users/user/mobbin-sides/screen-flows/revolut-business/092-revolut-business-recurring-series-d30c3af5-db85-42b3-8c40-a2cfbe335a89/001-fb724e7d-e0c1-4d4b-b1d5-c0b9950ae004-downloadableSrc-816974964552.webp
d30c3af5-db85-42b3-8c40-a2cfbe335a89,Recurring series,93ad9ceb-a163-41da-ba7a-9f07c737fc2a,Revolut Business,0c4c334c-e3a5-4395-89be-c7666aaafdf5,1,2,d89acb78-be5e-490e-95fd-718360f9e826,true,downloadableSrc,200,image/webp,45434,45434,6331250b6654f88cf91cb17434205d3e38175404274d6490544b400f602bd143,1179,2676,,,bytescale.mobbin.com,f7a1807c1ac98ccf0eecf5078d61346ac9a94ca37a547f5708d580528c9e55c0,/Users/user/mobbin-sides/screen-flows/revolut-business/092-revolut-business-recurring-series-d30c3af5-db85-42b3-8c40-a2cfbe335a89/002-d89acb78-be5e-490e-95fd-718360f9e826-downloadableSrc-6331250b6654.webp
14689673-ad0e-4c57-8d3e-2944ca217f4d,Customers,93ad9ceb-a163-41da-ba7a-9f07c737fc2a,Revolut Business,0c4c334c-e3a5-4395-89be-c7666aaafdf5,0,1,fb724e7d-e0c1-4d4b-b1d5-c0b9950ae004,true,downloadableSrc,200,image/webp,57060,57060,8169749645520e2c980ed16546cb83f0981907a62322df66e0d1f0a9b56b6e1a,1179,2676,,,bytescale.mobbin.com,f7a1807c1ac98ccf0eecf5078d61346ac9a94ca37a547f5708d580528c9e55c0,/Users/user/mobbin-sides/screen-flows/revolut-business/093-revolut-business-customers-14689673-ad0e-4c57-8d3e-2944ca217f4d/001-fb724e7d-e0c1-4d4b-b1d5-c0b9950ae004-downloadableSrc-816974964552.webp
14689673-ad0e-4c57-8d3e-2944ca217f4d,Customers,93ad9ceb-a163-41da-ba7a-9f07c737fc2a,Revolut Business,0c4c334c-e3a5-4395-89be-c7666aaafdf5,1,2,f10115a0-559f-4b65-9aae-3c65cca38ad5,true,downloadableSrc,200,image/webp,32664,32664,99eb348eb034cde2f460beb04cc8975f953e8aad2601e0e9f2debb3f618c8035,1179,2676,,,bytescale.mobbin.com,f7a1807c1ac98ccf0eecf5078d61346ac9a94ca37a547f5708d580528c9e55c0,/Users/user/mobbin-sides/screen-flows/revolut-business/093-revolut-business-customers-14689673-ad0e-4c57-8d3e-2944ca217f4d/002-f10115a0-559f-4b65-9aae-3c65cca38ad5-downloadableSrc-99eb348eb034.webp
14689673-ad0e-4c57-8d3e-2944ca217f4d,Customers,93ad9ceb-a163-41da-ba7a-9f07c737fc2a,Revolut Business,0c4c334c-e3a5-4395-89be-c7666aaafdf5,2,3,93ad6032-5cc5-4943-ac7b-9f87af27f03d,true,downloadableSrc,200,image/webp,32818,32818,b2003db549fac03981bc2d00d5d794dd93c388b8f236a7b90c8a0c317f416077,1179,2676,,,bytescale.mobbin.com,f7a1807c1ac98ccf0eecf5078d61346ac9a94ca37a547f5708d580528c9e55c0,/Users/user/mobbin-sides/screen-flows/revolut-business/093-revolut-business-customers-14689673-ad0e-4c57-8d3e-2944ca217f4d/003-93ad6032-5cc5-4943-ac7b-9f87af27f03d-downloadableSrc-b2003db549fa.webp
32db9600-5a15-4f4a-b93f-d2d41a2df749,Customer detail,93ad9ceb-a163-41da-ba7a-9f07c737fc2a,Revolut Business,0c4c334c-e3a5-4395-89be-c7666aaafdf5,0,1,93ad6032-5cc5-4943-ac7b-9f87af27f03d,true,downloadableSrc,200,image/webp,32818,32818,b2003db549fac03981bc2d00d5d794dd93c388b8f236a7b90c8a0c317f416077,1179,2676,,,bytescale.mobbin.com,f7a1807c1ac98ccf0eecf5078d61346ac9a94ca37a547f5708d580528c9e55c0,/Users/user/mobbin-sides/screen-flows/revolut-business/094-revolut-business-customer-detail-32db9600-5a15-4f4a-b93f-d2d41a2df749/001-93ad6032-5cc5-4943-ac7b-9f87af27f03d-downloadableSrc-b2003db549fa.webp
32db9600-5a15-4f4a-b93f-d2d41a2df749,Customer detail,93ad9ceb-a163-41da-ba7a-9f07c737fc2a,Revolut Business,0c4c334c-e3a5-4395-89be-c7666aaafdf5,1,2,473ee23d-dda1-49b8-9770-8386494eba4d,true,downloadableSrc,200,image/webp,48894,48894,4e2e1c119488123360c30e93e78058e078c228ddec5a9dc9f2e8283b7bd8ae2f,1179,2676,,,bytescale.mobbin.com,f7a1807c1ac98ccf0eecf5078d61346ac9a94ca37a547f5708d580528c9e55c0,/Users/user/mobbin-sides/screen-flows/revolut-business/094-revolut-business-customer-detail-32db9600-5a15-4f4a-b93f-d2d41a2df749/002-473ee23d-dda1-49b8-9770-8386494eba4d-downloadableSrc-4e2e1c119488.webp
8e67ca88-df07-4bda-953b-0f079b1bd162,Adding a customer,93ad9ceb-a163-41da-ba7a-9f07c737fc2a,Revolut Business,0c4c334c-e3a5-4395-89be-c7666aaafdf5,0,1,93ad6032-5cc5-4943-ac7b-9f87af27f03d,true,downloadableSrc,200,image/webp,32818,32818,b2003db549fac03981bc2d00d5d794dd93c388b8f236a7b90c8a0c317f416077,1179,2676,,,bytescale.mobbin.com,f7a1807c1ac98ccf0eecf5078d61346ac9a94ca37a547f5708d580528c9e55c0,/Users/user/mobbin-sides/screen-flows/revolut-business/095-revolut-business-adding-a-customer-8e67ca88-df07-4bda-953b-0f079b1bd162/001-93ad6032-5cc5-4943-ac7b-9f87af27f03d-downloadableSrc-b2003db549fa.webp
8e67ca88-df07-4bda-953b-0f079b1bd162,Adding a customer,93ad9ceb-a163-41da-ba7a-9f07c737fc2a,Revolut Business,0c4c334c-e3a5-4395-89be-c7666aaafdf5,1,2,da12f692-2420-4135-a8be-91e9649b25ae,true,downloadableSrc,200,image/webp,32160,32160,24583de6e13d5b6be28c31516f2b78c32a283421811af289b5e1ac769bea8bf5,1179,2676,,,bytescale.mobbin.com,f7a1807c1ac98ccf0eecf5078d61346ac9a94ca37a547f5708d580528c9e55c0,/Users/user/mobbin-sides/screen-flows/revolut-business/095-revolut-business-adding-a-customer-8e67ca88-df07-4bda-953b-0f079b1bd162/002-da12f692-2420-4135-a8be-91e9649b25ae-downloadableSrc-24583de6e13d.webp
8e67ca88-df07-4bda-953b-0f079b1bd162,Adding a customer,93ad9ceb-a163-41da-ba7a-9f07c737fc2a,Revolut Business,0c4c334c-e3a5-4395-89be-c7666aaafdf5,2,3,a7dac52e-eb4a-453e-8fbd-e3f080081808,true,downloadableSrc,200,image/webp,40338,40338,8a52a2115f95570b9949fdf909e39938edce453346a208650438aedbdca8cfe9,1179,2676,,,bytescale.mobbin.com,f7a1807c1ac98ccf0eecf5078d61346ac9a94ca37a547f5708d580528c9e55c0,/Users/user/mobbin-sides/screen-flows/revolut-business/095-revolut-business-adding-a-customer-8e67ca88-df07-4bda-953b-0f079b1bd162/003-a7dac52e-eb4a-453e-8fbd-e3f080081808-downloadableSrc-8a52a2115f95.webp
8e67ca88-df07-4bda-953b-0f079b1bd162,Adding a customer,93ad9ceb-a163-41da-ba7a-9f07c737fc2a,Revolut Business,0c4c334c-e3a5-4395-89be-c7666aaafdf5,3,4,9c40b9be-9b5b-4971-b8f2-1534fde546d8,true,downloadableSrc,200,image/webp,27212,27212,59630fb02f5e0564d57e8d1080eea85bc84d7cb32785da42e330a5fcd84e039e,1179,2676,,,bytescale.mobbin.com,f7a1807c1ac98ccf0eecf5078d61346ac9a94ca37a547f5708d580528c9e55c0,/Users/user/mobbin-sides/screen-flows/revolut-business/095-revolut-business-adding-a-customer-8e67ca88-df07-4bda-953b-0f079b1bd162/004-9c40b9be-9b5b-4971-b8f2-1534fde546d8-downloadableSrc-59630fb02f5e.webp
8e67ca88-df07-4bda-953b-0f079b1bd162,Adding a customer,93ad9ceb-a163-41da-ba7a-9f07c737fc2a,Revolut Business,0c4c334c-e3a5-4395-89be-c7666aaafdf5,4,5,26876b71-eaf3-44a4-9ce9-2354ea435edc,true,downloadableSrc,200,image/webp,56628,56628,5d99a5bab7fdc99c5c7150f1cdc9fd13095b57fd17a8620c1857d1b38999aa5b,1179,2676,,,bytescale.mobbin.com,f7a1807c1ac98ccf0eecf5078d61346ac9a94ca37a547f5708d580528c9e55c0,/Users/user/mobbin-sides/screen-flows/revolut-business/095-revolut-business-adding-a-customer-8e67ca88-df07-4bda-953b-0f079b1bd162/005-26876b71-eaf3-44a4-9ce9-2354ea435edc-downloadableSrc-5d99a5bab7fd.webp
8e67ca88-df07-4bda-953b-0f079b1bd162,Adding a customer,93ad9ceb-a163-41da-ba7a-9f07c737fc2a,Revolut Business,0c4c334c-e3a5-4395-89be-c7666aaafdf5,5,6,b025d191-2f0e-4f89-aa71-a89a6c1d020c,true,downloadableSrc,200,image/webp,37076,37076,f5007dade370689b14324ae4975a50eefaa4e854471c7d9492e952ddbf645021,1179,2676,,,bytescale.mobbin.com,f7a1807c1ac98ccf0eecf5078d61346ac9a94ca37a547f5708d580528c9e55c0,/Users/user/mobbin-sides/screen-flows/revolut-business/095-revolut-business-adding-a-customer-8e67ca88-df07-4bda-953b-0f079b1bd162/006-b025d191-2f0e-4f89-aa71-a89a6c1d020c-downloadableSrc-f5007dade370.webp
8e67ca88-df07-4bda-953b-0f079b1bd162,Adding a customer,93ad9ceb-a163-41da-ba7a-9f07c737fc2a,Revolut Business,0c4c334c-e3a5-4395-89be-c7666aaafdf5,6,7,8723b6d0-a77e-4c97-bb04-89f1438a7ea2,true,downloadableSrc,200,image/webp,44668,44668,856e9f62a5db7e69f84be848a8cc727bf43ae8b4df2d5b465d030540b49d8e94,1179,2676,,,bytescale.mobbin.com,f7a1807c1ac98ccf0eecf5078d61346ac9a94ca37a547f5708d580528c9e55c0,/Users/user/mobbin-sides/screen-flows/revolut-business/095-revolut-business-adding-a-customer-8e67ca88-df07-4bda-953b-0f079b1bd162/007-8723b6d0-a77e-4c97-bb04-89f1438a7ea2-downloadableSrc-856e9f62a5db.webp
8e67ca88-df07-4bda-953b-0f079b1bd162,Adding a customer,93ad9ceb-a163-41da-ba7a-9f07c737fc2a,Revolut Business,0c4c334c-e3a5-4395-89be-c7666aaafdf5,7,8,2550fed1-bb02-4fb4-9122-f45d91088b98,true,downloadableSrc,200,image/webp,32050,32050,da77d3cb12d2831d83e4226fc2149957e190fb3ef9fceba1607d410dc16e1409,1179,2676,,,bytescale.mobbin.com,f7a1807c1ac98ccf0eecf5078d61346ac9a94ca37a547f5708d580528c9e55c0,/Users/user/mobbin-sides/screen-flows/revolut-business/095-revolut-business-adding-a-customer-8e67ca88-df07-4bda-953b-0f079b1bd162/008-2550fed1-bb02-4fb4-9122-f45d91088b98-downloadableSrc-da77d3cb12d2.webp
8e67ca88-df07-4bda-953b-0f079b1bd162,Adding a customer,93ad9ceb-a163-41da-ba7a-9f07c737fc2a,Revolut Business,0c4c334c-e3a5-4395-89be-c7666aaafdf5,8,9,db58d5bc-4b29-4082-8ae4-285816b28632,true,downloadableSrc,200,image/webp,39770,39770,aa43184b380fe118693985ae97ac810c34aea216468388a55a343272c1d7b601,1179,2676,,,bytescale.mobbin.com,f7a1807c1ac98ccf0eecf5078d61346ac9a94ca37a547f5708d580528c9e55c0,/Users/user/mobbin-sides/screen-flows/revolut-business/095-revolut-business-adding-a-customer-8e67ca88-df07-4bda-953b-0f079b1bd162/009-db58d5bc-4b29-4082-8ae4-285816b28632-downloadableSrc-aa43184b380f.webp
2de34c24-f181-4b9a-86a1-314c212094b9,Invoice settings,93ad9ceb-a163-41da-ba7a-9f07c737fc2a,Revolut Business,0c4c334c-e3a5-4395-89be-c7666aaafdf5,0,1,f10115a0-559f-4b65-9aae-3c65cca38ad5,true,downloadableSrc,200,image/webp,32664,32664,99eb348eb034cde2f460beb04cc8975f953e8aad2601e0e9f2debb3f618c8035,1179,2676,,,bytescale.mobbin.com,f7a1807c1ac98ccf0eecf5078d61346ac9a94ca37a547f5708d580528c9e55c0,/Users/user/mobbin-sides/screen-flows/revolut-business/096-revolut-business-invoice-settings-2de34c24-f181-4b9a-86a1-314c212094b9/001-f10115a0-559f-4b65-9aae-3c65cca38ad5-downloadableSrc-99eb348eb034.webp
2de34c24-f181-4b9a-86a1-314c212094b9,Invoice settings,93ad9ceb-a163-41da-ba7a-9f07c737fc2a,Revolut Business,0c4c334c-e3a5-4395-89be-c7666aaafdf5,1,2,9920813f-9258-4aaf-9684-507ece190f31,true,downloadableSrc,200,image/webp,95872,95872,ac3781a3a307bbc9fbc918abb589765044ab48b237ecf807375e346a44eb367f,1179,2676,,,bytescale.mobbin.com,f7a1807c1ac98ccf0eecf5078d61346ac9a94ca37a547f5708d580528c9e55c0,/Users/user/mobbin-sides/screen-flows/revolut-business/096-revolut-business-invoice-settings-2de34c24-f181-4b9a-86a1-314c212094b9/002-9920813f-9258-4aaf-9684-507ece190f31-downloadableSrc-ac3781a3a307.webp
2de34c24-f181-4b9a-86a1-314c212094b9,Invoice settings,93ad9ceb-a163-41da-ba7a-9f07c737fc2a,Revolut Business,0c4c334c-e3a5-4395-89be-c7666aaafdf5,2,3,a2651fb7-2d05-480c-a500-285191c6c70d,true,downloadableSrc,200,image/webp,95632,95632,7d3b9963a6da9a9f5b7da124a7c8f2b60b4ef1d23733ff48abe9bbd70c89cbe5,1179,2676,,,bytescale.mobbin.com,f7a1807c1ac98ccf0eecf5078d61346ac9a94ca37a547f5708d580528c9e55c0,/Users/user/mobbin-sides/screen-flows/revolut-business/096-revolut-business-invoice-settings-2de34c24-f181-4b9a-86a1-314c212094b9/003-a2651fb7-2d05-480c-a500-285191c6c70d-downloadableSrc-7d3b9963a6da.webp
1b4bd1c0-abbe-453f-97a7-2026b52d0c94,Changing notification settings,93ad9ceb-a163-41da-ba7a-9f07c737fc2a,Revolut Business,0c4c334c-e3a5-4395-89be-c7666aaafdf5,0,1,a2651fb7-2d05-480c-a500-285191c6c70d,true,downloadableSrc,200,image/webp,95632,95632,7d3b9963a6da9a9f5b7da124a7c8f2b60b4ef1d23733ff48abe9bbd70c89cbe5,1179,2676,,,bytescale.mobbin.com,f7a1807c1ac98ccf0eecf5078d61346ac9a94ca37a547f5708d580528c9e55c0,/Users/user/mobbin-sides/screen-flows/revolut-business/097-revolut-business-changing-notification-settings-1b4bd1c0-abbe-453f-97a7-2026b52d0c94/001-a2651fb7-2d05-480c-a500-285191c6c70d-downloadableSrc-7d3b9963a6da.webp
1b4bd1c0-abbe-453f-97a7-2026b52d0c94,Changing notification settings,93ad9ceb-a163-41da-ba7a-9f07c737fc2a,Revolut Business,0c4c334c-e3a5-4395-89be-c7666aaafdf5,1,2,aab0adb9-b41e-487f-ad33-00100867008f,true,downloadableSrc,200,image/webp,82136,82136,1de965dc3649d821a3abe0f3f03998903f44ae95af99c7e567e5c1f2f5889745,1179,2676,,,bytescale.mobbin.com,f7a1807c1ac98ccf0eecf5078d61346ac9a94ca37a547f5708d580528c9e55c0,/Users/user/mobbin-sides/screen-flows/revolut-business/097-revolut-business-changing-notification-settings-1b4bd1c0-abbe-453f-97a7-2026b52d0c94/002-aab0adb9-b41e-487f-ad33-00100867008f-downloadableSrc-1de965dc3649.webp
1b4bd1c0-abbe-453f-97a7-2026b52d0c94,Changing notification settings,93ad9ceb-a163-41da-ba7a-9f07c737fc2a,Revolut Business,0c4c334c-e3a5-4395-89be-c7666aaafdf5,2,3,4b9569d7-966b-4416-960f-4c50cc262dc7,true,downloadableSrc,200,image/webp,71108,71108,e8b8410bf1e049214b16bfadf132a6b9d1beb37abe658cefd955fe3a5589289c,1179,2676,,,bytescale.mobbin.com,f7a1807c1ac98ccf0eecf5078d61346ac9a94ca37a547f5708d580528c9e55c0,/Users/user/mobbin-sides/screen-flows/revolut-business/097-revolut-business-changing-notification-settings-1b4bd1c0-abbe-453f-97a7-2026b52d0c94/003-4b9569d7-966b-4416-960f-4c50cc262dc7-downloadableSrc-e8b8410bf1e0.webp
e52936d9-7d16-4a0a-88a4-1cf16ba8d735,Searching invoices,93ad9ceb-a163-41da-ba7a-9f07c737fc2a,Revolut Business,0c4c334c-e3a5-4395-89be-c7666aaafdf5,0,1,fb724e7d-e0c1-4d4b-b1d5-c0b9950ae004,true,downloadableSrc,200,image/webp,57060,57060,8169749645520e2c980ed16546cb83f0981907a62322df66e0d1f0a9b56b6e1a,1179,2676,,,bytescale.mobbin.com,f7a1807c1ac98ccf0eecf5078d61346ac9a94ca37a547f5708d580528c9e55c0,/Users/user/mobbin-sides/screen-flows/revolut-business/098-revolut-business-searching-invoices-e52936d9-7d16-4a0a-88a4-1cf16ba8d735/001-fb724e7d-e0c1-4d4b-b1d5-c0b9950ae004-downloadableSrc-816974964552.webp
e52936d9-7d16-4a0a-88a4-1cf16ba8d735,Searching invoices,93ad9ceb-a163-41da-ba7a-9f07c737fc2a,Revolut Business,0c4c334c-e3a5-4395-89be-c7666aaafdf5,1,2,2ac099a6-40ee-4766-9362-8bfd6fb19cf9,true,downloadableSrc,200,image/webp,50218,50218,f8d284bc5c1299a23886a3b2cc12b307c4a780d3e0a417e6c5844ad9092946e7,1179,2676,,,bytescale.mobbin.com,f7a1807c1ac98ccf0eecf5078d61346ac9a94ca37a547f5708d580528c9e55c0,/Users/user/mobbin-sides/screen-flows/revolut-business/098-revolut-business-searching-invoices-e52936d9-7d16-4a0a-88a4-1cf16ba8d735/002-2ac099a6-40ee-4766-9362-8bfd6fb19cf9-downloadableSrc-f8d284bc5c12.webp
e52936d9-7d16-4a0a-88a4-1cf16ba8d735,Searching invoices,93ad9ceb-a163-41da-ba7a-9f07c737fc2a,Revolut Business,0c4c334c-e3a5-4395-89be-c7666aaafdf5,2,3,084befb5-cc63-48d9-9521-a33c43efd517,true,downloadableSrc,200,image/webp,43722,43722,6f229846724598a28d01014b0b74e56b77329cb631bd5ee77ba6a48d31858a5f,1179,2676,,,bytescale.mobbin.com,f7a1807c1ac98ccf0eecf5078d61346ac9a94ca37a547f5708d580528c9e55c0,/Users/user/mobbin-sides/screen-flows/revolut-business/098-revolut-business-searching-invoices-e52936d9-7d16-4a0a-88a4-1cf16ba8d735/003-084befb5-cc63-48d9-9521-a33c43efd517-downloadableSrc-6f2298467245.webp
96006e64-de6f-4ee7-a235-6b6383be604b,Filtering invoices,93ad9ceb-a163-41da-ba7a-9f07c737fc2a,Revolut Business,0c4c334c-e3a5-4395-89be-c7666aaafdf5,0,1,fb724e7d-e0c1-4d4b-b1d5-c0b9950ae004,true,downloadableSrc,200,image/webp,57060,57060,8169749645520e2c980ed16546cb83f0981907a62322df66e0d1f0a9b56b6e1a,1179,2676,,,bytescale.mobbin.com,f7a1807c1ac98ccf0eecf5078d61346ac9a94ca37a547f5708d580528c9e55c0,/Users/user/mobbin-sides/screen-flows/revolut-business/099-revolut-business-filtering-invoices-96006e64-de6f-4ee7-a235-6b6383be604b/001-fb724e7d-e0c1-4d4b-b1d5-c0b9950ae004-downloadableSrc-816974964552.webp
96006e64-de6f-4ee7-a235-6b6383be604b,Filtering invoices,93ad9ceb-a163-41da-ba7a-9f07c737fc2a,Revolut Business,0c4c334c-e3a5-4395-89be-c7666aaafdf5,1,2,15e9457c-0e31-4daa-a143-43e44e7cf0e4,true,downloadableSrc,200,image/webp,51576,51576,287c505930c253c1a974672d4033ea5809131bc004dbd882708185defa275c3d,1179,2676,,,bytescale.mobbin.com,f7a1807c1ac98ccf0eecf5078d61346ac9a94ca37a547f5708d580528c9e55c0,/Users/user/mobbin-sides/screen-flows/revolut-business/099-revolut-business-filtering-invoices-96006e64-de6f-4ee7-a235-6b6383be604b/002-15e9457c-0e31-4daa-a143-43e44e7cf0e4-downloadableSrc-287c505930c2.webp
96006e64-de6f-4ee7-a235-6b6383be604b,Filtering invoices,93ad9ceb-a163-41da-ba7a-9f07c737fc2a,Revolut Business,0c4c334c-e3a5-4395-89be-c7666aaafdf5,2,3,59892370-55d1-402a-9d76-22d0b307ae34,true,downloadableSrc,200,image/webp,53504,53504,627ce68021b413edbf6d3cdd4ece1ce6cb74b95ed0ef725c6e195983911b5943,1179,2676,,,bytescale.mobbin.com,f7a1807c1ac98ccf0eecf5078d61346ac9a94ca37a547f5708d580528c9e55c0,/Users/user/mobbin-sides/screen-flows/revolut-business/099-revolut-business-filtering-invoices-96006e64-de6f-4ee7-a235-6b6383be604b/003-59892370-55d1-402a-9d76-22d0b307ae34-downloadableSrc-627ce68021b4.webp
96006e64-de6f-4ee7-a235-6b6383be604b,Filtering invoices,93ad9ceb-a163-41da-ba7a-9f07c737fc2a,Revolut Business,0c4c334c-e3a5-4395-89be-c7666aaafdf5,3,4,fecdcb57-f52a-44d2-a257-7f95591c9b03,true,downloadableSrc,200,image/webp,55688,55688,250b18a637d14f1fce1a0dc0403b49e659fdecb62072847159fc8c0b3bedd03d,1179,2676,,,bytescale.mobbin.com,f7a1807c1ac98ccf0eecf5078d61346ac9a94ca37a547f5708d580528c9e55c0,/Users/user/mobbin-sides/screen-flows/revolut-business/099-revolut-business-filtering-invoices-96006e64-de6f-4ee7-a235-6b6383be604b/004-fecdcb57-f52a-44d2-a257-7f95591c9b03-downloadableSrc-250b18a637d1.webp
96006e64-de6f-4ee7-a235-6b6383be604b,Filtering invoices,93ad9ceb-a163-41da-ba7a-9f07c737fc2a,Revolut Business,0c4c334c-e3a5-4395-89be-c7666aaafdf5,4,5,32f812e0-1a47-461b-abfb-93889b7471d9,true,downloadableSrc,200,image/webp,56878,56878,b620e8d8d838814e3e90fdd5a5b3b5daef7a96f7057f23198e8d3aca8ee2f8e3,1179,2676,,,bytescale.mobbin.com,f7a1807c1ac98ccf0eecf5078d61346ac9a94ca37a547f5708d580528c9e55c0,/Users/user/mobbin-sides/screen-flows/revolut-business/099-revolut-business-filtering-invoices-96006e64-de6f-4ee7-a235-6b6383be604b/005-32f812e0-1a47-461b-abfb-93889b7471d9-downloadableSrc-b620e8d8d838.webp
4cc81f51-4d41-4621-9595-32fa87bbf5ed,Invoice detail,93ad9ceb-a163-41da-ba7a-9f07c737fc2a,Revolut Business,0c4c334c-e3a5-4395-89be-c7666aaafdf5,0,1,fb724e7d-e0c1-4d4b-b1d5-c0b9950ae004,true,downloadableSrc,200,image/webp,57060,57060,8169749645520e2c980ed16546cb83f0981907a62322df66e0d1f0a9b56b6e1a,1179,2676,,,bytescale.mobbin.com,f7a1807c1ac98ccf0eecf5078d61346ac9a94ca37a547f5708d580528c9e55c0,/Users/user/mobbin-sides/screen-flows/revolut-business/100-revolut-business-invoice-detail-4cc81f51-4d41-4621-9595-32fa87bbf5ed/001-fb724e7d-e0c1-4d4b-b1d5-c0b9950ae004-downloadableSrc-816974964552.webp
4cc81f51-4d41-4621-9595-32fa87bbf5ed,Invoice detail,93ad9ceb-a163-41da-ba7a-9f07c737fc2a,Revolut Business,0c4c334c-e3a5-4395-89be-c7666aaafdf5,1,2,b7ca1c49-38c6-4bee-8da7-13dfc9c09afd,true,downloadableSrc,200,image/webp,62720,62720,120a475c304ee4fa70c16d217cbcb383f09671684ec7dc1dfe529969f373a637,1179,2676,,,bytescale.mobbin.com,f7a1807c1ac98ccf0eecf5078d61346ac9a94ca37a547f5708d580528c9e55c0,/Users/user/mobbin-sides/screen-flows/revolut-business/100-revolut-business-invoice-detail-4cc81f51-4d41-4621-9595-32fa87bbf5ed/002-b7ca1c49-38c6-4bee-8da7-13dfc9c09afd-downloadableSrc-120a475c304e.webp
4cc81f51-4d41-4621-9595-32fa87bbf5ed,Invoice detail,93ad9ceb-a163-41da-ba7a-9f07c737fc2a,Revolut Business,0c4c334c-e3a5-4395-89be-c7666aaafdf5,2,3,892fdfca-b150-4743-a79e-b33aa531d8e1,true,downloadableSrc,200,image/webp,56154,56154,b53cdd6b8552cff643ae62e918dd6adb104ecd79802335357dc237262ebac117,1179,2676,,,bytescale.mobbin.com,f7a1807c1ac98ccf0eecf5078d61346ac9a94ca37a547f5708d580528c9e55c0,/Users/user/mobbin-sides/screen-flows/revolut-business/100-revolut-business-invoice-detail-4cc81f51-4d41-4621-9595-32fa87bbf5ed/003-892fdfca-b150-4743-a79e-b33aa531d8e1-downloadableSrc-b53cdd6b8552.webp
4cc81f51-4d41-4621-9595-32fa87bbf5ed,Invoice detail,93ad9ceb-a163-41da-ba7a-9f07c737fc2a,Revolut Business,0c4c334c-e3a5-4395-89be-c7666aaafdf5,3,4,5d07fb33-27ec-40fc-9a81-8015ca29d087,true,downloadableSrc,200,image/webp,56882,56882,186736c05cba105fb9786e272c3f9d52e1f6b83f9f4ab8707f45e02f3412a0f0,1179,2676,,,bytescale.mobbin.com,f7a1807c1ac98ccf0eecf5078d61346ac9a94ca37a547f5708d580528c9e55c0,/Users/user/mobbin-sides/screen-flows/revolut-business/100-revolut-business-invoice-detail-4cc81f51-4d41-4621-9595-32fa87bbf5ed/004-5d07fb33-27ec-40fc-9a81-8015ca29d087-downloadableSrc-186736c05cba.webp
e8f9de61-9433-41ad-a1c2-3d4dd39959b8,Sending an invoice (draft),93ad9ceb-a163-41da-ba7a-9f07c737fc2a,Revolut Business,0c4c334c-e3a5-4395-89be-c7666aaafdf5,0,1,b7ca1c49-38c6-4bee-8da7-13dfc9c09afd,true,downloadableSrc,200,image/webp,62720,62720,120a475c304ee4fa70c16d217cbcb383f09671684ec7dc1dfe529969f373a637,1179,2676,,,bytescale.mobbin.com,f7a1807c1ac98ccf0eecf5078d61346ac9a94ca37a547f5708d580528c9e55c0,/Users/user/mobbin-sides/screen-flows/revolut-business/101-revolut-business-sending-an-invoice-draft-e8f9de61-9433-41ad-a1c2-3d4dd39959b8/001-b7ca1c49-38c6-4bee-8da7-13dfc9c09afd-downloadableSrc-120a475c304e.webp
e8f9de61-9433-41ad-a1c2-3d4dd39959b8,Sending an invoice (draft),93ad9ceb-a163-41da-ba7a-9f07c737fc2a,Revolut Business,0c4c334c-e3a5-4395-89be-c7666aaafdf5,1,2,4d79ef3f-b8e5-44f6-87f2-44d702cd5631,true,downloadableSrc,200,image/webp,39820,39820,a0f4c0f0ae228e8307add673796f35c4ee8fd9bc62e9165e4f7831bb2bab1c32,1179,2676,,,bytescale.mobbin.com,f7a1807c1ac98ccf0eecf5078d61346ac9a94ca37a547f5708d580528c9e55c0,/Users/user/mobbin-sides/screen-flows/revolut-business/101-revolut-business-sending-an-invoice-draft-e8f9de61-9433-41ad-a1c2-3d4dd39959b8/002-4d79ef3f-b8e5-44f6-87f2-44d702cd5631-downloadableSrc-a0f4c0f0ae22.webp
38fe9235-d388-4f13-915e-06058c4b0f2c,Deleting an invoice,93ad9ceb-a163-41da-ba7a-9f07c737fc2a,Revolut Business,0c4c334c-e3a5-4395-89be-c7666aaafdf5,0,1,b7ca1c49-38c6-4bee-8da7-13dfc9c09afd,true,downloadableSrc,200,image/webp,62720,62720,120a475c304ee4fa70c16d217cbcb383f09671684ec7dc1dfe529969f373a637,1179,2676,,,bytescale.mobbin.com,f7a1807c1ac98ccf0eecf5078d61346ac9a94ca37a547f5708d580528c9e55c0,/Users/user/mobbin-sides/screen-flows/revolut-business/102-revolut-business-deleting-an-invoice-38fe9235-d388-4f13-915e-06058c4b0f2c/001-b7ca1c49-38c6-4bee-8da7-13dfc9c09afd-downloadableSrc-120a475c304e.webp
38fe9235-d388-4f13-915e-06058c4b0f2c,Deleting an invoice,93ad9ceb-a163-41da-ba7a-9f07c737fc2a,Revolut Business,0c4c334c-e3a5-4395-89be-c7666aaafdf5,1,2,88a11cba-a17a-43be-bca4-7220de975428,true,downloadableSrc,200,image/webp,34860,34860,f51b833b7fc27bed86756a08ccd5adb3bb7ee5ffa9f71e8885f44db6ba9485c4,1179,2676,,,bytescale.mobbin.com,f7a1807c1ac98ccf0eecf5078d61346ac9a94ca37a547f5708d580528c9e55c0,/Users/user/mobbin-sides/screen-flows/revolut-business/102-revolut-business-deleting-an-invoice-38fe9235-d388-4f13-915e-06058c4b0f2c/002-88a11cba-a17a-43be-bca4-7220de975428-downloadableSrc-f51b833b7fc2.webp
38fe9235-d388-4f13-915e-06058c4b0f2c,Deleting an invoice,93ad9ceb-a163-41da-ba7a-9f07c737fc2a,Revolut Business,0c4c334c-e3a5-4395-89be-c7666aaafdf5,2,3,255085bc-6501-462f-a051-4cd69eecc1c5,true,downloadableSrc,200,image/webp,47738,47738,5defe62385b4108973951f8c34fc505cc8238f890d0486cb4a14aeac09e546b9,1179,2676,,,bytescale.mobbin.com,f7a1807c1ac98ccf0eecf5078d61346ac9a94ca37a547f5708d580528c9e55c0,/Users/user/mobbin-sides/screen-flows/revolut-business/102-revolut-business-deleting-an-invoice-38fe9235-d388-4f13-915e-06058c4b0f2c/003-255085bc-6501-462f-a051-4cd69eecc1c5-downloadableSrc-5defe62385b4.webp
38fe9235-d388-4f13-915e-06058c4b0f2c,Deleting an invoice,93ad9ceb-a163-41da-ba7a-9f07c737fc2a,Revolut Business,0c4c334c-e3a5-4395-89be-c7666aaafdf5,3,4,589764eb-64a0-4d4d-84f3-4424f2a720bb,true,downloadableSrc,200,image/webp,37428,37428,877b1a5a48214ff30ec2142e49de18089e495e93b3e96277849ba6f155000394,1179,2676,,,bytescale.mobbin.com,f7a1807c1ac98ccf0eecf5078d61346ac9a94ca37a547f5708d580528c9e55c0,/Users/user/mobbin-sides/screen-flows/revolut-business/102-revolut-business-deleting-an-invoice-38fe9235-d388-4f13-915e-06058c4b0f2c/004-589764eb-64a0-4d4d-84f3-4424f2a720bb-downloadableSrc-877b1a5a4821.webp
38fe9235-d388-4f13-915e-06058c4b0f2c,Deleting an invoice,93ad9ceb-a163-41da-ba7a-9f07c737fc2a,Revolut Business,0c4c334c-e3a5-4395-89be-c7666aaafdf5,4,5,f8ac896a-9fea-4a20-a7bd-55f3c411a6e5,true,downloadableSrc,200,image/webp,59104,59104,112509c5abc81b5aeaedbce4032ec3ffacece98f1e6a4fa0d9fd7843862e77c4,1179,2676,,,bytescale.mobbin.com,f7a1807c1ac98ccf0eecf5078d61346ac9a94ca37a547f5708d580528c9e55c0,/Users/user/mobbin-sides/screen-flows/revolut-business/102-revolut-business-deleting-an-invoice-38fe9235-d388-4f13-915e-06058c4b0f2c/005-f8ac896a-9fea-4a20-a7bd-55f3c411a6e5-downloadableSrc-112509c5abc8.webp
fbc5526f-abd4-4b06-bc66-7a5e0c5fa860,Marking an invoice as paid,93ad9ceb-a163-41da-ba7a-9f07c737fc2a,Revolut Business,0c4c334c-e3a5-4395-89be-c7666aaafdf5,0,1,892fdfca-b150-4743-a79e-b33aa531d8e1,true,downloadableSrc,200,image/webp,56154,56154,b53cdd6b8552cff643ae62e918dd6adb104ecd79802335357dc237262ebac117,1179,2676,,,bytescale.mobbin.com,f7a1807c1ac98ccf0eecf5078d61346ac9a94ca37a547f5708d580528c9e55c0,/Users/user/mobbin-sides/screen-flows/revolut-business/103-revolut-business-marking-an-invoice-as-paid-fbc5526f-abd4-4b06-bc66-7a5e0c5fa860/001-892fdfca-b150-4743-a79e-b33aa531d8e1-downloadableSrc-b53cdd6b8552.webp
fbc5526f-abd4-4b06-bc66-7a5e0c5fa860,Marking an invoice as paid,93ad9ceb-a163-41da-ba7a-9f07c737fc2a,Revolut Business,0c4c334c-e3a5-4395-89be-c7666aaafdf5,1,2,73935400-5000-43c8-a03d-890d7bd445cf,true,downloadableSrc,200,image/webp,47046,47046,61a5049bf564593f33908398070e84e8d6da95c57ee5e44974914f99848dbbd4,1179,2676,,,bytescale.mobbin.com,f7a1807c1ac98ccf0eecf5078d61346ac9a94ca37a547f5708d580528c9e55c0,/Users/user/mobbin-sides/screen-flows/revolut-business/103-revolut-business-marking-an-invoice-as-paid-fbc5526f-abd4-4b06-bc66-7a5e0c5fa860/002-73935400-5000-43c8-a03d-890d7bd445cf-downloadableSrc-61a5049bf564.webp
fbc5526f-abd4-4b06-bc66-7a5e0c5fa860,Marking an invoice as paid,93ad9ceb-a163-41da-ba7a-9f07c737fc2a,Revolut Business,0c4c334c-e3a5-4395-89be-c7666aaafdf5,2,3,145cc26c-97c4-4e4d-a8f0-64ca06cb23e5,true,downloadableSrc,200,image/webp,38092,38092,a33a0242349d32a30c1e8eed7e4a34e76a93d89ba6b2fb79e85db0321aff4de8,1179,2676,,,bytescale.mobbin.com,f7a1807c1ac98ccf0eecf5078d61346ac9a94ca37a547f5708d580528c9e55c0,/Users/user/mobbin-sides/screen-flows/revolut-business/103-revolut-business-marking-an-invoice-as-paid-fbc5526f-abd4-4b06-bc66-7a5e0c5fa860/003-145cc26c-97c4-4e4d-a8f0-64ca06cb23e5-downloadableSrc-a33a0242349d.webp
7750b1c9-feee-43ed-8880-3bedbcd08bdd,Duplicating an invoice,93ad9ceb-a163-41da-ba7a-9f07c737fc2a,Revolut Business,0c4c334c-e3a5-4395-89be-c7666aaafdf5,0,1,892fdfca-b150-4743-a79e-b33aa531d8e1,true,downloadableSrc,200,image/webp,56154,56154,b53cdd6b8552cff643ae62e918dd6adb104ecd79802335357dc237262ebac117,1179,2676,,,bytescale.mobbin.com,f7a1807c1ac98ccf0eecf5078d61346ac9a94ca37a547f5708d580528c9e55c0,/Users/user/mobbin-sides/screen-flows/revolut-business/104-revolut-business-duplicating-an-invoice-7750b1c9-feee-43ed-8880-3bedbcd08bdd/001-892fdfca-b150-4743-a79e-b33aa531d8e1-downloadableSrc-b53cdd6b8552.webp
7750b1c9-feee-43ed-8880-3bedbcd08bdd,Duplicating an invoice,93ad9ceb-a163-41da-ba7a-9f07c737fc2a,Revolut Business,0c4c334c-e3a5-4395-89be-c7666aaafdf5,1,2,e5fd4174-ec50-44e1-84f3-cf8a27a4e8b3,true,downloadableSrc,200,image/webp,33360,33360,609a65dc4c4ec65280eb85422826cd82bb56e1069f69efbc1dec64248abc8f5c,1179,2676,,,bytescale.mobbin.com,f7a1807c1ac98ccf0eecf5078d61346ac9a94ca37a547f5708d580528c9e55c0,/Users/user/mobbin-sides/screen-flows/revolut-business/104-revolut-business-duplicating-an-invoice-7750b1c9-feee-43ed-8880-3bedbcd08bdd/002-e5fd4174-ec50-44e1-84f3-cf8a27a4e8b3-downloadableSrc-609a65dc4c4e.webp
7750b1c9-feee-43ed-8880-3bedbcd08bdd,Duplicating an invoice,93ad9ceb-a163-41da-ba7a-9f07c737fc2a,Revolut Business,0c4c334c-e3a5-4395-89be-c7666aaafdf5,2,3,4e32eb21-2f89-4c85-accd-1d4d9c1d6a52,true,downloadableSrc,200,image/webp,40906,40906,306d89f666a844f59f086e8e24694f92f55ea759f0c421a77179c6457c11a707,1179,2676,,,bytescale.mobbin.com,f7a1807c1ac98ccf0eecf5078d61346ac9a94ca37a547f5708d580528c9e55c0,/Users/user/mobbin-sides/screen-flows/revolut-business/104-revolut-business-duplicating-an-invoice-7750b1c9-feee-43ed-8880-3bedbcd08bdd/003-4e32eb21-2f89-4c85-accd-1d4d9c1d6a52-downloadableSrc-306d89f666a8.webp
942990dc-5953-4ff5-9d40-d9c852277cf9,Timeline,93ad9ceb-a163-41da-ba7a-9f07c737fc2a,Revolut Business,0c4c334c-e3a5-4395-89be-c7666aaafdf5,0,1,5d07fb33-27ec-40fc-9a81-8015ca29d087,true,downloadableSrc,200,image/webp,56882,56882,186736c05cba105fb9786e272c3f9d52e1f6b83f9f4ab8707f45e02f3412a0f0,1179,2676,,,bytescale.mobbin.com,f7a1807c1ac98ccf0eecf5078d61346ac9a94ca37a547f5708d580528c9e55c0,/Users/user/mobbin-sides/screen-flows/revolut-business/105-revolut-business-timeline-942990dc-5953-4ff5-9d40-d9c852277cf9/001-5d07fb33-27ec-40fc-9a81-8015ca29d087-downloadableSrc-186736c05cba.webp
942990dc-5953-4ff5-9d40-d9c852277cf9,Timeline,93ad9ceb-a163-41da-ba7a-9f07c737fc2a,Revolut Business,0c4c334c-e3a5-4395-89be-c7666aaafdf5,1,2,ac4f8455-82e1-4584-8a26-0d3dbfd5f69c,true,downloadableSrc,200,image/webp,25850,25850,c7fc0cfb77a186b7abd4fc1c484e477900267317ac539b267f53c520562852ea,1179,2676,,,bytescale.mobbin.com,f7a1807c1ac98ccf0eecf5078d61346ac9a94ca37a547f5708d580528c9e55c0,/Users/user/mobbin-sides/screen-flows/revolut-business/105-revolut-business-timeline-942990dc-5953-4ff5-9d40-d9c852277cf9/002-ac4f8455-82e1-4584-8a26-0d3dbfd5f69c-downloadableSrc-c7fc0cfb77a1.webp
e7a8afd1-58c1-4ec7-a68a-b19c1a07576d,Products,93ad9ceb-a163-41da-ba7a-9f07c737fc2a,Revolut Business,0c4c334c-e3a5-4395-89be-c7666aaafdf5,0,1,d2d90703-3376-4bd1-afbe-3b0b9772243f,true,downloadableSrc,200,image/webp,93750,93750,64a5ecd18434f13a7ab0a9ffa9a0dcd80c2ef0f81865e6b222dff08591b68e7c,1179,2676,,,bytescale.mobbin.com,f7a1807c1ac98ccf0eecf5078d61346ac9a94ca37a547f5708d580528c9e55c0,/Users/user/mobbin-sides/screen-flows/revolut-business/106-revolut-business-products-e7a8afd1-58c1-4ec7-a68a-b19c1a07576d/001-d2d90703-3376-4bd1-afbe-3b0b9772243f-downloadableSrc-64a5ecd18434.webp
e7a8afd1-58c1-4ec7-a68a-b19c1a07576d,Products,93ad9ceb-a163-41da-ba7a-9f07c737fc2a,Revolut Business,0c4c334c-e3a5-4395-89be-c7666aaafdf5,1,2,b28b6ea8-cd1b-423b-9e4b-960c8bf92075,true,downloadableSrc,200,image/webp,39708,39708,edbeb9af65ce87fc2c97d327e50e6f4ea56b2d69941dbc1d06c1b174a1934547,1179,2676,,,bytescale.mobbin.com,f7a1807c1ac98ccf0eecf5078d61346ac9a94ca37a547f5708d580528c9e55c0,/Users/user/mobbin-sides/screen-flows/revolut-business/106-revolut-business-products-e7a8afd1-58c1-4ec7-a68a-b19c1a07576d/002-b28b6ea8-cd1b-423b-9e4b-960c8bf92075-downloadableSrc-edbeb9af65ce.webp
e7a8afd1-58c1-4ec7-a68a-b19c1a07576d,Products,93ad9ceb-a163-41da-ba7a-9f07c737fc2a,Revolut Business,0c4c334c-e3a5-4395-89be-c7666aaafdf5,2,3,179cba99-37ed-4e66-8771-2070a8ab1491,true,downloadableSrc,200,image/webp,46672,46672,bd06bd36028b5423941c0e0f985658ce17d63d349ec10cc7f804f598024c82f6,1179,2676,,,bytescale.mobbin.com,f7a1807c1ac98ccf0eecf5078d61346ac9a94ca37a547f5708d580528c9e55c0,/Users/user/mobbin-sides/screen-flows/revolut-business/106-revolut-business-products-e7a8afd1-58c1-4ec7-a68a-b19c1a07576d/003-179cba99-37ed-4e66-8771-2070a8ab1491-downloadableSrc-bd06bd36028b.webp
f6e6616b-d0d6-43d7-94d1-27980ce6f98b,Adding a product,93ad9ceb-a163-41da-ba7a-9f07c737fc2a,Revolut Business,0c4c334c-e3a5-4395-89be-c7666aaafdf5,0,1,179cba99-37ed-4e66-8771-2070a8ab1491,true,downloadableSrc,200,image/webp,46672,46672,bd06bd36028b5423941c0e0f985658ce17d63d349ec10cc7f804f598024c82f6,1179,2676,,,bytescale.mobbin.com,f7a1807c1ac98ccf0eecf5078d61346ac9a94ca37a547f5708d580528c9e55c0,/Users/user/mobbin-sides/screen-flows/revolut-business/107-revolut-business-adding-a-product-f6e6616b-d0d6-43d7-94d1-27980ce6f98b/001-179cba99-37ed-4e66-8771-2070a8ab1491-downloadableSrc-bd06bd36028b.webp
f6e6616b-d0d6-43d7-94d1-27980ce6f98b,Adding a product,93ad9ceb-a163-41da-ba7a-9f07c737fc2a,Revolut Business,0c4c334c-e3a5-4395-89be-c7666aaafdf5,1,2,e6072e68-aaa0-4eb5-a7f2-a716dd01594d,true,downloadableSrc,200,image/webp,46004,46004,e3bc2fc253c26bd7a3c9b98c9aca0388d05132ef23e41659d4df74df3153b116,1179,2676,,,bytescale.mobbin.com,f7a1807c1ac98ccf0eecf5078d61346ac9a94ca37a547f5708d580528c9e55c0,/Users/user/mobbin-sides/screen-flows/revolut-business/107-revolut-business-adding-a-product-f6e6616b-d0d6-43d7-94d1-27980ce6f98b/002-e6072e68-aaa0-4eb5-a7f2-a716dd01594d-downloadableSrc-e3bc2fc253c2.webp
f6e6616b-d0d6-43d7-94d1-27980ce6f98b,Adding a product,93ad9ceb-a163-41da-ba7a-9f07c737fc2a,Revolut Business,0c4c334c-e3a5-4395-89be-c7666aaafdf5,2,3,2a4d0d69-394f-4ceb-8544-2520d22470fd,true,downloadableSrc,200,image/webp,37438,37438,5b8581d506e7a5368b8700dc35d36ecf8d7e42defeb024671fcc475db16e1e38,1179,2676,,,bytescale.mobbin.com,f7a1807c1ac98ccf0eecf5078d61346ac9a94ca37a547f5708d580528c9e55c0,/Users/user/mobbin-sides/screen-flows/revolut-business/107-revolut-business-adding-a-product-f6e6616b-d0d6-43d7-94d1-27980ce6f98b/003-2a4d0d69-394f-4ceb-8544-2520d22470fd-downloadableSrc-5b8581d506e7.webp
f6e6616b-d0d6-43d7-94d1-27980ce6f98b,Adding a product,93ad9ceb-a163-41da-ba7a-9f07c737fc2a,Revolut Business,0c4c334c-e3a5-4395-89be-c7666aaafdf5,3,4,69998d4e-4e73-417e-aa14-fb03984035aa,true,downloadableSrc,200,image/webp,31296,31296,a424ed9f220225d61e14e1a43896f2069c04b25ba1d9820b46200c374622fa05,1179,2676,,,bytescale.mobbin.com,f7a1807c1ac98ccf0eecf5078d61346ac9a94ca37a547f5708d580528c9e55c0,/Users/user/mobbin-sides/screen-flows/revolut-business/107-revolut-business-adding-a-product-f6e6616b-d0d6-43d7-94d1-27980ce6f98b/004-69998d4e-4e73-417e-aa14-fb03984035aa-downloadableSrc-a424ed9f2202.webp
f6e6616b-d0d6-43d7-94d1-27980ce6f98b,Adding a product,93ad9ceb-a163-41da-ba7a-9f07c737fc2a,Revolut Business,0c4c334c-e3a5-4395-89be-c7666aaafdf5,4,5,59ac80f9-2df1-424e-a9d8-d87b0ae291c5,true,downloadableSrc,200,image/webp,26626,26626,b5d12e289fb34163b30e5405947dc816863d5c27855a3b10975dd2f0f8efdfc2,1179,2676,,,bytescale.mobbin.com,f7a1807c1ac98ccf0eecf5078d61346ac9a94ca37a547f5708d580528c9e55c0,/Users/user/mobbin-sides/screen-flows/revolut-business/107-revolut-business-adding-a-product-f6e6616b-d0d6-43d7-94d1-27980ce6f98b/005-59ac80f9-2df1-424e-a9d8-d87b0ae291c5-downloadableSrc-b5d12e289fb3.webp
f6e6616b-d0d6-43d7-94d1-27980ce6f98b,Adding a product,93ad9ceb-a163-41da-ba7a-9f07c737fc2a,Revolut Business,0c4c334c-e3a5-4395-89be-c7666aaafdf5,5,6,8bf833f4-165d-4814-97f3-f4fa01dc3892,true,downloadableSrc,200,image/webp,42514,42514,7f3e73cc6c3349078ab78695b87debf963174697a94f4138f97a870e058ca1e9,1179,2676,,,bytescale.mobbin.com,f7a1807c1ac98ccf0eecf5078d61346ac9a94ca37a547f5708d580528c9e55c0,/Users/user/mobbin-sides/screen-flows/revolut-business/107-revolut-business-adding-a-product-f6e6616b-d0d6-43d7-94d1-27980ce6f98b/006-8bf833f4-165d-4814-97f3-f4fa01dc3892-downloadableSrc-7f3e73cc6c33.webp
f6e6616b-d0d6-43d7-94d1-27980ce6f98b,Adding a product,93ad9ceb-a163-41da-ba7a-9f07c737fc2a,Revolut Business,0c4c334c-e3a5-4395-89be-c7666aaafdf5,6,7,91b0f9c2-d9c0-4512-ba85-358da72b4583,true,downloadableSrc,200,image/webp,44512,44512,7bb73d4643feec5089d4bb1dc9cc9d584338d55c9189810438f8948ddf791ed7,1179,2676,,,bytescale.mobbin.com,f7a1807c1ac98ccf0eecf5078d61346ac9a94ca37a547f5708d580528c9e55c0,/Users/user/mobbin-sides/screen-flows/revolut-business/107-revolut-business-adding-a-product-f6e6616b-d0d6-43d7-94d1-27980ce6f98b/007-91b0f9c2-d9c0-4512-ba85-358da72b4583-downloadableSrc-7bb73d4643fe.webp
57187761-1df1-4a86-930d-6e0dbacaa82b,Adding a category,93ad9ceb-a163-41da-ba7a-9f07c737fc2a,Revolut Business,0c4c334c-e3a5-4395-89be-c7666aaafdf5,0,1,69998d4e-4e73-417e-aa14-fb03984035aa,true,downloadableSrc,200,image/webp,31296,31296,a424ed9f220225d61e14e1a43896f2069c04b25ba1d9820b46200c374622fa05,1179,2676,,,bytescale.mobbin.com,f7a1807c1ac98ccf0eecf5078d61346ac9a94ca37a547f5708d580528c9e55c0,/Users/user/mobbin-sides/screen-flows/revolut-business/108-revolut-business-adding-a-category-57187761-1df1-4a86-930d-6e0dbacaa82b/001-69998d4e-4e73-417e-aa14-fb03984035aa-downloadableSrc-a424ed9f2202.webp
57187761-1df1-4a86-930d-6e0dbacaa82b,Adding a category,93ad9ceb-a163-41da-ba7a-9f07c737fc2a,Revolut Business,0c4c334c-e3a5-4395-89be-c7666aaafdf5,1,2,73274064-1f13-4b85-a68e-1b61497ef63f,true,downloadableSrc,200,image/webp,51870,51870,3b48260ceb43a714f822ee83e8f382fa7aaf95476aee06d997267ed8ad399c31,1179,2676,,,bytescale.mobbin.com,f7a1807c1ac98ccf0eecf5078d61346ac9a94ca37a547f5708d580528c9e55c0,/Users/user/mobbin-sides/screen-flows/revolut-business/108-revolut-business-adding-a-category-57187761-1df1-4a86-930d-6e0dbacaa82b/002-73274064-1f13-4b85-a68e-1b61497ef63f-downloadableSrc-3b48260ceb43.webp
57187761-1df1-4a86-930d-6e0dbacaa82b,Adding a category,93ad9ceb-a163-41da-ba7a-9f07c737fc2a,Revolut Business,0c4c334c-e3a5-4395-89be-c7666aaafdf5,2,3,93054d76-556b-4b8c-8094-66f1d1861841,true,downloadableSrc,200,image/webp,55846,55846,1240abd94bce7467535243f33894cef9092a008b983fd00072a679a627396cd3,1179,2676,,,bytescale.mobbin.com,f7a1807c1ac98ccf0eecf5078d61346ac9a94ca37a547f5708d580528c9e55c0,/Users/user/mobbin-sides/screen-flows/revolut-business/108-revolut-business-adding-a-category-57187761-1df1-4a86-930d-6e0dbacaa82b/003-93054d76-556b-4b8c-8094-66f1d1861841-downloadableSrc-1240abd94bce.webp
57187761-1df1-4a86-930d-6e0dbacaa82b,Adding a category,93ad9ceb-a163-41da-ba7a-9f07c737fc2a,Revolut Business,0c4c334c-e3a5-4395-89be-c7666aaafdf5,3,4,55aada44-312f-4743-8052-fa07db4689fa,true,downloadableSrc,200,image/webp,56122,56122,7d512133c237686fb17b7f480f2949c17a8fec49c9b52d621818b60b2c33130f,1179,2676,,,bytescale.mobbin.com,f7a1807c1ac98ccf0eecf5078d61346ac9a94ca37a547f5708d580528c9e55c0,/Users/user/mobbin-sides/screen-flows/revolut-business/108-revolut-business-adding-a-category-57187761-1df1-4a86-930d-6e0dbacaa82b/004-55aada44-312f-4743-8052-fa07db4689fa-downloadableSrc-7d512133c237.webp
57187761-1df1-4a86-930d-6e0dbacaa82b,Adding a category,93ad9ceb-a163-41da-ba7a-9f07c737fc2a,Revolut Business,0c4c334c-e3a5-4395-89be-c7666aaafdf5,4,5,fb8195e5-d580-4307-b241-c355cdb248b9,true,downloadableSrc,200,image/webp,41734,41734,a263491f2005899a61c7ca09e457e130dbeb316b3cfeb138ef3256314db4fa89,1179,2676,,,bytescale.mobbin.com,f7a1807c1ac98ccf0eecf5078d61346ac9a94ca37a547f5708d580528c9e55c0,/Users/user/mobbin-sides/screen-flows/revolut-business/108-revolut-business-adding-a-category-57187761-1df1-4a86-930d-6e0dbacaa82b/005-fb8195e5-d580-4307-b241-c355cdb248b9-downloadableSrc-a263491f2005.webp
4395435b-6ab5-4642-bb46-e728c556d1c3,Treasury,93ad9ceb-a163-41da-ba7a-9f07c737fc2a,Revolut Business,0c4c334c-e3a5-4395-89be-c7666aaafdf5,0,1,ebcd98d5-f535-45e3-b6ca-663c000a4d23,true,downloadableSrc,200,image/webp,71838,71838,01b66bbc2a361dccedaea295781d9b236791a6f2ab2eaac9dd95613385649798,1179,2676,,,bytescale.mobbin.com,f7a1807c1ac98ccf0eecf5078d61346ac9a94ca37a547f5708d580528c9e55c0,/Users/user/mobbin-sides/screen-flows/revolut-business/109-revolut-business-treasury-4395435b-6ab5-4642-bb46-e728c556d1c3/001-ebcd98d5-f535-45e3-b6ca-663c000a4d23-downloadableSrc-01b66bbc2a36.webp
4395435b-6ab5-4642-bb46-e728c556d1c3,Treasury,93ad9ceb-a163-41da-ba7a-9f07c737fc2a,Revolut Business,0c4c334c-e3a5-4395-89be-c7666aaafdf5,1,2,4d22a69d-9c20-4002-8d49-0c899dc09192,true,downloadableSrc,200,image/webp,79906,79906,4010789830973ce0fbc258fa7ddf418276ee722eaac6e97ce0f5325092c1561b,1179,2676,,,bytescale.mobbin.com,f7a1807c1ac98ccf0eecf5078d61346ac9a94ca37a547f5708d580528c9e55c0,/Users/user/mobbin-sides/screen-flows/revolut-business/109-revolut-business-treasury-4395435b-6ab5-4642-bb46-e728c556d1c3/002-4d22a69d-9c20-4002-8d49-0c899dc09192-downloadableSrc-401078983097.webp
4395435b-6ab5-4642-bb46-e728c556d1c3,Treasury,93ad9ceb-a163-41da-ba7a-9f07c737fc2a,Revolut Business,0c4c334c-e3a5-4395-89be-c7666aaafdf5,2,3,c21fca23-90c4-49da-b7c0-1c943be59be9,true,downloadableSrc,200,image/webp,74724,74724,a0ef3e82867d7b931c5a0a331e9a8643922dec202db7e5a0f9c46ef396a7f619,1179,2676,,,bytescale.mobbin.com,f7a1807c1ac98ccf0eecf5078d61346ac9a94ca37a547f5708d580528c9e55c0,/Users/user/mobbin-sides/screen-flows/revolut-business/109-revolut-business-treasury-4395435b-6ab5-4642-bb46-e728c556d1c3/003-c21fca23-90c4-49da-b7c0-1c943be59be9-downloadableSrc-a0ef3e82867d.webp
4395435b-6ab5-4642-bb46-e728c556d1c3,Treasury,93ad9ceb-a163-41da-ba7a-9f07c737fc2a,Revolut Business,0c4c334c-e3a5-4395-89be-c7666aaafdf5,3,4,89db3d82-2a71-49bd-ba60-73268e5e7e4b,true,downloadableSrc,200,image/webp,100124,100124,e8916d8c321b0d68701c295d6497824e3019725158040f345f9f7f637033aa39,1179,2676,,,bytescale.mobbin.com,f7a1807c1ac98ccf0eecf5078d61346ac9a94ca37a547f5708d580528c9e55c0,/Users/user/mobbin-sides/screen-flows/revolut-business/109-revolut-business-treasury-4395435b-6ab5-4642-bb46-e728c556d1c3/004-89db3d82-2a71-49bd-ba60-73268e5e7e4b-downloadableSrc-e8916d8c321b.webp
75d9bcc2-18bf-4733-9885-df6e0ebfc38c,Creating a fund,93ad9ceb-a163-41da-ba7a-9f07c737fc2a,Revolut Business,0c4c334c-e3a5-4395-89be-c7666aaafdf5,0,1,4d22a69d-9c20-4002-8d49-0c899dc09192,true,downloadableSrc,200,image/webp,79906,79906,4010789830973ce0fbc258fa7ddf418276ee722eaac6e97ce0f5325092c1561b,1179,2676,,,bytescale.mobbin.com,f7a1807c1ac98ccf0eecf5078d61346ac9a94ca37a547f5708d580528c9e55c0,/Users/user/mobbin-sides/screen-flows/revolut-business/110-revolut-business-creating-a-fund-75d9bcc2-18bf-4733-9885-df6e0ebfc38c/001-4d22a69d-9c20-4002-8d49-0c899dc09192-downloadableSrc-401078983097.webp
75d9bcc2-18bf-4733-9885-df6e0ebfc38c,Creating a fund,93ad9ceb-a163-41da-ba7a-9f07c737fc2a,Revolut Business,0c4c334c-e3a5-4395-89be-c7666aaafdf5,1,2,6a90b7fb-9708-402a-9a1b-5be656504971,true,downloadableSrc,200,image/webp,100578,100578,e77274e34af817b933cf09686b4eef1ad98e37c1c1794a57b5afb345f8eef4e5,1179,2676,,,bytescale.mobbin.com,f7a1807c1ac98ccf0eecf5078d61346ac9a94ca37a547f5708d580528c9e55c0,/Users/user/mobbin-sides/screen-flows/revolut-business/110-revolut-business-creating-a-fund-75d9bcc2-18bf-4733-9885-df6e0ebfc38c/002-6a90b7fb-9708-402a-9a1b-5be656504971-downloadableSrc-e77274e34af8.webp
75d9bcc2-18bf-4733-9885-df6e0ebfc38c,Creating a fund,93ad9ceb-a163-41da-ba7a-9f07c737fc2a,Revolut Business,0c4c334c-e3a5-4395-89be-c7666aaafdf5,2,3,b8381835-3bb8-48b5-8b24-2dd4150ad5fa,true,downloadableSrc,200,image/webp,91866,91866,bc0f51bc487001c3163666b0fda03ec92f6b44c815d83ae14431edace7b75b7d,1179,2676,,,bytescale.mobbin.com,f7a1807c1ac98ccf0eecf5078d61346ac9a94ca37a547f5708d580528c9e55c0,/Users/user/mobbin-sides/screen-flows/revolut-business/110-revolut-business-creating-a-fund-75d9bcc2-18bf-4733-9885-df6e0ebfc38c/003-b8381835-3bb8-48b5-8b24-2dd4150ad5fa-downloadableSrc-bc0f51bc4870.webp
75d9bcc2-18bf-4733-9885-df6e0ebfc38c,Creating a fund,93ad9ceb-a163-41da-ba7a-9f07c737fc2a,Revolut Business,0c4c334c-e3a5-4395-89be-c7666aaafdf5,3,4,84c13d08-a544-4ad3-a89c-be3b7a1c4955,true,downloadableSrc,200,image/webp,34462,34462,2430b8dad70fc003897d7e3effb45297cb6f113001a1f00d128ff5c7d66ff96a,1179,2676,,,bytescale.mobbin.com,f7a1807c1ac98ccf0eecf5078d61346ac9a94ca37a547f5708d580528c9e55c0,/Users/user/mobbin-sides/screen-flows/revolut-business/110-revolut-business-creating-a-fund-75d9bcc2-18bf-4733-9885-df6e0ebfc38c/004-84c13d08-a544-4ad3-a89c-be3b7a1c4955-downloadableSrc-2430b8dad70f.webp
75d9bcc2-18bf-4733-9885-df6e0ebfc38c,Creating a fund,93ad9ceb-a163-41da-ba7a-9f07c737fc2a,Revolut Business,0c4c334c-e3a5-4395-89be-c7666aaafdf5,4,5,8f6ce599-5935-46dc-a2d2-f122bc8c73d6,true,downloadableSrc,200,image/webp,38550,38550,66f747e60800526379a25d94c5b92e06e44efcdcf4d5e5a3a4655c98739e42a6,1179,2676,,,bytescale.mobbin.com,f7a1807c1ac98ccf0eecf5078d61346ac9a94ca37a547f5708d580528c9e55c0,/Users/user/mobbin-sides/screen-flows/revolut-business/110-revolut-business-creating-a-fund-75d9bcc2-18bf-4733-9885-df6e0ebfc38c/005-8f6ce599-5935-46dc-a2d2-f122bc8c73d6-downloadableSrc-66f747e60800.webp
75d9bcc2-18bf-4733-9885-df6e0ebfc38c,Creating a fund,93ad9ceb-a163-41da-ba7a-9f07c737fc2a,Revolut Business,0c4c334c-e3a5-4395-89be-c7666aaafdf5,5,6,3a3666a2-b3f5-48cf-a678-48a9fd467b39,true,downloadableSrc,200,image/webp,32432,32432,abab9a034e270dc6cad355ec8b8ee83b3c69e4047fc235aa7c5b42a104fbabbe,1179,2676,,,bytescale.mobbin.com,f7a1807c1ac98ccf0eecf5078d61346ac9a94ca37a547f5708d580528c9e55c0,/Users/user/mobbin-sides/screen-flows/revolut-business/110-revolut-business-creating-a-fund-75d9bcc2-18bf-4733-9885-df6e0ebfc38c/006-3a3666a2-b3f5-48cf-a678-48a9fd467b39-downloadableSrc-abab9a034e27.webp
75d9bcc2-18bf-4733-9885-df6e0ebfc38c,Creating a fund,93ad9ceb-a163-41da-ba7a-9f07c737fc2a,Revolut Business,0c4c334c-e3a5-4395-89be-c7666aaafdf5,6,7,9f0b10b7-40d0-4075-863f-f8bddb2c0d51,true,downloadableSrc,200,image/webp,74970,74970,47a6d3eb6516e16d551d9a4ea66b5f441c497c1135099e60e5b37b352839a510,1179,2676,,,bytescale.mobbin.com,f7a1807c1ac98ccf0eecf5078d61346ac9a94ca37a547f5708d580528c9e55c0,/Users/user/mobbin-sides/screen-flows/revolut-business/110-revolut-business-creating-a-fund-75d9bcc2-18bf-4733-9885-df6e0ebfc38c/007-9f0b10b7-40d0-4075-863f-f8bddb2c0d51-downloadableSrc-47a6d3eb6516.webp
7ea5b3d3-9dc5-4c1b-8be8-2775c54d3507,Adding money (Treasury),93ad9ceb-a163-41da-ba7a-9f07c737fc2a,Revolut Business,0c4c334c-e3a5-4395-89be-c7666aaafdf5,0,1,89db3d82-2a71-49bd-ba60-73268e5e7e4b,true,downloadableSrc,200,image/webp,100124,100124,e8916d8c321b0d68701c295d6497824e3019725158040f345f9f7f637033aa39,1179,2676,,,bytescale.mobbin.com,f7a1807c1ac98ccf0eecf5078d61346ac9a94ca37a547f5708d580528c9e55c0,/Users/user/mobbin-sides/screen-flows/revolut-business/111-revolut-business-adding-money-treasury-7ea5b3d3-9dc5-4c1b-8be8-2775c54d3507/001-89db3d82-2a71-49bd-ba60-73268e5e7e4b-downloadableSrc-e8916d8c321b.webp
7ea5b3d3-9dc5-4c1b-8be8-2775c54d3507,Adding money (Treasury),93ad9ceb-a163-41da-ba7a-9f07c737fc2a,Revolut Business,0c4c334c-e3a5-4395-89be-c7666aaafdf5,1,2,5ec099f3-ec93-49c4-8917-6cfb163600cb,true,downloadableSrc,200,image/webp,43150,43150,88513f975ee82a22bb974681748ada9e97fffd0332760a2f74ad9d21061cfabb,1179,2676,,,bytescale.mobbin.com,f7a1807c1ac98ccf0eecf5078d61346ac9a94ca37a547f5708d580528c9e55c0,/Users/user/mobbin-sides/screen-flows/revolut-business/111-revolut-business-adding-money-treasury-7ea5b3d3-9dc5-4c1b-8be8-2775c54d3507/002-5ec099f3-ec93-49c4-8917-6cfb163600cb-downloadableSrc-88513f975ee8.webp
7ea5b3d3-9dc5-4c1b-8be8-2775c54d3507,Adding money (Treasury),93ad9ceb-a163-41da-ba7a-9f07c737fc2a,Revolut Business,0c4c334c-e3a5-4395-89be-c7666aaafdf5,2,3,a51ab7ed-2987-4106-a94f-5ee82fe6cc75,true,downloadableSrc,200,image/webp,47008,47008,8e12dad793ffa11ef6c7987e19b1e32a862fd46615a7c889fda578702cc28a18,1179,2676,,,bytescale.mobbin.com,f7a1807c1ac98ccf0eecf5078d61346ac9a94ca37a547f5708d580528c9e55c0,/Users/user/mobbin-sides/screen-flows/revolut-business/111-revolut-business-adding-money-treasury-7ea5b3d3-9dc5-4c1b-8be8-2775c54d3507/003-a51ab7ed-2987-4106-a94f-5ee82fe6cc75-downloadableSrc-8e12dad793ff.webp
7ea5b3d3-9dc5-4c1b-8be8-2775c54d3507,Adding money (Treasury),93ad9ceb-a163-41da-ba7a-9f07c737fc2a,Revolut Business,0c4c334c-e3a5-4395-89be-c7666aaafdf5,3,4,eeefa422-2ac9-4761-8776-a4602eeb49d7,true,downloadableSrc,200,image/webp,43312,43312,9e29c8ad2ef359aaad8b7cca3751fe6ac4bd69b0f19fbe3591f72d0a8b030dab,1179,2676,,,bytescale.mobbin.com,f7a1807c1ac98ccf0eecf5078d61346ac9a94ca37a547f5708d580528c9e55c0,/Users/user/mobbin-sides/screen-flows/revolut-business/111-revolut-business-adding-money-treasury-7ea5b3d3-9dc5-4c1b-8be8-2775c54d3507/004-eeefa422-2ac9-4761-8776-a4602eeb49d7-downloadableSrc-9e29c8ad2ef3.webp
7ea5b3d3-9dc5-4c1b-8be8-2775c54d3507,Adding money (Treasury),93ad9ceb-a163-41da-ba7a-9f07c737fc2a,Revolut Business,0c4c334c-e3a5-4395-89be-c7666aaafdf5,4,5,56fe21e7-97d1-42bb-85ac-37ac13213f34,true,downloadableSrc,200,image/webp,44604,44604,6c6eee2b1971e6f7c6c3519072ab82535397e91eeb79395d4e2ab8face2c35c7,1179,2676,,,bytescale.mobbin.com,f7a1807c1ac98ccf0eecf5078d61346ac9a94ca37a547f5708d580528c9e55c0,/Users/user/mobbin-sides/screen-flows/revolut-business/111-revolut-business-adding-money-treasury-7ea5b3d3-9dc5-4c1b-8be8-2775c54d3507/005-56fe21e7-97d1-42bb-85ac-37ac13213f34-downloadableSrc-6c6eee2b1971.webp
7ea5b3d3-9dc5-4c1b-8be8-2775c54d3507,Adding money (Treasury),93ad9ceb-a163-41da-ba7a-9f07c737fc2a,Revolut Business,0c4c334c-e3a5-4395-89be-c7666aaafdf5,5,6,24435000-c0de-4723-85a8-1214ef530e60,true,downloadableSrc,200,image/webp,44936,44936,7520240f5f2b1955d559c87d32f1960fa127bbd9d098229f17459794304bc317,1179,2676,,,bytescale.mobbin.com,f7a1807c1ac98ccf0eecf5078d61346ac9a94ca37a547f5708d580528c9e55c0,/Users/user/mobbin-sides/screen-flows/revolut-business/111-revolut-business-adding-money-treasury-7ea5b3d3-9dc5-4c1b-8be8-2775c54d3507/006-24435000-c0de-4723-85a8-1214ef530e60-downloadableSrc-7520240f5f2b.webp
7ea5b3d3-9dc5-4c1b-8be8-2775c54d3507,Adding money (Treasury),93ad9ceb-a163-41da-ba7a-9f07c737fc2a,Revolut Business,0c4c334c-e3a5-4395-89be-c7666aaafdf5,6,7,e032c222-9e16-4792-a696-af0feb48fe20,true,downloadableSrc,200,image/webp,37698,37698,1ca8d383c98b2ef8f59feaa47cd4453ee41b5ff62295bbad7a6581770958ef8d,1179,2676,,,bytescale.mobbin.com,f7a1807c1ac98ccf0eecf5078d61346ac9a94ca37a547f5708d580528c9e55c0,/Users/user/mobbin-sides/screen-flows/revolut-business/111-revolut-business-adding-money-treasury-7ea5b3d3-9dc5-4c1b-8be8-2775c54d3507/007-e032c222-9e16-4792-a696-af0feb48fe20-downloadableSrc-1ca8d383c98b.webp
7ea5b3d3-9dc5-4c1b-8be8-2775c54d3507,Adding money (Treasury),93ad9ceb-a163-41da-ba7a-9f07c737fc2a,Revolut Business,0c4c334c-e3a5-4395-89be-c7666aaafdf5,7,8,11e31a1a-cdcd-4ac7-aa41-2bcd4ba19c4b,true,downloadableSrc,200,image/webp,75580,75580,acae3ca21f87deeb06124749f359fc2d5244b5d7670d69163a297178dc701e05,1179,2676,,,bytescale.mobbin.com,f7a1807c1ac98ccf0eecf5078d61346ac9a94ca37a547f5708d580528c9e55c0,/Users/user/mobbin-sides/screen-flows/revolut-business/111-revolut-business-adding-money-treasury-7ea5b3d3-9dc5-4c1b-8be8-2775c54d3507/008-11e31a1a-cdcd-4ac7-aa41-2bcd4ba19c4b-downloadableSrc-acae3ca21f87.webp
7c569b56-99aa-410b-8c74-051cc34ccc1a,Withdrawing money,93ad9ceb-a163-41da-ba7a-9f07c737fc2a,Revolut Business,0c4c334c-e3a5-4395-89be-c7666aaafdf5,0,1,89db3d82-2a71-49bd-ba60-73268e5e7e4b,true,downloadableSrc,200,image/webp,100124,100124,e8916d8c321b0d68701c295d6497824e3019725158040f345f9f7f637033aa39,1179,2676,,,bytescale.mobbin.com,f7a1807c1ac98ccf0eecf5078d61346ac9a94ca37a547f5708d580528c9e55c0,/Users/user/mobbin-sides/screen-flows/revolut-business/112-revolut-business-withdrawing-money-7c569b56-99aa-410b-8c74-051cc34ccc1a/001-89db3d82-2a71-49bd-ba60-73268e5e7e4b-downloadableSrc-e8916d8c321b.webp
7c569b56-99aa-410b-8c74-051cc34ccc1a,Withdrawing money,93ad9ceb-a163-41da-ba7a-9f07c737fc2a,Revolut Business,0c4c334c-e3a5-4395-89be-c7666aaafdf5,1,2,bcb67f53-f5d6-40ec-8a9c-da26ea2cec02,true,downloadableSrc,200,image/webp,53814,53814,7ef9f95415da9f5680819d16cedf2c6a8edae5bb231335e5dde48ad444b13974,1179,2676,,,bytescale.mobbin.com,f7a1807c1ac98ccf0eecf5078d61346ac9a94ca37a547f5708d580528c9e55c0,/Users/user/mobbin-sides/screen-flows/revolut-business/112-revolut-business-withdrawing-money-7c569b56-99aa-410b-8c74-051cc34ccc1a/002-bcb67f53-f5d6-40ec-8a9c-da26ea2cec02-downloadableSrc-7ef9f95415da.webp
7c569b56-99aa-410b-8c74-051cc34ccc1a,Withdrawing money,93ad9ceb-a163-41da-ba7a-9f07c737fc2a,Revolut Business,0c4c334c-e3a5-4395-89be-c7666aaafdf5,2,3,ee39697f-090e-44d7-aba9-269f212bebea,true,downloadableSrc,200,image/webp,57878,57878,a9d7fefa6780885c91b800bd77d2c58ec0493f93a6e90fdb9863424897458c4a,1179,2676,,,bytescale.mobbin.com,f7a1807c1ac98ccf0eecf5078d61346ac9a94ca37a547f5708d580528c9e55c0,/Users/user/mobbin-sides/screen-flows/revolut-business/112-revolut-business-withdrawing-money-7c569b56-99aa-410b-8c74-051cc34ccc1a/003-ee39697f-090e-44d7-aba9-269f212bebea-downloadableSrc-a9d7fefa6780.webp
7c569b56-99aa-410b-8c74-051cc34ccc1a,Withdrawing money,93ad9ceb-a163-41da-ba7a-9f07c737fc2a,Revolut Business,0c4c334c-e3a5-4395-89be-c7666aaafdf5,3,4,0080ef3a-c6e9-4cd7-b22c-90aaf1596c0d,true,downloadableSrc,200,image/webp,37820,37820,d93be367dc3b16b95017fc960d10e92553a4d2b2724c04c0bbbd815d7360659f,1179,2676,,,bytescale.mobbin.com,f7a1807c1ac98ccf0eecf5078d61346ac9a94ca37a547f5708d580528c9e55c0,/Users/user/mobbin-sides/screen-flows/revolut-business/112-revolut-business-withdrawing-money-7c569b56-99aa-410b-8c74-051cc34ccc1a/004-0080ef3a-c6e9-4cd7-b22c-90aaf1596c0d-downloadableSrc-d93be367dc3b.webp
7c569b56-99aa-410b-8c74-051cc34ccc1a,Withdrawing money,93ad9ceb-a163-41da-ba7a-9f07c737fc2a,Revolut Business,0c4c334c-e3a5-4395-89be-c7666aaafdf5,4,5,ed8ba59b-51b7-4d02-87fb-089c6c5b1afc,true,downloadableSrc,200,image/webp,59480,59480,deab8e1c8139aca4c08ba17f13b4777c2ee1e3c82a6d69665e7c684f28651c53,1179,2676,,,bytescale.mobbin.com,f7a1807c1ac98ccf0eecf5078d61346ac9a94ca37a547f5708d580528c9e55c0,/Users/user/mobbin-sides/screen-flows/revolut-business/112-revolut-business-withdrawing-money-7c569b56-99aa-410b-8c74-051cc34ccc1a/005-ed8ba59b-51b7-4d02-87fb-089c6c5b1afc-downloadableSrc-deab8e1c8139.webp
7c569b56-99aa-410b-8c74-051cc34ccc1a,Withdrawing money,93ad9ceb-a163-41da-ba7a-9f07c737fc2a,Revolut Business,0c4c334c-e3a5-4395-89be-c7666aaafdf5,5,6,8555b5ef-1614-4f34-bb7f-64b3415db763,true,downloadableSrc,200,image/webp,33302,33302,21e393dfa61bb46413291dffa64eb177b58481c7b939c6e7151ee36035ce770a,1179,2676,,,bytescale.mobbin.com,f7a1807c1ac98ccf0eecf5078d61346ac9a94ca37a547f5708d580528c9e55c0,/Users/user/mobbin-sides/screen-flows/revolut-business/112-revolut-business-withdrawing-money-7c569b56-99aa-410b-8c74-051cc34ccc1a/006-8555b5ef-1614-4f34-bb7f-64b3415db763-downloadableSrc-21e393dfa61b.webp
7c569b56-99aa-410b-8c74-051cc34ccc1a,Withdrawing money,93ad9ceb-a163-41da-ba7a-9f07c737fc2a,Revolut Business,0c4c334c-e3a5-4395-89be-c7666aaafdf5,6,7,258b1e8f-df46-46f8-964c-afcbc9fd4843,true,downloadableSrc,200,image/webp,91088,91088,906aafd1cd5ec549edffa5bf0ea55822f5e35ba6411ff241d3a1e4ee6e1d0064,1179,2676,,,bytescale.mobbin.com,f7a1807c1ac98ccf0eecf5078d61346ac9a94ca37a547f5708d580528c9e55c0,/Users/user/mobbin-sides/screen-flows/revolut-business/112-revolut-business-withdrawing-money-7c569b56-99aa-410b-8c74-051cc34ccc1a/007-258b1e8f-df46-46f8-964c-afcbc9fd4843-downloadableSrc-906aafd1cd5e.webp
df423a4b-27d3-47d0-8a87-4e6f0328f41c,Generate a monthly statement,93ad9ceb-a163-41da-ba7a-9f07c737fc2a,Revolut Business,0c4c334c-e3a5-4395-89be-c7666aaafdf5,0,1,89db3d82-2a71-49bd-ba60-73268e5e7e4b,true,downloadableSrc,200,image/webp,100124,100124,e8916d8c321b0d68701c295d6497824e3019725158040f345f9f7f637033aa39,1179,2676,,,bytescale.mobbin.com,f7a1807c1ac98ccf0eecf5078d61346ac9a94ca37a547f5708d580528c9e55c0,/Users/user/mobbin-sides/screen-flows/revolut-business/113-revolut-business-generate-a-monthly-statement-df423a4b-27d3-47d0-8a87-4e6f0328f41c/001-89db3d82-2a71-49bd-ba60-73268e5e7e4b-downloadableSrc-e8916d8c321b.webp
df423a4b-27d3-47d0-8a87-4e6f0328f41c,Generate a monthly statement,93ad9ceb-a163-41da-ba7a-9f07c737fc2a,Revolut Business,0c4c334c-e3a5-4395-89be-c7666aaafdf5,1,2,705a6987-7fa7-4c77-a585-1d167f183f04,true,downloadableSrc,200,image/webp,106154,106154,f87dd9e2e779dc25f0d0599705b789e3cddacb3d43d6733eee81c5c0147108dd,1179,2676,,,bytescale.mobbin.com,f7a1807c1ac98ccf0eecf5078d61346ac9a94ca37a547f5708d580528c9e55c0,/Users/user/mobbin-sides/screen-flows/revolut-business/113-revolut-business-generate-a-monthly-statement-df423a4b-27d3-47d0-8a87-4e6f0328f41c/002-705a6987-7fa7-4c77-a585-1d167f183f04-downloadableSrc-f87dd9e2e779.webp
df423a4b-27d3-47d0-8a87-4e6f0328f41c,Generate a monthly statement,93ad9ceb-a163-41da-ba7a-9f07c737fc2a,Revolut Business,0c4c334c-e3a5-4395-89be-c7666aaafdf5,2,3,8f38a5b6-a8ac-4b6a-93e6-5f47e56f6321,true,downloadableSrc,200,image/webp,34794,34794,f6bbe79669ea9b8998ae06a7fd88caf4c9fccbb10ecae0f7a697f4d54869bb70,1179,2676,,,bytescale.mobbin.com,f7a1807c1ac98ccf0eecf5078d61346ac9a94ca37a547f5708d580528c9e55c0,/Users/user/mobbin-sides/screen-flows/revolut-business/113-revolut-business-generate-a-monthly-statement-df423a4b-27d3-47d0-8a87-4e6f0328f41c/003-8f38a5b6-a8ac-4b6a-93e6-5f47e56f6321-downloadableSrc-f6bbe79669ea.webp
df423a4b-27d3-47d0-8a87-4e6f0328f41c,Generate a monthly statement,93ad9ceb-a163-41da-ba7a-9f07c737fc2a,Revolut Business,0c4c334c-e3a5-4395-89be-c7666aaafdf5,3,4,d1f59d37-f65c-426e-a191-a0a1d40d409c,true,downloadableSrc,200,image/webp,47264,47264,d95828a7f3ea5c06004eb18548246830352e519db90e321d0ab00636c09e60c8,1179,2676,,,bytescale.mobbin.com,f7a1807c1ac98ccf0eecf5078d61346ac9a94ca37a547f5708d580528c9e55c0,/Users/user/mobbin-sides/screen-flows/revolut-business/113-revolut-business-generate-a-monthly-statement-df423a4b-27d3-47d0-8a87-4e6f0328f41c/004-d1f59d37-f65c-426e-a191-a0a1d40d409c-downloadableSrc-d95828a7f3ea.webp
df423a4b-27d3-47d0-8a87-4e6f0328f41c,Generate a monthly statement,93ad9ceb-a163-41da-ba7a-9f07c737fc2a,Revolut Business,0c4c334c-e3a5-4395-89be-c7666aaafdf5,4,5,b78bb3de-dd66-44a1-af64-6b89a1501235,true,downloadableSrc,200,image/webp,51586,51586,c029b113e64e6ba209a5409bb214165381b2ed780efdd514ec132d0b01e858c4,1179,2676,,,bytescale.mobbin.com,f7a1807c1ac98ccf0eecf5078d61346ac9a94ca37a547f5708d580528c9e55c0,/Users/user/mobbin-sides/screen-flows/revolut-business/113-revolut-business-generate-a-monthly-statement-df423a4b-27d3-47d0-8a87-4e6f0328f41c/005-b78bb3de-dd66-44a1-af64-6b89a1501235-downloadableSrc-c029b113e64e.webp
092be4c5-6eae-439f-9d11-1876d26579be,Turning off Wealth Protection,93ad9ceb-a163-41da-ba7a-9f07c737fc2a,Revolut Business,0c4c334c-e3a5-4395-89be-c7666aaafdf5,0,1,705a6987-7fa7-4c77-a585-1d167f183f04,true,downloadableSrc,200,image/webp,106154,106154,f87dd9e2e779dc25f0d0599705b789e3cddacb3d43d6733eee81c5c0147108dd,1179,2676,,,bytescale.mobbin.com,f7a1807c1ac98ccf0eecf5078d61346ac9a94ca37a547f5708d580528c9e55c0,/Users/user/mobbin-sides/screen-flows/revolut-business/114-revolut-business-turning-off-wealth-protection-092be4c5-6eae-439f-9d11-1876d26579be/001-705a6987-7fa7-4c77-a585-1d167f183f04-downloadableSrc-f87dd9e2e779.webp
092be4c5-6eae-439f-9d11-1876d26579be,Turning off Wealth Protection,93ad9ceb-a163-41da-ba7a-9f07c737fc2a,Revolut Business,0c4c334c-e3a5-4395-89be-c7666aaafdf5,1,2,d8ee0972-0c7b-4d2b-8425-d1f440fca80a,true,downloadableSrc,200,image/webp,86152,86152,e6f6ea4f747526a92c868ee504ef7256c97f245b6cb6ca03213df2c6bbaade6a,1179,2676,,,bytescale.mobbin.com,f7a1807c1ac98ccf0eecf5078d61346ac9a94ca37a547f5708d580528c9e55c0,/Users/user/mobbin-sides/screen-flows/revolut-business/114-revolut-business-turning-off-wealth-protection-092be4c5-6eae-439f-9d11-1876d26579be/002-d8ee0972-0c7b-4d2b-8425-d1f440fca80a-downloadableSrc-e6f6ea4f7475.webp
092be4c5-6eae-439f-9d11-1876d26579be,Turning off Wealth Protection,93ad9ceb-a163-41da-ba7a-9f07c737fc2a,Revolut Business,0c4c334c-e3a5-4395-89be-c7666aaafdf5,2,3,177c9e43-fd27-4ba2-857a-6a77a4518178,true,downloadableSrc,200,image/webp,99054,99054,c52cc8652c3fcb18f56970363eae4fc85655cd5391d973524ae809c14afcabb6,1179,2676,,,bytescale.mobbin.com,f7a1807c1ac98ccf0eecf5078d61346ac9a94ca37a547f5708d580528c9e55c0,/Users/user/mobbin-sides/screen-flows/revolut-business/114-revolut-business-turning-off-wealth-protection-092be4c5-6eae-439f-9d11-1876d26579be/003-177c9e43-fd27-4ba2-857a-6a77a4518178-downloadableSrc-c52cc8652c3f.webp
092be4c5-6eae-439f-9d11-1876d26579be,Turning off Wealth Protection,93ad9ceb-a163-41da-ba7a-9f07c737fc2a,Revolut Business,0c4c334c-e3a5-4395-89be-c7666aaafdf5,3,4,93918ea5-67ad-4204-b31e-a3f8301663b1,true,downloadableSrc,200,image/webp,64302,64302,b94ddcda168ed24d03ba8c976f773eaea5707fe637fa92597f1243636bbae213,1179,2676,,,bytescale.mobbin.com,f7a1807c1ac98ccf0eecf5078d61346ac9a94ca37a547f5708d580528c9e55c0,/Users/user/mobbin-sides/screen-flows/revolut-business/114-revolut-business-turning-off-wealth-protection-092be4c5-6eae-439f-9d11-1876d26579be/004-93918ea5-67ad-4204-b31e-a3f8301663b1-downloadableSrc-b94ddcda168e.webp
092be4c5-6eae-439f-9d11-1876d26579be,Turning off Wealth Protection,93ad9ceb-a163-41da-ba7a-9f07c737fc2a,Revolut Business,0c4c334c-e3a5-4395-89be-c7666aaafdf5,4,5,edd90384-43c9-4689-ac5b-7a9487315bc3,true,downloadableSrc,200,image/webp,63708,63708,cd85f19aedb06fa63909abbed33f0d496004e5a4e4895aebd0af8440e0c7d5f4,1179,2676,,,bytescale.mobbin.com,f7a1807c1ac98ccf0eecf5078d61346ac9a94ca37a547f5708d580528c9e55c0,/Users/user/mobbin-sides/screen-flows/revolut-business/114-revolut-business-turning-off-wealth-protection-092be4c5-6eae-439f-9d11-1876d26579be/005-edd90384-43c9-4689-ac5b-7a9487315bc3-downloadableSrc-cd85f19aedb0.webp
85f3d30c-96b8-4e68-ae07-74231c2f2d8f,Switching to FX orders,93ad9ceb-a163-41da-ba7a-9f07c737fc2a,Revolut Business,0c4c334c-e3a5-4395-89be-c7666aaafdf5,0,1,89db3d82-2a71-49bd-ba60-73268e5e7e4b,true,downloadableSrc,200,image/webp,100124,100124,e8916d8c321b0d68701c295d6497824e3019725158040f345f9f7f637033aa39,1179,2676,,,bytescale.mobbin.com,f7a1807c1ac98ccf0eecf5078d61346ac9a94ca37a547f5708d580528c9e55c0,/Users/user/mobbin-sides/screen-flows/revolut-business/115-revolut-business-switching-to-fx-orders-85f3d30c-96b8-4e68-ae07-74231c2f2d8f/001-89db3d82-2a71-49bd-ba60-73268e5e7e4b-downloadableSrc-e8916d8c321b.webp
85f3d30c-96b8-4e68-ae07-74231c2f2d8f,Switching to FX orders,93ad9ceb-a163-41da-ba7a-9f07c737fc2a,Revolut Business,0c4c334c-e3a5-4395-89be-c7666aaafdf5,1,2,dad14556-0ca9-4ba6-869a-31c405d6923b,true,downloadableSrc,200,image/webp,35582,35582,d43f54d3710cebe2ec20967ba714ae2d3e6dd4d32bb366446478d0ea16766f7f,1179,2676,,,bytescale.mobbin.com,f7a1807c1ac98ccf0eecf5078d61346ac9a94ca37a547f5708d580528c9e55c0,/Users/user/mobbin-sides/screen-flows/revolut-business/115-revolut-business-switching-to-fx-orders-85f3d30c-96b8-4e68-ae07-74231c2f2d8f/002-dad14556-0ca9-4ba6-869a-31c405d6923b-downloadableSrc-d43f54d3710c.webp
85f3d30c-96b8-4e68-ae07-74231c2f2d8f,Switching to FX orders,93ad9ceb-a163-41da-ba7a-9f07c737fc2a,Revolut Business,0c4c334c-e3a5-4395-89be-c7666aaafdf5,2,3,b9ccd0b0-9ab4-40ba-81fa-937ad81a0265,true,downloadableSrc,200,image/webp,82046,82046,177c27eba961f91c79138371d868bda329aa821409d58b4513d65ed5e35b935f,1179,2676,,,bytescale.mobbin.com,f7a1807c1ac98ccf0eecf5078d61346ac9a94ca37a547f5708d580528c9e55c0,/Users/user/mobbin-sides/screen-flows/revolut-business/115-revolut-business-switching-to-fx-orders-85f3d30c-96b8-4e68-ae07-74231c2f2d8f/003-b9ccd0b0-9ab4-40ba-81fa-937ad81a0265-downloadableSrc-177c27eba961.webp
85f3d30c-96b8-4e68-ae07-74231c2f2d8f,Switching to FX orders,93ad9ceb-a163-41da-ba7a-9f07c737fc2a,Revolut Business,0c4c334c-e3a5-4395-89be-c7666aaafdf5,3,4,ad876bef-e21b-41f6-b838-225abe761df5,true,downloadableSrc,200,image/webp,71580,71580,84a154db4e9c0554b40a905888df5fe5b6ae17f6cc1f594b1404b9cac20d67db,1179,2676,,,bytescale.mobbin.com,f7a1807c1ac98ccf0eecf5078d61346ac9a94ca37a547f5708d580528c9e55c0,/Users/user/mobbin-sides/screen-flows/revolut-business/115-revolut-business-switching-to-fx-orders-85f3d30c-96b8-4e68-ae07-74231c2f2d8f/004-ad876bef-e21b-41f6-b838-225abe761df5-downloadableSrc-84a154db4e9c.webp
85f3d30c-96b8-4e68-ae07-74231c2f2d8f,Switching to FX orders,93ad9ceb-a163-41da-ba7a-9f07c737fc2a,Revolut Business,0c4c334c-e3a5-4395-89be-c7666aaafdf5,4,5,a7abf49e-8d14-4e0b-8b06-5294bcb7d040,true,downloadableSrc,200,image/webp,91052,91052,76eb37bcb07568491c0b0bd78020bc6a26341db53fa371e92abf5b0202c2a9eb,1179,2676,,,bytescale.mobbin.com,f7a1807c1ac98ccf0eecf5078d61346ac9a94ca37a547f5708d580528c9e55c0,/Users/user/mobbin-sides/screen-flows/revolut-business/115-revolut-business-switching-to-fx-orders-85f3d30c-96b8-4e68-ae07-74231c2f2d8f/005-a7abf49e-8d14-4e0b-8b06-5294bcb7d040-downloadableSrc-76eb37bcb075.webp
f0d16b25-f425-4924-961f-38f60c499d5d,Transaction detail (FX orders),93ad9ceb-a163-41da-ba7a-9f07c737fc2a,Revolut Business,0c4c334c-e3a5-4395-89be-c7666aaafdf5,0,1,b9ccd0b0-9ab4-40ba-81fa-937ad81a0265,true,downloadableSrc,200,image/webp,82046,82046,177c27eba961f91c79138371d868bda329aa821409d58b4513d65ed5e35b935f,1179,2676,,,bytescale.mobbin.com,f7a1807c1ac98ccf0eecf5078d61346ac9a94ca37a547f5708d580528c9e55c0,/Users/user/mobbin-sides/screen-flows/revolut-business/116-revolut-business-transaction-detail-fx-orders-f0d16b25-f425-4924-961f-38f60c499d5d/001-b9ccd0b0-9ab4-40ba-81fa-937ad81a0265-downloadableSrc-177c27eba961.webp
f0d16b25-f425-4924-961f-38f60c499d5d,Transaction detail (FX orders),93ad9ceb-a163-41da-ba7a-9f07c737fc2a,Revolut Business,0c4c334c-e3a5-4395-89be-c7666aaafdf5,1,2,7bcfe8e9-5a74-4f7a-8fd3-d2f075ffc265,true,downloadableSrc,200,image/webp,52388,52388,cfdd3e170a012fced7d3b33055d82286b9f1bbef1b46e6b53cff0be88d6643a1,1179,2676,,,bytescale.mobbin.com,f7a1807c1ac98ccf0eecf5078d61346ac9a94ca37a547f5708d580528c9e55c0,/Users/user/mobbin-sides/screen-flows/revolut-business/116-revolut-business-transaction-detail-fx-orders-f0d16b25-f425-4924-961f-38f60c499d5d/002-7bcfe8e9-5a74-4f7a-8fd3-d2f075ffc265-downloadableSrc-cfdd3e170a01.webp
110839b0-fabf-4268-9ab2-3da4414fd964,Creating a price alert,93ad9ceb-a163-41da-ba7a-9f07c737fc2a,Revolut Business,0c4c334c-e3a5-4395-89be-c7666aaafdf5,0,1,ad876bef-e21b-41f6-b838-225abe761df5,true,downloadableSrc,200,image/webp,71580,71580,84a154db4e9c0554b40a905888df5fe5b6ae17f6cc1f594b1404b9cac20d67db,1179,2676,,,bytescale.mobbin.com,f7a1807c1ac98ccf0eecf5078d61346ac9a94ca37a547f5708d580528c9e55c0,/Users/user/mobbin-sides/screen-flows/revolut-business/117-revolut-business-creating-a-price-alert-110839b0-fabf-4268-9ab2-3da4414fd964/001-ad876bef-e21b-41f6-b838-225abe761df5-downloadableSrc-84a154db4e9c.webp
110839b0-fabf-4268-9ab2-3da4414fd964,Creating a price alert,93ad9ceb-a163-41da-ba7a-9f07c737fc2a,Revolut Business,0c4c334c-e3a5-4395-89be-c7666aaafdf5,1,2,6a378f86-7e10-4e01-8117-d450e0e7236e,true,downloadableSrc,200,image/webp,72838,72838,87e358c4b251e54de7497e48cab005cb022138959eac26eabd1ab6a8b66c5138,1179,2676,,,bytescale.mobbin.com,f7a1807c1ac98ccf0eecf5078d61346ac9a94ca37a547f5708d580528c9e55c0,/Users/user/mobbin-sides/screen-flows/revolut-business/117-revolut-business-creating-a-price-alert-110839b0-fabf-4268-9ab2-3da4414fd964/002-6a378f86-7e10-4e01-8117-d450e0e7236e-downloadableSrc-87e358c4b251.webp
110839b0-fabf-4268-9ab2-3da4414fd964,Creating a price alert,93ad9ceb-a163-41da-ba7a-9f07c737fc2a,Revolut Business,0c4c334c-e3a5-4395-89be-c7666aaafdf5,2,3,b197f2fe-08c4-4074-925d-afd08d48e99c,true,downloadableSrc,200,image/webp,78874,78874,79528d07ce4b31faee3c759e76183f5acbe41b3677d05d941e1f45b224258169,1179,2676,,,bytescale.mobbin.com,f7a1807c1ac98ccf0eecf5078d61346ac9a94ca37a547f5708d580528c9e55c0,/Users/user/mobbin-sides/screen-flows/revolut-business/117-revolut-business-creating-a-price-alert-110839b0-fabf-4268-9ab2-3da4414fd964/003-b197f2fe-08c4-4074-925d-afd08d48e99c-downloadableSrc-79528d07ce4b.webp
110839b0-fabf-4268-9ab2-3da4414fd964,Creating a price alert,93ad9ceb-a163-41da-ba7a-9f07c737fc2a,Revolut Business,0c4c334c-e3a5-4395-89be-c7666aaafdf5,3,4,2739fde4-6535-4608-8c93-d6fafcdb1bee,true,downloadableSrc,200,image/webp,40496,40496,0dd9d613198ee3b5ce4058c9c35692055d9f47720b06a141f68306994f2a79ef,1179,2676,,,bytescale.mobbin.com,f7a1807c1ac98ccf0eecf5078d61346ac9a94ca37a547f5708d580528c9e55c0,/Users/user/mobbin-sides/screen-flows/revolut-business/117-revolut-business-creating-a-price-alert-110839b0-fabf-4268-9ab2-3da4414fd964/004-2739fde4-6535-4608-8c93-d6fafcdb1bee-downloadableSrc-0dd9d613198e.webp
110839b0-fabf-4268-9ab2-3da4414fd964,Creating a price alert,93ad9ceb-a163-41da-ba7a-9f07c737fc2a,Revolut Business,0c4c334c-e3a5-4395-89be-c7666aaafdf5,4,5,30ab9f6b-2053-4c49-bde9-b042b05663e0,true,downloadableSrc,200,image/webp,42056,42056,931ebf4da0c04fc60f9bc54bd90e32a7b8c738bc0478a98900424a50d1ecda52,1179,2676,,,bytescale.mobbin.com,f7a1807c1ac98ccf0eecf5078d61346ac9a94ca37a547f5708d580528c9e55c0,/Users/user/mobbin-sides/screen-flows/revolut-business/117-revolut-business-creating-a-price-alert-110839b0-fabf-4268-9ab2-3da4414fd964/005-30ab9f6b-2053-4c49-bde9-b042b05663e0-downloadableSrc-931ebf4da0c0.webp
110839b0-fabf-4268-9ab2-3da4414fd964,Creating a price alert,93ad9ceb-a163-41da-ba7a-9f07c737fc2a,Revolut Business,0c4c334c-e3a5-4395-89be-c7666aaafdf5,5,6,97c74dc8-7526-4e50-9298-32b7035c0bf5,true,downloadableSrc,200,image/webp,34506,34506,a59263a0dc58b11be839a8594ab1e19b2abdb282a61aa76b3a2dcd4724ba16b1,1179,2676,,,bytescale.mobbin.com,f7a1807c1ac98ccf0eecf5078d61346ac9a94ca37a547f5708d580528c9e55c0,/Users/user/mobbin-sides/screen-flows/revolut-business/117-revolut-business-creating-a-price-alert-110839b0-fabf-4268-9ab2-3da4414fd964/006-97c74dc8-7526-4e50-9298-32b7035c0bf5-downloadableSrc-a59263a0dc58.webp
110839b0-fabf-4268-9ab2-3da4414fd964,Creating a price alert,93ad9ceb-a163-41da-ba7a-9f07c737fc2a,Revolut Business,0c4c334c-e3a5-4395-89be-c7666aaafdf5,6,7,ad331299-3b30-4d26-b20d-d5ae5768264a,true,downloadableSrc,200,image/webp,41516,41516,762c9a7fa9619d78b91d07127e4768e7ac4ffbfa0d060a13eb208d53fc932ead,1179,2676,,,bytescale.mobbin.com,f7a1807c1ac98ccf0eecf5078d61346ac9a94ca37a547f5708d580528c9e55c0,/Users/user/mobbin-sides/screen-flows/revolut-business/117-revolut-business-creating-a-price-alert-110839b0-fabf-4268-9ab2-3da4414fd964/007-ad331299-3b30-4d26-b20d-d5ae5768264a-downloadableSrc-762c9a7fa961.webp
2e5ef868-3288-4eb3-b23a-dab78ab156d6,Searching Revolut Business,93ad9ceb-a163-41da-ba7a-9f07c737fc2a,Revolut Business,0c4c334c-e3a5-4395-89be-c7666aaafdf5,0,1,ebcd98d5-f535-45e3-b6ca-663c000a4d23,true,downloadableSrc,200,image/webp,71838,71838,01b66bbc2a361dccedaea295781d9b236791a6f2ab2eaac9dd95613385649798,1179,2676,,,bytescale.mobbin.com,f7a1807c1ac98ccf0eecf5078d61346ac9a94ca37a547f5708d580528c9e55c0,/Users/user/mobbin-sides/screen-flows/revolut-business/118-revolut-business-searching-revolut-business-2e5ef868-3288-4eb3-b23a-dab78ab156d6/001-ebcd98d5-f535-45e3-b6ca-663c000a4d23-downloadableSrc-01b66bbc2a36.webp
2e5ef868-3288-4eb3-b23a-dab78ab156d6,Searching Revolut Business,93ad9ceb-a163-41da-ba7a-9f07c737fc2a,Revolut Business,0c4c334c-e3a5-4395-89be-c7666aaafdf5,1,2,ce566c21-c73e-4334-9f88-34c7de35eb46,true,downloadableSrc,200,image/webp,24306,24306,7283dccf979ad98433ddbff288589d51ec1f5d9e89f715be81202a4045d91d81,1179,2676,,,bytescale.mobbin.com,f7a1807c1ac98ccf0eecf5078d61346ac9a94ca37a547f5708d580528c9e55c0,/Users/user/mobbin-sides/screen-flows/revolut-business/118-revolut-business-searching-revolut-business-2e5ef868-3288-4eb3-b23a-dab78ab156d6/002-ce566c21-c73e-4334-9f88-34c7de35eb46-downloadableSrc-7283dccf979a.webp
2e5ef868-3288-4eb3-b23a-dab78ab156d6,Searching Revolut Business,93ad9ceb-a163-41da-ba7a-9f07c737fc2a,Revolut Business,0c4c334c-e3a5-4395-89be-c7666aaafdf5,2,3,672b2f9f-2bdf-4949-8621-6e93f04d099c,true,downloadableSrc,200,image/webp,29020,29020,9a7d85abc2e48fc90810733dacf113fc4c4c9ab832fe064fa7e2d3a6b489196f,1179,2676,,,bytescale.mobbin.com,f7a1807c1ac98ccf0eecf5078d61346ac9a94ca37a547f5708d580528c9e55c0,/Users/user/mobbin-sides/screen-flows/revolut-business/118-revolut-business-searching-revolut-business-2e5ef868-3288-4eb3-b23a-dab78ab156d6/003-672b2f9f-2bdf-4949-8621-6e93f04d099c-downloadableSrc-9a7d85abc2e4.webp
2e5ef868-3288-4eb3-b23a-dab78ab156d6,Searching Revolut Business,93ad9ceb-a163-41da-ba7a-9f07c737fc2a,Revolut Business,0c4c334c-e3a5-4395-89be-c7666aaafdf5,3,4,341f2bc7-0eef-4162-8858-85a4ad81400f,true,downloadableSrc,200,image/webp,45500,45500,3f0575ea0b0795786ceafddd234cd46b31f2ad4c42c57fc1b04e49a8ae026927,1179,2676,,,bytescale.mobbin.com,f7a1807c1ac98ccf0eecf5078d61346ac9a94ca37a547f5708d580528c9e55c0,/Users/user/mobbin-sides/screen-flows/revolut-business/118-revolut-business-searching-revolut-business-2e5ef868-3288-4eb3-b23a-dab78ab156d6/004-341f2bc7-0eef-4162-8858-85a4ad81400f-downloadableSrc-3f0575ea0b07.webp
2e5ef868-3288-4eb3-b23a-dab78ab156d6,Searching Revolut Business,93ad9ceb-a163-41da-ba7a-9f07c737fc2a,Revolut Business,0c4c334c-e3a5-4395-89be-c7666aaafdf5,4,5,55df754d-a03b-438c-bca6-ee1c47427699,true,downloadableSrc,200,image/webp,58802,58802,bdd58b11068ff2eddcddcaedb1cdc4485002c1c18ed031be6dfb7fe3810b3681,1179,2676,,,bytescale.mobbin.com,f7a1807c1ac98ccf0eecf5078d61346ac9a94ca37a547f5708d580528c9e55c0,/Users/user/mobbin-sides/screen-flows/revolut-business/118-revolut-business-searching-revolut-business-2e5ef868-3288-4eb3-b23a-dab78ab156d6/005-55df754d-a03b-438c-bca6-ee1c47427699-downloadableSrc-bdd58b11068f.webp
088e745e-49d4-4c1e-8e71-b98fc2107d48,Menu,93ad9ceb-a163-41da-ba7a-9f07c737fc2a,Revolut Business,0c4c334c-e3a5-4395-89be-c7666aaafdf5,0,1,ebcd98d5-f535-45e3-b6ca-663c000a4d23,true,downloadableSrc,200,image/webp,71838,71838,01b66bbc2a361dccedaea295781d9b236791a6f2ab2eaac9dd95613385649798,1179,2676,,,bytescale.mobbin.com,f7a1807c1ac98ccf0eecf5078d61346ac9a94ca37a547f5708d580528c9e55c0,/Users/user/mobbin-sides/screen-flows/revolut-business/119-revolut-business-menu-088e745e-49d4-4c1e-8e71-b98fc2107d48/001-ebcd98d5-f535-45e3-b6ca-663c000a4d23-downloadableSrc-01b66bbc2a36.webp
088e745e-49d4-4c1e-8e71-b98fc2107d48,Menu,93ad9ceb-a163-41da-ba7a-9f07c737fc2a,Revolut Business,0c4c334c-e3a5-4395-89be-c7666aaafdf5,1,2,de6126c4-d353-4104-afa3-6ac3ce90d704,true,downloadableSrc,200,image/webp,68402,68402,b11ffb398cd0bd8659c558f78431c62eed0f1346779e2c9455482e3eb86b0156,1180,2676,,,bytescale.mobbin.com,f7a1807c1ac98ccf0eecf5078d61346ac9a94ca37a547f5708d580528c9e55c0,/Users/user/mobbin-sides/screen-flows/revolut-business/119-revolut-business-menu-088e745e-49d4-4c1e-8e71-b98fc2107d48/002-de6126c4-d353-4104-afa3-6ac3ce90d704-downloadableSrc-b11ffb398cd0.webp
088e745e-49d4-4c1e-8e71-b98fc2107d48,Menu,93ad9ceb-a163-41da-ba7a-9f07c737fc2a,Revolut Business,0c4c334c-e3a5-4395-89be-c7666aaafdf5,2,3,65af586f-17cf-4b02-b9a9-cfed3491affc,true,downloadableSrc,200,image/webp,77052,77052,76393672bbe82a4c12e41f2506d04c1e806985613a6f9ffb29f36b54c37f5e32,1179,2676,,,bytescale.mobbin.com,f7a1807c1ac98ccf0eecf5078d61346ac9a94ca37a547f5708d580528c9e55c0,/Users/user/mobbin-sides/screen-flows/revolut-business/119-revolut-business-menu-088e745e-49d4-4c1e-8e71-b98fc2107d48/003-65af586f-17cf-4b02-b9a9-cfed3491affc-downloadableSrc-76393672bbe8.webp
088e745e-49d4-4c1e-8e71-b98fc2107d48,Menu,93ad9ceb-a163-41da-ba7a-9f07c737fc2a,Revolut Business,0c4c334c-e3a5-4395-89be-c7666aaafdf5,3,4,306687c3-03e3-4ed3-9ab7-fc9c179b4705,true,downloadableSrc,200,image/webp,59238,59238,922aa54d150c0af8c3fad912e92c1fd9dedb7b9329fdad883a08db90b65d5477,1179,2676,,,bytescale.mobbin.com,f7a1807c1ac98ccf0eecf5078d61346ac9a94ca37a547f5708d580528c9e55c0,/Users/user/mobbin-sides/screen-flows/revolut-business/119-revolut-business-menu-088e745e-49d4-4c1e-8e71-b98fc2107d48/004-306687c3-03e3-4ed3-9ab7-fc9c179b4705-downloadableSrc-922aa54d150c.webp
088e745e-49d4-4c1e-8e71-b98fc2107d48,Menu,93ad9ceb-a163-41da-ba7a-9f07c737fc2a,Revolut Business,0c4c334c-e3a5-4395-89be-c7666aaafdf5,4,5,c0aa616c-79db-4b5d-82bc-b80f8f1e5f3c,true,downloadableSrc,200,image/webp,54032,54032,8b419e0036a6a1edc94c7855b16ff8d6dc6e005d5b4e3b48e8c5823971fef719,1179,2676,,,bytescale.mobbin.com,f7a1807c1ac98ccf0eecf5078d61346ac9a94ca37a547f5708d580528c9e55c0,/Users/user/mobbin-sides/screen-flows/revolut-business/119-revolut-business-menu-088e745e-49d4-4c1e-8e71-b98fc2107d48/005-c0aa616c-79db-4b5d-82bc-b80f8f1e5f3c-downloadableSrc-8b419e0036a6.webp
9104bbd4-c2f8-4fbd-964a-63befe21a319,Uploading a profile picture,93ad9ceb-a163-41da-ba7a-9f07c737fc2a,Revolut Business,0c4c334c-e3a5-4395-89be-c7666aaafdf5,0,1,de6126c4-d353-4104-afa3-6ac3ce90d704,true,downloadableSrc,200,image/webp,68402,68402,b11ffb398cd0bd8659c558f78431c62eed0f1346779e2c9455482e3eb86b0156,1180,2676,,,bytescale.mobbin.com,f7a1807c1ac98ccf0eecf5078d61346ac9a94ca37a547f5708d580528c9e55c0,/Users/user/mobbin-sides/screen-flows/revolut-business/120-revolut-business-uploading-a-profile-picture-9104bbd4-c2f8-4fbd-964a-63befe21a319/001-de6126c4-d353-4104-afa3-6ac3ce90d704-downloadableSrc-b11ffb398cd0.webp
9104bbd4-c2f8-4fbd-964a-63befe21a319,Uploading a profile picture,93ad9ceb-a163-41da-ba7a-9f07c737fc2a,Revolut Business,0c4c334c-e3a5-4395-89be-c7666aaafdf5,1,2,d0348d97-2829-4b1c-841b-1608fa4b0e33,true,downloadableSrc,200,image/webp,37490,37490,fcab4b301674ac86d07d51296908bff4dd6f6d549762569b3bec47ac3f78c706,1179,2676,,,bytescale.mobbin.com,f7a1807c1ac98ccf0eecf5078d61346ac9a94ca37a547f5708d580528c9e55c0,/Users/user/mobbin-sides/screen-flows/revolut-business/120-revolut-business-uploading-a-profile-picture-9104bbd4-c2f8-4fbd-964a-63befe21a319/002-d0348d97-2829-4b1c-841b-1608fa4b0e33-downloadableSrc-fcab4b301674.webp
9104bbd4-c2f8-4fbd-964a-63befe21a319,Uploading a profile picture,93ad9ceb-a163-41da-ba7a-9f07c737fc2a,Revolut Business,0c4c334c-e3a5-4395-89be-c7666aaafdf5,2,3,49514a07-925a-4d66-ab45-a1a1a46a9924,true,downloadableSrc,200,image/webp,37978,37978,5cee73ddfd283cda78abb0aef960e40a8505a21dd2f17a5dd1c6debdfa8eeb77,1179,2676,,,bytescale.mobbin.com,f7a1807c1ac98ccf0eecf5078d61346ac9a94ca37a547f5708d580528c9e55c0,/Users/user/mobbin-sides/screen-flows/revolut-business/120-revolut-business-uploading-a-profile-picture-9104bbd4-c2f8-4fbd-964a-63befe21a319/003-49514a07-925a-4d66-ab45-a1a1a46a9924-downloadableSrc-5cee73ddfd28.webp
9104bbd4-c2f8-4fbd-964a-63befe21a319,Uploading a profile picture,93ad9ceb-a163-41da-ba7a-9f07c737fc2a,Revolut Business,0c4c334c-e3a5-4395-89be-c7666aaafdf5,3,4,65af586f-17cf-4b02-b9a9-cfed3491affc,true,downloadableSrc,200,image/webp,77052,77052,76393672bbe82a4c12e41f2506d04c1e806985613a6f9ffb29f36b54c37f5e32,1179,2676,,,bytescale.mobbin.com,f7a1807c1ac98ccf0eecf5078d61346ac9a94ca37a547f5708d580528c9e55c0,/Users/user/mobbin-sides/screen-flows/revolut-business/120-revolut-business-uploading-a-profile-picture-9104bbd4-c2f8-4fbd-964a-63befe21a319/004-65af586f-17cf-4b02-b9a9-cfed3491affc-downloadableSrc-76393672bbe8.webp
62d528bc-fb98-4fec-92ae-6cb0dc71071c,Add an account,93ad9ceb-a163-41da-ba7a-9f07c737fc2a,Revolut Business,0c4c334c-e3a5-4395-89be-c7666aaafdf5,0,1,de6126c4-d353-4104-afa3-6ac3ce90d704,true,downloadableSrc,200,image/webp,68402,68402,b11ffb398cd0bd8659c558f78431c62eed0f1346779e2c9455482e3eb86b0156,1180,2676,,,bytescale.mobbin.com,f7a1807c1ac98ccf0eecf5078d61346ac9a94ca37a547f5708d580528c9e55c0,/Users/user/mobbin-sides/screen-flows/revolut-business/121-revolut-business-add-an-account-62d528bc-fb98-4fec-92ae-6cb0dc71071c/001-de6126c4-d353-4104-afa3-6ac3ce90d704-downloadableSrc-b11ffb398cd0.webp
62d528bc-fb98-4fec-92ae-6cb0dc71071c,Add an account,93ad9ceb-a163-41da-ba7a-9f07c737fc2a,Revolut Business,0c4c334c-e3a5-4395-89be-c7666aaafdf5,1,2,2c383b84-4acd-45c8-a96e-fab0d810c1e4,true,downloadableSrc,200,image/webp,42268,42268,f245acaea3d8378212e1afd288375ae42e15125b6ba131f7285c7e5becffa0b6,1179,2676,,,bytescale.mobbin.com,f7a1807c1ac98ccf0eecf5078d61346ac9a94ca37a547f5708d580528c9e55c0,/Users/user/mobbin-sides/screen-flows/revolut-business/121-revolut-business-add-an-account-62d528bc-fb98-4fec-92ae-6cb0dc71071c/002-2c383b84-4acd-45c8-a96e-fab0d810c1e4-downloadableSrc-f245acaea3d8.webp
62d528bc-fb98-4fec-92ae-6cb0dc71071c,Add an account,93ad9ceb-a163-41da-ba7a-9f07c737fc2a,Revolut Business,0c4c334c-e3a5-4395-89be-c7666aaafdf5,2,3,0ea74992-108d-4329-8130-da96ba9e06e1,true,downloadableSrc,200,image/webp,37382,37382,f6f60cdcf5ef9dfad010ba33d5876eadceb19b580624bf068593a1d39b374a12,1179,2676,,,bytescale.mobbin.com,f7a1807c1ac98ccf0eecf5078d61346ac9a94ca37a547f5708d580528c9e55c0,/Users/user/mobbin-sides/screen-flows/revolut-business/121-revolut-business-add-an-account-62d528bc-fb98-4fec-92ae-6cb0dc71071c/003-0ea74992-108d-4329-8130-da96ba9e06e1-downloadableSrc-f6f60cdcf5ef.webp
031edeb6-1f1a-46a0-bbdc-4d524d610768,Submit a request for a discussion,93ad9ceb-a163-41da-ba7a-9f07c737fc2a,Revolut Business,0c4c334c-e3a5-4395-89be-c7666aaafdf5,0,1,de6126c4-d353-4104-afa3-6ac3ce90d704,true,downloadableSrc,200,image/webp,68402,68402,b11ffb398cd0bd8659c558f78431c62eed0f1346779e2c9455482e3eb86b0156,1180,2676,,,bytescale.mobbin.com,f7a1807c1ac98ccf0eecf5078d61346ac9a94ca37a547f5708d580528c9e55c0,/Users/user/mobbin-sides/screen-flows/revolut-business/122-revolut-business-submit-a-request-for-a-discussion-031edeb6-1f1a-46a0-bbdc-4d524d610768/001-de6126c4-d353-4104-afa3-6ac3ce90d704-downloadableSrc-b11ffb398cd0.webp
031edeb6-1f1a-46a0-bbdc-4d524d610768,Submit a request for a discussion,93ad9ceb-a163-41da-ba7a-9f07c737fc2a,Revolut Business,0c4c334c-e3a5-4395-89be-c7666aaafdf5,1,2,900fb369-24a6-48ae-8354-a755dd7cc1b8,true,downloadableSrc,200,image/webp,75676,75676,787043996cb0b321cc521cfdb141ea81057475a1a51573fa7b994a38423dfd46,1179,2676,,,bytescale.mobbin.com,f7a1807c1ac98ccf0eecf5078d61346ac9a94ca37a547f5708d580528c9e55c0,/Users/user/mobbin-sides/screen-flows/revolut-business/122-revolut-business-submit-a-request-for-a-discussion-031edeb6-1f1a-46a0-bbdc-4d524d610768/002-900fb369-24a6-48ae-8354-a755dd7cc1b8-downloadableSrc-787043996cb0.webp
031edeb6-1f1a-46a0-bbdc-4d524d610768,Submit a request for a discussion,93ad9ceb-a163-41da-ba7a-9f07c737fc2a,Revolut Business,0c4c334c-e3a5-4395-89be-c7666aaafdf5,2,3,d5be0f76-7226-43fd-9126-7df6f7c35c0e,true,downloadableSrc,200,image/webp,102212,102212,f75c93ce47d2617e4f2a21a491f3ccb5158f926b1dfd5a8c3add312dca129e90,1179,2676,,,bytescale.mobbin.com,f7a1807c1ac98ccf0eecf5078d61346ac9a94ca37a547f5708d580528c9e55c0,/Users/user/mobbin-sides/screen-flows/revolut-business/122-revolut-business-submit-a-request-for-a-discussion-031edeb6-1f1a-46a0-bbdc-4d524d610768/003-d5be0f76-7226-43fd-9126-7df6f7c35c0e-downloadableSrc-f75c93ce47d2.webp
031edeb6-1f1a-46a0-bbdc-4d524d610768,Submit a request for a discussion,93ad9ceb-a163-41da-ba7a-9f07c737fc2a,Revolut Business,0c4c334c-e3a5-4395-89be-c7666aaafdf5,3,4,9e2eb311-1b75-4fd2-a8df-6482fef8f974,true,downloadableSrc,200,image/webp,63288,63288,f8de940d8cb764290761f5d4dd6b673b7449a1649750374bea0398c3dba7d1d5,1179,2676,,,bytescale.mobbin.com,f7a1807c1ac98ccf0eecf5078d61346ac9a94ca37a547f5708d580528c9e55c0,/Users/user/mobbin-sides/screen-flows/revolut-business/122-revolut-business-submit-a-request-for-a-discussion-031edeb6-1f1a-46a0-bbdc-4d524d610768/004-9e2eb311-1b75-4fd2-a8df-6482fef8f974-downloadableSrc-f8de940d8cb7.webp
8856f2ae-260b-40f7-9497-edc10509678f,Expenses,93ad9ceb-a163-41da-ba7a-9f07c737fc2a,Revolut Business,0c4c334c-e3a5-4395-89be-c7666aaafdf5,0,1,65af586f-17cf-4b02-b9a9-cfed3491affc,true,downloadableSrc,200,image/webp,77052,77052,76393672bbe82a4c12e41f2506d04c1e806985613a6f9ffb29f36b54c37f5e32,1179,2676,,,bytescale.mobbin.com,f7a1807c1ac98ccf0eecf5078d61346ac9a94ca37a547f5708d580528c9e55c0,/Users/user/mobbin-sides/screen-flows/revolut-business/123-revolut-business-expenses-8856f2ae-260b-40f7-9497-edc10509678f/001-65af586f-17cf-4b02-b9a9-cfed3491affc-downloadableSrc-76393672bbe8.webp
8856f2ae-260b-40f7-9497-edc10509678f,Expenses,93ad9ceb-a163-41da-ba7a-9f07c737fc2a,Revolut Business,0c4c334c-e3a5-4395-89be-c7666aaafdf5,1,2,9eab6abb-3e1e-4595-8310-b8ca452bdb98,true,downloadableSrc,200,image/webp,78590,78590,30561b2e5b2b93f6b936380833c0db3fe559756daff3256b88d294a0c784623c,1179,2676,,,bytescale.mobbin.com,f7a1807c1ac98ccf0eecf5078d61346ac9a94ca37a547f5708d580528c9e55c0,/Users/user/mobbin-sides/screen-flows/revolut-business/123-revolut-business-expenses-8856f2ae-260b-40f7-9497-edc10509678f/002-9eab6abb-3e1e-4595-8310-b8ca452bdb98-downloadableSrc-30561b2e5b2b.webp
a83fd7b3-a98e-49e8-a6e6-a87ed48e5645,Submitting a request for a reimbursement,93ad9ceb-a163-41da-ba7a-9f07c737fc2a,Revolut Business,0c4c334c-e3a5-4395-89be-c7666aaafdf5,0,1,9eab6abb-3e1e-4595-8310-b8ca452bdb98,true,downloadableSrc,200,image/webp,78590,78590,30561b2e5b2b93f6b936380833c0db3fe559756daff3256b88d294a0c784623c,1179,2676,,,bytescale.mobbin.com,f7a1807c1ac98ccf0eecf5078d61346ac9a94ca37a547f5708d580528c9e55c0,/Users/user/mobbin-sides/screen-flows/revolut-business/124-revolut-business-submitting-a-request-for-a-reimbursement-a83fd7b3-a98e-49e8-a6e6-a87ed48e5645/001-9eab6abb-3e1e-4595-8310-b8ca452bdb98-downloadableSrc-30561b2e5b2b.webp
a83fd7b3-a98e-49e8-a6e6-a87ed48e5645,Submitting a request for a reimbursement,93ad9ceb-a163-41da-ba7a-9f07c737fc2a,Revolut Business,0c4c334c-e3a5-4395-89be-c7666aaafdf5,1,2,8ea42cec-e3a3-48fe-b7d6-4108e1bb17b2,true,downloadableSrc,200,image/webp,38640,38640,b9e8f30b6095eef03c1c392004d828b4de75550b4654768bbc2ad2a1202f76d4,1179,2676,,,bytescale.mobbin.com,f7a1807c1ac98ccf0eecf5078d61346ac9a94ca37a547f5708d580528c9e55c0,/Users/user/mobbin-sides/screen-flows/revolut-business/124-revolut-business-submitting-a-request-for-a-reimbursement-a83fd7b3-a98e-49e8-a6e6-a87ed48e5645/002-8ea42cec-e3a3-48fe-b7d6-4108e1bb17b2-downloadableSrc-b9e8f30b6095.webp
a83fd7b3-a98e-49e8-a6e6-a87ed48e5645,Submitting a request for a reimbursement,93ad9ceb-a163-41da-ba7a-9f07c737fc2a,Revolut Business,0c4c334c-e3a5-4395-89be-c7666aaafdf5,2,3,0535430d-d0d6-422a-a01e-2e82cff93139,true,downloadableSrc,200,image/webp,48340,48340,12814a993fca56f522e4c8b449d5f1a431676274706708b5239b97ffe7c2a112,1179,2676,,,bytescale.mobbin.com,f7a1807c1ac98ccf0eecf5078d61346ac9a94ca37a547f5708d580528c9e55c0,/Users/user/mobbin-sides/screen-flows/revolut-business/124-revolut-business-submitting-a-request-for-a-reimbursement-a83fd7b3-a98e-49e8-a6e6-a87ed48e5645/003-0535430d-d0d6-422a-a01e-2e82cff93139-downloadableSrc-12814a993fca.webp
a83fd7b3-a98e-49e8-a6e6-a87ed48e5645,Submitting a request for a reimbursement,93ad9ceb-a163-41da-ba7a-9f07c737fc2a,Revolut Business,0c4c334c-e3a5-4395-89be-c7666aaafdf5,3,4,964f96a1-b59a-4f31-ab4e-13feec116de7,true,downloadableSrc,200,image/webp,36884,36884,90745ec9fbbb4d26e170ea031be90b33027b9390166a2f37e6adf5ee6dee6dc7,1179,2676,,,bytescale.mobbin.com,f7a1807c1ac98ccf0eecf5078d61346ac9a94ca37a547f5708d580528c9e55c0,/Users/user/mobbin-sides/screen-flows/revolut-business/124-revolut-business-submitting-a-request-for-a-reimbursement-a83fd7b3-a98e-49e8-a6e6-a87ed48e5645/004-964f96a1-b59a-4f31-ab4e-13feec116de7-downloadableSrc-90745ec9fbbb.webp
a83fd7b3-a98e-49e8-a6e6-a87ed48e5645,Submitting a request for a reimbursement,93ad9ceb-a163-41da-ba7a-9f07c737fc2a,Revolut Business,0c4c334c-e3a5-4395-89be-c7666aaafdf5,4,5,ce895764-62b5-44b6-874a-65b656968f2e,true,downloadableSrc,200,image/webp,50562,50562,522de96fb434e887188d29567e0c5b63ec4910139bce356e935e9d5e4d4c039d,1179,2676,,,bytescale.mobbin.com,f7a1807c1ac98ccf0eecf5078d61346ac9a94ca37a547f5708d580528c9e55c0,/Users/user/mobbin-sides/screen-flows/revolut-business/124-revolut-business-submitting-a-request-for-a-reimbursement-a83fd7b3-a98e-49e8-a6e6-a87ed48e5645/005-ce895764-62b5-44b6-874a-65b656968f2e-downloadableSrc-522de96fb434.webp
a83fd7b3-a98e-49e8-a6e6-a87ed48e5645,Submitting a request for a reimbursement,93ad9ceb-a163-41da-ba7a-9f07c737fc2a,Revolut Business,0c4c334c-e3a5-4395-89be-c7666aaafdf5,5,6,d89ef517-276c-42bd-aec2-c9f9c8e81914,true,downloadableSrc,200,image/webp,53358,53358,1cbdd9ef9b02b59f7efc435d59058944c6a19b34fabcdb1b75388b8136402b36,1179,2676,,,bytescale.mobbin.com,f7a1807c1ac98ccf0eecf5078d61346ac9a94ca37a547f5708d580528c9e55c0,/Users/user/mobbin-sides/screen-flows/revolut-business/124-revolut-business-submitting-a-request-for-a-reimbursement-a83fd7b3-a98e-49e8-a6e6-a87ed48e5645/006-d89ef517-276c-42bd-aec2-c9f9c8e81914-downloadableSrc-1cbdd9ef9b02.webp
a83fd7b3-a98e-49e8-a6e6-a87ed48e5645,Submitting a request for a reimbursement,93ad9ceb-a163-41da-ba7a-9f07c737fc2a,Revolut Business,0c4c334c-e3a5-4395-89be-c7666aaafdf5,6,7,1d887e23-7456-4cb9-ba4f-48a56da9ff09,true,downloadableSrc,200,image/webp,62532,62532,302958bb7333a6f19d2ed8f61a22d4b2d6b8e75d2add518cb3171c60cf994bdc,1179,2676,,,bytescale.mobbin.com,f7a1807c1ac98ccf0eecf5078d61346ac9a94ca37a547f5708d580528c9e55c0,/Users/user/mobbin-sides/screen-flows/revolut-business/124-revolut-business-submitting-a-request-for-a-reimbursement-a83fd7b3-a98e-49e8-a6e6-a87ed48e5645/007-1d887e23-7456-4cb9-ba4f-48a56da9ff09-downloadableSrc-302958bb7333.webp
a83fd7b3-a98e-49e8-a6e6-a87ed48e5645,Submitting a request for a reimbursement,93ad9ceb-a163-41da-ba7a-9f07c737fc2a,Revolut Business,0c4c334c-e3a5-4395-89be-c7666aaafdf5,7,8,3ff74d86-7a50-4d55-a61a-3d3a18fc2300,true,downloadableSrc,200,image/webp,69870,69870,a2850af705145ca986b86f6fc43158c60f905c03eaefa3f05d24452c6d38c2f1,1179,2676,,,bytescale.mobbin.com,f7a1807c1ac98ccf0eecf5078d61346ac9a94ca37a547f5708d580528c9e55c0,/Users/user/mobbin-sides/screen-flows/revolut-business/124-revolut-business-submitting-a-request-for-a-reimbursement-a83fd7b3-a98e-49e8-a6e6-a87ed48e5645/008-3ff74d86-7a50-4d55-a61a-3d3a18fc2300-downloadableSrc-a2850af70514.webp
e1ad03ce-7575-4fe7-ac7f-66a26b798627,Editing reimbursement detail,93ad9ceb-a163-41da-ba7a-9f07c737fc2a,Revolut Business,0c4c334c-e3a5-4395-89be-c7666aaafdf5,0,1,ce895764-62b5-44b6-874a-65b656968f2e,true,downloadableSrc,200,image/webp,50562,50562,522de96fb434e887188d29567e0c5b63ec4910139bce356e935e9d5e4d4c039d,1179,2676,,,bytescale.mobbin.com,f7a1807c1ac98ccf0eecf5078d61346ac9a94ca37a547f5708d580528c9e55c0,/Users/user/mobbin-sides/screen-flows/revolut-business/125-revolut-business-editing-reimbursement-detail-e1ad03ce-7575-4fe7-ac7f-66a26b798627/001-ce895764-62b5-44b6-874a-65b656968f2e-downloadableSrc-522de96fb434.webp
e1ad03ce-7575-4fe7-ac7f-66a26b798627,Editing reimbursement detail,93ad9ceb-a163-41da-ba7a-9f07c737fc2a,Revolut Business,0c4c334c-e3a5-4395-89be-c7666aaafdf5,1,2,64e43d07-ff93-4400-aeac-a727481fbe2f,true,downloadableSrc,200,image/webp,58000,58000,d7750cd231678c4a459178ed85517914186e7597a625f7354b41ae181b6c1be7,1179,2676,,,bytescale.mobbin.com,f7a1807c1ac98ccf0eecf5078d61346ac9a94ca37a547f5708d580528c9e55c0,/Users/user/mobbin-sides/screen-flows/revolut-business/125-revolut-business-editing-reimbursement-detail-e1ad03ce-7575-4fe7-ac7f-66a26b798627/002-64e43d07-ff93-4400-aeac-a727481fbe2f-downloadableSrc-d7750cd23167.webp
e1ad03ce-7575-4fe7-ac7f-66a26b798627,Editing reimbursement detail,93ad9ceb-a163-41da-ba7a-9f07c737fc2a,Revolut Business,0c4c334c-e3a5-4395-89be-c7666aaafdf5,2,3,84525c69-7137-405f-8c6a-a26dc277617b,true,downloadableSrc,200,image/webp,44296,44296,0c6ed907a458d1d17c23c247fa2f3565b2917859159dff31beff914f0df6643b,1179,2676,,,bytescale.mobbin.com,f7a1807c1ac98ccf0eecf5078d61346ac9a94ca37a547f5708d580528c9e55c0,/Users/user/mobbin-sides/screen-flows/revolut-business/125-revolut-business-editing-reimbursement-detail-e1ad03ce-7575-4fe7-ac7f-66a26b798627/003-84525c69-7137-405f-8c6a-a26dc277617b-downloadableSrc-0c6ed907a458.webp
e1ad03ce-7575-4fe7-ac7f-66a26b798627,Editing reimbursement detail,93ad9ceb-a163-41da-ba7a-9f07c737fc2a,Revolut Business,0c4c334c-e3a5-4395-89be-c7666aaafdf5,3,4,f41174fd-36d0-4720-aafc-d711b24f131b,true,downloadableSrc,200,image/webp,29530,29530,c61df1ef76da8c233ab2683afca763f1ef1d8d735043029571fff38fe7fd31a0,1179,2676,,,bytescale.mobbin.com,f7a1807c1ac98ccf0eecf5078d61346ac9a94ca37a547f5708d580528c9e55c0,/Users/user/mobbin-sides/screen-flows/revolut-business/125-revolut-business-editing-reimbursement-detail-e1ad03ce-7575-4fe7-ac7f-66a26b798627/004-f41174fd-36d0-4720-aafc-d711b24f131b-downloadableSrc-c61df1ef76da.webp
e1ad03ce-7575-4fe7-ac7f-66a26b798627,Editing reimbursement detail,93ad9ceb-a163-41da-ba7a-9f07c737fc2a,Revolut Business,0c4c334c-e3a5-4395-89be-c7666aaafdf5,4,5,22898952-d0e4-435c-aa0b-8027028312ea,true,downloadableSrc,200,image/webp,59086,59086,ca8c3906f0d5f25dec12b1912eb7ac8ea51f3e9ebfc678d202985939383fc8fe,1179,2676,,,bytescale.mobbin.com,f7a1807c1ac98ccf0eecf5078d61346ac9a94ca37a547f5708d580528c9e55c0,/Users/user/mobbin-sides/screen-flows/revolut-business/125-revolut-business-editing-reimbursement-detail-e1ad03ce-7575-4fe7-ac7f-66a26b798627/005-22898952-d0e4-435c-aa0b-8027028312ea-downloadableSrc-ca8c3906f0d5.webp
e1ad03ce-7575-4fe7-ac7f-66a26b798627,Editing reimbursement detail,93ad9ceb-a163-41da-ba7a-9f07c737fc2a,Revolut Business,0c4c334c-e3a5-4395-89be-c7666aaafdf5,5,6,59678cc1-5899-4f01-8c5a-c6b9b3061946,true,downloadableSrc,200,image/webp,60452,60452,272fb7d3b57b4578f9bfe5081593dfc368c424330e8d38c9744362a738390d1a,1179,2676,,,bytescale.mobbin.com,f7a1807c1ac98ccf0eecf5078d61346ac9a94ca37a547f5708d580528c9e55c0,/Users/user/mobbin-sides/screen-flows/revolut-business/125-revolut-business-editing-reimbursement-detail-e1ad03ce-7575-4fe7-ac7f-66a26b798627/006-59678cc1-5899-4f01-8c5a-c6b9b3061946-downloadableSrc-272fb7d3b57b.webp
e034aaf0-c43c-48b5-8a02-f224962c5077,Adding a bank detail,93ad9ceb-a163-41da-ba7a-9f07c737fc2a,Revolut Business,0c4c334c-e3a5-4395-89be-c7666aaafdf5,0,1,59678cc1-5899-4f01-8c5a-c6b9b3061946,true,downloadableSrc,200,image/webp,60452,60452,272fb7d3b57b4578f9bfe5081593dfc368c424330e8d38c9744362a738390d1a,1179,2676,,,bytescale.mobbin.com,f7a1807c1ac98ccf0eecf5078d61346ac9a94ca37a547f5708d580528c9e55c0,/Users/user/mobbin-sides/screen-flows/revolut-business/126-revolut-business-adding-a-bank-detail-e034aaf0-c43c-48b5-8a02-f224962c5077/001-59678cc1-5899-4f01-8c5a-c6b9b3061946-downloadableSrc-272fb7d3b57b.webp
e034aaf0-c43c-48b5-8a02-f224962c5077,Adding a bank detail,93ad9ceb-a163-41da-ba7a-9f07c737fc2a,Revolut Business,0c4c334c-e3a5-4395-89be-c7666aaafdf5,1,2,21bef5ea-92c9-4f77-b4be-0a6fd59d7cae,true,downloadableSrc,200,image/webp,62860,62860,7c777ac2e63618846784593fde748b1825cc0efde1cc1be41d536db877377985,1179,2676,,,bytescale.mobbin.com,f7a1807c1ac98ccf0eecf5078d61346ac9a94ca37a547f5708d580528c9e55c0,/Users/user/mobbin-sides/screen-flows/revolut-business/126-revolut-business-adding-a-bank-detail-e034aaf0-c43c-48b5-8a02-f224962c5077/002-21bef5ea-92c9-4f77-b4be-0a6fd59d7cae-downloadableSrc-7c777ac2e636.webp
e034aaf0-c43c-48b5-8a02-f224962c5077,Adding a bank detail,93ad9ceb-a163-41da-ba7a-9f07c737fc2a,Revolut Business,0c4c334c-e3a5-4395-89be-c7666aaafdf5,2,3,b11ee107-3041-4288-8d01-44ac842e8676,true,downloadableSrc,200,image/webp,47312,47312,6dd23f4c3e2cf3867b145aac14ec738503bfd2ce2228191bfd58896d8d04885a,1179,2676,,,bytescale.mobbin.com,f7a1807c1ac98ccf0eecf5078d61346ac9a94ca37a547f5708d580528c9e55c0,/Users/user/mobbin-sides/screen-flows/revolut-business/126-revolut-business-adding-a-bank-detail-e034aaf0-c43c-48b5-8a02-f224962c5077/003-b11ee107-3041-4288-8d01-44ac842e8676-downloadableSrc-6dd23f4c3e2c.webp
e034aaf0-c43c-48b5-8a02-f224962c5077,Adding a bank detail,93ad9ceb-a163-41da-ba7a-9f07c737fc2a,Revolut Business,0c4c334c-e3a5-4395-89be-c7666aaafdf5,3,4,e098b41b-5746-4367-8a45-fa14a3fdb186,true,downloadableSrc,200,image/webp,57188,57188,4fb3197522c97df777fa63ca53440ccbe741b2c613d8f03156f8e636351365d8,1179,2676,,,bytescale.mobbin.com,f7a1807c1ac98ccf0eecf5078d61346ac9a94ca37a547f5708d580528c9e55c0,/Users/user/mobbin-sides/screen-flows/revolut-business/126-revolut-business-adding-a-bank-detail-e034aaf0-c43c-48b5-8a02-f224962c5077/004-e098b41b-5746-4367-8a45-fa14a3fdb186-downloadableSrc-4fb3197522c9.webp
e034aaf0-c43c-48b5-8a02-f224962c5077,Adding a bank detail,93ad9ceb-a163-41da-ba7a-9f07c737fc2a,Revolut Business,0c4c334c-e3a5-4395-89be-c7666aaafdf5,4,5,a46a602e-547d-4208-9de0-56773274b8c8,true,downloadableSrc,200,image/webp,57946,57946,722f669f29150b86bbfbb38fc49d7a0260cb9901ee7c79a9d63563af898b8542,1179,2676,,,bytescale.mobbin.com,f7a1807c1ac98ccf0eecf5078d61346ac9a94ca37a547f5708d580528c9e55c0,/Users/user/mobbin-sides/screen-flows/revolut-business/126-revolut-business-adding-a-bank-detail-e034aaf0-c43c-48b5-8a02-f224962c5077/005-a46a602e-547d-4208-9de0-56773274b8c8-downloadableSrc-722f669f2915.webp
160c93e0-905d-4bcf-9b51-100075cf2244,Claiming mileage,93ad9ceb-a163-41da-ba7a-9f07c737fc2a,Revolut Business,0c4c334c-e3a5-4395-89be-c7666aaafdf5,0,1,8ea42cec-e3a3-48fe-b7d6-4108e1bb17b2,true,downloadableSrc,200,image/webp,38640,38640,b9e8f30b6095eef03c1c392004d828b4de75550b4654768bbc2ad2a1202f76d4,1179,2676,,,bytescale.mobbin.com,f7a1807c1ac98ccf0eecf5078d61346ac9a94ca37a547f5708d580528c9e55c0,/Users/user/mobbin-sides/screen-flows/revolut-business/127-revolut-business-claiming-mileage-160c93e0-905d-4bcf-9b51-100075cf2244/001-8ea42cec-e3a3-48fe-b7d6-4108e1bb17b2-downloadableSrc-b9e8f30b6095.webp
160c93e0-905d-4bcf-9b51-100075cf2244,Claiming mileage,93ad9ceb-a163-41da-ba7a-9f07c737fc2a,Revolut Business,0c4c334c-e3a5-4395-89be-c7666aaafdf5,1,2,5e89d227-fd4a-4bf3-ad02-e8bb9376a691,true,downloadableSrc,200,image/webp,32222,32222,954bd7edc4e8b4a41f96989afa7efde3e42c12b96c52783dafc7718cc80f3f42,1179,2676,,,bytescale.mobbin.com,f7a1807c1ac98ccf0eecf5078d61346ac9a94ca37a547f5708d580528c9e55c0,/Users/user/mobbin-sides/screen-flows/revolut-business/127-revolut-business-claiming-mileage-160c93e0-905d-4bcf-9b51-100075cf2244/002-5e89d227-fd4a-4bf3-ad02-e8bb9376a691-downloadableSrc-954bd7edc4e8.webp
160c93e0-905d-4bcf-9b51-100075cf2244,Claiming mileage,93ad9ceb-a163-41da-ba7a-9f07c737fc2a,Revolut Business,0c4c334c-e3a5-4395-89be-c7666aaafdf5,2,3,915349d6-e813-4141-9f47-41b66bc4f87d,true,downloadableSrc,200,image/webp,49116,49116,e04eb36542140f87c65668c92fde69d24abcd60fd30d24463c44f714b88791ba,1179,2676,,,bytescale.mobbin.com,f7a1807c1ac98ccf0eecf5078d61346ac9a94ca37a547f5708d580528c9e55c0,/Users/user/mobbin-sides/screen-flows/revolut-business/127-revolut-business-claiming-mileage-160c93e0-905d-4bcf-9b51-100075cf2244/003-915349d6-e813-4141-9f47-41b66bc4f87d-downloadableSrc-e04eb3654214.webp
160c93e0-905d-4bcf-9b51-100075cf2244,Claiming mileage,93ad9ceb-a163-41da-ba7a-9f07c737fc2a,Revolut Business,0c4c334c-e3a5-4395-89be-c7666aaafdf5,3,4,f14f9ff1-df17-4ef8-a9ac-4364b7718d44,true,downloadableSrc,200,image/webp,40058,40058,5d449ceee4d722bd977d6c41f38261fd132993c5fda9277548ebcdf1c9b7ff0c,1179,2676,,,bytescale.mobbin.com,f7a1807c1ac98ccf0eecf5078d61346ac9a94ca37a547f5708d580528c9e55c0,/Users/user/mobbin-sides/screen-flows/revolut-business/127-revolut-business-claiming-mileage-160c93e0-905d-4bcf-9b51-100075cf2244/004-f14f9ff1-df17-4ef8-a9ac-4364b7718d44-downloadableSrc-5d449ceee4d7.webp
160c93e0-905d-4bcf-9b51-100075cf2244,Claiming mileage,93ad9ceb-a163-41da-ba7a-9f07c737fc2a,Revolut Business,0c4c334c-e3a5-4395-89be-c7666aaafdf5,4,5,8ca6af07-53da-4409-aeea-18307faa0828,true,downloadableSrc,200,image/webp,61782,61782,eb169ea028879eb905188106852b1efc508453ffe83f103e00bd053893a1957a,1179,2676,,,bytescale.mobbin.com,f7a1807c1ac98ccf0eecf5078d61346ac9a94ca37a547f5708d580528c9e55c0,/Users/user/mobbin-sides/screen-flows/revolut-business/127-revolut-business-claiming-mileage-160c93e0-905d-4bcf-9b51-100075cf2244/005-8ca6af07-53da-4409-aeea-18307faa0828-downloadableSrc-eb169ea02887.webp
160c93e0-905d-4bcf-9b51-100075cf2244,Claiming mileage,93ad9ceb-a163-41da-ba7a-9f07c737fc2a,Revolut Business,0c4c334c-e3a5-4395-89be-c7666aaafdf5,5,6,b75e0122-ed06-4ab7-b94a-b7c38f862ebb,true,downloadableSrc,200,image/webp,67572,67572,ae99322a5293060d20550aa4da51720a91556feeaf9c14e4018e03b9c4257050,1179,2676,,,bytescale.mobbin.com,f7a1807c1ac98ccf0eecf5078d61346ac9a94ca37a547f5708d580528c9e55c0,/Users/user/mobbin-sides/screen-flows/revolut-business/127-revolut-business-claiming-mileage-160c93e0-905d-4bcf-9b51-100075cf2244/006-b75e0122-ed06-4ab7-b94a-b7c38f862ebb-downloadableSrc-ae99322a5293.webp
cee72051-02e7-4378-a48e-794e63c5c531,Settings,93ad9ceb-a163-41da-ba7a-9f07c737fc2a,Revolut Business,0c4c334c-e3a5-4395-89be-c7666aaafdf5,0,1,9eab6abb-3e1e-4595-8310-b8ca452bdb98,true,downloadableSrc,200,image/webp,78590,78590,30561b2e5b2b93f6b936380833c0db3fe559756daff3256b88d294a0c784623c,1179,2676,,,bytescale.mobbin.com,f7a1807c1ac98ccf0eecf5078d61346ac9a94ca37a547f5708d580528c9e55c0,/Users/user/mobbin-sides/screen-flows/revolut-business/128-revolut-business-settings-cee72051-02e7-4378-a48e-794e63c5c531/001-9eab6abb-3e1e-4595-8310-b8ca452bdb98-downloadableSrc-30561b2e5b2b.webp
cee72051-02e7-4378-a48e-794e63c5c531,Settings,93ad9ceb-a163-41da-ba7a-9f07c737fc2a,Revolut Business,0c4c334c-e3a5-4395-89be-c7666aaafdf5,1,2,fd06f74a-8cbd-48b9-a623-1fa16098282e,true,downloadableSrc,200,image/webp,100884,100884,9b2d5c3b2cd9c4212f5e2187f4403c57b560a487b063d00f7722560630ccde3a,1179,2676,,,bytescale.mobbin.com,f7a1807c1ac98ccf0eecf5078d61346ac9a94ca37a547f5708d580528c9e55c0,/Users/user/mobbin-sides/screen-flows/revolut-business/128-revolut-business-settings-cee72051-02e7-4378-a48e-794e63c5c531/002-fd06f74a-8cbd-48b9-a623-1fa16098282e-downloadableSrc-9b2d5c3b2cd9.webp
cee72051-02e7-4378-a48e-794e63c5c531,Settings,93ad9ceb-a163-41da-ba7a-9f07c737fc2a,Revolut Business,0c4c334c-e3a5-4395-89be-c7666aaafdf5,2,3,95c1fd62-c371-445d-b560-a61749f28ec0,true,downloadableSrc,200,image/webp,84890,84890,d2ab1a636ad2fe1262849f176437daa622f594f38d6cb6e04ac9a76cc70f516e,1179,2676,,,bytescale.mobbin.com,f7a1807c1ac98ccf0eecf5078d61346ac9a94ca37a547f5708d580528c9e55c0,/Users/user/mobbin-sides/screen-flows/revolut-business/128-revolut-business-settings-cee72051-02e7-4378-a48e-794e63c5c531/003-95c1fd62-c371-445d-b560-a61749f28ec0-downloadableSrc-d2ab1a636ad2.webp
311ae6bf-8c76-4a6b-a6f2-409be59acb04,Turning off required field settings,93ad9ceb-a163-41da-ba7a-9f07c737fc2a,Revolut Business,0c4c334c-e3a5-4395-89be-c7666aaafdf5,0,1,fd06f74a-8cbd-48b9-a623-1fa16098282e,true,downloadableSrc,200,image/webp,100884,100884,9b2d5c3b2cd9c4212f5e2187f4403c57b560a487b063d00f7722560630ccde3a,1179,2676,,,bytescale.mobbin.com,f7a1807c1ac98ccf0eecf5078d61346ac9a94ca37a547f5708d580528c9e55c0,/Users/user/mobbin-sides/screen-flows/revolut-business/129-revolut-business-turning-off-required-field-settings-311ae6bf-8c76-4a6b-a6f2-409be59acb04/001-fd06f74a-8cbd-48b9-a623-1fa16098282e-downloadableSrc-9b2d5c3b2cd9.webp
311ae6bf-8c76-4a6b-a6f2-409be59acb04,Turning off required field settings,93ad9ceb-a163-41da-ba7a-9f07c737fc2a,Revolut Business,0c4c334c-e3a5-4395-89be-c7666aaafdf5,1,2,e7295d93-e239-4322-9c93-028cda88bbc8,true,downloadableSrc,200,image/webp,50126,50126,39413b94dae0826b9349fb04e0dcff5dc4d3334622ed1f645782035840eb0a7b,1179,2676,,,bytescale.mobbin.com,f7a1807c1ac98ccf0eecf5078d61346ac9a94ca37a547f5708d580528c9e55c0,/Users/user/mobbin-sides/screen-flows/revolut-business/129-revolut-business-turning-off-required-field-settings-311ae6bf-8c76-4a6b-a6f2-409be59acb04/002-e7295d93-e239-4322-9c93-028cda88bbc8-downloadableSrc-39413b94dae0.webp
311ae6bf-8c76-4a6b-a6f2-409be59acb04,Turning off required field settings,93ad9ceb-a163-41da-ba7a-9f07c737fc2a,Revolut Business,0c4c334c-e3a5-4395-89be-c7666aaafdf5,2,3,4dff171b-9737-4d72-a7c2-fa8f533178a6,true,downloadableSrc,200,image/webp,48554,48554,aaa7c4a51d1543834ddb0913a1a8da4c9b701019b8bd1cda806fd99a19bf4a71,1179,2676,,,bytescale.mobbin.com,f7a1807c1ac98ccf0eecf5078d61346ac9a94ca37a547f5708d580528c9e55c0,/Users/user/mobbin-sides/screen-flows/revolut-business/129-revolut-business-turning-off-required-field-settings-311ae6bf-8c76-4a6b-a6f2-409be59acb04/003-4dff171b-9737-4d72-a7c2-fa8f533178a6-downloadableSrc-aaa7c4a51d15.webp
31e70fb8-deaf-46fe-afae-74cadc522812,Creating an approval process,93ad9ceb-a163-41da-ba7a-9f07c737fc2a,Revolut Business,0c4c334c-e3a5-4395-89be-c7666aaafdf5,0,1,fd06f74a-8cbd-48b9-a623-1fa16098282e,true,downloadableSrc,200,image/webp,100884,100884,9b2d5c3b2cd9c4212f5e2187f4403c57b560a487b063d00f7722560630ccde3a,1179,2676,,,bytescale.mobbin.com,f7a1807c1ac98ccf0eecf5078d61346ac9a94ca37a547f5708d580528c9e55c0,/Users/user/mobbin-sides/screen-flows/revolut-business/130-revolut-business-creating-an-approval-process-31e70fb8-deaf-46fe-afae-74cadc522812/001-fd06f74a-8cbd-48b9-a623-1fa16098282e-downloadableSrc-9b2d5c3b2cd9.webp
31e70fb8-deaf-46fe-afae-74cadc522812,Creating an approval process,93ad9ceb-a163-41da-ba7a-9f07c737fc2a,Revolut Business,0c4c334c-e3a5-4395-89be-c7666aaafdf5,1,2,fafd1b2b-63ff-4a5c-a6ea-92aa21f47e7b,true,downloadableSrc,200,image/webp,96080,96080,adeb79af0ec963353af4f8441294da1733d1b85f3a76150d72c01d7114bdf100,1179,2676,,,bytescale.mobbin.com,f7a1807c1ac98ccf0eecf5078d61346ac9a94ca37a547f5708d580528c9e55c0,/Users/user/mobbin-sides/screen-flows/revolut-business/130-revolut-business-creating-an-approval-process-31e70fb8-deaf-46fe-afae-74cadc522812/002-fafd1b2b-63ff-4a5c-a6ea-92aa21f47e7b-downloadableSrc-adeb79af0ec9.webp
31e70fb8-deaf-46fe-afae-74cadc522812,Creating an approval process,93ad9ceb-a163-41da-ba7a-9f07c737fc2a,Revolut Business,0c4c334c-e3a5-4395-89be-c7666aaafdf5,2,3,154f716a-d9c2-4a47-aac7-46a09f6282d3,true,downloadableSrc,200,image/webp,61220,61220,15f920425a2454f57ecdab89c736eea74d3c4e756fad12c8da0b8cf62cdc6171,1179,2676,,,bytescale.mobbin.com,f7a1807c1ac98ccf0eecf5078d61346ac9a94ca37a547f5708d580528c9e55c0,/Users/user/mobbin-sides/screen-flows/revolut-business/130-revolut-business-creating-an-approval-process-31e70fb8-deaf-46fe-afae-74cadc522812/003-154f716a-d9c2-4a47-aac7-46a09f6282d3-downloadableSrc-15f920425a24.webp
31e70fb8-deaf-46fe-afae-74cadc522812,Creating an approval process,93ad9ceb-a163-41da-ba7a-9f07c737fc2a,Revolut Business,0c4c334c-e3a5-4395-89be-c7666aaafdf5,3,4,02c51ee9-646f-46e3-b4c3-cc10e0caf538,true,downloadableSrc,200,image/webp,52484,52484,d8ffbf8e7a967b5812f24d38ff91d072ae3486e74424d048cfe0ccf0c4eff72c,1179,2676,,,bytescale.mobbin.com,f7a1807c1ac98ccf0eecf5078d61346ac9a94ca37a547f5708d580528c9e55c0,/Users/user/mobbin-sides/screen-flows/revolut-business/130-revolut-business-creating-an-approval-process-31e70fb8-deaf-46fe-afae-74cadc522812/004-02c51ee9-646f-46e3-b4c3-cc10e0caf538-downloadableSrc-d8ffbf8e7a96.webp
31e70fb8-deaf-46fe-afae-74cadc522812,Creating an approval process,93ad9ceb-a163-41da-ba7a-9f07c737fc2a,Revolut Business,0c4c334c-e3a5-4395-89be-c7666aaafdf5,4,5,6aec5c4b-88c0-48ef-80aa-fd50af63a9ed,true,downloadableSrc,200,image/webp,40164,40164,bf6d9b1c030a8714a0cfd78fad011a1bb304612bfcaf3af5e9e00fac289c58a1,1179,2676,,,bytescale.mobbin.com,f7a1807c1ac98ccf0eecf5078d61346ac9a94ca37a547f5708d580528c9e55c0,/Users/user/mobbin-sides/screen-flows/revolut-business/130-revolut-business-creating-an-approval-process-31e70fb8-deaf-46fe-afae-74cadc522812/005-6aec5c4b-88c0-48ef-80aa-fd50af63a9ed-downloadableSrc-bf6d9b1c030a.webp
31e70fb8-deaf-46fe-afae-74cadc522812,Creating an approval process,93ad9ceb-a163-41da-ba7a-9f07c737fc2a,Revolut Business,0c4c334c-e3a5-4395-89be-c7666aaafdf5,5,6,1fe9e3ef-858c-422b-8325-0a70c99a0864,true,downloadableSrc,200,image/webp,39826,39826,f8c171874d1ad66a24c31d3541d9e46dd5a334e52522dedc52894782e750b2c1,1179,2676,,,bytescale.mobbin.com,f7a1807c1ac98ccf0eecf5078d61346ac9a94ca37a547f5708d580528c9e55c0,/Users/user/mobbin-sides/screen-flows/revolut-business/130-revolut-business-creating-an-approval-process-31e70fb8-deaf-46fe-afae-74cadc522812/006-1fe9e3ef-858c-422b-8325-0a70c99a0864-downloadableSrc-f8c171874d1a.webp
31e70fb8-deaf-46fe-afae-74cadc522812,Creating an approval process,93ad9ceb-a163-41da-ba7a-9f07c737fc2a,Revolut Business,0c4c334c-e3a5-4395-89be-c7666aaafdf5,6,7,ae2c977e-6aad-44dd-b14f-f4ce97852836,true,downloadableSrc,200,image/webp,41098,41098,56ed9dc03841cfd835802526e72a0d7321e3884bf72109246f48ebcbca93a571,1179,2676,,,bytescale.mobbin.com,f7a1807c1ac98ccf0eecf5078d61346ac9a94ca37a547f5708d580528c9e55c0,/Users/user/mobbin-sides/screen-flows/revolut-business/130-revolut-business-creating-an-approval-process-31e70fb8-deaf-46fe-afae-74cadc522812/007-ae2c977e-6aad-44dd-b14f-f4ce97852836-downloadableSrc-56ed9dc03841.webp
31e70fb8-deaf-46fe-afae-74cadc522812,Creating an approval process,93ad9ceb-a163-41da-ba7a-9f07c737fc2a,Revolut Business,0c4c334c-e3a5-4395-89be-c7666aaafdf5,7,8,d942e23e-8ee1-4507-874e-235df687d1f1,true,downloadableSrc,200,image/webp,50488,50488,b3e7f3ad7e2761f6407fe0a0fd6758a958140545906a3c8446534fb3723b3634,1179,2676,,,bytescale.mobbin.com,f7a1807c1ac98ccf0eecf5078d61346ac9a94ca37a547f5708d580528c9e55c0,/Users/user/mobbin-sides/screen-flows/revolut-business/130-revolut-business-creating-an-approval-process-31e70fb8-deaf-46fe-afae-74cadc522812/008-d942e23e-8ee1-4507-874e-235df687d1f1-downloadableSrc-b3e7f3ad7e27.webp
31e70fb8-deaf-46fe-afae-74cadc522812,Creating an approval process,93ad9ceb-a163-41da-ba7a-9f07c737fc2a,Revolut Business,0c4c334c-e3a5-4395-89be-c7666aaafdf5,8,9,0bce41be-3a88-4b7b-b0b9-db5d508649c9,true,downloadableSrc,200,image/webp,33204,33204,0fc50cead104fb8107ef8ad5eaecd800e78981e8886c8e6375e713b354ace97d,1179,2676,,,bytescale.mobbin.com,f7a1807c1ac98ccf0eecf5078d61346ac9a94ca37a547f5708d580528c9e55c0,/Users/user/mobbin-sides/screen-flows/revolut-business/130-revolut-business-creating-an-approval-process-31e70fb8-deaf-46fe-afae-74cadc522812/009-0bce41be-3a88-4b7b-b0b9-db5d508649c9-downloadableSrc-0fc50cead104.webp
31e70fb8-deaf-46fe-afae-74cadc522812,Creating an approval process,93ad9ceb-a163-41da-ba7a-9f07c737fc2a,Revolut Business,0c4c334c-e3a5-4395-89be-c7666aaafdf5,9,10,2ef9e6c8-4246-4e55-bbdd-f6d02af85292,true,downloadableSrc,200,image/webp,39506,39506,cc60b2fe06285d66c9c84bca6f84cc6bbd1158c7a57bf41545982e390384c299,1179,2676,,,bytescale.mobbin.com,f7a1807c1ac98ccf0eecf5078d61346ac9a94ca37a547f5708d580528c9e55c0,/Users/user/mobbin-sides/screen-flows/revolut-business/130-revolut-business-creating-an-approval-process-31e70fb8-deaf-46fe-afae-74cadc522812/010-2ef9e6c8-4246-4e55-bbdd-f6d02af85292-downloadableSrc-cc60b2fe0628.webp
31e70fb8-deaf-46fe-afae-74cadc522812,Creating an approval process,93ad9ceb-a163-41da-ba7a-9f07c737fc2a,Revolut Business,0c4c334c-e3a5-4395-89be-c7666aaafdf5,10,11,865308f7-369c-40ab-87eb-f6167f003389,true,downloadableSrc,200,image/webp,50858,50858,09af017627372722136ccabba4aa24e54d88f55c28b8bc3bbf94707aa3eb4290,1179,2676,,,bytescale.mobbin.com,f7a1807c1ac98ccf0eecf5078d61346ac9a94ca37a547f5708d580528c9e55c0,/Users/user/mobbin-sides/screen-flows/revolut-business/130-revolut-business-creating-an-approval-process-31e70fb8-deaf-46fe-afae-74cadc522812/011-865308f7-369c-40ab-87eb-f6167f003389-downloadableSrc-09af01762737.webp
62ea2bcb-19b5-4124-bfe8-19411c300319,Deleting an approval process,93ad9ceb-a163-41da-ba7a-9f07c737fc2a,Revolut Business,0c4c334c-e3a5-4395-89be-c7666aaafdf5,0,1,865308f7-369c-40ab-87eb-f6167f003389,true,downloadableSrc,200,image/webp,50858,50858,09af017627372722136ccabba4aa24e54d88f55c28b8bc3bbf94707aa3eb4290,1179,2676,,,bytescale.mobbin.com,f7a1807c1ac98ccf0eecf5078d61346ac9a94ca37a547f5708d580528c9e55c0,/Users/user/mobbin-sides/screen-flows/revolut-business/131-revolut-business-deleting-an-approval-process-62ea2bcb-19b5-4124-bfe8-19411c300319/001-865308f7-369c-40ab-87eb-f6167f003389-downloadableSrc-09af01762737.webp
62ea2bcb-19b5-4124-bfe8-19411c300319,Deleting an approval process,93ad9ceb-a163-41da-ba7a-9f07c737fc2a,Revolut Business,0c4c334c-e3a5-4395-89be-c7666aaafdf5,1,2,582775e3-19da-4d8e-9495-f6fdc3828ae2,true,downloadableSrc,200,image/webp,57620,57620,5542afef56949c800168d4830537dc104866f4997fa01ef827efd2f832e2b661,1179,2676,,,bytescale.mobbin.com,f7a1807c1ac98ccf0eecf5078d61346ac9a94ca37a547f5708d580528c9e55c0,/Users/user/mobbin-sides/screen-flows/revolut-business/131-revolut-business-deleting-an-approval-process-62ea2bcb-19b5-4124-bfe8-19411c300319/002-582775e3-19da-4d8e-9495-f6fdc3828ae2-downloadableSrc-5542afef5694.webp
62ea2bcb-19b5-4124-bfe8-19411c300319,Deleting an approval process,93ad9ceb-a163-41da-ba7a-9f07c737fc2a,Revolut Business,0c4c334c-e3a5-4395-89be-c7666aaafdf5,2,3,8058cec5-33de-4c67-815c-57b71037a7fa,true,downloadableSrc,200,image/webp,55336,55336,74529c9c67c6e7b4133fcbfb0a83daaa0311120a63bfa57059787ec36f71b9b3,1179,2676,,,bytescale.mobbin.com,f7a1807c1ac98ccf0eecf5078d61346ac9a94ca37a547f5708d580528c9e55c0,/Users/user/mobbin-sides/screen-flows/revolut-business/131-revolut-business-deleting-an-approval-process-62ea2bcb-19b5-4124-bfe8-19411c300319/003-8058cec5-33de-4c67-815c-57b71037a7fa-downloadableSrc-74529c9c67c6.webp
62ea2bcb-19b5-4124-bfe8-19411c300319,Deleting an approval process,93ad9ceb-a163-41da-ba7a-9f07c737fc2a,Revolut Business,0c4c334c-e3a5-4395-89be-c7666aaafdf5,3,4,85fe1316-da74-47fb-b243-4e90a4a34ece,true,downloadableSrc,200,image/webp,67806,67806,948d24694056b70d36b4bd6485663970bd8b5f6b999a95eb213bb59b2c66afa0,1179,2676,,,bytescale.mobbin.com,f7a1807c1ac98ccf0eecf5078d61346ac9a94ca37a547f5708d580528c9e55c0,/Users/user/mobbin-sides/screen-flows/revolut-business/131-revolut-business-deleting-an-approval-process-62ea2bcb-19b5-4124-bfe8-19411c300319/004-85fe1316-da74-47fb-b243-4e90a4a34ece-downloadableSrc-948d24694056.webp
7b516164-8e7d-43e3-bfe3-4ea7de1e9524,Expense billing,93ad9ceb-a163-41da-ba7a-9f07c737fc2a,Revolut Business,0c4c334c-e3a5-4395-89be-c7666aaafdf5,0,1,95c1fd62-c371-445d-b560-a61749f28ec0,true,downloadableSrc,200,image/webp,84890,84890,d2ab1a636ad2fe1262849f176437daa622f594f38d6cb6e04ac9a76cc70f516e,1179,2676,,,bytescale.mobbin.com,f7a1807c1ac98ccf0eecf5078d61346ac9a94ca37a547f5708d580528c9e55c0,/Users/user/mobbin-sides/screen-flows/revolut-business/132-revolut-business-expense-billing-7b516164-8e7d-43e3-bfe3-4ea7de1e9524/001-95c1fd62-c371-445d-b560-a61749f28ec0-downloadableSrc-d2ab1a636ad2.webp
7b516164-8e7d-43e3-bfe3-4ea7de1e9524,Expense billing,93ad9ceb-a163-41da-ba7a-9f07c737fc2a,Revolut Business,0c4c334c-e3a5-4395-89be-c7666aaafdf5,1,2,0a715bf1-58c3-4dd4-ab79-d99fcb091d76,true,downloadableSrc,200,image/webp,42942,42942,f4760747251d2014b73dca0204824556cb29f16fec7e621a687ac605aa81af72,1179,2676,,,bytescale.mobbin.com,f7a1807c1ac98ccf0eecf5078d61346ac9a94ca37a547f5708d580528c9e55c0,/Users/user/mobbin-sides/screen-flows/revolut-business/132-revolut-business-expense-billing-7b516164-8e7d-43e3-bfe3-4ea7de1e9524/002-0a715bf1-58c3-4dd4-ab79-d99fcb091d76-downloadableSrc-f4760747251d.webp
3801585b-6795-4965-9fab-0dd896dca749,Turning off expense tracking,93ad9ceb-a163-41da-ba7a-9f07c737fc2a,Revolut Business,0c4c334c-e3a5-4395-89be-c7666aaafdf5,0,1,95c1fd62-c371-445d-b560-a61749f28ec0,true,downloadableSrc,200,image/webp,84890,84890,d2ab1a636ad2fe1262849f176437daa622f594f38d6cb6e04ac9a76cc70f516e,1179,2676,,,bytescale.mobbin.com,f7a1807c1ac98ccf0eecf5078d61346ac9a94ca37a547f5708d580528c9e55c0,/Users/user/mobbin-sides/screen-flows/revolut-business/133-revolut-business-turning-off-expense-tracking-3801585b-6795-4965-9fab-0dd896dca749/001-95c1fd62-c371-445d-b560-a61749f28ec0-downloadableSrc-d2ab1a636ad2.webp
3801585b-6795-4965-9fab-0dd896dca749,Turning off expense tracking,93ad9ceb-a163-41da-ba7a-9f07c737fc2a,Revolut Business,0c4c334c-e3a5-4395-89be-c7666aaafdf5,1,2,ef9f3dc3-20e7-4d51-8663-b02b9570cc2e,true,downloadableSrc,200,image/webp,59374,59374,40bb18078516c5665f4a25ce1513b4ad32323feb32187f185ad13c79a9c9a76c,1179,2676,,,bytescale.mobbin.com,f7a1807c1ac98ccf0eecf5078d61346ac9a94ca37a547f5708d580528c9e55c0,/Users/user/mobbin-sides/screen-flows/revolut-business/133-revolut-business-turning-off-expense-tracking-3801585b-6795-4965-9fab-0dd896dca749/002-ef9f3dc3-20e7-4d51-8663-b02b9570cc2e-downloadableSrc-40bb18078516.webp
3801585b-6795-4965-9fab-0dd896dca749,Turning off expense tracking,93ad9ceb-a163-41da-ba7a-9f07c737fc2a,Revolut Business,0c4c334c-e3a5-4395-89be-c7666aaafdf5,2,3,45ef5fbe-aca1-4c87-a011-9f7833228500,true,downloadableSrc,200,image/webp,32844,32844,cb4a86085f978858974e234676899413de2733b08287f3da6eaaa9d213b7b7e6,1179,2676,,,bytescale.mobbin.com,f7a1807c1ac98ccf0eecf5078d61346ac9a94ca37a547f5708d580528c9e55c0,/Users/user/mobbin-sides/screen-flows/revolut-business/133-revolut-business-turning-off-expense-tracking-3801585b-6795-4965-9fab-0dd896dca749/003-45ef5fbe-aca1-4c87-a011-9f7833228500-downloadableSrc-cb4a86085f97.webp
3801585b-6795-4965-9fab-0dd896dca749,Turning off expense tracking,93ad9ceb-a163-41da-ba7a-9f07c737fc2a,Revolut Business,0c4c334c-e3a5-4395-89be-c7666aaafdf5,3,4,63918588-523c-4303-b899-c8bd967425ed,true,downloadableSrc,200,image/webp,83476,83476,7528db3bb48f89712e44bd0dafe4eb95ca0a857b6d8b82d267360845ad442911,1179,2676,,,bytescale.mobbin.com,f7a1807c1ac98ccf0eecf5078d61346ac9a94ca37a547f5708d580528c9e55c0,/Users/user/mobbin-sides/screen-flows/revolut-business/133-revolut-business-turning-off-expense-tracking-3801585b-6795-4965-9fab-0dd896dca749/004-63918588-523c-4303-b899-c8bd967425ed-downloadableSrc-7528db3bb48f.webp
ac6cd0bf-48aa-4024-be93-9f618c9c4731,Reimbursement detail,93ad9ceb-a163-41da-ba7a-9f07c737fc2a,Revolut Business,0c4c334c-e3a5-4395-89be-c7666aaafdf5,0,1,9eab6abb-3e1e-4595-8310-b8ca452bdb98,true,downloadableSrc,200,image/webp,78590,78590,30561b2e5b2b93f6b936380833c0db3fe559756daff3256b88d294a0c784623c,1179,2676,,,bytescale.mobbin.com,f7a1807c1ac98ccf0eecf5078d61346ac9a94ca37a547f5708d580528c9e55c0,/Users/user/mobbin-sides/screen-flows/revolut-business/134-revolut-business-reimbursement-detail-ac6cd0bf-48aa-4024-be93-9f618c9c4731/001-9eab6abb-3e1e-4595-8310-b8ca452bdb98-downloadableSrc-30561b2e5b2b.webp
ac6cd0bf-48aa-4024-be93-9f618c9c4731,Reimbursement detail,93ad9ceb-a163-41da-ba7a-9f07c737fc2a,Revolut Business,0c4c334c-e3a5-4395-89be-c7666aaafdf5,1,2,80732521-f4c1-4d01-b42e-48183ae4f72b,true,downloadableSrc,200,image/webp,69880,69880,d8f1d7e964b46cef329f252c171996408fdb0be3fabf411e617b177267fdb9b8,1179,2676,,,bytescale.mobbin.com,f7a1807c1ac98ccf0eecf5078d61346ac9a94ca37a547f5708d580528c9e55c0,/Users/user/mobbin-sides/screen-flows/revolut-business/134-revolut-business-reimbursement-detail-ac6cd0bf-48aa-4024-be93-9f618c9c4731/002-80732521-f4c1-4d01-b42e-48183ae4f72b-downloadableSrc-d8f1d7e964b4.webp
ac6cd0bf-48aa-4024-be93-9f618c9c4731,Reimbursement detail,93ad9ceb-a163-41da-ba7a-9f07c737fc2a,Revolut Business,0c4c334c-e3a5-4395-89be-c7666aaafdf5,2,3,c72fb3e4-81c3-40ff-b108-204f8afc9cb6,true,downloadableSrc,200,image/webp,57704,57704,f1c3ede154851e01c0252e0a0be483a1037804763c8bf99a4215bab554ee087d,1179,2676,,,bytescale.mobbin.com,f7a1807c1ac98ccf0eecf5078d61346ac9a94ca37a547f5708d580528c9e55c0,/Users/user/mobbin-sides/screen-flows/revolut-business/134-revolut-business-reimbursement-detail-ac6cd0bf-48aa-4024-be93-9f618c9c4731/003-c72fb3e4-81c3-40ff-b108-204f8afc9cb6-downloadableSrc-f1c3ede15485.webp
fc8ebe4f-e7ba-4373-9359-2ffbc4bca20f,Splitting a reimbursement,93ad9ceb-a163-41da-ba7a-9f07c737fc2a,Revolut Business,0c4c334c-e3a5-4395-89be-c7666aaafdf5,0,1,80732521-f4c1-4d01-b42e-48183ae4f72b,true,downloadableSrc,200,image/webp,69880,69880,d8f1d7e964b46cef329f252c171996408fdb0be3fabf411e617b177267fdb9b8,1179,2676,,,bytescale.mobbin.com,f7a1807c1ac98ccf0eecf5078d61346ac9a94ca37a547f5708d580528c9e55c0,/Users/user/mobbin-sides/screen-flows/revolut-business/135-revolut-business-splitting-a-reimbursement-fc8ebe4f-e7ba-4373-9359-2ffbc4bca20f/001-80732521-f4c1-4d01-b42e-48183ae4f72b-downloadableSrc-d8f1d7e964b4.webp
fc8ebe4f-e7ba-4373-9359-2ffbc4bca20f,Splitting a reimbursement,93ad9ceb-a163-41da-ba7a-9f07c737fc2a,Revolut Business,0c4c334c-e3a5-4395-89be-c7666aaafdf5,1,2,6f7fb922-9411-4d6b-8d18-4a54e315882e,true,downloadableSrc,200,image/webp,76410,76410,9fc3af64424a680a9455cee5aeee48546cb96fc84c5745ef3e3c63cc2a5367a9,1179,2676,,,bytescale.mobbin.com,f7a1807c1ac98ccf0eecf5078d61346ac9a94ca37a547f5708d580528c9e55c0,/Users/user/mobbin-sides/screen-flows/revolut-business/135-revolut-business-splitting-a-reimbursement-fc8ebe4f-e7ba-4373-9359-2ffbc4bca20f/002-6f7fb922-9411-4d6b-8d18-4a54e315882e-downloadableSrc-9fc3af64424a.webp
fc8ebe4f-e7ba-4373-9359-2ffbc4bca20f,Splitting a reimbursement,93ad9ceb-a163-41da-ba7a-9f07c737fc2a,Revolut Business,0c4c334c-e3a5-4395-89be-c7666aaafdf5,2,3,ee37b9a0-f6b4-4b87-bbc1-e6ed74c484a1,true,downloadableSrc,200,image/webp,34892,34892,3f7e29695f58805ca78c097170c4e2bab61cbf9875e20793e5cfee20efe63227,1179,2676,,,bytescale.mobbin.com,f7a1807c1ac98ccf0eecf5078d61346ac9a94ca37a547f5708d580528c9e55c0,/Users/user/mobbin-sides/screen-flows/revolut-business/135-revolut-business-splitting-a-reimbursement-fc8ebe4f-e7ba-4373-9359-2ffbc4bca20f/003-ee37b9a0-f6b4-4b87-bbc1-e6ed74c484a1-downloadableSrc-3f7e29695f58.webp
fc8ebe4f-e7ba-4373-9359-2ffbc4bca20f,Splitting a reimbursement,93ad9ceb-a163-41da-ba7a-9f07c737fc2a,Revolut Business,0c4c334c-e3a5-4395-89be-c7666aaafdf5,3,4,6e9c86d9-ff41-4202-9669-3856bc64d5b0,true,downloadableSrc,200,image/webp,59060,59060,13fce548fb64ae0cb63e263f355c91c9a3bf2b39c492d0047d690700dfd6c841,1179,2676,,,bytescale.mobbin.com,f7a1807c1ac98ccf0eecf5078d61346ac9a94ca37a547f5708d580528c9e55c0,/Users/user/mobbin-sides/screen-flows/revolut-business/135-revolut-business-splitting-a-reimbursement-fc8ebe4f-e7ba-4373-9359-2ffbc4bca20f/004-6e9c86d9-ff41-4202-9669-3856bc64d5b0-downloadableSrc-13fce548fb64.webp
66e0d2db-bcad-432f-868d-ae47f4bff36a,Reimbursement history,93ad9ceb-a163-41da-ba7a-9f07c737fc2a,Revolut Business,0c4c334c-e3a5-4395-89be-c7666aaafdf5,0,1,6f7fb922-9411-4d6b-8d18-4a54e315882e,true,downloadableSrc,200,image/webp,76410,76410,9fc3af64424a680a9455cee5aeee48546cb96fc84c5745ef3e3c63cc2a5367a9,1179,2676,,,bytescale.mobbin.com,f7a1807c1ac98ccf0eecf5078d61346ac9a94ca37a547f5708d580528c9e55c0,/Users/user/mobbin-sides/screen-flows/revolut-business/136-revolut-business-reimbursement-history-66e0d2db-bcad-432f-868d-ae47f4bff36a/001-6f7fb922-9411-4d6b-8d18-4a54e315882e-downloadableSrc-9fc3af64424a.webp
66e0d2db-bcad-432f-868d-ae47f4bff36a,Reimbursement history,93ad9ceb-a163-41da-ba7a-9f07c737fc2a,Revolut Business,0c4c334c-e3a5-4395-89be-c7666aaafdf5,1,2,f2ec98ab-c4f0-4e1e-9d97-aff7a49fa45e,true,downloadableSrc,200,image/webp,71048,71048,dd3087b0386c816156287bae64a7c765bd44ab9ed940d97aa73d0fb0f610acc4,1179,2676,,,bytescale.mobbin.com,f7a1807c1ac98ccf0eecf5078d61346ac9a94ca37a547f5708d580528c9e55c0,/Users/user/mobbin-sides/screen-flows/revolut-business/136-revolut-business-reimbursement-history-66e0d2db-bcad-432f-868d-ae47f4bff36a/002-f2ec98ab-c4f0-4e1e-9d97-aff7a49fa45e-downloadableSrc-dd3087b0386c.webp
4edac3a7-f3bf-4d07-95eb-618dcbb1c0e6,Reimbursement detail (member view),93ad9ceb-a163-41da-ba7a-9f07c737fc2a,Revolut Business,0c4c334c-e3a5-4395-89be-c7666aaafdf5,0,1,9eab6abb-3e1e-4595-8310-b8ca452bdb98,true,downloadableSrc,200,image/webp,78590,78590,30561b2e5b2b93f6b936380833c0db3fe559756daff3256b88d294a0c784623c,1179,2676,,,bytescale.mobbin.com,f7a1807c1ac98ccf0eecf5078d61346ac9a94ca37a547f5708d580528c9e55c0,/Users/user/mobbin-sides/screen-flows/revolut-business/137-revolut-business-reimbursement-detail-member-view-4edac3a7-f3bf-4d07-95eb-618dcbb1c0e6/001-9eab6abb-3e1e-4595-8310-b8ca452bdb98-downloadableSrc-30561b2e5b2b.webp
4edac3a7-f3bf-4d07-95eb-618dcbb1c0e6,Reimbursement detail (member view),93ad9ceb-a163-41da-ba7a-9f07c737fc2a,Revolut Business,0c4c334c-e3a5-4395-89be-c7666aaafdf5,1,2,784c3c37-fe30-40c3-b8a7-88f62cedd012,true,downloadableSrc,200,image/webp,57832,57832,57701ebceeca35ae161463d3588df493872601461414e5ccf266aaffdda51b1f,1179,2676,,,bytescale.mobbin.com,f7a1807c1ac98ccf0eecf5078d61346ac9a94ca37a547f5708d580528c9e55c0,/Users/user/mobbin-sides/screen-flows/revolut-business/137-revolut-business-reimbursement-detail-member-view-4edac3a7-f3bf-4d07-95eb-618dcbb1c0e6/002-784c3c37-fe30-40c3-b8a7-88f62cedd012-downloadableSrc-57701ebceeca.webp
1cf97bec-84b7-4c18-8412-bc362823344f,Team,93ad9ceb-a163-41da-ba7a-9f07c737fc2a,Revolut Business,0c4c334c-e3a5-4395-89be-c7666aaafdf5,0,1,65af586f-17cf-4b02-b9a9-cfed3491affc,true,downloadableSrc,200,image/webp,77052,77052,76393672bbe82a4c12e41f2506d04c1e806985613a6f9ffb29f36b54c37f5e32,1179,2676,,,bytescale.mobbin.com,f7a1807c1ac98ccf0eecf5078d61346ac9a94ca37a547f5708d580528c9e55c0,/Users/user/mobbin-sides/screen-flows/revolut-business/138-revolut-business-team-1cf97bec-84b7-4c18-8412-bc362823344f/001-65af586f-17cf-4b02-b9a9-cfed3491affc-downloadableSrc-76393672bbe8.webp
1cf97bec-84b7-4c18-8412-bc362823344f,Team,93ad9ceb-a163-41da-ba7a-9f07c737fc2a,Revolut Business,0c4c334c-e3a5-4395-89be-c7666aaafdf5,1,2,f2037916-66ac-4617-9aee-1bbde78e9568,true,downloadableSrc,200,image/webp,30470,30470,7eab852b78d37f3dd0b87c1fbc3b2758614fecd5b785f43b23ea4923ecd90064,1179,2676,,,bytescale.mobbin.com,f7a1807c1ac98ccf0eecf5078d61346ac9a94ca37a547f5708d580528c9e55c0,/Users/user/mobbin-sides/screen-flows/revolut-business/138-revolut-business-team-1cf97bec-84b7-4c18-8412-bc362823344f/002-f2037916-66ac-4617-9aee-1bbde78e9568-downloadableSrc-7eab852b78d3.webp
2e33c47f-4b7a-4a0e-890e-045e31f07c6d,Inviting a team member,93ad9ceb-a163-41da-ba7a-9f07c737fc2a,Revolut Business,0c4c334c-e3a5-4395-89be-c7666aaafdf5,0,1,f2037916-66ac-4617-9aee-1bbde78e9568,true,downloadableSrc,200,image/webp,30470,30470,7eab852b78d37f3dd0b87c1fbc3b2758614fecd5b785f43b23ea4923ecd90064,1179,2676,,,bytescale.mobbin.com,f7a1807c1ac98ccf0eecf5078d61346ac9a94ca37a547f5708d580528c9e55c0,/Users/user/mobbin-sides/screen-flows/revolut-business/139-revolut-business-inviting-a-team-member-2e33c47f-4b7a-4a0e-890e-045e31f07c6d/001-f2037916-66ac-4617-9aee-1bbde78e9568-downloadableSrc-7eab852b78d3.webp
2e33c47f-4b7a-4a0e-890e-045e31f07c6d,Inviting a team member,93ad9ceb-a163-41da-ba7a-9f07c737fc2a,Revolut Business,0c4c334c-e3a5-4395-89be-c7666aaafdf5,1,2,8a43b241-3a39-4cfe-acfa-2fc517fe88eb,true,downloadableSrc,200,image/webp,58728,58728,3661627a93baf8101f5f5692599a176d703be86a450393c4e454fbd3d8c5da05,1179,2676,,,bytescale.mobbin.com,f7a1807c1ac98ccf0eecf5078d61346ac9a94ca37a547f5708d580528c9e55c0,/Users/user/mobbin-sides/screen-flows/revolut-business/139-revolut-business-inviting-a-team-member-2e33c47f-4b7a-4a0e-890e-045e31f07c6d/002-8a43b241-3a39-4cfe-acfa-2fc517fe88eb-downloadableSrc-3661627a93ba.webp
2e33c47f-4b7a-4a0e-890e-045e31f07c6d,Inviting a team member,93ad9ceb-a163-41da-ba7a-9f07c737fc2a,Revolut Business,0c4c334c-e3a5-4395-89be-c7666aaafdf5,2,3,4afb1696-939e-48f0-ba86-a78779b2d1ae,true,downloadableSrc,200,image/webp,54332,54332,2e2d64491fb58df6d7a4dd419599635aa42e26e5fb3d508ed62fc3a416da43ca,1179,2676,,,bytescale.mobbin.com,f7a1807c1ac98ccf0eecf5078d61346ac9a94ca37a547f5708d580528c9e55c0,/Users/user/mobbin-sides/screen-flows/revolut-business/139-revolut-business-inviting-a-team-member-2e33c47f-4b7a-4a0e-890e-045e31f07c6d/003-4afb1696-939e-48f0-ba86-a78779b2d1ae-downloadableSrc-2e2d64491fb5.webp
2e33c47f-4b7a-4a0e-890e-045e31f07c6d,Inviting a team member,93ad9ceb-a163-41da-ba7a-9f07c737fc2a,Revolut Business,0c4c334c-e3a5-4395-89be-c7666aaafdf5,3,4,cad792a3-ad30-4bc7-8e0b-d27587b98037,true,downloadableSrc,200,image/webp,80160,80160,6308fa9a77b0d45f3a59dce60dabe49ed7b1d073c4970b6734290b608f536d11,1179,2676,,,bytescale.mobbin.com,f7a1807c1ac98ccf0eecf5078d61346ac9a94ca37a547f5708d580528c9e55c0,/Users/user/mobbin-sides/screen-flows/revolut-business/139-revolut-business-inviting-a-team-member-2e33c47f-4b7a-4a0e-890e-045e31f07c6d/004-cad792a3-ad30-4bc7-8e0b-d27587b98037-downloadableSrc-6308fa9a77b0.webp
2e33c47f-4b7a-4a0e-890e-045e31f07c6d,Inviting a team member,93ad9ceb-a163-41da-ba7a-9f07c737fc2a,Revolut Business,0c4c334c-e3a5-4395-89be-c7666aaafdf5,4,5,756f13c1-f840-4e1a-98b3-3724cbca1205,true,downloadableSrc,200,image/webp,37310,37310,7502335923cdd7e122ae4028c68c726b97fc6df4e7d414f23e1c16cca4f57527,1179,2676,,,bytescale.mobbin.com,f7a1807c1ac98ccf0eecf5078d61346ac9a94ca37a547f5708d580528c9e55c0,/Users/user/mobbin-sides/screen-flows/revolut-business/139-revolut-business-inviting-a-team-member-2e33c47f-4b7a-4a0e-890e-045e31f07c6d/005-756f13c1-f840-4e1a-98b3-3724cbca1205-downloadableSrc-7502335923cd.webp
2e33c47f-4b7a-4a0e-890e-045e31f07c6d,Inviting a team member,93ad9ceb-a163-41da-ba7a-9f07c737fc2a,Revolut Business,0c4c334c-e3a5-4395-89be-c7666aaafdf5,5,6,87e49fdd-ecef-4ed6-a937-d7f0504039df,true,downloadableSrc,200,image/webp,60440,60440,2dc760d68ebf97f0c6687e6f40ce230b09db146b37380f8bc1bc6e2b367189fb,1179,2676,,,bytescale.mobbin.com,f7a1807c1ac98ccf0eecf5078d61346ac9a94ca37a547f5708d580528c9e55c0,/Users/user/mobbin-sides/screen-flows/revolut-business/139-revolut-business-inviting-a-team-member-2e33c47f-4b7a-4a0e-890e-045e31f07c6d/006-87e49fdd-ecef-4ed6-a937-d7f0504039df-downloadableSrc-2dc760d68ebf.webp
2e33c47f-4b7a-4a0e-890e-045e31f07c6d,Inviting a team member,93ad9ceb-a163-41da-ba7a-9f07c737fc2a,Revolut Business,0c4c334c-e3a5-4395-89be-c7666aaafdf5,6,7,4681261e-c6b1-49e6-8695-a6609bf5e354,true,downloadableSrc,200,image/webp,20682,20682,e0b12080321c2727038b396036e7344dc9a55ee2b99acf84af655b21a17a3cf4,1179,2676,,,bytescale.mobbin.com,f7a1807c1ac98ccf0eecf5078d61346ac9a94ca37a547f5708d580528c9e55c0,/Users/user/mobbin-sides/screen-flows/revolut-business/139-revolut-business-inviting-a-team-member-2e33c47f-4b7a-4a0e-890e-045e31f07c6d/007-4681261e-c6b1-49e6-8695-a6609bf5e354-downloadableSrc-e0b12080321c.webp
2e33c47f-4b7a-4a0e-890e-045e31f07c6d,Inviting a team member,93ad9ceb-a163-41da-ba7a-9f07c737fc2a,Revolut Business,0c4c334c-e3a5-4395-89be-c7666aaafdf5,7,8,7562b48a-db4e-4121-8d90-4f8c52c2e03f,true,downloadableSrc,200,image/webp,23044,23044,dbae0f77a67309a1f4baee1e7b9e60415b94b4eda3180c29e889dd2272608a89,1179,2676,,,bytescale.mobbin.com,f7a1807c1ac98ccf0eecf5078d61346ac9a94ca37a547f5708d580528c9e55c0,/Users/user/mobbin-sides/screen-flows/revolut-business/139-revolut-business-inviting-a-team-member-2e33c47f-4b7a-4a0e-890e-045e31f07c6d/008-7562b48a-db4e-4121-8d90-4f8c52c2e03f-downloadableSrc-dbae0f77a673.webp
2e33c47f-4b7a-4a0e-890e-045e31f07c6d,Inviting a team member,93ad9ceb-a163-41da-ba7a-9f07c737fc2a,Revolut Business,0c4c334c-e3a5-4395-89be-c7666aaafdf5,8,9,9a5cfa73-695e-4bc5-802b-f4f4d2241f9c,true,downloadableSrc,200,image/webp,41962,41962,d5f9fdcca67faa39db00734f30b1dcb8075f6a9bcfd8e502093191eb3275a79c,1179,2676,,,bytescale.mobbin.com,f7a1807c1ac98ccf0eecf5078d61346ac9a94ca37a547f5708d580528c9e55c0,/Users/user/mobbin-sides/screen-flows/revolut-business/139-revolut-business-inviting-a-team-member-2e33c47f-4b7a-4a0e-890e-045e31f07c6d/009-9a5cfa73-695e-4bc5-802b-f4f4d2241f9c-downloadableSrc-d5f9fdcca67f.webp
e9811063-b364-47bb-bb3a-5141a6d085e9,Adding a role,93ad9ceb-a163-41da-ba7a-9f07c737fc2a,Revolut Business,0c4c334c-e3a5-4395-89be-c7666aaafdf5,0,1,cad792a3-ad30-4bc7-8e0b-d27587b98037,true,downloadableSrc,200,image/webp,80160,80160,6308fa9a77b0d45f3a59dce60dabe49ed7b1d073c4970b6734290b608f536d11,1179,2676,,,bytescale.mobbin.com,f7a1807c1ac98ccf0eecf5078d61346ac9a94ca37a547f5708d580528c9e55c0,/Users/user/mobbin-sides/screen-flows/revolut-business/140-revolut-business-adding-a-role-e9811063-b364-47bb-bb3a-5141a6d085e9/001-cad792a3-ad30-4bc7-8e0b-d27587b98037-downloadableSrc-6308fa9a77b0.webp
e9811063-b364-47bb-bb3a-5141a6d085e9,Adding a role,93ad9ceb-a163-41da-ba7a-9f07c737fc2a,Revolut Business,0c4c334c-e3a5-4395-89be-c7666aaafdf5,1,2,656d5806-d3a9-43d1-a4ee-b1c44611ea06,true,downloadableSrc,200,image/webp,42768,42768,ed974adda16d529261d45923142880312a528aa69bb5c474a1d0d6efdb164409,1179,2676,,,bytescale.mobbin.com,f7a1807c1ac98ccf0eecf5078d61346ac9a94ca37a547f5708d580528c9e55c0,/Users/user/mobbin-sides/screen-flows/revolut-business/140-revolut-business-adding-a-role-e9811063-b364-47bb-bb3a-5141a6d085e9/002-656d5806-d3a9-43d1-a4ee-b1c44611ea06-downloadableSrc-ed974adda16d.webp
e9811063-b364-47bb-bb3a-5141a6d085e9,Adding a role,93ad9ceb-a163-41da-ba7a-9f07c737fc2a,Revolut Business,0c4c334c-e3a5-4395-89be-c7666aaafdf5,2,3,afeb7673-8434-40d9-8ce7-ebebd4b82822,true,downloadableSrc,200,image/webp,45582,45582,e3c06c956c6c3034fc5a34989514bf790e1b3fec7aa014572139b6838921c360,1179,2676,,,bytescale.mobbin.com,f7a1807c1ac98ccf0eecf5078d61346ac9a94ca37a547f5708d580528c9e55c0,/Users/user/mobbin-sides/screen-flows/revolut-business/140-revolut-business-adding-a-role-e9811063-b364-47bb-bb3a-5141a6d085e9/003-afeb7673-8434-40d9-8ce7-ebebd4b82822-downloadableSrc-e3c06c956c6c.webp
e9811063-b364-47bb-bb3a-5141a6d085e9,Adding a role,93ad9ceb-a163-41da-ba7a-9f07c737fc2a,Revolut Business,0c4c334c-e3a5-4395-89be-c7666aaafdf5,3,4,4942251e-3e8d-4e92-9c05-15c9940ea65f,true,downloadableSrc,200,image/webp,43326,43326,ffc2ee27c59a259f454abdfaa227ea5b945a58cd66a7258f03093d2cc2545a2c,1179,2676,,,bytescale.mobbin.com,f7a1807c1ac98ccf0eecf5078d61346ac9a94ca37a547f5708d580528c9e55c0,/Users/user/mobbin-sides/screen-flows/revolut-business/140-revolut-business-adding-a-role-e9811063-b364-47bb-bb3a-5141a6d085e9/004-4942251e-3e8d-4e92-9c05-15c9940ea65f-downloadableSrc-ffc2ee27c59a.webp
e9811063-b364-47bb-bb3a-5141a6d085e9,Adding a role,93ad9ceb-a163-41da-ba7a-9f07c737fc2a,Revolut Business,0c4c334c-e3a5-4395-89be-c7666aaafdf5,4,5,0d86e8ef-5930-4de8-90f3-f75c473ed234,true,downloadableSrc,200,image/webp,60790,60790,22f93811115d2be4b3ab291136e544892f4b6687e03bc8d9bca7a4493ea32a99,1179,2676,,,bytescale.mobbin.com,f7a1807c1ac98ccf0eecf5078d61346ac9a94ca37a547f5708d580528c9e55c0,/Users/user/mobbin-sides/screen-flows/revolut-business/140-revolut-business-adding-a-role-e9811063-b364-47bb-bb3a-5141a6d085e9/005-0d86e8ef-5930-4de8-90f3-f75c473ed234-downloadableSrc-22f93811115d.webp
83e1e805-00d8-4a37-9631-f3bdba197de1,Updating a role access,93ad9ceb-a163-41da-ba7a-9f07c737fc2a,Revolut Business,0c4c334c-e3a5-4395-89be-c7666aaafdf5,0,1,0d86e8ef-5930-4de8-90f3-f75c473ed234,true,downloadableSrc,200,image/webp,60790,60790,22f93811115d2be4b3ab291136e544892f4b6687e03bc8d9bca7a4493ea32a99,1179,2676,,,bytescale.mobbin.com,f7a1807c1ac98ccf0eecf5078d61346ac9a94ca37a547f5708d580528c9e55c0,/Users/user/mobbin-sides/screen-flows/revolut-business/141-revolut-business-updating-a-role-access-83e1e805-00d8-4a37-9631-f3bdba197de1/001-0d86e8ef-5930-4de8-90f3-f75c473ed234-downloadableSrc-22f93811115d.webp
83e1e805-00d8-4a37-9631-f3bdba197de1,Updating a role access,93ad9ceb-a163-41da-ba7a-9f07c737fc2a,Revolut Business,0c4c334c-e3a5-4395-89be-c7666aaafdf5,1,2,88819f9d-a35f-49ea-9428-92175c5b9238,true,downloadableSrc,200,image/webp,93852,93852,a067ed66f2afe191abff4c2fb949d3da3045c52e2d15951bcd786f2fc582e0f0,1179,2676,,,bytescale.mobbin.com,f7a1807c1ac98ccf0eecf5078d61346ac9a94ca37a547f5708d580528c9e55c0,/Users/user/mobbin-sides/screen-flows/revolut-business/141-revolut-business-updating-a-role-access-83e1e805-00d8-4a37-9631-f3bdba197de1/002-88819f9d-a35f-49ea-9428-92175c5b9238-downloadableSrc-a067ed66f2af.webp
83e1e805-00d8-4a37-9631-f3bdba197de1,Updating a role access,93ad9ceb-a163-41da-ba7a-9f07c737fc2a,Revolut Business,0c4c334c-e3a5-4395-89be-c7666aaafdf5,2,3,fe79ccd3-e406-47a6-bc81-02aa344881bb,true,downloadableSrc,200,image/webp,96372,96372,458c9841955a9771aa8dc147e567e1ebc15aee174a8f46682ecaa27b313b3069,1179,2676,,,bytescale.mobbin.com,f7a1807c1ac98ccf0eecf5078d61346ac9a94ca37a547f5708d580528c9e55c0,/Users/user/mobbin-sides/screen-flows/revolut-business/141-revolut-business-updating-a-role-access-83e1e805-00d8-4a37-9631-f3bdba197de1/003-fe79ccd3-e406-47a6-bc81-02aa344881bb-downloadableSrc-458c9841955a.webp
83e1e805-00d8-4a37-9631-f3bdba197de1,Updating a role access,93ad9ceb-a163-41da-ba7a-9f07c737fc2a,Revolut Business,0c4c334c-e3a5-4395-89be-c7666aaafdf5,3,4,aac9355e-c219-4fde-9ba0-b2237204d343,true,downloadableSrc,200,image/webp,65998,65998,475ff5a14b251ad570aa283b8012d400eb0bb6b30f80f3c21bd2cbd9c203154e,1179,2676,,,bytescale.mobbin.com,f7a1807c1ac98ccf0eecf5078d61346ac9a94ca37a547f5708d580528c9e55c0,/Users/user/mobbin-sides/screen-flows/revolut-business/141-revolut-business-updating-a-role-access-83e1e805-00d8-4a37-9631-f3bdba197de1/004-aac9355e-c219-4fde-9ba0-b2237204d343-downloadableSrc-475ff5a14b25.webp
83e1e805-00d8-4a37-9631-f3bdba197de1,Updating a role access,93ad9ceb-a163-41da-ba7a-9f07c737fc2a,Revolut Business,0c4c334c-e3a5-4395-89be-c7666aaafdf5,4,5,c5934f08-39e4-481c-aa46-87b5f7bf4386,true,downloadableSrc,200,image/webp,39322,39322,cfc4ed9fc436329cd6bb25794c660884738dd8d5392dea1e86a842587f6a6bed,1179,2676,,,bytescale.mobbin.com,f7a1807c1ac98ccf0eecf5078d61346ac9a94ca37a547f5708d580528c9e55c0,/Users/user/mobbin-sides/screen-flows/revolut-business/141-revolut-business-updating-a-role-access-83e1e805-00d8-4a37-9631-f3bdba197de1/005-c5934f08-39e4-481c-aa46-87b5f7bf4386-downloadableSrc-cfc4ed9fc436.webp
f397b947-3282-447c-a4cb-1364f6981bbd,Team settings,93ad9ceb-a163-41da-ba7a-9f07c737fc2a,Revolut Business,0c4c334c-e3a5-4395-89be-c7666aaafdf5,0,1,f2037916-66ac-4617-9aee-1bbde78e9568,true,downloadableSrc,200,image/webp,30470,30470,7eab852b78d37f3dd0b87c1fbc3b2758614fecd5b785f43b23ea4923ecd90064,1179,2676,,,bytescale.mobbin.com,f7a1807c1ac98ccf0eecf5078d61346ac9a94ca37a547f5708d580528c9e55c0,/Users/user/mobbin-sides/screen-flows/revolut-business/142-revolut-business-team-settings-f397b947-3282-447c-a4cb-1364f6981bbd/001-f2037916-66ac-4617-9aee-1bbde78e9568-downloadableSrc-7eab852b78d3.webp
f397b947-3282-447c-a4cb-1364f6981bbd,Team settings,93ad9ceb-a163-41da-ba7a-9f07c737fc2a,Revolut Business,0c4c334c-e3a5-4395-89be-c7666aaafdf5,1,2,3a0c956c-c13a-4a9a-b3a5-6819a661f133,true,downloadableSrc,200,image/webp,71876,71876,07d22ba25fe0cd2fe69124156b4607939ff3e7544831d9c813aaa8f1f62733a3,1179,2676,,,bytescale.mobbin.com,f7a1807c1ac98ccf0eecf5078d61346ac9a94ca37a547f5708d580528c9e55c0,/Users/user/mobbin-sides/screen-flows/revolut-business/142-revolut-business-team-settings-f397b947-3282-447c-a4cb-1364f6981bbd/002-3a0c956c-c13a-4a9a-b3a5-6819a661f133-downloadableSrc-07d22ba25fe0.webp
da187d91-c518-49c0-b354-ec2a1fbb52d2,Departments,93ad9ceb-a163-41da-ba7a-9f07c737fc2a,Revolut Business,0c4c334c-e3a5-4395-89be-c7666aaafdf5,0,1,3a0c956c-c13a-4a9a-b3a5-6819a661f133,true,downloadableSrc,200,image/webp,71876,71876,07d22ba25fe0cd2fe69124156b4607939ff3e7544831d9c813aaa8f1f62733a3,1179,2676,,,bytescale.mobbin.com,f7a1807c1ac98ccf0eecf5078d61346ac9a94ca37a547f5708d580528c9e55c0,/Users/user/mobbin-sides/screen-flows/revolut-business/143-revolut-business-departments-da187d91-c518-49c0-b354-ec2a1fbb52d2/001-3a0c956c-c13a-4a9a-b3a5-6819a661f133-downloadableSrc-07d22ba25fe0.webp
da187d91-c518-49c0-b354-ec2a1fbb52d2,Departments,93ad9ceb-a163-41da-ba7a-9f07c737fc2a,Revolut Business,0c4c334c-e3a5-4395-89be-c7666aaafdf5,1,2,79cde0a1-f06f-42b1-a2e0-aa070b35f79c,true,downloadableSrc,200,image/webp,64464,64464,afa262b3dd67ecd239d0548b098f54f2d05651f14e353e997df063e4a66444f6,1179,2676,,,bytescale.mobbin.com,f7a1807c1ac98ccf0eecf5078d61346ac9a94ca37a547f5708d580528c9e55c0,/Users/user/mobbin-sides/screen-flows/revolut-business/143-revolut-business-departments-da187d91-c518-49c0-b354-ec2a1fbb52d2/002-79cde0a1-f06f-42b1-a2e0-aa070b35f79c-downloadableSrc-afa262b3dd67.webp
da187d91-c518-49c0-b354-ec2a1fbb52d2,Departments,93ad9ceb-a163-41da-ba7a-9f07c737fc2a,Revolut Business,0c4c334c-e3a5-4395-89be-c7666aaafdf5,2,3,01f53db0-2a4b-498f-913a-833d790bfd98,true,downloadableSrc,200,image/webp,56794,56794,eaabe9bb25a5b53f45423e1f7e6b751eab7f39cc2fcdd3b45b5686482af936c8,1179,2676,,,bytescale.mobbin.com,f7a1807c1ac98ccf0eecf5078d61346ac9a94ca37a547f5708d580528c9e55c0,/Users/user/mobbin-sides/screen-flows/revolut-business/143-revolut-business-departments-da187d91-c518-49c0-b354-ec2a1fbb52d2/003-01f53db0-2a4b-498f-913a-833d790bfd98-downloadableSrc-eaabe9bb25a5.webp
108723bd-6b91-4661-b62b-873933e5e95e,Creating a department,93ad9ceb-a163-41da-ba7a-9f07c737fc2a,Revolut Business,0c4c334c-e3a5-4395-89be-c7666aaafdf5,0,1,79cde0a1-f06f-42b1-a2e0-aa070b35f79c,true,downloadableSrc,200,image/webp,64464,64464,afa262b3dd67ecd239d0548b098f54f2d05651f14e353e997df063e4a66444f6,1179,2676,,,bytescale.mobbin.com,f7a1807c1ac98ccf0eecf5078d61346ac9a94ca37a547f5708d580528c9e55c0,/Users/user/mobbin-sides/screen-flows/revolut-business/144-revolut-business-creating-a-department-108723bd-6b91-4661-b62b-873933e5e95e/001-79cde0a1-f06f-42b1-a2e0-aa070b35f79c-downloadableSrc-afa262b3dd67.webp
108723bd-6b91-4661-b62b-873933e5e95e,Creating a department,93ad9ceb-a163-41da-ba7a-9f07c737fc2a,Revolut Business,0c4c334c-e3a5-4395-89be-c7666aaafdf5,1,2,d46a6d24-df7e-4012-a0aa-d57159c8a382,true,downloadableSrc,200,image/webp,43772,43772,5fb6b22c971bca0d419054fd5ef8bd168d5b871b28b2b30375e57ea5855a4172,1179,2676,,,bytescale.mobbin.com,f7a1807c1ac98ccf0eecf5078d61346ac9a94ca37a547f5708d580528c9e55c0,/Users/user/mobbin-sides/screen-flows/revolut-business/144-revolut-business-creating-a-department-108723bd-6b91-4661-b62b-873933e5e95e/002-d46a6d24-df7e-4012-a0aa-d57159c8a382-downloadableSrc-5fb6b22c971b.webp
108723bd-6b91-4661-b62b-873933e5e95e,Creating a department,93ad9ceb-a163-41da-ba7a-9f07c737fc2a,Revolut Business,0c4c334c-e3a5-4395-89be-c7666aaafdf5,2,3,b17703fc-0463-46bd-941e-847ecedd1ce5,true,downloadableSrc,200,image/webp,46424,46424,ea9427ff3ccc5426c1560cbaa4467da10eba9761ff03f162beb79c2769c353f4,1179,2676,,,bytescale.mobbin.com,f7a1807c1ac98ccf0eecf5078d61346ac9a94ca37a547f5708d580528c9e55c0,/Users/user/mobbin-sides/screen-flows/revolut-business/144-revolut-business-creating-a-department-108723bd-6b91-4661-b62b-873933e5e95e/003-b17703fc-0463-46bd-941e-847ecedd1ce5-downloadableSrc-ea9427ff3ccc.webp
108723bd-6b91-4661-b62b-873933e5e95e,Creating a department,93ad9ceb-a163-41da-ba7a-9f07c737fc2a,Revolut Business,0c4c334c-e3a5-4395-89be-c7666aaafdf5,3,4,e8e96d47-3cdd-417a-8915-51427056f4fe,true,downloadableSrc,200,image/webp,33678,33678,b3159d32fa1222973d05264db8fd3fc3967d0f749e5e8fb7352f52f92462a044,1179,2676,,,bytescale.mobbin.com,f7a1807c1ac98ccf0eecf5078d61346ac9a94ca37a547f5708d580528c9e55c0,/Users/user/mobbin-sides/screen-flows/revolut-business/144-revolut-business-creating-a-department-108723bd-6b91-4661-b62b-873933e5e95e/004-e8e96d47-3cdd-417a-8915-51427056f4fe-downloadableSrc-b3159d32fa12.webp
108723bd-6b91-4661-b62b-873933e5e95e,Creating a department,93ad9ceb-a163-41da-ba7a-9f07c737fc2a,Revolut Business,0c4c334c-e3a5-4395-89be-c7666aaafdf5,4,5,82a26dba-f3c8-41b0-87e8-213749411fa9,true,downloadableSrc,200,image/webp,35260,35260,fec032d023b70e6175808ad89e2892f9547582781fa75e5abab1afe0f1e50605,1179,2676,,,bytescale.mobbin.com,f7a1807c1ac98ccf0eecf5078d61346ac9a94ca37a547f5708d580528c9e55c0,/Users/user/mobbin-sides/screen-flows/revolut-business/144-revolut-business-creating-a-department-108723bd-6b91-4661-b62b-873933e5e95e/005-82a26dba-f3c8-41b0-87e8-213749411fa9-downloadableSrc-fec032d023b7.webp
108723bd-6b91-4661-b62b-873933e5e95e,Creating a department,93ad9ceb-a163-41da-ba7a-9f07c737fc2a,Revolut Business,0c4c334c-e3a5-4395-89be-c7666aaafdf5,5,6,3e2f6ce1-37d3-431f-8a70-a90827e1334c,true,downloadableSrc,200,image/webp,26868,26868,87f42dce890befa4dcbec89942b2eff7d497c1c799a00d3ddac091ab0501febd,1179,2676,,,bytescale.mobbin.com,f7a1807c1ac98ccf0eecf5078d61346ac9a94ca37a547f5708d580528c9e55c0,/Users/user/mobbin-sides/screen-flows/revolut-business/144-revolut-business-creating-a-department-108723bd-6b91-4661-b62b-873933e5e95e/006-3e2f6ce1-37d3-431f-8a70-a90827e1334c-downloadableSrc-87f42dce890b.webp
c3b9025f-9e79-4d5e-b0fd-9361a7de2452,Rewards,93ad9ceb-a163-41da-ba7a-9f07c737fc2a,Revolut Business,0c4c334c-e3a5-4395-89be-c7666aaafdf5,0,1,65af586f-17cf-4b02-b9a9-cfed3491affc,true,downloadableSrc,200,image/webp,77052,77052,76393672bbe82a4c12e41f2506d04c1e806985613a6f9ffb29f36b54c37f5e32,1179,2676,,,bytescale.mobbin.com,f7a1807c1ac98ccf0eecf5078d61346ac9a94ca37a547f5708d580528c9e55c0,/Users/user/mobbin-sides/screen-flows/revolut-business/145-revolut-business-rewards-c3b9025f-9e79-4d5e-b0fd-9361a7de2452/001-65af586f-17cf-4b02-b9a9-cfed3491affc-downloadableSrc-76393672bbe8.webp
c3b9025f-9e79-4d5e-b0fd-9361a7de2452,Rewards,93ad9ceb-a163-41da-ba7a-9f07c737fc2a,Revolut Business,0c4c334c-e3a5-4395-89be-c7666aaafdf5,1,2,cd44ef4c-e8c8-40e0-9bb5-e796b2d3ed0f,true,downloadableSrc,200,image/webp,86894,86894,dd3b4890d854517a98acb9e22e0e98606bc347b87da5d45ddf49bd21779a3ac5,1179,2676,,,bytescale.mobbin.com,f7a1807c1ac98ccf0eecf5078d61346ac9a94ca37a547f5708d580528c9e55c0,/Users/user/mobbin-sides/screen-flows/revolut-business/145-revolut-business-rewards-c3b9025f-9e79-4d5e-b0fd-9361a7de2452/002-cd44ef4c-e8c8-40e0-9bb5-e796b2d3ed0f-downloadableSrc-dd3b4890d854.webp
c3b9025f-9e79-4d5e-b0fd-9361a7de2452,Rewards,93ad9ceb-a163-41da-ba7a-9f07c737fc2a,Revolut Business,0c4c334c-e3a5-4395-89be-c7666aaafdf5,2,3,402a3a9a-8caa-4048-b8dc-e9bfa2b5dc07,true,downloadableSrc,200,image/webp,94388,94388,c8d77bf213e9589ee789954d1caf072e9f77412dc3467cb131f9a25ce657cc5c,1179,2676,,,bytescale.mobbin.com,f7a1807c1ac98ccf0eecf5078d61346ac9a94ca37a547f5708d580528c9e55c0,/Users/user/mobbin-sides/screen-flows/revolut-business/145-revolut-business-rewards-c3b9025f-9e79-4d5e-b0fd-9361a7de2452/003-402a3a9a-8caa-4048-b8dc-e9bfa2b5dc07-downloadableSrc-c8d77bf213e9.webp
07081277-247c-49bb-8063-ba7b7fffb607,Reward detail,93ad9ceb-a163-41da-ba7a-9f07c737fc2a,Revolut Business,0c4c334c-e3a5-4395-89be-c7666aaafdf5,0,1,cd44ef4c-e8c8-40e0-9bb5-e796b2d3ed0f,true,downloadableSrc,200,image/webp,86894,86894,dd3b4890d854517a98acb9e22e0e98606bc347b87da5d45ddf49bd21779a3ac5,1179,2676,,,bytescale.mobbin.com,f7a1807c1ac98ccf0eecf5078d61346ac9a94ca37a547f5708d580528c9e55c0,/Users/user/mobbin-sides/screen-flows/revolut-business/146-revolut-business-reward-detail-07081277-247c-49bb-8063-ba7b7fffb607/001-cd44ef4c-e8c8-40e0-9bb5-e796b2d3ed0f-downloadableSrc-dd3b4890d854.webp
07081277-247c-49bb-8063-ba7b7fffb607,Reward detail,93ad9ceb-a163-41da-ba7a-9f07c737fc2a,Revolut Business,0c4c334c-e3a5-4395-89be-c7666aaafdf5,1,2,3c55be04-795b-4a81-bfd5-ec2e885c729d,true,downloadableSrc,200,image/webp,86530,86530,a59a136beb9a646736104ad74bb8123227ebc48b21b010a9e40d8453f2ef4c2e,1179,2676,,,bytescale.mobbin.com,f7a1807c1ac98ccf0eecf5078d61346ac9a94ca37a547f5708d580528c9e55c0,/Users/user/mobbin-sides/screen-flows/revolut-business/146-revolut-business-reward-detail-07081277-247c-49bb-8063-ba7b7fffb607/002-3c55be04-795b-4a81-bfd5-ec2e885c729d-downloadableSrc-a59a136beb9a.webp
07081277-247c-49bb-8063-ba7b7fffb607,Reward detail,93ad9ceb-a163-41da-ba7a-9f07c737fc2a,Revolut Business,0c4c334c-e3a5-4395-89be-c7666aaafdf5,2,3,cbd667c5-3ca8-4af3-87f2-a6ebba7724e3,true,downloadableSrc,200,image/webp,118848,118848,3abdfaf6e2f2fbda70553cff33a053d4142e8091616bc2f06782097c9598f08f,1179,2676,,,bytescale.mobbin.com,f7a1807c1ac98ccf0eecf5078d61346ac9a94ca37a547f5708d580528c9e55c0,/Users/user/mobbin-sides/screen-flows/revolut-business/146-revolut-business-reward-detail-07081277-247c-49bb-8063-ba7b7fffb607/003-cbd667c5-3ca8-4af3-87f2-a6ebba7724e3-downloadableSrc-3abdfaf6e2f2.webp
07081277-247c-49bb-8063-ba7b7fffb607,Reward detail,93ad9ceb-a163-41da-ba7a-9f07c737fc2a,Revolut Business,0c4c334c-e3a5-4395-89be-c7666aaafdf5,3,4,f93ddd8d-443a-44d5-8deb-ec029728112e,true,downloadableSrc,200,image/webp,83972,83972,97994d14ccb0dfc7b8678bebca70df50c1ee63fc5d3cee47437e3a7e76779a7b,1179,2676,,,bytescale.mobbin.com,f7a1807c1ac98ccf0eecf5078d61346ac9a94ca37a547f5708d580528c9e55c0,/Users/user/mobbin-sides/screen-flows/revolut-business/146-revolut-business-reward-detail-07081277-247c-49bb-8063-ba7b7fffb607/004-f93ddd8d-443a-44d5-8deb-ec029728112e-downloadableSrc-97994d14ccb0.webp
f496e5b0-139f-405d-83b5-3bffd386a0dd,Liking a reward,93ad9ceb-a163-41da-ba7a-9f07c737fc2a,Revolut Business,0c4c334c-e3a5-4395-89be-c7666aaafdf5,0,1,cbd667c5-3ca8-4af3-87f2-a6ebba7724e3,true,downloadableSrc,200,image/webp,118848,118848,3abdfaf6e2f2fbda70553cff33a053d4142e8091616bc2f06782097c9598f08f,1179,2676,,,bytescale.mobbin.com,f7a1807c1ac98ccf0eecf5078d61346ac9a94ca37a547f5708d580528c9e55c0,/Users/user/mobbin-sides/screen-flows/revolut-business/147-revolut-business-liking-a-reward-f496e5b0-139f-405d-83b5-3bffd386a0dd/001-cbd667c5-3ca8-4af3-87f2-a6ebba7724e3-downloadableSrc-3abdfaf6e2f2.webp
f496e5b0-139f-405d-83b5-3bffd386a0dd,Liking a reward,93ad9ceb-a163-41da-ba7a-9f07c737fc2a,Revolut Business,0c4c334c-e3a5-4395-89be-c7666aaafdf5,1,2,7dbfcb57-8065-4659-98db-e059ef08d8c3,true,downloadableSrc,200,image/webp,112942,112942,ab0d6f8f8c823c2c100ca1d6235534c2b26b41abab1e549b830eef4680cc2197,1179,2676,,,bytescale.mobbin.com,f7a1807c1ac98ccf0eecf5078d61346ac9a94ca37a547f5708d580528c9e55c0,/Users/user/mobbin-sides/screen-flows/revolut-business/147-revolut-business-liking-a-reward-f496e5b0-139f-405d-83b5-3bffd386a0dd/002-7dbfcb57-8065-4659-98db-e059ef08d8c3-downloadableSrc-ab0d6f8f8c82.webp
1ad68ec7-70c7-4107-8f6e-eb100e84fc49,Help,93ad9ceb-a163-41da-ba7a-9f07c737fc2a,Revolut Business,0c4c334c-e3a5-4395-89be-c7666aaafdf5,0,1,65af586f-17cf-4b02-b9a9-cfed3491affc,true,downloadableSrc,200,image/webp,77052,77052,76393672bbe82a4c12e41f2506d04c1e806985613a6f9ffb29f36b54c37f5e32,1179,2676,,,bytescale.mobbin.com,f7a1807c1ac98ccf0eecf5078d61346ac9a94ca37a547f5708d580528c9e55c0,/Users/user/mobbin-sides/screen-flows/revolut-business/148-revolut-business-help-1ad68ec7-70c7-4107-8f6e-eb100e84fc49/001-65af586f-17cf-4b02-b9a9-cfed3491affc-downloadableSrc-76393672bbe8.webp
1ad68ec7-70c7-4107-8f6e-eb100e84fc49,Help,93ad9ceb-a163-41da-ba7a-9f07c737fc2a,Revolut Business,0c4c334c-e3a5-4395-89be-c7666aaafdf5,1,2,90b8ccd4-3238-497e-9382-a639d8ede06b,true,downloadableSrc,200,image/webp,76442,76442,ecd3c07a81a7a893e9c824421eaa8a4278c347ed0d24f70a9e891b754fc5dd51,1179,2676,,,bytescale.mobbin.com,f7a1807c1ac98ccf0eecf5078d61346ac9a94ca37a547f5708d580528c9e55c0,/Users/user/mobbin-sides/screen-flows/revolut-business/148-revolut-business-help-1ad68ec7-70c7-4107-8f6e-eb100e84fc49/002-90b8ccd4-3238-497e-9382-a639d8ede06b-downloadableSrc-ecd3c07a81a7.webp
1ad68ec7-70c7-4107-8f6e-eb100e84fc49,Help,93ad9ceb-a163-41da-ba7a-9f07c737fc2a,Revolut Business,0c4c334c-e3a5-4395-89be-c7666aaafdf5,2,3,b775db96-69c6-4244-b891-f0740f3e5d40,true,downloadableSrc,200,image/webp,66844,66844,a2a9f985f874427af3da883a6c416a843cf88d6bab4921a7117aeb72f56d03c0,1179,2676,,,bytescale.mobbin.com,f7a1807c1ac98ccf0eecf5078d61346ac9a94ca37a547f5708d580528c9e55c0,/Users/user/mobbin-sides/screen-flows/revolut-business/148-revolut-business-help-1ad68ec7-70c7-4107-8f6e-eb100e84fc49/003-b775db96-69c6-4244-b891-f0740f3e5d40-downloadableSrc-a2a9f985f874.webp
1ad68ec7-70c7-4107-8f6e-eb100e84fc49,Help,93ad9ceb-a163-41da-ba7a-9f07c737fc2a,Revolut Business,0c4c334c-e3a5-4395-89be-c7666aaafdf5,3,4,ad68b80c-6972-49b4-997b-63dbd44b4d77,true,downloadableSrc,200,image/webp,176052,176052,84734606075dbacdd673f185ed8f8071de54f557b70028282ffafdae6745007d,1179,2676,,,bytescale.mobbin.com,f7a1807c1ac98ccf0eecf5078d61346ac9a94ca37a547f5708d580528c9e55c0,/Users/user/mobbin-sides/screen-flows/revolut-business/148-revolut-business-help-1ad68ec7-70c7-4107-8f6e-eb100e84fc49/004-ad68b80c-6972-49b4-997b-63dbd44b4d77-downloadableSrc-84734606075d.webp
5db9c527-e669-49b0-a40e-d1bdd39c9041,Bespoke account support,93ad9ceb-a163-41da-ba7a-9f07c737fc2a,Revolut Business,0c4c334c-e3a5-4395-89be-c7666aaafdf5,0,1,65af586f-17cf-4b02-b9a9-cfed3491affc,true,downloadableSrc,200,image/webp,77052,77052,76393672bbe82a4c12e41f2506d04c1e806985613a6f9ffb29f36b54c37f5e32,1179,2676,,,bytescale.mobbin.com,f7a1807c1ac98ccf0eecf5078d61346ac9a94ca37a547f5708d580528c9e55c0,/Users/user/mobbin-sides/screen-flows/revolut-business/149-revolut-business-bespoke-account-support-5db9c527-e669-49b0-a40e-d1bdd39c9041/001-65af586f-17cf-4b02-b9a9-cfed3491affc-downloadableSrc-76393672bbe8.webp
5db9c527-e669-49b0-a40e-d1bdd39c9041,Bespoke account support,93ad9ceb-a163-41da-ba7a-9f07c737fc2a,Revolut Business,0c4c334c-e3a5-4395-89be-c7666aaafdf5,1,2,0c95313b-b0a6-44db-b0fb-dede135eea70,true,downloadableSrc,200,image/webp,112794,112794,e0bcb1edbbf8b2a3ec85afdff8b1f2b8b36894cbf770a9f43acd9d577eff1277,1179,2676,,,bytescale.mobbin.com,f7a1807c1ac98ccf0eecf5078d61346ac9a94ca37a547f5708d580528c9e55c0,/Users/user/mobbin-sides/screen-flows/revolut-business/149-revolut-business-bespoke-account-support-5db9c527-e669-49b0-a40e-d1bdd39c9041/002-0c95313b-b0a6-44db-b0fb-dede135eea70-downloadableSrc-e0bcb1edbbf8.webp
2021adba-e9f5-4c4c-8fd8-1b73511293ff,Inbox,93ad9ceb-a163-41da-ba7a-9f07c737fc2a,Revolut Business,0c4c334c-e3a5-4395-89be-c7666aaafdf5,0,1,65af586f-17cf-4b02-b9a9-cfed3491affc,true,downloadableSrc,200,image/webp,77052,77052,76393672bbe82a4c12e41f2506d04c1e806985613a6f9ffb29f36b54c37f5e32,1179,2676,,,bytescale.mobbin.com,f7a1807c1ac98ccf0eecf5078d61346ac9a94ca37a547f5708d580528c9e55c0,/Users/user/mobbin-sides/screen-flows/revolut-business/150-revolut-business-inbox-2021adba-e9f5-4c4c-8fd8-1b73511293ff/001-65af586f-17cf-4b02-b9a9-cfed3491affc-downloadableSrc-76393672bbe8.webp
2021adba-e9f5-4c4c-8fd8-1b73511293ff,Inbox,93ad9ceb-a163-41da-ba7a-9f07c737fc2a,Revolut Business,0c4c334c-e3a5-4395-89be-c7666aaafdf5,1,2,edb54f3a-aa75-4aa4-a6d1-189780851ff9,true,downloadableSrc,200,image/webp,94900,94900,05356e82d070c0d77e8911ea368d385edca6acc1a05de0c8cd081bf2ee686739,1179,2676,,,bytescale.mobbin.com,f7a1807c1ac98ccf0eecf5078d61346ac9a94ca37a547f5708d580528c9e55c0,/Users/user/mobbin-sides/screen-flows/revolut-business/150-revolut-business-inbox-2021adba-e9f5-4c4c-8fd8-1b73511293ff/002-edb54f3a-aa75-4aa4-a6d1-189780851ff9-downloadableSrc-05356e82d070.webp
bdf77ff3-786b-4c51-a182-c4e0080a6000,Receipts,93ad9ceb-a163-41da-ba7a-9f07c737fc2a,Revolut Business,0c4c334c-e3a5-4395-89be-c7666aaafdf5,0,1,306687c3-03e3-4ed3-9ab7-fc9c179b4705,true,downloadableSrc,200,image/webp,59238,59238,922aa54d150c0af8c3fad912e92c1fd9dedb7b9329fdad883a08db90b65d5477,1179,2676,,,bytescale.mobbin.com,f7a1807c1ac98ccf0eecf5078d61346ac9a94ca37a547f5708d580528c9e55c0,/Users/user/mobbin-sides/screen-flows/revolut-business/151-revolut-business-receipts-bdf77ff3-786b-4c51-a182-c4e0080a6000/001-306687c3-03e3-4ed3-9ab7-fc9c179b4705-downloadableSrc-922aa54d150c.webp
bdf77ff3-786b-4c51-a182-c4e0080a6000,Receipts,93ad9ceb-a163-41da-ba7a-9f07c737fc2a,Revolut Business,0c4c334c-e3a5-4395-89be-c7666aaafdf5,1,2,9b1a3878-fe67-4adf-9085-f5fc9abba6f5,true,downloadableSrc,200,image/webp,41094,41094,3560b71c6b3cd0af29ffb0340817883adaa94954a46240126fe67512621361a2,1179,2676,,,bytescale.mobbin.com,f7a1807c1ac98ccf0eecf5078d61346ac9a94ca37a547f5708d580528c9e55c0,/Users/user/mobbin-sides/screen-flows/revolut-business/151-revolut-business-receipts-bdf77ff3-786b-4c51-a182-c4e0080a6000/002-9b1a3878-fe67-4adf-9085-f5fc9abba6f5-downloadableSrc-3560b71c6b3c.webp
bdf77ff3-786b-4c51-a182-c4e0080a6000,Receipts,93ad9ceb-a163-41da-ba7a-9f07c737fc2a,Revolut Business,0c4c334c-e3a5-4395-89be-c7666aaafdf5,2,3,06fddf49-fce7-4440-a537-e9502a702803,true,downloadableSrc,200,image/webp,52018,52018,9f88dec98f658c968065672e6f94c90011a0f532840516afa799307cefd991e3,1179,2676,,,bytescale.mobbin.com,f7a1807c1ac98ccf0eecf5078d61346ac9a94ca37a547f5708d580528c9e55c0,/Users/user/mobbin-sides/screen-flows/revolut-business/151-revolut-business-receipts-bdf77ff3-786b-4c51-a182-c4e0080a6000/003-06fddf49-fce7-4440-a537-e9502a702803-downloadableSrc-9f88dec98f65.webp
830f87ce-a211-449d-9751-83399a7d6453,Refer a business,93ad9ceb-a163-41da-ba7a-9f07c737fc2a,Revolut Business,0c4c334c-e3a5-4395-89be-c7666aaafdf5,0,1,306687c3-03e3-4ed3-9ab7-fc9c179b4705,true,downloadableSrc,200,image/webp,59238,59238,922aa54d150c0af8c3fad912e92c1fd9dedb7b9329fdad883a08db90b65d5477,1179,2676,,,bytescale.mobbin.com,f7a1807c1ac98ccf0eecf5078d61346ac9a94ca37a547f5708d580528c9e55c0,/Users/user/mobbin-sides/screen-flows/revolut-business/152-revolut-business-refer-a-business-830f87ce-a211-449d-9751-83399a7d6453/001-306687c3-03e3-4ed3-9ab7-fc9c179b4705-downloadableSrc-922aa54d150c.webp
830f87ce-a211-449d-9751-83399a7d6453,Refer a business,93ad9ceb-a163-41da-ba7a-9f07c737fc2a,Revolut Business,0c4c334c-e3a5-4395-89be-c7666aaafdf5,1,2,600b07de-e3f4-4a50-8b5e-11f7d2c25233,true,downloadableSrc,200,image/webp,94180,94180,70f27fee7f543cf3fd6cbecb745858d4adf405c60e0bf8551a1ec78e4b2aea72,1179,2676,,,bytescale.mobbin.com,f7a1807c1ac98ccf0eecf5078d61346ac9a94ca37a547f5708d580528c9e55c0,/Users/user/mobbin-sides/screen-flows/revolut-business/152-revolut-business-refer-a-business-830f87ce-a211-449d-9751-83399a7d6453/002-600b07de-e3f4-4a50-8b5e-11f7d2c25233-downloadableSrc-70f27fee7f54.webp
830f87ce-a211-449d-9751-83399a7d6453,Refer a business,93ad9ceb-a163-41da-ba7a-9f07c737fc2a,Revolut Business,0c4c334c-e3a5-4395-89be-c7666aaafdf5,2,3,f4d8a092-b2a0-446d-b3b5-37687abf7342,true,downloadableSrc,200,image/webp,112668,112668,14608bf91757d55c50ad8d5204b1acc8833ac77f999b4aa310377f81f4204867,1179,2676,,,bytescale.mobbin.com,f7a1807c1ac98ccf0eecf5078d61346ac9a94ca37a547f5708d580528c9e55c0,/Users/user/mobbin-sides/screen-flows/revolut-business/152-revolut-business-refer-a-business-830f87ce-a211-449d-9751-83399a7d6453/003-f4d8a092-b2a0-446d-b3b5-37687abf7342-downloadableSrc-14608bf91757.webp
830f87ce-a211-449d-9751-83399a7d6453,Refer a business,93ad9ceb-a163-41da-ba7a-9f07c737fc2a,Revolut Business,0c4c334c-e3a5-4395-89be-c7666aaafdf5,3,4,1baeff25-3ac3-4513-92e6-8f08304a759b,true,downloadableSrc,200,image/webp,126864,126864,b1a9f5550a276281b5dfac67a8e99668a7100226a821b769bbea55692bb3b772,1179,2676,,,bytescale.mobbin.com,f7a1807c1ac98ccf0eecf5078d61346ac9a94ca37a547f5708d580528c9e55c0,/Users/user/mobbin-sides/screen-flows/revolut-business/152-revolut-business-refer-a-business-830f87ce-a211-449d-9751-83399a7d6453/004-1baeff25-3ac3-4513-92e6-8f08304a759b-downloadableSrc-b1a9f5550a27.webp
830f87ce-a211-449d-9751-83399a7d6453,Refer a business,93ad9ceb-a163-41da-ba7a-9f07c737fc2a,Revolut Business,0c4c334c-e3a5-4395-89be-c7666aaafdf5,4,5,765d03aa-64e4-432e-b231-d4ded8398cdb,true,downloadableSrc,200,image/webp,49082,49082,aec829a5c76a5bdab255dbd7e1b998261e52fc0b34d7499bfb864be80e2868ab,1179,2676,,,bytescale.mobbin.com,f7a1807c1ac98ccf0eecf5078d61346ac9a94ca37a547f5708d580528c9e55c0,/Users/user/mobbin-sides/screen-flows/revolut-business/152-revolut-business-refer-a-business-830f87ce-a211-449d-9751-83399a7d6453/005-765d03aa-64e4-432e-b231-d4ded8398cdb-downloadableSrc-aec829a5c76a.webp
cdeb6de7-3e54-485d-90b9-24de44fa3d5e,Account (Menu),93ad9ceb-a163-41da-ba7a-9f07c737fc2a,Revolut Business,0c4c334c-e3a5-4395-89be-c7666aaafdf5,0,1,306687c3-03e3-4ed3-9ab7-fc9c179b4705,true,downloadableSrc,200,image/webp,59238,59238,922aa54d150c0af8c3fad912e92c1fd9dedb7b9329fdad883a08db90b65d5477,1179,2676,,,bytescale.mobbin.com,f7a1807c1ac98ccf0eecf5078d61346ac9a94ca37a547f5708d580528c9e55c0,/Users/user/mobbin-sides/screen-flows/revolut-business/153-revolut-business-account-menu-cdeb6de7-3e54-485d-90b9-24de44fa3d5e/001-306687c3-03e3-4ed3-9ab7-fc9c179b4705-downloadableSrc-922aa54d150c.webp
cdeb6de7-3e54-485d-90b9-24de44fa3d5e,Account (Menu),93ad9ceb-a163-41da-ba7a-9f07c737fc2a,Revolut Business,0c4c334c-e3a5-4395-89be-c7666aaafdf5,1,2,44e2d1f6-31c3-4fb3-b0db-4fba84ad158d,true,downloadableSrc,200,image/webp,62014,62014,aa5107c5e6f8e851ddd3029cf4708da9b76b1c8c90538741d6e8c0ae659ab396,1179,2676,,,bytescale.mobbin.com,f7a1807c1ac98ccf0eecf5078d61346ac9a94ca37a547f5708d580528c9e55c0,/Users/user/mobbin-sides/screen-flows/revolut-business/153-revolut-business-account-menu-cdeb6de7-3e54-485d-90b9-24de44fa3d5e/002-44e2d1f6-31c3-4fb3-b0db-4fba84ad158d-downloadableSrc-aa5107c5e6f8.webp
cdeb6de7-3e54-485d-90b9-24de44fa3d5e,Account (Menu),93ad9ceb-a163-41da-ba7a-9f07c737fc2a,Revolut Business,0c4c334c-e3a5-4395-89be-c7666aaafdf5,2,3,bf4d8b02-9b99-4ce9-aa38-add340cb59df,true,downloadableSrc,200,image/webp,53970,53970,30750c84f62a5ac29c893cddfcca170c49feb65f2503b71e0c6f46b269ed7244,1179,2676,,,bytescale.mobbin.com,f7a1807c1ac98ccf0eecf5078d61346ac9a94ca37a547f5708d580528c9e55c0,/Users/user/mobbin-sides/screen-flows/revolut-business/153-revolut-business-account-menu-cdeb6de7-3e54-485d-90b9-24de44fa3d5e/003-bf4d8b02-9b99-4ce9-aa38-add340cb59df-downloadableSrc-30750c84f62a.webp
65406c32-d2b9-41b6-b705-9ea200050edd,Transfer ownership,93ad9ceb-a163-41da-ba7a-9f07c737fc2a,Revolut Business,0c4c334c-e3a5-4395-89be-c7666aaafdf5,0,1,44e2d1f6-31c3-4fb3-b0db-4fba84ad158d,true,downloadableSrc,200,image/webp,62014,62014,aa5107c5e6f8e851ddd3029cf4708da9b76b1c8c90538741d6e8c0ae659ab396,1179,2676,,,bytescale.mobbin.com,f7a1807c1ac98ccf0eecf5078d61346ac9a94ca37a547f5708d580528c9e55c0,/Users/user/mobbin-sides/screen-flows/revolut-business/154-revolut-business-transfer-ownership-65406c32-d2b9-41b6-b705-9ea200050edd/001-44e2d1f6-31c3-4fb3-b0db-4fba84ad158d-downloadableSrc-aa5107c5e6f8.webp
65406c32-d2b9-41b6-b705-9ea200050edd,Transfer ownership,93ad9ceb-a163-41da-ba7a-9f07c737fc2a,Revolut Business,0c4c334c-e3a5-4395-89be-c7666aaafdf5,1,2,3c86f1d7-b178-48fd-bd3a-8e271c694e63,true,downloadableSrc,200,image/webp,75698,75698,9080f86a8a82a90a258d9fe167bb0e428b1f334b18600615df6f58fdeb05ff7b,1179,2676,,,bytescale.mobbin.com,f7a1807c1ac98ccf0eecf5078d61346ac9a94ca37a547f5708d580528c9e55c0,/Users/user/mobbin-sides/screen-flows/revolut-business/154-revolut-business-transfer-ownership-65406c32-d2b9-41b6-b705-9ea200050edd/002-3c86f1d7-b178-48fd-bd3a-8e271c694e63-downloadableSrc-9080f86a8a82.webp
65406c32-d2b9-41b6-b705-9ea200050edd,Transfer ownership,93ad9ceb-a163-41da-ba7a-9f07c737fc2a,Revolut Business,0c4c334c-e3a5-4395-89be-c7666aaafdf5,2,3,169fbbfd-45b1-44fd-8bfd-6a09bfb5adde,true,downloadableSrc,200,image/webp,37722,37722,64f1720421afd51ffb60535f726859a3e0e0cfa4275cee8c9705e626666448cf,1179,2676,,,bytescale.mobbin.com,f7a1807c1ac98ccf0eecf5078d61346ac9a94ca37a547f5708d580528c9e55c0,/Users/user/mobbin-sides/screen-flows/revolut-business/154-revolut-business-transfer-ownership-65406c32-d2b9-41b6-b705-9ea200050edd/003-169fbbfd-45b1-44fd-8bfd-6a09bfb5adde-downloadableSrc-64f1720421af.webp
65406c32-d2b9-41b6-b705-9ea200050edd,Transfer ownership,93ad9ceb-a163-41da-ba7a-9f07c737fc2a,Revolut Business,0c4c334c-e3a5-4395-89be-c7666aaafdf5,3,4,1ac035b4-4c92-4b82-8404-2cac065309d0,true,downloadableSrc,200,image/webp,39040,39040,6f81bbf9cb0911d07e1d10e45e95f39e09f0020dbeb6114243fb2a7a990cb1b8,1179,2676,,,bytescale.mobbin.com,f7a1807c1ac98ccf0eecf5078d61346ac9a94ca37a547f5708d580528c9e55c0,/Users/user/mobbin-sides/screen-flows/revolut-business/154-revolut-business-transfer-ownership-65406c32-d2b9-41b6-b705-9ea200050edd/004-1ac035b4-4c92-4b82-8404-2cac065309d0-downloadableSrc-6f81bbf9cb09.webp
65406c32-d2b9-41b6-b705-9ea200050edd,Transfer ownership,93ad9ceb-a163-41da-ba7a-9f07c737fc2a,Revolut Business,0c4c334c-e3a5-4395-89be-c7666aaafdf5,4,5,8208b43c-055b-459c-845e-50f8a96a7f54,true,downloadableSrc,200,image/webp,43874,43874,fcc53737b11b3fef2ab97d510c68fa4c1c2919d5f4cf4ac77d5fbd650863570f,1179,2676,,,bytescale.mobbin.com,f7a1807c1ac98ccf0eecf5078d61346ac9a94ca37a547f5708d580528c9e55c0,/Users/user/mobbin-sides/screen-flows/revolut-business/154-revolut-business-transfer-ownership-65406c32-d2b9-41b6-b705-9ea200050edd/005-8208b43c-055b-459c-845e-50f8a96a7f54-downloadableSrc-fcc53737b11b.webp
2bfad45a-af48-4949-8275-4e5c8ea355d2,Editing transfer approval process,93ad9ceb-a163-41da-ba7a-9f07c737fc2a,Revolut Business,0c4c334c-e3a5-4395-89be-c7666aaafdf5,0,1,bf4d8b02-9b99-4ce9-aa38-add340cb59df,true,downloadableSrc,200,image/webp,53970,53970,30750c84f62a5ac29c893cddfcca170c49feb65f2503b71e0c6f46b269ed7244,1179,2676,,,bytescale.mobbin.com,f7a1807c1ac98ccf0eecf5078d61346ac9a94ca37a547f5708d580528c9e55c0,/Users/user/mobbin-sides/screen-flows/revolut-business/155-revolut-business-editing-transfer-approval-process-2bfad45a-af48-4949-8275-4e5c8ea355d2/001-bf4d8b02-9b99-4ce9-aa38-add340cb59df-downloadableSrc-30750c84f62a.webp
2bfad45a-af48-4949-8275-4e5c8ea355d2,Editing transfer approval process,93ad9ceb-a163-41da-ba7a-9f07c737fc2a,Revolut Business,0c4c334c-e3a5-4395-89be-c7666aaafdf5,1,2,b09808ab-a395-4cbd-bd0c-851e918ade4d,true,downloadableSrc,200,image/webp,36056,36056,f8156aeff29e69f2c51e57d0a8d3597ece1d2219f2549e451b4f74c25a86b1c6,1179,2676,,,bytescale.mobbin.com,f7a1807c1ac98ccf0eecf5078d61346ac9a94ca37a547f5708d580528c9e55c0,/Users/user/mobbin-sides/screen-flows/revolut-business/155-revolut-business-editing-transfer-approval-process-2bfad45a-af48-4949-8275-4e5c8ea355d2/002-b09808ab-a395-4cbd-bd0c-851e918ade4d-downloadableSrc-f8156aeff29e.webp
2bfad45a-af48-4949-8275-4e5c8ea355d2,Editing transfer approval process,93ad9ceb-a163-41da-ba7a-9f07c737fc2a,Revolut Business,0c4c334c-e3a5-4395-89be-c7666aaafdf5,2,3,9006ce2e-ab5d-4bb8-b90d-b13cfbdfba6e,true,downloadableSrc,200,image/webp,67600,67600,48f0a034bf2615e7fd5a3d4c7756937c708c074c30d1053b6431888153652c59,1179,2676,,,bytescale.mobbin.com,f7a1807c1ac98ccf0eecf5078d61346ac9a94ca37a547f5708d580528c9e55c0,/Users/user/mobbin-sides/screen-flows/revolut-business/155-revolut-business-editing-transfer-approval-process-2bfad45a-af48-4949-8275-4e5c8ea355d2/003-9006ce2e-ab5d-4bb8-b90d-b13cfbdfba6e-downloadableSrc-48f0a034bf26.webp
2bfad45a-af48-4949-8275-4e5c8ea355d2,Editing transfer approval process,93ad9ceb-a163-41da-ba7a-9f07c737fc2a,Revolut Business,0c4c334c-e3a5-4395-89be-c7666aaafdf5,3,4,bc519156-f878-4c3c-ae53-5bd6a302342d,true,downloadableSrc,200,image/webp,57326,57326,1c17604d349375d68587fc08943bee8ff11f47fed5cc912e0a26eb9a1472739d,1179,2676,,,bytescale.mobbin.com,f7a1807c1ac98ccf0eecf5078d61346ac9a94ca37a547f5708d580528c9e55c0,/Users/user/mobbin-sides/screen-flows/revolut-business/155-revolut-business-editing-transfer-approval-process-2bfad45a-af48-4949-8275-4e5c8ea355d2/004-bc519156-f878-4c3c-ae53-5bd6a302342d-downloadableSrc-1c17604d3493.webp
0ad53c77-47b8-421a-964a-5453b793cf2b,Editing manager,93ad9ceb-a163-41da-ba7a-9f07c737fc2a,Revolut Business,0c4c334c-e3a5-4395-89be-c7666aaafdf5,0,1,bf4d8b02-9b99-4ce9-aa38-add340cb59df,true,downloadableSrc,200,image/webp,53970,53970,30750c84f62a5ac29c893cddfcca170c49feb65f2503b71e0c6f46b269ed7244,1179,2676,,,bytescale.mobbin.com,f7a1807c1ac98ccf0eecf5078d61346ac9a94ca37a547f5708d580528c9e55c0,/Users/user/mobbin-sides/screen-flows/revolut-business/156-revolut-business-editing-manager-0ad53c77-47b8-421a-964a-5453b793cf2b/001-bf4d8b02-9b99-4ce9-aa38-add340cb59df-downloadableSrc-30750c84f62a.webp
0ad53c77-47b8-421a-964a-5453b793cf2b,Editing manager,93ad9ceb-a163-41da-ba7a-9f07c737fc2a,Revolut Business,0c4c334c-e3a5-4395-89be-c7666aaafdf5,1,2,9c11e706-96cb-4dac-bd3f-0d09f742003b,true,downloadableSrc,200,image/webp,37548,37548,a4a11bb6248787609bf83a5f5d65da25dd1d814fdb4c1bb445550cf426577837,1179,2676,,,bytescale.mobbin.com,f7a1807c1ac98ccf0eecf5078d61346ac9a94ca37a547f5708d580528c9e55c0,/Users/user/mobbin-sides/screen-flows/revolut-business/156-revolut-business-editing-manager-0ad53c77-47b8-421a-964a-5453b793cf2b/002-9c11e706-96cb-4dac-bd3f-0d09f742003b-downloadableSrc-a4a11bb62487.webp
0ad53c77-47b8-421a-964a-5453b793cf2b,Editing manager,93ad9ceb-a163-41da-ba7a-9f07c737fc2a,Revolut Business,0c4c334c-e3a5-4395-89be-c7666aaafdf5,2,3,0c2616ee-4cc6-4e1a-bf03-c66cd3530ff4,true,downloadableSrc,200,image/webp,38768,38768,7621ac58ab20ab812d904e7cc1885cb3eabeb4f25f8a966772c138e39337d013,1179,2676,,,bytescale.mobbin.com,f7a1807c1ac98ccf0eecf5078d61346ac9a94ca37a547f5708d580528c9e55c0,/Users/user/mobbin-sides/screen-flows/revolut-business/156-revolut-business-editing-manager-0ad53c77-47b8-421a-964a-5453b793cf2b/003-0c2616ee-4cc6-4e1a-bf03-c66cd3530ff4-downloadableSrc-7621ac58ab20.webp
0ad53c77-47b8-421a-964a-5453b793cf2b,Editing manager,93ad9ceb-a163-41da-ba7a-9f07c737fc2a,Revolut Business,0c4c334c-e3a5-4395-89be-c7666aaafdf5,3,4,d505b30f-1a41-43a0-bfdb-cd39695bec20,true,downloadableSrc,200,image/webp,58172,58172,57509680e40f16215a381b57f9a780733e99a8ae23929e70066db6883167e298,1179,2676,,,bytescale.mobbin.com,f7a1807c1ac98ccf0eecf5078d61346ac9a94ca37a547f5708d580528c9e55c0,/Users/user/mobbin-sides/screen-flows/revolut-business/156-revolut-business-editing-manager-0ad53c77-47b8-421a-964a-5453b793cf2b/004-d505b30f-1a41-43a0-bfdb-cd39695bec20-downloadableSrc-57509680e40f.webp
7f3d4770-eb1f-49d0-a87d-282a29fc7b21,Switching to light mode,93ad9ceb-a163-41da-ba7a-9f07c737fc2a,Revolut Business,0c4c334c-e3a5-4395-89be-c7666aaafdf5,0,1,306687c3-03e3-4ed3-9ab7-fc9c179b4705,true,downloadableSrc,200,image/webp,59238,59238,922aa54d150c0af8c3fad912e92c1fd9dedb7b9329fdad883a08db90b65d5477,1179,2676,,,bytescale.mobbin.com,f7a1807c1ac98ccf0eecf5078d61346ac9a94ca37a547f5708d580528c9e55c0,/Users/user/mobbin-sides/screen-flows/revolut-business/157-revolut-business-switching-to-light-mode-7f3d4770-eb1f-49d0-a87d-282a29fc7b21/001-306687c3-03e3-4ed3-9ab7-fc9c179b4705-downloadableSrc-922aa54d150c.webp
7f3d4770-eb1f-49d0-a87d-282a29fc7b21,Switching to light mode,93ad9ceb-a163-41da-ba7a-9f07c737fc2a,Revolut Business,0c4c334c-e3a5-4395-89be-c7666aaafdf5,1,2,c42dd40b-6c99-4e92-bdc5-b02fba4a5c30,true,downloadableSrc,200,image/webp,55310,55310,c48cf8e3da664dc25c4b9ac38356686fbb299e604cd1312fa36c8c09a800db87,1179,2676,,,bytescale.mobbin.com,f7a1807c1ac98ccf0eecf5078d61346ac9a94ca37a547f5708d580528c9e55c0,/Users/user/mobbin-sides/screen-flows/revolut-business/157-revolut-business-switching-to-light-mode-7f3d4770-eb1f-49d0-a87d-282a29fc7b21/002-c42dd40b-6c99-4e92-bdc5-b02fba4a5c30-downloadableSrc-c48cf8e3da66.webp
7f3d4770-eb1f-49d0-a87d-282a29fc7b21,Switching to light mode,93ad9ceb-a163-41da-ba7a-9f07c737fc2a,Revolut Business,0c4c334c-e3a5-4395-89be-c7666aaafdf5,2,3,e95aa90d-cd49-4b16-aa5a-252df8a74dfb,true,downloadableSrc,200,image/webp,50048,50048,f3c6a725a444f5f30498735b4a5cf5dd585e385aa15eb1811ab5a6c67b3588d1,1179,2676,,,bytescale.mobbin.com,f7a1807c1ac98ccf0eecf5078d61346ac9a94ca37a547f5708d580528c9e55c0,/Users/user/mobbin-sides/screen-flows/revolut-business/157-revolut-business-switching-to-light-mode-7f3d4770-eb1f-49d0-a87d-282a29fc7b21/003-e95aa90d-cd49-4b16-aa5a-252df8a74dfb-downloadableSrc-f3c6a725a444.webp
7f3d4770-eb1f-49d0-a87d-282a29fc7b21,Switching to light mode,93ad9ceb-a163-41da-ba7a-9f07c737fc2a,Revolut Business,0c4c334c-e3a5-4395-89be-c7666aaafdf5,3,4,849e631a-68c6-4c5d-abea-0956a349ee01,true,downloadableSrc,200,image/webp,75380,75380,dbf66bcd332166762b2054573d68aaddaf88445b5641ec873343ee601985824b,1179,2676,,,bytescale.mobbin.com,f7a1807c1ac98ccf0eecf5078d61346ac9a94ca37a547f5708d580528c9e55c0,/Users/user/mobbin-sides/screen-flows/revolut-business/157-revolut-business-switching-to-light-mode-7f3d4770-eb1f-49d0-a87d-282a29fc7b21/004-849e631a-68c6-4c5d-abea-0956a349ee01-downloadableSrc-dbf66bcd3321.webp
7f3d4770-eb1f-49d0-a87d-282a29fc7b21,Switching to light mode,93ad9ceb-a163-41da-ba7a-9f07c737fc2a,Revolut Business,0c4c334c-e3a5-4395-89be-c7666aaafdf5,4,5,8c24aa83-8c8a-4cfe-a4aa-d45f5f14be0c,true,downloadableSrc,200,image/webp,50790,50790,29608bbae20fd822c8c06ae3fbbfac8a08aca4918c8fc00fd2ea1be3b227c300,1179,2676,,,bytescale.mobbin.com,f7a1807c1ac98ccf0eecf5078d61346ac9a94ca37a547f5708d580528c9e55c0,/Users/user/mobbin-sides/screen-flows/revolut-business/157-revolut-business-switching-to-light-mode-7f3d4770-eb1f-49d0-a87d-282a29fc7b21/005-8c24aa83-8c8a-4cfe-a4aa-d45f5f14be0c-downloadableSrc-29608bbae20f.webp
7f3d4770-eb1f-49d0-a87d-282a29fc7b21,Switching to light mode,93ad9ceb-a163-41da-ba7a-9f07c737fc2a,Revolut Business,0c4c334c-e3a5-4395-89be-c7666aaafdf5,5,6,225aa384-4a70-4c05-9755-5c8339a34a2c,true,downloadableSrc,200,image/webp,73820,73820,c6fed40433cbc20c151ca9bbad3cb66642f34bc9e2083b59454ef6ce748c7a0e,1179,2676,,,bytescale.mobbin.com,f7a1807c1ac98ccf0eecf5078d61346ac9a94ca37a547f5708d580528c9e55c0,/Users/user/mobbin-sides/screen-flows/revolut-business/157-revolut-business-switching-to-light-mode-7f3d4770-eb1f-49d0-a87d-282a29fc7b21/006-225aa384-4a70-4c05-9755-5c8339a34a2c-downloadableSrc-c6fed40433cb.webp
7f3d4770-eb1f-49d0-a87d-282a29fc7b21,Switching to light mode,93ad9ceb-a163-41da-ba7a-9f07c737fc2a,Revolut Business,0c4c334c-e3a5-4395-89be-c7666aaafdf5,6,7,b56f893d-dbb4-4cb6-b36d-2a8b768b85bf,true,downloadableSrc,200,image/webp,72728,72728,c7468ecdff27746d8d9fede2ef7500d0999d591e059be0a4557bbfdb2237f986,1179,2676,,,bytescale.mobbin.com,f7a1807c1ac98ccf0eecf5078d61346ac9a94ca37a547f5708d580528c9e55c0,/Users/user/mobbin-sides/screen-flows/revolut-business/157-revolut-business-switching-to-light-mode-7f3d4770-eb1f-49d0-a87d-282a29fc7b21/007-b56f893d-dbb4-4cb6-b36d-2a8b768b85bf-downloadableSrc-c7468ecdff27.webp
7f3d4770-eb1f-49d0-a87d-282a29fc7b21,Switching to light mode,93ad9ceb-a163-41da-ba7a-9f07c737fc2a,Revolut Business,0c4c334c-e3a5-4395-89be-c7666aaafdf5,7,8,15505434-99f9-46c1-a1a3-024642da8bcf,true,downloadableSrc,200,image/webp,82032,82032,c0557e7017e458a6b5d27e886c42ec3d27b2fee446e80e34bd5f511e736dab19,1179,2676,,,bytescale.mobbin.com,f7a1807c1ac98ccf0eecf5078d61346ac9a94ca37a547f5708d580528c9e55c0,/Users/user/mobbin-sides/screen-flows/revolut-business/157-revolut-business-switching-to-light-mode-7f3d4770-eb1f-49d0-a87d-282a29fc7b21/008-15505434-99f9-46c1-a1a3-024642da8bcf-downloadableSrc-c0557e7017e4.webp
7f3d4770-eb1f-49d0-a87d-282a29fc7b21,Switching to light mode,93ad9ceb-a163-41da-ba7a-9f07c737fc2a,Revolut Business,0c4c334c-e3a5-4395-89be-c7666aaafdf5,8,9,887f65ad-4ae4-4020-a98c-61278b79d45d,true,downloadableSrc,200,image/webp,53608,53608,2b8d7d9e9cc439a6351adac55eefa27ae5d759a0b90cafcdd6d0e48dfe516ae2,1179,2676,,,bytescale.mobbin.com,f7a1807c1ac98ccf0eecf5078d61346ac9a94ca37a547f5708d580528c9e55c0,/Users/user/mobbin-sides/screen-flows/revolut-business/157-revolut-business-switching-to-light-mode-7f3d4770-eb1f-49d0-a87d-282a29fc7b21/009-887f65ad-4ae4-4020-a98c-61278b79d45d-downloadableSrc-2b8d7d9e9cc4.webp
7f3d4770-eb1f-49d0-a87d-282a29fc7b21,Switching to light mode,93ad9ceb-a163-41da-ba7a-9f07c737fc2a,Revolut Business,0c4c334c-e3a5-4395-89be-c7666aaafdf5,9,10,521c80bb-3036-4a2a-9109-4ea234813d12,true,downloadableSrc,200,image/webp,53022,53022,b1d71ed5678d16f04d4ac953f52e015a55a38c72b86ab13397efe6f50bdbcbe1,1179,2676,,,bytescale.mobbin.com,f7a1807c1ac98ccf0eecf5078d61346ac9a94ca37a547f5708d580528c9e55c0,/Users/user/mobbin-sides/screen-flows/revolut-business/157-revolut-business-switching-to-light-mode-7f3d4770-eb1f-49d0-a87d-282a29fc7b21/010-521c80bb-3036-4a2a-9109-4ea234813d12-downloadableSrc-b1d71ed5678d.webp
1a11e7db-aaa2-4242-9cc6-006b4b9595a1,Turning on sign in with Face ID,93ad9ceb-a163-41da-ba7a-9f07c737fc2a,Revolut Business,0c4c334c-e3a5-4395-89be-c7666aaafdf5,0,1,306687c3-03e3-4ed3-9ab7-fc9c179b4705,true,downloadableSrc,200,image/webp,59238,59238,922aa54d150c0af8c3fad912e92c1fd9dedb7b9329fdad883a08db90b65d5477,1179,2676,,,bytescale.mobbin.com,f7a1807c1ac98ccf0eecf5078d61346ac9a94ca37a547f5708d580528c9e55c0,/Users/user/mobbin-sides/screen-flows/revolut-business/158-revolut-business-turning-on-sign-in-with-face-id-1a11e7db-aaa2-4242-9cc6-006b4b9595a1/001-306687c3-03e3-4ed3-9ab7-fc9c179b4705-downloadableSrc-922aa54d150c.webp
1a11e7db-aaa2-4242-9cc6-006b4b9595a1,Turning on sign in with Face ID,93ad9ceb-a163-41da-ba7a-9f07c737fc2a,Revolut Business,0c4c334c-e3a5-4395-89be-c7666aaafdf5,1,2,2d8ef907-dd94-42f8-a705-cb02c7113ae6,true,downloadableSrc,200,image/webp,169322,169322,187f9eed2a47ad0947ef04b83938f0e6a239b7d108cd824d186f57814c0c5115,1179,2676,,,bytescale.mobbin.com,f7a1807c1ac98ccf0eecf5078d61346ac9a94ca37a547f5708d580528c9e55c0,/Users/user/mobbin-sides/screen-flows/revolut-business/158-revolut-business-turning-on-sign-in-with-face-id-1a11e7db-aaa2-4242-9cc6-006b4b9595a1/002-2d8ef907-dd94-42f8-a705-cb02c7113ae6-downloadableSrc-187f9eed2a47.webp
1a11e7db-aaa2-4242-9cc6-006b4b9595a1,Turning on sign in with Face ID,93ad9ceb-a163-41da-ba7a-9f07c737fc2a,Revolut Business,0c4c334c-e3a5-4395-89be-c7666aaafdf5,2,3,572d1771-914a-48f4-93b7-ccc356672fe9,true,downloadableSrc,200,image/webp,57256,57256,9a264a92e8dcdf79037ece0fe8214bd89aaf1173029a125ad3125e5f74fba427,1179,2676,,,bytescale.mobbin.com,f7a1807c1ac98ccf0eecf5078d61346ac9a94ca37a547f5708d580528c9e55c0,/Users/user/mobbin-sides/screen-flows/revolut-business/158-revolut-business-turning-on-sign-in-with-face-id-1a11e7db-aaa2-4242-9cc6-006b4b9595a1/003-572d1771-914a-48f4-93b7-ccc356672fe9-downloadableSrc-9a264a92e8dc.webp
1a11e7db-aaa2-4242-9cc6-006b4b9595a1,Turning on sign in with Face ID,93ad9ceb-a163-41da-ba7a-9f07c737fc2a,Revolut Business,0c4c334c-e3a5-4395-89be-c7666aaafdf5,3,4,2f103870-40d5-48c3-be12-ccdd05016da4,true,downloadableSrc,200,image/webp,63742,63742,f9b4c426e58fdee1d75e1058701e08670112d2a7455f81ab11a938aca3cc7bde,1179,2676,,,bytescale.mobbin.com,f7a1807c1ac98ccf0eecf5078d61346ac9a94ca37a547f5708d580528c9e55c0,/Users/user/mobbin-sides/screen-flows/revolut-business/158-revolut-business-turning-on-sign-in-with-face-id-1a11e7db-aaa2-4242-9cc6-006b4b9595a1/004-2f103870-40d5-48c3-be12-ccdd05016da4-downloadableSrc-f9b4c426e58f.webp
b759a3ec-5e82-4a15-9d66-b0ba757f1a51,Business detail,93ad9ceb-a163-41da-ba7a-9f07c737fc2a,Revolut Business,0c4c334c-e3a5-4395-89be-c7666aaafdf5,0,1,306687c3-03e3-4ed3-9ab7-fc9c179b4705,true,downloadableSrc,200,image/webp,59238,59238,922aa54d150c0af8c3fad912e92c1fd9dedb7b9329fdad883a08db90b65d5477,1179,2676,,,bytescale.mobbin.com,f7a1807c1ac98ccf0eecf5078d61346ac9a94ca37a547f5708d580528c9e55c0,/Users/user/mobbin-sides/screen-flows/revolut-business/159-revolut-business-business-detail-b759a3ec-5e82-4a15-9d66-b0ba757f1a51/001-306687c3-03e3-4ed3-9ab7-fc9c179b4705-downloadableSrc-922aa54d150c.webp
b759a3ec-5e82-4a15-9d66-b0ba757f1a51,Business detail,93ad9ceb-a163-41da-ba7a-9f07c737fc2a,Revolut Business,0c4c334c-e3a5-4395-89be-c7666aaafdf5,1,2,7bd409a7-1bd6-4fc3-969c-fae0f68d057a,true,downloadableSrc,200,image/webp,52712,52712,26a7575c2c10ca92f4dacf5b83a04ffb805cbce86080f8f759317166791594dc,1179,2676,,,bytescale.mobbin.com,f7a1807c1ac98ccf0eecf5078d61346ac9a94ca37a547f5708d580528c9e55c0,/Users/user/mobbin-sides/screen-flows/revolut-business/159-revolut-business-business-detail-b759a3ec-5e82-4a15-9d66-b0ba757f1a51/002-7bd409a7-1bd6-4fc3-969c-fae0f68d057a-downloadableSrc-26a7575c2c10.webp
b759a3ec-5e82-4a15-9d66-b0ba757f1a51,Business detail,93ad9ceb-a163-41da-ba7a-9f07c737fc2a,Revolut Business,0c4c334c-e3a5-4395-89be-c7666aaafdf5,2,3,6cd7dc82-a700-4f58-bfff-6d692349ad24,true,downloadableSrc,200,image/webp,41802,41802,ad64ea268af3d0fad9f467ace5bec06ed26bf3e25d3ca194b56eb09f2d85ce0f,1179,2676,,,bytescale.mobbin.com,f7a1807c1ac98ccf0eecf5078d61346ac9a94ca37a547f5708d580528c9e55c0,/Users/user/mobbin-sides/screen-flows/revolut-business/159-revolut-business-business-detail-b759a3ec-5e82-4a15-9d66-b0ba757f1a51/003-6cd7dc82-a700-4f58-bfff-6d692349ad24-downloadableSrc-ad64ea268af3.webp
b759a3ec-5e82-4a15-9d66-b0ba757f1a51,Business detail,93ad9ceb-a163-41da-ba7a-9f07c737fc2a,Revolut Business,0c4c334c-e3a5-4395-89be-c7666aaafdf5,3,4,f42e70ca-e88f-4d35-bb39-0676377a3a40,true,downloadableSrc,200,image/webp,50648,50648,b5f11ed58e816cd674689ddf4615cbdae4327d2d3cd8096b8b8c9892aaaa6441,1179,2676,,,bytescale.mobbin.com,f7a1807c1ac98ccf0eecf5078d61346ac9a94ca37a547f5708d580528c9e55c0,/Users/user/mobbin-sides/screen-flows/revolut-business/159-revolut-business-business-detail-b759a3ec-5e82-4a15-9d66-b0ba757f1a51/004-f42e70ca-e88f-4d35-bb39-0676377a3a40-downloadableSrc-b5f11ed58e81.webp
c3764bbc-f6e9-4e56-9324-9803dfc729e5,Billing & plan,93ad9ceb-a163-41da-ba7a-9f07c737fc2a,Revolut Business,0c4c334c-e3a5-4395-89be-c7666aaafdf5,0,1,c0aa616c-79db-4b5d-82bc-b80f8f1e5f3c,true,downloadableSrc,200,image/webp,54032,54032,8b419e0036a6a1edc94c7855b16ff8d6dc6e005d5b4e3b48e8c5823971fef719,1179,2676,,,bytescale.mobbin.com,f7a1807c1ac98ccf0eecf5078d61346ac9a94ca37a547f5708d580528c9e55c0,/Users/user/mobbin-sides/screen-flows/revolut-business/160-revolut-business-billing-and-plan-c3764bbc-f6e9-4e56-9324-9803dfc729e5/001-c0aa616c-79db-4b5d-82bc-b80f8f1e5f3c-downloadableSrc-8b419e0036a6.webp
c3764bbc-f6e9-4e56-9324-9803dfc729e5,Billing & plan,93ad9ceb-a163-41da-ba7a-9f07c737fc2a,Revolut Business,0c4c334c-e3a5-4395-89be-c7666aaafdf5,1,2,463ba555-fb9f-49db-b8cc-4f3dc01b0947,true,downloadableSrc,200,image/webp,72878,72878,c9dadddb27f9c1cb5a5e00261e4d40be66f02fc2c16768b1c4dc38b832501f7c,1179,2676,,,bytescale.mobbin.com,f7a1807c1ac98ccf0eecf5078d61346ac9a94ca37a547f5708d580528c9e55c0,/Users/user/mobbin-sides/screen-flows/revolut-business/160-revolut-business-billing-and-plan-c3764bbc-f6e9-4e56-9324-9803dfc729e5/002-463ba555-fb9f-49db-b8cc-4f3dc01b0947-downloadableSrc-c9dadddb27f9.webp
c3764bbc-f6e9-4e56-9324-9803dfc729e5,Billing & plan,93ad9ceb-a163-41da-ba7a-9f07c737fc2a,Revolut Business,0c4c334c-e3a5-4395-89be-c7666aaafdf5,2,3,3be8d668-c648-4422-b7d5-c543a318a09f,true,downloadableSrc,200,image/webp,66826,66826,997246f26f5da8641a0c193cc5cb04e25e685ed472fec34b6097b16334f834ab,1179,2676,,,bytescale.mobbin.com,f7a1807c1ac98ccf0eecf5078d61346ac9a94ca37a547f5708d580528c9e55c0,/Users/user/mobbin-sides/screen-flows/revolut-business/160-revolut-business-billing-and-plan-c3764bbc-f6e9-4e56-9324-9803dfc729e5/003-3be8d668-c648-4422-b7d5-c543a318a09f-downloadableSrc-997246f26f5d.webp
d4da324a-0a03-4c91-a2b2-8b882bf6e802,Downgrading a plan,93ad9ceb-a163-41da-ba7a-9f07c737fc2a,Revolut Business,0c4c334c-e3a5-4395-89be-c7666aaafdf5,0,1,3be8d668-c648-4422-b7d5-c543a318a09f,true,downloadableSrc,200,image/webp,66826,66826,997246f26f5da8641a0c193cc5cb04e25e685ed472fec34b6097b16334f834ab,1179,2676,,,bytescale.mobbin.com,f7a1807c1ac98ccf0eecf5078d61346ac9a94ca37a547f5708d580528c9e55c0,/Users/user/mobbin-sides/screen-flows/revolut-business/161-revolut-business-downgrading-a-plan-d4da324a-0a03-4c91-a2b2-8b882bf6e802/001-3be8d668-c648-4422-b7d5-c543a318a09f-downloadableSrc-997246f26f5d.webp
d4da324a-0a03-4c91-a2b2-8b882bf6e802,Downgrading a plan,93ad9ceb-a163-41da-ba7a-9f07c737fc2a,Revolut Business,0c4c334c-e3a5-4395-89be-c7666aaafdf5,1,2,e34de02b-9222-4a45-b45b-263a562a6eb4,true,downloadableSrc,200,image/webp,97876,97876,cd469623cdf6e596aff931523f12cfdd69cf128e3fdeca27b350e6d7ac1fa3ab,1179,2676,,,bytescale.mobbin.com,f7a1807c1ac98ccf0eecf5078d61346ac9a94ca37a547f5708d580528c9e55c0,/Users/user/mobbin-sides/screen-flows/revolut-business/161-revolut-business-downgrading-a-plan-d4da324a-0a03-4c91-a2b2-8b882bf6e802/002-e34de02b-9222-4a45-b45b-263a562a6eb4-downloadableSrc-cd469623cdf6.webp
d4da324a-0a03-4c91-a2b2-8b882bf6e802,Downgrading a plan,93ad9ceb-a163-41da-ba7a-9f07c737fc2a,Revolut Business,0c4c334c-e3a5-4395-89be-c7666aaafdf5,2,3,4aebaa4a-b2d2-40ad-a876-36a68e134462,true,downloadableSrc,200,image/webp,91510,91510,9e2ac824728369714dbcee5bd7ef4139c69c2dff9af2f929b617c55afd6c397c,1179,2676,,,bytescale.mobbin.com,f7a1807c1ac98ccf0eecf5078d61346ac9a94ca37a547f5708d580528c9e55c0,/Users/user/mobbin-sides/screen-flows/revolut-business/161-revolut-business-downgrading-a-plan-d4da324a-0a03-4c91-a2b2-8b882bf6e802/003-4aebaa4a-b2d2-40ad-a876-36a68e134462-downloadableSrc-9e2ac8247283.webp
d4da324a-0a03-4c91-a2b2-8b882bf6e802,Downgrading a plan,93ad9ceb-a163-41da-ba7a-9f07c737fc2a,Revolut Business,0c4c334c-e3a5-4395-89be-c7666aaafdf5,3,4,b8554460-4c67-44d1-ad72-a45163300479,true,downloadableSrc,200,image/webp,106616,106616,4f176eb5ac8bf406435ba3bbdda99219c7bd607036316c00262d52c61b33e4eb,1179,2676,,,bytescale.mobbin.com,f7a1807c1ac98ccf0eecf5078d61346ac9a94ca37a547f5708d580528c9e55c0,/Users/user/mobbin-sides/screen-flows/revolut-business/161-revolut-business-downgrading-a-plan-d4da324a-0a03-4c91-a2b2-8b882bf6e802/004-b8554460-4c67-44d1-ad72-a45163300479-downloadableSrc-4f176eb5ac8b.webp
d4da324a-0a03-4c91-a2b2-8b882bf6e802,Downgrading a plan,93ad9ceb-a163-41da-ba7a-9f07c737fc2a,Revolut Business,0c4c334c-e3a5-4395-89be-c7666aaafdf5,4,5,b0569926-bffe-4077-8285-18e22ff79321,true,downloadableSrc,200,image/webp,68562,68562,83da64190f1956ed2e6bac4e175227b9259ffd4621d2861592075ce6cb444296,1179,2676,,,bytescale.mobbin.com,f7a1807c1ac98ccf0eecf5078d61346ac9a94ca37a547f5708d580528c9e55c0,/Users/user/mobbin-sides/screen-flows/revolut-business/161-revolut-business-downgrading-a-plan-d4da324a-0a03-4c91-a2b2-8b882bf6e802/005-b0569926-bffe-4077-8285-18e22ff79321-downloadableSrc-83da64190f19.webp
d4da324a-0a03-4c91-a2b2-8b882bf6e802,Downgrading a plan,93ad9ceb-a163-41da-ba7a-9f07c737fc2a,Revolut Business,0c4c334c-e3a5-4395-89be-c7666aaafdf5,5,6,9f11ae2c-d519-4b12-b412-6e5b36cd84c3,true,downloadableSrc,200,image/webp,61066,61066,f90dbd2d03336c0080af73bc4b37ef6bcb978dda622df742bbcbd051a74b0b41,1179,2676,,,bytescale.mobbin.com,f7a1807c1ac98ccf0eecf5078d61346ac9a94ca37a547f5708d580528c9e55c0,/Users/user/mobbin-sides/screen-flows/revolut-business/161-revolut-business-downgrading-a-plan-d4da324a-0a03-4c91-a2b2-8b882bf6e802/006-9f11ae2c-d519-4b12-b412-6e5b36cd84c3-downloadableSrc-f90dbd2d0333.webp
d4da324a-0a03-4c91-a2b2-8b882bf6e802,Downgrading a plan,93ad9ceb-a163-41da-ba7a-9f07c737fc2a,Revolut Business,0c4c334c-e3a5-4395-89be-c7666aaafdf5,6,7,31bebab2-cdb7-4311-a9ca-a273283b50d3,true,downloadableSrc,200,image/webp,50080,50080,020256104b75a21b7541fcc927191459b8c934f6db004cf7ad963e9505bda492,1179,2676,,,bytescale.mobbin.com,f7a1807c1ac98ccf0eecf5078d61346ac9a94ca37a547f5708d580528c9e55c0,/Users/user/mobbin-sides/screen-flows/revolut-business/161-revolut-business-downgrading-a-plan-d4da324a-0a03-4c91-a2b2-8b882bf6e802/007-31bebab2-cdb7-4311-a9ca-a273283b50d3-downloadableSrc-020256104b75.webp
d4da324a-0a03-4c91-a2b2-8b882bf6e802,Downgrading a plan,93ad9ceb-a163-41da-ba7a-9f07c737fc2a,Revolut Business,0c4c334c-e3a5-4395-89be-c7666aaafdf5,7,8,9d3ef00a-ccf1-452b-8da0-7056da578a04,true,downloadableSrc,200,image/webp,57994,57994,7c3d40138a2e7cb145886cc49ee9b787122e821a68db1ad8f82646139ad9c234,1179,2676,,,bytescale.mobbin.com,f7a1807c1ac98ccf0eecf5078d61346ac9a94ca37a547f5708d580528c9e55c0,/Users/user/mobbin-sides/screen-flows/revolut-business/161-revolut-business-downgrading-a-plan-d4da324a-0a03-4c91-a2b2-8b882bf6e802/008-9d3ef00a-ccf1-452b-8da0-7056da578a04-downloadableSrc-7c3d40138a2e.webp
d4da324a-0a03-4c91-a2b2-8b882bf6e802,Downgrading a plan,93ad9ceb-a163-41da-ba7a-9f07c737fc2a,Revolut Business,0c4c334c-e3a5-4395-89be-c7666aaafdf5,8,9,8b3c6bcb-b903-4d73-883d-97becbce65d3,true,downloadableSrc,200,image/webp,44584,44584,897d3ff61c2ccd8347993bd074d0f3f7d44d1e2862a937c81652d8c1537a8b35,1179,2676,,,bytescale.mobbin.com,f7a1807c1ac98ccf0eecf5078d61346ac9a94ca37a547f5708d580528c9e55c0,/Users/user/mobbin-sides/screen-flows/revolut-business/161-revolut-business-downgrading-a-plan-d4da324a-0a03-4c91-a2b2-8b882bf6e802/009-8b3c6bcb-b903-4d73-883d-97becbce65d3-downloadableSrc-897d3ff61c2c.webp
d7d15d6f-85ff-4aa9-88a8-4c0f40bb810e,Accounting categories,93ad9ceb-a163-41da-ba7a-9f07c737fc2a,Revolut Business,0c4c334c-e3a5-4395-89be-c7666aaafdf5,0,1,c0aa616c-79db-4b5d-82bc-b80f8f1e5f3c,true,downloadableSrc,200,image/webp,54032,54032,8b419e0036a6a1edc94c7855b16ff8d6dc6e005d5b4e3b48e8c5823971fef719,1179,2676,,,bytescale.mobbin.com,f7a1807c1ac98ccf0eecf5078d61346ac9a94ca37a547f5708d580528c9e55c0,/Users/user/mobbin-sides/screen-flows/revolut-business/162-revolut-business-accounting-categories-d7d15d6f-85ff-4aa9-88a8-4c0f40bb810e/001-c0aa616c-79db-4b5d-82bc-b80f8f1e5f3c-downloadableSrc-8b419e0036a6.webp
d7d15d6f-85ff-4aa9-88a8-4c0f40bb810e,Accounting categories,93ad9ceb-a163-41da-ba7a-9f07c737fc2a,Revolut Business,0c4c334c-e3a5-4395-89be-c7666aaafdf5,1,2,e12b95e3-4cef-4d52-907f-c303740abdf9,true,downloadableSrc,200,image/webp,43360,43360,8bf2253effbd6d9231683f2881262ccd6254539e58959df9cb8a3e836e0ffb8e,1179,2676,,,bytescale.mobbin.com,f7a1807c1ac98ccf0eecf5078d61346ac9a94ca37a547f5708d580528c9e55c0,/Users/user/mobbin-sides/screen-flows/revolut-business/162-revolut-business-accounting-categories-d7d15d6f-85ff-4aa9-88a8-4c0f40bb810e/002-e12b95e3-4cef-4d52-907f-c303740abdf9-downloadableSrc-8bf2253effbd.webp
d7d15d6f-85ff-4aa9-88a8-4c0f40bb810e,Accounting categories,93ad9ceb-a163-41da-ba7a-9f07c737fc2a,Revolut Business,0c4c334c-e3a5-4395-89be-c7666aaafdf5,2,3,a628c8e6-f082-4254-8e27-b89daa5fd333,true,downloadableSrc,200,image/webp,91274,91274,61f12d55d3ae2452748e744e4df315ca6584efde86707765b2d160afb7cbb498,1179,2676,,,bytescale.mobbin.com,f7a1807c1ac98ccf0eecf5078d61346ac9a94ca37a547f5708d580528c9e55c0,/Users/user/mobbin-sides/screen-flows/revolut-business/162-revolut-business-accounting-categories-d7d15d6f-85ff-4aa9-88a8-4c0f40bb810e/003-a628c8e6-f082-4254-8e27-b89daa5fd333-downloadableSrc-61f12d55d3ae.webp
4df431ca-c6d4-4407-a65d-b0b08076180a,Category detail,93ad9ceb-a163-41da-ba7a-9f07c737fc2a,Revolut Business,0c4c334c-e3a5-4395-89be-c7666aaafdf5,0,1,a628c8e6-f082-4254-8e27-b89daa5fd333,true,downloadableSrc,200,image/webp,91274,91274,61f12d55d3ae2452748e744e4df315ca6584efde86707765b2d160afb7cbb498,1179,2676,,,bytescale.mobbin.com,f7a1807c1ac98ccf0eecf5078d61346ac9a94ca37a547f5708d580528c9e55c0,/Users/user/mobbin-sides/screen-flows/revolut-business/163-revolut-business-category-detail-4df431ca-c6d4-4407-a65d-b0b08076180a/001-a628c8e6-f082-4254-8e27-b89daa5fd333-downloadableSrc-61f12d55d3ae.webp
4df431ca-c6d4-4407-a65d-b0b08076180a,Category detail,93ad9ceb-a163-41da-ba7a-9f07c737fc2a,Revolut Business,0c4c334c-e3a5-4395-89be-c7666aaafdf5,1,2,4d75c5b1-4bad-428b-8cc7-58874c3987a1,true,downloadableSrc,200,image/webp,44714,44714,6093245abc14a3026b27ea9eb9c965a1c5fc5c565af530ebd5f0dcca02a50c92,1179,2676,,,bytescale.mobbin.com,f7a1807c1ac98ccf0eecf5078d61346ac9a94ca37a547f5708d580528c9e55c0,/Users/user/mobbin-sides/screen-flows/revolut-business/163-revolut-business-category-detail-4df431ca-c6d4-4407-a65d-b0b08076180a/002-4d75c5b1-4bad-428b-8cc7-58874c3987a1-downloadableSrc-6093245abc14.webp
675b7d36-8c0d-4d67-a4c0-db32f56246ec,Creating a category,93ad9ceb-a163-41da-ba7a-9f07c737fc2a,Revolut Business,0c4c334c-e3a5-4395-89be-c7666aaafdf5,0,1,a628c8e6-f082-4254-8e27-b89daa5fd333,true,downloadableSrc,200,image/webp,91274,91274,61f12d55d3ae2452748e744e4df315ca6584efde86707765b2d160afb7cbb498,1179,2676,,,bytescale.mobbin.com,f7a1807c1ac98ccf0eecf5078d61346ac9a94ca37a547f5708d580528c9e55c0,/Users/user/mobbin-sides/screen-flows/revolut-business/164-revolut-business-creating-a-category-675b7d36-8c0d-4d67-a4c0-db32f56246ec/001-a628c8e6-f082-4254-8e27-b89daa5fd333-downloadableSrc-61f12d55d3ae.webp
675b7d36-8c0d-4d67-a4c0-db32f56246ec,Creating a category,93ad9ceb-a163-41da-ba7a-9f07c737fc2a,Revolut Business,0c4c334c-e3a5-4395-89be-c7666aaafdf5,1,2,33152d20-14ad-4aa1-b2d7-9c07ca6f482d,true,downloadableSrc,200,image/webp,35732,35732,e07e5236b01a1dff3801e8e81e323d6bcd58b5b650050a47f919858f3dbf22b0,1179,2676,,,bytescale.mobbin.com,f7a1807c1ac98ccf0eecf5078d61346ac9a94ca37a547f5708d580528c9e55c0,/Users/user/mobbin-sides/screen-flows/revolut-business/164-revolut-business-creating-a-category-675b7d36-8c0d-4d67-a4c0-db32f56246ec/002-33152d20-14ad-4aa1-b2d7-9c07ca6f482d-downloadableSrc-e07e5236b01a.webp
675b7d36-8c0d-4d67-a4c0-db32f56246ec,Creating a category,93ad9ceb-a163-41da-ba7a-9f07c737fc2a,Revolut Business,0c4c334c-e3a5-4395-89be-c7666aaafdf5,2,3,d308dffc-1cef-4391-a63d-430840faa1a5,true,downloadableSrc,200,image/webp,50294,50294,d4b7741930e29b299aa146849827aacbad8ee8d7fb05e23bfd799d2cac1d823c,1179,2676,,,bytescale.mobbin.com,f7a1807c1ac98ccf0eecf5078d61346ac9a94ca37a547f5708d580528c9e55c0,/Users/user/mobbin-sides/screen-flows/revolut-business/164-revolut-business-creating-a-category-675b7d36-8c0d-4d67-a4c0-db32f56246ec/003-d308dffc-1cef-4391-a63d-430840faa1a5-downloadableSrc-d4b7741930e2.webp
675b7d36-8c0d-4d67-a4c0-db32f56246ec,Creating a category,93ad9ceb-a163-41da-ba7a-9f07c737fc2a,Revolut Business,0c4c334c-e3a5-4395-89be-c7666aaafdf5,3,4,0225fba0-6c98-4ecf-bcb3-599c39c0149d,true,downloadableSrc,200,image/webp,49182,49182,218c4582ea17f6a48d95666e7f66ef808cba12e68096e30037d2727f053ab8bf,1179,2676,,,bytescale.mobbin.com,f7a1807c1ac98ccf0eecf5078d61346ac9a94ca37a547f5708d580528c9e55c0,/Users/user/mobbin-sides/screen-flows/revolut-business/164-revolut-business-creating-a-category-675b7d36-8c0d-4d67-a4c0-db32f56246ec/004-0225fba0-6c98-4ecf-bcb3-599c39c0149d-downloadableSrc-218c4582ea17.webp
675b7d36-8c0d-4d67-a4c0-db32f56246ec,Creating a category,93ad9ceb-a163-41da-ba7a-9f07c737fc2a,Revolut Business,0c4c334c-e3a5-4395-89be-c7666aaafdf5,4,5,18b83336-7aea-4fa8-883d-b8b32af3397d,true,downloadableSrc,200,image/webp,52360,52360,e263f14c8ae32102c2b83f007fb0a082c99cfbdacd78a1231b0f95fbe6b42c86,1179,2676,,,bytescale.mobbin.com,f7a1807c1ac98ccf0eecf5078d61346ac9a94ca37a547f5708d580528c9e55c0,/Users/user/mobbin-sides/screen-flows/revolut-business/164-revolut-business-creating-a-category-675b7d36-8c0d-4d67-a4c0-db32f56246ec/005-18b83336-7aea-4fa8-883d-b8b32af3397d-downloadableSrc-e263f14c8ae3.webp
675b7d36-8c0d-4d67-a4c0-db32f56246ec,Creating a category,93ad9ceb-a163-41da-ba7a-9f07c737fc2a,Revolut Business,0c4c334c-e3a5-4395-89be-c7666aaafdf5,5,6,21de0f98-cef3-49a6-9bfb-2dea8e51da19,true,downloadableSrc,200,image/webp,89820,89820,784ee745ffcc51aa2f0e78333ae691f301d96274651d790339741e0a6626a83a,1179,2676,,,bytescale.mobbin.com,f7a1807c1ac98ccf0eecf5078d61346ac9a94ca37a547f5708d580528c9e55c0,/Users/user/mobbin-sides/screen-flows/revolut-business/164-revolut-business-creating-a-category-675b7d36-8c0d-4d67-a4c0-db32f56246ec/006-21de0f98-cef3-49a6-9bfb-2dea8e51da19-downloadableSrc-784ee745ffcc.webp
87dc3e13-8a51-4fab-baad-13967760549a,Integrations (Menu),93ad9ceb-a163-41da-ba7a-9f07c737fc2a,Revolut Business,0c4c334c-e3a5-4395-89be-c7666aaafdf5,0,1,c0aa616c-79db-4b5d-82bc-b80f8f1e5f3c,true,downloadableSrc,200,image/webp,54032,54032,8b419e0036a6a1edc94c7855b16ff8d6dc6e005d5b4e3b48e8c5823971fef719,1179,2676,,,bytescale.mobbin.com,f7a1807c1ac98ccf0eecf5078d61346ac9a94ca37a547f5708d580528c9e55c0,/Users/user/mobbin-sides/screen-flows/revolut-business/165-revolut-business-integrations-menu-87dc3e13-8a51-4fab-baad-13967760549a/001-c0aa616c-79db-4b5d-82bc-b80f8f1e5f3c-downloadableSrc-8b419e0036a6.webp
87dc3e13-8a51-4fab-baad-13967760549a,Integrations (Menu),93ad9ceb-a163-41da-ba7a-9f07c737fc2a,Revolut Business,0c4c334c-e3a5-4395-89be-c7666aaafdf5,1,2,9c836177-e15f-4b57-ad6d-243fc1b0ccdc,true,downloadableSrc,200,image/webp,91876,91876,3c941748ab01e911f9fa707da928ac4704f0b2eb66bbb3a2734a74b0a71cd80f,1179,2676,,,bytescale.mobbin.com,f7a1807c1ac98ccf0eecf5078d61346ac9a94ca37a547f5708d580528c9e55c0,/Users/user/mobbin-sides/screen-flows/revolut-business/165-revolut-business-integrations-menu-87dc3e13-8a51-4fab-baad-13967760549a/002-9c836177-e15f-4b57-ad6d-243fc1b0ccdc-downloadableSrc-3c941748ab01.webp
292bb246-f727-44c1-ad42-281524189a20,APIs,93ad9ceb-a163-41da-ba7a-9f07c737fc2a,Revolut Business,0c4c334c-e3a5-4395-89be-c7666aaafdf5,0,1,c0aa616c-79db-4b5d-82bc-b80f8f1e5f3c,true,downloadableSrc,200,image/webp,54032,54032,8b419e0036a6a1edc94c7855b16ff8d6dc6e005d5b4e3b48e8c5823971fef719,1179,2676,,,bytescale.mobbin.com,f7a1807c1ac98ccf0eecf5078d61346ac9a94ca37a547f5708d580528c9e55c0,/Users/user/mobbin-sides/screen-flows/revolut-business/166-revolut-business-apis-292bb246-f727-44c1-ad42-281524189a20/001-c0aa616c-79db-4b5d-82bc-b80f8f1e5f3c-downloadableSrc-8b419e0036a6.webp
292bb246-f727-44c1-ad42-281524189a20,APIs,93ad9ceb-a163-41da-ba7a-9f07c737fc2a,Revolut Business,0c4c334c-e3a5-4395-89be-c7666aaafdf5,1,2,edc3f12a-9a0f-4205-8e02-0630417ee7a8,true,downloadableSrc,200,image/webp,65198,65198,1e62e1963a7f5c723355495d64ba9e5becca42edcc97372559169cfc56d4a5d8,1179,2676,,,bytescale.mobbin.com,f7a1807c1ac98ccf0eecf5078d61346ac9a94ca37a547f5708d580528c9e55c0,/Users/user/mobbin-sides/screen-flows/revolut-business/166-revolut-business-apis-292bb246-f727-44c1-ad42-281524189a20/002-edc3f12a-9a0f-4205-8e02-0630417ee7a8-downloadableSrc-1e62e1963a7f.webp
292bb246-f727-44c1-ad42-281524189a20,APIs,93ad9ceb-a163-41da-ba7a-9f07c737fc2a,Revolut Business,0c4c334c-e3a5-4395-89be-c7666aaafdf5,2,3,62cbed44-117a-4aa8-91a3-bfbfdacd8f20,true,downloadableSrc,200,image/webp,100154,100154,569f88fbf5889fa4e872f4ebcc50b4eb7bdaf5d7c5a6e9be97aae6209f9d74b1,1179,2676,,,bytescale.mobbin.com,f7a1807c1ac98ccf0eecf5078d61346ac9a94ca37a547f5708d580528c9e55c0,/Users/user/mobbin-sides/screen-flows/revolut-business/166-revolut-business-apis-292bb246-f727-44c1-ad42-281524189a20/003-62cbed44-117a-4aa8-91a3-bfbfdacd8f20-downloadableSrc-569f88fbf588.webp
c8955cd5-732e-471e-8bd0-38af1e318c8c,Logging out,93ad9ceb-a163-41da-ba7a-9f07c737fc2a,Revolut Business,0c4c334c-e3a5-4395-89be-c7666aaafdf5,0,1,c0aa616c-79db-4b5d-82bc-b80f8f1e5f3c,true,downloadableSrc,200,image/webp,54032,54032,8b419e0036a6a1edc94c7855b16ff8d6dc6e005d5b4e3b48e8c5823971fef719,1179,2676,,,bytescale.mobbin.com,f7a1807c1ac98ccf0eecf5078d61346ac9a94ca37a547f5708d580528c9e55c0,/Users/user/mobbin-sides/screen-flows/revolut-business/167-revolut-business-logging-out-c8955cd5-732e-471e-8bd0-38af1e318c8c/001-c0aa616c-79db-4b5d-82bc-b80f8f1e5f3c-downloadableSrc-8b419e0036a6.webp
c8955cd5-732e-471e-8bd0-38af1e318c8c,Logging out,93ad9ceb-a163-41da-ba7a-9f07c737fc2a,Revolut Business,0c4c334c-e3a5-4395-89be-c7666aaafdf5,1,2,91b85b45-704f-4e85-9a1e-6be8aa12db76,true,downloadableSrc,200,image/webp,35180,35180,0dcc61d13ce503ec046e9354bb8356e4a54259986abb8c915def5dd4b4516038,1179,2676,,,bytescale.mobbin.com,f7a1807c1ac98ccf0eecf5078d61346ac9a94ca37a547f5708d580528c9e55c0,/Users/user/mobbin-sides/screen-flows/revolut-business/167-revolut-business-logging-out-c8955cd5-732e-471e-8bd0-38af1e318c8c/002-91b85b45-704f-4e85-9a1e-6be8aa12db76-downloadableSrc-0dcc61d13ce5.webp
8db52766-8bea-4c2f-8c59-71b97837aacb,Logging in,93ad9ceb-a163-41da-ba7a-9f07c737fc2a,Revolut Business,0c4c334c-e3a5-4395-89be-c7666aaafdf5,0,1,2d0b3816-0645-4c55-a407-fdec81e0d980,true,downloadableSrc,200,image/webp,78398,78398,329c3b3a83ee7bafa1aa24572cf75b3a2ee55ff6ef7194cf65a604631addf1e0,1180,2676,,,bytescale.mobbin.com,f7a1807c1ac98ccf0eecf5078d61346ac9a94ca37a547f5708d580528c9e55c0,/Users/user/mobbin-sides/screen-flows/revolut-business/168-revolut-business-logging-in-8db52766-8bea-4c2f-8c59-71b97837aacb/001-2d0b3816-0645-4c55-a407-fdec81e0d980-downloadableSrc-329c3b3a83ee.webp
8db52766-8bea-4c2f-8c59-71b97837aacb,Logging in,93ad9ceb-a163-41da-ba7a-9f07c737fc2a,Revolut Business,0c4c334c-e3a5-4395-89be-c7666aaafdf5,1,2,c91f722d-0701-4f36-a74b-d633575a91d2,true,downloadableSrc,200,image/webp,46850,46850,6e56e38034ab448ac3622db5b6aa43f13a6eebe9162704d38e7c3faa87348a23,1179,2676,,,bytescale.mobbin.com,f7a1807c1ac98ccf0eecf5078d61346ac9a94ca37a547f5708d580528c9e55c0,/Users/user/mobbin-sides/screen-flows/revolut-business/168-revolut-business-logging-in-8db52766-8bea-4c2f-8c59-71b97837aacb/002-c91f722d-0701-4f36-a74b-d633575a91d2-downloadableSrc-6e56e38034ab.webp
8db52766-8bea-4c2f-8c59-71b97837aacb,Logging in,93ad9ceb-a163-41da-ba7a-9f07c737fc2a,Revolut Business,0c4c334c-e3a5-4395-89be-c7666aaafdf5,2,3,47f12910-a6c4-4fd1-8e52-70f719cc4eae,true,downloadableSrc,200,image/webp,67730,67730,72b6f05675ed8e1689fa897e63da47bc568417aa37951aae6d7c6165e4489c64,1179,2676,,,bytescale.mobbin.com,f7a1807c1ac98ccf0eecf5078d61346ac9a94ca37a547f5708d580528c9e55c0,/Users/user/mobbin-sides/screen-flows/revolut-business/168-revolut-business-logging-in-8db52766-8bea-4c2f-8c59-71b97837aacb/003-47f12910-a6c4-4fd1-8e52-70f719cc4eae-downloadableSrc-72b6f05675ed.webp
8db52766-8bea-4c2f-8c59-71b97837aacb,Logging in,93ad9ceb-a163-41da-ba7a-9f07c737fc2a,Revolut Business,0c4c334c-e3a5-4395-89be-c7666aaafdf5,3,4,ebf61940-d70e-4c9a-a71c-528fc90d861a,true,downloadableSrc,200,image/webp,39090,39090,eaa9d1db691b1ef6906a71929761ee4ba790d874a5f87084c8b2d98c19b8a52f,1179,2676,,,bytescale.mobbin.com,f7a1807c1ac98ccf0eecf5078d61346ac9a94ca37a547f5708d580528c9e55c0,/Users/user/mobbin-sides/screen-flows/revolut-business/168-revolut-business-logging-in-8db52766-8bea-4c2f-8c59-71b97837aacb/004-ebf61940-d70e-4c9a-a71c-528fc90d861a-downloadableSrc-eaa9d1db691b.webp
8db52766-8bea-4c2f-8c59-71b97837aacb,Logging in,93ad9ceb-a163-41da-ba7a-9f07c737fc2a,Revolut Business,0c4c334c-e3a5-4395-89be-c7666aaafdf5,4,5,f65420a6-ddc4-4729-bf19-9414ad4e72e2,true,downloadableSrc,200,image/webp,38536,38536,3d94a1bc1882f09c654ce8007ac6a068391f2dc897440a2244089fd3d821f45f,1179,2676,,,bytescale.mobbin.com,f7a1807c1ac98ccf0eecf5078d61346ac9a94ca37a547f5708d580528c9e55c0,/Users/user/mobbin-sides/screen-flows/revolut-business/168-revolut-business-logging-in-8db52766-8bea-4c2f-8c59-71b97837aacb/005-f65420a6-ddc4-4729-bf19-9414ad4e72e2-downloadableSrc-3d94a1bc1882.webp
8db52766-8bea-4c2f-8c59-71b97837aacb,Logging in,93ad9ceb-a163-41da-ba7a-9f07c737fc2a,Revolut Business,0c4c334c-e3a5-4395-89be-c7666aaafdf5,5,6,2a88f1b1-adb9-4466-aaaa-91c4d4959542,true,downloadableSrc,200,image/webp,41996,41996,e2142c99b4eb7e45462b467d871f3d8ce210a9567ab27b00e89d3482c959098b,1179,2676,,,bytescale.mobbin.com,f7a1807c1ac98ccf0eecf5078d61346ac9a94ca37a547f5708d580528c9e55c0,/Users/user/mobbin-sides/screen-flows/revolut-business/168-revolut-business-logging-in-8db52766-8bea-4c2f-8c59-71b97837aacb/006-2a88f1b1-adb9-4466-aaaa-91c4d4959542-downloadableSrc-e2142c99b4eb.webp
8db52766-8bea-4c2f-8c59-71b97837aacb,Logging in,93ad9ceb-a163-41da-ba7a-9f07c737fc2a,Revolut Business,0c4c334c-e3a5-4395-89be-c7666aaafdf5,6,7,11e12d0d-b626-48be-9fe8-4aab02603931,true,downloadableSrc,200,image/webp,60852,60852,be2a540162c6811333280456586c8357dc39b429afe2a83f3b4f36ff562cf3f8,1179,2676,,,bytescale.mobbin.com,f7a1807c1ac98ccf0eecf5078d61346ac9a94ca37a547f5708d580528c9e55c0,/Users/user/mobbin-sides/screen-flows/revolut-business/168-revolut-business-logging-in-8db52766-8bea-4c2f-8c59-71b97837aacb/007-11e12d0d-b626-48be-9fe8-4aab02603931-downloadableSrc-be2a540162c6.webp
8db52766-8bea-4c2f-8c59-71b97837aacb,Logging in,93ad9ceb-a163-41da-ba7a-9f07c737fc2a,Revolut Business,0c4c334c-e3a5-4395-89be-c7666aaafdf5,7,8,bd52a4b2-d34a-4a01-9639-efa71a49c606,true,downloadableSrc,200,image/webp,41438,41438,167155601545003b2b8cf4fca666d6d099dbd42ab415ffaa5248aa0707e6d5f9,1179,2676,,,bytescale.mobbin.com,f7a1807c1ac98ccf0eecf5078d61346ac9a94ca37a547f5708d580528c9e55c0,/Users/user/mobbin-sides/screen-flows/revolut-business/168-revolut-business-logging-in-8db52766-8bea-4c2f-8c59-71b97837aacb/008-bd52a4b2-d34a-4a01-9639-efa71a49c606-downloadableSrc-167155601545.webp
8db52766-8bea-4c2f-8c59-71b97837aacb,Logging in,93ad9ceb-a163-41da-ba7a-9f07c737fc2a,Revolut Business,0c4c334c-e3a5-4395-89be-c7666aaafdf5,8,9,d0e59813-bfa1-48fe-b988-0b884cbd0d51,true,downloadableSrc,200,image/webp,34824,34824,d29d58bf9dfc4efd906d901bd396680424301ef9cad71a05341495e346225e3c,1179,2676,,,bytescale.mobbin.com,f7a1807c1ac98ccf0eecf5078d61346ac9a94ca37a547f5708d580528c9e55c0,/Users/user/mobbin-sides/screen-flows/revolut-business/168-revolut-business-logging-in-8db52766-8bea-4c2f-8c59-71b97837aacb/009-d0e59813-bfa1-48fe-b988-0b884cbd0d51-downloadableSrc-d29d58bf9dfc.webp
8db52766-8bea-4c2f-8c59-71b97837aacb,Logging in,93ad9ceb-a163-41da-ba7a-9f07c737fc2a,Revolut Business,0c4c334c-e3a5-4395-89be-c7666aaafdf5,9,10,4a651ea1-ce00-4e0d-b99a-c4222408e9db,true,downloadableSrc,200,image/webp,26428,26428,e60138f9ff467d00dbc973276dce8f8aee1c47ead776b75fa076a83549d24b50,1179,2676,,,bytescale.mobbin.com,f7a1807c1ac98ccf0eecf5078d61346ac9a94ca37a547f5708d580528c9e55c0,/Users/user/mobbin-sides/screen-flows/revolut-business/168-revolut-business-logging-in-8db52766-8bea-4c2f-8c59-71b97837aacb/010-4a651ea1-ce00-4e0d-b99a-c4222408e9db-downloadableSrc-e60138f9ff46.webp
8db52766-8bea-4c2f-8c59-71b97837aacb,Logging in,93ad9ceb-a163-41da-ba7a-9f07c737fc2a,Revolut Business,0c4c334c-e3a5-4395-89be-c7666aaafdf5,10,11,b9522aaa-4762-4df6-b4f6-b65d264296c2,true,downloadableSrc,200,image/webp,73144,73144,d191970cbe8bb862d62f925d98629321f5c24bb4a3cc6cb8371f25d2216da2ef,1179,2676,,,bytescale.mobbin.com,f7a1807c1ac98ccf0eecf5078d61346ac9a94ca37a547f5708d580528c9e55c0,/Users/user/mobbin-sides/screen-flows/revolut-business/168-revolut-business-logging-in-8db52766-8bea-4c2f-8c59-71b97837aacb/011-b9522aaa-4762-4df6-b4f6-b65d264296c2-downloadableSrc-d191970cbe8b.webp
8db52766-8bea-4c2f-8c59-71b97837aacb,Logging in,93ad9ceb-a163-41da-ba7a-9f07c737fc2a,Revolut Business,0c4c334c-e3a5-4395-89be-c7666aaafdf5,11,12,fdab0b51-07ec-4ed5-8c67-9521e9964e3f,true,downloadableSrc,200,image/webp,63868,63868,e02172a569b9ee4bd1fdd9fc1ff1b6cf293427e759ae0559cc5dc2b76680d793,1179,2676,,,bytescale.mobbin.com,f7a1807c1ac98ccf0eecf5078d61346ac9a94ca37a547f5708d580528c9e55c0,/Users/user/mobbin-sides/screen-flows/revolut-business/168-revolut-business-logging-in-8db52766-8bea-4c2f-8c59-71b97837aacb/012-fdab0b51-07ec-4ed5-8c67-9521e9964e3f-downloadableSrc-e02172a569b9.webp
8db52766-8bea-4c2f-8c59-71b97837aacb,Logging in,93ad9ceb-a163-41da-ba7a-9f07c737fc2a,Revolut Business,0c4c334c-e3a5-4395-89be-c7666aaafdf5,12,13,8c38c5ff-9e42-4c70-9027-df26ae630cc3,true,downloadableSrc,200,image/webp,32300,32300,d3e716d09aaa5216934c72885b9b0496d75a3ab2c29685dd4edd550d83d7e31a,1179,2676,,,bytescale.mobbin.com,f7a1807c1ac98ccf0eecf5078d61346ac9a94ca37a547f5708d580528c9e55c0,/Users/user/mobbin-sides/screen-flows/revolut-business/168-revolut-business-logging-in-8db52766-8bea-4c2f-8c59-71b97837aacb/013-8c38c5ff-9e42-4c70-9027-df26ae630cc3-downloadableSrc-d3e716d09aaa.webp
8db52766-8bea-4c2f-8c59-71b97837aacb,Logging in,93ad9ceb-a163-41da-ba7a-9f07c737fc2a,Revolut Business,0c4c334c-e3a5-4395-89be-c7666aaafdf5,13,14,d3df6361-69a6-450b-9158-d045037c8071,true,downloadableSrc,200,image/webp,34988,34988,c9a065c6e533c7ca34adb8d6dd888c13106f938c27bdbab0ebef46ee9c38c6ec,1179,2676,,,bytescale.mobbin.com,f7a1807c1ac98ccf0eecf5078d61346ac9a94ca37a547f5708d580528c9e55c0,/Users/user/mobbin-sides/screen-flows/revolut-business/168-revolut-business-logging-in-8db52766-8bea-4c2f-8c59-71b97837aacb/014-d3df6361-69a6-450b-9158-d045037c8071-downloadableSrc-c9a065c6e533.webp
8db52766-8bea-4c2f-8c59-71b97837aacb,Logging in,93ad9ceb-a163-41da-ba7a-9f07c737fc2a,Revolut Business,0c4c334c-e3a5-4395-89be-c7666aaafdf5,14,15,3bde8924-ee2e-407d-9781-e1418ded6b74,true,downloadableSrc,200,image/webp,51444,51444,ea52404ea0bdd88fe9747ab5330023f6ba507c4a7a6c3f5c639eca127dad15c1,1179,2676,,,bytescale.mobbin.com,f7a1807c1ac98ccf0eecf5078d61346ac9a94ca37a547f5708d580528c9e55c0,/Users/user/mobbin-sides/screen-flows/revolut-business/168-revolut-business-logging-in-8db52766-8bea-4c2f-8c59-71b97837aacb/015-3bde8924-ee2e-407d-9781-e1418ded6b74-downloadableSrc-ea52404ea0bd.webp
8db52766-8bea-4c2f-8c59-71b97837aacb,Logging in,93ad9ceb-a163-41da-ba7a-9f07c737fc2a,Revolut Business,0c4c334c-e3a5-4395-89be-c7666aaafdf5,15,16,ebcd98d5-f535-45e3-b6ca-663c000a4d23,true,downloadableSrc,200,image/webp,71838,71838,01b66bbc2a361dccedaea295781d9b236791a6f2ab2eaac9dd95613385649798,1179,2676,,,bytescale.mobbin.com,f7a1807c1ac98ccf0eecf5078d61346ac9a94ca37a547f5708d580528c9e55c0,/Users/user/mobbin-sides/screen-flows/revolut-business/168-revolut-business-logging-in-8db52766-8bea-4c2f-8c59-71b97837aacb/016-ebcd98d5-f535-45e3-b6ca-663c000a4d23-downloadableSrc-01b66bbc2a36.webp
9a8b70af-4837-42ea-b60a-a2ec74064090,Unlocking app,93ad9ceb-a163-41da-ba7a-9f07c737fc2a,Revolut Business,0c4c334c-e3a5-4395-89be-c7666aaafdf5,0,1,80ebad0f-17a4-47e3-9d85-07ea25969067,true,downloadableSrc,200,image/webp,21598,21598,fcdfeaf2ae393307ed7163064291dadcb5636090ff9bf95971169c62adc791e1,1180,2676,,,bytescale.mobbin.com,f7a1807c1ac98ccf0eecf5078d61346ac9a94ca37a547f5708d580528c9e55c0,/Users/user/mobbin-sides/screen-flows/revolut-business/169-revolut-business-unlocking-app-9a8b70af-4837-42ea-b60a-a2ec74064090/001-80ebad0f-17a4-47e3-9d85-07ea25969067-downloadableSrc-fcdfeaf2ae39.webp
9a8b70af-4837-42ea-b60a-a2ec74064090,Unlocking app,93ad9ceb-a163-41da-ba7a-9f07c737fc2a,Revolut Business,0c4c334c-e3a5-4395-89be-c7666aaafdf5,1,2,92f435bd-30e2-4ac0-83b1-e60df2ca9755,true,downloadableSrc,200,image/webp,52190,52190,a5510e5804072597d6f24bae7c488ffe82c10067c6b3aaee77e0df6d41c25d86,1179,2676,,,bytescale.mobbin.com,f7a1807c1ac98ccf0eecf5078d61346ac9a94ca37a547f5708d580528c9e55c0,/Users/user/mobbin-sides/screen-flows/revolut-business/169-revolut-business-unlocking-app-9a8b70af-4837-42ea-b60a-a2ec74064090/002-92f435bd-30e2-4ac0-83b1-e60df2ca9755-downloadableSrc-a5510e580407.webp
9a8b70af-4837-42ea-b60a-a2ec74064090,Unlocking app,93ad9ceb-a163-41da-ba7a-9f07c737fc2a,Revolut Business,0c4c334c-e3a5-4395-89be-c7666aaafdf5,2,3,ebcd98d5-f535-45e3-b6ca-663c000a4d23,true,downloadableSrc,200,image/webp,71838,71838,01b66bbc2a361dccedaea295781d9b236791a6f2ab2eaac9dd95613385649798,1179,2676,,,bytescale.mobbin.com,f7a1807c1ac98ccf0eecf5078d61346ac9a94ca37a547f5708d580528c9e55c0,/Users/user/mobbin-sides/screen-flows/revolut-business/169-revolut-business-unlocking-app-9a8b70af-4837-42ea-b60a-a2ec74064090/003-ebcd98d5-f535-45e3-b6ca-663c000a4d23-downloadableSrc-01b66bbc2a36.webp
7db6baf0-1e29-478a-8ed2-7748d7f3fcd5,Change credentials,93ad9ceb-a163-41da-ba7a-9f07c737fc2a,Revolut Business,0c4c334c-e3a5-4395-89be-c7666aaafdf5,0,1,91b85b45-704f-4e85-9a1e-6be8aa12db76,true,downloadableSrc,200,image/webp,35180,35180,0dcc61d13ce503ec046e9354bb8356e4a54259986abb8c915def5dd4b4516038,1179,2676,,,bytescale.mobbin.com,f7a1807c1ac98ccf0eecf5078d61346ac9a94ca37a547f5708d580528c9e55c0,/Users/user/mobbin-sides/screen-flows/revolut-business/170-revolut-business-change-credentials-7db6baf0-1e29-478a-8ed2-7748d7f3fcd5/001-91b85b45-704f-4e85-9a1e-6be8aa12db76-downloadableSrc-0dcc61d13ce5.webp
7db6baf0-1e29-478a-8ed2-7748d7f3fcd5,Change credentials,93ad9ceb-a163-41da-ba7a-9f07c737fc2a,Revolut Business,0c4c334c-e3a5-4395-89be-c7666aaafdf5,1,2,2d0b3816-0645-4c55-a407-fdec81e0d980,true,downloadableSrc,200,image/webp,78398,78398,329c3b3a83ee7bafa1aa24572cf75b3a2ee55ff6ef7194cf65a604631addf1e0,1180,2676,,,bytescale.mobbin.com,f7a1807c1ac98ccf0eecf5078d61346ac9a94ca37a547f5708d580528c9e55c0,/Users/user/mobbin-sides/screen-flows/revolut-business/170-revolut-business-change-credentials-7db6baf0-1e29-478a-8ed2-7748d7f3fcd5/002-2d0b3816-0645-4c55-a407-fdec81e0d980-downloadableSrc-329c3b3a83ee.webp
b7bf6ba0-d280-4528-a505-b14f69775fac,Home (member only),93ad9ceb-a163-41da-ba7a-9f07c737fc2a,Revolut Business,0c4c334c-e3a5-4395-89be-c7666aaafdf5,0,1,d9a91f50-2f04-4ca4-84fe-baa57a4bf5bc,true,downloadableSrc,200,image/webp,51084,51084,d659a80f81767b7fcc5ee8fc523fb9995c08d37e130cc6f33b8f44de2276e7d4,1179,2676,,,bytescale.mobbin.com,f7a1807c1ac98ccf0eecf5078d61346ac9a94ca37a547f5708d580528c9e55c0,/Users/user/mobbin-sides/screen-flows/revolut-business/171-revolut-business-home-member-only-b7bf6ba0-d280-4528-a505-b14f69775fac/001-d9a91f50-2f04-4ca4-84fe-baa57a4bf5bc-downloadableSrc-d659a80f8176.webp
b7bf6ba0-d280-4528-a505-b14f69775fac,Home (member only),93ad9ceb-a163-41da-ba7a-9f07c737fc2a,Revolut Business,0c4c334c-e3a5-4395-89be-c7666aaafdf5,1,2,3eb573db-8408-41c0-9b39-f6c61c38b4f8,true,downloadableSrc,200,image/webp,52702,52702,7dd6513d86410c3b120ae8ad038c98255e874fe518933fe135abfdc71326262a,1179,2676,,,bytescale.mobbin.com,f7a1807c1ac98ccf0eecf5078d61346ac9a94ca37a547f5708d580528c9e55c0,/Users/user/mobbin-sides/screen-flows/revolut-business/171-revolut-business-home-member-only-b7bf6ba0-d280-4528-a505-b14f69775fac/002-3eb573db-8408-41c0-9b39-f6c61c38b4f8-downloadableSrc-7dd6513d8641.webp
418aa6f2-c8a9-4045-bcae-1b1495d1d20d,Cards (member only),93ad9ceb-a163-41da-ba7a-9f07c737fc2a,Revolut Business,0c4c334c-e3a5-4395-89be-c7666aaafdf5,0,1,d9a91f50-2f04-4ca4-84fe-baa57a4bf5bc,true,downloadableSrc,200,image/webp,51084,51084,d659a80f81767b7fcc5ee8fc523fb9995c08d37e130cc6f33b8f44de2276e7d4,1179,2676,,,bytescale.mobbin.com,f7a1807c1ac98ccf0eecf5078d61346ac9a94ca37a547f5708d580528c9e55c0,/Users/user/mobbin-sides/screen-flows/revolut-business/172-revolut-business-cards-member-only-418aa6f2-c8a9-4045-bcae-1b1495d1d20d/001-d9a91f50-2f04-4ca4-84fe-baa57a4bf5bc-downloadableSrc-d659a80f8176.webp
418aa6f2-c8a9-4045-bcae-1b1495d1d20d,Cards (member only),93ad9ceb-a163-41da-ba7a-9f07c737fc2a,Revolut Business,0c4c334c-e3a5-4395-89be-c7666aaafdf5,1,2,36123e90-e36d-499c-b44e-74057a4d22f7,true,downloadableSrc,200,image/webp,33868,33868,d1ea0dff4e93173b9e4e7d6fd23b6c2b05c69687711ce1522265296c399f479a,1179,2676,,,bytescale.mobbin.com,f7a1807c1ac98ccf0eecf5078d61346ac9a94ca37a547f5708d580528c9e55c0,/Users/user/mobbin-sides/screen-flows/revolut-business/172-revolut-business-cards-member-only-418aa6f2-c8a9-4045-bcae-1b1495d1d20d/002-36123e90-e36d-499c-b44e-74057a4d22f7-downloadableSrc-d1ea0dff4e93.webp
f95b1b07-b98e-438d-98ba-a25ecfbe760f,Requesting a card,93ad9ceb-a163-41da-ba7a-9f07c737fc2a,Revolut Business,0c4c334c-e3a5-4395-89be-c7666aaafdf5,0,1,36123e90-e36d-499c-b44e-74057a4d22f7,true,downloadableSrc,200,image/webp,33868,33868,d1ea0dff4e93173b9e4e7d6fd23b6c2b05c69687711ce1522265296c399f479a,1179,2676,,,bytescale.mobbin.com,f7a1807c1ac98ccf0eecf5078d61346ac9a94ca37a547f5708d580528c9e55c0,/Users/user/mobbin-sides/screen-flows/revolut-business/173-revolut-business-requesting-a-card-f95b1b07-b98e-438d-98ba-a25ecfbe760f/001-36123e90-e36d-499c-b44e-74057a4d22f7-downloadableSrc-d1ea0dff4e93.webp
f95b1b07-b98e-438d-98ba-a25ecfbe760f,Requesting a card,93ad9ceb-a163-41da-ba7a-9f07c737fc2a,Revolut Business,0c4c334c-e3a5-4395-89be-c7666aaafdf5,1,2,7bc99576-666e-48ef-9bb2-833abe39f35d,true,downloadableSrc,200,image/webp,48678,48678,13d0c4c4e7a7023dc371b9772fda475f44a5f77acc580bd57093357b926f9bc2,1179,2676,,,bytescale.mobbin.com,f7a1807c1ac98ccf0eecf5078d61346ac9a94ca37a547f5708d580528c9e55c0,/Users/user/mobbin-sides/screen-flows/revolut-business/173-revolut-business-requesting-a-card-f95b1b07-b98e-438d-98ba-a25ecfbe760f/002-7bc99576-666e-48ef-9bb2-833abe39f35d-downloadableSrc-13d0c4c4e7a7.webp
f95b1b07-b98e-438d-98ba-a25ecfbe760f,Requesting a card,93ad9ceb-a163-41da-ba7a-9f07c737fc2a,Revolut Business,0c4c334c-e3a5-4395-89be-c7666aaafdf5,2,3,000eef4e-3eb5-44bd-a2db-2179c10463d6,true,downloadableSrc,200,image/webp,55404,55404,8ebcdc7940363a4ada45b2cb51b9a63ac9edd8d4848db7b57ae5fa4cfebc297d,1179,2676,,,bytescale.mobbin.com,f7a1807c1ac98ccf0eecf5078d61346ac9a94ca37a547f5708d580528c9e55c0,/Users/user/mobbin-sides/screen-flows/revolut-business/173-revolut-business-requesting-a-card-f95b1b07-b98e-438d-98ba-a25ecfbe760f/003-000eef4e-3eb5-44bd-a2db-2179c10463d6-downloadableSrc-8ebcdc794036.webp
f95b1b07-b98e-438d-98ba-a25ecfbe760f,Requesting a card,93ad9ceb-a163-41da-ba7a-9f07c737fc2a,Revolut Business,0c4c334c-e3a5-4395-89be-c7666aaafdf5,3,4,f200c401-b740-4c16-a46a-61be513b9820,true,downloadableSrc,200,image/webp,56284,56284,5505dd87eb27e1361eca2ca1d6605e058fdc96ff33278b4dfa3b23ff3826be0f,1179,2676,,,bytescale.mobbin.com,f7a1807c1ac98ccf0eecf5078d61346ac9a94ca37a547f5708d580528c9e55c0,/Users/user/mobbin-sides/screen-flows/revolut-business/173-revolut-business-requesting-a-card-f95b1b07-b98e-438d-98ba-a25ecfbe760f/004-f200c401-b740-4c16-a46a-61be513b9820-downloadableSrc-5505dd87eb27.webp
f95b1b07-b98e-438d-98ba-a25ecfbe760f,Requesting a card,93ad9ceb-a163-41da-ba7a-9f07c737fc2a,Revolut Business,0c4c334c-e3a5-4395-89be-c7666aaafdf5,4,5,8d39572e-9504-4e85-b5dc-cefd381ef7d5,true,downloadableSrc,200,image/webp,55342,55342,b723b99a7ffea51f4efb8666d4f44a032a26752ff0abc47de604ba66ed95e252,1179,2676,,,bytescale.mobbin.com,f7a1807c1ac98ccf0eecf5078d61346ac9a94ca37a547f5708d580528c9e55c0,/Users/user/mobbin-sides/screen-flows/revolut-business/173-revolut-business-requesting-a-card-f95b1b07-b98e-438d-98ba-a25ecfbe760f/005-8d39572e-9504-4e85-b5dc-cefd381ef7d5-downloadableSrc-b723b99a7ffe.webp
f95b1b07-b98e-438d-98ba-a25ecfbe760f,Requesting a card,93ad9ceb-a163-41da-ba7a-9f07c737fc2a,Revolut Business,0c4c334c-e3a5-4395-89be-c7666aaafdf5,5,6,3982d891-88a0-4e47-800d-b3e52ce3d0f3,true,downloadableSrc,200,image/webp,57872,57872,f66a072fc3df61b53cbefa61f043a0443d8808287fcb117d93b367bfc48607cd,1179,2676,,,bytescale.mobbin.com,f7a1807c1ac98ccf0eecf5078d61346ac9a94ca37a547f5708d580528c9e55c0,/Users/user/mobbin-sides/screen-flows/revolut-business/173-revolut-business-requesting-a-card-f95b1b07-b98e-438d-98ba-a25ecfbe760f/006-3982d891-88a0-4e47-800d-b3e52ce3d0f3-downloadableSrc-f66a072fc3df.webp
f95b1b07-b98e-438d-98ba-a25ecfbe760f,Requesting a card,93ad9ceb-a163-41da-ba7a-9f07c737fc2a,Revolut Business,0c4c334c-e3a5-4395-89be-c7666aaafdf5,6,7,678dd761-bd57-49f5-8828-f54a7c8d4aae,true,downloadableSrc,200,image/webp,39122,39122,566bdbb7ead09254ec7c01198e19604a09cd846a0ea374526f21f7ba81192ad4,1179,2676,,,bytescale.mobbin.com,f7a1807c1ac98ccf0eecf5078d61346ac9a94ca37a547f5708d580528c9e55c0,/Users/user/mobbin-sides/screen-flows/revolut-business/173-revolut-business-requesting-a-card-f95b1b07-b98e-438d-98ba-a25ecfbe760f/007-678dd761-bd57-49f5-8828-f54a7c8d4aae-downloadableSrc-566bdbb7ead0.webp
f95b1b07-b98e-438d-98ba-a25ecfbe760f,Requesting a card,93ad9ceb-a163-41da-ba7a-9f07c737fc2a,Revolut Business,0c4c334c-e3a5-4395-89be-c7666aaafdf5,7,8,b68eeef8-ae2f-440e-aad4-afa1710cc153,true,downloadableSrc,200,image/webp,50384,50384,ed194ea374a318a71428080e602092647513035674e57359922f5f6e5be4b746,1179,2676,,,bytescale.mobbin.com,f7a1807c1ac98ccf0eecf5078d61346ac9a94ca37a547f5708d580528c9e55c0,/Users/user/mobbin-sides/screen-flows/revolut-business/173-revolut-business-requesting-a-card-f95b1b07-b98e-438d-98ba-a25ecfbe760f/008-b68eeef8-ae2f-440e-aad4-afa1710cc153-downloadableSrc-ed194ea374a3.webp
f95b1b07-b98e-438d-98ba-a25ecfbe760f,Requesting a card,93ad9ceb-a163-41da-ba7a-9f07c737fc2a,Revolut Business,0c4c334c-e3a5-4395-89be-c7666aaafdf5,8,9,9555f995-0631-4884-a4f0-f25376923abf,true,downloadableSrc,200,image/webp,49868,49868,ee02322279a85bcd3b786e78cf9799f47d77f0f7d93a58e63b0540d9a808f2c3,1179,2676,,,bytescale.mobbin.com,f7a1807c1ac98ccf0eecf5078d61346ac9a94ca37a547f5708d580528c9e55c0,/Users/user/mobbin-sides/screen-flows/revolut-business/173-revolut-business-requesting-a-card-f95b1b07-b98e-438d-98ba-a25ecfbe760f/009-9555f995-0631-4884-a4f0-f25376923abf-downloadableSrc-ee02322279a8.webp
f95b1b07-b98e-438d-98ba-a25ecfbe760f,Requesting a card,93ad9ceb-a163-41da-ba7a-9f07c737fc2a,Revolut Business,0c4c334c-e3a5-4395-89be-c7666aaafdf5,9,10,a7fa82a8-ad75-4a1a-8bb3-2bb8e8e6e6d6,true,downloadableSrc,200,image/webp,51234,51234,b2e1bf5f88fdadebbac9ec9e37cd6cce5761b3dbcb056371b921ab15dd8057ae,1179,2676,,,bytescale.mobbin.com,f7a1807c1ac98ccf0eecf5078d61346ac9a94ca37a547f5708d580528c9e55c0,/Users/user/mobbin-sides/screen-flows/revolut-business/173-revolut-business-requesting-a-card-f95b1b07-b98e-438d-98ba-a25ecfbe760f/010-a7fa82a8-ad75-4a1a-8bb3-2bb8e8e6e6d6-downloadableSrc-b2e1bf5f88fd.webp
f95b1b07-b98e-438d-98ba-a25ecfbe760f,Requesting a card,93ad9ceb-a163-41da-ba7a-9f07c737fc2a,Revolut Business,0c4c334c-e3a5-4395-89be-c7666aaafdf5,10,11,dba5b6cb-6118-4040-87a5-b1b87df1363c,true,downloadableSrc,200,image/webp,33872,33872,14e045cd8be3a4d3b7fa4a16585e19aab9a8bba05099753edd186c0269b0a53b,1179,2676,,,bytescale.mobbin.com,f7a1807c1ac98ccf0eecf5078d61346ac9a94ca37a547f5708d580528c9e55c0,/Users/user/mobbin-sides/screen-flows/revolut-business/173-revolut-business-requesting-a-card-f95b1b07-b98e-438d-98ba-a25ecfbe760f/011-dba5b6cb-6118-4040-87a5-b1b87df1363c-downloadableSrc-14e045cd8be3.webp
