flowId,flowName,appId,appName,appVersionId,order,index,screenId,restricted,descriptor,status,contentType,contentLengthHeader,bytes,sha256,width,height,declaredWidth,declaredHeight,urlHost,urlPathHash,savedPath
7067a093-3c76-452b-a23c-1ffc02f91e34,Products,c398e404-cbd4-4f86-8a89-18e36b882319,Apple Store,2c15abd3-2aec-4a0c-bee8-f81995702a6a,0,1,812cada9-ca3b-43b3-bac1-d2ae9ee5248c,false,downloadableSrc,200,image/webp,15548,15548,794890d1072c7c520c87efcc9c4693945a9953c5d1ef09e4fa03cad27f586fd3,1179,2676,,,bytescale.mobbin.com,f7a1807c1ac98ccf0eecf5078d61346ac9a94ca37a547f5708d580528c9e55c0,/Users/user/mobbin-sides/screen-flows/apple-store/001-apple-store-products-7067a093-3c76-452b-a23c-1ffc02f91e34/001-812cada9-ca3b-43b3-bac1-d2ae9ee5248c-downloadableSrc-794890d1072c.webp
7067a093-3c76-452b-a23c-1ffc02f91e34,Products,c398e404-cbd4-4f86-8a89-18e36b882319,Apple Store,2c15abd3-2aec-4a0c-bee8-f81995702a6a,1,2,3f0bb74e-fbb0-4fe3-a27a-b95f66833a9b,false,downloadableSrc,200,image/webp,120384,120384,a4f1d840058c4d16ec698691d2b17a3c683e6c209db51f1bd70982488dc51eb7,1179,2676,,,bytescale.mobbin.com,f7a1807c1ac98ccf0eecf5078d61346ac9a94ca37a547f5708d580528c9e55c0,/Users/user/mobbin-sides/screen-flows/apple-store/001-apple-store-products-7067a093-3c76-452b-a23c-1ffc02f91e34/002-3f0bb74e-fbb0-4fe3-a27a-b95f66833a9b-downloadableSrc-a4f1d840058c.webp
7067a093-3c76-452b-a23c-1ffc02f91e34,Products,c398e404-cbd4-4f86-8a89-18e36b882319,Apple Store,2c15abd3-2aec-4a0c-bee8-f81995702a6a,2,3,19ec45e3-c396-4a2f-b2bb-3d5895817822,false,downloadableSrc,200,image/webp,117566,117566,6ec35951efedf43bd6625ee38268bcb7f27e4aa1f071a2b08b8b0fbc7b3ba672,1179,2676,,,bytescale.mobbin.com,f7a1807c1ac98ccf0eecf5078d61346ac9a94ca37a547f5708d580528c9e55c0,/Users/user/mobbin-sides/screen-flows/apple-store/001-apple-store-products-7067a093-3c76-452b-a23c-1ffc02f91e34/003-19ec45e3-c396-4a2f-b2bb-3d5895817822-downloadableSrc-6ec35951efed.webp
7067a093-3c76-452b-a23c-1ffc02f91e34,Products,c398e404-cbd4-4f86-8a89-18e36b882319,Apple Store,2c15abd3-2aec-4a0c-bee8-f81995702a6a,3,4,99d5a0a0-5753-4036-85a1-599aff6afdb6,false,downloadableSrc,200,image/webp,117466,117466,97fcd764832a97cab881d2808254d1b6ef373b5009dd9469f12780326d558c39,1179,2676,,,bytescale.mobbin.com,f7a1807c1ac98ccf0eecf5078d61346ac9a94ca37a547f5708d580528c9e55c0,/Users/user/mobbin-sides/screen-flows/apple-store/001-apple-store-products-7067a093-3c76-452b-a23c-1ffc02f91e34/004-99d5a0a0-5753-4036-85a1-599aff6afdb6-downloadableSrc-97fcd764832a.webp
7067a093-3c76-452b-a23c-1ffc02f91e34,Products,c398e404-cbd4-4f86-8a89-18e36b882319,Apple Store,2c15abd3-2aec-4a0c-bee8-f81995702a6a,4,5,c45ec413-a395-4f99-a920-0bbc2d4ce25b,false,downloadableSrc,200,image/webp,105780,105780,a45b341971731ba1c9d6899c80786e6f60073f936771e075acfdf04bfa15e49e,1179,2676,,,bytescale.mobbin.com,f7a1807c1ac98ccf0eecf5078d61346ac9a94ca37a547f5708d580528c9e55c0,/Users/user/mobbin-sides/screen-flows/apple-store/001-apple-store-products-7067a093-3c76-452b-a23c-1ffc02f91e34/005-c45ec413-a395-4f99-a920-0bbc2d4ce25b-downloadableSrc-a45b34197173.webp
7067a093-3c76-452b-a23c-1ffc02f91e34,Products,c398e404-cbd4-4f86-8a89-18e36b882319,Apple Store,2c15abd3-2aec-4a0c-bee8-f81995702a6a,5,6,c6e54a36-dc77-4fc3-96bb-08ea4c35df41,false,downloadableSrc,200,image/webp,114598,114598,20c78ed80f2ae7bf51dcfda1b32f2edc42fa8a11fb82f139208501ef86afdb9d,1179,2676,,,bytescale.mobbin.com,f7a1807c1ac98ccf0eecf5078d61346ac9a94ca37a547f5708d580528c9e55c0,/Users/user/mobbin-sides/screen-flows/apple-store/001-apple-store-products-7067a093-3c76-452b-a23c-1ffc02f91e34/006-c6e54a36-dc77-4fc3-96bb-08ea4c35df41-downloadableSrc-20c78ed80f2a.webp
7067a093-3c76-452b-a23c-1ffc02f91e34,Products,c398e404-cbd4-4f86-8a89-18e36b882319,Apple Store,2c15abd3-2aec-4a0c-bee8-f81995702a6a,6,7,3cbef54a-5027-4ddb-8c1a-9be250deed9a,false,downloadableSrc,200,image/webp,103094,103094,a584af0f461dc165a3038fd255e7bbb249b0dac21f878279d6f2b326db200ad2,1179,2676,,,bytescale.mobbin.com,f7a1807c1ac98ccf0eecf5078d61346ac9a94ca37a547f5708d580528c9e55c0,/Users/user/mobbin-sides/screen-flows/apple-store/001-apple-store-products-7067a093-3c76-452b-a23c-1ffc02f91e34/007-3cbef54a-5027-4ddb-8c1a-9be250deed9a-downloadableSrc-a584af0f461d.webp
7067a093-3c76-452b-a23c-1ffc02f91e34,Products,c398e404-cbd4-4f86-8a89-18e36b882319,Apple Store,2c15abd3-2aec-4a0c-bee8-f81995702a6a,7,8,c04bd590-212f-421e-9fb4-73f19532e3cc,false,downloadableSrc,200,image/webp,129742,129742,66aef47c05114db8ed2ac3d18629d73b54af959bd9d147d5040ca0a4c97025bb,1179,2676,,,bytescale.mobbin.com,f7a1807c1ac98ccf0eecf5078d61346ac9a94ca37a547f5708d580528c9e55c0,/Users/user/mobbin-sides/screen-flows/apple-store/001-apple-store-products-7067a093-3c76-452b-a23c-1ffc02f91e34/008-c04bd590-212f-421e-9fb4-73f19532e3cc-downloadableSrc-66aef47c0511.webp
7067a093-3c76-452b-a23c-1ffc02f91e34,Products,c398e404-cbd4-4f86-8a89-18e36b882319,Apple Store,2c15abd3-2aec-4a0c-bee8-f81995702a6a,8,9,987bdfb7-672a-48a6-adf0-cadea921263b,false,downloadableSrc,200,image/webp,59598,59598,ad10761b8691a5219d991ed62ee27d42afc9cee4b1169b44c6207ce734925bb1,1179,2676,,,bytescale.mobbin.com,f7a1807c1ac98ccf0eecf5078d61346ac9a94ca37a547f5708d580528c9e55c0,/Users/user/mobbin-sides/screen-flows/apple-store/001-apple-store-products-7067a093-3c76-452b-a23c-1ffc02f91e34/009-987bdfb7-672a-48a6-adf0-cadea921263b-downloadableSrc-ad10761b8691.webp
7067a093-3c76-452b-a23c-1ffc02f91e34,Products,c398e404-cbd4-4f86-8a89-18e36b882319,Apple Store,2c15abd3-2aec-4a0c-bee8-f81995702a6a,9,10,e63c3a13-6097-47f7-9c2a-6976d1c8589e,false,downloadableSrc,200,image/webp,60386,60386,ce88d28babb5d608935f22b4be774cdc97b1aa5f989dd59eaed2aea49bc050b2,1179,2676,,,bytescale.mobbin.com,f7a1807c1ac98ccf0eecf5078d61346ac9a94ca37a547f5708d580528c9e55c0,/Users/user/mobbin-sides/screen-flows/apple-store/001-apple-store-products-7067a093-3c76-452b-a23c-1ffc02f91e34/010-e63c3a13-6097-47f7-9c2a-6976d1c8589e-downloadableSrc-ce88d28babb5.webp
7067a093-3c76-452b-a23c-1ffc02f91e34,Products,c398e404-cbd4-4f86-8a89-18e36b882319,Apple Store,2c15abd3-2aec-4a0c-bee8-f81995702a6a,10,11,9bb3b025-efa8-4834-a975-eaf368b8830e,false,downloadableSrc,200,image/webp,77968,77968,403563e2583cc322c2acb0f6c764cfb3a29b02a76b5f40119a85d31e49a7e44e,1179,2676,,,bytescale.mobbin.com,f7a1807c1ac98ccf0eecf5078d61346ac9a94ca37a547f5708d580528c9e55c0,/Users/user/mobbin-sides/screen-flows/apple-store/001-apple-store-products-7067a093-3c76-452b-a23c-1ffc02f91e34/011-9bb3b025-efa8-4834-a975-eaf368b8830e-downloadableSrc-403563e2583c.webp
7067a093-3c76-452b-a23c-1ffc02f91e34,Products,c398e404-cbd4-4f86-8a89-18e36b882319,Apple Store,2c15abd3-2aec-4a0c-bee8-f81995702a6a,11,12,f3e5525c-a6e8-4414-ad89-759b08b66db7,false,downloadableSrc,200,image/webp,90212,90212,2f3f2dc74a6724c2a910387341ad6eb72e01349eb1f428caef66537eb4de94ce,1179,2676,,,bytescale.mobbin.com,f7a1807c1ac98ccf0eecf5078d61346ac9a94ca37a547f5708d580528c9e55c0,/Users/user/mobbin-sides/screen-flows/apple-store/001-apple-store-products-7067a093-3c76-452b-a23c-1ffc02f91e34/012-f3e5525c-a6e8-4414-ad89-759b08b66db7-downloadableSrc-2f3f2dc74a67.webp
7067a093-3c76-452b-a23c-1ffc02f91e34,Products,c398e404-cbd4-4f86-8a89-18e36b882319,Apple Store,2c15abd3-2aec-4a0c-bee8-f81995702a6a,12,13,c30ae220-7bcd-4f82-b9e8-9af7484c8f38,false,downloadableSrc,200,image/webp,93648,93648,3ec1483a30ebbf9594c49575e17bdcf02dfef060633209573565f14518986109,1179,2676,,,bytescale.mobbin.com,f7a1807c1ac98ccf0eecf5078d61346ac9a94ca37a547f5708d580528c9e55c0,/Users/user/mobbin-sides/screen-flows/apple-store/001-apple-store-products-7067a093-3c76-452b-a23c-1ffc02f91e34/013-c30ae220-7bcd-4f82-b9e8-9af7484c8f38-downloadableSrc-3ec1483a30eb.webp
7067a093-3c76-452b-a23c-1ffc02f91e34,Products,c398e404-cbd4-4f86-8a89-18e36b882319,Apple Store,2c15abd3-2aec-4a0c-bee8-f81995702a6a,13,14,910465b9-5923-41b9-98a2-87d54a92a4cf,false,downloadableSrc,200,image/webp,123492,123492,f0c95c8716a0b42436acb7f4feeddf8535217c8d90e9c69314b2f5c3090d87f8,1179,2676,,,bytescale.mobbin.com,f7a1807c1ac98ccf0eecf5078d61346ac9a94ca37a547f5708d580528c9e55c0,/Users/user/mobbin-sides/screen-flows/apple-store/001-apple-store-products-7067a093-3c76-452b-a23c-1ffc02f91e34/014-910465b9-5923-41b9-98a2-87d54a92a4cf-downloadableSrc-f0c95c8716a0.webp
8ada7f86-fba5-424b-a10a-93a1ddf97b83,Product detail (iPhone),c398e404-cbd4-4f86-8a89-18e36b882319,Apple Store,2c15abd3-2aec-4a0c-bee8-f81995702a6a,0,1,3f0bb74e-fbb0-4fe3-a27a-b95f66833a9b,true,downloadableSrc,200,image/webp,120384,120384,a4f1d840058c4d16ec698691d2b17a3c683e6c209db51f1bd70982488dc51eb7,1179,2676,,,bytescale.mobbin.com,f7a1807c1ac98ccf0eecf5078d61346ac9a94ca37a547f5708d580528c9e55c0,/Users/user/mobbin-sides/screen-flows/apple-store/002-apple-store-product-detail-iphone-8ada7f86-fba5-424b-a10a-93a1ddf97b83/001-3f0bb74e-fbb0-4fe3-a27a-b95f66833a9b-downloadableSrc-a4f1d840058c.webp
8ada7f86-fba5-424b-a10a-93a1ddf97b83,Product detail (iPhone),c398e404-cbd4-4f86-8a89-18e36b882319,Apple Store,2c15abd3-2aec-4a0c-bee8-f81995702a6a,1,2,77bd75c5-dda1-48e1-a7a8-656de049fce9,true,downloadableSrc,200,image/webp,113058,113058,9e921f928b10c156b80cb7acd6c2ee75b3048ba8effc30fabf01492aa6a12dfd,1179,2676,,,bytescale.mobbin.com,f7a1807c1ac98ccf0eecf5078d61346ac9a94ca37a547f5708d580528c9e55c0,/Users/user/mobbin-sides/screen-flows/apple-store/002-apple-store-product-detail-iphone-8ada7f86-fba5-424b-a10a-93a1ddf97b83/002-77bd75c5-dda1-48e1-a7a8-656de049fce9-downloadableSrc-9e921f928b10.webp
8ada7f86-fba5-424b-a10a-93a1ddf97b83,Product detail (iPhone),c398e404-cbd4-4f86-8a89-18e36b882319,Apple Store,2c15abd3-2aec-4a0c-bee8-f81995702a6a,2,3,9f027b3b-79fe-4a32-ba48-b59523fca8d5,true,downloadableSrc,200,image/webp,54090,54090,80c19a61d39f9a4f8483fbb6c9a524010953ba9df010d3cc5dd52eb7975b9a32,1179,2676,,,bytescale.mobbin.com,f7a1807c1ac98ccf0eecf5078d61346ac9a94ca37a547f5708d580528c9e55c0,/Users/user/mobbin-sides/screen-flows/apple-store/002-apple-store-product-detail-iphone-8ada7f86-fba5-424b-a10a-93a1ddf97b83/003-9f027b3b-79fe-4a32-ba48-b59523fca8d5-downloadableSrc-80c19a61d39f.webp
8ada7f86-fba5-424b-a10a-93a1ddf97b83,Product detail (iPhone),c398e404-cbd4-4f86-8a89-18e36b882319,Apple Store,2c15abd3-2aec-4a0c-bee8-f81995702a6a,3,4,5580169e-ca90-4853-9fec-40845e1d8ae4,true,downloadableSrc,200,image/webp,64184,64184,6e13ed78a5ab7158183a65a54e015c6ade04f044d9b86c47378ef9c4921e7b85,1179,2676,,,bytescale.mobbin.com,f7a1807c1ac98ccf0eecf5078d61346ac9a94ca37a547f5708d580528c9e55c0,/Users/user/mobbin-sides/screen-flows/apple-store/002-apple-store-product-detail-iphone-8ada7f86-fba5-424b-a10a-93a1ddf97b83/004-5580169e-ca90-4853-9fec-40845e1d8ae4-downloadableSrc-6e13ed78a5ab.webp
8ada7f86-fba5-424b-a10a-93a1ddf97b83,Product detail (iPhone),c398e404-cbd4-4f86-8a89-18e36b882319,Apple Store,2c15abd3-2aec-4a0c-bee8-f81995702a6a,4,5,aa791be1-aec4-421f-a89f-6b3127a71d1b,true,downloadableSrc,200,image/webp,101130,101130,d71f634e8f54f89461ad92aefb3c92700ce5842f50ac2a0aa6b5dbb9417601a7,1179,2676,,,bytescale.mobbin.com,f7a1807c1ac98ccf0eecf5078d61346ac9a94ca37a547f5708d580528c9e55c0,/Users/user/mobbin-sides/screen-flows/apple-store/002-apple-store-product-detail-iphone-8ada7f86-fba5-424b-a10a-93a1ddf97b83/005-aa791be1-aec4-421f-a89f-6b3127a71d1b-downloadableSrc-d71f634e8f54.webp
8ada7f86-fba5-424b-a10a-93a1ddf97b83,Product detail (iPhone),c398e404-cbd4-4f86-8a89-18e36b882319,Apple Store,2c15abd3-2aec-4a0c-bee8-f81995702a6a,5,6,8fb7df1a-ff76-4b2d-ae05-065032ce9334,true,downloadableSrc,200,image/webp,134932,134932,6c999611f271853f5cd1428ab627492b7934c8c900e3c48351773fc32dba4f61,1179,2676,,,bytescale.mobbin.com,f7a1807c1ac98ccf0eecf5078d61346ac9a94ca37a547f5708d580528c9e55c0,/Users/user/mobbin-sides/screen-flows/apple-store/002-apple-store-product-detail-iphone-8ada7f86-fba5-424b-a10a-93a1ddf97b83/006-8fb7df1a-ff76-4b2d-ae05-065032ce9334-downloadableSrc-6c999611f271.webp
8ada7f86-fba5-424b-a10a-93a1ddf97b83,Product detail (iPhone),c398e404-cbd4-4f86-8a89-18e36b882319,Apple Store,2c15abd3-2aec-4a0c-bee8-f81995702a6a,6,7,ef2ee2e4-ea3b-4a38-918e-7e813e746ce7,true,downloadableSrc,200,image/webp,105910,105910,a93c87603e428af4d120390d1990704d06b8283f22a6bbf242897f9d295720a6,1179,2676,,,bytescale.mobbin.com,f7a1807c1ac98ccf0eecf5078d61346ac9a94ca37a547f5708d580528c9e55c0,/Users/user/mobbin-sides/screen-flows/apple-store/002-apple-store-product-detail-iphone-8ada7f86-fba5-424b-a10a-93a1ddf97b83/007-ef2ee2e4-ea3b-4a38-918e-7e813e746ce7-downloadableSrc-a93c87603e42.webp
8ada7f86-fba5-424b-a10a-93a1ddf97b83,Product detail (iPhone),c398e404-cbd4-4f86-8a89-18e36b882319,Apple Store,2c15abd3-2aec-4a0c-bee8-f81995702a6a,7,8,d12d89a6-6f81-4ef8-8fc5-82f80905def5,true,downloadableSrc,200,image/webp,73242,73242,05992fc325149f1584da9453acdb7fe7f9e38a3f6c652e2828567fbb4d9f7b66,1179,2676,,,bytescale.mobbin.com,f7a1807c1ac98ccf0eecf5078d61346ac9a94ca37a547f5708d580528c9e55c0,/Users/user/mobbin-sides/screen-flows/apple-store/002-apple-store-product-detail-iphone-8ada7f86-fba5-424b-a10a-93a1ddf97b83/008-d12d89a6-6f81-4ef8-8fc5-82f80905def5-downloadableSrc-05992fc32514.webp
f77b6f79-1bc1-4326-b738-28fa04785f5c,Features detail,c398e404-cbd4-4f86-8a89-18e36b882319,Apple Store,2c15abd3-2aec-4a0c-bee8-f81995702a6a,0,1,77bd75c5-dda1-48e1-a7a8-656de049fce9,true,downloadableSrc,200,image/webp,113058,113058,9e921f928b10c156b80cb7acd6c2ee75b3048ba8effc30fabf01492aa6a12dfd,1179,2676,,,bytescale.mobbin.com,f7a1807c1ac98ccf0eecf5078d61346ac9a94ca37a547f5708d580528c9e55c0,/Users/user/mobbin-sides/screen-flows/apple-store/003-apple-store-features-detail-f77b6f79-1bc1-4326-b738-28fa04785f5c/001-77bd75c5-dda1-48e1-a7a8-656de049fce9-downloadableSrc-9e921f928b10.webp
f77b6f79-1bc1-4326-b738-28fa04785f5c,Features detail,c398e404-cbd4-4f86-8a89-18e36b882319,Apple Store,2c15abd3-2aec-4a0c-bee8-f81995702a6a,1,2,2f34d34e-a456-4816-b97a-e6ba8fa0ee8b,true,downloadableSrc,200,image/webp,110162,110162,cf88f476622240bf6b778c6b21df410cd4f7a27f8b6c956f8f95eb5ae6c08bc6,1179,2676,,,bytescale.mobbin.com,f7a1807c1ac98ccf0eecf5078d61346ac9a94ca37a547f5708d580528c9e55c0,/Users/user/mobbin-sides/screen-flows/apple-store/003-apple-store-features-detail-f77b6f79-1bc1-4326-b738-28fa04785f5c/002-2f34d34e-a456-4816-b97a-e6ba8fa0ee8b-downloadableSrc-cf88f4766222.webp
f77b6f79-1bc1-4326-b738-28fa04785f5c,Features detail,c398e404-cbd4-4f86-8a89-18e36b882319,Apple Store,2c15abd3-2aec-4a0c-bee8-f81995702a6a,2,3,b7ca716c-3810-4cdc-8c59-3d06320cd6c7,true,downloadableSrc,200,image/webp,128828,128828,770d6362328e7c6f0192d249aa5c75282069be626065d94c9e5b70a086e1acdf,1179,2676,,,bytescale.mobbin.com,f7a1807c1ac98ccf0eecf5078d61346ac9a94ca37a547f5708d580528c9e55c0,/Users/user/mobbin-sides/screen-flows/apple-store/003-apple-store-features-detail-f77b6f79-1bc1-4326-b738-28fa04785f5c/003-b7ca716c-3810-4cdc-8c59-3d06320cd6c7-downloadableSrc-770d6362328e.webp
f77b6f79-1bc1-4326-b738-28fa04785f5c,Features detail,c398e404-cbd4-4f86-8a89-18e36b882319,Apple Store,2c15abd3-2aec-4a0c-bee8-f81995702a6a,3,4,89400c46-0391-4df5-a04b-67c2882f02dc,true,downloadableSrc,200,image/webp,88450,88450,13d8b1373cd40c0fb0a3281ca0f570ace8ee1a001b6f56000d134bcf84faf9e8,1179,2676,,,bytescale.mobbin.com,f7a1807c1ac98ccf0eecf5078d61346ac9a94ca37a547f5708d580528c9e55c0,/Users/user/mobbin-sides/screen-flows/apple-store/003-apple-store-features-detail-f77b6f79-1bc1-4326-b738-28fa04785f5c/004-89400c46-0391-4df5-a04b-67c2882f02dc-downloadableSrc-13d8b1373cd4.webp
f77b6f79-1bc1-4326-b738-28fa04785f5c,Features detail,c398e404-cbd4-4f86-8a89-18e36b882319,Apple Store,2c15abd3-2aec-4a0c-bee8-f81995702a6a,4,5,48f74c90-8b6b-46d4-99b1-693277391158,true,downloadableSrc,200,image/webp,77566,77566,76f5f9a43a233ce8be22afabe40526432ff1c241330361c220ac50613d0a1d38,1179,2676,,,bytescale.mobbin.com,f7a1807c1ac98ccf0eecf5078d61346ac9a94ca37a547f5708d580528c9e55c0,/Users/user/mobbin-sides/screen-flows/apple-store/003-apple-store-features-detail-f77b6f79-1bc1-4326-b738-28fa04785f5c/005-48f74c90-8b6b-46d4-99b1-693277391158-downloadableSrc-76f5f9a43a23.webp
f77b6f79-1bc1-4326-b738-28fa04785f5c,Features detail,c398e404-cbd4-4f86-8a89-18e36b882319,Apple Store,2c15abd3-2aec-4a0c-bee8-f81995702a6a,5,6,2d10f988-71d6-42d5-b5da-fc9c0de33d2b,true,downloadableSrc,200,image/webp,83478,83478,e17dc26dd121d6ee6515db295a674e8c0036837b48ce7e44e117624f6ef7d32b,1179,2676,,,bytescale.mobbin.com,f7a1807c1ac98ccf0eecf5078d61346ac9a94ca37a547f5708d580528c9e55c0,/Users/user/mobbin-sides/screen-flows/apple-store/003-apple-store-features-detail-f77b6f79-1bc1-4326-b738-28fa04785f5c/006-2d10f988-71d6-42d5-b5da-fc9c0de33d2b-downloadableSrc-e17dc26dd121.webp
dafb6fbd-32cb-480a-93aa-83287c590f14,Adding to bag,c398e404-cbd4-4f86-8a89-18e36b882319,Apple Store,2c15abd3-2aec-4a0c-bee8-f81995702a6a,0,1,77bd75c5-dda1-48e1-a7a8-656de049fce9,true,downloadableSrc,200,image/webp,113058,113058,9e921f928b10c156b80cb7acd6c2ee75b3048ba8effc30fabf01492aa6a12dfd,1179,2676,,,bytescale.mobbin.com,f7a1807c1ac98ccf0eecf5078d61346ac9a94ca37a547f5708d580528c9e55c0,/Users/user/mobbin-sides/screen-flows/apple-store/004-apple-store-adding-to-bag-dafb6fbd-32cb-480a-93aa-83287c590f14/001-77bd75c5-dda1-48e1-a7a8-656de049fce9-downloadableSrc-9e921f928b10.webp
dafb6fbd-32cb-480a-93aa-83287c590f14,Adding to bag,c398e404-cbd4-4f86-8a89-18e36b882319,Apple Store,2c15abd3-2aec-4a0c-bee8-f81995702a6a,1,2,6153f692-7a9f-4326-8dd4-a71f64dcb5b9,true,downloadableSrc,200,image/webp,74476,74476,dbf5a99d7330ee5df63003249cbdf71d7c66a2927516195f4b326c78fd467241,1179,2676,,,bytescale.mobbin.com,f7a1807c1ac98ccf0eecf5078d61346ac9a94ca37a547f5708d580528c9e55c0,/Users/user/mobbin-sides/screen-flows/apple-store/004-apple-store-adding-to-bag-dafb6fbd-32cb-480a-93aa-83287c590f14/002-6153f692-7a9f-4326-8dd4-a71f64dcb5b9-downloadableSrc-dbf5a99d7330.webp
dafb6fbd-32cb-480a-93aa-83287c590f14,Adding to bag,c398e404-cbd4-4f86-8a89-18e36b882319,Apple Store,2c15abd3-2aec-4a0c-bee8-f81995702a6a,2,3,9d8cbbe2-7c1e-4a51-ac19-8523d6b0eb61,true,downloadableSrc,200,image/webp,82568,82568,e1aa7567151815ed50af0179ff1fe0fba582bc22e2a41eaf275f4842364bae12,1179,2676,,,bytescale.mobbin.com,f7a1807c1ac98ccf0eecf5078d61346ac9a94ca37a547f5708d580528c9e55c0,/Users/user/mobbin-sides/screen-flows/apple-store/004-apple-store-adding-to-bag-dafb6fbd-32cb-480a-93aa-83287c590f14/003-9d8cbbe2-7c1e-4a51-ac19-8523d6b0eb61-downloadableSrc-e1aa75671518.webp
dafb6fbd-32cb-480a-93aa-83287c590f14,Adding to bag,c398e404-cbd4-4f86-8a89-18e36b882319,Apple Store,2c15abd3-2aec-4a0c-bee8-f81995702a6a,3,4,29135ec6-6581-4c61-b126-e702b978a261,true,downloadableSrc,200,image/webp,88746,88746,ad11f25bcffeb7d31956f07ec4684666cbedabe82be06afef83149f1ac739505,1179,2676,,,bytescale.mobbin.com,f7a1807c1ac98ccf0eecf5078d61346ac9a94ca37a547f5708d580528c9e55c0,/Users/user/mobbin-sides/screen-flows/apple-store/004-apple-store-adding-to-bag-dafb6fbd-32cb-480a-93aa-83287c590f14/004-29135ec6-6581-4c61-b126-e702b978a261-downloadableSrc-ad11f25bcffe.webp
dafb6fbd-32cb-480a-93aa-83287c590f14,Adding to bag,c398e404-cbd4-4f86-8a89-18e36b882319,Apple Store,2c15abd3-2aec-4a0c-bee8-f81995702a6a,4,5,1ddea13a-07c3-412c-b430-dfff5ba5c5e0,true,downloadableSrc,200,image/webp,75766,75766,4baec5a61356004214d256f9ce97ed53db10491948522d5f641a0c05dde2a4f2,1179,2676,,,bytescale.mobbin.com,f7a1807c1ac98ccf0eecf5078d61346ac9a94ca37a547f5708d580528c9e55c0,/Users/user/mobbin-sides/screen-flows/apple-store/004-apple-store-adding-to-bag-dafb6fbd-32cb-480a-93aa-83287c590f14/005-1ddea13a-07c3-412c-b430-dfff5ba5c5e0-downloadableSrc-4baec5a61356.webp
dafb6fbd-32cb-480a-93aa-83287c590f14,Adding to bag,c398e404-cbd4-4f86-8a89-18e36b882319,Apple Store,2c15abd3-2aec-4a0c-bee8-f81995702a6a,5,6,2691f022-71cd-4a06-b657-8860a28e80dc,true,downloadableSrc,200,image/webp,90528,90528,94f86adc5720aa9327223d6878a00bb37a94e6772a091c0304a5d2c0f351f979,1179,2676,,,bytescale.mobbin.com,f7a1807c1ac98ccf0eecf5078d61346ac9a94ca37a547f5708d580528c9e55c0,/Users/user/mobbin-sides/screen-flows/apple-store/004-apple-store-adding-to-bag-dafb6fbd-32cb-480a-93aa-83287c590f14/006-2691f022-71cd-4a06-b657-8860a28e80dc-downloadableSrc-94f86adc5720.webp
dafb6fbd-32cb-480a-93aa-83287c590f14,Adding to bag,c398e404-cbd4-4f86-8a89-18e36b882319,Apple Store,2c15abd3-2aec-4a0c-bee8-f81995702a6a,6,7,6582c97a-d5d0-46ca-91c4-73a5ffcc2d02,true,downloadableSrc,200,image/webp,93690,93690,0ba58298833873bc84158a6becdefd908992befc29c1df594e4d7125a7ebc55e,1179,2676,,,bytescale.mobbin.com,f7a1807c1ac98ccf0eecf5078d61346ac9a94ca37a547f5708d580528c9e55c0,/Users/user/mobbin-sides/screen-flows/apple-store/004-apple-store-adding-to-bag-dafb6fbd-32cb-480a-93aa-83287c590f14/007-6582c97a-d5d0-46ca-91c4-73a5ffcc2d02-downloadableSrc-0ba582988338.webp
dafb6fbd-32cb-480a-93aa-83287c590f14,Adding to bag,c398e404-cbd4-4f86-8a89-18e36b882319,Apple Store,2c15abd3-2aec-4a0c-bee8-f81995702a6a,7,8,90e94ad1-51b6-42ee-9a46-47308ca83e39,true,downloadableSrc,200,image/webp,72810,72810,912747afc16356c7dd1da86ac5db2db51c7d713c375e70524cc791600234681f,1179,2676,,,bytescale.mobbin.com,f7a1807c1ac98ccf0eecf5078d61346ac9a94ca37a547f5708d580528c9e55c0,/Users/user/mobbin-sides/screen-flows/apple-store/004-apple-store-adding-to-bag-dafb6fbd-32cb-480a-93aa-83287c590f14/008-90e94ad1-51b6-42ee-9a46-47308ca83e39-downloadableSrc-912747afc163.webp
dafb6fbd-32cb-480a-93aa-83287c590f14,Adding to bag,c398e404-cbd4-4f86-8a89-18e36b882319,Apple Store,2c15abd3-2aec-4a0c-bee8-f81995702a6a,8,9,ede2c428-cb98-4a7b-bf18-289a7c076846,true,downloadableSrc,200,image/webp,96952,96952,c5cbc41bdf913b89f70ea9d0fcd48ae7fb52b142d253d5536bd69f03dc178728,1179,2676,,,bytescale.mobbin.com,f7a1807c1ac98ccf0eecf5078d61346ac9a94ca37a547f5708d580528c9e55c0,/Users/user/mobbin-sides/screen-flows/apple-store/004-apple-store-adding-to-bag-dafb6fbd-32cb-480a-93aa-83287c590f14/009-ede2c428-cb98-4a7b-bf18-289a7c076846-downloadableSrc-c5cbc41bdf91.webp
dafb6fbd-32cb-480a-93aa-83287c590f14,Adding to bag,c398e404-cbd4-4f86-8a89-18e36b882319,Apple Store,2c15abd3-2aec-4a0c-bee8-f81995702a6a,9,10,65c853c9-7b34-40c4-af81-67ad778bacac,true,downloadableSrc,200,image/webp,88628,88628,462d994cd3e850f758efd1c7843a69e54265c3a34be28fe7a4913fe9b598b43e,1179,2676,,,bytescale.mobbin.com,f7a1807c1ac98ccf0eecf5078d61346ac9a94ca37a547f5708d580528c9e55c0,/Users/user/mobbin-sides/screen-flows/apple-store/004-apple-store-adding-to-bag-dafb6fbd-32cb-480a-93aa-83287c590f14/010-65c853c9-7b34-40c4-af81-67ad778bacac-downloadableSrc-462d994cd3e8.webp
dafb6fbd-32cb-480a-93aa-83287c590f14,Adding to bag,c398e404-cbd4-4f86-8a89-18e36b882319,Apple Store,2c15abd3-2aec-4a0c-bee8-f81995702a6a,10,11,1bc8076f-b564-4369-9212-7021b2d0331f,true,downloadableSrc,200,image/webp,30090,30090,6d34ce1ae1d19731be64970bae230a698ebf3c16965c62a56182bd81a0e5e83f,1179,2676,,,bytescale.mobbin.com,f7a1807c1ac98ccf0eecf5078d61346ac9a94ca37a547f5708d580528c9e55c0,/Users/user/mobbin-sides/screen-flows/apple-store/004-apple-store-adding-to-bag-dafb6fbd-32cb-480a-93aa-83287c590f14/011-1bc8076f-b564-4369-9212-7021b2d0331f-downloadableSrc-6d34ce1ae1d1.webp
dafb6fbd-32cb-480a-93aa-83287c590f14,Adding to bag,c398e404-cbd4-4f86-8a89-18e36b882319,Apple Store,2c15abd3-2aec-4a0c-bee8-f81995702a6a,11,12,d4c8ce6b-00c3-44cf-b87b-d1a68096698d,true,downloadableSrc,200,image/webp,87444,87444,9356a27f6d7c2f66bd7772770f45b1ad5177a07b357562bcb202d8d767b40136,1179,2676,,,bytescale.mobbin.com,f7a1807c1ac98ccf0eecf5078d61346ac9a94ca37a547f5708d580528c9e55c0,/Users/user/mobbin-sides/screen-flows/apple-store/004-apple-store-adding-to-bag-dafb6fbd-32cb-480a-93aa-83287c590f14/012-d4c8ce6b-00c3-44cf-b87b-d1a68096698d-downloadableSrc-9356a27f6d7c.webp
dafb6fbd-32cb-480a-93aa-83287c590f14,Adding to bag,c398e404-cbd4-4f86-8a89-18e36b882319,Apple Store,2c15abd3-2aec-4a0c-bee8-f81995702a6a,12,13,389c5f60-8ae2-4841-b5da-38c92f417014,true,downloadableSrc,200,image/webp,87150,87150,e6ee6c5b4a0fbee62d9865c53fc37d36cbcfb90480b3cb78b3e69d5a3b22ac71,1179,2676,,,bytescale.mobbin.com,f7a1807c1ac98ccf0eecf5078d61346ac9a94ca37a547f5708d580528c9e55c0,/Users/user/mobbin-sides/screen-flows/apple-store/004-apple-store-adding-to-bag-dafb6fbd-32cb-480a-93aa-83287c590f14/013-389c5f60-8ae2-4841-b5da-38c92f417014-downloadableSrc-e6ee6c5b4a0f.webp
c2f8ce7b-baa4-4d2f-a2b9-7b216a99a6ce,Gallery,c398e404-cbd4-4f86-8a89-18e36b882319,Apple Store,2c15abd3-2aec-4a0c-bee8-f81995702a6a,0,1,6153f692-7a9f-4326-8dd4-a71f64dcb5b9,true,downloadableSrc,200,image/webp,74476,74476,dbf5a99d7330ee5df63003249cbdf71d7c66a2927516195f4b326c78fd467241,1179,2676,,,bytescale.mobbin.com,f7a1807c1ac98ccf0eecf5078d61346ac9a94ca37a547f5708d580528c9e55c0,/Users/user/mobbin-sides/screen-flows/apple-store/005-apple-store-gallery-c2f8ce7b-baa4-4d2f-a2b9-7b216a99a6ce/001-6153f692-7a9f-4326-8dd4-a71f64dcb5b9-downloadableSrc-dbf5a99d7330.webp
c2f8ce7b-baa4-4d2f-a2b9-7b216a99a6ce,Gallery,c398e404-cbd4-4f86-8a89-18e36b882319,Apple Store,2c15abd3-2aec-4a0c-bee8-f81995702a6a,1,2,09fd51de-d2c8-4617-a36a-46cbdedf4fff,true,downloadableSrc,200,image/webp,75368,75368,6b158ad30e45e9279a51ea067ab853f98c16c6aa704875d75e38722bb30b89f5,1179,2676,,,bytescale.mobbin.com,f7a1807c1ac98ccf0eecf5078d61346ac9a94ca37a547f5708d580528c9e55c0,/Users/user/mobbin-sides/screen-flows/apple-store/005-apple-store-gallery-c2f8ce7b-baa4-4d2f-a2b9-7b216a99a6ce/002-09fd51de-d2c8-4617-a36a-46cbdedf4fff-downloadableSrc-6b158ad30e45.webp
c2f8ce7b-baa4-4d2f-a2b9-7b216a99a6ce,Gallery,c398e404-cbd4-4f86-8a89-18e36b882319,Apple Store,2c15abd3-2aec-4a0c-bee8-f81995702a6a,2,3,83b92a3b-bad0-44d6-9ebd-56236472552d,true,downloadableSrc,200,image/webp,53700,53700,6f993d0af73fe78cf0e68b917ca91631488a1a547a95f0205ea92266f931a717,1179,2676,,,bytescale.mobbin.com,f7a1807c1ac98ccf0eecf5078d61346ac9a94ca37a547f5708d580528c9e55c0,/Users/user/mobbin-sides/screen-flows/apple-store/005-apple-store-gallery-c2f8ce7b-baa4-4d2f-a2b9-7b216a99a6ce/003-83b92a3b-bad0-44d6-9ebd-56236472552d-downloadableSrc-6f993d0af73f.webp
e904a631-5166-4731-8f4d-0aa49fdff1b0,AR,c398e404-cbd4-4f86-8a89-18e36b882319,Apple Store,2c15abd3-2aec-4a0c-bee8-f81995702a6a,0,1,6153f692-7a9f-4326-8dd4-a71f64dcb5b9,true,downloadableSrc,200,image/webp,74476,74476,dbf5a99d7330ee5df63003249cbdf71d7c66a2927516195f4b326c78fd467241,1179,2676,,,bytescale.mobbin.com,f7a1807c1ac98ccf0eecf5078d61346ac9a94ca37a547f5708d580528c9e55c0,/Users/user/mobbin-sides/screen-flows/apple-store/006-apple-store-ar-e904a631-5166-4731-8f4d-0aa49fdff1b0/001-6153f692-7a9f-4326-8dd4-a71f64dcb5b9-downloadableSrc-dbf5a99d7330.webp
e904a631-5166-4731-8f4d-0aa49fdff1b0,AR,c398e404-cbd4-4f86-8a89-18e36b882319,Apple Store,2c15abd3-2aec-4a0c-bee8-f81995702a6a,1,2,4adb6dcc-b91b-4ef0-b296-092fb82a8b5f,true,downloadableSrc,200,image/webp,41894,41894,63f13483715605d991d82750c0edf3a0ed41ac440506f892218adb1c5d7733af,1180,2676,,,bytescale.mobbin.com,f7a1807c1ac98ccf0eecf5078d61346ac9a94ca37a547f5708d580528c9e55c0,/Users/user/mobbin-sides/screen-flows/apple-store/006-apple-store-ar-e904a631-5166-4731-8f4d-0aa49fdff1b0/002-4adb6dcc-b91b-4ef0-b296-092fb82a8b5f-downloadableSrc-63f134837156.webp
e904a631-5166-4731-8f4d-0aa49fdff1b0,AR,c398e404-cbd4-4f86-8a89-18e36b882319,Apple Store,2c15abd3-2aec-4a0c-bee8-f81995702a6a,2,3,4f6a44a6-123f-4deb-a7cf-6831f34a9130,true,downloadableSrc,200,image/webp,39494,39494,83d18f866c15880503b844ed246c3a41c39e0898cc7562e33ce74858c79efacf,1180,2676,,,bytescale.mobbin.com,f7a1807c1ac98ccf0eecf5078d61346ac9a94ca37a547f5708d580528c9e55c0,/Users/user/mobbin-sides/screen-flows/apple-store/006-apple-store-ar-e904a631-5166-4731-8f4d-0aa49fdff1b0/003-4f6a44a6-123f-4deb-a7cf-6831f34a9130-downloadableSrc-83d18f866c15.webp
31620620-6440-4eec-9e3f-bef7655257c3,Placing an object,c398e404-cbd4-4f86-8a89-18e36b882319,Apple Store,2c15abd3-2aec-4a0c-bee8-f81995702a6a,0,1,4adb6dcc-b91b-4ef0-b296-092fb82a8b5f,true,downloadableSrc,200,image/webp,41894,41894,63f13483715605d991d82750c0edf3a0ed41ac440506f892218adb1c5d7733af,1180,2676,,,bytescale.mobbin.com,f7a1807c1ac98ccf0eecf5078d61346ac9a94ca37a547f5708d580528c9e55c0,/Users/user/mobbin-sides/screen-flows/apple-store/007-apple-store-placing-an-object-31620620-6440-4eec-9e3f-bef7655257c3/001-4adb6dcc-b91b-4ef0-b296-092fb82a8b5f-downloadableSrc-63f134837156.webp
31620620-6440-4eec-9e3f-bef7655257c3,Placing an object,c398e404-cbd4-4f86-8a89-18e36b882319,Apple Store,2c15abd3-2aec-4a0c-bee8-f81995702a6a,1,2,50b7399b-0657-4259-9d72-8febc3c5dafe,true,downloadableSrc,200,image/webp,46556,46556,3bb5fdba3f8d08984c5a2f766ca3242d377f3fa4b79a77f0bac54be5403c5b90,1179,2676,,,bytescale.mobbin.com,f7a1807c1ac98ccf0eecf5078d61346ac9a94ca37a547f5708d580528c9e55c0,/Users/user/mobbin-sides/screen-flows/apple-store/007-apple-store-placing-an-object-31620620-6440-4eec-9e3f-bef7655257c3/002-50b7399b-0657-4259-9d72-8febc3c5dafe-downloadableSrc-3bb5fdba3f8d.webp
344cbd2d-0646-436a-ab86-9115cb5c0629,Zooming in,c398e404-cbd4-4f86-8a89-18e36b882319,Apple Store,2c15abd3-2aec-4a0c-bee8-f81995702a6a,0,1,4f6a44a6-123f-4deb-a7cf-6831f34a9130,true,downloadableSrc,200,image/webp,39494,39494,83d18f866c15880503b844ed246c3a41c39e0898cc7562e33ce74858c79efacf,1180,2676,,,bytescale.mobbin.com,f7a1807c1ac98ccf0eecf5078d61346ac9a94ca37a547f5708d580528c9e55c0,/Users/user/mobbin-sides/screen-flows/apple-store/008-apple-store-zooming-in-344cbd2d-0646-436a-ab86-9115cb5c0629/001-4f6a44a6-123f-4deb-a7cf-6831f34a9130-downloadableSrc-83d18f866c15.webp
344cbd2d-0646-436a-ab86-9115cb5c0629,Zooming in,c398e404-cbd4-4f86-8a89-18e36b882319,Apple Store,2c15abd3-2aec-4a0c-bee8-f81995702a6a,1,2,0596c813-7740-4d9c-8260-4ac8cbd9413b,true,downloadableSrc,200,image/webp,53858,53858,a64f8b3f2ca42ea6f4f418961ab7f8efa2747f50c39d3f88170cadf6d48326f9,1180,2676,,,bytescale.mobbin.com,f7a1807c1ac98ccf0eecf5078d61346ac9a94ca37a547f5708d580528c9e55c0,/Users/user/mobbin-sides/screen-flows/apple-store/008-apple-store-zooming-in-344cbd2d-0646-436a-ab86-9115cb5c0629/002-0596c813-7740-4d9c-8260-4ac8cbd9413b-downloadableSrc-a64f8b3f2ca4.webp
344cbd2d-0646-436a-ab86-9115cb5c0629,Zooming in,c398e404-cbd4-4f86-8a89-18e36b882319,Apple Store,2c15abd3-2aec-4a0c-bee8-f81995702a6a,2,3,e3e050cb-11eb-40c4-8359-bcb945bae9e7,true,downloadableSrc,200,image/webp,50076,50076,6ae148f2c528fb21b4282f8601a49dece16c1f4b0dbd3cb6f83a2a04bd838ec5,1180,2676,,,bytescale.mobbin.com,f7a1807c1ac98ccf0eecf5078d61346ac9a94ca37a547f5708d580528c9e55c0,/Users/user/mobbin-sides/screen-flows/apple-store/008-apple-store-zooming-in-344cbd2d-0646-436a-ab86-9115cb5c0629/003-e3e050cb-11eb-40c4-8359-bcb945bae9e7-downloadableSrc-6ae148f2c528.webp
192f56f6-368b-4865-8efd-090eb09ca54f,Changing color,c398e404-cbd4-4f86-8a89-18e36b882319,Apple Store,2c15abd3-2aec-4a0c-bee8-f81995702a6a,0,1,4f6a44a6-123f-4deb-a7cf-6831f34a9130,true,downloadableSrc,200,image/webp,39494,39494,83d18f866c15880503b844ed246c3a41c39e0898cc7562e33ce74858c79efacf,1180,2676,,,bytescale.mobbin.com,f7a1807c1ac98ccf0eecf5078d61346ac9a94ca37a547f5708d580528c9e55c0,/Users/user/mobbin-sides/screen-flows/apple-store/009-apple-store-changing-color-192f56f6-368b-4865-8efd-090eb09ca54f/001-4f6a44a6-123f-4deb-a7cf-6831f34a9130-downloadableSrc-83d18f866c15.webp
192f56f6-368b-4865-8efd-090eb09ca54f,Changing color,c398e404-cbd4-4f86-8a89-18e36b882319,Apple Store,2c15abd3-2aec-4a0c-bee8-f81995702a6a,1,2,a9004fb9-c1e8-4f58-8993-f1138449a78e,true,downloadableSrc,200,image/webp,45320,45320,c8b7401086587464ee9c1ec23534d7762901f73fb8b689cd5552723883caaa09,1180,2676,,,bytescale.mobbin.com,f7a1807c1ac98ccf0eecf5078d61346ac9a94ca37a547f5708d580528c9e55c0,/Users/user/mobbin-sides/screen-flows/apple-store/009-apple-store-changing-color-192f56f6-368b-4865-8efd-090eb09ca54f/002-a9004fb9-c1e8-4f58-8993-f1138449a78e-downloadableSrc-c8b740108658.webp
192f56f6-368b-4865-8efd-090eb09ca54f,Changing color,c398e404-cbd4-4f86-8a89-18e36b882319,Apple Store,2c15abd3-2aec-4a0c-bee8-f81995702a6a,2,3,b2f13623-f32e-476a-8934-5471eb647610,true,downloadableSrc,200,image/webp,41936,41936,20c490e140b2dc308700f77af853843196985099ac073f9500e881b75481fc92,1180,2676,,,bytescale.mobbin.com,f7a1807c1ac98ccf0eecf5078d61346ac9a94ca37a547f5708d580528c9e55c0,/Users/user/mobbin-sides/screen-flows/apple-store/009-apple-store-changing-color-192f56f6-368b-4865-8efd-090eb09ca54f/003-b2f13623-f32e-476a-8934-5471eb647610-downloadableSrc-20c490e140b2.webp
192f56f6-368b-4865-8efd-090eb09ca54f,Changing color,c398e404-cbd4-4f86-8a89-18e36b882319,Apple Store,2c15abd3-2aec-4a0c-bee8-f81995702a6a,3,4,18a31a16-2b83-4a70-96b6-8ee52bbefe74,true,downloadableSrc,200,image/webp,34042,34042,50b0989eae806f283b10846a375ab0420c3766b6b632cdb4228394dead0aa905,1180,2676,,,bytescale.mobbin.com,f7a1807c1ac98ccf0eecf5078d61346ac9a94ca37a547f5708d580528c9e55c0,/Users/user/mobbin-sides/screen-flows/apple-store/009-apple-store-changing-color-192f56f6-368b-4865-8efd-090eb09ca54f/004-18a31a16-2b83-4a70-96b6-8ee52bbefe74-downloadableSrc-50b0989eae80.webp
76710e10-ff25-49cb-84dd-a2ee81a7c47d,Collection detail,c398e404-cbd4-4f86-8a89-18e36b882319,Apple Store,2c15abd3-2aec-4a0c-bee8-f81995702a6a,0,1,c6e54a36-dc77-4fc3-96bb-08ea4c35df41,true,downloadableSrc,200,image/webp,114598,114598,20c78ed80f2ae7bf51dcfda1b32f2edc42fa8a11fb82f139208501ef86afdb9d,1179,2676,,,bytescale.mobbin.com,f7a1807c1ac98ccf0eecf5078d61346ac9a94ca37a547f5708d580528c9e55c0,/Users/user/mobbin-sides/screen-flows/apple-store/010-apple-store-collection-detail-76710e10-ff25-49cb-84dd-a2ee81a7c47d/001-c6e54a36-dc77-4fc3-96bb-08ea4c35df41-downloadableSrc-20c78ed80f2a.webp
76710e10-ff25-49cb-84dd-a2ee81a7c47d,Collection detail,c398e404-cbd4-4f86-8a89-18e36b882319,Apple Store,2c15abd3-2aec-4a0c-bee8-f81995702a6a,1,2,7f0c0b16-d7e6-4f35-89b5-1d68ffac4397,true,downloadableSrc,200,image/webp,78954,78954,c59bd8e2b1384a13553ceaf374a20d857cc1c4ad1e66ebbdd401d861a603d4fb,1179,2676,,,bytescale.mobbin.com,f7a1807c1ac98ccf0eecf5078d61346ac9a94ca37a547f5708d580528c9e55c0,/Users/user/mobbin-sides/screen-flows/apple-store/010-apple-store-collection-detail-76710e10-ff25-49cb-84dd-a2ee81a7c47d/002-7f0c0b16-d7e6-4f35-89b5-1d68ffac4397-downloadableSrc-c59bd8e2b138.webp
33761c76-e85d-46d0-8f6e-cee4b0f6ccbd,Sorting products,c398e404-cbd4-4f86-8a89-18e36b882319,Apple Store,2c15abd3-2aec-4a0c-bee8-f81995702a6a,0,1,7f0c0b16-d7e6-4f35-89b5-1d68ffac4397,true,downloadableSrc,200,image/webp,78954,78954,c59bd8e2b1384a13553ceaf374a20d857cc1c4ad1e66ebbdd401d861a603d4fb,1179,2676,,,bytescale.mobbin.com,f7a1807c1ac98ccf0eecf5078d61346ac9a94ca37a547f5708d580528c9e55c0,/Users/user/mobbin-sides/screen-flows/apple-store/011-apple-store-sorting-products-33761c76-e85d-46d0-8f6e-cee4b0f6ccbd/001-7f0c0b16-d7e6-4f35-89b5-1d68ffac4397-downloadableSrc-c59bd8e2b138.webp
33761c76-e85d-46d0-8f6e-cee4b0f6ccbd,Sorting products,c398e404-cbd4-4f86-8a89-18e36b882319,Apple Store,2c15abd3-2aec-4a0c-bee8-f81995702a6a,1,2,9cbef20b-9cd7-4a2c-9318-9f8305bce58b,true,downloadableSrc,200,image/webp,35240,35240,f09fd098ced46f323250397dbbd59e03f6320026d7bd68df029199203c33dd9a,1179,2676,,,bytescale.mobbin.com,f7a1807c1ac98ccf0eecf5078d61346ac9a94ca37a547f5708d580528c9e55c0,/Users/user/mobbin-sides/screen-flows/apple-store/011-apple-store-sorting-products-33761c76-e85d-46d0-8f6e-cee4b0f6ccbd/002-9cbef20b-9cd7-4a2c-9318-9f8305bce58b-downloadableSrc-f09fd098ced4.webp
33761c76-e85d-46d0-8f6e-cee4b0f6ccbd,Sorting products,c398e404-cbd4-4f86-8a89-18e36b882319,Apple Store,2c15abd3-2aec-4a0c-bee8-f81995702a6a,2,3,26937b58-9a64-435e-a00e-e6095c429875,true,downloadableSrc,200,image/webp,35756,35756,1adf1fc47fb6675785392c1d6c1955d017e8757ba893f7901ab6f94abec9b43f,1179,2676,,,bytescale.mobbin.com,f7a1807c1ac98ccf0eecf5078d61346ac9a94ca37a547f5708d580528c9e55c0,/Users/user/mobbin-sides/screen-flows/apple-store/011-apple-store-sorting-products-33761c76-e85d-46d0-8f6e-cee4b0f6ccbd/003-26937b58-9a64-435e-a00e-e6095c429875-downloadableSrc-1adf1fc47fb6.webp
33761c76-e85d-46d0-8f6e-cee4b0f6ccbd,Sorting products,c398e404-cbd4-4f86-8a89-18e36b882319,Apple Store,2c15abd3-2aec-4a0c-bee8-f81995702a6a,3,4,790b514f-6add-4584-8cc4-9b5bd05c7ccf,true,downloadableSrc,200,image/webp,78598,78598,815ecb15b067713bfc20d3bf9caa697586e0de001dce6aa00739e6c0e1872307,1179,2676,,,bytescale.mobbin.com,f7a1807c1ac98ccf0eecf5078d61346ac9a94ca37a547f5708d580528c9e55c0,/Users/user/mobbin-sides/screen-flows/apple-store/011-apple-store-sorting-products-33761c76-e85d-46d0-8f6e-cee4b0f6ccbd/004-790b514f-6add-4584-8cc4-9b5bd05c7ccf-downloadableSrc-815ecb15b067.webp
a9417907-2f46-4f92-bda0-d32d56a8bbe3,Product detail (accesories),c398e404-cbd4-4f86-8a89-18e36b882319,Apple Store,2c15abd3-2aec-4a0c-bee8-f81995702a6a,0,1,9bb3b025-efa8-4834-a975-eaf368b8830e,true,downloadableSrc,200,image/webp,77968,77968,403563e2583cc322c2acb0f6c764cfb3a29b02a76b5f40119a85d31e49a7e44e,1179,2676,,,bytescale.mobbin.com,f7a1807c1ac98ccf0eecf5078d61346ac9a94ca37a547f5708d580528c9e55c0,/Users/user/mobbin-sides/screen-flows/apple-store/012-apple-store-product-detail-accesories-a9417907-2f46-4f92-bda0-d32d56a8bbe3/001-9bb3b025-efa8-4834-a975-eaf368b8830e-downloadableSrc-403563e2583c.webp
a9417907-2f46-4f92-bda0-d32d56a8bbe3,Product detail (accesories),c398e404-cbd4-4f86-8a89-18e36b882319,Apple Store,2c15abd3-2aec-4a0c-bee8-f81995702a6a,1,2,57b76eba-4927-44bd-86ce-d6836cb8b5a1,true,downloadableSrc,200,image/webp,62714,62714,9ce0e9ed8a76780db5831f9dffbf21bacf9df7cb0e421837aedd32d2f9c92817,1179,2676,,,bytescale.mobbin.com,f7a1807c1ac98ccf0eecf5078d61346ac9a94ca37a547f5708d580528c9e55c0,/Users/user/mobbin-sides/screen-flows/apple-store/012-apple-store-product-detail-accesories-a9417907-2f46-4f92-bda0-d32d56a8bbe3/002-57b76eba-4927-44bd-86ce-d6836cb8b5a1-downloadableSrc-9ce0e9ed8a76.webp
a9417907-2f46-4f92-bda0-d32d56a8bbe3,Product detail (accesories),c398e404-cbd4-4f86-8a89-18e36b882319,Apple Store,2c15abd3-2aec-4a0c-bee8-f81995702a6a,2,3,c37cb830-6366-4f1e-bfae-d7d230bf93ee,true,downloadableSrc,200,image/webp,79636,79636,3071fb1a43bcadbd7b34bdc7693a77d22d9ee5a91e80ed1aba288b3b41f568f5,1179,2676,,,bytescale.mobbin.com,f7a1807c1ac98ccf0eecf5078d61346ac9a94ca37a547f5708d580528c9e55c0,/Users/user/mobbin-sides/screen-flows/apple-store/012-apple-store-product-detail-accesories-a9417907-2f46-4f92-bda0-d32d56a8bbe3/003-c37cb830-6366-4f1e-bfae-d7d230bf93ee-downloadableSrc-3071fb1a43bc.webp
a9417907-2f46-4f92-bda0-d32d56a8bbe3,Product detail (accesories),c398e404-cbd4-4f86-8a89-18e36b882319,Apple Store,2c15abd3-2aec-4a0c-bee8-f81995702a6a,3,4,a116351e-e9d4-458c-ad27-69581d4cca37,true,downloadableSrc,200,image/webp,56512,56512,934c63164885003ff55dc1ea173433707278d106a70e454c7dc76fcfbebfa369,1179,2676,,,bytescale.mobbin.com,f7a1807c1ac98ccf0eecf5078d61346ac9a94ca37a547f5708d580528c9e55c0,/Users/user/mobbin-sides/screen-flows/apple-store/012-apple-store-product-detail-accesories-a9417907-2f46-4f92-bda0-d32d56a8bbe3/004-a116351e-e9d4-458c-ad27-69581d4cca37-downloadableSrc-934c63164885.webp
a9417907-2f46-4f92-bda0-d32d56a8bbe3,Product detail (accesories),c398e404-cbd4-4f86-8a89-18e36b882319,Apple Store,2c15abd3-2aec-4a0c-bee8-f81995702a6a,4,5,e6ddf076-f95a-413d-a9a0-af0650b5cb04,true,downloadableSrc,200,image/webp,55986,55986,e4e90d0cb991c340e88a290e32fa8ef1cfef559864a493d33e367c3cce28795a,1179,2676,,,bytescale.mobbin.com,f7a1807c1ac98ccf0eecf5078d61346ac9a94ca37a547f5708d580528c9e55c0,/Users/user/mobbin-sides/screen-flows/apple-store/012-apple-store-product-detail-accesories-a9417907-2f46-4f92-bda0-d32d56a8bbe3/005-e6ddf076-f95a-413d-a9a0-af0650b5cb04-downloadableSrc-e4e90d0cb991.webp
7bebc5d2-1ada-4824-bc8d-3c97a1d945a9,Product information,c398e404-cbd4-4f86-8a89-18e36b882319,Apple Store,2c15abd3-2aec-4a0c-bee8-f81995702a6a,0,1,a116351e-e9d4-458c-ad27-69581d4cca37,true,downloadableSrc,200,image/webp,56512,56512,934c63164885003ff55dc1ea173433707278d106a70e454c7dc76fcfbebfa369,1179,2676,,,bytescale.mobbin.com,f7a1807c1ac98ccf0eecf5078d61346ac9a94ca37a547f5708d580528c9e55c0,/Users/user/mobbin-sides/screen-flows/apple-store/013-apple-store-product-information-7bebc5d2-1ada-4824-bc8d-3c97a1d945a9/001-a116351e-e9d4-458c-ad27-69581d4cca37-downloadableSrc-934c63164885.webp
7bebc5d2-1ada-4824-bc8d-3c97a1d945a9,Product information,c398e404-cbd4-4f86-8a89-18e36b882319,Apple Store,2c15abd3-2aec-4a0c-bee8-f81995702a6a,1,2,21b8ce93-4cc1-458d-bfbc-9762f6d97e02,true,downloadableSrc,200,image/webp,95154,95154,746efc07b3c69ca968dfa2abe6721df4f78d1dae972f5927d7befabc440fc2cd,1179,2676,,,bytescale.mobbin.com,f7a1807c1ac98ccf0eecf5078d61346ac9a94ca37a547f5708d580528c9e55c0,/Users/user/mobbin-sides/screen-flows/apple-store/013-apple-store-product-information-7bebc5d2-1ada-4824-bc8d-3c97a1d945a9/002-21b8ce93-4cc1-458d-bfbc-9762f6d97e02-downloadableSrc-746efc07b3c6.webp
04154898-a05e-4ac3-9cbe-3197c46cad65,Saving a product,c398e404-cbd4-4f86-8a89-18e36b882319,Apple Store,2c15abd3-2aec-4a0c-bee8-f81995702a6a,0,1,9bb3b025-efa8-4834-a975-eaf368b8830e,true,downloadableSrc,200,image/webp,77968,77968,403563e2583cc322c2acb0f6c764cfb3a29b02a76b5f40119a85d31e49a7e44e,1179,2676,,,bytescale.mobbin.com,f7a1807c1ac98ccf0eecf5078d61346ac9a94ca37a547f5708d580528c9e55c0,/Users/user/mobbin-sides/screen-flows/apple-store/014-apple-store-saving-a-product-04154898-a05e-4ac3-9cbe-3197c46cad65/001-9bb3b025-efa8-4834-a975-eaf368b8830e-downloadableSrc-403563e2583c.webp
04154898-a05e-4ac3-9cbe-3197c46cad65,Saving a product,c398e404-cbd4-4f86-8a89-18e36b882319,Apple Store,2c15abd3-2aec-4a0c-bee8-f81995702a6a,1,2,219f2d32-addf-4856-86a0-7629e3567c9d,true,downloadableSrc,200,image/webp,77774,77774,6bbff94e26146b581155b1ce2f3fb713469b92510bcae3b2d561865a7bcbd6dc,1179,2676,,,bytescale.mobbin.com,f7a1807c1ac98ccf0eecf5078d61346ac9a94ca37a547f5708d580528c9e55c0,/Users/user/mobbin-sides/screen-flows/apple-store/014-apple-store-saving-a-product-04154898-a05e-4ac3-9cbe-3197c46cad65/002-219f2d32-addf-4856-86a0-7629e3567c9d-downloadableSrc-6bbff94e2614.webp
8139a493-938b-4bc3-93d0-c6c060a1d01b,For your device,c398e404-cbd4-4f86-8a89-18e36b882319,Apple Store,2c15abd3-2aec-4a0c-bee8-f81995702a6a,0,1,9bb3b025-efa8-4834-a975-eaf368b8830e,true,downloadableSrc,200,image/webp,77968,77968,403563e2583cc322c2acb0f6c764cfb3a29b02a76b5f40119a85d31e49a7e44e,1179,2676,,,bytescale.mobbin.com,f7a1807c1ac98ccf0eecf5078d61346ac9a94ca37a547f5708d580528c9e55c0,/Users/user/mobbin-sides/screen-flows/apple-store/015-apple-store-for-your-device-8139a493-938b-4bc3-93d0-c6c060a1d01b/001-9bb3b025-efa8-4834-a975-eaf368b8830e-downloadableSrc-403563e2583c.webp
8139a493-938b-4bc3-93d0-c6c060a1d01b,For your device,c398e404-cbd4-4f86-8a89-18e36b882319,Apple Store,2c15abd3-2aec-4a0c-bee8-f81995702a6a,1,2,2d059b69-c113-427a-9b68-573b6d46636e,true,downloadableSrc,200,image/webp,60046,60046,4f19be05c2e905bcae01f6557d57f98c7802a7b5780af367d45e1e4f9b65fba3,1179,2676,,,bytescale.mobbin.com,f7a1807c1ac98ccf0eecf5078d61346ac9a94ca37a547f5708d580528c9e55c0,/Users/user/mobbin-sides/screen-flows/apple-store/015-apple-store-for-your-device-8139a493-938b-4bc3-93d0-c6c060a1d01b/002-2d059b69-c113-427a-9b68-573b6d46636e-downloadableSrc-4f19be05c2e9.webp
8139a493-938b-4bc3-93d0-c6c060a1d01b,For your device,c398e404-cbd4-4f86-8a89-18e36b882319,Apple Store,2c15abd3-2aec-4a0c-bee8-f81995702a6a,2,3,7680ce89-e0b1-4d34-97ce-0c09e1445bd8,true,downloadableSrc,200,image/webp,56408,56408,19f1cba0f60a089ac26aa739a372678633abf83c2cb81838b7f197b062439f99,1179,2676,,,bytescale.mobbin.com,f7a1807c1ac98ccf0eecf5078d61346ac9a94ca37a547f5708d580528c9e55c0,/Users/user/mobbin-sides/screen-flows/apple-store/015-apple-store-for-your-device-8139a493-938b-4bc3-93d0-c6c060a1d01b/003-7680ce89-e0b1-4d34-97ce-0c09e1445bd8-downloadableSrc-19f1cba0f60a.webp
8139a493-938b-4bc3-93d0-c6c060a1d01b,For your device,c398e404-cbd4-4f86-8a89-18e36b882319,Apple Store,2c15abd3-2aec-4a0c-bee8-f81995702a6a,3,4,27f2d693-1f44-4412-a63e-55f1d9c45c83,true,downloadableSrc,200,image/webp,51710,51710,ad545759b64d7da324c90545eadead1b12d6aa953c3efdde0c8a288160ebc51f,1179,2676,,,bytescale.mobbin.com,f7a1807c1ac98ccf0eecf5078d61346ac9a94ca37a547f5708d580528c9e55c0,/Users/user/mobbin-sides/screen-flows/apple-store/015-apple-store-for-your-device-8139a493-938b-4bc3-93d0-c6c060a1d01b/004-27f2d693-1f44-4412-a63e-55f1d9c45c83-downloadableSrc-ad545759b64d.webp
8139a493-938b-4bc3-93d0-c6c060a1d01b,For your device,c398e404-cbd4-4f86-8a89-18e36b882319,Apple Store,2c15abd3-2aec-4a0c-bee8-f81995702a6a,4,5,adcf3b55-97c2-491f-9e30-8c9870295eb7,true,downloadableSrc,200,image/webp,66296,66296,fedf1e3f433b73587d2e9b35efcd9205bbfab9854a1cce417b14a3b803101bb8,1179,2676,,,bytescale.mobbin.com,f7a1807c1ac98ccf0eecf5078d61346ac9a94ca37a547f5708d580528c9e55c0,/Users/user/mobbin-sides/screen-flows/apple-store/015-apple-store-for-your-device-8139a493-938b-4bc3-93d0-c6c060a1d01b/005-adcf3b55-97c2-491f-9e30-8c9870295eb7-downloadableSrc-fedf1e3f433b.webp
8139a493-938b-4bc3-93d0-c6c060a1d01b,For your device,c398e404-cbd4-4f86-8a89-18e36b882319,Apple Store,2c15abd3-2aec-4a0c-bee8-f81995702a6a,5,6,bfdbd838-4fa8-43a4-b6fd-6c1a12bd907c,true,downloadableSrc,200,image/webp,93628,93628,a8fe7740040b80315d354d623ad8047dc884a67ef765649b04420c3a7f59662f,1179,2676,,,bytescale.mobbin.com,f7a1807c1ac98ccf0eecf5078d61346ac9a94ca37a547f5708d580528c9e55c0,/Users/user/mobbin-sides/screen-flows/apple-store/015-apple-store-for-your-device-8139a493-938b-4bc3-93d0-c6c060a1d01b/006-bfdbd838-4fa8-43a4-b6fd-6c1a12bd907c-downloadableSrc-a8fe7740040b.webp
ab83a0d7-614b-40a5-a79b-905aff412f3a,Device details,c398e404-cbd4-4f86-8a89-18e36b882319,Apple Store,2c15abd3-2aec-4a0c-bee8-f81995702a6a,0,1,2d059b69-c113-427a-9b68-573b6d46636e,true,downloadableSrc,200,image/webp,60046,60046,4f19be05c2e905bcae01f6557d57f98c7802a7b5780af367d45e1e4f9b65fba3,1179,2676,,,bytescale.mobbin.com,f7a1807c1ac98ccf0eecf5078d61346ac9a94ca37a547f5708d580528c9e55c0,/Users/user/mobbin-sides/screen-flows/apple-store/016-apple-store-device-details-ab83a0d7-614b-40a5-a79b-905aff412f3a/001-2d059b69-c113-427a-9b68-573b6d46636e-downloadableSrc-4f19be05c2e9.webp
ab83a0d7-614b-40a5-a79b-905aff412f3a,Device details,c398e404-cbd4-4f86-8a89-18e36b882319,Apple Store,2c15abd3-2aec-4a0c-bee8-f81995702a6a,1,2,a4333dd8-06d5-4527-93df-00db2af2d8bf,true,downloadableSrc,200,image/webp,80116,80116,2c55779b6d88a50861585c8ebc17a6bd16df3ccffc07bba06db17139fe0091f6,1179,2676,,,bytescale.mobbin.com,f7a1807c1ac98ccf0eecf5078d61346ac9a94ca37a547f5708d580528c9e55c0,/Users/user/mobbin-sides/screen-flows/apple-store/016-apple-store-device-details-ab83a0d7-614b-40a5-a79b-905aff412f3a/002-a4333dd8-06d5-4527-93df-00db2af2d8bf-downloadableSrc-2c55779b6d88.webp
ab83a0d7-614b-40a5-a79b-905aff412f3a,Device details,c398e404-cbd4-4f86-8a89-18e36b882319,Apple Store,2c15abd3-2aec-4a0c-bee8-f81995702a6a,2,3,eee7d51f-5d46-4c00-9445-621f3b695798,true,downloadableSrc,200,image/webp,100402,100402,f0eea7b662e7f468d6dda2d598ba0fcbe5b5122779f5587cbae07d3e644422f9,1179,2676,,,bytescale.mobbin.com,f7a1807c1ac98ccf0eecf5078d61346ac9a94ca37a547f5708d580528c9e55c0,/Users/user/mobbin-sides/screen-flows/apple-store/016-apple-store-device-details-ab83a0d7-614b-40a5-a79b-905aff412f3a/003-eee7d51f-5d46-4c00-9445-621f3b695798-downloadableSrc-f0eea7b662e7.webp
01bebb36-4163-4215-852f-f2dd7c39c35f,Apple Trade In,c398e404-cbd4-4f86-8a89-18e36b882319,Apple Store,2c15abd3-2aec-4a0c-bee8-f81995702a6a,0,1,c04bd590-212f-421e-9fb4-73f19532e3cc,true,downloadableSrc,200,image/webp,129742,129742,66aef47c05114db8ed2ac3d18629d73b54af959bd9d147d5040ca0a4c97025bb,1179,2676,,,bytescale.mobbin.com,f7a1807c1ac98ccf0eecf5078d61346ac9a94ca37a547f5708d580528c9e55c0,/Users/user/mobbin-sides/screen-flows/apple-store/017-apple-store-apple-trade-in-01bebb36-4163-4215-852f-f2dd7c39c35f/001-c04bd590-212f-421e-9fb4-73f19532e3cc-downloadableSrc-66aef47c0511.webp
01bebb36-4163-4215-852f-f2dd7c39c35f,Apple Trade In,c398e404-cbd4-4f86-8a89-18e36b882319,Apple Store,2c15abd3-2aec-4a0c-bee8-f81995702a6a,1,2,db27cbd6-e871-4213-8f64-2cfde6797a0b,true,downloadableSrc,200,image/webp,156910,156910,3702bb15ac35650189745dc0e631b9f3634468ffeb21b48812745b2fc73831cb,1179,2676,,,bytescale.mobbin.com,f7a1807c1ac98ccf0eecf5078d61346ac9a94ca37a547f5708d580528c9e55c0,/Users/user/mobbin-sides/screen-flows/apple-store/017-apple-store-apple-trade-in-01bebb36-4163-4215-852f-f2dd7c39c35f/002-db27cbd6-e871-4213-8f64-2cfde6797a0b-downloadableSrc-3702bb15ac35.webp
01bebb36-4163-4215-852f-f2dd7c39c35f,Apple Trade In,c398e404-cbd4-4f86-8a89-18e36b882319,Apple Store,2c15abd3-2aec-4a0c-bee8-f81995702a6a,2,3,55da4b77-d14a-46ff-973d-2ce4cd1005a3,true,downloadableSrc,200,image/webp,97054,97054,d6b82ea558f624faeb70fe2e9ad42c1dbfe9f52da22f34c8f22814bfbea45de5,1179,2676,,,bytescale.mobbin.com,f7a1807c1ac98ccf0eecf5078d61346ac9a94ca37a547f5708d580528c9e55c0,/Users/user/mobbin-sides/screen-flows/apple-store/017-apple-store-apple-trade-in-01bebb36-4163-4215-852f-f2dd7c39c35f/003-55da4b77-d14a-46ff-973d-2ce4cd1005a3-downloadableSrc-d6b82ea558f6.webp
01bebb36-4163-4215-852f-f2dd7c39c35f,Apple Trade In,c398e404-cbd4-4f86-8a89-18e36b882319,Apple Store,2c15abd3-2aec-4a0c-bee8-f81995702a6a,3,4,69214e39-391d-4c93-bc38-2c10ad9ae62b,true,downloadableSrc,200,image/webp,89996,89996,be00aa31b05d82d1ada4dd5f140906201842f8c138848a3c04470665e7b0b377,1179,2676,,,bytescale.mobbin.com,f7a1807c1ac98ccf0eecf5078d61346ac9a94ca37a547f5708d580528c9e55c0,/Users/user/mobbin-sides/screen-flows/apple-store/017-apple-store-apple-trade-in-01bebb36-4163-4215-852f-f2dd7c39c35f/004-69214e39-391d-4c93-bc38-2c10ad9ae62b-downloadableSrc-be00aa31b05d.webp
01bebb36-4163-4215-852f-f2dd7c39c35f,Apple Trade In,c398e404-cbd4-4f86-8a89-18e36b882319,Apple Store,2c15abd3-2aec-4a0c-bee8-f81995702a6a,4,5,31e79798-fb8c-41ad-b308-5672d8599aea,true,downloadableSrc,200,image/webp,98698,98698,c7b57ef6565430a9da90b00ec9aa445c4866f6be705cf1916df73c81b8c0fd86,1179,2676,,,bytescale.mobbin.com,f7a1807c1ac98ccf0eecf5078d61346ac9a94ca37a547f5708d580528c9e55c0,/Users/user/mobbin-sides/screen-flows/apple-store/017-apple-store-apple-trade-in-01bebb36-4163-4215-852f-f2dd7c39c35f/005-31e79798-fb8c-41ad-b308-5672d8599aea-downloadableSrc-c7b57ef65654.webp
01bebb36-4163-4215-852f-f2dd7c39c35f,Apple Trade In,c398e404-cbd4-4f86-8a89-18e36b882319,Apple Store,2c15abd3-2aec-4a0c-bee8-f81995702a6a,5,6,209eba6d-0f10-486d-9bb0-5be05d7739fb,true,downloadableSrc,200,image/webp,90970,90970,16cd32512d840f43beaee1db5930b7e95585cd6a54f5ca974c2bd1688939cb7c,1179,2676,,,bytescale.mobbin.com,f7a1807c1ac98ccf0eecf5078d61346ac9a94ca37a547f5708d580528c9e55c0,/Users/user/mobbin-sides/screen-flows/apple-store/017-apple-store-apple-trade-in-01bebb36-4163-4215-852f-f2dd7c39c35f/006-209eba6d-0f10-486d-9bb0-5be05d7739fb-downloadableSrc-16cd32512d84.webp
01bebb36-4163-4215-852f-f2dd7c39c35f,Apple Trade In,c398e404-cbd4-4f86-8a89-18e36b882319,Apple Store,2c15abd3-2aec-4a0c-bee8-f81995702a6a,6,7,39272788-2516-48e0-a74f-5764764f428b,true,downloadableSrc,200,image/webp,90608,90608,9d8ec6b400df97a434ac967ed39f2488fbe5b2f985f19f896fdead0942d0f882,1179,2676,,,bytescale.mobbin.com,f7a1807c1ac98ccf0eecf5078d61346ac9a94ca37a547f5708d580528c9e55c0,/Users/user/mobbin-sides/screen-flows/apple-store/017-apple-store-apple-trade-in-01bebb36-4163-4215-852f-f2dd7c39c35f/007-39272788-2516-48e0-a74f-5764764f428b-downloadableSrc-9d8ec6b400df.webp
01bebb36-4163-4215-852f-f2dd7c39c35f,Apple Trade In,c398e404-cbd4-4f86-8a89-18e36b882319,Apple Store,2c15abd3-2aec-4a0c-bee8-f81995702a6a,7,8,dc9fc2d9-74ca-4b79-a500-997de5b29dd1,true,downloadableSrc,200,image/webp,88340,88340,54eaa8b4a9021fc6ad0cdb46966a47800e74d744a5f5c03644c24a18269563d8,1179,2676,,,bytescale.mobbin.com,f7a1807c1ac98ccf0eecf5078d61346ac9a94ca37a547f5708d580528c9e55c0,/Users/user/mobbin-sides/screen-flows/apple-store/017-apple-store-apple-trade-in-01bebb36-4163-4215-852f-f2dd7c39c35f/008-dc9fc2d9-74ca-4b79-a500-997de5b29dd1-downloadableSrc-54eaa8b4a902.webp
01bebb36-4163-4215-852f-f2dd7c39c35f,Apple Trade In,c398e404-cbd4-4f86-8a89-18e36b882319,Apple Store,2c15abd3-2aec-4a0c-bee8-f81995702a6a,8,9,3a05fcbc-48cf-40ee-bcb6-acf666d1419e,true,downloadableSrc,200,image/webp,85922,85922,0a243e552d8baadcbfc2349203735cce18b62a60f096a216e614c9776a3663a9,1179,2676,,,bytescale.mobbin.com,f7a1807c1ac98ccf0eecf5078d61346ac9a94ca37a547f5708d580528c9e55c0,/Users/user/mobbin-sides/screen-flows/apple-store/017-apple-store-apple-trade-in-01bebb36-4163-4215-852f-f2dd7c39c35f/009-3a05fcbc-48cf-40ee-bcb6-acf666d1419e-downloadableSrc-0a243e552d8b.webp
8dd4bed9-12bb-4b2c-a4a9-c6deb61c187d,Filtering topics,c398e404-cbd4-4f86-8a89-18e36b882319,Apple Store,2c15abd3-2aec-4a0c-bee8-f81995702a6a,0,1,dc9fc2d9-74ca-4b79-a500-997de5b29dd1,true,downloadableSrc,200,image/webp,88340,88340,54eaa8b4a9021fc6ad0cdb46966a47800e74d744a5f5c03644c24a18269563d8,1179,2676,,,bytescale.mobbin.com,f7a1807c1ac98ccf0eecf5078d61346ac9a94ca37a547f5708d580528c9e55c0,/Users/user/mobbin-sides/screen-flows/apple-store/018-apple-store-filtering-topics-8dd4bed9-12bb-4b2c-a4a9-c6deb61c187d/001-dc9fc2d9-74ca-4b79-a500-997de5b29dd1-downloadableSrc-54eaa8b4a902.webp
8dd4bed9-12bb-4b2c-a4a9-c6deb61c187d,Filtering topics,c398e404-cbd4-4f86-8a89-18e36b882319,Apple Store,2c15abd3-2aec-4a0c-bee8-f81995702a6a,1,2,eed3258d-960e-446a-b4cd-634fb16ca5de,true,downloadableSrc,200,image/webp,89460,89460,90ad9e16be1cccd52a1764321486b733c975244947e83c5aba64bdf1ebb4d6fa,1179,2676,,,bytescale.mobbin.com,f7a1807c1ac98ccf0eecf5078d61346ac9a94ca37a547f5708d580528c9e55c0,/Users/user/mobbin-sides/screen-flows/apple-store/018-apple-store-filtering-topics-8dd4bed9-12bb-4b2c-a4a9-c6deb61c187d/002-eed3258d-960e-446a-b4cd-634fb16ca5de-downloadableSrc-90ad9e16be1c.webp
8dd4bed9-12bb-4b2c-a4a9-c6deb61c187d,Filtering topics,c398e404-cbd4-4f86-8a89-18e36b882319,Apple Store,2c15abd3-2aec-4a0c-bee8-f81995702a6a,2,3,07a5b062-cb11-4b4f-a223-dd459cd09284,true,downloadableSrc,200,image/webp,88034,88034,c09e2397ae25b9018e3c17d189245d58429ecc0c11a09a2ae60130490e67057b,1179,2676,,,bytescale.mobbin.com,f7a1807c1ac98ccf0eecf5078d61346ac9a94ca37a547f5708d580528c9e55c0,/Users/user/mobbin-sides/screen-flows/apple-store/018-apple-store-filtering-topics-8dd4bed9-12bb-4b2c-a4a9-c6deb61c187d/003-07a5b062-cb11-4b4f-a223-dd459cd09284-downloadableSrc-c09e2397ae25.webp
0badf302-fb24-45e4-bdf7-906320fd97df,Store detail,c398e404-cbd4-4f86-8a89-18e36b882319,Apple Store,2c15abd3-2aec-4a0c-bee8-f81995702a6a,0,1,910465b9-5923-41b9-98a2-87d54a92a4cf,true,downloadableSrc,200,image/webp,123492,123492,f0c95c8716a0b42436acb7f4feeddf8535217c8d90e9c69314b2f5c3090d87f8,1179,2676,,,bytescale.mobbin.com,f7a1807c1ac98ccf0eecf5078d61346ac9a94ca37a547f5708d580528c9e55c0,/Users/user/mobbin-sides/screen-flows/apple-store/019-apple-store-store-detail-0badf302-fb24-45e4-bdf7-906320fd97df/001-910465b9-5923-41b9-98a2-87d54a92a4cf-downloadableSrc-f0c95c8716a0.webp
0badf302-fb24-45e4-bdf7-906320fd97df,Store detail,c398e404-cbd4-4f86-8a89-18e36b882319,Apple Store,2c15abd3-2aec-4a0c-bee8-f81995702a6a,1,2,0831e1f8-562b-498a-940b-7a5115c09c47,true,downloadableSrc,200,image/webp,190790,190790,2d8604a42c3fcda464bca0064701f01eeaf5a3aa6b2377c69957bca7c2669342,1179,2676,,,bytescale.mobbin.com,f7a1807c1ac98ccf0eecf5078d61346ac9a94ca37a547f5708d580528c9e55c0,/Users/user/mobbin-sides/screen-flows/apple-store/019-apple-store-store-detail-0badf302-fb24-45e4-bdf7-906320fd97df/002-0831e1f8-562b-498a-940b-7a5115c09c47-downloadableSrc-2d8604a42c3f.webp
0badf302-fb24-45e4-bdf7-906320fd97df,Store detail,c398e404-cbd4-4f86-8a89-18e36b882319,Apple Store,2c15abd3-2aec-4a0c-bee8-f81995702a6a,2,3,07de1e08-20d9-4d24-b96e-f582e96e338d,true,downloadableSrc,200,image/webp,90378,90378,263f4c7597ca0f4aac38aad1418716768a47a01bc6f0391e3a84de91f60c1871,1179,2676,,,bytescale.mobbin.com,f7a1807c1ac98ccf0eecf5078d61346ac9a94ca37a547f5708d580528c9e55c0,/Users/user/mobbin-sides/screen-flows/apple-store/019-apple-store-store-detail-0badf302-fb24-45e4-bdf7-906320fd97df/003-07de1e08-20d9-4d24-b96e-f582e96e338d-downloadableSrc-263f4c7597ca.webp
0badf302-fb24-45e4-bdf7-906320fd97df,Store detail,c398e404-cbd4-4f86-8a89-18e36b882319,Apple Store,2c15abd3-2aec-4a0c-bee8-f81995702a6a,3,4,b0eb1a4a-3b38-4f77-9959-42bc54d43bff,true,downloadableSrc,200,image/webp,128092,128092,aa095f957f3701a9fecc1f56aab2b03a42d81ef6c2b102c489aef44e3adf48ce,1179,2676,,,bytescale.mobbin.com,f7a1807c1ac98ccf0eecf5078d61346ac9a94ca37a547f5708d580528c9e55c0,/Users/user/mobbin-sides/screen-flows/apple-store/019-apple-store-store-detail-0badf302-fb24-45e4-bdf7-906320fd97df/004-b0eb1a4a-3b38-4f77-9959-42bc54d43bff-downloadableSrc-aa095f957f37.webp
0badf302-fb24-45e4-bdf7-906320fd97df,Store detail,c398e404-cbd4-4f86-8a89-18e36b882319,Apple Store,2c15abd3-2aec-4a0c-bee8-f81995702a6a,4,5,68734eb7-8daf-4db5-8e4d-5062c3d60302,true,downloadableSrc,200,image/webp,175696,175696,042d730d6b6b4da72dea706dfd7b540ea4efc5e8ddfeadd4fefdf80d301e6049,1179,2676,,,bytescale.mobbin.com,f7a1807c1ac98ccf0eecf5078d61346ac9a94ca37a547f5708d580528c9e55c0,/Users/user/mobbin-sides/screen-flows/apple-store/019-apple-store-store-detail-0badf302-fb24-45e4-bdf7-906320fd97df/005-68734eb7-8daf-4db5-8e4d-5062c3d60302-downloadableSrc-042d730d6b6b.webp
0badf302-fb24-45e4-bdf7-906320fd97df,Store detail,c398e404-cbd4-4f86-8a89-18e36b882319,Apple Store,2c15abd3-2aec-4a0c-bee8-f81995702a6a,5,6,4514c514-0b24-4244-b89f-a53000a952f5,true,downloadableSrc,200,image/webp,108468,108468,eb035ce7ba71e9df5337d9e7f77e56f93093789143c3ce40e0b98a6997834066,1179,2676,,,bytescale.mobbin.com,f7a1807c1ac98ccf0eecf5078d61346ac9a94ca37a547f5708d580528c9e55c0,/Users/user/mobbin-sides/screen-flows/apple-store/019-apple-store-store-detail-0badf302-fb24-45e4-bdf7-906320fd97df/006-4514c514-0b24-4244-b89f-a53000a952f5-downloadableSrc-eb035ce7ba71.webp
64b4c964-ad94-4045-a419-1c953846f8a3,Saving a store,c398e404-cbd4-4f86-8a89-18e36b882319,Apple Store,2c15abd3-2aec-4a0c-bee8-f81995702a6a,0,1,0831e1f8-562b-498a-940b-7a5115c09c47,true,downloadableSrc,200,image/webp,190790,190790,2d8604a42c3fcda464bca0064701f01eeaf5a3aa6b2377c69957bca7c2669342,1179,2676,,,bytescale.mobbin.com,f7a1807c1ac98ccf0eecf5078d61346ac9a94ca37a547f5708d580528c9e55c0,/Users/user/mobbin-sides/screen-flows/apple-store/020-apple-store-saving-a-store-64b4c964-ad94-4045-a419-1c953846f8a3/001-0831e1f8-562b-498a-940b-7a5115c09c47-downloadableSrc-2d8604a42c3f.webp
64b4c964-ad94-4045-a419-1c953846f8a3,Saving a store,c398e404-cbd4-4f86-8a89-18e36b882319,Apple Store,2c15abd3-2aec-4a0c-bee8-f81995702a6a,1,2,4e1a08ab-0530-4a32-a4c9-cf9f186ec2b9,true,downloadableSrc,200,image/webp,190554,190554,dc271e2ed5116976f4528807e1e828354fc805115deab691505a3ea3a1d78a9c,1179,2676,,,bytescale.mobbin.com,f7a1807c1ac98ccf0eecf5078d61346ac9a94ca37a547f5708d580528c9e55c0,/Users/user/mobbin-sides/screen-flows/apple-store/020-apple-store-saving-a-store-64b4c964-ad94-4045-a419-1c953846f8a3/002-4e1a08ab-0530-4a32-a4c9-cf9f186ec2b9-downloadableSrc-dc271e2ed511.webp
aca2a47c-1ea3-4b3a-add4-5dea0972b6fe,Find a store,c398e404-cbd4-4f86-8a89-18e36b882319,Apple Store,2c15abd3-2aec-4a0c-bee8-f81995702a6a,0,1,910465b9-5923-41b9-98a2-87d54a92a4cf,true,downloadableSrc,200,image/webp,123492,123492,f0c95c8716a0b42436acb7f4feeddf8535217c8d90e9c69314b2f5c3090d87f8,1179,2676,,,bytescale.mobbin.com,f7a1807c1ac98ccf0eecf5078d61346ac9a94ca37a547f5708d580528c9e55c0,/Users/user/mobbin-sides/screen-flows/apple-store/021-apple-store-find-a-store-aca2a47c-1ea3-4b3a-add4-5dea0972b6fe/001-910465b9-5923-41b9-98a2-87d54a92a4cf-downloadableSrc-f0c95c8716a0.webp
aca2a47c-1ea3-4b3a-add4-5dea0972b6fe,Find a store,c398e404-cbd4-4f86-8a89-18e36b882319,Apple Store,2c15abd3-2aec-4a0c-bee8-f81995702a6a,1,2,2fa59bcf-c633-41e5-a3ae-e9fe60f97451,true,downloadableSrc,200,image/webp,108716,108716,0f77f93cee7676c8d9c7912755c20ae8be94e8a8d9d260c8096395cefa037305,1179,2676,,,bytescale.mobbin.com,f7a1807c1ac98ccf0eecf5078d61346ac9a94ca37a547f5708d580528c9e55c0,/Users/user/mobbin-sides/screen-flows/apple-store/021-apple-store-find-a-store-aca2a47c-1ea3-4b3a-add4-5dea0972b6fe/002-2fa59bcf-c633-41e5-a3ae-e9fe60f97451-downloadableSrc-0f77f93cee76.webp
aca2a47c-1ea3-4b3a-add4-5dea0972b6fe,Find a store,c398e404-cbd4-4f86-8a89-18e36b882319,Apple Store,2c15abd3-2aec-4a0c-bee8-f81995702a6a,2,3,dde5a5d9-3839-4f06-90fb-b690d5887a09,true,downloadableSrc,200,image/webp,273044,273044,8752cf9bda9dd1dc8acbacd70adf950e1f52695019f82f5a6e7c3c60eb4e1407,1179,2676,,,bytescale.mobbin.com,f7a1807c1ac98ccf0eecf5078d61346ac9a94ca37a547f5708d580528c9e55c0,/Users/user/mobbin-sides/screen-flows/apple-store/021-apple-store-find-a-store-aca2a47c-1ea3-4b3a-add4-5dea0972b6fe/003-dde5a5d9-3839-4f06-90fb-b690d5887a09-downloadableSrc-8752cf9bda9d.webp
1e1bbc45-70bf-49a5-9a37-31f2973a12b2,Searching stores,c398e404-cbd4-4f86-8a89-18e36b882319,Apple Store,2c15abd3-2aec-4a0c-bee8-f81995702a6a,0,1,2fa59bcf-c633-41e5-a3ae-e9fe60f97451,true,downloadableSrc,200,image/webp,108716,108716,0f77f93cee7676c8d9c7912755c20ae8be94e8a8d9d260c8096395cefa037305,1179,2676,,,bytescale.mobbin.com,f7a1807c1ac98ccf0eecf5078d61346ac9a94ca37a547f5708d580528c9e55c0,/Users/user/mobbin-sides/screen-flows/apple-store/022-apple-store-searching-stores-1e1bbc45-70bf-49a5-9a37-31f2973a12b2/001-2fa59bcf-c633-41e5-a3ae-e9fe60f97451-downloadableSrc-0f77f93cee76.webp
1e1bbc45-70bf-49a5-9a37-31f2973a12b2,Searching stores,c398e404-cbd4-4f86-8a89-18e36b882319,Apple Store,2c15abd3-2aec-4a0c-bee8-f81995702a6a,1,2,d0ac9225-b96a-4ea5-a59b-1be92aba1b32,true,downloadableSrc,200,image/webp,104662,104662,70adf3dbd8b9ff6800837cf1bd5d64d87c3bc7f33d566eadbc22c9af2952af77,1179,2676,,,bytescale.mobbin.com,f7a1807c1ac98ccf0eecf5078d61346ac9a94ca37a547f5708d580528c9e55c0,/Users/user/mobbin-sides/screen-flows/apple-store/022-apple-store-searching-stores-1e1bbc45-70bf-49a5-9a37-31f2973a12b2/002-d0ac9225-b96a-4ea5-a59b-1be92aba1b32-downloadableSrc-70adf3dbd8b9.webp
1e1bbc45-70bf-49a5-9a37-31f2973a12b2,Searching stores,c398e404-cbd4-4f86-8a89-18e36b882319,Apple Store,2c15abd3-2aec-4a0c-bee8-f81995702a6a,2,3,640165af-9e5f-42fa-8458-d6ec975a5e52,true,downloadableSrc,200,image/webp,102766,102766,65f49d42f0c791c0e76945b1c4b4b6ea6fc9c1d3101775887e5fb10a9d8573d4,1179,2676,,,bytescale.mobbin.com,f7a1807c1ac98ccf0eecf5078d61346ac9a94ca37a547f5708d580528c9e55c0,/Users/user/mobbin-sides/screen-flows/apple-store/022-apple-store-searching-stores-1e1bbc45-70bf-49a5-9a37-31f2973a12b2/003-640165af-9e5f-42fa-8458-d6ec975a5e52-downloadableSrc-65f49d42f0c7.webp
1e1bbc45-70bf-49a5-9a37-31f2973a12b2,Searching stores,c398e404-cbd4-4f86-8a89-18e36b882319,Apple Store,2c15abd3-2aec-4a0c-bee8-f81995702a6a,3,4,4af24d3e-2375-4b0b-b940-b05d8f882058,true,downloadableSrc,200,image/webp,84574,84574,4eedcb9c94fad2c21ef91d92662e7d913290081f356c742975c6d1f17facf02c,1179,2676,,,bytescale.mobbin.com,f7a1807c1ac98ccf0eecf5078d61346ac9a94ca37a547f5708d580528c9e55c0,/Users/user/mobbin-sides/screen-flows/apple-store/022-apple-store-searching-stores-1e1bbc45-70bf-49a5-9a37-31f2973a12b2/004-4af24d3e-2375-4b0b-b940-b05d8f882058-downloadableSrc-4eedcb9c94fa.webp
25fb9129-5de3-4910-9be5-c78b8114f1f7,Changing country/region (search),c398e404-cbd4-4f86-8a89-18e36b882319,Apple Store,2c15abd3-2aec-4a0c-bee8-f81995702a6a,0,1,d0ac9225-b96a-4ea5-a59b-1be92aba1b32,true,downloadableSrc,200,image/webp,104662,104662,70adf3dbd8b9ff6800837cf1bd5d64d87c3bc7f33d566eadbc22c9af2952af77,1179,2676,,,bytescale.mobbin.com,f7a1807c1ac98ccf0eecf5078d61346ac9a94ca37a547f5708d580528c9e55c0,/Users/user/mobbin-sides/screen-flows/apple-store/023-apple-store-changing-country-region-search-25fb9129-5de3-4910-9be5-c78b8114f1f7/001-d0ac9225-b96a-4ea5-a59b-1be92aba1b32-downloadableSrc-70adf3dbd8b9.webp
25fb9129-5de3-4910-9be5-c78b8114f1f7,Changing country/region (search),c398e404-cbd4-4f86-8a89-18e36b882319,Apple Store,2c15abd3-2aec-4a0c-bee8-f81995702a6a,1,2,53cef7de-31a7-4363-8d08-955c808a08de,true,downloadableSrc,200,image/webp,39008,39008,b96f5ba0a5852de4e28777e37d8a83f3c5e42c7a0ae3b77b76cfdaea0e20d3b9,1179,2676,,,bytescale.mobbin.com,f7a1807c1ac98ccf0eecf5078d61346ac9a94ca37a547f5708d580528c9e55c0,/Users/user/mobbin-sides/screen-flows/apple-store/023-apple-store-changing-country-region-search-25fb9129-5de3-4910-9be5-c78b8114f1f7/002-53cef7de-31a7-4363-8d08-955c808a08de-downloadableSrc-b96f5ba0a585.webp
25fb9129-5de3-4910-9be5-c78b8114f1f7,Changing country/region (search),c398e404-cbd4-4f86-8a89-18e36b882319,Apple Store,2c15abd3-2aec-4a0c-bee8-f81995702a6a,2,3,b84ce205-d12b-4026-b153-4ddb18456219,true,downloadableSrc,200,image/webp,103722,103722,1cbc762da4f9cea9f7a7bc6902f8e504d132c2c8a28a66280ada8302904438e9,1179,2676,,,bytescale.mobbin.com,f7a1807c1ac98ccf0eecf5078d61346ac9a94ca37a547f5708d580528c9e55c0,/Users/user/mobbin-sides/screen-flows/apple-store/023-apple-store-changing-country-region-search-25fb9129-5de3-4910-9be5-c78b8114f1f7/003-b84ce205-d12b-4026-b153-4ddb18456219-downloadableSrc-1cbc762da4f9.webp
5bd61e03-543b-48c0-9756-42813b7f7dea,For you,c398e404-cbd4-4f86-8a89-18e36b882319,Apple Store,2c15abd3-2aec-4a0c-bee8-f81995702a6a,0,1,3f0bb74e-fbb0-4fe3-a27a-b95f66833a9b,true,downloadableSrc,200,image/webp,120384,120384,a4f1d840058c4d16ec698691d2b17a3c683e6c209db51f1bd70982488dc51eb7,1179,2676,,,bytescale.mobbin.com,f7a1807c1ac98ccf0eecf5078d61346ac9a94ca37a547f5708d580528c9e55c0,/Users/user/mobbin-sides/screen-flows/apple-store/024-apple-store-for-you-5bd61e03-543b-48c0-9756-42813b7f7dea/001-3f0bb74e-fbb0-4fe3-a27a-b95f66833a9b-downloadableSrc-a4f1d840058c.webp
5bd61e03-543b-48c0-9756-42813b7f7dea,For you,c398e404-cbd4-4f86-8a89-18e36b882319,Apple Store,2c15abd3-2aec-4a0c-bee8-f81995702a6a,1,2,ba37bf1c-39bb-4053-ac6c-7882855f82c8,true,downloadableSrc,200,image/webp,118990,118990,e2f6d91066c1b298556ede1cc619e2236783474034276e40195f9ac82414ac72,1179,2676,,,bytescale.mobbin.com,f7a1807c1ac98ccf0eecf5078d61346ac9a94ca37a547f5708d580528c9e55c0,/Users/user/mobbin-sides/screen-flows/apple-store/024-apple-store-for-you-5bd61e03-543b-48c0-9756-42813b7f7dea/002-ba37bf1c-39bb-4053-ac6c-7882855f82c8-downloadableSrc-e2f6d91066c1.webp
5bd61e03-543b-48c0-9756-42813b7f7dea,For you,c398e404-cbd4-4f86-8a89-18e36b882319,Apple Store,2c15abd3-2aec-4a0c-bee8-f81995702a6a,2,3,04153376-8319-4563-8ba5-a16ca19d605b,true,downloadableSrc,200,image/webp,75914,75914,4fc267565177ec6c3ce7725ae630fb53768181500b92ac49298c1c0b45d032e2,1179,2676,,,bytescale.mobbin.com,f7a1807c1ac98ccf0eecf5078d61346ac9a94ca37a547f5708d580528c9e55c0,/Users/user/mobbin-sides/screen-flows/apple-store/024-apple-store-for-you-5bd61e03-543b-48c0-9756-42813b7f7dea/003-04153376-8319-4563-8ba5-a16ca19d605b-downloadableSrc-4fc267565177.webp
5bd61e03-543b-48c0-9756-42813b7f7dea,For you,c398e404-cbd4-4f86-8a89-18e36b882319,Apple Store,2c15abd3-2aec-4a0c-bee8-f81995702a6a,3,4,ce058fb2-6263-4be0-80ae-41eab09d808c,true,downloadableSrc,200,image/webp,100150,100150,a8adf119935c9f195a2c2e5c70f7ec32e11b7bae1d80e25c4e0f66a50395912d,1179,2676,,,bytescale.mobbin.com,f7a1807c1ac98ccf0eecf5078d61346ac9a94ca37a547f5708d580528c9e55c0,/Users/user/mobbin-sides/screen-flows/apple-store/024-apple-store-for-you-5bd61e03-543b-48c0-9756-42813b7f7dea/004-ce058fb2-6263-4be0-80ae-41eab09d808c-downloadableSrc-a8adf119935c.webp
5bd61e03-543b-48c0-9756-42813b7f7dea,For you,c398e404-cbd4-4f86-8a89-18e36b882319,Apple Store,2c15abd3-2aec-4a0c-bee8-f81995702a6a,4,5,3c058bec-b5d8-4219-9f94-d402cf8758d5,true,downloadableSrc,200,image/webp,132942,132942,7654a4d7f8ad8f5231d129e0437e2880f58355a6c2ce7aff7a45713e18f3f9eb,1179,2676,,,bytescale.mobbin.com,f7a1807c1ac98ccf0eecf5078d61346ac9a94ca37a547f5708d580528c9e55c0,/Users/user/mobbin-sides/screen-flows/apple-store/024-apple-store-for-you-5bd61e03-543b-48c0-9756-42813b7f7dea/005-3c058bec-b5d8-4219-9f94-d402cf8758d5-downloadableSrc-7654a4d7f8ad.webp
5bd61e03-543b-48c0-9756-42813b7f7dea,For you,c398e404-cbd4-4f86-8a89-18e36b882319,Apple Store,2c15abd3-2aec-4a0c-bee8-f81995702a6a,5,6,8eaf6e12-4354-468f-bea7-af4a6bc93ee2,true,downloadableSrc,200,image/webp,137736,137736,c5c5a8e06ee271b4e385e894a417cfa77b9db869e07b5d1601673773092b3e8a,1179,2676,,,bytescale.mobbin.com,f7a1807c1ac98ccf0eecf5078d61346ac9a94ca37a547f5708d580528c9e55c0,/Users/user/mobbin-sides/screen-flows/apple-store/024-apple-store-for-you-5bd61e03-543b-48c0-9756-42813b7f7dea/006-8eaf6e12-4354-468f-bea7-af4a6bc93ee2-downloadableSrc-c5c5a8e06ee2.webp
5bd61e03-543b-48c0-9756-42813b7f7dea,For you,c398e404-cbd4-4f86-8a89-18e36b882319,Apple Store,2c15abd3-2aec-4a0c-bee8-f81995702a6a,6,7,83209a2c-4782-4d86-b403-8be7b41a8165,true,downloadableSrc,200,image/webp,93144,93144,1bb178227b0b312ae3dd66433957097c6b1269b94b8c0c86a39832361e855da3,1179,2676,,,bytescale.mobbin.com,f7a1807c1ac98ccf0eecf5078d61346ac9a94ca37a547f5708d580528c9e55c0,/Users/user/mobbin-sides/screen-flows/apple-store/024-apple-store-for-you-5bd61e03-543b-48c0-9756-42813b7f7dea/007-83209a2c-4782-4d86-b403-8be7b41a8165-downloadableSrc-1bb178227b0b.webp
5bd61e03-543b-48c0-9756-42813b7f7dea,For you,c398e404-cbd4-4f86-8a89-18e36b882319,Apple Store,2c15abd3-2aec-4a0c-bee8-f81995702a6a,7,8,73f9944f-5cf8-4ab5-9529-2722c2c49707,true,downloadableSrc,200,image/webp,112184,112184,94b7d1d064d8fdc277a2be5bc8b0b383187091441c0cd61f944e3b883a237500,1179,2676,,,bytescale.mobbin.com,f7a1807c1ac98ccf0eecf5078d61346ac9a94ca37a547f5708d580528c9e55c0,/Users/user/mobbin-sides/screen-flows/apple-store/024-apple-store-for-you-5bd61e03-543b-48c0-9756-42813b7f7dea/008-73f9944f-5cf8-4ab5-9529-2722c2c49707-downloadableSrc-94b7d1d064d8.webp
3b547140-37f2-483e-98d6-f253afc10a0a,Comparing iPhones,c398e404-cbd4-4f86-8a89-18e36b882319,Apple Store,2c15abd3-2aec-4a0c-bee8-f81995702a6a,0,1,ba37bf1c-39bb-4053-ac6c-7882855f82c8,true,downloadableSrc,200,image/webp,118990,118990,e2f6d91066c1b298556ede1cc619e2236783474034276e40195f9ac82414ac72,1179,2676,,,bytescale.mobbin.com,f7a1807c1ac98ccf0eecf5078d61346ac9a94ca37a547f5708d580528c9e55c0,/Users/user/mobbin-sides/screen-flows/apple-store/025-apple-store-comparing-iphones-3b547140-37f2-483e-98d6-f253afc10a0a/001-ba37bf1c-39bb-4053-ac6c-7882855f82c8-downloadableSrc-e2f6d91066c1.webp
3b547140-37f2-483e-98d6-f253afc10a0a,Comparing iPhones,c398e404-cbd4-4f86-8a89-18e36b882319,Apple Store,2c15abd3-2aec-4a0c-bee8-f81995702a6a,1,2,60644e7a-c657-4f8d-9c1c-e85dcc16d32d,true,downloadableSrc,200,image/webp,55318,55318,1689c629e0424c0f58a91f5606b487d9859af3da4515793917eb688ee47b1f76,1179,2676,,,bytescale.mobbin.com,f7a1807c1ac98ccf0eecf5078d61346ac9a94ca37a547f5708d580528c9e55c0,/Users/user/mobbin-sides/screen-flows/apple-store/025-apple-store-comparing-iphones-3b547140-37f2-483e-98d6-f253afc10a0a/002-60644e7a-c657-4f8d-9c1c-e85dcc16d32d-downloadableSrc-1689c629e042.webp
3b547140-37f2-483e-98d6-f253afc10a0a,Comparing iPhones,c398e404-cbd4-4f86-8a89-18e36b882319,Apple Store,2c15abd3-2aec-4a0c-bee8-f81995702a6a,2,3,47c3913b-14f6-46a9-b64a-d0fa61ec00c1,true,downloadableSrc,200,image/webp,65950,65950,0db5795bd9c21f74c533c411756d9a79e5c15ea055c38f08a23025b09693e30e,1179,2676,,,bytescale.mobbin.com,f7a1807c1ac98ccf0eecf5078d61346ac9a94ca37a547f5708d580528c9e55c0,/Users/user/mobbin-sides/screen-flows/apple-store/025-apple-store-comparing-iphones-3b547140-37f2-483e-98d6-f253afc10a0a/003-47c3913b-14f6-46a9-b64a-d0fa61ec00c1-downloadableSrc-0db5795bd9c2.webp
3b547140-37f2-483e-98d6-f253afc10a0a,Comparing iPhones,c398e404-cbd4-4f86-8a89-18e36b882319,Apple Store,2c15abd3-2aec-4a0c-bee8-f81995702a6a,3,4,f0f2c16f-8299-468b-92e9-4a2a32aef095,true,downloadableSrc,200,image/webp,62652,62652,ed835c2ad9052374ee777c14e09533aa6239af0b9ee6b72566a60e777464db07,1179,2676,,,bytescale.mobbin.com,f7a1807c1ac98ccf0eecf5078d61346ac9a94ca37a547f5708d580528c9e55c0,/Users/user/mobbin-sides/screen-flows/apple-store/025-apple-store-comparing-iphones-3b547140-37f2-483e-98d6-f253afc10a0a/004-f0f2c16f-8299-468b-92e9-4a2a32aef095-downloadableSrc-ed835c2ad905.webp
3b547140-37f2-483e-98d6-f253afc10a0a,Comparing iPhones,c398e404-cbd4-4f86-8a89-18e36b882319,Apple Store,2c15abd3-2aec-4a0c-bee8-f81995702a6a,4,5,3c9a3320-7817-45ea-a680-2fbd3ff8a01b,true,downloadableSrc,200,image/webp,63892,63892,1a3b72419066869a010bece19830cc41434f4e18b45e43d2cded2aab66fad43b,1179,2676,,,bytescale.mobbin.com,f7a1807c1ac98ccf0eecf5078d61346ac9a94ca37a547f5708d580528c9e55c0,/Users/user/mobbin-sides/screen-flows/apple-store/025-apple-store-comparing-iphones-3b547140-37f2-483e-98d6-f253afc10a0a/005-3c9a3320-7817-45ea-a680-2fbd3ff8a01b-downloadableSrc-1a3b72419066.webp
3b547140-37f2-483e-98d6-f253afc10a0a,Comparing iPhones,c398e404-cbd4-4f86-8a89-18e36b882319,Apple Store,2c15abd3-2aec-4a0c-bee8-f81995702a6a,5,6,9e562546-0857-44c6-92fc-11f523638dcf,true,downloadableSrc,200,image/webp,63614,63614,433d1f86a0f9f6abfe1aa012b1a074cc2b7fefa39ec237fdf3ab281c8aa068d7,1179,2676,,,bytescale.mobbin.com,f7a1807c1ac98ccf0eecf5078d61346ac9a94ca37a547f5708d580528c9e55c0,/Users/user/mobbin-sides/screen-flows/apple-store/025-apple-store-comparing-iphones-3b547140-37f2-483e-98d6-f253afc10a0a/006-9e562546-0857-44c6-92fc-11f523638dcf-downloadableSrc-433d1f86a0f9.webp
3b547140-37f2-483e-98d6-f253afc10a0a,Comparing iPhones,c398e404-cbd4-4f86-8a89-18e36b882319,Apple Store,2c15abd3-2aec-4a0c-bee8-f81995702a6a,6,7,6b4d0ea3-6479-4af2-9969-b44b8bf15eb5,true,downloadableSrc,200,image/webp,64770,64770,c7ebd2bd71125576466963129878442247639735e8fbb450528c46bf85d04982,1179,2676,,,bytescale.mobbin.com,f7a1807c1ac98ccf0eecf5078d61346ac9a94ca37a547f5708d580528c9e55c0,/Users/user/mobbin-sides/screen-flows/apple-store/025-apple-store-comparing-iphones-3b547140-37f2-483e-98d6-f253afc10a0a/007-6b4d0ea3-6479-4af2-9969-b44b8bf15eb5-downloadableSrc-c7ebd2bd7112.webp
3b547140-37f2-483e-98d6-f253afc10a0a,Comparing iPhones,c398e404-cbd4-4f86-8a89-18e36b882319,Apple Store,2c15abd3-2aec-4a0c-bee8-f81995702a6a,7,8,59619ee8-ea4e-4c28-9a0e-09c363683ffa,true,downloadableSrc,200,image/webp,93062,93062,16a467cb0f89a2bd693767b9127364ce353c4a8749e784c10c3c72af56063f86,1179,2676,,,bytescale.mobbin.com,f7a1807c1ac98ccf0eecf5078d61346ac9a94ca37a547f5708d580528c9e55c0,/Users/user/mobbin-sides/screen-flows/apple-store/025-apple-store-comparing-iphones-3b547140-37f2-483e-98d6-f253afc10a0a/008-59619ee8-ea4e-4c28-9a0e-09c363683ffa-downloadableSrc-16a467cb0f89.webp
3b547140-37f2-483e-98d6-f253afc10a0a,Comparing iPhones,c398e404-cbd4-4f86-8a89-18e36b882319,Apple Store,2c15abd3-2aec-4a0c-bee8-f81995702a6a,8,9,016397f7-df10-41ea-9e79-2341789baf8e,true,downloadableSrc,200,image/webp,77144,77144,bed5c5acf3e4c0282e48555c998b4638c19bfa8ca7fb673ac465256b0b48bb30,1179,2676,,,bytescale.mobbin.com,f7a1807c1ac98ccf0eecf5078d61346ac9a94ca37a547f5708d580528c9e55c0,/Users/user/mobbin-sides/screen-flows/apple-store/025-apple-store-comparing-iphones-3b547140-37f2-483e-98d6-f253afc10a0a/009-016397f7-df10-41ea-9e79-2341789baf8e-downloadableSrc-bed5c5acf3e4.webp
3b547140-37f2-483e-98d6-f253afc10a0a,Comparing iPhones,c398e404-cbd4-4f86-8a89-18e36b882319,Apple Store,2c15abd3-2aec-4a0c-bee8-f81995702a6a,9,10,455dc321-bc54-4272-a1da-8a706110c623,true,downloadableSrc,200,image/webp,95394,95394,5f69b2067ff3b264a74bc1ad350207722d010f84804c12e7ee7f4d2898892c4c,1179,2676,,,bytescale.mobbin.com,f7a1807c1ac98ccf0eecf5078d61346ac9a94ca37a547f5708d580528c9e55c0,/Users/user/mobbin-sides/screen-flows/apple-store/025-apple-store-comparing-iphones-3b547140-37f2-483e-98d6-f253afc10a0a/010-455dc321-bc54-4272-a1da-8a706110c623-downloadableSrc-5f69b2067ff3.webp
3b547140-37f2-483e-98d6-f253afc10a0a,Comparing iPhones,c398e404-cbd4-4f86-8a89-18e36b882319,Apple Store,2c15abd3-2aec-4a0c-bee8-f81995702a6a,10,11,4d1933e0-40ea-4a2f-b550-e4c0a264e038,true,downloadableSrc,200,image/webp,86258,86258,8cac3b0e696dff058ceab6b1677c9741a98382d91035064383f4c165d2f50686,1179,2676,,,bytescale.mobbin.com,f7a1807c1ac98ccf0eecf5078d61346ac9a94ca37a547f5708d580528c9e55c0,/Users/user/mobbin-sides/screen-flows/apple-store/025-apple-store-comparing-iphones-3b547140-37f2-483e-98d6-f253afc10a0a/011-4d1933e0-40ea-4a2f-b550-e4c0a264e038-downloadableSrc-8cac3b0e696d.webp
3b547140-37f2-483e-98d6-f253afc10a0a,Comparing iPhones,c398e404-cbd4-4f86-8a89-18e36b882319,Apple Store,2c15abd3-2aec-4a0c-bee8-f81995702a6a,11,12,9344bb0c-f414-4f04-ada0-d87d8ebc21c5,true,downloadableSrc,200,image/webp,73088,73088,51d2b7206f4d5a1a0e548bd0ea1823760eaf7c14e98bff8435f78ecf2c83c5e9,1179,2676,,,bytescale.mobbin.com,f7a1807c1ac98ccf0eecf5078d61346ac9a94ca37a547f5708d580528c9e55c0,/Users/user/mobbin-sides/screen-flows/apple-store/025-apple-store-comparing-iphones-3b547140-37f2-483e-98d6-f253afc10a0a/012-9344bb0c-f414-4f04-ada0-d87d8ebc21c5-downloadableSrc-51d2b7206f4d.webp
3b547140-37f2-483e-98d6-f253afc10a0a,Comparing iPhones,c398e404-cbd4-4f86-8a89-18e36b882319,Apple Store,2c15abd3-2aec-4a0c-bee8-f81995702a6a,12,13,e502b6c1-f52a-4d71-afa4-07f58969aa27,true,downloadableSrc,200,image/webp,63830,63830,a53c5b6de51380d0809a264d65c1fa5201a03535e631abba153f27ddbeabb6dc,1179,2676,,,bytescale.mobbin.com,f7a1807c1ac98ccf0eecf5078d61346ac9a94ca37a547f5708d580528c9e55c0,/Users/user/mobbin-sides/screen-flows/apple-store/025-apple-store-comparing-iphones-3b547140-37f2-483e-98d6-f253afc10a0a/013-e502b6c1-f52a-4d71-afa4-07f58969aa27-downloadableSrc-a53c5b6de513.webp
38ff19da-e861-4c80-9d32-bfb577382eca,Order detail,c398e404-cbd4-4f86-8a89-18e36b882319,Apple Store,2c15abd3-2aec-4a0c-bee8-f81995702a6a,0,1,04153376-8319-4563-8ba5-a16ca19d605b,true,downloadableSrc,200,image/webp,75914,75914,4fc267565177ec6c3ce7725ae630fb53768181500b92ac49298c1c0b45d032e2,1179,2676,,,bytescale.mobbin.com,f7a1807c1ac98ccf0eecf5078d61346ac9a94ca37a547f5708d580528c9e55c0,/Users/user/mobbin-sides/screen-flows/apple-store/026-apple-store-order-detail-38ff19da-e861-4c80-9d32-bfb577382eca/001-04153376-8319-4563-8ba5-a16ca19d605b-downloadableSrc-4fc267565177.webp
38ff19da-e861-4c80-9d32-bfb577382eca,Order detail,c398e404-cbd4-4f86-8a89-18e36b882319,Apple Store,2c15abd3-2aec-4a0c-bee8-f81995702a6a,1,2,f85c33fa-818f-4b57-b7fd-afeb3d3ef14f,true,downloadableSrc,200,image/webp,68212,68212,83d0ff5b0511c7916d36853fbbc121ddc28d5c046971ac3363bc6a05ff6f6f22,1179,2676,,,bytescale.mobbin.com,f7a1807c1ac98ccf0eecf5078d61346ac9a94ca37a547f5708d580528c9e55c0,/Users/user/mobbin-sides/screen-flows/apple-store/026-apple-store-order-detail-38ff19da-e861-4c80-9d32-bfb577382eca/002-f85c33fa-818f-4b57-b7fd-afeb3d3ef14f-downloadableSrc-83d0ff5b0511.webp
38ff19da-e861-4c80-9d32-bfb577382eca,Order detail,c398e404-cbd4-4f86-8a89-18e36b882319,Apple Store,2c15abd3-2aec-4a0c-bee8-f81995702a6a,2,3,b957a0e8-7a67-4817-8c4e-4efcdda2d0f9,true,downloadableSrc,200,image/webp,69672,69672,40d5ecc59e2a32b8a5bb94dadd33636394b5917bbb36f725b57ed24cc75a639a,1179,2676,,,bytescale.mobbin.com,f7a1807c1ac98ccf0eecf5078d61346ac9a94ca37a547f5708d580528c9e55c0,/Users/user/mobbin-sides/screen-flows/apple-store/026-apple-store-order-detail-38ff19da-e861-4c80-9d32-bfb577382eca/003-b957a0e8-7a67-4817-8c4e-4efcdda2d0f9-downloadableSrc-40d5ecc59e2a.webp
38ff19da-e861-4c80-9d32-bfb577382eca,Order detail,c398e404-cbd4-4f86-8a89-18e36b882319,Apple Store,2c15abd3-2aec-4a0c-bee8-f81995702a6a,3,4,92f313c6-0b60-4a52-8d15-3f94dfb6179a,true,downloadableSrc,200,image/webp,84782,84782,8eb85c6aa8872b23f97fa24da3bf1bf0357d46ff08c2581077924db59dbd4f87,1179,2676,,,bytescale.mobbin.com,f7a1807c1ac98ccf0eecf5078d61346ac9a94ca37a547f5708d580528c9e55c0,/Users/user/mobbin-sides/screen-flows/apple-store/026-apple-store-order-detail-38ff19da-e861-4c80-9d32-bfb577382eca/004-92f313c6-0b60-4a52-8d15-3f94dfb6179a-downloadableSrc-8eb85c6aa887.webp
38ff19da-e861-4c80-9d32-bfb577382eca,Order detail,c398e404-cbd4-4f86-8a89-18e36b882319,Apple Store,2c15abd3-2aec-4a0c-bee8-f81995702a6a,4,5,408e3bdd-7afc-4254-a81a-4d48ab61a1bf,true,downloadableSrc,200,image/webp,77552,77552,5dbe173b4f443d448172a370041e04e11f5efe227730e10acf71c8c8a984f043,1179,2676,,,bytescale.mobbin.com,f7a1807c1ac98ccf0eecf5078d61346ac9a94ca37a547f5708d580528c9e55c0,/Users/user/mobbin-sides/screen-flows/apple-store/026-apple-store-order-detail-38ff19da-e861-4c80-9d32-bfb577382eca/005-408e3bdd-7afc-4254-a81a-4d48ab61a1bf-downloadableSrc-5dbe173b4f44.webp
56978553-e7c4-4956-b91d-92667a0ec676,Order information,c398e404-cbd4-4f86-8a89-18e36b882319,Apple Store,2c15abd3-2aec-4a0c-bee8-f81995702a6a,0,1,f85c33fa-818f-4b57-b7fd-afeb3d3ef14f,true,downloadableSrc,200,image/webp,68212,68212,83d0ff5b0511c7916d36853fbbc121ddc28d5c046971ac3363bc6a05ff6f6f22,1179,2676,,,bytescale.mobbin.com,f7a1807c1ac98ccf0eecf5078d61346ac9a94ca37a547f5708d580528c9e55c0,/Users/user/mobbin-sides/screen-flows/apple-store/027-apple-store-order-information-56978553-e7c4-4956-b91d-92667a0ec676/001-f85c33fa-818f-4b57-b7fd-afeb3d3ef14f-downloadableSrc-83d0ff5b0511.webp
56978553-e7c4-4956-b91d-92667a0ec676,Order information,c398e404-cbd4-4f86-8a89-18e36b882319,Apple Store,2c15abd3-2aec-4a0c-bee8-f81995702a6a,1,2,3507b729-20a9-491a-b911-96da6953a113,true,downloadableSrc,200,image/webp,54228,54228,d57d0ee1d0b7114fd1c577ee7e8365001d2d0f73ba5d060d32315a74b7851795,1179,2676,,,bytescale.mobbin.com,f7a1807c1ac98ccf0eecf5078d61346ac9a94ca37a547f5708d580528c9e55c0,/Users/user/mobbin-sides/screen-flows/apple-store/027-apple-store-order-information-56978553-e7c4-4956-b91d-92667a0ec676/002-3507b729-20a9-491a-b911-96da6953a113-downloadableSrc-d57d0ee1d0b7.webp
8e5181ae-f8f6-427d-945a-9cee14e267de,Summary,c398e404-cbd4-4f86-8a89-18e36b882319,Apple Store,2c15abd3-2aec-4a0c-bee8-f81995702a6a,0,1,ce058fb2-6263-4be0-80ae-41eab09d808c,true,downloadableSrc,200,image/webp,100150,100150,a8adf119935c9f195a2c2e5c70f7ec32e11b7bae1d80e25c4e0f66a50395912d,1179,2676,,,bytescale.mobbin.com,f7a1807c1ac98ccf0eecf5078d61346ac9a94ca37a547f5708d580528c9e55c0,/Users/user/mobbin-sides/screen-flows/apple-store/028-apple-store-summary-8e5181ae-f8f6-427d-945a-9cee14e267de/001-ce058fb2-6263-4be0-80ae-41eab09d808c-downloadableSrc-a8adf119935c.webp
8e5181ae-f8f6-427d-945a-9cee14e267de,Summary,c398e404-cbd4-4f86-8a89-18e36b882319,Apple Store,2c15abd3-2aec-4a0c-bee8-f81995702a6a,1,2,8ba4144f-045e-4fcb-b5d6-112a4da67001,true,downloadableSrc,200,image/webp,135512,135512,4510c3fff0c403576fe88fc4c11253c4d813f5c5b1bd66b5bdf0dacc6fa4494c,1179,2676,,,bytescale.mobbin.com,f7a1807c1ac98ccf0eecf5078d61346ac9a94ca37a547f5708d580528c9e55c0,/Users/user/mobbin-sides/screen-flows/apple-store/028-apple-store-summary-8e5181ae-f8f6-427d-945a-9cee14e267de/002-8ba4144f-045e-4fcb-b5d6-112a4da67001-downloadableSrc-4510c3fff0c4.webp
8e5181ae-f8f6-427d-945a-9cee14e267de,Summary,c398e404-cbd4-4f86-8a89-18e36b882319,Apple Store,2c15abd3-2aec-4a0c-bee8-f81995702a6a,2,3,c2d7b97a-ac4c-4d11-a2e2-d9a0dbbaec6b,true,downloadableSrc,200,image/webp,90834,90834,07b823f9731a87e6739cf9827af382dfb72805d73726e37815ef1e88e833a417,1179,2676,,,bytescale.mobbin.com,f7a1807c1ac98ccf0eecf5078d61346ac9a94ca37a547f5708d580528c9e55c0,/Users/user/mobbin-sides/screen-flows/apple-store/028-apple-store-summary-8e5181ae-f8f6-427d-945a-9cee14e267de/003-c2d7b97a-ac4c-4d11-a2e2-d9a0dbbaec6b-downloadableSrc-07b823f9731a.webp
8e5181ae-f8f6-427d-945a-9cee14e267de,Summary,c398e404-cbd4-4f86-8a89-18e36b882319,Apple Store,2c15abd3-2aec-4a0c-bee8-f81995702a6a,3,4,556d2b15-d2a6-4dcb-a10e-105efd61cd0e,true,downloadableSrc,200,image/webp,158734,158734,516d137e8b98b6ed963a5137e6adbfdc2ec11cb51e353cd471cb068060ee3d13,1179,2676,,,bytescale.mobbin.com,f7a1807c1ac98ccf0eecf5078d61346ac9a94ca37a547f5708d580528c9e55c0,/Users/user/mobbin-sides/screen-flows/apple-store/028-apple-store-summary-8e5181ae-f8f6-427d-945a-9cee14e267de/004-556d2b15-d2a6-4dcb-a10e-105efd61cd0e-downloadableSrc-516d137e8b98.webp
8e5181ae-f8f6-427d-945a-9cee14e267de,Summary,c398e404-cbd4-4f86-8a89-18e36b882319,Apple Store,2c15abd3-2aec-4a0c-bee8-f81995702a6a,4,5,dbf3e671-feb0-4451-a72c-f6b58070cce6,true,downloadableSrc,200,image/webp,143188,143188,03bbee93feade1e1be190602ec709d314acd32264daf2c14ac53089a3705c42d,1179,2676,,,bytescale.mobbin.com,f7a1807c1ac98ccf0eecf5078d61346ac9a94ca37a547f5708d580528c9e55c0,/Users/user/mobbin-sides/screen-flows/apple-store/028-apple-store-summary-8e5181ae-f8f6-427d-945a-9cee14e267de/005-dbf3e671-feb0-4451-a72c-f6b58070cce6-downloadableSrc-03bbee93fead.webp
e471c9e7-69f9-4656-b400-91a73e3499b1,Turning on notifications,c398e404-cbd4-4f86-8a89-18e36b882319,Apple Store,2c15abd3-2aec-4a0c-bee8-f81995702a6a,0,1,c2d7b97a-ac4c-4d11-a2e2-d9a0dbbaec6b,true,downloadableSrc,200,image/webp,90834,90834,07b823f9731a87e6739cf9827af382dfb72805d73726e37815ef1e88e833a417,1179,2676,,,bytescale.mobbin.com,f7a1807c1ac98ccf0eecf5078d61346ac9a94ca37a547f5708d580528c9e55c0,/Users/user/mobbin-sides/screen-flows/apple-store/029-apple-store-turning-on-notifications-e471c9e7-69f9-4656-b400-91a73e3499b1/001-c2d7b97a-ac4c-4d11-a2e2-d9a0dbbaec6b-downloadableSrc-07b823f9731a.webp
e471c9e7-69f9-4656-b400-91a73e3499b1,Turning on notifications,c398e404-cbd4-4f86-8a89-18e36b882319,Apple Store,2c15abd3-2aec-4a0c-bee8-f81995702a6a,1,2,e82fb007-7de8-43e6-8503-e67173059b18,true,downloadableSrc,200,image/webp,65054,65054,00b587bca13bc44eb5f0890893784e382ec91df1d5cdb78e329fcdbbc14088c0,1179,2676,,,bytescale.mobbin.com,f7a1807c1ac98ccf0eecf5078d61346ac9a94ca37a547f5708d580528c9e55c0,/Users/user/mobbin-sides/screen-flows/apple-store/029-apple-store-turning-on-notifications-e471c9e7-69f9-4656-b400-91a73e3499b1/002-e82fb007-7de8-43e6-8503-e67173059b18-downloadableSrc-00b587bca13b.webp
e471c9e7-69f9-4656-b400-91a73e3499b1,Turning on notifications,c398e404-cbd4-4f86-8a89-18e36b882319,Apple Store,2c15abd3-2aec-4a0c-bee8-f81995702a6a,2,3,a419e664-8644-4ac0-93b9-a7288cd7edc9,true,downloadableSrc,200,image/webp,67922,67922,eb8f009f5b97c1c8afc35feea9dd3ed17e7c425fb82d72c5aad42b5de42ebb35,1179,2676,,,bytescale.mobbin.com,f7a1807c1ac98ccf0eecf5078d61346ac9a94ca37a547f5708d580528c9e55c0,/Users/user/mobbin-sides/screen-flows/apple-store/029-apple-store-turning-on-notifications-e471c9e7-69f9-4656-b400-91a73e3499b1/003-a419e664-8644-4ac0-93b9-a7288cd7edc9-downloadableSrc-eb8f009f5b97.webp
e471c9e7-69f9-4656-b400-91a73e3499b1,Turning on notifications,c398e404-cbd4-4f86-8a89-18e36b882319,Apple Store,2c15abd3-2aec-4a0c-bee8-f81995702a6a,3,4,ff315c01-7992-4fa9-987e-fb18ff368731,true,downloadableSrc,200,image/webp,66598,66598,0fd266a7e01adee0586bb7a2dd06f644918f8f7ac74a9497e8e1a8f9bc7c84a9,1179,2676,,,bytescale.mobbin.com,f7a1807c1ac98ccf0eecf5078d61346ac9a94ca37a547f5708d580528c9e55c0,/Users/user/mobbin-sides/screen-flows/apple-store/029-apple-store-turning-on-notifications-e471c9e7-69f9-4656-b400-91a73e3499b1/004-ff315c01-7992-4fa9-987e-fb18ff368731-downloadableSrc-0fd266a7e01a.webp
0e4a3fea-8afd-4c54-9f74-2ae35269c50d,Canceling a reservation,c398e404-cbd4-4f86-8a89-18e36b882319,Apple Store,2c15abd3-2aec-4a0c-bee8-f81995702a6a,0,1,c2d7b97a-ac4c-4d11-a2e2-d9a0dbbaec6b,true,downloadableSrc,200,image/webp,90834,90834,07b823f9731a87e6739cf9827af382dfb72805d73726e37815ef1e88e833a417,1179,2676,,,bytescale.mobbin.com,f7a1807c1ac98ccf0eecf5078d61346ac9a94ca37a547f5708d580528c9e55c0,/Users/user/mobbin-sides/screen-flows/apple-store/030-apple-store-canceling-a-reservation-0e4a3fea-8afd-4c54-9f74-2ae35269c50d/001-c2d7b97a-ac4c-4d11-a2e2-d9a0dbbaec6b-downloadableSrc-07b823f9731a.webp
0e4a3fea-8afd-4c54-9f74-2ae35269c50d,Canceling a reservation,c398e404-cbd4-4f86-8a89-18e36b882319,Apple Store,2c15abd3-2aec-4a0c-bee8-f81995702a6a,1,2,1cd71aca-ef06-400f-bbc9-2173095417bb,true,downloadableSrc,200,image/webp,134458,134458,ee64162a16fe854e9d05da6655f4642f7f7dfecad165e7cae1b48ff6d684ce40,1179,2676,,,bytescale.mobbin.com,f7a1807c1ac98ccf0eecf5078d61346ac9a94ca37a547f5708d580528c9e55c0,/Users/user/mobbin-sides/screen-flows/apple-store/030-apple-store-canceling-a-reservation-0e4a3fea-8afd-4c54-9f74-2ae35269c50d/002-1cd71aca-ef06-400f-bbc9-2173095417bb-downloadableSrc-ee64162a16fe.webp
0e4a3fea-8afd-4c54-9f74-2ae35269c50d,Canceling a reservation,c398e404-cbd4-4f86-8a89-18e36b882319,Apple Store,2c15abd3-2aec-4a0c-bee8-f81995702a6a,2,3,ba37bf1c-39bb-4053-ac6c-7882855f82c8,true,downloadableSrc,200,image/webp,118990,118990,e2f6d91066c1b298556ede1cc619e2236783474034276e40195f9ac82414ac72,1179,2676,,,bytescale.mobbin.com,f7a1807c1ac98ccf0eecf5078d61346ac9a94ca37a547f5708d580528c9e55c0,/Users/user/mobbin-sides/screen-flows/apple-store/030-apple-store-canceling-a-reservation-0e4a3fea-8afd-4c54-9f74-2ae35269c50d/003-ba37bf1c-39bb-4053-ac6c-7882855f82c8-downloadableSrc-e2f6d91066c1.webp
2eb03f20-28b1-4b16-899a-73e75dac597b,Other times & locations,c398e404-cbd4-4f86-8a89-18e36b882319,Apple Store,2c15abd3-2aec-4a0c-bee8-f81995702a6a,0,1,c2d7b97a-ac4c-4d11-a2e2-d9a0dbbaec6b,true,downloadableSrc,200,image/webp,90834,90834,07b823f9731a87e6739cf9827af382dfb72805d73726e37815ef1e88e833a417,1179,2676,,,bytescale.mobbin.com,f7a1807c1ac98ccf0eecf5078d61346ac9a94ca37a547f5708d580528c9e55c0,/Users/user/mobbin-sides/screen-flows/apple-store/031-apple-store-other-times-and-locations-2eb03f20-28b1-4b16-899a-73e75dac597b/001-c2d7b97a-ac4c-4d11-a2e2-d9a0dbbaec6b-downloadableSrc-07b823f9731a.webp
2eb03f20-28b1-4b16-899a-73e75dac597b,Other times & locations,c398e404-cbd4-4f86-8a89-18e36b882319,Apple Store,2c15abd3-2aec-4a0c-bee8-f81995702a6a,1,2,52178379-1bd0-47db-a23a-0ac984612b90,true,downloadableSrc,200,image/webp,57220,57220,97b23e91e56468c2748ac847a5976b38ae388434c1fe376ecee17ba570f73a83,1179,2676,,,bytescale.mobbin.com,f7a1807c1ac98ccf0eecf5078d61346ac9a94ca37a547f5708d580528c9e55c0,/Users/user/mobbin-sides/screen-flows/apple-store/031-apple-store-other-times-and-locations-2eb03f20-28b1-4b16-899a-73e75dac597b/002-52178379-1bd0-47db-a23a-0ac984612b90-downloadableSrc-97b23e91e564.webp
65600399-8a83-40f6-981b-8c7fe13fd961,Go further,c398e404-cbd4-4f86-8a89-18e36b882319,Apple Store,2c15abd3-2aec-4a0c-bee8-f81995702a6a,0,1,3f0bb74e-fbb0-4fe3-a27a-b95f66833a9b,true,downloadableSrc,200,image/webp,120384,120384,a4f1d840058c4d16ec698691d2b17a3c683e6c209db51f1bd70982488dc51eb7,1179,2676,,,bytescale.mobbin.com,f7a1807c1ac98ccf0eecf5078d61346ac9a94ca37a547f5708d580528c9e55c0,/Users/user/mobbin-sides/screen-flows/apple-store/032-apple-store-go-further-65600399-8a83-40f6-981b-8c7fe13fd961/001-3f0bb74e-fbb0-4fe3-a27a-b95f66833a9b-downloadableSrc-a4f1d840058c.webp
65600399-8a83-40f6-981b-8c7fe13fd961,Go further,c398e404-cbd4-4f86-8a89-18e36b882319,Apple Store,2c15abd3-2aec-4a0c-bee8-f81995702a6a,1,2,96c19716-e26f-4f8f-8c12-a86e9c7937f6,true,downloadableSrc,200,image/webp,124508,124508,abc2d3986377601b2264c4f3f4ace62686a380f2223912d448921a8a10314b1f,1179,2676,,,bytescale.mobbin.com,f7a1807c1ac98ccf0eecf5078d61346ac9a94ca37a547f5708d580528c9e55c0,/Users/user/mobbin-sides/screen-flows/apple-store/032-apple-store-go-further-65600399-8a83-40f6-981b-8c7fe13fd961/002-96c19716-e26f-4f8f-8c12-a86e9c7937f6-downloadableSrc-abc2d3986377.webp
65600399-8a83-40f6-981b-8c7fe13fd961,Go further,c398e404-cbd4-4f86-8a89-18e36b882319,Apple Store,2c15abd3-2aec-4a0c-bee8-f81995702a6a,2,3,2e255955-0d85-4282-9add-4e1601170245,true,downloadableSrc,200,image/webp,161608,161608,9b954184f864adb6c00826019d2648146dbca18f8241eba07026fb582154a79d,1179,2676,,,bytescale.mobbin.com,f7a1807c1ac98ccf0eecf5078d61346ac9a94ca37a547f5708d580528c9e55c0,/Users/user/mobbin-sides/screen-flows/apple-store/032-apple-store-go-further-65600399-8a83-40f6-981b-8c7fe13fd961/003-2e255955-0d85-4282-9add-4e1601170245-downloadableSrc-9b954184f864.webp
65600399-8a83-40f6-981b-8c7fe13fd961,Go further,c398e404-cbd4-4f86-8a89-18e36b882319,Apple Store,2c15abd3-2aec-4a0c-bee8-f81995702a6a,3,4,1a6bf0cc-9264-4fb8-954c-104d68a7d186,true,downloadableSrc,200,image/webp,145728,145728,98e1bea9dfd4c800447a4026efe7d19fefdc494fa24408aec66b49da4c18c034,1179,2676,,,bytescale.mobbin.com,f7a1807c1ac98ccf0eecf5078d61346ac9a94ca37a547f5708d580528c9e55c0,/Users/user/mobbin-sides/screen-flows/apple-store/032-apple-store-go-further-65600399-8a83-40f6-981b-8c7fe13fd961/004-1a6bf0cc-9264-4fb8-954c-104d68a7d186-downloadableSrc-98e1bea9dfd4.webp
65600399-8a83-40f6-981b-8c7fe13fd961,Go further,c398e404-cbd4-4f86-8a89-18e36b882319,Apple Store,2c15abd3-2aec-4a0c-bee8-f81995702a6a,4,5,33f868f2-2081-4e94-9a5a-94088a967f45,true,downloadableSrc,200,image/webp,145244,145244,2591581dac90a16a9e960183d84aad29770f8f79da810b003a0d17435b80711c,1179,2676,,,bytescale.mobbin.com,f7a1807c1ac98ccf0eecf5078d61346ac9a94ca37a547f5708d580528c9e55c0,/Users/user/mobbin-sides/screen-flows/apple-store/032-apple-store-go-further-65600399-8a83-40f6-981b-8c7fe13fd961/005-33f868f2-2081-4e94-9a5a-94088a967f45-downloadableSrc-2591581dac90.webp
65600399-8a83-40f6-981b-8c7fe13fd961,Go further,c398e404-cbd4-4f86-8a89-18e36b882319,Apple Store,2c15abd3-2aec-4a0c-bee8-f81995702a6a,5,6,9af55046-d3ea-4c95-910b-a91ec7f4616f,true,downloadableSrc,200,image/webp,100054,100054,0f75e8f229917eb8f0327ddf63ba557a4ad602e3836e4bb9ada46116d4e107c4,1179,2676,,,bytescale.mobbin.com,f7a1807c1ac98ccf0eecf5078d61346ac9a94ca37a547f5708d580528c9e55c0,/Users/user/mobbin-sides/screen-flows/apple-store/032-apple-store-go-further-65600399-8a83-40f6-981b-8c7fe13fd961/006-9af55046-d3ea-4c95-910b-a91ec7f4616f-downloadableSrc-0f75e8f22991.webp
65600399-8a83-40f6-981b-8c7fe13fd961,Go further,c398e404-cbd4-4f86-8a89-18e36b882319,Apple Store,2c15abd3-2aec-4a0c-bee8-f81995702a6a,6,7,d6b9232d-e2c3-49c0-a459-84dd3fdc45c9,true,downloadableSrc,200,image/webp,114402,114402,4a0cbcc39d5b1610ef332be6506dbb626f07eb7252e5dae6a3562e593cfe0de9,1179,2676,,,bytescale.mobbin.com,f7a1807c1ac98ccf0eecf5078d61346ac9a94ca37a547f5708d580528c9e55c0,/Users/user/mobbin-sides/screen-flows/apple-store/032-apple-store-go-further-65600399-8a83-40f6-981b-8c7fe13fd961/007-d6b9232d-e2c3-49c0-a459-84dd3fdc45c9-downloadableSrc-4a0cbcc39d5b.webp
65600399-8a83-40f6-981b-8c7fe13fd961,Go further,c398e404-cbd4-4f86-8a89-18e36b882319,Apple Store,2c15abd3-2aec-4a0c-bee8-f81995702a6a,7,8,0a069ff0-8f5f-45d1-ab86-617b60cce77a,true,downloadableSrc,200,image/webp,64482,64482,a1fd9ee9b0e0c5de109a7a10c6b44f2b042aa6c920f2fa86aa60f8581e733554,1179,2676,,,bytescale.mobbin.com,f7a1807c1ac98ccf0eecf5078d61346ac9a94ca37a547f5708d580528c9e55c0,/Users/user/mobbin-sides/screen-flows/apple-store/032-apple-store-go-further-65600399-8a83-40f6-981b-8c7fe13fd961/008-0a069ff0-8f5f-45d1-ab86-617b60cce77a-downloadableSrc-a1fd9ee9b0e0.webp
24a5f9ba-9393-4948-8ea7-27eea1269717,Watching a video,c398e404-cbd4-4f86-8a89-18e36b882319,Apple Store,2c15abd3-2aec-4a0c-bee8-f81995702a6a,0,1,96c19716-e26f-4f8f-8c12-a86e9c7937f6,true,downloadableSrc,200,image/webp,124508,124508,abc2d3986377601b2264c4f3f4ace62686a380f2223912d448921a8a10314b1f,1179,2676,,,bytescale.mobbin.com,f7a1807c1ac98ccf0eecf5078d61346ac9a94ca37a547f5708d580528c9e55c0,/Users/user/mobbin-sides/screen-flows/apple-store/033-apple-store-watching-a-video-24a5f9ba-9393-4948-8ea7-27eea1269717/001-96c19716-e26f-4f8f-8c12-a86e9c7937f6-downloadableSrc-abc2d3986377.webp
24a5f9ba-9393-4948-8ea7-27eea1269717,Watching a video,c398e404-cbd4-4f86-8a89-18e36b882319,Apple Store,2c15abd3-2aec-4a0c-bee8-f81995702a6a,1,2,ccb204fc-a636-4d88-9910-760f8a16bac1,true,downloadableSrc,200,image/webp,85620,85620,cbb6c2b64a37588121b9fc697f6a6b78438488f5f85c4ae4dbc4901e0f084468,1179,2676,,,bytescale.mobbin.com,f7a1807c1ac98ccf0eecf5078d61346ac9a94ca37a547f5708d580528c9e55c0,/Users/user/mobbin-sides/screen-flows/apple-store/033-apple-store-watching-a-video-24a5f9ba-9393-4948-8ea7-27eea1269717/002-ccb204fc-a636-4d88-9910-760f8a16bac1-downloadableSrc-cbb6c2b64a37.webp
24a5f9ba-9393-4948-8ea7-27eea1269717,Watching a video,c398e404-cbd4-4f86-8a89-18e36b882319,Apple Store,2c15abd3-2aec-4a0c-bee8-f81995702a6a,2,3,5c86f8e9-09a2-447b-b397-3653c6395d69,true,downloadableSrc,200,image/webp,128154,128154,6633a374de865fa726a17a857dcde3ecf5756d2ed81e8320717433b1f22e8e90,1179,2676,,,bytescale.mobbin.com,f7a1807c1ac98ccf0eecf5078d61346ac9a94ca37a547f5708d580528c9e55c0,/Users/user/mobbin-sides/screen-flows/apple-store/033-apple-store-watching-a-video-24a5f9ba-9393-4948-8ea7-27eea1269717/003-5c86f8e9-09a2-447b-b397-3653c6395d69-downloadableSrc-6633a374de86.webp
5a6c9d9d-ba8d-4992-8cec-13434d618d60,Upcoming sessions,c398e404-cbd4-4f86-8a89-18e36b882319,Apple Store,2c15abd3-2aec-4a0c-bee8-f81995702a6a,0,1,2e255955-0d85-4282-9add-4e1601170245,true,downloadableSrc,200,image/webp,161608,161608,9b954184f864adb6c00826019d2648146dbca18f8241eba07026fb582154a79d,1179,2676,,,bytescale.mobbin.com,f7a1807c1ac98ccf0eecf5078d61346ac9a94ca37a547f5708d580528c9e55c0,/Users/user/mobbin-sides/screen-flows/apple-store/034-apple-store-upcoming-sessions-5a6c9d9d-ba8d-4992-8cec-13434d618d60/001-2e255955-0d85-4282-9add-4e1601170245-downloadableSrc-9b954184f864.webp
5a6c9d9d-ba8d-4992-8cec-13434d618d60,Upcoming sessions,c398e404-cbd4-4f86-8a89-18e36b882319,Apple Store,2c15abd3-2aec-4a0c-bee8-f81995702a6a,1,2,c6bf21be-6130-45df-a18d-db2740c2aac3,true,downloadableSrc,200,image/webp,125374,125374,50d440b48e38a38fda820cc4a1ac2e46e7db0652d348eb4cc9539a210408c3a3,1179,2676,,,bytescale.mobbin.com,f7a1807c1ac98ccf0eecf5078d61346ac9a94ca37a547f5708d580528c9e55c0,/Users/user/mobbin-sides/screen-flows/apple-store/034-apple-store-upcoming-sessions-5a6c9d9d-ba8d-4992-8cec-13434d618d60/002-c6bf21be-6130-45df-a18d-db2740c2aac3-downloadableSrc-50d440b48e38.webp
5a6c9d9d-ba8d-4992-8cec-13434d618d60,Upcoming sessions,c398e404-cbd4-4f86-8a89-18e36b882319,Apple Store,2c15abd3-2aec-4a0c-bee8-f81995702a6a,2,3,6b7f05d2-ea39-495b-b153-40f4eba14e27,true,downloadableSrc,200,image/webp,133312,133312,3f1c3d1928fa91f99c46c4d9efc9a67683ccc292317eccc4956a3c6fe462b95f,1179,2676,,,bytescale.mobbin.com,f7a1807c1ac98ccf0eecf5078d61346ac9a94ca37a547f5708d580528c9e55c0,/Users/user/mobbin-sides/screen-flows/apple-store/034-apple-store-upcoming-sessions-5a6c9d9d-ba8d-4992-8cec-13434d618d60/003-6b7f05d2-ea39-495b-b153-40f4eba14e27-downloadableSrc-3f1c3d1928fa.webp
5a6c9d9d-ba8d-4992-8cec-13434d618d60,Upcoming sessions,c398e404-cbd4-4f86-8a89-18e36b882319,Apple Store,2c15abd3-2aec-4a0c-bee8-f81995702a6a,3,4,010ffa81-7808-4692-8140-09b04cf01a65,true,downloadableSrc,200,image/webp,73568,73568,0778de2e08e320580745de5629762014e42d0b0154c62024da500bd309eaddc0,1179,2676,,,bytescale.mobbin.com,f7a1807c1ac98ccf0eecf5078d61346ac9a94ca37a547f5708d580528c9e55c0,/Users/user/mobbin-sides/screen-flows/apple-store/034-apple-store-upcoming-sessions-5a6c9d9d-ba8d-4992-8cec-13434d618d60/004-010ffa81-7808-4692-8140-09b04cf01a65-downloadableSrc-0778de2e08e3.webp
73f82640-e4cd-4a03-8856-96df35d8e3b9,Filtering sessions (stores),c398e404-cbd4-4f86-8a89-18e36b882319,Apple Store,2c15abd3-2aec-4a0c-bee8-f81995702a6a,0,1,c6bf21be-6130-45df-a18d-db2740c2aac3,true,downloadableSrc,200,image/webp,125374,125374,50d440b48e38a38fda820cc4a1ac2e46e7db0652d348eb4cc9539a210408c3a3,1179,2676,,,bytescale.mobbin.com,f7a1807c1ac98ccf0eecf5078d61346ac9a94ca37a547f5708d580528c9e55c0,/Users/user/mobbin-sides/screen-flows/apple-store/035-apple-store-filtering-sessions-stores-73f82640-e4cd-4a03-8856-96df35d8e3b9/001-c6bf21be-6130-45df-a18d-db2740c2aac3-downloadableSrc-50d440b48e38.webp
73f82640-e4cd-4a03-8856-96df35d8e3b9,Filtering sessions (stores),c398e404-cbd4-4f86-8a89-18e36b882319,Apple Store,2c15abd3-2aec-4a0c-bee8-f81995702a6a,1,2,80bcdf2f-d929-4602-8640-40d4f20cab16,true,downloadableSrc,200,image/webp,74630,74630,79daa94b84efe3e11f4809af67f80f379311a4f7097b7b9f2360a7a8a142d84b,1179,2676,,,bytescale.mobbin.com,f7a1807c1ac98ccf0eecf5078d61346ac9a94ca37a547f5708d580528c9e55c0,/Users/user/mobbin-sides/screen-flows/apple-store/035-apple-store-filtering-sessions-stores-73f82640-e4cd-4a03-8856-96df35d8e3b9/002-80bcdf2f-d929-4602-8640-40d4f20cab16-downloadableSrc-79daa94b84ef.webp
73f82640-e4cd-4a03-8856-96df35d8e3b9,Filtering sessions (stores),c398e404-cbd4-4f86-8a89-18e36b882319,Apple Store,2c15abd3-2aec-4a0c-bee8-f81995702a6a,2,3,f793066c-c8d8-487c-b3ed-4ed2977f3522,true,downloadableSrc,200,image/webp,61570,61570,96f2246bc24e8bf043b042136e913536d7e554b191f422beed64c21a3073b799,1179,2676,,,bytescale.mobbin.com,f7a1807c1ac98ccf0eecf5078d61346ac9a94ca37a547f5708d580528c9e55c0,/Users/user/mobbin-sides/screen-flows/apple-store/035-apple-store-filtering-sessions-stores-73f82640-e4cd-4a03-8856-96df35d8e3b9/003-f793066c-c8d8-487c-b3ed-4ed2977f3522-downloadableSrc-96f2246bc24e.webp
2961e90d-5777-43c0-a501-ceddfa4e056c,Session detail,c398e404-cbd4-4f86-8a89-18e36b882319,Apple Store,2c15abd3-2aec-4a0c-bee8-f81995702a6a,0,1,c6bf21be-6130-45df-a18d-db2740c2aac3,true,downloadableSrc,200,image/webp,125374,125374,50d440b48e38a38fda820cc4a1ac2e46e7db0652d348eb4cc9539a210408c3a3,1179,2676,,,bytescale.mobbin.com,f7a1807c1ac98ccf0eecf5078d61346ac9a94ca37a547f5708d580528c9e55c0,/Users/user/mobbin-sides/screen-flows/apple-store/036-apple-store-session-detail-2961e90d-5777-43c0-a501-ceddfa4e056c/001-c6bf21be-6130-45df-a18d-db2740c2aac3-downloadableSrc-50d440b48e38.webp
2961e90d-5777-43c0-a501-ceddfa4e056c,Session detail,c398e404-cbd4-4f86-8a89-18e36b882319,Apple Store,2c15abd3-2aec-4a0c-bee8-f81995702a6a,1,2,b2069e2f-fa6b-48da-8f7d-2ec8a2a3e51a,true,downloadableSrc,200,image/webp,116356,116356,9c5133dc35e824a10af607d59605a46856c0acdf245fdd41fa3660f031fa94b6,1179,2676,,,bytescale.mobbin.com,f7a1807c1ac98ccf0eecf5078d61346ac9a94ca37a547f5708d580528c9e55c0,/Users/user/mobbin-sides/screen-flows/apple-store/036-apple-store-session-detail-2961e90d-5777-43c0-a501-ceddfa4e056c/002-b2069e2f-fa6b-48da-8f7d-2ec8a2a3e51a-downloadableSrc-9c5133dc35e8.webp
2961e90d-5777-43c0-a501-ceddfa4e056c,Session detail,c398e404-cbd4-4f86-8a89-18e36b882319,Apple Store,2c15abd3-2aec-4a0c-bee8-f81995702a6a,2,3,738507c9-cde1-4b5b-aa5d-02b0b43b35a7,true,downloadableSrc,200,image/webp,125552,125552,07a0bad7b0f440916c4dfcd7b89d9218a5f05f0341e59b3de4179d479c289314,1179,2676,,,bytescale.mobbin.com,f7a1807c1ac98ccf0eecf5078d61346ac9a94ca37a547f5708d580528c9e55c0,/Users/user/mobbin-sides/screen-flows/apple-store/036-apple-store-session-detail-2961e90d-5777-43c0-a501-ceddfa4e056c/003-738507c9-cde1-4b5b-aa5d-02b0b43b35a7-downloadableSrc-07a0bad7b0f4.webp
2961e90d-5777-43c0-a501-ceddfa4e056c,Session detail,c398e404-cbd4-4f86-8a89-18e36b882319,Apple Store,2c15abd3-2aec-4a0c-bee8-f81995702a6a,3,4,d44e8ecd-1dfc-4804-ab07-6b1b66a2d593,true,downloadableSrc,200,image/webp,173236,173236,5f2cf58bf03eb3ad970ba35bb654eea7984108999d921b7009bb9556d7d5b494,1179,2676,,,bytescale.mobbin.com,f7a1807c1ac98ccf0eecf5078d61346ac9a94ca37a547f5708d580528c9e55c0,/Users/user/mobbin-sides/screen-flows/apple-store/036-apple-store-session-detail-2961e90d-5777-43c0-a501-ceddfa4e056c/004-d44e8ecd-1dfc-4804-ab07-6b1b66a2d593-downloadableSrc-5f2cf58bf03e.webp
2961e90d-5777-43c0-a501-ceddfa4e056c,Session detail,c398e404-cbd4-4f86-8a89-18e36b882319,Apple Store,2c15abd3-2aec-4a0c-bee8-f81995702a6a,4,5,bc50ec31-adaf-4ae9-a898-4103aea3c9e6,true,downloadableSrc,200,image/webp,148942,148942,b7e748cba201e7bbb19686548cd40716e9f7a539b8ae5a34ee234d57620f8826,1179,2676,,,bytescale.mobbin.com,f7a1807c1ac98ccf0eecf5078d61346ac9a94ca37a547f5708d580528c9e55c0,/Users/user/mobbin-sides/screen-flows/apple-store/036-apple-store-session-detail-2961e90d-5777-43c0-a501-ceddfa4e056c/005-bc50ec31-adaf-4ae9-a898-4103aea3c9e6-downloadableSrc-b7e748cba201.webp
391678ce-6746-4197-9bbd-2d3dfd12c132,Registering for a session,c398e404-cbd4-4f86-8a89-18e36b882319,Apple Store,2c15abd3-2aec-4a0c-bee8-f81995702a6a,0,1,738507c9-cde1-4b5b-aa5d-02b0b43b35a7,true,downloadableSrc,200,image/webp,125552,125552,07a0bad7b0f440916c4dfcd7b89d9218a5f05f0341e59b3de4179d479c289314,1179,2676,,,bytescale.mobbin.com,f7a1807c1ac98ccf0eecf5078d61346ac9a94ca37a547f5708d580528c9e55c0,/Users/user/mobbin-sides/screen-flows/apple-store/037-apple-store-registering-for-a-session-391678ce-6746-4197-9bbd-2d3dfd12c132/001-738507c9-cde1-4b5b-aa5d-02b0b43b35a7-downloadableSrc-07a0bad7b0f4.webp
391678ce-6746-4197-9bbd-2d3dfd12c132,Registering for a session,c398e404-cbd4-4f86-8a89-18e36b882319,Apple Store,2c15abd3-2aec-4a0c-bee8-f81995702a6a,1,2,58317aed-ad22-4043-bb85-4d2dc246612b,true,downloadableSrc,200,image/webp,35770,35770,62e04bf5decd3d7ae7df5aa2420a6548077bfabf5c4ce8767c8a208c77b019f6,1179,2676,,,bytescale.mobbin.com,f7a1807c1ac98ccf0eecf5078d61346ac9a94ca37a547f5708d580528c9e55c0,/Users/user/mobbin-sides/screen-flows/apple-store/037-apple-store-registering-for-a-session-391678ce-6746-4197-9bbd-2d3dfd12c132/002-58317aed-ad22-4043-bb85-4d2dc246612b-downloadableSrc-62e04bf5decd.webp
391678ce-6746-4197-9bbd-2d3dfd12c132,Registering for a session,c398e404-cbd4-4f86-8a89-18e36b882319,Apple Store,2c15abd3-2aec-4a0c-bee8-f81995702a6a,2,3,e9bda62c-ef72-4880-b44d-91de78098a06,true,downloadableSrc,200,image/webp,35380,35380,7e4d0fbab80ce37d561a0fa9dbbc2fb11511525c0642790e60310f4f53976f5e,1179,2676,,,bytescale.mobbin.com,f7a1807c1ac98ccf0eecf5078d61346ac9a94ca37a547f5708d580528c9e55c0,/Users/user/mobbin-sides/screen-flows/apple-store/037-apple-store-registering-for-a-session-391678ce-6746-4197-9bbd-2d3dfd12c132/003-e9bda62c-ef72-4880-b44d-91de78098a06-downloadableSrc-7e4d0fbab80c.webp
391678ce-6746-4197-9bbd-2d3dfd12c132,Registering for a session,c398e404-cbd4-4f86-8a89-18e36b882319,Apple Store,2c15abd3-2aec-4a0c-bee8-f81995702a6a,3,4,63cc1cbb-36c7-4d38-9a9c-8eefa928f498,true,downloadableSrc,200,image/webp,92544,92544,5bcfcbe700ab6ef46bd03153594432d464ad987fa29fab5c3db3a2327b47cfc6,1179,2676,,,bytescale.mobbin.com,f7a1807c1ac98ccf0eecf5078d61346ac9a94ca37a547f5708d580528c9e55c0,/Users/user/mobbin-sides/screen-flows/apple-store/037-apple-store-registering-for-a-session-391678ce-6746-4197-9bbd-2d3dfd12c132/004-63cc1cbb-36c7-4d38-9a9c-8eefa928f498-downloadableSrc-5bcfcbe700ab.webp
391678ce-6746-4197-9bbd-2d3dfd12c132,Registering for a session,c398e404-cbd4-4f86-8a89-18e36b882319,Apple Store,2c15abd3-2aec-4a0c-bee8-f81995702a6a,4,5,ce058fb2-6263-4be0-80ae-41eab09d808c,true,downloadableSrc,200,image/webp,100150,100150,a8adf119935c9f195a2c2e5c70f7ec32e11b7bae1d80e25c4e0f66a50395912d,1179,2676,,,bytescale.mobbin.com,f7a1807c1ac98ccf0eecf5078d61346ac9a94ca37a547f5708d580528c9e55c0,/Users/user/mobbin-sides/screen-flows/apple-store/037-apple-store-registering-for-a-session-391678ce-6746-4197-9bbd-2d3dfd12c132/005-ce058fb2-6263-4be0-80ae-41eab09d808c-downloadableSrc-a8adf119935c.webp
d49a75d1-5715-4990-b893-8aee5110e729,Filtering sessions,c398e404-cbd4-4f86-8a89-18e36b882319,Apple Store,2c15abd3-2aec-4a0c-bee8-f81995702a6a,0,1,c6bf21be-6130-45df-a18d-db2740c2aac3,true,downloadableSrc,200,image/webp,125374,125374,50d440b48e38a38fda820cc4a1ac2e46e7db0652d348eb4cc9539a210408c3a3,1179,2676,,,bytescale.mobbin.com,f7a1807c1ac98ccf0eecf5078d61346ac9a94ca37a547f5708d580528c9e55c0,/Users/user/mobbin-sides/screen-flows/apple-store/038-apple-store-filtering-sessions-d49a75d1-5715-4990-b893-8aee5110e729/001-c6bf21be-6130-45df-a18d-db2740c2aac3-downloadableSrc-50d440b48e38.webp
d49a75d1-5715-4990-b893-8aee5110e729,Filtering sessions,c398e404-cbd4-4f86-8a89-18e36b882319,Apple Store,2c15abd3-2aec-4a0c-bee8-f81995702a6a,1,2,c0dcb0f1-cb81-49d0-95b4-72b8e9595f4d,true,downloadableSrc,200,image/webp,75724,75724,ffe82e57d2c940e89a3a53ed9a7938c9a4b7e2e33bf7a5892ed4f4e7455e1960,1179,2676,,,bytescale.mobbin.com,f7a1807c1ac98ccf0eecf5078d61346ac9a94ca37a547f5708d580528c9e55c0,/Users/user/mobbin-sides/screen-flows/apple-store/038-apple-store-filtering-sessions-d49a75d1-5715-4990-b893-8aee5110e729/002-c0dcb0f1-cb81-49d0-95b4-72b8e9595f4d-downloadableSrc-ffe82e57d2c9.webp
d49a75d1-5715-4990-b893-8aee5110e729,Filtering sessions,c398e404-cbd4-4f86-8a89-18e36b882319,Apple Store,2c15abd3-2aec-4a0c-bee8-f81995702a6a,2,3,d45aae94-2e5d-4372-a561-859485e880e9,true,downloadableSrc,200,image/webp,76764,76764,de6dbd292bb6ff5ad828613bd9469d36565e0cc47b116712d914a9117975b2c3,1179,2676,,,bytescale.mobbin.com,f7a1807c1ac98ccf0eecf5078d61346ac9a94ca37a547f5708d580528c9e55c0,/Users/user/mobbin-sides/screen-flows/apple-store/038-apple-store-filtering-sessions-d49a75d1-5715-4990-b893-8aee5110e729/003-d45aae94-2e5d-4372-a561-859485e880e9-downloadableSrc-de6dbd292bb6.webp
d49a75d1-5715-4990-b893-8aee5110e729,Filtering sessions,c398e404-cbd4-4f86-8a89-18e36b882319,Apple Store,2c15abd3-2aec-4a0c-bee8-f81995702a6a,3,4,49f06807-cbd2-44e7-ab3a-4cffca4e5c9f,true,downloadableSrc,200,image/webp,87196,87196,e1f705985f924bf76940505d31af3e565ad3734410fbc9fea29686e16d179dfe,1179,2676,,,bytescale.mobbin.com,f7a1807c1ac98ccf0eecf5078d61346ac9a94ca37a547f5708d580528c9e55c0,/Users/user/mobbin-sides/screen-flows/apple-store/038-apple-store-filtering-sessions-d49a75d1-5715-4990-b893-8aee5110e729/004-49f06807-cbd2-44e7-ab3a-4cffca4e5c9f-downloadableSrc-e1f705985f92.webp
d49a75d1-5715-4990-b893-8aee5110e729,Filtering sessions,c398e404-cbd4-4f86-8a89-18e36b882319,Apple Store,2c15abd3-2aec-4a0c-bee8-f81995702a6a,4,5,d8c91cbe-2d61-476e-915a-4adba355206d,true,downloadableSrc,200,image/webp,59624,59624,66150312aaed7b2ece7712bf192c135541c76daadd6e2721cb90cc45f1523e63,1179,2676,,,bytescale.mobbin.com,f7a1807c1ac98ccf0eecf5078d61346ac9a94ca37a547f5708d580528c9e55c0,/Users/user/mobbin-sides/screen-flows/apple-store/038-apple-store-filtering-sessions-d49a75d1-5715-4990-b893-8aee5110e729/005-d8c91cbe-2d61-476e-915a-4adba355206d-downloadableSrc-66150312aaed.webp
4e69e744-7171-493c-b975-6655d6000970,Article detail,c398e404-cbd4-4f86-8a89-18e36b882319,Apple Store,2c15abd3-2aec-4a0c-bee8-f81995702a6a,0,1,9af55046-d3ea-4c95-910b-a91ec7f4616f,true,downloadableSrc,200,image/webp,100054,100054,0f75e8f229917eb8f0327ddf63ba557a4ad602e3836e4bb9ada46116d4e107c4,1179,2676,,,bytescale.mobbin.com,f7a1807c1ac98ccf0eecf5078d61346ac9a94ca37a547f5708d580528c9e55c0,/Users/user/mobbin-sides/screen-flows/apple-store/039-apple-store-article-detail-4e69e744-7171-493c-b975-6655d6000970/001-9af55046-d3ea-4c95-910b-a91ec7f4616f-downloadableSrc-0f75e8f22991.webp
4e69e744-7171-493c-b975-6655d6000970,Article detail,c398e404-cbd4-4f86-8a89-18e36b882319,Apple Store,2c15abd3-2aec-4a0c-bee8-f81995702a6a,1,2,f159878a-d0ca-46c1-9913-3c2ac1e37c54,true,downloadableSrc,200,image/webp,118538,118538,4fbafddb4b01861d59de09b3a2314d3727a1ad7f7cb05882ab67c2116f6db794,1179,2676,,,bytescale.mobbin.com,f7a1807c1ac98ccf0eecf5078d61346ac9a94ca37a547f5708d580528c9e55c0,/Users/user/mobbin-sides/screen-flows/apple-store/039-apple-store-article-detail-4e69e744-7171-493c-b975-6655d6000970/002-f159878a-d0ca-46c1-9913-3c2ac1e37c54-downloadableSrc-4fbafddb4b01.webp
4e69e744-7171-493c-b975-6655d6000970,Article detail,c398e404-cbd4-4f86-8a89-18e36b882319,Apple Store,2c15abd3-2aec-4a0c-bee8-f81995702a6a,2,3,271bd0ae-79a8-4005-b342-42ec61c4abe1,true,downloadableSrc,200,image/webp,141238,141238,7934fb29594562e1c5cc286e128f26745e0c2b077852deea93e704f0d6f037e0,1179,2676,,,bytescale.mobbin.com,f7a1807c1ac98ccf0eecf5078d61346ac9a94ca37a547f5708d580528c9e55c0,/Users/user/mobbin-sides/screen-flows/apple-store/039-apple-store-article-detail-4e69e744-7171-493c-b975-6655d6000970/003-271bd0ae-79a8-4005-b342-42ec61c4abe1-downloadableSrc-7934fb295945.webp
4e69e744-7171-493c-b975-6655d6000970,Article detail,c398e404-cbd4-4f86-8a89-18e36b882319,Apple Store,2c15abd3-2aec-4a0c-bee8-f81995702a6a,3,4,07a122b7-bf84-4b65-815a-e294033254d2,true,downloadableSrc,200,image/webp,120462,120462,aef5d060523d77ec0dd02f739440c9517aeec4051a80e9000057bd12df15cac2,1179,2676,,,bytescale.mobbin.com,f7a1807c1ac98ccf0eecf5078d61346ac9a94ca37a547f5708d580528c9e55c0,/Users/user/mobbin-sides/screen-flows/apple-store/039-apple-store-article-detail-4e69e744-7171-493c-b975-6655d6000970/004-07a122b7-bf84-4b65-815a-e294033254d2-downloadableSrc-aef5d060523d.webp
4e69e744-7171-493c-b975-6655d6000970,Article detail,c398e404-cbd4-4f86-8a89-18e36b882319,Apple Store,2c15abd3-2aec-4a0c-bee8-f81995702a6a,4,5,0a87261d-f98a-4b12-9460-d470b30634c9,true,downloadableSrc,200,image/webp,120162,120162,dd0dda3cf34ccf70b4e2dbc91eab9c1277355fef00749b414472946b302ae1b0,1179,2676,,,bytescale.mobbin.com,f7a1807c1ac98ccf0eecf5078d61346ac9a94ca37a547f5708d580528c9e55c0,/Users/user/mobbin-sides/screen-flows/apple-store/039-apple-store-article-detail-4e69e744-7171-493c-b975-6655d6000970/005-0a87261d-f98a-4b12-9460-d470b30634c9-downloadableSrc-dd0dda3cf34c.webp
4e69e744-7171-493c-b975-6655d6000970,Article detail,c398e404-cbd4-4f86-8a89-18e36b882319,Apple Store,2c15abd3-2aec-4a0c-bee8-f81995702a6a,5,6,0fc7cca3-dc1a-4155-a275-4062819d9588,true,downloadableSrc,200,image/webp,94614,94614,776235de62a9364f5c0268e87e15c595ceb023b30a4dee12db7f736eb5116e49,1179,2676,,,bytescale.mobbin.com,f7a1807c1ac98ccf0eecf5078d61346ac9a94ca37a547f5708d580528c9e55c0,/Users/user/mobbin-sides/screen-flows/apple-store/039-apple-store-article-detail-4e69e744-7171-493c-b975-6655d6000970/006-0fc7cca3-dc1a-4155-a275-4062819d9588-downloadableSrc-776235de62a9.webp
4e69e744-7171-493c-b975-6655d6000970,Article detail,c398e404-cbd4-4f86-8a89-18e36b882319,Apple Store,2c15abd3-2aec-4a0c-bee8-f81995702a6a,6,7,c758d32d-171a-45e0-bf1d-c036c26dfa3b,true,downloadableSrc,200,image/webp,58090,58090,9e61c0a57061a826347b2372e162ce995465c65c6ac3d58bcc9d146674c15945,1179,2676,,,bytescale.mobbin.com,f7a1807c1ac98ccf0eecf5078d61346ac9a94ca37a547f5708d580528c9e55c0,/Users/user/mobbin-sides/screen-flows/apple-store/039-apple-store-article-detail-4e69e744-7171-493c-b975-6655d6000970/007-c758d32d-171a-45e0-bf1d-c036c26dfa3b-downloadableSrc-9e61c0a57061.webp
4e69e744-7171-493c-b975-6655d6000970,Article detail,c398e404-cbd4-4f86-8a89-18e36b882319,Apple Store,2c15abd3-2aec-4a0c-bee8-f81995702a6a,7,8,ee0d0fcc-9e6d-432f-8946-5aad2f2e67d1,true,downloadableSrc,200,image/webp,74064,74064,5382582d3c3c57df72990b2c53b7b03014b72ed402cf6e09cc43bddbf0f4dafb,1179,2676,,,bytescale.mobbin.com,f7a1807c1ac98ccf0eecf5078d61346ac9a94ca37a547f5708d580528c9e55c0,/Users/user/mobbin-sides/screen-flows/apple-store/039-apple-store-article-detail-4e69e744-7171-493c-b975-6655d6000970/008-ee0d0fcc-9e6d-432f-8946-5aad2f2e67d1-downloadableSrc-5382582d3c3c.webp
b6ca6915-0176-43a7-9e0b-dfa152b3e418,Bag,c398e404-cbd4-4f86-8a89-18e36b882319,Apple Store,2c15abd3-2aec-4a0c-bee8-f81995702a6a,0,1,3f0bb74e-fbb0-4fe3-a27a-b95f66833a9b,true,downloadableSrc,200,image/webp,120384,120384,a4f1d840058c4d16ec698691d2b17a3c683e6c209db51f1bd70982488dc51eb7,1179,2676,,,bytescale.mobbin.com,f7a1807c1ac98ccf0eecf5078d61346ac9a94ca37a547f5708d580528c9e55c0,/Users/user/mobbin-sides/screen-flows/apple-store/040-apple-store-bag-b6ca6915-0176-43a7-9e0b-dfa152b3e418/001-3f0bb74e-fbb0-4fe3-a27a-b95f66833a9b-downloadableSrc-a4f1d840058c.webp
b6ca6915-0176-43a7-9e0b-dfa152b3e418,Bag,c398e404-cbd4-4f86-8a89-18e36b882319,Apple Store,2c15abd3-2aec-4a0c-bee8-f81995702a6a,1,2,c94d3df7-4513-4391-ad56-dfddfc840d3a,true,downloadableSrc,200,image/webp,90182,90182,ae5fd89eaf8caea9cb3a451207e0c565e8e9b8d70b2e1e3f4780c0edebf54ef8,1179,2676,,,bytescale.mobbin.com,f7a1807c1ac98ccf0eecf5078d61346ac9a94ca37a547f5708d580528c9e55c0,/Users/user/mobbin-sides/screen-flows/apple-store/040-apple-store-bag-b6ca6915-0176-43a7-9e0b-dfa152b3e418/002-c94d3df7-4513-4391-ad56-dfddfc840d3a-downloadableSrc-ae5fd89eaf8c.webp
b6ca6915-0176-43a7-9e0b-dfa152b3e418,Bag,c398e404-cbd4-4f86-8a89-18e36b882319,Apple Store,2c15abd3-2aec-4a0c-bee8-f81995702a6a,2,3,33ee8810-0b09-4ab0-820b-13adbca07b6b,true,downloadableSrc,200,image/webp,89324,89324,cfbc7159bea1fa132a1683525198d131d6becc006dbdacdbe2285f45083f7564,1179,2676,,,bytescale.mobbin.com,f7a1807c1ac98ccf0eecf5078d61346ac9a94ca37a547f5708d580528c9e55c0,/Users/user/mobbin-sides/screen-flows/apple-store/040-apple-store-bag-b6ca6915-0176-43a7-9e0b-dfa152b3e418/003-33ee8810-0b09-4ab0-820b-13adbca07b6b-downloadableSrc-cfbc7159bea1.webp
79501f94-0654-4e32-be7b-82d09e2f212d,Adding a gift message,c398e404-cbd4-4f86-8a89-18e36b882319,Apple Store,2c15abd3-2aec-4a0c-bee8-f81995702a6a,0,1,33ee8810-0b09-4ab0-820b-13adbca07b6b,true,downloadableSrc,200,image/webp,89324,89324,cfbc7159bea1fa132a1683525198d131d6becc006dbdacdbe2285f45083f7564,1179,2676,,,bytescale.mobbin.com,f7a1807c1ac98ccf0eecf5078d61346ac9a94ca37a547f5708d580528c9e55c0,/Users/user/mobbin-sides/screen-flows/apple-store/041-apple-store-adding-a-gift-message-79501f94-0654-4e32-be7b-82d09e2f212d/001-33ee8810-0b09-4ab0-820b-13adbca07b6b-downloadableSrc-cfbc7159bea1.webp
79501f94-0654-4e32-be7b-82d09e2f212d,Adding a gift message,c398e404-cbd4-4f86-8a89-18e36b882319,Apple Store,2c15abd3-2aec-4a0c-bee8-f81995702a6a,1,2,343a9568-315a-49ed-bfdc-5c68bf9b9a5e,true,downloadableSrc,200,image/webp,89768,89768,7591699c75737cc24b67d1371a58f8e632c59b1bbb7d8dd3f552b7327b10ce09,1179,2676,,,bytescale.mobbin.com,f7a1807c1ac98ccf0eecf5078d61346ac9a94ca37a547f5708d580528c9e55c0,/Users/user/mobbin-sides/screen-flows/apple-store/041-apple-store-adding-a-gift-message-79501f94-0654-4e32-be7b-82d09e2f212d/002-343a9568-315a-49ed-bfdc-5c68bf9b9a5e-downloadableSrc-7591699c7573.webp
79501f94-0654-4e32-be7b-82d09e2f212d,Adding a gift message,c398e404-cbd4-4f86-8a89-18e36b882319,Apple Store,2c15abd3-2aec-4a0c-bee8-f81995702a6a,2,3,b236463c-fdd6-4419-8e9a-5fd352bc0769,true,downloadableSrc,200,image/webp,77448,77448,0fa4b80c6cb7e2f25368bfac7fa30d340a9e99d4b576ded742304f6c75a7d9d7,1179,2676,,,bytescale.mobbin.com,f7a1807c1ac98ccf0eecf5078d61346ac9a94ca37a547f5708d580528c9e55c0,/Users/user/mobbin-sides/screen-flows/apple-store/041-apple-store-adding-a-gift-message-79501f94-0654-4e32-be7b-82d09e2f212d/003-b236463c-fdd6-4419-8e9a-5fd352bc0769-downloadableSrc-0fa4b80c6cb7.webp
79501f94-0654-4e32-be7b-82d09e2f212d,Adding a gift message,c398e404-cbd4-4f86-8a89-18e36b882319,Apple Store,2c15abd3-2aec-4a0c-bee8-f81995702a6a,3,4,6177878a-83ed-4dd2-bacb-4d2c1be6ee5f,true,downloadableSrc,200,image/webp,92568,92568,b92d1bc9fecad0fcd0ac01a40bbb66eb72c8adbe9d63cf0b9d318c0016fa1718,1179,2676,,,bytescale.mobbin.com,f7a1807c1ac98ccf0eecf5078d61346ac9a94ca37a547f5708d580528c9e55c0,/Users/user/mobbin-sides/screen-flows/apple-store/041-apple-store-adding-a-gift-message-79501f94-0654-4e32-be7b-82d09e2f212d/004-6177878a-83ed-4dd2-bacb-4d2c1be6ee5f-downloadableSrc-b92d1bc9feca.webp
79501f94-0654-4e32-be7b-82d09e2f212d,Adding a gift message,c398e404-cbd4-4f86-8a89-18e36b882319,Apple Store,2c15abd3-2aec-4a0c-bee8-f81995702a6a,4,5,f6e12f05-2b80-4456-81c4-9c7175000e29,true,downloadableSrc,200,image/webp,92598,92598,cc339b9b04f18e12087dfdfde31712ccedcfec993427d6b564e061c24e94182e,1179,2676,,,bytescale.mobbin.com,f7a1807c1ac98ccf0eecf5078d61346ac9a94ca37a547f5708d580528c9e55c0,/Users/user/mobbin-sides/screen-flows/apple-store/041-apple-store-adding-a-gift-message-79501f94-0654-4e32-be7b-82d09e2f212d/005-f6e12f05-2b80-4456-81c4-9c7175000e29-downloadableSrc-cc339b9b04f1.webp
79501f94-0654-4e32-be7b-82d09e2f212d,Adding a gift message,c398e404-cbd4-4f86-8a89-18e36b882319,Apple Store,2c15abd3-2aec-4a0c-bee8-f81995702a6a,5,6,be1eefac-2706-4876-952b-aae7b3e4415c,true,downloadableSrc,200,image/webp,60396,60396,fa24b790af60e5a85dcdba80611676a9f24204b3af88bbe93aff00243a34d7f6,1180,2676,,,bytescale.mobbin.com,f7a1807c1ac98ccf0eecf5078d61346ac9a94ca37a547f5708d580528c9e55c0,/Users/user/mobbin-sides/screen-flows/apple-store/041-apple-store-adding-a-gift-message-79501f94-0654-4e32-be7b-82d09e2f212d/006-be1eefac-2706-4876-952b-aae7b3e4415c-downloadableSrc-fa24b790af60.webp
31b3148e-5cdb-444b-bce3-093f20765bfa,Placing an order,c398e404-cbd4-4f86-8a89-18e36b882319,Apple Store,2c15abd3-2aec-4a0c-bee8-f81995702a6a,0,1,33ee8810-0b09-4ab0-820b-13adbca07b6b,true,downloadableSrc,200,image/webp,89324,89324,cfbc7159bea1fa132a1683525198d131d6becc006dbdacdbe2285f45083f7564,1179,2676,,,bytescale.mobbin.com,f7a1807c1ac98ccf0eecf5078d61346ac9a94ca37a547f5708d580528c9e55c0,/Users/user/mobbin-sides/screen-flows/apple-store/042-apple-store-placing-an-order-31b3148e-5cdb-444b-bce3-093f20765bfa/001-33ee8810-0b09-4ab0-820b-13adbca07b6b-downloadableSrc-cfbc7159bea1.webp
31b3148e-5cdb-444b-bce3-093f20765bfa,Placing an order,c398e404-cbd4-4f86-8a89-18e36b882319,Apple Store,2c15abd3-2aec-4a0c-bee8-f81995702a6a,1,2,14314bf0-a34a-4179-928d-25f87ef64ada,true,downloadableSrc,200,image/webp,70194,70194,7bd721edd88390613c1049dca0e50a477dac01dac1f4be507e09a71edfb9ad89,1179,2676,,,bytescale.mobbin.com,f7a1807c1ac98ccf0eecf5078d61346ac9a94ca37a547f5708d580528c9e55c0,/Users/user/mobbin-sides/screen-flows/apple-store/042-apple-store-placing-an-order-31b3148e-5cdb-444b-bce3-093f20765bfa/002-14314bf0-a34a-4179-928d-25f87ef64ada-downloadableSrc-7bd721edd883.webp
31b3148e-5cdb-444b-bce3-093f20765bfa,Placing an order,c398e404-cbd4-4f86-8a89-18e36b882319,Apple Store,2c15abd3-2aec-4a0c-bee8-f81995702a6a,2,3,1da22405-a6d3-4a45-a408-3bc950b45ab9,true,downloadableSrc,200,image/webp,73870,73870,1816dbc10cc407e39c9d7b74719351806de1b928b435205e5c1375f148627511,1179,2676,,,bytescale.mobbin.com,f7a1807c1ac98ccf0eecf5078d61346ac9a94ca37a547f5708d580528c9e55c0,/Users/user/mobbin-sides/screen-flows/apple-store/042-apple-store-placing-an-order-31b3148e-5cdb-444b-bce3-093f20765bfa/003-1da22405-a6d3-4a45-a408-3bc950b45ab9-downloadableSrc-1816dbc10cc4.webp
31b3148e-5cdb-444b-bce3-093f20765bfa,Placing an order,c398e404-cbd4-4f86-8a89-18e36b882319,Apple Store,2c15abd3-2aec-4a0c-bee8-f81995702a6a,3,4,b9e9b4dc-22f9-4864-bc79-1e49765622f4,true,downloadableSrc,200,image/webp,76314,76314,3938ec22aed8d087364e17d3def7f58cb389dc1c2c2ff26983410112975eb8d0,1179,2676,,,bytescale.mobbin.com,f7a1807c1ac98ccf0eecf5078d61346ac9a94ca37a547f5708d580528c9e55c0,/Users/user/mobbin-sides/screen-flows/apple-store/042-apple-store-placing-an-order-31b3148e-5cdb-444b-bce3-093f20765bfa/004-b9e9b4dc-22f9-4864-bc79-1e49765622f4-downloadableSrc-3938ec22aed8.webp
31b3148e-5cdb-444b-bce3-093f20765bfa,Placing an order,c398e404-cbd4-4f86-8a89-18e36b882319,Apple Store,2c15abd3-2aec-4a0c-bee8-f81995702a6a,4,5,ecb19fde-0954-4164-9035-627341606a30,true,downloadableSrc,200,image/webp,65244,65244,97b427cd82078a66e67d57d1bc41a14260555b413fe53371c3a2d8906599939b,1179,2676,,,bytescale.mobbin.com,f7a1807c1ac98ccf0eecf5078d61346ac9a94ca37a547f5708d580528c9e55c0,/Users/user/mobbin-sides/screen-flows/apple-store/042-apple-store-placing-an-order-31b3148e-5cdb-444b-bce3-093f20765bfa/005-ecb19fde-0954-4164-9035-627341606a30-downloadableSrc-97b427cd8207.webp
31b3148e-5cdb-444b-bce3-093f20765bfa,Placing an order,c398e404-cbd4-4f86-8a89-18e36b882319,Apple Store,2c15abd3-2aec-4a0c-bee8-f81995702a6a,5,6,5ec4cc0e-44d2-4c69-b983-acaae3537c1f,true,downloadableSrc,200,image/webp,70692,70692,e7aee9971b8ebc22a137a212bf0dcd00d9ff021dc3202ee09faced76bf563d69,1179,2676,,,bytescale.mobbin.com,f7a1807c1ac98ccf0eecf5078d61346ac9a94ca37a547f5708d580528c9e55c0,/Users/user/mobbin-sides/screen-flows/apple-store/042-apple-store-placing-an-order-31b3148e-5cdb-444b-bce3-093f20765bfa/006-5ec4cc0e-44d2-4c69-b983-acaae3537c1f-downloadableSrc-e7aee9971b8e.webp
31b3148e-5cdb-444b-bce3-093f20765bfa,Placing an order,c398e404-cbd4-4f86-8a89-18e36b882319,Apple Store,2c15abd3-2aec-4a0c-bee8-f81995702a6a,6,7,55a54ae1-c12d-44ab-a7f7-1f5bab97f042,true,downloadableSrc,200,image/webp,55856,55856,e97b8845c11b8fb4f948955b5084723eb7f987242cc518fb077b15deea65fcc2,1179,2676,,,bytescale.mobbin.com,f7a1807c1ac98ccf0eecf5078d61346ac9a94ca37a547f5708d580528c9e55c0,/Users/user/mobbin-sides/screen-flows/apple-store/042-apple-store-placing-an-order-31b3148e-5cdb-444b-bce3-093f20765bfa/007-55a54ae1-c12d-44ab-a7f7-1f5bab97f042-downloadableSrc-e97b8845c11b.webp
31b3148e-5cdb-444b-bce3-093f20765bfa,Placing an order,c398e404-cbd4-4f86-8a89-18e36b882319,Apple Store,2c15abd3-2aec-4a0c-bee8-f81995702a6a,7,8,8acbeeff-69ea-45a0-b96c-3f78e091df04,true,downloadableSrc,200,image/webp,44316,44316,dd750a61d44de6ad2cac03e8ebebcd91d8be8c4db56d2d0af417e1f27c4239ea,1179,2676,,,bytescale.mobbin.com,f7a1807c1ac98ccf0eecf5078d61346ac9a94ca37a547f5708d580528c9e55c0,/Users/user/mobbin-sides/screen-flows/apple-store/042-apple-store-placing-an-order-31b3148e-5cdb-444b-bce3-093f20765bfa/008-8acbeeff-69ea-45a0-b96c-3f78e091df04-downloadableSrc-dd750a61d44d.webp
31b3148e-5cdb-444b-bce3-093f20765bfa,Placing an order,c398e404-cbd4-4f86-8a89-18e36b882319,Apple Store,2c15abd3-2aec-4a0c-bee8-f81995702a6a,8,9,04153376-8319-4563-8ba5-a16ca19d605b,true,downloadableSrc,200,image/webp,75914,75914,4fc267565177ec6c3ce7725ae630fb53768181500b92ac49298c1c0b45d032e2,1179,2676,,,bytescale.mobbin.com,f7a1807c1ac98ccf0eecf5078d61346ac9a94ca37a547f5708d580528c9e55c0,/Users/user/mobbin-sides/screen-flows/apple-store/042-apple-store-placing-an-order-31b3148e-5cdb-444b-bce3-093f20765bfa/009-04153376-8319-4563-8ba5-a16ca19d605b-downloadableSrc-4fc267565177.webp
e116b53f-b520-4502-b275-3f980e175b66,Selecting pickup,c398e404-cbd4-4f86-8a89-18e36b882319,Apple Store,2c15abd3-2aec-4a0c-bee8-f81995702a6a,0,1,14314bf0-a34a-4179-928d-25f87ef64ada,true,downloadableSrc,200,image/webp,70194,70194,7bd721edd88390613c1049dca0e50a477dac01dac1f4be507e09a71edfb9ad89,1179,2676,,,bytescale.mobbin.com,f7a1807c1ac98ccf0eecf5078d61346ac9a94ca37a547f5708d580528c9e55c0,/Users/user/mobbin-sides/screen-flows/apple-store/043-apple-store-selecting-pickup-e116b53f-b520-4502-b275-3f980e175b66/001-14314bf0-a34a-4179-928d-25f87ef64ada-downloadableSrc-7bd721edd883.webp
e116b53f-b520-4502-b275-3f980e175b66,Selecting pickup,c398e404-cbd4-4f86-8a89-18e36b882319,Apple Store,2c15abd3-2aec-4a0c-bee8-f81995702a6a,1,2,0818567f-bff8-44f9-887f-ee8b1b94f5e9,true,downloadableSrc,200,image/webp,81706,81706,4503fc5c5ef05123cd7d58262350b62dcf92f40974c39d3b87526bd4bbd42e0f,1179,2676,,,bytescale.mobbin.com,f7a1807c1ac98ccf0eecf5078d61346ac9a94ca37a547f5708d580528c9e55c0,/Users/user/mobbin-sides/screen-flows/apple-store/043-apple-store-selecting-pickup-e116b53f-b520-4502-b275-3f980e175b66/002-0818567f-bff8-44f9-887f-ee8b1b94f5e9-downloadableSrc-4503fc5c5ef0.webp
e116b53f-b520-4502-b275-3f980e175b66,Selecting pickup,c398e404-cbd4-4f86-8a89-18e36b882319,Apple Store,2c15abd3-2aec-4a0c-bee8-f81995702a6a,2,3,5ccf4aaf-1831-4a0b-8e27-3656c9ed5b39,true,downloadableSrc,200,image/webp,74320,74320,7c681d8b9eec3e54ef73ab1733bc7bff30c53b7869761234d995a16b33413960,1179,2676,,,bytescale.mobbin.com,f7a1807c1ac98ccf0eecf5078d61346ac9a94ca37a547f5708d580528c9e55c0,/Users/user/mobbin-sides/screen-flows/apple-store/043-apple-store-selecting-pickup-e116b53f-b520-4502-b275-3f980e175b66/003-5ccf4aaf-1831-4a0b-8e27-3656c9ed5b39-downloadableSrc-7c681d8b9eec.webp
de8e4609-e7d8-4623-94f7-8b2872ef9da7,Selecting a pickup store,c398e404-cbd4-4f86-8a89-18e36b882319,Apple Store,2c15abd3-2aec-4a0c-bee8-f81995702a6a,0,1,5ccf4aaf-1831-4a0b-8e27-3656c9ed5b39,true,downloadableSrc,200,image/webp,74320,74320,7c681d8b9eec3e54ef73ab1733bc7bff30c53b7869761234d995a16b33413960,1179,2676,,,bytescale.mobbin.com,f7a1807c1ac98ccf0eecf5078d61346ac9a94ca37a547f5708d580528c9e55c0,/Users/user/mobbin-sides/screen-flows/apple-store/044-apple-store-selecting-a-pickup-store-de8e4609-e7d8-4623-94f7-8b2872ef9da7/001-5ccf4aaf-1831-4a0b-8e27-3656c9ed5b39-downloadableSrc-7c681d8b9eec.webp
de8e4609-e7d8-4623-94f7-8b2872ef9da7,Selecting a pickup store,c398e404-cbd4-4f86-8a89-18e36b882319,Apple Store,2c15abd3-2aec-4a0c-bee8-f81995702a6a,1,2,e1dd5cb1-80cf-4f29-9aa3-bf710ed9a373,true,downloadableSrc,200,image/webp,81312,81312,bf00494aae7aee6b008a46f84f25280bed923c5064026ea3259beca6255461ce,1179,2676,,,bytescale.mobbin.com,f7a1807c1ac98ccf0eecf5078d61346ac9a94ca37a547f5708d580528c9e55c0,/Users/user/mobbin-sides/screen-flows/apple-store/044-apple-store-selecting-a-pickup-store-de8e4609-e7d8-4623-94f7-8b2872ef9da7/002-e1dd5cb1-80cf-4f29-9aa3-bf710ed9a373-downloadableSrc-bf00494aae7a.webp
de8e4609-e7d8-4623-94f7-8b2872ef9da7,Selecting a pickup store,c398e404-cbd4-4f86-8a89-18e36b882319,Apple Store,2c15abd3-2aec-4a0c-bee8-f81995702a6a,2,3,8f2d6f01-3d11-49fa-a701-971a5f83a2f9,true,downloadableSrc,200,image/webp,78854,78854,e07717d6db5662cfad576a9b8b0b8825fe67eaa0a9334d2b205803270117ca58,1179,2676,,,bytescale.mobbin.com,f7a1807c1ac98ccf0eecf5078d61346ac9a94ca37a547f5708d580528c9e55c0,/Users/user/mobbin-sides/screen-flows/apple-store/044-apple-store-selecting-a-pickup-store-de8e4609-e7d8-4623-94f7-8b2872ef9da7/003-8f2d6f01-3d11-49fa-a701-971a5f83a2f9-downloadableSrc-e07717d6db56.webp
de8e4609-e7d8-4623-94f7-8b2872ef9da7,Selecting a pickup store,c398e404-cbd4-4f86-8a89-18e36b882319,Apple Store,2c15abd3-2aec-4a0c-bee8-f81995702a6a,3,4,af38aead-aa92-4fb2-a341-ec8ba8f0f9f7,true,downloadableSrc,200,image/webp,74880,74880,ae36e2819394aae1eedbe5ebd11992016dbbe8e465d107520764d67bd84e30e0,1179,2676,,,bytescale.mobbin.com,f7a1807c1ac98ccf0eecf5078d61346ac9a94ca37a547f5708d580528c9e55c0,/Users/user/mobbin-sides/screen-flows/apple-store/044-apple-store-selecting-a-pickup-store-de8e4609-e7d8-4623-94f7-8b2872ef9da7/004-af38aead-aa92-4fb2-a341-ec8ba8f0f9f7-downloadableSrc-ae36e2819394.webp
45651a83-53fc-4f36-8809-2f6bd840f73c,Adding a pickup contact,c398e404-cbd4-4f86-8a89-18e36b882319,Apple Store,2c15abd3-2aec-4a0c-bee8-f81995702a6a,0,1,5ccf4aaf-1831-4a0b-8e27-3656c9ed5b39,true,downloadableSrc,200,image/webp,74320,74320,7c681d8b9eec3e54ef73ab1733bc7bff30c53b7869761234d995a16b33413960,1179,2676,,,bytescale.mobbin.com,f7a1807c1ac98ccf0eecf5078d61346ac9a94ca37a547f5708d580528c9e55c0,/Users/user/mobbin-sides/screen-flows/apple-store/045-apple-store-adding-a-pickup-contact-45651a83-53fc-4f36-8809-2f6bd840f73c/001-5ccf4aaf-1831-4a0b-8e27-3656c9ed5b39-downloadableSrc-7c681d8b9eec.webp
45651a83-53fc-4f36-8809-2f6bd840f73c,Adding a pickup contact,c398e404-cbd4-4f86-8a89-18e36b882319,Apple Store,2c15abd3-2aec-4a0c-bee8-f81995702a6a,1,2,312680d3-7406-4832-9188-d5b95453f65f,true,downloadableSrc,200,image/webp,73092,73092,1f70c102f2da5d3117882e9f49599378f028d3805c56d697770fdd7b485fbed0,1179,2676,,,bytescale.mobbin.com,f7a1807c1ac98ccf0eecf5078d61346ac9a94ca37a547f5708d580528c9e55c0,/Users/user/mobbin-sides/screen-flows/apple-store/045-apple-store-adding-a-pickup-contact-45651a83-53fc-4f36-8809-2f6bd840f73c/002-312680d3-7406-4832-9188-d5b95453f65f-downloadableSrc-1f70c102f2da.webp
45651a83-53fc-4f36-8809-2f6bd840f73c,Adding a pickup contact,c398e404-cbd4-4f86-8a89-18e36b882319,Apple Store,2c15abd3-2aec-4a0c-bee8-f81995702a6a,2,3,351233c9-185e-4b21-bf82-b102b6353f07,true,downloadableSrc,200,image/webp,81880,81880,80261a30a6349c895f1ead076f916d0c852c15d055a9e0e65f0d67e01314ddc9,1179,2676,,,bytescale.mobbin.com,f7a1807c1ac98ccf0eecf5078d61346ac9a94ca37a547f5708d580528c9e55c0,/Users/user/mobbin-sides/screen-flows/apple-store/045-apple-store-adding-a-pickup-contact-45651a83-53fc-4f36-8809-2f6bd840f73c/003-351233c9-185e-4b21-bf82-b102b6353f07-downloadableSrc-80261a30a634.webp
45651a83-53fc-4f36-8809-2f6bd840f73c,Adding a pickup contact,c398e404-cbd4-4f86-8a89-18e36b882319,Apple Store,2c15abd3-2aec-4a0c-bee8-f81995702a6a,3,4,a518350f-4095-41d6-ac7f-80a8563125f3,true,downloadableSrc,200,image/webp,82440,82440,e0e8ed6c4f1fa14a1bdd4efe90a5017e0d5048e12f2e46da1cf957d2de5d1e68,1179,2676,,,bytescale.mobbin.com,f7a1807c1ac98ccf0eecf5078d61346ac9a94ca37a547f5708d580528c9e55c0,/Users/user/mobbin-sides/screen-flows/apple-store/045-apple-store-adding-a-pickup-contact-45651a83-53fc-4f36-8809-2f6bd840f73c/004-a518350f-4095-41d6-ac7f-80a8563125f3-downloadableSrc-e0e8ed6c4f1f.webp
45651a83-53fc-4f36-8809-2f6bd840f73c,Adding a pickup contact,c398e404-cbd4-4f86-8a89-18e36b882319,Apple Store,2c15abd3-2aec-4a0c-bee8-f81995702a6a,4,5,8e6ab6c0-3d70-4a99-b15f-95996542b9b3,true,downloadableSrc,200,image/webp,67130,67130,f37cdb5684dc0bc47e79867eee3c10bb7c169d03432c47206a01d8817762300c,1179,2676,,,bytescale.mobbin.com,f7a1807c1ac98ccf0eecf5078d61346ac9a94ca37a547f5708d580528c9e55c0,/Users/user/mobbin-sides/screen-flows/apple-store/045-apple-store-adding-a-pickup-contact-45651a83-53fc-4f36-8809-2f6bd840f73c/005-8e6ab6c0-3d70-4a99-b15f-95996542b9b3-downloadableSrc-f37cdb5684dc.webp
99972777-728b-471b-9866-df9928844ce5,FAQ,c398e404-cbd4-4f86-8a89-18e36b882319,Apple Store,2c15abd3-2aec-4a0c-bee8-f81995702a6a,0,1,b9e9b4dc-22f9-4864-bc79-1e49765622f4,true,downloadableSrc,200,image/webp,76314,76314,3938ec22aed8d087364e17d3def7f58cb389dc1c2c2ff26983410112975eb8d0,1179,2676,,,bytescale.mobbin.com,f7a1807c1ac98ccf0eecf5078d61346ac9a94ca37a547f5708d580528c9e55c0,/Users/user/mobbin-sides/screen-flows/apple-store/046-apple-store-faq-99972777-728b-471b-9866-df9928844ce5/001-b9e9b4dc-22f9-4864-bc79-1e49765622f4-downloadableSrc-3938ec22aed8.webp
99972777-728b-471b-9866-df9928844ce5,FAQ,c398e404-cbd4-4f86-8a89-18e36b882319,Apple Store,2c15abd3-2aec-4a0c-bee8-f81995702a6a,1,2,73273729-ea30-4572-8f03-84ae913f4e1e,true,downloadableSrc,200,image/webp,130264,130264,bdff3cc5a87d2c2d097f17b837de5b52a2ed16e88546bb027594c8f808be6a5a,1179,2676,,,bytescale.mobbin.com,f7a1807c1ac98ccf0eecf5078d61346ac9a94ca37a547f5708d580528c9e55c0,/Users/user/mobbin-sides/screen-flows/apple-store/046-apple-store-faq-99972777-728b-471b-9866-df9928844ce5/002-73273729-ea30-4572-8f03-84ae913f4e1e-downloadableSrc-bdff3cc5a87d.webp
99972777-728b-471b-9866-df9928844ce5,FAQ,c398e404-cbd4-4f86-8a89-18e36b882319,Apple Store,2c15abd3-2aec-4a0c-bee8-f81995702a6a,2,3,4283378c-c88e-4c96-a21b-e6307e6dd46f,true,downloadableSrc,200,image/webp,69378,69378,09eac458c584d19b49942c096bf2d073e3a877e2baf268aca3ef301a6df50c54,1180,2676,,,bytescale.mobbin.com,f7a1807c1ac98ccf0eecf5078d61346ac9a94ca37a547f5708d580528c9e55c0,/Users/user/mobbin-sides/screen-flows/apple-store/046-apple-store-faq-99972777-728b-471b-9866-df9928844ce5/003-4283378c-c88e-4c96-a21b-e6307e6dd46f-downloadableSrc-09eac458c584.webp
1ee8b05d-9c60-4c7f-acb1-942e1979b0df,Searching Apple Store,c398e404-cbd4-4f86-8a89-18e36b882319,Apple Store,2c15abd3-2aec-4a0c-bee8-f81995702a6a,0,1,3f0bb74e-fbb0-4fe3-a27a-b95f66833a9b,true,downloadableSrc,200,image/webp,120384,120384,a4f1d840058c4d16ec698691d2b17a3c683e6c209db51f1bd70982488dc51eb7,1179,2676,,,bytescale.mobbin.com,f7a1807c1ac98ccf0eecf5078d61346ac9a94ca37a547f5708d580528c9e55c0,/Users/user/mobbin-sides/screen-flows/apple-store/047-apple-store-searching-apple-store-1ee8b05d-9c60-4c7f-acb1-942e1979b0df/001-3f0bb74e-fbb0-4fe3-a27a-b95f66833a9b-downloadableSrc-a4f1d840058c.webp
1ee8b05d-9c60-4c7f-acb1-942e1979b0df,Searching Apple Store,c398e404-cbd4-4f86-8a89-18e36b882319,Apple Store,2c15abd3-2aec-4a0c-bee8-f81995702a6a,1,2,d798a4d3-8f8e-4c28-8685-93aadc523a8c,true,downloadableSrc,200,image/webp,67052,67052,2897b16ba6671393b5e347a71aef6552093849b902e4a006b07ea3f1aaab3abf,1179,2676,,,bytescale.mobbin.com,f7a1807c1ac98ccf0eecf5078d61346ac9a94ca37a547f5708d580528c9e55c0,/Users/user/mobbin-sides/screen-flows/apple-store/047-apple-store-searching-apple-store-1ee8b05d-9c60-4c7f-acb1-942e1979b0df/002-d798a4d3-8f8e-4c28-8685-93aadc523a8c-downloadableSrc-2897b16ba667.webp
1ee8b05d-9c60-4c7f-acb1-942e1979b0df,Searching Apple Store,c398e404-cbd4-4f86-8a89-18e36b882319,Apple Store,2c15abd3-2aec-4a0c-bee8-f81995702a6a,2,3,000be0e6-91c6-40f4-a421-e411012aa1dd,true,downloadableSrc,200,image/webp,26730,26730,e6bb8773aa1d51e07f75e19744e40841e8658f709e48e61b82f1c5959b7a8b41,1179,2676,,,bytescale.mobbin.com,f7a1807c1ac98ccf0eecf5078d61346ac9a94ca37a547f5708d580528c9e55c0,/Users/user/mobbin-sides/screen-flows/apple-store/047-apple-store-searching-apple-store-1ee8b05d-9c60-4c7f-acb1-942e1979b0df/003-000be0e6-91c6-40f4-a421-e411012aa1dd-downloadableSrc-e6bb8773aa1d.webp
1ee8b05d-9c60-4c7f-acb1-942e1979b0df,Searching Apple Store,c398e404-cbd4-4f86-8a89-18e36b882319,Apple Store,2c15abd3-2aec-4a0c-bee8-f81995702a6a,3,4,a4886ac6-693f-41da-9fc8-e8a6205a5ed0,true,downloadableSrc,200,image/webp,57020,57020,b9caa2854e0d0be2d3b7d5324b25a6915e8d378abc9c44e80a72fe93250c3303,1179,2676,,,bytescale.mobbin.com,f7a1807c1ac98ccf0eecf5078d61346ac9a94ca37a547f5708d580528c9e55c0,/Users/user/mobbin-sides/screen-flows/apple-store/047-apple-store-searching-apple-store-1ee8b05d-9c60-4c7f-acb1-942e1979b0df/004-a4886ac6-693f-41da-9fc8-e8a6205a5ed0-downloadableSrc-b9caa2854e0d.webp
1ee8b05d-9c60-4c7f-acb1-942e1979b0df,Searching Apple Store,c398e404-cbd4-4f86-8a89-18e36b882319,Apple Store,2c15abd3-2aec-4a0c-bee8-f81995702a6a,4,5,55453494-e3e6-4eb1-8a2e-0a02d71cd9af,true,downloadableSrc,200,image/webp,58936,58936,1457eeeeda6029a8b4fe5554e9e0451963840cbd8d1331af5c59f8516bd76e32,1179,2676,,,bytescale.mobbin.com,f7a1807c1ac98ccf0eecf5078d61346ac9a94ca37a547f5708d580528c9e55c0,/Users/user/mobbin-sides/screen-flows/apple-store/047-apple-store-searching-apple-store-1ee8b05d-9c60-4c7f-acb1-942e1979b0df/005-55453494-e3e6-4eb1-8a2e-0a02d71cd9af-downloadableSrc-1457eeeeda60.webp
7939faf2-cd56-4fe0-b7ee-13af26d9f616,Filtering products (devices),c398e404-cbd4-4f86-8a89-18e36b882319,Apple Store,2c15abd3-2aec-4a0c-bee8-f81995702a6a,0,1,55453494-e3e6-4eb1-8a2e-0a02d71cd9af,true,downloadableSrc,200,image/webp,58936,58936,1457eeeeda6029a8b4fe5554e9e0451963840cbd8d1331af5c59f8516bd76e32,1179,2676,,,bytescale.mobbin.com,f7a1807c1ac98ccf0eecf5078d61346ac9a94ca37a547f5708d580528c9e55c0,/Users/user/mobbin-sides/screen-flows/apple-store/048-apple-store-filtering-products-devices-7939faf2-cd56-4fe0-b7ee-13af26d9f616/001-55453494-e3e6-4eb1-8a2e-0a02d71cd9af-downloadableSrc-1457eeeeda60.webp
7939faf2-cd56-4fe0-b7ee-13af26d9f616,Filtering products (devices),c398e404-cbd4-4f86-8a89-18e36b882319,Apple Store,2c15abd3-2aec-4a0c-bee8-f81995702a6a,1,2,06162dd7-2d18-4e64-96d3-0160b5e85b64,true,downloadableSrc,200,image/webp,34870,34870,6ab2620c1aa94a4beade38fe2fd23a2388fa7f61eac13e5439310e892103cb21,1179,2676,,,bytescale.mobbin.com,f7a1807c1ac98ccf0eecf5078d61346ac9a94ca37a547f5708d580528c9e55c0,/Users/user/mobbin-sides/screen-flows/apple-store/048-apple-store-filtering-products-devices-7939faf2-cd56-4fe0-b7ee-13af26d9f616/002-06162dd7-2d18-4e64-96d3-0160b5e85b64-downloadableSrc-6ab2620c1aa9.webp
7939faf2-cd56-4fe0-b7ee-13af26d9f616,Filtering products (devices),c398e404-cbd4-4f86-8a89-18e36b882319,Apple Store,2c15abd3-2aec-4a0c-bee8-f81995702a6a,2,3,168b3f82-185a-4c24-ba33-86dd4573013a,true,downloadableSrc,200,image/webp,72040,72040,717089811f7c1224e6880934b8edd8881befc95a5861e99565988c47ba440a81,1179,2676,,,bytescale.mobbin.com,f7a1807c1ac98ccf0eecf5078d61346ac9a94ca37a547f5708d580528c9e55c0,/Users/user/mobbin-sides/screen-flows/apple-store/048-apple-store-filtering-products-devices-7939faf2-cd56-4fe0-b7ee-13af26d9f616/003-168b3f82-185a-4c24-ba33-86dd4573013a-downloadableSrc-717089811f7c.webp
65f052f6-0557-4cc2-b5ac-c931248c43dd,FIltering products,c398e404-cbd4-4f86-8a89-18e36b882319,Apple Store,2c15abd3-2aec-4a0c-bee8-f81995702a6a,0,1,55453494-e3e6-4eb1-8a2e-0a02d71cd9af,true,downloadableSrc,200,image/webp,58936,58936,1457eeeeda6029a8b4fe5554e9e0451963840cbd8d1331af5c59f8516bd76e32,1179,2676,,,bytescale.mobbin.com,f7a1807c1ac98ccf0eecf5078d61346ac9a94ca37a547f5708d580528c9e55c0,/Users/user/mobbin-sides/screen-flows/apple-store/049-apple-store-filtering-products-65f052f6-0557-4cc2-b5ac-c931248c43dd/001-55453494-e3e6-4eb1-8a2e-0a02d71cd9af-downloadableSrc-1457eeeeda60.webp
65f052f6-0557-4cc2-b5ac-c931248c43dd,FIltering products,c398e404-cbd4-4f86-8a89-18e36b882319,Apple Store,2c15abd3-2aec-4a0c-bee8-f81995702a6a,1,2,fe40f6a2-32a1-45b8-b456-d0624035d60d,true,downloadableSrc,200,image/webp,101596,101596,271e61a60aae3e144eb21a9f19d3892710dea9515dbe78bf15906c49146031fe,1179,2676,,,bytescale.mobbin.com,f7a1807c1ac98ccf0eecf5078d61346ac9a94ca37a547f5708d580528c9e55c0,/Users/user/mobbin-sides/screen-flows/apple-store/049-apple-store-filtering-products-65f052f6-0557-4cc2-b5ac-c931248c43dd/002-fe40f6a2-32a1-45b8-b456-d0624035d60d-downloadableSrc-271e61a60aae.webp
65f052f6-0557-4cc2-b5ac-c931248c43dd,FIltering products,c398e404-cbd4-4f86-8a89-18e36b882319,Apple Store,2c15abd3-2aec-4a0c-bee8-f81995702a6a,2,3,3a8bab11-475e-4da0-a62e-a23eaf3058e9,true,downloadableSrc,200,image/webp,73300,73300,d7e972ae8194cb1cb5a25346f52937c272ce742ac436dd843736e949412de1cc,1179,2676,,,bytescale.mobbin.com,f7a1807c1ac98ccf0eecf5078d61346ac9a94ca37a547f5708d580528c9e55c0,/Users/user/mobbin-sides/screen-flows/apple-store/049-apple-store-filtering-products-65f052f6-0557-4cc2-b5ac-c931248c43dd/003-3a8bab11-475e-4da0-a62e-a23eaf3058e9-downloadableSrc-d7e972ae8194.webp
65f052f6-0557-4cc2-b5ac-c931248c43dd,FIltering products,c398e404-cbd4-4f86-8a89-18e36b882319,Apple Store,2c15abd3-2aec-4a0c-bee8-f81995702a6a,3,4,9177dd57-abbd-4430-aef8-ab30d83e4611,true,downloadableSrc,200,image/webp,59630,59630,05573c42f46ef096d022633eb67cef32b26f7fbe151a803100a7826f3026c0e0,1179,2676,,,bytescale.mobbin.com,f7a1807c1ac98ccf0eecf5078d61346ac9a94ca37a547f5708d580528c9e55c0,/Users/user/mobbin-sides/screen-flows/apple-store/049-apple-store-filtering-products-65f052f6-0557-4cc2-b5ac-c931248c43dd/004-9177dd57-abbd-4430-aef8-ab30d83e4611-downloadableSrc-05573c42f46e.webp
65f052f6-0557-4cc2-b5ac-c931248c43dd,FIltering products,c398e404-cbd4-4f86-8a89-18e36b882319,Apple Store,2c15abd3-2aec-4a0c-bee8-f81995702a6a,4,5,0de93cf8-aa91-498c-b096-e13dd350917e,true,downloadableSrc,200,image/webp,57754,57754,4188659c05d12e8ee9f219eb864c764a59dedaa354a5dabee10ae5c4333993ec,1179,2676,,,bytescale.mobbin.com,f7a1807c1ac98ccf0eecf5078d61346ac9a94ca37a547f5708d580528c9e55c0,/Users/user/mobbin-sides/screen-flows/apple-store/049-apple-store-filtering-products-65f052f6-0557-4cc2-b5ac-c931248c43dd/005-0de93cf8-aa91-498c-b096-e13dd350917e-downloadableSrc-4188659c05d1.webp
65f052f6-0557-4cc2-b5ac-c931248c43dd,FIltering products,c398e404-cbd4-4f86-8a89-18e36b882319,Apple Store,2c15abd3-2aec-4a0c-bee8-f81995702a6a,5,6,d0700087-2d5a-4e22-8296-ed3816a1dc01,true,downloadableSrc,200,image/webp,51800,51800,916ab1254a2b93fb9809c44d5465ce2f8d15cc8e3b329bc5e3ac0594a0f71837,1179,2676,,,bytescale.mobbin.com,f7a1807c1ac98ccf0eecf5078d61346ac9a94ca37a547f5708d580528c9e55c0,/Users/user/mobbin-sides/screen-flows/apple-store/049-apple-store-filtering-products-65f052f6-0557-4cc2-b5ac-c931248c43dd/006-d0700087-2d5a-4e22-8296-ed3816a1dc01-downloadableSrc-916ab1254a2b.webp
f9acffef-20b5-445a-8648-07bc4963a5f0,Settings,c398e404-cbd4-4f86-8a89-18e36b882319,Apple Store,2c15abd3-2aec-4a0c-bee8-f81995702a6a,0,1,3f0bb74e-fbb0-4fe3-a27a-b95f66833a9b,true,downloadableSrc,200,image/webp,120384,120384,a4f1d840058c4d16ec698691d2b17a3c683e6c209db51f1bd70982488dc51eb7,1179,2676,,,bytescale.mobbin.com,f7a1807c1ac98ccf0eecf5078d61346ac9a94ca37a547f5708d580528c9e55c0,/Users/user/mobbin-sides/screen-flows/apple-store/050-apple-store-settings-f9acffef-20b5-445a-8648-07bc4963a5f0/001-3f0bb74e-fbb0-4fe3-a27a-b95f66833a9b-downloadableSrc-a4f1d840058c.webp
f9acffef-20b5-445a-8648-07bc4963a5f0,Settings,c398e404-cbd4-4f86-8a89-18e36b882319,Apple Store,2c15abd3-2aec-4a0c-bee8-f81995702a6a,1,2,f4069986-9e60-4a78-aef7-61b04d56f5c6,true,downloadableSrc,200,image/webp,50232,50232,998211cfe29ebe11412b33f986ee5ff6fc1520af7f324603c3036c91a2fae575,1179,2676,,,bytescale.mobbin.com,f7a1807c1ac98ccf0eecf5078d61346ac9a94ca37a547f5708d580528c9e55c0,/Users/user/mobbin-sides/screen-flows/apple-store/050-apple-store-settings-f9acffef-20b5-445a-8648-07bc4963a5f0/002-f4069986-9e60-4a78-aef7-61b04d56f5c6-downloadableSrc-998211cfe29e.webp
f9acffef-20b5-445a-8648-07bc4963a5f0,Settings,c398e404-cbd4-4f86-8a89-18e36b882319,Apple Store,2c15abd3-2aec-4a0c-bee8-f81995702a6a,2,3,7011deca-2fc7-42ae-99e2-f9e30febf298,true,downloadableSrc,200,image/webp,78070,78070,1299a4d77a2e352e5950fa40a503765e10f13a3d69e49617b7701cb4842997b6,1179,2676,,,bytescale.mobbin.com,f7a1807c1ac98ccf0eecf5078d61346ac9a94ca37a547f5708d580528c9e55c0,/Users/user/mobbin-sides/screen-flows/apple-store/050-apple-store-settings-f9acffef-20b5-445a-8648-07bc4963a5f0/003-7011deca-2fc7-42ae-99e2-f9e30febf298-downloadableSrc-1299a4d77a2e.webp
5eeefc48-458c-4796-97ac-9369ae576d85,Profile,c398e404-cbd4-4f86-8a89-18e36b882319,Apple Store,2c15abd3-2aec-4a0c-bee8-f81995702a6a,0,1,f4069986-9e60-4a78-aef7-61b04d56f5c6,true,downloadableSrc,200,image/webp,50232,50232,998211cfe29ebe11412b33f986ee5ff6fc1520af7f324603c3036c91a2fae575,1179,2676,,,bytescale.mobbin.com,f7a1807c1ac98ccf0eecf5078d61346ac9a94ca37a547f5708d580528c9e55c0,/Users/user/mobbin-sides/screen-flows/apple-store/051-apple-store-profile-5eeefc48-458c-4796-97ac-9369ae576d85/001-f4069986-9e60-4a78-aef7-61b04d56f5c6-downloadableSrc-998211cfe29e.webp
5eeefc48-458c-4796-97ac-9369ae576d85,Profile,c398e404-cbd4-4f86-8a89-18e36b882319,Apple Store,2c15abd3-2aec-4a0c-bee8-f81995702a6a,1,2,f4d2873c-16f2-449f-9f2c-bcae367772d3,true,downloadableSrc,200,image/webp,39922,39922,c03d623493625ee6520de2801eb0623e2519152dbedd4e61a7c38b5d12327982,1179,2676,,,bytescale.mobbin.com,f7a1807c1ac98ccf0eecf5078d61346ac9a94ca37a547f5708d580528c9e55c0,/Users/user/mobbin-sides/screen-flows/apple-store/051-apple-store-profile-5eeefc48-458c-4796-97ac-9369ae576d85/002-f4d2873c-16f2-449f-9f2c-bcae367772d3-downloadableSrc-c03d62349362.webp
cdcca6df-ff2a-487e-a1a3-05828d53a645,Reservations,c398e404-cbd4-4f86-8a89-18e36b882319,Apple Store,2c15abd3-2aec-4a0c-bee8-f81995702a6a,0,1,f4069986-9e60-4a78-aef7-61b04d56f5c6,true,downloadableSrc,200,image/webp,50232,50232,998211cfe29ebe11412b33f986ee5ff6fc1520af7f324603c3036c91a2fae575,1179,2676,,,bytescale.mobbin.com,f7a1807c1ac98ccf0eecf5078d61346ac9a94ca37a547f5708d580528c9e55c0,/Users/user/mobbin-sides/screen-flows/apple-store/052-apple-store-reservations-cdcca6df-ff2a-487e-a1a3-05828d53a645/001-f4069986-9e60-4a78-aef7-61b04d56f5c6-downloadableSrc-998211cfe29e.webp
cdcca6df-ff2a-487e-a1a3-05828d53a645,Reservations,c398e404-cbd4-4f86-8a89-18e36b882319,Apple Store,2c15abd3-2aec-4a0c-bee8-f81995702a6a,1,2,b211c276-c551-43e3-a624-c74ad5960180,true,downloadableSrc,200,image/webp,94748,94748,e56287574bc1208a73c48087c8d30f777c9a61f352e92725def8b50b69160a88,1179,2676,,,bytescale.mobbin.com,f7a1807c1ac98ccf0eecf5078d61346ac9a94ca37a547f5708d580528c9e55c0,/Users/user/mobbin-sides/screen-flows/apple-store/052-apple-store-reservations-cdcca6df-ff2a-487e-a1a3-05828d53a645/002-b211c276-c551-43e3-a624-c74ad5960180-downloadableSrc-e56287574bc1.webp
64cc1e86-518f-4504-92ec-61e7da29af15,Orders,c398e404-cbd4-4f86-8a89-18e36b882319,Apple Store,2c15abd3-2aec-4a0c-bee8-f81995702a6a,0,1,f4069986-9e60-4a78-aef7-61b04d56f5c6,true,downloadableSrc,200,image/webp,50232,50232,998211cfe29ebe11412b33f986ee5ff6fc1520af7f324603c3036c91a2fae575,1179,2676,,,bytescale.mobbin.com,f7a1807c1ac98ccf0eecf5078d61346ac9a94ca37a547f5708d580528c9e55c0,/Users/user/mobbin-sides/screen-flows/apple-store/053-apple-store-orders-64cc1e86-518f-4504-92ec-61e7da29af15/001-f4069986-9e60-4a78-aef7-61b04d56f5c6-downloadableSrc-998211cfe29e.webp
64cc1e86-518f-4504-92ec-61e7da29af15,Orders,c398e404-cbd4-4f86-8a89-18e36b882319,Apple Store,2c15abd3-2aec-4a0c-bee8-f81995702a6a,1,2,cb077f8d-8cc2-4d98-b6e1-21011bff62b1,true,downloadableSrc,200,image/webp,78502,78502,02f143f0f068ea9623159d4d0f6e3747ac621d7944e2da4b0d710ec15efea3a8,1179,2676,,,bytescale.mobbin.com,f7a1807c1ac98ccf0eecf5078d61346ac9a94ca37a547f5708d580528c9e55c0,/Users/user/mobbin-sides/screen-flows/apple-store/053-apple-store-orders-64cc1e86-518f-4504-92ec-61e7da29af15/002-cb077f8d-8cc2-4d98-b6e1-21011bff62b1-downloadableSrc-02f143f0f068.webp
973cfe19-701e-4721-835f-95e851195d3f,Devices,c398e404-cbd4-4f86-8a89-18e36b882319,Apple Store,2c15abd3-2aec-4a0c-bee8-f81995702a6a,0,1,f4069986-9e60-4a78-aef7-61b04d56f5c6,true,downloadableSrc,200,image/webp,50232,50232,998211cfe29ebe11412b33f986ee5ff6fc1520af7f324603c3036c91a2fae575,1179,2676,,,bytescale.mobbin.com,f7a1807c1ac98ccf0eecf5078d61346ac9a94ca37a547f5708d580528c9e55c0,/Users/user/mobbin-sides/screen-flows/apple-store/054-apple-store-devices-973cfe19-701e-4721-835f-95e851195d3f/001-f4069986-9e60-4a78-aef7-61b04d56f5c6-downloadableSrc-998211cfe29e.webp
973cfe19-701e-4721-835f-95e851195d3f,Devices,c398e404-cbd4-4f86-8a89-18e36b882319,Apple Store,2c15abd3-2aec-4a0c-bee8-f81995702a6a,1,2,3f583c54-f564-495d-96b4-b9c19307f094,true,downloadableSrc,200,image/webp,38646,38646,90f34ca288e375c2e590264f923d568946edeae572021422ee064659b6249505,1179,2676,,,bytescale.mobbin.com,f7a1807c1ac98ccf0eecf5078d61346ac9a94ca37a547f5708d580528c9e55c0,/Users/user/mobbin-sides/screen-flows/apple-store/054-apple-store-devices-973cfe19-701e-4721-835f-95e851195d3f/002-3f583c54-f564-495d-96b4-b9c19307f094-downloadableSrc-90f34ca288e3.webp
973cfe19-701e-4721-835f-95e851195d3f,Devices,c398e404-cbd4-4f86-8a89-18e36b882319,Apple Store,2c15abd3-2aec-4a0c-bee8-f81995702a6a,2,3,5f9eac64-8a7a-4e8c-bf8b-86f9328f1d6f,true,downloadableSrc,200,image/webp,64056,64056,07eb6818baf33ebed71b02bbb6e3765565e9ed3960677cff40daf3eb35060804,1179,2676,,,bytescale.mobbin.com,f7a1807c1ac98ccf0eecf5078d61346ac9a94ca37a547f5708d580528c9e55c0,/Users/user/mobbin-sides/screen-flows/apple-store/054-apple-store-devices-973cfe19-701e-4721-835f-95e851195d3f/003-5f9eac64-8a7a-4e8c-bf8b-86f9328f1d6f-downloadableSrc-07eb6818baf3.webp
d949e4b5-1204-4129-8ebd-231188550b36,Services,c398e404-cbd4-4f86-8a89-18e36b882319,Apple Store,2c15abd3-2aec-4a0c-bee8-f81995702a6a,0,1,f4069986-9e60-4a78-aef7-61b04d56f5c6,true,downloadableSrc,200,image/webp,50232,50232,998211cfe29ebe11412b33f986ee5ff6fc1520af7f324603c3036c91a2fae575,1179,2676,,,bytescale.mobbin.com,f7a1807c1ac98ccf0eecf5078d61346ac9a94ca37a547f5708d580528c9e55c0,/Users/user/mobbin-sides/screen-flows/apple-store/055-apple-store-services-d949e4b5-1204-4129-8ebd-231188550b36/001-f4069986-9e60-4a78-aef7-61b04d56f5c6-downloadableSrc-998211cfe29e.webp
d949e4b5-1204-4129-8ebd-231188550b36,Services,c398e404-cbd4-4f86-8a89-18e36b882319,Apple Store,2c15abd3-2aec-4a0c-bee8-f81995702a6a,1,2,db467ea7-54b8-430a-a40f-e7e891ae41f7,true,downloadableSrc,200,image/webp,129598,129598,3dbcdff250a829a97e748f137d88f6d69959052ac9d65160d29e5a5534ea3f85,1179,2676,,,bytescale.mobbin.com,f7a1807c1ac98ccf0eecf5078d61346ac9a94ca37a547f5708d580528c9e55c0,/Users/user/mobbin-sides/screen-flows/apple-store/055-apple-store-services-d949e4b5-1204-4129-8ebd-231188550b36/002-db467ea7-54b8-430a-a40f-e7e891ae41f7-downloadableSrc-3dbcdff250a8.webp
d949e4b5-1204-4129-8ebd-231188550b36,Services,c398e404-cbd4-4f86-8a89-18e36b882319,Apple Store,2c15abd3-2aec-4a0c-bee8-f81995702a6a,2,3,0fd6b28b-da4c-45a0-b67d-a7f47d81910a,true,downloadableSrc,200,image/webp,148080,148080,785f4def7d0b68d7db91feb86f9ee9de5a3d86183fedc4855db8dc95cf5b640e,1179,2676,,,bytescale.mobbin.com,f7a1807c1ac98ccf0eecf5078d61346ac9a94ca37a547f5708d580528c9e55c0,/Users/user/mobbin-sides/screen-flows/apple-store/055-apple-store-services-d949e4b5-1204-4129-8ebd-231188550b36/003-0fd6b28b-da4c-45a0-b67d-a7f47d81910a-downloadableSrc-785f4def7d0b.webp
5277e8a9-6685-4568-865c-a838db74a9d0,Saves,c398e404-cbd4-4f86-8a89-18e36b882319,Apple Store,2c15abd3-2aec-4a0c-bee8-f81995702a6a,0,1,f4069986-9e60-4a78-aef7-61b04d56f5c6,true,downloadableSrc,200,image/webp,50232,50232,998211cfe29ebe11412b33f986ee5ff6fc1520af7f324603c3036c91a2fae575,1179,2676,,,bytescale.mobbin.com,f7a1807c1ac98ccf0eecf5078d61346ac9a94ca37a547f5708d580528c9e55c0,/Users/user/mobbin-sides/screen-flows/apple-store/056-apple-store-saves-5277e8a9-6685-4568-865c-a838db74a9d0/001-f4069986-9e60-4a78-aef7-61b04d56f5c6-downloadableSrc-998211cfe29e.webp
5277e8a9-6685-4568-865c-a838db74a9d0,Saves,c398e404-cbd4-4f86-8a89-18e36b882319,Apple Store,2c15abd3-2aec-4a0c-bee8-f81995702a6a,1,2,b9885ab8-b086-4539-a516-63608687a152,true,downloadableSrc,200,image/webp,27300,27300,c8fb2de6188aaf1a5aa807869148c89909e1e3450322abaa186b098374ff04af,1179,2676,,,bytescale.mobbin.com,f7a1807c1ac98ccf0eecf5078d61346ac9a94ca37a547f5708d580528c9e55c0,/Users/user/mobbin-sides/screen-flows/apple-store/056-apple-store-saves-5277e8a9-6685-4568-865c-a838db74a9d0/002-b9885ab8-b086-4539-a516-63608687a152-downloadableSrc-c8fb2de6188a.webp
5277e8a9-6685-4568-865c-a838db74a9d0,Saves,c398e404-cbd4-4f86-8a89-18e36b882319,Apple Store,2c15abd3-2aec-4a0c-bee8-f81995702a6a,2,3,bb7dacaf-a4fc-4192-ac44-3ba0965ec4a1,true,downloadableSrc,200,image/webp,76428,76428,d29637e5c7e158cd8b5481e73eb8f347cec72bc5a3411504ca90122b8d789702,1179,2676,,,bytescale.mobbin.com,f7a1807c1ac98ccf0eecf5078d61346ac9a94ca37a547f5708d580528c9e55c0,/Users/user/mobbin-sides/screen-flows/apple-store/056-apple-store-saves-5277e8a9-6685-4568-865c-a838db74a9d0/003-bb7dacaf-a4fc-4192-ac44-3ba0965ec4a1-downloadableSrc-d29637e5c7e1.webp
f5e7de93-829a-4a49-bf39-69707dd72b22,Primary payment,c398e404-cbd4-4f86-8a89-18e36b882319,Apple Store,2c15abd3-2aec-4a0c-bee8-f81995702a6a,0,1,f4069986-9e60-4a78-aef7-61b04d56f5c6,true,downloadableSrc,200,image/webp,50232,50232,998211cfe29ebe11412b33f986ee5ff6fc1520af7f324603c3036c91a2fae575,1179,2676,,,bytescale.mobbin.com,f7a1807c1ac98ccf0eecf5078d61346ac9a94ca37a547f5708d580528c9e55c0,/Users/user/mobbin-sides/screen-flows/apple-store/057-apple-store-primary-payment-f5e7de93-829a-4a49-bf39-69707dd72b22/001-f4069986-9e60-4a78-aef7-61b04d56f5c6-downloadableSrc-998211cfe29e.webp
f5e7de93-829a-4a49-bf39-69707dd72b22,Primary payment,c398e404-cbd4-4f86-8a89-18e36b882319,Apple Store,2c15abd3-2aec-4a0c-bee8-f81995702a6a,1,2,73ec28fb-a5ea-492d-abc4-0e83690e9b55,true,downloadableSrc,200,image/webp,69652,69652,db9c074cc234a222c92cc3f0c309f98bece0bd2874914c6ef16a585fb802312f,1179,2676,,,bytescale.mobbin.com,f7a1807c1ac98ccf0eecf5078d61346ac9a94ca37a547f5708d580528c9e55c0,/Users/user/mobbin-sides/screen-flows/apple-store/057-apple-store-primary-payment-f5e7de93-829a-4a49-bf39-69707dd72b22/002-73ec28fb-a5ea-492d-abc4-0e83690e9b55-downloadableSrc-db9c074cc234.webp
f5e7de93-829a-4a49-bf39-69707dd72b22,Primary payment,c398e404-cbd4-4f86-8a89-18e36b882319,Apple Store,2c15abd3-2aec-4a0c-bee8-f81995702a6a,2,3,c99ea4f5-c9db-48d1-a8ef-f047d8a2aa1f,true,downloadableSrc,200,image/webp,80484,80484,59292feff4dd7c8094054885549db1de579f5ae966b827e29c2a97a084cf09ed,1179,2676,,,bytescale.mobbin.com,f7a1807c1ac98ccf0eecf5078d61346ac9a94ca37a547f5708d580528c9e55c0,/Users/user/mobbin-sides/screen-flows/apple-store/057-apple-store-primary-payment-f5e7de93-829a-4a49-bf39-69707dd72b22/003-c99ea4f5-c9db-48d1-a8ef-f047d8a2aa1f-downloadableSrc-59292feff4dd.webp
b48ce2e0-0c7e-404b-9d31-f79930bc7a6c,Adding an address,c398e404-cbd4-4f86-8a89-18e36b882319,Apple Store,2c15abd3-2aec-4a0c-bee8-f81995702a6a,0,1,7011deca-2fc7-42ae-99e2-f9e30febf298,true,downloadableSrc,200,image/webp,78070,78070,1299a4d77a2e352e5950fa40a503765e10f13a3d69e49617b7701cb4842997b6,1179,2676,,,bytescale.mobbin.com,f7a1807c1ac98ccf0eecf5078d61346ac9a94ca37a547f5708d580528c9e55c0,/Users/user/mobbin-sides/screen-flows/apple-store/058-apple-store-adding-an-address-b48ce2e0-0c7e-404b-9d31-f79930bc7a6c/001-7011deca-2fc7-42ae-99e2-f9e30febf298-downloadableSrc-1299a4d77a2e.webp
b48ce2e0-0c7e-404b-9d31-f79930bc7a6c,Adding an address,c398e404-cbd4-4f86-8a89-18e36b882319,Apple Store,2c15abd3-2aec-4a0c-bee8-f81995702a6a,1,2,eb41e04e-6eec-40b3-bb0e-3ad13390b95d,true,downloadableSrc,200,image/webp,77926,77926,caccb75c8898225d3fd8a00e333df02bebd68bcf9efc654e565d4ee404ceda8c,1179,2676,,,bytescale.mobbin.com,f7a1807c1ac98ccf0eecf5078d61346ac9a94ca37a547f5708d580528c9e55c0,/Users/user/mobbin-sides/screen-flows/apple-store/058-apple-store-adding-an-address-b48ce2e0-0c7e-404b-9d31-f79930bc7a6c/002-eb41e04e-6eec-40b3-bb0e-3ad13390b95d-downloadableSrc-caccb75c8898.webp
b48ce2e0-0c7e-404b-9d31-f79930bc7a6c,Adding an address,c398e404-cbd4-4f86-8a89-18e36b882319,Apple Store,2c15abd3-2aec-4a0c-bee8-f81995702a6a,2,3,bd5aa381-2e23-4b17-aef0-434758d238b5,true,downloadableSrc,200,image/webp,71604,71604,a031c29d03b7274b4294824f6c72edc1bee137d92c7f12da4497476ec7377194,1179,2676,,,bytescale.mobbin.com,f7a1807c1ac98ccf0eecf5078d61346ac9a94ca37a547f5708d580528c9e55c0,/Users/user/mobbin-sides/screen-flows/apple-store/058-apple-store-adding-an-address-b48ce2e0-0c7e-404b-9d31-f79930bc7a6c/003-bd5aa381-2e23-4b17-aef0-434758d238b5-downloadableSrc-a031c29d03b7.webp
b48ce2e0-0c7e-404b-9d31-f79930bc7a6c,Adding an address,c398e404-cbd4-4f86-8a89-18e36b882319,Apple Store,2c15abd3-2aec-4a0c-bee8-f81995702a6a,3,4,3ea4fccc-7e79-48f7-9a4c-6fac9d2716d2,true,downloadableSrc,200,image/webp,81272,81272,cf848fd7f12bd1d712dcec7a7660a5bdd77247f3a666faf92e312d8c348aa150,1179,2676,,,bytescale.mobbin.com,f7a1807c1ac98ccf0eecf5078d61346ac9a94ca37a547f5708d580528c9e55c0,/Users/user/mobbin-sides/screen-flows/apple-store/058-apple-store-adding-an-address-b48ce2e0-0c7e-404b-9d31-f79930bc7a6c/004-3ea4fccc-7e79-48f7-9a4c-6fac9d2716d2-downloadableSrc-cf848fd7f12b.webp
b48ce2e0-0c7e-404b-9d31-f79930bc7a6c,Adding an address,c398e404-cbd4-4f86-8a89-18e36b882319,Apple Store,2c15abd3-2aec-4a0c-bee8-f81995702a6a,4,5,f4069986-9e60-4a78-aef7-61b04d56f5c6,true,downloadableSrc,200,image/webp,50232,50232,998211cfe29ebe11412b33f986ee5ff6fc1520af7f324603c3036c91a2fae575,1179,2676,,,bytescale.mobbin.com,f7a1807c1ac98ccf0eecf5078d61346ac9a94ca37a547f5708d580528c9e55c0,/Users/user/mobbin-sides/screen-flows/apple-store/058-apple-store-adding-an-address-b48ce2e0-0c7e-404b-9d31-f79930bc7a6c/005-f4069986-9e60-4a78-aef7-61b04d56f5c6-downloadableSrc-998211cfe29e.webp
3394b906-5692-4b55-8a53-b0879f41c8f2,Manage balance,c398e404-cbd4-4f86-8a89-18e36b882319,Apple Store,2c15abd3-2aec-4a0c-bee8-f81995702a6a,0,1,7011deca-2fc7-42ae-99e2-f9e30febf298,true,downloadableSrc,200,image/webp,78070,78070,1299a4d77a2e352e5950fa40a503765e10f13a3d69e49617b7701cb4842997b6,1179,2676,,,bytescale.mobbin.com,f7a1807c1ac98ccf0eecf5078d61346ac9a94ca37a547f5708d580528c9e55c0,/Users/user/mobbin-sides/screen-flows/apple-store/059-apple-store-manage-balance-3394b906-5692-4b55-8a53-b0879f41c8f2/001-7011deca-2fc7-42ae-99e2-f9e30febf298-downloadableSrc-1299a4d77a2e.webp
3394b906-5692-4b55-8a53-b0879f41c8f2,Manage balance,c398e404-cbd4-4f86-8a89-18e36b882319,Apple Store,2c15abd3-2aec-4a0c-bee8-f81995702a6a,1,2,39050565-14a1-4d9b-82fa-4d2072b6ac02,true,downloadableSrc,200,image/webp,50280,50280,26ac2785eba7cb4ea89c192d9213d49cd0ef05acc78ec0263abbc031fc34283c,1179,2676,,,bytescale.mobbin.com,f7a1807c1ac98ccf0eecf5078d61346ac9a94ca37a547f5708d580528c9e55c0,/Users/user/mobbin-sides/screen-flows/apple-store/059-apple-store-manage-balance-3394b906-5692-4b55-8a53-b0879f41c8f2/002-39050565-14a1-4d9b-82fa-4d2072b6ac02-downloadableSrc-26ac2785eba7.webp
39b2d61c-fd78-4ee0-a059-5a9ed9c7adde,Receipts,c398e404-cbd4-4f86-8a89-18e36b882319,Apple Store,2c15abd3-2aec-4a0c-bee8-f81995702a6a,0,1,7011deca-2fc7-42ae-99e2-f9e30febf298,true,downloadableSrc,200,image/webp,78070,78070,1299a4d77a2e352e5950fa40a503765e10f13a3d69e49617b7701cb4842997b6,1179,2676,,,bytescale.mobbin.com,f7a1807c1ac98ccf0eecf5078d61346ac9a94ca37a547f5708d580528c9e55c0,/Users/user/mobbin-sides/screen-flows/apple-store/060-apple-store-receipts-39b2d61c-fd78-4ee0-a059-5a9ed9c7adde/001-7011deca-2fc7-42ae-99e2-f9e30febf298-downloadableSrc-1299a4d77a2e.webp
39b2d61c-fd78-4ee0-a059-5a9ed9c7adde,Receipts,c398e404-cbd4-4f86-8a89-18e36b882319,Apple Store,2c15abd3-2aec-4a0c-bee8-f81995702a6a,1,2,54f62e09-67c3-4ad2-be52-aa8a3a587db5,true,downloadableSrc,200,image/webp,33228,33228,95b8c4f68a6d2c62af7e3e5b6c65467be49be71a325182433d3f8b8fe8ae3f63,1179,2676,,,bytescale.mobbin.com,f7a1807c1ac98ccf0eecf5078d61346ac9a94ca37a547f5708d580528c9e55c0,/Users/user/mobbin-sides/screen-flows/apple-store/060-apple-store-receipts-39b2d61c-fd78-4ee0-a059-5a9ed9c7adde/002-54f62e09-67c3-4ad2-be52-aa8a3a587db5-downloadableSrc-95b8c4f68a6d.webp
b16513c2-5711-4b46-952e-28660a35fba8,Giving feedback,c398e404-cbd4-4f86-8a89-18e36b882319,Apple Store,2c15abd3-2aec-4a0c-bee8-f81995702a6a,0,1,7011deca-2fc7-42ae-99e2-f9e30febf298,true,downloadableSrc,200,image/webp,78070,78070,1299a4d77a2e352e5950fa40a503765e10f13a3d69e49617b7701cb4842997b6,1179,2676,,,bytescale.mobbin.com,f7a1807c1ac98ccf0eecf5078d61346ac9a94ca37a547f5708d580528c9e55c0,/Users/user/mobbin-sides/screen-flows/apple-store/061-apple-store-giving-feedback-b16513c2-5711-4b46-952e-28660a35fba8/001-7011deca-2fc7-42ae-99e2-f9e30febf298-downloadableSrc-1299a4d77a2e.webp
b16513c2-5711-4b46-952e-28660a35fba8,Giving feedback,c398e404-cbd4-4f86-8a89-18e36b882319,Apple Store,2c15abd3-2aec-4a0c-bee8-f81995702a6a,1,2,11e57505-28cc-4755-9625-c4b9cb065e0d,true,downloadableSrc,200,image/webp,38222,38222,43c48121ed0845b2c8c96375cce2141973ca691c13614a46beb2a6ecd8279b87,1179,2676,,,bytescale.mobbin.com,f7a1807c1ac98ccf0eecf5078d61346ac9a94ca37a547f5708d580528c9e55c0,/Users/user/mobbin-sides/screen-flows/apple-store/061-apple-store-giving-feedback-b16513c2-5711-4b46-952e-28660a35fba8/002-11e57505-28cc-4755-9625-c4b9cb065e0d-downloadableSrc-43c48121ed08.webp
b16513c2-5711-4b46-952e-28660a35fba8,Giving feedback,c398e404-cbd4-4f86-8a89-18e36b882319,Apple Store,2c15abd3-2aec-4a0c-bee8-f81995702a6a,2,3,7ad4ef6d-3947-427c-bd4e-aec718a134f4,true,downloadableSrc,200,image/webp,103994,103994,7a50e49afb2e4548f48d7fde48f30d74cc747e70d1753c6a1fa5af3277a61043,1179,2676,,,bytescale.mobbin.com,f7a1807c1ac98ccf0eecf5078d61346ac9a94ca37a547f5708d580528c9e55c0,/Users/user/mobbin-sides/screen-flows/apple-store/061-apple-store-giving-feedback-b16513c2-5711-4b46-952e-28660a35fba8/003-7ad4ef6d-3947-427c-bd4e-aec718a134f4-downloadableSrc-7a50e49afb2e.webp
b16513c2-5711-4b46-952e-28660a35fba8,Giving feedback,c398e404-cbd4-4f86-8a89-18e36b882319,Apple Store,2c15abd3-2aec-4a0c-bee8-f81995702a6a,3,4,e36ed311-6298-4b47-80c3-3064c307e899,true,downloadableSrc,200,image/webp,104458,104458,b51a1e05108662890f8022e0a349ad664ad487d57b11fe65d3fa0585a289ce96,1179,2676,,,bytescale.mobbin.com,f7a1807c1ac98ccf0eecf5078d61346ac9a94ca37a547f5708d580528c9e55c0,/Users/user/mobbin-sides/screen-flows/apple-store/061-apple-store-giving-feedback-b16513c2-5711-4b46-952e-28660a35fba8/004-e36ed311-6298-4b47-80c3-3064c307e899-downloadableSrc-b51a1e051086.webp
b16513c2-5711-4b46-952e-28660a35fba8,Giving feedback,c398e404-cbd4-4f86-8a89-18e36b882319,Apple Store,2c15abd3-2aec-4a0c-bee8-f81995702a6a,4,5,f449ad5e-4dd4-4be3-a51a-74fe7ef2b127,true,downloadableSrc,200,image/webp,84388,84388,9c938ffe9793c0ea7d14251ed23a0bead08fa102e994280c820f41b47f4116b0,1179,2676,,,bytescale.mobbin.com,f7a1807c1ac98ccf0eecf5078d61346ac9a94ca37a547f5708d580528c9e55c0,/Users/user/mobbin-sides/screen-flows/apple-store/061-apple-store-giving-feedback-b16513c2-5711-4b46-952e-28660a35fba8/005-f449ad5e-4dd4-4be3-a51a-74fe7ef2b127-downloadableSrc-9c938ffe9793.webp
b16513c2-5711-4b46-952e-28660a35fba8,Giving feedback,c398e404-cbd4-4f86-8a89-18e36b882319,Apple Store,2c15abd3-2aec-4a0c-bee8-f81995702a6a,5,6,46908a1c-7f59-462f-bece-8e787e5f0e4e,true,downloadableSrc,200,image/webp,84964,84964,a951c9e464efc783b54fef61486d8edd560ec2e9aab88c68519499bca6f49242,1179,2676,,,bytescale.mobbin.com,f7a1807c1ac98ccf0eecf5078d61346ac9a94ca37a547f5708d580528c9e55c0,/Users/user/mobbin-sides/screen-flows/apple-store/061-apple-store-giving-feedback-b16513c2-5711-4b46-952e-28660a35fba8/006-46908a1c-7f59-462f-bece-8e787e5f0e4e-downloadableSrc-a951c9e464ef.webp
b16513c2-5711-4b46-952e-28660a35fba8,Giving feedback,c398e404-cbd4-4f86-8a89-18e36b882319,Apple Store,2c15abd3-2aec-4a0c-bee8-f81995702a6a,6,7,572ee58b-fae4-45bd-b8e2-7cc78823ae0c,true,downloadableSrc,200,image/webp,85092,85092,67ee203a53ef4c25f55d8ebd1c0aabdfe3238d6edf8ef80b71e641fee453c118,1179,2676,,,bytescale.mobbin.com,f7a1807c1ac98ccf0eecf5078d61346ac9a94ca37a547f5708d580528c9e55c0,/Users/user/mobbin-sides/screen-flows/apple-store/061-apple-store-giving-feedback-b16513c2-5711-4b46-952e-28660a35fba8/007-572ee58b-fae4-45bd-b8e2-7cc78823ae0c-downloadableSrc-67ee203a53ef.webp
b16513c2-5711-4b46-952e-28660a35fba8,Giving feedback,c398e404-cbd4-4f86-8a89-18e36b882319,Apple Store,2c15abd3-2aec-4a0c-bee8-f81995702a6a,7,8,9b8735d1-1a08-42f5-b14a-1c9fcd50b4a7,true,downloadableSrc,200,image/webp,74420,74420,e51afc8eeb7ec4dc1314fce77823773d2280a2125f6ac46f29ab2be8c17abdaa,1179,2676,,,bytescale.mobbin.com,f7a1807c1ac98ccf0eecf5078d61346ac9a94ca37a547f5708d580528c9e55c0,/Users/user/mobbin-sides/screen-flows/apple-store/061-apple-store-giving-feedback-b16513c2-5711-4b46-952e-28660a35fba8/008-9b8735d1-1a08-42f5-b14a-1c9fcd50b4a7-downloadableSrc-e51afc8eeb7e.webp
b16513c2-5711-4b46-952e-28660a35fba8,Giving feedback,c398e404-cbd4-4f86-8a89-18e36b882319,Apple Store,2c15abd3-2aec-4a0c-bee8-f81995702a6a,8,9,cfce2ce5-9286-4f4d-bdb7-1b45f2731a05,true,downloadableSrc,200,image/webp,79312,79312,a0aef8695bbde33a20a3384cce98652df264c7e9a6a1e38d1a8053dde4250302,1179,2676,,,bytescale.mobbin.com,f7a1807c1ac98ccf0eecf5078d61346ac9a94ca37a547f5708d580528c9e55c0,/Users/user/mobbin-sides/screen-flows/apple-store/061-apple-store-giving-feedback-b16513c2-5711-4b46-952e-28660a35fba8/009-cfce2ce5-9286-4f4d-bdb7-1b45f2731a05-downloadableSrc-a0aef8695bbd.webp
b16513c2-5711-4b46-952e-28660a35fba8,Giving feedback,c398e404-cbd4-4f86-8a89-18e36b882319,Apple Store,2c15abd3-2aec-4a0c-bee8-f81995702a6a,9,10,770bcf2b-3454-4502-8016-89ba7070f10b,true,downloadableSrc,200,image/webp,50860,50860,c17986045a0be237ad1a43a88c26f24582cbfff5975cce8f857915d1c12cd86a,1179,2676,,,bytescale.mobbin.com,f7a1807c1ac98ccf0eecf5078d61346ac9a94ca37a547f5708d580528c9e55c0,/Users/user/mobbin-sides/screen-flows/apple-store/061-apple-store-giving-feedback-b16513c2-5711-4b46-952e-28660a35fba8/010-770bcf2b-3454-4502-8016-89ba7070f10b-downloadableSrc-c17986045a0b.webp
55a5ebbd-2723-4a22-8484-e7cde861b9d9,Changing country/region,c398e404-cbd4-4f86-8a89-18e36b882319,Apple Store,2c15abd3-2aec-4a0c-bee8-f81995702a6a,0,1,7011deca-2fc7-42ae-99e2-f9e30febf298,true,downloadableSrc,200,image/webp,78070,78070,1299a4d77a2e352e5950fa40a503765e10f13a3d69e49617b7701cb4842997b6,1179,2676,,,bytescale.mobbin.com,f7a1807c1ac98ccf0eecf5078d61346ac9a94ca37a547f5708d580528c9e55c0,/Users/user/mobbin-sides/screen-flows/apple-store/062-apple-store-changing-country-region-55a5ebbd-2723-4a22-8484-e7cde861b9d9/001-7011deca-2fc7-42ae-99e2-f9e30febf298-downloadableSrc-1299a4d77a2e.webp
55a5ebbd-2723-4a22-8484-e7cde861b9d9,Changing country/region,c398e404-cbd4-4f86-8a89-18e36b882319,Apple Store,2c15abd3-2aec-4a0c-bee8-f81995702a6a,1,2,bbf7938d-3a6d-4621-966b-7f7d7e1fc6b8,true,downloadableSrc,200,image/webp,105748,105748,06ef3248beac61ecea9230cd4da787996d243bb865238ca8d5f53dc6c2914a17,1179,2676,,,bytescale.mobbin.com,f7a1807c1ac98ccf0eecf5078d61346ac9a94ca37a547f5708d580528c9e55c0,/Users/user/mobbin-sides/screen-flows/apple-store/062-apple-store-changing-country-region-55a5ebbd-2723-4a22-8484-e7cde861b9d9/002-bbf7938d-3a6d-4621-966b-7f7d7e1fc6b8-downloadableSrc-06ef3248beac.webp
55a5ebbd-2723-4a22-8484-e7cde861b9d9,Changing country/region,c398e404-cbd4-4f86-8a89-18e36b882319,Apple Store,2c15abd3-2aec-4a0c-bee8-f81995702a6a,2,3,69e0fb2f-99db-4a70-9bba-cb38f78183e1,true,downloadableSrc,200,image/webp,103316,103316,bddb79ad82fa6c139c24f00f9b4f2771c31b9aef770eaae793e44134cce3b0a1,1179,2676,,,bytescale.mobbin.com,f7a1807c1ac98ccf0eecf5078d61346ac9a94ca37a547f5708d580528c9e55c0,/Users/user/mobbin-sides/screen-flows/apple-store/062-apple-store-changing-country-region-55a5ebbd-2723-4a22-8484-e7cde861b9d9/003-69e0fb2f-99db-4a70-9bba-cb38f78183e1-downloadableSrc-bddb79ad82fa.webp
55a5ebbd-2723-4a22-8484-e7cde861b9d9,Changing country/region,c398e404-cbd4-4f86-8a89-18e36b882319,Apple Store,2c15abd3-2aec-4a0c-bee8-f81995702a6a,3,4,8943fbd1-7515-45e0-bb0e-e6994a41611a,true,downloadableSrc,200,image/webp,51516,51516,3d33b552b49fb3fab0452c95119d8ca8725b16b8a0a3e5428f41d675572bb4d5,1179,2676,,,bytescale.mobbin.com,f7a1807c1ac98ccf0eecf5078d61346ac9a94ca37a547f5708d580528c9e55c0,/Users/user/mobbin-sides/screen-flows/apple-store/062-apple-store-changing-country-region-55a5ebbd-2723-4a22-8484-e7cde861b9d9/004-8943fbd1-7515-45e0-bb0e-e6994a41611a-downloadableSrc-3d33b552b49f.webp
55a5ebbd-2723-4a22-8484-e7cde861b9d9,Changing country/region,c398e404-cbd4-4f86-8a89-18e36b882319,Apple Store,2c15abd3-2aec-4a0c-bee8-f81995702a6a,4,5,487c7f4c-9913-4ea6-875a-42f63cb796cb,true,downloadableSrc,200,image/webp,53674,53674,23f7501c5d77061db217d2f4400c0934f37bc672544069c1fd19f3aa402954f7,1179,2676,,,bytescale.mobbin.com,f7a1807c1ac98ccf0eecf5078d61346ac9a94ca37a547f5708d580528c9e55c0,/Users/user/mobbin-sides/screen-flows/apple-store/062-apple-store-changing-country-region-55a5ebbd-2723-4a22-8484-e7cde861b9d9/005-487c7f4c-9913-4ea6-875a-42f63cb796cb-downloadableSrc-23f7501c5d77.webp
55a5ebbd-2723-4a22-8484-e7cde861b9d9,Changing country/region,c398e404-cbd4-4f86-8a89-18e36b882319,Apple Store,2c15abd3-2aec-4a0c-bee8-f81995702a6a,5,6,1a81e67f-d88f-460f-99d7-e900e8ab0c14,true,downloadableSrc,200,image/webp,58454,58454,9e331392047909b625239bf31636d2c62aa71b7d3a64e53e93c74d2a0990434a,1179,2676,,,bytescale.mobbin.com,f7a1807c1ac98ccf0eecf5078d61346ac9a94ca37a547f5708d580528c9e55c0,/Users/user/mobbin-sides/screen-flows/apple-store/062-apple-store-changing-country-region-55a5ebbd-2723-4a22-8484-e7cde861b9d9/006-1a81e67f-d88f-460f-99d7-e900e8ab0c14-downloadableSrc-9e3313920479.webp
55a5ebbd-2723-4a22-8484-e7cde861b9d9,Changing country/region,c398e404-cbd4-4f86-8a89-18e36b882319,Apple Store,2c15abd3-2aec-4a0c-bee8-f81995702a6a,6,7,097a12b1-f3a1-4046-b59b-9fa3ddae9d86,true,downloadableSrc,200,image/webp,119478,119478,01a3a869589d0eaf8a5c715f5796e48ef4e52f315f05f4e703add1eb54a39978,1179,2676,,,bytescale.mobbin.com,f7a1807c1ac98ccf0eecf5078d61346ac9a94ca37a547f5708d580528c9e55c0,/Users/user/mobbin-sides/screen-flows/apple-store/062-apple-store-changing-country-region-55a5ebbd-2723-4a22-8484-e7cde861b9d9/007-097a12b1-f3a1-4046-b59b-9fa3ddae9d86-downloadableSrc-01a3a869589d.webp
80073d5d-da65-496d-a639-171e423aefd9,Get help,c398e404-cbd4-4f86-8a89-18e36b882319,Apple Store,2c15abd3-2aec-4a0c-bee8-f81995702a6a,0,1,7011deca-2fc7-42ae-99e2-f9e30febf298,true,downloadableSrc,200,image/webp,78070,78070,1299a4d77a2e352e5950fa40a503765e10f13a3d69e49617b7701cb4842997b6,1179,2676,,,bytescale.mobbin.com,f7a1807c1ac98ccf0eecf5078d61346ac9a94ca37a547f5708d580528c9e55c0,/Users/user/mobbin-sides/screen-flows/apple-store/063-apple-store-get-help-80073d5d-da65-496d-a639-171e423aefd9/001-7011deca-2fc7-42ae-99e2-f9e30febf298-downloadableSrc-1299a4d77a2e.webp
80073d5d-da65-496d-a639-171e423aefd9,Get help,c398e404-cbd4-4f86-8a89-18e36b882319,Apple Store,2c15abd3-2aec-4a0c-bee8-f81995702a6a,1,2,006b6f78-d119-4e5a-b0b7-6bde00f7d54c,true,downloadableSrc,200,image/webp,59200,59200,f90a1cde93d88b440fb26229cba3e89587cadc5d892f9c15a7c8d06d94bab57a,1179,2676,,,bytescale.mobbin.com,f7a1807c1ac98ccf0eecf5078d61346ac9a94ca37a547f5708d580528c9e55c0,/Users/user/mobbin-sides/screen-flows/apple-store/063-apple-store-get-help-80073d5d-da65-496d-a639-171e423aefd9/002-006b6f78-d119-4e5a-b0b7-6bde00f7d54c-downloadableSrc-f90a1cde93d8.webp
