flowId,flowName,appId,appName,appVersionId,order,index,screenId,restricted,descriptor,status,contentType,contentLengthHeader,bytes,sha256,width,height,declaredWidth,declaredHeight,urlHost,urlPathHash,savedPath
ac25a65c-a463-47cd-a20b-d5d29c4db999,Onboarding,03eab082-d557-423b-92f8-797b18bc1f36,Nike,f1257fae-f105-498b-8a5c-92f9c2e2b5b0,0,1,c8893a93-e4e0-40ea-a6fe-2fe8b2982933,false,downloadableSrc,200,image/webp,12500,12500,cf99d389be7d419a2c72e99b0de04b8774bfdfd8dec53c87f78c0ce76ed44d28,1179,2676,,,bytescale.mobbin.com,f7a1807c1ac98ccf0eecf5078d61346ac9a94ca37a547f5708d580528c9e55c0,/Users/user/mobbin-sides/screen-flows/nike/001-nike-onboarding-ac25a65c-a463-47cd-a20b-d5d29c4db999/001-c8893a93-e4e0-40ea-a6fe-2fe8b2982933-downloadableSrc-cf99d389be7d.webp
ac25a65c-a463-47cd-a20b-d5d29c4db999,Onboarding,03eab082-d557-423b-92f8-797b18bc1f36,Nike,f1257fae-f105-498b-8a5c-92f9c2e2b5b0,1,2,51edd10a-5348-4cfc-9827-11e1c680a525,false,downloadableSrc,200,image/webp,12862,12862,760d986cf821f5f617d9597256ec169c17182303e5e9c3324d843fc2160f8a6b,1179,2676,,,bytescale.mobbin.com,f7a1807c1ac98ccf0eecf5078d61346ac9a94ca37a547f5708d580528c9e55c0,/Users/user/mobbin-sides/screen-flows/nike/001-nike-onboarding-ac25a65c-a463-47cd-a20b-d5d29c4db999/002-51edd10a-5348-4cfc-9827-11e1c680a525-downloadableSrc-760d986cf821.webp
ac25a65c-a463-47cd-a20b-d5d29c4db999,Onboarding,03eab082-d557-423b-92f8-797b18bc1f36,Nike,f1257fae-f105-498b-8a5c-92f9c2e2b5b0,2,3,7a4ec0d6-cef2-44ed-add3-f8bd40db2924,false,downloadableSrc,200,image/webp,91416,91416,7ddf6afb6c63aef0e588ad46e1e440c2a06edc62703fa579e91bd2c521271dc8,1179,2676,,,bytescale.mobbin.com,f7a1807c1ac98ccf0eecf5078d61346ac9a94ca37a547f5708d580528c9e55c0,/Users/user/mobbin-sides/screen-flows/nike/001-nike-onboarding-ac25a65c-a463-47cd-a20b-d5d29c4db999/003-7a4ec0d6-cef2-44ed-add3-f8bd40db2924-downloadableSrc-7ddf6afb6c63.webp
ac25a65c-a463-47cd-a20b-d5d29c4db999,Onboarding,03eab082-d557-423b-92f8-797b18bc1f36,Nike,f1257fae-f105-498b-8a5c-92f9c2e2b5b0,3,4,3d9b919d-a5c2-4c91-92ca-2983733c0259,false,downloadableSrc,200,image/webp,27874,27874,f43abe0a88af7ce25475d91eefe5d060b5552520d00d2214e498e5d86f2e9a24,1179,2676,,,bytescale.mobbin.com,f7a1807c1ac98ccf0eecf5078d61346ac9a94ca37a547f5708d580528c9e55c0,/Users/user/mobbin-sides/screen-flows/nike/001-nike-onboarding-ac25a65c-a463-47cd-a20b-d5d29c4db999/004-3d9b919d-a5c2-4c91-92ca-2983733c0259-downloadableSrc-f43abe0a88af.webp
ac25a65c-a463-47cd-a20b-d5d29c4db999,Onboarding,03eab082-d557-423b-92f8-797b18bc1f36,Nike,f1257fae-f105-498b-8a5c-92f9c2e2b5b0,4,5,83409f3c-fa61-483e-830e-be31d34a5933,false,downloadableSrc,200,image/webp,147138,147138,345ace8222a6cfd7ae76a547f2d36cc7d43c10d9f1df6687c3d8fc9e2327c9bd,1179,2676,,,bytescale.mobbin.com,f7a1807c1ac98ccf0eecf5078d61346ac9a94ca37a547f5708d580528c9e55c0,/Users/user/mobbin-sides/screen-flows/nike/001-nike-onboarding-ac25a65c-a463-47cd-a20b-d5d29c4db999/005-83409f3c-fa61-483e-830e-be31d34a5933-downloadableSrc-345ace8222a6.webp
ac25a65c-a463-47cd-a20b-d5d29c4db999,Onboarding,03eab082-d557-423b-92f8-797b18bc1f36,Nike,f1257fae-f105-498b-8a5c-92f9c2e2b5b0,5,6,086301bb-6a63-433a-8512-d8e5f323855e,false,downloadableSrc,200,image/webp,52484,52484,bd8cf896dab8f862e9f03b1b107359f25018c2de331634fd55f48a8a20f1624d,1179,2676,,,bytescale.mobbin.com,f7a1807c1ac98ccf0eecf5078d61346ac9a94ca37a547f5708d580528c9e55c0,/Users/user/mobbin-sides/screen-flows/nike/001-nike-onboarding-ac25a65c-a463-47cd-a20b-d5d29c4db999/006-086301bb-6a63-433a-8512-d8e5f323855e-downloadableSrc-bd8cf896dab8.webp
ac25a65c-a463-47cd-a20b-d5d29c4db999,Onboarding,03eab082-d557-423b-92f8-797b18bc1f36,Nike,f1257fae-f105-498b-8a5c-92f9c2e2b5b0,6,7,92f6c817-8988-4f09-8676-947df3a44907,false,downloadableSrc,200,image/webp,58510,58510,6f4d6b2afbaa079278e4f5d70e67ded28049a7f97e1df570a7b1a4f496499f14,1179,2676,,,bytescale.mobbin.com,f7a1807c1ac98ccf0eecf5078d61346ac9a94ca37a547f5708d580528c9e55c0,/Users/user/mobbin-sides/screen-flows/nike/001-nike-onboarding-ac25a65c-a463-47cd-a20b-d5d29c4db999/007-92f6c817-8988-4f09-8676-947df3a44907-downloadableSrc-6f4d6b2afbaa.webp
ac25a65c-a463-47cd-a20b-d5d29c4db999,Onboarding,03eab082-d557-423b-92f8-797b18bc1f36,Nike,f1257fae-f105-498b-8a5c-92f9c2e2b5b0,7,8,04790261-473f-49ff-b33f-1a228304cb29,false,downloadableSrc,200,image/webp,91026,91026,38ced285523ccd5c56194e84fcff53f7dffbb338982551a4501cce86f37dc522,1179,2676,,,bytescale.mobbin.com,f7a1807c1ac98ccf0eecf5078d61346ac9a94ca37a547f5708d580528c9e55c0,/Users/user/mobbin-sides/screen-flows/nike/001-nike-onboarding-ac25a65c-a463-47cd-a20b-d5d29c4db999/008-04790261-473f-49ff-b33f-1a228304cb29-downloadableSrc-38ced285523c.webp
ac25a65c-a463-47cd-a20b-d5d29c4db999,Onboarding,03eab082-d557-423b-92f8-797b18bc1f36,Nike,f1257fae-f105-498b-8a5c-92f9c2e2b5b0,8,9,1255e9c3-4049-4ceb-97f0-4a9cb5bfcb8b,false,downloadableSrc,200,image/webp,93122,93122,9f39249bf892b7a8b3a31269c47956d5e25a2b926951d60da54bbf167b3683d1,1179,2676,,,bytescale.mobbin.com,f7a1807c1ac98ccf0eecf5078d61346ac9a94ca37a547f5708d580528c9e55c0,/Users/user/mobbin-sides/screen-flows/nike/001-nike-onboarding-ac25a65c-a463-47cd-a20b-d5d29c4db999/009-1255e9c3-4049-4ceb-97f0-4a9cb5bfcb8b-downloadableSrc-9f39249bf892.webp
ac25a65c-a463-47cd-a20b-d5d29c4db999,Onboarding,03eab082-d557-423b-92f8-797b18bc1f36,Nike,f1257fae-f105-498b-8a5c-92f9c2e2b5b0,9,10,01b48590-57ea-4b24-8052-76a9307e0fd2,false,downloadableSrc,200,image/webp,77496,77496,29c96fda4f94d3eb477bc5616751b4d0e34d6a548ef07bdf4b9e41a26162cfeb,1179,2676,,,bytescale.mobbin.com,f7a1807c1ac98ccf0eecf5078d61346ac9a94ca37a547f5708d580528c9e55c0,/Users/user/mobbin-sides/screen-flows/nike/001-nike-onboarding-ac25a65c-a463-47cd-a20b-d5d29c4db999/010-01b48590-57ea-4b24-8052-76a9307e0fd2-downloadableSrc-29c96fda4f94.webp
ac25a65c-a463-47cd-a20b-d5d29c4db999,Onboarding,03eab082-d557-423b-92f8-797b18bc1f36,Nike,f1257fae-f105-498b-8a5c-92f9c2e2b5b0,10,11,1cce2173-d77f-4630-9471-811487531acb,false,downloadableSrc,200,image/webp,79240,79240,206ca80d0bd503dd7736e24b67622cca47f49bcf072f5d0dc4a65e71bf91c791,1179,2676,,,bytescale.mobbin.com,f7a1807c1ac98ccf0eecf5078d61346ac9a94ca37a547f5708d580528c9e55c0,/Users/user/mobbin-sides/screen-flows/nike/001-nike-onboarding-ac25a65c-a463-47cd-a20b-d5d29c4db999/011-1cce2173-d77f-4630-9471-811487531acb-downloadableSrc-206ca80d0bd5.webp
ac25a65c-a463-47cd-a20b-d5d29c4db999,Onboarding,03eab082-d557-423b-92f8-797b18bc1f36,Nike,f1257fae-f105-498b-8a5c-92f9c2e2b5b0,11,12,23b2baea-08f4-41e6-9ec7-2828029244be,false,downloadableSrc,200,image/webp,42246,42246,3076c3e2cfbd0ce7e344c20785a07cb76fc4507f568a355561c1244c4d5c0654,1179,2676,,,bytescale.mobbin.com,f7a1807c1ac98ccf0eecf5078d61346ac9a94ca37a547f5708d580528c9e55c0,/Users/user/mobbin-sides/screen-flows/nike/001-nike-onboarding-ac25a65c-a463-47cd-a20b-d5d29c4db999/012-23b2baea-08f4-41e6-9ec7-2828029244be-downloadableSrc-3076c3e2cfbd.webp
ac25a65c-a463-47cd-a20b-d5d29c4db999,Onboarding,03eab082-d557-423b-92f8-797b18bc1f36,Nike,f1257fae-f105-498b-8a5c-92f9c2e2b5b0,12,13,cd30ae50-cc3b-4d05-bce5-fcd0dc940be3,false,downloadableSrc,200,image/webp,40760,40760,77d74d26e9241ed70dba2766e21eabb274c451f13700bbc3168c761c4c8e3a06,1179,2676,,,bytescale.mobbin.com,f7a1807c1ac98ccf0eecf5078d61346ac9a94ca37a547f5708d580528c9e55c0,/Users/user/mobbin-sides/screen-flows/nike/001-nike-onboarding-ac25a65c-a463-47cd-a20b-d5d29c4db999/013-cd30ae50-cc3b-4d05-bce5-fcd0dc940be3-downloadableSrc-77d74d26e924.webp
ac25a65c-a463-47cd-a20b-d5d29c4db999,Onboarding,03eab082-d557-423b-92f8-797b18bc1f36,Nike,f1257fae-f105-498b-8a5c-92f9c2e2b5b0,13,14,6eb785dc-202b-433d-afe3-c8689154aed3,false,downloadableSrc,200,image/webp,60334,60334,d4c84784f22a7de792dd5b3fc91067b68121d6e09cc7d489796b857037204d76,1179,2676,,,bytescale.mobbin.com,f7a1807c1ac98ccf0eecf5078d61346ac9a94ca37a547f5708d580528c9e55c0,/Users/user/mobbin-sides/screen-flows/nike/001-nike-onboarding-ac25a65c-a463-47cd-a20b-d5d29c4db999/014-6eb785dc-202b-433d-afe3-c8689154aed3-downloadableSrc-d4c84784f22a.webp
ac25a65c-a463-47cd-a20b-d5d29c4db999,Onboarding,03eab082-d557-423b-92f8-797b18bc1f36,Nike,f1257fae-f105-498b-8a5c-92f9c2e2b5b0,14,15,120cbc5f-668d-4ec5-bf1e-d9c543747095,false,downloadableSrc,200,image/webp,67350,67350,1f7eaef1d5ff3a698f0a09f4809171d504bdb6d14e1caf27001b574aa5725d0c,1179,2676,,,bytescale.mobbin.com,f7a1807c1ac98ccf0eecf5078d61346ac9a94ca37a547f5708d580528c9e55c0,/Users/user/mobbin-sides/screen-flows/nike/001-nike-onboarding-ac25a65c-a463-47cd-a20b-d5d29c4db999/015-120cbc5f-668d-4ec5-bf1e-d9c543747095-downloadableSrc-1f7eaef1d5ff.webp
ac25a65c-a463-47cd-a20b-d5d29c4db999,Onboarding,03eab082-d557-423b-92f8-797b18bc1f36,Nike,f1257fae-f105-498b-8a5c-92f9c2e2b5b0,15,16,c09d285d-739b-4f93-b669-fc901ea33114,false,downloadableSrc,200,image/webp,130688,130688,4553e4e366aa9bd6c56031db22abbc62106cc751dacb811029351ab025e45fd0,1179,2676,,,bytescale.mobbin.com,f7a1807c1ac98ccf0eecf5078d61346ac9a94ca37a547f5708d580528c9e55c0,/Users/user/mobbin-sides/screen-flows/nike/001-nike-onboarding-ac25a65c-a463-47cd-a20b-d5d29c4db999/016-c09d285d-739b-4f93-b669-fc901ea33114-downloadableSrc-4553e4e366aa.webp
ac25a65c-a463-47cd-a20b-d5d29c4db999,Onboarding,03eab082-d557-423b-92f8-797b18bc1f36,Nike,f1257fae-f105-498b-8a5c-92f9c2e2b5b0,16,17,196714b5-529c-402b-8052-f8de33e59b48,false,downloadableSrc,200,image/webp,54206,54206,d640033dd534cd53756dd066d5f28c9a27802fb287b2d416c5105b6565bb50d0,1179,2676,,,bytescale.mobbin.com,f7a1807c1ac98ccf0eecf5078d61346ac9a94ca37a547f5708d580528c9e55c0,/Users/user/mobbin-sides/screen-flows/nike/001-nike-onboarding-ac25a65c-a463-47cd-a20b-d5d29c4db999/017-196714b5-529c-402b-8052-f8de33e59b48-downloadableSrc-d640033dd534.webp
ac25a65c-a463-47cd-a20b-d5d29c4db999,Onboarding,03eab082-d557-423b-92f8-797b18bc1f36,Nike,f1257fae-f105-498b-8a5c-92f9c2e2b5b0,17,18,b953cdad-a95b-4781-9c4c-1de179134195,false,downloadableSrc,200,image/webp,84728,84728,6d28ee40aa54f39f302e3ae479674d6cb39555db631bfd1b17cf1a72b8c564ba,1179,2676,,,bytescale.mobbin.com,f7a1807c1ac98ccf0eecf5078d61346ac9a94ca37a547f5708d580528c9e55c0,/Users/user/mobbin-sides/screen-flows/nike/001-nike-onboarding-ac25a65c-a463-47cd-a20b-d5d29c4db999/018-b953cdad-a95b-4781-9c4c-1de179134195-downloadableSrc-6d28ee40aa54.webp
ac25a65c-a463-47cd-a20b-d5d29c4db999,Onboarding,03eab082-d557-423b-92f8-797b18bc1f36,Nike,f1257fae-f105-498b-8a5c-92f9c2e2b5b0,18,19,6be47a44-7ea2-4e1b-a358-1a815f215fa4,false,downloadableSrc,200,image/webp,89562,89562,43597e36d990851a315fadc730362126bf08133b05d6b686551207f817cf8b98,1179,2676,,,bytescale.mobbin.com,f7a1807c1ac98ccf0eecf5078d61346ac9a94ca37a547f5708d580528c9e55c0,/Users/user/mobbin-sides/screen-flows/nike/001-nike-onboarding-ac25a65c-a463-47cd-a20b-d5d29c4db999/019-6be47a44-7ea2-4e1b-a358-1a815f215fa4-downloadableSrc-43597e36d990.webp
ac25a65c-a463-47cd-a20b-d5d29c4db999,Onboarding,03eab082-d557-423b-92f8-797b18bc1f36,Nike,f1257fae-f105-498b-8a5c-92f9c2e2b5b0,19,20,0e8b2f1f-4357-4e62-ba8e-4d79cec8f73d,false,downloadableSrc,200,image/webp,96188,96188,636e002c08e373c859d3eddf544a4541218749031ea43ba435d269dce0468114,1179,2676,,,bytescale.mobbin.com,f7a1807c1ac98ccf0eecf5078d61346ac9a94ca37a547f5708d580528c9e55c0,/Users/user/mobbin-sides/screen-flows/nike/001-nike-onboarding-ac25a65c-a463-47cd-a20b-d5d29c4db999/020-0e8b2f1f-4357-4e62-ba8e-4d79cec8f73d-downloadableSrc-636e002c08e3.webp
ac25a65c-a463-47cd-a20b-d5d29c4db999,Onboarding,03eab082-d557-423b-92f8-797b18bc1f36,Nike,f1257fae-f105-498b-8a5c-92f9c2e2b5b0,20,21,3175890b-e4dd-4dba-be43-7122beca62ac,false,downloadableSrc,200,image/webp,50992,50992,a82df77f8b01fd3a72d5cec6aa24aed689a66adfe4d0f248b5f768fc7f7da2bb,1179,2676,,,bytescale.mobbin.com,f7a1807c1ac98ccf0eecf5078d61346ac9a94ca37a547f5708d580528c9e55c0,/Users/user/mobbin-sides/screen-flows/nike/001-nike-onboarding-ac25a65c-a463-47cd-a20b-d5d29c4db999/021-3175890b-e4dd-4dba-be43-7122beca62ac-downloadableSrc-a82df77f8b01.webp
ac25a65c-a463-47cd-a20b-d5d29c4db999,Onboarding,03eab082-d557-423b-92f8-797b18bc1f36,Nike,f1257fae-f105-498b-8a5c-92f9c2e2b5b0,21,22,f03d558a-4ddb-4741-a94f-13f0193b335f,false,downloadableSrc,200,image/webp,21458,21458,0935c9766c380a76359e867a4ac521d7b81b780e6edbf0e344baca3e969d8d07,1179,2676,,,bytescale.mobbin.com,f7a1807c1ac98ccf0eecf5078d61346ac9a94ca37a547f5708d580528c9e55c0,/Users/user/mobbin-sides/screen-flows/nike/001-nike-onboarding-ac25a65c-a463-47cd-a20b-d5d29c4db999/022-f03d558a-4ddb-4741-a94f-13f0193b335f-downloadableSrc-0935c9766c38.webp
ac25a65c-a463-47cd-a20b-d5d29c4db999,Onboarding,03eab082-d557-423b-92f8-797b18bc1f36,Nike,f1257fae-f105-498b-8a5c-92f9c2e2b5b0,22,23,2e6a1243-e5bf-4098-800f-50955b4cc144,false,downloadableSrc,200,image/webp,87466,87466,18c4112d971f0f8253e55eeb12931634df3092a41756a4635d6cbde98c3d851b,1179,2676,,,bytescale.mobbin.com,f7a1807c1ac98ccf0eecf5078d61346ac9a94ca37a547f5708d580528c9e55c0,/Users/user/mobbin-sides/screen-flows/nike/001-nike-onboarding-ac25a65c-a463-47cd-a20b-d5d29c4db999/023-2e6a1243-e5bf-4098-800f-50955b4cc144-downloadableSrc-18c4112d971f.webp
ac25a65c-a463-47cd-a20b-d5d29c4db999,Onboarding,03eab082-d557-423b-92f8-797b18bc1f36,Nike,f1257fae-f105-498b-8a5c-92f9c2e2b5b0,23,24,a1dcba67-26f2-41db-99d2-548f50f75204,false,downloadableSrc,200,image/webp,92336,92336,7e3bd1e8092dcd51625ef8013585443dde6eeea03a92225f358ad076464a7251,1179,2676,,,bytescale.mobbin.com,f7a1807c1ac98ccf0eecf5078d61346ac9a94ca37a547f5708d580528c9e55c0,/Users/user/mobbin-sides/screen-flows/nike/001-nike-onboarding-ac25a65c-a463-47cd-a20b-d5d29c4db999/024-a1dcba67-26f2-41db-99d2-548f50f75204-downloadableSrc-7e3bd1e8092d.webp
c93e530a-bd92-4e7f-894a-1e343958ea8a,Home,03eab082-d557-423b-92f8-797b18bc1f36,Nike,f1257fae-f105-498b-8a5c-92f9c2e2b5b0,0,1,a1dcba67-26f2-41db-99d2-548f50f75204,true,downloadableSrc,200,image/webp,92336,92336,7e3bd1e8092dcd51625ef8013585443dde6eeea03a92225f358ad076464a7251,1179,2676,,,bytescale.mobbin.com,f7a1807c1ac98ccf0eecf5078d61346ac9a94ca37a547f5708d580528c9e55c0,/Users/user/mobbin-sides/screen-flows/nike/002-nike-home-c93e530a-bd92-4e7f-894a-1e343958ea8a/001-a1dcba67-26f2-41db-99d2-548f50f75204-downloadableSrc-7e3bd1e8092d.webp
c93e530a-bd92-4e7f-894a-1e343958ea8a,Home,03eab082-d557-423b-92f8-797b18bc1f36,Nike,f1257fae-f105-498b-8a5c-92f9c2e2b5b0,1,2,671efe4a-9d6c-4425-a302-1a36ab1c93fc,true,downloadableSrc,200,image/webp,81152,81152,304c9055ab5b6556f535df5a1a4a2d7a43f7e2f640cbe004b97230dc450ae875,1179,2676,,,bytescale.mobbin.com,f7a1807c1ac98ccf0eecf5078d61346ac9a94ca37a547f5708d580528c9e55c0,/Users/user/mobbin-sides/screen-flows/nike/002-nike-home-c93e530a-bd92-4e7f-894a-1e343958ea8a/002-671efe4a-9d6c-4425-a302-1a36ab1c93fc-downloadableSrc-304c9055ab5b.webp
c93e530a-bd92-4e7f-894a-1e343958ea8a,Home,03eab082-d557-423b-92f8-797b18bc1f36,Nike,f1257fae-f105-498b-8a5c-92f9c2e2b5b0,2,3,8ea0b69c-e7d6-49ee-b2b9-414b4ecda229,true,downloadableSrc,200,image/webp,76808,76808,124002fe36ac378a22ed07a3e4de2d13dd420d024eaadfed00ebdaceabd68152,1179,2676,,,bytescale.mobbin.com,f7a1807c1ac98ccf0eecf5078d61346ac9a94ca37a547f5708d580528c9e55c0,/Users/user/mobbin-sides/screen-flows/nike/002-nike-home-c93e530a-bd92-4e7f-894a-1e343958ea8a/003-8ea0b69c-e7d6-49ee-b2b9-414b4ecda229-downloadableSrc-124002fe36ac.webp
c93e530a-bd92-4e7f-894a-1e343958ea8a,Home,03eab082-d557-423b-92f8-797b18bc1f36,Nike,f1257fae-f105-498b-8a5c-92f9c2e2b5b0,3,4,e5386aaa-080f-45be-9c72-de17e2c33a8f,true,downloadableSrc,200,image/webp,141372,141372,e9723ef581fe3124cd93328a9d17e1f17b5a4800e5ffd7a4f17190ad064e2708,1179,2676,,,bytescale.mobbin.com,f7a1807c1ac98ccf0eecf5078d61346ac9a94ca37a547f5708d580528c9e55c0,/Users/user/mobbin-sides/screen-flows/nike/002-nike-home-c93e530a-bd92-4e7f-894a-1e343958ea8a/004-e5386aaa-080f-45be-9c72-de17e2c33a8f-downloadableSrc-e9723ef581fe.webp
c93e530a-bd92-4e7f-894a-1e343958ea8a,Home,03eab082-d557-423b-92f8-797b18bc1f36,Nike,f1257fae-f105-498b-8a5c-92f9c2e2b5b0,4,5,07c48278-5058-43a6-a377-5c75ba2e95e4,true,downloadableSrc,200,image/webp,82906,82906,f82acfc8703896e589bcb32ff32c7bd0c013c8375443e2fb412a4eb15097e968,1179,2676,,,bytescale.mobbin.com,f7a1807c1ac98ccf0eecf5078d61346ac9a94ca37a547f5708d580528c9e55c0,/Users/user/mobbin-sides/screen-flows/nike/002-nike-home-c93e530a-bd92-4e7f-894a-1e343958ea8a/005-07c48278-5058-43a6-a377-5c75ba2e95e4-downloadableSrc-f82acfc87038.webp
c93e530a-bd92-4e7f-894a-1e343958ea8a,Home,03eab082-d557-423b-92f8-797b18bc1f36,Nike,f1257fae-f105-498b-8a5c-92f9c2e2b5b0,5,6,742e1932-9f05-4bb2-b061-a49b39cf3ae5,true,downloadableSrc,200,image/webp,165462,165462,abb5f146e17dac6cfa806bf756488185e7062240e80f118ca577fe70de0ddd99,1179,2676,,,bytescale.mobbin.com,f7a1807c1ac98ccf0eecf5078d61346ac9a94ca37a547f5708d580528c9e55c0,/Users/user/mobbin-sides/screen-flows/nike/002-nike-home-c93e530a-bd92-4e7f-894a-1e343958ea8a/006-742e1932-9f05-4bb2-b061-a49b39cf3ae5-downloadableSrc-abb5f146e17d.webp
c93e530a-bd92-4e7f-894a-1e343958ea8a,Home,03eab082-d557-423b-92f8-797b18bc1f36,Nike,f1257fae-f105-498b-8a5c-92f9c2e2b5b0,6,7,dfd3442f-360a-461f-9378-e7d1e723d6d6,true,downloadableSrc,200,image/webp,121522,121522,71a0e73a972fef4228eb00aa66b07bbf2fcf1159b7cbe456446a63ce275c2305,1179,2676,,,bytescale.mobbin.com,f7a1807c1ac98ccf0eecf5078d61346ac9a94ca37a547f5708d580528c9e55c0,/Users/user/mobbin-sides/screen-flows/nike/002-nike-home-c93e530a-bd92-4e7f-894a-1e343958ea8a/007-dfd3442f-360a-461f-9378-e7d1e723d6d6-downloadableSrc-71a0e73a972f.webp
cf58c344-41bf-434d-985f-9abede8188b5,Explore a collection,03eab082-d557-423b-92f8-797b18bc1f36,Nike,f1257fae-f105-498b-8a5c-92f9c2e2b5b0,0,1,671efe4a-9d6c-4425-a302-1a36ab1c93fc,true,downloadableSrc,200,image/webp,81152,81152,304c9055ab5b6556f535df5a1a4a2d7a43f7e2f640cbe004b97230dc450ae875,1179,2676,,,bytescale.mobbin.com,f7a1807c1ac98ccf0eecf5078d61346ac9a94ca37a547f5708d580528c9e55c0,/Users/user/mobbin-sides/screen-flows/nike/003-nike-explore-a-collection-cf58c344-41bf-434d-985f-9abede8188b5/001-671efe4a-9d6c-4425-a302-1a36ab1c93fc-downloadableSrc-304c9055ab5b.webp
cf58c344-41bf-434d-985f-9abede8188b5,Explore a collection,03eab082-d557-423b-92f8-797b18bc1f36,Nike,f1257fae-f105-498b-8a5c-92f9c2e2b5b0,1,2,451f592d-50f5-4286-b626-dc844fb73fe3,true,downloadableSrc,200,image/webp,24102,24102,a55cc7a7d3a780acf18717f2036f4e4583a39c5506b7466136d45eed9aa84e66,1179,2676,,,bytescale.mobbin.com,f7a1807c1ac98ccf0eecf5078d61346ac9a94ca37a547f5708d580528c9e55c0,/Users/user/mobbin-sides/screen-flows/nike/003-nike-explore-a-collection-cf58c344-41bf-434d-985f-9abede8188b5/002-451f592d-50f5-4286-b626-dc844fb73fe3-downloadableSrc-a55cc7a7d3a7.webp
cf58c344-41bf-434d-985f-9abede8188b5,Explore a collection,03eab082-d557-423b-92f8-797b18bc1f36,Nike,f1257fae-f105-498b-8a5c-92f9c2e2b5b0,2,3,27361a3b-7d74-4ac1-a9d7-f51618d7f14d,true,downloadableSrc,200,image/webp,97632,97632,0f38d85c78d965e477abed1bb256349b9e8027922ba0bf5b66e164cd651b401e,1179,2676,,,bytescale.mobbin.com,f7a1807c1ac98ccf0eecf5078d61346ac9a94ca37a547f5708d580528c9e55c0,/Users/user/mobbin-sides/screen-flows/nike/003-nike-explore-a-collection-cf58c344-41bf-434d-985f-9abede8188b5/003-27361a3b-7d74-4ac1-a9d7-f51618d7f14d-downloadableSrc-0f38d85c78d9.webp
2f9f9a45-9e63-4973-8090-8a0f9c8bd087,Posts,03eab082-d557-423b-92f8-797b18bc1f36,Nike,f1257fae-f105-498b-8a5c-92f9c2e2b5b0,0,1,07c48278-5058-43a6-a377-5c75ba2e95e4,true,downloadableSrc,200,image/webp,82906,82906,f82acfc8703896e589bcb32ff32c7bd0c013c8375443e2fb412a4eb15097e968,1179,2676,,,bytescale.mobbin.com,f7a1807c1ac98ccf0eecf5078d61346ac9a94ca37a547f5708d580528c9e55c0,/Users/user/mobbin-sides/screen-flows/nike/004-nike-posts-2f9f9a45-9e63-4973-8090-8a0f9c8bd087/001-07c48278-5058-43a6-a377-5c75ba2e95e4-downloadableSrc-f82acfc87038.webp
2f9f9a45-9e63-4973-8090-8a0f9c8bd087,Posts,03eab082-d557-423b-92f8-797b18bc1f36,Nike,f1257fae-f105-498b-8a5c-92f9c2e2b5b0,1,2,8e8c2d2c-2dcb-4c2b-bcb0-e9f7156fb044,true,downloadableSrc,200,image/webp,86466,86466,0bb1712c8b449789db8cc36e5d713064ce8bf8e15dc600c80c3c8e225b829976,1179,2676,,,bytescale.mobbin.com,f7a1807c1ac98ccf0eecf5078d61346ac9a94ca37a547f5708d580528c9e55c0,/Users/user/mobbin-sides/screen-flows/nike/004-nike-posts-2f9f9a45-9e63-4973-8090-8a0f9c8bd087/002-8e8c2d2c-2dcb-4c2b-bcb0-e9f7156fb044-downloadableSrc-0bb1712c8b44.webp
2f9f9a45-9e63-4973-8090-8a0f9c8bd087,Posts,03eab082-d557-423b-92f8-797b18bc1f36,Nike,f1257fae-f105-498b-8a5c-92f9c2e2b5b0,2,3,2a0cc35b-7b62-4842-bdec-d800b2adf279,true,downloadableSrc,200,image/webp,187458,187458,39f96d3a8b2bb474a0d845214a76891f0b5120a48ba66dfb01c2bc45741d6935,1179,2676,,,bytescale.mobbin.com,f7a1807c1ac98ccf0eecf5078d61346ac9a94ca37a547f5708d580528c9e55c0,/Users/user/mobbin-sides/screen-flows/nike/004-nike-posts-2f9f9a45-9e63-4973-8090-8a0f9c8bd087/003-2a0cc35b-7b62-4842-bdec-d800b2adf279-downloadableSrc-39f96d3a8b2b.webp
2f9f9a45-9e63-4973-8090-8a0f9c8bd087,Posts,03eab082-d557-423b-92f8-797b18bc1f36,Nike,f1257fae-f105-498b-8a5c-92f9c2e2b5b0,3,4,35fdf3ee-37f3-457f-9d73-d57145cb2212,true,downloadableSrc,200,image/webp,102930,102930,ce308506cb042140e072ffa7204a456a8814c5727e70ee78685a2b0a0e2b6b22,1179,2676,,,bytescale.mobbin.com,f7a1807c1ac98ccf0eecf5078d61346ac9a94ca37a547f5708d580528c9e55c0,/Users/user/mobbin-sides/screen-flows/nike/004-nike-posts-2f9f9a45-9e63-4973-8090-8a0f9c8bd087/004-35fdf3ee-37f3-457f-9d73-d57145cb2212-downloadableSrc-ce308506cb04.webp
eeeed361-b5bb-4f07-a3c0-172685fa8445,Post detail,03eab082-d557-423b-92f8-797b18bc1f36,Nike,f1257fae-f105-498b-8a5c-92f9c2e2b5b0,0,1,2a0cc35b-7b62-4842-bdec-d800b2adf279,true,downloadableSrc,200,image/webp,187458,187458,39f96d3a8b2bb474a0d845214a76891f0b5120a48ba66dfb01c2bc45741d6935,1179,2676,,,bytescale.mobbin.com,f7a1807c1ac98ccf0eecf5078d61346ac9a94ca37a547f5708d580528c9e55c0,/Users/user/mobbin-sides/screen-flows/nike/005-nike-post-detail-eeeed361-b5bb-4f07-a3c0-172685fa8445/001-2a0cc35b-7b62-4842-bdec-d800b2adf279-downloadableSrc-39f96d3a8b2b.webp
eeeed361-b5bb-4f07-a3c0-172685fa8445,Post detail,03eab082-d557-423b-92f8-797b18bc1f36,Nike,f1257fae-f105-498b-8a5c-92f9c2e2b5b0,1,2,d19b28aa-46ca-41e0-aafc-01d08a75dcc8,true,downloadableSrc,200,image/webp,124886,124886,3a521dffbee47892831e6303860bd3bf90f98f9e25104c5ff1d8aeee8e503233,1179,2676,,,bytescale.mobbin.com,f7a1807c1ac98ccf0eecf5078d61346ac9a94ca37a547f5708d580528c9e55c0,/Users/user/mobbin-sides/screen-flows/nike/005-nike-post-detail-eeeed361-b5bb-4f07-a3c0-172685fa8445/002-d19b28aa-46ca-41e0-aafc-01d08a75dcc8-downloadableSrc-3a521dffbee4.webp
eeeed361-b5bb-4f07-a3c0-172685fa8445,Post detail,03eab082-d557-423b-92f8-797b18bc1f36,Nike,f1257fae-f105-498b-8a5c-92f9c2e2b5b0,2,3,b1cc34c5-570e-4cb8-90da-d7fa1e00c59a,true,downloadableSrc,200,image/webp,108196,108196,516f15f8fbb2c029ed56137dc5f3bc4dd51a55d93dc1258159e859eec10d8b12,1179,2676,,,bytescale.mobbin.com,f7a1807c1ac98ccf0eecf5078d61346ac9a94ca37a547f5708d580528c9e55c0,/Users/user/mobbin-sides/screen-flows/nike/005-nike-post-detail-eeeed361-b5bb-4f07-a3c0-172685fa8445/003-b1cc34c5-570e-4cb8-90da-d7fa1e00c59a-downloadableSrc-516f15f8fbb2.webp
eeeed361-b5bb-4f07-a3c0-172685fa8445,Post detail,03eab082-d557-423b-92f8-797b18bc1f36,Nike,f1257fae-f105-498b-8a5c-92f9c2e2b5b0,3,4,60ade0db-e285-43d4-b645-7f186a0c310e,true,downloadableSrc,200,image/webp,138980,138980,140e2c7cd7ec322655a95acc1daded901cc1d6b6d6b8c7d3c0d48dae260941d0,1179,2676,,,bytescale.mobbin.com,f7a1807c1ac98ccf0eecf5078d61346ac9a94ca37a547f5708d580528c9e55c0,/Users/user/mobbin-sides/screen-flows/nike/005-nike-post-detail-eeeed361-b5bb-4f07-a3c0-172685fa8445/004-60ade0db-e285-43d4-b645-7f186a0c310e-downloadableSrc-140e2c7cd7ec.webp
eeeed361-b5bb-4f07-a3c0-172685fa8445,Post detail,03eab082-d557-423b-92f8-797b18bc1f36,Nike,f1257fae-f105-498b-8a5c-92f9c2e2b5b0,4,5,091ca155-ffdc-40e1-931e-00a860f23b5b,true,downloadableSrc,200,image/webp,65732,65732,88b75bbc65b10956bee8ef31361219fccb8af47f58ca5e528764ecd3bc753735,1179,2676,,,bytescale.mobbin.com,f7a1807c1ac98ccf0eecf5078d61346ac9a94ca37a547f5708d580528c9e55c0,/Users/user/mobbin-sides/screen-flows/nike/005-nike-post-detail-eeeed361-b5bb-4f07-a3c0-172685fa8445/005-091ca155-ffdc-40e1-931e-00a860f23b5b-downloadableSrc-88b75bbc65b1.webp
c4904dcc-1502-4045-9057-ee3bdbddaa41,Commenting on a post,03eab082-d557-423b-92f8-797b18bc1f36,Nike,f1257fae-f105-498b-8a5c-92f9c2e2b5b0,0,1,091ca155-ffdc-40e1-931e-00a860f23b5b,true,downloadableSrc,200,image/webp,65732,65732,88b75bbc65b10956bee8ef31361219fccb8af47f58ca5e528764ecd3bc753735,1179,2676,,,bytescale.mobbin.com,f7a1807c1ac98ccf0eecf5078d61346ac9a94ca37a547f5708d580528c9e55c0,/Users/user/mobbin-sides/screen-flows/nike/006-nike-commenting-on-a-post-c4904dcc-1502-4045-9057-ee3bdbddaa41/001-091ca155-ffdc-40e1-931e-00a860f23b5b-downloadableSrc-88b75bbc65b1.webp
c4904dcc-1502-4045-9057-ee3bdbddaa41,Commenting on a post,03eab082-d557-423b-92f8-797b18bc1f36,Nike,f1257fae-f105-498b-8a5c-92f9c2e2b5b0,1,2,01da5b0f-3296-4c63-bf41-243ae76a32b6,true,downloadableSrc,200,image/webp,52504,52504,2d7f682c1290e942d0b5118f748ef942e827ce04f388968fb033cf344be17b18,1179,2676,,,bytescale.mobbin.com,f7a1807c1ac98ccf0eecf5078d61346ac9a94ca37a547f5708d580528c9e55c0,/Users/user/mobbin-sides/screen-flows/nike/006-nike-commenting-on-a-post-c4904dcc-1502-4045-9057-ee3bdbddaa41/002-01da5b0f-3296-4c63-bf41-243ae76a32b6-downloadableSrc-2d7f682c1290.webp
c4904dcc-1502-4045-9057-ee3bdbddaa41,Commenting on a post,03eab082-d557-423b-92f8-797b18bc1f36,Nike,f1257fae-f105-498b-8a5c-92f9c2e2b5b0,2,3,7cd9cca2-f1d1-49a4-85d5-3766177adcf5,true,downloadableSrc,200,image/webp,53302,53302,e7dc3cff15c87c729c13837af27e3af668fc414403c95b597dd700ca6f8fe376,1179,2676,,,bytescale.mobbin.com,f7a1807c1ac98ccf0eecf5078d61346ac9a94ca37a547f5708d580528c9e55c0,/Users/user/mobbin-sides/screen-flows/nike/006-nike-commenting-on-a-post-c4904dcc-1502-4045-9057-ee3bdbddaa41/003-7cd9cca2-f1d1-49a4-85d5-3766177adcf5-downloadableSrc-e7dc3cff15c8.webp
c4904dcc-1502-4045-9057-ee3bdbddaa41,Commenting on a post,03eab082-d557-423b-92f8-797b18bc1f36,Nike,f1257fae-f105-498b-8a5c-92f9c2e2b5b0,3,4,0e1d5fc4-72a7-44b5-9047-fd046b67dc56,true,downloadableSrc,200,image/webp,43498,43498,ff29942023ad3d81c2fc323109fce7babe0c627bacf56e6c51605fae02b253e4,1179,2676,,,bytescale.mobbin.com,f7a1807c1ac98ccf0eecf5078d61346ac9a94ca37a547f5708d580528c9e55c0,/Users/user/mobbin-sides/screen-flows/nike/006-nike-commenting-on-a-post-c4904dcc-1502-4045-9057-ee3bdbddaa41/004-0e1d5fc4-72a7-44b5-9047-fd046b67dc56-downloadableSrc-ff29942023ad.webp
c4904dcc-1502-4045-9057-ee3bdbddaa41,Commenting on a post,03eab082-d557-423b-92f8-797b18bc1f36,Nike,f1257fae-f105-498b-8a5c-92f9c2e2b5b0,4,5,65178d87-cbb2-4c78-bbc5-467f7fca70ae,true,downloadableSrc,200,image/webp,47308,47308,6242ee6d92e2c57cf48e097fb0af28f32a6f5819ad3062e7ee3485ca4488cbb5,1179,2676,,,bytescale.mobbin.com,f7a1807c1ac98ccf0eecf5078d61346ac9a94ca37a547f5708d580528c9e55c0,/Users/user/mobbin-sides/screen-flows/nike/006-nike-commenting-on-a-post-c4904dcc-1502-4045-9057-ee3bdbddaa41/005-65178d87-cbb2-4c78-bbc5-467f7fca70ae-downloadableSrc-6242ee6d92e2.webp
9f6e7faf-7f30-4e22-9427-7cf9d5dbed55,User profile,03eab082-d557-423b-92f8-797b18bc1f36,Nike,f1257fae-f105-498b-8a5c-92f9c2e2b5b0,0,1,091ca155-ffdc-40e1-931e-00a860f23b5b,true,downloadableSrc,200,image/webp,65732,65732,88b75bbc65b10956bee8ef31361219fccb8af47f58ca5e528764ecd3bc753735,1179,2676,,,bytescale.mobbin.com,f7a1807c1ac98ccf0eecf5078d61346ac9a94ca37a547f5708d580528c9e55c0,/Users/user/mobbin-sides/screen-flows/nike/007-nike-user-profile-9f6e7faf-7f30-4e22-9427-7cf9d5dbed55/001-091ca155-ffdc-40e1-931e-00a860f23b5b-downloadableSrc-88b75bbc65b1.webp
9f6e7faf-7f30-4e22-9427-7cf9d5dbed55,User profile,03eab082-d557-423b-92f8-797b18bc1f36,Nike,f1257fae-f105-498b-8a5c-92f9c2e2b5b0,1,2,83703d8a-3ab7-41bd-b530-0cd672d3f3c7,true,downloadableSrc,200,image/webp,130164,130164,cd6082c60ec450f7bdb7cecde1023558d7feb74ba372b09ec6db5a1679743fb7,1179,2676,,,bytescale.mobbin.com,f7a1807c1ac98ccf0eecf5078d61346ac9a94ca37a547f5708d580528c9e55c0,/Users/user/mobbin-sides/screen-flows/nike/007-nike-user-profile-9f6e7faf-7f30-4e22-9427-7cf9d5dbed55/002-83703d8a-3ab7-41bd-b530-0cd672d3f3c7-downloadableSrc-cd6082c60ec4.webp
a7a2f2ad-b4a7-4b4a-bbcd-f6d295498d91,User page settings,03eab082-d557-423b-92f8-797b18bc1f36,Nike,f1257fae-f105-498b-8a5c-92f9c2e2b5b0,0,1,83703d8a-3ab7-41bd-b530-0cd672d3f3c7,true,downloadableSrc,200,image/webp,130164,130164,cd6082c60ec450f7bdb7cecde1023558d7feb74ba372b09ec6db5a1679743fb7,1179,2676,,,bytescale.mobbin.com,f7a1807c1ac98ccf0eecf5078d61346ac9a94ca37a547f5708d580528c9e55c0,/Users/user/mobbin-sides/screen-flows/nike/008-nike-user-page-settings-a7a2f2ad-b4a7-4b4a-bbcd-f6d295498d91/001-83703d8a-3ab7-41bd-b530-0cd672d3f3c7-downloadableSrc-cd6082c60ec4.webp
a7a2f2ad-b4a7-4b4a-bbcd-f6d295498d91,User page settings,03eab082-d557-423b-92f8-797b18bc1f36,Nike,f1257fae-f105-498b-8a5c-92f9c2e2b5b0,1,2,79b5b9d7-b8fc-462a-9628-9fd040dca63e,true,downloadableSrc,200,image/webp,116742,116742,854e4dcad622499bb813850fe074e1724e7c262605eb8b010b6391058aa1c9d9,1179,2676,,,bytescale.mobbin.com,f7a1807c1ac98ccf0eecf5078d61346ac9a94ca37a547f5708d580528c9e55c0,/Users/user/mobbin-sides/screen-flows/nike/008-nike-user-page-settings-a7a2f2ad-b4a7-4b4a-bbcd-f6d295498d91/002-79b5b9d7-b8fc-462a-9628-9fd040dca63e-downloadableSrc-854e4dcad622.webp
6b07efdd-cf77-43d4-aaf7-7dd7ebae9454,Blocking a user,03eab082-d557-423b-92f8-797b18bc1f36,Nike,f1257fae-f105-498b-8a5c-92f9c2e2b5b0,0,1,79b5b9d7-b8fc-462a-9628-9fd040dca63e,true,downloadableSrc,200,image/webp,116742,116742,854e4dcad622499bb813850fe074e1724e7c262605eb8b010b6391058aa1c9d9,1179,2676,,,bytescale.mobbin.com,f7a1807c1ac98ccf0eecf5078d61346ac9a94ca37a547f5708d580528c9e55c0,/Users/user/mobbin-sides/screen-flows/nike/009-nike-blocking-a-user-6b07efdd-cf77-43d4-aaf7-7dd7ebae9454/001-79b5b9d7-b8fc-462a-9628-9fd040dca63e-downloadableSrc-854e4dcad622.webp
6b07efdd-cf77-43d4-aaf7-7dd7ebae9454,Blocking a user,03eab082-d557-423b-92f8-797b18bc1f36,Nike,f1257fae-f105-498b-8a5c-92f9c2e2b5b0,1,2,eef880ae-3682-4890-81ce-a948aa0179a3,true,downloadableSrc,200,image/webp,94474,94474,015c0a86fb09093761b6468bcb238cd0ed25309a56c0c50a5208c8caf4e4ff0f,1179,2676,,,bytescale.mobbin.com,f7a1807c1ac98ccf0eecf5078d61346ac9a94ca37a547f5708d580528c9e55c0,/Users/user/mobbin-sides/screen-flows/nike/009-nike-blocking-a-user-6b07efdd-cf77-43d4-aaf7-7dd7ebae9454/002-eef880ae-3682-4890-81ce-a948aa0179a3-downloadableSrc-015c0a86fb09.webp
6b07efdd-cf77-43d4-aaf7-7dd7ebae9454,Blocking a user,03eab082-d557-423b-92f8-797b18bc1f36,Nike,f1257fae-f105-498b-8a5c-92f9c2e2b5b0,2,3,5a94a397-c09b-4994-ab1a-a2745c763f6d,true,downloadableSrc,200,image/webp,58592,58592,a9d9e74383ad39d6c65ce6698d4715755c68d0ca240dfa38394d5f79369ad016,1179,2676,,,bytescale.mobbin.com,f7a1807c1ac98ccf0eecf5078d61346ac9a94ca37a547f5708d580528c9e55c0,/Users/user/mobbin-sides/screen-flows/nike/009-nike-blocking-a-user-6b07efdd-cf77-43d4-aaf7-7dd7ebae9454/003-5a94a397-c09b-4994-ab1a-a2745c763f6d-downloadableSrc-a9d9e74383ad.webp
6b07efdd-cf77-43d4-aaf7-7dd7ebae9454,Blocking a user,03eab082-d557-423b-92f8-797b18bc1f36,Nike,f1257fae-f105-498b-8a5c-92f9c2e2b5b0,3,4,e3dd3a35-0232-413b-b663-517f81fd7837,true,downloadableSrc,200,image/webp,36274,36274,97c515dbd43d214cc9b576dee165c5b78ed909efaf40b06c33c72c0d6d6b176c,1179,2676,,,bytescale.mobbin.com,f7a1807c1ac98ccf0eecf5078d61346ac9a94ca37a547f5708d580528c9e55c0,/Users/user/mobbin-sides/screen-flows/nike/009-nike-blocking-a-user-6b07efdd-cf77-43d4-aaf7-7dd7ebae9454/004-e3dd3a35-0232-413b-b663-517f81fd7837-downloadableSrc-97c515dbd43d.webp
d91b7864-9b18-4284-8789-0d0db8ab9c45,Stories for you,03eab082-d557-423b-92f8-797b18bc1f36,Nike,f1257fae-f105-498b-8a5c-92f9c2e2b5b0,0,1,dfd3442f-360a-461f-9378-e7d1e723d6d6,true,downloadableSrc,200,image/webp,121522,121522,71a0e73a972fef4228eb00aa66b07bbf2fcf1159b7cbe456446a63ce275c2305,1179,2676,,,bytescale.mobbin.com,f7a1807c1ac98ccf0eecf5078d61346ac9a94ca37a547f5708d580528c9e55c0,/Users/user/mobbin-sides/screen-flows/nike/010-nike-stories-for-you-d91b7864-9b18-4284-8789-0d0db8ab9c45/001-dfd3442f-360a-461f-9378-e7d1e723d6d6-downloadableSrc-71a0e73a972f.webp
d91b7864-9b18-4284-8789-0d0db8ab9c45,Stories for you,03eab082-d557-423b-92f8-797b18bc1f36,Nike,f1257fae-f105-498b-8a5c-92f9c2e2b5b0,1,2,fd23935d-dd6e-497f-8f46-729754452bc0,true,downloadableSrc,200,image/webp,129138,129138,2c8a41c445f6d4f5824ffd005929142319f6c1ee412706e30b81468360842ac6,1179,2676,,,bytescale.mobbin.com,f7a1807c1ac98ccf0eecf5078d61346ac9a94ca37a547f5708d580528c9e55c0,/Users/user/mobbin-sides/screen-flows/nike/010-nike-stories-for-you-d91b7864-9b18-4284-8789-0d0db8ab9c45/002-fd23935d-dd6e-497f-8f46-729754452bc0-downloadableSrc-2c8a41c445f6.webp
d91b7864-9b18-4284-8789-0d0db8ab9c45,Stories for you,03eab082-d557-423b-92f8-797b18bc1f36,Nike,f1257fae-f105-498b-8a5c-92f9c2e2b5b0,2,3,73139616-04eb-4752-ba83-3d991cfc0f2d,true,downloadableSrc,200,image/webp,128674,128674,941f2dcabf95b33661c1bf65411f24d34938e8f3be6b8b7f40b147ce6ccf9938,1179,2676,,,bytescale.mobbin.com,f7a1807c1ac98ccf0eecf5078d61346ac9a94ca37a547f5708d580528c9e55c0,/Users/user/mobbin-sides/screen-flows/nike/010-nike-stories-for-you-d91b7864-9b18-4284-8789-0d0db8ab9c45/003-73139616-04eb-4752-ba83-3d991cfc0f2d-downloadableSrc-941f2dcabf95.webp
05dfdcc4-266b-47bd-bd6a-9d341b5ed483,View a story,03eab082-d557-423b-92f8-797b18bc1f36,Nike,f1257fae-f105-498b-8a5c-92f9c2e2b5b0,0,1,fd23935d-dd6e-497f-8f46-729754452bc0,true,downloadableSrc,200,image/webp,129138,129138,2c8a41c445f6d4f5824ffd005929142319f6c1ee412706e30b81468360842ac6,1179,2676,,,bytescale.mobbin.com,f7a1807c1ac98ccf0eecf5078d61346ac9a94ca37a547f5708d580528c9e55c0,/Users/user/mobbin-sides/screen-flows/nike/011-nike-view-a-story-05dfdcc4-266b-47bd-bd6a-9d341b5ed483/001-fd23935d-dd6e-497f-8f46-729754452bc0-downloadableSrc-2c8a41c445f6.webp
05dfdcc4-266b-47bd-bd6a-9d341b5ed483,View a story,03eab082-d557-423b-92f8-797b18bc1f36,Nike,f1257fae-f105-498b-8a5c-92f9c2e2b5b0,1,2,7c5e1dc4-83e4-4530-ac8c-4a01a39c239d,true,downloadableSrc,200,image/webp,164474,164474,f29bdb5b8216a4d14c3bf191df3313ccf1671688dc4bd1292e40cd89329a1480,1179,2676,,,bytescale.mobbin.com,f7a1807c1ac98ccf0eecf5078d61346ac9a94ca37a547f5708d580528c9e55c0,/Users/user/mobbin-sides/screen-flows/nike/011-nike-view-a-story-05dfdcc4-266b-47bd-bd6a-9d341b5ed483/002-7c5e1dc4-83e4-4530-ac8c-4a01a39c239d-downloadableSrc-f29bdb5b8216.webp
05dfdcc4-266b-47bd-bd6a-9d341b5ed483,View a story,03eab082-d557-423b-92f8-797b18bc1f36,Nike,f1257fae-f105-498b-8a5c-92f9c2e2b5b0,2,3,57674db7-cbde-4cfe-b3df-99ca4770deee,true,downloadableSrc,200,image/webp,176644,176644,1784143ce3a92036af6405ed6570c8cee38b99f873db20ff7ac9a9c2b78266f7,1179,2676,,,bytescale.mobbin.com,f7a1807c1ac98ccf0eecf5078d61346ac9a94ca37a547f5708d580528c9e55c0,/Users/user/mobbin-sides/screen-flows/nike/011-nike-view-a-story-05dfdcc4-266b-47bd-bd6a-9d341b5ed483/003-57674db7-cbde-4cfe-b3df-99ca4770deee-downloadableSrc-1784143ce3a9.webp
05dfdcc4-266b-47bd-bd6a-9d341b5ed483,View a story,03eab082-d557-423b-92f8-797b18bc1f36,Nike,f1257fae-f105-498b-8a5c-92f9c2e2b5b0,3,4,bd304f99-6bc6-44e6-af27-3ddf7944a8fc,true,downloadableSrc,200,image/webp,99440,99440,f155d5f35dcdc56db5a79133df595a064e2e15e952fd239a51330c937772497c,1179,2676,,,bytescale.mobbin.com,f7a1807c1ac98ccf0eecf5078d61346ac9a94ca37a547f5708d580528c9e55c0,/Users/user/mobbin-sides/screen-flows/nike/011-nike-view-a-story-05dfdcc4-266b-47bd-bd6a-9d341b5ed483/004-bd304f99-6bc6-44e6-af27-3ddf7944a8fc-downloadableSrc-f155d5f35dcd.webp
061e2860-f11b-4e1d-9fec-9d4f42ab41ec,Switching to Jordan view,03eab082-d557-423b-92f8-797b18bc1f36,Nike,f1257fae-f105-498b-8a5c-92f9c2e2b5b0,0,1,a1dcba67-26f2-41db-99d2-548f50f75204,true,downloadableSrc,200,image/webp,92336,92336,7e3bd1e8092dcd51625ef8013585443dde6eeea03a92225f358ad076464a7251,1179,2676,,,bytescale.mobbin.com,f7a1807c1ac98ccf0eecf5078d61346ac9a94ca37a547f5708d580528c9e55c0,/Users/user/mobbin-sides/screen-flows/nike/012-nike-switching-to-jordan-view-061e2860-f11b-4e1d-9fec-9d4f42ab41ec/001-a1dcba67-26f2-41db-99d2-548f50f75204-downloadableSrc-7e3bd1e8092d.webp
061e2860-f11b-4e1d-9fec-9d4f42ab41ec,Switching to Jordan view,03eab082-d557-423b-92f8-797b18bc1f36,Nike,f1257fae-f105-498b-8a5c-92f9c2e2b5b0,1,2,1f9a40ae-6067-4b9e-b9df-68d447911044,true,downloadableSrc,200,image/webp,94280,94280,1f4f0477983bb1d4ac6f48979bfcbe27dfb8cb75fc3c46f4898de01288386d1e,1179,2676,,,bytescale.mobbin.com,f7a1807c1ac98ccf0eecf5078d61346ac9a94ca37a547f5708d580528c9e55c0,/Users/user/mobbin-sides/screen-flows/nike/012-nike-switching-to-jordan-view-061e2860-f11b-4e1d-9fec-9d4f42ab41ec/002-1f9a40ae-6067-4b9e-b9df-68d447911044-downloadableSrc-1f4f0477983b.webp
061e2860-f11b-4e1d-9fec-9d4f42ab41ec,Switching to Jordan view,03eab082-d557-423b-92f8-797b18bc1f36,Nike,f1257fae-f105-498b-8a5c-92f9c2e2b5b0,2,3,6e9bbaa6-3d28-4b75-8300-be82b1c83515,true,downloadableSrc,200,image/webp,100316,100316,e1a8a3bece3c4bfad6d4a9e4efe45e8cec4822313a32edafb019aa62f47a5495,1179,2676,,,bytescale.mobbin.com,f7a1807c1ac98ccf0eecf5078d61346ac9a94ca37a547f5708d580528c9e55c0,/Users/user/mobbin-sides/screen-flows/nike/012-nike-switching-to-jordan-view-061e2860-f11b-4e1d-9fec-9d4f42ab41ec/003-6e9bbaa6-3d28-4b75-8300-be82b1c83515-downloadableSrc-e1a8a3bece3c.webp
061e2860-f11b-4e1d-9fec-9d4f42ab41ec,Switching to Jordan view,03eab082-d557-423b-92f8-797b18bc1f36,Nike,f1257fae-f105-498b-8a5c-92f9c2e2b5b0,3,4,c546eba1-52f5-4599-9fc2-603699911a72,true,downloadableSrc,200,image/webp,254090,254090,1bbef740d5516085e7534832e642c94dce17dd8f8aef0cafb4376c08ce59a056,1179,2676,,,bytescale.mobbin.com,f7a1807c1ac98ccf0eecf5078d61346ac9a94ca37a547f5708d580528c9e55c0,/Users/user/mobbin-sides/screen-flows/nike/012-nike-switching-to-jordan-view-061e2860-f11b-4e1d-9fec-9d4f42ab41ec/004-c546eba1-52f5-4599-9fc2-603699911a72-downloadableSrc-1bbef740d551.webp
061e2860-f11b-4e1d-9fec-9d4f42ab41ec,Switching to Jordan view,03eab082-d557-423b-92f8-797b18bc1f36,Nike,f1257fae-f105-498b-8a5c-92f9c2e2b5b0,4,5,9319aedb-f278-4ec0-ad58-b37698006ded,true,downloadableSrc,200,image/webp,112832,112832,5ccc7cb80844b6a70788ee69ae42897b656dc875f4e32f44c000656824733e9a,1179,2676,,,bytescale.mobbin.com,f7a1807c1ac98ccf0eecf5078d61346ac9a94ca37a547f5708d580528c9e55c0,/Users/user/mobbin-sides/screen-flows/nike/012-nike-switching-to-jordan-view-061e2860-f11b-4e1d-9fec-9d4f42ab41ec/005-9319aedb-f278-4ec0-ad58-b37698006ded-downloadableSrc-5ccc7cb80844.webp
061e2860-f11b-4e1d-9fec-9d4f42ab41ec,Switching to Jordan view,03eab082-d557-423b-92f8-797b18bc1f36,Nike,f1257fae-f105-498b-8a5c-92f9c2e2b5b0,5,6,20ae02d0-0a1d-402b-8a94-d13ae3d422ee,true,downloadableSrc,200,image/webp,79972,79972,0d9c63d0974c8e35f0faf5a8d938244dc628ad994b8e1a4ca358eadd5c40cc6b,1179,2676,,,bytescale.mobbin.com,f7a1807c1ac98ccf0eecf5078d61346ac9a94ca37a547f5708d580528c9e55c0,/Users/user/mobbin-sides/screen-flows/nike/012-nike-switching-to-jordan-view-061e2860-f11b-4e1d-9fec-9d4f42ab41ec/006-20ae02d0-0a1d-402b-8a94-d13ae3d422ee-downloadableSrc-0d9c63d0974c.webp
8bcc5832-a174-452f-8127-4a7b9acf64c9,Shop Jordan,03eab082-d557-423b-92f8-797b18bc1f36,Nike,f1257fae-f105-498b-8a5c-92f9c2e2b5b0,0,1,1f9a40ae-6067-4b9e-b9df-68d447911044,true,downloadableSrc,200,image/webp,94280,94280,1f4f0477983bb1d4ac6f48979bfcbe27dfb8cb75fc3c46f4898de01288386d1e,1179,2676,,,bytescale.mobbin.com,f7a1807c1ac98ccf0eecf5078d61346ac9a94ca37a547f5708d580528c9e55c0,/Users/user/mobbin-sides/screen-flows/nike/013-nike-shop-jordan-8bcc5832-a174-452f-8127-4a7b9acf64c9/001-1f9a40ae-6067-4b9e-b9df-68d447911044-downloadableSrc-1f4f0477983b.webp
8bcc5832-a174-452f-8127-4a7b9acf64c9,Shop Jordan,03eab082-d557-423b-92f8-797b18bc1f36,Nike,f1257fae-f105-498b-8a5c-92f9c2e2b5b0,1,2,b5f9196d-ead6-4501-a93c-f6ec4c83d906,true,downloadableSrc,200,image/webp,117322,117322,4a98cd9c04490cfbeadda2e3a5ceb1efb4a12ffa2412a8b6a6d13e946537ae64,1179,2676,,,bytescale.mobbin.com,f7a1807c1ac98ccf0eecf5078d61346ac9a94ca37a547f5708d580528c9e55c0,/Users/user/mobbin-sides/screen-flows/nike/013-nike-shop-jordan-8bcc5832-a174-452f-8127-4a7b9acf64c9/002-b5f9196d-ead6-4501-a93c-f6ec4c83d906-downloadableSrc-4a98cd9c0449.webp
8bcc5832-a174-452f-8127-4a7b9acf64c9,Shop Jordan,03eab082-d557-423b-92f8-797b18bc1f36,Nike,f1257fae-f105-498b-8a5c-92f9c2e2b5b0,2,3,e05df9a2-f05d-450d-9d66-16b4382b9746,true,downloadableSrc,200,image/webp,112918,112918,010f3bf767682ba95482e3a3850e1f894eeb6540f35d534df6f6b74a51285bcf,1179,2676,,,bytescale.mobbin.com,f7a1807c1ac98ccf0eecf5078d61346ac9a94ca37a547f5708d580528c9e55c0,/Users/user/mobbin-sides/screen-flows/nike/013-nike-shop-jordan-8bcc5832-a174-452f-8127-4a7b9acf64c9/003-e05df9a2-f05d-450d-9d66-16b4382b9746-downloadableSrc-010f3bf76768.webp
8bcc5832-a174-452f-8127-4a7b9acf64c9,Shop Jordan,03eab082-d557-423b-92f8-797b18bc1f36,Nike,f1257fae-f105-498b-8a5c-92f9c2e2b5b0,3,4,5e294d2b-3ac0-4993-85f7-34b8bd70bbe9,true,downloadableSrc,200,image/webp,259962,259962,ed170e2e3b39d7590c3012bfcc48da17afe8ad45389408f85992b2991660ee78,1179,2676,,,bytescale.mobbin.com,f7a1807c1ac98ccf0eecf5078d61346ac9a94ca37a547f5708d580528c9e55c0,/Users/user/mobbin-sides/screen-flows/nike/013-nike-shop-jordan-8bcc5832-a174-452f-8127-4a7b9acf64c9/004-5e294d2b-3ac0-4993-85f7-34b8bd70bbe9-downloadableSrc-ed170e2e3b39.webp
8bcc5832-a174-452f-8127-4a7b9acf64c9,Shop Jordan,03eab082-d557-423b-92f8-797b18bc1f36,Nike,f1257fae-f105-498b-8a5c-92f9c2e2b5b0,4,5,e77f9e03-a895-40e6-ac34-8a6be03d91a0,true,downloadableSrc,200,image/webp,196794,196794,60c829ce4168798e289b91c0963938550f669732a608163a18504cf2722d922e,1179,2676,,,bytescale.mobbin.com,f7a1807c1ac98ccf0eecf5078d61346ac9a94ca37a547f5708d580528c9e55c0,/Users/user/mobbin-sides/screen-flows/nike/013-nike-shop-jordan-8bcc5832-a174-452f-8127-4a7b9acf64c9/005-e77f9e03-a895-40e6-ac34-8a6be03d91a0-downloadableSrc-60c829ce4168.webp
8bcc5832-a174-452f-8127-4a7b9acf64c9,Shop Jordan,03eab082-d557-423b-92f8-797b18bc1f36,Nike,f1257fae-f105-498b-8a5c-92f9c2e2b5b0,5,6,cb6eea42-424d-4861-bb95-ba066a01f3a2,true,downloadableSrc,200,image/webp,85884,85884,a4ea8b18e20f6d0bd7e69384cd0a49f921fea2d2ee87b989ecca87fe3b192107,1179,2676,,,bytescale.mobbin.com,f7a1807c1ac98ccf0eecf5078d61346ac9a94ca37a547f5708d580528c9e55c0,/Users/user/mobbin-sides/screen-flows/nike/013-nike-shop-jordan-8bcc5832-a174-452f-8127-4a7b9acf64c9/006-cb6eea42-424d-4861-bb95-ba066a01f3a2-downloadableSrc-a4ea8b18e20f.webp
8bcc5832-a174-452f-8127-4a7b9acf64c9,Shop Jordan,03eab082-d557-423b-92f8-797b18bc1f36,Nike,f1257fae-f105-498b-8a5c-92f9c2e2b5b0,6,7,9155bea1-c020-48bb-9a8e-12a069331452,true,downloadableSrc,200,image/webp,108100,108100,6c68e409e5a0c993a3ee32239fa13fa39e8b1081dfc8ea56aa6934b05b928fd0,1179,2676,,,bytescale.mobbin.com,f7a1807c1ac98ccf0eecf5078d61346ac9a94ca37a547f5708d580528c9e55c0,/Users/user/mobbin-sides/screen-flows/nike/013-nike-shop-jordan-8bcc5832-a174-452f-8127-4a7b9acf64c9/007-9155bea1-c020-48bb-9a8e-12a069331452-downloadableSrc-6c68e409e5a0.webp
8bcc5832-a174-452f-8127-4a7b9acf64c9,Shop Jordan,03eab082-d557-423b-92f8-797b18bc1f36,Nike,f1257fae-f105-498b-8a5c-92f9c2e2b5b0,7,8,f571484f-45c7-4665-941c-e8caff1a5d03,true,downloadableSrc,200,image/webp,122152,122152,9bd1690bc75283672e4a43e45e1d7cc3a887a0bab869114ea88d5c3582e821d4,1179,2676,,,bytescale.mobbin.com,f7a1807c1ac98ccf0eecf5078d61346ac9a94ca37a547f5708d580528c9e55c0,/Users/user/mobbin-sides/screen-flows/nike/013-nike-shop-jordan-8bcc5832-a174-452f-8127-4a7b9acf64c9/008-f571484f-45c7-4665-941c-e8caff1a5d03-downloadableSrc-9bd1690bc752.webp
9f4acb34-b15e-45d1-85be-ba326a5d5e9f,Basketball,03eab082-d557-423b-92f8-797b18bc1f36,Nike,f1257fae-f105-498b-8a5c-92f9c2e2b5b0,0,1,b5f9196d-ead6-4501-a93c-f6ec4c83d906,true,downloadableSrc,200,image/webp,117322,117322,4a98cd9c04490cfbeadda2e3a5ceb1efb4a12ffa2412a8b6a6d13e946537ae64,1179,2676,,,bytescale.mobbin.com,f7a1807c1ac98ccf0eecf5078d61346ac9a94ca37a547f5708d580528c9e55c0,/Users/user/mobbin-sides/screen-flows/nike/014-nike-basketball-9f4acb34-b15e-45d1-85be-ba326a5d5e9f/001-b5f9196d-ead6-4501-a93c-f6ec4c83d906-downloadableSrc-4a98cd9c0449.webp
9f4acb34-b15e-45d1-85be-ba326a5d5e9f,Basketball,03eab082-d557-423b-92f8-797b18bc1f36,Nike,f1257fae-f105-498b-8a5c-92f9c2e2b5b0,1,2,9f66088e-60c0-47a8-958e-caf02d465188,true,downloadableSrc,200,image/webp,175472,175472,eed29472a45404a52afe3d7ff43d9ddad633c0d12cca9a56e85c510203be56ea,1179,2676,,,bytescale.mobbin.com,f7a1807c1ac98ccf0eecf5078d61346ac9a94ca37a547f5708d580528c9e55c0,/Users/user/mobbin-sides/screen-flows/nike/014-nike-basketball-9f4acb34-b15e-45d1-85be-ba326a5d5e9f/002-9f66088e-60c0-47a8-958e-caf02d465188-downloadableSrc-eed29472a454.webp
9f4acb34-b15e-45d1-85be-ba326a5d5e9f,Basketball,03eab082-d557-423b-92f8-797b18bc1f36,Nike,f1257fae-f105-498b-8a5c-92f9c2e2b5b0,2,3,0820d42e-f652-473b-a68a-7026fc34c29b,true,downloadableSrc,200,image/webp,353338,353338,dc7ce114b568e89b430b87bfb7ac3a6d0d3a42f0fa4ea49b09b3bb837d440210,1179,2676,,,bytescale.mobbin.com,f7a1807c1ac98ccf0eecf5078d61346ac9a94ca37a547f5708d580528c9e55c0,/Users/user/mobbin-sides/screen-flows/nike/014-nike-basketball-9f4acb34-b15e-45d1-85be-ba326a5d5e9f/003-0820d42e-f652-473b-a68a-7026fc34c29b-downloadableSrc-dc7ce114b568.webp
9f4acb34-b15e-45d1-85be-ba326a5d5e9f,Basketball,03eab082-d557-423b-92f8-797b18bc1f36,Nike,f1257fae-f105-498b-8a5c-92f9c2e2b5b0,3,4,2285ad3a-464b-4d9b-81f3-7bd5efea8582,true,downloadableSrc,200,image/webp,94504,94504,67428d1869176795a6fe75c1cbdc65c55c9288e10e3ca2dada64c5bd002570e5,1179,2676,,,bytescale.mobbin.com,f7a1807c1ac98ccf0eecf5078d61346ac9a94ca37a547f5708d580528c9e55c0,/Users/user/mobbin-sides/screen-flows/nike/014-nike-basketball-9f4acb34-b15e-45d1-85be-ba326a5d5e9f/004-2285ad3a-464b-4d9b-81f3-7bd5efea8582-downloadableSrc-67428d186917.webp
9f4acb34-b15e-45d1-85be-ba326a5d5e9f,Basketball,03eab082-d557-423b-92f8-797b18bc1f36,Nike,f1257fae-f105-498b-8a5c-92f9c2e2b5b0,4,5,160dc65f-34be-480f-983e-876fbf0dedfa,true,downloadableSrc,200,image/webp,174652,174652,d8f1dd8b2e23dd3820c55384ff04184a385bb16df018526f5ee96a2ba5456fb2,1179,2676,,,bytescale.mobbin.com,f7a1807c1ac98ccf0eecf5078d61346ac9a94ca37a547f5708d580528c9e55c0,/Users/user/mobbin-sides/screen-flows/nike/014-nike-basketball-9f4acb34-b15e-45d1-85be-ba326a5d5e9f/005-160dc65f-34be-480f-983e-876fbf0dedfa-downloadableSrc-d8f1dd8b2e23.webp
d78d6eb7-066d-4aa7-9702-0fe9fdfdb001,Shop,03eab082-d557-423b-92f8-797b18bc1f36,Nike,f1257fae-f105-498b-8a5c-92f9c2e2b5b0,0,1,a1dcba67-26f2-41db-99d2-548f50f75204,true,downloadableSrc,200,image/webp,92336,92336,7e3bd1e8092dcd51625ef8013585443dde6eeea03a92225f358ad076464a7251,1179,2676,,,bytescale.mobbin.com,f7a1807c1ac98ccf0eecf5078d61346ac9a94ca37a547f5708d580528c9e55c0,/Users/user/mobbin-sides/screen-flows/nike/015-nike-shop-d78d6eb7-066d-4aa7-9702-0fe9fdfdb001/001-a1dcba67-26f2-41db-99d2-548f50f75204-downloadableSrc-7e3bd1e8092d.webp
d78d6eb7-066d-4aa7-9702-0fe9fdfdb001,Shop,03eab082-d557-423b-92f8-797b18bc1f36,Nike,f1257fae-f105-498b-8a5c-92f9c2e2b5b0,1,2,2f2aaa6e-7449-40ee-b3a2-0237dc0831ae,true,downloadableSrc,200,image/webp,118746,118746,cda2d1443ce27d3c66cc45872960986fe868fbd2a1f2c186520dd3e8019103cd,1179,2676,,,bytescale.mobbin.com,f7a1807c1ac98ccf0eecf5078d61346ac9a94ca37a547f5708d580528c9e55c0,/Users/user/mobbin-sides/screen-flows/nike/015-nike-shop-d78d6eb7-066d-4aa7-9702-0fe9fdfdb001/002-2f2aaa6e-7449-40ee-b3a2-0237dc0831ae-downloadableSrc-cda2d1443ce2.webp
d78d6eb7-066d-4aa7-9702-0fe9fdfdb001,Shop,03eab082-d557-423b-92f8-797b18bc1f36,Nike,f1257fae-f105-498b-8a5c-92f9c2e2b5b0,2,3,81086995-f915-4416-8409-f62e83797046,true,downloadableSrc,200,image/webp,115550,115550,faf5821834412fc999f29c6d88e9e7cc40ba80ec7129fc31013e5dc28c34184e,1179,2676,,,bytescale.mobbin.com,f7a1807c1ac98ccf0eecf5078d61346ac9a94ca37a547f5708d580528c9e55c0,/Users/user/mobbin-sides/screen-flows/nike/015-nike-shop-d78d6eb7-066d-4aa7-9702-0fe9fdfdb001/003-81086995-f915-4416-8409-f62e83797046-downloadableSrc-faf582183441.webp
d78d6eb7-066d-4aa7-9702-0fe9fdfdb001,Shop,03eab082-d557-423b-92f8-797b18bc1f36,Nike,f1257fae-f105-498b-8a5c-92f9c2e2b5b0,3,4,15a4e0d2-3567-4e6d-a99d-67c06b73ed9b,true,downloadableSrc,200,image/webp,112870,112870,57f8b594d0e67bfc85d1fe7700f9058c1ae5c3a0754748c4a2946c79da489aea,1179,2676,,,bytescale.mobbin.com,f7a1807c1ac98ccf0eecf5078d61346ac9a94ca37a547f5708d580528c9e55c0,/Users/user/mobbin-sides/screen-flows/nike/015-nike-shop-d78d6eb7-066d-4aa7-9702-0fe9fdfdb001/004-15a4e0d2-3567-4e6d-a99d-67c06b73ed9b-downloadableSrc-57f8b594d0e6.webp
d78d6eb7-066d-4aa7-9702-0fe9fdfdb001,Shop,03eab082-d557-423b-92f8-797b18bc1f36,Nike,f1257fae-f105-498b-8a5c-92f9c2e2b5b0,4,5,3e504e40-d576-4b3f-85a9-dd308fa6cd93,true,downloadableSrc,200,image/webp,54826,54826,38f24d64805d60f7e45f00c1825a18522df78fdcd659e97d72e833597de6cf5d,1179,2676,,,bytescale.mobbin.com,f7a1807c1ac98ccf0eecf5078d61346ac9a94ca37a547f5708d580528c9e55c0,/Users/user/mobbin-sides/screen-flows/nike/015-nike-shop-d78d6eb7-066d-4aa7-9702-0fe9fdfdb001/005-3e504e40-d576-4b3f-85a9-dd308fa6cd93-downloadableSrc-38f24d64805d.webp
d78d6eb7-066d-4aa7-9702-0fe9fdfdb001,Shop,03eab082-d557-423b-92f8-797b18bc1f36,Nike,f1257fae-f105-498b-8a5c-92f9c2e2b5b0,5,6,22862dc2-f18a-4328-9242-37ba071241c4,true,downloadableSrc,200,image/webp,219276,219276,74d72b1cf50f75ae0cf10ff2bc9c9ac529bf415bf5bcc6191d77167fd10206ba,1179,2676,,,bytescale.mobbin.com,f7a1807c1ac98ccf0eecf5078d61346ac9a94ca37a547f5708d580528c9e55c0,/Users/user/mobbin-sides/screen-flows/nike/015-nike-shop-d78d6eb7-066d-4aa7-9702-0fe9fdfdb001/006-22862dc2-f18a-4328-9242-37ba071241c4-downloadableSrc-74d72b1cf50f.webp
d78d6eb7-066d-4aa7-9702-0fe9fdfdb001,Shop,03eab082-d557-423b-92f8-797b18bc1f36,Nike,f1257fae-f105-498b-8a5c-92f9c2e2b5b0,6,7,bf8628e3-4083-46b0-ab82-bc50a2016898,true,downloadableSrc,200,image/webp,99776,99776,655dc7859fe471eca4a4cb28cc83aa2bb2d988aa40f7beabdc7f8c61fed1c600,1179,2676,,,bytescale.mobbin.com,f7a1807c1ac98ccf0eecf5078d61346ac9a94ca37a547f5708d580528c9e55c0,/Users/user/mobbin-sides/screen-flows/nike/015-nike-shop-d78d6eb7-066d-4aa7-9702-0fe9fdfdb001/007-bf8628e3-4083-46b0-ab82-bc50a2016898-downloadableSrc-655dc7859fe4.webp
d78d6eb7-066d-4aa7-9702-0fe9fdfdb001,Shop,03eab082-d557-423b-92f8-797b18bc1f36,Nike,f1257fae-f105-498b-8a5c-92f9c2e2b5b0,7,8,66f48774-f895-4820-893c-915c555fc2d5,true,downloadableSrc,200,image/webp,71552,71552,f75c1a6a67b4dc8812a0e1982d5677c6f08ea24ab85005c2e06b3d5744a2dff5,1179,2676,,,bytescale.mobbin.com,f7a1807c1ac98ccf0eecf5078d61346ac9a94ca37a547f5708d580528c9e55c0,/Users/user/mobbin-sides/screen-flows/nike/015-nike-shop-d78d6eb7-066d-4aa7-9702-0fe9fdfdb001/008-66f48774-f895-4820-893c-915c555fc2d5-downloadableSrc-f75c1a6a67b4.webp
d78d6eb7-066d-4aa7-9702-0fe9fdfdb001,Shop,03eab082-d557-423b-92f8-797b18bc1f36,Nike,f1257fae-f105-498b-8a5c-92f9c2e2b5b0,8,9,0767b63a-5341-43a2-a379-9c00822e0f52,true,downloadableSrc,200,image/webp,84290,84290,400a656594d926385ef29a74d1d524582a30d869dc65c91a562f1f65fef7eff8,1179,2676,,,bytescale.mobbin.com,f7a1807c1ac98ccf0eecf5078d61346ac9a94ca37a547f5708d580528c9e55c0,/Users/user/mobbin-sides/screen-flows/nike/015-nike-shop-d78d6eb7-066d-4aa7-9702-0fe9fdfdb001/009-0767b63a-5341-43a2-a379-9c00822e0f52-downloadableSrc-400a656594d9.webp
d78d6eb7-066d-4aa7-9702-0fe9fdfdb001,Shop,03eab082-d557-423b-92f8-797b18bc1f36,Nike,f1257fae-f105-498b-8a5c-92f9c2e2b5b0,9,10,1e1a6a7c-fc25-4bb7-90bf-6b81e009f9aa,true,downloadableSrc,200,image/webp,67640,67640,879bfa877c7a04f7d88be2c19c8f4da5d919cad5aeeef470296827bf37a034f2,1179,2676,,,bytescale.mobbin.com,f7a1807c1ac98ccf0eecf5078d61346ac9a94ca37a547f5708d580528c9e55c0,/Users/user/mobbin-sides/screen-flows/nike/015-nike-shop-d78d6eb7-066d-4aa7-9702-0fe9fdfdb001/010-1e1a6a7c-fc25-4bb7-90bf-6b81e009f9aa-downloadableSrc-879bfa877c7a.webp
d78d6eb7-066d-4aa7-9702-0fe9fdfdb001,Shop,03eab082-d557-423b-92f8-797b18bc1f36,Nike,f1257fae-f105-498b-8a5c-92f9c2e2b5b0,10,11,da4db302-6b14-4a82-8c85-aed06831a1ee,true,downloadableSrc,200,image/webp,116938,116938,59a7b6d82a4f94c12f5bb3cb452eac52ecc08726de824cc192a3f3ec81ac495f,1179,2676,,,bytescale.mobbin.com,f7a1807c1ac98ccf0eecf5078d61346ac9a94ca37a547f5708d580528c9e55c0,/Users/user/mobbin-sides/screen-flows/nike/015-nike-shop-d78d6eb7-066d-4aa7-9702-0fe9fdfdb001/011-da4db302-6b14-4a82-8c85-aed06831a1ee-downloadableSrc-59a7b6d82a4f.webp
d78d6eb7-066d-4aa7-9702-0fe9fdfdb001,Shop,03eab082-d557-423b-92f8-797b18bc1f36,Nike,f1257fae-f105-498b-8a5c-92f9c2e2b5b0,11,12,577c9c58-4a7f-43e6-a326-3ee1e6e80f89,true,downloadableSrc,200,image/webp,111794,111794,2783b58aed7e4120915963f57165baa648e00678277ed0be600143f687c5b9e6,1179,2676,,,bytescale.mobbin.com,f7a1807c1ac98ccf0eecf5078d61346ac9a94ca37a547f5708d580528c9e55c0,/Users/user/mobbin-sides/screen-flows/nike/015-nike-shop-d78d6eb7-066d-4aa7-9702-0fe9fdfdb001/012-577c9c58-4a7f-43e6-a326-3ee1e6e80f89-downloadableSrc-2783b58aed7e.webp
d78d6eb7-066d-4aa7-9702-0fe9fdfdb001,Shop,03eab082-d557-423b-92f8-797b18bc1f36,Nike,f1257fae-f105-498b-8a5c-92f9c2e2b5b0,12,13,ea5758cd-229d-4a91-b2fe-ce28c2943b6b,true,downloadableSrc,200,image/webp,153980,153980,13ea9e9ddcad6ecc73f5f99aef126a81d73b297fc751e3673b6da1b17a7af0f1,1179,2676,,,bytescale.mobbin.com,f7a1807c1ac98ccf0eecf5078d61346ac9a94ca37a547f5708d580528c9e55c0,/Users/user/mobbin-sides/screen-flows/nike/015-nike-shop-d78d6eb7-066d-4aa7-9702-0fe9fdfdb001/013-ea5758cd-229d-4a91-b2fe-ce28c2943b6b-downloadableSrc-13ea9e9ddcad.webp
fe83c7f0-bfad-4708-8be8-765225a25e36,In-store mode,03eab082-d557-423b-92f8-797b18bc1f36,Nike,f1257fae-f105-498b-8a5c-92f9c2e2b5b0,0,1,a1dcba67-26f2-41db-99d2-548f50f75204,true,downloadableSrc,200,image/webp,92336,92336,7e3bd1e8092dcd51625ef8013585443dde6eeea03a92225f358ad076464a7251,1179,2676,,,bytescale.mobbin.com,f7a1807c1ac98ccf0eecf5078d61346ac9a94ca37a547f5708d580528c9e55c0,/Users/user/mobbin-sides/screen-flows/nike/016-nike-in-store-mode-fe83c7f0-bfad-4708-8be8-765225a25e36/001-a1dcba67-26f2-41db-99d2-548f50f75204-downloadableSrc-7e3bd1e8092d.webp
fe83c7f0-bfad-4708-8be8-765225a25e36,In-store mode,03eab082-d557-423b-92f8-797b18bc1f36,Nike,f1257fae-f105-498b-8a5c-92f9c2e2b5b0,1,2,2587d93d-fdb1-4d64-94b9-ee880d7059ee,true,downloadableSrc,200,image/webp,108344,108344,54537f428af7056e484e71dfa75e18bd3141cc016b83389807b653a7b9b5134f,1180,2676,,,bytescale.mobbin.com,f7a1807c1ac98ccf0eecf5078d61346ac9a94ca37a547f5708d580528c9e55c0,/Users/user/mobbin-sides/screen-flows/nike/016-nike-in-store-mode-fe83c7f0-bfad-4708-8be8-765225a25e36/002-2587d93d-fdb1-4d64-94b9-ee880d7059ee-downloadableSrc-54537f428af7.webp
fe83c7f0-bfad-4708-8be8-765225a25e36,In-store mode,03eab082-d557-423b-92f8-797b18bc1f36,Nike,f1257fae-f105-498b-8a5c-92f9c2e2b5b0,2,3,7d19872f-c1fb-419a-b202-4b9917b6410a,true,downloadableSrc,200,image/webp,53148,53148,b079192020e7f214b520f7f3825a24e5f657141cbe7d215b490a262466be86e9,1180,2676,,,bytescale.mobbin.com,f7a1807c1ac98ccf0eecf5078d61346ac9a94ca37a547f5708d580528c9e55c0,/Users/user/mobbin-sides/screen-flows/nike/016-nike-in-store-mode-fe83c7f0-bfad-4708-8be8-765225a25e36/003-7d19872f-c1fb-419a-b202-4b9917b6410a-downloadableSrc-b079192020e7.webp
9abb21ec-cbfc-40c8-9984-935e6d0b8f8f,Kids tab,03eab082-d557-423b-92f8-797b18bc1f36,Nike,f1257fae-f105-498b-8a5c-92f9c2e2b5b0,0,1,a1dcba67-26f2-41db-99d2-548f50f75204,true,downloadableSrc,200,image/webp,92336,92336,7e3bd1e8092dcd51625ef8013585443dde6eeea03a92225f358ad076464a7251,1179,2676,,,bytescale.mobbin.com,f7a1807c1ac98ccf0eecf5078d61346ac9a94ca37a547f5708d580528c9e55c0,/Users/user/mobbin-sides/screen-flows/nike/017-nike-kids-tab-9abb21ec-cbfc-40c8-9984-935e6d0b8f8f/001-a1dcba67-26f2-41db-99d2-548f50f75204-downloadableSrc-7e3bd1e8092d.webp
9abb21ec-cbfc-40c8-9984-935e6d0b8f8f,Kids tab,03eab082-d557-423b-92f8-797b18bc1f36,Nike,f1257fae-f105-498b-8a5c-92f9c2e2b5b0,1,2,86f6966b-738c-4536-b774-c9855a18387e,true,downloadableSrc,200,image/webp,100604,100604,34070d66b1139d1b524a9efb220f6977eb55b292cd4fbbec9ac3e75a62206030,1179,2676,,,bytescale.mobbin.com,f7a1807c1ac98ccf0eecf5078d61346ac9a94ca37a547f5708d580528c9e55c0,/Users/user/mobbin-sides/screen-flows/nike/017-nike-kids-tab-9abb21ec-cbfc-40c8-9984-935e6d0b8f8f/002-86f6966b-738c-4536-b774-c9855a18387e-downloadableSrc-34070d66b113.webp
9abb21ec-cbfc-40c8-9984-935e6d0b8f8f,Kids tab,03eab082-d557-423b-92f8-797b18bc1f36,Nike,f1257fae-f105-498b-8a5c-92f9c2e2b5b0,2,3,ab14e6f6-dabe-4438-b3f5-c649a1af4c3e,true,downloadableSrc,200,image/webp,203496,203496,94ef53313687215e7c3c820d1884ef0e867850807502e0378b04534f849181a3,1179,2676,,,bytescale.mobbin.com,f7a1807c1ac98ccf0eecf5078d61346ac9a94ca37a547f5708d580528c9e55c0,/Users/user/mobbin-sides/screen-flows/nike/017-nike-kids-tab-9abb21ec-cbfc-40c8-9984-935e6d0b8f8f/003-ab14e6f6-dabe-4438-b3f5-c649a1af4c3e-downloadableSrc-94ef53313687.webp
438ece88-12d3-4a20-8794-eb022827637b,Searching for a product,03eab082-d557-423b-92f8-797b18bc1f36,Nike,f1257fae-f105-498b-8a5c-92f9c2e2b5b0,0,1,a1dcba67-26f2-41db-99d2-548f50f75204,true,downloadableSrc,200,image/webp,92336,92336,7e3bd1e8092dcd51625ef8013585443dde6eeea03a92225f358ad076464a7251,1179,2676,,,bytescale.mobbin.com,f7a1807c1ac98ccf0eecf5078d61346ac9a94ca37a547f5708d580528c9e55c0,/Users/user/mobbin-sides/screen-flows/nike/018-nike-searching-for-a-product-438ece88-12d3-4a20-8794-eb022827637b/001-a1dcba67-26f2-41db-99d2-548f50f75204-downloadableSrc-7e3bd1e8092d.webp
438ece88-12d3-4a20-8794-eb022827637b,Searching for a product,03eab082-d557-423b-92f8-797b18bc1f36,Nike,f1257fae-f105-498b-8a5c-92f9c2e2b5b0,1,2,692b9e1e-32ea-46a4-8299-8de75c7054ce,true,downloadableSrc,200,image/webp,39184,39184,33fb6a61eb484f717525466cdb6669c45b9721e57bee879614a48584fbbfdfa4,1179,2676,,,bytescale.mobbin.com,f7a1807c1ac98ccf0eecf5078d61346ac9a94ca37a547f5708d580528c9e55c0,/Users/user/mobbin-sides/screen-flows/nike/018-nike-searching-for-a-product-438ece88-12d3-4a20-8794-eb022827637b/002-692b9e1e-32ea-46a4-8299-8de75c7054ce-downloadableSrc-33fb6a61eb48.webp
438ece88-12d3-4a20-8794-eb022827637b,Searching for a product,03eab082-d557-423b-92f8-797b18bc1f36,Nike,f1257fae-f105-498b-8a5c-92f9c2e2b5b0,2,3,0cd47ce9-0aa0-4cd3-96d7-d48fffa2de7e,true,downloadableSrc,200,image/webp,73084,73084,aa276b3d7c98b2bbda69b209b447576b81c33743a7fbd4645ad3b2387ba9bb56,1179,2676,,,bytescale.mobbin.com,f7a1807c1ac98ccf0eecf5078d61346ac9a94ca37a547f5708d580528c9e55c0,/Users/user/mobbin-sides/screen-flows/nike/018-nike-searching-for-a-product-438ece88-12d3-4a20-8794-eb022827637b/003-0cd47ce9-0aa0-4cd3-96d7-d48fffa2de7e-downloadableSrc-aa276b3d7c98.webp
438ece88-12d3-4a20-8794-eb022827637b,Searching for a product,03eab082-d557-423b-92f8-797b18bc1f36,Nike,f1257fae-f105-498b-8a5c-92f9c2e2b5b0,3,4,a08f3ad3-4384-454f-b319-e0a6d33a0917,true,downloadableSrc,200,image/webp,108138,108138,fc389fc9a6696827595be0652cad21d49b45d53ca3fa52d8dd97ef8e3dccf342,1179,2676,,,bytescale.mobbin.com,f7a1807c1ac98ccf0eecf5078d61346ac9a94ca37a547f5708d580528c9e55c0,/Users/user/mobbin-sides/screen-flows/nike/018-nike-searching-for-a-product-438ece88-12d3-4a20-8794-eb022827637b/004-a08f3ad3-4384-454f-b319-e0a6d33a0917-downloadableSrc-fc389fc9a669.webp
438ece88-12d3-4a20-8794-eb022827637b,Searching for a product,03eab082-d557-423b-92f8-797b18bc1f36,Nike,f1257fae-f105-498b-8a5c-92f9c2e2b5b0,4,5,36a0fe48-1141-4d40-b2f4-acb177c2b66f,true,downloadableSrc,200,image/webp,109226,109226,1c0138a4891bec2484af86f9e0a13fbd09c91bbe1b828a61335b318264514f0c,1179,2676,,,bytescale.mobbin.com,f7a1807c1ac98ccf0eecf5078d61346ac9a94ca37a547f5708d580528c9e55c0,/Users/user/mobbin-sides/screen-flows/nike/018-nike-searching-for-a-product-438ece88-12d3-4a20-8794-eb022827637b/005-36a0fe48-1141-4d40-b2f4-acb177c2b66f-downloadableSrc-1c0138a4891b.webp
762b8429-d7aa-4ded-88f4-267ebf000bba,Enabling Pick Up Today,03eab082-d557-423b-92f8-797b18bc1f36,Nike,f1257fae-f105-498b-8a5c-92f9c2e2b5b0,0,1,a08f3ad3-4384-454f-b319-e0a6d33a0917,true,downloadableSrc,200,image/webp,108138,108138,fc389fc9a6696827595be0652cad21d49b45d53ca3fa52d8dd97ef8e3dccf342,1179,2676,,,bytescale.mobbin.com,f7a1807c1ac98ccf0eecf5078d61346ac9a94ca37a547f5708d580528c9e55c0,/Users/user/mobbin-sides/screen-flows/nike/019-nike-enabling-pick-up-today-762b8429-d7aa-4ded-88f4-267ebf000bba/001-a08f3ad3-4384-454f-b319-e0a6d33a0917-downloadableSrc-fc389fc9a669.webp
762b8429-d7aa-4ded-88f4-267ebf000bba,Enabling Pick Up Today,03eab082-d557-423b-92f8-797b18bc1f36,Nike,f1257fae-f105-498b-8a5c-92f9c2e2b5b0,1,2,36a911be-8b92-4c79-a4cc-1b2425e3fb24,true,downloadableSrc,200,image/webp,77910,77910,8700ce2718dea52f4678d39f5e2056c7c2f1571ed7061b848c596efc3cb06f5a,1179,2676,,,bytescale.mobbin.com,f7a1807c1ac98ccf0eecf5078d61346ac9a94ca37a547f5708d580528c9e55c0,/Users/user/mobbin-sides/screen-flows/nike/019-nike-enabling-pick-up-today-762b8429-d7aa-4ded-88f4-267ebf000bba/002-36a911be-8b92-4c79-a4cc-1b2425e3fb24-downloadableSrc-8700ce2718de.webp
88725b92-e8c0-48d5-9d73-0b8bb97ec790,Selecting a pick up store,03eab082-d557-423b-92f8-797b18bc1f36,Nike,f1257fae-f105-498b-8a5c-92f9c2e2b5b0,0,1,a08f3ad3-4384-454f-b319-e0a6d33a0917,true,downloadableSrc,200,image/webp,108138,108138,fc389fc9a6696827595be0652cad21d49b45d53ca3fa52d8dd97ef8e3dccf342,1179,2676,,,bytescale.mobbin.com,f7a1807c1ac98ccf0eecf5078d61346ac9a94ca37a547f5708d580528c9e55c0,/Users/user/mobbin-sides/screen-flows/nike/020-nike-selecting-a-pick-up-store-88725b92-e8c0-48d5-9d73-0b8bb97ec790/001-a08f3ad3-4384-454f-b319-e0a6d33a0917-downloadableSrc-fc389fc9a669.webp
88725b92-e8c0-48d5-9d73-0b8bb97ec790,Selecting a pick up store,03eab082-d557-423b-92f8-797b18bc1f36,Nike,f1257fae-f105-498b-8a5c-92f9c2e2b5b0,1,2,ae98b830-bfb4-4bb6-99a1-eb12e0ddb99d,true,downloadableSrc,200,image/webp,30148,30148,fb747e17533a20199269828bb83afba4cda3e32932ba0063a8fc3e1516d08201,1179,2676,,,bytescale.mobbin.com,f7a1807c1ac98ccf0eecf5078d61346ac9a94ca37a547f5708d580528c9e55c0,/Users/user/mobbin-sides/screen-flows/nike/020-nike-selecting-a-pick-up-store-88725b92-e8c0-48d5-9d73-0b8bb97ec790/002-ae98b830-bfb4-4bb6-99a1-eb12e0ddb99d-downloadableSrc-fb747e17533a.webp
88725b92-e8c0-48d5-9d73-0b8bb97ec790,Selecting a pick up store,03eab082-d557-423b-92f8-797b18bc1f36,Nike,f1257fae-f105-498b-8a5c-92f9c2e2b5b0,2,3,58e836a2-696b-41df-806e-87de6cc5b910,true,downloadableSrc,200,image/webp,41556,41556,b7a9f93b779ecff00b6725771871579bd294d01d9d191e43330c53c240dd8cd7,1179,2676,,,bytescale.mobbin.com,f7a1807c1ac98ccf0eecf5078d61346ac9a94ca37a547f5708d580528c9e55c0,/Users/user/mobbin-sides/screen-flows/nike/020-nike-selecting-a-pick-up-store-88725b92-e8c0-48d5-9d73-0b8bb97ec790/003-58e836a2-696b-41df-806e-87de6cc5b910-downloadableSrc-b7a9f93b779e.webp
88725b92-e8c0-48d5-9d73-0b8bb97ec790,Selecting a pick up store,03eab082-d557-423b-92f8-797b18bc1f36,Nike,f1257fae-f105-498b-8a5c-92f9c2e2b5b0,3,4,8ab14083-99a4-43df-a069-0ac629695d2f,true,downloadableSrc,200,image/webp,67788,67788,7df839fea25dc2e9e102f961150b7e7e2388c04f68267f33eff35c0702c7ad11,1179,2676,,,bytescale.mobbin.com,f7a1807c1ac98ccf0eecf5078d61346ac9a94ca37a547f5708d580528c9e55c0,/Users/user/mobbin-sides/screen-flows/nike/020-nike-selecting-a-pick-up-store-88725b92-e8c0-48d5-9d73-0b8bb97ec790/004-8ab14083-99a4-43df-a069-0ac629695d2f-downloadableSrc-7df839fea25d.webp
88725b92-e8c0-48d5-9d73-0b8bb97ec790,Selecting a pick up store,03eab082-d557-423b-92f8-797b18bc1f36,Nike,f1257fae-f105-498b-8a5c-92f9c2e2b5b0,4,5,e9fbee4a-190c-492e-b45f-049f9d95f3ff,true,downloadableSrc,200,image/webp,82990,82990,9bc907b229b0505e5c8aacfeb19744c66553745169010fa063c1744e3f0b8267,1179,2676,,,bytescale.mobbin.com,f7a1807c1ac98ccf0eecf5078d61346ac9a94ca37a547f5708d580528c9e55c0,/Users/user/mobbin-sides/screen-flows/nike/020-nike-selecting-a-pick-up-store-88725b92-e8c0-48d5-9d73-0b8bb97ec790/005-e9fbee4a-190c-492e-b45f-049f9d95f3ff-downloadableSrc-9bc907b229b0.webp
88725b92-e8c0-48d5-9d73-0b8bb97ec790,Selecting a pick up store,03eab082-d557-423b-92f8-797b18bc1f36,Nike,f1257fae-f105-498b-8a5c-92f9c2e2b5b0,5,6,b003ec55-466d-4d6a-95fd-5aa745b70adf,true,downloadableSrc,200,image/webp,74290,74290,958ca2c55a9d9c9f65a1b587fbea8d37cd06223a725564177e60423abd60d5d2,1179,2676,,,bytescale.mobbin.com,f7a1807c1ac98ccf0eecf5078d61346ac9a94ca37a547f5708d580528c9e55c0,/Users/user/mobbin-sides/screen-flows/nike/020-nike-selecting-a-pick-up-store-88725b92-e8c0-48d5-9d73-0b8bb97ec790/006-b003ec55-466d-4d6a-95fd-5aa745b70adf-downloadableSrc-958ca2c55a9d.webp
88725b92-e8c0-48d5-9d73-0b8bb97ec790,Selecting a pick up store,03eab082-d557-423b-92f8-797b18bc1f36,Nike,f1257fae-f105-498b-8a5c-92f9c2e2b5b0,6,7,6b1970ac-9838-4059-857a-cc85a865c00f,true,downloadableSrc,200,image/webp,77890,77890,7908745dc09e32f82cc6df018078125f8bb6d538ac12d94f849956c703328353,1179,2676,,,bytescale.mobbin.com,f7a1807c1ac98ccf0eecf5078d61346ac9a94ca37a547f5708d580528c9e55c0,/Users/user/mobbin-sides/screen-flows/nike/020-nike-selecting-a-pick-up-store-88725b92-e8c0-48d5-9d73-0b8bb97ec790/007-6b1970ac-9838-4059-857a-cc85a865c00f-downloadableSrc-7908745dc09e.webp
50e9cc31-d8e8-420d-93c0-427ec06b2f9f,Product detail,03eab082-d557-423b-92f8-797b18bc1f36,Nike,f1257fae-f105-498b-8a5c-92f9c2e2b5b0,0,1,36a0fe48-1141-4d40-b2f4-acb177c2b66f,true,downloadableSrc,200,image/webp,109226,109226,1c0138a4891bec2484af86f9e0a13fbd09c91bbe1b828a61335b318264514f0c,1179,2676,,,bytescale.mobbin.com,f7a1807c1ac98ccf0eecf5078d61346ac9a94ca37a547f5708d580528c9e55c0,/Users/user/mobbin-sides/screen-flows/nike/021-nike-product-detail-50e9cc31-d8e8-420d-93c0-427ec06b2f9f/001-36a0fe48-1141-4d40-b2f4-acb177c2b66f-downloadableSrc-1c0138a4891b.webp
50e9cc31-d8e8-420d-93c0-427ec06b2f9f,Product detail,03eab082-d557-423b-92f8-797b18bc1f36,Nike,f1257fae-f105-498b-8a5c-92f9c2e2b5b0,1,2,b90e99c1-b452-41d7-bd88-c8aebe6f1852,true,downloadableSrc,200,image/webp,76246,76246,c0d1dd5e6f49c34479a01816ae9f7ba6ec9236a9c7fe3fe517bce4b08ebc99d1,1179,2676,,,bytescale.mobbin.com,f7a1807c1ac98ccf0eecf5078d61346ac9a94ca37a547f5708d580528c9e55c0,/Users/user/mobbin-sides/screen-flows/nike/021-nike-product-detail-50e9cc31-d8e8-420d-93c0-427ec06b2f9f/002-b90e99c1-b452-41d7-bd88-c8aebe6f1852-downloadableSrc-c0d1dd5e6f49.webp
50e9cc31-d8e8-420d-93c0-427ec06b2f9f,Product detail,03eab082-d557-423b-92f8-797b18bc1f36,Nike,f1257fae-f105-498b-8a5c-92f9c2e2b5b0,2,3,0d3f3d88-540a-4a7b-a123-09edb3c6f780,true,downloadableSrc,200,image/webp,97346,97346,cb08aa84ad2434748250c3c2021793d679a80dc47f2e7dcc0364f792c2775f3e,1179,2676,,,bytescale.mobbin.com,f7a1807c1ac98ccf0eecf5078d61346ac9a94ca37a547f5708d580528c9e55c0,/Users/user/mobbin-sides/screen-flows/nike/021-nike-product-detail-50e9cc31-d8e8-420d-93c0-427ec06b2f9f/003-0d3f3d88-540a-4a7b-a123-09edb3c6f780-downloadableSrc-cb08aa84ad24.webp
50e9cc31-d8e8-420d-93c0-427ec06b2f9f,Product detail,03eab082-d557-423b-92f8-797b18bc1f36,Nike,f1257fae-f105-498b-8a5c-92f9c2e2b5b0,3,4,c6625e03-0af0-48c8-b8d0-bf89e5e56aeb,true,downloadableSrc,200,image/webp,117688,117688,69fe4163cbf22ba984c7a5e61e63a7f033ac03007082360f6b4df3a406997f4a,1179,2676,,,bytescale.mobbin.com,f7a1807c1ac98ccf0eecf5078d61346ac9a94ca37a547f5708d580528c9e55c0,/Users/user/mobbin-sides/screen-flows/nike/021-nike-product-detail-50e9cc31-d8e8-420d-93c0-427ec06b2f9f/004-c6625e03-0af0-48c8-b8d0-bf89e5e56aeb-downloadableSrc-69fe4163cbf2.webp
50e9cc31-d8e8-420d-93c0-427ec06b2f9f,Product detail,03eab082-d557-423b-92f8-797b18bc1f36,Nike,f1257fae-f105-498b-8a5c-92f9c2e2b5b0,4,5,2aab6bfb-0e18-40c7-90d2-56d6c3be57c2,true,downloadableSrc,200,image/webp,77806,77806,2899b4e477e5e76bd7437090b8e69ef1e8ac8c2c0552322b5a29504baa486e89,1179,2676,,,bytescale.mobbin.com,f7a1807c1ac98ccf0eecf5078d61346ac9a94ca37a547f5708d580528c9e55c0,/Users/user/mobbin-sides/screen-flows/nike/021-nike-product-detail-50e9cc31-d8e8-420d-93c0-427ec06b2f9f/005-2aab6bfb-0e18-40c7-90d2-56d6c3be57c2-downloadableSrc-2899b4e477e5.webp
50e9cc31-d8e8-420d-93c0-427ec06b2f9f,Product detail,03eab082-d557-423b-92f8-797b18bc1f36,Nike,f1257fae-f105-498b-8a5c-92f9c2e2b5b0,5,6,2947ecad-aceb-4431-8813-eb6807f75d42,true,downloadableSrc,200,image/webp,76052,76052,6ed2dd1198fdb9e22c4f3a7d8c687e50cfbee9be31b67fb5f2779396c34f027c,1179,2676,,,bytescale.mobbin.com,f7a1807c1ac98ccf0eecf5078d61346ac9a94ca37a547f5708d580528c9e55c0,/Users/user/mobbin-sides/screen-flows/nike/021-nike-product-detail-50e9cc31-d8e8-420d-93c0-427ec06b2f9f/006-2947ecad-aceb-4431-8813-eb6807f75d42-downloadableSrc-6ed2dd1198fd.webp
50e9cc31-d8e8-420d-93c0-427ec06b2f9f,Product detail,03eab082-d557-423b-92f8-797b18bc1f36,Nike,f1257fae-f105-498b-8a5c-92f9c2e2b5b0,6,7,7f9c1d91-ea5a-4bfe-9264-97a51ff200ad,true,downloadableSrc,200,image/webp,85188,85188,fdc865e590b5ad9059577e0cb013f60e0088acc9b841d0d02ee9d27e256544e0,1179,2676,,,bytescale.mobbin.com,f7a1807c1ac98ccf0eecf5078d61346ac9a94ca37a547f5708d580528c9e55c0,/Users/user/mobbin-sides/screen-flows/nike/021-nike-product-detail-50e9cc31-d8e8-420d-93c0-427ec06b2f9f/007-7f9c1d91-ea5a-4bfe-9264-97a51ff200ad-downloadableSrc-fdc865e590b5.webp
50e9cc31-d8e8-420d-93c0-427ec06b2f9f,Product detail,03eab082-d557-423b-92f8-797b18bc1f36,Nike,f1257fae-f105-498b-8a5c-92f9c2e2b5b0,7,8,d02a7025-6019-416a-90e9-0c5079a0993f,true,downloadableSrc,200,image/webp,114946,114946,dd2f269fd81f907d42aac46e08661a4080fd4d0dd262feeaabd7ced33cdc3fdf,1179,2676,,,bytescale.mobbin.com,f7a1807c1ac98ccf0eecf5078d61346ac9a94ca37a547f5708d580528c9e55c0,/Users/user/mobbin-sides/screen-flows/nike/021-nike-product-detail-50e9cc31-d8e8-420d-93c0-427ec06b2f9f/008-d02a7025-6019-416a-90e9-0c5079a0993f-downloadableSrc-dd2f269fd81f.webp
50e9cc31-d8e8-420d-93c0-427ec06b2f9f,Product detail,03eab082-d557-423b-92f8-797b18bc1f36,Nike,f1257fae-f105-498b-8a5c-92f9c2e2b5b0,8,9,ee12b247-1b33-4b4b-a27e-e8e2a667b3ef,true,downloadableSrc,200,image/webp,57692,57692,7077c88d7a3ef8d56c699be8595017b778563023321f75b5f7f242f6a8d974f5,1179,2676,,,bytescale.mobbin.com,f7a1807c1ac98ccf0eecf5078d61346ac9a94ca37a547f5708d580528c9e55c0,/Users/user/mobbin-sides/screen-flows/nike/021-nike-product-detail-50e9cc31-d8e8-420d-93c0-427ec06b2f9f/009-ee12b247-1b33-4b4b-a27e-e8e2a667b3ef-downloadableSrc-7077c88d7a3e.webp
50e9cc31-d8e8-420d-93c0-427ec06b2f9f,Product detail,03eab082-d557-423b-92f8-797b18bc1f36,Nike,f1257fae-f105-498b-8a5c-92f9c2e2b5b0,9,10,f405046e-331e-488d-8919-0cb1943ee463,true,downloadableSrc,200,image/webp,66786,66786,9fa5e80a95ab41357ee0c72584d0301661dd4bf6ef1ce3482ac11879facf6696,1179,2676,,,bytescale.mobbin.com,f7a1807c1ac98ccf0eecf5078d61346ac9a94ca37a547f5708d580528c9e55c0,/Users/user/mobbin-sides/screen-flows/nike/021-nike-product-detail-50e9cc31-d8e8-420d-93c0-427ec06b2f9f/010-f405046e-331e-488d-8919-0cb1943ee463-downloadableSrc-9fa5e80a95ab.webp
aff59d74-255d-4bb9-8177-498b1ae850d8,Share a product,03eab082-d557-423b-92f8-797b18bc1f36,Nike,f1257fae-f105-498b-8a5c-92f9c2e2b5b0,0,1,b90e99c1-b452-41d7-bd88-c8aebe6f1852,true,downloadableSrc,200,image/webp,76246,76246,c0d1dd5e6f49c34479a01816ae9f7ba6ec9236a9c7fe3fe517bce4b08ebc99d1,1179,2676,,,bytescale.mobbin.com,f7a1807c1ac98ccf0eecf5078d61346ac9a94ca37a547f5708d580528c9e55c0,/Users/user/mobbin-sides/screen-flows/nike/022-nike-share-a-product-aff59d74-255d-4bb9-8177-498b1ae850d8/001-b90e99c1-b452-41d7-bd88-c8aebe6f1852-downloadableSrc-c0d1dd5e6f49.webp
aff59d74-255d-4bb9-8177-498b1ae850d8,Share a product,03eab082-d557-423b-92f8-797b18bc1f36,Nike,f1257fae-f105-498b-8a5c-92f9c2e2b5b0,1,2,9561feee-7d43-484c-b5dc-fb12e040c9fa,true,downloadableSrc,200,image/webp,53748,53748,97858970bbc9503b69452fbe6e1024a724a55eb3bf89a93a9ff8e628366d29e2,1179,2676,,,bytescale.mobbin.com,f7a1807c1ac98ccf0eecf5078d61346ac9a94ca37a547f5708d580528c9e55c0,/Users/user/mobbin-sides/screen-flows/nike/022-nike-share-a-product-aff59d74-255d-4bb9-8177-498b1ae850d8/002-9561feee-7d43-484c-b5dc-fb12e040c9fa-downloadableSrc-97858970bbc9.webp
4af72bb6-27e2-41b5-9180-f0c74aeec095,Selecting a size,03eab082-d557-423b-92f8-797b18bc1f36,Nike,f1257fae-f105-498b-8a5c-92f9c2e2b5b0,0,1,c6625e03-0af0-48c8-b8d0-bf89e5e56aeb,true,downloadableSrc,200,image/webp,117688,117688,69fe4163cbf22ba984c7a5e61e63a7f033ac03007082360f6b4df3a406997f4a,1179,2676,,,bytescale.mobbin.com,f7a1807c1ac98ccf0eecf5078d61346ac9a94ca37a547f5708d580528c9e55c0,/Users/user/mobbin-sides/screen-flows/nike/023-nike-selecting-a-size-4af72bb6-27e2-41b5-9180-f0c74aeec095/001-c6625e03-0af0-48c8-b8d0-bf89e5e56aeb-downloadableSrc-69fe4163cbf2.webp
4af72bb6-27e2-41b5-9180-f0c74aeec095,Selecting a size,03eab082-d557-423b-92f8-797b18bc1f36,Nike,f1257fae-f105-498b-8a5c-92f9c2e2b5b0,1,2,98299373-7323-4238-9edf-51aaad3872e4,true,downloadableSrc,200,image/webp,45508,45508,fc563a2d9a725b095190eaa3e6ba01563330eb842470f176c51830d1b0675286,1179,2676,,,bytescale.mobbin.com,f7a1807c1ac98ccf0eecf5078d61346ac9a94ca37a547f5708d580528c9e55c0,/Users/user/mobbin-sides/screen-flows/nike/023-nike-selecting-a-size-4af72bb6-27e2-41b5-9180-f0c74aeec095/002-98299373-7323-4238-9edf-51aaad3872e4-downloadableSrc-fc563a2d9a72.webp
4af72bb6-27e2-41b5-9180-f0c74aeec095,Selecting a size,03eab082-d557-423b-92f8-797b18bc1f36,Nike,f1257fae-f105-498b-8a5c-92f9c2e2b5b0,2,3,5163c408-ea2f-46d1-b945-ab33395eacd1,true,downloadableSrc,200,image/webp,119520,119520,4effb679b8a6493d2e8ff46e1fed375b2872ab0840bc6ad2953dc5b775ae924d,1179,2676,,,bytescale.mobbin.com,f7a1807c1ac98ccf0eecf5078d61346ac9a94ca37a547f5708d580528c9e55c0,/Users/user/mobbin-sides/screen-flows/nike/023-nike-selecting-a-size-4af72bb6-27e2-41b5-9180-f0c74aeec095/003-5163c408-ea2f-46d1-b945-ab33395eacd1-downloadableSrc-4effb679b8a6.webp
f310c258-2833-4eb6-ada6-138b9391596a,Adding an item to bag,03eab082-d557-423b-92f8-797b18bc1f36,Nike,f1257fae-f105-498b-8a5c-92f9c2e2b5b0,0,1,c6625e03-0af0-48c8-b8d0-bf89e5e56aeb,true,downloadableSrc,200,image/webp,117688,117688,69fe4163cbf22ba984c7a5e61e63a7f033ac03007082360f6b4df3a406997f4a,1179,2676,,,bytescale.mobbin.com,f7a1807c1ac98ccf0eecf5078d61346ac9a94ca37a547f5708d580528c9e55c0,/Users/user/mobbin-sides/screen-flows/nike/024-nike-adding-an-item-to-bag-f310c258-2833-4eb6-ada6-138b9391596a/001-c6625e03-0af0-48c8-b8d0-bf89e5e56aeb-downloadableSrc-69fe4163cbf2.webp
f310c258-2833-4eb6-ada6-138b9391596a,Adding an item to bag,03eab082-d557-423b-92f8-797b18bc1f36,Nike,f1257fae-f105-498b-8a5c-92f9c2e2b5b0,1,2,36ce1491-8cec-4b07-902a-0bbee9e6d6f3,true,downloadableSrc,200,image/webp,45128,45128,55d2094ecf3e0329c24f0934f64e3b93ea4747d0967f19c863fe85f022c9c589,1179,2676,,,bytescale.mobbin.com,f7a1807c1ac98ccf0eecf5078d61346ac9a94ca37a547f5708d580528c9e55c0,/Users/user/mobbin-sides/screen-flows/nike/024-nike-adding-an-item-to-bag-f310c258-2833-4eb6-ada6-138b9391596a/002-36ce1491-8cec-4b07-902a-0bbee9e6d6f3-downloadableSrc-55d2094ecf3e.webp
f310c258-2833-4eb6-ada6-138b9391596a,Adding an item to bag,03eab082-d557-423b-92f8-797b18bc1f36,Nike,f1257fae-f105-498b-8a5c-92f9c2e2b5b0,2,3,58da3822-20bb-4b6e-91f0-b7382884022a,true,downloadableSrc,200,image/webp,75846,75846,65ff280fbae74e2a3e2cc9d6d013c87bd527af0b855b88d815cc1b84814102bd,1179,2676,,,bytescale.mobbin.com,f7a1807c1ac98ccf0eecf5078d61346ac9a94ca37a547f5708d580528c9e55c0,/Users/user/mobbin-sides/screen-flows/nike/024-nike-adding-an-item-to-bag-f310c258-2833-4eb6-ada6-138b9391596a/003-58da3822-20bb-4b6e-91f0-b7382884022a-downloadableSrc-65ff280fbae7.webp
13a4fe4c-b413-4a2a-9a74-5c2f64a25dbc,Adding product to favorites,03eab082-d557-423b-92f8-797b18bc1f36,Nike,f1257fae-f105-498b-8a5c-92f9c2e2b5b0,0,1,c6625e03-0af0-48c8-b8d0-bf89e5e56aeb,true,downloadableSrc,200,image/webp,117688,117688,69fe4163cbf22ba984c7a5e61e63a7f033ac03007082360f6b4df3a406997f4a,1179,2676,,,bytescale.mobbin.com,f7a1807c1ac98ccf0eecf5078d61346ac9a94ca37a547f5708d580528c9e55c0,/Users/user/mobbin-sides/screen-flows/nike/025-nike-adding-product-to-favorites-13a4fe4c-b413-4a2a-9a74-5c2f64a25dbc/001-c6625e03-0af0-48c8-b8d0-bf89e5e56aeb-downloadableSrc-69fe4163cbf2.webp
13a4fe4c-b413-4a2a-9a74-5c2f64a25dbc,Adding product to favorites,03eab082-d557-423b-92f8-797b18bc1f36,Nike,f1257fae-f105-498b-8a5c-92f9c2e2b5b0,1,2,7c8c019d-a5f7-4ece-998f-dd01dbdb9bdf,true,downloadableSrc,200,image/webp,109600,109600,7c03ccc84efc870922c34ffdbc03b7ce46453eee8b5365f5ef6c4b009c73ec31,1179,2676,,,bytescale.mobbin.com,f7a1807c1ac98ccf0eecf5078d61346ac9a94ca37a547f5708d580528c9e55c0,/Users/user/mobbin-sides/screen-flows/nike/025-nike-adding-product-to-favorites-13a4fe4c-b413-4a2a-9a74-5c2f64a25dbc/002-7c8c019d-a5f7-4ece-998f-dd01dbdb9bdf-downloadableSrc-7c03ccc84efc.webp
6cf2d5e9-2c4e-4fce-9664-0e2b1f0e1836,Reviews,03eab082-d557-423b-92f8-797b18bc1f36,Nike,f1257fae-f105-498b-8a5c-92f9c2e2b5b0,0,1,d02a7025-6019-416a-90e9-0c5079a0993f,true,downloadableSrc,200,image/webp,114946,114946,dd2f269fd81f907d42aac46e08661a4080fd4d0dd262feeaabd7ced33cdc3fdf,1179,2676,,,bytescale.mobbin.com,f7a1807c1ac98ccf0eecf5078d61346ac9a94ca37a547f5708d580528c9e55c0,/Users/user/mobbin-sides/screen-flows/nike/026-nike-reviews-6cf2d5e9-2c4e-4fce-9664-0e2b1f0e1836/001-d02a7025-6019-416a-90e9-0c5079a0993f-downloadableSrc-dd2f269fd81f.webp
6cf2d5e9-2c4e-4fce-9664-0e2b1f0e1836,Reviews,03eab082-d557-423b-92f8-797b18bc1f36,Nike,f1257fae-f105-498b-8a5c-92f9c2e2b5b0,1,2,a0b68c05-3fac-4cfc-8b28-0590efe7be08,true,downloadableSrc,200,image/webp,94824,94824,c1e5528b8de020db0cc253a552ed73f5dc0fcb07b9d3f2d3cd4cc15319d326f3,1179,2676,,,bytescale.mobbin.com,f7a1807c1ac98ccf0eecf5078d61346ac9a94ca37a547f5708d580528c9e55c0,/Users/user/mobbin-sides/screen-flows/nike/026-nike-reviews-6cf2d5e9-2c4e-4fce-9664-0e2b1f0e1836/002-a0b68c05-3fac-4cfc-8b28-0590efe7be08-downloadableSrc-c1e5528b8de0.webp
3621d34b-d7b0-41f0-9b7d-e9619074e876,Sorting reviews,03eab082-d557-423b-92f8-797b18bc1f36,Nike,f1257fae-f105-498b-8a5c-92f9c2e2b5b0,0,1,a0b68c05-3fac-4cfc-8b28-0590efe7be08,true,downloadableSrc,200,image/webp,94824,94824,c1e5528b8de020db0cc253a552ed73f5dc0fcb07b9d3f2d3cd4cc15319d326f3,1179,2676,,,bytescale.mobbin.com,f7a1807c1ac98ccf0eecf5078d61346ac9a94ca37a547f5708d580528c9e55c0,/Users/user/mobbin-sides/screen-flows/nike/027-nike-sorting-reviews-3621d34b-d7b0-41f0-9b7d-e9619074e876/001-a0b68c05-3fac-4cfc-8b28-0590efe7be08-downloadableSrc-c1e5528b8de0.webp
3621d34b-d7b0-41f0-9b7d-e9619074e876,Sorting reviews,03eab082-d557-423b-92f8-797b18bc1f36,Nike,f1257fae-f105-498b-8a5c-92f9c2e2b5b0,1,2,6137e5c4-9810-453d-bfad-66023f4b270b,true,downloadableSrc,200,image/webp,49164,49164,532d992b1be3d42647c9176d793082da6184137068f813977d439e1a6d537470,1179,2676,,,bytescale.mobbin.com,f7a1807c1ac98ccf0eecf5078d61346ac9a94ca37a547f5708d580528c9e55c0,/Users/user/mobbin-sides/screen-flows/nike/027-nike-sorting-reviews-3621d34b-d7b0-41f0-9b7d-e9619074e876/002-6137e5c4-9810-453d-bfad-66023f4b270b-downloadableSrc-532d992b1be3.webp
3621d34b-d7b0-41f0-9b7d-e9619074e876,Sorting reviews,03eab082-d557-423b-92f8-797b18bc1f36,Nike,f1257fae-f105-498b-8a5c-92f9c2e2b5b0,2,3,150c23a2-d702-42e5-847f-b2e544202dc5,true,downloadableSrc,200,image/webp,75566,75566,92a53de923230d5d12b04a827817fdae06d75fffb6813064bf62aa8dab14dfe0,1179,2676,,,bytescale.mobbin.com,f7a1807c1ac98ccf0eecf5078d61346ac9a94ca37a547f5708d580528c9e55c0,/Users/user/mobbin-sides/screen-flows/nike/027-nike-sorting-reviews-3621d34b-d7b0-41f0-9b7d-e9619074e876/003-150c23a2-d702-42e5-847f-b2e544202dc5-downloadableSrc-92a53de92323.webp
dc061ff0-ed89-4c07-bada-ae45d232ddda,Chatting live with Nike Bot,03eab082-d557-423b-92f8-797b18bc1f36,Nike,f1257fae-f105-498b-8a5c-92f9c2e2b5b0,0,1,ee12b247-1b33-4b4b-a27e-e8e2a667b3ef,true,downloadableSrc,200,image/webp,57692,57692,7077c88d7a3ef8d56c699be8595017b778563023321f75b5f7f242f6a8d974f5,1179,2676,,,bytescale.mobbin.com,f7a1807c1ac98ccf0eecf5078d61346ac9a94ca37a547f5708d580528c9e55c0,/Users/user/mobbin-sides/screen-flows/nike/028-nike-chatting-live-with-nike-bot-dc061ff0-ed89-4c07-bada-ae45d232ddda/001-ee12b247-1b33-4b4b-a27e-e8e2a667b3ef-downloadableSrc-7077c88d7a3e.webp
dc061ff0-ed89-4c07-bada-ae45d232ddda,Chatting live with Nike Bot,03eab082-d557-423b-92f8-797b18bc1f36,Nike,f1257fae-f105-498b-8a5c-92f9c2e2b5b0,1,2,f93fe2be-b577-421b-8a52-bfc9b8f28c00,true,downloadableSrc,200,image/webp,23886,23886,65fe738dac7898fe8702e1b03e25f7de8d338d384e908e498d05e139cb44e8ff,1179,2676,,,bytescale.mobbin.com,f7a1807c1ac98ccf0eecf5078d61346ac9a94ca37a547f5708d580528c9e55c0,/Users/user/mobbin-sides/screen-flows/nike/028-nike-chatting-live-with-nike-bot-dc061ff0-ed89-4c07-bada-ae45d232ddda/002-f93fe2be-b577-421b-8a52-bfc9b8f28c00-downloadableSrc-65fe738dac78.webp
dc061ff0-ed89-4c07-bada-ae45d232ddda,Chatting live with Nike Bot,03eab082-d557-423b-92f8-797b18bc1f36,Nike,f1257fae-f105-498b-8a5c-92f9c2e2b5b0,2,3,7eb2b81a-a662-47ad-92de-d7484ea147d7,true,downloadableSrc,200,image/webp,64366,64366,8f1744a433579eaf929470121941d74bb303e45da0ba7934b5453ea5a63bfad3,1179,2676,,,bytescale.mobbin.com,f7a1807c1ac98ccf0eecf5078d61346ac9a94ca37a547f5708d580528c9e55c0,/Users/user/mobbin-sides/screen-flows/nike/028-nike-chatting-live-with-nike-bot-dc061ff0-ed89-4c07-bada-ae45d232ddda/003-7eb2b81a-a662-47ad-92de-d7484ea147d7-downloadableSrc-8f1744a43357.webp
dc061ff0-ed89-4c07-bada-ae45d232ddda,Chatting live with Nike Bot,03eab082-d557-423b-92f8-797b18bc1f36,Nike,f1257fae-f105-498b-8a5c-92f9c2e2b5b0,3,4,6ffdfc99-12fc-4120-90c0-5446fc73f8c4,true,downloadableSrc,200,image/webp,72804,72804,258ae184e57a4231f383303afa2d3eaaabab217400c546d990550e8e8222a7b6,1179,2676,,,bytescale.mobbin.com,f7a1807c1ac98ccf0eecf5078d61346ac9a94ca37a547f5708d580528c9e55c0,/Users/user/mobbin-sides/screen-flows/nike/028-nike-chatting-live-with-nike-bot-dc061ff0-ed89-4c07-bada-ae45d232ddda/004-6ffdfc99-12fc-4120-90c0-5446fc73f8c4-downloadableSrc-258ae184e57a.webp
dc061ff0-ed89-4c07-bada-ae45d232ddda,Chatting live with Nike Bot,03eab082-d557-423b-92f8-797b18bc1f36,Nike,f1257fae-f105-498b-8a5c-92f9c2e2b5b0,4,5,6f740498-b789-4836-809a-f92013098616,true,downloadableSrc,200,image/webp,77526,77526,12241a1a2abe35660df06e24c204704d41af5a3eff34cb8e8e86837e4eda208d,1179,2676,,,bytescale.mobbin.com,f7a1807c1ac98ccf0eecf5078d61346ac9a94ca37a547f5708d580528c9e55c0,/Users/user/mobbin-sides/screen-flows/nike/028-nike-chatting-live-with-nike-bot-dc061ff0-ed89-4c07-bada-ae45d232ddda/005-6f740498-b789-4836-809a-f92013098616-downloadableSrc-12241a1a2abe.webp
dc061ff0-ed89-4c07-bada-ae45d232ddda,Chatting live with Nike Bot,03eab082-d557-423b-92f8-797b18bc1f36,Nike,f1257fae-f105-498b-8a5c-92f9c2e2b5b0,5,6,2fcd7f25-7ec6-482f-8052-c4d7df64c5e6,true,downloadableSrc,200,image/webp,83204,83204,109d5df9a3a37680b8aabae19d889dc657683e6e5f1aaa2b21c01bc0e8893040,1179,2676,,,bytescale.mobbin.com,f7a1807c1ac98ccf0eecf5078d61346ac9a94ca37a547f5708d580528c9e55c0,/Users/user/mobbin-sides/screen-flows/nike/028-nike-chatting-live-with-nike-bot-dc061ff0-ed89-4c07-bada-ae45d232ddda/006-2fcd7f25-7ec6-482f-8052-c4d7df64c5e6-downloadableSrc-109d5df9a3a3.webp
dc061ff0-ed89-4c07-bada-ae45d232ddda,Chatting live with Nike Bot,03eab082-d557-423b-92f8-797b18bc1f36,Nike,f1257fae-f105-498b-8a5c-92f9c2e2b5b0,6,7,237bbbd7-457c-4c2d-adb1-d5eecb29b1d2,true,downloadableSrc,200,image/webp,84458,84458,6c30cd9c5a058a8f475a96315f3a446d48b470064b77ed3c38e0eb4899256a5c,1179,2676,,,bytescale.mobbin.com,f7a1807c1ac98ccf0eecf5078d61346ac9a94ca37a547f5708d580528c9e55c0,/Users/user/mobbin-sides/screen-flows/nike/028-nike-chatting-live-with-nike-bot-dc061ff0-ed89-4c07-bada-ae45d232ddda/007-237bbbd7-457c-4c2d-adb1-d5eecb29b1d2-downloadableSrc-6c30cd9c5a05.webp
dc061ff0-ed89-4c07-bada-ae45d232ddda,Chatting live with Nike Bot,03eab082-d557-423b-92f8-797b18bc1f36,Nike,f1257fae-f105-498b-8a5c-92f9c2e2b5b0,7,8,5f510341-daa8-4496-8ec7-8835265757a6,true,downloadableSrc,200,image/webp,84460,84460,d346e9be0a0f1e392a849fada0278549ffbd0bf0972059eef726fadfbc82ef90,1179,2676,,,bytescale.mobbin.com,f7a1807c1ac98ccf0eecf5078d61346ac9a94ca37a547f5708d580528c9e55c0,/Users/user/mobbin-sides/screen-flows/nike/028-nike-chatting-live-with-nike-bot-dc061ff0-ed89-4c07-bada-ae45d232ddda/008-5f510341-daa8-4496-8ec7-8835265757a6-downloadableSrc-d346e9be0a0f.webp
dc061ff0-ed89-4c07-bada-ae45d232ddda,Chatting live with Nike Bot,03eab082-d557-423b-92f8-797b18bc1f36,Nike,f1257fae-f105-498b-8a5c-92f9c2e2b5b0,8,9,2184b919-4de4-4014-8399-cc6ac686c53c,true,downloadableSrc,200,image/webp,87874,87874,21162d9d6554d606d35a432a28af4d039a62033d0dd342f66b51e46287ae8dc9,1179,2676,,,bytescale.mobbin.com,f7a1807c1ac98ccf0eecf5078d61346ac9a94ca37a547f5708d580528c9e55c0,/Users/user/mobbin-sides/screen-flows/nike/028-nike-chatting-live-with-nike-bot-dc061ff0-ed89-4c07-bada-ae45d232ddda/009-2184b919-4de4-4014-8399-cc6ac686c53c-downloadableSrc-21162d9d6554.webp
dc061ff0-ed89-4c07-bada-ae45d232ddda,Chatting live with Nike Bot,03eab082-d557-423b-92f8-797b18bc1f36,Nike,f1257fae-f105-498b-8a5c-92f9c2e2b5b0,9,10,bcbc5c4c-efb5-4344-828f-de7c4e1df97d,true,downloadableSrc,200,image/webp,113672,113672,6af716d9c78078481b92a788428ff2a039aceb21f45df212706b3fb8a5fabc2f,1179,2676,,,bytescale.mobbin.com,f7a1807c1ac98ccf0eecf5078d61346ac9a94ca37a547f5708d580528c9e55c0,/Users/user/mobbin-sides/screen-flows/nike/028-nike-chatting-live-with-nike-bot-dc061ff0-ed89-4c07-bada-ae45d232ddda/010-bcbc5c4c-efb5-4344-828f-de7c4e1df97d-downloadableSrc-6af716d9c780.webp
8440ee00-0593-40d4-82db-0bf6a4d414c3,Complete The Look,03eab082-d557-423b-92f8-797b18bc1f36,Nike,f1257fae-f105-498b-8a5c-92f9c2e2b5b0,0,1,ee12b247-1b33-4b4b-a27e-e8e2a667b3ef,true,downloadableSrc,200,image/webp,57692,57692,7077c88d7a3ef8d56c699be8595017b778563023321f75b5f7f242f6a8d974f5,1179,2676,,,bytescale.mobbin.com,f7a1807c1ac98ccf0eecf5078d61346ac9a94ca37a547f5708d580528c9e55c0,/Users/user/mobbin-sides/screen-flows/nike/029-nike-complete-the-look-8440ee00-0593-40d4-82db-0bf6a4d414c3/001-ee12b247-1b33-4b4b-a27e-e8e2a667b3ef-downloadableSrc-7077c88d7a3e.webp
8440ee00-0593-40d4-82db-0bf6a4d414c3,Complete The Look,03eab082-d557-423b-92f8-797b18bc1f36,Nike,f1257fae-f105-498b-8a5c-92f9c2e2b5b0,1,2,7a843f53-47a1-4b32-9f3c-b47c5b04fff8,true,downloadableSrc,200,image/webp,94560,94560,99ff11b691efe78efef01d255e1f806112550ed72f313db81290ab5c903b6430,1179,2676,,,bytescale.mobbin.com,f7a1807c1ac98ccf0eecf5078d61346ac9a94ca37a547f5708d580528c9e55c0,/Users/user/mobbin-sides/screen-flows/nike/029-nike-complete-the-look-8440ee00-0593-40d4-82db-0bf6a4d414c3/002-7a843f53-47a1-4b32-9f3c-b47c5b04fff8-downloadableSrc-99ff11b691ef.webp
dc4bb35f-842c-4f1f-bec1-35456ddac1a8,Bestsellers,03eab082-d557-423b-92f8-797b18bc1f36,Nike,f1257fae-f105-498b-8a5c-92f9c2e2b5b0,0,1,0767b63a-5341-43a2-a379-9c00822e0f52,true,downloadableSrc,200,image/webp,84290,84290,400a656594d926385ef29a74d1d524582a30d869dc65c91a562f1f65fef7eff8,1179,2676,,,bytescale.mobbin.com,f7a1807c1ac98ccf0eecf5078d61346ac9a94ca37a547f5708d580528c9e55c0,/Users/user/mobbin-sides/screen-flows/nike/030-nike-bestsellers-dc4bb35f-842c-4f1f-bec1-35456ddac1a8/001-0767b63a-5341-43a2-a379-9c00822e0f52-downloadableSrc-400a656594d9.webp
dc4bb35f-842c-4f1f-bec1-35456ddac1a8,Bestsellers,03eab082-d557-423b-92f8-797b18bc1f36,Nike,f1257fae-f105-498b-8a5c-92f9c2e2b5b0,1,2,49f6e42d-b170-48ac-8f85-05ff1630f836,true,downloadableSrc,200,image/webp,112848,112848,735804e5e0de6012c2c5f7b3d607c0f4157803f73a31f6415e3f86b042fd7226,1179,2676,,,bytescale.mobbin.com,f7a1807c1ac98ccf0eecf5078d61346ac9a94ca37a547f5708d580528c9e55c0,/Users/user/mobbin-sides/screen-flows/nike/030-nike-bestsellers-dc4bb35f-842c-4f1f-bec1-35456ddac1a8/002-49f6e42d-b170-48ac-8f85-05ff1630f836-downloadableSrc-735804e5e0de.webp
dc4bb35f-842c-4f1f-bec1-35456ddac1a8,Bestsellers,03eab082-d557-423b-92f8-797b18bc1f36,Nike,f1257fae-f105-498b-8a5c-92f9c2e2b5b0,2,3,1ae7fda3-7a36-487e-b6f7-d72f7232952e,true,downloadableSrc,200,image/webp,112458,112458,e0d1db2b795ab7757d427210464f9b8c16563ee0479e3c0fa98d27a34621d9ca,1179,2676,,,bytescale.mobbin.com,f7a1807c1ac98ccf0eecf5078d61346ac9a94ca37a547f5708d580528c9e55c0,/Users/user/mobbin-sides/screen-flows/nike/030-nike-bestsellers-dc4bb35f-842c-4f1f-bec1-35456ddac1a8/003-1ae7fda3-7a36-487e-b6f7-d72f7232952e-downloadableSrc-e0d1db2b795a.webp
91515b05-083b-4a0a-81e0-6376fca11f31,Filtering Bestsellers,03eab082-d557-423b-92f8-797b18bc1f36,Nike,f1257fae-f105-498b-8a5c-92f9c2e2b5b0,0,1,49f6e42d-b170-48ac-8f85-05ff1630f836,true,downloadableSrc,200,image/webp,112848,112848,735804e5e0de6012c2c5f7b3d607c0f4157803f73a31f6415e3f86b042fd7226,1179,2676,,,bytescale.mobbin.com,f7a1807c1ac98ccf0eecf5078d61346ac9a94ca37a547f5708d580528c9e55c0,/Users/user/mobbin-sides/screen-flows/nike/031-nike-filtering-bestsellers-91515b05-083b-4a0a-81e0-6376fca11f31/001-49f6e42d-b170-48ac-8f85-05ff1630f836-downloadableSrc-735804e5e0de.webp
91515b05-083b-4a0a-81e0-6376fca11f31,Filtering Bestsellers,03eab082-d557-423b-92f8-797b18bc1f36,Nike,f1257fae-f105-498b-8a5c-92f9c2e2b5b0,1,2,f54d2b99-3c12-496d-bfe0-f56616d5c770,true,downloadableSrc,200,image/webp,52362,52362,2a31668106a43c68cf72bc8239c6f524966bd54d62e04449c8c0bddf93f9bf88,1179,2676,,,bytescale.mobbin.com,f7a1807c1ac98ccf0eecf5078d61346ac9a94ca37a547f5708d580528c9e55c0,/Users/user/mobbin-sides/screen-flows/nike/031-nike-filtering-bestsellers-91515b05-083b-4a0a-81e0-6376fca11f31/002-f54d2b99-3c12-496d-bfe0-f56616d5c770-downloadableSrc-2a31668106a4.webp
91515b05-083b-4a0a-81e0-6376fca11f31,Filtering Bestsellers,03eab082-d557-423b-92f8-797b18bc1f36,Nike,f1257fae-f105-498b-8a5c-92f9c2e2b5b0,2,3,9788f8ac-3f1b-4944-b011-2ae2aea01b9c,true,downloadableSrc,200,image/webp,53640,53640,c471d7cac1f6e7e85c0e1ccd6b85599221e7ffbaa6e4756fc1998846746c47b4,1179,2676,,,bytescale.mobbin.com,f7a1807c1ac98ccf0eecf5078d61346ac9a94ca37a547f5708d580528c9e55c0,/Users/user/mobbin-sides/screen-flows/nike/031-nike-filtering-bestsellers-91515b05-083b-4a0a-81e0-6376fca11f31/003-9788f8ac-3f1b-4944-b011-2ae2aea01b9c-downloadableSrc-c471d7cac1f6.webp
91515b05-083b-4a0a-81e0-6376fca11f31,Filtering Bestsellers,03eab082-d557-423b-92f8-797b18bc1f36,Nike,f1257fae-f105-498b-8a5c-92f9c2e2b5b0,3,4,45c42554-26aa-46d9-af65-91b5482d908e,true,downloadableSrc,200,image/webp,49016,49016,3fed7ab044ecc48e59dcbb9592e1fa4e41abf7b3daca143d531a1f6f163f5cba,1179,2676,,,bytescale.mobbin.com,f7a1807c1ac98ccf0eecf5078d61346ac9a94ca37a547f5708d580528c9e55c0,/Users/user/mobbin-sides/screen-flows/nike/031-nike-filtering-bestsellers-91515b05-083b-4a0a-81e0-6376fca11f31/004-45c42554-26aa-46d9-af65-91b5482d908e-downloadableSrc-3fed7ab044ec.webp
91515b05-083b-4a0a-81e0-6376fca11f31,Filtering Bestsellers,03eab082-d557-423b-92f8-797b18bc1f36,Nike,f1257fae-f105-498b-8a5c-92f9c2e2b5b0,4,5,2d1f8b3c-7578-405e-b26b-f340614b89ff,true,downloadableSrc,200,image/webp,49580,49580,3ae63f9484830028ecf5a8225dc0bfaaf86455266a23fac8d5bf457ea54ec775,1179,2676,,,bytescale.mobbin.com,f7a1807c1ac98ccf0eecf5078d61346ac9a94ca37a547f5708d580528c9e55c0,/Users/user/mobbin-sides/screen-flows/nike/031-nike-filtering-bestsellers-91515b05-083b-4a0a-81e0-6376fca11f31/005-2d1f8b3c-7578-405e-b26b-f340614b89ff-downloadableSrc-3ae63f948483.webp
91515b05-083b-4a0a-81e0-6376fca11f31,Filtering Bestsellers,03eab082-d557-423b-92f8-797b18bc1f36,Nike,f1257fae-f105-498b-8a5c-92f9c2e2b5b0,5,6,ca11ed40-14c0-4999-8c0e-e7c9cb2acea2,true,downloadableSrc,200,image/webp,113224,113224,cd76dccc2beb45f570d3670ffbf779e2e3f8eca50d07ee4380b7f1362db078b9,1179,2676,,,bytescale.mobbin.com,f7a1807c1ac98ccf0eecf5078d61346ac9a94ca37a547f5708d580528c9e55c0,/Users/user/mobbin-sides/screen-flows/nike/031-nike-filtering-bestsellers-91515b05-083b-4a0a-81e0-6376fca11f31/006-ca11ed40-14c0-4999-8c0e-e7c9cb2acea2-downloadableSrc-cd76dccc2beb.webp
91515b05-083b-4a0a-81e0-6376fca11f31,Filtering Bestsellers,03eab082-d557-423b-92f8-797b18bc1f36,Nike,f1257fae-f105-498b-8a5c-92f9c2e2b5b0,6,7,687f572c-cb71-493f-8cc3-6bc23074596f,true,downloadableSrc,200,image/webp,125994,125994,227b751a63c790ccf9153abd5d3cad1ecf3074a4f338b7a1da94c5bf59e138ce,1179,2676,,,bytescale.mobbin.com,f7a1807c1ac98ccf0eecf5078d61346ac9a94ca37a547f5708d580528c9e55c0,/Users/user/mobbin-sides/screen-flows/nike/031-nike-filtering-bestsellers-91515b05-083b-4a0a-81e0-6376fca11f31/007-687f572c-cb71-493f-8cc3-6bc23074596f-downloadableSrc-227b751a63c7.webp
91515b05-083b-4a0a-81e0-6376fca11f31,Filtering Bestsellers,03eab082-d557-423b-92f8-797b18bc1f36,Nike,f1257fae-f105-498b-8a5c-92f9c2e2b5b0,7,8,9b36378a-0491-4cda-be9a-15cec659dfb0,true,downloadableSrc,200,image/webp,127536,127536,0f7537db95537d29aca9d6e83fd275b2601514a755ea705b8eebbfafeec63435,1179,2676,,,bytescale.mobbin.com,f7a1807c1ac98ccf0eecf5078d61346ac9a94ca37a547f5708d580528c9e55c0,/Users/user/mobbin-sides/screen-flows/nike/031-nike-filtering-bestsellers-91515b05-083b-4a0a-81e0-6376fca11f31/008-9b36378a-0491-4cda-be9a-15cec659dfb0-downloadableSrc-0f7537db9553.webp
91515b05-083b-4a0a-81e0-6376fca11f31,Filtering Bestsellers,03eab082-d557-423b-92f8-797b18bc1f36,Nike,f1257fae-f105-498b-8a5c-92f9c2e2b5b0,8,9,561506a3-1a37-45ce-8a15-a8b452a50168,true,downloadableSrc,200,image/webp,111782,111782,6ca5063314a53671f3bcf4a9f655ff22ea5efaadc06ce57d63a6c587935b131c,1179,2676,,,bytescale.mobbin.com,f7a1807c1ac98ccf0eecf5078d61346ac9a94ca37a547f5708d580528c9e55c0,/Users/user/mobbin-sides/screen-flows/nike/031-nike-filtering-bestsellers-91515b05-083b-4a0a-81e0-6376fca11f31/009-561506a3-1a37-45ce-8a15-a8b452a50168-downloadableSrc-6ca5063314a5.webp
d9b17dd6-9980-4a3f-897a-79645229ba52,How others are wearing it,03eab082-d557-423b-92f8-797b18bc1f36,Nike,f1257fae-f105-498b-8a5c-92f9c2e2b5b0,0,1,1ae7fda3-7a36-487e-b6f7-d72f7232952e,true,downloadableSrc,200,image/webp,112458,112458,e0d1db2b795ab7757d427210464f9b8c16563ee0479e3c0fa98d27a34621d9ca,1179,2676,,,bytescale.mobbin.com,f7a1807c1ac98ccf0eecf5078d61346ac9a94ca37a547f5708d580528c9e55c0,/Users/user/mobbin-sides/screen-flows/nike/032-nike-how-others-are-wearing-it-d9b17dd6-9980-4a3f-897a-79645229ba52/001-1ae7fda3-7a36-487e-b6f7-d72f7232952e-downloadableSrc-e0d1db2b795a.webp
d9b17dd6-9980-4a3f-897a-79645229ba52,How others are wearing it,03eab082-d557-423b-92f8-797b18bc1f36,Nike,f1257fae-f105-498b-8a5c-92f9c2e2b5b0,1,2,e049b242-46ae-49ec-8559-22356499bb8e,true,downloadableSrc,200,image/webp,81136,81136,567576c6086847113a7f2677c5fc447289c5371f00973f9f1d96c5b6bd22b81a,1179,2676,,,bytescale.mobbin.com,f7a1807c1ac98ccf0eecf5078d61346ac9a94ca37a547f5708d580528c9e55c0,/Users/user/mobbin-sides/screen-flows/nike/032-nike-how-others-are-wearing-it-d9b17dd6-9980-4a3f-897a-79645229ba52/002-e049b242-46ae-49ec-8559-22356499bb8e-downloadableSrc-567576c60868.webp
d9b17dd6-9980-4a3f-897a-79645229ba52,How others are wearing it,03eab082-d557-423b-92f8-797b18bc1f36,Nike,f1257fae-f105-498b-8a5c-92f9c2e2b5b0,2,3,d7b9c832-b64b-4217-8402-1e27947bea07,true,downloadableSrc,200,image/webp,165280,165280,2c9072775893ad8d49b788ef5272442a9e47ac5de2a47d28b997825dbfd2ed3a,1179,2676,,,bytescale.mobbin.com,f7a1807c1ac98ccf0eecf5078d61346ac9a94ca37a547f5708d580528c9e55c0,/Users/user/mobbin-sides/screen-flows/nike/032-nike-how-others-are-wearing-it-d9b17dd6-9980-4a3f-897a-79645229ba52/003-d7b9c832-b64b-4217-8402-1e27947bea07-downloadableSrc-2c9072775893.webp
d9b17dd6-9980-4a3f-897a-79645229ba52,How others are wearing it,03eab082-d557-423b-92f8-797b18bc1f36,Nike,f1257fae-f105-498b-8a5c-92f9c2e2b5b0,3,4,7a740ed1-beee-405f-888c-c24c55ca2bfa,true,downloadableSrc,200,image/webp,226800,226800,85ec5e5fdf24f7a60c3335035d850c297a192789034f36d95caf8b5989e204f9,1179,2676,,,bytescale.mobbin.com,f7a1807c1ac98ccf0eecf5078d61346ac9a94ca37a547f5708d580528c9e55c0,/Users/user/mobbin-sides/screen-flows/nike/032-nike-how-others-are-wearing-it-d9b17dd6-9980-4a3f-897a-79645229ba52/004-7a740ed1-beee-405f-888c-c24c55ca2bfa-downloadableSrc-85ec5e5fdf24.webp
d9b17dd6-9980-4a3f-897a-79645229ba52,How others are wearing it,03eab082-d557-423b-92f8-797b18bc1f36,Nike,f1257fae-f105-498b-8a5c-92f9c2e2b5b0,4,5,615e4612-a914-41b5-ba65-e2fdb09247db,true,downloadableSrc,200,image/webp,308396,308396,7c3928a138dea43bc2905d4ebd91b50f44e751dc036fe4d4b7884ea2cb517c53,1179,2676,,,bytescale.mobbin.com,f7a1807c1ac98ccf0eecf5078d61346ac9a94ca37a547f5708d580528c9e55c0,/Users/user/mobbin-sides/screen-flows/nike/032-nike-how-others-are-wearing-it-d9b17dd6-9980-4a3f-897a-79645229ba52/005-615e4612-a914-41b5-ba65-e2fdb09247db-downloadableSrc-7c3928a138de.webp
a8b5e640-4646-4d12-801f-037a85737e04,Contact Nike,03eab082-d557-423b-92f8-797b18bc1f36,Nike,f1257fae-f105-498b-8a5c-92f9c2e2b5b0,0,1,577c9c58-4a7f-43e6-a326-3ee1e6e80f89,true,downloadableSrc,200,image/webp,111794,111794,2783b58aed7e4120915963f57165baa648e00678277ed0be600143f687c5b9e6,1179,2676,,,bytescale.mobbin.com,f7a1807c1ac98ccf0eecf5078d61346ac9a94ca37a547f5708d580528c9e55c0,/Users/user/mobbin-sides/screen-flows/nike/033-nike-contact-nike-a8b5e640-4646-4d12-801f-037a85737e04/001-577c9c58-4a7f-43e6-a326-3ee1e6e80f89-downloadableSrc-2783b58aed7e.webp
a8b5e640-4646-4d12-801f-037a85737e04,Contact Nike,03eab082-d557-423b-92f8-797b18bc1f36,Nike,f1257fae-f105-498b-8a5c-92f9c2e2b5b0,1,2,90e699e3-c104-4639-8180-8d9ff9fae37f,true,downloadableSrc,200,image/webp,60440,60440,aeb33e3549cbc9ab1a570747ffe3f5bb3d4cb632cf9ac62666a5a4cf4b466e26,1179,2676,,,bytescale.mobbin.com,f7a1807c1ac98ccf0eecf5078d61346ac9a94ca37a547f5708d580528c9e55c0,/Users/user/mobbin-sides/screen-flows/nike/033-nike-contact-nike-a8b5e640-4646-4d12-801f-037a85737e04/002-90e699e3-c104-4639-8180-8d9ff9fae37f-downloadableSrc-aeb33e3549cb.webp
1ad4661f-0c5f-4b96-8888-a3f7058741c4,Following,03eab082-d557-423b-92f8-797b18bc1f36,Nike,f1257fae-f105-498b-8a5c-92f9c2e2b5b0,0,1,1e1a6a7c-fc25-4bb7-90bf-6b81e009f9aa,true,downloadableSrc,200,image/webp,67640,67640,879bfa877c7a04f7d88be2c19c8f4da5d919cad5aeeef470296827bf37a034f2,1179,2676,,,bytescale.mobbin.com,f7a1807c1ac98ccf0eecf5078d61346ac9a94ca37a547f5708d580528c9e55c0,/Users/user/mobbin-sides/screen-flows/nike/034-nike-following-1ad4661f-0c5f-4b96-8888-a3f7058741c4/001-1e1a6a7c-fc25-4bb7-90bf-6b81e009f9aa-downloadableSrc-879bfa877c7a.webp
1ad4661f-0c5f-4b96-8888-a3f7058741c4,Following,03eab082-d557-423b-92f8-797b18bc1f36,Nike,f1257fae-f105-498b-8a5c-92f9c2e2b5b0,1,2,e52bd2a4-0071-4d99-965d-ac4196c84c9f,true,downloadableSrc,200,image/webp,89534,89534,d058cfae6256c07a5c8a43c4e6b7d2116ae97061ae307eb411f063e68c4dda16,1179,2676,,,bytescale.mobbin.com,f7a1807c1ac98ccf0eecf5078d61346ac9a94ca37a547f5708d580528c9e55c0,/Users/user/mobbin-sides/screen-flows/nike/034-nike-following-1ad4661f-0c5f-4b96-8888-a3f7058741c4/002-e52bd2a4-0071-4d99-965d-ac4196c84c9f-downloadableSrc-d058cfae6256.webp
1ad4661f-0c5f-4b96-8888-a3f7058741c4,Following,03eab082-d557-423b-92f8-797b18bc1f36,Nike,f1257fae-f105-498b-8a5c-92f9c2e2b5b0,2,3,6382409b-ab90-43dd-aee0-2bbbadee32e4,true,downloadableSrc,200,image/webp,89182,89182,64b707e271dc649765543dda8207eb48adf94a517274945648502298135bb43a,1179,2676,,,bytescale.mobbin.com,f7a1807c1ac98ccf0eecf5078d61346ac9a94ca37a547f5708d580528c9e55c0,/Users/user/mobbin-sides/screen-flows/nike/034-nike-following-1ad4661f-0c5f-4b96-8888-a3f7058741c4/003-6382409b-ab90-43dd-aee0-2bbbadee32e4-downloadableSrc-64b707e271dc.webp
1ad4661f-0c5f-4b96-8888-a3f7058741c4,Following,03eab082-d557-423b-92f8-797b18bc1f36,Nike,f1257fae-f105-498b-8a5c-92f9c2e2b5b0,3,4,0a93ef81-d446-44c8-841b-b81c69ba410d,true,downloadableSrc,200,image/webp,34630,34630,ae89dae265c666d11229564b25075176c23f7b6b29cf5670b5e44f0c7f0cf69f,1179,2676,,,bytescale.mobbin.com,f7a1807c1ac98ccf0eecf5078d61346ac9a94ca37a547f5708d580528c9e55c0,/Users/user/mobbin-sides/screen-flows/nike/034-nike-following-1ad4661f-0c5f-4b96-8888-a3f7058741c4/004-0a93ef81-d446-44c8-841b-b81c69ba410d-downloadableSrc-ae89dae265c6.webp
248b7b99-7ebf-4872-bb14-1fe6d50de260,Following a team,03eab082-d557-423b-92f8-797b18bc1f36,Nike,f1257fae-f105-498b-8a5c-92f9c2e2b5b0,0,1,0a93ef81-d446-44c8-841b-b81c69ba410d,true,downloadableSrc,200,image/webp,34630,34630,ae89dae265c666d11229564b25075176c23f7b6b29cf5670b5e44f0c7f0cf69f,1179,2676,,,bytescale.mobbin.com,f7a1807c1ac98ccf0eecf5078d61346ac9a94ca37a547f5708d580528c9e55c0,/Users/user/mobbin-sides/screen-flows/nike/035-nike-following-a-team-248b7b99-7ebf-4872-bb14-1fe6d50de260/001-0a93ef81-d446-44c8-841b-b81c69ba410d-downloadableSrc-ae89dae265c6.webp
248b7b99-7ebf-4872-bb14-1fe6d50de260,Following a team,03eab082-d557-423b-92f8-797b18bc1f36,Nike,f1257fae-f105-498b-8a5c-92f9c2e2b5b0,1,2,d90ace4c-ba2a-408d-94a3-c32891a7491c,true,downloadableSrc,200,image/webp,53090,53090,f28e67e42b940fb691ddde79f74bffcb970543fd34f92b0825f82c31ebdd5265,1179,2676,,,bytescale.mobbin.com,f7a1807c1ac98ccf0eecf5078d61346ac9a94ca37a547f5708d580528c9e55c0,/Users/user/mobbin-sides/screen-flows/nike/035-nike-following-a-team-248b7b99-7ebf-4872-bb14-1fe6d50de260/002-d90ace4c-ba2a-408d-94a3-c32891a7491c-downloadableSrc-f28e67e42b94.webp
248b7b99-7ebf-4872-bb14-1fe6d50de260,Following a team,03eab082-d557-423b-92f8-797b18bc1f36,Nike,f1257fae-f105-498b-8a5c-92f9c2e2b5b0,2,3,9cf5c349-e0b3-422a-b97c-038671193bdd,true,downloadableSrc,200,image/webp,51822,51822,4a07db86fe4a7e7d148c51599499949b72a971c7ef44dd0a0eb4208e63592d2b,1179,2676,,,bytescale.mobbin.com,f7a1807c1ac98ccf0eecf5078d61346ac9a94ca37a547f5708d580528c9e55c0,/Users/user/mobbin-sides/screen-flows/nike/035-nike-following-a-team-248b7b99-7ebf-4872-bb14-1fe6d50de260/003-9cf5c349-e0b3-422a-b97c-038671193bdd-downloadableSrc-4a07db86fe4a.webp
248b7b99-7ebf-4872-bb14-1fe6d50de260,Following a team,03eab082-d557-423b-92f8-797b18bc1f36,Nike,f1257fae-f105-498b-8a5c-92f9c2e2b5b0,3,4,e1ae40dd-3773-426e-9a54-d705cda7d4a5,true,downloadableSrc,200,image/webp,53242,53242,8e640570c263f8b2f428ed4a3aa3e1d53d4314616274e034a002898d07eb7221,1179,2676,,,bytescale.mobbin.com,f7a1807c1ac98ccf0eecf5078d61346ac9a94ca37a547f5708d580528c9e55c0,/Users/user/mobbin-sides/screen-flows/nike/035-nike-following-a-team-248b7b99-7ebf-4872-bb14-1fe6d50de260/004-e1ae40dd-3773-426e-9a54-d705cda7d4a5-downloadableSrc-8e640570c263.webp
081fce20-2e65-467e-b668-1399d698f247,Finding a Nike store,03eab082-d557-423b-92f8-797b18bc1f36,Nike,f1257fae-f105-498b-8a5c-92f9c2e2b5b0,0,1,ea5758cd-229d-4a91-b2fe-ce28c2943b6b,true,downloadableSrc,200,image/webp,153980,153980,13ea9e9ddcad6ecc73f5f99aef126a81d73b297fc751e3673b6da1b17a7af0f1,1179,2676,,,bytescale.mobbin.com,f7a1807c1ac98ccf0eecf5078d61346ac9a94ca37a547f5708d580528c9e55c0,/Users/user/mobbin-sides/screen-flows/nike/036-nike-finding-a-nike-store-081fce20-2e65-467e-b668-1399d698f247/001-ea5758cd-229d-4a91-b2fe-ce28c2943b6b-downloadableSrc-13ea9e9ddcad.webp
081fce20-2e65-467e-b668-1399d698f247,Finding a Nike store,03eab082-d557-423b-92f8-797b18bc1f36,Nike,f1257fae-f105-498b-8a5c-92f9c2e2b5b0,1,2,fc2988a4-0fd6-47ef-9ef5-76bb384fd019,true,downloadableSrc,200,image/webp,91572,91572,713a7684eed49fc2ab2ee3daec29241b997f293f6506a1c45fbeee76204bcd50,1179,2676,,,bytescale.mobbin.com,f7a1807c1ac98ccf0eecf5078d61346ac9a94ca37a547f5708d580528c9e55c0,/Users/user/mobbin-sides/screen-flows/nike/036-nike-finding-a-nike-store-081fce20-2e65-467e-b668-1399d698f247/002-fc2988a4-0fd6-47ef-9ef5-76bb384fd019-downloadableSrc-713a7684eed4.webp
081fce20-2e65-467e-b668-1399d698f247,Finding a Nike store,03eab082-d557-423b-92f8-797b18bc1f36,Nike,f1257fae-f105-498b-8a5c-92f9c2e2b5b0,2,3,b8a8b333-bde7-42fe-803f-ca29557ba69b,true,downloadableSrc,200,image/webp,96584,96584,2dde532be0f89fe5c21a80649df75e9f936a309cd21bf1d0635a5e894455a447,1179,2676,,,bytescale.mobbin.com,f7a1807c1ac98ccf0eecf5078d61346ac9a94ca37a547f5708d580528c9e55c0,/Users/user/mobbin-sides/screen-flows/nike/036-nike-finding-a-nike-store-081fce20-2e65-467e-b668-1399d698f247/003-b8a8b333-bde7-42fe-803f-ca29557ba69b-downloadableSrc-2dde532be0f8.webp
081fce20-2e65-467e-b668-1399d698f247,Finding a Nike store,03eab082-d557-423b-92f8-797b18bc1f36,Nike,f1257fae-f105-498b-8a5c-92f9c2e2b5b0,3,4,85455a92-1505-4fb4-8018-51891964127d,true,downloadableSrc,200,image/webp,136500,136500,0a1f9a71795c1f12e274d352bc35140c4010a982fecf687eb62df4da38c2a87b,1179,2676,,,bytescale.mobbin.com,f7a1807c1ac98ccf0eecf5078d61346ac9a94ca37a547f5708d580528c9e55c0,/Users/user/mobbin-sides/screen-flows/nike/036-nike-finding-a-nike-store-081fce20-2e65-467e-b668-1399d698f247/004-85455a92-1505-4fb4-8018-51891964127d-downloadableSrc-0a1f9a71795c.webp
88a432ec-aabb-4022-aa25-2ef2ee459776,Nearby stores,03eab082-d557-423b-92f8-797b18bc1f36,Nike,f1257fae-f105-498b-8a5c-92f9c2e2b5b0,0,1,fc2988a4-0fd6-47ef-9ef5-76bb384fd019,true,downloadableSrc,200,image/webp,91572,91572,713a7684eed49fc2ab2ee3daec29241b997f293f6506a1c45fbeee76204bcd50,1179,2676,,,bytescale.mobbin.com,f7a1807c1ac98ccf0eecf5078d61346ac9a94ca37a547f5708d580528c9e55c0,/Users/user/mobbin-sides/screen-flows/nike/037-nike-nearby-stores-88a432ec-aabb-4022-aa25-2ef2ee459776/001-fc2988a4-0fd6-47ef-9ef5-76bb384fd019-downloadableSrc-713a7684eed4.webp
88a432ec-aabb-4022-aa25-2ef2ee459776,Nearby stores,03eab082-d557-423b-92f8-797b18bc1f36,Nike,f1257fae-f105-498b-8a5c-92f9c2e2b5b0,1,2,914f8869-99e1-4c15-aa5d-8fefd887a94e,true,downloadableSrc,200,image/webp,238496,238496,28f367ecd8bd210976a471800f0b5fce141afe6716737ec4baf12be8ead77b18,1179,2676,,,bytescale.mobbin.com,f7a1807c1ac98ccf0eecf5078d61346ac9a94ca37a547f5708d580528c9e55c0,/Users/user/mobbin-sides/screen-flows/nike/037-nike-nearby-stores-88a432ec-aabb-4022-aa25-2ef2ee459776/002-914f8869-99e1-4c15-aa5d-8fefd887a94e-downloadableSrc-28f367ecd8bd.webp
88a432ec-aabb-4022-aa25-2ef2ee459776,Nearby stores,03eab082-d557-423b-92f8-797b18bc1f36,Nike,f1257fae-f105-498b-8a5c-92f9c2e2b5b0,2,3,9a1a20cf-db3c-45bb-a3d6-ee978186b018,true,downloadableSrc,200,image/webp,225184,225184,137d2bf4ec844e11e2e8b3006ac682ff9ed9b0380984686b711a3ac279451fdc,1179,2676,,,bytescale.mobbin.com,f7a1807c1ac98ccf0eecf5078d61346ac9a94ca37a547f5708d580528c9e55c0,/Users/user/mobbin-sides/screen-flows/nike/037-nike-nearby-stores-88a432ec-aabb-4022-aa25-2ef2ee459776/003-9a1a20cf-db3c-45bb-a3d6-ee978186b018-downloadableSrc-137d2bf4ec84.webp
fdc8c411-b379-4572-a7af-402dc6f750dd,Searching an area,03eab082-d557-423b-92f8-797b18bc1f36,Nike,f1257fae-f105-498b-8a5c-92f9c2e2b5b0,0,1,914f8869-99e1-4c15-aa5d-8fefd887a94e,true,downloadableSrc,200,image/webp,238496,238496,28f367ecd8bd210976a471800f0b5fce141afe6716737ec4baf12be8ead77b18,1179,2676,,,bytescale.mobbin.com,f7a1807c1ac98ccf0eecf5078d61346ac9a94ca37a547f5708d580528c9e55c0,/Users/user/mobbin-sides/screen-flows/nike/038-nike-searching-an-area-fdc8c411-b379-4572-a7af-402dc6f750dd/001-914f8869-99e1-4c15-aa5d-8fefd887a94e-downloadableSrc-28f367ecd8bd.webp
fdc8c411-b379-4572-a7af-402dc6f750dd,Searching an area,03eab082-d557-423b-92f8-797b18bc1f36,Nike,f1257fae-f105-498b-8a5c-92f9c2e2b5b0,1,2,085b4f04-c453-4e33-b86f-482527c8b968,true,downloadableSrc,200,image/webp,406536,406536,658dd7bd8aed3deb917fc92029fac7903380b507e68e9c469c26b3f23720a6d1,1179,2676,,,bytescale.mobbin.com,f7a1807c1ac98ccf0eecf5078d61346ac9a94ca37a547f5708d580528c9e55c0,/Users/user/mobbin-sides/screen-flows/nike/038-nike-searching-an-area-fdc8c411-b379-4572-a7af-402dc6f750dd/002-085b4f04-c453-4e33-b86f-482527c8b968-downloadableSrc-658dd7bd8aed.webp
fdc8c411-b379-4572-a7af-402dc6f750dd,Searching an area,03eab082-d557-423b-92f8-797b18bc1f36,Nike,f1257fae-f105-498b-8a5c-92f9c2e2b5b0,2,3,86607ddc-2b93-4108-ab87-0a7a29bab616,true,downloadableSrc,200,image/webp,330922,330922,b5f4fd7df9fd07107191a0bdce1d557a1c535b80e7fc9a35e07f439f3c4f4b84,1179,2676,,,bytescale.mobbin.com,f7a1807c1ac98ccf0eecf5078d61346ac9a94ca37a547f5708d580528c9e55c0,/Users/user/mobbin-sides/screen-flows/nike/038-nike-searching-an-area-fdc8c411-b379-4572-a7af-402dc6f750dd/003-86607ddc-2b93-4108-ab87-0a7a29bab616-downloadableSrc-b5f4fd7df9fd.webp
fdc8c411-b379-4572-a7af-402dc6f750dd,Searching an area,03eab082-d557-423b-92f8-797b18bc1f36,Nike,f1257fae-f105-498b-8a5c-92f9c2e2b5b0,3,4,52cd1713-1e45-4b95-ad75-8dd5eab4947e,true,downloadableSrc,200,image/webp,407280,407280,ee6d71826c4a15f1040f331796385e98af883a418f932e75cfdcb7bb3c7c2c61,1179,2676,,,bytescale.mobbin.com,f7a1807c1ac98ccf0eecf5078d61346ac9a94ca37a547f5708d580528c9e55c0,/Users/user/mobbin-sides/screen-flows/nike/038-nike-searching-an-area-fdc8c411-b379-4572-a7af-402dc6f750dd/004-52cd1713-1e45-4b95-ad75-8dd5eab4947e-downloadableSrc-ee6d71826c4a.webp
825ab665-a2ab-4bdb-94ef-b01fb8dd66fe,Favorites,03eab082-d557-423b-92f8-797b18bc1f36,Nike,f1257fae-f105-498b-8a5c-92f9c2e2b5b0,0,1,a1dcba67-26f2-41db-99d2-548f50f75204,true,downloadableSrc,200,image/webp,92336,92336,7e3bd1e8092dcd51625ef8013585443dde6eeea03a92225f358ad076464a7251,1179,2676,,,bytescale.mobbin.com,f7a1807c1ac98ccf0eecf5078d61346ac9a94ca37a547f5708d580528c9e55c0,/Users/user/mobbin-sides/screen-flows/nike/039-nike-favorites-825ab665-a2ab-4bdb-94ef-b01fb8dd66fe/001-a1dcba67-26f2-41db-99d2-548f50f75204-downloadableSrc-7e3bd1e8092d.webp
825ab665-a2ab-4bdb-94ef-b01fb8dd66fe,Favorites,03eab082-d557-423b-92f8-797b18bc1f36,Nike,f1257fae-f105-498b-8a5c-92f9c2e2b5b0,1,2,ddde0a58-0575-400c-8a6c-51e8725ac144,true,downloadableSrc,200,image/webp,63040,63040,8cc1f679e164caf68db7600d79ea1e4b783ac73c6dc3f54c3160a25a5d62f0d4,1179,2676,,,bytescale.mobbin.com,f7a1807c1ac98ccf0eecf5078d61346ac9a94ca37a547f5708d580528c9e55c0,/Users/user/mobbin-sides/screen-flows/nike/039-nike-favorites-825ab665-a2ab-4bdb-94ef-b01fb8dd66fe/002-ddde0a58-0575-400c-8a6c-51e8725ac144-downloadableSrc-8cc1f679e164.webp
825ab665-a2ab-4bdb-94ef-b01fb8dd66fe,Favorites,03eab082-d557-423b-92f8-797b18bc1f36,Nike,f1257fae-f105-498b-8a5c-92f9c2e2b5b0,2,3,88aaeac8-3933-43a7-8bd7-9f36062e2edc,true,downloadableSrc,200,image/webp,69422,69422,e1334a04a0d4cf94503160523357d406193f5553d1465f26610ee34143a48656,1179,2676,,,bytescale.mobbin.com,f7a1807c1ac98ccf0eecf5078d61346ac9a94ca37a547f5708d580528c9e55c0,/Users/user/mobbin-sides/screen-flows/nike/039-nike-favorites-825ab665-a2ab-4bdb-94ef-b01fb8dd66fe/003-88aaeac8-3933-43a7-8bd7-9f36062e2edc-downloadableSrc-e1334a04a0d4.webp
c1f60511-08a5-4d07-aa75-794c239d65c9,Editing favorites,03eab082-d557-423b-92f8-797b18bc1f36,Nike,f1257fae-f105-498b-8a5c-92f9c2e2b5b0,0,1,88aaeac8-3933-43a7-8bd7-9f36062e2edc,true,downloadableSrc,200,image/webp,69422,69422,e1334a04a0d4cf94503160523357d406193f5553d1465f26610ee34143a48656,1179,2676,,,bytescale.mobbin.com,f7a1807c1ac98ccf0eecf5078d61346ac9a94ca37a547f5708d580528c9e55c0,/Users/user/mobbin-sides/screen-flows/nike/040-nike-editing-favorites-c1f60511-08a5-4d07-aa75-794c239d65c9/001-88aaeac8-3933-43a7-8bd7-9f36062e2edc-downloadableSrc-e1334a04a0d4.webp
c1f60511-08a5-4d07-aa75-794c239d65c9,Editing favorites,03eab082-d557-423b-92f8-797b18bc1f36,Nike,f1257fae-f105-498b-8a5c-92f9c2e2b5b0,1,2,39013315-ada0-42f2-801c-a6d2656cccca,true,downloadableSrc,200,image/webp,71114,71114,10cecd4bf66ff658d293a11d9c5ad8f8841460f7c5e93291896fc9b08d700ba3,1179,2676,,,bytescale.mobbin.com,f7a1807c1ac98ccf0eecf5078d61346ac9a94ca37a547f5708d580528c9e55c0,/Users/user/mobbin-sides/screen-flows/nike/040-nike-editing-favorites-c1f60511-08a5-4d07-aa75-794c239d65c9/002-39013315-ada0-42f2-801c-a6d2656cccca-downloadableSrc-10cecd4bf66f.webp
c1f60511-08a5-4d07-aa75-794c239d65c9,Editing favorites,03eab082-d557-423b-92f8-797b18bc1f36,Nike,f1257fae-f105-498b-8a5c-92f9c2e2b5b0,2,3,6ded1288-f3fa-4fe7-a934-70da1f5a013d,true,downloadableSrc,200,image/webp,71210,71210,2055b62e0f15505a961d3661726c2314882a5d762d2e0580a37c0d15d3404068,1179,2676,,,bytescale.mobbin.com,f7a1807c1ac98ccf0eecf5078d61346ac9a94ca37a547f5708d580528c9e55c0,/Users/user/mobbin-sides/screen-flows/nike/040-nike-editing-favorites-c1f60511-08a5-4d07-aa75-794c239d65c9/003-6ded1288-f3fa-4fe7-a934-70da1f5a013d-downloadableSrc-2055b62e0f15.webp
c1f60511-08a5-4d07-aa75-794c239d65c9,Editing favorites,03eab082-d557-423b-92f8-797b18bc1f36,Nike,f1257fae-f105-498b-8a5c-92f9c2e2b5b0,3,4,4af7588c-1d4e-4a86-ab77-d316a8493007,true,downloadableSrc,200,image/webp,76900,76900,c0532a606c3125181105c3421057f51d9c4cd5040bace192ca3185c0fd88acbc,1179,2676,,,bytescale.mobbin.com,f7a1807c1ac98ccf0eecf5078d61346ac9a94ca37a547f5708d580528c9e55c0,/Users/user/mobbin-sides/screen-flows/nike/040-nike-editing-favorites-c1f60511-08a5-4d07-aa75-794c239d65c9/004-4af7588c-1d4e-4a86-ab77-d316a8493007-downloadableSrc-c0532a606c31.webp
f301cbac-23c6-488f-adf8-f6fd1b214b8a,Bag,03eab082-d557-423b-92f8-797b18bc1f36,Nike,f1257fae-f105-498b-8a5c-92f9c2e2b5b0,0,1,a1dcba67-26f2-41db-99d2-548f50f75204,true,downloadableSrc,200,image/webp,92336,92336,7e3bd1e8092dcd51625ef8013585443dde6eeea03a92225f358ad076464a7251,1179,2676,,,bytescale.mobbin.com,f7a1807c1ac98ccf0eecf5078d61346ac9a94ca37a547f5708d580528c9e55c0,/Users/user/mobbin-sides/screen-flows/nike/041-nike-bag-f301cbac-23c6-488f-adf8-f6fd1b214b8a/001-a1dcba67-26f2-41db-99d2-548f50f75204-downloadableSrc-7e3bd1e8092d.webp
f301cbac-23c6-488f-adf8-f6fd1b214b8a,Bag,03eab082-d557-423b-92f8-797b18bc1f36,Nike,f1257fae-f105-498b-8a5c-92f9c2e2b5b0,1,2,ce01de64-795a-4f3a-a80e-9da4e7f89b22,true,downloadableSrc,200,image/webp,36350,36350,81a3e70338c55f0d13ac09f9d9c423175006860c6cacbd4f446c34cd74b20c9a,1179,2676,,,bytescale.mobbin.com,f7a1807c1ac98ccf0eecf5078d61346ac9a94ca37a547f5708d580528c9e55c0,/Users/user/mobbin-sides/screen-flows/nike/041-nike-bag-f301cbac-23c6-488f-adf8-f6fd1b214b8a/002-ce01de64-795a-4f3a-a80e-9da4e7f89b22-downloadableSrc-81a3e70338c5.webp
f301cbac-23c6-488f-adf8-f6fd1b214b8a,Bag,03eab082-d557-423b-92f8-797b18bc1f36,Nike,f1257fae-f105-498b-8a5c-92f9c2e2b5b0,2,3,04c9bc3b-922a-4977-af32-c56fd1d43d4a,true,downloadableSrc,200,image/webp,68686,68686,e31868993952ea8fb85bc27e2038a1251a79162bb612fd9d9a77c3583ef05265,1179,2676,,,bytescale.mobbin.com,f7a1807c1ac98ccf0eecf5078d61346ac9a94ca37a547f5708d580528c9e55c0,/Users/user/mobbin-sides/screen-flows/nike/041-nike-bag-f301cbac-23c6-488f-adf8-f6fd1b214b8a/003-04c9bc3b-922a-4977-af32-c56fd1d43d4a-downloadableSrc-e31868993952.webp
f301cbac-23c6-488f-adf8-f6fd1b214b8a,Bag,03eab082-d557-423b-92f8-797b18bc1f36,Nike,f1257fae-f105-498b-8a5c-92f9c2e2b5b0,3,4,91ca0cee-d1d3-42ef-a547-0662c7c75159,true,downloadableSrc,200,image/webp,73430,73430,18c7fd7044ff550792307253584dd7b486d3bd5af7cc686b9ea55cc928f15ccd,1179,2676,,,bytescale.mobbin.com,f7a1807c1ac98ccf0eecf5078d61346ac9a94ca37a547f5708d580528c9e55c0,/Users/user/mobbin-sides/screen-flows/nike/041-nike-bag-f301cbac-23c6-488f-adf8-f6fd1b214b8a/004-91ca0cee-d1d3-42ef-a547-0662c7c75159-downloadableSrc-18c7fd7044ff.webp
fa7cbff1-1a25-4743-9974-e322f4a944b2,Adjusting item quantity,03eab082-d557-423b-92f8-797b18bc1f36,Nike,f1257fae-f105-498b-8a5c-92f9c2e2b5b0,0,1,04c9bc3b-922a-4977-af32-c56fd1d43d4a,true,downloadableSrc,200,image/webp,68686,68686,e31868993952ea8fb85bc27e2038a1251a79162bb612fd9d9a77c3583ef05265,1179,2676,,,bytescale.mobbin.com,f7a1807c1ac98ccf0eecf5078d61346ac9a94ca37a547f5708d580528c9e55c0,/Users/user/mobbin-sides/screen-flows/nike/042-nike-adjusting-item-quantity-fa7cbff1-1a25-4743-9974-e322f4a944b2/001-04c9bc3b-922a-4977-af32-c56fd1d43d4a-downloadableSrc-e31868993952.webp
fa7cbff1-1a25-4743-9974-e322f4a944b2,Adjusting item quantity,03eab082-d557-423b-92f8-797b18bc1f36,Nike,f1257fae-f105-498b-8a5c-92f9c2e2b5b0,1,2,bb3dc44b-86b3-4d32-a30c-1ba564457a1a,true,downloadableSrc,200,image/webp,45594,45594,8793ec2a82d1ac4cf0b69cd97c3dd6fa2a4d0c81a8ff32ef620308de6966f44d,1179,2676,,,bytescale.mobbin.com,f7a1807c1ac98ccf0eecf5078d61346ac9a94ca37a547f5708d580528c9e55c0,/Users/user/mobbin-sides/screen-flows/nike/042-nike-adjusting-item-quantity-fa7cbff1-1a25-4743-9974-e322f4a944b2/002-bb3dc44b-86b3-4d32-a30c-1ba564457a1a-downloadableSrc-8793ec2a82d1.webp
fa7cbff1-1a25-4743-9974-e322f4a944b2,Adjusting item quantity,03eab082-d557-423b-92f8-797b18bc1f36,Nike,f1257fae-f105-498b-8a5c-92f9c2e2b5b0,2,3,f0294b2d-fed4-4cdb-b952-306909837816,true,downloadableSrc,200,image/webp,47024,47024,df8bcad31b5ef5520c05b92d7a404f30a5935055c483566c422112b5364026f2,1179,2676,,,bytescale.mobbin.com,f7a1807c1ac98ccf0eecf5078d61346ac9a94ca37a547f5708d580528c9e55c0,/Users/user/mobbin-sides/screen-flows/nike/042-nike-adjusting-item-quantity-fa7cbff1-1a25-4743-9974-e322f4a944b2/003-f0294b2d-fed4-4cdb-b952-306909837816-downloadableSrc-df8bcad31b5e.webp
fa7cbff1-1a25-4743-9974-e322f4a944b2,Adjusting item quantity,03eab082-d557-423b-92f8-797b18bc1f36,Nike,f1257fae-f105-498b-8a5c-92f9c2e2b5b0,3,4,7525fe9b-024e-4424-ada1-a66c6f2d033c,true,downloadableSrc,200,image/webp,68674,68674,6c1a8a75e62c4ebdf9708f9c9114e962bd1dd7179573fb319c588160a6d92c41,1179,2676,,,bytescale.mobbin.com,f7a1807c1ac98ccf0eecf5078d61346ac9a94ca37a547f5708d580528c9e55c0,/Users/user/mobbin-sides/screen-flows/nike/042-nike-adjusting-item-quantity-fa7cbff1-1a25-4743-9974-e322f4a944b2/004-7525fe9b-024e-4424-ada1-a66c6f2d033c-downloadableSrc-6c1a8a75e62c.webp
507ea1ab-7848-47d0-92b6-d916a9c355e0,Removing item from bag,03eab082-d557-423b-92f8-797b18bc1f36,Nike,f1257fae-f105-498b-8a5c-92f9c2e2b5b0,0,1,bb3dc44b-86b3-4d32-a30c-1ba564457a1a,true,downloadableSrc,200,image/webp,45594,45594,8793ec2a82d1ac4cf0b69cd97c3dd6fa2a4d0c81a8ff32ef620308de6966f44d,1179,2676,,,bytescale.mobbin.com,f7a1807c1ac98ccf0eecf5078d61346ac9a94ca37a547f5708d580528c9e55c0,/Users/user/mobbin-sides/screen-flows/nike/043-nike-removing-item-from-bag-507ea1ab-7848-47d0-92b6-d916a9c355e0/001-bb3dc44b-86b3-4d32-a30c-1ba564457a1a-downloadableSrc-8793ec2a82d1.webp
507ea1ab-7848-47d0-92b6-d916a9c355e0,Removing item from bag,03eab082-d557-423b-92f8-797b18bc1f36,Nike,f1257fae-f105-498b-8a5c-92f9c2e2b5b0,1,2,401fdc78-cfb2-4f05-9059-5e502c2dd61e,true,downloadableSrc,200,image/webp,46056,46056,a7c7ad65777451c3da45c08a28213479a2b726789ba3a7bd1fe31c5dc9e621a5,1179,2676,,,bytescale.mobbin.com,f7a1807c1ac98ccf0eecf5078d61346ac9a94ca37a547f5708d580528c9e55c0,/Users/user/mobbin-sides/screen-flows/nike/043-nike-removing-item-from-bag-507ea1ab-7848-47d0-92b6-d916a9c355e0/002-401fdc78-cfb2-4f05-9059-5e502c2dd61e-downloadableSrc-a7c7ad657774.webp
507ea1ab-7848-47d0-92b6-d916a9c355e0,Removing item from bag,03eab082-d557-423b-92f8-797b18bc1f36,Nike,f1257fae-f105-498b-8a5c-92f9c2e2b5b0,2,3,f112769d-a80e-4915-a372-cd4dd490ad1d,true,downloadableSrc,200,image/webp,36346,36346,d22c266840c949375902c4899a6a935c46576e9d908929e03409ede3e47ff7cf,1179,2676,,,bytescale.mobbin.com,f7a1807c1ac98ccf0eecf5078d61346ac9a94ca37a547f5708d580528c9e55c0,/Users/user/mobbin-sides/screen-flows/nike/043-nike-removing-item-from-bag-507ea1ab-7848-47d0-92b6-d916a9c355e0/003-f112769d-a80e-4915-a372-cd4dd490ad1d-downloadableSrc-d22c266840c9.webp
4c9e2751-0806-4a0a-a4e1-f9150df70543,Purchasing an item,03eab082-d557-423b-92f8-797b18bc1f36,Nike,f1257fae-f105-498b-8a5c-92f9c2e2b5b0,0,1,04c9bc3b-922a-4977-af32-c56fd1d43d4a,true,downloadableSrc,200,image/webp,68686,68686,e31868993952ea8fb85bc27e2038a1251a79162bb612fd9d9a77c3583ef05265,1179,2676,,,bytescale.mobbin.com,f7a1807c1ac98ccf0eecf5078d61346ac9a94ca37a547f5708d580528c9e55c0,/Users/user/mobbin-sides/screen-flows/nike/044-nike-purchasing-an-item-4c9e2751-0806-4a0a-a4e1-f9150df70543/001-04c9bc3b-922a-4977-af32-c56fd1d43d4a-downloadableSrc-e31868993952.webp
4c9e2751-0806-4a0a-a4e1-f9150df70543,Purchasing an item,03eab082-d557-423b-92f8-797b18bc1f36,Nike,f1257fae-f105-498b-8a5c-92f9c2e2b5b0,1,2,4e62cf39-b52f-410c-95d5-28789320284f,true,downloadableSrc,200,image/webp,54468,54468,00bbe04cd686a7269728d6652ed47e0b4a4480fbbd7facf5a11d571721e6d22e,1179,2676,,,bytescale.mobbin.com,f7a1807c1ac98ccf0eecf5078d61346ac9a94ca37a547f5708d580528c9e55c0,/Users/user/mobbin-sides/screen-flows/nike/044-nike-purchasing-an-item-4c9e2751-0806-4a0a-a4e1-f9150df70543/002-4e62cf39-b52f-410c-95d5-28789320284f-downloadableSrc-00bbe04cd686.webp
4c9e2751-0806-4a0a-a4e1-f9150df70543,Purchasing an item,03eab082-d557-423b-92f8-797b18bc1f36,Nike,f1257fae-f105-498b-8a5c-92f9c2e2b5b0,2,3,c3e0863e-5841-41ba-b30d-50d06e06c897,true,downloadableSrc,200,image/webp,51502,51502,f1335494bb581699ac321d33b27867160c25e0fc65c033557ae4171f733359ec,1179,2676,,,bytescale.mobbin.com,f7a1807c1ac98ccf0eecf5078d61346ac9a94ca37a547f5708d580528c9e55c0,/Users/user/mobbin-sides/screen-flows/nike/044-nike-purchasing-an-item-4c9e2751-0806-4a0a-a4e1-f9150df70543/003-c3e0863e-5841-41ba-b30d-50d06e06c897-downloadableSrc-f1335494bb58.webp
4c9e2751-0806-4a0a-a4e1-f9150df70543,Purchasing an item,03eab082-d557-423b-92f8-797b18bc1f36,Nike,f1257fae-f105-498b-8a5c-92f9c2e2b5b0,3,4,9c6c2bc5-bb64-4108-b078-7b4b45d2b8bd,true,downloadableSrc,200,image/webp,56798,56798,3ddc611752ee1b4e14cb3963bc60add009464251c481fc2e6b1b4fc362283da5,1179,2676,,,bytescale.mobbin.com,f7a1807c1ac98ccf0eecf5078d61346ac9a94ca37a547f5708d580528c9e55c0,/Users/user/mobbin-sides/screen-flows/nike/044-nike-purchasing-an-item-4c9e2751-0806-4a0a-a4e1-f9150df70543/004-9c6c2bc5-bb64-4108-b078-7b4b45d2b8bd-downloadableSrc-3ddc611752ee.webp
4c9e2751-0806-4a0a-a4e1-f9150df70543,Purchasing an item,03eab082-d557-423b-92f8-797b18bc1f36,Nike,f1257fae-f105-498b-8a5c-92f9c2e2b5b0,4,5,3d8510c8-225e-4d44-a9e8-01ddf429cb04,true,downloadableSrc,200,image/webp,35050,35050,af099d0d05af0d9403846ddbf1f4e75f955f4bf8491a3192fbc1ab9af96e4cfa,1179,2676,,,bytescale.mobbin.com,f7a1807c1ac98ccf0eecf5078d61346ac9a94ca37a547f5708d580528c9e55c0,/Users/user/mobbin-sides/screen-flows/nike/044-nike-purchasing-an-item-4c9e2751-0806-4a0a-a4e1-f9150df70543/005-3d8510c8-225e-4d44-a9e8-01ddf429cb04-downloadableSrc-af099d0d05af.webp
12584252-4fa1-43e6-a238-3eadc23d3a1b,Profile,03eab082-d557-423b-92f8-797b18bc1f36,Nike,f1257fae-f105-498b-8a5c-92f9c2e2b5b0,0,1,a1dcba67-26f2-41db-99d2-548f50f75204,true,downloadableSrc,200,image/webp,92336,92336,7e3bd1e8092dcd51625ef8013585443dde6eeea03a92225f358ad076464a7251,1179,2676,,,bytescale.mobbin.com,f7a1807c1ac98ccf0eecf5078d61346ac9a94ca37a547f5708d580528c9e55c0,/Users/user/mobbin-sides/screen-flows/nike/045-nike-profile-12584252-4fa1-43e6-a238-3eadc23d3a1b/001-a1dcba67-26f2-41db-99d2-548f50f75204-downloadableSrc-7e3bd1e8092d.webp
12584252-4fa1-43e6-a238-3eadc23d3a1b,Profile,03eab082-d557-423b-92f8-797b18bc1f36,Nike,f1257fae-f105-498b-8a5c-92f9c2e2b5b0,1,2,96b04cc1-0d29-48cf-8235-a17a30272a53,true,downloadableSrc,200,image/webp,55058,55058,f98b4e7eaf33b002288ba1c0066648f6b826eaf2e7c4b7d68d50fac24b6ed6b4,1179,2676,,,bytescale.mobbin.com,f7a1807c1ac98ccf0eecf5078d61346ac9a94ca37a547f5708d580528c9e55c0,/Users/user/mobbin-sides/screen-flows/nike/045-nike-profile-12584252-4fa1-43e6-a238-3eadc23d3a1b/002-96b04cc1-0d29-48cf-8235-a17a30272a53-downloadableSrc-f98b4e7eaf33.webp
12584252-4fa1-43e6-a238-3eadc23d3a1b,Profile,03eab082-d557-423b-92f8-797b18bc1f36,Nike,f1257fae-f105-498b-8a5c-92f9c2e2b5b0,2,3,2a995645-1dbb-45d4-a9c9-2d654269e172,true,downloadableSrc,200,image/webp,66742,66742,12332718a62d4a5e93b2249af7032b3345a81cf7035aabb6c5942c5d93d3ac66,1179,2676,,,bytescale.mobbin.com,f7a1807c1ac98ccf0eecf5078d61346ac9a94ca37a547f5708d580528c9e55c0,/Users/user/mobbin-sides/screen-flows/nike/045-nike-profile-12584252-4fa1-43e6-a238-3eadc23d3a1b/003-2a995645-1dbb-45d4-a9c9-2d654269e172-downloadableSrc-12332718a62d.webp
12584252-4fa1-43e6-a238-3eadc23d3a1b,Profile,03eab082-d557-423b-92f8-797b18bc1f36,Nike,f1257fae-f105-498b-8a5c-92f9c2e2b5b0,3,4,c63974f4-f424-45c1-aa2b-dee4a0d9dc12,true,downloadableSrc,200,image/webp,55742,55742,f77ab04efb147166a6eb76a467ac6b75241d2d1e7a996eb98b779b759581ca6c,1179,2676,,,bytescale.mobbin.com,f7a1807c1ac98ccf0eecf5078d61346ac9a94ca37a547f5708d580528c9e55c0,/Users/user/mobbin-sides/screen-flows/nike/045-nike-profile-12584252-4fa1-43e6-a238-3eadc23d3a1b/004-c63974f4-f424-45c1-aa2b-dee4a0d9dc12-downloadableSrc-f77ab04efb14.webp
12584252-4fa1-43e6-a238-3eadc23d3a1b,Profile,03eab082-d557-423b-92f8-797b18bc1f36,Nike,f1257fae-f105-498b-8a5c-92f9c2e2b5b0,4,5,33ab84e0-a268-4686-a6df-3f53bc1d7008,true,downloadableSrc,200,image/webp,92214,92214,add72854b5485a56a49356063f2a6361b5a00dd4f4c91b62a4611ea8ec6f110f,1179,2676,,,bytescale.mobbin.com,f7a1807c1ac98ccf0eecf5078d61346ac9a94ca37a547f5708d580528c9e55c0,/Users/user/mobbin-sides/screen-flows/nike/045-nike-profile-12584252-4fa1-43e6-a238-3eadc23d3a1b/005-33ab84e0-a268-4686-a6df-3f53bc1d7008-downloadableSrc-add72854b548.webp
98845794-3e26-46fc-abc9-44ec6e29b94f,Editing profile,03eab082-d557-423b-92f8-797b18bc1f36,Nike,f1257fae-f105-498b-8a5c-92f9c2e2b5b0,0,1,96b04cc1-0d29-48cf-8235-a17a30272a53,true,downloadableSrc,200,image/webp,55058,55058,f98b4e7eaf33b002288ba1c0066648f6b826eaf2e7c4b7d68d50fac24b6ed6b4,1179,2676,,,bytescale.mobbin.com,f7a1807c1ac98ccf0eecf5078d61346ac9a94ca37a547f5708d580528c9e55c0,/Users/user/mobbin-sides/screen-flows/nike/046-nike-editing-profile-98845794-3e26-46fc-abc9-44ec6e29b94f/001-96b04cc1-0d29-48cf-8235-a17a30272a53-downloadableSrc-f98b4e7eaf33.webp
98845794-3e26-46fc-abc9-44ec6e29b94f,Editing profile,03eab082-d557-423b-92f8-797b18bc1f36,Nike,f1257fae-f105-498b-8a5c-92f9c2e2b5b0,1,2,edc2de70-e95f-49fe-8409-f60bd7f92ae1,true,downloadableSrc,200,image/webp,23682,23682,73d5f394a15453902e2109845e5fd74df0984d4cb1e14de15eecc9940651afd2,1179,2676,,,bytescale.mobbin.com,f7a1807c1ac98ccf0eecf5078d61346ac9a94ca37a547f5708d580528c9e55c0,/Users/user/mobbin-sides/screen-flows/nike/046-nike-editing-profile-98845794-3e26-46fc-abc9-44ec6e29b94f/002-edc2de70-e95f-49fe-8409-f60bd7f92ae1-downloadableSrc-73d5f394a154.webp
98845794-3e26-46fc-abc9-44ec6e29b94f,Editing profile,03eab082-d557-423b-92f8-797b18bc1f36,Nike,f1257fae-f105-498b-8a5c-92f9c2e2b5b0,2,3,b5cc6b9a-db50-402c-ac06-f6fd91788ba1,true,downloadableSrc,200,image/webp,31146,31146,171b0aca79490114590d11a8a0be290c8fac7ee5d1f39984f53353a7cfcfb093,1179,2676,,,bytescale.mobbin.com,f7a1807c1ac98ccf0eecf5078d61346ac9a94ca37a547f5708d580528c9e55c0,/Users/user/mobbin-sides/screen-flows/nike/046-nike-editing-profile-98845794-3e26-46fc-abc9-44ec6e29b94f/003-b5cc6b9a-db50-402c-ac06-f6fd91788ba1-downloadableSrc-171b0aca7949.webp
98845794-3e26-46fc-abc9-44ec6e29b94f,Editing profile,03eab082-d557-423b-92f8-797b18bc1f36,Nike,f1257fae-f105-498b-8a5c-92f9c2e2b5b0,3,4,c9f83856-c626-437c-b0d3-8c525955555e,true,downloadableSrc,200,image/webp,40514,40514,2d4134679b6274b2a2f86c956961cdd647a37a8b5b63338b06d72778675a3121,1179,2676,,,bytescale.mobbin.com,f7a1807c1ac98ccf0eecf5078d61346ac9a94ca37a547f5708d580528c9e55c0,/Users/user/mobbin-sides/screen-flows/nike/046-nike-editing-profile-98845794-3e26-46fc-abc9-44ec6e29b94f/004-c9f83856-c626-437c-b0d3-8c525955555e-downloadableSrc-2d4134679b62.webp
98845794-3e26-46fc-abc9-44ec6e29b94f,Editing profile,03eab082-d557-423b-92f8-797b18bc1f36,Nike,f1257fae-f105-498b-8a5c-92f9c2e2b5b0,4,5,cbe88838-cc0b-49b3-a2c2-fad06e08b583,true,downloadableSrc,200,image/webp,124706,124706,9cdac3d7db932ee7fefb07645b65377558e1a7020e20419a3f136344716c4f38,1179,2676,,,bytescale.mobbin.com,f7a1807c1ac98ccf0eecf5078d61346ac9a94ca37a547f5708d580528c9e55c0,/Users/user/mobbin-sides/screen-flows/nike/046-nike-editing-profile-98845794-3e26-46fc-abc9-44ec6e29b94f/005-cbe88838-cc0b-49b3-a2c2-fad06e08b583-downloadableSrc-9cdac3d7db93.webp
98845794-3e26-46fc-abc9-44ec6e29b94f,Editing profile,03eab082-d557-423b-92f8-797b18bc1f36,Nike,f1257fae-f105-498b-8a5c-92f9c2e2b5b0,5,6,9859ba6f-a2aa-4e20-82e8-5907ee87faf7,true,downloadableSrc,200,image/webp,23734,23734,6a256defa597c78acd8954c92efd176b132024bd29aba69566a692fc77065ac3,1179,2676,,,bytescale.mobbin.com,f7a1807c1ac98ccf0eecf5078d61346ac9a94ca37a547f5708d580528c9e55c0,/Users/user/mobbin-sides/screen-flows/nike/046-nike-editing-profile-98845794-3e26-46fc-abc9-44ec6e29b94f/006-9859ba6f-a2aa-4e20-82e8-5907ee87faf7-downloadableSrc-6a256defa597.webp
98845794-3e26-46fc-abc9-44ec6e29b94f,Editing profile,03eab082-d557-423b-92f8-797b18bc1f36,Nike,f1257fae-f105-498b-8a5c-92f9c2e2b5b0,6,7,10dba70d-0846-497f-a149-6b8be1ed530d,true,downloadableSrc,200,image/webp,27838,27838,e035721b1e1bd01657797d6d3d3501471cfdcd4c1e5a23a57f156ad46fa15fda,1179,2676,,,bytescale.mobbin.com,f7a1807c1ac98ccf0eecf5078d61346ac9a94ca37a547f5708d580528c9e55c0,/Users/user/mobbin-sides/screen-flows/nike/046-nike-editing-profile-98845794-3e26-46fc-abc9-44ec6e29b94f/007-10dba70d-0846-497f-a149-6b8be1ed530d-downloadableSrc-e035721b1e1b.webp
98845794-3e26-46fc-abc9-44ec6e29b94f,Editing profile,03eab082-d557-423b-92f8-797b18bc1f36,Nike,f1257fae-f105-498b-8a5c-92f9c2e2b5b0,7,8,5e9630bc-d251-4bb8-824b-7c5be758a115,true,downloadableSrc,200,image/webp,30660,30660,46764c39d1de796fcec73e12847e207beb7df87d434b6cfd82390f31889646ad,1179,2676,,,bytescale.mobbin.com,f7a1807c1ac98ccf0eecf5078d61346ac9a94ca37a547f5708d580528c9e55c0,/Users/user/mobbin-sides/screen-flows/nike/046-nike-editing-profile-98845794-3e26-46fc-abc9-44ec6e29b94f/008-5e9630bc-d251-4bb8-824b-7c5be758a115-downloadableSrc-46764c39d1de.webp
98845794-3e26-46fc-abc9-44ec6e29b94f,Editing profile,03eab082-d557-423b-92f8-797b18bc1f36,Nike,f1257fae-f105-498b-8a5c-92f9c2e2b5b0,8,9,f3b7ad97-1625-449c-92b7-f7c67c8274fa,true,downloadableSrc,200,image/webp,29248,29248,53b7da9c53ff1b13f0fa590ba9932deaf05d77b08cbd89e291a4c02f3f09d439,1179,2676,,,bytescale.mobbin.com,f7a1807c1ac98ccf0eecf5078d61346ac9a94ca37a547f5708d580528c9e55c0,/Users/user/mobbin-sides/screen-flows/nike/046-nike-editing-profile-98845794-3e26-46fc-abc9-44ec6e29b94f/009-f3b7ad97-1625-449c-92b7-f7c67c8274fa-downloadableSrc-53b7da9c53ff.webp
98845794-3e26-46fc-abc9-44ec6e29b94f,Editing profile,03eab082-d557-423b-92f8-797b18bc1f36,Nike,f1257fae-f105-498b-8a5c-92f9c2e2b5b0,9,10,5443602b-a222-4fd1-88d7-ffd55e7aa01a,true,downloadableSrc,200,image/webp,54604,54604,11c2af26dcef366169c4f8b569cfe4aa4e545ba571055687ebfb9645f1458e0c,1179,2676,,,bytescale.mobbin.com,f7a1807c1ac98ccf0eecf5078d61346ac9a94ca37a547f5708d580528c9e55c0,/Users/user/mobbin-sides/screen-flows/nike/046-nike-editing-profile-98845794-3e26-46fc-abc9-44ec6e29b94f/010-5443602b-a222-4fd1-88d7-ffd55e7aa01a-downloadableSrc-11c2af26dcef.webp
3187c30f-c7e2-4f93-a9ed-746c1d76fd39,Orders,03eab082-d557-423b-92f8-797b18bc1f36,Nike,f1257fae-f105-498b-8a5c-92f9c2e2b5b0,0,1,96b04cc1-0d29-48cf-8235-a17a30272a53,true,downloadableSrc,200,image/webp,55058,55058,f98b4e7eaf33b002288ba1c0066648f6b826eaf2e7c4b7d68d50fac24b6ed6b4,1179,2676,,,bytescale.mobbin.com,f7a1807c1ac98ccf0eecf5078d61346ac9a94ca37a547f5708d580528c9e55c0,/Users/user/mobbin-sides/screen-flows/nike/047-nike-orders-3187c30f-c7e2-4f93-a9ed-746c1d76fd39/001-96b04cc1-0d29-48cf-8235-a17a30272a53-downloadableSrc-f98b4e7eaf33.webp
3187c30f-c7e2-4f93-a9ed-746c1d76fd39,Orders,03eab082-d557-423b-92f8-797b18bc1f36,Nike,f1257fae-f105-498b-8a5c-92f9c2e2b5b0,1,2,6e2db656-0c36-40f9-a7c1-4915649c6949,true,downloadableSrc,200,image/webp,33958,33958,a278bb1d1c59cc894999c3ad69aeb053b4fde3dab1cc0a1991141af973c16850,1179,2676,,,bytescale.mobbin.com,f7a1807c1ac98ccf0eecf5078d61346ac9a94ca37a547f5708d580528c9e55c0,/Users/user/mobbin-sides/screen-flows/nike/047-nike-orders-3187c30f-c7e2-4f93-a9ed-746c1d76fd39/002-6e2db656-0c36-40f9-a7c1-4915649c6949-downloadableSrc-a278bb1d1c59.webp
3187c30f-c7e2-4f93-a9ed-746c1d76fd39,Orders,03eab082-d557-423b-92f8-797b18bc1f36,Nike,f1257fae-f105-498b-8a5c-92f9c2e2b5b0,2,3,2dc8572c-3969-4f4b-948d-aabe333e4973,true,downloadableSrc,200,image/webp,43430,43430,650988346f70e90b05f6c3dfa59d00011f10efff505ec3a71638e84c09afe962,1179,2676,,,bytescale.mobbin.com,f7a1807c1ac98ccf0eecf5078d61346ac9a94ca37a547f5708d580528c9e55c0,/Users/user/mobbin-sides/screen-flows/nike/047-nike-orders-3187c30f-c7e2-4f93-a9ed-746c1d76fd39/003-2dc8572c-3969-4f4b-948d-aabe333e4973-downloadableSrc-650988346f70.webp
5ee00fde-698c-4ca6-b000-db945475385f,Pass,03eab082-d557-423b-92f8-797b18bc1f36,Nike,f1257fae-f105-498b-8a5c-92f9c2e2b5b0,0,1,96b04cc1-0d29-48cf-8235-a17a30272a53,true,downloadableSrc,200,image/webp,55058,55058,f98b4e7eaf33b002288ba1c0066648f6b826eaf2e7c4b7d68d50fac24b6ed6b4,1179,2676,,,bytescale.mobbin.com,f7a1807c1ac98ccf0eecf5078d61346ac9a94ca37a547f5708d580528c9e55c0,/Users/user/mobbin-sides/screen-flows/nike/048-nike-pass-5ee00fde-698c-4ca6-b000-db945475385f/001-96b04cc1-0d29-48cf-8235-a17a30272a53-downloadableSrc-f98b4e7eaf33.webp
5ee00fde-698c-4ca6-b000-db945475385f,Pass,03eab082-d557-423b-92f8-797b18bc1f36,Nike,f1257fae-f105-498b-8a5c-92f9c2e2b5b0,1,2,c66e6fe8-3691-4e76-8739-faa1c91b43f4,true,downloadableSrc,200,image/webp,52874,52874,a1da4683d7850bfc96bf97dbbdb328a35fef245ec4bec0c06be6858feed940ed,1179,2676,,,bytescale.mobbin.com,f7a1807c1ac98ccf0eecf5078d61346ac9a94ca37a547f5708d580528c9e55c0,/Users/user/mobbin-sides/screen-flows/nike/048-nike-pass-5ee00fde-698c-4ca6-b000-db945475385f/002-c66e6fe8-3691-4e76-8739-faa1c91b43f4-downloadableSrc-a1da4683d785.webp
5ee00fde-698c-4ca6-b000-db945475385f,Pass,03eab082-d557-423b-92f8-797b18bc1f36,Nike,f1257fae-f105-498b-8a5c-92f9c2e2b5b0,2,3,8d722a77-6a03-426c-af4c-c26ff4a53a58,true,downloadableSrc,200,image/webp,74930,74930,2d84e72595faab4854b257ac556dc613d508e522cc9c490b6ba930f4e5228385,1179,2676,,,bytescale.mobbin.com,f7a1807c1ac98ccf0eecf5078d61346ac9a94ca37a547f5708d580528c9e55c0,/Users/user/mobbin-sides/screen-flows/nike/048-nike-pass-5ee00fde-698c-4ca6-b000-db945475385f/003-8d722a77-6a03-426c-af4c-c26ff4a53a58-downloadableSrc-2d84e72595fa.webp
3002e0ce-5e28-4c8b-825b-db74a16404a7,Events,03eab082-d557-423b-92f8-797b18bc1f36,Nike,f1257fae-f105-498b-8a5c-92f9c2e2b5b0,0,1,96b04cc1-0d29-48cf-8235-a17a30272a53,true,downloadableSrc,200,image/webp,55058,55058,f98b4e7eaf33b002288ba1c0066648f6b826eaf2e7c4b7d68d50fac24b6ed6b4,1179,2676,,,bytescale.mobbin.com,f7a1807c1ac98ccf0eecf5078d61346ac9a94ca37a547f5708d580528c9e55c0,/Users/user/mobbin-sides/screen-flows/nike/049-nike-events-3002e0ce-5e28-4c8b-825b-db74a16404a7/001-96b04cc1-0d29-48cf-8235-a17a30272a53-downloadableSrc-f98b4e7eaf33.webp
3002e0ce-5e28-4c8b-825b-db74a16404a7,Events,03eab082-d557-423b-92f8-797b18bc1f36,Nike,f1257fae-f105-498b-8a5c-92f9c2e2b5b0,1,2,9b84df8d-25d6-4c5d-8955-d75f7b68bf62,true,downloadableSrc,200,image/webp,165244,165244,6a25e456c69d0819b2bf1a817602d926a8976002b39bd78ef6cf9a7c18506f5e,1179,2676,,,bytescale.mobbin.com,f7a1807c1ac98ccf0eecf5078d61346ac9a94ca37a547f5708d580528c9e55c0,/Users/user/mobbin-sides/screen-flows/nike/049-nike-events-3002e0ce-5e28-4c8b-825b-db74a16404a7/002-9b84df8d-25d6-4c5d-8955-d75f7b68bf62-downloadableSrc-6a25e456c69d.webp
95694b0c-6850-484e-9eb1-a24a90ac6ec6,Changing location,03eab082-d557-423b-92f8-797b18bc1f36,Nike,f1257fae-f105-498b-8a5c-92f9c2e2b5b0,0,1,9b84df8d-25d6-4c5d-8955-d75f7b68bf62,true,downloadableSrc,200,image/webp,165244,165244,6a25e456c69d0819b2bf1a817602d926a8976002b39bd78ef6cf9a7c18506f5e,1179,2676,,,bytescale.mobbin.com,f7a1807c1ac98ccf0eecf5078d61346ac9a94ca37a547f5708d580528c9e55c0,/Users/user/mobbin-sides/screen-flows/nike/050-nike-changing-location-95694b0c-6850-484e-9eb1-a24a90ac6ec6/001-9b84df8d-25d6-4c5d-8955-d75f7b68bf62-downloadableSrc-6a25e456c69d.webp
95694b0c-6850-484e-9eb1-a24a90ac6ec6,Changing location,03eab082-d557-423b-92f8-797b18bc1f36,Nike,f1257fae-f105-498b-8a5c-92f9c2e2b5b0,1,2,0e682360-d824-4129-9136-3c96d0923c71,true,downloadableSrc,200,image/webp,25462,25462,02d98f4281d26c8f5720f9277633689d3bca9d54b0e7b52836307e07d44a7d84,1179,2676,,,bytescale.mobbin.com,f7a1807c1ac98ccf0eecf5078d61346ac9a94ca37a547f5708d580528c9e55c0,/Users/user/mobbin-sides/screen-flows/nike/050-nike-changing-location-95694b0c-6850-484e-9eb1-a24a90ac6ec6/002-0e682360-d824-4129-9136-3c96d0923c71-downloadableSrc-02d98f4281d2.webp
95694b0c-6850-484e-9eb1-a24a90ac6ec6,Changing location,03eab082-d557-423b-92f8-797b18bc1f36,Nike,f1257fae-f105-498b-8a5c-92f9c2e2b5b0,2,3,17f28c24-acb0-4f0f-aeff-5f3fa07bae31,true,downloadableSrc,200,image/webp,23000,23000,102f79d1273a3beeaf33cbd6b9f732259c45f9cc0fc989f466fcddf3f7af3c14,1179,2676,,,bytescale.mobbin.com,f7a1807c1ac98ccf0eecf5078d61346ac9a94ca37a547f5708d580528c9e55c0,/Users/user/mobbin-sides/screen-flows/nike/050-nike-changing-location-95694b0c-6850-484e-9eb1-a24a90ac6ec6/003-17f28c24-acb0-4f0f-aeff-5f3fa07bae31-downloadableSrc-102f79d1273a.webp
95694b0c-6850-484e-9eb1-a24a90ac6ec6,Changing location,03eab082-d557-423b-92f8-797b18bc1f36,Nike,f1257fae-f105-498b-8a5c-92f9c2e2b5b0,3,4,679a28f9-cb72-44c8-92b7-0b8a84bc43ae,true,downloadableSrc,200,image/webp,191354,191354,2db184f15d2f3bc00e8f7f87a8dac8ee6913fdf5bf076200cfef520dee8fd699,1179,2676,,,bytescale.mobbin.com,f7a1807c1ac98ccf0eecf5078d61346ac9a94ca37a547f5708d580528c9e55c0,/Users/user/mobbin-sides/screen-flows/nike/050-nike-changing-location-95694b0c-6850-484e-9eb1-a24a90ac6ec6/004-679a28f9-cb72-44c8-92b7-0b8a84bc43ae-downloadableSrc-2db184f15d2f.webp
1aaac2e3-1cc0-489d-ab39-9bf1da9719f0,Event detail,03eab082-d557-423b-92f8-797b18bc1f36,Nike,f1257fae-f105-498b-8a5c-92f9c2e2b5b0,0,1,9b84df8d-25d6-4c5d-8955-d75f7b68bf62,true,downloadableSrc,200,image/webp,165244,165244,6a25e456c69d0819b2bf1a817602d926a8976002b39bd78ef6cf9a7c18506f5e,1179,2676,,,bytescale.mobbin.com,f7a1807c1ac98ccf0eecf5078d61346ac9a94ca37a547f5708d580528c9e55c0,/Users/user/mobbin-sides/screen-flows/nike/051-nike-event-detail-1aaac2e3-1cc0-489d-ab39-9bf1da9719f0/001-9b84df8d-25d6-4c5d-8955-d75f7b68bf62-downloadableSrc-6a25e456c69d.webp
1aaac2e3-1cc0-489d-ab39-9bf1da9719f0,Event detail,03eab082-d557-423b-92f8-797b18bc1f36,Nike,f1257fae-f105-498b-8a5c-92f9c2e2b5b0,1,2,956943a3-b75d-4769-a586-1c96bd9664a3,true,downloadableSrc,200,image/webp,46692,46692,ac19b932c97c47a7d5d5dcc78d732c224f40424caf086afcb59844e19a8a315a,1179,2676,,,bytescale.mobbin.com,f7a1807c1ac98ccf0eecf5078d61346ac9a94ca37a547f5708d580528c9e55c0,/Users/user/mobbin-sides/screen-flows/nike/051-nike-event-detail-1aaac2e3-1cc0-489d-ab39-9bf1da9719f0/002-956943a3-b75d-4769-a586-1c96bd9664a3-downloadableSrc-ac19b932c97c.webp
1aaac2e3-1cc0-489d-ab39-9bf1da9719f0,Event detail,03eab082-d557-423b-92f8-797b18bc1f36,Nike,f1257fae-f105-498b-8a5c-92f9c2e2b5b0,2,3,e0ae75c7-b089-4446-9076-b8b379062b64,true,downloadableSrc,200,image/webp,74186,74186,9c2ff6f9f5bef7f8ffe2fbb5a0ca53d0a570939a32386e49afe6ade70d40066a,1179,2676,,,bytescale.mobbin.com,f7a1807c1ac98ccf0eecf5078d61346ac9a94ca37a547f5708d580528c9e55c0,/Users/user/mobbin-sides/screen-flows/nike/051-nike-event-detail-1aaac2e3-1cc0-489d-ab39-9bf1da9719f0/003-e0ae75c7-b089-4446-9076-b8b379062b64-downloadableSrc-9c2ff6f9f5be.webp
1aaac2e3-1cc0-489d-ab39-9bf1da9719f0,Event detail,03eab082-d557-423b-92f8-797b18bc1f36,Nike,f1257fae-f105-498b-8a5c-92f9c2e2b5b0,3,4,9ad58d8f-fc66-4215-bfc7-1241745bbf81,true,downloadableSrc,200,image/webp,186756,186756,9d7f49504c0ec394cb4b9aab9ff373f8b9ce2a1c2b6abc39e54054486027df66,1179,2676,,,bytescale.mobbin.com,f7a1807c1ac98ccf0eecf5078d61346ac9a94ca37a547f5708d580528c9e55c0,/Users/user/mobbin-sides/screen-flows/nike/051-nike-event-detail-1aaac2e3-1cc0-489d-ab39-9bf1da9719f0/004-9ad58d8f-fc66-4215-bfc7-1241745bbf81-downloadableSrc-9d7f49504c0e.webp
1aaac2e3-1cc0-489d-ab39-9bf1da9719f0,Event detail,03eab082-d557-423b-92f8-797b18bc1f36,Nike,f1257fae-f105-498b-8a5c-92f9c2e2b5b0,4,5,154e8220-81f1-4a5e-be20-815099a16915,true,downloadableSrc,200,image/webp,143446,143446,999c9f48b537f7cfd6afa5e2566f25ca42b35c1e3951629cc7e62f33e48ca606,1179,2676,,,bytescale.mobbin.com,f7a1807c1ac98ccf0eecf5078d61346ac9a94ca37a547f5708d580528c9e55c0,/Users/user/mobbin-sides/screen-flows/nike/051-nike-event-detail-1aaac2e3-1cc0-489d-ab39-9bf1da9719f0/005-154e8220-81f1-4a5e-be20-815099a16915-downloadableSrc-999c9f48b537.webp
7cddf28e-399e-4bd9-95f1-a794aa2e69f4,Registering to an event,03eab082-d557-423b-92f8-797b18bc1f36,Nike,f1257fae-f105-498b-8a5c-92f9c2e2b5b0,0,1,e0ae75c7-b089-4446-9076-b8b379062b64,true,downloadableSrc,200,image/webp,74186,74186,9c2ff6f9f5bef7f8ffe2fbb5a0ca53d0a570939a32386e49afe6ade70d40066a,1179,2676,,,bytescale.mobbin.com,f7a1807c1ac98ccf0eecf5078d61346ac9a94ca37a547f5708d580528c9e55c0,/Users/user/mobbin-sides/screen-flows/nike/052-nike-registering-to-an-event-7cddf28e-399e-4bd9-95f1-a794aa2e69f4/001-e0ae75c7-b089-4446-9076-b8b379062b64-downloadableSrc-9c2ff6f9f5be.webp
7cddf28e-399e-4bd9-95f1-a794aa2e69f4,Registering to an event,03eab082-d557-423b-92f8-797b18bc1f36,Nike,f1257fae-f105-498b-8a5c-92f9c2e2b5b0,1,2,c6c6a6f6-b69b-4b7e-97c4-4813842d71fc,true,downloadableSrc,200,image/webp,107044,107044,9c4a19de9c6f5b72a871af29d19fb06f7275ab8900c5b213908332a708180139,1179,2676,,,bytescale.mobbin.com,f7a1807c1ac98ccf0eecf5078d61346ac9a94ca37a547f5708d580528c9e55c0,/Users/user/mobbin-sides/screen-flows/nike/052-nike-registering-to-an-event-7cddf28e-399e-4bd9-95f1-a794aa2e69f4/002-c6c6a6f6-b69b-4b7e-97c4-4813842d71fc-downloadableSrc-9c4a19de9c6f.webp
7cddf28e-399e-4bd9-95f1-a794aa2e69f4,Registering to an event,03eab082-d557-423b-92f8-797b18bc1f36,Nike,f1257fae-f105-498b-8a5c-92f9c2e2b5b0,2,3,bce5f126-2a69-4e7b-812e-5f5fd41fd772,true,downloadableSrc,200,image/webp,108718,108718,74ee942dd38f8f746b8c7bc20dc4ee55743b0fcbf92e907718060dd3eceb3e13,1179,2676,,,bytescale.mobbin.com,f7a1807c1ac98ccf0eecf5078d61346ac9a94ca37a547f5708d580528c9e55c0,/Users/user/mobbin-sides/screen-flows/nike/052-nike-registering-to-an-event-7cddf28e-399e-4bd9-95f1-a794aa2e69f4/003-bce5f126-2a69-4e7b-812e-5f5fd41fd772-downloadableSrc-74ee942dd38f.webp
7cddf28e-399e-4bd9-95f1-a794aa2e69f4,Registering to an event,03eab082-d557-423b-92f8-797b18bc1f36,Nike,f1257fae-f105-498b-8a5c-92f9c2e2b5b0,3,4,ad4f53cd-fb14-457d-be7a-bd14b5442bad,true,downloadableSrc,200,image/webp,64776,64776,aab9768225f15e1b9af8371b621f80163bb696c83cefce3bf706eecb386b5271,1179,2676,,,bytescale.mobbin.com,f7a1807c1ac98ccf0eecf5078d61346ac9a94ca37a547f5708d580528c9e55c0,/Users/user/mobbin-sides/screen-flows/nike/052-nike-registering-to-an-event-7cddf28e-399e-4bd9-95f1-a794aa2e69f4/004-ad4f53cd-fb14-457d-be7a-bd14b5442bad-downloadableSrc-aab9768225f1.webp
7cddf28e-399e-4bd9-95f1-a794aa2e69f4,Registering to an event,03eab082-d557-423b-92f8-797b18bc1f36,Nike,f1257fae-f105-498b-8a5c-92f9c2e2b5b0,4,5,cf61b13f-4757-4858-9d24-34e15003a8f0,true,downloadableSrc,200,image/webp,52690,52690,2b851e27d88575c9aed3128bb99aa6fc8ec48773dc80c7d251ae539a85c615e8,1179,2676,,,bytescale.mobbin.com,f7a1807c1ac98ccf0eecf5078d61346ac9a94ca37a547f5708d580528c9e55c0,/Users/user/mobbin-sides/screen-flows/nike/052-nike-registering-to-an-event-7cddf28e-399e-4bd9-95f1-a794aa2e69f4/005-cf61b13f-4757-4858-9d24-34e15003a8f0-downloadableSrc-2b851e27d885.webp
c4acbe24-6320-4146-b227-2167b6eb3a02,Upcoming events,03eab082-d557-423b-92f8-797b18bc1f36,Nike,f1257fae-f105-498b-8a5c-92f9c2e2b5b0,0,1,9b84df8d-25d6-4c5d-8955-d75f7b68bf62,true,downloadableSrc,200,image/webp,165244,165244,6a25e456c69d0819b2bf1a817602d926a8976002b39bd78ef6cf9a7c18506f5e,1179,2676,,,bytescale.mobbin.com,f7a1807c1ac98ccf0eecf5078d61346ac9a94ca37a547f5708d580528c9e55c0,/Users/user/mobbin-sides/screen-flows/nike/053-nike-upcoming-events-c4acbe24-6320-4146-b227-2167b6eb3a02/001-9b84df8d-25d6-4c5d-8955-d75f7b68bf62-downloadableSrc-6a25e456c69d.webp
c4acbe24-6320-4146-b227-2167b6eb3a02,Upcoming events,03eab082-d557-423b-92f8-797b18bc1f36,Nike,f1257fae-f105-498b-8a5c-92f9c2e2b5b0,1,2,619713cc-da49-4205-a417-fbe32887c557,true,downloadableSrc,200,image/webp,44416,44416,f2f4f618e4d8092980b4b57ddfa4be3eec8d0df85df52284e444dc256234a316,1179,2676,,,bytescale.mobbin.com,f7a1807c1ac98ccf0eecf5078d61346ac9a94ca37a547f5708d580528c9e55c0,/Users/user/mobbin-sides/screen-flows/nike/053-nike-upcoming-events-c4acbe24-6320-4146-b227-2167b6eb3a02/002-619713cc-da49-4205-a417-fbe32887c557-downloadableSrc-f2f4f618e4d8.webp
c4acbe24-6320-4146-b227-2167b6eb3a02,Upcoming events,03eab082-d557-423b-92f8-797b18bc1f36,Nike,f1257fae-f105-498b-8a5c-92f9c2e2b5b0,2,3,2c21ee58-cad6-408d-b212-7e2622d9b555,true,downloadableSrc,200,image/webp,54536,54536,8957175416a9471e6a42710d60da62260dcf2b6d341ff0567ab2ee6ae3e44f30,1179,2676,,,bytescale.mobbin.com,f7a1807c1ac98ccf0eecf5078d61346ac9a94ca37a547f5708d580528c9e55c0,/Users/user/mobbin-sides/screen-flows/nike/053-nike-upcoming-events-c4acbe24-6320-4146-b227-2167b6eb3a02/003-2c21ee58-cad6-408d-b212-7e2622d9b555-downloadableSrc-8957175416a9.webp
c4acbe24-6320-4146-b227-2167b6eb3a02,Upcoming events,03eab082-d557-423b-92f8-797b18bc1f36,Nike,f1257fae-f105-498b-8a5c-92f9c2e2b5b0,3,4,30324d3e-b427-453f-9a9a-a2f7a93de0bf,true,downloadableSrc,200,image/webp,78498,78498,3c540b1e75382c9946f4d18c2a8dbecbecfd0047f624d556f878a5da52681dd9,1179,2676,,,bytescale.mobbin.com,f7a1807c1ac98ccf0eecf5078d61346ac9a94ca37a547f5708d580528c9e55c0,/Users/user/mobbin-sides/screen-flows/nike/053-nike-upcoming-events-c4acbe24-6320-4146-b227-2167b6eb3a02/004-30324d3e-b427-453f-9a9a-a2f7a93de0bf-downloadableSrc-3c540b1e7538.webp
c4acbe24-6320-4146-b227-2167b6eb3a02,Upcoming events,03eab082-d557-423b-92f8-797b18bc1f36,Nike,f1257fae-f105-498b-8a5c-92f9c2e2b5b0,4,5,e46fc040-d7ff-41dd-82ea-996cbb0c46b4,true,downloadableSrc,200,image/webp,145984,145984,f3f1a2b18979a51b5882c11f20d5368b662f8326acd2d43c69f4954b82a3a1c3,1179,2676,,,bytescale.mobbin.com,f7a1807c1ac98ccf0eecf5078d61346ac9a94ca37a547f5708d580528c9e55c0,/Users/user/mobbin-sides/screen-flows/nike/053-nike-upcoming-events-c4acbe24-6320-4146-b227-2167b6eb3a02/005-e46fc040-d7ff-41dd-82ea-996cbb0c46b4-downloadableSrc-f3f1a2b18979.webp
dc2ff837-5f21-46ba-b0c9-56c7bebb000b,Ticket,03eab082-d557-423b-92f8-797b18bc1f36,Nike,f1257fae-f105-498b-8a5c-92f9c2e2b5b0,0,1,2c21ee58-cad6-408d-b212-7e2622d9b555,true,downloadableSrc,200,image/webp,54536,54536,8957175416a9471e6a42710d60da62260dcf2b6d341ff0567ab2ee6ae3e44f30,1179,2676,,,bytescale.mobbin.com,f7a1807c1ac98ccf0eecf5078d61346ac9a94ca37a547f5708d580528c9e55c0,/Users/user/mobbin-sides/screen-flows/nike/054-nike-ticket-dc2ff837-5f21-46ba-b0c9-56c7bebb000b/001-2c21ee58-cad6-408d-b212-7e2622d9b555-downloadableSrc-8957175416a9.webp
dc2ff837-5f21-46ba-b0c9-56c7bebb000b,Ticket,03eab082-d557-423b-92f8-797b18bc1f36,Nike,f1257fae-f105-498b-8a5c-92f9c2e2b5b0,1,2,4f8370c4-f360-484a-a7c7-8306894c5a1b,true,downloadableSrc,200,image/webp,34178,34178,61e632cfc7c359c7bb6328290270a9a332c60e7b32631ed30ffac07244a8565a,1179,2676,,,bytescale.mobbin.com,f7a1807c1ac98ccf0eecf5078d61346ac9a94ca37a547f5708d580528c9e55c0,/Users/user/mobbin-sides/screen-flows/nike/054-nike-ticket-dc2ff837-5f21-46ba-b0c9-56c7bebb000b/002-4f8370c4-f360-484a-a7c7-8306894c5a1b-downloadableSrc-61e632cfc7c3.webp
8f60e41a-7fac-4f01-a01b-6a667e3f4d28,Canceling an event registration,03eab082-d557-423b-92f8-797b18bc1f36,Nike,f1257fae-f105-498b-8a5c-92f9c2e2b5b0,0,1,30324d3e-b427-453f-9a9a-a2f7a93de0bf,true,downloadableSrc,200,image/webp,78498,78498,3c540b1e75382c9946f4d18c2a8dbecbecfd0047f624d556f878a5da52681dd9,1179,2676,,,bytescale.mobbin.com,f7a1807c1ac98ccf0eecf5078d61346ac9a94ca37a547f5708d580528c9e55c0,/Users/user/mobbin-sides/screen-flows/nike/055-nike-canceling-an-event-registration-8f60e41a-7fac-4f01-a01b-6a667e3f4d28/001-30324d3e-b427-453f-9a9a-a2f7a93de0bf-downloadableSrc-3c540b1e7538.webp
8f60e41a-7fac-4f01-a01b-6a667e3f4d28,Canceling an event registration,03eab082-d557-423b-92f8-797b18bc1f36,Nike,f1257fae-f105-498b-8a5c-92f9c2e2b5b0,1,2,c615ffa4-0f2a-455a-a4f2-e3ab8d3898bd,true,downloadableSrc,200,image/webp,65594,65594,e37ca64ce0f9c0d941c577287ec9754760962ac16a661ed9651459f06229ce97,1179,2676,,,bytescale.mobbin.com,f7a1807c1ac98ccf0eecf5078d61346ac9a94ca37a547f5708d580528c9e55c0,/Users/user/mobbin-sides/screen-flows/nike/055-nike-canceling-an-event-registration-8f60e41a-7fac-4f01-a01b-6a667e3f4d28/002-c615ffa4-0f2a-455a-a4f2-e3ab8d3898bd-downloadableSrc-e37ca64ce0f9.webp
8f60e41a-7fac-4f01-a01b-6a667e3f4d28,Canceling an event registration,03eab082-d557-423b-92f8-797b18bc1f36,Nike,f1257fae-f105-498b-8a5c-92f9c2e2b5b0,2,3,70567731-1d08-408c-89e3-47a2b0f3411e,true,downloadableSrc,200,image/webp,52864,52864,f54ec57ed92c35c493d8c7362a164b545f005464d3a13f7455117334fd4b1790,1179,2676,,,bytescale.mobbin.com,f7a1807c1ac98ccf0eecf5078d61346ac9a94ca37a547f5708d580528c9e55c0,/Users/user/mobbin-sides/screen-flows/nike/055-nike-canceling-an-event-registration-8f60e41a-7fac-4f01-a01b-6a667e3f4d28/003-70567731-1d08-408c-89e3-47a2b0f3411e-downloadableSrc-f54ec57ed92c.webp
454af95d-43e6-4c1b-aa92-b56511f8e17a,Inbox,03eab082-d557-423b-92f8-797b18bc1f36,Nike,f1257fae-f105-498b-8a5c-92f9c2e2b5b0,0,1,96b04cc1-0d29-48cf-8235-a17a30272a53,true,downloadableSrc,200,image/webp,55058,55058,f98b4e7eaf33b002288ba1c0066648f6b826eaf2e7c4b7d68d50fac24b6ed6b4,1179,2676,,,bytescale.mobbin.com,f7a1807c1ac98ccf0eecf5078d61346ac9a94ca37a547f5708d580528c9e55c0,/Users/user/mobbin-sides/screen-flows/nike/056-nike-inbox-454af95d-43e6-4c1b-aa92-b56511f8e17a/001-96b04cc1-0d29-48cf-8235-a17a30272a53-downloadableSrc-f98b4e7eaf33.webp
454af95d-43e6-4c1b-aa92-b56511f8e17a,Inbox,03eab082-d557-423b-92f8-797b18bc1f36,Nike,f1257fae-f105-498b-8a5c-92f9c2e2b5b0,1,2,15f85ee4-91ff-4247-867e-ba57705e714b,true,downloadableSrc,200,image/webp,52390,52390,69489848b9f6d23a403678689585b94e57e92acf9d7793893c4ab51df768c073,1179,2676,,,bytescale.mobbin.com,f7a1807c1ac98ccf0eecf5078d61346ac9a94ca37a547f5708d580528c9e55c0,/Users/user/mobbin-sides/screen-flows/nike/056-nike-inbox-454af95d-43e6-4c1b-aa92-b56511f8e17a/002-15f85ee4-91ff-4247-867e-ba57705e714b-downloadableSrc-69489848b9f6.webp
454af95d-43e6-4c1b-aa92-b56511f8e17a,Inbox,03eab082-d557-423b-92f8-797b18bc1f36,Nike,f1257fae-f105-498b-8a5c-92f9c2e2b5b0,2,3,8ea60ddb-f620-4d6d-ae04-b6a781c966a2,true,downloadableSrc,200,image/webp,29464,29464,3a97952cbed8b5654165bcb0f50a101996f2fe1d7a22fde3ff99f5ae96d22af4,1179,2676,,,bytescale.mobbin.com,f7a1807c1ac98ccf0eecf5078d61346ac9a94ca37a547f5708d580528c9e55c0,/Users/user/mobbin-sides/screen-flows/nike/056-nike-inbox-454af95d-43e6-4c1b-aa92-b56511f8e17a/003-8ea60ddb-f620-4d6d-ae04-b6a781c966a2-downloadableSrc-3a97952cbed8.webp
fd11f9a8-b5bb-4e6b-aa2b-15b5ba589ea2,Order confirmation,03eab082-d557-423b-92f8-797b18bc1f36,Nike,f1257fae-f105-498b-8a5c-92f9c2e2b5b0,0,1,8ea60ddb-f620-4d6d-ae04-b6a781c966a2,true,downloadableSrc,200,image/webp,29464,29464,3a97952cbed8b5654165bcb0f50a101996f2fe1d7a22fde3ff99f5ae96d22af4,1179,2676,,,bytescale.mobbin.com,f7a1807c1ac98ccf0eecf5078d61346ac9a94ca37a547f5708d580528c9e55c0,/Users/user/mobbin-sides/screen-flows/nike/057-nike-order-confirmation-fd11f9a8-b5bb-4e6b-aa2b-15b5ba589ea2/001-8ea60ddb-f620-4d6d-ae04-b6a781c966a2-downloadableSrc-3a97952cbed8.webp
fd11f9a8-b5bb-4e6b-aa2b-15b5ba589ea2,Order confirmation,03eab082-d557-423b-92f8-797b18bc1f36,Nike,f1257fae-f105-498b-8a5c-92f9c2e2b5b0,1,2,ba3f3ff4-cc53-4bb5-890a-9371130ecab5,true,downloadableSrc,200,image/webp,56376,56376,0faafc7c6945b50b0e6c15517d42b53ce047c9c0eec806f0835ba7cbcd11a313,1179,2676,,,bytescale.mobbin.com,f7a1807c1ac98ccf0eecf5078d61346ac9a94ca37a547f5708d580528c9e55c0,/Users/user/mobbin-sides/screen-flows/nike/057-nike-order-confirmation-fd11f9a8-b5bb-4e6b-aa2b-15b5ba589ea2/002-ba3f3ff4-cc53-4bb5-890a-9371130ecab5-downloadableSrc-0faafc7c6945.webp
fd11f9a8-b5bb-4e6b-aa2b-15b5ba589ea2,Order confirmation,03eab082-d557-423b-92f8-797b18bc1f36,Nike,f1257fae-f105-498b-8a5c-92f9c2e2b5b0,2,3,043ae148-bc48-4fe0-8ace-2c51ae4a802b,true,downloadableSrc,200,image/webp,42728,42728,47a34e2b7459d5baf746b887cbcfc366972f15b9a295dda367960f4f188f572d,1179,2676,,,bytescale.mobbin.com,f7a1807c1ac98ccf0eecf5078d61346ac9a94ca37a547f5708d580528c9e55c0,/Users/user/mobbin-sides/screen-flows/nike/057-nike-order-confirmation-fd11f9a8-b5bb-4e6b-aa2b-15b5ba589ea2/003-043ae148-bc48-4fe0-8ace-2c51ae4a802b-downloadableSrc-47a34e2b7459.webp
0972c76a-e418-4945-abc9-9eefcf37defa,Canceling an order,03eab082-d557-423b-92f8-797b18bc1f36,Nike,f1257fae-f105-498b-8a5c-92f9c2e2b5b0,0,1,ba3f3ff4-cc53-4bb5-890a-9371130ecab5,true,downloadableSrc,200,image/webp,56376,56376,0faafc7c6945b50b0e6c15517d42b53ce047c9c0eec806f0835ba7cbcd11a313,1179,2676,,,bytescale.mobbin.com,f7a1807c1ac98ccf0eecf5078d61346ac9a94ca37a547f5708d580528c9e55c0,/Users/user/mobbin-sides/screen-flows/nike/058-nike-canceling-an-order-0972c76a-e418-4945-abc9-9eefcf37defa/001-ba3f3ff4-cc53-4bb5-890a-9371130ecab5-downloadableSrc-0faafc7c6945.webp
0972c76a-e418-4945-abc9-9eefcf37defa,Canceling an order,03eab082-d557-423b-92f8-797b18bc1f36,Nike,f1257fae-f105-498b-8a5c-92f9c2e2b5b0,1,2,409a3501-0774-472a-8fdb-ab7f60216666,true,downloadableSrc,200,image/webp,63670,63670,6fddddb05ee936a9c2c0d9fd4ce8b1bf7cb5a001de83977bf9a42c34dca2c237,1179,2676,,,bytescale.mobbin.com,f7a1807c1ac98ccf0eecf5078d61346ac9a94ca37a547f5708d580528c9e55c0,/Users/user/mobbin-sides/screen-flows/nike/058-nike-canceling-an-order-0972c76a-e418-4945-abc9-9eefcf37defa/002-409a3501-0774-472a-8fdb-ab7f60216666-downloadableSrc-6fddddb05ee9.webp
0972c76a-e418-4945-abc9-9eefcf37defa,Canceling an order,03eab082-d557-423b-92f8-797b18bc1f36,Nike,f1257fae-f105-498b-8a5c-92f9c2e2b5b0,2,3,4ad965b2-d6f5-481e-a99c-d2997f4d40af,true,downloadableSrc,200,image/webp,74274,74274,02b05641bfab7b25287cca24fee74b618d1e99ecde72d0d8835b762de78cc739,1179,2676,,,bytescale.mobbin.com,f7a1807c1ac98ccf0eecf5078d61346ac9a94ca37a547f5708d580528c9e55c0,/Users/user/mobbin-sides/screen-flows/nike/058-nike-canceling-an-order-0972c76a-e418-4945-abc9-9eefcf37defa/003-4ad965b2-d6f5-481e-a99c-d2997f4d40af-downloadableSrc-02b05641bfab.webp
0972c76a-e418-4945-abc9-9eefcf37defa,Canceling an order,03eab082-d557-423b-92f8-797b18bc1f36,Nike,f1257fae-f105-498b-8a5c-92f9c2e2b5b0,3,4,dfd7cca7-4b0c-4963-91dc-8f9806a751ca,true,downloadableSrc,200,image/webp,51016,51016,942e7ad28a3cb4e6433e59336e6f22bfc6d33ad1e456877e45b2ee4e8c45f03c,1179,2676,,,bytescale.mobbin.com,f7a1807c1ac98ccf0eecf5078d61346ac9a94ca37a547f5708d580528c9e55c0,/Users/user/mobbin-sides/screen-flows/nike/058-nike-canceling-an-order-0972c76a-e418-4945-abc9-9eefcf37defa/004-dfd7cca7-4b0c-4963-91dc-8f9806a751ca-downloadableSrc-942e7ad28a3c.webp
0972c76a-e418-4945-abc9-9eefcf37defa,Canceling an order,03eab082-d557-423b-92f8-797b18bc1f36,Nike,f1257fae-f105-498b-8a5c-92f9c2e2b5b0,4,5,aba3dfa4-4905-4099-b66b-2d16ca97a5dd,true,downloadableSrc,200,image/webp,41456,41456,0dadfc03320cae6ceb02f22bcb54df64c3c4571dec8118b54fde6c8b5373b7d7,1179,2676,,,bytescale.mobbin.com,f7a1807c1ac98ccf0eecf5078d61346ac9a94ca37a547f5708d580528c9e55c0,/Users/user/mobbin-sides/screen-flows/nike/058-nike-canceling-an-order-0972c76a-e418-4945-abc9-9eefcf37defa/005-aba3dfa4-4905-4099-b66b-2d16ca97a5dd-downloadableSrc-0dadfc03320c.webp
95724c8f-184f-4940-9f1b-8db27008d4b3,View a message,03eab082-d557-423b-92f8-797b18bc1f36,Nike,f1257fae-f105-498b-8a5c-92f9c2e2b5b0,0,1,15f85ee4-91ff-4247-867e-ba57705e714b,true,downloadableSrc,200,image/webp,52390,52390,69489848b9f6d23a403678689585b94e57e92acf9d7793893c4ab51df768c073,1179,2676,,,bytescale.mobbin.com,f7a1807c1ac98ccf0eecf5078d61346ac9a94ca37a547f5708d580528c9e55c0,/Users/user/mobbin-sides/screen-flows/nike/059-nike-view-a-message-95724c8f-184f-4940-9f1b-8db27008d4b3/001-15f85ee4-91ff-4247-867e-ba57705e714b-downloadableSrc-69489848b9f6.webp
95724c8f-184f-4940-9f1b-8db27008d4b3,View a message,03eab082-d557-423b-92f8-797b18bc1f36,Nike,f1257fae-f105-498b-8a5c-92f9c2e2b5b0,1,2,2ebca6aa-db0a-4195-8fe3-ec7ee589ecea,true,downloadableSrc,200,image/webp,173892,173892,b0a7cee617c8b7932315fa003932f3321c569eb5eb9fbe8455a62030245fe484,1179,2676,,,bytescale.mobbin.com,f7a1807c1ac98ccf0eecf5078d61346ac9a94ca37a547f5708d580528c9e55c0,/Users/user/mobbin-sides/screen-flows/nike/059-nike-view-a-message-95724c8f-184f-4940-9f1b-8db27008d4b3/002-2ebca6aa-db0a-4195-8fe3-ec7ee589ecea-downloadableSrc-b0a7cee617c8.webp
95724c8f-184f-4940-9f1b-8db27008d4b3,View a message,03eab082-d557-423b-92f8-797b18bc1f36,Nike,f1257fae-f105-498b-8a5c-92f9c2e2b5b0,2,3,e5343fb4-1b66-4dba-a12d-0d8af40c3fb1,true,downloadableSrc,200,image/webp,59844,59844,81d45d3b86e194a1ee7b5d3fba8812e5bfb4690c20fea0b2802a92f34d859dbd,1179,2676,,,bytescale.mobbin.com,f7a1807c1ac98ccf0eecf5078d61346ac9a94ca37a547f5708d580528c9e55c0,/Users/user/mobbin-sides/screen-flows/nike/059-nike-view-a-message-95724c8f-184f-4940-9f1b-8db27008d4b3/003-e5343fb4-1b66-4dba-a12d-0d8af40c3fb1-downloadableSrc-81d45d3b86e1.webp
95724c8f-184f-4940-9f1b-8db27008d4b3,View a message,03eab082-d557-423b-92f8-797b18bc1f36,Nike,f1257fae-f105-498b-8a5c-92f9c2e2b5b0,3,4,5f56819d-655d-4c26-a348-8f8584b4cd87,true,downloadableSrc,200,image/webp,63000,63000,7d9ae1c4c920413234a60dbe11a19551815e3bea13e068f1dbb1952bae9ed0c5,1179,2676,,,bytescale.mobbin.com,f7a1807c1ac98ccf0eecf5078d61346ac9a94ca37a547f5708d580528c9e55c0,/Users/user/mobbin-sides/screen-flows/nike/059-nike-view-a-message-95724c8f-184f-4940-9f1b-8db27008d4b3/004-5f56819d-655d-4c26-a348-8f8584b4cd87-downloadableSrc-7d9ae1c4c920.webp
1f45bb79-c2c7-4054-94a4-35d111b4a979,Member rewards,03eab082-d557-423b-92f8-797b18bc1f36,Nike,f1257fae-f105-498b-8a5c-92f9c2e2b5b0,0,1,96b04cc1-0d29-48cf-8235-a17a30272a53,true,downloadableSrc,200,image/webp,55058,55058,f98b4e7eaf33b002288ba1c0066648f6b826eaf2e7c4b7d68d50fac24b6ed6b4,1179,2676,,,bytescale.mobbin.com,f7a1807c1ac98ccf0eecf5078d61346ac9a94ca37a547f5708d580528c9e55c0,/Users/user/mobbin-sides/screen-flows/nike/060-nike-member-rewards-1f45bb79-c2c7-4054-94a4-35d111b4a979/001-96b04cc1-0d29-48cf-8235-a17a30272a53-downloadableSrc-f98b4e7eaf33.webp
1f45bb79-c2c7-4054-94a4-35d111b4a979,Member rewards,03eab082-d557-423b-92f8-797b18bc1f36,Nike,f1257fae-f105-498b-8a5c-92f9c2e2b5b0,1,2,65733927-24be-4115-9843-f36add2649ca,true,downloadableSrc,200,image/webp,134112,134112,f26097dc5cfc45bdeae88d62da7574b771857824490097cb91309b7780141b5f,1179,2676,,,bytescale.mobbin.com,f7a1807c1ac98ccf0eecf5078d61346ac9a94ca37a547f5708d580528c9e55c0,/Users/user/mobbin-sides/screen-flows/nike/060-nike-member-rewards-1f45bb79-c2c7-4054-94a4-35d111b4a979/002-65733927-24be-4115-9843-f36add2649ca-downloadableSrc-f26097dc5cfc.webp
1f45bb79-c2c7-4054-94a4-35d111b4a979,Member rewards,03eab082-d557-423b-92f8-797b18bc1f36,Nike,f1257fae-f105-498b-8a5c-92f9c2e2b5b0,2,3,f3cf6a68-4e68-4add-974a-57ff140e7b75,true,downloadableSrc,200,image/webp,66678,66678,de87ac45c85bd23f7958514f6a003496d3aacf5167c3b14c720215bc7fd07a63,1179,2676,,,bytescale.mobbin.com,f7a1807c1ac98ccf0eecf5078d61346ac9a94ca37a547f5708d580528c9e55c0,/Users/user/mobbin-sides/screen-flows/nike/060-nike-member-rewards-1f45bb79-c2c7-4054-94a4-35d111b4a979/003-f3cf6a68-4e68-4add-974a-57ff140e7b75-downloadableSrc-de87ac45c85b.webp
1f45bb79-c2c7-4054-94a4-35d111b4a979,Member rewards,03eab082-d557-423b-92f8-797b18bc1f36,Nike,f1257fae-f105-498b-8a5c-92f9c2e2b5b0,3,4,fc9cbfbd-fd58-4d05-a41e-89616c489cbe,true,downloadableSrc,200,image/webp,101460,101460,1c790f539f277eaa072a8adcf38ac07ec093734dbb5dd0c87193ce54d3716d47,1179,2676,,,bytescale.mobbin.com,f7a1807c1ac98ccf0eecf5078d61346ac9a94ca37a547f5708d580528c9e55c0,/Users/user/mobbin-sides/screen-flows/nike/060-nike-member-rewards-1f45bb79-c2c7-4054-94a4-35d111b4a979/004-fc9cbfbd-fd58-4d05-a41e-89616c489cbe-downloadableSrc-1c790f539f27.webp
1f45bb79-c2c7-4054-94a4-35d111b4a979,Member rewards,03eab082-d557-423b-92f8-797b18bc1f36,Nike,f1257fae-f105-498b-8a5c-92f9c2e2b5b0,4,5,006d6763-eeed-4485-98ac-0c9d1b52b942,true,downloadableSrc,200,image/webp,131418,131418,93a9ad0fa24eeb3b07861c3974fe91d732bf2ebdccaf12fb7f8a8e5b41bd9793,1179,2676,,,bytescale.mobbin.com,f7a1807c1ac98ccf0eecf5078d61346ac9a94ca37a547f5708d580528c9e55c0,/Users/user/mobbin-sides/screen-flows/nike/060-nike-member-rewards-1f45bb79-c2c7-4054-94a4-35d111b4a979/005-006d6763-eeed-4485-98ac-0c9d1b52b942-downloadableSrc-93a9ad0fa24e.webp
1f45bb79-c2c7-4054-94a4-35d111b4a979,Member rewards,03eab082-d557-423b-92f8-797b18bc1f36,Nike,f1257fae-f105-498b-8a5c-92f9c2e2b5b0,5,6,52342c30-6450-4429-8080-ee5c674063e9,true,downloadableSrc,200,image/webp,223500,223500,665595ed504279e0111f6638825911ff121ceac4c765f109efcf1825c7694c0c,1179,2676,,,bytescale.mobbin.com,f7a1807c1ac98ccf0eecf5078d61346ac9a94ca37a547f5708d580528c9e55c0,/Users/user/mobbin-sides/screen-flows/nike/060-nike-member-rewards-1f45bb79-c2c7-4054-94a4-35d111b4a979/006-52342c30-6450-4429-8080-ee5c674063e9-downloadableSrc-665595ed5042.webp
4bd1fc7f-f7b1-469c-815f-857a1df06b15,Settings,03eab082-d557-423b-92f8-797b18bc1f36,Nike,f1257fae-f105-498b-8a5c-92f9c2e2b5b0,0,1,96b04cc1-0d29-48cf-8235-a17a30272a53,true,downloadableSrc,200,image/webp,55058,55058,f98b4e7eaf33b002288ba1c0066648f6b826eaf2e7c4b7d68d50fac24b6ed6b4,1179,2676,,,bytescale.mobbin.com,f7a1807c1ac98ccf0eecf5078d61346ac9a94ca37a547f5708d580528c9e55c0,/Users/user/mobbin-sides/screen-flows/nike/061-nike-settings-4bd1fc7f-f7b1-469c-815f-857a1df06b15/001-96b04cc1-0d29-48cf-8235-a17a30272a53-downloadableSrc-f98b4e7eaf33.webp
4bd1fc7f-f7b1-469c-815f-857a1df06b15,Settings,03eab082-d557-423b-92f8-797b18bc1f36,Nike,f1257fae-f105-498b-8a5c-92f9c2e2b5b0,1,2,18cbf0ca-1624-4b77-ad26-c7af501e82cc,true,downloadableSrc,200,image/webp,48704,48704,5cbebf388d409c2ab50eaaee0dab0c4d5f8eb7ec1ea3887d6e9c35dfe0c0f1b1,1179,2676,,,bytescale.mobbin.com,f7a1807c1ac98ccf0eecf5078d61346ac9a94ca37a547f5708d580528c9e55c0,/Users/user/mobbin-sides/screen-flows/nike/061-nike-settings-4bd1fc7f-f7b1-469c-815f-857a1df06b15/002-18cbf0ca-1624-4b77-ad26-c7af501e82cc-downloadableSrc-5cbebf388d40.webp
4bd1fc7f-f7b1-469c-815f-857a1df06b15,Settings,03eab082-d557-423b-92f8-797b18bc1f36,Nike,f1257fae-f105-498b-8a5c-92f9c2e2b5b0,2,3,f216f610-23de-49dd-ad5c-83a5c52739ca,true,downloadableSrc,200,image/webp,42440,42440,29e24e4ba402f94cbab36411cb2dbe9939d0753e4254b04c26afb3a5c8af477d,1179,2676,,,bytescale.mobbin.com,f7a1807c1ac98ccf0eecf5078d61346ac9a94ca37a547f5708d580528c9e55c0,/Users/user/mobbin-sides/screen-flows/nike/061-nike-settings-4bd1fc7f-f7b1-469c-815f-857a1df06b15/003-f216f610-23de-49dd-ad5c-83a5c52739ca-downloadableSrc-29e24e4ba402.webp
4bd1fc7f-f7b1-469c-815f-857a1df06b15,Settings,03eab082-d557-423b-92f8-797b18bc1f36,Nike,f1257fae-f105-498b-8a5c-92f9c2e2b5b0,3,4,ccdc8489-19c5-4cfe-9d56-76316ae78312,true,downloadableSrc,200,image/webp,39202,39202,d23cd5a6441f6fa3f900305f22e373f3ca569674e81f364243b6aa9b4e3d24a3,1179,2676,,,bytescale.mobbin.com,f7a1807c1ac98ccf0eecf5078d61346ac9a94ca37a547f5708d580528c9e55c0,/Users/user/mobbin-sides/screen-flows/nike/061-nike-settings-4bd1fc7f-f7b1-469c-815f-857a1df06b15/004-ccdc8489-19c5-4cfe-9d56-76316ae78312-downloadableSrc-d23cd5a6441f.webp
ffb77f7c-b2a2-432e-8bd7-c2ad00bb2871,Adding mobile phone number,03eab082-d557-423b-92f8-797b18bc1f36,Nike,f1257fae-f105-498b-8a5c-92f9c2e2b5b0,0,1,18cbf0ca-1624-4b77-ad26-c7af501e82cc,true,downloadableSrc,200,image/webp,48704,48704,5cbebf388d409c2ab50eaaee0dab0c4d5f8eb7ec1ea3887d6e9c35dfe0c0f1b1,1179,2676,,,bytescale.mobbin.com,f7a1807c1ac98ccf0eecf5078d61346ac9a94ca37a547f5708d580528c9e55c0,/Users/user/mobbin-sides/screen-flows/nike/062-nike-adding-mobile-phone-number-ffb77f7c-b2a2-432e-8bd7-c2ad00bb2871/001-18cbf0ca-1624-4b77-ad26-c7af501e82cc-downloadableSrc-5cbebf388d40.webp
ffb77f7c-b2a2-432e-8bd7-c2ad00bb2871,Adding mobile phone number,03eab082-d557-423b-92f8-797b18bc1f36,Nike,f1257fae-f105-498b-8a5c-92f9c2e2b5b0,1,2,944cf4df-9a1d-4e30-bd50-7a61ff28d2a9,true,downloadableSrc,200,image/webp,78950,78950,dea722338b3801cc3692139b9715d16ac44c4e15464d51bdfc222395b6b459d1,1179,2676,,,bytescale.mobbin.com,f7a1807c1ac98ccf0eecf5078d61346ac9a94ca37a547f5708d580528c9e55c0,/Users/user/mobbin-sides/screen-flows/nike/062-nike-adding-mobile-phone-number-ffb77f7c-b2a2-432e-8bd7-c2ad00bb2871/002-944cf4df-9a1d-4e30-bd50-7a61ff28d2a9-downloadableSrc-dea722338b38.webp
ffb77f7c-b2a2-432e-8bd7-c2ad00bb2871,Adding mobile phone number,03eab082-d557-423b-92f8-797b18bc1f36,Nike,f1257fae-f105-498b-8a5c-92f9c2e2b5b0,2,3,f19b5069-caea-44a7-8476-2e4e28eb7eef,true,downloadableSrc,200,image/webp,80690,80690,b4991557a4d908505d8695176e56469c5c4bc8e91cc32a4af79cd6fce97c7853,1179,2676,,,bytescale.mobbin.com,f7a1807c1ac98ccf0eecf5078d61346ac9a94ca37a547f5708d580528c9e55c0,/Users/user/mobbin-sides/screen-flows/nike/062-nike-adding-mobile-phone-number-ffb77f7c-b2a2-432e-8bd7-c2ad00bb2871/003-f19b5069-caea-44a7-8476-2e4e28eb7eef-downloadableSrc-b4991557a4d9.webp
ffb77f7c-b2a2-432e-8bd7-c2ad00bb2871,Adding mobile phone number,03eab082-d557-423b-92f8-797b18bc1f36,Nike,f1257fae-f105-498b-8a5c-92f9c2e2b5b0,3,4,065c5527-3f52-45c8-9bf6-a73e6b499c32,true,downloadableSrc,200,image/webp,82590,82590,cb4b31fe7630f75d88cb64b3171047ac60869be195d413c403279600ef13228b,1179,2676,,,bytescale.mobbin.com,f7a1807c1ac98ccf0eecf5078d61346ac9a94ca37a547f5708d580528c9e55c0,/Users/user/mobbin-sides/screen-flows/nike/062-nike-adding-mobile-phone-number-ffb77f7c-b2a2-432e-8bd7-c2ad00bb2871/004-065c5527-3f52-45c8-9bf6-a73e6b499c32-downloadableSrc-cb4b31fe7630.webp
ffb77f7c-b2a2-432e-8bd7-c2ad00bb2871,Adding mobile phone number,03eab082-d557-423b-92f8-797b18bc1f36,Nike,f1257fae-f105-498b-8a5c-92f9c2e2b5b0,4,5,9735dc1c-d77b-4eef-a3fa-668acb5eedf4,true,downloadableSrc,200,image/webp,55382,55382,58a1315b98e4f54fa089ab49ab88c01fe1667c22ca96ac87cd5affae2ba56320,1179,2676,,,bytescale.mobbin.com,f7a1807c1ac98ccf0eecf5078d61346ac9a94ca37a547f5708d580528c9e55c0,/Users/user/mobbin-sides/screen-flows/nike/062-nike-adding-mobile-phone-number-ffb77f7c-b2a2-432e-8bd7-c2ad00bb2871/005-9735dc1c-d77b-4eef-a3fa-668acb5eedf4-downloadableSrc-58a1315b98e4.webp
ffb77f7c-b2a2-432e-8bd7-c2ad00bb2871,Adding mobile phone number,03eab082-d557-423b-92f8-797b18bc1f36,Nike,f1257fae-f105-498b-8a5c-92f9c2e2b5b0,5,6,0f1c2b9d-dcde-480c-9bb5-96b18b572e53,true,downloadableSrc,200,image/webp,58524,58524,bf154db5d44effa16843110d9e114a9abd2c7cf4a759ecf11939c2a7c154d054,1179,2676,,,bytescale.mobbin.com,f7a1807c1ac98ccf0eecf5078d61346ac9a94ca37a547f5708d580528c9e55c0,/Users/user/mobbin-sides/screen-flows/nike/062-nike-adding-mobile-phone-number-ffb77f7c-b2a2-432e-8bd7-c2ad00bb2871/006-0f1c2b9d-dcde-480c-9bb5-96b18b572e53-downloadableSrc-bf154db5d44e.webp
ffb77f7c-b2a2-432e-8bd7-c2ad00bb2871,Adding mobile phone number,03eab082-d557-423b-92f8-797b18bc1f36,Nike,f1257fae-f105-498b-8a5c-92f9c2e2b5b0,6,7,eb42596f-0e84-4a71-af6b-29d5d6078905,true,downloadableSrc,200,image/webp,58098,58098,b834b5450ee283001bab0f65c812a47198e578a534ef9d1cb28492c019f53637,1179,2676,,,bytescale.mobbin.com,f7a1807c1ac98ccf0eecf5078d61346ac9a94ca37a547f5708d580528c9e55c0,/Users/user/mobbin-sides/screen-flows/nike/062-nike-adding-mobile-phone-number-ffb77f7c-b2a2-432e-8bd7-c2ad00bb2871/007-eb42596f-0e84-4a71-af6b-29d5d6078905-downloadableSrc-b834b5450ee2.webp
ffb77f7c-b2a2-432e-8bd7-c2ad00bb2871,Adding mobile phone number,03eab082-d557-423b-92f8-797b18bc1f36,Nike,f1257fae-f105-498b-8a5c-92f9c2e2b5b0,7,8,5a8bda37-cd47-4c51-9363-9a79228f9b3e,true,downloadableSrc,200,image/webp,62148,62148,5abf997ff03e677969ca07e5c3fb395edc63736c6a3735753727bd0dcbe06ff7,1179,2676,,,bytescale.mobbin.com,f7a1807c1ac98ccf0eecf5078d61346ac9a94ca37a547f5708d580528c9e55c0,/Users/user/mobbin-sides/screen-flows/nike/062-nike-adding-mobile-phone-number-ffb77f7c-b2a2-432e-8bd7-c2ad00bb2871/008-5a8bda37-cd47-4c51-9363-9a79228f9b3e-downloadableSrc-5abf997ff03e.webp
ffb77f7c-b2a2-432e-8bd7-c2ad00bb2871,Adding mobile phone number,03eab082-d557-423b-92f8-797b18bc1f36,Nike,f1257fae-f105-498b-8a5c-92f9c2e2b5b0,8,9,8657b1e5-1331-4078-abba-83531138b72a,true,downloadableSrc,200,image/webp,50528,50528,088d47e857a2ed2969c84dab7528ee530d3cd4e77af9894cf190edfd0008dd52,1179,2676,,,bytescale.mobbin.com,f7a1807c1ac98ccf0eecf5078d61346ac9a94ca37a547f5708d580528c9e55c0,/Users/user/mobbin-sides/screen-flows/nike/062-nike-adding-mobile-phone-number-ffb77f7c-b2a2-432e-8bd7-c2ad00bb2871/009-8657b1e5-1331-4078-abba-83531138b72a-downloadableSrc-088d47e857a2.webp
7ff5a7e4-e2c0-4b55-ae67-c940e0078af0,Selecting Units of Measure,03eab082-d557-423b-92f8-797b18bc1f36,Nike,f1257fae-f105-498b-8a5c-92f9c2e2b5b0,0,1,18cbf0ca-1624-4b77-ad26-c7af501e82cc,true,downloadableSrc,200,image/webp,48704,48704,5cbebf388d409c2ab50eaaee0dab0c4d5f8eb7ec1ea3887d6e9c35dfe0c0f1b1,1179,2676,,,bytescale.mobbin.com,f7a1807c1ac98ccf0eecf5078d61346ac9a94ca37a547f5708d580528c9e55c0,/Users/user/mobbin-sides/screen-flows/nike/063-nike-selecting-units-of-measure-7ff5a7e4-e2c0-4b55-ae67-c940e0078af0/001-18cbf0ca-1624-4b77-ad26-c7af501e82cc-downloadableSrc-5cbebf388d40.webp
7ff5a7e4-e2c0-4b55-ae67-c940e0078af0,Selecting Units of Measure,03eab082-d557-423b-92f8-797b18bc1f36,Nike,f1257fae-f105-498b-8a5c-92f9c2e2b5b0,1,2,c5d0c32d-e6c8-4fd2-b9fe-6c55a10a10d3,true,downloadableSrc,200,image/webp,35408,35408,7f3067c749c90d79151aeca9f859019645d09b1a87d962ce8840862912acaf5a,1179,2676,,,bytescale.mobbin.com,f7a1807c1ac98ccf0eecf5078d61346ac9a94ca37a547f5708d580528c9e55c0,/Users/user/mobbin-sides/screen-flows/nike/063-nike-selecting-units-of-measure-7ff5a7e4-e2c0-4b55-ae67-c940e0078af0/002-c5d0c32d-e6c8-4fd2-b9fe-6c55a10a10d3-downloadableSrc-7f3067c749c9.webp
7ff5a7e4-e2c0-4b55-ae67-c940e0078af0,Selecting Units of Measure,03eab082-d557-423b-92f8-797b18bc1f36,Nike,f1257fae-f105-498b-8a5c-92f9c2e2b5b0,2,3,4c52510d-e990-43e6-9994-4993b313c2a7,true,downloadableSrc,200,image/webp,35528,35528,e53e103e5a259df2f5761232ca0e0a58a6ed4e70cf4182dffa2fc26a62af4a4c,1179,2676,,,bytescale.mobbin.com,f7a1807c1ac98ccf0eecf5078d61346ac9a94ca37a547f5708d580528c9e55c0,/Users/user/mobbin-sides/screen-flows/nike/063-nike-selecting-units-of-measure-7ff5a7e4-e2c0-4b55-ae67-c940e0078af0/003-4c52510d-e990-43e6-9994-4993b313c2a7-downloadableSrc-e53e103e5a25.webp
301084a4-4f03-4f87-ba60-befdf6372854,Shipping information,03eab082-d557-423b-92f8-797b18bc1f36,Nike,f1257fae-f105-498b-8a5c-92f9c2e2b5b0,0,1,18cbf0ca-1624-4b77-ad26-c7af501e82cc,true,downloadableSrc,200,image/webp,48704,48704,5cbebf388d409c2ab50eaaee0dab0c4d5f8eb7ec1ea3887d6e9c35dfe0c0f1b1,1179,2676,,,bytescale.mobbin.com,f7a1807c1ac98ccf0eecf5078d61346ac9a94ca37a547f5708d580528c9e55c0,/Users/user/mobbin-sides/screen-flows/nike/064-nike-shipping-information-301084a4-4f03-4f87-ba60-befdf6372854/001-18cbf0ca-1624-4b77-ad26-c7af501e82cc-downloadableSrc-5cbebf388d40.webp
301084a4-4f03-4f87-ba60-befdf6372854,Shipping information,03eab082-d557-423b-92f8-797b18bc1f36,Nike,f1257fae-f105-498b-8a5c-92f9c2e2b5b0,1,2,297004e1-ed2a-4e15-97a5-d383101c0096,true,downloadableSrc,200,image/webp,30308,30308,409ac190599f1cbd4ce9c76569874d7dbf0f98d6d9670035c09861dec09e94d8,1179,2676,,,bytescale.mobbin.com,f7a1807c1ac98ccf0eecf5078d61346ac9a94ca37a547f5708d580528c9e55c0,/Users/user/mobbin-sides/screen-flows/nike/064-nike-shipping-information-301084a4-4f03-4f87-ba60-befdf6372854/002-297004e1-ed2a-4e15-97a5-d383101c0096-downloadableSrc-409ac190599f.webp
301084a4-4f03-4f87-ba60-befdf6372854,Shipping information,03eab082-d557-423b-92f8-797b18bc1f36,Nike,f1257fae-f105-498b-8a5c-92f9c2e2b5b0,2,3,3a92ae23-7bef-41f7-8743-49846a7124d7,true,downloadableSrc,200,image/webp,45172,45172,b7b3091b9ab694b8c1b8b7d730a5f57d61aa163bb6181ccf820547f771fd0660,1179,2676,,,bytescale.mobbin.com,f7a1807c1ac98ccf0eecf5078d61346ac9a94ca37a547f5708d580528c9e55c0,/Users/user/mobbin-sides/screen-flows/nike/064-nike-shipping-information-301084a4-4f03-4f87-ba60-befdf6372854/003-3a92ae23-7bef-41f7-8743-49846a7124d7-downloadableSrc-b7b3091b9ab6.webp
19916bf0-9c5e-4337-80d5-53d8408ad1a5,Adding a shipping address,03eab082-d557-423b-92f8-797b18bc1f36,Nike,f1257fae-f105-498b-8a5c-92f9c2e2b5b0,0,1,297004e1-ed2a-4e15-97a5-d383101c0096,true,downloadableSrc,200,image/webp,30308,30308,409ac190599f1cbd4ce9c76569874d7dbf0f98d6d9670035c09861dec09e94d8,1179,2676,,,bytescale.mobbin.com,f7a1807c1ac98ccf0eecf5078d61346ac9a94ca37a547f5708d580528c9e55c0,/Users/user/mobbin-sides/screen-flows/nike/065-nike-adding-a-shipping-address-19916bf0-9c5e-4337-80d5-53d8408ad1a5/001-297004e1-ed2a-4e15-97a5-d383101c0096-downloadableSrc-409ac190599f.webp
19916bf0-9c5e-4337-80d5-53d8408ad1a5,Adding a shipping address,03eab082-d557-423b-92f8-797b18bc1f36,Nike,f1257fae-f105-498b-8a5c-92f9c2e2b5b0,1,2,83dace37-8f75-4a99-9555-1e9c4ed4ee8f,true,downloadableSrc,200,image/webp,44498,44498,c6c76ea906f209c757031f985f75732c533f19719e2a612b72f8f5f965b0c8c3,1179,2676,,,bytescale.mobbin.com,f7a1807c1ac98ccf0eecf5078d61346ac9a94ca37a547f5708d580528c9e55c0,/Users/user/mobbin-sides/screen-flows/nike/065-nike-adding-a-shipping-address-19916bf0-9c5e-4337-80d5-53d8408ad1a5/002-83dace37-8f75-4a99-9555-1e9c4ed4ee8f-downloadableSrc-c6c76ea906f2.webp
19916bf0-9c5e-4337-80d5-53d8408ad1a5,Adding a shipping address,03eab082-d557-423b-92f8-797b18bc1f36,Nike,f1257fae-f105-498b-8a5c-92f9c2e2b5b0,2,3,0418a12c-d2ab-4c93-9021-dbea14c8f2fd,true,downloadableSrc,200,image/webp,61116,61116,738e681b2c0c7f6298ed800976339c67176da35bba4ef1c1da5b1c9fdb7c65ac,1179,2676,,,bytescale.mobbin.com,f7a1807c1ac98ccf0eecf5078d61346ac9a94ca37a547f5708d580528c9e55c0,/Users/user/mobbin-sides/screen-flows/nike/065-nike-adding-a-shipping-address-19916bf0-9c5e-4337-80d5-53d8408ad1a5/003-0418a12c-d2ab-4c93-9021-dbea14c8f2fd-downloadableSrc-738e681b2c0c.webp
19916bf0-9c5e-4337-80d5-53d8408ad1a5,Adding a shipping address,03eab082-d557-423b-92f8-797b18bc1f36,Nike,f1257fae-f105-498b-8a5c-92f9c2e2b5b0,3,4,3a92ae23-7bef-41f7-8743-49846a7124d7,true,downloadableSrc,200,image/webp,45172,45172,b7b3091b9ab694b8c1b8b7d730a5f57d61aa163bb6181ccf820547f771fd0660,1179,2676,,,bytescale.mobbin.com,f7a1807c1ac98ccf0eecf5078d61346ac9a94ca37a547f5708d580528c9e55c0,/Users/user/mobbin-sides/screen-flows/nike/065-nike-adding-a-shipping-address-19916bf0-9c5e-4337-80d5-53d8408ad1a5/004-3a92ae23-7bef-41f7-8743-49846a7124d7-downloadableSrc-b7b3091b9ab6.webp
b6927e0c-83f7-46f1-b5d3-359219eef281,Removing a shipping address,03eab082-d557-423b-92f8-797b18bc1f36,Nike,f1257fae-f105-498b-8a5c-92f9c2e2b5b0,0,1,3a92ae23-7bef-41f7-8743-49846a7124d7,true,downloadableSrc,200,image/webp,45172,45172,b7b3091b9ab694b8c1b8b7d730a5f57d61aa163bb6181ccf820547f771fd0660,1179,2676,,,bytescale.mobbin.com,f7a1807c1ac98ccf0eecf5078d61346ac9a94ca37a547f5708d580528c9e55c0,/Users/user/mobbin-sides/screen-flows/nike/066-nike-removing-a-shipping-address-b6927e0c-83f7-46f1-b5d3-359219eef281/001-3a92ae23-7bef-41f7-8743-49846a7124d7-downloadableSrc-b7b3091b9ab6.webp
b6927e0c-83f7-46f1-b5d3-359219eef281,Removing a shipping address,03eab082-d557-423b-92f8-797b18bc1f36,Nike,f1257fae-f105-498b-8a5c-92f9c2e2b5b0,1,2,881bf047-53e6-4d48-aee9-673c23365f28,true,downloadableSrc,200,image/webp,61834,61834,442c9301ec19f269e4cbb1dfec3e59db19328e509d5b5b0bed6cd5241da57bd6,1179,2676,,,bytescale.mobbin.com,f7a1807c1ac98ccf0eecf5078d61346ac9a94ca37a547f5708d580528c9e55c0,/Users/user/mobbin-sides/screen-flows/nike/066-nike-removing-a-shipping-address-b6927e0c-83f7-46f1-b5d3-359219eef281/002-881bf047-53e6-4d48-aee9-673c23365f28-downloadableSrc-442c9301ec19.webp
b6927e0c-83f7-46f1-b5d3-359219eef281,Removing a shipping address,03eab082-d557-423b-92f8-797b18bc1f36,Nike,f1257fae-f105-498b-8a5c-92f9c2e2b5b0,2,3,3c1616c3-e90f-4807-a848-ab731b42cca7,true,downloadableSrc,200,image/webp,30062,30062,d9eb1dc51d2bcbe16057ce9ff38e3c232edeb3b6af9b625b3f8f76e8652e5bc4,1179,2676,,,bytescale.mobbin.com,f7a1807c1ac98ccf0eecf5078d61346ac9a94ca37a547f5708d580528c9e55c0,/Users/user/mobbin-sides/screen-flows/nike/066-nike-removing-a-shipping-address-b6927e0c-83f7-46f1-b5d3-359219eef281/003-3c1616c3-e90f-4807-a848-ab731b42cca7-downloadableSrc-d9eb1dc51d2b.webp
1d21844d-a4f0-40eb-b648-fbdb1bd6d73d,Payment information,03eab082-d557-423b-92f8-797b18bc1f36,Nike,f1257fae-f105-498b-8a5c-92f9c2e2b5b0,0,1,18cbf0ca-1624-4b77-ad26-c7af501e82cc,true,downloadableSrc,200,image/webp,48704,48704,5cbebf388d409c2ab50eaaee0dab0c4d5f8eb7ec1ea3887d6e9c35dfe0c0f1b1,1179,2676,,,bytescale.mobbin.com,f7a1807c1ac98ccf0eecf5078d61346ac9a94ca37a547f5708d580528c9e55c0,/Users/user/mobbin-sides/screen-flows/nike/067-nike-payment-information-1d21844d-a4f0-40eb-b648-fbdb1bd6d73d/001-18cbf0ca-1624-4b77-ad26-c7af501e82cc-downloadableSrc-5cbebf388d40.webp
1d21844d-a4f0-40eb-b648-fbdb1bd6d73d,Payment information,03eab082-d557-423b-92f8-797b18bc1f36,Nike,f1257fae-f105-498b-8a5c-92f9c2e2b5b0,1,2,5d219374-14cf-4708-acfa-686e2cfb6add,true,downloadableSrc,200,image/webp,30392,30392,be88eb6a500c4ed93ab728a3c67adbe3f516172999fd537032cfe2dbb28d7d36,1179,2676,,,bytescale.mobbin.com,f7a1807c1ac98ccf0eecf5078d61346ac9a94ca37a547f5708d580528c9e55c0,/Users/user/mobbin-sides/screen-flows/nike/067-nike-payment-information-1d21844d-a4f0-40eb-b648-fbdb1bd6d73d/002-5d219374-14cf-4708-acfa-686e2cfb6add-downloadableSrc-be88eb6a500c.webp
1d21844d-a4f0-40eb-b648-fbdb1bd6d73d,Payment information,03eab082-d557-423b-92f8-797b18bc1f36,Nike,f1257fae-f105-498b-8a5c-92f9c2e2b5b0,2,3,6c0830ad-630f-423a-9863-67db8ab14dc9,true,downloadableSrc,200,image/webp,44790,44790,e350d3ff09195f159c18b2dc090e1aa572c7d1e2c5d3f2aa9465377d105167ba,1179,2676,,,bytescale.mobbin.com,f7a1807c1ac98ccf0eecf5078d61346ac9a94ca37a547f5708d580528c9e55c0,/Users/user/mobbin-sides/screen-flows/nike/067-nike-payment-information-1d21844d-a4f0-40eb-b648-fbdb1bd6d73d/003-6c0830ad-630f-423a-9863-67db8ab14dc9-downloadableSrc-e350d3ff0919.webp
0deb51c8-42ba-4eb3-8824-3682cc2351ce,Changing country,03eab082-d557-423b-92f8-797b18bc1f36,Nike,f1257fae-f105-498b-8a5c-92f9c2e2b5b0,0,1,18cbf0ca-1624-4b77-ad26-c7af501e82cc,true,downloadableSrc,200,image/webp,48704,48704,5cbebf388d409c2ab50eaaee0dab0c4d5f8eb7ec1ea3887d6e9c35dfe0c0f1b1,1179,2676,,,bytescale.mobbin.com,f7a1807c1ac98ccf0eecf5078d61346ac9a94ca37a547f5708d580528c9e55c0,/Users/user/mobbin-sides/screen-flows/nike/068-nike-changing-country-0deb51c8-42ba-4eb3-8824-3682cc2351ce/001-18cbf0ca-1624-4b77-ad26-c7af501e82cc-downloadableSrc-5cbebf388d40.webp
0deb51c8-42ba-4eb3-8824-3682cc2351ce,Changing country,03eab082-d557-423b-92f8-797b18bc1f36,Nike,f1257fae-f105-498b-8a5c-92f9c2e2b5b0,1,2,f526a186-6db6-4dfd-8e58-d4e634795902,true,downloadableSrc,200,image/webp,34622,34622,e3002c1c40e2b42c4eaa6d642e16cb47b079735b593d54ab3d05c18fe23edb50,1179,2676,,,bytescale.mobbin.com,f7a1807c1ac98ccf0eecf5078d61346ac9a94ca37a547f5708d580528c9e55c0,/Users/user/mobbin-sides/screen-flows/nike/068-nike-changing-country-0deb51c8-42ba-4eb3-8824-3682cc2351ce/002-f526a186-6db6-4dfd-8e58-d4e634795902-downloadableSrc-e3002c1c40e2.webp
0deb51c8-42ba-4eb3-8824-3682cc2351ce,Changing country,03eab082-d557-423b-92f8-797b18bc1f36,Nike,f1257fae-f105-498b-8a5c-92f9c2e2b5b0,2,3,55428741-5d1f-4dda-bc0a-45e2f638af3a,true,downloadableSrc,200,image/webp,26820,26820,59d9339b0d0ced0ae0e5bb011bd1e3bbbb307beedf3065a2bb292eedf454a68f,1179,2676,,,bytescale.mobbin.com,f7a1807c1ac98ccf0eecf5078d61346ac9a94ca37a547f5708d580528c9e55c0,/Users/user/mobbin-sides/screen-flows/nike/068-nike-changing-country-0deb51c8-42ba-4eb3-8824-3682cc2351ce/003-55428741-5d1f-4dda-bc0a-45e2f638af3a-downloadableSrc-59d9339b0d0c.webp
0deb51c8-42ba-4eb3-8824-3682cc2351ce,Changing country,03eab082-d557-423b-92f8-797b18bc1f36,Nike,f1257fae-f105-498b-8a5c-92f9c2e2b5b0,3,4,941931db-d4d2-4db5-a502-43ef353006d1,true,downloadableSrc,200,image/webp,37602,37602,0b42a3021673567357d3b9c3f59503b89a8740913ab116d35b9a2b983ff222d5,1179,2676,,,bytescale.mobbin.com,f7a1807c1ac98ccf0eecf5078d61346ac9a94ca37a547f5708d580528c9e55c0,/Users/user/mobbin-sides/screen-flows/nike/068-nike-changing-country-0deb51c8-42ba-4eb3-8824-3682cc2351ce/004-941931db-d4d2-4db5-a502-43ef353006d1-downloadableSrc-0b42a3021673.webp
0deb51c8-42ba-4eb3-8824-3682cc2351ce,Changing country,03eab082-d557-423b-92f8-797b18bc1f36,Nike,f1257fae-f105-498b-8a5c-92f9c2e2b5b0,4,5,3b3d0494-69f4-4453-ab9f-4bcae9a2bf18,true,downloadableSrc,200,image/webp,34004,34004,b3047d80342300876692a2f5868c666b1fbdf7234b8e23fc2c924c2fdf5eb8ca,1179,2676,,,bytescale.mobbin.com,f7a1807c1ac98ccf0eecf5078d61346ac9a94ca37a547f5708d580528c9e55c0,/Users/user/mobbin-sides/screen-flows/nike/068-nike-changing-country-0deb51c8-42ba-4eb3-8824-3682cc2351ce/005-3b3d0494-69f4-4453-ab9f-4bcae9a2bf18-downloadableSrc-b3047d803423.webp
0deb51c8-42ba-4eb3-8824-3682cc2351ce,Changing country,03eab082-d557-423b-92f8-797b18bc1f36,Nike,f1257fae-f105-498b-8a5c-92f9c2e2b5b0,5,6,b3279750-4878-425b-9abe-bf5ade6b14ab,true,downloadableSrc,200,image/webp,33168,33168,a00f924c0f437be6d873cf051422d13dfaed3cc75ded62be503c0e24555c5b6e,1179,2676,,,bytescale.mobbin.com,f7a1807c1ac98ccf0eecf5078d61346ac9a94ca37a547f5708d580528c9e55c0,/Users/user/mobbin-sides/screen-flows/nike/068-nike-changing-country-0deb51c8-42ba-4eb3-8824-3682cc2351ce/006-b3279750-4878-425b-9abe-bf5ade6b14ab-downloadableSrc-a00f924c0f43.webp
0deb51c8-42ba-4eb3-8824-3682cc2351ce,Changing country,03eab082-d557-423b-92f8-797b18bc1f36,Nike,f1257fae-f105-498b-8a5c-92f9c2e2b5b0,6,7,f192430c-820a-4eb7-83ce-f8b4a43092e1,true,downloadableSrc,200,image/webp,33170,33170,6887c7e231ac0dccd4ec4730c2423d842c3dd07f0c15dbbde87d42e3ae4da3ff,1179,2676,,,bytescale.mobbin.com,f7a1807c1ac98ccf0eecf5078d61346ac9a94ca37a547f5708d580528c9e55c0,/Users/user/mobbin-sides/screen-flows/nike/068-nike-changing-country-0deb51c8-42ba-4eb3-8824-3682cc2351ce/007-f192430c-820a-4eb7-83ce-f8b4a43092e1-downloadableSrc-6887c7e231ac.webp
0deb51c8-42ba-4eb3-8824-3682cc2351ce,Changing country,03eab082-d557-423b-92f8-797b18bc1f36,Nike,f1257fae-f105-498b-8a5c-92f9c2e2b5b0,7,8,f4d48121-8e23-4d54-8c4b-0ef8a5f3b7a1,true,downloadableSrc,200,image/webp,34428,34428,fcd6af62323e07bc7da9353866fe8239830ec8748b2005a5fe3dfe8ec0824d13,1179,2676,,,bytescale.mobbin.com,f7a1807c1ac98ccf0eecf5078d61346ac9a94ca37a547f5708d580528c9e55c0,/Users/user/mobbin-sides/screen-flows/nike/068-nike-changing-country-0deb51c8-42ba-4eb3-8824-3682cc2351ce/008-f4d48121-8e23-4d54-8c4b-0ef8a5f3b7a1-downloadableSrc-fcd6af62323e.webp
0deb51c8-42ba-4eb3-8824-3682cc2351ce,Changing country,03eab082-d557-423b-92f8-797b18bc1f36,Nike,f1257fae-f105-498b-8a5c-92f9c2e2b5b0,8,9,e2651c8b-497c-4e2d-9d26-88a52f79f7e7,true,downloadableSrc,200,image/webp,12586,12586,ede259e1ad3af706fe18232a42f505cceafbae838cd0e48c2c490dbc2b47409b,1179,2676,,,bytescale.mobbin.com,f7a1807c1ac98ccf0eecf5078d61346ac9a94ca37a547f5708d580528c9e55c0,/Users/user/mobbin-sides/screen-flows/nike/068-nike-changing-country-0deb51c8-42ba-4eb3-8824-3682cc2351ce/009-e2651c8b-497c-4e2d-9d26-88a52f79f7e7-downloadableSrc-ede259e1ad3a.webp
0deb51c8-42ba-4eb3-8824-3682cc2351ce,Changing country,03eab082-d557-423b-92f8-797b18bc1f36,Nike,f1257fae-f105-498b-8a5c-92f9c2e2b5b0,9,10,3c9620be-9e95-4599-9042-3be79153026e,true,downloadableSrc,200,image/webp,115082,115082,20afccbafdda8695e44ba432884a9a46d741dba5238161ab672f080f087aac93,1179,2676,,,bytescale.mobbin.com,f7a1807c1ac98ccf0eecf5078d61346ac9a94ca37a547f5708d580528c9e55c0,/Users/user/mobbin-sides/screen-flows/nike/068-nike-changing-country-0deb51c8-42ba-4eb3-8824-3682cc2351ce/010-3c9620be-9e95-4599-9042-3be79153026e-downloadableSrc-20afccbafdda.webp
8d319498-0c0e-4315-9b44-12fcaea2adae,Changing shopping settings,03eab082-d557-423b-92f8-797b18bc1f36,Nike,f1257fae-f105-498b-8a5c-92f9c2e2b5b0,0,1,18cbf0ca-1624-4b77-ad26-c7af501e82cc,true,downloadableSrc,200,image/webp,48704,48704,5cbebf388d409c2ab50eaaee0dab0c4d5f8eb7ec1ea3887d6e9c35dfe0c0f1b1,1179,2676,,,bytescale.mobbin.com,f7a1807c1ac98ccf0eecf5078d61346ac9a94ca37a547f5708d580528c9e55c0,/Users/user/mobbin-sides/screen-flows/nike/069-nike-changing-shopping-settings-8d319498-0c0e-4315-9b44-12fcaea2adae/001-18cbf0ca-1624-4b77-ad26-c7af501e82cc-downloadableSrc-5cbebf388d40.webp
8d319498-0c0e-4315-9b44-12fcaea2adae,Changing shopping settings,03eab082-d557-423b-92f8-797b18bc1f36,Nike,f1257fae-f105-498b-8a5c-92f9c2e2b5b0,1,2,63fe0b03-4a72-4b51-9dc0-0c9e33769d09,true,downloadableSrc,200,image/webp,53812,53812,1ec1b3914c81108027ee9e8596dfcc7dd2bdb602a9b4afbeb5a0d306616749e7,1179,2676,,,bytescale.mobbin.com,f7a1807c1ac98ccf0eecf5078d61346ac9a94ca37a547f5708d580528c9e55c0,/Users/user/mobbin-sides/screen-flows/nike/069-nike-changing-shopping-settings-8d319498-0c0e-4315-9b44-12fcaea2adae/002-63fe0b03-4a72-4b51-9dc0-0c9e33769d09-downloadableSrc-1ec1b3914c81.webp
8d319498-0c0e-4315-9b44-12fcaea2adae,Changing shopping settings,03eab082-d557-423b-92f8-797b18bc1f36,Nike,f1257fae-f105-498b-8a5c-92f9c2e2b5b0,2,3,eaddb148-d64f-4b3b-bfb7-b746ac03937c,true,downloadableSrc,200,image/webp,30382,30382,9266954b482ec182bd853852f24e03856e81c3f284af1a3ec4012e409f6cb10f,1179,2676,,,bytescale.mobbin.com,f7a1807c1ac98ccf0eecf5078d61346ac9a94ca37a547f5708d580528c9e55c0,/Users/user/mobbin-sides/screen-flows/nike/069-nike-changing-shopping-settings-8d319498-0c0e-4315-9b44-12fcaea2adae/003-eaddb148-d64f-4b3b-bfb7-b746ac03937c-downloadableSrc-9266954b482e.webp
8d319498-0c0e-4315-9b44-12fcaea2adae,Changing shopping settings,03eab082-d557-423b-92f8-797b18bc1f36,Nike,f1257fae-f105-498b-8a5c-92f9c2e2b5b0,3,4,95db6d55-707a-4b8d-acb4-281c7dda791b,true,downloadableSrc,200,image/webp,54430,54430,ac0a95cc492f767c21b592cf9850c8c749d5f9a788bb7f1ffbb487d47be7d03b,1179,2676,,,bytescale.mobbin.com,f7a1807c1ac98ccf0eecf5078d61346ac9a94ca37a547f5708d580528c9e55c0,/Users/user/mobbin-sides/screen-flows/nike/069-nike-changing-shopping-settings-8d319498-0c0e-4315-9b44-12fcaea2adae/004-95db6d55-707a-4b8d-acb4-281c7dda791b-downloadableSrc-ac0a95cc492f.webp
b13f11ac-5d63-48d0-8c38-da5e71dd77d8,Notifications,03eab082-d557-423b-92f8-797b18bc1f36,Nike,f1257fae-f105-498b-8a5c-92f9c2e2b5b0,0,1,f216f610-23de-49dd-ad5c-83a5c52739ca,true,downloadableSrc,200,image/webp,42440,42440,29e24e4ba402f94cbab36411cb2dbe9939d0753e4254b04c26afb3a5c8af477d,1179,2676,,,bytescale.mobbin.com,f7a1807c1ac98ccf0eecf5078d61346ac9a94ca37a547f5708d580528c9e55c0,/Users/user/mobbin-sides/screen-flows/nike/070-nike-notifications-b13f11ac-5d63-48d0-8c38-da5e71dd77d8/001-f216f610-23de-49dd-ad5c-83a5c52739ca-downloadableSrc-29e24e4ba402.webp
b13f11ac-5d63-48d0-8c38-da5e71dd77d8,Notifications,03eab082-d557-423b-92f8-797b18bc1f36,Nike,f1257fae-f105-498b-8a5c-92f9c2e2b5b0,1,2,a3b3002a-4e23-4c8b-9361-51b6d804825d,true,downloadableSrc,200,image/webp,81500,81500,f66eccfe0f377b74ba14a488d8048d3fb7e06e2d0c72678e1dff4b312b369327,1179,2676,,,bytescale.mobbin.com,f7a1807c1ac98ccf0eecf5078d61346ac9a94ca37a547f5708d580528c9e55c0,/Users/user/mobbin-sides/screen-flows/nike/070-nike-notifications-b13f11ac-5d63-48d0-8c38-da5e71dd77d8/002-a3b3002a-4e23-4c8b-9361-51b6d804825d-downloadableSrc-f66eccfe0f37.webp
4376a49a-ac28-45c8-a86e-098329c1dbd1,Editing schedule,03eab082-d557-423b-92f8-797b18bc1f36,Nike,f1257fae-f105-498b-8a5c-92f9c2e2b5b0,0,1,a3b3002a-4e23-4c8b-9361-51b6d804825d,true,downloadableSrc,200,image/webp,81500,81500,f66eccfe0f377b74ba14a488d8048d3fb7e06e2d0c72678e1dff4b312b369327,1179,2676,,,bytescale.mobbin.com,f7a1807c1ac98ccf0eecf5078d61346ac9a94ca37a547f5708d580528c9e55c0,/Users/user/mobbin-sides/screen-flows/nike/071-nike-editing-schedule-4376a49a-ac28-45c8-a86e-098329c1dbd1/001-a3b3002a-4e23-4c8b-9361-51b6d804825d-downloadableSrc-f66eccfe0f37.webp
4376a49a-ac28-45c8-a86e-098329c1dbd1,Editing schedule,03eab082-d557-423b-92f8-797b18bc1f36,Nike,f1257fae-f105-498b-8a5c-92f9c2e2b5b0,1,2,b0e51ce0-452a-46ba-8366-485a4dc80e4f,true,downloadableSrc,200,image/webp,29760,29760,fe1e81f59264c129d8f2074b42bb59dfd7e93270198aad25004ae1aea5227077,1179,2676,,,bytescale.mobbin.com,f7a1807c1ac98ccf0eecf5078d61346ac9a94ca37a547f5708d580528c9e55c0,/Users/user/mobbin-sides/screen-flows/nike/071-nike-editing-schedule-4376a49a-ac28-45c8-a86e-098329c1dbd1/002-b0e51ce0-452a-46ba-8366-485a4dc80e4f-downloadableSrc-fe1e81f59264.webp
4376a49a-ac28-45c8-a86e-098329c1dbd1,Editing schedule,03eab082-d557-423b-92f8-797b18bc1f36,Nike,f1257fae-f105-498b-8a5c-92f9c2e2b5b0,2,3,79dd0c2a-2024-4973-9af5-eb29c80300d2,true,downloadableSrc,200,image/webp,30690,30690,86599c67cddb825f348ce0bbd2bc6e0252b096b746b75137e0cbf00ee53bf4e1,1179,2676,,,bytescale.mobbin.com,f7a1807c1ac98ccf0eecf5078d61346ac9a94ca37a547f5708d580528c9e55c0,/Users/user/mobbin-sides/screen-flows/nike/071-nike-editing-schedule-4376a49a-ac28-45c8-a86e-098329c1dbd1/003-79dd0c2a-2024-4973-9af5-eb29c80300d2-downloadableSrc-86599c67cddb.webp
4376a49a-ac28-45c8-a86e-098329c1dbd1,Editing schedule,03eab082-d557-423b-92f8-797b18bc1f36,Nike,f1257fae-f105-498b-8a5c-92f9c2e2b5b0,3,4,ba332706-8d29-4fb0-9dda-e7fe066e3fae,true,downloadableSrc,200,image/webp,82434,82434,96f5040c7a8715866047e301dbf99231a7ab3342ad8923530505e236790e2393,1179,2676,,,bytescale.mobbin.com,f7a1807c1ac98ccf0eecf5078d61346ac9a94ca37a547f5708d580528c9e55c0,/Users/user/mobbin-sides/screen-flows/nike/071-nike-editing-schedule-4376a49a-ac28-45c8-a86e-098329c1dbd1/004-ba332706-8d29-4fb0-9dda-e7fe066e3fae-downloadableSrc-96f5040c7a87.webp
3ffddd20-678d-4c23-b360-e41c7fc24d2e,Privacy,03eab082-d557-423b-92f8-797b18bc1f36,Nike,f1257fae-f105-498b-8a5c-92f9c2e2b5b0,0,1,f216f610-23de-49dd-ad5c-83a5c52739ca,true,downloadableSrc,200,image/webp,42440,42440,29e24e4ba402f94cbab36411cb2dbe9939d0753e4254b04c26afb3a5c8af477d,1179,2676,,,bytescale.mobbin.com,f7a1807c1ac98ccf0eecf5078d61346ac9a94ca37a547f5708d580528c9e55c0,/Users/user/mobbin-sides/screen-flows/nike/072-nike-privacy-3ffddd20-678d-4c23-b360-e41c7fc24d2e/001-f216f610-23de-49dd-ad5c-83a5c52739ca-downloadableSrc-29e24e4ba402.webp
3ffddd20-678d-4c23-b360-e41c7fc24d2e,Privacy,03eab082-d557-423b-92f8-797b18bc1f36,Nike,f1257fae-f105-498b-8a5c-92f9c2e2b5b0,1,2,34377eb2-d3a9-447e-ae0a-484b3feb3adb,true,downloadableSrc,200,image/webp,78184,78184,00cbe7ea5e6f300f65d014db4a24051bc14cab5dc4da0a69797cae9b9d6490ea,1179,2676,,,bytescale.mobbin.com,f7a1807c1ac98ccf0eecf5078d61346ac9a94ca37a547f5708d580528c9e55c0,/Users/user/mobbin-sides/screen-flows/nike/072-nike-privacy-3ffddd20-678d-4c23-b360-e41c7fc24d2e/002-34377eb2-d3a9-447e-ae0a-484b3feb3adb-downloadableSrc-00cbe7ea5e6f.webp
48306fd6-7d8e-4278-8c3d-42b5b5fed5df,Updating account settings,03eab082-d557-423b-92f8-797b18bc1f36,Nike,f1257fae-f105-498b-8a5c-92f9c2e2b5b0,0,1,34377eb2-d3a9-447e-ae0a-484b3feb3adb,true,downloadableSrc,200,image/webp,78184,78184,00cbe7ea5e6f300f65d014db4a24051bc14cab5dc4da0a69797cae9b9d6490ea,1179,2676,,,bytescale.mobbin.com,f7a1807c1ac98ccf0eecf5078d61346ac9a94ca37a547f5708d580528c9e55c0,/Users/user/mobbin-sides/screen-flows/nike/073-nike-updating-account-settings-48306fd6-7d8e-4278-8c3d-42b5b5fed5df/001-34377eb2-d3a9-447e-ae0a-484b3feb3adb-downloadableSrc-00cbe7ea5e6f.webp
48306fd6-7d8e-4278-8c3d-42b5b5fed5df,Updating account settings,03eab082-d557-423b-92f8-797b18bc1f36,Nike,f1257fae-f105-498b-8a5c-92f9c2e2b5b0,1,2,462ddb74-4b3a-49b2-844f-319a5f778b3d,true,downloadableSrc,200,image/webp,118398,118398,2f9f4e70da319695ee730de3eabce5838cc98f4c11edef50dc63f31d614173a2,1179,2676,,,bytescale.mobbin.com,f7a1807c1ac98ccf0eecf5078d61346ac9a94ca37a547f5708d580528c9e55c0,/Users/user/mobbin-sides/screen-flows/nike/073-nike-updating-account-settings-48306fd6-7d8e-4278-8c3d-42b5b5fed5df/002-462ddb74-4b3a-49b2-844f-319a5f778b3d-downloadableSrc-2f9f4e70da31.webp
48306fd6-7d8e-4278-8c3d-42b5b5fed5df,Updating account settings,03eab082-d557-423b-92f8-797b18bc1f36,Nike,f1257fae-f105-498b-8a5c-92f9c2e2b5b0,2,3,e022a3e2-e994-45d5-9f5a-80d85f5a7bcf,true,downloadableSrc,200,image/webp,116598,116598,85d31e91cd995ae784836b37ce57262fa117088135af5a7cc8d10b9256a32346,1179,2676,,,bytescale.mobbin.com,f7a1807c1ac98ccf0eecf5078d61346ac9a94ca37a547f5708d580528c9e55c0,/Users/user/mobbin-sides/screen-flows/nike/073-nike-updating-account-settings-48306fd6-7d8e-4278-8c3d-42b5b5fed5df/003-e022a3e2-e994-45d5-9f5a-80d85f5a7bcf-downloadableSrc-85d31e91cd99.webp
566954b3-2518-4fc9-b405-007b68c20f29,Changing profile visibility,03eab082-d557-423b-92f8-797b18bc1f36,Nike,f1257fae-f105-498b-8a5c-92f9c2e2b5b0,0,1,f216f610-23de-49dd-ad5c-83a5c52739ca,true,downloadableSrc,200,image/webp,42440,42440,29e24e4ba402f94cbab36411cb2dbe9939d0753e4254b04c26afb3a5c8af477d,1179,2676,,,bytescale.mobbin.com,f7a1807c1ac98ccf0eecf5078d61346ac9a94ca37a547f5708d580528c9e55c0,/Users/user/mobbin-sides/screen-flows/nike/074-nike-changing-profile-visibility-566954b3-2518-4fc9-b405-007b68c20f29/001-f216f610-23de-49dd-ad5c-83a5c52739ca-downloadableSrc-29e24e4ba402.webp
566954b3-2518-4fc9-b405-007b68c20f29,Changing profile visibility,03eab082-d557-423b-92f8-797b18bc1f36,Nike,f1257fae-f105-498b-8a5c-92f9c2e2b5b0,1,2,ee6a463b-c982-4fdc-8dae-dcaede668b61,true,downloadableSrc,200,image/webp,104176,104176,87d614f4f56dc5445fdaec07652fa786849c2e226e820d75dc015f6628d7edeb,1179,2676,,,bytescale.mobbin.com,f7a1807c1ac98ccf0eecf5078d61346ac9a94ca37a547f5708d580528c9e55c0,/Users/user/mobbin-sides/screen-flows/nike/074-nike-changing-profile-visibility-566954b3-2518-4fc9-b405-007b68c20f29/002-ee6a463b-c982-4fdc-8dae-dcaede668b61-downloadableSrc-87d614f4f56d.webp
566954b3-2518-4fc9-b405-007b68c20f29,Changing profile visibility,03eab082-d557-423b-92f8-797b18bc1f36,Nike,f1257fae-f105-498b-8a5c-92f9c2e2b5b0,2,3,d3d23f68-825a-4c01-b7f3-b7e7a3504174,true,downloadableSrc,200,image/webp,97378,97378,9880beec1ea979bbf823606a3a6f34a9e5caa52a716ef07897cc115e9e21e035,1179,2676,,,bytescale.mobbin.com,f7a1807c1ac98ccf0eecf5078d61346ac9a94ca37a547f5708d580528c9e55c0,/Users/user/mobbin-sides/screen-flows/nike/074-nike-changing-profile-visibility-566954b3-2518-4fc9-b405-007b68c20f29/003-d3d23f68-825a-4c01-b7f3-b7e7a3504174-downloadableSrc-9880beec1ea9.webp
566954b3-2518-4fc9-b405-007b68c20f29,Changing profile visibility,03eab082-d557-423b-92f8-797b18bc1f36,Nike,f1257fae-f105-498b-8a5c-92f9c2e2b5b0,3,4,c8874b7c-b57c-4c03-98b9-34da300463f7,true,downloadableSrc,200,image/webp,104198,104198,902c00df475d5d789eaa74bddc37a2c6575ca5ffc0691f738a347e4128aeed6d,1179,2676,,,bytescale.mobbin.com,f7a1807c1ac98ccf0eecf5078d61346ac9a94ca37a547f5708d580528c9e55c0,/Users/user/mobbin-sides/screen-flows/nike/074-nike-changing-profile-visibility-566954b3-2518-4fc9-b405-007b68c20f29/004-c8874b7c-b57c-4c03-98b9-34da300463f7-downloadableSrc-902c00df475d.webp
546fc4fb-8876-4155-bbf9-132fbd63a1ad,Blocked Users,03eab082-d557-423b-92f8-797b18bc1f36,Nike,f1257fae-f105-498b-8a5c-92f9c2e2b5b0,0,1,f216f610-23de-49dd-ad5c-83a5c52739ca,true,downloadableSrc,200,image/webp,42440,42440,29e24e4ba402f94cbab36411cb2dbe9939d0753e4254b04c26afb3a5c8af477d,1179,2676,,,bytescale.mobbin.com,f7a1807c1ac98ccf0eecf5078d61346ac9a94ca37a547f5708d580528c9e55c0,/Users/user/mobbin-sides/screen-flows/nike/075-nike-blocked-users-546fc4fb-8876-4155-bbf9-132fbd63a1ad/001-f216f610-23de-49dd-ad5c-83a5c52739ca-downloadableSrc-29e24e4ba402.webp
546fc4fb-8876-4155-bbf9-132fbd63a1ad,Blocked Users,03eab082-d557-423b-92f8-797b18bc1f36,Nike,f1257fae-f105-498b-8a5c-92f9c2e2b5b0,1,2,b471b223-5bf8-47f7-942a-04b1eb0a11ee,true,downloadableSrc,200,image/webp,37978,37978,ce4bea6f625a51216cfe70e9dfe2f1e5a2d826f3f8e0b57ca35ee7d6616ce27e,1179,2676,,,bytescale.mobbin.com,f7a1807c1ac98ccf0eecf5078d61346ac9a94ca37a547f5708d580528c9e55c0,/Users/user/mobbin-sides/screen-flows/nike/075-nike-blocked-users-546fc4fb-8876-4155-bbf9-132fbd63a1ad/002-b471b223-5bf8-47f7-942a-04b1eb0a11ee-downloadableSrc-ce4bea6f625a.webp
546fc4fb-8876-4155-bbf9-132fbd63a1ad,Blocked Users,03eab082-d557-423b-92f8-797b18bc1f36,Nike,f1257fae-f105-498b-8a5c-92f9c2e2b5b0,2,3,6cd857cf-5a51-4b06-a1cd-d335f1822ac9,true,downloadableSrc,200,image/webp,23766,23766,5e90aecfdd0219b20b5bb7607f474f7e4987baae2046c2cd33581a19e5634e1b,1179,2676,,,bytescale.mobbin.com,f7a1807c1ac98ccf0eecf5078d61346ac9a94ca37a547f5708d580528c9e55c0,/Users/user/mobbin-sides/screen-flows/nike/075-nike-blocked-users-546fc4fb-8876-4155-bbf9-132fbd63a1ad/003-6cd857cf-5a51-4b06-a1cd-d335f1822ac9-downloadableSrc-5e90aecfdd02.webp
5fcbeedd-0cee-431e-ac04-448ce6ac0cc0,Workout Info,03eab082-d557-423b-92f8-797b18bc1f36,Nike,f1257fae-f105-498b-8a5c-92f9c2e2b5b0,0,1,f216f610-23de-49dd-ad5c-83a5c52739ca,true,downloadableSrc,200,image/webp,42440,42440,29e24e4ba402f94cbab36411cb2dbe9939d0753e4254b04c26afb3a5c8af477d,1179,2676,,,bytescale.mobbin.com,f7a1807c1ac98ccf0eecf5078d61346ac9a94ca37a547f5708d580528c9e55c0,/Users/user/mobbin-sides/screen-flows/nike/076-nike-workout-info-5fcbeedd-0cee-431e-ac04-448ce6ac0cc0/001-f216f610-23de-49dd-ad5c-83a5c52739ca-downloadableSrc-29e24e4ba402.webp
5fcbeedd-0cee-431e-ac04-448ce6ac0cc0,Workout Info,03eab082-d557-423b-92f8-797b18bc1f36,Nike,f1257fae-f105-498b-8a5c-92f9c2e2b5b0,1,2,8ad2ab75-51ed-47f7-8ae1-a4e05cb40c3c,true,downloadableSrc,200,image/webp,77190,77190,6e8aef5bf46c1d5fd7907dfc527b9ddd26cf61a10a042d2f3ad5856931de9722,1179,2676,,,bytescale.mobbin.com,f7a1807c1ac98ccf0eecf5078d61346ac9a94ca37a547f5708d580528c9e55c0,/Users/user/mobbin-sides/screen-flows/nike/076-nike-workout-info-5fcbeedd-0cee-431e-ac04-448ce6ac0cc0/002-8ad2ab75-51ed-47f7-8ae1-a4e05cb40c3c-downloadableSrc-6e8aef5bf46c.webp
a6c57749-df75-444c-864f-c24971873dfc,Get Support,03eab082-d557-423b-92f8-797b18bc1f36,Nike,f1257fae-f105-498b-8a5c-92f9c2e2b5b0,0,1,f216f610-23de-49dd-ad5c-83a5c52739ca,true,downloadableSrc,200,image/webp,42440,42440,29e24e4ba402f94cbab36411cb2dbe9939d0753e4254b04c26afb3a5c8af477d,1179,2676,,,bytescale.mobbin.com,f7a1807c1ac98ccf0eecf5078d61346ac9a94ca37a547f5708d580528c9e55c0,/Users/user/mobbin-sides/screen-flows/nike/077-nike-get-support-a6c57749-df75-444c-864f-c24971873dfc/001-f216f610-23de-49dd-ad5c-83a5c52739ca-downloadableSrc-29e24e4ba402.webp
a6c57749-df75-444c-864f-c24971873dfc,Get Support,03eab082-d557-423b-92f8-797b18bc1f36,Nike,f1257fae-f105-498b-8a5c-92f9c2e2b5b0,1,2,2de2c649-1a1f-4e25-87ad-16fb202f948d,true,downloadableSrc,200,image/webp,34904,34904,b06ec523824163c3fa88548b5b2352321c4e81fcb150744f3324dd3132920072,1179,2676,,,bytescale.mobbin.com,f7a1807c1ac98ccf0eecf5078d61346ac9a94ca37a547f5708d580528c9e55c0,/Users/user/mobbin-sides/screen-flows/nike/077-nike-get-support-a6c57749-df75-444c-864f-c24971873dfc/002-2de2c649-1a1f-4e25-87ad-16fb202f948d-downloadableSrc-b06ec5238241.webp
632eba4c-3a2a-4133-a1e0-e1f3ae97a10e,Call Nike,03eab082-d557-423b-92f8-797b18bc1f36,Nike,f1257fae-f105-498b-8a5c-92f9c2e2b5b0,0,1,2de2c649-1a1f-4e25-87ad-16fb202f948d,true,downloadableSrc,200,image/webp,34904,34904,b06ec523824163c3fa88548b5b2352321c4e81fcb150744f3324dd3132920072,1179,2676,,,bytescale.mobbin.com,f7a1807c1ac98ccf0eecf5078d61346ac9a94ca37a547f5708d580528c9e55c0,/Users/user/mobbin-sides/screen-flows/nike/078-nike-call-nike-632eba4c-3a2a-4133-a1e0-e1f3ae97a10e/001-2de2c649-1a1f-4e25-87ad-16fb202f948d-downloadableSrc-b06ec5238241.webp
632eba4c-3a2a-4133-a1e0-e1f3ae97a10e,Call Nike,03eab082-d557-423b-92f8-797b18bc1f36,Nike,f1257fae-f105-498b-8a5c-92f9c2e2b5b0,1,2,bf2ad865-5103-4e63-a145-9932365e76df,true,downloadableSrc,200,image/webp,37248,37248,6317a8ff54b7f8c494fa7fa7cf97842aa73e91203abf19dca8bf1c222f1dcbb9,1179,2676,,,bytescale.mobbin.com,f7a1807c1ac98ccf0eecf5078d61346ac9a94ca37a547f5708d580528c9e55c0,/Users/user/mobbin-sides/screen-flows/nike/078-nike-call-nike-632eba4c-3a2a-4133-a1e0-e1f3ae97a10e/002-bf2ad865-5103-4e63-a145-9932365e76df-downloadableSrc-6317a8ff54b7.webp
a78a0121-0fd2-4f51-9446-fc200aa4584e,FAQs,03eab082-d557-423b-92f8-797b18bc1f36,Nike,f1257fae-f105-498b-8a5c-92f9c2e2b5b0,0,1,2de2c649-1a1f-4e25-87ad-16fb202f948d,true,downloadableSrc,200,image/webp,34904,34904,b06ec523824163c3fa88548b5b2352321c4e81fcb150744f3324dd3132920072,1179,2676,,,bytescale.mobbin.com,f7a1807c1ac98ccf0eecf5078d61346ac9a94ca37a547f5708d580528c9e55c0,/Users/user/mobbin-sides/screen-flows/nike/079-nike-faqs-a78a0121-0fd2-4f51-9446-fc200aa4584e/001-2de2c649-1a1f-4e25-87ad-16fb202f948d-downloadableSrc-b06ec5238241.webp
a78a0121-0fd2-4f51-9446-fc200aa4584e,FAQs,03eab082-d557-423b-92f8-797b18bc1f36,Nike,f1257fae-f105-498b-8a5c-92f9c2e2b5b0,1,2,7d21719c-ec30-4f7c-b602-7f6480a3a5f7,true,downloadableSrc,200,image/webp,56218,56218,8038945afc5ee8a3aec35b07015ce977a0c264222c917cb81e92829cc534efb2,1179,2676,,,bytescale.mobbin.com,f7a1807c1ac98ccf0eecf5078d61346ac9a94ca37a547f5708d580528c9e55c0,/Users/user/mobbin-sides/screen-flows/nike/079-nike-faqs-a78a0121-0fd2-4f51-9446-fc200aa4584e/002-7d21719c-ec30-4f7c-b602-7f6480a3a5f7-downloadableSrc-8038945afc5e.webp
a78a0121-0fd2-4f51-9446-fc200aa4584e,FAQs,03eab082-d557-423b-92f8-797b18bc1f36,Nike,f1257fae-f105-498b-8a5c-92f9c2e2b5b0,2,3,ae0581bb-2302-496e-9943-ac19c0f61ff4,true,downloadableSrc,200,image/webp,71354,71354,333fc1254bfcf7c5da591f086f14682fa12ef40905f0391561bba8a94aba331b,1179,2676,,,bytescale.mobbin.com,f7a1807c1ac98ccf0eecf5078d61346ac9a94ca37a547f5708d580528c9e55c0,/Users/user/mobbin-sides/screen-flows/nike/079-nike-faqs-a78a0121-0fd2-4f51-9446-fc200aa4584e/003-ae0581bb-2302-496e-9943-ac19c0f61ff4-downloadableSrc-333fc1254bfc.webp
9dddcceb-78f4-4ca4-a183-36d35e8cf866,Explore Nike apps,03eab082-d557-423b-92f8-797b18bc1f36,Nike,f1257fae-f105-498b-8a5c-92f9c2e2b5b0,0,1,f216f610-23de-49dd-ad5c-83a5c52739ca,true,downloadableSrc,200,image/webp,42440,42440,29e24e4ba402f94cbab36411cb2dbe9939d0753e4254b04c26afb3a5c8af477d,1179,2676,,,bytescale.mobbin.com,f7a1807c1ac98ccf0eecf5078d61346ac9a94ca37a547f5708d580528c9e55c0,/Users/user/mobbin-sides/screen-flows/nike/080-nike-explore-nike-apps-9dddcceb-78f4-4ca4-a183-36d35e8cf866/001-f216f610-23de-49dd-ad5c-83a5c52739ca-downloadableSrc-29e24e4ba402.webp
9dddcceb-78f4-4ca4-a183-36d35e8cf866,Explore Nike apps,03eab082-d557-423b-92f8-797b18bc1f36,Nike,f1257fae-f105-498b-8a5c-92f9c2e2b5b0,1,2,07806cfc-85db-406e-83a8-b2bd6b3a28b3,true,downloadableSrc,200,image/webp,39782,39782,d20b3e7c828be0ed4e28d295d62c6243521c4fcf08d198f0e62e82f90218de4d,1179,2676,,,bytescale.mobbin.com,f7a1807c1ac98ccf0eecf5078d61346ac9a94ca37a547f5708d580528c9e55c0,/Users/user/mobbin-sides/screen-flows/nike/080-nike-explore-nike-apps-9dddcceb-78f4-4ca4-a183-36d35e8cf866/002-07806cfc-85db-406e-83a8-b2bd6b3a28b3-downloadableSrc-d20b3e7c828b.webp
10591032-abc3-45b2-b285-b4bcca4f7c94,About This Version,03eab082-d557-423b-92f8-797b18bc1f36,Nike,f1257fae-f105-498b-8a5c-92f9c2e2b5b0,0,1,ccdc8489-19c5-4cfe-9d56-76316ae78312,true,downloadableSrc,200,image/webp,39202,39202,d23cd5a6441f6fa3f900305f22e373f3ca569674e81f364243b6aa9b4e3d24a3,1179,2676,,,bytescale.mobbin.com,f7a1807c1ac98ccf0eecf5078d61346ac9a94ca37a547f5708d580528c9e55c0,/Users/user/mobbin-sides/screen-flows/nike/081-nike-about-this-version-10591032-abc3-45b2-b285-b4bcca4f7c94/001-ccdc8489-19c5-4cfe-9d56-76316ae78312-downloadableSrc-d23cd5a6441f.webp
10591032-abc3-45b2-b285-b4bcca4f7c94,About This Version,03eab082-d557-423b-92f8-797b18bc1f36,Nike,f1257fae-f105-498b-8a5c-92f9c2e2b5b0,1,2,9f4d2d29-d18a-4728-aaf0-8c247934f0dd,true,downloadableSrc,200,image/webp,33580,33580,974fbe15bbcefb428218a01e631e714e2350c1ae741a846d8fdb3c91856d3e36,1179,2676,,,bytescale.mobbin.com,f7a1807c1ac98ccf0eecf5078d61346ac9a94ca37a547f5708d580528c9e55c0,/Users/user/mobbin-sides/screen-flows/nike/081-nike-about-this-version-10591032-abc3-45b2-b285-b4bcca4f7c94/002-9f4d2d29-d18a-4728-aaf0-8c247934f0dd-downloadableSrc-974fbe15bbce.webp
05cb1fb9-b41c-4d98-952e-53cbdff5be28,Deleting an account,03eab082-d557-423b-92f8-797b18bc1f36,Nike,f1257fae-f105-498b-8a5c-92f9c2e2b5b0,0,1,ccdc8489-19c5-4cfe-9d56-76316ae78312,true,downloadableSrc,200,image/webp,39202,39202,d23cd5a6441f6fa3f900305f22e373f3ca569674e81f364243b6aa9b4e3d24a3,1179,2676,,,bytescale.mobbin.com,f7a1807c1ac98ccf0eecf5078d61346ac9a94ca37a547f5708d580528c9e55c0,/Users/user/mobbin-sides/screen-flows/nike/082-nike-deleting-an-account-05cb1fb9-b41c-4d98-952e-53cbdff5be28/001-ccdc8489-19c5-4cfe-9d56-76316ae78312-downloadableSrc-d23cd5a6441f.webp
05cb1fb9-b41c-4d98-952e-53cbdff5be28,Deleting an account,03eab082-d557-423b-92f8-797b18bc1f36,Nike,f1257fae-f105-498b-8a5c-92f9c2e2b5b0,1,2,99dd7126-e424-4969-a967-156800e87820,true,downloadableSrc,200,image/webp,140204,140204,c6b62b0f36a14c39bc6bf111899336ac3b3a311b22fa5dd995c056926f65430c,1179,2676,,,bytescale.mobbin.com,f7a1807c1ac98ccf0eecf5078d61346ac9a94ca37a547f5708d580528c9e55c0,/Users/user/mobbin-sides/screen-flows/nike/082-nike-deleting-an-account-05cb1fb9-b41c-4d98-952e-53cbdff5be28/002-99dd7126-e424-4969-a967-156800e87820-downloadableSrc-c6b62b0f36a1.webp
05cb1fb9-b41c-4d98-952e-53cbdff5be28,Deleting an account,03eab082-d557-423b-92f8-797b18bc1f36,Nike,f1257fae-f105-498b-8a5c-92f9c2e2b5b0,2,3,27802b7b-93bc-45a3-8d05-b669c32e68eb,true,downloadableSrc,200,image/webp,114438,114438,30b492d5d4473875baaa795ff8aab31678452b73e57c4019910aa530940aa630,1179,2676,,,bytescale.mobbin.com,f7a1807c1ac98ccf0eecf5078d61346ac9a94ca37a547f5708d580528c9e55c0,/Users/user/mobbin-sides/screen-flows/nike/082-nike-deleting-an-account-05cb1fb9-b41c-4d98-952e-53cbdff5be28/003-27802b7b-93bc-45a3-8d05-b669c32e68eb-downloadableSrc-30b492d5d447.webp
05cb1fb9-b41c-4d98-952e-53cbdff5be28,Deleting an account,03eab082-d557-423b-92f8-797b18bc1f36,Nike,f1257fae-f105-498b-8a5c-92f9c2e2b5b0,3,4,ae3072dc-4420-4fea-9c9a-87cf7497df1a,true,downloadableSrc,200,image/webp,116570,116570,272d112040aa139d4b89d4253aa9a086cb5bf20ace70d1ef45326c9cfbce242d,1179,2676,,,bytescale.mobbin.com,f7a1807c1ac98ccf0eecf5078d61346ac9a94ca37a547f5708d580528c9e55c0,/Users/user/mobbin-sides/screen-flows/nike/082-nike-deleting-an-account-05cb1fb9-b41c-4d98-952e-53cbdff5be28/004-ae3072dc-4420-4fea-9c9a-87cf7497df1a-downloadableSrc-272d112040aa.webp
05cb1fb9-b41c-4d98-952e-53cbdff5be28,Deleting an account,03eab082-d557-423b-92f8-797b18bc1f36,Nike,f1257fae-f105-498b-8a5c-92f9c2e2b5b0,4,5,48087e11-cb6f-477c-8060-02008418f442,true,downloadableSrc,200,image/webp,87264,87264,5c0b02565bd0000d3c8c83ff7ce97dc94851e415951309b18bc09701897d1d6c,1179,2676,,,bytescale.mobbin.com,f7a1807c1ac98ccf0eecf5078d61346ac9a94ca37a547f5708d580528c9e55c0,/Users/user/mobbin-sides/screen-flows/nike/082-nike-deleting-an-account-05cb1fb9-b41c-4d98-952e-53cbdff5be28/005-48087e11-cb6f-477c-8060-02008418f442-downloadableSrc-5c0b02565bd0.webp
c5d84221-db6f-4a16-b5a6-62b6d7618393,Logging out,03eab082-d557-423b-92f8-797b18bc1f36,Nike,f1257fae-f105-498b-8a5c-92f9c2e2b5b0,0,1,ccdc8489-19c5-4cfe-9d56-76316ae78312,true,downloadableSrc,200,image/webp,39202,39202,d23cd5a6441f6fa3f900305f22e373f3ca569674e81f364243b6aa9b4e3d24a3,1179,2676,,,bytescale.mobbin.com,f7a1807c1ac98ccf0eecf5078d61346ac9a94ca37a547f5708d580528c9e55c0,/Users/user/mobbin-sides/screen-flows/nike/083-nike-logging-out-c5d84221-db6f-4a16-b5a6-62b6d7618393/001-ccdc8489-19c5-4cfe-9d56-76316ae78312-downloadableSrc-d23cd5a6441f.webp
c5d84221-db6f-4a16-b5a6-62b6d7618393,Logging out,03eab082-d557-423b-92f8-797b18bc1f36,Nike,f1257fae-f105-498b-8a5c-92f9c2e2b5b0,1,2,8ab94490-6860-42c2-82db-1931412a5454,true,downloadableSrc,200,image/webp,44632,44632,9fbca23c665faa826b126d60526595ce05f9243e8e6fb621e7839ec662ea688c,1179,2676,,,bytescale.mobbin.com,f7a1807c1ac98ccf0eecf5078d61346ac9a94ca37a547f5708d580528c9e55c0,/Users/user/mobbin-sides/screen-flows/nike/083-nike-logging-out-c5d84221-db6f-4a16-b5a6-62b6d7618393/002-8ab94490-6860-42c2-82db-1931412a5454-downloadableSrc-9fbca23c665f.webp
c5d84221-db6f-4a16-b5a6-62b6d7618393,Logging out,03eab082-d557-423b-92f8-797b18bc1f36,Nike,f1257fae-f105-498b-8a5c-92f9c2e2b5b0,2,3,82c4b2f2-d5de-4111-bf5a-c011d51a5ae4,true,downloadableSrc,200,image/webp,14358,14358,ab7ab3b038ec49b48c95556ce491815546d1cbd4c883916645b368a371055f57,1179,2676,,,bytescale.mobbin.com,f7a1807c1ac98ccf0eecf5078d61346ac9a94ca37a547f5708d580528c9e55c0,/Users/user/mobbin-sides/screen-flows/nike/083-nike-logging-out-c5d84221-db6f-4a16-b5a6-62b6d7618393/003-82c4b2f2-d5de-4111-bf5a-c011d51a5ae4-downloadableSrc-ab7ab3b038ec.webp
c5d84221-db6f-4a16-b5a6-62b6d7618393,Logging out,03eab082-d557-423b-92f8-797b18bc1f36,Nike,f1257fae-f105-498b-8a5c-92f9c2e2b5b0,3,4,c1b48c00-b989-4294-a9ec-fb3cfd52cfb3,true,downloadableSrc,200,image/webp,93872,93872,112cbbdc2538ebe652095f1291b4e9781e88693578e828b1e017c0d5f7289487,1179,2676,,,bytescale.mobbin.com,f7a1807c1ac98ccf0eecf5078d61346ac9a94ca37a547f5708d580528c9e55c0,/Users/user/mobbin-sides/screen-flows/nike/083-nike-logging-out-c5d84221-db6f-4a16-b5a6-62b6d7618393/004-c1b48c00-b989-4294-a9ec-fb3cfd52cfb3-downloadableSrc-112cbbdc2538.webp
b7dc55c3-1329-4f10-8b8c-ba4cb22cfb6a,Logging in,03eab082-d557-423b-92f8-797b18bc1f36,Nike,f1257fae-f105-498b-8a5c-92f9c2e2b5b0,0,1,c1b48c00-b989-4294-a9ec-fb3cfd52cfb3,true,downloadableSrc,200,image/webp,93872,93872,112cbbdc2538ebe652095f1291b4e9781e88693578e828b1e017c0d5f7289487,1179,2676,,,bytescale.mobbin.com,f7a1807c1ac98ccf0eecf5078d61346ac9a94ca37a547f5708d580528c9e55c0,/Users/user/mobbin-sides/screen-flows/nike/084-nike-logging-in-b7dc55c3-1329-4f10-8b8c-ba4cb22cfb6a/001-c1b48c00-b989-4294-a9ec-fb3cfd52cfb3-downloadableSrc-112cbbdc2538.webp
b7dc55c3-1329-4f10-8b8c-ba4cb22cfb6a,Logging in,03eab082-d557-423b-92f8-797b18bc1f36,Nike,f1257fae-f105-498b-8a5c-92f9c2e2b5b0,1,2,d967b31c-e99d-469f-ad24-715d8a773be2,true,downloadableSrc,200,image/webp,77954,77954,d1f7b923c5cf02a0fdea42e87761fac05a591ee7831d5b78d69bc930b86de6d3,1179,2676,,,bytescale.mobbin.com,f7a1807c1ac98ccf0eecf5078d61346ac9a94ca37a547f5708d580528c9e55c0,/Users/user/mobbin-sides/screen-flows/nike/084-nike-logging-in-b7dc55c3-1329-4f10-8b8c-ba4cb22cfb6a/002-d967b31c-e99d-469f-ad24-715d8a773be2-downloadableSrc-d1f7b923c5cf.webp
b7dc55c3-1329-4f10-8b8c-ba4cb22cfb6a,Logging in,03eab082-d557-423b-92f8-797b18bc1f36,Nike,f1257fae-f105-498b-8a5c-92f9c2e2b5b0,2,3,fe9f5ad4-8799-458f-9ffd-74da9d1ca1a3,true,downloadableSrc,200,image/webp,13388,13388,5a56d6da05cc388a2fc0fd9daee7b0388a3f97620b701965b91b8443da9c76a7,1179,2676,,,bytescale.mobbin.com,f7a1807c1ac98ccf0eecf5078d61346ac9a94ca37a547f5708d580528c9e55c0,/Users/user/mobbin-sides/screen-flows/nike/084-nike-logging-in-b7dc55c3-1329-4f10-8b8c-ba4cb22cfb6a/003-fe9f5ad4-8799-458f-9ffd-74da9d1ca1a3-downloadableSrc-5a56d6da05cc.webp
b7dc55c3-1329-4f10-8b8c-ba4cb22cfb6a,Logging in,03eab082-d557-423b-92f8-797b18bc1f36,Nike,f1257fae-f105-498b-8a5c-92f9c2e2b5b0,3,4,b3fe09fd-7034-4c90-be60-c4068b48902e,true,downloadableSrc,200,image/webp,84322,84322,e38115abfe6f13ceac6165515031eeb4a3348e9d1f4003d3efacd085a93f49e9,1179,2676,,,bytescale.mobbin.com,f7a1807c1ac98ccf0eecf5078d61346ac9a94ca37a547f5708d580528c9e55c0,/Users/user/mobbin-sides/screen-flows/nike/084-nike-logging-in-b7dc55c3-1329-4f10-8b8c-ba4cb22cfb6a/004-b3fe09fd-7034-4c90-be60-c4068b48902e-downloadableSrc-e38115abfe6f.webp
