flowId,flowName,appId,appName,appVersionId,order,index,screenId,restricted,descriptor,status,contentType,contentLengthHeader,bytes,sha256,width,height,declaredWidth,declaredHeight,urlHost,urlPathHash,savedPath
d575603a-9bcf-47d5-b003-bc815e3ad2a2,Adding an account,ad7ff07a-86f4-4126-b32e-dcd5a57e428b,Apple Mail,08868e96-c26b-4f5e-a056-4f0a26d499aa,0,1,3b4118ac-3a56-49a0-9707-6079e3a93127,false,downloadableSrc,200,image/webp,38602,38602,5cff2443f055af2afaeadf8589c688b07350a76e2244a46c7731f3f284294724,1179,2676,,,bytescale.mobbin.com,f7a1807c1ac98ccf0eecf5078d61346ac9a94ca37a547f5708d580528c9e55c0,/Users/user/mobbin-sides/screen-flows/apple-mail/001-apple-mail-adding-an-account-d575603a-9bcf-47d5-b003-bc815e3ad2a2/001-3b4118ac-3a56-49a0-9707-6079e3a93127-downloadableSrc-5cff2443f055.webp
d575603a-9bcf-47d5-b003-bc815e3ad2a2,Adding an account,ad7ff07a-86f4-4126-b32e-dcd5a57e428b,Apple Mail,08868e96-c26b-4f5e-a056-4f0a26d499aa,1,2,bca53046-c9e4-4608-b908-058f4f6cecdd,false,downloadableSrc,200,image/webp,72320,72320,75b4acb38b0b5de44f32a8167e7366cc8bde55151bd417d504bfca80b27876ed,1179,2676,,,bytescale.mobbin.com,f7a1807c1ac98ccf0eecf5078d61346ac9a94ca37a547f5708d580528c9e55c0,/Users/user/mobbin-sides/screen-flows/apple-mail/001-apple-mail-adding-an-account-d575603a-9bcf-47d5-b003-bc815e3ad2a2/002-bca53046-c9e4-4608-b908-058f4f6cecdd-downloadableSrc-75b4acb38b0b.webp
d575603a-9bcf-47d5-b003-bc815e3ad2a2,Adding an account,ad7ff07a-86f4-4126-b32e-dcd5a57e428b,Apple Mail,08868e96-c26b-4f5e-a056-4f0a26d499aa,2,3,f2882899-8067-4d47-9a4a-f646d69f3c18,false,downloadableSrc,200,image/webp,44308,44308,a6b58e17fa18bac19968b0bc4d58c9680995c7029837950dd7cfd0531397210b,1179,2676,,,bytescale.mobbin.com,f7a1807c1ac98ccf0eecf5078d61346ac9a94ca37a547f5708d580528c9e55c0,/Users/user/mobbin-sides/screen-flows/apple-mail/001-apple-mail-adding-an-account-d575603a-9bcf-47d5-b003-bc815e3ad2a2/003-f2882899-8067-4d47-9a4a-f646d69f3c18-downloadableSrc-a6b58e17fa18.webp
d575603a-9bcf-47d5-b003-bc815e3ad2a2,Adding an account,ad7ff07a-86f4-4126-b32e-dcd5a57e428b,Apple Mail,08868e96-c26b-4f5e-a056-4f0a26d499aa,3,4,3965a8e5-f4df-4961-bbdf-62c00ce0021a,false,downloadableSrc,200,image/webp,56876,56876,51d036023c72e0e2b36fe322d46b84a42b3c490b83b2f71884db00c89a92f8c9,1179,2676,,,bytescale.mobbin.com,f7a1807c1ac98ccf0eecf5078d61346ac9a94ca37a547f5708d580528c9e55c0,/Users/user/mobbin-sides/screen-flows/apple-mail/001-apple-mail-adding-an-account-d575603a-9bcf-47d5-b003-bc815e3ad2a2/004-3965a8e5-f4df-4961-bbdf-62c00ce0021a-downloadableSrc-51d036023c72.webp
d575603a-9bcf-47d5-b003-bc815e3ad2a2,Adding an account,ad7ff07a-86f4-4126-b32e-dcd5a57e428b,Apple Mail,08868e96-c26b-4f5e-a056-4f0a26d499aa,4,5,d54e2001-e857-4371-a8ff-074c17958035,false,downloadableSrc,200,image/webp,34798,34798,c21741b5382d5ed0c6d7493dc882ee21c3ae58ca5964e088f537fcd4aec366fe,1179,2676,,,bytescale.mobbin.com,f7a1807c1ac98ccf0eecf5078d61346ac9a94ca37a547f5708d580528c9e55c0,/Users/user/mobbin-sides/screen-flows/apple-mail/001-apple-mail-adding-an-account-d575603a-9bcf-47d5-b003-bc815e3ad2a2/005-d54e2001-e857-4371-a8ff-074c17958035-downloadableSrc-c21741b5382d.webp
d575603a-9bcf-47d5-b003-bc815e3ad2a2,Adding an account,ad7ff07a-86f4-4126-b32e-dcd5a57e428b,Apple Mail,08868e96-c26b-4f5e-a056-4f0a26d499aa,5,6,0d716d47-8ee2-4d8d-bc1d-93d329ac5a2a,false,downloadableSrc,200,image/webp,22896,22896,5f0826e9c8aedda3b06483186c0f4c3b3bf3c01ced742edbff11d8b8ceadefb9,1179,2676,,,bytescale.mobbin.com,f7a1807c1ac98ccf0eecf5078d61346ac9a94ca37a547f5708d580528c9e55c0,/Users/user/mobbin-sides/screen-flows/apple-mail/001-apple-mail-adding-an-account-d575603a-9bcf-47d5-b003-bc815e3ad2a2/006-0d716d47-8ee2-4d8d-bc1d-93d329ac5a2a-downloadableSrc-5f0826e9c8ae.webp
d575603a-9bcf-47d5-b003-bc815e3ad2a2,Adding an account,ad7ff07a-86f4-4126-b32e-dcd5a57e428b,Apple Mail,08868e96-c26b-4f5e-a056-4f0a26d499aa,6,7,d36bbd66-6cb5-4c8c-a1f8-40fa661eec3e,false,downloadableSrc,200,image/webp,31266,31266,e5b5f64576450a7e76a3f8efb80f7aa3a7e3069abcb7ed78e63e05ff6639d1cf,1179,2676,,,bytescale.mobbin.com,f7a1807c1ac98ccf0eecf5078d61346ac9a94ca37a547f5708d580528c9e55c0,/Users/user/mobbin-sides/screen-flows/apple-mail/001-apple-mail-adding-an-account-d575603a-9bcf-47d5-b003-bc815e3ad2a2/007-d36bbd66-6cb5-4c8c-a1f8-40fa661eec3e-downloadableSrc-e5b5f6457645.webp
d575603a-9bcf-47d5-b003-bc815e3ad2a2,Adding an account,ad7ff07a-86f4-4126-b32e-dcd5a57e428b,Apple Mail,08868e96-c26b-4f5e-a056-4f0a26d499aa,7,8,1dc04719-a7fe-43bd-bef6-bf3d7c14fe37,false,downloadableSrc,200,image/webp,90696,90696,6290f01d5276799e83dcc3f07a1563d9e65c952aa5503b9e16be8c468f279f44,1179,2676,,,bytescale.mobbin.com,f7a1807c1ac98ccf0eecf5078d61346ac9a94ca37a547f5708d580528c9e55c0,/Users/user/mobbin-sides/screen-flows/apple-mail/001-apple-mail-adding-an-account-d575603a-9bcf-47d5-b003-bc815e3ad2a2/008-1dc04719-a7fe-43bd-bef6-bf3d7c14fe37-downloadableSrc-6290f01d5276.webp
d575603a-9bcf-47d5-b003-bc815e3ad2a2,Adding an account,ad7ff07a-86f4-4126-b32e-dcd5a57e428b,Apple Mail,08868e96-c26b-4f5e-a056-4f0a26d499aa,8,9,edf71e36-1133-4403-b006-b0bf39664505,false,downloadableSrc,200,image/webp,97376,97376,edc0e3de3a1d574862bd785d0e3b2004ec1ea16d84d973c1bfc72fdea3137fca,1179,2676,,,bytescale.mobbin.com,f7a1807c1ac98ccf0eecf5078d61346ac9a94ca37a547f5708d580528c9e55c0,/Users/user/mobbin-sides/screen-flows/apple-mail/001-apple-mail-adding-an-account-d575603a-9bcf-47d5-b003-bc815e3ad2a2/009-edf71e36-1133-4403-b006-b0bf39664505-downloadableSrc-edc0e3de3a1d.webp
d575603a-9bcf-47d5-b003-bc815e3ad2a2,Adding an account,ad7ff07a-86f4-4126-b32e-dcd5a57e428b,Apple Mail,08868e96-c26b-4f5e-a056-4f0a26d499aa,9,10,b9f5aed5-9b29-4470-9705-804396144436,false,downloadableSrc,200,image/webp,36420,36420,15cc00d7170408948ba0302aa70d0d1b454d3170ad512da90b560b50af250939,1179,2676,,,bytescale.mobbin.com,f7a1807c1ac98ccf0eecf5078d61346ac9a94ca37a547f5708d580528c9e55c0,/Users/user/mobbin-sides/screen-flows/apple-mail/001-apple-mail-adding-an-account-d575603a-9bcf-47d5-b003-bc815e3ad2a2/010-b9f5aed5-9b29-4470-9705-804396144436-downloadableSrc-15cc00d71704.webp
db5831d0-5444-46a1-af20-4b42e5cd3689,Add account from list,ad7ff07a-86f4-4126-b32e-dcd5a57e428b,Apple Mail,08868e96-c26b-4f5e-a056-4f0a26d499aa,0,1,3b4118ac-3a56-49a0-9707-6079e3a93127,true,downloadableSrc,200,image/webp,38602,38602,5cff2443f055af2afaeadf8589c688b07350a76e2244a46c7731f3f284294724,1179,2676,,,bytescale.mobbin.com,f7a1807c1ac98ccf0eecf5078d61346ac9a94ca37a547f5708d580528c9e55c0,/Users/user/mobbin-sides/screen-flows/apple-mail/002-apple-mail-add-account-from-list-db5831d0-5444-46a1-af20-4b42e5cd3689/001-3b4118ac-3a56-49a0-9707-6079e3a93127-downloadableSrc-5cff2443f055.webp
db5831d0-5444-46a1-af20-4b42e5cd3689,Add account from list,ad7ff07a-86f4-4126-b32e-dcd5a57e428b,Apple Mail,08868e96-c26b-4f5e-a056-4f0a26d499aa,1,2,9728306e-c905-495e-a440-37eeb3f1b19c,true,downloadableSrc,200,image/webp,56804,56804,59c2ac9d7429b6bb681442bc739c9e6e3f84e6f500305e95b8364206cb152841,1179,2676,,,bytescale.mobbin.com,f7a1807c1ac98ccf0eecf5078d61346ac9a94ca37a547f5708d580528c9e55c0,/Users/user/mobbin-sides/screen-flows/apple-mail/002-apple-mail-add-account-from-list-db5831d0-5444-46a1-af20-4b42e5cd3689/002-9728306e-c905-495e-a440-37eeb3f1b19c-downloadableSrc-59c2ac9d7429.webp
db5831d0-5444-46a1-af20-4b42e5cd3689,Add account from list,ad7ff07a-86f4-4126-b32e-dcd5a57e428b,Apple Mail,08868e96-c26b-4f5e-a056-4f0a26d499aa,2,3,5733d02b-90b9-4fb7-88c8-1d0b8fddacaa,true,downloadableSrc,200,image/webp,37632,37632,a695bd6c071a2cc5fb18e31fc7a61ae83b9ba945e74462b7e632287f2fdc2931,1179,2676,,,bytescale.mobbin.com,f7a1807c1ac98ccf0eecf5078d61346ac9a94ca37a547f5708d580528c9e55c0,/Users/user/mobbin-sides/screen-flows/apple-mail/002-apple-mail-add-account-from-list-db5831d0-5444-46a1-af20-4b42e5cd3689/003-5733d02b-90b9-4fb7-88c8-1d0b8fddacaa-downloadableSrc-a695bd6c071a.webp
3228378e-de9c-4892-9a82-b35d8a122f42,Inbox,ad7ff07a-86f4-4126-b32e-dcd5a57e428b,Apple Mail,08868e96-c26b-4f5e-a056-4f0a26d499aa,0,1,b9f5aed5-9b29-4470-9705-804396144436,true,downloadableSrc,200,image/webp,36420,36420,15cc00d7170408948ba0302aa70d0d1b454d3170ad512da90b560b50af250939,1179,2676,,,bytescale.mobbin.com,f7a1807c1ac98ccf0eecf5078d61346ac9a94ca37a547f5708d580528c9e55c0,/Users/user/mobbin-sides/screen-flows/apple-mail/003-apple-mail-inbox-3228378e-de9c-4892-9a82-b35d8a122f42/001-b9f5aed5-9b29-4470-9705-804396144436-downloadableSrc-15cc00d71704.webp
3228378e-de9c-4892-9a82-b35d8a122f42,Inbox,ad7ff07a-86f4-4126-b32e-dcd5a57e428b,Apple Mail,08868e96-c26b-4f5e-a056-4f0a26d499aa,1,2,29577d38-adb0-43cd-8d37-c6792146fc2f,true,downloadableSrc,200,image/webp,118716,118716,76cd92ffa9c746c633451a677a1ff86b8a94aee0ff0c5b12fcef7bbf1e75cb8b,1179,2676,,,bytescale.mobbin.com,f7a1807c1ac98ccf0eecf5078d61346ac9a94ca37a547f5708d580528c9e55c0,/Users/user/mobbin-sides/screen-flows/apple-mail/003-apple-mail-inbox-3228378e-de9c-4892-9a82-b35d8a122f42/002-29577d38-adb0-43cd-8d37-c6792146fc2f-downloadableSrc-76cd92ffa9c7.webp
3228378e-de9c-4892-9a82-b35d8a122f42,Inbox,ad7ff07a-86f4-4126-b32e-dcd5a57e428b,Apple Mail,08868e96-c26b-4f5e-a056-4f0a26d499aa,2,3,4a7b840c-5b83-4080-a5dd-829bbcfd05aa,true,downloadableSrc,200,image/webp,107528,107528,2542cb33bbcf505bd3ed83cb77aec3ee5eefb811ca2fed608ca9f2117a059b4f,1180,2676,,,bytescale.mobbin.com,f7a1807c1ac98ccf0eecf5078d61346ac9a94ca37a547f5708d580528c9e55c0,/Users/user/mobbin-sides/screen-flows/apple-mail/003-apple-mail-inbox-3228378e-de9c-4892-9a82-b35d8a122f42/003-4a7b840c-5b83-4080-a5dd-829bbcfd05aa-downloadableSrc-2542cb33bbcf.webp
3228378e-de9c-4892-9a82-b35d8a122f42,Inbox,ad7ff07a-86f4-4126-b32e-dcd5a57e428b,Apple Mail,08868e96-c26b-4f5e-a056-4f0a26d499aa,3,4,ccc8c78c-a737-4951-9b51-3fea2193cef0,true,downloadableSrc,200,image/webp,109870,109870,26532d6fe23004194746c6b4ca52ba5bf37086144e049bab330a33ba97529a86,1179,2676,,,bytescale.mobbin.com,f7a1807c1ac98ccf0eecf5078d61346ac9a94ca37a547f5708d580528c9e55c0,/Users/user/mobbin-sides/screen-flows/apple-mail/003-apple-mail-inbox-3228378e-de9c-4892-9a82-b35d8a122f42/004-ccc8c78c-a737-4951-9b51-3fea2193cef0-downloadableSrc-26532d6fe230.webp
3228378e-de9c-4892-9a82-b35d8a122f42,Inbox,ad7ff07a-86f4-4126-b32e-dcd5a57e428b,Apple Mail,08868e96-c26b-4f5e-a056-4f0a26d499aa,4,5,f10942df-f122-4215-9462-a2ba4f86801a,true,downloadableSrc,200,image/webp,112738,112738,c4d6ee65ce2698153b16c028a3e0cb805bd359730d01d87880a99cef6479b98a,1179,2676,,,bytescale.mobbin.com,f7a1807c1ac98ccf0eecf5078d61346ac9a94ca37a547f5708d580528c9e55c0,/Users/user/mobbin-sides/screen-flows/apple-mail/003-apple-mail-inbox-3228378e-de9c-4892-9a82-b35d8a122f42/005-f10942df-f122-4215-9462-a2ba4f86801a-downloadableSrc-c4d6ee65ce26.webp
3228378e-de9c-4892-9a82-b35d8a122f42,Inbox,ad7ff07a-86f4-4126-b32e-dcd5a57e428b,Apple Mail,08868e96-c26b-4f5e-a056-4f0a26d499aa,5,6,c7954d28-d0a2-44f2-8d6d-b8e304b729d6,true,downloadableSrc,200,image/webp,128184,128184,361cb0d15656c207dd9ce3b970bb8e494850e2c0ea9df8b7840ee1a61de0c55b,1179,2676,,,bytescale.mobbin.com,f7a1807c1ac98ccf0eecf5078d61346ac9a94ca37a547f5708d580528c9e55c0,/Users/user/mobbin-sides/screen-flows/apple-mail/003-apple-mail-inbox-3228378e-de9c-4892-9a82-b35d8a122f42/006-c7954d28-d0a2-44f2-8d6d-b8e304b729d6-downloadableSrc-361cb0d15656.webp
a1525872-8c07-4544-b560-a21c5eeadacb,Sending an email,ad7ff07a-86f4-4126-b32e-dcd5a57e428b,Apple Mail,08868e96-c26b-4f5e-a056-4f0a26d499aa,0,1,b9f5aed5-9b29-4470-9705-804396144436,true,downloadableSrc,200,image/webp,36420,36420,15cc00d7170408948ba0302aa70d0d1b454d3170ad512da90b560b50af250939,1179,2676,,,bytescale.mobbin.com,f7a1807c1ac98ccf0eecf5078d61346ac9a94ca37a547f5708d580528c9e55c0,/Users/user/mobbin-sides/screen-flows/apple-mail/004-apple-mail-sending-an-email-a1525872-8c07-4544-b560-a21c5eeadacb/001-b9f5aed5-9b29-4470-9705-804396144436-downloadableSrc-15cc00d71704.webp
a1525872-8c07-4544-b560-a21c5eeadacb,Sending an email,ad7ff07a-86f4-4126-b32e-dcd5a57e428b,Apple Mail,08868e96-c26b-4f5e-a056-4f0a26d499aa,1,2,23cc90b2-0055-4524-9406-de583bca22e2,true,downloadableSrc,200,image/webp,31910,31910,a9e53741052c1001cc73d9b54ee79ad1a682444023b5232d62413895fa92757e,1179,2676,,,bytescale.mobbin.com,f7a1807c1ac98ccf0eecf5078d61346ac9a94ca37a547f5708d580528c9e55c0,/Users/user/mobbin-sides/screen-flows/apple-mail/004-apple-mail-sending-an-email-a1525872-8c07-4544-b560-a21c5eeadacb/002-23cc90b2-0055-4524-9406-de583bca22e2-downloadableSrc-a9e53741052c.webp
a1525872-8c07-4544-b560-a21c5eeadacb,Sending an email,ad7ff07a-86f4-4126-b32e-dcd5a57e428b,Apple Mail,08868e96-c26b-4f5e-a056-4f0a26d499aa,2,3,9e0ba8e0-ea66-4d01-92e7-93f4460d9898,true,downloadableSrc,200,image/webp,49540,49540,e03c195051680658a6486a8745b7481ddd3c729192820ac566fad2a4b3b9f82d,1179,2676,,,bytescale.mobbin.com,f7a1807c1ac98ccf0eecf5078d61346ac9a94ca37a547f5708d580528c9e55c0,/Users/user/mobbin-sides/screen-flows/apple-mail/004-apple-mail-sending-an-email-a1525872-8c07-4544-b560-a21c5eeadacb/003-9e0ba8e0-ea66-4d01-92e7-93f4460d9898-downloadableSrc-e03c19505168.webp
a1525872-8c07-4544-b560-a21c5eeadacb,Sending an email,ad7ff07a-86f4-4126-b32e-dcd5a57e428b,Apple Mail,08868e96-c26b-4f5e-a056-4f0a26d499aa,3,4,01bef0fe-a2b6-435e-8fc9-bf84ca11a75f,true,downloadableSrc,200,image/webp,36518,36518,5201fbfbf5614b650099d1842454b6fecdebfd767be1c462681b541e029bfc4d,1179,2676,,,bytescale.mobbin.com,f7a1807c1ac98ccf0eecf5078d61346ac9a94ca37a547f5708d580528c9e55c0,/Users/user/mobbin-sides/screen-flows/apple-mail/004-apple-mail-sending-an-email-a1525872-8c07-4544-b560-a21c5eeadacb/004-01bef0fe-a2b6-435e-8fc9-bf84ca11a75f-downloadableSrc-5201fbfbf561.webp
f5627af7-e6ef-4a78-9d52-a5ba4109b715,Adding a recipient,ad7ff07a-86f4-4126-b32e-dcd5a57e428b,Apple Mail,08868e96-c26b-4f5e-a056-4f0a26d499aa,0,1,23cc90b2-0055-4524-9406-de583bca22e2,true,downloadableSrc,200,image/webp,31910,31910,a9e53741052c1001cc73d9b54ee79ad1a682444023b5232d62413895fa92757e,1179,2676,,,bytescale.mobbin.com,f7a1807c1ac98ccf0eecf5078d61346ac9a94ca37a547f5708d580528c9e55c0,/Users/user/mobbin-sides/screen-flows/apple-mail/005-apple-mail-adding-a-recipient-f5627af7-e6ef-4a78-9d52-a5ba4109b715/001-23cc90b2-0055-4524-9406-de583bca22e2-downloadableSrc-a9e53741052c.webp
f5627af7-e6ef-4a78-9d52-a5ba4109b715,Adding a recipient,ad7ff07a-86f4-4126-b32e-dcd5a57e428b,Apple Mail,08868e96-c26b-4f5e-a056-4f0a26d499aa,1,2,8ccdedcd-4a7d-4a06-b787-b2e26c31c8aa,true,downloadableSrc,200,image/webp,50236,50236,1b4e17026c3b89eb3edf727a616d2c0d31af6de08de30872d78f5e2bbefc4c45,1179,2676,,,bytescale.mobbin.com,f7a1807c1ac98ccf0eecf5078d61346ac9a94ca37a547f5708d580528c9e55c0,/Users/user/mobbin-sides/screen-flows/apple-mail/005-apple-mail-adding-a-recipient-f5627af7-e6ef-4a78-9d52-a5ba4109b715/002-8ccdedcd-4a7d-4a06-b787-b2e26c31c8aa-downloadableSrc-1b4e17026c3b.webp
f5627af7-e6ef-4a78-9d52-a5ba4109b715,Adding a recipient,ad7ff07a-86f4-4126-b32e-dcd5a57e428b,Apple Mail,08868e96-c26b-4f5e-a056-4f0a26d499aa,2,3,2173d024-8777-4cc7-929f-8897201f4e29,true,downloadableSrc,200,image/webp,33834,33834,1391e69d194dc2ff38da603bfeb3d1f69e91467a55f11a0852b41c27ab8d7912,1179,2676,,,bytescale.mobbin.com,f7a1807c1ac98ccf0eecf5078d61346ac9a94ca37a547f5708d580528c9e55c0,/Users/user/mobbin-sides/screen-flows/apple-mail/005-apple-mail-adding-a-recipient-f5627af7-e6ef-4a78-9d52-a5ba4109b715/003-2173d024-8777-4cc7-929f-8897201f4e29-downloadableSrc-1391e69d194d.webp
b5189c6d-e06e-40ed-89f7-d2148a7c915b,Adding a recipient (contacts),ad7ff07a-86f4-4126-b32e-dcd5a57e428b,Apple Mail,08868e96-c26b-4f5e-a056-4f0a26d499aa,0,1,23cc90b2-0055-4524-9406-de583bca22e2,true,downloadableSrc,200,image/webp,31910,31910,a9e53741052c1001cc73d9b54ee79ad1a682444023b5232d62413895fa92757e,1179,2676,,,bytescale.mobbin.com,f7a1807c1ac98ccf0eecf5078d61346ac9a94ca37a547f5708d580528c9e55c0,/Users/user/mobbin-sides/screen-flows/apple-mail/006-apple-mail-adding-a-recipient-contacts-b5189c6d-e06e-40ed-89f7-d2148a7c915b/001-23cc90b2-0055-4524-9406-de583bca22e2-downloadableSrc-a9e53741052c.webp
b5189c6d-e06e-40ed-89f7-d2148a7c915b,Adding a recipient (contacts),ad7ff07a-86f4-4126-b32e-dcd5a57e428b,Apple Mail,08868e96-c26b-4f5e-a056-4f0a26d499aa,1,2,5d85c853-bc3b-4b98-98d4-abb61fe5391d,true,downloadableSrc,200,image/webp,54170,54170,3058ad8347197c9fbec8368e102decf50e73e4f0140d21e81c4bca0c302a68e0,1179,2676,,,bytescale.mobbin.com,f7a1807c1ac98ccf0eecf5078d61346ac9a94ca37a547f5708d580528c9e55c0,/Users/user/mobbin-sides/screen-flows/apple-mail/006-apple-mail-adding-a-recipient-contacts-b5189c6d-e06e-40ed-89f7-d2148a7c915b/002-5d85c853-bc3b-4b98-98d4-abb61fe5391d-downloadableSrc-3058ad834719.webp
b5189c6d-e06e-40ed-89f7-d2148a7c915b,Adding a recipient (contacts),ad7ff07a-86f4-4126-b32e-dcd5a57e428b,Apple Mail,08868e96-c26b-4f5e-a056-4f0a26d499aa,2,3,7af243eb-2ae4-41dd-a091-b513d8762d38,true,downloadableSrc,200,image/webp,29748,29748,3dc26f19a2df289e442c8ca8a6559001614c3c60a39e0e33c75ba0dc26fbc934,1179,2676,,,bytescale.mobbin.com,f7a1807c1ac98ccf0eecf5078d61346ac9a94ca37a547f5708d580528c9e55c0,/Users/user/mobbin-sides/screen-flows/apple-mail/006-apple-mail-adding-a-recipient-contacts-b5189c6d-e06e-40ed-89f7-d2148a7c915b/003-7af243eb-2ae4-41dd-a091-b513d8762d38-downloadableSrc-3dc26f19a2df.webp
b5189c6d-e06e-40ed-89f7-d2148a7c915b,Adding a recipient (contacts),ad7ff07a-86f4-4126-b32e-dcd5a57e428b,Apple Mail,08868e96-c26b-4f5e-a056-4f0a26d499aa,3,4,2173d024-8777-4cc7-929f-8897201f4e29,true,downloadableSrc,200,image/webp,33834,33834,1391e69d194dc2ff38da603bfeb3d1f69e91467a55f11a0852b41c27ab8d7912,1179,2676,,,bytescale.mobbin.com,f7a1807c1ac98ccf0eecf5078d61346ac9a94ca37a547f5708d580528c9e55c0,/Users/user/mobbin-sides/screen-flows/apple-mail/006-apple-mail-adding-a-recipient-contacts-b5189c6d-e06e-40ed-89f7-d2148a7c915b/004-2173d024-8777-4cc7-929f-8897201f4e29-downloadableSrc-1391e69d194d.webp
36f087d7-0a82-47b2-ac37-c531a13c554a,Copying a recipient,ad7ff07a-86f4-4126-b32e-dcd5a57e428b,Apple Mail,08868e96-c26b-4f5e-a056-4f0a26d499aa,0,1,23cc90b2-0055-4524-9406-de583bca22e2,true,downloadableSrc,200,image/webp,31910,31910,a9e53741052c1001cc73d9b54ee79ad1a682444023b5232d62413895fa92757e,1179,2676,,,bytescale.mobbin.com,f7a1807c1ac98ccf0eecf5078d61346ac9a94ca37a547f5708d580528c9e55c0,/Users/user/mobbin-sides/screen-flows/apple-mail/007-apple-mail-copying-a-recipient-36f087d7-0a82-47b2-ac37-c531a13c554a/001-23cc90b2-0055-4524-9406-de583bca22e2-downloadableSrc-a9e53741052c.webp
36f087d7-0a82-47b2-ac37-c531a13c554a,Copying a recipient,ad7ff07a-86f4-4126-b32e-dcd5a57e428b,Apple Mail,08868e96-c26b-4f5e-a056-4f0a26d499aa,1,2,df6bff64-1377-4a76-9ebd-77f6ee6720ad,true,downloadableSrc,200,image/webp,32322,32322,e16416f63b86ef6b19444a740f006f8d662bd47c393205504380579219d5a513,1179,2676,,,bytescale.mobbin.com,f7a1807c1ac98ccf0eecf5078d61346ac9a94ca37a547f5708d580528c9e55c0,/Users/user/mobbin-sides/screen-flows/apple-mail/007-apple-mail-copying-a-recipient-36f087d7-0a82-47b2-ac37-c531a13c554a/002-df6bff64-1377-4a76-9ebd-77f6ee6720ad-downloadableSrc-e16416f63b86.webp
36f087d7-0a82-47b2-ac37-c531a13c554a,Copying a recipient,ad7ff07a-86f4-4126-b32e-dcd5a57e428b,Apple Mail,08868e96-c26b-4f5e-a056-4f0a26d499aa,2,3,3c7af3cd-e7be-48d5-8e47-e3e386e1e247,true,downloadableSrc,200,image/webp,33330,33330,c9c5bd9d46c1511070682e74d9fa847f7a2c8685bcf345e1d2c20210e8cbbea2,1179,2676,,,bytescale.mobbin.com,f7a1807c1ac98ccf0eecf5078d61346ac9a94ca37a547f5708d580528c9e55c0,/Users/user/mobbin-sides/screen-flows/apple-mail/007-apple-mail-copying-a-recipient-36f087d7-0a82-47b2-ac37-c531a13c554a/003-3c7af3cd-e7be-48d5-8e47-e3e386e1e247-downloadableSrc-c9c5bd9d46c1.webp
7f182026-8c00-4f49-9d85-71280621c882,Adding a subject,ad7ff07a-86f4-4126-b32e-dcd5a57e428b,Apple Mail,08868e96-c26b-4f5e-a056-4f0a26d499aa,0,1,23cc90b2-0055-4524-9406-de583bca22e2,true,downloadableSrc,200,image/webp,31910,31910,a9e53741052c1001cc73d9b54ee79ad1a682444023b5232d62413895fa92757e,1179,2676,,,bytescale.mobbin.com,f7a1807c1ac98ccf0eecf5078d61346ac9a94ca37a547f5708d580528c9e55c0,/Users/user/mobbin-sides/screen-flows/apple-mail/008-apple-mail-adding-a-subject-7f182026-8c00-4f49-9d85-71280621c882/001-23cc90b2-0055-4524-9406-de583bca22e2-downloadableSrc-a9e53741052c.webp
7f182026-8c00-4f49-9d85-71280621c882,Adding a subject,ad7ff07a-86f4-4126-b32e-dcd5a57e428b,Apple Mail,08868e96-c26b-4f5e-a056-4f0a26d499aa,1,2,524c7393-bc96-4a87-89f4-d80fd696f66d,true,downloadableSrc,200,image/webp,33862,33862,10e34021b704351a786d33672358c6d99b5ce15338b9fdcff32f2fe494ae807c,1179,2676,,,bytescale.mobbin.com,f7a1807c1ac98ccf0eecf5078d61346ac9a94ca37a547f5708d580528c9e55c0,/Users/user/mobbin-sides/screen-flows/apple-mail/008-apple-mail-adding-a-subject-7f182026-8c00-4f49-9d85-71280621c882/002-524c7393-bc96-4a87-89f4-d80fd696f66d-downloadableSrc-10e34021b704.webp
ba606ad5-dabc-4097-badd-d076fd5dbcf6,Setting a notification reminder,ad7ff07a-86f4-4126-b32e-dcd5a57e428b,Apple Mail,08868e96-c26b-4f5e-a056-4f0a26d499aa,0,1,524c7393-bc96-4a87-89f4-d80fd696f66d,true,downloadableSrc,200,image/webp,33862,33862,10e34021b704351a786d33672358c6d99b5ce15338b9fdcff32f2fe494ae807c,1179,2676,,,bytescale.mobbin.com,f7a1807c1ac98ccf0eecf5078d61346ac9a94ca37a547f5708d580528c9e55c0,/Users/user/mobbin-sides/screen-flows/apple-mail/009-apple-mail-setting-a-notification-reminder-ba606ad5-dabc-4097-badd-d076fd5dbcf6/001-524c7393-bc96-4a87-89f4-d80fd696f66d-downloadableSrc-10e34021b704.webp
ba606ad5-dabc-4097-badd-d076fd5dbcf6,Setting a notification reminder,ad7ff07a-86f4-4126-b32e-dcd5a57e428b,Apple Mail,08868e96-c26b-4f5e-a056-4f0a26d499aa,1,2,8ba7cd60-1235-4a65-9aca-bd45cdbe5c78,true,downloadableSrc,200,image/webp,52028,52028,33e7bc5888a6304f1c872775bc3663231a069ac9584ac296691fa5aa4e2a1970,1179,2676,,,bytescale.mobbin.com,f7a1807c1ac98ccf0eecf5078d61346ac9a94ca37a547f5708d580528c9e55c0,/Users/user/mobbin-sides/screen-flows/apple-mail/009-apple-mail-setting-a-notification-reminder-ba606ad5-dabc-4097-badd-d076fd5dbcf6/002-8ba7cd60-1235-4a65-9aca-bd45cdbe5c78-downloadableSrc-33e7bc5888a6.webp
ba606ad5-dabc-4097-badd-d076fd5dbcf6,Setting a notification reminder,ad7ff07a-86f4-4126-b32e-dcd5a57e428b,Apple Mail,08868e96-c26b-4f5e-a056-4f0a26d499aa,2,3,77c1be7a-0fbd-4fe0-a955-d408717615e6,true,downloadableSrc,200,image/webp,62786,62786,6d770ac15f822127ffd9d64100aded1c07a220380d4447bd794f8b62df23b1f3,1179,2676,,,bytescale.mobbin.com,f7a1807c1ac98ccf0eecf5078d61346ac9a94ca37a547f5708d580528c9e55c0,/Users/user/mobbin-sides/screen-flows/apple-mail/009-apple-mail-setting-a-notification-reminder-ba606ad5-dabc-4097-badd-d076fd5dbcf6/003-77c1be7a-0fbd-4fe0-a955-d408717615e6-downloadableSrc-6d770ac15f82.webp
ba606ad5-dabc-4097-badd-d076fd5dbcf6,Setting a notification reminder,ad7ff07a-86f4-4126-b32e-dcd5a57e428b,Apple Mail,08868e96-c26b-4f5e-a056-4f0a26d499aa,3,4,6e53b4da-62b4-42e6-8bef-53549807ef59,true,downloadableSrc,200,image/webp,57168,57168,77f21fd64f524e42836ae3a55edf918c18a2aefbd920425f92e58d5ab5c15747,1179,2676,,,bytescale.mobbin.com,f7a1807c1ac98ccf0eecf5078d61346ac9a94ca37a547f5708d580528c9e55c0,/Users/user/mobbin-sides/screen-flows/apple-mail/009-apple-mail-setting-a-notification-reminder-ba606ad5-dabc-4097-badd-d076fd5dbcf6/004-6e53b4da-62b4-42e6-8bef-53549807ef59-downloadableSrc-77f21fd64f52.webp
ba606ad5-dabc-4097-badd-d076fd5dbcf6,Setting a notification reminder,ad7ff07a-86f4-4126-b32e-dcd5a57e428b,Apple Mail,08868e96-c26b-4f5e-a056-4f0a26d499aa,4,5,d6821e64-af10-4377-8e6d-628681e965be,true,downloadableSrc,200,image/webp,37944,37944,30e16d7a72cc31ba1f1972985643eb0ca8ad6b4d56ff71fbf8f4baf901147584,1179,2676,,,bytescale.mobbin.com,f7a1807c1ac98ccf0eecf5078d61346ac9a94ca37a547f5708d580528c9e55c0,/Users/user/mobbin-sides/screen-flows/apple-mail/009-apple-mail-setting-a-notification-reminder-ba606ad5-dabc-4097-badd-d076fd5dbcf6/005-d6821e64-af10-4377-8e6d-628681e965be-downloadableSrc-30e16d7a72cc.webp
cca393c8-f360-4a06-aa8e-84ad6db5257f,Formatting text,ad7ff07a-86f4-4126-b32e-dcd5a57e428b,Apple Mail,08868e96-c26b-4f5e-a056-4f0a26d499aa,0,1,9e0ba8e0-ea66-4d01-92e7-93f4460d9898,true,downloadableSrc,200,image/webp,49540,49540,e03c195051680658a6486a8745b7481ddd3c729192820ac566fad2a4b3b9f82d,1179,2676,,,bytescale.mobbin.com,f7a1807c1ac98ccf0eecf5078d61346ac9a94ca37a547f5708d580528c9e55c0,/Users/user/mobbin-sides/screen-flows/apple-mail/010-apple-mail-formatting-text-cca393c8-f360-4a06-aa8e-84ad6db5257f/001-9e0ba8e0-ea66-4d01-92e7-93f4460d9898-downloadableSrc-e03c19505168.webp
cca393c8-f360-4a06-aa8e-84ad6db5257f,Formatting text,ad7ff07a-86f4-4126-b32e-dcd5a57e428b,Apple Mail,08868e96-c26b-4f5e-a056-4f0a26d499aa,1,2,0607c30b-8e22-4024-a854-aed40856136e,true,downloadableSrc,200,image/webp,77034,77034,2e95925aaa9ad9029feb0d7e9ee4aed4bc07e9665aac76f4eee0099c0e5e6fee,1179,2676,,,bytescale.mobbin.com,f7a1807c1ac98ccf0eecf5078d61346ac9a94ca37a547f5708d580528c9e55c0,/Users/user/mobbin-sides/screen-flows/apple-mail/010-apple-mail-formatting-text-cca393c8-f360-4a06-aa8e-84ad6db5257f/002-0607c30b-8e22-4024-a854-aed40856136e-downloadableSrc-2e95925aaa9a.webp
cca393c8-f360-4a06-aa8e-84ad6db5257f,Formatting text,ad7ff07a-86f4-4126-b32e-dcd5a57e428b,Apple Mail,08868e96-c26b-4f5e-a056-4f0a26d499aa,2,3,efad0130-6aed-4494-98ad-a0669364398c,true,downloadableSrc,200,image/webp,63296,63296,66b62a6fafc9e18b30f8cb37188c19602d020998cda9f8d09850c4cb52a53d13,1179,2676,,,bytescale.mobbin.com,f7a1807c1ac98ccf0eecf5078d61346ac9a94ca37a547f5708d580528c9e55c0,/Users/user/mobbin-sides/screen-flows/apple-mail/010-apple-mail-formatting-text-cca393c8-f360-4a06-aa8e-84ad6db5257f/003-efad0130-6aed-4494-98ad-a0669364398c-downloadableSrc-66b62a6fafc9.webp
cca393c8-f360-4a06-aa8e-84ad6db5257f,Formatting text,ad7ff07a-86f4-4126-b32e-dcd5a57e428b,Apple Mail,08868e96-c26b-4f5e-a056-4f0a26d499aa,3,4,41629eb6-93bd-4fe6-8593-69195d664e92,true,downloadableSrc,200,image/webp,64344,64344,9b1b115032a9c4df3a997ce2ff8c0af6f6379ac8e3729de031ecdb5461645b7d,1179,2676,,,bytescale.mobbin.com,f7a1807c1ac98ccf0eecf5078d61346ac9a94ca37a547f5708d580528c9e55c0,/Users/user/mobbin-sides/screen-flows/apple-mail/010-apple-mail-formatting-text-cca393c8-f360-4a06-aa8e-84ad6db5257f/004-41629eb6-93bd-4fe6-8593-69195d664e92-downloadableSrc-9b1b115032a9.webp
cca393c8-f360-4a06-aa8e-84ad6db5257f,Formatting text,ad7ff07a-86f4-4126-b32e-dcd5a57e428b,Apple Mail,08868e96-c26b-4f5e-a056-4f0a26d499aa,4,5,9d9c48d1-d47f-46c3-b03f-118dd5f8ed37,true,downloadableSrc,200,image/webp,69634,69634,ee676cc974205010cf02928a727b001ec7da258692b5abc88a0400db4aea57bd,1179,2676,,,bytescale.mobbin.com,f7a1807c1ac98ccf0eecf5078d61346ac9a94ca37a547f5708d580528c9e55c0,/Users/user/mobbin-sides/screen-flows/apple-mail/010-apple-mail-formatting-text-cca393c8-f360-4a06-aa8e-84ad6db5257f/005-9d9c48d1-d47f-46c3-b03f-118dd5f8ed37-downloadableSrc-ee676cc97420.webp
cca393c8-f360-4a06-aa8e-84ad6db5257f,Formatting text,ad7ff07a-86f4-4126-b32e-dcd5a57e428b,Apple Mail,08868e96-c26b-4f5e-a056-4f0a26d499aa,5,6,b1c7d4c4-1e27-4c8a-9b93-94f0e7330c02,true,downloadableSrc,200,image/webp,60736,60736,3dc4c0b046487721f9e30620e4611ea856a9b09c159ae7d7ff6c74b8de29d22a,1179,2676,,,bytescale.mobbin.com,f7a1807c1ac98ccf0eecf5078d61346ac9a94ca37a547f5708d580528c9e55c0,/Users/user/mobbin-sides/screen-flows/apple-mail/010-apple-mail-formatting-text-cca393c8-f360-4a06-aa8e-84ad6db5257f/006-b1c7d4c4-1e27-4c8a-9b93-94f0e7330c02-downloadableSrc-3dc4c0b04648.webp
cca393c8-f360-4a06-aa8e-84ad6db5257f,Formatting text,ad7ff07a-86f4-4126-b32e-dcd5a57e428b,Apple Mail,08868e96-c26b-4f5e-a056-4f0a26d499aa,6,7,25a3d0d7-9209-4bcf-b720-1509ad2626b5,true,downloadableSrc,200,image/webp,67576,67576,eba8e543a31bcd7e291b8639adfc9ac8ac24c2f04b1d79bf715555d0f05fe139,1179,2676,,,bytescale.mobbin.com,f7a1807c1ac98ccf0eecf5078d61346ac9a94ca37a547f5708d580528c9e55c0,/Users/user/mobbin-sides/screen-flows/apple-mail/010-apple-mail-formatting-text-cca393c8-f360-4a06-aa8e-84ad6db5257f/007-25a3d0d7-9209-4bcf-b720-1509ad2626b5-downloadableSrc-eba8e543a31b.webp
cca393c8-f360-4a06-aa8e-84ad6db5257f,Formatting text,ad7ff07a-86f4-4126-b32e-dcd5a57e428b,Apple Mail,08868e96-c26b-4f5e-a056-4f0a26d499aa,7,8,a86a3de7-5847-4c3a-8330-ff242b0ad775,true,downloadableSrc,200,image/webp,63320,63320,8bb93f06a2ded8bed63f64883068c602c90fe5a61d32dc04fef1e3765e23387e,1179,2676,,,bytescale.mobbin.com,f7a1807c1ac98ccf0eecf5078d61346ac9a94ca37a547f5708d580528c9e55c0,/Users/user/mobbin-sides/screen-flows/apple-mail/010-apple-mail-formatting-text-cca393c8-f360-4a06-aa8e-84ad6db5257f/008-a86a3de7-5847-4c3a-8330-ff242b0ad775-downloadableSrc-8bb93f06a2de.webp
cca393c8-f360-4a06-aa8e-84ad6db5257f,Formatting text,ad7ff07a-86f4-4126-b32e-dcd5a57e428b,Apple Mail,08868e96-c26b-4f5e-a056-4f0a26d499aa,8,9,54852089-5a93-4e64-bd7d-08720cad7d30,true,downloadableSrc,200,image/webp,66956,66956,4f4ed5172e2a3dd2bca0c9b772169cfd08390e11f01587f3ca90050252f9516f,1179,2676,,,bytescale.mobbin.com,f7a1807c1ac98ccf0eecf5078d61346ac9a94ca37a547f5708d580528c9e55c0,/Users/user/mobbin-sides/screen-flows/apple-mail/010-apple-mail-formatting-text-cca393c8-f360-4a06-aa8e-84ad6db5257f/009-54852089-5a93-4e64-bd7d-08720cad7d30-downloadableSrc-4f4ed5172e2a.webp
cca393c8-f360-4a06-aa8e-84ad6db5257f,Formatting text,ad7ff07a-86f4-4126-b32e-dcd5a57e428b,Apple Mail,08868e96-c26b-4f5e-a056-4f0a26d499aa,9,10,69f28242-e946-4453-9ef8-7e40b6e75b63,true,downloadableSrc,200,image/webp,73726,73726,a8af8077ecdca7b1c7c5b06c9bdf0d5aab2af6595bd66a3d13c83b6509a701dd,1179,2676,,,bytescale.mobbin.com,f7a1807c1ac98ccf0eecf5078d61346ac9a94ca37a547f5708d580528c9e55c0,/Users/user/mobbin-sides/screen-flows/apple-mail/010-apple-mail-formatting-text-cca393c8-f360-4a06-aa8e-84ad6db5257f/010-69f28242-e946-4453-9ef8-7e40b6e75b63-downloadableSrc-a8af8077ecdc.webp
cca393c8-f360-4a06-aa8e-84ad6db5257f,Formatting text,ad7ff07a-86f4-4126-b32e-dcd5a57e428b,Apple Mail,08868e96-c26b-4f5e-a056-4f0a26d499aa,10,11,1f7a67d8-6974-4225-bc3c-0ae05599dfe8,true,downloadableSrc,200,image/webp,70900,70900,c9cd2c29e7b37827f161f23e21aa5ec75d341a738e453a3fd4087aef78435d9e,1179,2676,,,bytescale.mobbin.com,f7a1807c1ac98ccf0eecf5078d61346ac9a94ca37a547f5708d580528c9e55c0,/Users/user/mobbin-sides/screen-flows/apple-mail/010-apple-mail-formatting-text-cca393c8-f360-4a06-aa8e-84ad6db5257f/011-1f7a67d8-6974-4225-bc3c-0ae05599dfe8-downloadableSrc-c9cd2c29e7b3.webp
cca393c8-f360-4a06-aa8e-84ad6db5257f,Formatting text,ad7ff07a-86f4-4126-b32e-dcd5a57e428b,Apple Mail,08868e96-c26b-4f5e-a056-4f0a26d499aa,11,12,a29b4d2c-5244-4a0b-832a-00c1da565684,true,downloadableSrc,200,image/webp,57668,57668,4a81e786bf8c821ec234adc64203a03b94779d3b66d3bc5c4a43576aa263ef65,1179,2676,,,bytescale.mobbin.com,f7a1807c1ac98ccf0eecf5078d61346ac9a94ca37a547f5708d580528c9e55c0,/Users/user/mobbin-sides/screen-flows/apple-mail/010-apple-mail-formatting-text-cca393c8-f360-4a06-aa8e-84ad6db5257f/012-a29b4d2c-5244-4a0b-832a-00c1da565684-downloadableSrc-4a81e786bf8c.webp
669b480e-97f1-4f22-a411-b9234752312b,Adding a file attachment,ad7ff07a-86f4-4126-b32e-dcd5a57e428b,Apple Mail,08868e96-c26b-4f5e-a056-4f0a26d499aa,0,1,0607c30b-8e22-4024-a854-aed40856136e,true,downloadableSrc,200,image/webp,77034,77034,2e95925aaa9ad9029feb0d7e9ee4aed4bc07e9665aac76f4eee0099c0e5e6fee,1179,2676,,,bytescale.mobbin.com,f7a1807c1ac98ccf0eecf5078d61346ac9a94ca37a547f5708d580528c9e55c0,/Users/user/mobbin-sides/screen-flows/apple-mail/011-apple-mail-adding-a-file-attachment-669b480e-97f1-4f22-a411-b9234752312b/001-0607c30b-8e22-4024-a854-aed40856136e-downloadableSrc-2e95925aaa9a.webp
669b480e-97f1-4f22-a411-b9234752312b,Adding a file attachment,ad7ff07a-86f4-4126-b32e-dcd5a57e428b,Apple Mail,08868e96-c26b-4f5e-a056-4f0a26d499aa,1,2,c53c7452-e27e-48fa-bcf5-9222456ba933,true,downloadableSrc,200,image/webp,76462,76462,bceca98f87b6bf8c6d33743ce574bd3567a014c02a8afa40db9df2f93fddddc9,1179,2676,,,bytescale.mobbin.com,f7a1807c1ac98ccf0eecf5078d61346ac9a94ca37a547f5708d580528c9e55c0,/Users/user/mobbin-sides/screen-flows/apple-mail/011-apple-mail-adding-a-file-attachment-669b480e-97f1-4f22-a411-b9234752312b/002-c53c7452-e27e-48fa-bcf5-9222456ba933-downloadableSrc-bceca98f87b6.webp
669b480e-97f1-4f22-a411-b9234752312b,Adding a file attachment,ad7ff07a-86f4-4126-b32e-dcd5a57e428b,Apple Mail,08868e96-c26b-4f5e-a056-4f0a26d499aa,2,3,66955c8c-531e-4a5f-bd49-730bc33c7dbe,true,downloadableSrc,200,image/webp,39906,39906,7aab69b85daa6f807d58f4969c1204ec4ca359b0f18c939ffd6eb39ebe9ac6d8,1179,2676,,,bytescale.mobbin.com,f7a1807c1ac98ccf0eecf5078d61346ac9a94ca37a547f5708d580528c9e55c0,/Users/user/mobbin-sides/screen-flows/apple-mail/011-apple-mail-adding-a-file-attachment-669b480e-97f1-4f22-a411-b9234752312b/003-66955c8c-531e-4a5f-bd49-730bc33c7dbe-downloadableSrc-7aab69b85daa.webp
669b480e-97f1-4f22-a411-b9234752312b,Adding a file attachment,ad7ff07a-86f4-4126-b32e-dcd5a57e428b,Apple Mail,08868e96-c26b-4f5e-a056-4f0a26d499aa,3,4,d379444b-d716-42b5-addd-59fe2ce1184f,true,downloadableSrc,200,image/webp,47572,47572,de1aed2c2d00685cd0b3d664ebdd40f4e7081bff07695c28185b8b13c199710e,1179,2676,,,bytescale.mobbin.com,f7a1807c1ac98ccf0eecf5078d61346ac9a94ca37a547f5708d580528c9e55c0,/Users/user/mobbin-sides/screen-flows/apple-mail/011-apple-mail-adding-a-file-attachment-669b480e-97f1-4f22-a411-b9234752312b/004-d379444b-d716-42b5-addd-59fe2ce1184f-downloadableSrc-de1aed2c2d00.webp
a2300367-7376-4f1a-a377-4a3a6f918256,Scanning text,ad7ff07a-86f4-4126-b32e-dcd5a57e428b,Apple Mail,08868e96-c26b-4f5e-a056-4f0a26d499aa,0,1,c53c7452-e27e-48fa-bcf5-9222456ba933,true,downloadableSrc,200,image/webp,76462,76462,bceca98f87b6bf8c6d33743ce574bd3567a014c02a8afa40db9df2f93fddddc9,1179,2676,,,bytescale.mobbin.com,f7a1807c1ac98ccf0eecf5078d61346ac9a94ca37a547f5708d580528c9e55c0,/Users/user/mobbin-sides/screen-flows/apple-mail/012-apple-mail-scanning-text-a2300367-7376-4f1a-a377-4a3a6f918256/001-c53c7452-e27e-48fa-bcf5-9222456ba933-downloadableSrc-bceca98f87b6.webp
a2300367-7376-4f1a-a377-4a3a6f918256,Scanning text,ad7ff07a-86f4-4126-b32e-dcd5a57e428b,Apple Mail,08868e96-c26b-4f5e-a056-4f0a26d499aa,1,2,3f55dbb5-7b8c-465c-ba79-68e71b604be3,true,downloadableSrc,200,image/webp,52868,52868,753a39d7c941f1d756d49251f8dbcc590d2cd1d60ab2ca732107e998701c2bf5,1179,2676,,,bytescale.mobbin.com,f7a1807c1ac98ccf0eecf5078d61346ac9a94ca37a547f5708d580528c9e55c0,/Users/user/mobbin-sides/screen-flows/apple-mail/012-apple-mail-scanning-text-a2300367-7376-4f1a-a377-4a3a6f918256/002-3f55dbb5-7b8c-465c-ba79-68e71b604be3-downloadableSrc-753a39d7c941.webp
a2300367-7376-4f1a-a377-4a3a6f918256,Scanning text,ad7ff07a-86f4-4126-b32e-dcd5a57e428b,Apple Mail,08868e96-c26b-4f5e-a056-4f0a26d499aa,2,3,a0565862-cdcb-4a94-b323-eaa633b57cf0,true,downloadableSrc,200,image/webp,65622,65622,a5d3eb420df72e2f8c2b5fd585f862c3e39737b57955fa60440e94b39ed447fe,1179,2676,,,bytescale.mobbin.com,f7a1807c1ac98ccf0eecf5078d61346ac9a94ca37a547f5708d580528c9e55c0,/Users/user/mobbin-sides/screen-flows/apple-mail/012-apple-mail-scanning-text-a2300367-7376-4f1a-a377-4a3a6f918256/003-a0565862-cdcb-4a94-b323-eaa633b57cf0-downloadableSrc-a5d3eb420df7.webp
a2300367-7376-4f1a-a377-4a3a6f918256,Scanning text,ad7ff07a-86f4-4126-b32e-dcd5a57e428b,Apple Mail,08868e96-c26b-4f5e-a056-4f0a26d499aa,3,4,ccab4570-f187-4903-9daa-82bb80a6eb12,true,downloadableSrc,200,image/webp,50932,50932,5394f3f0b7435e1a5a7405442466a50d2f57e75c633e700296e1e5b01147590b,1179,2676,,,bytescale.mobbin.com,f7a1807c1ac98ccf0eecf5078d61346ac9a94ca37a547f5708d580528c9e55c0,/Users/user/mobbin-sides/screen-flows/apple-mail/012-apple-mail-scanning-text-a2300367-7376-4f1a-a377-4a3a6f918256/004-ccab4570-f187-4903-9daa-82bb80a6eb12-downloadableSrc-5394f3f0b743.webp
dcd73583-11bd-4aab-a5e4-8ed89e9a8bbc,Scanning a document,ad7ff07a-86f4-4126-b32e-dcd5a57e428b,Apple Mail,08868e96-c26b-4f5e-a056-4f0a26d499aa,0,1,c53c7452-e27e-48fa-bcf5-9222456ba933,true,downloadableSrc,200,image/webp,76462,76462,bceca98f87b6bf8c6d33743ce574bd3567a014c02a8afa40db9df2f93fddddc9,1179,2676,,,bytescale.mobbin.com,f7a1807c1ac98ccf0eecf5078d61346ac9a94ca37a547f5708d580528c9e55c0,/Users/user/mobbin-sides/screen-flows/apple-mail/013-apple-mail-scanning-a-document-dcd73583-11bd-4aab-a5e4-8ed89e9a8bbc/001-c53c7452-e27e-48fa-bcf5-9222456ba933-downloadableSrc-bceca98f87b6.webp
dcd73583-11bd-4aab-a5e4-8ed89e9a8bbc,Scanning a document,ad7ff07a-86f4-4126-b32e-dcd5a57e428b,Apple Mail,08868e96-c26b-4f5e-a056-4f0a26d499aa,1,2,9a7f78b9-d260-4492-88ae-172f30779ccd,true,downloadableSrc,200,image/webp,27556,27556,34d63e066e84ea4a1ebdcee8ee33c0ec8c539f090c418e6349ce53f672577488,1179,2676,,,bytescale.mobbin.com,f7a1807c1ac98ccf0eecf5078d61346ac9a94ca37a547f5708d580528c9e55c0,/Users/user/mobbin-sides/screen-flows/apple-mail/013-apple-mail-scanning-a-document-dcd73583-11bd-4aab-a5e4-8ed89e9a8bbc/002-9a7f78b9-d260-4492-88ae-172f30779ccd-downloadableSrc-34d63e066e84.webp
dcd73583-11bd-4aab-a5e4-8ed89e9a8bbc,Scanning a document,ad7ff07a-86f4-4126-b32e-dcd5a57e428b,Apple Mail,08868e96-c26b-4f5e-a056-4f0a26d499aa,2,3,7ca8230f-6265-44b2-b81e-3295f8e1f0d7,true,downloadableSrc,200,image/webp,52862,52862,f5cb62d32774b9fe7f110fb233b796075f01ec6b250c78e767c4a9362a0a0dba,1179,2676,,,bytescale.mobbin.com,f7a1807c1ac98ccf0eecf5078d61346ac9a94ca37a547f5708d580528c9e55c0,/Users/user/mobbin-sides/screen-flows/apple-mail/013-apple-mail-scanning-a-document-dcd73583-11bd-4aab-a5e4-8ed89e9a8bbc/003-7ca8230f-6265-44b2-b81e-3295f8e1f0d7-downloadableSrc-f5cb62d32774.webp
dcd73583-11bd-4aab-a5e4-8ed89e9a8bbc,Scanning a document,ad7ff07a-86f4-4126-b32e-dcd5a57e428b,Apple Mail,08868e96-c26b-4f5e-a056-4f0a26d499aa,3,4,5f046da0-f535-4836-a918-670bd237d077,true,downloadableSrc,200,image/webp,75346,75346,d4b9c9f81e115eaaa1088198532c884758c8db0e1d20a09ee6f3bfa784108610,1179,2676,,,bytescale.mobbin.com,f7a1807c1ac98ccf0eecf5078d61346ac9a94ca37a547f5708d580528c9e55c0,/Users/user/mobbin-sides/screen-flows/apple-mail/013-apple-mail-scanning-a-document-dcd73583-11bd-4aab-a5e4-8ed89e9a8bbc/004-5f046da0-f535-4836-a918-670bd237d077-downloadableSrc-d4b9c9f81e11.webp
dcd73583-11bd-4aab-a5e4-8ed89e9a8bbc,Scanning a document,ad7ff07a-86f4-4126-b32e-dcd5a57e428b,Apple Mail,08868e96-c26b-4f5e-a056-4f0a26d499aa,4,5,b7c5eff7-39fb-4edd-8387-674027bf7c47,true,downloadableSrc,200,image/webp,62178,62178,753a8f18fb8e766afa46e1462d65e2d97e3d92e7f6fe5fc7d4fac7676bd60f17,1179,2676,,,bytescale.mobbin.com,f7a1807c1ac98ccf0eecf5078d61346ac9a94ca37a547f5708d580528c9e55c0,/Users/user/mobbin-sides/screen-flows/apple-mail/013-apple-mail-scanning-a-document-dcd73583-11bd-4aab-a5e4-8ed89e9a8bbc/005-b7c5eff7-39fb-4edd-8387-674027bf7c47-downloadableSrc-753a8f18fb8e.webp
dcd73583-11bd-4aab-a5e4-8ed89e9a8bbc,Scanning a document,ad7ff07a-86f4-4126-b32e-dcd5a57e428b,Apple Mail,08868e96-c26b-4f5e-a056-4f0a26d499aa,5,6,b998385b-1f23-4aca-8a1d-edf32a02603b,true,downloadableSrc,200,image/webp,81490,81490,9dbf09e1205343dffea9279ca2a49cc48d854ba2dfe35cd8beba2b29c31f2cbc,1179,2676,,,bytescale.mobbin.com,f7a1807c1ac98ccf0eecf5078d61346ac9a94ca37a547f5708d580528c9e55c0,/Users/user/mobbin-sides/screen-flows/apple-mail/013-apple-mail-scanning-a-document-dcd73583-11bd-4aab-a5e4-8ed89e9a8bbc/006-b998385b-1f23-4aca-8a1d-edf32a02603b-downloadableSrc-9dbf09e12053.webp
7eba617f-5b80-486c-95b2-7099a4905185,Customizing a scan,ad7ff07a-86f4-4126-b32e-dcd5a57e428b,Apple Mail,08868e96-c26b-4f5e-a056-4f0a26d499aa,0,1,b7c5eff7-39fb-4edd-8387-674027bf7c47,true,downloadableSrc,200,image/webp,62178,62178,753a8f18fb8e766afa46e1462d65e2d97e3d92e7f6fe5fc7d4fac7676bd60f17,1179,2676,,,bytescale.mobbin.com,f7a1807c1ac98ccf0eecf5078d61346ac9a94ca37a547f5708d580528c9e55c0,/Users/user/mobbin-sides/screen-flows/apple-mail/014-apple-mail-customizing-a-scan-7eba617f-5b80-486c-95b2-7099a4905185/001-b7c5eff7-39fb-4edd-8387-674027bf7c47-downloadableSrc-753a8f18fb8e.webp
7eba617f-5b80-486c-95b2-7099a4905185,Customizing a scan,ad7ff07a-86f4-4126-b32e-dcd5a57e428b,Apple Mail,08868e96-c26b-4f5e-a056-4f0a26d499aa,1,2,9117c7dd-461c-4c7f-955b-3623f0047759,true,downloadableSrc,200,image/webp,54368,54368,a37c16195006e6bf6dbf3a469892b43ea6063b8be83f06316f0a2bade3b778af,1179,2676,,,bytescale.mobbin.com,f7a1807c1ac98ccf0eecf5078d61346ac9a94ca37a547f5708d580528c9e55c0,/Users/user/mobbin-sides/screen-flows/apple-mail/014-apple-mail-customizing-a-scan-7eba617f-5b80-486c-95b2-7099a4905185/002-9117c7dd-461c-4c7f-955b-3623f0047759-downloadableSrc-a37c16195006.webp
7eba617f-5b80-486c-95b2-7099a4905185,Customizing a scan,ad7ff07a-86f4-4126-b32e-dcd5a57e428b,Apple Mail,08868e96-c26b-4f5e-a056-4f0a26d499aa,2,3,f17c3d97-25c8-4183-9b6b-85048a45c3cf,true,downloadableSrc,200,image/webp,101590,101590,bf82b229dbfeb212dfc7fcdac18e3f61532e39b7e999f8ab71182408b148d08d,1179,2676,,,bytescale.mobbin.com,f7a1807c1ac98ccf0eecf5078d61346ac9a94ca37a547f5708d580528c9e55c0,/Users/user/mobbin-sides/screen-flows/apple-mail/014-apple-mail-customizing-a-scan-7eba617f-5b80-486c-95b2-7099a4905185/003-f17c3d97-25c8-4183-9b6b-85048a45c3cf-downloadableSrc-bf82b229dbfe.webp
7eba617f-5b80-486c-95b2-7099a4905185,Customizing a scan,ad7ff07a-86f4-4126-b32e-dcd5a57e428b,Apple Mail,08868e96-c26b-4f5e-a056-4f0a26d499aa,3,4,4f73de4e-6461-44bb-9267-684f9264b638,true,downloadableSrc,200,image/webp,105188,105188,2df45ebff13633ec498eedfa30d0c8e575d99e83baaa963622653fee35742306,1179,2676,,,bytescale.mobbin.com,f7a1807c1ac98ccf0eecf5078d61346ac9a94ca37a547f5708d580528c9e55c0,/Users/user/mobbin-sides/screen-flows/apple-mail/014-apple-mail-customizing-a-scan-7eba617f-5b80-486c-95b2-7099a4905185/004-4f73de4e-6461-44bb-9267-684f9264b638-downloadableSrc-2df45ebff136.webp
7eba617f-5b80-486c-95b2-7099a4905185,Customizing a scan,ad7ff07a-86f4-4126-b32e-dcd5a57e428b,Apple Mail,08868e96-c26b-4f5e-a056-4f0a26d499aa,4,5,734a508e-5b33-49a6-bb85-73d8e73a24ab,true,downloadableSrc,200,image/webp,66862,66862,f646a23944343f233ec3cec83f6a44ede8a66cfc73b2f73433ee1e93d1d44ad2,1179,2676,,,bytescale.mobbin.com,f7a1807c1ac98ccf0eecf5078d61346ac9a94ca37a547f5708d580528c9e55c0,/Users/user/mobbin-sides/screen-flows/apple-mail/014-apple-mail-customizing-a-scan-7eba617f-5b80-486c-95b2-7099a4905185/005-734a508e-5b33-49a6-bb85-73d8e73a24ab-downloadableSrc-f646a2394434.webp
7eba617f-5b80-486c-95b2-7099a4905185,Customizing a scan,ad7ff07a-86f4-4126-b32e-dcd5a57e428b,Apple Mail,08868e96-c26b-4f5e-a056-4f0a26d499aa,5,6,84afe014-1855-446c-9ea1-24a9c1c85811,true,downloadableSrc,200,image/webp,64692,64692,f6714b3690be6187bdc8ae95ec38e905ed3d1d1dad961aac1c420771c2166fda,1179,2676,,,bytescale.mobbin.com,f7a1807c1ac98ccf0eecf5078d61346ac9a94ca37a547f5708d580528c9e55c0,/Users/user/mobbin-sides/screen-flows/apple-mail/014-apple-mail-customizing-a-scan-7eba617f-5b80-486c-95b2-7099a4905185/006-84afe014-1855-446c-9ea1-24a9c1c85811-downloadableSrc-f6714b3690be.webp
7eba617f-5b80-486c-95b2-7099a4905185,Customizing a scan,ad7ff07a-86f4-4126-b32e-dcd5a57e428b,Apple Mail,08868e96-c26b-4f5e-a056-4f0a26d499aa,6,7,fd917225-54a1-4d79-a58f-dc9dd3cb3150,true,downloadableSrc,200,image/webp,77622,77622,7d6577c9a9e0aed2c6717ff1a3dece72c285f6404b7410359b5b22b88aef8e03,1179,2676,,,bytescale.mobbin.com,f7a1807c1ac98ccf0eecf5078d61346ac9a94ca37a547f5708d580528c9e55c0,/Users/user/mobbin-sides/screen-flows/apple-mail/014-apple-mail-customizing-a-scan-7eba617f-5b80-486c-95b2-7099a4905185/007-fd917225-54a1-4d79-a58f-dc9dd3cb3150-downloadableSrc-7d6577c9a9e0.webp
7eba617f-5b80-486c-95b2-7099a4905185,Customizing a scan,ad7ff07a-86f4-4126-b32e-dcd5a57e428b,Apple Mail,08868e96-c26b-4f5e-a056-4f0a26d499aa,7,8,c2a3aded-996d-4989-a55c-7eb55d535459,true,downloadableSrc,200,image/webp,61170,61170,d3c05b31f8ce6bd6655f73325876d4f3cec4802d56dc282a7f5a90bd2b3e21cd,1179,2676,,,bytescale.mobbin.com,f7a1807c1ac98ccf0eecf5078d61346ac9a94ca37a547f5708d580528c9e55c0,/Users/user/mobbin-sides/screen-flows/apple-mail/014-apple-mail-customizing-a-scan-7eba617f-5b80-486c-95b2-7099a4905185/008-c2a3aded-996d-4989-a55c-7eb55d535459-downloadableSrc-d3c05b31f8ce.webp
f2bc62e8-d921-4793-a51c-75b5f5637bd6,Adding a drawing,ad7ff07a-86f4-4126-b32e-dcd5a57e428b,Apple Mail,08868e96-c26b-4f5e-a056-4f0a26d499aa,0,1,0607c30b-8e22-4024-a854-aed40856136e,true,downloadableSrc,200,image/webp,77034,77034,2e95925aaa9ad9029feb0d7e9ee4aed4bc07e9665aac76f4eee0099c0e5e6fee,1179,2676,,,bytescale.mobbin.com,f7a1807c1ac98ccf0eecf5078d61346ac9a94ca37a547f5708d580528c9e55c0,/Users/user/mobbin-sides/screen-flows/apple-mail/015-apple-mail-adding-a-drawing-f2bc62e8-d921-4793-a51c-75b5f5637bd6/001-0607c30b-8e22-4024-a854-aed40856136e-downloadableSrc-2e95925aaa9a.webp
f2bc62e8-d921-4793-a51c-75b5f5637bd6,Adding a drawing,ad7ff07a-86f4-4126-b32e-dcd5a57e428b,Apple Mail,08868e96-c26b-4f5e-a056-4f0a26d499aa,1,2,1d1cc164-7431-49f5-9379-c17b0dd81b45,true,downloadableSrc,200,image/webp,25496,25496,20298a24a5a9a7c19ae0c90b9fb3efbe76e14a02834a3aa440836daf5b7d1b9b,1179,2676,,,bytescale.mobbin.com,f7a1807c1ac98ccf0eecf5078d61346ac9a94ca37a547f5708d580528c9e55c0,/Users/user/mobbin-sides/screen-flows/apple-mail/015-apple-mail-adding-a-drawing-f2bc62e8-d921-4793-a51c-75b5f5637bd6/002-1d1cc164-7431-49f5-9379-c17b0dd81b45-downloadableSrc-20298a24a5a9.webp
f2bc62e8-d921-4793-a51c-75b5f5637bd6,Adding a drawing,ad7ff07a-86f4-4126-b32e-dcd5a57e428b,Apple Mail,08868e96-c26b-4f5e-a056-4f0a26d499aa,2,3,89d3e4d2-9d57-44b0-8dc5-158232966b8b,true,downloadableSrc,200,image/webp,25672,25672,e2c7e936515085d53180dd18370b6a1a15b5c1ece013ad3570f519892ee0a413,1179,2676,,,bytescale.mobbin.com,f7a1807c1ac98ccf0eecf5078d61346ac9a94ca37a547f5708d580528c9e55c0,/Users/user/mobbin-sides/screen-flows/apple-mail/015-apple-mail-adding-a-drawing-f2bc62e8-d921-4793-a51c-75b5f5637bd6/003-89d3e4d2-9d57-44b0-8dc5-158232966b8b-downloadableSrc-e2c7e9365150.webp
f2bc62e8-d921-4793-a51c-75b5f5637bd6,Adding a drawing,ad7ff07a-86f4-4126-b32e-dcd5a57e428b,Apple Mail,08868e96-c26b-4f5e-a056-4f0a26d499aa,3,4,c8b073af-06c4-45a0-b800-809d9fa61cb2,true,downloadableSrc,200,image/webp,32196,32196,4ab585876692051a090d0393fbc144647df115974df52f369ce6041c8ad4fdce,1179,2676,,,bytescale.mobbin.com,f7a1807c1ac98ccf0eecf5078d61346ac9a94ca37a547f5708d580528c9e55c0,/Users/user/mobbin-sides/screen-flows/apple-mail/015-apple-mail-adding-a-drawing-f2bc62e8-d921-4793-a51c-75b5f5637bd6/004-c8b073af-06c4-45a0-b800-809d9fa61cb2-downloadableSrc-4ab585876692.webp
f2bc62e8-d921-4793-a51c-75b5f5637bd6,Adding a drawing,ad7ff07a-86f4-4126-b32e-dcd5a57e428b,Apple Mail,08868e96-c26b-4f5e-a056-4f0a26d499aa,4,5,23b4ee8f-32d4-4ad1-8bb4-e5c1484fdcdf,true,downloadableSrc,200,image/webp,32172,32172,7e7ce62eaae8991306c527f9cad5b84b52bdd6c16a38dbdb71fcd0f9af97b306,1179,2676,,,bytescale.mobbin.com,f7a1807c1ac98ccf0eecf5078d61346ac9a94ca37a547f5708d580528c9e55c0,/Users/user/mobbin-sides/screen-flows/apple-mail/015-apple-mail-adding-a-drawing-f2bc62e8-d921-4793-a51c-75b5f5637bd6/005-23b4ee8f-32d4-4ad1-8bb4-e5c1484fdcdf-downloadableSrc-7e7ce62eaae8.webp
f2bc62e8-d921-4793-a51c-75b5f5637bd6,Adding a drawing,ad7ff07a-86f4-4126-b32e-dcd5a57e428b,Apple Mail,08868e96-c26b-4f5e-a056-4f0a26d499aa,5,6,66224d03-f6a2-4661-b6dd-6b7698571074,true,downloadableSrc,200,image/webp,32464,32464,571a4823aee73a56b63f3ec35e2509973410757ad3a510c9e7c6f0fa4c17a265,1179,2676,,,bytescale.mobbin.com,f7a1807c1ac98ccf0eecf5078d61346ac9a94ca37a547f5708d580528c9e55c0,/Users/user/mobbin-sides/screen-flows/apple-mail/015-apple-mail-adding-a-drawing-f2bc62e8-d921-4793-a51c-75b5f5637bd6/006-66224d03-f6a2-4661-b6dd-6b7698571074-downloadableSrc-571a4823aee7.webp
f2bc62e8-d921-4793-a51c-75b5f5637bd6,Adding a drawing,ad7ff07a-86f4-4126-b32e-dcd5a57e428b,Apple Mail,08868e96-c26b-4f5e-a056-4f0a26d499aa,6,7,be06e99b-a64f-433e-8443-da61bc0cbbc7,true,downloadableSrc,200,image/webp,35648,35648,0db413975d133ed1baebc282c533ef8eee255bf74cf3dbf22629f5c4cddc4e7b,1179,2676,,,bytescale.mobbin.com,f7a1807c1ac98ccf0eecf5078d61346ac9a94ca37a547f5708d580528c9e55c0,/Users/user/mobbin-sides/screen-flows/apple-mail/015-apple-mail-adding-a-drawing-f2bc62e8-d921-4793-a51c-75b5f5637bd6/007-be06e99b-a64f-433e-8443-da61bc0cbbc7-downloadableSrc-0db413975d13.webp
f2bc62e8-d921-4793-a51c-75b5f5637bd6,Adding a drawing,ad7ff07a-86f4-4126-b32e-dcd5a57e428b,Apple Mail,08868e96-c26b-4f5e-a056-4f0a26d499aa,7,8,1c0eb627-a269-41dd-b0b4-1fe46f91321d,true,downloadableSrc,200,image/webp,37292,37292,1650b2926836ecc59b6d2708daefea590248130189adbc1c6aabcc89fb8f306d,1179,2676,,,bytescale.mobbin.com,f7a1807c1ac98ccf0eecf5078d61346ac9a94ca37a547f5708d580528c9e55c0,/Users/user/mobbin-sides/screen-flows/apple-mail/015-apple-mail-adding-a-drawing-f2bc62e8-d921-4793-a51c-75b5f5637bd6/008-1c0eb627-a269-41dd-b0b4-1fe46f91321d-downloadableSrc-1650b2926836.webp
f2bc62e8-d921-4793-a51c-75b5f5637bd6,Adding a drawing,ad7ff07a-86f4-4126-b32e-dcd5a57e428b,Apple Mail,08868e96-c26b-4f5e-a056-4f0a26d499aa,8,9,c4cf4352-cda2-45d7-b549-11b3ec729368,true,downloadableSrc,200,image/webp,49870,49870,46a055db387350c6460f80bb39b01e5ea7590e8a5a911bbea2bf2ae8285645b5,1179,2676,,,bytescale.mobbin.com,f7a1807c1ac98ccf0eecf5078d61346ac9a94ca37a547f5708d580528c9e55c0,/Users/user/mobbin-sides/screen-flows/apple-mail/015-apple-mail-adding-a-drawing-f2bc62e8-d921-4793-a51c-75b5f5637bd6/009-c4cf4352-cda2-45d7-b549-11b3ec729368-downloadableSrc-46a055db3873.webp
f2bc62e8-d921-4793-a51c-75b5f5637bd6,Adding a drawing,ad7ff07a-86f4-4126-b32e-dcd5a57e428b,Apple Mail,08868e96-c26b-4f5e-a056-4f0a26d499aa,9,10,fb6e5255-0a0f-4e62-9d5e-51e2d6323379,true,downloadableSrc,200,image/webp,55476,55476,25564d6f4a6e7b1ee9625736cb625192424064f88b27373e090c0ba1f95a7b87,1179,2676,,,bytescale.mobbin.com,f7a1807c1ac98ccf0eecf5078d61346ac9a94ca37a547f5708d580528c9e55c0,/Users/user/mobbin-sides/screen-flows/apple-mail/015-apple-mail-adding-a-drawing-f2bc62e8-d921-4793-a51c-75b5f5637bd6/010-fb6e5255-0a0f-4e62-9d5e-51e2d6323379-downloadableSrc-25564d6f4a6e.webp
f2bc62e8-d921-4793-a51c-75b5f5637bd6,Adding a drawing,ad7ff07a-86f4-4126-b32e-dcd5a57e428b,Apple Mail,08868e96-c26b-4f5e-a056-4f0a26d499aa,10,11,41364800-c5f4-4a0a-856c-71319859df02,true,downloadableSrc,200,image/webp,30416,30416,a3a431f09cff813cae54c87d3439d2cba025cfbfc8d2cf33ec045d708887ae7f,1179,2676,,,bytescale.mobbin.com,f7a1807c1ac98ccf0eecf5078d61346ac9a94ca37a547f5708d580528c9e55c0,/Users/user/mobbin-sides/screen-flows/apple-mail/015-apple-mail-adding-a-drawing-f2bc62e8-d921-4793-a51c-75b5f5637bd6/011-41364800-c5f4-4a0a-856c-71319859df02-downloadableSrc-a3a431f09cff.webp
f142600e-7f5d-43c6-895d-383a6686119b,Adding a signature,ad7ff07a-86f4-4126-b32e-dcd5a57e428b,Apple Mail,08868e96-c26b-4f5e-a056-4f0a26d499aa,0,1,be06e99b-a64f-433e-8443-da61bc0cbbc7,true,downloadableSrc,200,image/webp,35648,35648,0db413975d133ed1baebc282c533ef8eee255bf74cf3dbf22629f5c4cddc4e7b,1179,2676,,,bytescale.mobbin.com,f7a1807c1ac98ccf0eecf5078d61346ac9a94ca37a547f5708d580528c9e55c0,/Users/user/mobbin-sides/screen-flows/apple-mail/016-apple-mail-adding-a-signature-f142600e-7f5d-43c6-895d-383a6686119b/001-be06e99b-a64f-433e-8443-da61bc0cbbc7-downloadableSrc-0db413975d13.webp
f142600e-7f5d-43c6-895d-383a6686119b,Adding a signature,ad7ff07a-86f4-4126-b32e-dcd5a57e428b,Apple Mail,08868e96-c26b-4f5e-a056-4f0a26d499aa,1,2,a821a5da-c499-491b-ba28-42542a5e3979,true,downloadableSrc,200,image/webp,35970,35970,189bd0eeceb403174bac83b09574f025e0ec139853262c00d7715d044ad0ab53,1179,2676,,,bytescale.mobbin.com,f7a1807c1ac98ccf0eecf5078d61346ac9a94ca37a547f5708d580528c9e55c0,/Users/user/mobbin-sides/screen-flows/apple-mail/016-apple-mail-adding-a-signature-f142600e-7f5d-43c6-895d-383a6686119b/002-a821a5da-c499-491b-ba28-42542a5e3979-downloadableSrc-189bd0eeceb4.webp
f142600e-7f5d-43c6-895d-383a6686119b,Adding a signature,ad7ff07a-86f4-4126-b32e-dcd5a57e428b,Apple Mail,08868e96-c26b-4f5e-a056-4f0a26d499aa,2,3,cd8e91e1-da9b-4c4f-a5a1-d073f52a5c94,true,downloadableSrc,200,image/webp,45060,45060,051b73f619695bfb2e74714e6b4ae7be2670d5eb524203fc6d0e20cd7e0e97bf,1179,2676,,,bytescale.mobbin.com,f7a1807c1ac98ccf0eecf5078d61346ac9a94ca37a547f5708d580528c9e55c0,/Users/user/mobbin-sides/screen-flows/apple-mail/016-apple-mail-adding-a-signature-f142600e-7f5d-43c6-895d-383a6686119b/003-cd8e91e1-da9b-4c4f-a5a1-d073f52a5c94-downloadableSrc-051b73f61969.webp
f142600e-7f5d-43c6-895d-383a6686119b,Adding a signature,ad7ff07a-86f4-4126-b32e-dcd5a57e428b,Apple Mail,08868e96-c26b-4f5e-a056-4f0a26d499aa,3,4,454d2378-2702-43f7-a666-4cdc30f7ad92,true,downloadableSrc,200,image/webp,43824,43824,fd4378a28ba9ccadf6935336977552edb957a8a972877a6fc43fc0757fde3f70,1179,2676,,,bytescale.mobbin.com,f7a1807c1ac98ccf0eecf5078d61346ac9a94ca37a547f5708d580528c9e55c0,/Users/user/mobbin-sides/screen-flows/apple-mail/016-apple-mail-adding-a-signature-f142600e-7f5d-43c6-895d-383a6686119b/004-454d2378-2702-43f7-a666-4cdc30f7ad92-downloadableSrc-fd4378a28ba9.webp
f142600e-7f5d-43c6-895d-383a6686119b,Adding a signature,ad7ff07a-86f4-4126-b32e-dcd5a57e428b,Apple Mail,08868e96-c26b-4f5e-a056-4f0a26d499aa,4,5,cc94f4c6-cfb6-4473-8d25-f0f6a4bfbccb,true,downloadableSrc,200,image/webp,44754,44754,edfb595048de36e10782625065d85f7bb4476ee298010e544d8d472b8d0f2326,1179,2676,,,bytescale.mobbin.com,f7a1807c1ac98ccf0eecf5078d61346ac9a94ca37a547f5708d580528c9e55c0,/Users/user/mobbin-sides/screen-flows/apple-mail/016-apple-mail-adding-a-signature-f142600e-7f5d-43c6-895d-383a6686119b/005-cc94f4c6-cfb6-4473-8d25-f0f6a4bfbccb-downloadableSrc-edfb595048de.webp
f142600e-7f5d-43c6-895d-383a6686119b,Adding a signature,ad7ff07a-86f4-4126-b32e-dcd5a57e428b,Apple Mail,08868e96-c26b-4f5e-a056-4f0a26d499aa,5,6,95dbf040-2a79-4c74-a255-67c75210380d,true,downloadableSrc,200,image/webp,38432,38432,feb8a8747426f9998b964c14101b7900468c74e7dc0cdca497f3edaf007532c8,1179,2676,,,bytescale.mobbin.com,f7a1807c1ac98ccf0eecf5078d61346ac9a94ca37a547f5708d580528c9e55c0,/Users/user/mobbin-sides/screen-flows/apple-mail/016-apple-mail-adding-a-signature-f142600e-7f5d-43c6-895d-383a6686119b/006-95dbf040-2a79-4c74-a255-67c75210380d-downloadableSrc-feb8a8747426.webp
f142600e-7f5d-43c6-895d-383a6686119b,Adding a signature,ad7ff07a-86f4-4126-b32e-dcd5a57e428b,Apple Mail,08868e96-c26b-4f5e-a056-4f0a26d499aa,6,7,0c6c49c0-3618-4b49-9109-e395041bd258,true,downloadableSrc,200,image/webp,31560,31560,056df4f27ad4e75f1cfcd71c6c24a9c4ade5d2c612e4ae777eabbad82e614ee6,1179,2676,,,bytescale.mobbin.com,f7a1807c1ac98ccf0eecf5078d61346ac9a94ca37a547f5708d580528c9e55c0,/Users/user/mobbin-sides/screen-flows/apple-mail/016-apple-mail-adding-a-signature-f142600e-7f5d-43c6-895d-383a6686119b/007-0c6c49c0-3618-4b49-9109-e395041bd258-downloadableSrc-056df4f27ad4.webp
ebf17d67-4595-43fa-8216-ec2415744475,Adding an image description,ad7ff07a-86f4-4126-b32e-dcd5a57e428b,Apple Mail,08868e96-c26b-4f5e-a056-4f0a26d499aa,0,1,be06e99b-a64f-433e-8443-da61bc0cbbc7,true,downloadableSrc,200,image/webp,35648,35648,0db413975d133ed1baebc282c533ef8eee255bf74cf3dbf22629f5c4cddc4e7b,1179,2676,,,bytescale.mobbin.com,f7a1807c1ac98ccf0eecf5078d61346ac9a94ca37a547f5708d580528c9e55c0,/Users/user/mobbin-sides/screen-flows/apple-mail/017-apple-mail-adding-an-image-description-ebf17d67-4595-43fa-8216-ec2415744475/001-be06e99b-a64f-433e-8443-da61bc0cbbc7-downloadableSrc-0db413975d13.webp
ebf17d67-4595-43fa-8216-ec2415744475,Adding an image description,ad7ff07a-86f4-4126-b32e-dcd5a57e428b,Apple Mail,08868e96-c26b-4f5e-a056-4f0a26d499aa,1,2,11bc7507-1b20-4fc7-b8ba-3ce9afa41e2d,true,downloadableSrc,200,image/webp,55494,55494,74f53c56c3a42b9ebe7eabbf8face4b6e6ce8c8b948c4ec511419c69cf328d7d,1179,2676,,,bytescale.mobbin.com,f7a1807c1ac98ccf0eecf5078d61346ac9a94ca37a547f5708d580528c9e55c0,/Users/user/mobbin-sides/screen-flows/apple-mail/017-apple-mail-adding-an-image-description-ebf17d67-4595-43fa-8216-ec2415744475/002-11bc7507-1b20-4fc7-b8ba-3ce9afa41e2d-downloadableSrc-74f53c56c3a4.webp
ebf17d67-4595-43fa-8216-ec2415744475,Adding an image description,ad7ff07a-86f4-4126-b32e-dcd5a57e428b,Apple Mail,08868e96-c26b-4f5e-a056-4f0a26d499aa,2,3,69badc7d-be24-430d-ae83-d09cdd0b84cd,true,downloadableSrc,200,image/webp,56656,56656,b747e9f69731682f4d8b2e9b8571d1a77f1b62aa23718d103e0dee893c60fc43,1179,2676,,,bytescale.mobbin.com,f7a1807c1ac98ccf0eecf5078d61346ac9a94ca37a547f5708d580528c9e55c0,/Users/user/mobbin-sides/screen-flows/apple-mail/017-apple-mail-adding-an-image-description-ebf17d67-4595-43fa-8216-ec2415744475/003-69badc7d-be24-430d-ae83-d09cdd0b84cd-downloadableSrc-b747e9f69731.webp
ebf17d67-4595-43fa-8216-ec2415744475,Adding an image description,ad7ff07a-86f4-4126-b32e-dcd5a57e428b,Apple Mail,08868e96-c26b-4f5e-a056-4f0a26d499aa,3,4,1d6e437f-91a6-4cae-b8c9-21a71460beed,true,downloadableSrc,200,image/webp,58816,58816,bd9236830ba5a620841b2c2b6d3b28146ca87f807a814650a2b41b153ca577f4,1179,2676,,,bytescale.mobbin.com,f7a1807c1ac98ccf0eecf5078d61346ac9a94ca37a547f5708d580528c9e55c0,/Users/user/mobbin-sides/screen-flows/apple-mail/017-apple-mail-adding-an-image-description-ebf17d67-4595-43fa-8216-ec2415744475/004-1d6e437f-91a6-4cae-b8c9-21a71460beed-downloadableSrc-bd9236830ba5.webp
ebf17d67-4595-43fa-8216-ec2415744475,Adding an image description,ad7ff07a-86f4-4126-b32e-dcd5a57e428b,Apple Mail,08868e96-c26b-4f5e-a056-4f0a26d499aa,4,5,a27ad0e0-8c90-4490-ba59-0c0d3159b260,true,downloadableSrc,200,image/webp,35648,35648,0db413975d133ed1baebc282c533ef8eee255bf74cf3dbf22629f5c4cddc4e7b,1179,2676,,,bytescale.mobbin.com,f7a1807c1ac98ccf0eecf5078d61346ac9a94ca37a547f5708d580528c9e55c0,/Users/user/mobbin-sides/screen-flows/apple-mail/017-apple-mail-adding-an-image-description-ebf17d67-4595-43fa-8216-ec2415744475/005-a27ad0e0-8c90-4490-ba59-0c0d3159b260-downloadableSrc-0db413975d13.webp
1a8eb290-e26e-4b13-a8c9-99c4b9c027d0,Adding a sticker,ad7ff07a-86f4-4126-b32e-dcd5a57e428b,Apple Mail,08868e96-c26b-4f5e-a056-4f0a26d499aa,0,1,11bc7507-1b20-4fc7-b8ba-3ce9afa41e2d,true,downloadableSrc,200,image/webp,55494,55494,74f53c56c3a42b9ebe7eabbf8face4b6e6ce8c8b948c4ec511419c69cf328d7d,1179,2676,,,bytescale.mobbin.com,f7a1807c1ac98ccf0eecf5078d61346ac9a94ca37a547f5708d580528c9e55c0,/Users/user/mobbin-sides/screen-flows/apple-mail/018-apple-mail-adding-a-sticker-1a8eb290-e26e-4b13-a8c9-99c4b9c027d0/001-11bc7507-1b20-4fc7-b8ba-3ce9afa41e2d-downloadableSrc-74f53c56c3a4.webp
1a8eb290-e26e-4b13-a8c9-99c4b9c027d0,Adding a sticker,ad7ff07a-86f4-4126-b32e-dcd5a57e428b,Apple Mail,08868e96-c26b-4f5e-a056-4f0a26d499aa,1,2,586c37ca-712d-4060-afaa-9e159dab79d1,true,downloadableSrc,200,image/webp,47290,47290,0e9a07c38ab0f3f3a448438b7aac34a211e2706e0eee3ce0d78ef1259c30b1f1,1179,2676,,,bytescale.mobbin.com,f7a1807c1ac98ccf0eecf5078d61346ac9a94ca37a547f5708d580528c9e55c0,/Users/user/mobbin-sides/screen-flows/apple-mail/018-apple-mail-adding-a-sticker-1a8eb290-e26e-4b13-a8c9-99c4b9c027d0/002-586c37ca-712d-4060-afaa-9e159dab79d1-downloadableSrc-0e9a07c38ab0.webp
1a8eb290-e26e-4b13-a8c9-99c4b9c027d0,Adding a sticker,ad7ff07a-86f4-4126-b32e-dcd5a57e428b,Apple Mail,08868e96-c26b-4f5e-a056-4f0a26d499aa,2,3,27540080-935c-493a-8fb8-c5242e3dda32,true,downloadableSrc,200,image/webp,84226,84226,dbf82aa25e1eea9134b2d781fa9d25c0b0ed5201654327d1a300ee5bd91f4b64,1179,2676,,,bytescale.mobbin.com,f7a1807c1ac98ccf0eecf5078d61346ac9a94ca37a547f5708d580528c9e55c0,/Users/user/mobbin-sides/screen-flows/apple-mail/018-apple-mail-adding-a-sticker-1a8eb290-e26e-4b13-a8c9-99c4b9c027d0/003-27540080-935c-493a-8fb8-c5242e3dda32-downloadableSrc-dbf82aa25e1e.webp
1a8eb290-e26e-4b13-a8c9-99c4b9c027d0,Adding a sticker,ad7ff07a-86f4-4126-b32e-dcd5a57e428b,Apple Mail,08868e96-c26b-4f5e-a056-4f0a26d499aa,3,4,e7c9bbc0-e839-455e-8b4e-4ce2d30410b7,true,downloadableSrc,200,image/webp,46220,46220,4418c56251fc7ff02f0b23b5ce9071bee91bb4bc0c25f6f28b3d89bc08b4040a,1179,2676,,,bytescale.mobbin.com,f7a1807c1ac98ccf0eecf5078d61346ac9a94ca37a547f5708d580528c9e55c0,/Users/user/mobbin-sides/screen-flows/apple-mail/018-apple-mail-adding-a-sticker-1a8eb290-e26e-4b13-a8c9-99c4b9c027d0/004-e7c9bbc0-e839-455e-8b4e-4ce2d30410b7-downloadableSrc-4418c56251fc.webp
1a8eb290-e26e-4b13-a8c9-99c4b9c027d0,Adding a sticker,ad7ff07a-86f4-4126-b32e-dcd5a57e428b,Apple Mail,08868e96-c26b-4f5e-a056-4f0a26d499aa,4,5,f6cc5918-abc5-4100-8cf9-40eacc8377cf,true,downloadableSrc,200,image/webp,40950,40950,bf100f7572bf684d3520fe353802e03ac36806a39f6954fe7b23fc0ec032be1e,1179,2676,,,bytescale.mobbin.com,f7a1807c1ac98ccf0eecf5078d61346ac9a94ca37a547f5708d580528c9e55c0,/Users/user/mobbin-sides/screen-flows/apple-mail/018-apple-mail-adding-a-sticker-1a8eb290-e26e-4b13-a8c9-99c4b9c027d0/005-f6cc5918-abc5-4100-8cf9-40eacc8377cf-downloadableSrc-bf100f7572bf.webp
55e5f446-8fbf-4326-aff7-1faf2ad862d4,Adding text,ad7ff07a-86f4-4126-b32e-dcd5a57e428b,Apple Mail,08868e96-c26b-4f5e-a056-4f0a26d499aa,0,1,11bc7507-1b20-4fc7-b8ba-3ce9afa41e2d,true,downloadableSrc,200,image/webp,55494,55494,74f53c56c3a42b9ebe7eabbf8face4b6e6ce8c8b948c4ec511419c69cf328d7d,1179,2676,,,bytescale.mobbin.com,f7a1807c1ac98ccf0eecf5078d61346ac9a94ca37a547f5708d580528c9e55c0,/Users/user/mobbin-sides/screen-flows/apple-mail/019-apple-mail-adding-text-55e5f446-8fbf-4326-aff7-1faf2ad862d4/001-11bc7507-1b20-4fc7-b8ba-3ce9afa41e2d-downloadableSrc-74f53c56c3a4.webp
55e5f446-8fbf-4326-aff7-1faf2ad862d4,Adding text,ad7ff07a-86f4-4126-b32e-dcd5a57e428b,Apple Mail,08868e96-c26b-4f5e-a056-4f0a26d499aa,1,2,44088212-c6cf-4075-8391-17034c62d720,true,downloadableSrc,200,image/webp,43672,43672,b6c982110ac7febe980dbb106844f21068db8928bb9773dc74b5be6a86c7e351,1179,2676,,,bytescale.mobbin.com,f7a1807c1ac98ccf0eecf5078d61346ac9a94ca37a547f5708d580528c9e55c0,/Users/user/mobbin-sides/screen-flows/apple-mail/019-apple-mail-adding-text-55e5f446-8fbf-4326-aff7-1faf2ad862d4/002-44088212-c6cf-4075-8391-17034c62d720-downloadableSrc-b6c982110ac7.webp
55e5f446-8fbf-4326-aff7-1faf2ad862d4,Adding text,ad7ff07a-86f4-4126-b32e-dcd5a57e428b,Apple Mail,08868e96-c26b-4f5e-a056-4f0a26d499aa,2,3,b4b45fac-dfcf-4750-85e7-9b7afb5d1efc,true,downloadableSrc,200,image/webp,53578,53578,ba331abe775823392a655c4717bf83daac5893a33e398b138da443a3107d2497,1179,2676,,,bytescale.mobbin.com,f7a1807c1ac98ccf0eecf5078d61346ac9a94ca37a547f5708d580528c9e55c0,/Users/user/mobbin-sides/screen-flows/apple-mail/019-apple-mail-adding-text-55e5f446-8fbf-4326-aff7-1faf2ad862d4/003-b4b45fac-dfcf-4750-85e7-9b7afb5d1efc-downloadableSrc-ba331abe7758.webp
55e5f446-8fbf-4326-aff7-1faf2ad862d4,Adding text,ad7ff07a-86f4-4126-b32e-dcd5a57e428b,Apple Mail,08868e96-c26b-4f5e-a056-4f0a26d499aa,3,4,a91f3a27-21d8-4fc0-8d23-f9d6d1189dd7,true,downloadableSrc,200,image/webp,39950,39950,0489033d17f2e1406fc5163547e9b844dfbe68eb0276f917f39145dd775039fe,1179,2676,,,bytescale.mobbin.com,f7a1807c1ac98ccf0eecf5078d61346ac9a94ca37a547f5708d580528c9e55c0,/Users/user/mobbin-sides/screen-flows/apple-mail/019-apple-mail-adding-text-55e5f446-8fbf-4326-aff7-1faf2ad862d4/004-a91f3a27-21d8-4fc0-8d23-f9d6d1189dd7-downloadableSrc-0489033d17f2.webp
073b35ee-1296-4f45-8904-39bb084b259a,Adding a shape,ad7ff07a-86f4-4126-b32e-dcd5a57e428b,Apple Mail,08868e96-c26b-4f5e-a056-4f0a26d499aa,0,1,11bc7507-1b20-4fc7-b8ba-3ce9afa41e2d,true,downloadableSrc,200,image/webp,55494,55494,74f53c56c3a42b9ebe7eabbf8face4b6e6ce8c8b948c4ec511419c69cf328d7d,1179,2676,,,bytescale.mobbin.com,f7a1807c1ac98ccf0eecf5078d61346ac9a94ca37a547f5708d580528c9e55c0,/Users/user/mobbin-sides/screen-flows/apple-mail/020-apple-mail-adding-a-shape-073b35ee-1296-4f45-8904-39bb084b259a/001-11bc7507-1b20-4fc7-b8ba-3ce9afa41e2d-downloadableSrc-74f53c56c3a4.webp
073b35ee-1296-4f45-8904-39bb084b259a,Adding a shape,ad7ff07a-86f4-4126-b32e-dcd5a57e428b,Apple Mail,08868e96-c26b-4f5e-a056-4f0a26d499aa,1,2,33f87b7f-9fef-4d51-b3aa-cc876c5c79d0,true,downloadableSrc,200,image/webp,40584,40584,cf559c7f8305d1c2c243472cea48e09ba87f8915b94b1cf4c1127a789097b197,1179,2676,,,bytescale.mobbin.com,f7a1807c1ac98ccf0eecf5078d61346ac9a94ca37a547f5708d580528c9e55c0,/Users/user/mobbin-sides/screen-flows/apple-mail/020-apple-mail-adding-a-shape-073b35ee-1296-4f45-8904-39bb084b259a/002-33f87b7f-9fef-4d51-b3aa-cc876c5c79d0-downloadableSrc-cf559c7f8305.webp
073b35ee-1296-4f45-8904-39bb084b259a,Adding a shape,ad7ff07a-86f4-4126-b32e-dcd5a57e428b,Apple Mail,08868e96-c26b-4f5e-a056-4f0a26d499aa,2,3,2083e4cb-8da4-4bb3-879a-ad3e074ccf60,true,downloadableSrc,200,image/webp,48138,48138,18e3f8b11fc52bd84d1c8ffe480a63db596e6d61e968962b1c44993a900c124a,1179,2676,,,bytescale.mobbin.com,f7a1807c1ac98ccf0eecf5078d61346ac9a94ca37a547f5708d580528c9e55c0,/Users/user/mobbin-sides/screen-flows/apple-mail/020-apple-mail-adding-a-shape-073b35ee-1296-4f45-8904-39bb084b259a/003-2083e4cb-8da4-4bb3-879a-ad3e074ccf60-downloadableSrc-18e3f8b11fc5.webp
073b35ee-1296-4f45-8904-39bb084b259a,Adding a shape,ad7ff07a-86f4-4126-b32e-dcd5a57e428b,Apple Mail,08868e96-c26b-4f5e-a056-4f0a26d499aa,3,4,b341a768-7b73-4c49-8ddf-2fb6e6382075,true,downloadableSrc,200,image/webp,57370,57370,614eb4e9c337bea84a5a828b6489ee95912499d2c31d7e12970a5950cf2848fb,1179,2676,,,bytescale.mobbin.com,f7a1807c1ac98ccf0eecf5078d61346ac9a94ca37a547f5708d580528c9e55c0,/Users/user/mobbin-sides/screen-flows/apple-mail/020-apple-mail-adding-a-shape-073b35ee-1296-4f45-8904-39bb084b259a/004-b341a768-7b73-4c49-8ddf-2fb6e6382075-downloadableSrc-614eb4e9c337.webp
073b35ee-1296-4f45-8904-39bb084b259a,Adding a shape,ad7ff07a-86f4-4126-b32e-dcd5a57e428b,Apple Mail,08868e96-c26b-4f5e-a056-4f0a26d499aa,4,5,1a9ec4bf-f8ae-4a0d-a744-741c5be6eaed,true,downloadableSrc,200,image/webp,69622,69622,a91887bf25aa6fab902cd178a3566e65012dcc4838885635e61cce9391fa6924,1179,2676,,,bytescale.mobbin.com,f7a1807c1ac98ccf0eecf5078d61346ac9a94ca37a547f5708d580528c9e55c0,/Users/user/mobbin-sides/screen-flows/apple-mail/020-apple-mail-adding-a-shape-073b35ee-1296-4f45-8904-39bb084b259a/005-1a9ec4bf-f8ae-4a0d-a744-741c5be6eaed-downloadableSrc-a91887bf25aa.webp
073b35ee-1296-4f45-8904-39bb084b259a,Adding a shape,ad7ff07a-86f4-4126-b32e-dcd5a57e428b,Apple Mail,08868e96-c26b-4f5e-a056-4f0a26d499aa,5,6,a94089a6-5012-40f6-91d2-25dfe0667f34,true,downloadableSrc,200,image/webp,40356,40356,3ddaef261741ef02dca03cbc4ba24d3edfcb497077a4c58c743309b43ce5c77c,1179,2676,,,bytescale.mobbin.com,f7a1807c1ac98ccf0eecf5078d61346ac9a94ca37a547f5708d580528c9e55c0,/Users/user/mobbin-sides/screen-flows/apple-mail/020-apple-mail-adding-a-shape-073b35ee-1296-4f45-8904-39bb084b259a/006-a94089a6-5012-40f6-91d2-25dfe0667f34-downloadableSrc-3ddaef261741.webp
becfe95c-5f63-4aa2-8706-9bbe4d2a2d42,Adding a loupe,ad7ff07a-86f4-4126-b32e-dcd5a57e428b,Apple Mail,08868e96-c26b-4f5e-a056-4f0a26d499aa,0,1,11bc7507-1b20-4fc7-b8ba-3ce9afa41e2d,true,downloadableSrc,200,image/webp,55494,55494,74f53c56c3a42b9ebe7eabbf8face4b6e6ce8c8b948c4ec511419c69cf328d7d,1179,2676,,,bytescale.mobbin.com,f7a1807c1ac98ccf0eecf5078d61346ac9a94ca37a547f5708d580528c9e55c0,/Users/user/mobbin-sides/screen-flows/apple-mail/021-apple-mail-adding-a-loupe-becfe95c-5f63-4aa2-8706-9bbe4d2a2d42/001-11bc7507-1b20-4fc7-b8ba-3ce9afa41e2d-downloadableSrc-74f53c56c3a4.webp
becfe95c-5f63-4aa2-8706-9bbe4d2a2d42,Adding a loupe,ad7ff07a-86f4-4126-b32e-dcd5a57e428b,Apple Mail,08868e96-c26b-4f5e-a056-4f0a26d499aa,1,2,60f4cb8e-1689-43de-a73e-91404e4a5111,true,downloadableSrc,200,image/webp,60342,60342,598577d4e1b2ceb77a56ddcfc47047441bc532422a748335ea3eccb6f4543add,1179,2676,,,bytescale.mobbin.com,f7a1807c1ac98ccf0eecf5078d61346ac9a94ca37a547f5708d580528c9e55c0,/Users/user/mobbin-sides/screen-flows/apple-mail/021-apple-mail-adding-a-loupe-becfe95c-5f63-4aa2-8706-9bbe4d2a2d42/002-60f4cb8e-1689-43de-a73e-91404e4a5111-downloadableSrc-598577d4e1b2.webp
becfe95c-5f63-4aa2-8706-9bbe4d2a2d42,Adding a loupe,ad7ff07a-86f4-4126-b32e-dcd5a57e428b,Apple Mail,08868e96-c26b-4f5e-a056-4f0a26d499aa,2,3,0eae3cde-cfe9-4b24-ac9f-f00faf0bb29f,true,downloadableSrc,200,image/webp,42344,42344,cca07d72a11cac3c5f6eea973a75ffc8ee615bfe9cdaa1fac7845811e7f70746,1179,2676,,,bytescale.mobbin.com,f7a1807c1ac98ccf0eecf5078d61346ac9a94ca37a547f5708d580528c9e55c0,/Users/user/mobbin-sides/screen-flows/apple-mail/021-apple-mail-adding-a-loupe-becfe95c-5f63-4aa2-8706-9bbe4d2a2d42/003-0eae3cde-cfe9-4b24-ac9f-f00faf0bb29f-downloadableSrc-cca07d72a11c.webp
becfe95c-5f63-4aa2-8706-9bbe4d2a2d42,Adding a loupe,ad7ff07a-86f4-4126-b32e-dcd5a57e428b,Apple Mail,08868e96-c26b-4f5e-a056-4f0a26d499aa,3,4,07ef1e47-34fa-4549-a80e-43a7b50384af,true,downloadableSrc,200,image/webp,38670,38670,dd31a642ec71380ddcd6fbeeddb7f6db022f9a982cf29b2ebb18224ea95f79dd,1179,2676,,,bytescale.mobbin.com,f7a1807c1ac98ccf0eecf5078d61346ac9a94ca37a547f5708d580528c9e55c0,/Users/user/mobbin-sides/screen-flows/apple-mail/021-apple-mail-adding-a-loupe-becfe95c-5f63-4aa2-8706-9bbe4d2a2d42/004-07ef1e47-34fa-4549-a80e-43a7b50384af-downloadableSrc-dd31a642ec71.webp
bc76b037-cf03-4def-bd3b-076d33462133,Saving a draft,ad7ff07a-86f4-4126-b32e-dcd5a57e428b,Apple Mail,08868e96-c26b-4f5e-a056-4f0a26d499aa,0,1,9e0ba8e0-ea66-4d01-92e7-93f4460d9898,true,downloadableSrc,200,image/webp,49540,49540,e03c195051680658a6486a8745b7481ddd3c729192820ac566fad2a4b3b9f82d,1179,2676,,,bytescale.mobbin.com,f7a1807c1ac98ccf0eecf5078d61346ac9a94ca37a547f5708d580528c9e55c0,/Users/user/mobbin-sides/screen-flows/apple-mail/022-apple-mail-saving-a-draft-bc76b037-cf03-4def-bd3b-076d33462133/001-9e0ba8e0-ea66-4d01-92e7-93f4460d9898-downloadableSrc-e03c19505168.webp
bc76b037-cf03-4def-bd3b-076d33462133,Saving a draft,ad7ff07a-86f4-4126-b32e-dcd5a57e428b,Apple Mail,08868e96-c26b-4f5e-a056-4f0a26d499aa,1,2,5df6a1b6-86ce-424e-8597-dc95f59ff278,true,downloadableSrc,200,image/webp,52218,52218,72f64f7af7202a445dbc96d16d69e8b8bb4d322de644ca9075bed688df30fabd,1179,2676,,,bytescale.mobbin.com,f7a1807c1ac98ccf0eecf5078d61346ac9a94ca37a547f5708d580528c9e55c0,/Users/user/mobbin-sides/screen-flows/apple-mail/022-apple-mail-saving-a-draft-bc76b037-cf03-4def-bd3b-076d33462133/002-5df6a1b6-86ce-424e-8597-dc95f59ff278-downloadableSrc-72f64f7af720.webp
bc76b037-cf03-4def-bd3b-076d33462133,Saving a draft,ad7ff07a-86f4-4126-b32e-dcd5a57e428b,Apple Mail,08868e96-c26b-4f5e-a056-4f0a26d499aa,2,3,25a25ac3-c455-47d7-a5c6-8e2e1d1ae091,true,downloadableSrc,200,image/webp,37562,37562,620b30b2d3de94134af40d8ad164b330a6e7c7ef9ca746776c1e8be0e3b134fd,1179,2676,,,bytescale.mobbin.com,f7a1807c1ac98ccf0eecf5078d61346ac9a94ca37a547f5708d580528c9e55c0,/Users/user/mobbin-sides/screen-flows/apple-mail/022-apple-mail-saving-a-draft-bc76b037-cf03-4def-bd3b-076d33462133/003-25a25ac3-c455-47d7-a5c6-8e2e1d1ae091-downloadableSrc-620b30b2d3de.webp
15cdbd30-4f59-4455-b498-c0adbaf77f62,View drafts,ad7ff07a-86f4-4126-b32e-dcd5a57e428b,Apple Mail,08868e96-c26b-4f5e-a056-4f0a26d499aa,0,1,25a25ac3-c455-47d7-a5c6-8e2e1d1ae091,true,downloadableSrc,200,image/webp,37562,37562,620b30b2d3de94134af40d8ad164b330a6e7c7ef9ca746776c1e8be0e3b134fd,1179,2676,,,bytescale.mobbin.com,f7a1807c1ac98ccf0eecf5078d61346ac9a94ca37a547f5708d580528c9e55c0,/Users/user/mobbin-sides/screen-flows/apple-mail/023-apple-mail-view-drafts-15cdbd30-4f59-4455-b498-c0adbaf77f62/001-25a25ac3-c455-47d7-a5c6-8e2e1d1ae091-downloadableSrc-620b30b2d3de.webp
15cdbd30-4f59-4455-b498-c0adbaf77f62,View drafts,ad7ff07a-86f4-4126-b32e-dcd5a57e428b,Apple Mail,08868e96-c26b-4f5e-a056-4f0a26d499aa,1,2,f0631283-af3a-462c-91da-98bfdd9a0c80,true,downloadableSrc,200,image/webp,74820,74820,b54510301950fc34390803757f3c3d049f1eede7dd65f99fb89501fdb1e7819f,1179,2676,,,bytescale.mobbin.com,f7a1807c1ac98ccf0eecf5078d61346ac9a94ca37a547f5708d580528c9e55c0,/Users/user/mobbin-sides/screen-flows/apple-mail/023-apple-mail-view-drafts-15cdbd30-4f59-4455-b498-c0adbaf77f62/002-f0631283-af3a-462c-91da-98bfdd9a0c80-downloadableSrc-b54510301950.webp
df083e72-2a58-4983-ad55-24a6d8e3975c,Flagging an email,ad7ff07a-86f4-4126-b32e-dcd5a57e428b,Apple Mail,08868e96-c26b-4f5e-a056-4f0a26d499aa,0,1,29577d38-adb0-43cd-8d37-c6792146fc2f,true,downloadableSrc,200,image/webp,118716,118716,76cd92ffa9c746c633451a677a1ff86b8a94aee0ff0c5b12fcef7bbf1e75cb8b,1179,2676,,,bytescale.mobbin.com,f7a1807c1ac98ccf0eecf5078d61346ac9a94ca37a547f5708d580528c9e55c0,/Users/user/mobbin-sides/screen-flows/apple-mail/024-apple-mail-flagging-an-email-df083e72-2a58-4983-ad55-24a6d8e3975c/001-29577d38-adb0-43cd-8d37-c6792146fc2f-downloadableSrc-76cd92ffa9c7.webp
df083e72-2a58-4983-ad55-24a6d8e3975c,Flagging an email,ad7ff07a-86f4-4126-b32e-dcd5a57e428b,Apple Mail,08868e96-c26b-4f5e-a056-4f0a26d499aa,1,2,2c9ff55a-d2b8-4eea-aeb8-a8c4f8882dbc,true,downloadableSrc,200,image/webp,117386,117386,381c5b9d8a525fde61aa04406784bbb6f8245e1b469cc55057b11b5cbea6f8f4,1180,2676,,,bytescale.mobbin.com,f7a1807c1ac98ccf0eecf5078d61346ac9a94ca37a547f5708d580528c9e55c0,/Users/user/mobbin-sides/screen-flows/apple-mail/024-apple-mail-flagging-an-email-df083e72-2a58-4983-ad55-24a6d8e3975c/002-2c9ff55a-d2b8-4eea-aeb8-a8c4f8882dbc-downloadableSrc-381c5b9d8a52.webp
df083e72-2a58-4983-ad55-24a6d8e3975c,Flagging an email,ad7ff07a-86f4-4126-b32e-dcd5a57e428b,Apple Mail,08868e96-c26b-4f5e-a056-4f0a26d499aa,2,3,775a4cf0-9d52-40fa-85c7-97367ee1590f,true,downloadableSrc,200,image/webp,119630,119630,a6ce8ec03dfa28fcbdaeba1d36dba583bbc5f2370acb491a5d961d8ce6f2536a,1180,2676,,,bytescale.mobbin.com,f7a1807c1ac98ccf0eecf5078d61346ac9a94ca37a547f5708d580528c9e55c0,/Users/user/mobbin-sides/screen-flows/apple-mail/024-apple-mail-flagging-an-email-df083e72-2a58-4983-ad55-24a6d8e3975c/003-775a4cf0-9d52-40fa-85c7-97367ee1590f-downloadableSrc-a6ce8ec03dfa.webp
530c9241-90c9-4b05-a16e-9a7f2f47d0ee,Archiving an email,ad7ff07a-86f4-4126-b32e-dcd5a57e428b,Apple Mail,08868e96-c26b-4f5e-a056-4f0a26d499aa,0,1,2c9ff55a-d2b8-4eea-aeb8-a8c4f8882dbc,true,downloadableSrc,200,image/webp,117386,117386,381c5b9d8a525fde61aa04406784bbb6f8245e1b469cc55057b11b5cbea6f8f4,1180,2676,,,bytescale.mobbin.com,f7a1807c1ac98ccf0eecf5078d61346ac9a94ca37a547f5708d580528c9e55c0,/Users/user/mobbin-sides/screen-flows/apple-mail/025-apple-mail-archiving-an-email-530c9241-90c9-4b05-a16e-9a7f2f47d0ee/001-2c9ff55a-d2b8-4eea-aeb8-a8c4f8882dbc-downloadableSrc-381c5b9d8a52.webp
530c9241-90c9-4b05-a16e-9a7f2f47d0ee,Archiving an email,ad7ff07a-86f4-4126-b32e-dcd5a57e428b,Apple Mail,08868e96-c26b-4f5e-a056-4f0a26d499aa,1,2,3aeb4576-44a4-489a-933c-74143978b398,true,downloadableSrc,200,image/webp,125920,125920,2da16d9d5537b5214ca5049abae6f32ce46a04fa3f8d8ab8ceca22e806f77117,1180,2676,,,bytescale.mobbin.com,f7a1807c1ac98ccf0eecf5078d61346ac9a94ca37a547f5708d580528c9e55c0,/Users/user/mobbin-sides/screen-flows/apple-mail/025-apple-mail-archiving-an-email-530c9241-90c9-4b05-a16e-9a7f2f47d0ee/002-3aeb4576-44a4-489a-933c-74143978b398-downloadableSrc-2da16d9d5537.webp
62751329-3971-477e-8787-d526026f85a8,Email detail,ad7ff07a-86f4-4126-b32e-dcd5a57e428b,Apple Mail,08868e96-c26b-4f5e-a056-4f0a26d499aa,0,1,29577d38-adb0-43cd-8d37-c6792146fc2f,true,downloadableSrc,200,image/webp,118716,118716,76cd92ffa9c746c633451a677a1ff86b8a94aee0ff0c5b12fcef7bbf1e75cb8b,1179,2676,,,bytescale.mobbin.com,f7a1807c1ac98ccf0eecf5078d61346ac9a94ca37a547f5708d580528c9e55c0,/Users/user/mobbin-sides/screen-flows/apple-mail/026-apple-mail-email-detail-62751329-3971-477e-8787-d526026f85a8/001-29577d38-adb0-43cd-8d37-c6792146fc2f-downloadableSrc-76cd92ffa9c7.webp
62751329-3971-477e-8787-d526026f85a8,Email detail,ad7ff07a-86f4-4126-b32e-dcd5a57e428b,Apple Mail,08868e96-c26b-4f5e-a056-4f0a26d499aa,1,2,173573f7-9203-4ded-bf93-a716b9ee8b94,true,downloadableSrc,200,image/webp,108310,108310,f772b301b77d8a1ddf3f97f6bdf500dbabd4430dd72631af41cdc43e05ea1b6b,1179,2676,,,bytescale.mobbin.com,f7a1807c1ac98ccf0eecf5078d61346ac9a94ca37a547f5708d580528c9e55c0,/Users/user/mobbin-sides/screen-flows/apple-mail/026-apple-mail-email-detail-62751329-3971-477e-8787-d526026f85a8/002-173573f7-9203-4ded-bf93-a716b9ee8b94-downloadableSrc-f772b301b77d.webp
62751329-3971-477e-8787-d526026f85a8,Email detail,ad7ff07a-86f4-4126-b32e-dcd5a57e428b,Apple Mail,08868e96-c26b-4f5e-a056-4f0a26d499aa,2,3,910edd03-1c92-4ce7-aebb-d78579105ee2,true,downloadableSrc,200,image/webp,222404,222404,708ff2029c365555e5df1fb9ace45489e12bb3218d4705abb9d6c7ffb647613d,1179,2676,,,bytescale.mobbin.com,f7a1807c1ac98ccf0eecf5078d61346ac9a94ca37a547f5708d580528c9e55c0,/Users/user/mobbin-sides/screen-flows/apple-mail/026-apple-mail-email-detail-62751329-3971-477e-8787-d526026f85a8/003-910edd03-1c92-4ce7-aebb-d78579105ee2-downloadableSrc-708ff2029c36.webp
62751329-3971-477e-8787-d526026f85a8,Email detail,ad7ff07a-86f4-4126-b32e-dcd5a57e428b,Apple Mail,08868e96-c26b-4f5e-a056-4f0a26d499aa,3,4,5ed933e7-298a-4a74-8c19-2b38433b9237,true,downloadableSrc,200,image/webp,120594,120594,0842da9c2acf10fa7a9a4e314a68883f3bc516640cfdeb7780b525c63ee66b21,1179,2676,,,bytescale.mobbin.com,f7a1807c1ac98ccf0eecf5078d61346ac9a94ca37a547f5708d580528c9e55c0,/Users/user/mobbin-sides/screen-flows/apple-mail/026-apple-mail-email-detail-62751329-3971-477e-8787-d526026f85a8/004-5ed933e7-298a-4a74-8c19-2b38433b9237-downloadableSrc-0842da9c2acf.webp
62751329-3971-477e-8787-d526026f85a8,Email detail,ad7ff07a-86f4-4126-b32e-dcd5a57e428b,Apple Mail,08868e96-c26b-4f5e-a056-4f0a26d499aa,4,5,18f7ba18-4f97-4955-9153-2ef33b4f79b6,true,downloadableSrc,200,image/webp,116926,116926,4c8c514c2da1b2a9cd1ebeb8a6462f928f874a400c2f31dbdb38175a64bd8154,1179,2676,,,bytescale.mobbin.com,f7a1807c1ac98ccf0eecf5078d61346ac9a94ca37a547f5708d580528c9e55c0,/Users/user/mobbin-sides/screen-flows/apple-mail/026-apple-mail-email-detail-62751329-3971-477e-8787-d526026f85a8/005-18f7ba18-4f97-4955-9153-2ef33b4f79b6-downloadableSrc-4c8c514c2da1.webp
fa9c74de-d7bc-4f2c-85aa-c02040ea1bc4,Replying to an email,ad7ff07a-86f4-4126-b32e-dcd5a57e428b,Apple Mail,08868e96-c26b-4f5e-a056-4f0a26d499aa,0,1,173573f7-9203-4ded-bf93-a716b9ee8b94,true,downloadableSrc,200,image/webp,108310,108310,f772b301b77d8a1ddf3f97f6bdf500dbabd4430dd72631af41cdc43e05ea1b6b,1179,2676,,,bytescale.mobbin.com,f7a1807c1ac98ccf0eecf5078d61346ac9a94ca37a547f5708d580528c9e55c0,/Users/user/mobbin-sides/screen-flows/apple-mail/027-apple-mail-replying-to-an-email-fa9c74de-d7bc-4f2c-85aa-c02040ea1bc4/001-173573f7-9203-4ded-bf93-a716b9ee8b94-downloadableSrc-f772b301b77d.webp
fa9c74de-d7bc-4f2c-85aa-c02040ea1bc4,Replying to an email,ad7ff07a-86f4-4126-b32e-dcd5a57e428b,Apple Mail,08868e96-c26b-4f5e-a056-4f0a26d499aa,1,2,6a023197-3064-4e57-9738-f503a0ba8a97,true,downloadableSrc,200,image/webp,77854,77854,10412b1a0e4c7379d36cb8249f032133a981851c661797e81c9e2b24d867ca72,1180,2676,,,bytescale.mobbin.com,f7a1807c1ac98ccf0eecf5078d61346ac9a94ca37a547f5708d580528c9e55c0,/Users/user/mobbin-sides/screen-flows/apple-mail/027-apple-mail-replying-to-an-email-fa9c74de-d7bc-4f2c-85aa-c02040ea1bc4/002-6a023197-3064-4e57-9738-f503a0ba8a97-downloadableSrc-10412b1a0e4c.webp
fa9c74de-d7bc-4f2c-85aa-c02040ea1bc4,Replying to an email,ad7ff07a-86f4-4126-b32e-dcd5a57e428b,Apple Mail,08868e96-c26b-4f5e-a056-4f0a26d499aa,2,3,5962adc6-a366-4959-90da-b2f25b4c9daf,true,downloadableSrc,200,image/webp,59806,59806,7132f15995855b7513d13d1133d7cbbd96ee44aa8d46941d4e5ccfaa42ce6fa9,1180,2676,,,bytescale.mobbin.com,f7a1807c1ac98ccf0eecf5078d61346ac9a94ca37a547f5708d580528c9e55c0,/Users/user/mobbin-sides/screen-flows/apple-mail/027-apple-mail-replying-to-an-email-fa9c74de-d7bc-4f2c-85aa-c02040ea1bc4/003-5962adc6-a366-4959-90da-b2f25b4c9daf-downloadableSrc-7132f1599585.webp
fa9c74de-d7bc-4f2c-85aa-c02040ea1bc4,Replying to an email,ad7ff07a-86f4-4126-b32e-dcd5a57e428b,Apple Mail,08868e96-c26b-4f5e-a056-4f0a26d499aa,3,4,895b698c-bef8-4f2e-ac2e-52a44e87304a,true,downloadableSrc,200,image/webp,82042,82042,ef4d895331874f56509edee8f41a6754736981f8268fd24c0bee9f16738d6a9d,1180,2676,,,bytescale.mobbin.com,f7a1807c1ac98ccf0eecf5078d61346ac9a94ca37a547f5708d580528c9e55c0,/Users/user/mobbin-sides/screen-flows/apple-mail/027-apple-mail-replying-to-an-email-fa9c74de-d7bc-4f2c-85aa-c02040ea1bc4/004-895b698c-bef8-4f2e-ac2e-52a44e87304a-downloadableSrc-ef4d89533187.webp
fa9c74de-d7bc-4f2c-85aa-c02040ea1bc4,Replying to an email,ad7ff07a-86f4-4126-b32e-dcd5a57e428b,Apple Mail,08868e96-c26b-4f5e-a056-4f0a26d499aa,4,5,3d5927f2-dac4-44d5-b51d-a701a7e574bb,true,downloadableSrc,200,image/webp,83434,83434,9688351f2eedadb6252d32ebec67de4d7af4274aa0d9293e0e16536ee7f17ec7,1180,2676,,,bytescale.mobbin.com,f7a1807c1ac98ccf0eecf5078d61346ac9a94ca37a547f5708d580528c9e55c0,/Users/user/mobbin-sides/screen-flows/apple-mail/027-apple-mail-replying-to-an-email-fa9c74de-d7bc-4f2c-85aa-c02040ea1bc4/005-3d5927f2-dac4-44d5-b51d-a701a7e574bb-downloadableSrc-9688351f2eed.webp
fa9c74de-d7bc-4f2c-85aa-c02040ea1bc4,Replying to an email,ad7ff07a-86f4-4126-b32e-dcd5a57e428b,Apple Mail,08868e96-c26b-4f5e-a056-4f0a26d499aa,5,6,523cc9d8-8627-4ca4-9fc0-8010e11dbfd1,true,downloadableSrc,200,image/webp,72842,72842,f2f108658c076d92758ba1108c0581e1a3fa77aa89b90b7d7a874b20ff177f74,1180,2676,,,bytescale.mobbin.com,f7a1807c1ac98ccf0eecf5078d61346ac9a94ca37a547f5708d580528c9e55c0,/Users/user/mobbin-sides/screen-flows/apple-mail/027-apple-mail-replying-to-an-email-fa9c74de-d7bc-4f2c-85aa-c02040ea1bc4/006-523cc9d8-8627-4ca4-9fc0-8010e11dbfd1-downloadableSrc-f2f108658c07.webp
d7f7655c-a199-4155-8927-42cae6818c3b,Moving an email,ad7ff07a-86f4-4126-b32e-dcd5a57e428b,Apple Mail,08868e96-c26b-4f5e-a056-4f0a26d499aa,0,1,5962adc6-a366-4959-90da-b2f25b4c9daf,true,downloadableSrc,200,image/webp,59806,59806,7132f15995855b7513d13d1133d7cbbd96ee44aa8d46941d4e5ccfaa42ce6fa9,1180,2676,,,bytescale.mobbin.com,f7a1807c1ac98ccf0eecf5078d61346ac9a94ca37a547f5708d580528c9e55c0,/Users/user/mobbin-sides/screen-flows/apple-mail/028-apple-mail-moving-an-email-d7f7655c-a199-4155-8927-42cae6818c3b/001-5962adc6-a366-4959-90da-b2f25b4c9daf-downloadableSrc-7132f1599585.webp
d7f7655c-a199-4155-8927-42cae6818c3b,Moving an email,ad7ff07a-86f4-4126-b32e-dcd5a57e428b,Apple Mail,08868e96-c26b-4f5e-a056-4f0a26d499aa,1,2,8cd0c3e3-3ab9-483a-9fc2-ad82faf632fc,true,downloadableSrc,200,image/webp,64276,64276,18ea2a0eca6800f4c8cad1400b30ce85ef1702ff30046db4123b934caa4de242,1180,2676,,,bytescale.mobbin.com,f7a1807c1ac98ccf0eecf5078d61346ac9a94ca37a547f5708d580528c9e55c0,/Users/user/mobbin-sides/screen-flows/apple-mail/028-apple-mail-moving-an-email-d7f7655c-a199-4155-8927-42cae6818c3b/002-8cd0c3e3-3ab9-483a-9fc2-ad82faf632fc-downloadableSrc-18ea2a0eca68.webp
d7f7655c-a199-4155-8927-42cae6818c3b,Moving an email,ad7ff07a-86f4-4126-b32e-dcd5a57e428b,Apple Mail,08868e96-c26b-4f5e-a056-4f0a26d499aa,2,3,173573f7-9203-4ded-bf93-a716b9ee8b94,true,downloadableSrc,200,image/webp,108310,108310,f772b301b77d8a1ddf3f97f6bdf500dbabd4430dd72631af41cdc43e05ea1b6b,1179,2676,,,bytescale.mobbin.com,f7a1807c1ac98ccf0eecf5078d61346ac9a94ca37a547f5708d580528c9e55c0,/Users/user/mobbin-sides/screen-flows/apple-mail/028-apple-mail-moving-an-email-d7f7655c-a199-4155-8927-42cae6818c3b/003-173573f7-9203-4ded-bf93-a716b9ee8b94-downloadableSrc-f772b301b77d.webp
867fb893-607c-4d2e-bb9d-e78202fd7498,Categorizing a sender,ad7ff07a-86f4-4126-b32e-dcd5a57e428b,Apple Mail,08868e96-c26b-4f5e-a056-4f0a26d499aa,0,1,5962adc6-a366-4959-90da-b2f25b4c9daf,true,downloadableSrc,200,image/webp,59806,59806,7132f15995855b7513d13d1133d7cbbd96ee44aa8d46941d4e5ccfaa42ce6fa9,1180,2676,,,bytescale.mobbin.com,f7a1807c1ac98ccf0eecf5078d61346ac9a94ca37a547f5708d580528c9e55c0,/Users/user/mobbin-sides/screen-flows/apple-mail/029-apple-mail-categorizing-a-sender-867fb893-607c-4d2e-bb9d-e78202fd7498/001-5962adc6-a366-4959-90da-b2f25b4c9daf-downloadableSrc-7132f1599585.webp
867fb893-607c-4d2e-bb9d-e78202fd7498,Categorizing a sender,ad7ff07a-86f4-4126-b32e-dcd5a57e428b,Apple Mail,08868e96-c26b-4f5e-a056-4f0a26d499aa,1,2,ea44c8d7-46c0-45e9-8bb3-f64497c0a82b,true,downloadableSrc,200,image/webp,77054,77054,a9d3c51f5a3d6ac62c10f919aa548100571b9bc26fe7d4d67e9ef1c08487d1a5,1180,2676,,,bytescale.mobbin.com,f7a1807c1ac98ccf0eecf5078d61346ac9a94ca37a547f5708d580528c9e55c0,/Users/user/mobbin-sides/screen-flows/apple-mail/029-apple-mail-categorizing-a-sender-867fb893-607c-4d2e-bb9d-e78202fd7498/002-ea44c8d7-46c0-45e9-8bb3-f64497c0a82b-downloadableSrc-a9d3c51f5a3d.webp
867fb893-607c-4d2e-bb9d-e78202fd7498,Categorizing a sender,ad7ff07a-86f4-4126-b32e-dcd5a57e428b,Apple Mail,08868e96-c26b-4f5e-a056-4f0a26d499aa,2,3,d55ecd6a-72f0-4ddb-bd8f-b3869a000582,true,downloadableSrc,200,image/webp,76518,76518,e169dc11a7661ff29ae201008ee4699088ca4d14220f6a4d47845e4c535f1819,1180,2676,,,bytescale.mobbin.com,f7a1807c1ac98ccf0eecf5078d61346ac9a94ca37a547f5708d580528c9e55c0,/Users/user/mobbin-sides/screen-flows/apple-mail/029-apple-mail-categorizing-a-sender-867fb893-607c-4d2e-bb9d-e78202fd7498/003-d55ecd6a-72f0-4ddb-bd8f-b3869a000582-downloadableSrc-e169dc11a766.webp
867fb893-607c-4d2e-bb9d-e78202fd7498,Categorizing a sender,ad7ff07a-86f4-4126-b32e-dcd5a57e428b,Apple Mail,08868e96-c26b-4f5e-a056-4f0a26d499aa,3,4,173573f7-9203-4ded-bf93-a716b9ee8b94,true,downloadableSrc,200,image/webp,108310,108310,f772b301b77d8a1ddf3f97f6bdf500dbabd4430dd72631af41cdc43e05ea1b6b,1179,2676,,,bytescale.mobbin.com,f7a1807c1ac98ccf0eecf5078d61346ac9a94ca37a547f5708d580528c9e55c0,/Users/user/mobbin-sides/screen-flows/apple-mail/029-apple-mail-categorizing-a-sender-867fb893-607c-4d2e-bb9d-e78202fd7498/004-173573f7-9203-4ded-bf93-a716b9ee8b94-downloadableSrc-f772b301b77d.webp
bf60c6b4-717d-466a-b615-e88ea69f0a90,Muting a sender,ad7ff07a-86f4-4126-b32e-dcd5a57e428b,Apple Mail,08868e96-c26b-4f5e-a056-4f0a26d499aa,0,1,5962adc6-a366-4959-90da-b2f25b4c9daf,true,downloadableSrc,200,image/webp,59806,59806,7132f15995855b7513d13d1133d7cbbd96ee44aa8d46941d4e5ccfaa42ce6fa9,1180,2676,,,bytescale.mobbin.com,f7a1807c1ac98ccf0eecf5078d61346ac9a94ca37a547f5708d580528c9e55c0,/Users/user/mobbin-sides/screen-flows/apple-mail/030-apple-mail-muting-a-sender-bf60c6b4-717d-466a-b615-e88ea69f0a90/001-5962adc6-a366-4959-90da-b2f25b4c9daf-downloadableSrc-7132f1599585.webp
bf60c6b4-717d-466a-b615-e88ea69f0a90,Muting a sender,ad7ff07a-86f4-4126-b32e-dcd5a57e428b,Apple Mail,08868e96-c26b-4f5e-a056-4f0a26d499aa,1,2,595d948c-51f6-4374-9ac5-b74ac9961bad,true,downloadableSrc,200,image/webp,88272,88272,140e790e260f8efac29679779a3f471bbd0e06934bff9252b9dd16b65d148af3,1180,2676,,,bytescale.mobbin.com,f7a1807c1ac98ccf0eecf5078d61346ac9a94ca37a547f5708d580528c9e55c0,/Users/user/mobbin-sides/screen-flows/apple-mail/030-apple-mail-muting-a-sender-bf60c6b4-717d-466a-b615-e88ea69f0a90/002-595d948c-51f6-4374-9ac5-b74ac9961bad-downloadableSrc-140e790e260f.webp
d8467d62-3404-413b-835d-4ff0d6220ee6,Print email,ad7ff07a-86f4-4126-b32e-dcd5a57e428b,Apple Mail,08868e96-c26b-4f5e-a056-4f0a26d499aa,0,1,5962adc6-a366-4959-90da-b2f25b4c9daf,true,downloadableSrc,200,image/webp,59806,59806,7132f15995855b7513d13d1133d7cbbd96ee44aa8d46941d4e5ccfaa42ce6fa9,1180,2676,,,bytescale.mobbin.com,f7a1807c1ac98ccf0eecf5078d61346ac9a94ca37a547f5708d580528c9e55c0,/Users/user/mobbin-sides/screen-flows/apple-mail/031-apple-mail-print-email-d8467d62-3404-413b-835d-4ff0d6220ee6/001-5962adc6-a366-4959-90da-b2f25b4c9daf-downloadableSrc-7132f1599585.webp
d8467d62-3404-413b-835d-4ff0d6220ee6,Print email,ad7ff07a-86f4-4126-b32e-dcd5a57e428b,Apple Mail,08868e96-c26b-4f5e-a056-4f0a26d499aa,1,2,f632ea41-2167-4bb3-9538-096e5f7e2b74,true,downloadableSrc,200,image/webp,76644,76644,1c77ee90dad87dceb117526bf41c31f30576fc8db975cdbdd3e5775770594203,1180,2676,,,bytescale.mobbin.com,f7a1807c1ac98ccf0eecf5078d61346ac9a94ca37a547f5708d580528c9e55c0,/Users/user/mobbin-sides/screen-flows/apple-mail/031-apple-mail-print-email-d8467d62-3404-413b-835d-4ff0d6220ee6/002-f632ea41-2167-4bb3-9538-096e5f7e2b74-downloadableSrc-1c77ee90dad8.webp
9f4b5417-6ca3-4377-8fc2-5445fd2bebf8,Blocking a contact,ad7ff07a-86f4-4126-b32e-dcd5a57e428b,Apple Mail,08868e96-c26b-4f5e-a056-4f0a26d499aa,0,1,5962adc6-a366-4959-90da-b2f25b4c9daf,true,downloadableSrc,200,image/webp,59806,59806,7132f15995855b7513d13d1133d7cbbd96ee44aa8d46941d4e5ccfaa42ce6fa9,1180,2676,,,bytescale.mobbin.com,f7a1807c1ac98ccf0eecf5078d61346ac9a94ca37a547f5708d580528c9e55c0,/Users/user/mobbin-sides/screen-flows/apple-mail/032-apple-mail-blocking-a-contact-9f4b5417-6ca3-4377-8fc2-5445fd2bebf8/001-5962adc6-a366-4959-90da-b2f25b4c9daf-downloadableSrc-7132f1599585.webp
9f4b5417-6ca3-4377-8fc2-5445fd2bebf8,Blocking a contact,ad7ff07a-86f4-4126-b32e-dcd5a57e428b,Apple Mail,08868e96-c26b-4f5e-a056-4f0a26d499aa,1,2,f227f840-d6ae-474b-8a94-b5fae6d9c199,true,downloadableSrc,200,image/webp,52566,52566,0e61d468410a142ca9755be0c181f4e254908847745749ea37e27bdc9079b049,1179,2676,,,bytescale.mobbin.com,f7a1807c1ac98ccf0eecf5078d61346ac9a94ca37a547f5708d580528c9e55c0,/Users/user/mobbin-sides/screen-flows/apple-mail/032-apple-mail-blocking-a-contact-9f4b5417-6ca3-4377-8fc2-5445fd2bebf8/002-f227f840-d6ae-474b-8a94-b5fae6d9c199-downloadableSrc-0e61d468410a.webp
9f4b5417-6ca3-4377-8fc2-5445fd2bebf8,Blocking a contact,ad7ff07a-86f4-4126-b32e-dcd5a57e428b,Apple Mail,08868e96-c26b-4f5e-a056-4f0a26d499aa,2,3,f56bae14-8ba2-4c56-ae41-061475a9357f,true,downloadableSrc,200,image/webp,95398,95398,c8cf41403fabdec3b7519bffc421ab34276d15f0172b5a35a1b2c9aa9947c0df,1180,2676,,,bytescale.mobbin.com,f7a1807c1ac98ccf0eecf5078d61346ac9a94ca37a547f5708d580528c9e55c0,/Users/user/mobbin-sides/screen-flows/apple-mail/032-apple-mail-blocking-a-contact-9f4b5417-6ca3-4377-8fc2-5445fd2bebf8/003-f56bae14-8ba2-4c56-ae41-061475a9357f-downloadableSrc-c8cf41403fab.webp
9f4b5417-6ca3-4377-8fc2-5445fd2bebf8,Blocking a contact,ad7ff07a-86f4-4126-b32e-dcd5a57e428b,Apple Mail,08868e96-c26b-4f5e-a056-4f0a26d499aa,3,4,8b06f66d-8183-49a3-aff1-6746f61597e8,true,downloadableSrc,200,image/webp,81572,81572,63a6cf1bd3cb00331f4f369db605aeb9ab65db92401cee4cd9ed3ff3c6f2dafe,1180,2676,,,bytescale.mobbin.com,f7a1807c1ac98ccf0eecf5078d61346ac9a94ca37a547f5708d580528c9e55c0,/Users/user/mobbin-sides/screen-flows/apple-mail/032-apple-mail-blocking-a-contact-9f4b5417-6ca3-4377-8fc2-5445fd2bebf8/004-8b06f66d-8183-49a3-aff1-6746f61597e8-downloadableSrc-63a6cf1bd3cb.webp
66a4bbcb-e6ad-49ca-9302-bd5ec1a371b3,Marking an email as unread,ad7ff07a-86f4-4126-b32e-dcd5a57e428b,Apple Mail,08868e96-c26b-4f5e-a056-4f0a26d499aa,0,1,173573f7-9203-4ded-bf93-a716b9ee8b94,true,downloadableSrc,200,image/webp,108310,108310,f772b301b77d8a1ddf3f97f6bdf500dbabd4430dd72631af41cdc43e05ea1b6b,1179,2676,,,bytescale.mobbin.com,f7a1807c1ac98ccf0eecf5078d61346ac9a94ca37a547f5708d580528c9e55c0,/Users/user/mobbin-sides/screen-flows/apple-mail/033-apple-mail-marking-an-email-as-unread-66a4bbcb-e6ad-49ca-9302-bd5ec1a371b3/001-173573f7-9203-4ded-bf93-a716b9ee8b94-downloadableSrc-f772b301b77d.webp
66a4bbcb-e6ad-49ca-9302-bd5ec1a371b3,Marking an email as unread,ad7ff07a-86f4-4126-b32e-dcd5a57e428b,Apple Mail,08868e96-c26b-4f5e-a056-4f0a26d499aa,1,2,96205938-97cb-4526-a2a3-cafe6843f33a,true,downloadableSrc,200,image/webp,88998,88998,01b17c68fa1bce690a2a1c76dd19bc4b8420b5b91af26f6d6c232f996bc633aa,1179,2676,,,bytescale.mobbin.com,f7a1807c1ac98ccf0eecf5078d61346ac9a94ca37a547f5708d580528c9e55c0,/Users/user/mobbin-sides/screen-flows/apple-mail/033-apple-mail-marking-an-email-as-unread-66a4bbcb-e6ad-49ca-9302-bd5ec1a371b3/002-96205938-97cb-4526-a2a3-cafe6843f33a-downloadableSrc-01b17c68fa1b.webp
66a4bbcb-e6ad-49ca-9302-bd5ec1a371b3,Marking an email as unread,ad7ff07a-86f4-4126-b32e-dcd5a57e428b,Apple Mail,08868e96-c26b-4f5e-a056-4f0a26d499aa,2,3,c10d3bfc-57e6-41f4-9318-c343cff20012,true,downloadableSrc,200,image/webp,88646,88646,ce2918b9cbb02c5357b46fc53f341ffe895fc8137e8357f8744ef8038615d807,1179,2676,,,bytescale.mobbin.com,f7a1807c1ac98ccf0eecf5078d61346ac9a94ca37a547f5708d580528c9e55c0,/Users/user/mobbin-sides/screen-flows/apple-mail/033-apple-mail-marking-an-email-as-unread-66a4bbcb-e6ad-49ca-9302-bd5ec1a371b3/003-c10d3bfc-57e6-41f4-9318-c343cff20012-downloadableSrc-ce2918b9cbb0.webp
262e7e7a-6656-40ea-981e-76f2b60562ac,Unsubscribing from a mailing list,ad7ff07a-86f4-4126-b32e-dcd5a57e428b,Apple Mail,08868e96-c26b-4f5e-a056-4f0a26d499aa,0,1,173573f7-9203-4ded-bf93-a716b9ee8b94,true,downloadableSrc,200,image/webp,108310,108310,f772b301b77d8a1ddf3f97f6bdf500dbabd4430dd72631af41cdc43e05ea1b6b,1179,2676,,,bytescale.mobbin.com,f7a1807c1ac98ccf0eecf5078d61346ac9a94ca37a547f5708d580528c9e55c0,/Users/user/mobbin-sides/screen-flows/apple-mail/034-apple-mail-unsubscribing-from-a-mailing-list-262e7e7a-6656-40ea-981e-76f2b60562ac/001-173573f7-9203-4ded-bf93-a716b9ee8b94-downloadableSrc-f772b301b77d.webp
262e7e7a-6656-40ea-981e-76f2b60562ac,Unsubscribing from a mailing list,ad7ff07a-86f4-4126-b32e-dcd5a57e428b,Apple Mail,08868e96-c26b-4f5e-a056-4f0a26d499aa,1,2,b6d167f2-f43b-4866-b66b-f5e4ec821757,true,downloadableSrc,200,image/webp,91184,91184,ebde620fe7bded887ac8eae1abe2c791c8b81636fa7252faa7b569b9794b5b5c,1180,2676,,,bytescale.mobbin.com,f7a1807c1ac98ccf0eecf5078d61346ac9a94ca37a547f5708d580528c9e55c0,/Users/user/mobbin-sides/screen-flows/apple-mail/034-apple-mail-unsubscribing-from-a-mailing-list-262e7e7a-6656-40ea-981e-76f2b60562ac/002-b6d167f2-f43b-4866-b66b-f5e4ec821757-downloadableSrc-ebde620fe7bd.webp
262e7e7a-6656-40ea-981e-76f2b60562ac,Unsubscribing from a mailing list,ad7ff07a-86f4-4126-b32e-dcd5a57e428b,Apple Mail,08868e96-c26b-4f5e-a056-4f0a26d499aa,2,3,ba3ce78b-c5c7-4433-994a-21704ea8b244,true,downloadableSrc,200,image/webp,97442,97442,fa85c62398d40f7296a3cb64bdf4f85a55ef5dcd199ad9f96a9b0eccf2c6ef51,1180,2676,,,bytescale.mobbin.com,f7a1807c1ac98ccf0eecf5078d61346ac9a94ca37a547f5708d580528c9e55c0,/Users/user/mobbin-sides/screen-flows/apple-mail/034-apple-mail-unsubscribing-from-a-mailing-list-262e7e7a-6656-40ea-981e-76f2b60562ac/003-ba3ce78b-c5c7-4433-994a-21704ea8b244-downloadableSrc-fa85c62398d4.webp
b8f76723-5c51-4f2c-9219-c84ddc07c633,Browsing inbox,ad7ff07a-86f4-4126-b32e-dcd5a57e428b,Apple Mail,08868e96-c26b-4f5e-a056-4f0a26d499aa,0,1,173573f7-9203-4ded-bf93-a716b9ee8b94,true,downloadableSrc,200,image/webp,108310,108310,f772b301b77d8a1ddf3f97f6bdf500dbabd4430dd72631af41cdc43e05ea1b6b,1179,2676,,,bytescale.mobbin.com,f7a1807c1ac98ccf0eecf5078d61346ac9a94ca37a547f5708d580528c9e55c0,/Users/user/mobbin-sides/screen-flows/apple-mail/035-apple-mail-browsing-inbox-b8f76723-5c51-4f2c-9219-c84ddc07c633/001-173573f7-9203-4ded-bf93-a716b9ee8b94-downloadableSrc-f772b301b77d.webp
b8f76723-5c51-4f2c-9219-c84ddc07c633,Browsing inbox,ad7ff07a-86f4-4126-b32e-dcd5a57e428b,Apple Mail,08868e96-c26b-4f5e-a056-4f0a26d499aa,1,2,8e76c9bd-1402-43b3-97ac-fc4f19de9564,true,downloadableSrc,200,image/webp,174148,174148,717969fd1ad90729983e42ed0677c6f218f9d5038bbf0b3de52fa3d58bce548c,1179,2676,,,bytescale.mobbin.com,f7a1807c1ac98ccf0eecf5078d61346ac9a94ca37a547f5708d580528c9e55c0,/Users/user/mobbin-sides/screen-flows/apple-mail/035-apple-mail-browsing-inbox-b8f76723-5c51-4f2c-9219-c84ddc07c633/002-8e76c9bd-1402-43b3-97ac-fc4f19de9564-downloadableSrc-717969fd1ad9.webp
e221aa5b-7448-47ec-8fb3-97be75a93e3b,Filtering inbox,ad7ff07a-86f4-4126-b32e-dcd5a57e428b,Apple Mail,08868e96-c26b-4f5e-a056-4f0a26d499aa,0,1,29577d38-adb0-43cd-8d37-c6792146fc2f,true,downloadableSrc,200,image/webp,118716,118716,76cd92ffa9c746c633451a677a1ff86b8a94aee0ff0c5b12fcef7bbf1e75cb8b,1179,2676,,,bytescale.mobbin.com,f7a1807c1ac98ccf0eecf5078d61346ac9a94ca37a547f5708d580528c9e55c0,/Users/user/mobbin-sides/screen-flows/apple-mail/036-apple-mail-filtering-inbox-e221aa5b-7448-47ec-8fb3-97be75a93e3b/001-29577d38-adb0-43cd-8d37-c6792146fc2f-downloadableSrc-76cd92ffa9c7.webp
e221aa5b-7448-47ec-8fb3-97be75a93e3b,Filtering inbox,ad7ff07a-86f4-4126-b32e-dcd5a57e428b,Apple Mail,08868e96-c26b-4f5e-a056-4f0a26d499aa,1,2,447acbfc-a1e6-4d2e-a32a-2c1be0a2174c,true,downloadableSrc,200,image/webp,138498,138498,8b7dc9aa26c52cf456ea4f184150c4f583d88349e461fc7bf9bef4340514877d,1179,2676,,,bytescale.mobbin.com,f7a1807c1ac98ccf0eecf5078d61346ac9a94ca37a547f5708d580528c9e55c0,/Users/user/mobbin-sides/screen-flows/apple-mail/036-apple-mail-filtering-inbox-e221aa5b-7448-47ec-8fb3-97be75a93e3b/002-447acbfc-a1e6-4d2e-a32a-2c1be0a2174c-downloadableSrc-8b7dc9aa26c5.webp
e221aa5b-7448-47ec-8fb3-97be75a93e3b,Filtering inbox,ad7ff07a-86f4-4126-b32e-dcd5a57e428b,Apple Mail,08868e96-c26b-4f5e-a056-4f0a26d499aa,2,3,5445bb4c-bf41-4989-817a-40893e14f657,true,downloadableSrc,200,image/webp,46118,46118,34a16efc3fe1621a391b701eb11ac2a2da0c820bbf91a2ab9ac831670f73ede0,1179,2676,,,bytescale.mobbin.com,f7a1807c1ac98ccf0eecf5078d61346ac9a94ca37a547f5708d580528c9e55c0,/Users/user/mobbin-sides/screen-flows/apple-mail/036-apple-mail-filtering-inbox-e221aa5b-7448-47ec-8fb3-97be75a93e3b/003-5445bb4c-bf41-4989-817a-40893e14f657-downloadableSrc-34a16efc3fe1.webp
e221aa5b-7448-47ec-8fb3-97be75a93e3b,Filtering inbox,ad7ff07a-86f4-4126-b32e-dcd5a57e428b,Apple Mail,08868e96-c26b-4f5e-a056-4f0a26d499aa,3,4,cc77bfc5-49aa-4222-9dc6-9b2009ac7a48,true,downloadableSrc,200,image/webp,46544,46544,083f6cf22e657ae09c00f467332208f74e491084c819587d11edf074b69330b6,1179,2676,,,bytescale.mobbin.com,f7a1807c1ac98ccf0eecf5078d61346ac9a94ca37a547f5708d580528c9e55c0,/Users/user/mobbin-sides/screen-flows/apple-mail/036-apple-mail-filtering-inbox-e221aa5b-7448-47ec-8fb3-97be75a93e3b/004-cc77bfc5-49aa-4222-9dc6-9b2009ac7a48-downloadableSrc-083f6cf22e65.webp
e221aa5b-7448-47ec-8fb3-97be75a93e3b,Filtering inbox,ad7ff07a-86f4-4126-b32e-dcd5a57e428b,Apple Mail,08868e96-c26b-4f5e-a056-4f0a26d499aa,4,5,891f1a21-d3c6-4e67-90d3-7e041914185d,true,downloadableSrc,200,image/webp,47308,47308,f16e452aa5690537a58a2d13208bc07304e155b0864e534aa35867cb235260e5,1179,2676,,,bytescale.mobbin.com,f7a1807c1ac98ccf0eecf5078d61346ac9a94ca37a547f5708d580528c9e55c0,/Users/user/mobbin-sides/screen-flows/apple-mail/036-apple-mail-filtering-inbox-e221aa5b-7448-47ec-8fb3-97be75a93e3b/005-891f1a21-d3c6-4e67-90d3-7e041914185d-downloadableSrc-f16e452aa569.webp
e221aa5b-7448-47ec-8fb3-97be75a93e3b,Filtering inbox,ad7ff07a-86f4-4126-b32e-dcd5a57e428b,Apple Mail,08868e96-c26b-4f5e-a056-4f0a26d499aa,5,6,dfb51140-a360-483f-9223-767ce0039f34,true,downloadableSrc,200,image/webp,57764,57764,df14ad670385ebe7cb837f8184784446a2acbb89ba58f83d92327bfeb6fbc45a,1179,2676,,,bytescale.mobbin.com,f7a1807c1ac98ccf0eecf5078d61346ac9a94ca37a547f5708d580528c9e55c0,/Users/user/mobbin-sides/screen-flows/apple-mail/036-apple-mail-filtering-inbox-e221aa5b-7448-47ec-8fb3-97be75a93e3b/006-dfb51140-a360-483f-9223-767ce0039f34-downloadableSrc-df14ad670385.webp
5f0991c8-1170-4fd0-b130-a6f087525139,Searching inbox,ad7ff07a-86f4-4126-b32e-dcd5a57e428b,Apple Mail,08868e96-c26b-4f5e-a056-4f0a26d499aa,0,1,29577d38-adb0-43cd-8d37-c6792146fc2f,true,downloadableSrc,200,image/webp,118716,118716,76cd92ffa9c746c633451a677a1ff86b8a94aee0ff0c5b12fcef7bbf1e75cb8b,1179,2676,,,bytescale.mobbin.com,f7a1807c1ac98ccf0eecf5078d61346ac9a94ca37a547f5708d580528c9e55c0,/Users/user/mobbin-sides/screen-flows/apple-mail/037-apple-mail-searching-inbox-5f0991c8-1170-4fd0-b130-a6f087525139/001-29577d38-adb0-43cd-8d37-c6792146fc2f-downloadableSrc-76cd92ffa9c7.webp
5f0991c8-1170-4fd0-b130-a6f087525139,Searching inbox,ad7ff07a-86f4-4126-b32e-dcd5a57e428b,Apple Mail,08868e96-c26b-4f5e-a056-4f0a26d499aa,1,2,9ff5721a-3b4f-4ffe-a493-7439d47f275e,true,downloadableSrc,200,image/webp,94402,94402,d292658be11d53fbf6e86e7dc0dceb42fad6bfd9c11dc1aeca7c0969cdaf4f14,1179,2676,,,bytescale.mobbin.com,f7a1807c1ac98ccf0eecf5078d61346ac9a94ca37a547f5708d580528c9e55c0,/Users/user/mobbin-sides/screen-flows/apple-mail/037-apple-mail-searching-inbox-5f0991c8-1170-4fd0-b130-a6f087525139/002-9ff5721a-3b4f-4ffe-a493-7439d47f275e-downloadableSrc-d292658be11d.webp
5f0991c8-1170-4fd0-b130-a6f087525139,Searching inbox,ad7ff07a-86f4-4126-b32e-dcd5a57e428b,Apple Mail,08868e96-c26b-4f5e-a056-4f0a26d499aa,2,3,06e4b666-5a42-46ac-a81c-46284af453ed,true,downloadableSrc,200,image/webp,153620,153620,d5b4be3969e579c2aed4d9cf69624b5db1930e24d77dd7c394a12e809eed47ca,1179,2676,,,bytescale.mobbin.com,f7a1807c1ac98ccf0eecf5078d61346ac9a94ca37a547f5708d580528c9e55c0,/Users/user/mobbin-sides/screen-flows/apple-mail/037-apple-mail-searching-inbox-5f0991c8-1170-4fd0-b130-a6f087525139/003-06e4b666-5a42-46ac-a81c-46284af453ed-downloadableSrc-d5b4be3969e5.webp
5f0991c8-1170-4fd0-b130-a6f087525139,Searching inbox,ad7ff07a-86f4-4126-b32e-dcd5a57e428b,Apple Mail,08868e96-c26b-4f5e-a056-4f0a26d499aa,3,4,e5b42497-ca0e-4524-b781-b858c4c49279,true,downloadableSrc,200,image/webp,150942,150942,de59150a1fcd2532b710ae42d9d765ba347aab4b057af2baf2643ed197ade3e8,1179,2676,,,bytescale.mobbin.com,f7a1807c1ac98ccf0eecf5078d61346ac9a94ca37a547f5708d580528c9e55c0,/Users/user/mobbin-sides/screen-flows/apple-mail/037-apple-mail-searching-inbox-5f0991c8-1170-4fd0-b130-a6f087525139/004-e5b42497-ca0e-4524-b781-b858c4c49279-downloadableSrc-de59150a1fcd.webp
bc1b6a38-aec0-42e6-b3f9-66d6da7f7a17,Switching to list view,ad7ff07a-86f4-4126-b32e-dcd5a57e428b,Apple Mail,08868e96-c26b-4f5e-a056-4f0a26d499aa,0,1,29577d38-adb0-43cd-8d37-c6792146fc2f,true,downloadableSrc,200,image/webp,118716,118716,76cd92ffa9c746c633451a677a1ff86b8a94aee0ff0c5b12fcef7bbf1e75cb8b,1179,2676,,,bytescale.mobbin.com,f7a1807c1ac98ccf0eecf5078d61346ac9a94ca37a547f5708d580528c9e55c0,/Users/user/mobbin-sides/screen-flows/apple-mail/038-apple-mail-switching-to-list-view-bc1b6a38-aec0-42e6-b3f9-66d6da7f7a17/001-29577d38-adb0-43cd-8d37-c6792146fc2f-downloadableSrc-76cd92ffa9c7.webp
bc1b6a38-aec0-42e6-b3f9-66d6da7f7a17,Switching to list view,ad7ff07a-86f4-4126-b32e-dcd5a57e428b,Apple Mail,08868e96-c26b-4f5e-a056-4f0a26d499aa,1,2,29474cbb-b5d7-4b90-972e-2900317b3208,true,downloadableSrc,200,image/webp,137104,137104,7664ca1dc80bb3e47b0f0098c2add2dc8205a05f5c0e34440ff8caac9a22890f,1179,2676,,,bytescale.mobbin.com,f7a1807c1ac98ccf0eecf5078d61346ac9a94ca37a547f5708d580528c9e55c0,/Users/user/mobbin-sides/screen-flows/apple-mail/038-apple-mail-switching-to-list-view-bc1b6a38-aec0-42e6-b3f9-66d6da7f7a17/002-29474cbb-b5d7-4b90-972e-2900317b3208-downloadableSrc-7664ca1dc80b.webp
bc1b6a38-aec0-42e6-b3f9-66d6da7f7a17,Switching to list view,ad7ff07a-86f4-4126-b32e-dcd5a57e428b,Apple Mail,08868e96-c26b-4f5e-a056-4f0a26d499aa,2,3,181d62f4-c8b6-4cdc-bd78-cae5f7776535,true,downloadableSrc,200,image/webp,132992,132992,2f049407252164c8b4bf78e6546fc6093de1b003f5bb568f6ab959bb6391a893,1179,2676,,,bytescale.mobbin.com,f7a1807c1ac98ccf0eecf5078d61346ac9a94ca37a547f5708d580528c9e55c0,/Users/user/mobbin-sides/screen-flows/apple-mail/038-apple-mail-switching-to-list-view-bc1b6a38-aec0-42e6-b3f9-66d6da7f7a17/003-181d62f4-c8b6-4cdc-bd78-cae5f7776535-downloadableSrc-2f0494072521.webp
779f233e-4a80-42f4-9a26-ff78ff3bf6a7,About categories,ad7ff07a-86f4-4126-b32e-dcd5a57e428b,Apple Mail,08868e96-c26b-4f5e-a056-4f0a26d499aa,0,1,29474cbb-b5d7-4b90-972e-2900317b3208,true,downloadableSrc,200,image/webp,137104,137104,7664ca1dc80bb3e47b0f0098c2add2dc8205a05f5c0e34440ff8caac9a22890f,1179,2676,,,bytescale.mobbin.com,f7a1807c1ac98ccf0eecf5078d61346ac9a94ca37a547f5708d580528c9e55c0,/Users/user/mobbin-sides/screen-flows/apple-mail/039-apple-mail-about-categories-779f233e-4a80-42f4-9a26-ff78ff3bf6a7/001-29474cbb-b5d7-4b90-972e-2900317b3208-downloadableSrc-7664ca1dc80b.webp
779f233e-4a80-42f4-9a26-ff78ff3bf6a7,About categories,ad7ff07a-86f4-4126-b32e-dcd5a57e428b,Apple Mail,08868e96-c26b-4f5e-a056-4f0a26d499aa,1,2,f9d10f4e-56b5-4ba7-a33f-f019a1fd20b5,true,downloadableSrc,200,image/webp,112388,112388,bbec5f41f1c92c0d76e2343eec303ab5297533d507c34a6157683f8bcc0ce83d,1179,2676,,,bytescale.mobbin.com,f7a1807c1ac98ccf0eecf5078d61346ac9a94ca37a547f5708d580528c9e55c0,/Users/user/mobbin-sides/screen-flows/apple-mail/039-apple-mail-about-categories-779f233e-4a80-42f4-9a26-ff78ff3bf6a7/002-f9d10f4e-56b5-4ba7-a33f-f019a1fd20b5-downloadableSrc-bbec5f41f1c9.webp
779f233e-4a80-42f4-9a26-ff78ff3bf6a7,About categories,ad7ff07a-86f4-4126-b32e-dcd5a57e428b,Apple Mail,08868e96-c26b-4f5e-a056-4f0a26d499aa,2,3,c1551da8-427b-4cc2-98b1-6bff39a65bd3,true,downloadableSrc,200,image/webp,108672,108672,32e4efd10ffc1296e9f5253294ad37a84447d7e9ef39190aadb7a201424ae858,1179,2676,,,bytescale.mobbin.com,f7a1807c1ac98ccf0eecf5078d61346ac9a94ca37a547f5708d580528c9e55c0,/Users/user/mobbin-sides/screen-flows/apple-mail/039-apple-mail-about-categories-779f233e-4a80-42f4-9a26-ff78ff3bf6a7/003-c1551da8-427b-4cc2-98b1-6bff39a65bd3-downloadableSrc-32e4efd10ffc.webp
80f4b17d-156c-440b-b2f7-9bfeeb724a63,Hiding contact photos,ad7ff07a-86f4-4126-b32e-dcd5a57e428b,Apple Mail,08868e96-c26b-4f5e-a056-4f0a26d499aa,0,1,29474cbb-b5d7-4b90-972e-2900317b3208,true,downloadableSrc,200,image/webp,137104,137104,7664ca1dc80bb3e47b0f0098c2add2dc8205a05f5c0e34440ff8caac9a22890f,1179,2676,,,bytescale.mobbin.com,f7a1807c1ac98ccf0eecf5078d61346ac9a94ca37a547f5708d580528c9e55c0,/Users/user/mobbin-sides/screen-flows/apple-mail/040-apple-mail-hiding-contact-photos-80f4b17d-156c-440b-b2f7-9bfeeb724a63/001-29474cbb-b5d7-4b90-972e-2900317b3208-downloadableSrc-7664ca1dc80b.webp
80f4b17d-156c-440b-b2f7-9bfeeb724a63,Hiding contact photos,ad7ff07a-86f4-4126-b32e-dcd5a57e428b,Apple Mail,08868e96-c26b-4f5e-a056-4f0a26d499aa,1,2,ad256b93-334f-43ab-baf7-42441e740e7c,true,downloadableSrc,200,image/webp,143402,143402,5a6158db62fdb3b4ad0d2348c6d4f32b57a98009862bd98270ac4e637fc7d371,1179,2676,,,bytescale.mobbin.com,f7a1807c1ac98ccf0eecf5078d61346ac9a94ca37a547f5708d580528c9e55c0,/Users/user/mobbin-sides/screen-flows/apple-mail/040-apple-mail-hiding-contact-photos-80f4b17d-156c-440b-b2f7-9bfeeb724a63/002-ad256b93-334f-43ab-baf7-42441e740e7c-downloadableSrc-5a6158db62fd.webp
f2a754b2-a7b5-41f5-9c69-5d3c1eccfcc4,Mailboxes,ad7ff07a-86f4-4126-b32e-dcd5a57e428b,Apple Mail,08868e96-c26b-4f5e-a056-4f0a26d499aa,0,1,b9f5aed5-9b29-4470-9705-804396144436,true,downloadableSrc,200,image/webp,36420,36420,15cc00d7170408948ba0302aa70d0d1b454d3170ad512da90b560b50af250939,1179,2676,,,bytescale.mobbin.com,f7a1807c1ac98ccf0eecf5078d61346ac9a94ca37a547f5708d580528c9e55c0,/Users/user/mobbin-sides/screen-flows/apple-mail/041-apple-mail-mailboxes-f2a754b2-a7b5-41f5-9c69-5d3c1eccfcc4/001-b9f5aed5-9b29-4470-9705-804396144436-downloadableSrc-15cc00d71704.webp
f2a754b2-a7b5-41f5-9c69-5d3c1eccfcc4,Mailboxes,ad7ff07a-86f4-4126-b32e-dcd5a57e428b,Apple Mail,08868e96-c26b-4f5e-a056-4f0a26d499aa,1,2,0f0d1e52-d929-40af-aa30-efcebded0f6e,true,downloadableSrc,200,image/webp,35746,35746,d6b2f75983fc4cc1d45afdf6428fcb9c71b572d91b91526bbdf3bbbbbd60d93b,1179,2676,,,bytescale.mobbin.com,f7a1807c1ac98ccf0eecf5078d61346ac9a94ca37a547f5708d580528c9e55c0,/Users/user/mobbin-sides/screen-flows/apple-mail/041-apple-mail-mailboxes-f2a754b2-a7b5-41f5-9c69-5d3c1eccfcc4/002-0f0d1e52-d929-40af-aa30-efcebded0f6e-downloadableSrc-d6b2f75983fc.webp
f2a754b2-a7b5-41f5-9c69-5d3c1eccfcc4,Mailboxes,ad7ff07a-86f4-4126-b32e-dcd5a57e428b,Apple Mail,08868e96-c26b-4f5e-a056-4f0a26d499aa,2,3,65a579f9-6641-48d7-b126-cc86e9001a49,true,downloadableSrc,200,image/webp,50698,50698,33c7c274bc35411ce6aaefcae592bcb4717f80a06a1c0b5046ca293d5397d994,1179,2676,,,bytescale.mobbin.com,f7a1807c1ac98ccf0eecf5078d61346ac9a94ca37a547f5708d580528c9e55c0,/Users/user/mobbin-sides/screen-flows/apple-mail/041-apple-mail-mailboxes-f2a754b2-a7b5-41f5-9c69-5d3c1eccfcc4/003-65a579f9-6641-48d7-b126-cc86e9001a49-downloadableSrc-33c7c274bc35.webp
5900b69d-b2b7-411b-b3d1-6a546c08a6c0,Edit mailbox,ad7ff07a-86f4-4126-b32e-dcd5a57e428b,Apple Mail,08868e96-c26b-4f5e-a056-4f0a26d499aa,0,1,65a579f9-6641-48d7-b126-cc86e9001a49,true,downloadableSrc,200,image/webp,50698,50698,33c7c274bc35411ce6aaefcae592bcb4717f80a06a1c0b5046ca293d5397d994,1179,2676,,,bytescale.mobbin.com,f7a1807c1ac98ccf0eecf5078d61346ac9a94ca37a547f5708d580528c9e55c0,/Users/user/mobbin-sides/screen-flows/apple-mail/042-apple-mail-edit-mailbox-5900b69d-b2b7-411b-b3d1-6a546c08a6c0/001-65a579f9-6641-48d7-b126-cc86e9001a49-downloadableSrc-33c7c274bc35.webp
5900b69d-b2b7-411b-b3d1-6a546c08a6c0,Edit mailbox,ad7ff07a-86f4-4126-b32e-dcd5a57e428b,Apple Mail,08868e96-c26b-4f5e-a056-4f0a26d499aa,1,2,f65801a7-c036-4a19-a430-6476fe539b70,true,downloadableSrc,200,image/webp,69482,69482,d8803021c6ddaf3d81038a0af8a64819195002ed366f92e8b2cce2ea78e152b0,1179,2676,,,bytescale.mobbin.com,f7a1807c1ac98ccf0eecf5078d61346ac9a94ca37a547f5708d580528c9e55c0,/Users/user/mobbin-sides/screen-flows/apple-mail/042-apple-mail-edit-mailbox-5900b69d-b2b7-411b-b3d1-6a546c08a6c0/002-f65801a7-c036-4a19-a430-6476fe539b70-downloadableSrc-d8803021c6dd.webp
5900b69d-b2b7-411b-b3d1-6a546c08a6c0,Edit mailbox,ad7ff07a-86f4-4126-b32e-dcd5a57e428b,Apple Mail,08868e96-c26b-4f5e-a056-4f0a26d499aa,2,3,907ac8c3-b62b-4529-bd61-509cadf3c88a,true,downloadableSrc,200,image/webp,49608,49608,8848bba03601c5448387747322b978feb1bcc0577fdef1bf7839f0e48bce0254,1179,2676,,,bytescale.mobbin.com,f7a1807c1ac98ccf0eecf5078d61346ac9a94ca37a547f5708d580528c9e55c0,/Users/user/mobbin-sides/screen-flows/apple-mail/042-apple-mail-edit-mailbox-5900b69d-b2b7-411b-b3d1-6a546c08a6c0/003-907ac8c3-b62b-4529-bd61-509cadf3c88a-downloadableSrc-8848bba03601.webp
370b4cac-52af-4d88-82b3-1d1a79f4da8f,Creating a new mailbox,ad7ff07a-86f4-4126-b32e-dcd5a57e428b,Apple Mail,08868e96-c26b-4f5e-a056-4f0a26d499aa,0,1,f65801a7-c036-4a19-a430-6476fe539b70,true,downloadableSrc,200,image/webp,69482,69482,d8803021c6ddaf3d81038a0af8a64819195002ed366f92e8b2cce2ea78e152b0,1179,2676,,,bytescale.mobbin.com,f7a1807c1ac98ccf0eecf5078d61346ac9a94ca37a547f5708d580528c9e55c0,/Users/user/mobbin-sides/screen-flows/apple-mail/043-apple-mail-creating-a-new-mailbox-370b4cac-52af-4d88-82b3-1d1a79f4da8f/001-f65801a7-c036-4a19-a430-6476fe539b70-downloadableSrc-d8803021c6dd.webp
370b4cac-52af-4d88-82b3-1d1a79f4da8f,Creating a new mailbox,ad7ff07a-86f4-4126-b32e-dcd5a57e428b,Apple Mail,08868e96-c26b-4f5e-a056-4f0a26d499aa,1,2,0a931e5d-d75b-46d7-a810-7ef892690497,true,downloadableSrc,200,image/webp,41680,41680,0714834030a5230a5d56c878ded881e174aea2955275c4449fd27322148fbb62,1179,2676,,,bytescale.mobbin.com,f7a1807c1ac98ccf0eecf5078d61346ac9a94ca37a547f5708d580528c9e55c0,/Users/user/mobbin-sides/screen-flows/apple-mail/043-apple-mail-creating-a-new-mailbox-370b4cac-52af-4d88-82b3-1d1a79f4da8f/002-0a931e5d-d75b-46d7-a810-7ef892690497-downloadableSrc-0714834030a5.webp
370b4cac-52af-4d88-82b3-1d1a79f4da8f,Creating a new mailbox,ad7ff07a-86f4-4126-b32e-dcd5a57e428b,Apple Mail,08868e96-c26b-4f5e-a056-4f0a26d499aa,2,3,5fe0176c-07c1-414c-a20d-0798f50a33bf,true,downloadableSrc,200,image/webp,43588,43588,94649e689a7762bfd9005bfec94f22f015da2fe8dc16aa75ffe381a3b1c6fef3,1179,2676,,,bytescale.mobbin.com,f7a1807c1ac98ccf0eecf5078d61346ac9a94ca37a547f5708d580528c9e55c0,/Users/user/mobbin-sides/screen-flows/apple-mail/043-apple-mail-creating-a-new-mailbox-370b4cac-52af-4d88-82b3-1d1a79f4da8f/003-5fe0176c-07c1-414c-a20d-0798f50a33bf-downloadableSrc-94649e689a77.webp
370b4cac-52af-4d88-82b3-1d1a79f4da8f,Creating a new mailbox,ad7ff07a-86f4-4126-b32e-dcd5a57e428b,Apple Mail,08868e96-c26b-4f5e-a056-4f0a26d499aa,3,4,7fd53591-0d0a-41c6-a210-497c1fa16d1c,true,downloadableSrc,200,image/webp,28832,28832,69660d29f87c6920aa458caac11d46b25b8ea5b1a95d01e5f601ddb1edc3e7a8,1179,2676,,,bytescale.mobbin.com,f7a1807c1ac98ccf0eecf5078d61346ac9a94ca37a547f5708d580528c9e55c0,/Users/user/mobbin-sides/screen-flows/apple-mail/043-apple-mail-creating-a-new-mailbox-370b4cac-52af-4d88-82b3-1d1a79f4da8f/004-7fd53591-0d0a-41c6-a210-497c1fa16d1c-downloadableSrc-69660d29f87c.webp
370b4cac-52af-4d88-82b3-1d1a79f4da8f,Creating a new mailbox,ad7ff07a-86f4-4126-b32e-dcd5a57e428b,Apple Mail,08868e96-c26b-4f5e-a056-4f0a26d499aa,4,5,37f57c68-7296-401a-a80d-2ee0379d99a8,true,downloadableSrc,200,image/webp,47406,47406,30fc06974149153980f36f7cbdbd70c10954c1dbc4c4505f7edaba387c333e13,1179,2676,,,bytescale.mobbin.com,f7a1807c1ac98ccf0eecf5078d61346ac9a94ca37a547f5708d580528c9e55c0,/Users/user/mobbin-sides/screen-flows/apple-mail/043-apple-mail-creating-a-new-mailbox-370b4cac-52af-4d88-82b3-1d1a79f4da8f/005-37f57c68-7296-401a-a80d-2ee0379d99a8-downloadableSrc-30fc06974149.webp
370b4cac-52af-4d88-82b3-1d1a79f4da8f,Creating a new mailbox,ad7ff07a-86f4-4126-b32e-dcd5a57e428b,Apple Mail,08868e96-c26b-4f5e-a056-4f0a26d499aa,5,6,6745be7a-9b34-4c8e-a43c-13057de03a62,true,downloadableSrc,200,image/webp,51160,51160,cabd0598633457282b744d3c355d41f62145a1d3c901efe572456dab83c003c1,1179,2676,,,bytescale.mobbin.com,f7a1807c1ac98ccf0eecf5078d61346ac9a94ca37a547f5708d580528c9e55c0,/Users/user/mobbin-sides/screen-flows/apple-mail/043-apple-mail-creating-a-new-mailbox-370b4cac-52af-4d88-82b3-1d1a79f4da8f/006-6745be7a-9b34-4c8e-a43c-13057de03a62-downloadableSrc-cabd05986334.webp
975c4838-83a3-4ae2-b618-7c61ad92e76f,Reordering mailboxes,ad7ff07a-86f4-4126-b32e-dcd5a57e428b,Apple Mail,08868e96-c26b-4f5e-a056-4f0a26d499aa,0,1,f65801a7-c036-4a19-a430-6476fe539b70,true,downloadableSrc,200,image/webp,69482,69482,d8803021c6ddaf3d81038a0af8a64819195002ed366f92e8b2cce2ea78e152b0,1179,2676,,,bytescale.mobbin.com,f7a1807c1ac98ccf0eecf5078d61346ac9a94ca37a547f5708d580528c9e55c0,/Users/user/mobbin-sides/screen-flows/apple-mail/044-apple-mail-reordering-mailboxes-975c4838-83a3-4ae2-b618-7c61ad92e76f/001-f65801a7-c036-4a19-a430-6476fe539b70-downloadableSrc-d8803021c6dd.webp
975c4838-83a3-4ae2-b618-7c61ad92e76f,Reordering mailboxes,ad7ff07a-86f4-4126-b32e-dcd5a57e428b,Apple Mail,08868e96-c26b-4f5e-a056-4f0a26d499aa,1,2,37de71aa-71a9-4812-b414-ded147cb0f82,true,downloadableSrc,200,image/webp,70066,70066,e551b05030e9192acf2e5a032ba17c565d0ddc06285e88e3c9c7ffe6c5fef2c9,1179,2676,,,bytescale.mobbin.com,f7a1807c1ac98ccf0eecf5078d61346ac9a94ca37a547f5708d580528c9e55c0,/Users/user/mobbin-sides/screen-flows/apple-mail/044-apple-mail-reordering-mailboxes-975c4838-83a3-4ae2-b618-7c61ad92e76f/002-37de71aa-71a9-4812-b414-ded147cb0f82-downloadableSrc-e551b05030e9.webp
975c4838-83a3-4ae2-b618-7c61ad92e76f,Reordering mailboxes,ad7ff07a-86f4-4126-b32e-dcd5a57e428b,Apple Mail,08868e96-c26b-4f5e-a056-4f0a26d499aa,2,3,95c9e2d9-5a26-4a7e-8550-b0a6fc25d46d,true,downloadableSrc,200,image/webp,70850,70850,7b1893602fdd8a4548a14e47e144dda289d5c94800b52ae6462b40fa014dcd13,1179,2676,,,bytescale.mobbin.com,f7a1807c1ac98ccf0eecf5078d61346ac9a94ca37a547f5708d580528c9e55c0,/Users/user/mobbin-sides/screen-flows/apple-mail/044-apple-mail-reordering-mailboxes-975c4838-83a3-4ae2-b618-7c61ad92e76f/003-95c9e2d9-5a26-4a7e-8550-b0a6fc25d46d-downloadableSrc-7b1893602fdd.webp
975c4838-83a3-4ae2-b618-7c61ad92e76f,Reordering mailboxes,ad7ff07a-86f4-4126-b32e-dcd5a57e428b,Apple Mail,08868e96-c26b-4f5e-a056-4f0a26d499aa,3,4,0a3dcc5c-ef85-49ff-83a4-b2c9458fd0e8,true,downloadableSrc,200,image/webp,67674,67674,e814ea7f0ccf2964bdcd1af59b62aab0fd7540e1e612c18649091c265663a8c7,1179,2676,,,bytescale.mobbin.com,f7a1807c1ac98ccf0eecf5078d61346ac9a94ca37a547f5708d580528c9e55c0,/Users/user/mobbin-sides/screen-flows/apple-mail/044-apple-mail-reordering-mailboxes-975c4838-83a3-4ae2-b618-7c61ad92e76f/004-0a3dcc5c-ef85-49ff-83a4-b2c9458fd0e8-downloadableSrc-e814ea7f0ccf.webp
975c4838-83a3-4ae2-b618-7c61ad92e76f,Reordering mailboxes,ad7ff07a-86f4-4126-b32e-dcd5a57e428b,Apple Mail,08868e96-c26b-4f5e-a056-4f0a26d499aa,4,5,41a20632-c0bd-4d60-88eb-e1e0431928e9,true,downloadableSrc,200,image/webp,44914,44914,bbdcd8fdd618cc6b444db6bde0bfd9de5c20461e550458b82a3b4fe53ca4c6ea,1179,2676,,,bytescale.mobbin.com,f7a1807c1ac98ccf0eecf5078d61346ac9a94ca37a547f5708d580528c9e55c0,/Users/user/mobbin-sides/screen-flows/apple-mail/044-apple-mail-reordering-mailboxes-975c4838-83a3-4ae2-b618-7c61ad92e76f/005-41a20632-c0bd-4d60-88eb-e1e0431928e9-downloadableSrc-bbdcd8fdd618.webp
9cb06b61-6e31-40d7-9842-8e6035e50b6c,VIP mailbox,ad7ff07a-86f4-4126-b32e-dcd5a57e428b,Apple Mail,08868e96-c26b-4f5e-a056-4f0a26d499aa,0,1,0f0d1e52-d929-40af-aa30-efcebded0f6e,true,downloadableSrc,200,image/webp,35746,35746,d6b2f75983fc4cc1d45afdf6428fcb9c71b572d91b91526bbdf3bbbbbd60d93b,1179,2676,,,bytescale.mobbin.com,f7a1807c1ac98ccf0eecf5078d61346ac9a94ca37a547f5708d580528c9e55c0,/Users/user/mobbin-sides/screen-flows/apple-mail/045-apple-mail-vip-mailbox-9cb06b61-6e31-40d7-9842-8e6035e50b6c/001-0f0d1e52-d929-40af-aa30-efcebded0f6e-downloadableSrc-d6b2f75983fc.webp
9cb06b61-6e31-40d7-9842-8e6035e50b6c,VIP mailbox,ad7ff07a-86f4-4126-b32e-dcd5a57e428b,Apple Mail,08868e96-c26b-4f5e-a056-4f0a26d499aa,1,2,66d25014-ae37-4ecb-a475-1cd0ab55ef20,true,downloadableSrc,200,image/webp,121396,121396,cbab744532e712f02903ca4bf152a0f0709fc84bfb4ea2f1c479604701f6194b,1179,2676,,,bytescale.mobbin.com,f7a1807c1ac98ccf0eecf5078d61346ac9a94ca37a547f5708d580528c9e55c0,/Users/user/mobbin-sides/screen-flows/apple-mail/045-apple-mail-vip-mailbox-9cb06b61-6e31-40d7-9842-8e6035e50b6c/002-66d25014-ae37-4ecb-a475-1cd0ab55ef20-downloadableSrc-cbab744532e7.webp
abfbbd50-ce54-4220-9b62-6159c2a7b33a,VIP contacts,ad7ff07a-86f4-4126-b32e-dcd5a57e428b,Apple Mail,08868e96-c26b-4f5e-a056-4f0a26d499aa,0,1,0f0d1e52-d929-40af-aa30-efcebded0f6e,true,downloadableSrc,200,image/webp,35746,35746,d6b2f75983fc4cc1d45afdf6428fcb9c71b572d91b91526bbdf3bbbbbd60d93b,1179,2676,,,bytescale.mobbin.com,f7a1807c1ac98ccf0eecf5078d61346ac9a94ca37a547f5708d580528c9e55c0,/Users/user/mobbin-sides/screen-flows/apple-mail/046-apple-mail-vip-contacts-abfbbd50-ce54-4220-9b62-6159c2a7b33a/001-0f0d1e52-d929-40af-aa30-efcebded0f6e-downloadableSrc-d6b2f75983fc.webp
abfbbd50-ce54-4220-9b62-6159c2a7b33a,VIP contacts,ad7ff07a-86f4-4126-b32e-dcd5a57e428b,Apple Mail,08868e96-c26b-4f5e-a056-4f0a26d499aa,1,2,44ff8933-8817-4d62-8734-581f26bb09d8,true,downloadableSrc,200,image/webp,33198,33198,f2f777488db53556131bb05c386317c4a78762aaf96a6006afb87782a01227e5,1179,2676,,,bytescale.mobbin.com,f7a1807c1ac98ccf0eecf5078d61346ac9a94ca37a547f5708d580528c9e55c0,/Users/user/mobbin-sides/screen-flows/apple-mail/046-apple-mail-vip-contacts-abfbbd50-ce54-4220-9b62-6159c2a7b33a/002-44ff8933-8817-4d62-8734-581f26bb09d8-downloadableSrc-f2f777488db5.webp
7221192e-bac1-4953-81e9-2b3647295a5d,Deleting a contact,ad7ff07a-86f4-4126-b32e-dcd5a57e428b,Apple Mail,08868e96-c26b-4f5e-a056-4f0a26d499aa,0,1,d2ea4878-0dc3-4f8c-b953-20e00e4dd449,true,downloadableSrc,200,image/webp,33198,33198,f2f777488db53556131bb05c386317c4a78762aaf96a6006afb87782a01227e5,1179,2676,,,bytescale.mobbin.com,f7a1807c1ac98ccf0eecf5078d61346ac9a94ca37a547f5708d580528c9e55c0,/Users/user/mobbin-sides/screen-flows/apple-mail/047-apple-mail-deleting-a-contact-7221192e-bac1-4953-81e9-2b3647295a5d/001-d2ea4878-0dc3-4f8c-b953-20e00e4dd449-downloadableSrc-f2f777488db5.webp
7221192e-bac1-4953-81e9-2b3647295a5d,Deleting a contact,ad7ff07a-86f4-4126-b32e-dcd5a57e428b,Apple Mail,08868e96-c26b-4f5e-a056-4f0a26d499aa,1,2,e23123ea-09a6-4bb5-9884-d23cefdad400,true,downloadableSrc,200,image/webp,32614,32614,b2bca3a0c27d2f4b1beb848d349cad3e2f026723ac1323becffe8c6b4c06132c,1179,2676,,,bytescale.mobbin.com,f7a1807c1ac98ccf0eecf5078d61346ac9a94ca37a547f5708d580528c9e55c0,/Users/user/mobbin-sides/screen-flows/apple-mail/047-apple-mail-deleting-a-contact-7221192e-bac1-4953-81e9-2b3647295a5d/002-e23123ea-09a6-4bb5-9884-d23cefdad400-downloadableSrc-b2bca3a0c27d.webp
7221192e-bac1-4953-81e9-2b3647295a5d,Deleting a contact,ad7ff07a-86f4-4126-b32e-dcd5a57e428b,Apple Mail,08868e96-c26b-4f5e-a056-4f0a26d499aa,2,3,d0210273-07bd-4e97-a3d1-6db6d36f9597,true,downloadableSrc,200,image/webp,33490,33490,2eb9f181085828748a6bd921e67e90c53fc6d4b6418040372c1601b1a5699958,1179,2676,,,bytescale.mobbin.com,f7a1807c1ac98ccf0eecf5078d61346ac9a94ca37a547f5708d580528c9e55c0,/Users/user/mobbin-sides/screen-flows/apple-mail/047-apple-mail-deleting-a-contact-7221192e-bac1-4953-81e9-2b3647295a5d/003-d0210273-07bd-4e97-a3d1-6db6d36f9597-downloadableSrc-2eb9f1810858.webp
7221192e-bac1-4953-81e9-2b3647295a5d,Deleting a contact,ad7ff07a-86f4-4126-b32e-dcd5a57e428b,Apple Mail,08868e96-c26b-4f5e-a056-4f0a26d499aa,3,4,a75ca890-d327-4a9b-8a4a-32519e6bb4f9,true,downloadableSrc,200,image/webp,27074,27074,03f786a9f07c0f0648bafb71023794a63eeab5cff6038a388f5e8f4ae0f9b697,1179,2676,,,bytescale.mobbin.com,f7a1807c1ac98ccf0eecf5078d61346ac9a94ca37a547f5708d580528c9e55c0,/Users/user/mobbin-sides/screen-flows/apple-mail/047-apple-mail-deleting-a-contact-7221192e-bac1-4953-81e9-2b3647295a5d/004-a75ca890-d327-4a9b-8a4a-32519e6bb4f9-downloadableSrc-03f786a9f07c.webp
b98a9531-96ef-4e72-8e14-2fb5cc79f9b5,Contact information,ad7ff07a-86f4-4126-b32e-dcd5a57e428b,Apple Mail,08868e96-c26b-4f5e-a056-4f0a26d499aa,0,1,44ff8933-8817-4d62-8734-581f26bb09d8,true,downloadableSrc,200,image/webp,33198,33198,f2f777488db53556131bb05c386317c4a78762aaf96a6006afb87782a01227e5,1179,2676,,,bytescale.mobbin.com,f7a1807c1ac98ccf0eecf5078d61346ac9a94ca37a547f5708d580528c9e55c0,/Users/user/mobbin-sides/screen-flows/apple-mail/048-apple-mail-contact-information-b98a9531-96ef-4e72-8e14-2fb5cc79f9b5/001-44ff8933-8817-4d62-8734-581f26bb09d8-downloadableSrc-f2f777488db5.webp
b98a9531-96ef-4e72-8e14-2fb5cc79f9b5,Contact information,ad7ff07a-86f4-4126-b32e-dcd5a57e428b,Apple Mail,08868e96-c26b-4f5e-a056-4f0a26d499aa,1,2,21893e6f-7181-4de4-9453-cb13a1ee1b97,true,downloadableSrc,200,image/webp,44968,44968,d61587e27b723cccbd9e30f6ac80df38bc13ec38ca0dbe6454674df786f835f8,1179,2676,,,bytescale.mobbin.com,f7a1807c1ac98ccf0eecf5078d61346ac9a94ca37a547f5708d580528c9e55c0,/Users/user/mobbin-sides/screen-flows/apple-mail/048-apple-mail-contact-information-b98a9531-96ef-4e72-8e14-2fb5cc79f9b5/002-21893e6f-7181-4de4-9453-cb13a1ee1b97-downloadableSrc-d61587e27b72.webp
298bc684-d3f3-46d0-b091-a9d661924d10,Adding a contact,ad7ff07a-86f4-4126-b32e-dcd5a57e428b,Apple Mail,08868e96-c26b-4f5e-a056-4f0a26d499aa,0,1,44ff8933-8817-4d62-8734-581f26bb09d8,true,downloadableSrc,200,image/webp,33198,33198,f2f777488db53556131bb05c386317c4a78762aaf96a6006afb87782a01227e5,1179,2676,,,bytescale.mobbin.com,f7a1807c1ac98ccf0eecf5078d61346ac9a94ca37a547f5708d580528c9e55c0,/Users/user/mobbin-sides/screen-flows/apple-mail/049-apple-mail-adding-a-contact-298bc684-d3f3-46d0-b091-a9d661924d10/001-44ff8933-8817-4d62-8734-581f26bb09d8-downloadableSrc-f2f777488db5.webp
298bc684-d3f3-46d0-b091-a9d661924d10,Adding a contact,ad7ff07a-86f4-4126-b32e-dcd5a57e428b,Apple Mail,08868e96-c26b-4f5e-a056-4f0a26d499aa,1,2,43497c72-5a07-4919-b604-13b34d4a855c,true,downloadableSrc,200,image/webp,26400,26400,047710fcec451c9f5cb6f5d4321bb461dc9de74b4b978ad4b2d535b44fb63294,1179,2676,,,bytescale.mobbin.com,f7a1807c1ac98ccf0eecf5078d61346ac9a94ca37a547f5708d580528c9e55c0,/Users/user/mobbin-sides/screen-flows/apple-mail/049-apple-mail-adding-a-contact-298bc684-d3f3-46d0-b091-a9d661924d10/002-43497c72-5a07-4919-b604-13b34d4a855c-downloadableSrc-047710fcec45.webp
298bc684-d3f3-46d0-b091-a9d661924d10,Adding a contact,ad7ff07a-86f4-4126-b32e-dcd5a57e428b,Apple Mail,08868e96-c26b-4f5e-a056-4f0a26d499aa,2,3,a78c227d-798c-4b4a-bd10-f608fe2e8177,true,downloadableSrc,200,image/webp,33308,33308,b7423f8d076bc1909b95092449700a8c480e9ee8c749d90d94d152cffb6b4651,1179,2676,,,bytescale.mobbin.com,f7a1807c1ac98ccf0eecf5078d61346ac9a94ca37a547f5708d580528c9e55c0,/Users/user/mobbin-sides/screen-flows/apple-mail/049-apple-mail-adding-a-contact-298bc684-d3f3-46d0-b091-a9d661924d10/003-a78c227d-798c-4b4a-bd10-f608fe2e8177-downloadableSrc-b7423f8d076b.webp
398d692d-8f98-4448-bc2f-f65d4c775212,Drafts,ad7ff07a-86f4-4126-b32e-dcd5a57e428b,Apple Mail,08868e96-c26b-4f5e-a056-4f0a26d499aa,0,1,65a579f9-6641-48d7-b126-cc86e9001a49,true,downloadableSrc,200,image/webp,50698,50698,33c7c274bc35411ce6aaefcae592bcb4717f80a06a1c0b5046ca293d5397d994,1179,2676,,,bytescale.mobbin.com,f7a1807c1ac98ccf0eecf5078d61346ac9a94ca37a547f5708d580528c9e55c0,/Users/user/mobbin-sides/screen-flows/apple-mail/050-apple-mail-drafts-398d692d-8f98-4448-bc2f-f65d4c775212/001-65a579f9-6641-48d7-b126-cc86e9001a49-downloadableSrc-33c7c274bc35.webp
398d692d-8f98-4448-bc2f-f65d4c775212,Drafts,ad7ff07a-86f4-4126-b32e-dcd5a57e428b,Apple Mail,08868e96-c26b-4f5e-a056-4f0a26d499aa,1,2,5e284291-b09a-4361-a0ec-264357d65149,true,downloadableSrc,200,image/webp,110984,110984,d2f7716fbd56c34de339a038bb183d481fcc0037d10171aee8ed8292e6d56865,1180,2676,,,bytescale.mobbin.com,f7a1807c1ac98ccf0eecf5078d61346ac9a94ca37a547f5708d580528c9e55c0,/Users/user/mobbin-sides/screen-flows/apple-mail/050-apple-mail-drafts-398d692d-8f98-4448-bc2f-f65d4c775212/002-5e284291-b09a-4361-a0ec-264357d65149-downloadableSrc-d2f7716fbd56.webp
8db1755c-f7a1-4d19-9d25-cfcfb11f9d74,Setting a reminder,ad7ff07a-86f4-4126-b32e-dcd5a57e428b,Apple Mail,08868e96-c26b-4f5e-a056-4f0a26d499aa,0,1,5e284291-b09a-4361-a0ec-264357d65149,true,downloadableSrc,200,image/webp,110984,110984,d2f7716fbd56c34de339a038bb183d481fcc0037d10171aee8ed8292e6d56865,1180,2676,,,bytescale.mobbin.com,f7a1807c1ac98ccf0eecf5078d61346ac9a94ca37a547f5708d580528c9e55c0,/Users/user/mobbin-sides/screen-flows/apple-mail/051-apple-mail-setting-a-reminder-8db1755c-f7a1-4d19-9d25-cfcfb11f9d74/001-5e284291-b09a-4361-a0ec-264357d65149-downloadableSrc-d2f7716fbd56.webp
8db1755c-f7a1-4d19-9d25-cfcfb11f9d74,Setting a reminder,ad7ff07a-86f4-4126-b32e-dcd5a57e428b,Apple Mail,08868e96-c26b-4f5e-a056-4f0a26d499aa,1,2,a7d4aabb-1980-4b10-90ce-c9d18ec6620a,true,downloadableSrc,200,image/webp,112752,112752,8ab8ef8dd5477abaaa135fb3c97429fcd4f08aecf83c0f9230861e13eae8c1e8,1180,2676,,,bytescale.mobbin.com,f7a1807c1ac98ccf0eecf5078d61346ac9a94ca37a547f5708d580528c9e55c0,/Users/user/mobbin-sides/screen-flows/apple-mail/051-apple-mail-setting-a-reminder-8db1755c-f7a1-4d19-9d25-cfcfb11f9d74/002-a7d4aabb-1980-4b10-90ce-c9d18ec6620a-downloadableSrc-8ab8ef8dd547.webp
8db1755c-f7a1-4d19-9d25-cfcfb11f9d74,Setting a reminder,ad7ff07a-86f4-4126-b32e-dcd5a57e428b,Apple Mail,08868e96-c26b-4f5e-a056-4f0a26d499aa,2,3,1484cc54-cc8b-4c76-8498-be61a578f7f0,true,downloadableSrc,200,image/webp,105876,105876,2b9567c72c8183e1874884bc94a4a65b45135b0de85b85d866b710349de7d79f,1180,2676,,,bytescale.mobbin.com,f7a1807c1ac98ccf0eecf5078d61346ac9a94ca37a547f5708d580528c9e55c0,/Users/user/mobbin-sides/screen-flows/apple-mail/051-apple-mail-setting-a-reminder-8db1755c-f7a1-4d19-9d25-cfcfb11f9d74/003-1484cc54-cc8b-4c76-8498-be61a578f7f0-downloadableSrc-2b9567c72c81.webp
8db1755c-f7a1-4d19-9d25-cfcfb11f9d74,Setting a reminder,ad7ff07a-86f4-4126-b32e-dcd5a57e428b,Apple Mail,08868e96-c26b-4f5e-a056-4f0a26d499aa,3,4,a7e6bef4-a33f-4f7f-ae39-8b9aa6aa750f,true,downloadableSrc,200,image/webp,112364,112364,696fe6c11bceb80f278a705f050834cc143c29b4679699a42be5fd186c6bc4af,1180,2676,,,bytescale.mobbin.com,f7a1807c1ac98ccf0eecf5078d61346ac9a94ca37a547f5708d580528c9e55c0,/Users/user/mobbin-sides/screen-flows/apple-mail/051-apple-mail-setting-a-reminder-8db1755c-f7a1-4d19-9d25-cfcfb11f9d74/004-a7e6bef4-a33f-4f7f-ae39-8b9aa6aa750f-downloadableSrc-696fe6c11bce.webp
75d3882e-9970-402c-ae13-76f1dcc0c5ef,Editing a reminder,ad7ff07a-86f4-4126-b32e-dcd5a57e428b,Apple Mail,08868e96-c26b-4f5e-a056-4f0a26d499aa,0,1,a7e6bef4-a33f-4f7f-ae39-8b9aa6aa750f,true,downloadableSrc,200,image/webp,112364,112364,696fe6c11bceb80f278a705f050834cc143c29b4679699a42be5fd186c6bc4af,1180,2676,,,bytescale.mobbin.com,f7a1807c1ac98ccf0eecf5078d61346ac9a94ca37a547f5708d580528c9e55c0,/Users/user/mobbin-sides/screen-flows/apple-mail/052-apple-mail-editing-a-reminder-75d3882e-9970-402c-ae13-76f1dcc0c5ef/001-a7e6bef4-a33f-4f7f-ae39-8b9aa6aa750f-downloadableSrc-696fe6c11bce.webp
75d3882e-9970-402c-ae13-76f1dcc0c5ef,Editing a reminder,ad7ff07a-86f4-4126-b32e-dcd5a57e428b,Apple Mail,08868e96-c26b-4f5e-a056-4f0a26d499aa,1,2,1c4d6a1d-7ee2-4e0a-a9ba-0675864a99d0,true,downloadableSrc,200,image/webp,114156,114156,05f464b0cf48b87d78311142322a7d86e560b89d429e3b1a480328e707d5eedc,1180,2676,,,bytescale.mobbin.com,f7a1807c1ac98ccf0eecf5078d61346ac9a94ca37a547f5708d580528c9e55c0,/Users/user/mobbin-sides/screen-flows/apple-mail/052-apple-mail-editing-a-reminder-75d3882e-9970-402c-ae13-76f1dcc0c5ef/002-1c4d6a1d-7ee2-4e0a-a9ba-0675864a99d0-downloadableSrc-05f464b0cf48.webp
75d3882e-9970-402c-ae13-76f1dcc0c5ef,Editing a reminder,ad7ff07a-86f4-4126-b32e-dcd5a57e428b,Apple Mail,08868e96-c26b-4f5e-a056-4f0a26d499aa,2,3,73854bf5-c698-47ca-9496-d6a7cd4228b9,true,downloadableSrc,200,image/webp,56492,56492,a583831a2893594dee7e8e53c6e054b7023e3f038a927117c4a34167dbe8029e,1180,2676,,,bytescale.mobbin.com,f7a1807c1ac98ccf0eecf5078d61346ac9a94ca37a547f5708d580528c9e55c0,/Users/user/mobbin-sides/screen-flows/apple-mail/052-apple-mail-editing-a-reminder-75d3882e-9970-402c-ae13-76f1dcc0c5ef/003-73854bf5-c698-47ca-9496-d6a7cd4228b9-downloadableSrc-a583831a2893.webp
75d3882e-9970-402c-ae13-76f1dcc0c5ef,Editing a reminder,ad7ff07a-86f4-4126-b32e-dcd5a57e428b,Apple Mail,08868e96-c26b-4f5e-a056-4f0a26d499aa,3,4,5744375a-45d3-443c-a723-df93acbdcffd,true,downloadableSrc,200,image/webp,44668,44668,f8a561dccb0df2731c983ee3aef600d9fe439a5943f48af119c9a2e19a1334f6,1180,2676,,,bytescale.mobbin.com,f7a1807c1ac98ccf0eecf5078d61346ac9a94ca37a547f5708d580528c9e55c0,/Users/user/mobbin-sides/screen-flows/apple-mail/052-apple-mail-editing-a-reminder-75d3882e-9970-402c-ae13-76f1dcc0c5ef/004-5744375a-45d3-443c-a723-df93acbdcffd-downloadableSrc-f8a561dccb0d.webp
75d3882e-9970-402c-ae13-76f1dcc0c5ef,Editing a reminder,ad7ff07a-86f4-4126-b32e-dcd5a57e428b,Apple Mail,08868e96-c26b-4f5e-a056-4f0a26d499aa,4,5,d8782ae9-3a9b-4410-bb0a-8b6d70ed7e95,true,downloadableSrc,200,image/webp,44886,44886,7af611947297e2d371af31b3a54f37d50684952a466c2d88d03eba1a2998f431,1180,2676,,,bytescale.mobbin.com,f7a1807c1ac98ccf0eecf5078d61346ac9a94ca37a547f5708d580528c9e55c0,/Users/user/mobbin-sides/screen-flows/apple-mail/052-apple-mail-editing-a-reminder-75d3882e-9970-402c-ae13-76f1dcc0c5ef/005-d8782ae9-3a9b-4410-bb0a-8b6d70ed7e95-downloadableSrc-7af611947297.webp
75d3882e-9970-402c-ae13-76f1dcc0c5ef,Editing a reminder,ad7ff07a-86f4-4126-b32e-dcd5a57e428b,Apple Mail,08868e96-c26b-4f5e-a056-4f0a26d499aa,5,6,eb7804b9-b66c-4e97-aa83-b330e2c43cdd,true,downloadableSrc,200,image/webp,113834,113834,76a0b323633471fe7336a26fb0b6b9a56917835fdd58d66dec0e3b535ee32891,1180,2676,,,bytescale.mobbin.com,f7a1807c1ac98ccf0eecf5078d61346ac9a94ca37a547f5708d580528c9e55c0,/Users/user/mobbin-sides/screen-flows/apple-mail/052-apple-mail-editing-a-reminder-75d3882e-9970-402c-ae13-76f1dcc0c5ef/006-eb7804b9-b66c-4e97-aa83-b330e2c43cdd-downloadableSrc-76a0b3236334.webp
6a9e07e0-7ef6-4288-baf8-d73d81b16d9e,Deleting a draft,ad7ff07a-86f4-4126-b32e-dcd5a57e428b,Apple Mail,08868e96-c26b-4f5e-a056-4f0a26d499aa,0,1,a7e6bef4-a33f-4f7f-ae39-8b9aa6aa750f,true,downloadableSrc,200,image/webp,112364,112364,696fe6c11bceb80f278a705f050834cc143c29b4679699a42be5fd186c6bc4af,1180,2676,,,bytescale.mobbin.com,f7a1807c1ac98ccf0eecf5078d61346ac9a94ca37a547f5708d580528c9e55c0,/Users/user/mobbin-sides/screen-flows/apple-mail/053-apple-mail-deleting-a-draft-6a9e07e0-7ef6-4288-baf8-d73d81b16d9e/001-a7e6bef4-a33f-4f7f-ae39-8b9aa6aa750f-downloadableSrc-696fe6c11bce.webp
6a9e07e0-7ef6-4288-baf8-d73d81b16d9e,Deleting a draft,ad7ff07a-86f4-4126-b32e-dcd5a57e428b,Apple Mail,08868e96-c26b-4f5e-a056-4f0a26d499aa,1,2,ba86691c-bfb8-4f4b-8d4f-5d74cdcfcb5d,true,downloadableSrc,200,image/webp,113048,113048,3534ad5be7f0b538976345c841b1cd498b30d86fcd4fa503a070990df41ad034,1180,2676,,,bytescale.mobbin.com,f7a1807c1ac98ccf0eecf5078d61346ac9a94ca37a547f5708d580528c9e55c0,/Users/user/mobbin-sides/screen-flows/apple-mail/053-apple-mail-deleting-a-draft-6a9e07e0-7ef6-4288-baf8-d73d81b16d9e/002-ba86691c-bfb8-4f4b-8d4f-5d74cdcfcb5d-downloadableSrc-3534ad5be7f0.webp
6a9e07e0-7ef6-4288-baf8-d73d81b16d9e,Deleting a draft,ad7ff07a-86f4-4126-b32e-dcd5a57e428b,Apple Mail,08868e96-c26b-4f5e-a056-4f0a26d499aa,2,3,6c09edf3-e577-4ee6-9707-f57cdf8cdae6,true,downloadableSrc,200,image/webp,105270,105270,415400690b07a1fad56d0a01add89f2196b06230b1864d496d0f9eb79f05efbe,1180,2676,,,bytescale.mobbin.com,f7a1807c1ac98ccf0eecf5078d61346ac9a94ca37a547f5708d580528c9e55c0,/Users/user/mobbin-sides/screen-flows/apple-mail/053-apple-mail-deleting-a-draft-6a9e07e0-7ef6-4288-baf8-d73d81b16d9e/003-6c09edf3-e577-4ee6-9707-f57cdf8cdae6-downloadableSrc-415400690b07.webp
c8994afe-db13-43d4-833a-4d95dc83d2be,Widgets,ad7ff07a-86f4-4126-b32e-dcd5a57e428b,Apple Mail,08868e96-c26b-4f5e-a056-4f0a26d499aa,0,1,5376e480-df59-43e1-8b0d-b1d2383424e4,true,downloadableSrc,200,image/webp,21482,21482,51deb9fc850406bcf53826afa255b7c5ee80852af8b5ecf75e9645e6a900f199,1179,2676,,,bytescale.mobbin.com,f7a1807c1ac98ccf0eecf5078d61346ac9a94ca37a547f5708d580528c9e55c0,/Users/user/mobbin-sides/screen-flows/apple-mail/054-apple-mail-widgets-c8994afe-db13-43d4-833a-4d95dc83d2be/001-5376e480-df59-43e1-8b0d-b1d2383424e4-downloadableSrc-51deb9fc8504.webp
c8994afe-db13-43d4-833a-4d95dc83d2be,Widgets,ad7ff07a-86f4-4126-b32e-dcd5a57e428b,Apple Mail,08868e96-c26b-4f5e-a056-4f0a26d499aa,1,2,0b546ef1-d424-47ba-b8b0-bda7fa5c51cc,true,downloadableSrc,200,image/webp,85008,85008,6053891ac166f46429425948376fd8fdccc8274097cbec93d0ac8e4b3bb2ada3,1179,2676,,,bytescale.mobbin.com,f7a1807c1ac98ccf0eecf5078d61346ac9a94ca37a547f5708d580528c9e55c0,/Users/user/mobbin-sides/screen-flows/apple-mail/054-apple-mail-widgets-c8994afe-db13-43d4-833a-4d95dc83d2be/002-0b546ef1-d424-47ba-b8b0-bda7fa5c51cc-downloadableSrc-6053891ac166.webp
