flowId,flowName,appId,appName,appVersionId,order,index,screenId,restricted,descriptor,status,contentType,contentLengthHeader,bytes,sha256,width,height,declaredWidth,declaredHeight,urlHost,urlPathHash,savedPath
55c18b1f-4aab-42a8-88d4-f0bd0ffedccd,Maps,4687909b-d32d-4007-9fd8-466dc5f982c2,Apple Maps,b4a4f165-23c6-48d3-86e8-f4bc65da064c,0,1,93f4e585-88f7-436c-a881-b3263f657856,false,downloadableSrc,200,image/webp,208858,208858,c0303e231e33007f867fe3ad52610a2f00c17644d51899c3d2c171def45d2d60,1179,2676,,,bytescale.mobbin.com,f7a1807c1ac98ccf0eecf5078d61346ac9a94ca37a547f5708d580528c9e55c0,/Users/user/mobbin-sides/screen-flows/apple-maps/001-apple-maps-maps-55c18b1f-4aab-42a8-88d4-f0bd0ffedccd/001-93f4e585-88f7-436c-a881-b3263f657856-downloadableSrc-c0303e231e33.webp
55c18b1f-4aab-42a8-88d4-f0bd0ffedccd,Maps,4687909b-d32d-4007-9fd8-466dc5f982c2,Apple Maps,b4a4f165-23c6-48d3-86e8-f4bc65da064c,1,2,edf0fec0-9d0f-4ce8-b206-86becffb51f4,false,downloadableSrc,200,image/webp,304516,304516,db7a98d63123ed61c21486bd4eb18346fb1e4a152577945097a77a848e630d52,1179,2676,,,bytescale.mobbin.com,f7a1807c1ac98ccf0eecf5078d61346ac9a94ca37a547f5708d580528c9e55c0,/Users/user/mobbin-sides/screen-flows/apple-maps/001-apple-maps-maps-55c18b1f-4aab-42a8-88d4-f0bd0ffedccd/002-edf0fec0-9d0f-4ce8-b206-86becffb51f4-downloadableSrc-db7a98d63123.webp
55c18b1f-4aab-42a8-88d4-f0bd0ffedccd,Maps,4687909b-d32d-4007-9fd8-466dc5f982c2,Apple Maps,b4a4f165-23c6-48d3-86e8-f4bc65da064c,2,3,428c328c-408a-4016-a366-89809c93510b,false,downloadableSrc,200,image/webp,70548,70548,9a790d193ecbdc51c883acf2bb129c57aa95c6ebaac2f3f278a026335a91b842,1179,2676,,,bytescale.mobbin.com,f7a1807c1ac98ccf0eecf5078d61346ac9a94ca37a547f5708d580528c9e55c0,/Users/user/mobbin-sides/screen-flows/apple-maps/001-apple-maps-maps-55c18b1f-4aab-42a8-88d4-f0bd0ffedccd/003-428c328c-408a-4016-a366-89809c93510b-downloadableSrc-9a790d193ecb.webp
55c18b1f-4aab-42a8-88d4-f0bd0ffedccd,Maps,4687909b-d32d-4007-9fd8-466dc5f982c2,Apple Maps,b4a4f165-23c6-48d3-86e8-f4bc65da064c,3,4,6412c1f6-5425-4d51-8109-9bc8cf236445,false,downloadableSrc,200,image/webp,72532,72532,243c1fa54c3ee10f22912069737a393d1a755f3a0154c409ff2183f1812bca1e,1179,2676,,,bytescale.mobbin.com,f7a1807c1ac98ccf0eecf5078d61346ac9a94ca37a547f5708d580528c9e55c0,/Users/user/mobbin-sides/screen-flows/apple-maps/001-apple-maps-maps-55c18b1f-4aab-42a8-88d4-f0bd0ffedccd/004-6412c1f6-5425-4d51-8109-9bc8cf236445-downloadableSrc-243c1fa54c3e.webp
55c18b1f-4aab-42a8-88d4-f0bd0ffedccd,Maps,4687909b-d32d-4007-9fd8-466dc5f982c2,Apple Maps,b4a4f165-23c6-48d3-86e8-f4bc65da064c,4,5,a4a87748-0782-4ab8-bb0f-e812361509ae,false,downloadableSrc,200,image/webp,84794,84794,43d10631cc74276ac265f2a53c4e73deb6462734c90e672296043e42c613ca65,1179,2676,,,bytescale.mobbin.com,f7a1807c1ac98ccf0eecf5078d61346ac9a94ca37a547f5708d580528c9e55c0,/Users/user/mobbin-sides/screen-flows/apple-maps/001-apple-maps-maps-55c18b1f-4aab-42a8-88d4-f0bd0ffedccd/005-a4a87748-0782-4ab8-bb0f-e812361509ae-downloadableSrc-43d10631cc74.webp
55c18b1f-4aab-42a8-88d4-f0bd0ffedccd,Maps,4687909b-d32d-4007-9fd8-466dc5f982c2,Apple Maps,b4a4f165-23c6-48d3-86e8-f4bc65da064c,5,6,12157e3f-ceb2-4a6e-b620-bf8bf28d710e,false,downloadableSrc,200,image/webp,86318,86318,ff9880297fb3099172b3414592a6ebffc8e5a88d3a44c256025ed8953c2318a5,1179,2676,,,bytescale.mobbin.com,f7a1807c1ac98ccf0eecf5078d61346ac9a94ca37a547f5708d580528c9e55c0,/Users/user/mobbin-sides/screen-flows/apple-maps/001-apple-maps-maps-55c18b1f-4aab-42a8-88d4-f0bd0ffedccd/006-12157e3f-ceb2-4a6e-b620-bf8bf28d710e-downloadableSrc-ff9880297fb3.webp
55c18b1f-4aab-42a8-88d4-f0bd0ffedccd,Maps,4687909b-d32d-4007-9fd8-466dc5f982c2,Apple Maps,b4a4f165-23c6-48d3-86e8-f4bc65da064c,6,7,5429f7bd-39b1-4d71-85aa-8566efd90037,false,downloadableSrc,200,image/webp,80664,80664,ae4eb06cacdcc3b0e6b3d40ce385b72375279ae8724af594ba938ce44c021e0b,1179,2676,,,bytescale.mobbin.com,f7a1807c1ac98ccf0eecf5078d61346ac9a94ca37a547f5708d580528c9e55c0,/Users/user/mobbin-sides/screen-flows/apple-maps/001-apple-maps-maps-55c18b1f-4aab-42a8-88d4-f0bd0ffedccd/007-5429f7bd-39b1-4d71-85aa-8566efd90037-downloadableSrc-ae4eb06cacdc.webp
9b94d3b8-8dcb-4961-8884-52fc912c25a4,Switching map view,4687909b-d32d-4007-9fd8-466dc5f982c2,Apple Maps,b4a4f165-23c6-48d3-86e8-f4bc65da064c,0,1,edf0fec0-9d0f-4ce8-b206-86becffb51f4,true,downloadableSrc,200,image/webp,304516,304516,db7a98d63123ed61c21486bd4eb18346fb1e4a152577945097a77a848e630d52,1179,2676,,,bytescale.mobbin.com,f7a1807c1ac98ccf0eecf5078d61346ac9a94ca37a547f5708d580528c9e55c0,/Users/user/mobbin-sides/screen-flows/apple-maps/002-apple-maps-switching-map-view-9b94d3b8-8dcb-4961-8884-52fc912c25a4/001-edf0fec0-9d0f-4ce8-b206-86becffb51f4-downloadableSrc-db7a98d63123.webp
9b94d3b8-8dcb-4961-8884-52fc912c25a4,Switching map view,4687909b-d32d-4007-9fd8-466dc5f982c2,Apple Maps,b4a4f165-23c6-48d3-86e8-f4bc65da064c,1,2,5cd3a346-6f8a-4329-9a47-c08f8015e075,true,downloadableSrc,200,image/webp,247196,247196,2f3704a2c81a7ad9eda7160dacc6a89aefe28de7260575c97bf12be062968014,1179,2676,,,bytescale.mobbin.com,f7a1807c1ac98ccf0eecf5078d61346ac9a94ca37a547f5708d580528c9e55c0,/Users/user/mobbin-sides/screen-flows/apple-maps/002-apple-maps-switching-map-view-9b94d3b8-8dcb-4961-8884-52fc912c25a4/002-5cd3a346-6f8a-4329-9a47-c08f8015e075-downloadableSrc-2f3704a2c81a.webp
9b94d3b8-8dcb-4961-8884-52fc912c25a4,Switching map view,4687909b-d32d-4007-9fd8-466dc5f982c2,Apple Maps,b4a4f165-23c6-48d3-86e8-f4bc65da064c,2,3,e195ed7c-69e8-462d-887e-5b4390c125ad,true,downloadableSrc,200,image/webp,297592,297592,b3cd45cf18f73b468b568fbabdb174d21466a1056aed46936abb11a21a10e720,1179,2676,,,bytescale.mobbin.com,f7a1807c1ac98ccf0eecf5078d61346ac9a94ca37a547f5708d580528c9e55c0,/Users/user/mobbin-sides/screen-flows/apple-maps/002-apple-maps-switching-map-view-9b94d3b8-8dcb-4961-8884-52fc912c25a4/003-e195ed7c-69e8-462d-887e-5b4390c125ad-downloadableSrc-b3cd45cf18f7.webp
9b94d3b8-8dcb-4961-8884-52fc912c25a4,Switching map view,4687909b-d32d-4007-9fd8-466dc5f982c2,Apple Maps,b4a4f165-23c6-48d3-86e8-f4bc65da064c,3,4,239fe3eb-68c7-46f7-817c-d4e6c7e3f6c1,true,downloadableSrc,200,image/webp,211216,211216,b38398cf1251c5ba5c403d170dab619821f9c35953dc771801c42f206f221e03,1179,2676,,,bytescale.mobbin.com,f7a1807c1ac98ccf0eecf5078d61346ac9a94ca37a547f5708d580528c9e55c0,/Users/user/mobbin-sides/screen-flows/apple-maps/002-apple-maps-switching-map-view-9b94d3b8-8dcb-4961-8884-52fc912c25a4/004-239fe3eb-68c7-46f7-817c-d4e6c7e3f6c1-downloadableSrc-b38398cf1251.webp
9b94d3b8-8dcb-4961-8884-52fc912c25a4,Switching map view,4687909b-d32d-4007-9fd8-466dc5f982c2,Apple Maps,b4a4f165-23c6-48d3-86e8-f4bc65da064c,4,5,6676ef69-db5e-492c-9326-0ef329ab14ed,true,downloadableSrc,200,image/webp,225940,225940,1a98a0d75308a095092afbe5b918b4758708bb8be8b4a00766dfad4005ccc12c,1179,2676,,,bytescale.mobbin.com,f7a1807c1ac98ccf0eecf5078d61346ac9a94ca37a547f5708d580528c9e55c0,/Users/user/mobbin-sides/screen-flows/apple-maps/002-apple-maps-switching-map-view-9b94d3b8-8dcb-4961-8884-52fc912c25a4/005-6676ef69-db5e-492c-9326-0ef329ab14ed-downloadableSrc-1a98a0d75308.webp
9b94d3b8-8dcb-4961-8884-52fc912c25a4,Switching map view,4687909b-d32d-4007-9fd8-466dc5f982c2,Apple Maps,b4a4f165-23c6-48d3-86e8-f4bc65da064c,5,6,f027c794-f613-4624-88e8-96cf9b04b42e,true,downloadableSrc,200,image/webp,520606,520606,50d7463e71614f0add9016b9577c53b3c3b5564a300ee2e2d1cbda290b92d8e7,1179,2676,,,bytescale.mobbin.com,f7a1807c1ac98ccf0eecf5078d61346ac9a94ca37a547f5708d580528c9e55c0,/Users/user/mobbin-sides/screen-flows/apple-maps/002-apple-maps-switching-map-view-9b94d3b8-8dcb-4961-8884-52fc912c25a4/006-f027c794-f613-4624-88e8-96cf9b04b42e-downloadableSrc-50d7463e7161.webp
9b94d3b8-8dcb-4961-8884-52fc912c25a4,Switching map view,4687909b-d32d-4007-9fd8-466dc5f982c2,Apple Maps,b4a4f165-23c6-48d3-86e8-f4bc65da064c,6,7,23f176ec-4deb-4895-832a-9cc6ca96d581,true,downloadableSrc,200,image/webp,562256,562256,0c956afea42414de995318e07b48848aaff6d128d74efd75c4e134c5ec8bb025,1179,2676,,,bytescale.mobbin.com,f7a1807c1ac98ccf0eecf5078d61346ac9a94ca37a547f5708d580528c9e55c0,/Users/user/mobbin-sides/screen-flows/apple-maps/002-apple-maps-switching-map-view-9b94d3b8-8dcb-4961-8884-52fc912c25a4/007-23f176ec-4deb-4895-832a-9cc6ca96d581-downloadableSrc-0c956afea424.webp
231f72bb-117a-4a9d-b04a-752bfe5d0413,My location,4687909b-d32d-4007-9fd8-466dc5f982c2,Apple Maps,b4a4f165-23c6-48d3-86e8-f4bc65da064c,0,1,edf0fec0-9d0f-4ce8-b206-86becffb51f4,true,downloadableSrc,200,image/webp,304516,304516,db7a98d63123ed61c21486bd4eb18346fb1e4a152577945097a77a848e630d52,1179,2676,,,bytescale.mobbin.com,f7a1807c1ac98ccf0eecf5078d61346ac9a94ca37a547f5708d580528c9e55c0,/Users/user/mobbin-sides/screen-flows/apple-maps/003-apple-maps-my-location-231f72bb-117a-4a9d-b04a-752bfe5d0413/001-edf0fec0-9d0f-4ce8-b206-86becffb51f4-downloadableSrc-db7a98d63123.webp
231f72bb-117a-4a9d-b04a-752bfe5d0413,My location,4687909b-d32d-4007-9fd8-466dc5f982c2,Apple Maps,b4a4f165-23c6-48d3-86e8-f4bc65da064c,1,2,be23855f-3473-45fd-8a02-82464e10e325,true,downloadableSrc,200,image/webp,256360,256360,1e0be111c9b5509ef3bcc0c07846af6e2184b5585996bd6441760a8b9c3048fb,1179,2676,,,bytescale.mobbin.com,f7a1807c1ac98ccf0eecf5078d61346ac9a94ca37a547f5708d580528c9e55c0,/Users/user/mobbin-sides/screen-flows/apple-maps/003-apple-maps-my-location-231f72bb-117a-4a9d-b04a-752bfe5d0413/002-be23855f-3473-45fd-8a02-82464e10e325-downloadableSrc-1e0be111c9b5.webp
231f72bb-117a-4a9d-b04a-752bfe5d0413,My location,4687909b-d32d-4007-9fd8-466dc5f982c2,Apple Maps,b4a4f165-23c6-48d3-86e8-f4bc65da064c,2,3,a6190dde-d1e3-4b24-9586-b01042e04702,true,downloadableSrc,200,image/webp,162246,162246,5665648da564c10b797bfb70f11737365d98b43e13fb3c8a66d0dde3334de55a,1179,2676,,,bytescale.mobbin.com,f7a1807c1ac98ccf0eecf5078d61346ac9a94ca37a547f5708d580528c9e55c0,/Users/user/mobbin-sides/screen-flows/apple-maps/003-apple-maps-my-location-231f72bb-117a-4a9d-b04a-752bfe5d0413/003-a6190dde-d1e3-4b24-9586-b01042e04702-downloadableSrc-5665648da564.webp
231f72bb-117a-4a9d-b04a-752bfe5d0413,My location,4687909b-d32d-4007-9fd8-466dc5f982c2,Apple Maps,b4a4f165-23c6-48d3-86e8-f4bc65da064c,3,4,08876f4e-f8a3-473a-931f-781d24ee4522,true,downloadableSrc,200,image/webp,55840,55840,d359a836034acfebcd83267ff8ad82116d3fb1ae4b48d0815790084dd1c7d83b,1179,2676,,,bytescale.mobbin.com,f7a1807c1ac98ccf0eecf5078d61346ac9a94ca37a547f5708d580528c9e55c0,/Users/user/mobbin-sides/screen-flows/apple-maps/003-apple-maps-my-location-231f72bb-117a-4a9d-b04a-752bfe5d0413/004-08876f4e-f8a3-473a-931f-781d24ee4522-downloadableSrc-d359a836034a.webp
fc456b35-963f-494d-937c-91a24d7c146b,Marking my location,4687909b-d32d-4007-9fd8-466dc5f982c2,Apple Maps,b4a4f165-23c6-48d3-86e8-f4bc65da064c,0,1,a6190dde-d1e3-4b24-9586-b01042e04702,true,downloadableSrc,200,image/webp,162246,162246,5665648da564c10b797bfb70f11737365d98b43e13fb3c8a66d0dde3334de55a,1179,2676,,,bytescale.mobbin.com,f7a1807c1ac98ccf0eecf5078d61346ac9a94ca37a547f5708d580528c9e55c0,/Users/user/mobbin-sides/screen-flows/apple-maps/004-apple-maps-marking-my-location-fc456b35-963f-494d-937c-91a24d7c146b/001-a6190dde-d1e3-4b24-9586-b01042e04702-downloadableSrc-5665648da564.webp
fc456b35-963f-494d-937c-91a24d7c146b,Marking my location,4687909b-d32d-4007-9fd8-466dc5f982c2,Apple Maps,b4a4f165-23c6-48d3-86e8-f4bc65da064c,1,2,6cc658bd-1631-4d7b-ab91-696d427fa55b,true,downloadableSrc,200,image/webp,155020,155020,b1480e31c797f8efb0f3459eff7b479fafba15d1e6991fdd327810f8b8e10d1c,1179,2676,,,bytescale.mobbin.com,f7a1807c1ac98ccf0eecf5078d61346ac9a94ca37a547f5708d580528c9e55c0,/Users/user/mobbin-sides/screen-flows/apple-maps/004-apple-maps-marking-my-location-fc456b35-963f-494d-937c-91a24d7c146b/002-6cc658bd-1631-4d7b-ab91-696d427fa55b-downloadableSrc-b1480e31c797.webp
fc456b35-963f-494d-937c-91a24d7c146b,Marking my location,4687909b-d32d-4007-9fd8-466dc5f982c2,Apple Maps,b4a4f165-23c6-48d3-86e8-f4bc65da064c,2,3,7a964cf4-a92f-4be4-ba13-b74856aa6095,true,downloadableSrc,200,image/webp,65824,65824,0a5a1cbbb896baee4134558396cd61d23c5c773ab7140b613a5ee63958c5d817,1179,2676,,,bytescale.mobbin.com,f7a1807c1ac98ccf0eecf5078d61346ac9a94ca37a547f5708d580528c9e55c0,/Users/user/mobbin-sides/screen-flows/apple-maps/004-apple-maps-marking-my-location-fc456b35-963f-494d-937c-91a24d7c146b/003-7a964cf4-a92f-4be4-ba13-b74856aa6095-downloadableSrc-0a5a1cbbb896.webp
c31ea2aa-7d22-4983-9879-7aa36232f717,Downloading offline maps,4687909b-d32d-4007-9fd8-466dc5f982c2,Apple Maps,b4a4f165-23c6-48d3-86e8-f4bc65da064c,0,1,6cc658bd-1631-4d7b-ab91-696d427fa55b,true,downloadableSrc,200,image/webp,155020,155020,b1480e31c797f8efb0f3459eff7b479fafba15d1e6991fdd327810f8b8e10d1c,1179,2676,,,bytescale.mobbin.com,f7a1807c1ac98ccf0eecf5078d61346ac9a94ca37a547f5708d580528c9e55c0,/Users/user/mobbin-sides/screen-flows/apple-maps/005-apple-maps-downloading-offline-maps-c31ea2aa-7d22-4983-9879-7aa36232f717/001-6cc658bd-1631-4d7b-ab91-696d427fa55b-downloadableSrc-b1480e31c797.webp
c31ea2aa-7d22-4983-9879-7aa36232f717,Downloading offline maps,4687909b-d32d-4007-9fd8-466dc5f982c2,Apple Maps,b4a4f165-23c6-48d3-86e8-f4bc65da064c,1,2,1ea97074-a32f-41d9-890f-3082c9a022b4,true,downloadableSrc,200,image/webp,226528,226528,eba75511ccf0ac8bd98041c6c9d20c27a43a7117f89ea04f53d6a3169cf17487,1179,2676,,,bytescale.mobbin.com,f7a1807c1ac98ccf0eecf5078d61346ac9a94ca37a547f5708d580528c9e55c0,/Users/user/mobbin-sides/screen-flows/apple-maps/005-apple-maps-downloading-offline-maps-c31ea2aa-7d22-4983-9879-7aa36232f717/002-1ea97074-a32f-41d9-890f-3082c9a022b4-downloadableSrc-eba75511ccf0.webp
c31ea2aa-7d22-4983-9879-7aa36232f717,Downloading offline maps,4687909b-d32d-4007-9fd8-466dc5f982c2,Apple Maps,b4a4f165-23c6-48d3-86e8-f4bc65da064c,2,3,c0e62e32-534e-421c-b317-66e3b6404b64,true,downloadableSrc,200,image/webp,63356,63356,8747edc27744fdec1147084c3df2b4d295f26385fe4377d75fd57ebdaabe9b8d,1179,2676,,,bytescale.mobbin.com,f7a1807c1ac98ccf0eecf5078d61346ac9a94ca37a547f5708d580528c9e55c0,/Users/user/mobbin-sides/screen-flows/apple-maps/005-apple-maps-downloading-offline-maps-c31ea2aa-7d22-4983-9879-7aa36232f717/003-c0e62e32-534e-421c-b317-66e3b6404b64-downloadableSrc-8747edc27744.webp
c31ea2aa-7d22-4983-9879-7aa36232f717,Downloading offline maps,4687909b-d32d-4007-9fd8-466dc5f982c2,Apple Maps,b4a4f165-23c6-48d3-86e8-f4bc65da064c,3,4,ef3b62fd-3ae4-4c66-9b0f-690df1554b30,true,downloadableSrc,200,image/webp,71434,71434,b1af55cf7c20f34c21e3a8a596a92a686b0d2f00f57e96fbd4c8a91c85a59003,1179,2676,,,bytescale.mobbin.com,f7a1807c1ac98ccf0eecf5078d61346ac9a94ca37a547f5708d580528c9e55c0,/Users/user/mobbin-sides/screen-flows/apple-maps/005-apple-maps-downloading-offline-maps-c31ea2aa-7d22-4983-9879-7aa36232f717/004-ef3b62fd-3ae4-4c66-9b0f-690df1554b30-downloadableSrc-b1af55cf7c20.webp
bbd62b67-3968-4dff-a5dc-2a8b709fa77c,Changing offline maps setting,4687909b-d32d-4007-9fd8-466dc5f982c2,Apple Maps,b4a4f165-23c6-48d3-86e8-f4bc65da064c,0,1,ef3b62fd-3ae4-4c66-9b0f-690df1554b30,true,downloadableSrc,200,image/webp,71434,71434,b1af55cf7c20f34c21e3a8a596a92a686b0d2f00f57e96fbd4c8a91c85a59003,1179,2676,,,bytescale.mobbin.com,f7a1807c1ac98ccf0eecf5078d61346ac9a94ca37a547f5708d580528c9e55c0,/Users/user/mobbin-sides/screen-flows/apple-maps/006-apple-maps-changing-offline-maps-setting-bbd62b67-3968-4dff-a5dc-2a8b709fa77c/001-ef3b62fd-3ae4-4c66-9b0f-690df1554b30-downloadableSrc-b1af55cf7c20.webp
bbd62b67-3968-4dff-a5dc-2a8b709fa77c,Changing offline maps setting,4687909b-d32d-4007-9fd8-466dc5f982c2,Apple Maps,b4a4f165-23c6-48d3-86e8-f4bc65da064c,1,2,73ebe3bc-fa41-4983-97c8-1a62cb3793bd,true,downloadableSrc,200,image/webp,91696,91696,3f2b1a9b5354c996968f8e9b70d61a7e0b92a32fb04afb34c6488b161ba92422,1179,2676,,,bytescale.mobbin.com,f7a1807c1ac98ccf0eecf5078d61346ac9a94ca37a547f5708d580528c9e55c0,/Users/user/mobbin-sides/screen-flows/apple-maps/006-apple-maps-changing-offline-maps-setting-bbd62b67-3968-4dff-a5dc-2a8b709fa77c/002-73ebe3bc-fa41-4983-97c8-1a62cb3793bd-downloadableSrc-3f2b1a9b5354.webp
bbd62b67-3968-4dff-a5dc-2a8b709fa77c,Changing offline maps setting,4687909b-d32d-4007-9fd8-466dc5f982c2,Apple Maps,b4a4f165-23c6-48d3-86e8-f4bc65da064c,2,3,bd8d7ff0-c038-4b86-a8d6-cbd554446e6d,true,downloadableSrc,200,image/webp,89390,89390,f197fe7a3c7cc6e4e8d68cdfc0fc0a58215bc131c6394a89a7f9cc86d977cfdb,1179,2676,,,bytescale.mobbin.com,f7a1807c1ac98ccf0eecf5078d61346ac9a94ca37a547f5708d580528c9e55c0,/Users/user/mobbin-sides/screen-flows/apple-maps/006-apple-maps-changing-offline-maps-setting-bbd62b67-3968-4dff-a5dc-2a8b709fa77c/003-bd8d7ff0-c038-4b86-a8d6-cbd554446e6d-downloadableSrc-f197fe7a3c7c.webp
b85cb5bc-9917-4ec2-8d20-3573d15b9c07,Deleting offline maps,4687909b-d32d-4007-9fd8-466dc5f982c2,Apple Maps,b4a4f165-23c6-48d3-86e8-f4bc65da064c,0,1,73ebe3bc-fa41-4983-97c8-1a62cb3793bd,true,downloadableSrc,200,image/webp,91696,91696,3f2b1a9b5354c996968f8e9b70d61a7e0b92a32fb04afb34c6488b161ba92422,1179,2676,,,bytescale.mobbin.com,f7a1807c1ac98ccf0eecf5078d61346ac9a94ca37a547f5708d580528c9e55c0,/Users/user/mobbin-sides/screen-flows/apple-maps/007-apple-maps-deleting-offline-maps-b85cb5bc-9917-4ec2-8d20-3573d15b9c07/001-73ebe3bc-fa41-4983-97c8-1a62cb3793bd-downloadableSrc-3f2b1a9b5354.webp
b85cb5bc-9917-4ec2-8d20-3573d15b9c07,Deleting offline maps,4687909b-d32d-4007-9fd8-466dc5f982c2,Apple Maps,b4a4f165-23c6-48d3-86e8-f4bc65da064c,1,2,185f14a7-a096-4ee8-a09b-a7a301413b63,true,downloadableSrc,200,image/webp,130742,130742,9f01e6ba55fcf151eb350161b14912b67fd876d0c6a969b8134aa0b08c1df7ca,1179,2676,,,bytescale.mobbin.com,f7a1807c1ac98ccf0eecf5078d61346ac9a94ca37a547f5708d580528c9e55c0,/Users/user/mobbin-sides/screen-flows/apple-maps/007-apple-maps-deleting-offline-maps-b85cb5bc-9917-4ec2-8d20-3573d15b9c07/002-185f14a7-a096-4ee8-a09b-a7a301413b63-downloadableSrc-9f01e6ba55fc.webp
b85cb5bc-9917-4ec2-8d20-3573d15b9c07,Deleting offline maps,4687909b-d32d-4007-9fd8-466dc5f982c2,Apple Maps,b4a4f165-23c6-48d3-86e8-f4bc65da064c,2,3,6f4d96d6-ba13-4ca9-af71-7a186e1bb7d1,true,downloadableSrc,200,image/webp,123904,123904,e864ab0945d14e07cc43b734db57d86d29be3182c5402c50d1b20c88e94d451f,1179,2676,,,bytescale.mobbin.com,f7a1807c1ac98ccf0eecf5078d61346ac9a94ca37a547f5708d580528c9e55c0,/Users/user/mobbin-sides/screen-flows/apple-maps/007-apple-maps-deleting-offline-maps-b85cb5bc-9917-4ec2-8d20-3573d15b9c07/003-6f4d96d6-ba13-4ca9-af71-7a186e1bb7d1-downloadableSrc-e864ab0945d1.webp
b85cb5bc-9917-4ec2-8d20-3573d15b9c07,Deleting offline maps,4687909b-d32d-4007-9fd8-466dc5f982c2,Apple Maps,b4a4f165-23c6-48d3-86e8-f4bc65da064c,3,4,006581bc-23f4-409f-94ff-3f50eb63c0ed,true,downloadableSrc,200,image/webp,55578,55578,190deef97e8517b596ebc88cfa1eaca3ce64e926b0e312f1a5bdf571af7712ed,1179,2676,,,bytescale.mobbin.com,f7a1807c1ac98ccf0eecf5078d61346ac9a94ca37a547f5708d580528c9e55c0,/Users/user/mobbin-sides/screen-flows/apple-maps/007-apple-maps-deleting-offline-maps-b85cb5bc-9917-4ec2-8d20-3573d15b9c07/004-006581bc-23f4-409f-94ff-3f50eb63c0ed-downloadableSrc-190deef97e85.webp
7705ffb8-3d92-4065-b07c-85f2e2fda73b,Removing a location,4687909b-d32d-4007-9fd8-466dc5f982c2,Apple Maps,b4a4f165-23c6-48d3-86e8-f4bc65da064c,0,1,6cc658bd-1631-4d7b-ab91-696d427fa55b,true,downloadableSrc,200,image/webp,155020,155020,b1480e31c797f8efb0f3459eff7b479fafba15d1e6991fdd327810f8b8e10d1c,1179,2676,,,bytescale.mobbin.com,f7a1807c1ac98ccf0eecf5078d61346ac9a94ca37a547f5708d580528c9e55c0,/Users/user/mobbin-sides/screen-flows/apple-maps/008-apple-maps-removing-a-location-7705ffb8-3d92-4065-b07c-85f2e2fda73b/001-6cc658bd-1631-4d7b-ab91-696d427fa55b-downloadableSrc-b1480e31c797.webp
7705ffb8-3d92-4065-b07c-85f2e2fda73b,Removing a location,4687909b-d32d-4007-9fd8-466dc5f982c2,Apple Maps,b4a4f165-23c6-48d3-86e8-f4bc65da064c,1,2,5ffe6345-881d-4d84-be01-be5835591ddf,true,downloadableSrc,200,image/webp,287534,287534,8e7d038252a5016039ee94943ed25ada38998eef815de0aa2b189fb4b4d436cf,1179,2676,,,bytescale.mobbin.com,f7a1807c1ac98ccf0eecf5078d61346ac9a94ca37a547f5708d580528c9e55c0,/Users/user/mobbin-sides/screen-flows/apple-maps/008-apple-maps-removing-a-location-7705ffb8-3d92-4065-b07c-85f2e2fda73b/002-5ffe6345-881d-4d84-be01-be5835591ddf-downloadableSrc-8e7d038252a5.webp
7705ffb8-3d92-4065-b07c-85f2e2fda73b,Removing a location,4687909b-d32d-4007-9fd8-466dc5f982c2,Apple Maps,b4a4f165-23c6-48d3-86e8-f4bc65da064c,2,3,08fb90d3-5842-4371-8fda-2361cd4e7524,true,downloadableSrc,200,image/webp,195122,195122,77709b2600b5019675f8f50a5d1747510a84b4fb7a24372438d341aca394e96c,1179,2676,,,bytescale.mobbin.com,f7a1807c1ac98ccf0eecf5078d61346ac9a94ca37a547f5708d580528c9e55c0,/Users/user/mobbin-sides/screen-flows/apple-maps/008-apple-maps-removing-a-location-7705ffb8-3d92-4065-b07c-85f2e2fda73b/003-08fb90d3-5842-4371-8fda-2361cd4e7524-downloadableSrc-77709b2600b5.webp
f39fa071-c3c0-4c39-83a8-e321790a867b,Adding a note,4687909b-d32d-4007-9fd8-466dc5f982c2,Apple Maps,b4a4f165-23c6-48d3-86e8-f4bc65da064c,0,1,ef3b62fd-3ae4-4c66-9b0f-690df1554b30,true,downloadableSrc,200,image/webp,71434,71434,b1af55cf7c20f34c21e3a8a596a92a686b0d2f00f57e96fbd4c8a91c85a59003,1179,2676,,,bytescale.mobbin.com,f7a1807c1ac98ccf0eecf5078d61346ac9a94ca37a547f5708d580528c9e55c0,/Users/user/mobbin-sides/screen-flows/apple-maps/009-apple-maps-adding-a-note-f39fa071-c3c0-4c39-83a8-e321790a867b/001-ef3b62fd-3ae4-4c66-9b0f-690df1554b30-downloadableSrc-b1af55cf7c20.webp
f39fa071-c3c0-4c39-83a8-e321790a867b,Adding a note,4687909b-d32d-4007-9fd8-466dc5f982c2,Apple Maps,b4a4f165-23c6-48d3-86e8-f4bc65da064c,1,2,c597ba89-e8a9-483a-bad4-9f867d10d6a4,true,downloadableSrc,200,image/webp,44432,44432,f9fe5e388a54827d134f17136ab0edc3adcc5c9080a4211929a5b370b868acca,1179,2676,,,bytescale.mobbin.com,f7a1807c1ac98ccf0eecf5078d61346ac9a94ca37a547f5708d580528c9e55c0,/Users/user/mobbin-sides/screen-flows/apple-maps/009-apple-maps-adding-a-note-f39fa071-c3c0-4c39-83a8-e321790a867b/002-c597ba89-e8a9-483a-bad4-9f867d10d6a4-downloadableSrc-f9fe5e388a54.webp
f39fa071-c3c0-4c39-83a8-e321790a867b,Adding a note,4687909b-d32d-4007-9fd8-466dc5f982c2,Apple Maps,b4a4f165-23c6-48d3-86e8-f4bc65da064c,2,3,0877a6a7-91a5-4b32-a14b-a698ad728023,true,downloadableSrc,200,image/webp,56848,56848,46f5baf705b53d405e96edba58ba73164805d02f96489658be7c48914e7910cc,1179,2676,,,bytescale.mobbin.com,f7a1807c1ac98ccf0eecf5078d61346ac9a94ca37a547f5708d580528c9e55c0,/Users/user/mobbin-sides/screen-flows/apple-maps/009-apple-maps-adding-a-note-f39fa071-c3c0-4c39-83a8-e321790a867b/003-0877a6a7-91a5-4b32-a14b-a698ad728023-downloadableSrc-46f5baf705b5.webp
f39fa071-c3c0-4c39-83a8-e321790a867b,Adding a note,4687909b-d32d-4007-9fd8-466dc5f982c2,Apple Maps,b4a4f165-23c6-48d3-86e8-f4bc65da064c,3,4,328a2e02-ed2f-49ae-850a-44fc598c3cc8,true,downloadableSrc,200,image/webp,67262,67262,38a7189b4fd2f572e01250df5fc101ae500cc5b1c059aaa3834e3216d5fde8a0,1179,2676,,,bytescale.mobbin.com,f7a1807c1ac98ccf0eecf5078d61346ac9a94ca37a547f5708d580528c9e55c0,/Users/user/mobbin-sides/screen-flows/apple-maps/009-apple-maps-adding-a-note-f39fa071-c3c0-4c39-83a8-e321790a867b/004-328a2e02-ed2f-49ae-850a-44fc598c3cc8-downloadableSrc-38a7189b4fd2.webp
1ae4b518-4c44-4da0-9206-b4929793b937,Reporting a missing place,4687909b-d32d-4007-9fd8-466dc5f982c2,Apple Maps,b4a4f165-23c6-48d3-86e8-f4bc65da064c,0,1,ef3b62fd-3ae4-4c66-9b0f-690df1554b30,true,downloadableSrc,200,image/webp,71434,71434,b1af55cf7c20f34c21e3a8a596a92a686b0d2f00f57e96fbd4c8a91c85a59003,1179,2676,,,bytescale.mobbin.com,f7a1807c1ac98ccf0eecf5078d61346ac9a94ca37a547f5708d580528c9e55c0,/Users/user/mobbin-sides/screen-flows/apple-maps/010-apple-maps-reporting-a-missing-place-1ae4b518-4c44-4da0-9206-b4929793b937/001-ef3b62fd-3ae4-4c66-9b0f-690df1554b30-downloadableSrc-b1af55cf7c20.webp
1ae4b518-4c44-4da0-9206-b4929793b937,Reporting a missing place,4687909b-d32d-4007-9fd8-466dc5f982c2,Apple Maps,b4a4f165-23c6-48d3-86e8-f4bc65da064c,1,2,5560101d-4427-4fdf-9305-efe134ddecf5,true,downloadableSrc,200,image/webp,55956,55956,a56c23a2fcdd59ea488ac02a44efcf4395a11d17604f72ddf7599019a5330cd7,1179,2676,,,bytescale.mobbin.com,f7a1807c1ac98ccf0eecf5078d61346ac9a94ca37a547f5708d580528c9e55c0,/Users/user/mobbin-sides/screen-flows/apple-maps/010-apple-maps-reporting-a-missing-place-1ae4b518-4c44-4da0-9206-b4929793b937/002-5560101d-4427-4fdf-9305-efe134ddecf5-downloadableSrc-a56c23a2fcdd.webp
1ae4b518-4c44-4da0-9206-b4929793b937,Reporting a missing place,4687909b-d32d-4007-9fd8-466dc5f982c2,Apple Maps,b4a4f165-23c6-48d3-86e8-f4bc65da064c,2,3,bad834cc-3bc4-4d1d-8706-b421aba7526b,true,downloadableSrc,200,image/webp,47148,47148,e558d7d1348339287a6930e6b882b7035e6e5d882c4627a6c403df7999ad167a,1179,2676,,,bytescale.mobbin.com,f7a1807c1ac98ccf0eecf5078d61346ac9a94ca37a547f5708d580528c9e55c0,/Users/user/mobbin-sides/screen-flows/apple-maps/010-apple-maps-reporting-a-missing-place-1ae4b518-4c44-4da0-9206-b4929793b937/003-bad834cc-3bc4-4d1d-8706-b421aba7526b-downloadableSrc-e558d7d13483.webp
1ae4b518-4c44-4da0-9206-b4929793b937,Reporting a missing place,4687909b-d32d-4007-9fd8-466dc5f982c2,Apple Maps,b4a4f165-23c6-48d3-86e8-f4bc65da064c,3,4,6097fcd2-635e-4e53-bfbd-67f39b6d6c86,true,downloadableSrc,200,image/webp,74852,74852,90f9cf0cdfd91724eae9a07593475e3242f1fc60ded258b1e7dd510af5f709f2,1179,2676,,,bytescale.mobbin.com,f7a1807c1ac98ccf0eecf5078d61346ac9a94ca37a547f5708d580528c9e55c0,/Users/user/mobbin-sides/screen-flows/apple-maps/010-apple-maps-reporting-a-missing-place-1ae4b518-4c44-4da0-9206-b4929793b937/004-6097fcd2-635e-4e53-bfbd-67f39b6d6c86-downloadableSrc-90f9cf0cdfd9.webp
1ae4b518-4c44-4da0-9206-b4929793b937,Reporting a missing place,4687909b-d32d-4007-9fd8-466dc5f982c2,Apple Maps,b4a4f165-23c6-48d3-86e8-f4bc65da064c,4,5,2f3bf8db-3475-4054-b525-799f947f271e,true,downloadableSrc,200,image/webp,62384,62384,6ee9cb8018ef6164b4d5821e08a4ee539b74a6a104d0942361a578083afd2522,1179,2676,,,bytescale.mobbin.com,f7a1807c1ac98ccf0eecf5078d61346ac9a94ca37a547f5708d580528c9e55c0,/Users/user/mobbin-sides/screen-flows/apple-maps/010-apple-maps-reporting-a-missing-place-1ae4b518-4c44-4da0-9206-b4929793b937/005-2f3bf8db-3475-4054-b525-799f947f271e-downloadableSrc-6ee9cb8018ef.webp
1ae4b518-4c44-4da0-9206-b4929793b937,Reporting a missing place,4687909b-d32d-4007-9fd8-466dc5f982c2,Apple Maps,b4a4f165-23c6-48d3-86e8-f4bc65da064c,5,6,6d843d87-cb65-4c4a-9912-8be0fee22157,true,downloadableSrc,200,image/webp,77650,77650,38bb28e93c2b097a12d61e69fca26d8132f30902c6ebc506a5e7316270b3af66,1179,2676,,,bytescale.mobbin.com,f7a1807c1ac98ccf0eecf5078d61346ac9a94ca37a547f5708d580528c9e55c0,/Users/user/mobbin-sides/screen-flows/apple-maps/010-apple-maps-reporting-a-missing-place-1ae4b518-4c44-4da0-9206-b4929793b937/006-6d843d87-cb65-4c4a-9912-8be0fee22157-downloadableSrc-38bb28e93c2b.webp
1ae4b518-4c44-4da0-9206-b4929793b937,Reporting a missing place,4687909b-d32d-4007-9fd8-466dc5f982c2,Apple Maps,b4a4f165-23c6-48d3-86e8-f4bc65da064c,6,7,763aa21d-f641-4053-9ee1-13c731869d57,true,downloadableSrc,200,image/webp,69664,69664,137952e1007870bc6e09fc8b2e887c6210e353e9c3ca135afece4d26c0bc6709,1179,2676,,,bytescale.mobbin.com,f7a1807c1ac98ccf0eecf5078d61346ac9a94ca37a547f5708d580528c9e55c0,/Users/user/mobbin-sides/screen-flows/apple-maps/010-apple-maps-reporting-a-missing-place-1ae4b518-4c44-4da0-9206-b4929793b937/007-763aa21d-f641-4053-9ee1-13c731869d57-downloadableSrc-137952e10078.webp
1ae4b518-4c44-4da0-9206-b4929793b937,Reporting a missing place,4687909b-d32d-4007-9fd8-466dc5f982c2,Apple Maps,b4a4f165-23c6-48d3-86e8-f4bc65da064c,7,8,ad2949a0-fec1-4373-a6ac-34317fb01865,true,downloadableSrc,200,image/webp,71374,71374,df231f58bebe54b35b4a0ec005a093970f1a0706bb4cdda057ddce9b42746d5d,1179,2676,,,bytescale.mobbin.com,f7a1807c1ac98ccf0eecf5078d61346ac9a94ca37a547f5708d580528c9e55c0,/Users/user/mobbin-sides/screen-flows/apple-maps/010-apple-maps-reporting-a-missing-place-1ae4b518-4c44-4da0-9206-b4929793b937/008-ad2949a0-fec1-4373-a6ac-34317fb01865-downloadableSrc-df231f58bebe.webp
1ae4b518-4c44-4da0-9206-b4929793b937,Reporting a missing place,4687909b-d32d-4007-9fd8-466dc5f982c2,Apple Maps,b4a4f165-23c6-48d3-86e8-f4bc65da064c,8,9,e37c9472-e76b-4485-97c3-b658e8200657,true,downloadableSrc,200,image/webp,70696,70696,1794b84b9516a050dd97462463ffad7ee69e7fb54e7dd7b3ed2bdc2a8eb2b306,1179,2676,,,bytescale.mobbin.com,f7a1807c1ac98ccf0eecf5078d61346ac9a94ca37a547f5708d580528c9e55c0,/Users/user/mobbin-sides/screen-flows/apple-maps/010-apple-maps-reporting-a-missing-place-1ae4b518-4c44-4da0-9206-b4929793b937/009-e37c9472-e76b-4485-97c3-b658e8200657-downloadableSrc-1794b84b9516.webp
1ae4b518-4c44-4da0-9206-b4929793b937,Reporting a missing place,4687909b-d32d-4007-9fd8-466dc5f982c2,Apple Maps,b4a4f165-23c6-48d3-86e8-f4bc65da064c,9,10,f37ff51b-1e40-4582-a80a-408aa826c0f7,true,downloadableSrc,200,image/webp,86608,86608,1757bdcd72c00b3bcfd0ac1a06bbe59baf7438c9665b3a68c009d91c8fbb51f1,1179,2676,,,bytescale.mobbin.com,f7a1807c1ac98ccf0eecf5078d61346ac9a94ca37a547f5708d580528c9e55c0,/Users/user/mobbin-sides/screen-flows/apple-maps/010-apple-maps-reporting-a-missing-place-1ae4b518-4c44-4da0-9206-b4929793b937/010-f37ff51b-1e40-4582-a80a-408aa826c0f7-downloadableSrc-1757bdcd72c0.webp
1ae4b518-4c44-4da0-9206-b4929793b937,Reporting a missing place,4687909b-d32d-4007-9fd8-466dc5f982c2,Apple Maps,b4a4f165-23c6-48d3-86e8-f4bc65da064c,10,11,c7a51823-fa98-4dac-a8ca-607e0fcb16fd,true,downloadableSrc,200,image/webp,48798,48798,9988762899db6b163aa36bc38aed93da82609c094221b7751897f796de5a4704,1179,2676,,,bytescale.mobbin.com,f7a1807c1ac98ccf0eecf5078d61346ac9a94ca37a547f5708d580528c9e55c0,/Users/user/mobbin-sides/screen-flows/apple-maps/010-apple-maps-reporting-a-missing-place-1ae4b518-4c44-4da0-9206-b4929793b937/011-c7a51823-fa98-4dac-a8ca-607e0fcb16fd-downloadableSrc-9988762899db.webp
1b1fc5d2-0f35-4388-8bc3-6a0122579ac7,Pinning a location,4687909b-d32d-4007-9fd8-466dc5f982c2,Apple Maps,b4a4f165-23c6-48d3-86e8-f4bc65da064c,0,1,ef3b62fd-3ae4-4c66-9b0f-690df1554b30,true,downloadableSrc,200,image/webp,71434,71434,b1af55cf7c20f34c21e3a8a596a92a686b0d2f00f57e96fbd4c8a91c85a59003,1179,2676,,,bytescale.mobbin.com,f7a1807c1ac98ccf0eecf5078d61346ac9a94ca37a547f5708d580528c9e55c0,/Users/user/mobbin-sides/screen-flows/apple-maps/011-apple-maps-pinning-a-location-1b1fc5d2-0f35-4388-8bc3-6a0122579ac7/001-ef3b62fd-3ae4-4c66-9b0f-690df1554b30-downloadableSrc-b1af55cf7c20.webp
1b1fc5d2-0f35-4388-8bc3-6a0122579ac7,Pinning a location,4687909b-d32d-4007-9fd8-466dc5f982c2,Apple Maps,b4a4f165-23c6-48d3-86e8-f4bc65da064c,1,2,5f215346-59c4-4768-92e3-ccc64250bcf9,true,downloadableSrc,200,image/webp,72414,72414,7f28c65e2f19f1eed6c1cb9009b543fb15522236024773e4f32cb59f43d2df4e,1179,2676,,,bytescale.mobbin.com,f7a1807c1ac98ccf0eecf5078d61346ac9a94ca37a547f5708d580528c9e55c0,/Users/user/mobbin-sides/screen-flows/apple-maps/011-apple-maps-pinning-a-location-1b1fc5d2-0f35-4388-8bc3-6a0122579ac7/002-5f215346-59c4-4768-92e3-ccc64250bcf9-downloadableSrc-7f28c65e2f19.webp
1b1fc5d2-0f35-4388-8bc3-6a0122579ac7,Pinning a location,4687909b-d32d-4007-9fd8-466dc5f982c2,Apple Maps,b4a4f165-23c6-48d3-86e8-f4bc65da064c,2,3,b14f305a-398b-42cb-8099-168770af33db,true,downloadableSrc,200,image/webp,194346,194346,eea378c07ed7592fc181cedc950becb5f7a2889281d8218a67e2b3ab88869f7b,1179,2676,,,bytescale.mobbin.com,f7a1807c1ac98ccf0eecf5078d61346ac9a94ca37a547f5708d580528c9e55c0,/Users/user/mobbin-sides/screen-flows/apple-maps/011-apple-maps-pinning-a-location-1b1fc5d2-0f35-4388-8bc3-6a0122579ac7/003-b14f305a-398b-42cb-8099-168770af33db-downloadableSrc-eea378c07ed7.webp
149f47ab-0985-4080-8d61-41a9577c695c,Removing marked location,4687909b-d32d-4007-9fd8-466dc5f982c2,Apple Maps,b4a4f165-23c6-48d3-86e8-f4bc65da064c,0,1,ef3b62fd-3ae4-4c66-9b0f-690df1554b30,true,downloadableSrc,200,image/webp,71434,71434,b1af55cf7c20f34c21e3a8a596a92a686b0d2f00f57e96fbd4c8a91c85a59003,1179,2676,,,bytescale.mobbin.com,f7a1807c1ac98ccf0eecf5078d61346ac9a94ca37a547f5708d580528c9e55c0,/Users/user/mobbin-sides/screen-flows/apple-maps/012-apple-maps-removing-marked-location-149f47ab-0985-4080-8d61-41a9577c695c/001-ef3b62fd-3ae4-4c66-9b0f-690df1554b30-downloadableSrc-b1af55cf7c20.webp
149f47ab-0985-4080-8d61-41a9577c695c,Removing marked location,4687909b-d32d-4007-9fd8-466dc5f982c2,Apple Maps,b4a4f165-23c6-48d3-86e8-f4bc65da064c,1,2,b14f305a-398b-42cb-8099-168770af33db,true,downloadableSrc,200,image/webp,194346,194346,eea378c07ed7592fc181cedc950becb5f7a2889281d8218a67e2b3ab88869f7b,1179,2676,,,bytescale.mobbin.com,f7a1807c1ac98ccf0eecf5078d61346ac9a94ca37a547f5708d580528c9e55c0,/Users/user/mobbin-sides/screen-flows/apple-maps/012-apple-maps-removing-marked-location-149f47ab-0985-4080-8d61-41a9577c695c/002-b14f305a-398b-42cb-8099-168770af33db-downloadableSrc-eea378c07ed7.webp
c867ae8f-718b-4e01-8783-cd7310076543,Renaming a location,4687909b-d32d-4007-9fd8-466dc5f982c2,Apple Maps,b4a4f165-23c6-48d3-86e8-f4bc65da064c,0,1,7a964cf4-a92f-4be4-ba13-b74856aa6095,true,downloadableSrc,200,image/webp,65824,65824,0a5a1cbbb896baee4134558396cd61d23c5c773ab7140b613a5ee63958c5d817,1179,2676,,,bytescale.mobbin.com,f7a1807c1ac98ccf0eecf5078d61346ac9a94ca37a547f5708d580528c9e55c0,/Users/user/mobbin-sides/screen-flows/apple-maps/013-apple-maps-renaming-a-location-c867ae8f-718b-4e01-8783-cd7310076543/001-7a964cf4-a92f-4be4-ba13-b74856aa6095-downloadableSrc-0a5a1cbbb896.webp
c867ae8f-718b-4e01-8783-cd7310076543,Renaming a location,4687909b-d32d-4007-9fd8-466dc5f982c2,Apple Maps,b4a4f165-23c6-48d3-86e8-f4bc65da064c,1,2,4410ba61-4456-4233-b814-3f24612e5f66,true,downloadableSrc,200,image/webp,79276,79276,ab788288a8950378ab41d07e98bf24713c21451ad1e234817c76862b3cebf309,1179,2676,,,bytescale.mobbin.com,f7a1807c1ac98ccf0eecf5078d61346ac9a94ca37a547f5708d580528c9e55c0,/Users/user/mobbin-sides/screen-flows/apple-maps/013-apple-maps-renaming-a-location-c867ae8f-718b-4e01-8783-cd7310076543/002-4410ba61-4456-4233-b814-3f24612e5f66-downloadableSrc-ab788288a895.webp
c867ae8f-718b-4e01-8783-cd7310076543,Renaming a location,4687909b-d32d-4007-9fd8-466dc5f982c2,Apple Maps,b4a4f165-23c6-48d3-86e8-f4bc65da064c,2,3,15b9cd93-787f-4c7a-834c-1bcc040b63b5,true,downloadableSrc,200,image/webp,77340,77340,9086191873d68bd73e04fa55b4c8c82ad3277d094ec4b8b5a43c38ba87401424,1179,2676,,,bytescale.mobbin.com,f7a1807c1ac98ccf0eecf5078d61346ac9a94ca37a547f5708d580528c9e55c0,/Users/user/mobbin-sides/screen-flows/apple-maps/013-apple-maps-renaming-a-location-c867ae8f-718b-4e01-8783-cd7310076543/003-15b9cd93-787f-4c7a-834c-1bcc040b63b5-downloadableSrc-9086191873d6.webp
c867ae8f-718b-4e01-8783-cd7310076543,Renaming a location,4687909b-d32d-4007-9fd8-466dc5f982c2,Apple Maps,b4a4f165-23c6-48d3-86e8-f4bc65da064c,3,4,13582be2-9424-49d0-a3d5-e7ca718ac92e,true,downloadableSrc,200,image/webp,69348,69348,50b9dac205cfbab450e3c116e8e6e83e4acaf40fc7fc636419e5fae31766c697,1179,2676,,,bytescale.mobbin.com,f7a1807c1ac98ccf0eecf5078d61346ac9a94ca37a547f5708d580528c9e55c0,/Users/user/mobbin-sides/screen-flows/apple-maps/013-apple-maps-renaming-a-location-c867ae8f-718b-4e01-8783-cd7310076543/004-13582be2-9424-49d0-a3d5-e7ca718ac92e-downloadableSrc-50b9dac205cf.webp
ac2528c6-3c14-4801-9000-117dab0e82d0,Adding places to favorite,4687909b-d32d-4007-9fd8-466dc5f982c2,Apple Maps,b4a4f165-23c6-48d3-86e8-f4bc65da064c,0,1,7a964cf4-a92f-4be4-ba13-b74856aa6095,true,downloadableSrc,200,image/webp,65824,65824,0a5a1cbbb896baee4134558396cd61d23c5c773ab7140b613a5ee63958c5d817,1179,2676,,,bytescale.mobbin.com,f7a1807c1ac98ccf0eecf5078d61346ac9a94ca37a547f5708d580528c9e55c0,/Users/user/mobbin-sides/screen-flows/apple-maps/014-apple-maps-adding-places-to-favorite-ac2528c6-3c14-4801-9000-117dab0e82d0/001-7a964cf4-a92f-4be4-ba13-b74856aa6095-downloadableSrc-0a5a1cbbb896.webp
ac2528c6-3c14-4801-9000-117dab0e82d0,Adding places to favorite,4687909b-d32d-4007-9fd8-466dc5f982c2,Apple Maps,b4a4f165-23c6-48d3-86e8-f4bc65da064c,1,2,51d4edf2-fe8d-478e-adae-b7c4b0ed730f,true,downloadableSrc,200,image/webp,70566,70566,e3a3dfaa73a1c63136d6a120a42088022294360e84308894fd0c15b82cc5dac4,1179,2676,,,bytescale.mobbin.com,f7a1807c1ac98ccf0eecf5078d61346ac9a94ca37a547f5708d580528c9e55c0,/Users/user/mobbin-sides/screen-flows/apple-maps/014-apple-maps-adding-places-to-favorite-ac2528c6-3c14-4801-9000-117dab0e82d0/002-51d4edf2-fe8d-478e-adae-b7c4b0ed730f-downloadableSrc-e3a3dfaa73a1.webp
e7be5181-7495-4241-80d1-5af54c618dd7,Place detail,4687909b-d32d-4007-9fd8-466dc5f982c2,Apple Maps,b4a4f165-23c6-48d3-86e8-f4bc65da064c,0,1,edf0fec0-9d0f-4ce8-b206-86becffb51f4,true,downloadableSrc,200,image/webp,304516,304516,db7a98d63123ed61c21486bd4eb18346fb1e4a152577945097a77a848e630d52,1179,2676,,,bytescale.mobbin.com,f7a1807c1ac98ccf0eecf5078d61346ac9a94ca37a547f5708d580528c9e55c0,/Users/user/mobbin-sides/screen-flows/apple-maps/015-apple-maps-place-detail-e7be5181-7495-4241-80d1-5af54c618dd7/001-edf0fec0-9d0f-4ce8-b206-86becffb51f4-downloadableSrc-db7a98d63123.webp
e7be5181-7495-4241-80d1-5af54c618dd7,Place detail,4687909b-d32d-4007-9fd8-466dc5f982c2,Apple Maps,b4a4f165-23c6-48d3-86e8-f4bc65da064c,1,2,8a8ffb08-bbd1-4439-94c2-c09b72ee305b,true,downloadableSrc,200,image/webp,279680,279680,1f7698b07836c70c04be3d5be5815e08fad8f32157687b21d3548318d0fd3a59,1179,2676,,,bytescale.mobbin.com,f7a1807c1ac98ccf0eecf5078d61346ac9a94ca37a547f5708d580528c9e55c0,/Users/user/mobbin-sides/screen-flows/apple-maps/015-apple-maps-place-detail-e7be5181-7495-4241-80d1-5af54c618dd7/002-8a8ffb08-bbd1-4439-94c2-c09b72ee305b-downloadableSrc-1f7698b07836.webp
e7be5181-7495-4241-80d1-5af54c618dd7,Place detail,4687909b-d32d-4007-9fd8-466dc5f982c2,Apple Maps,b4a4f165-23c6-48d3-86e8-f4bc65da064c,2,3,2fad7799-5b40-4ad4-a9ed-6c35a77b8e4b,true,downloadableSrc,200,image/webp,198948,198948,364e2d7f419e719061bfcd1b8d98ccbc217a73b88dceaecbedfc707f21d15a3a,1179,2676,,,bytescale.mobbin.com,f7a1807c1ac98ccf0eecf5078d61346ac9a94ca37a547f5708d580528c9e55c0,/Users/user/mobbin-sides/screen-flows/apple-maps/015-apple-maps-place-detail-e7be5181-7495-4241-80d1-5af54c618dd7/003-2fad7799-5b40-4ad4-a9ed-6c35a77b8e4b-downloadableSrc-364e2d7f419e.webp
e7be5181-7495-4241-80d1-5af54c618dd7,Place detail,4687909b-d32d-4007-9fd8-466dc5f982c2,Apple Maps,b4a4f165-23c6-48d3-86e8-f4bc65da064c,3,4,2cfbf46e-678c-4bdc-9aff-42f64e3f5d70,true,downloadableSrc,200,image/webp,181482,181482,cb4d064990221f0431ec1ee072c3c0c76e87d2b8d458687c33bed19526f9a838,1179,2676,,,bytescale.mobbin.com,f7a1807c1ac98ccf0eecf5078d61346ac9a94ca37a547f5708d580528c9e55c0,/Users/user/mobbin-sides/screen-flows/apple-maps/015-apple-maps-place-detail-e7be5181-7495-4241-80d1-5af54c618dd7/004-2cfbf46e-678c-4bdc-9aff-42f64e3f5d70-downloadableSrc-cb4d06499022.webp
e7be5181-7495-4241-80d1-5af54c618dd7,Place detail,4687909b-d32d-4007-9fd8-466dc5f982c2,Apple Maps,b4a4f165-23c6-48d3-86e8-f4bc65da064c,4,5,6953954a-2b88-449b-b889-f68e38685b57,true,downloadableSrc,200,image/webp,147616,147616,6ab0455a96a8a8146bd4f595160bd87d833ebe6cd3641983d1e349cb56b98cfc,1179,2676,,,bytescale.mobbin.com,f7a1807c1ac98ccf0eecf5078d61346ac9a94ca37a547f5708d580528c9e55c0,/Users/user/mobbin-sides/screen-flows/apple-maps/015-apple-maps-place-detail-e7be5181-7495-4241-80d1-5af54c618dd7/005-6953954a-2b88-449b-b889-f68e38685b57-downloadableSrc-6ab0455a96a8.webp
e7be5181-7495-4241-80d1-5af54c618dd7,Place detail,4687909b-d32d-4007-9fd8-466dc5f982c2,Apple Maps,b4a4f165-23c6-48d3-86e8-f4bc65da064c,5,6,5cabe74b-8525-4ac9-a9b2-73ed6248e323,true,downloadableSrc,200,image/webp,160414,160414,085f33b0b2cbe68d00cac83ed63c35ab2ad6a5e94d3e40273feb474a1cc725a7,1179,2676,,,bytescale.mobbin.com,f7a1807c1ac98ccf0eecf5078d61346ac9a94ca37a547f5708d580528c9e55c0,/Users/user/mobbin-sides/screen-flows/apple-maps/015-apple-maps-place-detail-e7be5181-7495-4241-80d1-5af54c618dd7/006-5cabe74b-8525-4ac9-a9b2-73ed6248e323-downloadableSrc-085f33b0b2cb.webp
e7be5181-7495-4241-80d1-5af54c618dd7,Place detail,4687909b-d32d-4007-9fd8-466dc5f982c2,Apple Maps,b4a4f165-23c6-48d3-86e8-f4bc65da064c,6,7,76bb15a9-49b9-4e4d-ad26-e3cda770af19,true,downloadableSrc,200,image/webp,110560,110560,53e449abee73d43030d8a75594d62d98140e55f63c362663d4a3ec3a0809f82f,1179,2676,,,bytescale.mobbin.com,f7a1807c1ac98ccf0eecf5078d61346ac9a94ca37a547f5708d580528c9e55c0,/Users/user/mobbin-sides/screen-flows/apple-maps/015-apple-maps-place-detail-e7be5181-7495-4241-80d1-5af54c618dd7/007-76bb15a9-49b9-4e4d-ad26-e3cda770af19-downloadableSrc-53e449abee73.webp
e7be5181-7495-4241-80d1-5af54c618dd7,Place detail,4687909b-d32d-4007-9fd8-466dc5f982c2,Apple Maps,b4a4f165-23c6-48d3-86e8-f4bc65da064c,7,8,3a15f7d6-7613-4072-8ecf-94ee88f99e76,true,downloadableSrc,200,image/webp,100238,100238,acc36f655b578b6da18f2240058da67160ac8580031607efe083c52e68c8b309,1179,2676,,,bytescale.mobbin.com,f7a1807c1ac98ccf0eecf5078d61346ac9a94ca37a547f5708d580528c9e55c0,/Users/user/mobbin-sides/screen-flows/apple-maps/015-apple-maps-place-detail-e7be5181-7495-4241-80d1-5af54c618dd7/008-3a15f7d6-7613-4072-8ecf-94ee88f99e76-downloadableSrc-acc36f655b57.webp
2e6cbe6d-0aa1-44dc-aefb-8c8fb1c1c65c,360 view,4687909b-d32d-4007-9fd8-466dc5f982c2,Apple Maps,b4a4f165-23c6-48d3-86e8-f4bc65da064c,0,1,8a8ffb08-bbd1-4439-94c2-c09b72ee305b,true,downloadableSrc,200,image/webp,279680,279680,1f7698b07836c70c04be3d5be5815e08fad8f32157687b21d3548318d0fd3a59,1179,2676,,,bytescale.mobbin.com,f7a1807c1ac98ccf0eecf5078d61346ac9a94ca37a547f5708d580528c9e55c0,/Users/user/mobbin-sides/screen-flows/apple-maps/016-apple-maps-360-view-2e6cbe6d-0aa1-44dc-aefb-8c8fb1c1c65c/001-8a8ffb08-bbd1-4439-94c2-c09b72ee305b-downloadableSrc-1f7698b07836.webp
2e6cbe6d-0aa1-44dc-aefb-8c8fb1c1c65c,360 view,4687909b-d32d-4007-9fd8-466dc5f982c2,Apple Maps,b4a4f165-23c6-48d3-86e8-f4bc65da064c,1,2,289378c9-adf5-4a3f-919d-c794f17279c8,true,downloadableSrc,200,image/webp,306682,306682,66f1ba2c4f9a31fb5b41217eeab3e2c0809b80b30f9fe798d5b57308fb84ca81,1179,2676,,,bytescale.mobbin.com,f7a1807c1ac98ccf0eecf5078d61346ac9a94ca37a547f5708d580528c9e55c0,/Users/user/mobbin-sides/screen-flows/apple-maps/016-apple-maps-360-view-2e6cbe6d-0aa1-44dc-aefb-8c8fb1c1c65c/002-289378c9-adf5-4a3f-919d-c794f17279c8-downloadableSrc-66f1ba2c4f9a.webp
0e594e22-71b1-4e5e-890b-f5ea0cc21cf3,Photos,4687909b-d32d-4007-9fd8-466dc5f982c2,Apple Maps,b4a4f165-23c6-48d3-86e8-f4bc65da064c,0,1,2fad7799-5b40-4ad4-a9ed-6c35a77b8e4b,true,downloadableSrc,200,image/webp,198948,198948,364e2d7f419e719061bfcd1b8d98ccbc217a73b88dceaecbedfc707f21d15a3a,1179,2676,,,bytescale.mobbin.com,f7a1807c1ac98ccf0eecf5078d61346ac9a94ca37a547f5708d580528c9e55c0,/Users/user/mobbin-sides/screen-flows/apple-maps/017-apple-maps-photos-0e594e22-71b1-4e5e-890b-f5ea0cc21cf3/001-2fad7799-5b40-4ad4-a9ed-6c35a77b8e4b-downloadableSrc-364e2d7f419e.webp
0e594e22-71b1-4e5e-890b-f5ea0cc21cf3,Photos,4687909b-d32d-4007-9fd8-466dc5f982c2,Apple Maps,b4a4f165-23c6-48d3-86e8-f4bc65da064c,1,2,315b1027-f165-48e4-95d9-f6dede99e276,true,downloadableSrc,200,image/webp,310646,310646,b11eab9388d6adec085adc06a294c6505cd53974f8b47ed732211813cb4c404a,1179,2676,,,bytescale.mobbin.com,f7a1807c1ac98ccf0eecf5078d61346ac9a94ca37a547f5708d580528c9e55c0,/Users/user/mobbin-sides/screen-flows/apple-maps/017-apple-maps-photos-0e594e22-71b1-4e5e-890b-f5ea0cc21cf3/002-315b1027-f165-48e4-95d9-f6dede99e276-downloadableSrc-b11eab9388d6.webp
45df6b86-aa98-47b6-b160-59b2d8e22b92,Directions(drive),4687909b-d32d-4007-9fd8-466dc5f982c2,Apple Maps,b4a4f165-23c6-48d3-86e8-f4bc65da064c,0,1,2fad7799-5b40-4ad4-a9ed-6c35a77b8e4b,true,downloadableSrc,200,image/webp,198948,198948,364e2d7f419e719061bfcd1b8d98ccbc217a73b88dceaecbedfc707f21d15a3a,1179,2676,,,bytescale.mobbin.com,f7a1807c1ac98ccf0eecf5078d61346ac9a94ca37a547f5708d580528c9e55c0,/Users/user/mobbin-sides/screen-flows/apple-maps/018-apple-maps-directions-drive-45df6b86-aa98-47b6-b160-59b2d8e22b92/001-2fad7799-5b40-4ad4-a9ed-6c35a77b8e4b-downloadableSrc-364e2d7f419e.webp
45df6b86-aa98-47b6-b160-59b2d8e22b92,Directions(drive),4687909b-d32d-4007-9fd8-466dc5f982c2,Apple Maps,b4a4f165-23c6-48d3-86e8-f4bc65da064c,1,2,579c8b7d-ef57-4855-a9d0-9ff4c7f86289,true,downloadableSrc,200,image/webp,188372,188372,d917c2e629eaf4e45a17e217518d04aed57effc977ad8b24dc0d4f54c630eb91,1179,2676,,,bytescale.mobbin.com,f7a1807c1ac98ccf0eecf5078d61346ac9a94ca37a547f5708d580528c9e55c0,/Users/user/mobbin-sides/screen-flows/apple-maps/018-apple-maps-directions-drive-45df6b86-aa98-47b6-b160-59b2d8e22b92/002-579c8b7d-ef57-4855-a9d0-9ff4c7f86289-downloadableSrc-d917c2e629ea.webp
45df6b86-aa98-47b6-b160-59b2d8e22b92,Directions(drive),4687909b-d32d-4007-9fd8-466dc5f982c2,Apple Maps,b4a4f165-23c6-48d3-86e8-f4bc65da064c,2,3,03e9775c-b062-4a1e-8da9-9142996028e2,true,downloadableSrc,200,image/webp,76892,76892,e68a45db38850568ef333d68415e365973ee200416ca305f9536982a8de0fb91,1179,2676,,,bytescale.mobbin.com,f7a1807c1ac98ccf0eecf5078d61346ac9a94ca37a547f5708d580528c9e55c0,/Users/user/mobbin-sides/screen-flows/apple-maps/018-apple-maps-directions-drive-45df6b86-aa98-47b6-b160-59b2d8e22b92/003-03e9775c-b062-4a1e-8da9-9142996028e2-downloadableSrc-e68a45db3885.webp
45df6b86-aa98-47b6-b160-59b2d8e22b92,Directions(drive),4687909b-d32d-4007-9fd8-466dc5f982c2,Apple Maps,b4a4f165-23c6-48d3-86e8-f4bc65da064c,3,4,fa3e962f-5b20-4705-b9ee-853017b9c8b4,true,downloadableSrc,200,image/webp,231700,231700,ebcb1f0fff489539f304b5d17e7b5a2e4b943a4d4613ab06abd16b77825700e8,1179,2676,,,bytescale.mobbin.com,f7a1807c1ac98ccf0eecf5078d61346ac9a94ca37a547f5708d580528c9e55c0,/Users/user/mobbin-sides/screen-flows/apple-maps/018-apple-maps-directions-drive-45df6b86-aa98-47b6-b160-59b2d8e22b92/004-fa3e962f-5b20-4705-b9ee-853017b9c8b4-downloadableSrc-ebcb1f0fff48.webp
45df6b86-aa98-47b6-b160-59b2d8e22b92,Directions(drive),4687909b-d32d-4007-9fd8-466dc5f982c2,Apple Maps,b4a4f165-23c6-48d3-86e8-f4bc65da064c,4,5,0b6a3bc4-309d-4dbc-bddf-8177a7d27261,true,downloadableSrc,200,image/webp,116696,116696,4200f09e7b5059c2ea72dde06e0da89696c46d7b2398e01fcab158191df4da8e,1179,2676,,,bytescale.mobbin.com,f7a1807c1ac98ccf0eecf5078d61346ac9a94ca37a547f5708d580528c9e55c0,/Users/user/mobbin-sides/screen-flows/apple-maps/018-apple-maps-directions-drive-45df6b86-aa98-47b6-b160-59b2d8e22b92/005-0b6a3bc4-309d-4dbc-bddf-8177a7d27261-downloadableSrc-4200f09e7b50.webp
639af5e5-631b-4d20-8c70-00676cbc3409,Route details,4687909b-d32d-4007-9fd8-466dc5f982c2,Apple Maps,b4a4f165-23c6-48d3-86e8-f4bc65da064c,0,1,0b6a3bc4-309d-4dbc-bddf-8177a7d27261,true,downloadableSrc,200,image/webp,116696,116696,4200f09e7b5059c2ea72dde06e0da89696c46d7b2398e01fcab158191df4da8e,1179,2676,,,bytescale.mobbin.com,f7a1807c1ac98ccf0eecf5078d61346ac9a94ca37a547f5708d580528c9e55c0,/Users/user/mobbin-sides/screen-flows/apple-maps/019-apple-maps-route-details-639af5e5-631b-4d20-8c70-00676cbc3409/001-0b6a3bc4-309d-4dbc-bddf-8177a7d27261-downloadableSrc-4200f09e7b50.webp
639af5e5-631b-4d20-8c70-00676cbc3409,Route details,4687909b-d32d-4007-9fd8-466dc5f982c2,Apple Maps,b4a4f165-23c6-48d3-86e8-f4bc65da064c,1,2,7ec2af2c-4bea-4b06-b260-ef06a5ec3d49,true,downloadableSrc,200,image/webp,83150,83150,f29927a6380e49825313f928281ba75e8e7de648105065d8c1a9898c6108c009,1179,2676,,,bytescale.mobbin.com,f7a1807c1ac98ccf0eecf5078d61346ac9a94ca37a547f5708d580528c9e55c0,/Users/user/mobbin-sides/screen-flows/apple-maps/019-apple-maps-route-details-639af5e5-631b-4d20-8c70-00676cbc3409/002-7ec2af2c-4bea-4b06-b260-ef06a5ec3d49-downloadableSrc-f29927a6380e.webp
18d25f39-debe-491a-95d7-794f53f16869,Ending route,4687909b-d32d-4007-9fd8-466dc5f982c2,Apple Maps,b4a4f165-23c6-48d3-86e8-f4bc65da064c,0,1,0b6a3bc4-309d-4dbc-bddf-8177a7d27261,true,downloadableSrc,200,image/webp,116696,116696,4200f09e7b5059c2ea72dde06e0da89696c46d7b2398e01fcab158191df4da8e,1179,2676,,,bytescale.mobbin.com,f7a1807c1ac98ccf0eecf5078d61346ac9a94ca37a547f5708d580528c9e55c0,/Users/user/mobbin-sides/screen-flows/apple-maps/020-apple-maps-ending-route-18d25f39-debe-491a-95d7-794f53f16869/001-0b6a3bc4-309d-4dbc-bddf-8177a7d27261-downloadableSrc-4200f09e7b50.webp
18d25f39-debe-491a-95d7-794f53f16869,Ending route,4687909b-d32d-4007-9fd8-466dc5f982c2,Apple Maps,b4a4f165-23c6-48d3-86e8-f4bc65da064c,1,2,ae9b402f-89a9-4706-867c-df8b36f7e69c,true,downloadableSrc,200,image/webp,249712,249712,825b3107b0d99b8a919eee2490089d15a7ca88279921bc6a1fa53a194977ee0f,1179,2676,,,bytescale.mobbin.com,f7a1807c1ac98ccf0eecf5078d61346ac9a94ca37a547f5708d580528c9e55c0,/Users/user/mobbin-sides/screen-flows/apple-maps/020-apple-maps-ending-route-18d25f39-debe-491a-95d7-794f53f16869/002-ae9b402f-89a9-4706-867c-df8b36f7e69c-downloadableSrc-825b3107b0d9.webp
b730ef1c-3914-4b4e-bfe1-6cabea9ce3a8,Adding a stop,4687909b-d32d-4007-9fd8-466dc5f982c2,Apple Maps,b4a4f165-23c6-48d3-86e8-f4bc65da064c,0,1,579c8b7d-ef57-4855-a9d0-9ff4c7f86289,true,downloadableSrc,200,image/webp,188372,188372,d917c2e629eaf4e45a17e217518d04aed57effc977ad8b24dc0d4f54c630eb91,1179,2676,,,bytescale.mobbin.com,f7a1807c1ac98ccf0eecf5078d61346ac9a94ca37a547f5708d580528c9e55c0,/Users/user/mobbin-sides/screen-flows/apple-maps/021-apple-maps-adding-a-stop-b730ef1c-3914-4b4e-bfe1-6cabea9ce3a8/001-579c8b7d-ef57-4855-a9d0-9ff4c7f86289-downloadableSrc-d917c2e629ea.webp
b730ef1c-3914-4b4e-bfe1-6cabea9ce3a8,Adding a stop,4687909b-d32d-4007-9fd8-466dc5f982c2,Apple Maps,b4a4f165-23c6-48d3-86e8-f4bc65da064c,1,2,f389c017-0ba2-40ef-bf74-3ff228ef3f97,true,downloadableSrc,200,image/webp,67394,67394,365cd9e31a2eaf752258d28d97887cfd0ecbdb6f23b30ab0e4f4d5ac7f888816,1179,2676,,,bytescale.mobbin.com,f7a1807c1ac98ccf0eecf5078d61346ac9a94ca37a547f5708d580528c9e55c0,/Users/user/mobbin-sides/screen-flows/apple-maps/021-apple-maps-adding-a-stop-b730ef1c-3914-4b4e-bfe1-6cabea9ce3a8/002-f389c017-0ba2-40ef-bf74-3ff228ef3f97-downloadableSrc-365cd9e31a2e.webp
b730ef1c-3914-4b4e-bfe1-6cabea9ce3a8,Adding a stop,4687909b-d32d-4007-9fd8-466dc5f982c2,Apple Maps,b4a4f165-23c6-48d3-86e8-f4bc65da064c,2,3,089a5ea8-c6bf-4f82-9d0f-84294ae6c25b,true,downloadableSrc,200,image/webp,92454,92454,fc3cb011e14f99731a0c01b5e760d7078189916a3c06cc3e43dfd8dc0bf7da5a,1179,2676,,,bytescale.mobbin.com,f7a1807c1ac98ccf0eecf5078d61346ac9a94ca37a547f5708d580528c9e55c0,/Users/user/mobbin-sides/screen-flows/apple-maps/021-apple-maps-adding-a-stop-b730ef1c-3914-4b4e-bfe1-6cabea9ce3a8/003-089a5ea8-c6bf-4f82-9d0f-84294ae6c25b-downloadableSrc-fc3cb011e14f.webp
b730ef1c-3914-4b4e-bfe1-6cabea9ce3a8,Adding a stop,4687909b-d32d-4007-9fd8-466dc5f982c2,Apple Maps,b4a4f165-23c6-48d3-86e8-f4bc65da064c,3,4,68ddcf36-328b-44a7-876f-86e0c0113232,true,downloadableSrc,200,image/webp,197160,197160,5e6fe0608575dbb10207a860907169f9b699c3ab57468b7d3068dadb25e0abdf,1179,2676,,,bytescale.mobbin.com,f7a1807c1ac98ccf0eecf5078d61346ac9a94ca37a547f5708d580528c9e55c0,/Users/user/mobbin-sides/screen-flows/apple-maps/021-apple-maps-adding-a-stop-b730ef1c-3914-4b4e-bfe1-6cabea9ce3a8/004-68ddcf36-328b-44a7-876f-86e0c0113232-downloadableSrc-5e6fe0608575.webp
09963d43-ee3c-4403-b13d-bd6a65e2cf8c,Reordering stop,4687909b-d32d-4007-9fd8-466dc5f982c2,Apple Maps,b4a4f165-23c6-48d3-86e8-f4bc65da064c,0,1,68ddcf36-328b-44a7-876f-86e0c0113232,true,downloadableSrc,200,image/webp,197160,197160,5e6fe0608575dbb10207a860907169f9b699c3ab57468b7d3068dadb25e0abdf,1179,2676,,,bytescale.mobbin.com,f7a1807c1ac98ccf0eecf5078d61346ac9a94ca37a547f5708d580528c9e55c0,/Users/user/mobbin-sides/screen-flows/apple-maps/022-apple-maps-reordering-stop-09963d43-ee3c-4403-b13d-bd6a65e2cf8c/001-68ddcf36-328b-44a7-876f-86e0c0113232-downloadableSrc-5e6fe0608575.webp
09963d43-ee3c-4403-b13d-bd6a65e2cf8c,Reordering stop,4687909b-d32d-4007-9fd8-466dc5f982c2,Apple Maps,b4a4f165-23c6-48d3-86e8-f4bc65da064c,1,2,4923b0c5-0b65-4523-a267-389235024773,true,downloadableSrc,200,image/webp,194770,194770,36c2ea0c507f963921b59b593e01a1e44a1ef094441b47491355b56799823c6e,1179,2676,,,bytescale.mobbin.com,f7a1807c1ac98ccf0eecf5078d61346ac9a94ca37a547f5708d580528c9e55c0,/Users/user/mobbin-sides/screen-flows/apple-maps/022-apple-maps-reordering-stop-09963d43-ee3c-4403-b13d-bd6a65e2cf8c/002-4923b0c5-0b65-4523-a267-389235024773-downloadableSrc-36c2ea0c507f.webp
09963d43-ee3c-4403-b13d-bd6a65e2cf8c,Reordering stop,4687909b-d32d-4007-9fd8-466dc5f982c2,Apple Maps,b4a4f165-23c6-48d3-86e8-f4bc65da064c,2,3,96e38ea2-fbca-4384-86c4-1dabe933a43a,true,downloadableSrc,200,image/webp,194238,194238,f42891bc286d1216206b151977ecbb08e804b134e31a4e9baea12f0bcb8ea7ce,1179,2676,,,bytescale.mobbin.com,f7a1807c1ac98ccf0eecf5078d61346ac9a94ca37a547f5708d580528c9e55c0,/Users/user/mobbin-sides/screen-flows/apple-maps/022-apple-maps-reordering-stop-09963d43-ee3c-4403-b13d-bd6a65e2cf8c/003-96e38ea2-fbca-4384-86c4-1dabe933a43a-downloadableSrc-f42891bc286d.webp
87195eba-a897-4f0c-b35c-bd4747e64e80,Getting directions (public transport),4687909b-d32d-4007-9fd8-466dc5f982c2,Apple Maps,b4a4f165-23c6-48d3-86e8-f4bc65da064c,0,1,96e38ea2-fbca-4384-86c4-1dabe933a43a,true,downloadableSrc,200,image/webp,194238,194238,f42891bc286d1216206b151977ecbb08e804b134e31a4e9baea12f0bcb8ea7ce,1179,2676,,,bytescale.mobbin.com,f7a1807c1ac98ccf0eecf5078d61346ac9a94ca37a547f5708d580528c9e55c0,/Users/user/mobbin-sides/screen-flows/apple-maps/023-apple-maps-getting-directions-public-transport-87195eba-a897-4f0c-b35c-bd4747e64e80/001-96e38ea2-fbca-4384-86c4-1dabe933a43a-downloadableSrc-f42891bc286d.webp
87195eba-a897-4f0c-b35c-bd4747e64e80,Getting directions (public transport),4687909b-d32d-4007-9fd8-466dc5f982c2,Apple Maps,b4a4f165-23c6-48d3-86e8-f4bc65da064c,1,2,76deb21c-c45b-4fb6-9f44-31bbb0ae8a92,true,downloadableSrc,200,image/webp,94618,94618,a541c1ea7b0f7d605b718d256ebd9feca0da71676022b86874d99d2742fbaab1,1179,2676,,,bytescale.mobbin.com,f7a1807c1ac98ccf0eecf5078d61346ac9a94ca37a547f5708d580528c9e55c0,/Users/user/mobbin-sides/screen-flows/apple-maps/023-apple-maps-getting-directions-public-transport-87195eba-a897-4f0c-b35c-bd4747e64e80/002-76deb21c-c45b-4fb6-9f44-31bbb0ae8a92-downloadableSrc-a541c1ea7b0f.webp
87195eba-a897-4f0c-b35c-bd4747e64e80,Getting directions (public transport),4687909b-d32d-4007-9fd8-466dc5f982c2,Apple Maps,b4a4f165-23c6-48d3-86e8-f4bc65da064c,2,3,db9f333c-f362-421f-bd3e-2434e4fc68c8,true,downloadableSrc,200,image/webp,191252,191252,5858aa4783f0b89a51d959d788ebfb4477f3174538d5d404d2f9b724d8fefc7e,1179,2676,,,bytescale.mobbin.com,f7a1807c1ac98ccf0eecf5078d61346ac9a94ca37a547f5708d580528c9e55c0,/Users/user/mobbin-sides/screen-flows/apple-maps/023-apple-maps-getting-directions-public-transport-87195eba-a897-4f0c-b35c-bd4747e64e80/003-db9f333c-f362-421f-bd3e-2434e4fc68c8-downloadableSrc-5858aa4783f0.webp
87195eba-a897-4f0c-b35c-bd4747e64e80,Getting directions (public transport),4687909b-d32d-4007-9fd8-466dc5f982c2,Apple Maps,b4a4f165-23c6-48d3-86e8-f4bc65da064c,3,4,ff2d40e9-559a-466c-acde-1fc81f08b5d3,true,downloadableSrc,200,image/webp,116260,116260,a894546fe192290a16e759432e3570459b93d946136d4fa905c172dc06202e5c,1179,2676,,,bytescale.mobbin.com,f7a1807c1ac98ccf0eecf5078d61346ac9a94ca37a547f5708d580528c9e55c0,/Users/user/mobbin-sides/screen-flows/apple-maps/023-apple-maps-getting-directions-public-transport-87195eba-a897-4f0c-b35c-bd4747e64e80/004-ff2d40e9-559a-466c-acde-1fc81f08b5d3-downloadableSrc-a894546fe192.webp
87195eba-a897-4f0c-b35c-bd4747e64e80,Getting directions (public transport),4687909b-d32d-4007-9fd8-466dc5f982c2,Apple Maps,b4a4f165-23c6-48d3-86e8-f4bc65da064c,4,5,25c43d7c-5508-41b9-9757-083ad450e40f,true,downloadableSrc,200,image/webp,89740,89740,7f2504ad043ec07ea62c8394dea417327862ea4af01c98b1eca2f581e582be4f,1179,2676,,,bytescale.mobbin.com,f7a1807c1ac98ccf0eecf5078d61346ac9a94ca37a547f5708d580528c9e55c0,/Users/user/mobbin-sides/screen-flows/apple-maps/023-apple-maps-getting-directions-public-transport-87195eba-a897-4f0c-b35c-bd4747e64e80/005-25c43d7c-5508-41b9-9757-083ad450e40f-downloadableSrc-7f2504ad043e.webp
87195eba-a897-4f0c-b35c-bd4747e64e80,Getting directions (public transport),4687909b-d32d-4007-9fd8-466dc5f982c2,Apple Maps,b4a4f165-23c6-48d3-86e8-f4bc65da064c,5,6,6019ffc7-071d-4e27-b0cc-c9ceaeea8c45,true,downloadableSrc,200,image/webp,88442,88442,3141a73c4d72094ba484de272c26ff212e40a7fe503947ad33f228f85427198e,1179,2676,,,bytescale.mobbin.com,f7a1807c1ac98ccf0eecf5078d61346ac9a94ca37a547f5708d580528c9e55c0,/Users/user/mobbin-sides/screen-flows/apple-maps/023-apple-maps-getting-directions-public-transport-87195eba-a897-4f0c-b35c-bd4747e64e80/006-6019ffc7-071d-4e27-b0cc-c9ceaeea8c45-downloadableSrc-3141a73c4d72.webp
f3be0021-968b-4587-8728-f37e98e13b7f,Filtering routes by date,4687909b-d32d-4007-9fd8-466dc5f982c2,Apple Maps,b4a4f165-23c6-48d3-86e8-f4bc65da064c,0,1,76deb21c-c45b-4fb6-9f44-31bbb0ae8a92,true,downloadableSrc,200,image/webp,94618,94618,a541c1ea7b0f7d605b718d256ebd9feca0da71676022b86874d99d2742fbaab1,1179,2676,,,bytescale.mobbin.com,f7a1807c1ac98ccf0eecf5078d61346ac9a94ca37a547f5708d580528c9e55c0,/Users/user/mobbin-sides/screen-flows/apple-maps/024-apple-maps-filtering-routes-by-date-f3be0021-968b-4587-8728-f37e98e13b7f/001-76deb21c-c45b-4fb6-9f44-31bbb0ae8a92-downloadableSrc-a541c1ea7b0f.webp
f3be0021-968b-4587-8728-f37e98e13b7f,Filtering routes by date,4687909b-d32d-4007-9fd8-466dc5f982c2,Apple Maps,b4a4f165-23c6-48d3-86e8-f4bc65da064c,1,2,222694dc-4b41-4dc0-89a1-a4c64feb4ac6,true,downloadableSrc,200,image/webp,57234,57234,7908185884b92552017ba9879309462e9d7d96daf846727d068947c6326c73eb,1179,2676,,,bytescale.mobbin.com,f7a1807c1ac98ccf0eecf5078d61346ac9a94ca37a547f5708d580528c9e55c0,/Users/user/mobbin-sides/screen-flows/apple-maps/024-apple-maps-filtering-routes-by-date-f3be0021-968b-4587-8728-f37e98e13b7f/002-222694dc-4b41-4dc0-89a1-a4c64feb4ac6-downloadableSrc-7908185884b9.webp
f3be0021-968b-4587-8728-f37e98e13b7f,Filtering routes by date,4687909b-d32d-4007-9fd8-466dc5f982c2,Apple Maps,b4a4f165-23c6-48d3-86e8-f4bc65da064c,2,3,34b91f2e-489e-451f-8739-e5a771c4905b,true,downloadableSrc,200,image/webp,56516,56516,008c19d1dd902e8dc62db8b69d96800fa97a2306e0cfa19808308964f408ded1,1179,2676,,,bytescale.mobbin.com,f7a1807c1ac98ccf0eecf5078d61346ac9a94ca37a547f5708d580528c9e55c0,/Users/user/mobbin-sides/screen-flows/apple-maps/024-apple-maps-filtering-routes-by-date-f3be0021-968b-4587-8728-f37e98e13b7f/003-34b91f2e-489e-451f-8739-e5a771c4905b-downloadableSrc-008c19d1dd90.webp
f3be0021-968b-4587-8728-f37e98e13b7f,Filtering routes by date,4687909b-d32d-4007-9fd8-466dc5f982c2,Apple Maps,b4a4f165-23c6-48d3-86e8-f4bc65da064c,3,4,10333f3f-f891-499c-aace-aaed5408b048,true,downloadableSrc,200,image/webp,96456,96456,19028c5e497b8851d1f5557990eadc0ddacfc6c6d546273f172f6b56cf3aa393,1179,2676,,,bytescale.mobbin.com,f7a1807c1ac98ccf0eecf5078d61346ac9a94ca37a547f5708d580528c9e55c0,/Users/user/mobbin-sides/screen-flows/apple-maps/024-apple-maps-filtering-routes-by-date-f3be0021-968b-4587-8728-f37e98e13b7f/004-10333f3f-f891-499c-aace-aaed5408b048-downloadableSrc-19028c5e497b.webp
80ff0527-e9b2-4ed8-8cc8-a9ded183ad00,Filtering public transport,4687909b-d32d-4007-9fd8-466dc5f982c2,Apple Maps,b4a4f165-23c6-48d3-86e8-f4bc65da064c,0,1,76deb21c-c45b-4fb6-9f44-31bbb0ae8a92,true,downloadableSrc,200,image/webp,94618,94618,a541c1ea7b0f7d605b718d256ebd9feca0da71676022b86874d99d2742fbaab1,1179,2676,,,bytescale.mobbin.com,f7a1807c1ac98ccf0eecf5078d61346ac9a94ca37a547f5708d580528c9e55c0,/Users/user/mobbin-sides/screen-flows/apple-maps/025-apple-maps-filtering-public-transport-80ff0527-e9b2-4ed8-8cc8-a9ded183ad00/001-76deb21c-c45b-4fb6-9f44-31bbb0ae8a92-downloadableSrc-a541c1ea7b0f.webp
80ff0527-e9b2-4ed8-8cc8-a9ded183ad00,Filtering public transport,4687909b-d32d-4007-9fd8-466dc5f982c2,Apple Maps,b4a4f165-23c6-48d3-86e8-f4bc65da064c,1,2,bbcd9d83-7e9b-4d32-b294-41c99f500684,true,downloadableSrc,200,image/webp,71924,71924,0fb439a75a16980907f31767b9587cc5c57ab081a4a893c4ecdf96fddd3b44ac,1179,2676,,,bytescale.mobbin.com,f7a1807c1ac98ccf0eecf5078d61346ac9a94ca37a547f5708d580528c9e55c0,/Users/user/mobbin-sides/screen-flows/apple-maps/025-apple-maps-filtering-public-transport-80ff0527-e9b2-4ed8-8cc8-a9ded183ad00/002-bbcd9d83-7e9b-4d32-b294-41c99f500684-downloadableSrc-0fb439a75a16.webp
80ff0527-e9b2-4ed8-8cc8-a9ded183ad00,Filtering public transport,4687909b-d32d-4007-9fd8-466dc5f982c2,Apple Maps,b4a4f165-23c6-48d3-86e8-f4bc65da064c,2,3,5005a991-93a8-42ff-892c-2e11c76f8356,true,downloadableSrc,200,image/webp,71496,71496,59860243c1e8ce431e14f3eb4bb0d6ec2714a5d16ebd6d614a8a891e671b1d2a,1179,2676,,,bytescale.mobbin.com,f7a1807c1ac98ccf0eecf5078d61346ac9a94ca37a547f5708d580528c9e55c0,/Users/user/mobbin-sides/screen-flows/apple-maps/025-apple-maps-filtering-public-transport-80ff0527-e9b2-4ed8-8cc8-a9ded183ad00/003-5005a991-93a8-42ff-892c-2e11c76f8356-downloadableSrc-59860243c1e8.webp
80ff0527-e9b2-4ed8-8cc8-a9ded183ad00,Filtering public transport,4687909b-d32d-4007-9fd8-466dc5f982c2,Apple Maps,b4a4f165-23c6-48d3-86e8-f4bc65da064c,3,4,0bb47a43-43fc-409a-9565-919d7cc96db0,true,downloadableSrc,200,image/webp,98016,98016,c2848ae40d00cf8b13851e3f555b6613f85aff93736bf12b5f2fb64154d13f30,1179,2676,,,bytescale.mobbin.com,f7a1807c1ac98ccf0eecf5078d61346ac9a94ca37a547f5708d580528c9e55c0,/Users/user/mobbin-sides/screen-flows/apple-maps/025-apple-maps-filtering-public-transport-80ff0527-e9b2-4ed8-8cc8-a9ded183ad00/004-0bb47a43-43fc-409a-9565-919d7cc96db0-downloadableSrc-c2848ae40d00.webp
ef01b545-a91a-4197-95d5-c226e3ad54ef,Rating a place,4687909b-d32d-4007-9fd8-466dc5f982c2,Apple Maps,b4a4f165-23c6-48d3-86e8-f4bc65da064c,0,1,6953954a-2b88-449b-b889-f68e38685b57,true,downloadableSrc,200,image/webp,147616,147616,6ab0455a96a8a8146bd4f595160bd87d833ebe6cd3641983d1e349cb56b98cfc,1179,2676,,,bytescale.mobbin.com,f7a1807c1ac98ccf0eecf5078d61346ac9a94ca37a547f5708d580528c9e55c0,/Users/user/mobbin-sides/screen-flows/apple-maps/026-apple-maps-rating-a-place-ef01b545-a91a-4197-95d5-c226e3ad54ef/001-6953954a-2b88-449b-b889-f68e38685b57-downloadableSrc-6ab0455a96a8.webp
ef01b545-a91a-4197-95d5-c226e3ad54ef,Rating a place,4687909b-d32d-4007-9fd8-466dc5f982c2,Apple Maps,b4a4f165-23c6-48d3-86e8-f4bc65da064c,1,2,e41f44a4-feb6-4855-8e3b-1b2310487254,true,downloadableSrc,200,image/webp,93838,93838,f3db615125f9572b991e647b43927a96e6c33c71c2cd835ca375ffccd9a0fccf,1179,2676,,,bytescale.mobbin.com,f7a1807c1ac98ccf0eecf5078d61346ac9a94ca37a547f5708d580528c9e55c0,/Users/user/mobbin-sides/screen-flows/apple-maps/026-apple-maps-rating-a-place-ef01b545-a91a-4197-95d5-c226e3ad54ef/002-e41f44a4-feb6-4855-8e3b-1b2310487254-downloadableSrc-f3db615125f9.webp
ef01b545-a91a-4197-95d5-c226e3ad54ef,Rating a place,4687909b-d32d-4007-9fd8-466dc5f982c2,Apple Maps,b4a4f165-23c6-48d3-86e8-f4bc65da064c,2,3,6153b453-48d8-42c1-99ee-942e465ef365,true,downloadableSrc,200,image/webp,95928,95928,49b3542529989a370ef26a40a1ef5b19637348e1f06cf4092585678840cb6a03,1179,2676,,,bytescale.mobbin.com,f7a1807c1ac98ccf0eecf5078d61346ac9a94ca37a547f5708d580528c9e55c0,/Users/user/mobbin-sides/screen-flows/apple-maps/026-apple-maps-rating-a-place-ef01b545-a91a-4197-95d5-c226e3ad54ef/003-6153b453-48d8-42c1-99ee-942e465ef365-downloadableSrc-49b354252998.webp
ef01b545-a91a-4197-95d5-c226e3ad54ef,Rating a place,4687909b-d32d-4007-9fd8-466dc5f982c2,Apple Maps,b4a4f165-23c6-48d3-86e8-f4bc65da064c,3,4,ba74b878-2d58-4bf5-997a-6e1252b3baa2,true,downloadableSrc,200,image/webp,152112,152112,58faa75f5fc555aed3fbf910e43f736f475f169dde29a553962b2e8b370ee3c8,1179,2676,,,bytescale.mobbin.com,f7a1807c1ac98ccf0eecf5078d61346ac9a94ca37a547f5708d580528c9e55c0,/Users/user/mobbin-sides/screen-flows/apple-maps/026-apple-maps-rating-a-place-ef01b545-a91a-4197-95d5-c226e3ad54ef/004-ba74b878-2d58-4bf5-997a-6e1252b3baa2-downloadableSrc-58faa75f5fc5.webp
ef01b545-a91a-4197-95d5-c226e3ad54ef,Rating a place,4687909b-d32d-4007-9fd8-466dc5f982c2,Apple Maps,b4a4f165-23c6-48d3-86e8-f4bc65da064c,4,5,2340811d-c8b0-49d9-a0a0-4642b69180a0,true,downloadableSrc,200,image/webp,44330,44330,0ea65b9cacd8e341f01498c500ef78ab5d039fafbf15700b0a151f9bfb97be76,1179,2676,,,bytescale.mobbin.com,f7a1807c1ac98ccf0eecf5078d61346ac9a94ca37a547f5708d580528c9e55c0,/Users/user/mobbin-sides/screen-flows/apple-maps/026-apple-maps-rating-a-place-ef01b545-a91a-4197-95d5-c226e3ad54ef/005-2340811d-c8b0-49d9-a0a0-4642b69180a0-downloadableSrc-0ea65b9cacd8.webp
b7c771fc-8747-4a1a-a33f-8e3e18abf4be,Adding to guide,4687909b-d32d-4007-9fd8-466dc5f982c2,Apple Maps,b4a4f165-23c6-48d3-86e8-f4bc65da064c,0,1,6953954a-2b88-449b-b889-f68e38685b57,true,downloadableSrc,200,image/webp,147616,147616,6ab0455a96a8a8146bd4f595160bd87d833ebe6cd3641983d1e349cb56b98cfc,1179,2676,,,bytescale.mobbin.com,f7a1807c1ac98ccf0eecf5078d61346ac9a94ca37a547f5708d580528c9e55c0,/Users/user/mobbin-sides/screen-flows/apple-maps/027-apple-maps-adding-to-guide-b7c771fc-8747-4a1a-a33f-8e3e18abf4be/001-6953954a-2b88-449b-b889-f68e38685b57-downloadableSrc-6ab0455a96a8.webp
b7c771fc-8747-4a1a-a33f-8e3e18abf4be,Adding to guide,4687909b-d32d-4007-9fd8-466dc5f982c2,Apple Maps,b4a4f165-23c6-48d3-86e8-f4bc65da064c,1,2,2f39ae08-57fc-4f4b-8be2-1e58f2d6e73c,true,downloadableSrc,200,image/webp,135388,135388,391746f57358cd28ad1ebeef486237af16923daa4901ed06df85fa7e3956f8a8,1179,2676,,,bytescale.mobbin.com,f7a1807c1ac98ccf0eecf5078d61346ac9a94ca37a547f5708d580528c9e55c0,/Users/user/mobbin-sides/screen-flows/apple-maps/027-apple-maps-adding-to-guide-b7c771fc-8747-4a1a-a33f-8e3e18abf4be/002-2f39ae08-57fc-4f4b-8be2-1e58f2d6e73c-downloadableSrc-391746f57358.webp
b7c771fc-8747-4a1a-a33f-8e3e18abf4be,Adding to guide,4687909b-d32d-4007-9fd8-466dc5f982c2,Apple Maps,b4a4f165-23c6-48d3-86e8-f4bc65da064c,2,3,d6bcfdf0-262d-4b37-a1e4-311c93a4ef53,true,downloadableSrc,200,image/webp,47360,47360,36342620ff67675f2185704ac3b4500827874644544046413ead564799429a95,1179,2676,,,bytescale.mobbin.com,f7a1807c1ac98ccf0eecf5078d61346ac9a94ca37a547f5708d580528c9e55c0,/Users/user/mobbin-sides/screen-flows/apple-maps/027-apple-maps-adding-to-guide-b7c771fc-8747-4a1a-a33f-8e3e18abf4be/003-d6bcfdf0-262d-4b37-a1e4-311c93a4ef53-downloadableSrc-36342620ff67.webp
b7c771fc-8747-4a1a-a33f-8e3e18abf4be,Adding to guide,4687909b-d32d-4007-9fd8-466dc5f982c2,Apple Maps,b4a4f165-23c6-48d3-86e8-f4bc65da064c,3,4,f32a2f05-0606-4fe6-900d-aea49e4a38fa,true,downloadableSrc,200,image/webp,48008,48008,0d6a7fa90a455bac6451da939f3feda1990d73df5a8946b745cf6f2050fcec74,1179,2676,,,bytescale.mobbin.com,f7a1807c1ac98ccf0eecf5078d61346ac9a94ca37a547f5708d580528c9e55c0,/Users/user/mobbin-sides/screen-flows/apple-maps/027-apple-maps-adding-to-guide-b7c771fc-8747-4a1a-a33f-8e3e18abf4be/004-f32a2f05-0606-4fe6-900d-aea49e4a38fa-downloadableSrc-0d6a7fa90a45.webp
b7c771fc-8747-4a1a-a33f-8e3e18abf4be,Adding to guide,4687909b-d32d-4007-9fd8-466dc5f982c2,Apple Maps,b4a4f165-23c6-48d3-86e8-f4bc65da064c,4,5,ae9b402f-89a9-4706-867c-df8b36f7e69c,true,downloadableSrc,200,image/webp,249712,249712,825b3107b0d99b8a919eee2490089d15a7ca88279921bc6a1fa53a194977ee0f,1179,2676,,,bytescale.mobbin.com,f7a1807c1ac98ccf0eecf5078d61346ac9a94ca37a547f5708d580528c9e55c0,/Users/user/mobbin-sides/screen-flows/apple-maps/027-apple-maps-adding-to-guide-b7c771fc-8747-4a1a-a33f-8e3e18abf4be/005-ae9b402f-89a9-4706-867c-df8b36f7e69c-downloadableSrc-825b3107b0d9.webp
80f9b4fe-fa64-46e0-834e-8f2bd09d80fe,Featured,4687909b-d32d-4007-9fd8-466dc5f982c2,Apple Maps,b4a4f165-23c6-48d3-86e8-f4bc65da064c,0,1,5cabe74b-8525-4ac9-a9b2-73ed6248e323,true,downloadableSrc,200,image/webp,160414,160414,085f33b0b2cbe68d00cac83ed63c35ab2ad6a5e94d3e40273feb474a1cc725a7,1179,2676,,,bytescale.mobbin.com,f7a1807c1ac98ccf0eecf5078d61346ac9a94ca37a547f5708d580528c9e55c0,/Users/user/mobbin-sides/screen-flows/apple-maps/028-apple-maps-featured-80f9b4fe-fa64-46e0-834e-8f2bd09d80fe/001-5cabe74b-8525-4ac9-a9b2-73ed6248e323-downloadableSrc-085f33b0b2cb.webp
80f9b4fe-fa64-46e0-834e-8f2bd09d80fe,Featured,4687909b-d32d-4007-9fd8-466dc5f982c2,Apple Maps,b4a4f165-23c6-48d3-86e8-f4bc65da064c,1,2,c93828ef-c191-49f5-b3a1-4b8b03776491,true,downloadableSrc,200,image/webp,344064,344064,716d9e95c0cdd46afbf99c502ca2a1f62a52ecedb5219ea21d609c48ad50fca3,1179,2676,,,bytescale.mobbin.com,f7a1807c1ac98ccf0eecf5078d61346ac9a94ca37a547f5708d580528c9e55c0,/Users/user/mobbin-sides/screen-flows/apple-maps/028-apple-maps-featured-80f9b4fe-fa64-46e0-834e-8f2bd09d80fe/002-c93828ef-c191-49f5-b3a1-4b8b03776491-downloadableSrc-716d9e95c0cd.webp
80f9b4fe-fa64-46e0-834e-8f2bd09d80fe,Featured,4687909b-d32d-4007-9fd8-466dc5f982c2,Apple Maps,b4a4f165-23c6-48d3-86e8-f4bc65da064c,2,3,dd16e2d7-aa6c-4b9c-9099-a5558ff3af7d,true,downloadableSrc,200,image/webp,259986,259986,bb125d7e0095b167e5d18a1313012fa941e56452bd4e2854caf95028859bcba3,1179,2676,,,bytescale.mobbin.com,f7a1807c1ac98ccf0eecf5078d61346ac9a94ca37a547f5708d580528c9e55c0,/Users/user/mobbin-sides/screen-flows/apple-maps/028-apple-maps-featured-80f9b4fe-fa64-46e0-834e-8f2bd09d80fe/003-dd16e2d7-aa6c-4b9c-9099-a5558ff3af7d-downloadableSrc-bb125d7e0095.webp
80f9b4fe-fa64-46e0-834e-8f2bd09d80fe,Featured,4687909b-d32d-4007-9fd8-466dc5f982c2,Apple Maps,b4a4f165-23c6-48d3-86e8-f4bc65da064c,3,4,31fc1c0e-0938-42f0-b78a-92ba60b1bd67,true,downloadableSrc,200,image/webp,212592,212592,d1799f04ffe143b41124154d6b71a2168469881ae269ca7736f055a4bdf66105,1179,2676,,,bytescale.mobbin.com,f7a1807c1ac98ccf0eecf5078d61346ac9a94ca37a547f5708d580528c9e55c0,/Users/user/mobbin-sides/screen-flows/apple-maps/028-apple-maps-featured-80f9b4fe-fa64-46e0-834e-8f2bd09d80fe/004-31fc1c0e-0938-42f0-b78a-92ba60b1bd67-downloadableSrc-d1799f04ffe1.webp
335660ac-4374-4a08-b194-8e8c40d6775e,Searching Apple Maps,4687909b-d32d-4007-9fd8-466dc5f982c2,Apple Maps,b4a4f165-23c6-48d3-86e8-f4bc65da064c,0,1,428c328c-408a-4016-a366-89809c93510b,true,downloadableSrc,200,image/webp,70548,70548,9a790d193ecbdc51c883acf2bb129c57aa95c6ebaac2f3f278a026335a91b842,1179,2676,,,bytescale.mobbin.com,f7a1807c1ac98ccf0eecf5078d61346ac9a94ca37a547f5708d580528c9e55c0,/Users/user/mobbin-sides/screen-flows/apple-maps/029-apple-maps-searching-apple-maps-335660ac-4374-4a08-b194-8e8c40d6775e/001-428c328c-408a-4016-a366-89809c93510b-downloadableSrc-9a790d193ecb.webp
335660ac-4374-4a08-b194-8e8c40d6775e,Searching Apple Maps,4687909b-d32d-4007-9fd8-466dc5f982c2,Apple Maps,b4a4f165-23c6-48d3-86e8-f4bc65da064c,1,2,1457bc37-0b4b-4d07-965b-110a386774df,true,downloadableSrc,200,image/webp,194964,194964,3ca5f21932d03e67889499efa69a4fe75d59df9c50d8f55ad0c6b49e174f097f,1179,2676,,,bytescale.mobbin.com,f7a1807c1ac98ccf0eecf5078d61346ac9a94ca37a547f5708d580528c9e55c0,/Users/user/mobbin-sides/screen-flows/apple-maps/029-apple-maps-searching-apple-maps-335660ac-4374-4a08-b194-8e8c40d6775e/002-1457bc37-0b4b-4d07-965b-110a386774df-downloadableSrc-3ca5f21932d0.webp
335660ac-4374-4a08-b194-8e8c40d6775e,Searching Apple Maps,4687909b-d32d-4007-9fd8-466dc5f982c2,Apple Maps,b4a4f165-23c6-48d3-86e8-f4bc65da064c,2,3,e9bab1d0-8bf2-4307-9f04-7437fecc9f71,true,downloadableSrc,200,image/webp,190286,190286,60a6748d95e519eb4c113abc6c504ff2a6ed1b91950d2087724fcaa2f4c626bf,1179,2676,,,bytescale.mobbin.com,f7a1807c1ac98ccf0eecf5078d61346ac9a94ca37a547f5708d580528c9e55c0,/Users/user/mobbin-sides/screen-flows/apple-maps/029-apple-maps-searching-apple-maps-335660ac-4374-4a08-b194-8e8c40d6775e/003-e9bab1d0-8bf2-4307-9f04-7437fecc9f71-downloadableSrc-60a6748d95e5.webp
335660ac-4374-4a08-b194-8e8c40d6775e,Searching Apple Maps,4687909b-d32d-4007-9fd8-466dc5f982c2,Apple Maps,b4a4f165-23c6-48d3-86e8-f4bc65da064c,3,4,50fb38d5-2122-4545-a99b-ae013037dbe9,true,downloadableSrc,200,image/webp,98102,98102,199841c53b0c30dbf3cbb89f42794026ab76440585170eb5dab3cc576e3209bb,1179,2676,,,bytescale.mobbin.com,f7a1807c1ac98ccf0eecf5078d61346ac9a94ca37a547f5708d580528c9e55c0,/Users/user/mobbin-sides/screen-flows/apple-maps/029-apple-maps-searching-apple-maps-335660ac-4374-4a08-b194-8e8c40d6775e/004-50fb38d5-2122-4545-a99b-ae013037dbe9-downloadableSrc-199841c53b0c.webp
335660ac-4374-4a08-b194-8e8c40d6775e,Searching Apple Maps,4687909b-d32d-4007-9fd8-466dc5f982c2,Apple Maps,b4a4f165-23c6-48d3-86e8-f4bc65da064c,4,5,70de8b5d-f5e7-41c1-bb41-792d9558bfa6,true,downloadableSrc,200,image/webp,272728,272728,7dc4288ad822dcfbdadf8129711a1e9035b2d964dc81692632eb81b9e974d6b3,1179,2676,,,bytescale.mobbin.com,f7a1807c1ac98ccf0eecf5078d61346ac9a94ca37a547f5708d580528c9e55c0,/Users/user/mobbin-sides/screen-flows/apple-maps/029-apple-maps-searching-apple-maps-335660ac-4374-4a08-b194-8e8c40d6775e/005-70de8b5d-f5e7-41c1-bb41-792d9558bfa6-downloadableSrc-7dc4288ad822.webp
7464747e-f674-40db-bc2d-4e6db72be5cb,Gas stations,4687909b-d32d-4007-9fd8-466dc5f982c2,Apple Maps,b4a4f165-23c6-48d3-86e8-f4bc65da064c,0,1,e9bab1d0-8bf2-4307-9f04-7437fecc9f71,true,downloadableSrc,200,image/webp,190286,190286,60a6748d95e519eb4c113abc6c504ff2a6ed1b91950d2087724fcaa2f4c626bf,1179,2676,,,bytescale.mobbin.com,f7a1807c1ac98ccf0eecf5078d61346ac9a94ca37a547f5708d580528c9e55c0,/Users/user/mobbin-sides/screen-flows/apple-maps/030-apple-maps-gas-stations-7464747e-f674-40db-bc2d-4e6db72be5cb/001-e9bab1d0-8bf2-4307-9f04-7437fecc9f71-downloadableSrc-60a6748d95e5.webp
7464747e-f674-40db-bc2d-4e6db72be5cb,Gas stations,4687909b-d32d-4007-9fd8-466dc5f982c2,Apple Maps,b4a4f165-23c6-48d3-86e8-f4bc65da064c,1,2,0815d292-1e75-4a45-bd7d-2dfabcee1d68,true,downloadableSrc,200,image/webp,259464,259464,ce7f99043b27952bac17e8beadb455c4488a642b2cd55a41f43849685657c6a7,1179,2676,,,bytescale.mobbin.com,f7a1807c1ac98ccf0eecf5078d61346ac9a94ca37a547f5708d580528c9e55c0,/Users/user/mobbin-sides/screen-flows/apple-maps/030-apple-maps-gas-stations-7464747e-f674-40db-bc2d-4e6db72be5cb/002-0815d292-1e75-4a45-bd7d-2dfabcee1d68-downloadableSrc-ce7f99043b27.webp
7464747e-f674-40db-bc2d-4e6db72be5cb,Gas stations,4687909b-d32d-4007-9fd8-466dc5f982c2,Apple Maps,b4a4f165-23c6-48d3-86e8-f4bc65da064c,2,3,e47f2f0c-d839-4fc4-b378-5613feb3f1fd,true,downloadableSrc,200,image/webp,172834,172834,f1d2bb1fdf4eada3f38031ad234ed56082b242bcc71f29d57fb83bc7a8055603,1179,2676,,,bytescale.mobbin.com,f7a1807c1ac98ccf0eecf5078d61346ac9a94ca37a547f5708d580528c9e55c0,/Users/user/mobbin-sides/screen-flows/apple-maps/030-apple-maps-gas-stations-7464747e-f674-40db-bc2d-4e6db72be5cb/003-e47f2f0c-d839-4fc4-b378-5613feb3f1fd-downloadableSrc-f1d2bb1fdf4e.webp
7464747e-f674-40db-bc2d-4e6db72be5cb,Gas stations,4687909b-d32d-4007-9fd8-466dc5f982c2,Apple Maps,b4a4f165-23c6-48d3-86e8-f4bc65da064c,3,4,cc13099d-e1c2-43f0-a565-0e93c51c0c82,true,downloadableSrc,200,image/webp,253446,253446,9a635315fa93bd441e5373e2e915e54b0bab511296fe0218fcf38ab0a2db9f2b,1179,2676,,,bytescale.mobbin.com,f7a1807c1ac98ccf0eecf5078d61346ac9a94ca37a547f5708d580528c9e55c0,/Users/user/mobbin-sides/screen-flows/apple-maps/030-apple-maps-gas-stations-7464747e-f674-40db-bc2d-4e6db72be5cb/004-cc13099d-e1c2-43f0-a565-0e93c51c0c82-downloadableSrc-9a635315fa93.webp
7464747e-f674-40db-bc2d-4e6db72be5cb,Gas stations,4687909b-d32d-4007-9fd8-466dc5f982c2,Apple Maps,b4a4f165-23c6-48d3-86e8-f4bc65da064c,4,5,2fbc4073-3378-49f0-b3f8-92c57ed49af5,true,downloadableSrc,200,image/webp,154006,154006,84d85d6ec62dbf7460e1bc5d4a037198afafb8187ecd8495717d67ec027eac86,1179,2676,,,bytescale.mobbin.com,f7a1807c1ac98ccf0eecf5078d61346ac9a94ca37a547f5708d580528c9e55c0,/Users/user/mobbin-sides/screen-flows/apple-maps/030-apple-maps-gas-stations-7464747e-f674-40db-bc2d-4e6db72be5cb/005-2fbc4073-3378-49f0-b3f8-92c57ed49af5-downloadableSrc-84d85d6ec62d.webp
5e2fd335-0312-4ec8-80bf-00c0835b4835,Guides,4687909b-d32d-4007-9fd8-466dc5f982c2,Apple Maps,b4a4f165-23c6-48d3-86e8-f4bc65da064c,0,1,1457bc37-0b4b-4d07-965b-110a386774df,true,downloadableSrc,200,image/webp,194964,194964,3ca5f21932d03e67889499efa69a4fe75d59df9c50d8f55ad0c6b49e174f097f,1179,2676,,,bytescale.mobbin.com,f7a1807c1ac98ccf0eecf5078d61346ac9a94ca37a547f5708d580528c9e55c0,/Users/user/mobbin-sides/screen-flows/apple-maps/031-apple-maps-guides-5e2fd335-0312-4ec8-80bf-00c0835b4835/001-1457bc37-0b4b-4d07-965b-110a386774df-downloadableSrc-3ca5f21932d0.webp
5e2fd335-0312-4ec8-80bf-00c0835b4835,Guides,4687909b-d32d-4007-9fd8-466dc5f982c2,Apple Maps,b4a4f165-23c6-48d3-86e8-f4bc65da064c,1,2,1928de09-dda6-43cd-aa21-307c1dc7913c,true,downloadableSrc,200,image/webp,220916,220916,97dab4cc5b78fdc3ed5cc485ca4d83a58a5667d83933c358010504ea32b043b8,1179,2676,,,bytescale.mobbin.com,f7a1807c1ac98ccf0eecf5078d61346ac9a94ca37a547f5708d580528c9e55c0,/Users/user/mobbin-sides/screen-flows/apple-maps/031-apple-maps-guides-5e2fd335-0312-4ec8-80bf-00c0835b4835/002-1928de09-dda6-43cd-aa21-307c1dc7913c-downloadableSrc-97dab4cc5b78.webp
5e2fd335-0312-4ec8-80bf-00c0835b4835,Guides,4687909b-d32d-4007-9fd8-466dc5f982c2,Apple Maps,b4a4f165-23c6-48d3-86e8-f4bc65da064c,2,3,ea0c7d67-c819-4ce8-a5c8-752fd27d3365,true,downloadableSrc,200,image/webp,229480,229480,5f11802b1b99dc9fb9acf75bb50b277db4910708b478ce24e33ebfda7ee26154,1179,2676,,,bytescale.mobbin.com,f7a1807c1ac98ccf0eecf5078d61346ac9a94ca37a547f5708d580528c9e55c0,/Users/user/mobbin-sides/screen-flows/apple-maps/031-apple-maps-guides-5e2fd335-0312-4ec8-80bf-00c0835b4835/003-ea0c7d67-c819-4ce8-a5c8-752fd27d3365-downloadableSrc-5f11802b1b99.webp
5e2fd335-0312-4ec8-80bf-00c0835b4835,Guides,4687909b-d32d-4007-9fd8-466dc5f982c2,Apple Maps,b4a4f165-23c6-48d3-86e8-f4bc65da064c,3,4,b74b67d0-ed45-4cb2-97ea-c026a23eb086,true,downloadableSrc,200,image/webp,221528,221528,155952db97fccc2429010232a2463625680455a7446b4c4a1ab64d8ad1793927,1179,2676,,,bytescale.mobbin.com,f7a1807c1ac98ccf0eecf5078d61346ac9a94ca37a547f5708d580528c9e55c0,/Users/user/mobbin-sides/screen-flows/apple-maps/031-apple-maps-guides-5e2fd335-0312-4ec8-80bf-00c0835b4835/004-b74b67d0-ed45-4cb2-97ea-c026a23eb086-downloadableSrc-155952db97fc.webp
5e2fd335-0312-4ec8-80bf-00c0835b4835,Guides,4687909b-d32d-4007-9fd8-466dc5f982c2,Apple Maps,b4a4f165-23c6-48d3-86e8-f4bc65da064c,4,5,6a942d7b-7ef0-492f-89ad-6c9988322cfb,true,downloadableSrc,200,image/webp,161238,161238,e5ce92d4abc09381a2debb7b20873ec4a695ae0868ef9cce7a773acab6ae9afb,1179,2676,,,bytescale.mobbin.com,f7a1807c1ac98ccf0eecf5078d61346ac9a94ca37a547f5708d580528c9e55c0,/Users/user/mobbin-sides/screen-flows/apple-maps/031-apple-maps-guides-5e2fd335-0312-4ec8-80bf-00c0835b4835/005-6a942d7b-7ef0-492f-89ad-6c9988322cfb-downloadableSrc-e5ce92d4abc0.webp
5e2fd335-0312-4ec8-80bf-00c0835b4835,Guides,4687909b-d32d-4007-9fd8-466dc5f982c2,Apple Maps,b4a4f165-23c6-48d3-86e8-f4bc65da064c,5,6,c18b41f5-326e-4099-add4-019950457350,true,downloadableSrc,200,image/webp,159874,159874,b05d030559902653772a2dedf59cce73c0a0d1fc2215344a5a2a66fe59909966,1179,2676,,,bytescale.mobbin.com,f7a1807c1ac98ccf0eecf5078d61346ac9a94ca37a547f5708d580528c9e55c0,/Users/user/mobbin-sides/screen-flows/apple-maps/031-apple-maps-guides-5e2fd335-0312-4ec8-80bf-00c0835b4835/006-c18b41f5-326e-4099-add4-019950457350-downloadableSrc-b05d03055990.webp
cf230e70-443c-4f56-a9cb-b7c30724e916,Guide,4687909b-d32d-4007-9fd8-466dc5f982c2,Apple Maps,b4a4f165-23c6-48d3-86e8-f4bc65da064c,0,1,1928de09-dda6-43cd-aa21-307c1dc7913c,true,downloadableSrc,200,image/webp,220916,220916,97dab4cc5b78fdc3ed5cc485ca4d83a58a5667d83933c358010504ea32b043b8,1179,2676,,,bytescale.mobbin.com,f7a1807c1ac98ccf0eecf5078d61346ac9a94ca37a547f5708d580528c9e55c0,/Users/user/mobbin-sides/screen-flows/apple-maps/032-apple-maps-guide-cf230e70-443c-4f56-a9cb-b7c30724e916/001-1928de09-dda6-43cd-aa21-307c1dc7913c-downloadableSrc-97dab4cc5b78.webp
cf230e70-443c-4f56-a9cb-b7c30724e916,Guide,4687909b-d32d-4007-9fd8-466dc5f982c2,Apple Maps,b4a4f165-23c6-48d3-86e8-f4bc65da064c,1,2,ef125d25-1074-43b1-aa75-d643acc4ffc1,true,downloadableSrc,200,image/webp,267522,267522,3b4d292b68843c68d6fdc957a41772adb81968a03cf7d28d6ed2b20a5bbb3f7d,1179,2676,,,bytescale.mobbin.com,f7a1807c1ac98ccf0eecf5078d61346ac9a94ca37a547f5708d580528c9e55c0,/Users/user/mobbin-sides/screen-flows/apple-maps/032-apple-maps-guide-cf230e70-443c-4f56-a9cb-b7c30724e916/002-ef125d25-1074-43b1-aa75-d643acc4ffc1-downloadableSrc-3b4d292b6884.webp
cf230e70-443c-4f56-a9cb-b7c30724e916,Guide,4687909b-d32d-4007-9fd8-466dc5f982c2,Apple Maps,b4a4f165-23c6-48d3-86e8-f4bc65da064c,2,3,9070baa5-ce3d-46bb-9f8f-287d20e0e904,true,downloadableSrc,200,image/webp,218028,218028,c54eae7952d36745b4075465474622f1ef463bc481e564092126390942b46c98,1179,2676,,,bytescale.mobbin.com,f7a1807c1ac98ccf0eecf5078d61346ac9a94ca37a547f5708d580528c9e55c0,/Users/user/mobbin-sides/screen-flows/apple-maps/032-apple-maps-guide-cf230e70-443c-4f56-a9cb-b7c30724e916/003-9070baa5-ce3d-46bb-9f8f-287d20e0e904-downloadableSrc-c54eae7952d3.webp
cf230e70-443c-4f56-a9cb-b7c30724e916,Guide,4687909b-d32d-4007-9fd8-466dc5f982c2,Apple Maps,b4a4f165-23c6-48d3-86e8-f4bc65da064c,3,4,805b713e-47de-4ff0-a1a9-8be2d63179bd,true,downloadableSrc,200,image/webp,213336,213336,5981d6beeb5dd5b9c403769330b8151eda68cce65d3fa3cd41d46e623e24f659,1179,2676,,,bytescale.mobbin.com,f7a1807c1ac98ccf0eecf5078d61346ac9a94ca37a547f5708d580528c9e55c0,/Users/user/mobbin-sides/screen-flows/apple-maps/032-apple-maps-guide-cf230e70-443c-4f56-a9cb-b7c30724e916/004-805b713e-47de-4ff0-a1a9-8be2d63179bd-downloadableSrc-5981d6beeb5d.webp
2e741b3b-2d44-4061-b408-1ae04cfd499d,City Guides,4687909b-d32d-4007-9fd8-466dc5f982c2,Apple Maps,b4a4f165-23c6-48d3-86e8-f4bc65da064c,0,1,1457bc37-0b4b-4d07-965b-110a386774df,true,downloadableSrc,200,image/webp,194964,194964,3ca5f21932d03e67889499efa69a4fe75d59df9c50d8f55ad0c6b49e174f097f,1179,2676,,,bytescale.mobbin.com,f7a1807c1ac98ccf0eecf5078d61346ac9a94ca37a547f5708d580528c9e55c0,/Users/user/mobbin-sides/screen-flows/apple-maps/033-apple-maps-city-guides-2e741b3b-2d44-4061-b408-1ae04cfd499d/001-1457bc37-0b4b-4d07-965b-110a386774df-downloadableSrc-3ca5f21932d0.webp
2e741b3b-2d44-4061-b408-1ae04cfd499d,City Guides,4687909b-d32d-4007-9fd8-466dc5f982c2,Apple Maps,b4a4f165-23c6-48d3-86e8-f4bc65da064c,1,2,3118d21a-dc7f-42ea-a6bb-958d5394d64b,true,downloadableSrc,200,image/webp,330484,330484,ea400c194e888cc7e50d783b166cd76cfad64a533518d8e8776187a03b1bb62d,1179,2676,,,bytescale.mobbin.com,f7a1807c1ac98ccf0eecf5078d61346ac9a94ca37a547f5708d580528c9e55c0,/Users/user/mobbin-sides/screen-flows/apple-maps/033-apple-maps-city-guides-2e741b3b-2d44-4061-b408-1ae04cfd499d/002-3118d21a-dc7f-42ea-a6bb-958d5394d64b-downloadableSrc-ea400c194e88.webp
2e741b3b-2d44-4061-b408-1ae04cfd499d,City Guides,4687909b-d32d-4007-9fd8-466dc5f982c2,Apple Maps,b4a4f165-23c6-48d3-86e8-f4bc65da064c,2,3,a56c6c76-8d7b-4edc-bd3c-f0c923d8a680,true,downloadableSrc,200,image/webp,449724,449724,41234b715d6130e064556a559de6c6080116a857ea9ce92b05466914925ea3e1,1179,2676,,,bytescale.mobbin.com,f7a1807c1ac98ccf0eecf5078d61346ac9a94ca37a547f5708d580528c9e55c0,/Users/user/mobbin-sides/screen-flows/apple-maps/033-apple-maps-city-guides-2e741b3b-2d44-4061-b408-1ae04cfd499d/003-a56c6c76-8d7b-4edc-bd3c-f0c923d8a680-downloadableSrc-41234b715d61.webp
2e741b3b-2d44-4061-b408-1ae04cfd499d,City Guides,4687909b-d32d-4007-9fd8-466dc5f982c2,Apple Maps,b4a4f165-23c6-48d3-86e8-f4bc65da064c,3,4,4100f337-26a7-4f0b-af32-bb965979a292,true,downloadableSrc,200,image/webp,224740,224740,2b56033a8b4b7573e2f006efabcdfdac665b087c3231f3107a70475e25ae7488,1179,2676,,,bytescale.mobbin.com,f7a1807c1ac98ccf0eecf5078d61346ac9a94ca37a547f5708d580528c9e55c0,/Users/user/mobbin-sides/screen-flows/apple-maps/033-apple-maps-city-guides-2e741b3b-2d44-4061-b408-1ae04cfd499d/004-4100f337-26a7-4f0b-af32-bb965979a292-downloadableSrc-2b56033a8b4b.webp
bea2a926-0043-4077-ad33-bbc247f3873d,Your Guides,4687909b-d32d-4007-9fd8-466dc5f982c2,Apple Maps,b4a4f165-23c6-48d3-86e8-f4bc65da064c,0,1,6412c1f6-5425-4d51-8109-9bc8cf236445,true,downloadableSrc,200,image/webp,72532,72532,243c1fa54c3ee10f22912069737a393d1a755f3a0154c409ff2183f1812bca1e,1179,2676,,,bytescale.mobbin.com,f7a1807c1ac98ccf0eecf5078d61346ac9a94ca37a547f5708d580528c9e55c0,/Users/user/mobbin-sides/screen-flows/apple-maps/034-apple-maps-your-guides-bea2a926-0043-4077-ad33-bbc247f3873d/001-6412c1f6-5425-4d51-8109-9bc8cf236445-downloadableSrc-243c1fa54c3e.webp
bea2a926-0043-4077-ad33-bbc247f3873d,Your Guides,4687909b-d32d-4007-9fd8-466dc5f982c2,Apple Maps,b4a4f165-23c6-48d3-86e8-f4bc65da064c,1,2,b7797113-cdcb-43cf-ae08-c9568ed3a96f,true,downloadableSrc,200,image/webp,42980,42980,36780b464623cce026915ed0f02f1972c814b99482b875805336d6ce57a69c8a,1179,2676,,,bytescale.mobbin.com,f7a1807c1ac98ccf0eecf5078d61346ac9a94ca37a547f5708d580528c9e55c0,/Users/user/mobbin-sides/screen-flows/apple-maps/034-apple-maps-your-guides-bea2a926-0043-4077-ad33-bbc247f3873d/002-b7797113-cdcb-43cf-ae08-c9568ed3a96f-downloadableSrc-36780b464623.webp
bea2a926-0043-4077-ad33-bbc247f3873d,Your Guides,4687909b-d32d-4007-9fd8-466dc5f982c2,Apple Maps,b4a4f165-23c6-48d3-86e8-f4bc65da064c,2,3,dc531a17-c312-4286-a5dc-1426bbc3e95d,true,downloadableSrc,200,image/webp,53128,53128,bb5fa35cd156679dfcae348af21dce95ca6df774d27d51cd6b56efa58d79b89f,1179,2676,,,bytescale.mobbin.com,f7a1807c1ac98ccf0eecf5078d61346ac9a94ca37a547f5708d580528c9e55c0,/Users/user/mobbin-sides/screen-flows/apple-maps/034-apple-maps-your-guides-bea2a926-0043-4077-ad33-bbc247f3873d/003-dc531a17-c312-4286-a5dc-1426bbc3e95d-downloadableSrc-bb5fa35cd156.webp
8f02edb3-aa1f-4575-aa0b-6d132886862f,Creating new guides,4687909b-d32d-4007-9fd8-466dc5f982c2,Apple Maps,b4a4f165-23c6-48d3-86e8-f4bc65da064c,0,1,b7797113-cdcb-43cf-ae08-c9568ed3a96f,true,downloadableSrc,200,image/webp,42980,42980,36780b464623cce026915ed0f02f1972c814b99482b875805336d6ce57a69c8a,1179,2676,,,bytescale.mobbin.com,f7a1807c1ac98ccf0eecf5078d61346ac9a94ca37a547f5708d580528c9e55c0,/Users/user/mobbin-sides/screen-flows/apple-maps/035-apple-maps-creating-new-guides-8f02edb3-aa1f-4575-aa0b-6d132886862f/001-b7797113-cdcb-43cf-ae08-c9568ed3a96f-downloadableSrc-36780b464623.webp
8f02edb3-aa1f-4575-aa0b-6d132886862f,Creating new guides,4687909b-d32d-4007-9fd8-466dc5f982c2,Apple Maps,b4a4f165-23c6-48d3-86e8-f4bc65da064c,1,2,552f10ac-500d-47ac-b485-da9dfc541c16,true,downloadableSrc,200,image/webp,51130,51130,a8782f76798e36eaf11d190e2a48c1140825a19fbf8e27c5d133c531e6929992,1179,2676,,,bytescale.mobbin.com,f7a1807c1ac98ccf0eecf5078d61346ac9a94ca37a547f5708d580528c9e55c0,/Users/user/mobbin-sides/screen-flows/apple-maps/035-apple-maps-creating-new-guides-8f02edb3-aa1f-4575-aa0b-6d132886862f/002-552f10ac-500d-47ac-b485-da9dfc541c16-downloadableSrc-a8782f76798e.webp
8f02edb3-aa1f-4575-aa0b-6d132886862f,Creating new guides,4687909b-d32d-4007-9fd8-466dc5f982c2,Apple Maps,b4a4f165-23c6-48d3-86e8-f4bc65da064c,2,3,2f329275-8ffd-45b8-9ab3-708977d90acc,true,downloadableSrc,200,image/webp,56136,56136,6b5e1b1be4cd551ba09c715c44f17c641e1ad96f3feb4771796d45d1bdd7654c,1179,2676,,,bytescale.mobbin.com,f7a1807c1ac98ccf0eecf5078d61346ac9a94ca37a547f5708d580528c9e55c0,/Users/user/mobbin-sides/screen-flows/apple-maps/035-apple-maps-creating-new-guides-8f02edb3-aa1f-4575-aa0b-6d132886862f/003-2f329275-8ffd-45b8-9ab3-708977d90acc-downloadableSrc-6b5e1b1be4cd.webp
8f02edb3-aa1f-4575-aa0b-6d132886862f,Creating new guides,4687909b-d32d-4007-9fd8-466dc5f982c2,Apple Maps,b4a4f165-23c6-48d3-86e8-f4bc65da064c,3,4,dc531a17-c312-4286-a5dc-1426bbc3e95d,true,downloadableSrc,200,image/webp,53128,53128,bb5fa35cd156679dfcae348af21dce95ca6df774d27d51cd6b56efa58d79b89f,1179,2676,,,bytescale.mobbin.com,f7a1807c1ac98ccf0eecf5078d61346ac9a94ca37a547f5708d580528c9e55c0,/Users/user/mobbin-sides/screen-flows/apple-maps/035-apple-maps-creating-new-guides-8f02edb3-aa1f-4575-aa0b-6d132886862f/004-dc531a17-c312-4286-a5dc-1426bbc3e95d-downloadableSrc-bb5fa35cd156.webp
ebe5794a-28e8-40e1-b8dd-a82246db5da2,Deleting a guide,4687909b-d32d-4007-9fd8-466dc5f982c2,Apple Maps,b4a4f165-23c6-48d3-86e8-f4bc65da064c,0,1,dc531a17-c312-4286-a5dc-1426bbc3e95d,true,downloadableSrc,200,image/webp,53128,53128,bb5fa35cd156679dfcae348af21dce95ca6df774d27d51cd6b56efa58d79b89f,1179,2676,,,bytescale.mobbin.com,f7a1807c1ac98ccf0eecf5078d61346ac9a94ca37a547f5708d580528c9e55c0,/Users/user/mobbin-sides/screen-flows/apple-maps/036-apple-maps-deleting-a-guide-ebe5794a-28e8-40e1-b8dd-a82246db5da2/001-dc531a17-c312-4286-a5dc-1426bbc3e95d-downloadableSrc-bb5fa35cd156.webp
ebe5794a-28e8-40e1-b8dd-a82246db5da2,Deleting a guide,4687909b-d32d-4007-9fd8-466dc5f982c2,Apple Maps,b4a4f165-23c6-48d3-86e8-f4bc65da064c,1,2,901ec27f-26e9-4870-bfc1-687568ff6a03,true,downloadableSrc,200,image/webp,52940,52940,df661f252e600798f858f30dffd5adc766382f42a3dc774a4501833596603794,1179,2676,,,bytescale.mobbin.com,f7a1807c1ac98ccf0eecf5078d61346ac9a94ca37a547f5708d580528c9e55c0,/Users/user/mobbin-sides/screen-flows/apple-maps/036-apple-maps-deleting-a-guide-ebe5794a-28e8-40e1-b8dd-a82246db5da2/002-901ec27f-26e9-4870-bfc1-687568ff6a03-downloadableSrc-df661f252e60.webp
ebe5794a-28e8-40e1-b8dd-a82246db5da2,Deleting a guide,4687909b-d32d-4007-9fd8-466dc5f982c2,Apple Maps,b4a4f165-23c6-48d3-86e8-f4bc65da064c,2,3,a3192bf7-129b-4384-9911-c61e2929ae1d,true,downloadableSrc,200,image/webp,53882,53882,68b722cc06449c983c102e489b7824556b85d636ca49ae013803022dbd83c36c,1179,2676,,,bytescale.mobbin.com,f7a1807c1ac98ccf0eecf5078d61346ac9a94ca37a547f5708d580528c9e55c0,/Users/user/mobbin-sides/screen-flows/apple-maps/036-apple-maps-deleting-a-guide-ebe5794a-28e8-40e1-b8dd-a82246db5da2/003-a3192bf7-129b-4384-9911-c61e2929ae1d-downloadableSrc-68b722cc0644.webp
ebe5794a-28e8-40e1-b8dd-a82246db5da2,Deleting a guide,4687909b-d32d-4007-9fd8-466dc5f982c2,Apple Maps,b4a4f165-23c6-48d3-86e8-f4bc65da064c,3,4,891c3a5f-10d6-4c48-8490-a0cb12d0909d,true,downloadableSrc,200,image/webp,68560,68560,f036c1547afb8aaf5dc01d8c359557f9b17f0da4dd03fe56651f4bcb5265f470,1179,2676,,,bytescale.mobbin.com,f7a1807c1ac98ccf0eecf5078d61346ac9a94ca37a547f5708d580528c9e55c0,/Users/user/mobbin-sides/screen-flows/apple-maps/036-apple-maps-deleting-a-guide-ebe5794a-28e8-40e1-b8dd-a82246db5da2/004-891c3a5f-10d6-4c48-8490-a0cb12d0909d-downloadableSrc-f036c1547afb.webp
ebe5794a-28e8-40e1-b8dd-a82246db5da2,Deleting a guide,4687909b-d32d-4007-9fd8-466dc5f982c2,Apple Maps,b4a4f165-23c6-48d3-86e8-f4bc65da064c,4,5,4fd543bb-35dd-4dfb-871c-96580f210fb1,true,downloadableSrc,200,image/webp,38580,38580,0ae45ed49fba47df23d94b31c2a2ee99d0f2bac179acafaa266ba1f0639237c7,1179,2676,,,bytescale.mobbin.com,f7a1807c1ac98ccf0eecf5078d61346ac9a94ca37a547f5708d580528c9e55c0,/Users/user/mobbin-sides/screen-flows/apple-maps/036-apple-maps-deleting-a-guide-ebe5794a-28e8-40e1-b8dd-a82246db5da2/005-4fd543bb-35dd-4dfb-871c-96580f210fb1-downloadableSrc-0ae45ed49fba.webp
ce2bf500-fa28-44e1-a20e-c1841cc9f5c6,Favorite,4687909b-d32d-4007-9fd8-466dc5f982c2,Apple Maps,b4a4f165-23c6-48d3-86e8-f4bc65da064c,0,1,6412c1f6-5425-4d51-8109-9bc8cf236445,true,downloadableSrc,200,image/webp,72532,72532,243c1fa54c3ee10f22912069737a393d1a755f3a0154c409ff2183f1812bca1e,1179,2676,,,bytescale.mobbin.com,f7a1807c1ac98ccf0eecf5078d61346ac9a94ca37a547f5708d580528c9e55c0,/Users/user/mobbin-sides/screen-flows/apple-maps/037-apple-maps-favorite-ce2bf500-fa28-44e1-a20e-c1841cc9f5c6/001-6412c1f6-5425-4d51-8109-9bc8cf236445-downloadableSrc-243c1fa54c3e.webp
ce2bf500-fa28-44e1-a20e-c1841cc9f5c6,Favorite,4687909b-d32d-4007-9fd8-466dc5f982c2,Apple Maps,b4a4f165-23c6-48d3-86e8-f4bc65da064c,1,2,19cb5ded-5470-479a-aee6-07204729b146,true,downloadableSrc,200,image/webp,46038,46038,f4aaa682a07ee76dec1887d06c864af0ce2af0ef0784c84e31b3a3ef63d788f5,1179,2676,,,bytescale.mobbin.com,f7a1807c1ac98ccf0eecf5078d61346ac9a94ca37a547f5708d580528c9e55c0,/Users/user/mobbin-sides/screen-flows/apple-maps/037-apple-maps-favorite-ce2bf500-fa28-44e1-a20e-c1841cc9f5c6/002-19cb5ded-5470-479a-aee6-07204729b146-downloadableSrc-f4aaa682a07e.webp
ce2bf500-fa28-44e1-a20e-c1841cc9f5c6,Favorite,4687909b-d32d-4007-9fd8-466dc5f982c2,Apple Maps,b4a4f165-23c6-48d3-86e8-f4bc65da064c,2,3,40bba46a-8de0-483f-9b5f-a7c98a38447b,true,downloadableSrc,200,image/webp,134784,134784,ccdb00ecbdcad02bb70b8649bfdc4d2a958b11866e4bb4a416cf41fdc469c68f,1179,2676,,,bytescale.mobbin.com,f7a1807c1ac98ccf0eecf5078d61346ac9a94ca37a547f5708d580528c9e55c0,/Users/user/mobbin-sides/screen-flows/apple-maps/037-apple-maps-favorite-ce2bf500-fa28-44e1-a20e-c1841cc9f5c6/003-40bba46a-8de0-483f-9b5f-a7c98a38447b-downloadableSrc-ccdb00ecbdca.webp
9cb76ce3-0bdc-4726-b6d9-102cce788c2c,Saving places to my guides,4687909b-d32d-4007-9fd8-466dc5f982c2,Apple Maps,b4a4f165-23c6-48d3-86e8-f4bc65da064c,0,1,40bba46a-8de0-483f-9b5f-a7c98a38447b,true,downloadableSrc,200,image/webp,134784,134784,ccdb00ecbdcad02bb70b8649bfdc4d2a958b11866e4bb4a416cf41fdc469c68f,1179,2676,,,bytescale.mobbin.com,f7a1807c1ac98ccf0eecf5078d61346ac9a94ca37a547f5708d580528c9e55c0,/Users/user/mobbin-sides/screen-flows/apple-maps/038-apple-maps-saving-places-to-my-guides-9cb76ce3-0bdc-4726-b6d9-102cce788c2c/001-40bba46a-8de0-483f-9b5f-a7c98a38447b-downloadableSrc-ccdb00ecbdca.webp
9cb76ce3-0bdc-4726-b6d9-102cce788c2c,Saving places to my guides,4687909b-d32d-4007-9fd8-466dc5f982c2,Apple Maps,b4a4f165-23c6-48d3-86e8-f4bc65da064c,1,2,34f34be8-6073-42dc-9bbc-1712b200ab0c,true,downloadableSrc,200,image/webp,90064,90064,7138414d48a133310400abd3274d8ea4f0709017654713a437f694b99a4a8a5c,1179,2676,,,bytescale.mobbin.com,f7a1807c1ac98ccf0eecf5078d61346ac9a94ca37a547f5708d580528c9e55c0,/Users/user/mobbin-sides/screen-flows/apple-maps/038-apple-maps-saving-places-to-my-guides-9cb76ce3-0bdc-4726-b6d9-102cce788c2c/002-34f34be8-6073-42dc-9bbc-1712b200ab0c-downloadableSrc-7138414d48a1.webp
9cb76ce3-0bdc-4726-b6d9-102cce788c2c,Saving places to my guides,4687909b-d32d-4007-9fd8-466dc5f982c2,Apple Maps,b4a4f165-23c6-48d3-86e8-f4bc65da064c,2,3,4d13d3ce-d800-40f5-88ac-ed33ded34315,true,downloadableSrc,200,image/webp,89940,89940,d0de493dda3de81af56b8b579627cefdd0ed7f2dbfc26a3942e5299ec7fe1446,1179,2676,,,bytescale.mobbin.com,f7a1807c1ac98ccf0eecf5078d61346ac9a94ca37a547f5708d580528c9e55c0,/Users/user/mobbin-sides/screen-flows/apple-maps/038-apple-maps-saving-places-to-my-guides-9cb76ce3-0bdc-4726-b6d9-102cce788c2c/003-4d13d3ce-d800-40f5-88ac-ed33ded34315-downloadableSrc-d0de493dda3d.webp
9cb76ce3-0bdc-4726-b6d9-102cce788c2c,Saving places to my guides,4687909b-d32d-4007-9fd8-466dc5f982c2,Apple Maps,b4a4f165-23c6-48d3-86e8-f4bc65da064c,3,4,cb0613f2-835b-4f63-a6e7-da36ff6eddb3,true,downloadableSrc,200,image/webp,241186,241186,d1369e50cd626fe6714bc6137518b6b8b09eece1c868b9f65b6667c7d3dd12b7,1179,2676,,,bytescale.mobbin.com,f7a1807c1ac98ccf0eecf5078d61346ac9a94ca37a547f5708d580528c9e55c0,/Users/user/mobbin-sides/screen-flows/apple-maps/038-apple-maps-saving-places-to-my-guides-9cb76ce3-0bdc-4726-b6d9-102cce788c2c/004-cb0613f2-835b-4f63-a6e7-da36ff6eddb3-downloadableSrc-d1369e50cd62.webp
94a1eebf-b68a-4d65-a3d7-99b8a34096b9,Sorting favorites,4687909b-d32d-4007-9fd8-466dc5f982c2,Apple Maps,b4a4f165-23c6-48d3-86e8-f4bc65da064c,0,1,cb0613f2-835b-4f63-a6e7-da36ff6eddb3,true,downloadableSrc,200,image/webp,241186,241186,d1369e50cd626fe6714bc6137518b6b8b09eece1c868b9f65b6667c7d3dd12b7,1179,2676,,,bytescale.mobbin.com,f7a1807c1ac98ccf0eecf5078d61346ac9a94ca37a547f5708d580528c9e55c0,/Users/user/mobbin-sides/screen-flows/apple-maps/039-apple-maps-sorting-favorites-94a1eebf-b68a-4d65-a3d7-99b8a34096b9/001-cb0613f2-835b-4f63-a6e7-da36ff6eddb3-downloadableSrc-d1369e50cd62.webp
94a1eebf-b68a-4d65-a3d7-99b8a34096b9,Sorting favorites,4687909b-d32d-4007-9fd8-466dc5f982c2,Apple Maps,b4a4f165-23c6-48d3-86e8-f4bc65da064c,1,2,826bb330-92ee-4212-8246-540270b4de63,true,downloadableSrc,200,image/webp,221836,221836,ebc0909b05ede5d826dae6fd0dc70cbe784f343ddaee5080bc139d71d598d84d,1179,2676,,,bytescale.mobbin.com,f7a1807c1ac98ccf0eecf5078d61346ac9a94ca37a547f5708d580528c9e55c0,/Users/user/mobbin-sides/screen-flows/apple-maps/039-apple-maps-sorting-favorites-94a1eebf-b68a-4d65-a3d7-99b8a34096b9/002-826bb330-92ee-4212-8246-540270b4de63-downloadableSrc-ebc0909b05ed.webp
94a1eebf-b68a-4d65-a3d7-99b8a34096b9,Sorting favorites,4687909b-d32d-4007-9fd8-466dc5f982c2,Apple Maps,b4a4f165-23c6-48d3-86e8-f4bc65da064c,2,3,9f36c4e1-efd4-41ec-bbbc-a30ff8b164e3,true,downloadableSrc,200,image/webp,221770,221770,86f085b4ac82de9286bc9ebee4ee660e8fda7d5a50c3e12742f9f49ca1b9f10c,1179,2676,,,bytescale.mobbin.com,f7a1807c1ac98ccf0eecf5078d61346ac9a94ca37a547f5708d580528c9e55c0,/Users/user/mobbin-sides/screen-flows/apple-maps/039-apple-maps-sorting-favorites-94a1eebf-b68a-4d65-a3d7-99b8a34096b9/003-9f36c4e1-efd4-41ec-bbbc-a30ff8b164e3-downloadableSrc-86f085b4ac82.webp
94a1eebf-b68a-4d65-a3d7-99b8a34096b9,Sorting favorites,4687909b-d32d-4007-9fd8-466dc5f982c2,Apple Maps,b4a4f165-23c6-48d3-86e8-f4bc65da064c,3,4,5fd677d6-2d71-4a9b-8dc7-bbae2f2b0cee,true,downloadableSrc,200,image/webp,260858,260858,9d5ba6102d52b5628e586f04b6034321df28110337afd56206e847234f816eb3,1179,2676,,,bytescale.mobbin.com,f7a1807c1ac98ccf0eecf5078d61346ac9a94ca37a547f5708d580528c9e55c0,/Users/user/mobbin-sides/screen-flows/apple-maps/039-apple-maps-sorting-favorites-94a1eebf-b68a-4d65-a3d7-99b8a34096b9/004-5fd677d6-2d71-4a9b-8dc7-bbae2f2b0cee-downloadableSrc-9d5ba6102d52.webp
19fb23b6-f268-41dc-bcb5-5a8082d2c898,Removing place from favorites,4687909b-d32d-4007-9fd8-466dc5f982c2,Apple Maps,b4a4f165-23c6-48d3-86e8-f4bc65da064c,0,1,cb0613f2-835b-4f63-a6e7-da36ff6eddb3,true,downloadableSrc,200,image/webp,241186,241186,d1369e50cd626fe6714bc6137518b6b8b09eece1c868b9f65b6667c7d3dd12b7,1179,2676,,,bytescale.mobbin.com,f7a1807c1ac98ccf0eecf5078d61346ac9a94ca37a547f5708d580528c9e55c0,/Users/user/mobbin-sides/screen-flows/apple-maps/040-apple-maps-removing-place-from-favorites-19fb23b6-f268-41dc-bcb5-5a8082d2c898/001-cb0613f2-835b-4f63-a6e7-da36ff6eddb3-downloadableSrc-d1369e50cd62.webp
19fb23b6-f268-41dc-bcb5-5a8082d2c898,Removing place from favorites,4687909b-d32d-4007-9fd8-466dc5f982c2,Apple Maps,b4a4f165-23c6-48d3-86e8-f4bc65da064c,1,2,ae8211c2-3ad1-4260-9f25-4de9df1c0667,true,downloadableSrc,200,image/webp,61704,61704,7e9e2ff52b1e5918791f60212f4e284234686c61c71caf99af9dfc50c58699eb,1179,2676,,,bytescale.mobbin.com,f7a1807c1ac98ccf0eecf5078d61346ac9a94ca37a547f5708d580528c9e55c0,/Users/user/mobbin-sides/screen-flows/apple-maps/040-apple-maps-removing-place-from-favorites-19fb23b6-f268-41dc-bcb5-5a8082d2c898/002-ae8211c2-3ad1-4260-9f25-4de9df1c0667-downloadableSrc-7e9e2ff52b1e.webp
19fb23b6-f268-41dc-bcb5-5a8082d2c898,Removing place from favorites,4687909b-d32d-4007-9fd8-466dc5f982c2,Apple Maps,b4a4f165-23c6-48d3-86e8-f4bc65da064c,2,3,13fc562d-00a7-4505-a083-f9a8caf0ebe8,true,downloadableSrc,200,image/webp,63794,63794,7e88d18f3bd3a8b1394459774ba843733720a17d305f598be591549954f6f56e,1179,2676,,,bytescale.mobbin.com,f7a1807c1ac98ccf0eecf5078d61346ac9a94ca37a547f5708d580528c9e55c0,/Users/user/mobbin-sides/screen-flows/apple-maps/040-apple-maps-removing-place-from-favorites-19fb23b6-f268-41dc-bcb5-5a8082d2c898/003-13fc562d-00a7-4505-a083-f9a8caf0ebe8-downloadableSrc-7e88d18f3bd3.webp
19fb23b6-f268-41dc-bcb5-5a8082d2c898,Removing place from favorites,4687909b-d32d-4007-9fd8-466dc5f982c2,Apple Maps,b4a4f165-23c6-48d3-86e8-f4bc65da064c,3,4,392c35ce-b9b5-4fa5-8143-af4255d15f49,true,downloadableSrc,200,image/webp,46916,46916,2e3db942d6a135cf4be8e78e9c3b3c8fc3663c22cf7f07308a8709ed619491cc,1179,2676,,,bytescale.mobbin.com,f7a1807c1ac98ccf0eecf5078d61346ac9a94ca37a547f5708d580528c9e55c0,/Users/user/mobbin-sides/screen-flows/apple-maps/040-apple-maps-removing-place-from-favorites-19fb23b6-f268-41dc-bcb5-5a8082d2c898/004-392c35ce-b9b5-4fa5-8143-af4255d15f49-downloadableSrc-2e3db942d6a1.webp
19fb23b6-f268-41dc-bcb5-5a8082d2c898,Removing place from favorites,4687909b-d32d-4007-9fd8-466dc5f982c2,Apple Maps,b4a4f165-23c6-48d3-86e8-f4bc65da064c,4,5,19cb5ded-5470-479a-aee6-07204729b146,true,downloadableSrc,200,image/webp,46038,46038,f4aaa682a07ee76dec1887d06c864af0ce2af0ef0784c84e31b3a3ef63d788f5,1179,2676,,,bytescale.mobbin.com,f7a1807c1ac98ccf0eecf5078d61346ac9a94ca37a547f5708d580528c9e55c0,/Users/user/mobbin-sides/screen-flows/apple-maps/040-apple-maps-removing-place-from-favorites-19fb23b6-f268-41dc-bcb5-5a8082d2c898/005-19cb5ded-5470-479a-aee6-07204729b146-downloadableSrc-f4aaa682a07e.webp
cdaa7e79-febe-4681-9a71-7f15b05bce83,Profile,4687909b-d32d-4007-9fd8-466dc5f982c2,Apple Maps,b4a4f165-23c6-48d3-86e8-f4bc65da064c,0,1,428c328c-408a-4016-a366-89809c93510b,true,downloadableSrc,200,image/webp,70548,70548,9a790d193ecbdc51c883acf2bb129c57aa95c6ebaac2f3f278a026335a91b842,1179,2676,,,bytescale.mobbin.com,f7a1807c1ac98ccf0eecf5078d61346ac9a94ca37a547f5708d580528c9e55c0,/Users/user/mobbin-sides/screen-flows/apple-maps/041-apple-maps-profile-cdaa7e79-febe-4681-9a71-7f15b05bce83/001-428c328c-408a-4016-a366-89809c93510b-downloadableSrc-9a790d193ecb.webp
cdaa7e79-febe-4681-9a71-7f15b05bce83,Profile,4687909b-d32d-4007-9fd8-466dc5f982c2,Apple Maps,b4a4f165-23c6-48d3-86e8-f4bc65da064c,1,2,33997cd4-7478-4a40-b9e1-275f656055d8,true,downloadableSrc,200,image/webp,80174,80174,359cbbef3dafc998262c2e94183a8cd3412c3bb16dc996beb376f22e8bd7e97d,1179,2676,,,bytescale.mobbin.com,f7a1807c1ac98ccf0eecf5078d61346ac9a94ca37a547f5708d580528c9e55c0,/Users/user/mobbin-sides/screen-flows/apple-maps/041-apple-maps-profile-cdaa7e79-febe-4681-9a71-7f15b05bce83/002-33997cd4-7478-4a40-b9e1-275f656055d8-downloadableSrc-359cbbef3daf.webp
42add2a3-ca03-46f2-b13c-ca3ea2b70d30,Places,4687909b-d32d-4007-9fd8-466dc5f982c2,Apple Maps,b4a4f165-23c6-48d3-86e8-f4bc65da064c,0,1,33997cd4-7478-4a40-b9e1-275f656055d8,true,downloadableSrc,200,image/webp,80174,80174,359cbbef3dafc998262c2e94183a8cd3412c3bb16dc996beb376f22e8bd7e97d,1179,2676,,,bytescale.mobbin.com,f7a1807c1ac98ccf0eecf5078d61346ac9a94ca37a547f5708d580528c9e55c0,/Users/user/mobbin-sides/screen-flows/apple-maps/042-apple-maps-places-42add2a3-ca03-46f2-b13c-ca3ea2b70d30/001-33997cd4-7478-4a40-b9e1-275f656055d8-downloadableSrc-359cbbef3daf.webp
42add2a3-ca03-46f2-b13c-ca3ea2b70d30,Places,4687909b-d32d-4007-9fd8-466dc5f982c2,Apple Maps,b4a4f165-23c6-48d3-86e8-f4bc65da064c,1,2,26a7db64-b8c6-4f25-99e4-0196e01fcf84,true,downloadableSrc,200,image/webp,78814,78814,f1de9fe08e0093677218be979ae4288083bfb487d756280fa7a1558fc53ccbef,1179,2676,,,bytescale.mobbin.com,f7a1807c1ac98ccf0eecf5078d61346ac9a94ca37a547f5708d580528c9e55c0,/Users/user/mobbin-sides/screen-flows/apple-maps/042-apple-maps-places-42add2a3-ca03-46f2-b13c-ca3ea2b70d30/002-26a7db64-b8c6-4f25-99e4-0196e01fcf84-downloadableSrc-f1de9fe08e00.webp
42add2a3-ca03-46f2-b13c-ca3ea2b70d30,Places,4687909b-d32d-4007-9fd8-466dc5f982c2,Apple Maps,b4a4f165-23c6-48d3-86e8-f4bc65da064c,2,3,8fc328d1-a084-4b42-b6e3-59faad43c220,true,downloadableSrc,200,image/webp,66628,66628,40a78366c461271b28fed9931102f59c8cbbf382dc51113de721c86827ac73f2,1179,2676,,,bytescale.mobbin.com,f7a1807c1ac98ccf0eecf5078d61346ac9a94ca37a547f5708d580528c9e55c0,/Users/user/mobbin-sides/screen-flows/apple-maps/042-apple-maps-places-42add2a3-ca03-46f2-b13c-ca3ea2b70d30/003-8fc328d1-a084-4b42-b6e3-59faad43c220-downloadableSrc-40a78366c461.webp
3b0faef1-3dd0-4578-aa44-dd5ab12471bb,Reports,4687909b-d32d-4007-9fd8-466dc5f982c2,Apple Maps,b4a4f165-23c6-48d3-86e8-f4bc65da064c,0,1,33997cd4-7478-4a40-b9e1-275f656055d8,true,downloadableSrc,200,image/webp,80174,80174,359cbbef3dafc998262c2e94183a8cd3412c3bb16dc996beb376f22e8bd7e97d,1179,2676,,,bytescale.mobbin.com,f7a1807c1ac98ccf0eecf5078d61346ac9a94ca37a547f5708d580528c9e55c0,/Users/user/mobbin-sides/screen-flows/apple-maps/043-apple-maps-reports-3b0faef1-3dd0-4578-aa44-dd5ab12471bb/001-33997cd4-7478-4a40-b9e1-275f656055d8-downloadableSrc-359cbbef3daf.webp
3b0faef1-3dd0-4578-aa44-dd5ab12471bb,Reports,4687909b-d32d-4007-9fd8-466dc5f982c2,Apple Maps,b4a4f165-23c6-48d3-86e8-f4bc65da064c,1,2,21918293-e48b-48ac-ba9c-eb79fa478271,true,downloadableSrc,200,image/webp,71756,71756,eb0ac212d74bd21255f6a03f0aa95f2691c54ff8b696961abdab8f89348ba768,1179,2676,,,bytescale.mobbin.com,f7a1807c1ac98ccf0eecf5078d61346ac9a94ca37a547f5708d580528c9e55c0,/Users/user/mobbin-sides/screen-flows/apple-maps/043-apple-maps-reports-3b0faef1-3dd0-4578-aa44-dd5ab12471bb/002-21918293-e48b-48ac-ba9c-eb79fa478271-downloadableSrc-eb0ac212d74b.webp
4ec97ada-791b-49bf-8f1d-2c38db820880,Offline maps,4687909b-d32d-4007-9fd8-466dc5f982c2,Apple Maps,b4a4f165-23c6-48d3-86e8-f4bc65da064c,0,1,33997cd4-7478-4a40-b9e1-275f656055d8,true,downloadableSrc,200,image/webp,80174,80174,359cbbef3dafc998262c2e94183a8cd3412c3bb16dc996beb376f22e8bd7e97d,1179,2676,,,bytescale.mobbin.com,f7a1807c1ac98ccf0eecf5078d61346ac9a94ca37a547f5708d580528c9e55c0,/Users/user/mobbin-sides/screen-flows/apple-maps/044-apple-maps-offline-maps-4ec97ada-791b-49bf-8f1d-2c38db820880/001-33997cd4-7478-4a40-b9e1-275f656055d8-downloadableSrc-359cbbef3daf.webp
4ec97ada-791b-49bf-8f1d-2c38db820880,Offline maps,4687909b-d32d-4007-9fd8-466dc5f982c2,Apple Maps,b4a4f165-23c6-48d3-86e8-f4bc65da064c,1,2,5e96438b-72e6-4342-8c29-4ae9dc61e316,true,downloadableSrc,200,image/webp,68342,68342,41f5812eb7e558e93564ac0733a30f1e8bd1f7c6c70eb9c67f569c69203c2c67,1179,2676,,,bytescale.mobbin.com,f7a1807c1ac98ccf0eecf5078d61346ac9a94ca37a547f5708d580528c9e55c0,/Users/user/mobbin-sides/screen-flows/apple-maps/044-apple-maps-offline-maps-4ec97ada-791b-49bf-8f1d-2c38db820880/002-5e96438b-72e6-4342-8c29-4ae9dc61e316-downloadableSrc-41f5812eb7e5.webp
4ec97ada-791b-49bf-8f1d-2c38db820880,Offline maps,4687909b-d32d-4007-9fd8-466dc5f982c2,Apple Maps,b4a4f165-23c6-48d3-86e8-f4bc65da064c,2,3,389a7414-69ed-457e-a895-89ff8620f0e8,true,downloadableSrc,200,image/webp,88794,88794,deac4ba100d949db95b6d51ca1bfb773f99147c3d1a39933b84471c8fccc2c6a,1179,2676,,,bytescale.mobbin.com,f7a1807c1ac98ccf0eecf5078d61346ac9a94ca37a547f5708d580528c9e55c0,/Users/user/mobbin-sides/screen-flows/apple-maps/044-apple-maps-offline-maps-4ec97ada-791b-49bf-8f1d-2c38db820880/003-389a7414-69ed-457e-a895-89ff8620f0e8-downloadableSrc-deac4ba100d9.webp
4ec97ada-791b-49bf-8f1d-2c38db820880,Offline maps,4687909b-d32d-4007-9fd8-466dc5f982c2,Apple Maps,b4a4f165-23c6-48d3-86e8-f4bc65da064c,3,4,c82bea8f-fec3-43fc-9336-9ad502d52c4c,true,downloadableSrc,200,image/webp,121100,121100,a144ba47855692719b80f106d8a619bf51ac2b2ff7e24b36133269abe3a1dafe,1179,2676,,,bytescale.mobbin.com,f7a1807c1ac98ccf0eecf5078d61346ac9a94ca37a547f5708d580528c9e55c0,/Users/user/mobbin-sides/screen-flows/apple-maps/044-apple-maps-offline-maps-4ec97ada-791b-49bf-8f1d-2c38db820880/004-c82bea8f-fec3-43fc-9336-9ad502d52c4c-downloadableSrc-a144ba478556.webp
c3dce4f2-0706-4c20-826a-f171eb73cc3f,Ratings and photos,4687909b-d32d-4007-9fd8-466dc5f982c2,Apple Maps,b4a4f165-23c6-48d3-86e8-f4bc65da064c,0,1,33997cd4-7478-4a40-b9e1-275f656055d8,true,downloadableSrc,200,image/webp,80174,80174,359cbbef3dafc998262c2e94183a8cd3412c3bb16dc996beb376f22e8bd7e97d,1179,2676,,,bytescale.mobbin.com,f7a1807c1ac98ccf0eecf5078d61346ac9a94ca37a547f5708d580528c9e55c0,/Users/user/mobbin-sides/screen-flows/apple-maps/045-apple-maps-ratings-and-photos-c3dce4f2-0706-4c20-826a-f171eb73cc3f/001-33997cd4-7478-4a40-b9e1-275f656055d8-downloadableSrc-359cbbef3daf.webp
c3dce4f2-0706-4c20-826a-f171eb73cc3f,Ratings and photos,4687909b-d32d-4007-9fd8-466dc5f982c2,Apple Maps,b4a4f165-23c6-48d3-86e8-f4bc65da064c,1,2,78bde7f9-ec1e-4c5a-9f1d-494d96e338a2,true,downloadableSrc,200,image/webp,54176,54176,0fc5632c2f44170227110f40a5cb48137a4ae1932df01316af4bcf6444c1a8f2,1179,2676,,,bytescale.mobbin.com,f7a1807c1ac98ccf0eecf5078d61346ac9a94ca37a547f5708d580528c9e55c0,/Users/user/mobbin-sides/screen-flows/apple-maps/045-apple-maps-ratings-and-photos-c3dce4f2-0706-4c20-826a-f171eb73cc3f/002-78bde7f9-ec1e-4c5a-9f1d-494d96e338a2-downloadableSrc-0fc5632c2f44.webp
24616233-d939-4620-820b-b48db75f7ad6,Changing preferences settings,4687909b-d32d-4007-9fd8-466dc5f982c2,Apple Maps,b4a4f165-23c6-48d3-86e8-f4bc65da064c,0,1,33997cd4-7478-4a40-b9e1-275f656055d8,true,downloadableSrc,200,image/webp,80174,80174,359cbbef3dafc998262c2e94183a8cd3412c3bb16dc996beb376f22e8bd7e97d,1179,2676,,,bytescale.mobbin.com,f7a1807c1ac98ccf0eecf5078d61346ac9a94ca37a547f5708d580528c9e55c0,/Users/user/mobbin-sides/screen-flows/apple-maps/046-apple-maps-changing-preferences-settings-24616233-d939-4620-820b-b48db75f7ad6/001-33997cd4-7478-4a40-b9e1-275f656055d8-downloadableSrc-359cbbef3daf.webp
24616233-d939-4620-820b-b48db75f7ad6,Changing preferences settings,4687909b-d32d-4007-9fd8-466dc5f982c2,Apple Maps,b4a4f165-23c6-48d3-86e8-f4bc65da064c,1,2,1e05aec8-d9f3-4fd8-9afc-d290b3a00819,true,downloadableSrc,200,image/webp,66876,66876,8049986e6294214ce228555ebbc518360687b66f22a48d63114f49e5c69a562c,1179,2676,,,bytescale.mobbin.com,f7a1807c1ac98ccf0eecf5078d61346ac9a94ca37a547f5708d580528c9e55c0,/Users/user/mobbin-sides/screen-flows/apple-maps/046-apple-maps-changing-preferences-settings-24616233-d939-4620-820b-b48db75f7ad6/002-1e05aec8-d9f3-4fd8-9afc-d290b3a00819-downloadableSrc-8049986e6294.webp
24616233-d939-4620-820b-b48db75f7ad6,Changing preferences settings,4687909b-d32d-4007-9fd8-466dc5f982c2,Apple Maps,b4a4f165-23c6-48d3-86e8-f4bc65da064c,2,3,8e7fe3c8-3a1c-4fb5-ada9-03b2a5d4278f,true,downloadableSrc,200,image/webp,69778,69778,6e82543fdd17ca642a21932b97daea336c6849c8ce0331568d17428841403a91,1179,2676,,,bytescale.mobbin.com,f7a1807c1ac98ccf0eecf5078d61346ac9a94ca37a547f5708d580528c9e55c0,/Users/user/mobbin-sides/screen-flows/apple-maps/046-apple-maps-changing-preferences-settings-24616233-d939-4620-820b-b48db75f7ad6/003-8e7fe3c8-3a1c-4fb5-ada9-03b2a5d4278f-downloadableSrc-6e82543fdd17.webp
24616233-d939-4620-820b-b48db75f7ad6,Changing preferences settings,4687909b-d32d-4007-9fd8-466dc5f982c2,Apple Maps,b4a4f165-23c6-48d3-86e8-f4bc65da064c,3,4,3f16f6e3-7efd-40ee-9b82-73c3b9aa4623,true,downloadableSrc,200,image/webp,93052,93052,f865a787fa7887ebb25b9379133d382be4733f1120cbec68aa7269d8ccdd445a,1179,2676,,,bytescale.mobbin.com,f7a1807c1ac98ccf0eecf5078d61346ac9a94ca37a547f5708d580528c9e55c0,/Users/user/mobbin-sides/screen-flows/apple-maps/046-apple-maps-changing-preferences-settings-24616233-d939-4620-820b-b48db75f7ad6/004-3f16f6e3-7efd-40ee-9b82-73c3b9aa4623-downloadableSrc-f865a787fa78.webp
