flowId,flowName,appId,appName,appVersionId,order,index,screenId,restricted,descriptor,status,contentType,contentLengthHeader,bytes,sha256,width,height,declaredWidth,declaredHeight,urlHost,urlPathHash,savedPath
407a6f9a-b0c0-4fdd-85c6-7957ef72740c,Onboarding,76726de5-6734-4cb3-9302-54b39da1c1d0,Apple TV,2ff0781c-d34d-4c37-97a4-eba4fd9bd73c,0,1,ad1924b6-e13f-48a3-a998-1bfa2ab9acdd,false,downloadableSrc,200,image/webp,88064,88064,509c12cda47d1dbd794659d2f61879e0098adc6ffa746021316b8f2025ac4baf,1180,2676,,,bytescale.mobbin.com,f7a1807c1ac98ccf0eecf5078d61346ac9a94ca37a547f5708d580528c9e55c0,/Users/user/mobbin-sides/screen-flows/apple-tv/001-apple-tv-onboarding-407a6f9a-b0c0-4fdd-85c6-7957ef72740c/001-ad1924b6-e13f-48a3-a998-1bfa2ab9acdd-downloadableSrc-509c12cda47d.webp
407a6f9a-b0c0-4fdd-85c6-7957ef72740c,Onboarding,76726de5-6734-4cb3-9302-54b39da1c1d0,Apple TV,2ff0781c-d34d-4c37-97a4-eba4fd9bd73c,1,2,dfb35f09-5705-4d68-be2f-6bae3e1927fa,false,downloadableSrc,200,image/webp,54626,54626,6316590e3da9997c409c9301f7090a16b5a3e3a515008775cdd8a25e9f1a2674,1180,2676,,,bytescale.mobbin.com,f7a1807c1ac98ccf0eecf5078d61346ac9a94ca37a547f5708d580528c9e55c0,/Users/user/mobbin-sides/screen-flows/apple-tv/001-apple-tv-onboarding-407a6f9a-b0c0-4fdd-85c6-7957ef72740c/002-dfb35f09-5705-4d68-be2f-6bae3e1927fa-downloadableSrc-6316590e3da9.webp
407a6f9a-b0c0-4fdd-85c6-7957ef72740c,Onboarding,76726de5-6734-4cb3-9302-54b39da1c1d0,Apple TV,2ff0781c-d34d-4c37-97a4-eba4fd9bd73c,2,3,86a087bd-f055-4a56-91fa-aa0803ea4f1f,false,downloadableSrc,200,image/webp,172108,172108,c18c7933cdfdac458ed6d0d2def20979946f5ac153e3b090ca1471ed7d59d493,1180,2676,,,bytescale.mobbin.com,f7a1807c1ac98ccf0eecf5078d61346ac9a94ca37a547f5708d580528c9e55c0,/Users/user/mobbin-sides/screen-flows/apple-tv/001-apple-tv-onboarding-407a6f9a-b0c0-4fdd-85c6-7957ef72740c/003-86a087bd-f055-4a56-91fa-aa0803ea4f1f-downloadableSrc-c18c7933cdfd.webp
41ff7bb2-5d50-46ae-b97c-a99fe6ac01ab,Home,76726de5-6734-4cb3-9302-54b39da1c1d0,Apple TV,2ff0781c-d34d-4c37-97a4-eba4fd9bd73c,0,1,86a087bd-f055-4a56-91fa-aa0803ea4f1f,true,downloadableSrc,200,image/webp,172108,172108,c18c7933cdfdac458ed6d0d2def20979946f5ac153e3b090ca1471ed7d59d493,1180,2676,,,bytescale.mobbin.com,f7a1807c1ac98ccf0eecf5078d61346ac9a94ca37a547f5708d580528c9e55c0,/Users/user/mobbin-sides/screen-flows/apple-tv/002-apple-tv-home-41ff7bb2-5d50-46ae-b97c-a99fe6ac01ab/001-86a087bd-f055-4a56-91fa-aa0803ea4f1f-downloadableSrc-c18c7933cdfd.webp
41ff7bb2-5d50-46ae-b97c-a99fe6ac01ab,Home,76726de5-6734-4cb3-9302-54b39da1c1d0,Apple TV,2ff0781c-d34d-4c37-97a4-eba4fd9bd73c,1,2,888efda3-31e4-4ee0-a1a4-d62eacf87777,true,downloadableSrc,200,image/webp,123268,123268,be5110702ea3fa12b5bff110e1eca2a6ea83a8b627384d1d293cbb742cfc19df,1180,2676,,,bytescale.mobbin.com,f7a1807c1ac98ccf0eecf5078d61346ac9a94ca37a547f5708d580528c9e55c0,/Users/user/mobbin-sides/screen-flows/apple-tv/002-apple-tv-home-41ff7bb2-5d50-46ae-b97c-a99fe6ac01ab/002-888efda3-31e4-4ee0-a1a4-d62eacf87777-downloadableSrc-be5110702ea3.webp
41ff7bb2-5d50-46ae-b97c-a99fe6ac01ab,Home,76726de5-6734-4cb3-9302-54b39da1c1d0,Apple TV,2ff0781c-d34d-4c37-97a4-eba4fd9bd73c,2,3,de782436-595d-4d13-ba0e-6d0624cffe44,true,downloadableSrc,200,image/webp,139946,139946,92b5e4c4e8b8a6011b663df92f7499aa47205bcd9310d218c0304b69b33c8722,1180,2676,,,bytescale.mobbin.com,f7a1807c1ac98ccf0eecf5078d61346ac9a94ca37a547f5708d580528c9e55c0,/Users/user/mobbin-sides/screen-flows/apple-tv/002-apple-tv-home-41ff7bb2-5d50-46ae-b97c-a99fe6ac01ab/003-de782436-595d-4d13-ba0e-6d0624cffe44-downloadableSrc-92b5e4c4e8b8.webp
41ff7bb2-5d50-46ae-b97c-a99fe6ac01ab,Home,76726de5-6734-4cb3-9302-54b39da1c1d0,Apple TV,2ff0781c-d34d-4c37-97a4-eba4fd9bd73c,3,4,3d790f44-b7b2-48dc-bee8-5fc73a6d5c91,true,downloadableSrc,200,image/webp,232566,232566,5d2381bd4beb4e54eef8c08565d574f8dc72937c73d0c6696afc27c75ade5f19,1179,2676,,,bytescale.mobbin.com,f7a1807c1ac98ccf0eecf5078d61346ac9a94ca37a547f5708d580528c9e55c0,/Users/user/mobbin-sides/screen-flows/apple-tv/002-apple-tv-home-41ff7bb2-5d50-46ae-b97c-a99fe6ac01ab/004-3d790f44-b7b2-48dc-bee8-5fc73a6d5c91-downloadableSrc-5d2381bd4beb.webp
41ff7bb2-5d50-46ae-b97c-a99fe6ac01ab,Home,76726de5-6734-4cb3-9302-54b39da1c1d0,Apple TV,2ff0781c-d34d-4c37-97a4-eba4fd9bd73c,4,5,5bc9458e-30cc-437e-94b1-85588060b781,true,downloadableSrc,200,image/webp,243768,243768,c23dd125bd5ee9d7543767bcb8ad4ce34843f4b06dada7c8ffff2baf5bdb683d,1179,2676,,,bytescale.mobbin.com,f7a1807c1ac98ccf0eecf5078d61346ac9a94ca37a547f5708d580528c9e55c0,/Users/user/mobbin-sides/screen-flows/apple-tv/002-apple-tv-home-41ff7bb2-5d50-46ae-b97c-a99fe6ac01ab/005-5bc9458e-30cc-437e-94b1-85588060b781-downloadableSrc-c23dd125bd5e.webp
41ff7bb2-5d50-46ae-b97c-a99fe6ac01ab,Home,76726de5-6734-4cb3-9302-54b39da1c1d0,Apple TV,2ff0781c-d34d-4c37-97a4-eba4fd9bd73c,5,6,931b5699-9252-47cc-a9fb-324326addf72,true,downloadableSrc,200,image/webp,204668,204668,9f676e94e87ff3cb173764ed8d4af566fd8024695aef3c4a650584caa43d1993,1179,2676,,,bytescale.mobbin.com,f7a1807c1ac98ccf0eecf5078d61346ac9a94ca37a547f5708d580528c9e55c0,/Users/user/mobbin-sides/screen-flows/apple-tv/002-apple-tv-home-41ff7bb2-5d50-46ae-b97c-a99fe6ac01ab/006-931b5699-9252-47cc-a9fb-324326addf72-downloadableSrc-9f676e94e87f.webp
41ff7bb2-5d50-46ae-b97c-a99fe6ac01ab,Home,76726de5-6734-4cb3-9302-54b39da1c1d0,Apple TV,2ff0781c-d34d-4c37-97a4-eba4fd9bd73c,6,7,e1887ef1-2f12-46fe-ac75-f6bea10f414d,true,downloadableSrc,200,image/webp,138500,138500,02732610aade7401bec9a8462af8ca2aec67a1bd30b252e1dd11fb1741fe6c67,1180,2676,,,bytescale.mobbin.com,f7a1807c1ac98ccf0eecf5078d61346ac9a94ca37a547f5708d580528c9e55c0,/Users/user/mobbin-sides/screen-flows/apple-tv/002-apple-tv-home-41ff7bb2-5d50-46ae-b97c-a99fe6ac01ab/007-e1887ef1-2f12-46fe-ac75-f6bea10f414d-downloadableSrc-02732610aade.webp
41ff7bb2-5d50-46ae-b97c-a99fe6ac01ab,Home,76726de5-6734-4cb3-9302-54b39da1c1d0,Apple TV,2ff0781c-d34d-4c37-97a4-eba4fd9bd73c,7,8,e57ccf6f-771e-49a5-a6ec-9d37c36167fc,true,downloadableSrc,200,image/webp,148828,148828,4c97e1231e5c149904836edf5e968c493c1ee21391d5ed9213e864881fca878e,1179,2676,,,bytescale.mobbin.com,f7a1807c1ac98ccf0eecf5078d61346ac9a94ca37a547f5708d580528c9e55c0,/Users/user/mobbin-sides/screen-flows/apple-tv/002-apple-tv-home-41ff7bb2-5d50-46ae-b97c-a99fe6ac01ab/008-e57ccf6f-771e-49a5-a6ec-9d37c36167fc-downloadableSrc-4c97e1231e5c.webp
41ff7bb2-5d50-46ae-b97c-a99fe6ac01ab,Home,76726de5-6734-4cb3-9302-54b39da1c1d0,Apple TV,2ff0781c-d34d-4c37-97a4-eba4fd9bd73c,8,9,b259092b-566a-4fba-a2b6-8d37acedb8f8,true,downloadableSrc,200,image/webp,127682,127682,6c47509bafb36e09254e19fa88a4dc370f8b39819e8aa37a23277088ca5f9bec,1179,2676,,,bytescale.mobbin.com,f7a1807c1ac98ccf0eecf5078d61346ac9a94ca37a547f5708d580528c9e55c0,/Users/user/mobbin-sides/screen-flows/apple-tv/002-apple-tv-home-41ff7bb2-5d50-46ae-b97c-a99fe6ac01ab/009-b259092b-566a-4fba-a2b6-8d37acedb8f8-downloadableSrc-6c47509bafb3.webp
4d0160ab-4099-409b-a2ef-d34b4e51c678,Movie detail (Home),76726de5-6734-4cb3-9302-54b39da1c1d0,Apple TV,2ff0781c-d34d-4c37-97a4-eba4fd9bd73c,0,1,888efda3-31e4-4ee0-a1a4-d62eacf87777,true,downloadableSrc,200,image/webp,123268,123268,be5110702ea3fa12b5bff110e1eca2a6ea83a8b627384d1d293cbb742cfc19df,1180,2676,,,bytescale.mobbin.com,f7a1807c1ac98ccf0eecf5078d61346ac9a94ca37a547f5708d580528c9e55c0,/Users/user/mobbin-sides/screen-flows/apple-tv/003-apple-tv-movie-detail-home-4d0160ab-4099-409b-a2ef-d34b4e51c678/001-888efda3-31e4-4ee0-a1a4-d62eacf87777-downloadableSrc-be5110702ea3.webp
4d0160ab-4099-409b-a2ef-d34b4e51c678,Movie detail (Home),76726de5-6734-4cb3-9302-54b39da1c1d0,Apple TV,2ff0781c-d34d-4c37-97a4-eba4fd9bd73c,1,2,1ab05a98-5d63-44f1-8b01-367adbb26ef9,true,downloadableSrc,200,image/webp,140876,140876,8032f455f5ad062e9d4dc48e427f8067c200fca46d28733475352fdf77423c37,1179,2676,,,bytescale.mobbin.com,f7a1807c1ac98ccf0eecf5078d61346ac9a94ca37a547f5708d580528c9e55c0,/Users/user/mobbin-sides/screen-flows/apple-tv/003-apple-tv-movie-detail-home-4d0160ab-4099-409b-a2ef-d34b4e51c678/002-1ab05a98-5d63-44f1-8b01-367adbb26ef9-downloadableSrc-8032f455f5ad.webp
4d0160ab-4099-409b-a2ef-d34b4e51c678,Movie detail (Home),76726de5-6734-4cb3-9302-54b39da1c1d0,Apple TV,2ff0781c-d34d-4c37-97a4-eba4fd9bd73c,2,3,9f666665-8809-4489-a80e-1e13925ce2cf,true,downloadableSrc,200,image/webp,106070,106070,9317de80c299b8690e89f7f40d52523a1c317ee4e7b1a440614a37b70bb490c7,1179,2676,,,bytescale.mobbin.com,f7a1807c1ac98ccf0eecf5078d61346ac9a94ca37a547f5708d580528c9e55c0,/Users/user/mobbin-sides/screen-flows/apple-tv/003-apple-tv-movie-detail-home-4d0160ab-4099-409b-a2ef-d34b4e51c678/003-9f666665-8809-4489-a80e-1e13925ce2cf-downloadableSrc-9317de80c299.webp
4d0160ab-4099-409b-a2ef-d34b4e51c678,Movie detail (Home),76726de5-6734-4cb3-9302-54b39da1c1d0,Apple TV,2ff0781c-d34d-4c37-97a4-eba4fd9bd73c,3,4,92954465-4a2b-4b0c-aae4-74b9549d4616,true,downloadableSrc,200,image/webp,92740,92740,f684d767bc09c423d230bde7007ef696cb673361c4a13cce0ae51dc595847f75,1179,2676,,,bytescale.mobbin.com,f7a1807c1ac98ccf0eecf5078d61346ac9a94ca37a547f5708d580528c9e55c0,/Users/user/mobbin-sides/screen-flows/apple-tv/003-apple-tv-movie-detail-home-4d0160ab-4099-409b-a2ef-d34b4e51c678/004-92954465-4a2b-4b0c-aae4-74b9549d4616-downloadableSrc-f684d767bc09.webp
4d0160ab-4099-409b-a2ef-d34b4e51c678,Movie detail (Home),76726de5-6734-4cb3-9302-54b39da1c1d0,Apple TV,2ff0781c-d34d-4c37-97a4-eba4fd9bd73c,4,5,05b2e83c-9906-4d12-8864-85d535c187e2,true,downloadableSrc,200,image/webp,149950,149950,e5a1eab6ef1ed4db073fe2abf1dee804d5010746b9a9593e1c19174d33d07f30,1179,2676,,,bytescale.mobbin.com,f7a1807c1ac98ccf0eecf5078d61346ac9a94ca37a547f5708d580528c9e55c0,/Users/user/mobbin-sides/screen-flows/apple-tv/003-apple-tv-movie-detail-home-4d0160ab-4099-409b-a2ef-d34b4e51c678/005-05b2e83c-9906-4d12-8864-85d535c187e2-downloadableSrc-e5a1eab6ef1e.webp
4d0160ab-4099-409b-a2ef-d34b4e51c678,Movie detail (Home),76726de5-6734-4cb3-9302-54b39da1c1d0,Apple TV,2ff0781c-d34d-4c37-97a4-eba4fd9bd73c,5,6,52f71812-f34c-417c-b17b-f445bb0bb8d1,true,downloadableSrc,200,image/webp,117830,117830,60a4f6bdc2d48ed8df06e7f73258a009f110d64e2ed3bd212aa20d7541af1014,1179,2676,,,bytescale.mobbin.com,f7a1807c1ac98ccf0eecf5078d61346ac9a94ca37a547f5708d580528c9e55c0,/Users/user/mobbin-sides/screen-flows/apple-tv/003-apple-tv-movie-detail-home-4d0160ab-4099-409b-a2ef-d34b4e51c678/006-52f71812-f34c-417c-b17b-f445bb0bb8d1-downloadableSrc-60a4f6bdc2d4.webp
4d0160ab-4099-409b-a2ef-d34b4e51c678,Movie detail (Home),76726de5-6734-4cb3-9302-54b39da1c1d0,Apple TV,2ff0781c-d34d-4c37-97a4-eba4fd9bd73c,6,7,66eab4b9-834d-4f8b-8a8c-c2eec5256369,true,downloadableSrc,200,image/webp,113012,113012,24d9fb9795cf6d6e2c8ffa2a21d96c481e8a86c6ad34f7a7ce969fa28747522a,1179,2676,,,bytescale.mobbin.com,f7a1807c1ac98ccf0eecf5078d61346ac9a94ca37a547f5708d580528c9e55c0,/Users/user/mobbin-sides/screen-flows/apple-tv/003-apple-tv-movie-detail-home-4d0160ab-4099-409b-a2ef-d34b4e51c678/007-66eab4b9-834d-4f8b-8a8c-c2eec5256369-downloadableSrc-24d9fb9795cf.webp
ad196909-8047-48ae-af67-9385405d7c48,Information,76726de5-6734-4cb3-9302-54b39da1c1d0,Apple TV,2ff0781c-d34d-4c37-97a4-eba4fd9bd73c,0,1,1ab05a98-5d63-44f1-8b01-367adbb26ef9,true,downloadableSrc,200,image/webp,140876,140876,8032f455f5ad062e9d4dc48e427f8067c200fca46d28733475352fdf77423c37,1179,2676,,,bytescale.mobbin.com,f7a1807c1ac98ccf0eecf5078d61346ac9a94ca37a547f5708d580528c9e55c0,/Users/user/mobbin-sides/screen-flows/apple-tv/004-apple-tv-information-ad196909-8047-48ae-af67-9385405d7c48/001-1ab05a98-5d63-44f1-8b01-367adbb26ef9-downloadableSrc-8032f455f5ad.webp
ad196909-8047-48ae-af67-9385405d7c48,Information,76726de5-6734-4cb3-9302-54b39da1c1d0,Apple TV,2ff0781c-d34d-4c37-97a4-eba4fd9bd73c,1,2,ea879e3f-c6a9-470e-85b3-087359417682,true,downloadableSrc,200,image/webp,120938,120938,fa7ef692a20f860a7be143047e60d54fe987b7cb9ca8e62cf122fa8821f20e37,1179,2676,,,bytescale.mobbin.com,f7a1807c1ac98ccf0eecf5078d61346ac9a94ca37a547f5708d580528c9e55c0,/Users/user/mobbin-sides/screen-flows/apple-tv/004-apple-tv-information-ad196909-8047-48ae-af67-9385405d7c48/002-ea879e3f-c6a9-470e-85b3-087359417682-downloadableSrc-fa7ef692a20f.webp
ad196909-8047-48ae-af67-9385405d7c48,Information,76726de5-6734-4cb3-9302-54b39da1c1d0,Apple TV,2ff0781c-d34d-4c37-97a4-eba4fd9bd73c,2,3,968ed4d6-ed79-41c4-a55f-1cfecba47d70,true,downloadableSrc,200,image/webp,144930,144930,bee2ba3aeab84b61293ccc1808062878fc7201fe430b14429c4ac236b3eec61d,1179,2676,,,bytescale.mobbin.com,f7a1807c1ac98ccf0eecf5078d61346ac9a94ca37a547f5708d580528c9e55c0,/Users/user/mobbin-sides/screen-flows/apple-tv/004-apple-tv-information-ad196909-8047-48ae-af67-9385405d7c48/003-968ed4d6-ed79-41c4-a55f-1cfecba47d70-downloadableSrc-bee2ba3aeab8.webp
518bdb6b-b343-45b1-8850-f50ae3be9733,Watching a haptic trailer,76726de5-6734-4cb3-9302-54b39da1c1d0,Apple TV,2ff0781c-d34d-4c37-97a4-eba4fd9bd73c,0,1,92954465-4a2b-4b0c-aae4-74b9549d4616,true,downloadableSrc,200,image/webp,92740,92740,f684d767bc09c423d230bde7007ef696cb673361c4a13cce0ae51dc595847f75,1179,2676,,,bytescale.mobbin.com,f7a1807c1ac98ccf0eecf5078d61346ac9a94ca37a547f5708d580528c9e55c0,/Users/user/mobbin-sides/screen-flows/apple-tv/005-apple-tv-watching-a-haptic-trailer-518bdb6b-b343-45b1-8850-f50ae3be9733/001-92954465-4a2b-4b0c-aae4-74b9549d4616-downloadableSrc-f684d767bc09.webp
518bdb6b-b343-45b1-8850-f50ae3be9733,Watching a haptic trailer,76726de5-6734-4cb3-9302-54b39da1c1d0,Apple TV,2ff0781c-d34d-4c37-97a4-eba4fd9bd73c,1,2,3a7f3095-dba3-45a8-ae7f-e83dbe2e082b,true,downloadableSrc,200,image/webp,57222,57222,75605f7700d1c3ed25dc50c5e4e87e9b16cb5265deca283b68c06910510fa6e0,1179,2676,,,bytescale.mobbin.com,f7a1807c1ac98ccf0eecf5078d61346ac9a94ca37a547f5708d580528c9e55c0,/Users/user/mobbin-sides/screen-flows/apple-tv/005-apple-tv-watching-a-haptic-trailer-518bdb6b-b343-45b1-8850-f50ae3be9733/002-3a7f3095-dba3-45a8-ae7f-e83dbe2e082b-downloadableSrc-75605f7700d1.webp
518bdb6b-b343-45b1-8850-f50ae3be9733,Watching a haptic trailer,76726de5-6734-4cb3-9302-54b39da1c1d0,Apple TV,2ff0781c-d34d-4c37-97a4-eba4fd9bd73c,2,3,2427d3e4-9dae-43d6-99ee-7ffe51f2d299,true,downloadableSrc,200,image/webp,44038,44038,d98de71f2b783736dd5371b6891e8665a348fc7bca85fcb29afb17ca726109fd,1179,2676,,,bytescale.mobbin.com,f7a1807c1ac98ccf0eecf5078d61346ac9a94ca37a547f5708d580528c9e55c0,/Users/user/mobbin-sides/screen-flows/apple-tv/005-apple-tv-watching-a-haptic-trailer-518bdb6b-b343-45b1-8850-f50ae3be9733/003-2427d3e4-9dae-43d6-99ee-7ffe51f2d299-downloadableSrc-d98de71f2b78.webp
0d6a2342-a542-4e6c-96d8-f72cd4b05ca6,Cast & crew,76726de5-6734-4cb3-9302-54b39da1c1d0,Apple TV,2ff0781c-d34d-4c37-97a4-eba4fd9bd73c,0,1,52f71812-f34c-417c-b17b-f445bb0bb8d1,true,downloadableSrc,200,image/webp,117830,117830,60a4f6bdc2d48ed8df06e7f73258a009f110d64e2ed3bd212aa20d7541af1014,1179,2676,,,bytescale.mobbin.com,f7a1807c1ac98ccf0eecf5078d61346ac9a94ca37a547f5708d580528c9e55c0,/Users/user/mobbin-sides/screen-flows/apple-tv/006-apple-tv-cast-and-crew-0d6a2342-a542-4e6c-96d8-f72cd4b05ca6/001-52f71812-f34c-417c-b17b-f445bb0bb8d1-downloadableSrc-60a4f6bdc2d4.webp
0d6a2342-a542-4e6c-96d8-f72cd4b05ca6,Cast & crew,76726de5-6734-4cb3-9302-54b39da1c1d0,Apple TV,2ff0781c-d34d-4c37-97a4-eba4fd9bd73c,1,2,80567033-0a03-4450-b95a-a65f0fb51fdd,true,downloadableSrc,200,image/webp,82974,82974,3203f4e70487decd025482fae3d5279c78b4b767bee2d904014107d87c38fb86,1179,2676,,,bytescale.mobbin.com,f7a1807c1ac98ccf0eecf5078d61346ac9a94ca37a547f5708d580528c9e55c0,/Users/user/mobbin-sides/screen-flows/apple-tv/006-apple-tv-cast-and-crew-0d6a2342-a542-4e6c-96d8-f72cd4b05ca6/002-80567033-0a03-4450-b95a-a65f0fb51fdd-downloadableSrc-3203f4e70487.webp
00041086-6e2c-42e0-b765-cd701380550e,Cast detail,76726de5-6734-4cb3-9302-54b39da1c1d0,Apple TV,2ff0781c-d34d-4c37-97a4-eba4fd9bd73c,0,1,80567033-0a03-4450-b95a-a65f0fb51fdd,true,downloadableSrc,200,image/webp,82974,82974,3203f4e70487decd025482fae3d5279c78b4b767bee2d904014107d87c38fb86,1179,2676,,,bytescale.mobbin.com,f7a1807c1ac98ccf0eecf5078d61346ac9a94ca37a547f5708d580528c9e55c0,/Users/user/mobbin-sides/screen-flows/apple-tv/007-apple-tv-cast-detail-00041086-6e2c-42e0-b765-cd701380550e/001-80567033-0a03-4450-b95a-a65f0fb51fdd-downloadableSrc-3203f4e70487.webp
00041086-6e2c-42e0-b765-cd701380550e,Cast detail,76726de5-6734-4cb3-9302-54b39da1c1d0,Apple TV,2ff0781c-d34d-4c37-97a4-eba4fd9bd73c,1,2,13020bce-2090-4c69-890c-1740fb062bd9,true,downloadableSrc,200,image/webp,201458,201458,3f8385a0d1e29512fdd74a1903cb483322d7e71b07b7aeb158aac057ca00dc8c,1179,2676,,,bytescale.mobbin.com,f7a1807c1ac98ccf0eecf5078d61346ac9a94ca37a547f5708d580528c9e55c0,/Users/user/mobbin-sides/screen-flows/apple-tv/007-apple-tv-cast-detail-00041086-6e2c-42e0-b765-cd701380550e/002-13020bce-2090-4c69-890c-1740fb062bd9-downloadableSrc-3f8385a0d1e2.webp
6e161a7d-8d76-40ab-b8b4-e46223a7b669,TV show detail,76726de5-6734-4cb3-9302-54b39da1c1d0,Apple TV,2ff0781c-d34d-4c37-97a4-eba4fd9bd73c,0,1,5bc9458e-30cc-437e-94b1-85588060b781,true,downloadableSrc,200,image/webp,243768,243768,c23dd125bd5ee9d7543767bcb8ad4ce34843f4b06dada7c8ffff2baf5bdb683d,1179,2676,,,bytescale.mobbin.com,f7a1807c1ac98ccf0eecf5078d61346ac9a94ca37a547f5708d580528c9e55c0,/Users/user/mobbin-sides/screen-flows/apple-tv/008-apple-tv-tv-show-detail-6e161a7d-8d76-40ab-b8b4-e46223a7b669/001-5bc9458e-30cc-437e-94b1-85588060b781-downloadableSrc-c23dd125bd5e.webp
6e161a7d-8d76-40ab-b8b4-e46223a7b669,TV show detail,76726de5-6734-4cb3-9302-54b39da1c1d0,Apple TV,2ff0781c-d34d-4c37-97a4-eba4fd9bd73c,1,2,1cc3a120-544a-41d7-94fc-d6db90c42d4e,true,downloadableSrc,200,image/webp,152940,152940,fd0398cd6a6e8e79ffaf7f73ce0f104d54cad3a7623cffe34450a0ba532e28ef,1179,2676,,,bytescale.mobbin.com,f7a1807c1ac98ccf0eecf5078d61346ac9a94ca37a547f5708d580528c9e55c0,/Users/user/mobbin-sides/screen-flows/apple-tv/008-apple-tv-tv-show-detail-6e161a7d-8d76-40ab-b8b4-e46223a7b669/002-1cc3a120-544a-41d7-94fc-d6db90c42d4e-downloadableSrc-fd0398cd6a6e.webp
6e161a7d-8d76-40ab-b8b4-e46223a7b669,TV show detail,76726de5-6734-4cb3-9302-54b39da1c1d0,Apple TV,2ff0781c-d34d-4c37-97a4-eba4fd9bd73c,2,3,0582abf6-1344-4b6a-954a-c824a6babe58,true,downloadableSrc,200,image/webp,150754,150754,d59b96532f34a068aeb70f4ea90e3ecb377f7012ab6fc94d18f57d7300879f43,1179,2676,,,bytescale.mobbin.com,f7a1807c1ac98ccf0eecf5078d61346ac9a94ca37a547f5708d580528c9e55c0,/Users/user/mobbin-sides/screen-flows/apple-tv/008-apple-tv-tv-show-detail-6e161a7d-8d76-40ab-b8b4-e46223a7b669/003-0582abf6-1344-4b6a-954a-c824a6babe58-downloadableSrc-d59b96532f34.webp
6e161a7d-8d76-40ab-b8b4-e46223a7b669,TV show detail,76726de5-6734-4cb3-9302-54b39da1c1d0,Apple TV,2ff0781c-d34d-4c37-97a4-eba4fd9bd73c,3,4,db927438-79af-4676-ad4e-4cd275dd3dd3,true,downloadableSrc,200,image/webp,161078,161078,b5e9b8519e40df9bdfd5ceef373623f3bb3f3acb80f9d900e54c08dd84895474,1179,2676,,,bytescale.mobbin.com,f7a1807c1ac98ccf0eecf5078d61346ac9a94ca37a547f5708d580528c9e55c0,/Users/user/mobbin-sides/screen-flows/apple-tv/008-apple-tv-tv-show-detail-6e161a7d-8d76-40ab-b8b4-e46223a7b669/004-db927438-79af-4676-ad4e-4cd275dd3dd3-downloadableSrc-b5e9b8519e40.webp
6e161a7d-8d76-40ab-b8b4-e46223a7b669,TV show detail,76726de5-6734-4cb3-9302-54b39da1c1d0,Apple TV,2ff0781c-d34d-4c37-97a4-eba4fd9bd73c,4,5,00edb30a-37f3-42c3-8c07-d1961a593819,true,downloadableSrc,200,image/webp,163356,163356,a26db64b24ef2dd88e65141dc73ab8e8183670316d5e5d65fed236d3e0c9333f,1179,2676,,,bytescale.mobbin.com,f7a1807c1ac98ccf0eecf5078d61346ac9a94ca37a547f5708d580528c9e55c0,/Users/user/mobbin-sides/screen-flows/apple-tv/008-apple-tv-tv-show-detail-6e161a7d-8d76-40ab-b8b4-e46223a7b669/005-00edb30a-37f3-42c3-8c07-d1961a593819-downloadableSrc-a26db64b24ef.webp
c3ab6524-d7be-4246-a516-1ecbd420c684,Watching an episode,76726de5-6734-4cb3-9302-54b39da1c1d0,Apple TV,2ff0781c-d34d-4c37-97a4-eba4fd9bd73c,0,1,db927438-79af-4676-ad4e-4cd275dd3dd3,true,downloadableSrc,200,image/webp,161078,161078,b5e9b8519e40df9bdfd5ceef373623f3bb3f3acb80f9d900e54c08dd84895474,1179,2676,,,bytescale.mobbin.com,f7a1807c1ac98ccf0eecf5078d61346ac9a94ca37a547f5708d580528c9e55c0,/Users/user/mobbin-sides/screen-flows/apple-tv/009-apple-tv-watching-an-episode-c3ab6524-d7be-4246-a516-1ecbd420c684/001-db927438-79af-4676-ad4e-4cd275dd3dd3-downloadableSrc-b5e9b8519e40.webp
c3ab6524-d7be-4246-a516-1ecbd420c684,Watching an episode,76726de5-6734-4cb3-9302-54b39da1c1d0,Apple TV,2ff0781c-d34d-4c37-97a4-eba4fd9bd73c,1,2,aad496de-a296-423a-94e3-8847b224df4f,true,downloadableSrc,200,image/webp,34468,34468,15f09cba734a9d483c0e93c3cd53b49f51e0539cb8edc144a3b7e7c4c09945fe,1180,2676,,,bytescale.mobbin.com,f7a1807c1ac98ccf0eecf5078d61346ac9a94ca37a547f5708d580528c9e55c0,/Users/user/mobbin-sides/screen-flows/apple-tv/009-apple-tv-watching-an-episode-c3ab6524-d7be-4246-a516-1ecbd420c684/002-aad496de-a296-423a-94e3-8847b224df4f-downloadableSrc-15f09cba734a.webp
c3ab6524-d7be-4246-a516-1ecbd420c684,Watching an episode,76726de5-6734-4cb3-9302-54b39da1c1d0,Apple TV,2ff0781c-d34d-4c37-97a4-eba4fd9bd73c,2,3,f05ec92c-2523-4358-981a-ec48f62bb298,true,downloadableSrc,200,image/webp,13846,13846,26229ccb68a4de3e062d49a0bd01c02cdfb6f6ed583579a6e7a4d0674deaea56,1180,2676,,,bytescale.mobbin.com,f7a1807c1ac98ccf0eecf5078d61346ac9a94ca37a547f5708d580528c9e55c0,/Users/user/mobbin-sides/screen-flows/apple-tv/009-apple-tv-watching-an-episode-c3ab6524-d7be-4246-a516-1ecbd420c684/003-f05ec92c-2523-4358-981a-ec48f62bb298-downloadableSrc-26229ccb68a4.webp
c3ab6524-d7be-4246-a516-1ecbd420c684,Watching an episode,76726de5-6734-4cb3-9302-54b39da1c1d0,Apple TV,2ff0781c-d34d-4c37-97a4-eba4fd9bd73c,3,4,76f840ca-f975-4e35-9efb-cb0f471db36f,true,downloadableSrc,200,image/webp,60438,60438,ac34606cab711e42c574d0aa212baa196cdd22daf9dc388082a3c6080f4c72c0,1180,2676,,,bytescale.mobbin.com,f7a1807c1ac98ccf0eecf5078d61346ac9a94ca37a547f5708d580528c9e55c0,/Users/user/mobbin-sides/screen-flows/apple-tv/009-apple-tv-watching-an-episode-c3ab6524-d7be-4246-a516-1ecbd420c684/004-76f840ca-f975-4e35-9efb-cb0f471db36f-downloadableSrc-ac34606cab71.webp
c3ab6524-d7be-4246-a516-1ecbd420c684,Watching an episode,76726de5-6734-4cb3-9302-54b39da1c1d0,Apple TV,2ff0781c-d34d-4c37-97a4-eba4fd9bd73c,4,5,f989b391-d7c1-459f-bb1d-eebe90d56fd2,true,downloadableSrc,200,image/webp,14650,14650,930480ef7fdc5fb969b79c6d3637a27b79b5c9e944b03a428bf8efda547fe878,1180,2676,,,bytescale.mobbin.com,f7a1807c1ac98ccf0eecf5078d61346ac9a94ca37a547f5708d580528c9e55c0,/Users/user/mobbin-sides/screen-flows/apple-tv/009-apple-tv-watching-an-episode-c3ab6524-d7be-4246-a516-1ecbd420c684/005-f989b391-d7c1-459f-bb1d-eebe90d56fd2-downloadableSrc-930480ef7fdc.webp
7325feab-f9dc-4bd3-8704-88201345df52,Turning on subtitle,76726de5-6734-4cb3-9302-54b39da1c1d0,Apple TV,2ff0781c-d34d-4c37-97a4-eba4fd9bd73c,0,1,aad496de-a296-423a-94e3-8847b224df4f,true,downloadableSrc,200,image/webp,34468,34468,15f09cba734a9d483c0e93c3cd53b49f51e0539cb8edc144a3b7e7c4c09945fe,1180,2676,,,bytescale.mobbin.com,f7a1807c1ac98ccf0eecf5078d61346ac9a94ca37a547f5708d580528c9e55c0,/Users/user/mobbin-sides/screen-flows/apple-tv/010-apple-tv-turning-on-subtitle-7325feab-f9dc-4bd3-8704-88201345df52/001-aad496de-a296-423a-94e3-8847b224df4f-downloadableSrc-15f09cba734a.webp
7325feab-f9dc-4bd3-8704-88201345df52,Turning on subtitle,76726de5-6734-4cb3-9302-54b39da1c1d0,Apple TV,2ff0781c-d34d-4c37-97a4-eba4fd9bd73c,1,2,31ea9343-96c1-445a-822a-dbfb62a897a8,true,downloadableSrc,200,image/webp,33400,33400,1e0108294fb6830dd5a7469412a1a60744fce30bf840938da060b676ab33e225,1179,2676,,,bytescale.mobbin.com,f7a1807c1ac98ccf0eecf5078d61346ac9a94ca37a547f5708d580528c9e55c0,/Users/user/mobbin-sides/screen-flows/apple-tv/010-apple-tv-turning-on-subtitle-7325feab-f9dc-4bd3-8704-88201345df52/002-31ea9343-96c1-445a-822a-dbfb62a897a8-downloadableSrc-1e0108294fb6.webp
7325feab-f9dc-4bd3-8704-88201345df52,Turning on subtitle,76726de5-6734-4cb3-9302-54b39da1c1d0,Apple TV,2ff0781c-d34d-4c37-97a4-eba4fd9bd73c,2,3,b7cf172d-ed89-411e-b13d-b95d85c0d04c,true,downloadableSrc,200,image/webp,31626,31626,9d7ab4efdd78da3b4400b1a1616cc965649d931866fdd5b102cf4370d8a78f87,1179,2676,,,bytescale.mobbin.com,f7a1807c1ac98ccf0eecf5078d61346ac9a94ca37a547f5708d580528c9e55c0,/Users/user/mobbin-sides/screen-flows/apple-tv/010-apple-tv-turning-on-subtitle-7325feab-f9dc-4bd3-8704-88201345df52/003-b7cf172d-ed89-411e-b13d-b95d85c0d04c-downloadableSrc-9d7ab4efdd78.webp
7325feab-f9dc-4bd3-8704-88201345df52,Turning on subtitle,76726de5-6734-4cb3-9302-54b39da1c1d0,Apple TV,2ff0781c-d34d-4c37-97a4-eba4fd9bd73c,3,4,284596fd-0bd4-4ff6-8120-0ef16cfea74c,true,downloadableSrc,200,image/webp,40072,40072,9d15804616dfb9ec9b8a25f779956cf947242ce263972db2472330db4f13bfa9,1179,2676,,,bytescale.mobbin.com,f7a1807c1ac98ccf0eecf5078d61346ac9a94ca37a547f5708d580528c9e55c0,/Users/user/mobbin-sides/screen-flows/apple-tv/010-apple-tv-turning-on-subtitle-7325feab-f9dc-4bd3-8704-88201345df52/004-284596fd-0bd4-4ff6-8120-0ef16cfea74c-downloadableSrc-9d15804616df.webp
7325feab-f9dc-4bd3-8704-88201345df52,Turning on subtitle,76726de5-6734-4cb3-9302-54b39da1c1d0,Apple TV,2ff0781c-d34d-4c37-97a4-eba4fd9bd73c,4,5,0475136d-929d-4475-a1c2-a80ae3fe53c7,true,downloadableSrc,200,image/webp,16264,16264,48aae02b6536532f070a229a966247480e8691f9285d8cd39900f07debdd9437,1179,2676,,,bytescale.mobbin.com,f7a1807c1ac98ccf0eecf5078d61346ac9a94ca37a547f5708d580528c9e55c0,/Users/user/mobbin-sides/screen-flows/apple-tv/010-apple-tv-turning-on-subtitle-7325feab-f9dc-4bd3-8704-88201345df52/005-0475136d-929d-4475-a1c2-a80ae3fe53c7-downloadableSrc-48aae02b6536.webp
b34a03e1-c8af-425e-a206-bb2448c0a57d,Info,76726de5-6734-4cb3-9302-54b39da1c1d0,Apple TV,2ff0781c-d34d-4c37-97a4-eba4fd9bd73c,0,1,31ea9343-96c1-445a-822a-dbfb62a897a8,true,downloadableSrc,200,image/webp,33400,33400,1e0108294fb6830dd5a7469412a1a60744fce30bf840938da060b676ab33e225,1179,2676,,,bytescale.mobbin.com,f7a1807c1ac98ccf0eecf5078d61346ac9a94ca37a547f5708d580528c9e55c0,/Users/user/mobbin-sides/screen-flows/apple-tv/011-apple-tv-info-b34a03e1-c8af-425e-a206-bb2448c0a57d/001-31ea9343-96c1-445a-822a-dbfb62a897a8-downloadableSrc-1e0108294fb6.webp
b34a03e1-c8af-425e-a206-bb2448c0a57d,Info,76726de5-6734-4cb3-9302-54b39da1c1d0,Apple TV,2ff0781c-d34d-4c37-97a4-eba4fd9bd73c,1,2,e8aa6469-7107-4664-a568-c7ef1a424ec6,true,downloadableSrc,200,image/webp,54680,54680,714f7b9e019caf0ae0be073b84cc9bae7f19a7864d30fc6cac7f4461b70fb04f,1179,2676,,,bytescale.mobbin.com,f7a1807c1ac98ccf0eecf5078d61346ac9a94ca37a547f5708d580528c9e55c0,/Users/user/mobbin-sides/screen-flows/apple-tv/011-apple-tv-info-b34a03e1-c8af-425e-a206-bb2448c0a57d/002-e8aa6469-7107-4664-a568-c7ef1a424ec6-downloadableSrc-714f7b9e019c.webp
b34a03e1-c8af-425e-a206-bb2448c0a57d,Info,76726de5-6734-4cb3-9302-54b39da1c1d0,Apple TV,2ff0781c-d34d-4c37-97a4-eba4fd9bd73c,2,3,33bd5cb0-b8aa-4bc4-a789-ca1a6cf792da,true,downloadableSrc,200,image/webp,67506,67506,8401794a9b128ea507adcad6ef7897f755431e844e8c4bb29ad347d86b77035a,1179,2676,,,bytescale.mobbin.com,f7a1807c1ac98ccf0eecf5078d61346ac9a94ca37a547f5708d580528c9e55c0,/Users/user/mobbin-sides/screen-flows/apple-tv/011-apple-tv-info-b34a03e1-c8af-425e-a206-bb2448c0a57d/003-33bd5cb0-b8aa-4bc4-a789-ca1a6cf792da-downloadableSrc-8401794a9b12.webp
9bb72fc1-f125-4b73-a9c6-1bcacc249f3e,InSight,76726de5-6734-4cb3-9302-54b39da1c1d0,Apple TV,2ff0781c-d34d-4c37-97a4-eba4fd9bd73c,0,1,31ea9343-96c1-445a-822a-dbfb62a897a8,true,downloadableSrc,200,image/webp,33400,33400,1e0108294fb6830dd5a7469412a1a60744fce30bf840938da060b676ab33e225,1179,2676,,,bytescale.mobbin.com,f7a1807c1ac98ccf0eecf5078d61346ac9a94ca37a547f5708d580528c9e55c0,/Users/user/mobbin-sides/screen-flows/apple-tv/012-apple-tv-insight-9bb72fc1-f125-4b73-a9c6-1bcacc249f3e/001-31ea9343-96c1-445a-822a-dbfb62a897a8-downloadableSrc-1e0108294fb6.webp
9bb72fc1-f125-4b73-a9c6-1bcacc249f3e,InSight,76726de5-6734-4cb3-9302-54b39da1c1d0,Apple TV,2ff0781c-d34d-4c37-97a4-eba4fd9bd73c,1,2,9e3c846c-ccb5-4c1b-8f02-dca820be7856,true,downloadableSrc,200,image/webp,44420,44420,ac0707ff9c957fd847305c33adfc1e861d2ec2364157756cba0b1a426913e2e1,1179,2676,,,bytescale.mobbin.com,f7a1807c1ac98ccf0eecf5078d61346ac9a94ca37a547f5708d580528c9e55c0,/Users/user/mobbin-sides/screen-flows/apple-tv/012-apple-tv-insight-9bb72fc1-f125-4b73-a9c6-1bcacc249f3e/002-9e3c846c-ccb5-4c1b-8f02-dca820be7856-downloadableSrc-ac0707ff9c95.webp
9bb72fc1-f125-4b73-a9c6-1bcacc249f3e,InSight,76726de5-6734-4cb3-9302-54b39da1c1d0,Apple TV,2ff0781c-d34d-4c37-97a4-eba4fd9bd73c,2,3,2de0bb51-07ca-46e8-bd3d-41d7737a9682,true,downloadableSrc,200,image/webp,48682,48682,10dc60523a60961eb40cc2d62cc9a952820969463658c01c6376e730f1580f9d,1179,2676,,,bytescale.mobbin.com,f7a1807c1ac98ccf0eecf5078d61346ac9a94ca37a547f5708d580528c9e55c0,/Users/user/mobbin-sides/screen-flows/apple-tv/012-apple-tv-insight-9bb72fc1-f125-4b73-a9c6-1bcacc249f3e/003-2de0bb51-07ca-46e8-bd3d-41d7737a9682-downloadableSrc-10dc60523a60.webp
9bb72fc1-f125-4b73-a9c6-1bcacc249f3e,InSight,76726de5-6734-4cb3-9302-54b39da1c1d0,Apple TV,2ff0781c-d34d-4c37-97a4-eba4fd9bd73c,3,4,f984918a-ea84-45d4-bc78-09ed3e11b133,true,downloadableSrc,200,image/webp,52858,52858,38f4c5b39c07a683d0e6b10aab74c873862494b46967f2e8fe65c1cdaf9b3828,1179,2676,,,bytescale.mobbin.com,f7a1807c1ac98ccf0eecf5078d61346ac9a94ca37a547f5708d580528c9e55c0,/Users/user/mobbin-sides/screen-flows/apple-tv/012-apple-tv-insight-9bb72fc1-f125-4b73-a9c6-1bcacc249f3e/004-f984918a-ea84-45d4-bc78-09ed3e11b133-downloadableSrc-38f4c5b39c07.webp
6c50f24b-d7cd-4fde-930d-d74a804780d9,Continue watching,76726de5-6734-4cb3-9302-54b39da1c1d0,Apple TV,2ff0781c-d34d-4c37-97a4-eba4fd9bd73c,0,1,31ea9343-96c1-445a-822a-dbfb62a897a8,true,downloadableSrc,200,image/webp,33400,33400,1e0108294fb6830dd5a7469412a1a60744fce30bf840938da060b676ab33e225,1179,2676,,,bytescale.mobbin.com,f7a1807c1ac98ccf0eecf5078d61346ac9a94ca37a547f5708d580528c9e55c0,/Users/user/mobbin-sides/screen-flows/apple-tv/013-apple-tv-continue-watching-6c50f24b-d7cd-4fde-930d-d74a804780d9/001-31ea9343-96c1-445a-822a-dbfb62a897a8-downloadableSrc-1e0108294fb6.webp
6c50f24b-d7cd-4fde-930d-d74a804780d9,Continue watching,76726de5-6734-4cb3-9302-54b39da1c1d0,Apple TV,2ff0781c-d34d-4c37-97a4-eba4fd9bd73c,1,2,9bd9cdbe-5b3a-4432-820e-5a0bc60d1442,true,downloadableSrc,200,image/webp,46198,46198,4d2179ec255412b198369535e960bbd35e91c4ecaa12e7fdbd151057da8283b6,1179,2676,,,bytescale.mobbin.com,f7a1807c1ac98ccf0eecf5078d61346ac9a94ca37a547f5708d580528c9e55c0,/Users/user/mobbin-sides/screen-flows/apple-tv/013-apple-tv-continue-watching-6c50f24b-d7cd-4fde-930d-d74a804780d9/002-9bd9cdbe-5b3a-4432-820e-5a0bc60d1442-downloadableSrc-4d2179ec2554.webp
6c50f24b-d7cd-4fde-930d-d74a804780d9,Continue watching,76726de5-6734-4cb3-9302-54b39da1c1d0,Apple TV,2ff0781c-d34d-4c37-97a4-eba4fd9bd73c,2,3,e6bc47d3-1449-41d7-9645-fb6be489b8e0,true,downloadableSrc,200,image/webp,68650,68650,d61cd1b1b570b6486e3bc21de4148210e3061cffbd8cddee0dc6b1fbf2da86ae,1179,2676,,,bytescale.mobbin.com,f7a1807c1ac98ccf0eecf5078d61346ac9a94ca37a547f5708d580528c9e55c0,/Users/user/mobbin-sides/screen-flows/apple-tv/013-apple-tv-continue-watching-6c50f24b-d7cd-4fde-930d-d74a804780d9/003-e6bc47d3-1449-41d7-9645-fb6be489b8e0-downloadableSrc-d61cd1b1b570.webp
7220d5b4-360a-4b60-82ef-21be90e90204,Switching to picture-in-picture view,76726de5-6734-4cb3-9302-54b39da1c1d0,Apple TV,2ff0781c-d34d-4c37-97a4-eba4fd9bd73c,0,1,aad496de-a296-423a-94e3-8847b224df4f,true,downloadableSrc,200,image/webp,34468,34468,15f09cba734a9d483c0e93c3cd53b49f51e0539cb8edc144a3b7e7c4c09945fe,1180,2676,,,bytescale.mobbin.com,f7a1807c1ac98ccf0eecf5078d61346ac9a94ca37a547f5708d580528c9e55c0,/Users/user/mobbin-sides/screen-flows/apple-tv/014-apple-tv-switching-to-picture-in-picture-view-7220d5b4-360a-4b60-82ef-21be90e90204/001-aad496de-a296-423a-94e3-8847b224df4f-downloadableSrc-15f09cba734a.webp
7220d5b4-360a-4b60-82ef-21be90e90204,Switching to picture-in-picture view,76726de5-6734-4cb3-9302-54b39da1c1d0,Apple TV,2ff0781c-d34d-4c37-97a4-eba4fd9bd73c,1,2,ac2ad7ee-9461-48a4-a2f6-7b329852499b,true,downloadableSrc,200,image/webp,151214,151214,97face5bcb1ea799606b2d4273e07ab4f5090bdc157c22b196e63eb76c584361,1179,2676,,,bytescale.mobbin.com,f7a1807c1ac98ccf0eecf5078d61346ac9a94ca37a547f5708d580528c9e55c0,/Users/user/mobbin-sides/screen-flows/apple-tv/014-apple-tv-switching-to-picture-in-picture-view-7220d5b4-360a-4b60-82ef-21be90e90204/002-ac2ad7ee-9461-48a4-a2f6-7b329852499b-downloadableSrc-97face5bcb1e.webp
c019dfb1-e5c9-48ed-8f42-eb5e925b137e,Switching screens,76726de5-6734-4cb3-9302-54b39da1c1d0,Apple TV,2ff0781c-d34d-4c37-97a4-eba4fd9bd73c,0,1,aad496de-a296-423a-94e3-8847b224df4f,true,downloadableSrc,200,image/webp,34468,34468,15f09cba734a9d483c0e93c3cd53b49f51e0539cb8edc144a3b7e7c4c09945fe,1180,2676,,,bytescale.mobbin.com,f7a1807c1ac98ccf0eecf5078d61346ac9a94ca37a547f5708d580528c9e55c0,/Users/user/mobbin-sides/screen-flows/apple-tv/015-apple-tv-switching-screens-c019dfb1-e5c9-48ed-8f42-eb5e925b137e/001-aad496de-a296-423a-94e3-8847b224df4f-downloadableSrc-15f09cba734a.webp
c019dfb1-e5c9-48ed-8f42-eb5e925b137e,Switching screens,76726de5-6734-4cb3-9302-54b39da1c1d0,Apple TV,2ff0781c-d34d-4c37-97a4-eba4fd9bd73c,1,2,6c9306e4-6a89-4285-a014-dd875eb8f066,true,downloadableSrc,200,image/webp,40556,40556,d75b9e64d03ab861f4ead296940678a725cf6bcd9ba03f5305684401850f54c0,1179,2676,,,bytescale.mobbin.com,f7a1807c1ac98ccf0eecf5078d61346ac9a94ca37a547f5708d580528c9e55c0,/Users/user/mobbin-sides/screen-flows/apple-tv/015-apple-tv-switching-screens-c019dfb1-e5c9-48ed-8f42-eb5e925b137e/002-6c9306e4-6a89-4285-a014-dd875eb8f066-downloadableSrc-d75b9e64d03a.webp
c019dfb1-e5c9-48ed-8f42-eb5e925b137e,Switching screens,76726de5-6734-4cb3-9302-54b39da1c1d0,Apple TV,2ff0781c-d34d-4c37-97a4-eba4fd9bd73c,2,3,3e284e86-7da8-4faa-adb4-1fa5f5ae5985,true,downloadableSrc,200,image/webp,39828,39828,ca9859dab671a64807fcbece7b12e3a9feb0b92c33b9396a03676e1140bbe029,1179,2676,,,bytescale.mobbin.com,f7a1807c1ac98ccf0eecf5078d61346ac9a94ca37a547f5708d580528c9e55c0,/Users/user/mobbin-sides/screen-flows/apple-tv/015-apple-tv-switching-screens-c019dfb1-e5c9-48ed-8f42-eb5e925b137e/003-3e284e86-7da8-4faa-adb4-1fa5f5ae5985-downloadableSrc-ca9859dab671.webp
c019dfb1-e5c9-48ed-8f42-eb5e925b137e,Switching screens,76726de5-6734-4cb3-9302-54b39da1c1d0,Apple TV,2ff0781c-d34d-4c37-97a4-eba4fd9bd73c,3,4,c8c833dc-8e93-4b78-9b75-270fa2393f37,true,downloadableSrc,200,image/webp,31130,31130,55caf6e217393ee16588b58e66457217eb7c8f55d10843fec53ec519037909a4,1179,2676,,,bytescale.mobbin.com,f7a1807c1ac98ccf0eecf5078d61346ac9a94ca37a547f5708d580528c9e55c0,/Users/user/mobbin-sides/screen-flows/apple-tv/015-apple-tv-switching-screens-c019dfb1-e5c9-48ed-8f42-eb5e925b137e/004-c8c833dc-8e93-4b78-9b75-270fa2393f37-downloadableSrc-55caf6e21739.webp
68c5a4f8-8511-4e61-9589-242534dd98cb,SharePlay,76726de5-6734-4cb3-9302-54b39da1c1d0,Apple TV,2ff0781c-d34d-4c37-97a4-eba4fd9bd73c,0,1,aad496de-a296-423a-94e3-8847b224df4f,true,downloadableSrc,200,image/webp,34468,34468,15f09cba734a9d483c0e93c3cd53b49f51e0539cb8edc144a3b7e7c4c09945fe,1180,2676,,,bytescale.mobbin.com,f7a1807c1ac98ccf0eecf5078d61346ac9a94ca37a547f5708d580528c9e55c0,/Users/user/mobbin-sides/screen-flows/apple-tv/016-apple-tv-shareplay-68c5a4f8-8511-4e61-9589-242534dd98cb/001-aad496de-a296-423a-94e3-8847b224df4f-downloadableSrc-15f09cba734a.webp
68c5a4f8-8511-4e61-9589-242534dd98cb,SharePlay,76726de5-6734-4cb3-9302-54b39da1c1d0,Apple TV,2ff0781c-d34d-4c37-97a4-eba4fd9bd73c,1,2,b0589567-67ae-4e36-bd74-3aefba42818d,true,downloadableSrc,200,image/webp,38132,38132,039b4894ef194c51d31cc27d66cbd6d7146f2ddff7c8f3e61269dc644b152d19,1179,2676,,,bytescale.mobbin.com,f7a1807c1ac98ccf0eecf5078d61346ac9a94ca37a547f5708d580528c9e55c0,/Users/user/mobbin-sides/screen-flows/apple-tv/016-apple-tv-shareplay-68c5a4f8-8511-4e61-9589-242534dd98cb/002-b0589567-67ae-4e36-bd74-3aefba42818d-downloadableSrc-039b4894ef19.webp
68c5a4f8-8511-4e61-9589-242534dd98cb,SharePlay,76726de5-6734-4cb3-9302-54b39da1c1d0,Apple TV,2ff0781c-d34d-4c37-97a4-eba4fd9bd73c,2,3,3df80f3c-97e5-4c25-b9b7-f8a491686aef,true,downloadableSrc,200,image/webp,62924,62924,c0a676af7ada620cfd662a58c12927b2d1a1b5212f4d23ecfec3e3d7dd99b912,1179,2676,,,bytescale.mobbin.com,f7a1807c1ac98ccf0eecf5078d61346ac9a94ca37a547f5708d580528c9e55c0,/Users/user/mobbin-sides/screen-flows/apple-tv/016-apple-tv-shareplay-68c5a4f8-8511-4e61-9589-242534dd98cb/003-3df80f3c-97e5-4c25-b9b7-f8a491686aef-downloadableSrc-c0a676af7ada.webp
68c5a4f8-8511-4e61-9589-242534dd98cb,SharePlay,76726de5-6734-4cb3-9302-54b39da1c1d0,Apple TV,2ff0781c-d34d-4c37-97a4-eba4fd9bd73c,3,4,c606b799-92a9-435f-b67a-9941f7064d04,true,downloadableSrc,200,image/webp,76870,76870,3537630c9c642a055e5aff6ca5bebe3e9a5ac9d04d467f062dd3b1d0245dabaa,1179,2676,,,bytescale.mobbin.com,f7a1807c1ac98ccf0eecf5078d61346ac9a94ca37a547f5708d580528c9e55c0,/Users/user/mobbin-sides/screen-flows/apple-tv/016-apple-tv-shareplay-68c5a4f8-8511-4e61-9589-242534dd98cb/004-c606b799-92a9-435f-b67a-9941f7064d04-downloadableSrc-3537630c9c64.webp
e164820b-b583-4fb1-a03c-8f265797235e,Downloading an episode,76726de5-6734-4cb3-9302-54b39da1c1d0,Apple TV,2ff0781c-d34d-4c37-97a4-eba4fd9bd73c,0,1,db927438-79af-4676-ad4e-4cd275dd3dd3,true,downloadableSrc,200,image/webp,161078,161078,b5e9b8519e40df9bdfd5ceef373623f3bb3f3acb80f9d900e54c08dd84895474,1179,2676,,,bytescale.mobbin.com,f7a1807c1ac98ccf0eecf5078d61346ac9a94ca37a547f5708d580528c9e55c0,/Users/user/mobbin-sides/screen-flows/apple-tv/017-apple-tv-downloading-an-episode-e164820b-b583-4fb1-a03c-8f265797235e/001-db927438-79af-4676-ad4e-4cd275dd3dd3-downloadableSrc-b5e9b8519e40.webp
e164820b-b583-4fb1-a03c-8f265797235e,Downloading an episode,76726de5-6734-4cb3-9302-54b39da1c1d0,Apple TV,2ff0781c-d34d-4c37-97a4-eba4fd9bd73c,1,2,580e6226-0726-4927-b168-0c21410589da,true,downloadableSrc,200,image/webp,147978,147978,d11f0c3a4fe5fceddfa5ff4dbaaa9583fd273f239ae307db5242de4577608ce0,1179,2676,,,bytescale.mobbin.com,f7a1807c1ac98ccf0eecf5078d61346ac9a94ca37a547f5708d580528c9e55c0,/Users/user/mobbin-sides/screen-flows/apple-tv/017-apple-tv-downloading-an-episode-e164820b-b583-4fb1-a03c-8f265797235e/002-580e6226-0726-4927-b168-0c21410589da-downloadableSrc-d11f0c3a4fe5.webp
e164820b-b583-4fb1-a03c-8f265797235e,Downloading an episode,76726de5-6734-4cb3-9302-54b39da1c1d0,Apple TV,2ff0781c-d34d-4c37-97a4-eba4fd9bd73c,2,3,f0da0089-5d1a-4ea8-918d-620fac370c0d,true,downloadableSrc,200,image/webp,160626,160626,87fd941d64835ffc69cae2c799af82bf0b9d842d500ffee1d28594399bd74e13,1179,2676,,,bytescale.mobbin.com,f7a1807c1ac98ccf0eecf5078d61346ac9a94ca37a547f5708d580528c9e55c0,/Users/user/mobbin-sides/screen-flows/apple-tv/017-apple-tv-downloading-an-episode-e164820b-b583-4fb1-a03c-8f265797235e/003-f0da0089-5d1a-4ea8-918d-620fac370c0d-downloadableSrc-87fd941d6483.webp
d42958e9-0148-4f7d-ab09-667a6e658c71,Episode detail,76726de5-6734-4cb3-9302-54b39da1c1d0,Apple TV,2ff0781c-d34d-4c37-97a4-eba4fd9bd73c,0,1,580e6226-0726-4927-b168-0c21410589da,true,downloadableSrc,200,image/webp,147978,147978,d11f0c3a4fe5fceddfa5ff4dbaaa9583fd273f239ae307db5242de4577608ce0,1179,2676,,,bytescale.mobbin.com,f7a1807c1ac98ccf0eecf5078d61346ac9a94ca37a547f5708d580528c9e55c0,/Users/user/mobbin-sides/screen-flows/apple-tv/018-apple-tv-episode-detail-d42958e9-0148-4f7d-ab09-667a6e658c71/001-580e6226-0726-4927-b168-0c21410589da-downloadableSrc-d11f0c3a4fe5.webp
d42958e9-0148-4f7d-ab09-667a6e658c71,Episode detail,76726de5-6734-4cb3-9302-54b39da1c1d0,Apple TV,2ff0781c-d34d-4c37-97a4-eba4fd9bd73c,1,2,12d90f5a-7ec8-4348-b73c-fdcb95e8cb56,true,downloadableSrc,200,image/webp,106426,106426,348ae2619a74783edf6c6bed48338ade6fdcfcfbf7451e4796f6f6811820569b,1179,2676,,,bytescale.mobbin.com,f7a1807c1ac98ccf0eecf5078d61346ac9a94ca37a547f5708d580528c9e55c0,/Users/user/mobbin-sides/screen-flows/apple-tv/018-apple-tv-episode-detail-d42958e9-0148-4f7d-ab09-667a6e658c71/002-12d90f5a-7ec8-4348-b73c-fdcb95e8cb56-downloadableSrc-348ae2619a74.webp
d2cadac2-4ac2-4e50-9b44-4539715b55bb,Marking an episode as watched,76726de5-6734-4cb3-9302-54b39da1c1d0,Apple TV,2ff0781c-d34d-4c37-97a4-eba4fd9bd73c,0,1,580e6226-0726-4927-b168-0c21410589da,true,downloadableSrc,200,image/webp,147978,147978,d11f0c3a4fe5fceddfa5ff4dbaaa9583fd273f239ae307db5242de4577608ce0,1179,2676,,,bytescale.mobbin.com,f7a1807c1ac98ccf0eecf5078d61346ac9a94ca37a547f5708d580528c9e55c0,/Users/user/mobbin-sides/screen-flows/apple-tv/019-apple-tv-marking-an-episode-as-watched-d2cadac2-4ac2-4e50-9b44-4539715b55bb/001-580e6226-0726-4927-b168-0c21410589da-downloadableSrc-d11f0c3a4fe5.webp
d2cadac2-4ac2-4e50-9b44-4539715b55bb,Marking an episode as watched,76726de5-6734-4cb3-9302-54b39da1c1d0,Apple TV,2ff0781c-d34d-4c37-97a4-eba4fd9bd73c,1,2,b25cb0a6-ebe7-4e51-9311-095aee3922d1,true,downloadableSrc,200,image/webp,161328,161328,85919d8f3020b88dd316ea25fe4c6fc1ddbe743a518b1b9f0e7b29c0f2254bf2,1179,2676,,,bytescale.mobbin.com,f7a1807c1ac98ccf0eecf5078d61346ac9a94ca37a547f5708d580528c9e55c0,/Users/user/mobbin-sides/screen-flows/apple-tv/019-apple-tv-marking-an-episode-as-watched-d2cadac2-4ac2-4e50-9b44-4539715b55bb/002-b25cb0a6-ebe7-4e51-9311-095aee3922d1-downloadableSrc-85919d8f3020.webp
480d9f36-195e-493a-8a2c-0c68b2197ef9,Collection detail,76726de5-6734-4cb3-9302-54b39da1c1d0,Apple TV,2ff0781c-d34d-4c37-97a4-eba4fd9bd73c,0,1,e57ccf6f-771e-49a5-a6ec-9d37c36167fc,true,downloadableSrc,200,image/webp,148828,148828,4c97e1231e5c149904836edf5e968c493c1ee21391d5ed9213e864881fca878e,1179,2676,,,bytescale.mobbin.com,f7a1807c1ac98ccf0eecf5078d61346ac9a94ca37a547f5708d580528c9e55c0,/Users/user/mobbin-sides/screen-flows/apple-tv/020-apple-tv-collection-detail-480d9f36-195e-493a-8a2c-0c68b2197ef9/001-e57ccf6f-771e-49a5-a6ec-9d37c36167fc-downloadableSrc-4c97e1231e5c.webp
480d9f36-195e-493a-8a2c-0c68b2197ef9,Collection detail,76726de5-6734-4cb3-9302-54b39da1c1d0,Apple TV,2ff0781c-d34d-4c37-97a4-eba4fd9bd73c,1,2,b99862c1-5933-45e0-b29c-179862290c88,true,downloadableSrc,200,image/webp,187266,187266,1924a2d8932984d7894cbd72c18783e527ebf120579635a426699ffb68a25ae8,1179,2676,,,bytescale.mobbin.com,f7a1807c1ac98ccf0eecf5078d61346ac9a94ca37a547f5708d580528c9e55c0,/Users/user/mobbin-sides/screen-flows/apple-tv/020-apple-tv-collection-detail-480d9f36-195e-493a-8a2c-0c68b2197ef9/002-b99862c1-5933-45e0-b29c-179862290c88-downloadableSrc-1924a2d89329.webp
480d9f36-195e-493a-8a2c-0c68b2197ef9,Collection detail,76726de5-6734-4cb3-9302-54b39da1c1d0,Apple TV,2ff0781c-d34d-4c37-97a4-eba4fd9bd73c,2,3,b80a8a0a-c929-43c5-836d-802e2c1641ac,true,downloadableSrc,200,image/webp,223238,223238,3d94f0fef5633bd28e2fa2906f6b2a8eaa28398d8b96ac02380a35de7c0ba15f,1179,2676,,,bytescale.mobbin.com,f7a1807c1ac98ccf0eecf5078d61346ac9a94ca37a547f5708d580528c9e55c0,/Users/user/mobbin-sides/screen-flows/apple-tv/020-apple-tv-collection-detail-480d9f36-195e-493a-8a2c-0c68b2197ef9/003-b80a8a0a-c929-43c5-836d-802e2c1641ac-downloadableSrc-3d94f0fef563.webp
480d9f36-195e-493a-8a2c-0c68b2197ef9,Collection detail,76726de5-6734-4cb3-9302-54b39da1c1d0,Apple TV,2ff0781c-d34d-4c37-97a4-eba4fd9bd73c,3,4,66ddf5e6-4a2c-47b7-8346-37dc9e3d9e22,true,downloadableSrc,200,image/webp,233510,233510,0f87e3ad6356ef93f09022de043273197663ef00f3c70023f4b15d00d8d79614,1179,2676,,,bytescale.mobbin.com,f7a1807c1ac98ccf0eecf5078d61346ac9a94ca37a547f5708d580528c9e55c0,/Users/user/mobbin-sides/screen-flows/apple-tv/020-apple-tv-collection-detail-480d9f36-195e-493a-8a2c-0c68b2197ef9/004-66ddf5e6-4a2c-47b7-8346-37dc9e3d9e22-downloadableSrc-0f87e3ad6356.webp
1f7ba465-f062-42ac-9265-b227ffac6825,Collection playlist,76726de5-6734-4cb3-9302-54b39da1c1d0,Apple TV,2ff0781c-d34d-4c37-97a4-eba4fd9bd73c,0,1,66ddf5e6-4a2c-47b7-8346-37dc9e3d9e22,true,downloadableSrc,200,image/webp,233510,233510,0f87e3ad6356ef93f09022de043273197663ef00f3c70023f4b15d00d8d79614,1179,2676,,,bytescale.mobbin.com,f7a1807c1ac98ccf0eecf5078d61346ac9a94ca37a547f5708d580528c9e55c0,/Users/user/mobbin-sides/screen-flows/apple-tv/021-apple-tv-collection-playlist-1f7ba465-f062-42ac-9265-b227ffac6825/001-66ddf5e6-4a2c-47b7-8346-37dc9e3d9e22-downloadableSrc-0f87e3ad6356.webp
1f7ba465-f062-42ac-9265-b227ffac6825,Collection playlist,76726de5-6734-4cb3-9302-54b39da1c1d0,Apple TV,2ff0781c-d34d-4c37-97a4-eba4fd9bd73c,1,2,c9964a7f-5e15-4e16-bc78-a70d4ab7c4eb,true,downloadableSrc,200,image/webp,170092,170092,f0064c6d406cadb7b5e12788aeae24180e73a0792e3b204d11df50ae5268c377,1179,2676,,,bytescale.mobbin.com,f7a1807c1ac98ccf0eecf5078d61346ac9a94ca37a547f5708d580528c9e55c0,/Users/user/mobbin-sides/screen-flows/apple-tv/021-apple-tv-collection-playlist-1f7ba465-f062-42ac-9265-b227ffac6825/002-c9964a7f-5e15-4e16-bc78-a70d4ab7c4eb-downloadableSrc-f0064c6d406c.webp
c831260c-3d28-47a2-a58c-4e7e7084ae03,MLS Season Pass,76726de5-6734-4cb3-9302-54b39da1c1d0,Apple TV,2ff0781c-d34d-4c37-97a4-eba4fd9bd73c,0,1,e57ccf6f-771e-49a5-a6ec-9d37c36167fc,true,downloadableSrc,200,image/webp,148828,148828,4c97e1231e5c149904836edf5e968c493c1ee21391d5ed9213e864881fca878e,1179,2676,,,bytescale.mobbin.com,f7a1807c1ac98ccf0eecf5078d61346ac9a94ca37a547f5708d580528c9e55c0,/Users/user/mobbin-sides/screen-flows/apple-tv/022-apple-tv-mls-season-pass-c831260c-3d28-47a2-a58c-4e7e7084ae03/001-e57ccf6f-771e-49a5-a6ec-9d37c36167fc-downloadableSrc-4c97e1231e5c.webp
c831260c-3d28-47a2-a58c-4e7e7084ae03,MLS Season Pass,76726de5-6734-4cb3-9302-54b39da1c1d0,Apple TV,2ff0781c-d34d-4c37-97a4-eba4fd9bd73c,1,2,6c038094-7880-493a-855c-c74be843e34c,true,downloadableSrc,200,image/webp,119230,119230,8793863f462a5e5bf91271f3973b7bdec5767d750ed51eb4db9dcf586ca118cc,1179,2676,,,bytescale.mobbin.com,f7a1807c1ac98ccf0eecf5078d61346ac9a94ca37a547f5708d580528c9e55c0,/Users/user/mobbin-sides/screen-flows/apple-tv/022-apple-tv-mls-season-pass-c831260c-3d28-47a2-a58c-4e7e7084ae03/002-6c038094-7880-493a-855c-c74be843e34c-downloadableSrc-8793863f462a.webp
c831260c-3d28-47a2-a58c-4e7e7084ae03,MLS Season Pass,76726de5-6734-4cb3-9302-54b39da1c1d0,Apple TV,2ff0781c-d34d-4c37-97a4-eba4fd9bd73c,2,3,17b649b1-f879-491c-8a49-da4e9ba69b1e,true,downloadableSrc,200,image/webp,198242,198242,c8b817410b90fea2bcf6511912ce50cc865a2c1dc3c98259428c7ee1ed3f1d1b,1179,2676,,,bytescale.mobbin.com,f7a1807c1ac98ccf0eecf5078d61346ac9a94ca37a547f5708d580528c9e55c0,/Users/user/mobbin-sides/screen-flows/apple-tv/022-apple-tv-mls-season-pass-c831260c-3d28-47a2-a58c-4e7e7084ae03/003-17b649b1-f879-491c-8a49-da4e9ba69b1e-downloadableSrc-c8b817410b90.webp
c831260c-3d28-47a2-a58c-4e7e7084ae03,MLS Season Pass,76726de5-6734-4cb3-9302-54b39da1c1d0,Apple TV,2ff0781c-d34d-4c37-97a4-eba4fd9bd73c,3,4,c13e5e28-1e82-49d4-8870-d5a5d794d4b6,true,downloadableSrc,200,image/webp,157426,157426,0cb419268f351f289f477339ed34a8120d7308262511d0515eff5a1c6cc98225,1179,2676,,,bytescale.mobbin.com,f7a1807c1ac98ccf0eecf5078d61346ac9a94ca37a547f5708d580528c9e55c0,/Users/user/mobbin-sides/screen-flows/apple-tv/022-apple-tv-mls-season-pass-c831260c-3d28-47a2-a58c-4e7e7084ae03/004-c13e5e28-1e82-49d4-8870-d5a5d794d4b6-downloadableSrc-0cb419268f35.webp
c831260c-3d28-47a2-a58c-4e7e7084ae03,MLS Season Pass,76726de5-6734-4cb3-9302-54b39da1c1d0,Apple TV,2ff0781c-d34d-4c37-97a4-eba4fd9bd73c,4,5,3108fab5-990d-427d-9b5a-d8f671698727,true,downloadableSrc,200,image/webp,157554,157554,99f74f2ea90c4cde0a72044dbc95276cfa1efec6250e06505c78263bafac46b3,1179,2676,,,bytescale.mobbin.com,f7a1807c1ac98ccf0eecf5078d61346ac9a94ca37a547f5708d580528c9e55c0,/Users/user/mobbin-sides/screen-flows/apple-tv/022-apple-tv-mls-season-pass-c831260c-3d28-47a2-a58c-4e7e7084ae03/005-3108fab5-990d-427d-9b5a-d8f671698727-downloadableSrc-99f74f2ea90c.webp
c831260c-3d28-47a2-a58c-4e7e7084ae03,MLS Season Pass,76726de5-6734-4cb3-9302-54b39da1c1d0,Apple TV,2ff0781c-d34d-4c37-97a4-eba4fd9bd73c,5,6,6e3e2b35-6d6b-4c83-b41b-f6da4a56f69f,true,downloadableSrc,200,image/webp,217014,217014,90d96572617068bcb54c519dc7775fae1208fec5a28a5b48e19f7cf2f168a95b,1179,2676,,,bytescale.mobbin.com,f7a1807c1ac98ccf0eecf5078d61346ac9a94ca37a547f5708d580528c9e55c0,/Users/user/mobbin-sides/screen-flows/apple-tv/022-apple-tv-mls-season-pass-c831260c-3d28-47a2-a58c-4e7e7084ae03/006-6e3e2b35-6d6b-4c83-b41b-f6da4a56f69f-downloadableSrc-90d965726170.webp
c831260c-3d28-47a2-a58c-4e7e7084ae03,MLS Season Pass,76726de5-6734-4cb3-9302-54b39da1c1d0,Apple TV,2ff0781c-d34d-4c37-97a4-eba4fd9bd73c,6,7,8a51ab5e-ef95-4599-8b58-532e5c28e99f,true,downloadableSrc,200,image/webp,191744,191744,39d7ef1c00148749347aaaeb2b50bea2b5413e207edb6030997f5a68b4433f95,1179,2676,,,bytescale.mobbin.com,f7a1807c1ac98ccf0eecf5078d61346ac9a94ca37a547f5708d580528c9e55c0,/Users/user/mobbin-sides/screen-flows/apple-tv/022-apple-tv-mls-season-pass-c831260c-3d28-47a2-a58c-4e7e7084ae03/007-8a51ab5e-ef95-4599-8b58-532e5c28e99f-downloadableSrc-39d7ef1c0014.webp
c831260c-3d28-47a2-a58c-4e7e7084ae03,MLS Season Pass,76726de5-6734-4cb3-9302-54b39da1c1d0,Apple TV,2ff0781c-d34d-4c37-97a4-eba4fd9bd73c,7,8,042cc95c-d884-46d1-aa9d-909ef705b100,true,downloadableSrc,200,image/webp,190070,190070,e5f03dcb77bfbb6b3a611346a9873116d242761a595ddab2b5655ebda3a68dd6,1179,2676,,,bytescale.mobbin.com,f7a1807c1ac98ccf0eecf5078d61346ac9a94ca37a547f5708d580528c9e55c0,/Users/user/mobbin-sides/screen-flows/apple-tv/022-apple-tv-mls-season-pass-c831260c-3d28-47a2-a58c-4e7e7084ae03/008-042cc95c-d884-46d1-aa9d-909ef705b100-downloadableSrc-e5f03dcb77bf.webp
f9e71852-4ea9-42ed-b87d-395b0981f0a0,Matches,76726de5-6734-4cb3-9302-54b39da1c1d0,Apple TV,2ff0781c-d34d-4c37-97a4-eba4fd9bd73c,0,1,c13e5e28-1e82-49d4-8870-d5a5d794d4b6,true,downloadableSrc,200,image/webp,157426,157426,0cb419268f351f289f477339ed34a8120d7308262511d0515eff5a1c6cc98225,1179,2676,,,bytescale.mobbin.com,f7a1807c1ac98ccf0eecf5078d61346ac9a94ca37a547f5708d580528c9e55c0,/Users/user/mobbin-sides/screen-flows/apple-tv/023-apple-tv-matches-f9e71852-4ea9-42ed-b87d-395b0981f0a0/001-c13e5e28-1e82-49d4-8870-d5a5d794d4b6-downloadableSrc-0cb419268f35.webp
f9e71852-4ea9-42ed-b87d-395b0981f0a0,Matches,76726de5-6734-4cb3-9302-54b39da1c1d0,Apple TV,2ff0781c-d34d-4c37-97a4-eba4fd9bd73c,1,2,a73255f0-237f-45ac-aa01-053bac911cdc,true,downloadableSrc,200,image/webp,107312,107312,115e87f49061d6914575c6981598cbb8d02030a4e843a812ed8412bcf8db69d3,1179,2676,,,bytescale.mobbin.com,f7a1807c1ac98ccf0eecf5078d61346ac9a94ca37a547f5708d580528c9e55c0,/Users/user/mobbin-sides/screen-flows/apple-tv/023-apple-tv-matches-f9e71852-4ea9-42ed-b87d-395b0981f0a0/002-a73255f0-237f-45ac-aa01-053bac911cdc-downloadableSrc-115e87f49061.webp
6af0cbc7-390f-4e12-83d1-6420a5a83f5f,Match detail (upcoming match),76726de5-6734-4cb3-9302-54b39da1c1d0,Apple TV,2ff0781c-d34d-4c37-97a4-eba4fd9bd73c,0,1,c13e5e28-1e82-49d4-8870-d5a5d794d4b6,true,downloadableSrc,200,image/webp,157426,157426,0cb419268f351f289f477339ed34a8120d7308262511d0515eff5a1c6cc98225,1179,2676,,,bytescale.mobbin.com,f7a1807c1ac98ccf0eecf5078d61346ac9a94ca37a547f5708d580528c9e55c0,/Users/user/mobbin-sides/screen-flows/apple-tv/024-apple-tv-match-detail-upcoming-match-6af0cbc7-390f-4e12-83d1-6420a5a83f5f/001-c13e5e28-1e82-49d4-8870-d5a5d794d4b6-downloadableSrc-0cb419268f35.webp
6af0cbc7-390f-4e12-83d1-6420a5a83f5f,Match detail (upcoming match),76726de5-6734-4cb3-9302-54b39da1c1d0,Apple TV,2ff0781c-d34d-4c37-97a4-eba4fd9bd73c,1,2,7b948b17-7898-4e6b-945d-ef892d02f786,true,downloadableSrc,200,image/webp,183132,183132,81761963549380036c9556cfab7a16e043a3667fb38e303f05ed33178ec678d6,1179,2676,,,bytescale.mobbin.com,f7a1807c1ac98ccf0eecf5078d61346ac9a94ca37a547f5708d580528c9e55c0,/Users/user/mobbin-sides/screen-flows/apple-tv/024-apple-tv-match-detail-upcoming-match-6af0cbc7-390f-4e12-83d1-6420a5a83f5f/002-7b948b17-7898-4e6b-945d-ef892d02f786-downloadableSrc-817619635493.webp
6af0cbc7-390f-4e12-83d1-6420a5a83f5f,Match detail (upcoming match),76726de5-6734-4cb3-9302-54b39da1c1d0,Apple TV,2ff0781c-d34d-4c37-97a4-eba4fd9bd73c,2,3,a52ae146-43d0-4832-a0af-b26d75d92545,true,downloadableSrc,200,image/webp,150412,150412,fb134f3dc70910297e33e54c5fa959237c86325edc825f794ab38a7635a1ee1e,1179,2676,,,bytescale.mobbin.com,f7a1807c1ac98ccf0eecf5078d61346ac9a94ca37a547f5708d580528c9e55c0,/Users/user/mobbin-sides/screen-flows/apple-tv/024-apple-tv-match-detail-upcoming-match-6af0cbc7-390f-4e12-83d1-6420a5a83f5f/003-a52ae146-43d0-4832-a0af-b26d75d92545-downloadableSrc-fb134f3dc709.webp
a105dab2-39a7-4f3a-a36d-e9e758c3f819,Adding to a watchlist (season pass),76726de5-6734-4cb3-9302-54b39da1c1d0,Apple TV,2ff0781c-d34d-4c37-97a4-eba4fd9bd73c,0,1,7b948b17-7898-4e6b-945d-ef892d02f786,true,downloadableSrc,200,image/webp,183132,183132,81761963549380036c9556cfab7a16e043a3667fb38e303f05ed33178ec678d6,1179,2676,,,bytescale.mobbin.com,f7a1807c1ac98ccf0eecf5078d61346ac9a94ca37a547f5708d580528c9e55c0,/Users/user/mobbin-sides/screen-flows/apple-tv/025-apple-tv-adding-to-a-watchlist-season-pass-a105dab2-39a7-4f3a-a36d-e9e758c3f819/001-7b948b17-7898-4e6b-945d-ef892d02f786-downloadableSrc-817619635493.webp
a105dab2-39a7-4f3a-a36d-e9e758c3f819,Adding to a watchlist (season pass),76726de5-6734-4cb3-9302-54b39da1c1d0,Apple TV,2ff0781c-d34d-4c37-97a4-eba4fd9bd73c,1,2,cbc3f384-e508-410c-a250-9bc5a340a6c9,true,downloadableSrc,200,image/webp,185100,185100,7f9e4a507413808cccbe04bd1fbba58867f8a6b48b5225c521c2e72a19bf9258,1179,2676,,,bytescale.mobbin.com,f7a1807c1ac98ccf0eecf5078d61346ac9a94ca37a547f5708d580528c9e55c0,/Users/user/mobbin-sides/screen-flows/apple-tv/025-apple-tv-adding-to-a-watchlist-season-pass-a105dab2-39a7-4f3a-a36d-e9e758c3f819/002-cbc3f384-e508-410c-a250-9bc5a340a6c9-downloadableSrc-7f9e4a507413.webp
27d1f12f-a725-44ff-a246-702db6366407,Match detail (past match),76726de5-6734-4cb3-9302-54b39da1c1d0,Apple TV,2ff0781c-d34d-4c37-97a4-eba4fd9bd73c,0,1,3108fab5-990d-427d-9b5a-d8f671698727,true,downloadableSrc,200,image/webp,157554,157554,99f74f2ea90c4cde0a72044dbc95276cfa1efec6250e06505c78263bafac46b3,1179,2676,,,bytescale.mobbin.com,f7a1807c1ac98ccf0eecf5078d61346ac9a94ca37a547f5708d580528c9e55c0,/Users/user/mobbin-sides/screen-flows/apple-tv/026-apple-tv-match-detail-past-match-27d1f12f-a725-44ff-a246-702db6366407/001-3108fab5-990d-427d-9b5a-d8f671698727-downloadableSrc-99f74f2ea90c.webp
27d1f12f-a725-44ff-a246-702db6366407,Match detail (past match),76726de5-6734-4cb3-9302-54b39da1c1d0,Apple TV,2ff0781c-d34d-4c37-97a4-eba4fd9bd73c,1,2,562607f7-848c-4f7f-922c-f1619ae1c03b,true,downloadableSrc,200,image/webp,183746,183746,f56bb0eb71f94b3f3736f7375b22e58009194d67dcbe129873ab50aec4ae2b5c,1179,2676,,,bytescale.mobbin.com,f7a1807c1ac98ccf0eecf5078d61346ac9a94ca37a547f5708d580528c9e55c0,/Users/user/mobbin-sides/screen-flows/apple-tv/026-apple-tv-match-detail-past-match-27d1f12f-a725-44ff-a246-702db6366407/002-562607f7-848c-4f7f-922c-f1619ae1c03b-downloadableSrc-f56bb0eb71f9.webp
27d1f12f-a725-44ff-a246-702db6366407,Match detail (past match),76726de5-6734-4cb3-9302-54b39da1c1d0,Apple TV,2ff0781c-d34d-4c37-97a4-eba4fd9bd73c,2,3,97098152-08c8-40d8-9255-1835c6125ea6,true,downloadableSrc,200,image/webp,178032,178032,cf2a10e11dfb77c0efb9a5b04ff21409415e3451744d41c6e0ae711335056d88,1179,2676,,,bytescale.mobbin.com,f7a1807c1ac98ccf0eecf5078d61346ac9a94ca37a547f5708d580528c9e55c0,/Users/user/mobbin-sides/screen-flows/apple-tv/026-apple-tv-match-detail-past-match-27d1f12f-a725-44ff-a246-702db6366407/003-97098152-08c8-40d8-9255-1835c6125ea6-downloadableSrc-cf2a10e11dfb.webp
27d1f12f-a725-44ff-a246-702db6366407,Match detail (past match),76726de5-6734-4cb3-9302-54b39da1c1d0,Apple TV,2ff0781c-d34d-4c37-97a4-eba4fd9bd73c,3,4,3ff699f6-1e83-4e6c-860a-8f72e73c48ed,true,downloadableSrc,200,image/webp,213890,213890,c213c340778d1010e6f8c5e4997da5e0f5ce4a17a04a229a13d5b249f73ec01a,1179,2676,,,bytescale.mobbin.com,f7a1807c1ac98ccf0eecf5078d61346ac9a94ca37a547f5708d580528c9e55c0,/Users/user/mobbin-sides/screen-flows/apple-tv/026-apple-tv-match-detail-past-match-27d1f12f-a725-44ff-a246-702db6366407/004-3ff699f6-1e83-4e6c-860a-8f72e73c48ed-downloadableSrc-c213c340778d.webp
27d1f12f-a725-44ff-a246-702db6366407,Match detail (past match),76726de5-6734-4cb3-9302-54b39da1c1d0,Apple TV,2ff0781c-d34d-4c37-97a4-eba4fd9bd73c,4,5,9c0a92a7-1c05-47cd-b6fe-2e0ee143a1be,true,downloadableSrc,200,image/webp,169970,169970,3d4cb15867df13d09ef336a70a5b9d59af6ea87f71d4a176d78227ad2dd8dd64,1179,2676,,,bytescale.mobbin.com,f7a1807c1ac98ccf0eecf5078d61346ac9a94ca37a547f5708d580528c9e55c0,/Users/user/mobbin-sides/screen-flows/apple-tv/026-apple-tv-match-detail-past-match-27d1f12f-a725-44ff-a246-702db6366407/005-9c0a92a7-1c05-47cd-b6fe-2e0ee143a1be-downloadableSrc-3d4cb15867df.webp
6b47f80e-02cc-49cc-ba55-920bf8bc4dc9,Watching a recap,76726de5-6734-4cb3-9302-54b39da1c1d0,Apple TV,2ff0781c-d34d-4c37-97a4-eba4fd9bd73c,0,1,562607f7-848c-4f7f-922c-f1619ae1c03b,true,downloadableSrc,200,image/webp,183746,183746,f56bb0eb71f94b3f3736f7375b22e58009194d67dcbe129873ab50aec4ae2b5c,1179,2676,,,bytescale.mobbin.com,f7a1807c1ac98ccf0eecf5078d61346ac9a94ca37a547f5708d580528c9e55c0,/Users/user/mobbin-sides/screen-flows/apple-tv/027-apple-tv-watching-a-recap-6b47f80e-02cc-49cc-ba55-920bf8bc4dc9/001-562607f7-848c-4f7f-922c-f1619ae1c03b-downloadableSrc-f56bb0eb71f9.webp
6b47f80e-02cc-49cc-ba55-920bf8bc4dc9,Watching a recap,76726de5-6734-4cb3-9302-54b39da1c1d0,Apple TV,2ff0781c-d34d-4c37-97a4-eba4fd9bd73c,1,2,3ffdc3e2-b9a2-4962-bb89-b483e50f02a9,true,downloadableSrc,200,image/webp,31802,31802,abd539ef183d44ed8b638500ea2c16065ab7ff1c507dbe08d28e96d3e3da8809,1179,2676,,,bytescale.mobbin.com,f7a1807c1ac98ccf0eecf5078d61346ac9a94ca37a547f5708d580528c9e55c0,/Users/user/mobbin-sides/screen-flows/apple-tv/027-apple-tv-watching-a-recap-6b47f80e-02cc-49cc-ba55-920bf8bc4dc9/002-3ffdc3e2-b9a2-4962-bb89-b483e50f02a9-downloadableSrc-abd539ef183d.webp
6b47f80e-02cc-49cc-ba55-920bf8bc4dc9,Watching a recap,76726de5-6734-4cb3-9302-54b39da1c1d0,Apple TV,2ff0781c-d34d-4c37-97a4-eba4fd9bd73c,2,3,5375e97e-2016-41bc-b0b3-f9e59875cef8,true,downloadableSrc,200,image/webp,36976,36976,6de3f9135875ce2023e0f70d9387b63cae59cab912f53817509a3319a3fea28f,1179,2676,,,bytescale.mobbin.com,f7a1807c1ac98ccf0eecf5078d61346ac9a94ca37a547f5708d580528c9e55c0,/Users/user/mobbin-sides/screen-flows/apple-tv/027-apple-tv-watching-a-recap-6b47f80e-02cc-49cc-ba55-920bf8bc4dc9/003-5375e97e-2016-41bc-b0b3-f9e59875cef8-downloadableSrc-6de3f9135875.webp
c05670e5-3da3-4d95-9a0d-f0a53cec1465,Club detail,76726de5-6734-4cb3-9302-54b39da1c1d0,Apple TV,2ff0781c-d34d-4c37-97a4-eba4fd9bd73c,0,1,c13e5e28-1e82-49d4-8870-d5a5d794d4b6,true,downloadableSrc,200,image/webp,157426,157426,0cb419268f351f289f477339ed34a8120d7308262511d0515eff5a1c6cc98225,1179,2676,,,bytescale.mobbin.com,f7a1807c1ac98ccf0eecf5078d61346ac9a94ca37a547f5708d580528c9e55c0,/Users/user/mobbin-sides/screen-flows/apple-tv/028-apple-tv-club-detail-c05670e5-3da3-4d95-9a0d-f0a53cec1465/001-c13e5e28-1e82-49d4-8870-d5a5d794d4b6-downloadableSrc-0cb419268f35.webp
c05670e5-3da3-4d95-9a0d-f0a53cec1465,Club detail,76726de5-6734-4cb3-9302-54b39da1c1d0,Apple TV,2ff0781c-d34d-4c37-97a4-eba4fd9bd73c,1,2,f6815efc-b7b7-4032-ba5a-6a17141b6801,true,downloadableSrc,200,image/webp,150886,150886,3b70e7505558f018a3b8b460cac2f6c1e9bc3a7ad576d7bfa01b7c6b474f1621,1179,2676,,,bytescale.mobbin.com,f7a1807c1ac98ccf0eecf5078d61346ac9a94ca37a547f5708d580528c9e55c0,/Users/user/mobbin-sides/screen-flows/apple-tv/028-apple-tv-club-detail-c05670e5-3da3-4d95-9a0d-f0a53cec1465/002-f6815efc-b7b7-4032-ba5a-6a17141b6801-downloadableSrc-3b70e7505558.webp
c05670e5-3da3-4d95-9a0d-f0a53cec1465,Club detail,76726de5-6734-4cb3-9302-54b39da1c1d0,Apple TV,2ff0781c-d34d-4c37-97a4-eba4fd9bd73c,2,3,c29fd823-a05a-4117-befd-a70d1f8e8cdd,true,downloadableSrc,200,image/webp,209518,209518,2275b7dae4410fefa249a73aba9c81db0a1d2c0906e5259a8dde13e8b7d54b9c,1179,2676,,,bytescale.mobbin.com,f7a1807c1ac98ccf0eecf5078d61346ac9a94ca37a547f5708d580528c9e55c0,/Users/user/mobbin-sides/screen-flows/apple-tv/028-apple-tv-club-detail-c05670e5-3da3-4d95-9a0d-f0a53cec1465/003-c29fd823-a05a-4117-befd-a70d1f8e8cdd-downloadableSrc-2275b7dae441.webp
c05670e5-3da3-4d95-9a0d-f0a53cec1465,Club detail,76726de5-6734-4cb3-9302-54b39da1c1d0,Apple TV,2ff0781c-d34d-4c37-97a4-eba4fd9bd73c,3,4,387de61e-0083-4e8b-bd94-11b63a59ba96,true,downloadableSrc,200,image/webp,206768,206768,61d3dfcb4dc12a16380c9681face4f9e5d046fb6f2819214363f8ba8a1712468,1179,2676,,,bytescale.mobbin.com,f7a1807c1ac98ccf0eecf5078d61346ac9a94ca37a547f5708d580528c9e55c0,/Users/user/mobbin-sides/screen-flows/apple-tv/028-apple-tv-club-detail-c05670e5-3da3-4d95-9a0d-f0a53cec1465/004-387de61e-0083-4e8b-bd94-11b63a59ba96-downloadableSrc-61d3dfcb4dc1.webp
9a3aee7e-f74b-4567-b352-e6cefdf6ee72,Favoriting a club,76726de5-6734-4cb3-9302-54b39da1c1d0,Apple TV,2ff0781c-d34d-4c37-97a4-eba4fd9bd73c,0,1,f6815efc-b7b7-4032-ba5a-6a17141b6801,true,downloadableSrc,200,image/webp,150886,150886,3b70e7505558f018a3b8b460cac2f6c1e9bc3a7ad576d7bfa01b7c6b474f1621,1179,2676,,,bytescale.mobbin.com,f7a1807c1ac98ccf0eecf5078d61346ac9a94ca37a547f5708d580528c9e55c0,/Users/user/mobbin-sides/screen-flows/apple-tv/029-apple-tv-favoriting-a-club-9a3aee7e-f74b-4567-b352-e6cefdf6ee72/001-f6815efc-b7b7-4032-ba5a-6a17141b6801-downloadableSrc-3b70e7505558.webp
9a3aee7e-f74b-4567-b352-e6cefdf6ee72,Favoriting a club,76726de5-6734-4cb3-9302-54b39da1c1d0,Apple TV,2ff0781c-d34d-4c37-97a4-eba4fd9bd73c,1,2,4c74a156-35ae-4150-a2e3-1d473851ae26,true,downloadableSrc,200,image/webp,153348,153348,83e5c139b9d688928ba41b7adb41956af93e3f67075f62ab34e7e0601858a4bb,1179,2676,,,bytescale.mobbin.com,f7a1807c1ac98ccf0eecf5078d61346ac9a94ca37a547f5708d580528c9e55c0,/Users/user/mobbin-sides/screen-flows/apple-tv/029-apple-tv-favoriting-a-club-9a3aee7e-f74b-4567-b352-e6cefdf6ee72/002-4c74a156-35ae-4150-a2e3-1d473851ae26-downloadableSrc-83e5c139b9d6.webp
9a3aee7e-f74b-4567-b352-e6cefdf6ee72,Favoriting a club,76726de5-6734-4cb3-9302-54b39da1c1d0,Apple TV,2ff0781c-d34d-4c37-97a4-eba4fd9bd73c,2,3,ba628946-4574-449d-9e4f-acd7ebee8db7,true,downloadableSrc,200,image/webp,152024,152024,e18103caf25b561b48de88d571f94b01482c2dc2784cbce615df55006d2c62a0,1179,2676,,,bytescale.mobbin.com,f7a1807c1ac98ccf0eecf5078d61346ac9a94ca37a547f5708d580528c9e55c0,/Users/user/mobbin-sides/screen-flows/apple-tv/029-apple-tv-favoriting-a-club-9a3aee7e-f74b-4567-b352-e6cefdf6ee72/003-ba628946-4574-449d-9e4f-acd7ebee8db7-downloadableSrc-e18103caf25b.webp
1ca9628d-ccde-46f3-b088-6cc1abd7239b,Channel detail,76726de5-6734-4cb3-9302-54b39da1c1d0,Apple TV,2ff0781c-d34d-4c37-97a4-eba4fd9bd73c,0,1,e57ccf6f-771e-49a5-a6ec-9d37c36167fc,true,downloadableSrc,200,image/webp,148828,148828,4c97e1231e5c149904836edf5e968c493c1ee21391d5ed9213e864881fca878e,1179,2676,,,bytescale.mobbin.com,f7a1807c1ac98ccf0eecf5078d61346ac9a94ca37a547f5708d580528c9e55c0,/Users/user/mobbin-sides/screen-flows/apple-tv/030-apple-tv-channel-detail-1ca9628d-ccde-46f3-b088-6cc1abd7239b/001-e57ccf6f-771e-49a5-a6ec-9d37c36167fc-downloadableSrc-4c97e1231e5c.webp
1ca9628d-ccde-46f3-b088-6cc1abd7239b,Channel detail,76726de5-6734-4cb3-9302-54b39da1c1d0,Apple TV,2ff0781c-d34d-4c37-97a4-eba4fd9bd73c,1,2,ce360228-3692-4a47-9262-11656803b7c0,true,downloadableSrc,200,image/webp,165558,165558,f7800ba0634fa3fc53280f395cdcaaf6419eb6a81e08879ed27e01375ada98a5,1179,2676,,,bytescale.mobbin.com,f7a1807c1ac98ccf0eecf5078d61346ac9a94ca37a547f5708d580528c9e55c0,/Users/user/mobbin-sides/screen-flows/apple-tv/030-apple-tv-channel-detail-1ca9628d-ccde-46f3-b088-6cc1abd7239b/002-ce360228-3692-4a47-9262-11656803b7c0-downloadableSrc-f7800ba0634f.webp
1ca9628d-ccde-46f3-b088-6cc1abd7239b,Channel detail,76726de5-6734-4cb3-9302-54b39da1c1d0,Apple TV,2ff0781c-d34d-4c37-97a4-eba4fd9bd73c,2,3,6d628857-bbc6-4faa-b1d8-4e6fc0c4faf9,true,downloadableSrc,200,image/webp,225274,225274,d5fd3c71c6a5ae39ff04ef77fb6f2f5d8b980a5294c042a60f7f148b2ff7cd7a,1179,2676,,,bytescale.mobbin.com,f7a1807c1ac98ccf0eecf5078d61346ac9a94ca37a547f5708d580528c9e55c0,/Users/user/mobbin-sides/screen-flows/apple-tv/030-apple-tv-channel-detail-1ca9628d-ccde-46f3-b088-6cc1abd7239b/003-6d628857-bbc6-4faa-b1d8-4e6fc0c4faf9-downloadableSrc-d5fd3c71c6a5.webp
a55ada31-172f-498c-851d-68d356e77973,Connecting HBO Max to Apple TV,76726de5-6734-4cb3-9302-54b39da1c1d0,Apple TV,2ff0781c-d34d-4c37-97a4-eba4fd9bd73c,0,1,ce360228-3692-4a47-9262-11656803b7c0,true,downloadableSrc,200,image/webp,165558,165558,f7800ba0634fa3fc53280f395cdcaaf6419eb6a81e08879ed27e01375ada98a5,1179,2676,,,bytescale.mobbin.com,f7a1807c1ac98ccf0eecf5078d61346ac9a94ca37a547f5708d580528c9e55c0,/Users/user/mobbin-sides/screen-flows/apple-tv/031-apple-tv-connecting-hbo-max-to-apple-tv-a55ada31-172f-498c-851d-68d356e77973/001-ce360228-3692-4a47-9262-11656803b7c0-downloadableSrc-f7800ba0634f.webp
a55ada31-172f-498c-851d-68d356e77973,Connecting HBO Max to Apple TV,76726de5-6734-4cb3-9302-54b39da1c1d0,Apple TV,2ff0781c-d34d-4c37-97a4-eba4fd9bd73c,1,2,f222b407-cc3c-4ce1-9c6b-5bfa2f902095,true,downloadableSrc,200,image/webp,70110,70110,301f3084317a32cf7bbfa25f60d8ff34d548a1820b706ece5c91c981765565d6,1179,2676,,,bytescale.mobbin.com,f7a1807c1ac98ccf0eecf5078d61346ac9a94ca37a547f5708d580528c9e55c0,/Users/user/mobbin-sides/screen-flows/apple-tv/031-apple-tv-connecting-hbo-max-to-apple-tv-a55ada31-172f-498c-851d-68d356e77973/002-f222b407-cc3c-4ce1-9c6b-5bfa2f902095-downloadableSrc-301f3084317a.webp
a55ada31-172f-498c-851d-68d356e77973,Connecting HBO Max to Apple TV,76726de5-6734-4cb3-9302-54b39da1c1d0,Apple TV,2ff0781c-d34d-4c37-97a4-eba4fd9bd73c,2,3,6b3d43da-3a64-4b81-b92d-9545ed340c70,true,downloadableSrc,200,image/webp,38460,38460,abf0a62e0450ce28980755233ea5d6a1bf4a48501792a6bab09e1fbc5ffdade0,1179,2676,,,bytescale.mobbin.com,f7a1807c1ac98ccf0eecf5078d61346ac9a94ca37a547f5708d580528c9e55c0,/Users/user/mobbin-sides/screen-flows/apple-tv/031-apple-tv-connecting-hbo-max-to-apple-tv-a55ada31-172f-498c-851d-68d356e77973/003-6b3d43da-3a64-4b81-b92d-9545ed340c70-downloadableSrc-abf0a62e0450.webp
a55ada31-172f-498c-851d-68d356e77973,Connecting HBO Max to Apple TV,76726de5-6734-4cb3-9302-54b39da1c1d0,Apple TV,2ff0781c-d34d-4c37-97a4-eba4fd9bd73c,3,4,63cd7d8b-5753-4138-b0a5-d4eddbb6fd3d,true,downloadableSrc,200,image/webp,93408,93408,8d84b9dc9771ce1a402389c4ab53a0ac5d72a10abf65545ff917fedf300bcf94,1179,2676,,,bytescale.mobbin.com,f7a1807c1ac98ccf0eecf5078d61346ac9a94ca37a547f5708d580528c9e55c0,/Users/user/mobbin-sides/screen-flows/apple-tv/031-apple-tv-connecting-hbo-max-to-apple-tv-a55ada31-172f-498c-851d-68d356e77973/004-63cd7d8b-5753-4138-b0a5-d4eddbb6fd3d-downloadableSrc-8d84b9dc9771.webp
5052e3a3-99a8-456c-b359-837c56d37940,Collection detail (Apple Event),76726de5-6734-4cb3-9302-54b39da1c1d0,Apple TV,2ff0781c-d34d-4c37-97a4-eba4fd9bd73c,0,1,b259092b-566a-4fba-a2b6-8d37acedb8f8,true,downloadableSrc,200,image/webp,127682,127682,6c47509bafb36e09254e19fa88a4dc370f8b39819e8aa37a23277088ca5f9bec,1179,2676,,,bytescale.mobbin.com,f7a1807c1ac98ccf0eecf5078d61346ac9a94ca37a547f5708d580528c9e55c0,/Users/user/mobbin-sides/screen-flows/apple-tv/032-apple-tv-collection-detail-apple-event-5052e3a3-99a8-456c-b359-837c56d37940/001-b259092b-566a-4fba-a2b6-8d37acedb8f8-downloadableSrc-6c47509bafb3.webp
5052e3a3-99a8-456c-b359-837c56d37940,Collection detail (Apple Event),76726de5-6734-4cb3-9302-54b39da1c1d0,Apple TV,2ff0781c-d34d-4c37-97a4-eba4fd9bd73c,1,2,fd5f8813-9cea-4065-bed3-aba6c6f9b149,true,downloadableSrc,200,image/webp,71866,71866,cf96883af8f149cf0577b1634d50e16e6fe346e18ac77248e99030eab044ad7a,1179,2676,,,bytescale.mobbin.com,f7a1807c1ac98ccf0eecf5078d61346ac9a94ca37a547f5708d580528c9e55c0,/Users/user/mobbin-sides/screen-flows/apple-tv/032-apple-tv-collection-detail-apple-event-5052e3a3-99a8-456c-b359-837c56d37940/002-fd5f8813-9cea-4065-bed3-aba6c6f9b149-downloadableSrc-cf96883af8f1.webp
5052e3a3-99a8-456c-b359-837c56d37940,Collection detail (Apple Event),76726de5-6734-4cb3-9302-54b39da1c1d0,Apple TV,2ff0781c-d34d-4c37-97a4-eba4fd9bd73c,2,3,9de56288-8834-43a8-94c7-23c52b5aae0e,true,downloadableSrc,200,image/webp,117416,117416,10e234cda4a306c4f864e34f5c2005b69c70edbb4bd077c404556d485bf17a34,1179,2676,,,bytescale.mobbin.com,f7a1807c1ac98ccf0eecf5078d61346ac9a94ca37a547f5708d580528c9e55c0,/Users/user/mobbin-sides/screen-flows/apple-tv/032-apple-tv-collection-detail-apple-event-5052e3a3-99a8-456c-b359-837c56d37940/003-9de56288-8834-43a8-94c7-23c52b5aae0e-downloadableSrc-10e234cda4a3.webp
19287c6b-47f5-42a5-b847-ff11d5d93dc0,Apple TV,76726de5-6734-4cb3-9302-54b39da1c1d0,Apple TV,2ff0781c-d34d-4c37-97a4-eba4fd9bd73c,0,1,86a087bd-f055-4a56-91fa-aa0803ea4f1f,true,downloadableSrc,200,image/webp,172108,172108,c18c7933cdfdac458ed6d0d2def20979946f5ac153e3b090ca1471ed7d59d493,1180,2676,,,bytescale.mobbin.com,f7a1807c1ac98ccf0eecf5078d61346ac9a94ca37a547f5708d580528c9e55c0,/Users/user/mobbin-sides/screen-flows/apple-tv/033-apple-tv-apple-tv-19287c6b-47f5-42a5-b847-ff11d5d93dc0/001-86a087bd-f055-4a56-91fa-aa0803ea4f1f-downloadableSrc-c18c7933cdfd.webp
19287c6b-47f5-42a5-b847-ff11d5d93dc0,Apple TV,76726de5-6734-4cb3-9302-54b39da1c1d0,Apple TV,2ff0781c-d34d-4c37-97a4-eba4fd9bd73c,1,2,7c16ad58-e34b-4aad-87e7-f957cbdf4063,true,downloadableSrc,200,image/webp,116266,116266,564b9d4add53048397eed2afe222ad9a289f09865c2e69bad106f59ea18a4eb8,1180,2676,,,bytescale.mobbin.com,f7a1807c1ac98ccf0eecf5078d61346ac9a94ca37a547f5708d580528c9e55c0,/Users/user/mobbin-sides/screen-flows/apple-tv/033-apple-tv-apple-tv-19287c6b-47f5-42a5-b847-ff11d5d93dc0/002-7c16ad58-e34b-4aad-87e7-f957cbdf4063-downloadableSrc-564b9d4add53.webp
19287c6b-47f5-42a5-b847-ff11d5d93dc0,Apple TV,76726de5-6734-4cb3-9302-54b39da1c1d0,Apple TV,2ff0781c-d34d-4c37-97a4-eba4fd9bd73c,2,3,c58760da-44bb-489d-bb3b-a19c060dfa8f,true,downloadableSrc,200,image/webp,186598,186598,a3ac505b72c6cd226ae166a0b1dd772bd725791b8007ad619b5dba94e8c7e525,1179,2676,,,bytescale.mobbin.com,f7a1807c1ac98ccf0eecf5078d61346ac9a94ca37a547f5708d580528c9e55c0,/Users/user/mobbin-sides/screen-flows/apple-tv/033-apple-tv-apple-tv-19287c6b-47f5-42a5-b847-ff11d5d93dc0/003-c58760da-44bb-489d-bb3b-a19c060dfa8f-downloadableSrc-a3ac505b72c6.webp
19287c6b-47f5-42a5-b847-ff11d5d93dc0,Apple TV,76726de5-6734-4cb3-9302-54b39da1c1d0,Apple TV,2ff0781c-d34d-4c37-97a4-eba4fd9bd73c,3,4,c131156d-83eb-43fc-9d6e-c6c0fd32af4b,true,downloadableSrc,200,image/webp,199700,199700,5647029f1481fc7e3cf1e9f762878aaac07bb2a337c14c01127afacbf8d7a717,1179,2676,,,bytescale.mobbin.com,f7a1807c1ac98ccf0eecf5078d61346ac9a94ca37a547f5708d580528c9e55c0,/Users/user/mobbin-sides/screen-flows/apple-tv/033-apple-tv-apple-tv-19287c6b-47f5-42a5-b847-ff11d5d93dc0/004-c131156d-83eb-43fc-9d6e-c6c0fd32af4b-downloadableSrc-5647029f1481.webp
19287c6b-47f5-42a5-b847-ff11d5d93dc0,Apple TV,76726de5-6734-4cb3-9302-54b39da1c1d0,Apple TV,2ff0781c-d34d-4c37-97a4-eba4fd9bd73c,4,5,91bdd973-4641-4170-8620-bcc146551edc,true,downloadableSrc,200,image/webp,233778,233778,32ef5b3e1fc3bfa7d2c599f65780cb1c0d873dafc4f9da25e30b6e8c57805969,1179,2676,,,bytescale.mobbin.com,f7a1807c1ac98ccf0eecf5078d61346ac9a94ca37a547f5708d580528c9e55c0,/Users/user/mobbin-sides/screen-flows/apple-tv/033-apple-tv-apple-tv-19287c6b-47f5-42a5-b847-ff11d5d93dc0/005-91bdd973-4641-4170-8620-bcc146551edc-downloadableSrc-32ef5b3e1fc3.webp
19287c6b-47f5-42a5-b847-ff11d5d93dc0,Apple TV,76726de5-6734-4cb3-9302-54b39da1c1d0,Apple TV,2ff0781c-d34d-4c37-97a4-eba4fd9bd73c,5,6,0d1286b7-41b7-418b-84b6-9968ff8fcd44,true,downloadableSrc,200,image/webp,181828,181828,a5bbb592832cf415a7b863d2a6069254969b0321e26c88de2bfa1e1a450113c0,1179,2676,,,bytescale.mobbin.com,f7a1807c1ac98ccf0eecf5078d61346ac9a94ca37a547f5708d580528c9e55c0,/Users/user/mobbin-sides/screen-flows/apple-tv/033-apple-tv-apple-tv-19287c6b-47f5-42a5-b847-ff11d5d93dc0/006-0d1286b7-41b7-418b-84b6-9968ff8fcd44-downloadableSrc-a5bbb592832c.webp
38ba6659-ea64-4ce1-8bdd-852062f5e9d8,Subscribing to Apple TV,76726de5-6734-4cb3-9302-54b39da1c1d0,Apple TV,2ff0781c-d34d-4c37-97a4-eba4fd9bd73c,0,1,86a087bd-f055-4a56-91fa-aa0803ea4f1f,true,downloadableSrc,200,image/webp,172108,172108,c18c7933cdfdac458ed6d0d2def20979946f5ac153e3b090ca1471ed7d59d493,1180,2676,,,bytescale.mobbin.com,f7a1807c1ac98ccf0eecf5078d61346ac9a94ca37a547f5708d580528c9e55c0,/Users/user/mobbin-sides/screen-flows/apple-tv/034-apple-tv-subscribing-to-apple-tv-38ba6659-ea64-4ce1-8bdd-852062f5e9d8/001-86a087bd-f055-4a56-91fa-aa0803ea4f1f-downloadableSrc-c18c7933cdfd.webp
38ba6659-ea64-4ce1-8bdd-852062f5e9d8,Subscribing to Apple TV,76726de5-6734-4cb3-9302-54b39da1c1d0,Apple TV,2ff0781c-d34d-4c37-97a4-eba4fd9bd73c,1,2,ca35a588-2f72-4103-8972-7d75d0807573,true,downloadableSrc,200,image/webp,136628,136628,2e307c4f1029ff8b3344a7fafae99d1cd5bcd75efca2a71944ac3b0909a0e32d,1180,2676,,,bytescale.mobbin.com,f7a1807c1ac98ccf0eecf5078d61346ac9a94ca37a547f5708d580528c9e55c0,/Users/user/mobbin-sides/screen-flows/apple-tv/034-apple-tv-subscribing-to-apple-tv-38ba6659-ea64-4ce1-8bdd-852062f5e9d8/002-ca35a588-2f72-4103-8972-7d75d0807573-downloadableSrc-2e307c4f1029.webp
38ba6659-ea64-4ce1-8bdd-852062f5e9d8,Subscribing to Apple TV,76726de5-6734-4cb3-9302-54b39da1c1d0,Apple TV,2ff0781c-d34d-4c37-97a4-eba4fd9bd73c,2,3,7c16ad58-e34b-4aad-87e7-f957cbdf4063,true,downloadableSrc,200,image/webp,116266,116266,564b9d4add53048397eed2afe222ad9a289f09865c2e69bad106f59ea18a4eb8,1180,2676,,,bytescale.mobbin.com,f7a1807c1ac98ccf0eecf5078d61346ac9a94ca37a547f5708d580528c9e55c0,/Users/user/mobbin-sides/screen-flows/apple-tv/034-apple-tv-subscribing-to-apple-tv-38ba6659-ea64-4ce1-8bdd-852062f5e9d8/003-7c16ad58-e34b-4aad-87e7-f957cbdf4063-downloadableSrc-564b9d4add53.webp
423208ba-d573-4255-ac08-34b3e3f644dc,Movie detail (Apple TV),76726de5-6734-4cb3-9302-54b39da1c1d0,Apple TV,2ff0781c-d34d-4c37-97a4-eba4fd9bd73c,0,1,c58760da-44bb-489d-bb3b-a19c060dfa8f,true,downloadableSrc,200,image/webp,186598,186598,a3ac505b72c6cd226ae166a0b1dd772bd725791b8007ad619b5dba94e8c7e525,1179,2676,,,bytescale.mobbin.com,f7a1807c1ac98ccf0eecf5078d61346ac9a94ca37a547f5708d580528c9e55c0,/Users/user/mobbin-sides/screen-flows/apple-tv/035-apple-tv-movie-detail-apple-tv-423208ba-d573-4255-ac08-34b3e3f644dc/001-c58760da-44bb-489d-bb3b-a19c060dfa8f-downloadableSrc-a3ac505b72c6.webp
423208ba-d573-4255-ac08-34b3e3f644dc,Movie detail (Apple TV),76726de5-6734-4cb3-9302-54b39da1c1d0,Apple TV,2ff0781c-d34d-4c37-97a4-eba4fd9bd73c,1,2,4def31fa-a9a3-47e9-96e1-bbd7da3a57c3,true,downloadableSrc,200,image/webp,161972,161972,0a90e2ead1a52b58b413ae0ed1dbc7c570d8da223b6419ec1ff96d8099f1f106,1179,2676,,,bytescale.mobbin.com,f7a1807c1ac98ccf0eecf5078d61346ac9a94ca37a547f5708d580528c9e55c0,/Users/user/mobbin-sides/screen-flows/apple-tv/035-apple-tv-movie-detail-apple-tv-423208ba-d573-4255-ac08-34b3e3f644dc/002-4def31fa-a9a3-47e9-96e1-bbd7da3a57c3-downloadableSrc-0a90e2ead1a5.webp
423208ba-d573-4255-ac08-34b3e3f644dc,Movie detail (Apple TV),76726de5-6734-4cb3-9302-54b39da1c1d0,Apple TV,2ff0781c-d34d-4c37-97a4-eba4fd9bd73c,2,3,c37bc13a-47b2-41bd-b192-eccd557ba4c8,true,downloadableSrc,200,image/webp,157796,157796,00ceb3d9126062993f572658519760d85676a37ee59c9630da017deab21b3582,1179,2676,,,bytescale.mobbin.com,f7a1807c1ac98ccf0eecf5078d61346ac9a94ca37a547f5708d580528c9e55c0,/Users/user/mobbin-sides/screen-flows/apple-tv/035-apple-tv-movie-detail-apple-tv-423208ba-d573-4255-ac08-34b3e3f644dc/003-c37bc13a-47b2-41bd-b192-eccd557ba4c8-downloadableSrc-00ceb3d91260.webp
423208ba-d573-4255-ac08-34b3e3f644dc,Movie detail (Apple TV),76726de5-6734-4cb3-9302-54b39da1c1d0,Apple TV,2ff0781c-d34d-4c37-97a4-eba4fd9bd73c,3,4,5f116ec3-c8a5-4e95-ad9e-58f0f38a1c5c,true,downloadableSrc,200,image/webp,103822,103822,c18266e8abffad8e5d74b4dfc7a8e83a34cd1aeb146975116caf1c3b98bae90f,1179,2676,,,bytescale.mobbin.com,f7a1807c1ac98ccf0eecf5078d61346ac9a94ca37a547f5708d580528c9e55c0,/Users/user/mobbin-sides/screen-flows/apple-tv/035-apple-tv-movie-detail-apple-tv-423208ba-d573-4255-ac08-34b3e3f644dc/004-5f116ec3-c8a5-4e95-ad9e-58f0f38a1c5c-downloadableSrc-c18266e8abff.webp
423208ba-d573-4255-ac08-34b3e3f644dc,Movie detail (Apple TV),76726de5-6734-4cb3-9302-54b39da1c1d0,Apple TV,2ff0781c-d34d-4c37-97a4-eba4fd9bd73c,4,5,5356c6f2-022d-4895-b9e3-46ed16f517a6,true,downloadableSrc,200,image/webp,105158,105158,c4861d91c61dad3db20fa341e4cde00005d8e4e34e7d4a4aee1d89836e86cead,1179,2676,,,bytescale.mobbin.com,f7a1807c1ac98ccf0eecf5078d61346ac9a94ca37a547f5708d580528c9e55c0,/Users/user/mobbin-sides/screen-flows/apple-tv/035-apple-tv-movie-detail-apple-tv-423208ba-d573-4255-ac08-34b3e3f644dc/005-5356c6f2-022d-4895-b9e3-46ed16f517a6-downloadableSrc-c4861d91c61d.webp
423208ba-d573-4255-ac08-34b3e3f644dc,Movie detail (Apple TV),76726de5-6734-4cb3-9302-54b39da1c1d0,Apple TV,2ff0781c-d34d-4c37-97a4-eba4fd9bd73c,5,6,ea606366-69fd-41b6-af11-1c8060a3cf2f,true,downloadableSrc,200,image/webp,158946,158946,5ab4c7d2c6f665dec5cda3ea2b59ced07712dea252d336890988b091ca955872,1179,2676,,,bytescale.mobbin.com,f7a1807c1ac98ccf0eecf5078d61346ac9a94ca37a547f5708d580528c9e55c0,/Users/user/mobbin-sides/screen-flows/apple-tv/035-apple-tv-movie-detail-apple-tv-423208ba-d573-4255-ac08-34b3e3f644dc/006-ea606366-69fd-41b6-af11-1c8060a3cf2f-downloadableSrc-5ab4c7d2c6f6.webp
cf25c752-8a22-4d8a-b0dd-40dd3785850a,Adding a movie to watchlist,76726de5-6734-4cb3-9302-54b39da1c1d0,Apple TV,2ff0781c-d34d-4c37-97a4-eba4fd9bd73c,0,1,4def31fa-a9a3-47e9-96e1-bbd7da3a57c3,true,downloadableSrc,200,image/webp,161972,161972,0a90e2ead1a52b58b413ae0ed1dbc7c570d8da223b6419ec1ff96d8099f1f106,1179,2676,,,bytescale.mobbin.com,f7a1807c1ac98ccf0eecf5078d61346ac9a94ca37a547f5708d580528c9e55c0,/Users/user/mobbin-sides/screen-flows/apple-tv/036-apple-tv-adding-a-movie-to-watchlist-cf25c752-8a22-4d8a-b0dd-40dd3785850a/001-4def31fa-a9a3-47e9-96e1-bbd7da3a57c3-downloadableSrc-0a90e2ead1a5.webp
cf25c752-8a22-4d8a-b0dd-40dd3785850a,Adding a movie to watchlist,76726de5-6734-4cb3-9302-54b39da1c1d0,Apple TV,2ff0781c-d34d-4c37-97a4-eba4fd9bd73c,1,2,0f8ab0bf-89aa-4bcc-a82b-2dc65123b953,true,downloadableSrc,200,image/webp,162198,162198,033b4453bd3d85676849be94bfb94450a6d108c948d521ffdc8558f727bffb70,1179,2676,,,bytescale.mobbin.com,f7a1807c1ac98ccf0eecf5078d61346ac9a94ca37a547f5708d580528c9e55c0,/Users/user/mobbin-sides/screen-flows/apple-tv/036-apple-tv-adding-a-movie-to-watchlist-cf25c752-8a22-4d8a-b0dd-40dd3785850a/002-0f8ab0bf-89aa-4bcc-a82b-2dc65123b953-downloadableSrc-033b4453bd3d.webp
1bcd38a8-8be0-41cd-a06a-e7e24ef9d531,Collection detail (Apple TV),76726de5-6734-4cb3-9302-54b39da1c1d0,Apple TV,2ff0781c-d34d-4c37-97a4-eba4fd9bd73c,0,1,c58760da-44bb-489d-bb3b-a19c060dfa8f,true,downloadableSrc,200,image/webp,186598,186598,a3ac505b72c6cd226ae166a0b1dd772bd725791b8007ad619b5dba94e8c7e525,1179,2676,,,bytescale.mobbin.com,f7a1807c1ac98ccf0eecf5078d61346ac9a94ca37a547f5708d580528c9e55c0,/Users/user/mobbin-sides/screen-flows/apple-tv/037-apple-tv-collection-detail-apple-tv-1bcd38a8-8be0-41cd-a06a-e7e24ef9d531/001-c58760da-44bb-489d-bb3b-a19c060dfa8f-downloadableSrc-a3ac505b72c6.webp
1bcd38a8-8be0-41cd-a06a-e7e24ef9d531,Collection detail (Apple TV),76726de5-6734-4cb3-9302-54b39da1c1d0,Apple TV,2ff0781c-d34d-4c37-97a4-eba4fd9bd73c,1,2,47ed18a0-6a70-446b-b484-7ae19956e7ca,true,downloadableSrc,200,image/webp,92456,92456,9c1c4da69fcc15def6f6c61dbd17a56ff8d152a086aa99198405fc835dc04d76,1179,2676,,,bytescale.mobbin.com,f7a1807c1ac98ccf0eecf5078d61346ac9a94ca37a547f5708d580528c9e55c0,/Users/user/mobbin-sides/screen-flows/apple-tv/037-apple-tv-collection-detail-apple-tv-1bcd38a8-8be0-41cd-a06a-e7e24ef9d531/002-47ed18a0-6a70-446b-b484-7ae19956e7ca-downloadableSrc-9c1c4da69fcc.webp
18fb1de4-b4bf-4094-9374-0a667ffe2516,Category detail,76726de5-6734-4cb3-9302-54b39da1c1d0,Apple TV,2ff0781c-d34d-4c37-97a4-eba4fd9bd73c,0,1,91bdd973-4641-4170-8620-bcc146551edc,true,downloadableSrc,200,image/webp,233778,233778,32ef5b3e1fc3bfa7d2c599f65780cb1c0d873dafc4f9da25e30b6e8c57805969,1179,2676,,,bytescale.mobbin.com,f7a1807c1ac98ccf0eecf5078d61346ac9a94ca37a547f5708d580528c9e55c0,/Users/user/mobbin-sides/screen-flows/apple-tv/038-apple-tv-category-detail-18fb1de4-b4bf-4094-9374-0a667ffe2516/001-91bdd973-4641-4170-8620-bcc146551edc-downloadableSrc-32ef5b3e1fc3.webp
18fb1de4-b4bf-4094-9374-0a667ffe2516,Category detail,76726de5-6734-4cb3-9302-54b39da1c1d0,Apple TV,2ff0781c-d34d-4c37-97a4-eba4fd9bd73c,1,2,a15c25a2-3836-44e8-8e93-041ad16bf0ba,true,downloadableSrc,200,image/webp,141922,141922,bfbccbb32166614eb04ea1e98ecaf928d5d7e33066294d5b8b1a8687c7eeb44a,1179,2676,,,bytescale.mobbin.com,f7a1807c1ac98ccf0eecf5078d61346ac9a94ca37a547f5708d580528c9e55c0,/Users/user/mobbin-sides/screen-flows/apple-tv/038-apple-tv-category-detail-18fb1de4-b4bf-4094-9374-0a667ffe2516/002-a15c25a2-3836-44e8-8e93-041ad16bf0ba-downloadableSrc-bfbccbb32166.webp
ac7b0bb4-e207-4ca7-a204-2294cc508e16,Store,76726de5-6734-4cb3-9302-54b39da1c1d0,Apple TV,2ff0781c-d34d-4c37-97a4-eba4fd9bd73c,0,1,888efda3-31e4-4ee0-a1a4-d62eacf87777,true,downloadableSrc,200,image/webp,123268,123268,be5110702ea3fa12b5bff110e1eca2a6ea83a8b627384d1d293cbb742cfc19df,1180,2676,,,bytescale.mobbin.com,f7a1807c1ac98ccf0eecf5078d61346ac9a94ca37a547f5708d580528c9e55c0,/Users/user/mobbin-sides/screen-flows/apple-tv/039-apple-tv-store-ac7b0bb4-e207-4ca7-a204-2294cc508e16/001-888efda3-31e4-4ee0-a1a4-d62eacf87777-downloadableSrc-be5110702ea3.webp
ac7b0bb4-e207-4ca7-a204-2294cc508e16,Store,76726de5-6734-4cb3-9302-54b39da1c1d0,Apple TV,2ff0781c-d34d-4c37-97a4-eba4fd9bd73c,1,2,35bf35c8-9582-4698-9adb-08857c65fa95,true,downloadableSrc,200,image/webp,125182,125182,3d006ee8cda71690b9a76bc5535b1d119780231cccb31181f15f130351175e41,1179,2676,,,bytescale.mobbin.com,f7a1807c1ac98ccf0eecf5078d61346ac9a94ca37a547f5708d580528c9e55c0,/Users/user/mobbin-sides/screen-flows/apple-tv/039-apple-tv-store-ac7b0bb4-e207-4ca7-a204-2294cc508e16/002-35bf35c8-9582-4698-9adb-08857c65fa95-downloadableSrc-3d006ee8cda7.webp
ac7b0bb4-e207-4ca7-a204-2294cc508e16,Store,76726de5-6734-4cb3-9302-54b39da1c1d0,Apple TV,2ff0781c-d34d-4c37-97a4-eba4fd9bd73c,2,3,6fdd5d7d-3a70-4449-85f5-dbf74a554f33,true,downloadableSrc,200,image/webp,253598,253598,18eb5fc890e5ffe247494d27fd08eb0d1cebc735a6157137093615030e9c8f2c,1179,2676,,,bytescale.mobbin.com,f7a1807c1ac98ccf0eecf5078d61346ac9a94ca37a547f5708d580528c9e55c0,/Users/user/mobbin-sides/screen-flows/apple-tv/039-apple-tv-store-ac7b0bb4-e207-4ca7-a204-2294cc508e16/003-6fdd5d7d-3a70-4449-85f5-dbf74a554f33-downloadableSrc-18eb5fc890e5.webp
ac7b0bb4-e207-4ca7-a204-2294cc508e16,Store,76726de5-6734-4cb3-9302-54b39da1c1d0,Apple TV,2ff0781c-d34d-4c37-97a4-eba4fd9bd73c,3,4,2d032cda-9e25-4180-ac86-d6e64b66f82b,true,downloadableSrc,200,image/webp,196440,196440,76f889aef39b77b54a5a184fe76f8f268e5118162eaccb5c43555f2f33016234,1179,2676,,,bytescale.mobbin.com,f7a1807c1ac98ccf0eecf5078d61346ac9a94ca37a547f5708d580528c9e55c0,/Users/user/mobbin-sides/screen-flows/apple-tv/039-apple-tv-store-ac7b0bb4-e207-4ca7-a204-2294cc508e16/004-2d032cda-9e25-4180-ac86-d6e64b66f82b-downloadableSrc-76f889aef39b.webp
ac7b0bb4-e207-4ca7-a204-2294cc508e16,Store,76726de5-6734-4cb3-9302-54b39da1c1d0,Apple TV,2ff0781c-d34d-4c37-97a4-eba4fd9bd73c,4,5,12ea8640-298b-48b5-aae0-9f007114b7e4,true,downloadableSrc,200,image/webp,155086,155086,e9ef4d783d7b919da4cdd61254bbe8a0109831922f3e832e6ca2d1ac1f1ad829,1179,2676,,,bytescale.mobbin.com,f7a1807c1ac98ccf0eecf5078d61346ac9a94ca37a547f5708d580528c9e55c0,/Users/user/mobbin-sides/screen-flows/apple-tv/039-apple-tv-store-ac7b0bb4-e207-4ca7-a204-2294cc508e16/005-12ea8640-298b-48b5-aae0-9f007114b7e4-downloadableSrc-e9ef4d783d7b.webp
5fbd0607-dc74-4376-9ebd-ec319ab372de,Movie detail (Store),76726de5-6734-4cb3-9302-54b39da1c1d0,Apple TV,2ff0781c-d34d-4c37-97a4-eba4fd9bd73c,0,1,6fdd5d7d-3a70-4449-85f5-dbf74a554f33,true,downloadableSrc,200,image/webp,253598,253598,18eb5fc890e5ffe247494d27fd08eb0d1cebc735a6157137093615030e9c8f2c,1179,2676,,,bytescale.mobbin.com,f7a1807c1ac98ccf0eecf5078d61346ac9a94ca37a547f5708d580528c9e55c0,/Users/user/mobbin-sides/screen-flows/apple-tv/040-apple-tv-movie-detail-store-5fbd0607-dc74-4376-9ebd-ec319ab372de/001-6fdd5d7d-3a70-4449-85f5-dbf74a554f33-downloadableSrc-18eb5fc890e5.webp
5fbd0607-dc74-4376-9ebd-ec319ab372de,Movie detail (Store),76726de5-6734-4cb3-9302-54b39da1c1d0,Apple TV,2ff0781c-d34d-4c37-97a4-eba4fd9bd73c,1,2,55b0734f-dd93-4bc3-8904-6812184dc4c7,true,downloadableSrc,200,image/webp,153194,153194,255873faf1a11dbedd510d815e88dc03debd28cf700104411e16b4b6061058fb,1179,2676,,,bytescale.mobbin.com,f7a1807c1ac98ccf0eecf5078d61346ac9a94ca37a547f5708d580528c9e55c0,/Users/user/mobbin-sides/screen-flows/apple-tv/040-apple-tv-movie-detail-store-5fbd0607-dc74-4376-9ebd-ec319ab372de/002-55b0734f-dd93-4bc3-8904-6812184dc4c7-downloadableSrc-255873faf1a1.webp
5fbd0607-dc74-4376-9ebd-ec319ab372de,Movie detail (Store),76726de5-6734-4cb3-9302-54b39da1c1d0,Apple TV,2ff0781c-d34d-4c37-97a4-eba4fd9bd73c,2,3,56798d65-818c-4539-866e-2ec952d1c15e,true,downloadableSrc,200,image/webp,190598,190598,726a135dc749eb2df4e436c73044e3e6311bce78945c51cdc096c1a587395f36,1179,2676,,,bytescale.mobbin.com,f7a1807c1ac98ccf0eecf5078d61346ac9a94ca37a547f5708d580528c9e55c0,/Users/user/mobbin-sides/screen-flows/apple-tv/040-apple-tv-movie-detail-store-5fbd0607-dc74-4376-9ebd-ec319ab372de/003-56798d65-818c-4539-866e-2ec952d1c15e-downloadableSrc-726a135dc749.webp
d2221580-b719-431b-b9e4-d65f4348b13f,Renting a movie,76726de5-6734-4cb3-9302-54b39da1c1d0,Apple TV,2ff0781c-d34d-4c37-97a4-eba4fd9bd73c,0,1,56798d65-818c-4539-866e-2ec952d1c15e,true,downloadableSrc,200,image/webp,190598,190598,726a135dc749eb2df4e436c73044e3e6311bce78945c51cdc096c1a587395f36,1179,2676,,,bytescale.mobbin.com,f7a1807c1ac98ccf0eecf5078d61346ac9a94ca37a547f5708d580528c9e55c0,/Users/user/mobbin-sides/screen-flows/apple-tv/041-apple-tv-renting-a-movie-d2221580-b719-431b-b9e4-d65f4348b13f/001-56798d65-818c-4539-866e-2ec952d1c15e-downloadableSrc-726a135dc749.webp
d2221580-b719-431b-b9e4-d65f4348b13f,Renting a movie,76726de5-6734-4cb3-9302-54b39da1c1d0,Apple TV,2ff0781c-d34d-4c37-97a4-eba4fd9bd73c,1,2,49cb7c01-5e8e-4961-a1c8-a9950a945f54,true,downloadableSrc,200,image/webp,183426,183426,db2bbad96e68dbf9e0bd9e2471d5a062501f44291f3bdc0ab6b9876546d6347f,1180,2676,,,bytescale.mobbin.com,f7a1807c1ac98ccf0eecf5078d61346ac9a94ca37a547f5708d580528c9e55c0,/Users/user/mobbin-sides/screen-flows/apple-tv/041-apple-tv-renting-a-movie-d2221580-b719-431b-b9e4-d65f4348b13f/002-49cb7c01-5e8e-4961-a1c8-a9950a945f54-downloadableSrc-db2bbad96e68.webp
d2221580-b719-431b-b9e4-d65f4348b13f,Renting a movie,76726de5-6734-4cb3-9302-54b39da1c1d0,Apple TV,2ff0781c-d34d-4c37-97a4-eba4fd9bd73c,2,3,10c71435-b1c1-4eb1-8dd2-953a5f09a8f8,true,downloadableSrc,200,image/webp,188350,188350,e6373b5440d80720a8090182e6d5593215591d74bc3c0007f8805a538bb6ad7d,1180,2676,,,bytescale.mobbin.com,f7a1807c1ac98ccf0eecf5078d61346ac9a94ca37a547f5708d580528c9e55c0,/Users/user/mobbin-sides/screen-flows/apple-tv/041-apple-tv-renting-a-movie-d2221580-b719-431b-b9e4-d65f4348b13f/003-10c71435-b1c1-4eb1-8dd2-953a5f09a8f8-downloadableSrc-e6373b5440d8.webp
45a0cb18-d795-475c-8a3d-241a7228d9ca,Watching a movie,76726de5-6734-4cb3-9302-54b39da1c1d0,Apple TV,2ff0781c-d34d-4c37-97a4-eba4fd9bd73c,0,1,10c71435-b1c1-4eb1-8dd2-953a5f09a8f8,true,downloadableSrc,200,image/webp,188350,188350,e6373b5440d80720a8090182e6d5593215591d74bc3c0007f8805a538bb6ad7d,1180,2676,,,bytescale.mobbin.com,f7a1807c1ac98ccf0eecf5078d61346ac9a94ca37a547f5708d580528c9e55c0,/Users/user/mobbin-sides/screen-flows/apple-tv/042-apple-tv-watching-a-movie-45a0cb18-d795-475c-8a3d-241a7228d9ca/001-10c71435-b1c1-4eb1-8dd2-953a5f09a8f8-downloadableSrc-e6373b5440d8.webp
45a0cb18-d795-475c-8a3d-241a7228d9ca,Watching a movie,76726de5-6734-4cb3-9302-54b39da1c1d0,Apple TV,2ff0781c-d34d-4c37-97a4-eba4fd9bd73c,1,2,187ba9bd-d323-4c2b-9182-f4b844a6d0df,true,downloadableSrc,200,image/webp,124102,124102,3afa3b0d97b4724d2da174387bfd8939d57632039c4f13a48f01334725ad5a26,1179,2676,,,bytescale.mobbin.com,f7a1807c1ac98ccf0eecf5078d61346ac9a94ca37a547f5708d580528c9e55c0,/Users/user/mobbin-sides/screen-flows/apple-tv/042-apple-tv-watching-a-movie-45a0cb18-d795-475c-8a3d-241a7228d9ca/002-187ba9bd-d323-4c2b-9182-f4b844a6d0df-downloadableSrc-3afa3b0d97b4.webp
45a0cb18-d795-475c-8a3d-241a7228d9ca,Watching a movie,76726de5-6734-4cb3-9302-54b39da1c1d0,Apple TV,2ff0781c-d34d-4c37-97a4-eba4fd9bd73c,2,3,9d1a7760-4198-4a64-a363-0aedf2145576,true,downloadableSrc,200,image/webp,28398,28398,d99a7c245b6171629983d3b1c7a13210eb0ae80455a0d3023cf6546bf11aed32,1179,2676,,,bytescale.mobbin.com,f7a1807c1ac98ccf0eecf5078d61346ac9a94ca37a547f5708d580528c9e55c0,/Users/user/mobbin-sides/screen-flows/apple-tv/042-apple-tv-watching-a-movie-45a0cb18-d795-475c-8a3d-241a7228d9ca/003-9d1a7760-4198-4a64-a363-0aedf2145576-downloadableSrc-d99a7c245b61.webp
45a0cb18-d795-475c-8a3d-241a7228d9ca,Watching a movie,76726de5-6734-4cb3-9302-54b39da1c1d0,Apple TV,2ff0781c-d34d-4c37-97a4-eba4fd9bd73c,3,4,e819ed3b-d87c-458f-b62f-91170591651f,true,downloadableSrc,200,image/webp,31758,31758,b61e936e7849458918eb679e8c1bf54bd5a5c17be237d03e278ae5cb950b2600,1179,2676,,,bytescale.mobbin.com,f7a1807c1ac98ccf0eecf5078d61346ac9a94ca37a547f5708d580528c9e55c0,/Users/user/mobbin-sides/screen-flows/apple-tv/042-apple-tv-watching-a-movie-45a0cb18-d795-475c-8a3d-241a7228d9ca/004-e819ed3b-d87c-458f-b62f-91170591651f-downloadableSrc-b61e936e7849.webp
a962ee47-6449-40d7-84d8-1517b1821aad,Library,76726de5-6734-4cb3-9302-54b39da1c1d0,Apple TV,2ff0781c-d34d-4c37-97a4-eba4fd9bd73c,0,1,888efda3-31e4-4ee0-a1a4-d62eacf87777,true,downloadableSrc,200,image/webp,123268,123268,be5110702ea3fa12b5bff110e1eca2a6ea83a8b627384d1d293cbb742cfc19df,1180,2676,,,bytescale.mobbin.com,f7a1807c1ac98ccf0eecf5078d61346ac9a94ca37a547f5708d580528c9e55c0,/Users/user/mobbin-sides/screen-flows/apple-tv/043-apple-tv-library-a962ee47-6449-40d7-84d8-1517b1821aad/001-888efda3-31e4-4ee0-a1a4-d62eacf87777-downloadableSrc-be5110702ea3.webp
a962ee47-6449-40d7-84d8-1517b1821aad,Library,76726de5-6734-4cb3-9302-54b39da1c1d0,Apple TV,2ff0781c-d34d-4c37-97a4-eba4fd9bd73c,1,2,448c2f12-10ab-4115-9b79-c6be76c8e0f3,true,downloadableSrc,200,image/webp,38846,38846,d86132ddad9665efd7bc655092e0e274cbabfd807d5320649fc20c30fb113357,1179,2676,,,bytescale.mobbin.com,f7a1807c1ac98ccf0eecf5078d61346ac9a94ca37a547f5708d580528c9e55c0,/Users/user/mobbin-sides/screen-flows/apple-tv/043-apple-tv-library-a962ee47-6449-40d7-84d8-1517b1821aad/002-448c2f12-10ab-4115-9b79-c6be76c8e0f3-downloadableSrc-d86132ddad96.webp
a962ee47-6449-40d7-84d8-1517b1821aad,Library,76726de5-6734-4cb3-9302-54b39da1c1d0,Apple TV,2ff0781c-d34d-4c37-97a4-eba4fd9bd73c,2,3,1a2876bc-aaad-41cc-942c-a9921db41892,true,downloadableSrc,200,image/webp,61908,61908,b0b64edc2e2e87a4002919644bbc2fe82f4a1d94895faf9191b9ed1a2406c498,1179,2676,,,bytescale.mobbin.com,f7a1807c1ac98ccf0eecf5078d61346ac9a94ca37a547f5708d580528c9e55c0,/Users/user/mobbin-sides/screen-flows/apple-tv/043-apple-tv-library-a962ee47-6449-40d7-84d8-1517b1821aad/003-1a2876bc-aaad-41cc-942c-a9921db41892-downloadableSrc-b0b64edc2e2e.webp
1f0b221e-f6fc-475c-b937-bae096f8a2a4,Downloaded,76726de5-6734-4cb3-9302-54b39da1c1d0,Apple TV,2ff0781c-d34d-4c37-97a4-eba4fd9bd73c,0,1,1a2876bc-aaad-41cc-942c-a9921db41892,true,downloadableSrc,200,image/webp,61908,61908,b0b64edc2e2e87a4002919644bbc2fe82f4a1d94895faf9191b9ed1a2406c498,1179,2676,,,bytescale.mobbin.com,f7a1807c1ac98ccf0eecf5078d61346ac9a94ca37a547f5708d580528c9e55c0,/Users/user/mobbin-sides/screen-flows/apple-tv/044-apple-tv-downloaded-1f0b221e-f6fc-475c-b937-bae096f8a2a4/001-1a2876bc-aaad-41cc-942c-a9921db41892-downloadableSrc-b0b64edc2e2e.webp
1f0b221e-f6fc-475c-b937-bae096f8a2a4,Downloaded,76726de5-6734-4cb3-9302-54b39da1c1d0,Apple TV,2ff0781c-d34d-4c37-97a4-eba4fd9bd73c,1,2,31df7925-8588-440b-8294-3f32775944fa,true,downloadableSrc,200,image/webp,67320,67320,c7c8bc3f77f2ea874208ae169dbf62df3cc4a57b4ae6d7d2d2b34da8d615ae9f,1179,2676,,,bytescale.mobbin.com,f7a1807c1ac98ccf0eecf5078d61346ac9a94ca37a547f5708d580528c9e55c0,/Users/user/mobbin-sides/screen-flows/apple-tv/044-apple-tv-downloaded-1f0b221e-f6fc-475c-b937-bae096f8a2a4/002-31df7925-8588-440b-8294-3f32775944fa-downloadableSrc-c7c8bc3f77f2.webp
34fb5b2a-448a-44dd-840f-ba64aba49143,Removing downloads,76726de5-6734-4cb3-9302-54b39da1c1d0,Apple TV,2ff0781c-d34d-4c37-97a4-eba4fd9bd73c,0,1,31df7925-8588-440b-8294-3f32775944fa,true,downloadableSrc,200,image/webp,67320,67320,c7c8bc3f77f2ea874208ae169dbf62df3cc4a57b4ae6d7d2d2b34da8d615ae9f,1179,2676,,,bytescale.mobbin.com,f7a1807c1ac98ccf0eecf5078d61346ac9a94ca37a547f5708d580528c9e55c0,/Users/user/mobbin-sides/screen-flows/apple-tv/045-apple-tv-removing-downloads-34fb5b2a-448a-44dd-840f-ba64aba49143/001-31df7925-8588-440b-8294-3f32775944fa-downloadableSrc-c7c8bc3f77f2.webp
34fb5b2a-448a-44dd-840f-ba64aba49143,Removing downloads,76726de5-6734-4cb3-9302-54b39da1c1d0,Apple TV,2ff0781c-d34d-4c37-97a4-eba4fd9bd73c,1,2,2b83495a-7238-41fe-80fd-7a962fa1c8a3,true,downloadableSrc,200,image/webp,66960,66960,49dd16f8f857538798384d08654f3ac665c1dfeb44781a82fc2e7a08019979b8,1179,2676,,,bytescale.mobbin.com,f7a1807c1ac98ccf0eecf5078d61346ac9a94ca37a547f5708d580528c9e55c0,/Users/user/mobbin-sides/screen-flows/apple-tv/045-apple-tv-removing-downloads-34fb5b2a-448a-44dd-840f-ba64aba49143/002-2b83495a-7238-41fe-80fd-7a962fa1c8a3-downloadableSrc-49dd16f8f857.webp
34fb5b2a-448a-44dd-840f-ba64aba49143,Removing downloads,76726de5-6734-4cb3-9302-54b39da1c1d0,Apple TV,2ff0781c-d34d-4c37-97a4-eba4fd9bd73c,2,3,8f1bc04c-9d1e-4227-8202-c780fcea2bac,true,downloadableSrc,200,image/webp,67956,67956,0a6c33e449000b9a5992dae4a497dec3f0dca52ebf7d87dd3ab9375ba44a57f2,1179,2676,,,bytescale.mobbin.com,f7a1807c1ac98ccf0eecf5078d61346ac9a94ca37a547f5708d580528c9e55c0,/Users/user/mobbin-sides/screen-flows/apple-tv/045-apple-tv-removing-downloads-34fb5b2a-448a-44dd-840f-ba64aba49143/003-8f1bc04c-9d1e-4227-8202-c780fcea2bac-downloadableSrc-0a6c33e44900.webp
34fb5b2a-448a-44dd-840f-ba64aba49143,Removing downloads,76726de5-6734-4cb3-9302-54b39da1c1d0,Apple TV,2ff0781c-d34d-4c37-97a4-eba4fd9bd73c,3,4,7f8d63f9-51ce-4239-9005-df7db597c38f,true,downloadableSrc,200,image/webp,78668,78668,f963e6e3c856fd6477a0ef0e3437ce2010a39fe283a6b0de573bc591ebdd0474,1179,2676,,,bytescale.mobbin.com,f7a1807c1ac98ccf0eecf5078d61346ac9a94ca37a547f5708d580528c9e55c0,/Users/user/mobbin-sides/screen-flows/apple-tv/045-apple-tv-removing-downloads-34fb5b2a-448a-44dd-840f-ba64aba49143/004-7f8d63f9-51ce-4239-9005-df7db597c38f-downloadableSrc-f963e6e3c856.webp
34fb5b2a-448a-44dd-840f-ba64aba49143,Removing downloads,76726de5-6734-4cb3-9302-54b39da1c1d0,Apple TV,2ff0781c-d34d-4c37-97a4-eba4fd9bd73c,4,5,25823b65-6d21-4e06-97f1-2f0fcb8a63f1,true,downloadableSrc,200,image/webp,42700,42700,85a692e84e1bb52a4394cf3321e9586908045dfbd19a18782c113db4c7dba9ca,1179,2676,,,bytescale.mobbin.com,f7a1807c1ac98ccf0eecf5078d61346ac9a94ca37a547f5708d580528c9e55c0,/Users/user/mobbin-sides/screen-flows/apple-tv/045-apple-tv-removing-downloads-34fb5b2a-448a-44dd-840f-ba64aba49143/005-25823b65-6d21-4e06-97f1-2f0fcb8a63f1-downloadableSrc-85a692e84e1b.webp
68a32e77-dc8a-47f0-96bf-be9556bba767,Search,76726de5-6734-4cb3-9302-54b39da1c1d0,Apple TV,2ff0781c-d34d-4c37-97a4-eba4fd9bd73c,0,1,888efda3-31e4-4ee0-a1a4-d62eacf87777,true,downloadableSrc,200,image/webp,123268,123268,be5110702ea3fa12b5bff110e1eca2a6ea83a8b627384d1d293cbb742cfc19df,1180,2676,,,bytescale.mobbin.com,f7a1807c1ac98ccf0eecf5078d61346ac9a94ca37a547f5708d580528c9e55c0,/Users/user/mobbin-sides/screen-flows/apple-tv/046-apple-tv-search-68a32e77-dc8a-47f0-96bf-be9556bba767/001-888efda3-31e4-4ee0-a1a4-d62eacf87777-downloadableSrc-be5110702ea3.webp
68a32e77-dc8a-47f0-96bf-be9556bba767,Search,76726de5-6734-4cb3-9302-54b39da1c1d0,Apple TV,2ff0781c-d34d-4c37-97a4-eba4fd9bd73c,1,2,2440ea8e-1967-4e6c-8243-9dd06069aabc,true,downloadableSrc,200,image/webp,154962,154962,05b0db1d27ec6a8ade351877415ec612c46ff32e1991a251e87682eb05f67c19,1179,2676,,,bytescale.mobbin.com,f7a1807c1ac98ccf0eecf5078d61346ac9a94ca37a547f5708d580528c9e55c0,/Users/user/mobbin-sides/screen-flows/apple-tv/046-apple-tv-search-68a32e77-dc8a-47f0-96bf-be9556bba767/002-2440ea8e-1967-4e6c-8243-9dd06069aabc-downloadableSrc-05b0db1d27ec.webp
7d7bac55-81a1-4ea4-ad25-d5546446f9fb,Searching Apple TV,76726de5-6734-4cb3-9302-54b39da1c1d0,Apple TV,2ff0781c-d34d-4c37-97a4-eba4fd9bd73c,0,1,2440ea8e-1967-4e6c-8243-9dd06069aabc,true,downloadableSrc,200,image/webp,154962,154962,05b0db1d27ec6a8ade351877415ec612c46ff32e1991a251e87682eb05f67c19,1179,2676,,,bytescale.mobbin.com,f7a1807c1ac98ccf0eecf5078d61346ac9a94ca37a547f5708d580528c9e55c0,/Users/user/mobbin-sides/screen-flows/apple-tv/047-apple-tv-searching-apple-tv-7d7bac55-81a1-4ea4-ad25-d5546446f9fb/001-2440ea8e-1967-4e6c-8243-9dd06069aabc-downloadableSrc-05b0db1d27ec.webp
7d7bac55-81a1-4ea4-ad25-d5546446f9fb,Searching Apple TV,76726de5-6734-4cb3-9302-54b39da1c1d0,Apple TV,2ff0781c-d34d-4c37-97a4-eba4fd9bd73c,1,2,f2262a97-f599-4cb9-af37-aad6b2c03d82,true,downloadableSrc,200,image/webp,38160,38160,d2010ed25d1cf09511eaf7ce673b56e0488025f1f33f8ac9a09809bff1a77858,1180,2676,,,bytescale.mobbin.com,f7a1807c1ac98ccf0eecf5078d61346ac9a94ca37a547f5708d580528c9e55c0,/Users/user/mobbin-sides/screen-flows/apple-tv/047-apple-tv-searching-apple-tv-7d7bac55-81a1-4ea4-ad25-d5546446f9fb/002-f2262a97-f599-4cb9-af37-aad6b2c03d82-downloadableSrc-d2010ed25d1c.webp
7d7bac55-81a1-4ea4-ad25-d5546446f9fb,Searching Apple TV,76726de5-6734-4cb3-9302-54b39da1c1d0,Apple TV,2ff0781c-d34d-4c37-97a4-eba4fd9bd73c,2,3,27acacd0-015c-4599-af2e-ed3f737e29bf,true,downloadableSrc,200,image/webp,74654,74654,86c53ccdd7bb3ce219b28e6e9b11ab3bf3435b6a5840836fbf0ec65f4fd3862d,1180,2676,,,bytescale.mobbin.com,f7a1807c1ac98ccf0eecf5078d61346ac9a94ca37a547f5708d580528c9e55c0,/Users/user/mobbin-sides/screen-flows/apple-tv/047-apple-tv-searching-apple-tv-7d7bac55-81a1-4ea4-ad25-d5546446f9fb/003-27acacd0-015c-4599-af2e-ed3f737e29bf-downloadableSrc-86c53ccdd7bb.webp
7d7bac55-81a1-4ea4-ad25-d5546446f9fb,Searching Apple TV,76726de5-6734-4cb3-9302-54b39da1c1d0,Apple TV,2ff0781c-d34d-4c37-97a4-eba4fd9bd73c,3,4,648bc1e0-bb4c-46c4-8fc5-614e7800085a,true,downloadableSrc,200,image/webp,84914,84914,cebe673b8ccfecff93fae8d13a186b0335761accb17c020f0f4df026f3f3cb88,1180,2676,,,bytescale.mobbin.com,f7a1807c1ac98ccf0eecf5078d61346ac9a94ca37a547f5708d580528c9e55c0,/Users/user/mobbin-sides/screen-flows/apple-tv/047-apple-tv-searching-apple-tv-7d7bac55-81a1-4ea4-ad25-d5546446f9fb/004-648bc1e0-bb4c-46c4-8fc5-614e7800085a-downloadableSrc-cebe673b8ccf.webp
7d7bac55-81a1-4ea4-ad25-d5546446f9fb,Searching Apple TV,76726de5-6734-4cb3-9302-54b39da1c1d0,Apple TV,2ff0781c-d34d-4c37-97a4-eba4fd9bd73c,4,5,53bbac7a-b5b3-4a20-863b-7f873101a2a3,true,downloadableSrc,200,image/webp,56326,56326,07871bf9f9e11da5cf8b68f3cd2127204a165d06676972a2df46dc40c302cac1,1180,2676,,,bytescale.mobbin.com,f7a1807c1ac98ccf0eecf5078d61346ac9a94ca37a547f5708d580528c9e55c0,/Users/user/mobbin-sides/screen-flows/apple-tv/047-apple-tv-searching-apple-tv-7d7bac55-81a1-4ea4-ad25-d5546446f9fb/005-53bbac7a-b5b3-4a20-863b-7f873101a2a3-downloadableSrc-07871bf9f9e1.webp
661f1126-522d-41e8-943c-bdbbae2257e3,Account,76726de5-6734-4cb3-9302-54b39da1c1d0,Apple TV,2ff0781c-d34d-4c37-97a4-eba4fd9bd73c,0,1,888efda3-31e4-4ee0-a1a4-d62eacf87777,true,downloadableSrc,200,image/webp,123268,123268,be5110702ea3fa12b5bff110e1eca2a6ea83a8b627384d1d293cbb742cfc19df,1180,2676,,,bytescale.mobbin.com,f7a1807c1ac98ccf0eecf5078d61346ac9a94ca37a547f5708d580528c9e55c0,/Users/user/mobbin-sides/screen-flows/apple-tv/048-apple-tv-account-661f1126-522d-41e8-943c-bdbbae2257e3/001-888efda3-31e4-4ee0-a1a4-d62eacf87777-downloadableSrc-be5110702ea3.webp
661f1126-522d-41e8-943c-bdbbae2257e3,Account,76726de5-6734-4cb3-9302-54b39da1c1d0,Apple TV,2ff0781c-d34d-4c37-97a4-eba4fd9bd73c,1,2,c9fa091d-879d-43d0-9e9b-3a098b1a97bb,true,downloadableSrc,200,image/webp,81242,81242,cb992eeb0d355f42748e7160befe90090f55ebbbf396234d310422838b421d53,1179,2676,,,bytescale.mobbin.com,f7a1807c1ac98ccf0eecf5078d61346ac9a94ca37a547f5708d580528c9e55c0,/Users/user/mobbin-sides/screen-flows/apple-tv/048-apple-tv-account-661f1126-522d-41e8-943c-bdbbae2257e3/002-c9fa091d-879d-43d0-9e9b-3a098b1a97bb-downloadableSrc-cb992eeb0d35.webp
661f1126-522d-41e8-943c-bdbbae2257e3,Account,76726de5-6734-4cb3-9302-54b39da1c1d0,Apple TV,2ff0781c-d34d-4c37-97a4-eba4fd9bd73c,2,3,4d325ea0-b03b-45ed-a999-c57ff9e777b1,true,downloadableSrc,200,image/webp,93820,93820,13fc15462a95146bc0b8f677f7e8e2e18771a3c003acfac22c4a778b423100c7,1179,2676,,,bytescale.mobbin.com,f7a1807c1ac98ccf0eecf5078d61346ac9a94ca37a547f5708d580528c9e55c0,/Users/user/mobbin-sides/screen-flows/apple-tv/048-apple-tv-account-661f1126-522d-41e8-943c-bdbbae2257e3/003-4d325ea0-b03b-45ed-a999-c57ff9e777b1-downloadableSrc-13fc15462a95.webp
47e22c78-a41b-48bb-93de-4416bbaf317a,Connected apps,76726de5-6734-4cb3-9302-54b39da1c1d0,Apple TV,2ff0781c-d34d-4c37-97a4-eba4fd9bd73c,0,1,c9fa091d-879d-43d0-9e9b-3a098b1a97bb,true,downloadableSrc,200,image/webp,81242,81242,cb992eeb0d355f42748e7160befe90090f55ebbbf396234d310422838b421d53,1179,2676,,,bytescale.mobbin.com,f7a1807c1ac98ccf0eecf5078d61346ac9a94ca37a547f5708d580528c9e55c0,/Users/user/mobbin-sides/screen-flows/apple-tv/049-apple-tv-connected-apps-47e22c78-a41b-48bb-93de-4416bbaf317a/001-c9fa091d-879d-43d0-9e9b-3a098b1a97bb-downloadableSrc-cb992eeb0d35.webp
47e22c78-a41b-48bb-93de-4416bbaf317a,Connected apps,76726de5-6734-4cb3-9302-54b39da1c1d0,Apple TV,2ff0781c-d34d-4c37-97a4-eba4fd9bd73c,1,2,c5c82c38-bee4-41ef-891b-acb4f1ad18f4,true,downloadableSrc,200,image/webp,44934,44934,6b61407e63adc4db2a6f438a8c60494a43825ba72bbe9cd5aab72f170d2e12d1,1179,2676,,,bytescale.mobbin.com,f7a1807c1ac98ccf0eecf5078d61346ac9a94ca37a547f5708d580528c9e55c0,/Users/user/mobbin-sides/screen-flows/apple-tv/049-apple-tv-connected-apps-47e22c78-a41b-48bb-93de-4416bbaf317a/002-c5c82c38-bee4-41ef-891b-acb4f1ad18f4-downloadableSrc-6b61407e63ad.webp
449d233d-9742-42e6-b6f2-eb6eec2c3e75,Deleting play history,76726de5-6734-4cb3-9302-54b39da1c1d0,Apple TV,2ff0781c-d34d-4c37-97a4-eba4fd9bd73c,0,1,c9fa091d-879d-43d0-9e9b-3a098b1a97bb,true,downloadableSrc,200,image/webp,81242,81242,cb992eeb0d355f42748e7160befe90090f55ebbbf396234d310422838b421d53,1179,2676,,,bytescale.mobbin.com,f7a1807c1ac98ccf0eecf5078d61346ac9a94ca37a547f5708d580528c9e55c0,/Users/user/mobbin-sides/screen-flows/apple-tv/050-apple-tv-deleting-play-history-449d233d-9742-42e6-b6f2-eb6eec2c3e75/001-c9fa091d-879d-43d0-9e9b-3a098b1a97bb-downloadableSrc-cb992eeb0d35.webp
449d233d-9742-42e6-b6f2-eb6eec2c3e75,Deleting play history,76726de5-6734-4cb3-9302-54b39da1c1d0,Apple TV,2ff0781c-d34d-4c37-97a4-eba4fd9bd73c,1,2,35c69a85-1608-4c20-857d-1b994a284f08,true,downloadableSrc,200,image/webp,74772,74772,e3d6afc54e0dcde238fb96a6dccabf3d5618b1131a04584a7511203cdf153580,1179,2676,,,bytescale.mobbin.com,f7a1807c1ac98ccf0eecf5078d61346ac9a94ca37a547f5708d580528c9e55c0,/Users/user/mobbin-sides/screen-flows/apple-tv/050-apple-tv-deleting-play-history-449d233d-9742-42e6-b6f2-eb6eec2c3e75/002-35c69a85-1608-4c20-857d-1b994a284f08-downloadableSrc-e3d6afc54e0d.webp
449d233d-9742-42e6-b6f2-eb6eec2c3e75,Deleting play history,76726de5-6734-4cb3-9302-54b39da1c1d0,Apple TV,2ff0781c-d34d-4c37-97a4-eba4fd9bd73c,2,3,4d1aa83a-5ffa-4086-a734-bc1303fa8cb1,true,downloadableSrc,200,image/webp,79186,79186,611a48a7dd4648f0f58f617c3f7b0cf7fcd556e918eb7e5154a183c549b90bd8,1179,2676,,,bytescale.mobbin.com,f7a1807c1ac98ccf0eecf5078d61346ac9a94ca37a547f5708d580528c9e55c0,/Users/user/mobbin-sides/screen-flows/apple-tv/050-apple-tv-deleting-play-history-449d233d-9742-42e6-b6f2-eb6eec2c3e75/003-4d1aa83a-5ffa-4086-a734-bc1303fa8cb1-downloadableSrc-611a48a7dd46.webp
2950c094-ccea-4fa6-a6c1-008cab76264a,Turning off auto-play settings,76726de5-6734-4cb3-9302-54b39da1c1d0,Apple TV,2ff0781c-d34d-4c37-97a4-eba4fd9bd73c,0,1,c9fa091d-879d-43d0-9e9b-3a098b1a97bb,true,downloadableSrc,200,image/webp,81242,81242,cb992eeb0d355f42748e7160befe90090f55ebbbf396234d310422838b421d53,1179,2676,,,bytescale.mobbin.com,f7a1807c1ac98ccf0eecf5078d61346ac9a94ca37a547f5708d580528c9e55c0,/Users/user/mobbin-sides/screen-flows/apple-tv/051-apple-tv-turning-off-auto-play-settings-2950c094-ccea-4fa6-a6c1-008cab76264a/001-c9fa091d-879d-43d0-9e9b-3a098b1a97bb-downloadableSrc-cb992eeb0d35.webp
2950c094-ccea-4fa6-a6c1-008cab76264a,Turning off auto-play settings,76726de5-6734-4cb3-9302-54b39da1c1d0,Apple TV,2ff0781c-d34d-4c37-97a4-eba4fd9bd73c,1,2,87bf69cf-e16e-49bd-a7f4-0e6f9390a7fb,true,downloadableSrc,200,image/webp,82540,82540,2ca3fcb2c192deae0496540b3f51e6e4cf1a97f1e72a50bcd23f1bdca1dae9a7,1179,2676,,,bytescale.mobbin.com,f7a1807c1ac98ccf0eecf5078d61346ac9a94ca37a547f5708d580528c9e55c0,/Users/user/mobbin-sides/screen-flows/apple-tv/051-apple-tv-turning-off-auto-play-settings-2950c094-ccea-4fa6-a6c1-008cab76264a/002-87bf69cf-e16e-49bd-a7f4-0e6f9390a7fb-downloadableSrc-2ca3fcb2c192.webp
46638aa8-0740-4648-92d4-f936746235ce,Logging out,76726de5-6734-4cb3-9302-54b39da1c1d0,Apple TV,2ff0781c-d34d-4c37-97a4-eba4fd9bd73c,0,1,4d325ea0-b03b-45ed-a999-c57ff9e777b1,true,downloadableSrc,200,image/webp,93820,93820,13fc15462a95146bc0b8f677f7e8e2e18771a3c003acfac22c4a778b423100c7,1179,2676,,,bytescale.mobbin.com,f7a1807c1ac98ccf0eecf5078d61346ac9a94ca37a547f5708d580528c9e55c0,/Users/user/mobbin-sides/screen-flows/apple-tv/052-apple-tv-logging-out-46638aa8-0740-4648-92d4-f936746235ce/001-4d325ea0-b03b-45ed-a999-c57ff9e777b1-downloadableSrc-13fc15462a95.webp
46638aa8-0740-4648-92d4-f936746235ce,Logging out,76726de5-6734-4cb3-9302-54b39da1c1d0,Apple TV,2ff0781c-d34d-4c37-97a4-eba4fd9bd73c,1,2,923d24c5-5772-4fbb-8be9-b1ee332b7751,true,downloadableSrc,200,image/webp,164092,164092,25cae1eb1d8569e14555e4d810aa3ff50aea697eb5aa34643d441b0ad3a8378b,1180,2676,,,bytescale.mobbin.com,f7a1807c1ac98ccf0eecf5078d61346ac9a94ca37a547f5708d580528c9e55c0,/Users/user/mobbin-sides/screen-flows/apple-tv/052-apple-tv-logging-out-46638aa8-0740-4648-92d4-f936746235ce/002-923d24c5-5772-4fbb-8be9-b1ee332b7751-downloadableSrc-25cae1eb1d85.webp
90a86559-c2b4-4527-82ec-47e486fa38e3,Logging in,76726de5-6734-4cb3-9302-54b39da1c1d0,Apple TV,2ff0781c-d34d-4c37-97a4-eba4fd9bd73c,0,1,923d24c5-5772-4fbb-8be9-b1ee332b7751,true,downloadableSrc,200,image/webp,164092,164092,25cae1eb1d8569e14555e4d810aa3ff50aea697eb5aa34643d441b0ad3a8378b,1180,2676,,,bytescale.mobbin.com,f7a1807c1ac98ccf0eecf5078d61346ac9a94ca37a547f5708d580528c9e55c0,/Users/user/mobbin-sides/screen-flows/apple-tv/053-apple-tv-logging-in-90a86559-c2b4-4527-82ec-47e486fa38e3/001-923d24c5-5772-4fbb-8be9-b1ee332b7751-downloadableSrc-25cae1eb1d85.webp
90a86559-c2b4-4527-82ec-47e486fa38e3,Logging in,76726de5-6734-4cb3-9302-54b39da1c1d0,Apple TV,2ff0781c-d34d-4c37-97a4-eba4fd9bd73c,1,2,299744ff-bbab-43bc-b8c6-c2c87357b079,true,downloadableSrc,200,image/webp,76834,76834,5188b3da4e6a6ffac92ca4507c50fea6eab75866e6403eb551bb056c1f0d1140,1180,2676,,,bytescale.mobbin.com,f7a1807c1ac98ccf0eecf5078d61346ac9a94ca37a547f5708d580528c9e55c0,/Users/user/mobbin-sides/screen-flows/apple-tv/053-apple-tv-logging-in-90a86559-c2b4-4527-82ec-47e486fa38e3/002-299744ff-bbab-43bc-b8c6-c2c87357b079-downloadableSrc-5188b3da4e6a.webp
90a86559-c2b4-4527-82ec-47e486fa38e3,Logging in,76726de5-6734-4cb3-9302-54b39da1c1d0,Apple TV,2ff0781c-d34d-4c37-97a4-eba4fd9bd73c,2,3,e581e136-d617-4faa-ad91-a1163f4feeed,true,downloadableSrc,200,image/webp,83124,83124,14ddd915a47948cb7918a9966408f3fa44f4a7a6ef6512621fb733bc956d3329,1180,2676,,,bytescale.mobbin.com,f7a1807c1ac98ccf0eecf5078d61346ac9a94ca37a547f5708d580528c9e55c0,/Users/user/mobbin-sides/screen-flows/apple-tv/053-apple-tv-logging-in-90a86559-c2b4-4527-82ec-47e486fa38e3/003-e581e136-d617-4faa-ad91-a1163f4feeed-downloadableSrc-14ddd915a479.webp
90a86559-c2b4-4527-82ec-47e486fa38e3,Logging in,76726de5-6734-4cb3-9302-54b39da1c1d0,Apple TV,2ff0781c-d34d-4c37-97a4-eba4fd9bd73c,3,4,4011fbf3-46b3-41ec-9197-819ccb830074,true,downloadableSrc,200,image/webp,81234,81234,1636d43e57b1da97214d0ffd31c43c0c72b2fdc6d0b6a164991a5377dc5e8514,1180,2676,,,bytescale.mobbin.com,f7a1807c1ac98ccf0eecf5078d61346ac9a94ca37a547f5708d580528c9e55c0,/Users/user/mobbin-sides/screen-flows/apple-tv/053-apple-tv-logging-in-90a86559-c2b4-4527-82ec-47e486fa38e3/004-4011fbf3-46b3-41ec-9197-819ccb830074-downloadableSrc-1636d43e57b1.webp
90a86559-c2b4-4527-82ec-47e486fa38e3,Logging in,76726de5-6734-4cb3-9302-54b39da1c1d0,Apple TV,2ff0781c-d34d-4c37-97a4-eba4fd9bd73c,4,5,6e6a785d-45c7-402c-ab91-ef2d76bd12eb,true,downloadableSrc,200,image/webp,37988,37988,eb7d3f0c9769a80e553fa4bbc4bc47ec897798c1c35605981c367fff59e0cb36,1180,2676,,,bytescale.mobbin.com,f7a1807c1ac98ccf0eecf5078d61346ac9a94ca37a547f5708d580528c9e55c0,/Users/user/mobbin-sides/screen-flows/apple-tv/053-apple-tv-logging-in-90a86559-c2b4-4527-82ec-47e486fa38e3/005-6e6a785d-45c7-402c-ab91-ef2d76bd12eb-downloadableSrc-eb7d3f0c9769.webp
90a86559-c2b4-4527-82ec-47e486fa38e3,Logging in,76726de5-6734-4cb3-9302-54b39da1c1d0,Apple TV,2ff0781c-d34d-4c37-97a4-eba4fd9bd73c,5,6,b5cad753-f869-4b4c-a414-88db49c75e14,true,downloadableSrc,200,image/webp,137730,137730,916c5a5f9c2337cdf155cb9344b1f1eae1846bdea452bd1e31765a358fa80a11,1180,2676,,,bytescale.mobbin.com,f7a1807c1ac98ccf0eecf5078d61346ac9a94ca37a547f5708d580528c9e55c0,/Users/user/mobbin-sides/screen-flows/apple-tv/053-apple-tv-logging-in-90a86559-c2b4-4527-82ec-47e486fa38e3/006-b5cad753-f869-4b4c-a414-88db49c75e14-downloadableSrc-916c5a5f9c23.webp
eb0d7b3b-885a-4dfd-8654-bcbc2235c7d7,Widgets,76726de5-6734-4cb3-9302-54b39da1c1d0,Apple TV,2ff0781c-d34d-4c37-97a4-eba4fd9bd73c,0,1,3d1dc5df-9bc9-4237-9e21-68f92a1a5e91,true,downloadableSrc,200,image/webp,120944,120944,9ba6e1b157cb9dd4d00355ceb1529f8c31f95e0355e71c3f507bd5f7887ab822,1179,2676,,,bytescale.mobbin.com,f7a1807c1ac98ccf0eecf5078d61346ac9a94ca37a547f5708d580528c9e55c0,/Users/user/mobbin-sides/screen-flows/apple-tv/054-apple-tv-widgets-eb0d7b3b-885a-4dfd-8654-bcbc2235c7d7/001-3d1dc5df-9bc9-4237-9e21-68f92a1a5e91-downloadableSrc-9ba6e1b157cb.webp
