flowId,flowName,appId,appName,appVersionId,order,index,screenId,restricted,descriptor,status,contentType,contentLengthHeader,bytes,sha256,width,height,declaredWidth,declaredHeight,urlHost,urlPathHash,savedPath
671e3f4d-bd4d-4d0e-b229-fec56d4e215f,Onboarding,2ba30e05-f5ad-4666-82d8-677904a0c82e,Apple News,265b7905-18b6-4f2f-9f7f-1174f0420c78,0,1,a89003a4-2323-450e-9a84-14129b98a125,false,downloadableSrc,200,image/webp,42534,42534,fc81f331dceb4f883a019d90e2d39a5ea920c85ba58388e97814bcfcf5ffa039,1179,2676,,,bytescale.mobbin.com,f7a1807c1ac98ccf0eecf5078d61346ac9a94ca37a547f5708d580528c9e55c0,/Users/user/mobbin-sides/screen-flows/apple-news/001-apple-news-onboarding-671e3f4d-bd4d-4d0e-b229-fec56d4e215f/001-a89003a4-2323-450e-9a84-14129b98a125-downloadableSrc-fc81f331dceb.webp
671e3f4d-bd4d-4d0e-b229-fec56d4e215f,Onboarding,2ba30e05-f5ad-4666-82d8-677904a0c82e,Apple News,265b7905-18b6-4f2f-9f7f-1174f0420c78,1,2,dcf7884c-7bfa-4bb1-a3fe-d9dd27701353,false,downloadableSrc,200,image/webp,75044,75044,8b678b65b5c9ccde4aecf9f54a48b6422c8beb57079feab41a1f62b9a0da533b,1179,2676,,,bytescale.mobbin.com,f7a1807c1ac98ccf0eecf5078d61346ac9a94ca37a547f5708d580528c9e55c0,/Users/user/mobbin-sides/screen-flows/apple-news/001-apple-news-onboarding-671e3f4d-bd4d-4d0e-b229-fec56d4e215f/002-dcf7884c-7bfa-4bb1-a3fe-d9dd27701353-downloadableSrc-8b678b65b5c9.webp
671e3f4d-bd4d-4d0e-b229-fec56d4e215f,Onboarding,2ba30e05-f5ad-4666-82d8-677904a0c82e,Apple News,265b7905-18b6-4f2f-9f7f-1174f0420c78,2,3,9e153c5d-82ad-441b-b85b-559e758e4f6f,false,downloadableSrc,200,image/webp,51152,51152,89edc6b67e1bba01187bfbda63217f48338e67843da0234253004c1308079090,1179,2676,,,bytescale.mobbin.com,f7a1807c1ac98ccf0eecf5078d61346ac9a94ca37a547f5708d580528c9e55c0,/Users/user/mobbin-sides/screen-flows/apple-news/001-apple-news-onboarding-671e3f4d-bd4d-4d0e-b229-fec56d4e215f/003-9e153c5d-82ad-441b-b85b-559e758e4f6f-downloadableSrc-89edc6b67e1b.webp
671e3f4d-bd4d-4d0e-b229-fec56d4e215f,Onboarding,2ba30e05-f5ad-4666-82d8-677904a0c82e,Apple News,265b7905-18b6-4f2f-9f7f-1174f0420c78,3,4,2450aa3b-98e8-45ed-a7bc-afb38e478b73,false,downloadableSrc,200,image/webp,245132,245132,da706e592dcb340a6521e020d43231e66760fd54cfe18a69cd08fe3ee3b01bf2,1179,2676,,,bytescale.mobbin.com,f7a1807c1ac98ccf0eecf5078d61346ac9a94ca37a547f5708d580528c9e55c0,/Users/user/mobbin-sides/screen-flows/apple-news/001-apple-news-onboarding-671e3f4d-bd4d-4d0e-b229-fec56d4e215f/004-2450aa3b-98e8-45ed-a7bc-afb38e478b73-downloadableSrc-da706e592dcb.webp
774440cc-aac0-47ec-b5b9-db98da964c15,Subscribing to News+,2ba30e05-f5ad-4666-82d8-677904a0c82e,Apple News,265b7905-18b6-4f2f-9f7f-1174f0420c78,0,1,2450aa3b-98e8-45ed-a7bc-afb38e478b73,true,downloadableSrc,200,image/webp,245132,245132,da706e592dcb340a6521e020d43231e66760fd54cfe18a69cd08fe3ee3b01bf2,1179,2676,,,bytescale.mobbin.com,f7a1807c1ac98ccf0eecf5078d61346ac9a94ca37a547f5708d580528c9e55c0,/Users/user/mobbin-sides/screen-flows/apple-news/002-apple-news-subscribing-to-news-774440cc-aac0-47ec-b5b9-db98da964c15/001-2450aa3b-98e8-45ed-a7bc-afb38e478b73-downloadableSrc-da706e592dcb.webp
774440cc-aac0-47ec-b5b9-db98da964c15,Subscribing to News+,2ba30e05-f5ad-4666-82d8-677904a0c82e,Apple News,265b7905-18b6-4f2f-9f7f-1174f0420c78,1,2,250541b7-8d27-4e23-99c6-17c3f4ce4c47,true,downloadableSrc,200,image/webp,115540,115540,dbb3e31fa71778c5f5f1aa8d6911a00b7560a27a7f6ac0f267c303d1a4beb470,1180,2676,,,bytescale.mobbin.com,f7a1807c1ac98ccf0eecf5078d61346ac9a94ca37a547f5708d580528c9e55c0,/Users/user/mobbin-sides/screen-flows/apple-news/002-apple-news-subscribing-to-news-774440cc-aac0-47ec-b5b9-db98da964c15/002-250541b7-8d27-4e23-99c6-17c3f4ce4c47-downloadableSrc-dbb3e31fa717.webp
774440cc-aac0-47ec-b5b9-db98da964c15,Subscribing to News+,2ba30e05-f5ad-4666-82d8-677904a0c82e,Apple News,265b7905-18b6-4f2f-9f7f-1174f0420c78,2,3,4fc6cc82-4e3e-4924-aa2b-7477a1a96a39,true,downloadableSrc,200,image/webp,246298,246298,64dfcb783d7c43b2cebf610b4f1bc3864db49edca50295133e3d986415cfa0d3,1179,2676,,,bytescale.mobbin.com,f7a1807c1ac98ccf0eecf5078d61346ac9a94ca37a547f5708d580528c9e55c0,/Users/user/mobbin-sides/screen-flows/apple-news/002-apple-news-subscribing-to-news-774440cc-aac0-47ec-b5b9-db98da964c15/003-4fc6cc82-4e3e-4924-aa2b-7477a1a96a39-downloadableSrc-64dfcb783d7c.webp
5ff53cad-ce44-4039-bc65-85d7c7d0781d,Today,2ba30e05-f5ad-4666-82d8-677904a0c82e,Apple News,265b7905-18b6-4f2f-9f7f-1174f0420c78,0,1,4fc6cc82-4e3e-4924-aa2b-7477a1a96a39,true,downloadableSrc,200,image/webp,246298,246298,64dfcb783d7c43b2cebf610b4f1bc3864db49edca50295133e3d986415cfa0d3,1179,2676,,,bytescale.mobbin.com,f7a1807c1ac98ccf0eecf5078d61346ac9a94ca37a547f5708d580528c9e55c0,/Users/user/mobbin-sides/screen-flows/apple-news/003-apple-news-today-5ff53cad-ce44-4039-bc65-85d7c7d0781d/001-4fc6cc82-4e3e-4924-aa2b-7477a1a96a39-downloadableSrc-64dfcb783d7c.webp
5ff53cad-ce44-4039-bc65-85d7c7d0781d,Today,2ba30e05-f5ad-4666-82d8-677904a0c82e,Apple News,265b7905-18b6-4f2f-9f7f-1174f0420c78,1,2,57908865-e496-4dc5-b3da-3cd250a87575,true,downloadableSrc,200,image/webp,248200,248200,b076033ab03bafcc13151d9a52f5dbe0e568a9f99078a618a25744b4e24b2bb2,1179,2676,,,bytescale.mobbin.com,f7a1807c1ac98ccf0eecf5078d61346ac9a94ca37a547f5708d580528c9e55c0,/Users/user/mobbin-sides/screen-flows/apple-news/003-apple-news-today-5ff53cad-ce44-4039-bc65-85d7c7d0781d/002-57908865-e496-4dc5-b3da-3cd250a87575-downloadableSrc-b076033ab03b.webp
5ff53cad-ce44-4039-bc65-85d7c7d0781d,Today,2ba30e05-f5ad-4666-82d8-677904a0c82e,Apple News,265b7905-18b6-4f2f-9f7f-1174f0420c78,2,3,1d64dcf1-d519-458a-b90c-140bb22f6958,true,downloadableSrc,200,image/webp,205528,205528,2e4338fc774a799fb281a701b0202be60577a0027c68873dba831cd535810d44,1179,2676,,,bytescale.mobbin.com,f7a1807c1ac98ccf0eecf5078d61346ac9a94ca37a547f5708d580528c9e55c0,/Users/user/mobbin-sides/screen-flows/apple-news/003-apple-news-today-5ff53cad-ce44-4039-bc65-85d7c7d0781d/003-1d64dcf1-d519-458a-b90c-140bb22f6958-downloadableSrc-2e4338fc774a.webp
5ff53cad-ce44-4039-bc65-85d7c7d0781d,Today,2ba30e05-f5ad-4666-82d8-677904a0c82e,Apple News,265b7905-18b6-4f2f-9f7f-1174f0420c78,3,4,e1c40ad4-e4e9-445c-bab8-6e66f1fca68f,true,downloadableSrc,200,image/webp,190438,190438,3b1e2cbd5ac56f826d5761664ed348870450e7b87ef0a38812cb25058d5bb143,1179,2676,,,bytescale.mobbin.com,f7a1807c1ac98ccf0eecf5078d61346ac9a94ca37a547f5708d580528c9e55c0,/Users/user/mobbin-sides/screen-flows/apple-news/003-apple-news-today-5ff53cad-ce44-4039-bc65-85d7c7d0781d/004-e1c40ad4-e4e9-445c-bab8-6e66f1fca68f-downloadableSrc-3b1e2cbd5ac5.webp
5ff53cad-ce44-4039-bc65-85d7c7d0781d,Today,2ba30e05-f5ad-4666-82d8-677904a0c82e,Apple News,265b7905-18b6-4f2f-9f7f-1174f0420c78,4,5,998ed205-78ec-4349-a3b9-58d57a714666,true,downloadableSrc,200,image/webp,78484,78484,2204e3f8fc6df623dbdf2416f821e114f67ed49cd13132ce25049aabdc0c2f01,1179,2676,,,bytescale.mobbin.com,f7a1807c1ac98ccf0eecf5078d61346ac9a94ca37a547f5708d580528c9e55c0,/Users/user/mobbin-sides/screen-flows/apple-news/003-apple-news-today-5ff53cad-ce44-4039-bc65-85d7c7d0781d/005-998ed205-78ec-4349-a3b9-58d57a714666-downloadableSrc-2204e3f8fc6d.webp
5ff53cad-ce44-4039-bc65-85d7c7d0781d,Today,2ba30e05-f5ad-4666-82d8-677904a0c82e,Apple News,265b7905-18b6-4f2f-9f7f-1174f0420c78,5,6,dc153709-e334-448a-b429-0d772accdf92,true,downloadableSrc,200,image/webp,149792,149792,b79776ab415dc938818999506a4a31fdebea690662f35a7b8ad537649192c4cf,1179,2676,,,bytescale.mobbin.com,f7a1807c1ac98ccf0eecf5078d61346ac9a94ca37a547f5708d580528c9e55c0,/Users/user/mobbin-sides/screen-flows/apple-news/003-apple-news-today-5ff53cad-ce44-4039-bc65-85d7c7d0781d/006-dc153709-e334-448a-b429-0d772accdf92-downloadableSrc-b79776ab415d.webp
5ff53cad-ce44-4039-bc65-85d7c7d0781d,Today,2ba30e05-f5ad-4666-82d8-677904a0c82e,Apple News,265b7905-18b6-4f2f-9f7f-1174f0420c78,6,7,b625c1b5-38f8-43bf-b372-faa76ccf4199,true,downloadableSrc,200,image/webp,324236,324236,6692ea417e6a680b33e1a42b12ed3c2c52c0c52b2b0a2c5f3913c70f0c077a15,1179,2676,,,bytescale.mobbin.com,f7a1807c1ac98ccf0eecf5078d61346ac9a94ca37a547f5708d580528c9e55c0,/Users/user/mobbin-sides/screen-flows/apple-news/003-apple-news-today-5ff53cad-ce44-4039-bc65-85d7c7d0781d/007-b625c1b5-38f8-43bf-b372-faa76ccf4199-downloadableSrc-6692ea417e6a.webp
58b2af6c-ce44-4944-8701-23329feae1c4,Story detail,2ba30e05-f5ad-4666-82d8-677904a0c82e,Apple News,265b7905-18b6-4f2f-9f7f-1174f0420c78,0,1,4fc6cc82-4e3e-4924-aa2b-7477a1a96a39,true,downloadableSrc,200,image/webp,246298,246298,64dfcb783d7c43b2cebf610b4f1bc3864db49edca50295133e3d986415cfa0d3,1179,2676,,,bytescale.mobbin.com,f7a1807c1ac98ccf0eecf5078d61346ac9a94ca37a547f5708d580528c9e55c0,/Users/user/mobbin-sides/screen-flows/apple-news/004-apple-news-story-detail-58b2af6c-ce44-4944-8701-23329feae1c4/001-4fc6cc82-4e3e-4924-aa2b-7477a1a96a39-downloadableSrc-64dfcb783d7c.webp
58b2af6c-ce44-4944-8701-23329feae1c4,Story detail,2ba30e05-f5ad-4666-82d8-677904a0c82e,Apple News,265b7905-18b6-4f2f-9f7f-1174f0420c78,1,2,e5d5f871-0a9c-48e1-a9e2-d2cd6bfc362e,true,downloadableSrc,200,image/webp,165516,165516,378ff64e8b40a17482d73b3bec4be0ff2852523650b3cd57ef4c90148234d835,1179,2676,,,bytescale.mobbin.com,f7a1807c1ac98ccf0eecf5078d61346ac9a94ca37a547f5708d580528c9e55c0,/Users/user/mobbin-sides/screen-flows/apple-news/004-apple-news-story-detail-58b2af6c-ce44-4944-8701-23329feae1c4/002-e5d5f871-0a9c-48e1-a9e2-d2cd6bfc362e-downloadableSrc-378ff64e8b40.webp
58b2af6c-ce44-4944-8701-23329feae1c4,Story detail,2ba30e05-f5ad-4666-82d8-677904a0c82e,Apple News,265b7905-18b6-4f2f-9f7f-1174f0420c78,2,3,4d23a7b0-94c8-4db0-a446-e6ff83a9e09a,true,downloadableSrc,200,image/webp,197686,197686,34dd7405dedec6bab7b736ee0a269db8d4fadc1c387bd86cba427fae91969b0d,1179,2676,,,bytescale.mobbin.com,f7a1807c1ac98ccf0eecf5078d61346ac9a94ca37a547f5708d580528c9e55c0,/Users/user/mobbin-sides/screen-flows/apple-news/004-apple-news-story-detail-58b2af6c-ce44-4944-8701-23329feae1c4/003-4d23a7b0-94c8-4db0-a446-e6ff83a9e09a-downloadableSrc-34dd7405dede.webp
58b2af6c-ce44-4944-8701-23329feae1c4,Story detail,2ba30e05-f5ad-4666-82d8-677904a0c82e,Apple News,265b7905-18b6-4f2f-9f7f-1174f0420c78,3,4,b9392424-0b42-4840-b78c-72fb7d0211ba,true,downloadableSrc,200,image/webp,273806,273806,703b7885435cb93d724320165e83f8581b82b126a45e1807a4d8eade34b14bdd,1179,2676,,,bytescale.mobbin.com,f7a1807c1ac98ccf0eecf5078d61346ac9a94ca37a547f5708d580528c9e55c0,/Users/user/mobbin-sides/screen-flows/apple-news/004-apple-news-story-detail-58b2af6c-ce44-4944-8701-23329feae1c4/004-b9392424-0b42-4840-b78c-72fb7d0211ba-downloadableSrc-703b7885435c.webp
58b2af6c-ce44-4944-8701-23329feae1c4,Story detail,2ba30e05-f5ad-4666-82d8-677904a0c82e,Apple News,265b7905-18b6-4f2f-9f7f-1174f0420c78,4,5,852fbeb3-ae2e-4e04-87f4-e3266a52df33,true,downloadableSrc,200,image/webp,304576,304576,b0cd538fb9fbf85244343be5cf91df8904faed32e2917c9b79ce5140dcbf9b73,1179,2676,,,bytescale.mobbin.com,f7a1807c1ac98ccf0eecf5078d61346ac9a94ca37a547f5708d580528c9e55c0,/Users/user/mobbin-sides/screen-flows/apple-news/004-apple-news-story-detail-58b2af6c-ce44-4944-8701-23329feae1c4/005-852fbeb3-ae2e-4e04-87f4-e3266a52df33-downloadableSrc-b0cd538fb9fb.webp
58b2af6c-ce44-4944-8701-23329feae1c4,Story detail,2ba30e05-f5ad-4666-82d8-677904a0c82e,Apple News,265b7905-18b6-4f2f-9f7f-1174f0420c78,5,6,4f18ba3a-db4b-42fd-b354-f688aa4a48f9,true,downloadableSrc,200,image/webp,195334,195334,9f4b333d231c10b875d8292532753813c14495fe2ca53bea611600c805929e52,1179,2676,,,bytescale.mobbin.com,f7a1807c1ac98ccf0eecf5078d61346ac9a94ca37a547f5708d580528c9e55c0,/Users/user/mobbin-sides/screen-flows/apple-news/004-apple-news-story-detail-58b2af6c-ce44-4944-8701-23329feae1c4/006-4f18ba3a-db4b-42fd-b354-f688aa4a48f9-downloadableSrc-9f4b333d231c.webp
022340b3-c585-44f9-84bd-bdd6f368c575,Playing a video,2ba30e05-f5ad-4666-82d8-677904a0c82e,Apple News,265b7905-18b6-4f2f-9f7f-1174f0420c78,0,1,e5d5f871-0a9c-48e1-a9e2-d2cd6bfc362e,true,downloadableSrc,200,image/webp,165516,165516,378ff64e8b40a17482d73b3bec4be0ff2852523650b3cd57ef4c90148234d835,1179,2676,,,bytescale.mobbin.com,f7a1807c1ac98ccf0eecf5078d61346ac9a94ca37a547f5708d580528c9e55c0,/Users/user/mobbin-sides/screen-flows/apple-news/005-apple-news-playing-a-video-022340b3-c585-44f9-84bd-bdd6f368c575/001-e5d5f871-0a9c-48e1-a9e2-d2cd6bfc362e-downloadableSrc-378ff64e8b40.webp
022340b3-c585-44f9-84bd-bdd6f368c575,Playing a video,2ba30e05-f5ad-4666-82d8-677904a0c82e,Apple News,265b7905-18b6-4f2f-9f7f-1174f0420c78,1,2,364e5d47-9349-4407-a6a4-c15c32283ea2,true,downloadableSrc,200,image/webp,140408,140408,1ff2fb381734e4fc9518dbc1e82c7e163caf5060815201ad55a7bab5a95b7f9d,1179,2676,,,bytescale.mobbin.com,f7a1807c1ac98ccf0eecf5078d61346ac9a94ca37a547f5708d580528c9e55c0,/Users/user/mobbin-sides/screen-flows/apple-news/005-apple-news-playing-a-video-022340b3-c585-44f9-84bd-bdd6f368c575/002-364e5d47-9349-4407-a6a4-c15c32283ea2-downloadableSrc-1ff2fb381734.webp
7f9aa44a-081f-49f8-8f62-163385820f6c,Setting playback speed,2ba30e05-f5ad-4666-82d8-677904a0c82e,Apple News,265b7905-18b6-4f2f-9f7f-1174f0420c78,0,1,364e5d47-9349-4407-a6a4-c15c32283ea2,true,downloadableSrc,200,image/webp,140408,140408,1ff2fb381734e4fc9518dbc1e82c7e163caf5060815201ad55a7bab5a95b7f9d,1179,2676,,,bytescale.mobbin.com,f7a1807c1ac98ccf0eecf5078d61346ac9a94ca37a547f5708d580528c9e55c0,/Users/user/mobbin-sides/screen-flows/apple-news/006-apple-news-setting-playback-speed-7f9aa44a-081f-49f8-8f62-163385820f6c/001-364e5d47-9349-4407-a6a4-c15c32283ea2-downloadableSrc-1ff2fb381734.webp
7f9aa44a-081f-49f8-8f62-163385820f6c,Setting playback speed,2ba30e05-f5ad-4666-82d8-677904a0c82e,Apple News,265b7905-18b6-4f2f-9f7f-1174f0420c78,1,2,9ca7cac5-31a2-4e81-b250-4f96b1267d86,true,downloadableSrc,200,image/webp,146828,146828,86cc7609c2d28d700194b8d91bd0983a2c16a107628fab7adeb327d302ef84f1,1179,2676,,,bytescale.mobbin.com,f7a1807c1ac98ccf0eecf5078d61346ac9a94ca37a547f5708d580528c9e55c0,/Users/user/mobbin-sides/screen-flows/apple-news/006-apple-news-setting-playback-speed-7f9aa44a-081f-49f8-8f62-163385820f6c/002-9ca7cac5-31a2-4e81-b250-4f96b1267d86-downloadableSrc-86cc7609c2d2.webp
7f9aa44a-081f-49f8-8f62-163385820f6c,Setting playback speed,2ba30e05-f5ad-4666-82d8-677904a0c82e,Apple News,265b7905-18b6-4f2f-9f7f-1174f0420c78,2,3,b44ca376-996a-43b3-b649-fee616ac94ea,true,downloadableSrc,200,image/webp,129204,129204,b24faf7a95660b4401576f78c100fb5301e66c3656ef15169e2f137ec5194317,1179,2676,,,bytescale.mobbin.com,f7a1807c1ac98ccf0eecf5078d61346ac9a94ca37a547f5708d580528c9e55c0,/Users/user/mobbin-sides/screen-flows/apple-news/006-apple-news-setting-playback-speed-7f9aa44a-081f-49f8-8f62-163385820f6c/003-b44ca376-996a-43b3-b649-fee616ac94ea-downloadableSrc-b24faf7a9566.webp
7f9aa44a-081f-49f8-8f62-163385820f6c,Setting playback speed,2ba30e05-f5ad-4666-82d8-677904a0c82e,Apple News,265b7905-18b6-4f2f-9f7f-1174f0420c78,3,4,64f68fdd-adb1-40a6-ba98-220f3a54e083,true,downloadableSrc,200,image/webp,151968,151968,2e8b1d94c5374268ae6d8319f0ef5c5ac358a7312592211463a4a1ca1c81ee6d,1179,2676,,,bytescale.mobbin.com,f7a1807c1ac98ccf0eecf5078d61346ac9a94ca37a547f5708d580528c9e55c0,/Users/user/mobbin-sides/screen-flows/apple-news/006-apple-news-setting-playback-speed-7f9aa44a-081f-49f8-8f62-163385820f6c/004-64f68fdd-adb1-40a6-ba98-220f3a54e083-downloadableSrc-2e8b1d94c537.webp
ec62cbff-2ccf-4293-812c-05ffd10ebcd8,Adding subtitles,2ba30e05-f5ad-4666-82d8-677904a0c82e,Apple News,265b7905-18b6-4f2f-9f7f-1174f0420c78,0,1,9ca7cac5-31a2-4e81-b250-4f96b1267d86,true,downloadableSrc,200,image/webp,146828,146828,86cc7609c2d28d700194b8d91bd0983a2c16a107628fab7adeb327d302ef84f1,1179,2676,,,bytescale.mobbin.com,f7a1807c1ac98ccf0eecf5078d61346ac9a94ca37a547f5708d580528c9e55c0,/Users/user/mobbin-sides/screen-flows/apple-news/007-apple-news-adding-subtitles-ec62cbff-2ccf-4293-812c-05ffd10ebcd8/001-9ca7cac5-31a2-4e81-b250-4f96b1267d86-downloadableSrc-86cc7609c2d2.webp
ec62cbff-2ccf-4293-812c-05ffd10ebcd8,Adding subtitles,2ba30e05-f5ad-4666-82d8-677904a0c82e,Apple News,265b7905-18b6-4f2f-9f7f-1174f0420c78,1,2,f2ba289e-3e6a-4b1f-90cb-11a92654402c,true,downloadableSrc,200,image/webp,156362,156362,93740281f0d02bc9afa19df48cf9a5521cdc3d71f74b7fee5f2ab261aee0d394,1179,2676,,,bytescale.mobbin.com,f7a1807c1ac98ccf0eecf5078d61346ac9a94ca37a547f5708d580528c9e55c0,/Users/user/mobbin-sides/screen-flows/apple-news/007-apple-news-adding-subtitles-ec62cbff-2ccf-4293-812c-05ffd10ebcd8/002-f2ba289e-3e6a-4b1f-90cb-11a92654402c-downloadableSrc-93740281f0d0.webp
ec62cbff-2ccf-4293-812c-05ffd10ebcd8,Adding subtitles,2ba30e05-f5ad-4666-82d8-677904a0c82e,Apple News,265b7905-18b6-4f2f-9f7f-1174f0420c78,2,3,8ba9b085-3f27-4ed5-a007-5f714572a48b,true,downloadableSrc,200,image/webp,208382,208382,1ea2e5478287b17aa3174ee747d4b21f3de3a1f3db7ea998f201d0f360da21c6,1179,2676,,,bytescale.mobbin.com,f7a1807c1ac98ccf0eecf5078d61346ac9a94ca37a547f5708d580528c9e55c0,/Users/user/mobbin-sides/screen-flows/apple-news/007-apple-news-adding-subtitles-ec62cbff-2ccf-4293-812c-05ffd10ebcd8/003-8ba9b085-3f27-4ed5-a007-5f714572a48b-downloadableSrc-1ea2e5478287.webp
d1c28870-4145-431a-bceb-3156145e0363,Liking a story,2ba30e05-f5ad-4666-82d8-677904a0c82e,Apple News,265b7905-18b6-4f2f-9f7f-1174f0420c78,0,1,e5d5f871-0a9c-48e1-a9e2-d2cd6bfc362e,true,downloadableSrc,200,image/webp,165516,165516,378ff64e8b40a17482d73b3bec4be0ff2852523650b3cd57ef4c90148234d835,1179,2676,,,bytescale.mobbin.com,f7a1807c1ac98ccf0eecf5078d61346ac9a94ca37a547f5708d580528c9e55c0,/Users/user/mobbin-sides/screen-flows/apple-news/008-apple-news-liking-a-story-d1c28870-4145-431a-bceb-3156145e0363/001-e5d5f871-0a9c-48e1-a9e2-d2cd6bfc362e-downloadableSrc-378ff64e8b40.webp
d1c28870-4145-431a-bceb-3156145e0363,Liking a story,2ba30e05-f5ad-4666-82d8-677904a0c82e,Apple News,265b7905-18b6-4f2f-9f7f-1174f0420c78,1,2,fb961f8d-fff1-4a77-8a53-511db8c18fe7,true,downloadableSrc,200,image/webp,173248,173248,c202ab3b920d6beb5ea31ddc53d1a104d075820268e98dd3aeee2462e9e28fb4,1179,2676,,,bytescale.mobbin.com,f7a1807c1ac98ccf0eecf5078d61346ac9a94ca37a547f5708d580528c9e55c0,/Users/user/mobbin-sides/screen-flows/apple-news/008-apple-news-liking-a-story-d1c28870-4145-431a-bceb-3156145e0363/002-fb961f8d-fff1-4a77-8a53-511db8c18fe7-downloadableSrc-c202ab3b920d.webp
6b2148eb-01f1-494c-ad46-3e2cefcc8946,Share a story,2ba30e05-f5ad-4666-82d8-677904a0c82e,Apple News,265b7905-18b6-4f2f-9f7f-1174f0420c78,0,1,e5d5f871-0a9c-48e1-a9e2-d2cd6bfc362e,true,downloadableSrc,200,image/webp,165516,165516,378ff64e8b40a17482d73b3bec4be0ff2852523650b3cd57ef4c90148234d835,1179,2676,,,bytescale.mobbin.com,f7a1807c1ac98ccf0eecf5078d61346ac9a94ca37a547f5708d580528c9e55c0,/Users/user/mobbin-sides/screen-flows/apple-news/009-apple-news-share-a-story-6b2148eb-01f1-494c-ad46-3e2cefcc8946/001-e5d5f871-0a9c-48e1-a9e2-d2cd6bfc362e-downloadableSrc-378ff64e8b40.webp
6b2148eb-01f1-494c-ad46-3e2cefcc8946,Share a story,2ba30e05-f5ad-4666-82d8-677904a0c82e,Apple News,265b7905-18b6-4f2f-9f7f-1174f0420c78,1,2,fc1195be-28d0-43e3-9911-2322d8cb6348,true,downloadableSrc,200,image/webp,154356,154356,a07e9071c6085d1f5659b2dce73f6fa1c89cb6cf9d01c20ecc75f33519d3690b,1179,2676,,,bytescale.mobbin.com,f7a1807c1ac98ccf0eecf5078d61346ac9a94ca37a547f5708d580528c9e55c0,/Users/user/mobbin-sides/screen-flows/apple-news/009-apple-news-share-a-story-6b2148eb-01f1-494c-ad46-3e2cefcc8946/002-fc1195be-28d0-43e3-9911-2322d8cb6348-downloadableSrc-a07e9071c608.webp
6b2148eb-01f1-494c-ad46-3e2cefcc8946,Share a story,2ba30e05-f5ad-4666-82d8-677904a0c82e,Apple News,265b7905-18b6-4f2f-9f7f-1174f0420c78,2,3,a84b85bb-5198-40e3-9077-d3d4823fc8da,true,downloadableSrc,200,image/webp,104718,104718,0448bb73ad7bcb5a487790eb3e22d51246a5ecd3131de332394c391d1cf3d528,1179,2676,,,bytescale.mobbin.com,f7a1807c1ac98ccf0eecf5078d61346ac9a94ca37a547f5708d580528c9e55c0,/Users/user/mobbin-sides/screen-flows/apple-news/009-apple-news-share-a-story-6b2148eb-01f1-494c-ad46-3e2cefcc8946/003-a84b85bb-5198-40e3-9077-d3d4823fc8da-downloadableSrc-0448bb73ad7b.webp
1354cf0e-efe9-4a38-99ca-91c5b31fb3e8,Changing text size,2ba30e05-f5ad-4666-82d8-677904a0c82e,Apple News,265b7905-18b6-4f2f-9f7f-1174f0420c78,0,1,e5d5f871-0a9c-48e1-a9e2-d2cd6bfc362e,true,downloadableSrc,200,image/webp,165516,165516,378ff64e8b40a17482d73b3bec4be0ff2852523650b3cd57ef4c90148234d835,1179,2676,,,bytescale.mobbin.com,f7a1807c1ac98ccf0eecf5078d61346ac9a94ca37a547f5708d580528c9e55c0,/Users/user/mobbin-sides/screen-flows/apple-news/010-apple-news-changing-text-size-1354cf0e-efe9-4a38-99ca-91c5b31fb3e8/001-e5d5f871-0a9c-48e1-a9e2-d2cd6bfc362e-downloadableSrc-378ff64e8b40.webp
1354cf0e-efe9-4a38-99ca-91c5b31fb3e8,Changing text size,2ba30e05-f5ad-4666-82d8-677904a0c82e,Apple News,265b7905-18b6-4f2f-9f7f-1174f0420c78,1,2,d5f125ad-2377-49ce-8c94-d2652a08a847,true,downloadableSrc,200,image/webp,153664,153664,a053d8cedcb9385df49d6d9dd23d668fc6ce7da4ff7f6d671d6a7bb941302944,1179,2676,,,bytescale.mobbin.com,f7a1807c1ac98ccf0eecf5078d61346ac9a94ca37a547f5708d580528c9e55c0,/Users/user/mobbin-sides/screen-flows/apple-news/010-apple-news-changing-text-size-1354cf0e-efe9-4a38-99ca-91c5b31fb3e8/002-d5f125ad-2377-49ce-8c94-d2652a08a847-downloadableSrc-a053d8cedcb9.webp
1354cf0e-efe9-4a38-99ca-91c5b31fb3e8,Changing text size,2ba30e05-f5ad-4666-82d8-677904a0c82e,Apple News,265b7905-18b6-4f2f-9f7f-1174f0420c78,2,3,73d72ffe-3ea8-4f8d-ab62-966fecda7964,true,downloadableSrc,200,image/webp,173648,173648,d0d0afa820f0df24b8beebc9f710cc973e3fa9c155b9e88528eaa1d741be7a6a,1179,2676,,,bytescale.mobbin.com,f7a1807c1ac98ccf0eecf5078d61346ac9a94ca37a547f5708d580528c9e55c0,/Users/user/mobbin-sides/screen-flows/apple-news/010-apple-news-changing-text-size-1354cf0e-efe9-4a38-99ca-91c5b31fb3e8/003-73d72ffe-3ea8-4f8d-ab62-966fecda7964-downloadableSrc-d0d0afa820f0.webp
1354cf0e-efe9-4a38-99ca-91c5b31fb3e8,Changing text size,2ba30e05-f5ad-4666-82d8-677904a0c82e,Apple News,265b7905-18b6-4f2f-9f7f-1174f0420c78,3,4,c3a59b68-4de9-4fc3-9983-12e149e044fb,true,downloadableSrc,200,image/webp,167284,167284,e28d47105e363e7610ffe82c48b9a3e9985e7d537622321d75225cdafed8d8d1,1179,2676,,,bytescale.mobbin.com,f7a1807c1ac98ccf0eecf5078d61346ac9a94ca37a547f5708d580528c9e55c0,/Users/user/mobbin-sides/screen-flows/apple-news/010-apple-news-changing-text-size-1354cf0e-efe9-4a38-99ca-91c5b31fb3e8/004-c3a59b68-4de9-4fc3-9983-12e149e044fb-downloadableSrc-e28d47105e36.webp
0cafe958-ddad-478d-959c-0f76e9dd3eb7,Saving a story,2ba30e05-f5ad-4666-82d8-677904a0c82e,Apple News,265b7905-18b6-4f2f-9f7f-1174f0420c78,0,1,d5f125ad-2377-49ce-8c94-d2652a08a847,true,downloadableSrc,200,image/webp,153664,153664,a053d8cedcb9385df49d6d9dd23d668fc6ce7da4ff7f6d671d6a7bb941302944,1179,2676,,,bytescale.mobbin.com,f7a1807c1ac98ccf0eecf5078d61346ac9a94ca37a547f5708d580528c9e55c0,/Users/user/mobbin-sides/screen-flows/apple-news/011-apple-news-saving-a-story-0cafe958-ddad-478d-959c-0f76e9dd3eb7/001-d5f125ad-2377-49ce-8c94-d2652a08a847-downloadableSrc-a053d8cedcb9.webp
0cafe958-ddad-478d-959c-0f76e9dd3eb7,Saving a story,2ba30e05-f5ad-4666-82d8-677904a0c82e,Apple News,265b7905-18b6-4f2f-9f7f-1174f0420c78,1,2,2210f0f3-ac1e-4887-b7f0-370572a506c7,true,downloadableSrc,200,image/webp,154960,154960,04494ec0dc8bf8dd453126d7a0b5e60ce2a7f6d3d44b8a1ff872b83a13be4c53,1179,2676,,,bytescale.mobbin.com,f7a1807c1ac98ccf0eecf5078d61346ac9a94ca37a547f5708d580528c9e55c0,/Users/user/mobbin-sides/screen-flows/apple-news/011-apple-news-saving-a-story-0cafe958-ddad-478d-959c-0f76e9dd3eb7/002-2210f0f3-ac1e-4887-b7f0-370572a506c7-downloadableSrc-04494ec0dc8b.webp
0e4cfb14-72e1-4aca-9be7-5017b5b2d844,Reporting a story,2ba30e05-f5ad-4666-82d8-677904a0c82e,Apple News,265b7905-18b6-4f2f-9f7f-1174f0420c78,0,1,d5f125ad-2377-49ce-8c94-d2652a08a847,true,downloadableSrc,200,image/webp,153664,153664,a053d8cedcb9385df49d6d9dd23d668fc6ce7da4ff7f6d671d6a7bb941302944,1179,2676,,,bytescale.mobbin.com,f7a1807c1ac98ccf0eecf5078d61346ac9a94ca37a547f5708d580528c9e55c0,/Users/user/mobbin-sides/screen-flows/apple-news/012-apple-news-reporting-a-story-0e4cfb14-72e1-4aca-9be7-5017b5b2d844/001-d5f125ad-2377-49ce-8c94-d2652a08a847-downloadableSrc-a053d8cedcb9.webp
0e4cfb14-72e1-4aca-9be7-5017b5b2d844,Reporting a story,2ba30e05-f5ad-4666-82d8-677904a0c82e,Apple News,265b7905-18b6-4f2f-9f7f-1174f0420c78,1,2,2d87f632-d460-46b7-b99e-77c8706b5cb3,true,downloadableSrc,200,image/webp,83678,83678,e716fc8013275d9ac600a8b7ad12cce217b570abd23181dc1c8b3634a68b8659,1179,2676,,,bytescale.mobbin.com,f7a1807c1ac98ccf0eecf5078d61346ac9a94ca37a547f5708d580528c9e55c0,/Users/user/mobbin-sides/screen-flows/apple-news/012-apple-news-reporting-a-story-0e4cfb14-72e1-4aca-9be7-5017b5b2d844/002-2d87f632-d460-46b7-b99e-77c8706b5cb3-downloadableSrc-e716fc801327.webp
0e4cfb14-72e1-4aca-9be7-5017b5b2d844,Reporting a story,2ba30e05-f5ad-4666-82d8-677904a0c82e,Apple News,265b7905-18b6-4f2f-9f7f-1174f0420c78,2,3,6171743c-749c-40c0-b870-9ab00d61324d,true,downloadableSrc,200,image/webp,99100,99100,0d29febcb4851724ab781516448730e3aae05dd9bfdd25b50e9ce33413da6aa3,1179,2676,,,bytescale.mobbin.com,f7a1807c1ac98ccf0eecf5078d61346ac9a94ca37a547f5708d580528c9e55c0,/Users/user/mobbin-sides/screen-flows/apple-news/012-apple-news-reporting-a-story-0e4cfb14-72e1-4aca-9be7-5017b5b2d844/003-6171743c-749c-40c0-b870-9ab00d61324d-downloadableSrc-0d29febcb485.webp
0e4cfb14-72e1-4aca-9be7-5017b5b2d844,Reporting a story,2ba30e05-f5ad-4666-82d8-677904a0c82e,Apple News,265b7905-18b6-4f2f-9f7f-1174f0420c78,3,4,4895b32a-bad5-4591-8a84-7e87c718c0c0,true,downloadableSrc,200,image/webp,100316,100316,4c0c86413c7d28b3a52812e4eedeb659865ed75c736fb5d9772bc85458d76fd0,1179,2676,,,bytescale.mobbin.com,f7a1807c1ac98ccf0eecf5078d61346ac9a94ca37a547f5708d580528c9e55c0,/Users/user/mobbin-sides/screen-flows/apple-news/012-apple-news-reporting-a-story-0e4cfb14-72e1-4aca-9be7-5017b5b2d844/004-4895b32a-bad5-4591-8a84-7e87c718c0c0-downloadableSrc-4c0c86413c7d.webp
0e4cfb14-72e1-4aca-9be7-5017b5b2d844,Reporting a story,2ba30e05-f5ad-4666-82d8-677904a0c82e,Apple News,265b7905-18b6-4f2f-9f7f-1174f0420c78,4,5,252af4de-0207-4c29-8d0a-3c8ee3d3e6cc,true,downloadableSrc,200,image/webp,170118,170118,41f59f53dd9e8b5b52987c6f2d39bf64863e07795b7aa146ec49c962d83a3736,1179,2676,,,bytescale.mobbin.com,f7a1807c1ac98ccf0eecf5078d61346ac9a94ca37a547f5708d580528c9e55c0,/Users/user/mobbin-sides/screen-flows/apple-news/012-apple-news-reporting-a-story-0e4cfb14-72e1-4aca-9be7-5017b5b2d844/005-252af4de-0207-4c29-8d0a-3c8ee3d3e6cc-downloadableSrc-41f59f53dd9e.webp
5a7951ab-4680-43be-be27-3b52cf6e3032,Channel detail,2ba30e05-f5ad-4666-82d8-677904a0c82e,Apple News,265b7905-18b6-4f2f-9f7f-1174f0420c78,0,1,d5f125ad-2377-49ce-8c94-d2652a08a847,true,downloadableSrc,200,image/webp,153664,153664,a053d8cedcb9385df49d6d9dd23d668fc6ce7da4ff7f6d671d6a7bb941302944,1179,2676,,,bytescale.mobbin.com,f7a1807c1ac98ccf0eecf5078d61346ac9a94ca37a547f5708d580528c9e55c0,/Users/user/mobbin-sides/screen-flows/apple-news/013-apple-news-channel-detail-5a7951ab-4680-43be-be27-3b52cf6e3032/001-d5f125ad-2377-49ce-8c94-d2652a08a847-downloadableSrc-a053d8cedcb9.webp
5a7951ab-4680-43be-be27-3b52cf6e3032,Channel detail,2ba30e05-f5ad-4666-82d8-677904a0c82e,Apple News,265b7905-18b6-4f2f-9f7f-1174f0420c78,1,2,9d5426c7-3903-4c59-acfb-b5931592f42c,true,downloadableSrc,200,image/webp,248408,248408,2af29f9011ebbe3fd8fa7a15bd3c08aca9ef73f5ca52a323a1e9b93a883975d6,1179,2676,,,bytescale.mobbin.com,f7a1807c1ac98ccf0eecf5078d61346ac9a94ca37a547f5708d580528c9e55c0,/Users/user/mobbin-sides/screen-flows/apple-news/013-apple-news-channel-detail-5a7951ab-4680-43be-be27-3b52cf6e3032/002-9d5426c7-3903-4c59-acfb-b5931592f42c-downloadableSrc-2af29f9011eb.webp
f2db7790-b8ed-429a-a2ce-96f43abedbf0,Selecting a section,2ba30e05-f5ad-4666-82d8-677904a0c82e,Apple News,265b7905-18b6-4f2f-9f7f-1174f0420c78,0,1,9d5426c7-3903-4c59-acfb-b5931592f42c,true,downloadableSrc,200,image/webp,248408,248408,2af29f9011ebbe3fd8fa7a15bd3c08aca9ef73f5ca52a323a1e9b93a883975d6,1179,2676,,,bytescale.mobbin.com,f7a1807c1ac98ccf0eecf5078d61346ac9a94ca37a547f5708d580528c9e55c0,/Users/user/mobbin-sides/screen-flows/apple-news/014-apple-news-selecting-a-section-f2db7790-b8ed-429a-a2ce-96f43abedbf0/001-9d5426c7-3903-4c59-acfb-b5931592f42c-downloadableSrc-2af29f9011eb.webp
f2db7790-b8ed-429a-a2ce-96f43abedbf0,Selecting a section,2ba30e05-f5ad-4666-82d8-677904a0c82e,Apple News,265b7905-18b6-4f2f-9f7f-1174f0420c78,1,2,05ea00bb-b182-40aa-aef8-4438c2bf773d,true,downloadableSrc,200,image/webp,160646,160646,28bef1beecfffa85fe713a81055d20a0d7e3322bd7f40fe9b4c2916a59b480e7,1179,2676,,,bytescale.mobbin.com,f7a1807c1ac98ccf0eecf5078d61346ac9a94ca37a547f5708d580528c9e55c0,/Users/user/mobbin-sides/screen-flows/apple-news/014-apple-news-selecting-a-section-f2db7790-b8ed-429a-a2ce-96f43abedbf0/002-05ea00bb-b182-40aa-aef8-4438c2bf773d-downloadableSrc-28bef1beecff.webp
f2db7790-b8ed-429a-a2ce-96f43abedbf0,Selecting a section,2ba30e05-f5ad-4666-82d8-677904a0c82e,Apple News,265b7905-18b6-4f2f-9f7f-1174f0420c78,2,3,cbe0dd6b-3ad8-4ea5-8b34-f9ccb0eff248,true,downloadableSrc,200,image/webp,177304,177304,1f5339280dbd4c2b9eee80d921459dc441e193c373ebb5b79fd7222c709db874,1179,2676,,,bytescale.mobbin.com,f7a1807c1ac98ccf0eecf5078d61346ac9a94ca37a547f5708d580528c9e55c0,/Users/user/mobbin-sides/screen-flows/apple-news/014-apple-news-selecting-a-section-f2db7790-b8ed-429a-a2ce-96f43abedbf0/003-cbe0dd6b-3ad8-4ea5-8b34-f9ccb0eff248-downloadableSrc-1f5339280dbd.webp
79d398ca-ca66-4f1c-9a63-89ed298f6fcc,Following a channel,2ba30e05-f5ad-4666-82d8-677904a0c82e,Apple News,265b7905-18b6-4f2f-9f7f-1174f0420c78,0,1,9d5426c7-3903-4c59-acfb-b5931592f42c,true,downloadableSrc,200,image/webp,248408,248408,2af29f9011ebbe3fd8fa7a15bd3c08aca9ef73f5ca52a323a1e9b93a883975d6,1179,2676,,,bytescale.mobbin.com,f7a1807c1ac98ccf0eecf5078d61346ac9a94ca37a547f5708d580528c9e55c0,/Users/user/mobbin-sides/screen-flows/apple-news/015-apple-news-following-a-channel-79d398ca-ca66-4f1c-9a63-89ed298f6fcc/001-9d5426c7-3903-4c59-acfb-b5931592f42c-downloadableSrc-2af29f9011eb.webp
79d398ca-ca66-4f1c-9a63-89ed298f6fcc,Following a channel,2ba30e05-f5ad-4666-82d8-677904a0c82e,Apple News,265b7905-18b6-4f2f-9f7f-1174f0420c78,1,2,591ec407-eff3-48a1-8e86-d255eb133536,true,downloadableSrc,200,image/webp,162310,162310,00d4a0fa28a32e29cc8e8f1619fec0440949aaf4baea625b8ccbd0901246d439,1179,2676,,,bytescale.mobbin.com,f7a1807c1ac98ccf0eecf5078d61346ac9a94ca37a547f5708d580528c9e55c0,/Users/user/mobbin-sides/screen-flows/apple-news/015-apple-news-following-a-channel-79d398ca-ca66-4f1c-9a63-89ed298f6fcc/002-591ec407-eff3-48a1-8e86-d255eb133536-downloadableSrc-00d4a0fa28a3.webp
79d398ca-ca66-4f1c-9a63-89ed298f6fcc,Following a channel,2ba30e05-f5ad-4666-82d8-677904a0c82e,Apple News,265b7905-18b6-4f2f-9f7f-1174f0420c78,2,3,59f484d3-cbe5-44f1-93b3-1553aa962eaa,true,downloadableSrc,200,image/webp,250300,250300,5f369d7b62e7d09e7e0fbacffb900858aacd01513c60fad067d35cd2664ab85f,1179,2676,,,bytescale.mobbin.com,f7a1807c1ac98ccf0eecf5078d61346ac9a94ca37a547f5708d580528c9e55c0,/Users/user/mobbin-sides/screen-flows/apple-news/015-apple-news-following-a-channel-79d398ca-ca66-4f1c-9a63-89ed298f6fcc/003-59f484d3-cbe5-44f1-93b3-1553aa962eaa-downloadableSrc-5f369d7b62e7.webp
2829559f-15f3-4256-bce3-0bf499ba1a98,Blocking a channel,2ba30e05-f5ad-4666-82d8-677904a0c82e,Apple News,265b7905-18b6-4f2f-9f7f-1174f0420c78,0,1,d5f125ad-2377-49ce-8c94-d2652a08a847,true,downloadableSrc,200,image/webp,153664,153664,a053d8cedcb9385df49d6d9dd23d668fc6ce7da4ff7f6d671d6a7bb941302944,1179,2676,,,bytescale.mobbin.com,f7a1807c1ac98ccf0eecf5078d61346ac9a94ca37a547f5708d580528c9e55c0,/Users/user/mobbin-sides/screen-flows/apple-news/016-apple-news-blocking-a-channel-2829559f-15f3-4256-bce3-0bf499ba1a98/001-d5f125ad-2377-49ce-8c94-d2652a08a847-downloadableSrc-a053d8cedcb9.webp
2829559f-15f3-4256-bce3-0bf499ba1a98,Blocking a channel,2ba30e05-f5ad-4666-82d8-677904a0c82e,Apple News,265b7905-18b6-4f2f-9f7f-1174f0420c78,1,2,448554a4-3ec7-425e-9cfd-df9c6c47d0ca,true,downloadableSrc,200,image/webp,156944,156944,e196fa543bb15bec1a5abf0f0a5b1221ba0214872790186c647dd51527c43773,1179,2676,,,bytescale.mobbin.com,f7a1807c1ac98ccf0eecf5078d61346ac9a94ca37a547f5708d580528c9e55c0,/Users/user/mobbin-sides/screen-flows/apple-news/016-apple-news-blocking-a-channel-2829559f-15f3-4256-bce3-0bf499ba1a98/002-448554a4-3ec7-425e-9cfd-df9c6c47d0ca-downloadableSrc-e196fa543bb1.webp
2829559f-15f3-4256-bce3-0bf499ba1a98,Blocking a channel,2ba30e05-f5ad-4666-82d8-677904a0c82e,Apple News,265b7905-18b6-4f2f-9f7f-1174f0420c78,2,3,cad85bb6-0e5a-4c4e-9eef-cdca526fcd1f,true,downloadableSrc,200,image/webp,154038,154038,128a141cdc29f6936a9d9c958169ebc2b22c6a856f0d13d81942ff5499d75cae,1179,2676,,,bytescale.mobbin.com,f7a1807c1ac98ccf0eecf5078d61346ac9a94ca37a547f5708d580528c9e55c0,/Users/user/mobbin-sides/screen-flows/apple-news/016-apple-news-blocking-a-channel-2829559f-15f3-4256-bce3-0bf499ba1a98/003-cad85bb6-0e5a-4c4e-9eef-cdca526fcd1f-downloadableSrc-128a141cdc29.webp
37f3addd-0605-48fa-918e-a4731e276649,Turning on notifications,2ba30e05-f5ad-4666-82d8-677904a0c82e,Apple News,265b7905-18b6-4f2f-9f7f-1174f0420c78,0,1,d5f125ad-2377-49ce-8c94-d2652a08a847,true,downloadableSrc,200,image/webp,153664,153664,a053d8cedcb9385df49d6d9dd23d668fc6ce7da4ff7f6d671d6a7bb941302944,1179,2676,,,bytescale.mobbin.com,f7a1807c1ac98ccf0eecf5078d61346ac9a94ca37a547f5708d580528c9e55c0,/Users/user/mobbin-sides/screen-flows/apple-news/017-apple-news-turning-on-notifications-37f3addd-0605-48fa-918e-a4731e276649/001-d5f125ad-2377-49ce-8c94-d2652a08a847-downloadableSrc-a053d8cedcb9.webp
37f3addd-0605-48fa-918e-a4731e276649,Turning on notifications,2ba30e05-f5ad-4666-82d8-677904a0c82e,Apple News,265b7905-18b6-4f2f-9f7f-1174f0420c78,1,2,47503605-d6a6-4013-839b-2b67fd914fa4,true,downloadableSrc,200,image/webp,95168,95168,cf14d315027245da176433cb81d567531bb166597bf8a29f354364c83e002e0b,1179,2676,,,bytescale.mobbin.com,f7a1807c1ac98ccf0eecf5078d61346ac9a94ca37a547f5708d580528c9e55c0,/Users/user/mobbin-sides/screen-flows/apple-news/017-apple-news-turning-on-notifications-37f3addd-0605-48fa-918e-a4731e276649/002-47503605-d6a6-4013-839b-2b67fd914fa4-downloadableSrc-cf14d3150272.webp
d03e8bb8-d71e-440d-b8f9-df2e5073d7d0,Saving a story (today),2ba30e05-f5ad-4666-82d8-677904a0c82e,Apple News,265b7905-18b6-4f2f-9f7f-1174f0420c78,0,1,4fc6cc82-4e3e-4924-aa2b-7477a1a96a39,true,downloadableSrc,200,image/webp,246298,246298,64dfcb783d7c43b2cebf610b4f1bc3864db49edca50295133e3d986415cfa0d3,1179,2676,,,bytescale.mobbin.com,f7a1807c1ac98ccf0eecf5078d61346ac9a94ca37a547f5708d580528c9e55c0,/Users/user/mobbin-sides/screen-flows/apple-news/018-apple-news-saving-a-story-today-d03e8bb8-d71e-440d-b8f9-df2e5073d7d0/001-4fc6cc82-4e3e-4924-aa2b-7477a1a96a39-downloadableSrc-64dfcb783d7c.webp
d03e8bb8-d71e-440d-b8f9-df2e5073d7d0,Saving a story (today),2ba30e05-f5ad-4666-82d8-677904a0c82e,Apple News,265b7905-18b6-4f2f-9f7f-1174f0420c78,1,2,4be407e5-39d8-419f-83f5-2445794c1e08,true,downloadableSrc,200,image/webp,210592,210592,77ecf1bcd9e7d30017a0438598e67ec53c031a29b27479bca41cced0a7e4e2d7,1179,2676,,,bytescale.mobbin.com,f7a1807c1ac98ccf0eecf5078d61346ac9a94ca37a547f5708d580528c9e55c0,/Users/user/mobbin-sides/screen-flows/apple-news/018-apple-news-saving-a-story-today-d03e8bb8-d71e-440d-b8f9-df2e5073d7d0/002-4be407e5-39d8-419f-83f5-2445794c1e08-downloadableSrc-77ecf1bcd9e7.webp
d03e8bb8-d71e-440d-b8f9-df2e5073d7d0,Saving a story (today),2ba30e05-f5ad-4666-82d8-677904a0c82e,Apple News,265b7905-18b6-4f2f-9f7f-1174f0420c78,2,3,0ed01c12-92a2-457e-b224-c7aee874894e,true,downloadableSrc,200,image/webp,292218,292218,3d661f2144fc660ed8fc4b6329f1fcb3b1932e2f85313508b9a751b6d54a380d,1179,2676,,,bytescale.mobbin.com,f7a1807c1ac98ccf0eecf5078d61346ac9a94ca37a547f5708d580528c9e55c0,/Users/user/mobbin-sides/screen-flows/apple-news/018-apple-news-saving-a-story-today-d03e8bb8-d71e-440d-b8f9-df2e5073d7d0/003-0ed01c12-92a2-457e-b224-c7aee874894e-downloadableSrc-3d661f2144fc.webp
2c52fa3b-7d37-4672-b22c-8e2d3529cd7b,Suggesting more stories,2ba30e05-f5ad-4666-82d8-677904a0c82e,Apple News,265b7905-18b6-4f2f-9f7f-1174f0420c78,0,1,4be407e5-39d8-419f-83f5-2445794c1e08,true,downloadableSrc,200,image/webp,210592,210592,77ecf1bcd9e7d30017a0438598e67ec53c031a29b27479bca41cced0a7e4e2d7,1179,2676,,,bytescale.mobbin.com,f7a1807c1ac98ccf0eecf5078d61346ac9a94ca37a547f5708d580528c9e55c0,/Users/user/mobbin-sides/screen-flows/apple-news/019-apple-news-suggesting-more-stories-2c52fa3b-7d37-4672-b22c-8e2d3529cd7b/001-4be407e5-39d8-419f-83f5-2445794c1e08-downloadableSrc-77ecf1bcd9e7.webp
2c52fa3b-7d37-4672-b22c-8e2d3529cd7b,Suggesting more stories,2ba30e05-f5ad-4666-82d8-677904a0c82e,Apple News,265b7905-18b6-4f2f-9f7f-1174f0420c78,1,2,2ed35ad3-3f1e-4328-aff7-e37afb9258e2,true,downloadableSrc,200,image/webp,292320,292320,e122db5ac9d199daf94a19bb6218b3ffcc3e7f746d2f05faf0e9d8417c3913f3,1179,2676,,,bytescale.mobbin.com,f7a1807c1ac98ccf0eecf5078d61346ac9a94ca37a547f5708d580528c9e55c0,/Users/user/mobbin-sides/screen-flows/apple-news/019-apple-news-suggesting-more-stories-2c52fa3b-7d37-4672-b22c-8e2d3529cd7b/002-2ed35ad3-3f1e-4328-aff7-e37afb9258e2-downloadableSrc-e122db5ac9d1.webp
3cddcbf0-73aa-480f-8abf-c6addefa99dd,Sports,2ba30e05-f5ad-4666-82d8-677904a0c82e,Apple News,265b7905-18b6-4f2f-9f7f-1174f0420c78,0,1,4fc6cc82-4e3e-4924-aa2b-7477a1a96a39,true,downloadableSrc,200,image/webp,246298,246298,64dfcb783d7c43b2cebf610b4f1bc3864db49edca50295133e3d986415cfa0d3,1179,2676,,,bytescale.mobbin.com,f7a1807c1ac98ccf0eecf5078d61346ac9a94ca37a547f5708d580528c9e55c0,/Users/user/mobbin-sides/screen-flows/apple-news/020-apple-news-sports-3cddcbf0-73aa-480f-8abf-c6addefa99dd/001-4fc6cc82-4e3e-4924-aa2b-7477a1a96a39-downloadableSrc-64dfcb783d7c.webp
3cddcbf0-73aa-480f-8abf-c6addefa99dd,Sports,2ba30e05-f5ad-4666-82d8-677904a0c82e,Apple News,265b7905-18b6-4f2f-9f7f-1174f0420c78,1,2,3b70b523-f045-4387-98c8-3d89b3173c7d,true,downloadableSrc,200,image/webp,122060,122060,f07ac2218e7e09aeaad8bcd603232b9bf0d5f242ed004e5c4c97a965eb6bbbd9,1179,2676,,,bytescale.mobbin.com,f7a1807c1ac98ccf0eecf5078d61346ac9a94ca37a547f5708d580528c9e55c0,/Users/user/mobbin-sides/screen-flows/apple-news/020-apple-news-sports-3cddcbf0-73aa-480f-8abf-c6addefa99dd/002-3b70b523-f045-4387-98c8-3d89b3173c7d-downloadableSrc-f07ac2218e7e.webp
3cddcbf0-73aa-480f-8abf-c6addefa99dd,Sports,2ba30e05-f5ad-4666-82d8-677904a0c82e,Apple News,265b7905-18b6-4f2f-9f7f-1174f0420c78,2,3,05edc1d2-e2bb-463b-ad05-c9aeae5c66ff,true,downloadableSrc,200,image/webp,159570,159570,57547283ff3ea9855aa25e8bc57b812fb937c9c8cce6f6969adda2f70c6fcdf4,1179,2676,,,bytescale.mobbin.com,f7a1807c1ac98ccf0eecf5078d61346ac9a94ca37a547f5708d580528c9e55c0,/Users/user/mobbin-sides/screen-flows/apple-news/020-apple-news-sports-3cddcbf0-73aa-480f-8abf-c6addefa99dd/003-05edc1d2-e2bb-463b-ad05-c9aeae5c66ff-downloadableSrc-57547283ff3e.webp
3cddcbf0-73aa-480f-8abf-c6addefa99dd,Sports,2ba30e05-f5ad-4666-82d8-677904a0c82e,Apple News,265b7905-18b6-4f2f-9f7f-1174f0420c78,3,4,40d35b60-d9e9-4e2a-abfd-0b0faef277dd,true,downloadableSrc,200,image/webp,194352,194352,19c2c4633fb8e3c7fa2122f3f522d541be2751d7487a5742fa18b793f13e8d73,1179,2676,,,bytescale.mobbin.com,f7a1807c1ac98ccf0eecf5078d61346ac9a94ca37a547f5708d580528c9e55c0,/Users/user/mobbin-sides/screen-flows/apple-news/020-apple-news-sports-3cddcbf0-73aa-480f-8abf-c6addefa99dd/004-40d35b60-d9e9-4e2a-abfd-0b0faef277dd-downloadableSrc-19c2c4633fb8.webp
3cddcbf0-73aa-480f-8abf-c6addefa99dd,Sports,2ba30e05-f5ad-4666-82d8-677904a0c82e,Apple News,265b7905-18b6-4f2f-9f7f-1174f0420c78,4,5,c5c3a542-6e1a-42a1-99b9-7774a5891235,true,downloadableSrc,200,image/webp,214098,214098,cacd15b3b37cbc0167d8c10787ee9c660d9d407af2090b6ce5aaa76fbafa408f,1179,2676,,,bytescale.mobbin.com,f7a1807c1ac98ccf0eecf5078d61346ac9a94ca37a547f5708d580528c9e55c0,/Users/user/mobbin-sides/screen-flows/apple-news/020-apple-news-sports-3cddcbf0-73aa-480f-8abf-c6addefa99dd/005-c5c3a542-6e1a-42a1-99b9-7774a5891235-downloadableSrc-cacd15b3b37c.webp
3cddcbf0-73aa-480f-8abf-c6addefa99dd,Sports,2ba30e05-f5ad-4666-82d8-677904a0c82e,Apple News,265b7905-18b6-4f2f-9f7f-1174f0420c78,5,6,726a590a-1914-4e15-8023-b3c426a0c806,true,downloadableSrc,200,image/webp,140474,140474,01e4b866bceefcb48c60a892e9d4ac48dbd046fbc73ef7656f91e0249b215e5c,1179,2676,,,bytescale.mobbin.com,f7a1807c1ac98ccf0eecf5078d61346ac9a94ca37a547f5708d580528c9e55c0,/Users/user/mobbin-sides/screen-flows/apple-news/020-apple-news-sports-3cddcbf0-73aa-480f-8abf-c6addefa99dd/006-726a590a-1914-4e15-8023-b3c426a0c806-downloadableSrc-01e4b866bcee.webp
e2bbc7a8-cb9b-4f75-b0af-dfda6b755e17,Picking teams,2ba30e05-f5ad-4666-82d8-677904a0c82e,Apple News,265b7905-18b6-4f2f-9f7f-1174f0420c78,0,1,3b70b523-f045-4387-98c8-3d89b3173c7d,true,downloadableSrc,200,image/webp,122060,122060,f07ac2218e7e09aeaad8bcd603232b9bf0d5f242ed004e5c4c97a965eb6bbbd9,1179,2676,,,bytescale.mobbin.com,f7a1807c1ac98ccf0eecf5078d61346ac9a94ca37a547f5708d580528c9e55c0,/Users/user/mobbin-sides/screen-flows/apple-news/021-apple-news-picking-teams-e2bbc7a8-cb9b-4f75-b0af-dfda6b755e17/001-3b70b523-f045-4387-98c8-3d89b3173c7d-downloadableSrc-f07ac2218e7e.webp
e2bbc7a8-cb9b-4f75-b0af-dfda6b755e17,Picking teams,2ba30e05-f5ad-4666-82d8-677904a0c82e,Apple News,265b7905-18b6-4f2f-9f7f-1174f0420c78,1,2,46a8b585-e0b9-4389-9f84-afa2b88c3680,true,downloadableSrc,200,image/webp,160994,160994,41a45bd30ccd4ffbcd2f95ddaa5d476fc2f429c92949687be3efcee8c2224c1b,1179,2676,,,bytescale.mobbin.com,f7a1807c1ac98ccf0eecf5078d61346ac9a94ca37a547f5708d580528c9e55c0,/Users/user/mobbin-sides/screen-flows/apple-news/021-apple-news-picking-teams-e2bbc7a8-cb9b-4f75-b0af-dfda6b755e17/002-46a8b585-e0b9-4389-9f84-afa2b88c3680-downloadableSrc-41a45bd30ccd.webp
e2bbc7a8-cb9b-4f75-b0af-dfda6b755e17,Picking teams,2ba30e05-f5ad-4666-82d8-677904a0c82e,Apple News,265b7905-18b6-4f2f-9f7f-1174f0420c78,2,3,0d2b3456-da4e-4094-95f1-9c588f0fa25b,true,downloadableSrc,200,image/webp,78612,78612,9b23c95448181d9e053656df6fb116634f2c8a4b8ba2ef6da301d6631de8f5b8,1179,2676,,,bytescale.mobbin.com,f7a1807c1ac98ccf0eecf5078d61346ac9a94ca37a547f5708d580528c9e55c0,/Users/user/mobbin-sides/screen-flows/apple-news/021-apple-news-picking-teams-e2bbc7a8-cb9b-4f75-b0af-dfda6b755e17/003-0d2b3456-da4e-4094-95f1-9c588f0fa25b-downloadableSrc-9b23c9544818.webp
e2bbc7a8-cb9b-4f75-b0af-dfda6b755e17,Picking teams,2ba30e05-f5ad-4666-82d8-677904a0c82e,Apple News,265b7905-18b6-4f2f-9f7f-1174f0420c78,3,4,002421e8-a77b-4129-ba56-0750dac85e5b,true,downloadableSrc,200,image/webp,68534,68534,17fa352e650a20d5c0c35c1459eedf8698c131aede72cf798d4948cd09b970d1,1179,2676,,,bytescale.mobbin.com,f7a1807c1ac98ccf0eecf5078d61346ac9a94ca37a547f5708d580528c9e55c0,/Users/user/mobbin-sides/screen-flows/apple-news/021-apple-news-picking-teams-e2bbc7a8-cb9b-4f75-b0af-dfda6b755e17/004-002421e8-a77b-4129-ba56-0750dac85e5b-downloadableSrc-17fa352e650a.webp
a11f1dd6-13d2-4a34-9602-9a88bf00b3b8,Reordering sports,2ba30e05-f5ad-4666-82d8-677904a0c82e,Apple News,265b7905-18b6-4f2f-9f7f-1174f0420c78,0,1,002421e8-a77b-4129-ba56-0750dac85e5b,true,downloadableSrc,200,image/webp,68534,68534,17fa352e650a20d5c0c35c1459eedf8698c131aede72cf798d4948cd09b970d1,1179,2676,,,bytescale.mobbin.com,f7a1807c1ac98ccf0eecf5078d61346ac9a94ca37a547f5708d580528c9e55c0,/Users/user/mobbin-sides/screen-flows/apple-news/022-apple-news-reordering-sports-a11f1dd6-13d2-4a34-9602-9a88bf00b3b8/001-002421e8-a77b-4129-ba56-0750dac85e5b-downloadableSrc-17fa352e650a.webp
a11f1dd6-13d2-4a34-9602-9a88bf00b3b8,Reordering sports,2ba30e05-f5ad-4666-82d8-677904a0c82e,Apple News,265b7905-18b6-4f2f-9f7f-1174f0420c78,1,2,7e0606ae-a7f8-47d5-bd54-0e3b6349c87e,true,downloadableSrc,200,image/webp,68768,68768,f9a108fc54bace7e3db358f3d3d07c34711505a6189821b90ee97f914c8a3986,1179,2676,,,bytescale.mobbin.com,f7a1807c1ac98ccf0eecf5078d61346ac9a94ca37a547f5708d580528c9e55c0,/Users/user/mobbin-sides/screen-flows/apple-news/022-apple-news-reordering-sports-a11f1dd6-13d2-4a34-9602-9a88bf00b3b8/002-7e0606ae-a7f8-47d5-bd54-0e3b6349c87e-downloadableSrc-f9a108fc54ba.webp
a11f1dd6-13d2-4a34-9602-9a88bf00b3b8,Reordering sports,2ba30e05-f5ad-4666-82d8-677904a0c82e,Apple News,265b7905-18b6-4f2f-9f7f-1174f0420c78,2,3,13ae7567-6c56-4ed8-90f2-806b49c7a0c9,true,downloadableSrc,200,image/webp,66138,66138,263a3c65ff9f3c0ba1dbcd6445bd6fb3fd2d482d746b36113ba00fa5c78be4cc,1179,2676,,,bytescale.mobbin.com,f7a1807c1ac98ccf0eecf5078d61346ac9a94ca37a547f5708d580528c9e55c0,/Users/user/mobbin-sides/screen-flows/apple-news/022-apple-news-reordering-sports-a11f1dd6-13d2-4a34-9602-9a88bf00b3b8/003-13ae7567-6c56-4ed8-90f2-806b49c7a0c9-downloadableSrc-263a3c65ff9f.webp
04c73d3b-a324-47e2-9f55-cc5126b4ce00,Searching sports,2ba30e05-f5ad-4666-82d8-677904a0c82e,Apple News,265b7905-18b6-4f2f-9f7f-1174f0420c78,0,1,0d2b3456-da4e-4094-95f1-9c588f0fa25b,true,downloadableSrc,200,image/webp,78612,78612,9b23c95448181d9e053656df6fb116634f2c8a4b8ba2ef6da301d6631de8f5b8,1179,2676,,,bytescale.mobbin.com,f7a1807c1ac98ccf0eecf5078d61346ac9a94ca37a547f5708d580528c9e55c0,/Users/user/mobbin-sides/screen-flows/apple-news/023-apple-news-searching-sports-04c73d3b-a324-47e2-9f55-cc5126b4ce00/001-0d2b3456-da4e-4094-95f1-9c588f0fa25b-downloadableSrc-9b23c9544818.webp
04c73d3b-a324-47e2-9f55-cc5126b4ce00,Searching sports,2ba30e05-f5ad-4666-82d8-677904a0c82e,Apple News,265b7905-18b6-4f2f-9f7f-1174f0420c78,1,2,42c7deb6-4393-49ed-84e3-669a4515b1ae,true,downloadableSrc,200,image/webp,72152,72152,e570a59ec32002cab5a7020613b25ea43125c760735fc12590735b0cfa373471,1179,2676,,,bytescale.mobbin.com,f7a1807c1ac98ccf0eecf5078d61346ac9a94ca37a547f5708d580528c9e55c0,/Users/user/mobbin-sides/screen-flows/apple-news/023-apple-news-searching-sports-04c73d3b-a324-47e2-9f55-cc5126b4ce00/002-42c7deb6-4393-49ed-84e3-669a4515b1ae-downloadableSrc-e570a59ec320.webp
04c73d3b-a324-47e2-9f55-cc5126b4ce00,Searching sports,2ba30e05-f5ad-4666-82d8-677904a0c82e,Apple News,265b7905-18b6-4f2f-9f7f-1174f0420c78,2,3,e8d9b219-e2be-4574-8a5d-d70644123379,true,downloadableSrc,200,image/webp,58164,58164,9b7cb9f1d6a144fbe29548fa4cbc81d279413256886c6abc29bae63fbe37678c,1179,2676,,,bytescale.mobbin.com,f7a1807c1ac98ccf0eecf5078d61346ac9a94ca37a547f5708d580528c9e55c0,/Users/user/mobbin-sides/screen-flows/apple-news/023-apple-news-searching-sports-04c73d3b-a324-47e2-9f55-cc5126b4ce00/003-e8d9b219-e2be-4574-8a5d-d70644123379-downloadableSrc-9b7cb9f1d6a1.webp
103076c6-102e-4faa-9c3d-06178260f968,Following a team (search),2ba30e05-f5ad-4666-82d8-677904a0c82e,Apple News,265b7905-18b6-4f2f-9f7f-1174f0420c78,0,1,e8d9b219-e2be-4574-8a5d-d70644123379,true,downloadableSrc,200,image/webp,58164,58164,9b7cb9f1d6a144fbe29548fa4cbc81d279413256886c6abc29bae63fbe37678c,1179,2676,,,bytescale.mobbin.com,f7a1807c1ac98ccf0eecf5078d61346ac9a94ca37a547f5708d580528c9e55c0,/Users/user/mobbin-sides/screen-flows/apple-news/024-apple-news-following-a-team-search-103076c6-102e-4faa-9c3d-06178260f968/001-e8d9b219-e2be-4574-8a5d-d70644123379-downloadableSrc-9b7cb9f1d6a1.webp
103076c6-102e-4faa-9c3d-06178260f968,Following a team (search),2ba30e05-f5ad-4666-82d8-677904a0c82e,Apple News,265b7905-18b6-4f2f-9f7f-1174f0420c78,1,2,8ca35ca3-8e83-4f5d-be95-ab89cc539241,true,downloadableSrc,200,image/webp,61510,61510,1bbb437226ccddb88a43fa43b357814f34ad48d22d9ee549b74adde770e4d7d9,1179,2676,,,bytescale.mobbin.com,f7a1807c1ac98ccf0eecf5078d61346ac9a94ca37a547f5708d580528c9e55c0,/Users/user/mobbin-sides/screen-flows/apple-news/024-apple-news-following-a-team-search-103076c6-102e-4faa-9c3d-06178260f968/002-8ca35ca3-8e83-4f5d-be95-ab89cc539241-downloadableSrc-1bbb437226cc.webp
103076c6-102e-4faa-9c3d-06178260f968,Following a team (search),2ba30e05-f5ad-4666-82d8-677904a0c82e,Apple News,265b7905-18b6-4f2f-9f7f-1174f0420c78,2,3,fa44613f-c6eb-417c-9279-c27a65faa051,true,downloadableSrc,200,image/webp,37746,37746,8e2e9892fcfd5a12bcc932b3280295554ce33e1d39640ddae609dd22f0f8dcb8,1179,2676,,,bytescale.mobbin.com,f7a1807c1ac98ccf0eecf5078d61346ac9a94ca37a547f5708d580528c9e55c0,/Users/user/mobbin-sides/screen-flows/apple-news/024-apple-news-following-a-team-search-103076c6-102e-4faa-9c3d-06178260f968/003-fa44613f-c6eb-417c-9279-c27a65faa051-downloadableSrc-8e2e9892fcfd.webp
fff6d56f-d83e-43c2-870d-48dbf1b337f1,Searching sports (audio output),2ba30e05-f5ad-4666-82d8-677904a0c82e,Apple News,265b7905-18b6-4f2f-9f7f-1174f0420c78,0,1,0d2b3456-da4e-4094-95f1-9c588f0fa25b,true,downloadableSrc,200,image/webp,78612,78612,9b23c95448181d9e053656df6fb116634f2c8a4b8ba2ef6da301d6631de8f5b8,1179,2676,,,bytescale.mobbin.com,f7a1807c1ac98ccf0eecf5078d61346ac9a94ca37a547f5708d580528c9e55c0,/Users/user/mobbin-sides/screen-flows/apple-news/025-apple-news-searching-sports-audio-output-fff6d56f-d83e-43c2-870d-48dbf1b337f1/001-0d2b3456-da4e-4094-95f1-9c588f0fa25b-downloadableSrc-9b23c9544818.webp
fff6d56f-d83e-43c2-870d-48dbf1b337f1,Searching sports (audio output),2ba30e05-f5ad-4666-82d8-677904a0c82e,Apple News,265b7905-18b6-4f2f-9f7f-1174f0420c78,1,2,d1db5d93-21a8-4add-80ce-21d1c38fb037,true,downloadableSrc,200,image/webp,67168,67168,ae5e25a80d24360c2ed416aafa9badbf1b15bba47d304f637a22bee6b07bd2e8,1179,2676,,,bytescale.mobbin.com,f7a1807c1ac98ccf0eecf5078d61346ac9a94ca37a547f5708d580528c9e55c0,/Users/user/mobbin-sides/screen-flows/apple-news/025-apple-news-searching-sports-audio-output-fff6d56f-d83e-43c2-870d-48dbf1b337f1/002-d1db5d93-21a8-4add-80ce-21d1c38fb037-downloadableSrc-ae5e25a80d24.webp
8492e4cb-22a9-4dbb-bd72-351ebe2d20d8,Match detail,2ba30e05-f5ad-4666-82d8-677904a0c82e,Apple News,265b7905-18b6-4f2f-9f7f-1174f0420c78,0,1,05edc1d2-e2bb-463b-ad05-c9aeae5c66ff,true,downloadableSrc,200,image/webp,159570,159570,57547283ff3ea9855aa25e8bc57b812fb937c9c8cce6f6969adda2f70c6fcdf4,1179,2676,,,bytescale.mobbin.com,f7a1807c1ac98ccf0eecf5078d61346ac9a94ca37a547f5708d580528c9e55c0,/Users/user/mobbin-sides/screen-flows/apple-news/026-apple-news-match-detail-8492e4cb-22a9-4dbb-bd72-351ebe2d20d8/001-05edc1d2-e2bb-463b-ad05-c9aeae5c66ff-downloadableSrc-57547283ff3e.webp
8492e4cb-22a9-4dbb-bd72-351ebe2d20d8,Match detail,2ba30e05-f5ad-4666-82d8-677904a0c82e,Apple News,265b7905-18b6-4f2f-9f7f-1174f0420c78,1,2,8e94abb0-4fcc-46e0-b00d-b09952fb826f,true,downloadableSrc,200,image/webp,74726,74726,be177897efffac217f0078eaa4af89ff5398aaea23b86e892d88b592ca22672e,1179,2676,,,bytescale.mobbin.com,f7a1807c1ac98ccf0eecf5078d61346ac9a94ca37a547f5708d580528c9e55c0,/Users/user/mobbin-sides/screen-flows/apple-news/026-apple-news-match-detail-8492e4cb-22a9-4dbb-bd72-351ebe2d20d8/002-8e94abb0-4fcc-46e0-b00d-b09952fb826f-downloadableSrc-be177897efff.webp
8492e4cb-22a9-4dbb-bd72-351ebe2d20d8,Match detail,2ba30e05-f5ad-4666-82d8-677904a0c82e,Apple News,265b7905-18b6-4f2f-9f7f-1174f0420c78,2,3,88c2db63-3d1c-4c6b-9346-3e1d18a0fdec,true,downloadableSrc,200,image/webp,205164,205164,0f49d7c078aac1eb384d8e49e4e5e8c04576a895b5d2e1c06f02d753885282bf,1179,2676,,,bytescale.mobbin.com,f7a1807c1ac98ccf0eecf5078d61346ac9a94ca37a547f5708d580528c9e55c0,/Users/user/mobbin-sides/screen-flows/apple-news/026-apple-news-match-detail-8492e4cb-22a9-4dbb-bd72-351ebe2d20d8/003-88c2db63-3d1c-4c6b-9346-3e1d18a0fdec-downloadableSrc-0f49d7c078aa.webp
8492e4cb-22a9-4dbb-bd72-351ebe2d20d8,Match detail,2ba30e05-f5ad-4666-82d8-677904a0c82e,Apple News,265b7905-18b6-4f2f-9f7f-1174f0420c78,3,4,68fc4c41-9d2e-47d5-8d1f-717692207a77,true,downloadableSrc,200,image/webp,240686,240686,3f55286f2bcf5d659dc69a192726a1c9f3b658591d06fbd7abdc879466dc3dd8,1179,2676,,,bytescale.mobbin.com,f7a1807c1ac98ccf0eecf5078d61346ac9a94ca37a547f5708d580528c9e55c0,/Users/user/mobbin-sides/screen-flows/apple-news/026-apple-news-match-detail-8492e4cb-22a9-4dbb-bd72-351ebe2d20d8/004-68fc4c41-9d2e-47d5-8d1f-717692207a77-downloadableSrc-3f55286f2bcf.webp
8492e4cb-22a9-4dbb-bd72-351ebe2d20d8,Match detail,2ba30e05-f5ad-4666-82d8-677904a0c82e,Apple News,265b7905-18b6-4f2f-9f7f-1174f0420c78,4,5,8836e5be-244a-4cc1-b14a-d577719d342f,true,downloadableSrc,200,image/webp,110972,110972,b6c616cb77d56553978628593f3dd02ee594992b0a56115be6d7663701d452bf,1179,2676,,,bytescale.mobbin.com,f7a1807c1ac98ccf0eecf5078d61346ac9a94ca37a547f5708d580528c9e55c0,/Users/user/mobbin-sides/screen-flows/apple-news/026-apple-news-match-detail-8492e4cb-22a9-4dbb-bd72-351ebe2d20d8/005-8836e5be-244a-4cc1-b14a-d577719d342f-downloadableSrc-b6c616cb77d5.webp
8492e4cb-22a9-4dbb-bd72-351ebe2d20d8,Match detail,2ba30e05-f5ad-4666-82d8-677904a0c82e,Apple News,265b7905-18b6-4f2f-9f7f-1174f0420c78,5,6,09188c95-0f58-44ef-8b63-2a5b9bfd3eb8,true,downloadableSrc,200,image/webp,164136,164136,ee3089fb9b44db674bfe68024766b4bf472bacd256ec1e81d2ea6c879ddf6385,1179,2676,,,bytescale.mobbin.com,f7a1807c1ac98ccf0eecf5078d61346ac9a94ca37a547f5708d580528c9e55c0,/Users/user/mobbin-sides/screen-flows/apple-news/026-apple-news-match-detail-8492e4cb-22a9-4dbb-bd72-351ebe2d20d8/006-09188c95-0f58-44ef-8b63-2a5b9bfd3eb8-downloadableSrc-ee3089fb9b44.webp
ae2f6c4d-16b4-45bc-b960-8c282981a5c3,Following a team,2ba30e05-f5ad-4666-82d8-677904a0c82e,Apple News,265b7905-18b6-4f2f-9f7f-1174f0420c78,0,1,8e94abb0-4fcc-46e0-b00d-b09952fb826f,true,downloadableSrc,200,image/webp,74726,74726,be177897efffac217f0078eaa4af89ff5398aaea23b86e892d88b592ca22672e,1179,2676,,,bytescale.mobbin.com,f7a1807c1ac98ccf0eecf5078d61346ac9a94ca37a547f5708d580528c9e55c0,/Users/user/mobbin-sides/screen-flows/apple-news/027-apple-news-following-a-team-ae2f6c4d-16b4-45bc-b960-8c282981a5c3/001-8e94abb0-4fcc-46e0-b00d-b09952fb826f-downloadableSrc-be177897efff.webp
ae2f6c4d-16b4-45bc-b960-8c282981a5c3,Following a team,2ba30e05-f5ad-4666-82d8-677904a0c82e,Apple News,265b7905-18b6-4f2f-9f7f-1174f0420c78,1,2,49522a7a-de4e-4fa1-8c2f-feb65dfe6e91,true,downloadableSrc,200,image/webp,82852,82852,a9d5af8018f6dfd7a8aa10f7288d404a6e482bf15faf52058736e5139a3bfe6f,1179,2676,,,bytescale.mobbin.com,f7a1807c1ac98ccf0eecf5078d61346ac9a94ca37a547f5708d580528c9e55c0,/Users/user/mobbin-sides/screen-flows/apple-news/027-apple-news-following-a-team-ae2f6c4d-16b4-45bc-b960-8c282981a5c3/002-49522a7a-de4e-4fa1-8c2f-feb65dfe6e91-downloadableSrc-a9d5af8018f6.webp
ae2f6c4d-16b4-45bc-b960-8c282981a5c3,Following a team,2ba30e05-f5ad-4666-82d8-677904a0c82e,Apple News,265b7905-18b6-4f2f-9f7f-1174f0420c78,2,3,2e83247d-f86d-4f35-be3f-af3ee4d4d09b,true,downloadableSrc,200,image/webp,81432,81432,ebfd09051c56c61e446ae9d8b7efcdecf149598ed199b19164108db2be455862,1179,2676,,,bytescale.mobbin.com,f7a1807c1ac98ccf0eecf5078d61346ac9a94ca37a547f5708d580528c9e55c0,/Users/user/mobbin-sides/screen-flows/apple-news/027-apple-news-following-a-team-ae2f6c4d-16b4-45bc-b960-8c282981a5c3/003-2e83247d-f86d-4f35-be3f-af3ee4d4d09b-downloadableSrc-ebfd09051c56.webp
ae2f6c4d-16b4-45bc-b960-8c282981a5c3,Following a team,2ba30e05-f5ad-4666-82d8-677904a0c82e,Apple News,265b7905-18b6-4f2f-9f7f-1174f0420c78,3,4,71424168-6b3a-4a4a-8cf4-d4f62f3eef91,true,downloadableSrc,200,image/webp,81866,81866,aa6c4e3821fcf77817ffdb851e7955494de4d530f28bc768ac5641fac55221da,1179,2676,,,bytescale.mobbin.com,f7a1807c1ac98ccf0eecf5078d61346ac9a94ca37a547f5708d580528c9e55c0,/Users/user/mobbin-sides/screen-flows/apple-news/027-apple-news-following-a-team-ae2f6c4d-16b4-45bc-b960-8c282981a5c3/004-71424168-6b3a-4a4a-8cf4-d4f62f3eef91-downloadableSrc-aa6c4e3821fc.webp
4240fa6a-bd2d-4e7a-944c-954023f3123d,Team detail,2ba30e05-f5ad-4666-82d8-677904a0c82e,Apple News,265b7905-18b6-4f2f-9f7f-1174f0420c78,0,1,2e83247d-f86d-4f35-be3f-af3ee4d4d09b,true,downloadableSrc,200,image/webp,81432,81432,ebfd09051c56c61e446ae9d8b7efcdecf149598ed199b19164108db2be455862,1179,2676,,,bytescale.mobbin.com,f7a1807c1ac98ccf0eecf5078d61346ac9a94ca37a547f5708d580528c9e55c0,/Users/user/mobbin-sides/screen-flows/apple-news/028-apple-news-team-detail-4240fa6a-bd2d-4e7a-944c-954023f3123d/001-2e83247d-f86d-4f35-be3f-af3ee4d4d09b-downloadableSrc-ebfd09051c56.webp
4240fa6a-bd2d-4e7a-944c-954023f3123d,Team detail,2ba30e05-f5ad-4666-82d8-677904a0c82e,Apple News,265b7905-18b6-4f2f-9f7f-1174f0420c78,1,2,466f6b13-2797-4697-a7e8-37f782b44bc1,true,downloadableSrc,200,image/webp,154994,154994,bcd1bb9309739d4cdf036d7faff7d1528ab07163d39038173005b4f14dc6ea65,1179,2676,,,bytescale.mobbin.com,f7a1807c1ac98ccf0eecf5078d61346ac9a94ca37a547f5708d580528c9e55c0,/Users/user/mobbin-sides/screen-flows/apple-news/028-apple-news-team-detail-4240fa6a-bd2d-4e7a-944c-954023f3123d/002-466f6b13-2797-4697-a7e8-37f782b44bc1-downloadableSrc-bcd1bb930973.webp
c6e9e443-af81-4f60-91ff-d6771b5c885e,Tournament detail ,2ba30e05-f5ad-4666-82d8-677904a0c82e,Apple News,265b7905-18b6-4f2f-9f7f-1174f0420c78,0,1,05edc1d2-e2bb-463b-ad05-c9aeae5c66ff,true,downloadableSrc,200,image/webp,159570,159570,57547283ff3ea9855aa25e8bc57b812fb937c9c8cce6f6969adda2f70c6fcdf4,1179,2676,,,bytescale.mobbin.com,f7a1807c1ac98ccf0eecf5078d61346ac9a94ca37a547f5708d580528c9e55c0,/Users/user/mobbin-sides/screen-flows/apple-news/029-apple-news-tournament-detail-c6e9e443-af81-4f60-91ff-d6771b5c885e/001-05edc1d2-e2bb-463b-ad05-c9aeae5c66ff-downloadableSrc-57547283ff3e.webp
c6e9e443-af81-4f60-91ff-d6771b5c885e,Tournament detail ,2ba30e05-f5ad-4666-82d8-677904a0c82e,Apple News,265b7905-18b6-4f2f-9f7f-1174f0420c78,1,2,ce674a27-fa69-4804-92e4-593361876de3,true,downloadableSrc,200,image/webp,132654,132654,13d67618b0fe25adf015523d692571c134d866cfdd97efec104929a3c54fc41f,1179,2676,,,bytescale.mobbin.com,f7a1807c1ac98ccf0eecf5078d61346ac9a94ca37a547f5708d580528c9e55c0,/Users/user/mobbin-sides/screen-flows/apple-news/029-apple-news-tournament-detail-c6e9e443-af81-4f60-91ff-d6771b5c885e/002-ce674a27-fa69-4804-92e4-593361876de3-downloadableSrc-13d67618b0fe.webp
c6e9e443-af81-4f60-91ff-d6771b5c885e,Tournament detail ,2ba30e05-f5ad-4666-82d8-677904a0c82e,Apple News,265b7905-18b6-4f2f-9f7f-1174f0420c78,2,3,694fc14e-fa79-42ea-85bc-4d3f5c3f209f,true,downloadableSrc,200,image/webp,144842,144842,7720480331f4f5ec95769c3c0cce11c936b539f28ff667f0f81e87fe9cd407ae,1179,2676,,,bytescale.mobbin.com,f7a1807c1ac98ccf0eecf5078d61346ac9a94ca37a547f5708d580528c9e55c0,/Users/user/mobbin-sides/screen-flows/apple-news/029-apple-news-tournament-detail-c6e9e443-af81-4f60-91ff-d6771b5c885e/003-694fc14e-fa79-42ea-85bc-4d3f5c3f209f-downloadableSrc-7720480331f4.webp
27eb7bec-ab93-4e05-bac7-ca3c96e79fc8,Following a tournament,2ba30e05-f5ad-4666-82d8-677904a0c82e,Apple News,265b7905-18b6-4f2f-9f7f-1174f0420c78,0,1,ce674a27-fa69-4804-92e4-593361876de3,true,downloadableSrc,200,image/webp,132654,132654,13d67618b0fe25adf015523d692571c134d866cfdd97efec104929a3c54fc41f,1179,2676,,,bytescale.mobbin.com,f7a1807c1ac98ccf0eecf5078d61346ac9a94ca37a547f5708d580528c9e55c0,/Users/user/mobbin-sides/screen-flows/apple-news/030-apple-news-following-a-tournament-27eb7bec-ab93-4e05-bac7-ca3c96e79fc8/001-ce674a27-fa69-4804-92e4-593361876de3-downloadableSrc-13d67618b0fe.webp
27eb7bec-ab93-4e05-bac7-ca3c96e79fc8,Following a tournament,2ba30e05-f5ad-4666-82d8-677904a0c82e,Apple News,265b7905-18b6-4f2f-9f7f-1174f0420c78,1,2,76774c09-8247-4f71-a926-f49b070c04b2,true,downloadableSrc,200,image/webp,132866,132866,51c55260709fd9760fa6305019ab3c69ff11abfe870586321a9f116b40164018,1179,2676,,,bytescale.mobbin.com,f7a1807c1ac98ccf0eecf5078d61346ac9a94ca37a547f5708d580528c9e55c0,/Users/user/mobbin-sides/screen-flows/apple-news/030-apple-news-following-a-tournament-27eb7bec-ab93-4e05-bac7-ca3c96e79fc8/002-76774c09-8247-4f71-a926-f49b070c04b2-downloadableSrc-51c55260709f.webp
f14ac78d-d785-485a-a4d1-ae51d9f1a0fd,Puzzles,2ba30e05-f5ad-4666-82d8-677904a0c82e,Apple News,265b7905-18b6-4f2f-9f7f-1174f0420c78,0,1,4fc6cc82-4e3e-4924-aa2b-7477a1a96a39,true,downloadableSrc,200,image/webp,246298,246298,64dfcb783d7c43b2cebf610b4f1bc3864db49edca50295133e3d986415cfa0d3,1179,2676,,,bytescale.mobbin.com,f7a1807c1ac98ccf0eecf5078d61346ac9a94ca37a547f5708d580528c9e55c0,/Users/user/mobbin-sides/screen-flows/apple-news/031-apple-news-puzzles-f14ac78d-d785-485a-a4d1-ae51d9f1a0fd/001-4fc6cc82-4e3e-4924-aa2b-7477a1a96a39-downloadableSrc-64dfcb783d7c.webp
f14ac78d-d785-485a-a4d1-ae51d9f1a0fd,Puzzles,2ba30e05-f5ad-4666-82d8-677904a0c82e,Apple News,265b7905-18b6-4f2f-9f7f-1174f0420c78,1,2,a2319e2f-b25d-41ff-8b15-b0f9d35dc619,true,downloadableSrc,200,image/webp,82992,82992,70b72e40789241918321a711ac99cadb7407d755baf1ab84df15ae7ee3249713,1179,2676,,,bytescale.mobbin.com,f7a1807c1ac98ccf0eecf5078d61346ac9a94ca37a547f5708d580528c9e55c0,/Users/user/mobbin-sides/screen-flows/apple-news/031-apple-news-puzzles-f14ac78d-d785-485a-a4d1-ae51d9f1a0fd/002-a2319e2f-b25d-41ff-8b15-b0f9d35dc619-downloadableSrc-70b72e407892.webp
f14ac78d-d785-485a-a4d1-ae51d9f1a0fd,Puzzles,2ba30e05-f5ad-4666-82d8-677904a0c82e,Apple News,265b7905-18b6-4f2f-9f7f-1174f0420c78,2,3,554730f3-5527-4228-90e6-6fc9b6487179,true,downloadableSrc,200,image/webp,88464,88464,08e32990fcaa65ee74d9fae87bf3d85cf94c6cfc01d87285f1ad03774a341fbd,1179,2676,,,bytescale.mobbin.com,f7a1807c1ac98ccf0eecf5078d61346ac9a94ca37a547f5708d580528c9e55c0,/Users/user/mobbin-sides/screen-flows/apple-news/031-apple-news-puzzles-f14ac78d-d785-485a-a4d1-ae51d9f1a0fd/003-554730f3-5527-4228-90e6-6fc9b6487179-downloadableSrc-08e32990fcaa.webp
f14ac78d-d785-485a-a4d1-ae51d9f1a0fd,Puzzles,2ba30e05-f5ad-4666-82d8-677904a0c82e,Apple News,265b7905-18b6-4f2f-9f7f-1174f0420c78,3,4,9b95a3e8-2d01-40c8-8794-0071d0f2de8d,true,downloadableSrc,200,image/webp,104196,104196,d2c3eda3d62f8f8a6a1f2ffcdda6fad5ae93ace948da75c69bbbee0df797a8e2,1179,2676,,,bytescale.mobbin.com,f7a1807c1ac98ccf0eecf5078d61346ac9a94ca37a547f5708d580528c9e55c0,/Users/user/mobbin-sides/screen-flows/apple-news/031-apple-news-puzzles-f14ac78d-d785-485a-a4d1-ae51d9f1a0fd/004-9b95a3e8-2d01-40c8-8794-0071d0f2de8d-downloadableSrc-d2c3eda3d62f.webp
5ea3cffa-92b7-483d-a25e-db7e6098ca8c,Crossword,2ba30e05-f5ad-4666-82d8-677904a0c82e,Apple News,265b7905-18b6-4f2f-9f7f-1174f0420c78,0,1,a2319e2f-b25d-41ff-8b15-b0f9d35dc619,true,downloadableSrc,200,image/webp,82992,82992,70b72e40789241918321a711ac99cadb7407d755baf1ab84df15ae7ee3249713,1179,2676,,,bytescale.mobbin.com,f7a1807c1ac98ccf0eecf5078d61346ac9a94ca37a547f5708d580528c9e55c0,/Users/user/mobbin-sides/screen-flows/apple-news/032-apple-news-crossword-5ea3cffa-92b7-483d-a25e-db7e6098ca8c/001-a2319e2f-b25d-41ff-8b15-b0f9d35dc619-downloadableSrc-70b72e407892.webp
5ea3cffa-92b7-483d-a25e-db7e6098ca8c,Crossword,2ba30e05-f5ad-4666-82d8-677904a0c82e,Apple News,265b7905-18b6-4f2f-9f7f-1174f0420c78,1,2,29657029-6f20-4ed5-a2f0-f9081a5dfb1f,true,downloadableSrc,200,image/webp,104072,104072,03ab09407cb7e144b38d0aaf9ddd46f959b92340a850eeaebd402ecc2fed2ab3,1179,2676,,,bytescale.mobbin.com,f7a1807c1ac98ccf0eecf5078d61346ac9a94ca37a547f5708d580528c9e55c0,/Users/user/mobbin-sides/screen-flows/apple-news/032-apple-news-crossword-5ea3cffa-92b7-483d-a25e-db7e6098ca8c/002-29657029-6f20-4ed5-a2f0-f9081a5dfb1f-downloadableSrc-03ab09407cb7.webp
b4679c55-0d00-4ed0-83b9-18cbf7bef7e8,Completing a puzzle,2ba30e05-f5ad-4666-82d8-677904a0c82e,Apple News,265b7905-18b6-4f2f-9f7f-1174f0420c78,0,1,a2319e2f-b25d-41ff-8b15-b0f9d35dc619,true,downloadableSrc,200,image/webp,82992,82992,70b72e40789241918321a711ac99cadb7407d755baf1ab84df15ae7ee3249713,1179,2676,,,bytescale.mobbin.com,f7a1807c1ac98ccf0eecf5078d61346ac9a94ca37a547f5708d580528c9e55c0,/Users/user/mobbin-sides/screen-flows/apple-news/033-apple-news-completing-a-puzzle-b4679c55-0d00-4ed0-83b9-18cbf7bef7e8/001-a2319e2f-b25d-41ff-8b15-b0f9d35dc619-downloadableSrc-70b72e407892.webp
b4679c55-0d00-4ed0-83b9-18cbf7bef7e8,Completing a puzzle,2ba30e05-f5ad-4666-82d8-677904a0c82e,Apple News,265b7905-18b6-4f2f-9f7f-1174f0420c78,1,2,57fcc0a4-5f6e-4253-ae06-fb09f14c11c6,true,downloadableSrc,200,image/webp,55594,55594,b0f6a4f37997cf323f72d98e1bb7cc121649310c06b401498d5ff64b5eee5cd8,1179,2676,,,bytescale.mobbin.com,f7a1807c1ac98ccf0eecf5078d61346ac9a94ca37a547f5708d580528c9e55c0,/Users/user/mobbin-sides/screen-flows/apple-news/033-apple-news-completing-a-puzzle-b4679c55-0d00-4ed0-83b9-18cbf7bef7e8/002-57fcc0a4-5f6e-4253-ae06-fb09f14c11c6-downloadableSrc-b0f6a4f37997.webp
b4679c55-0d00-4ed0-83b9-18cbf7bef7e8,Completing a puzzle,2ba30e05-f5ad-4666-82d8-677904a0c82e,Apple News,265b7905-18b6-4f2f-9f7f-1174f0420c78,2,3,f7556724-ddcc-4dfd-9b19-f4a98c60e94d,true,downloadableSrc,200,image/webp,68634,68634,6524c2cd8f1545e1f706c632ebde25d58a1837d9b0a1b706d9b2c77a51935d86,1179,2676,,,bytescale.mobbin.com,f7a1807c1ac98ccf0eecf5078d61346ac9a94ca37a547f5708d580528c9e55c0,/Users/user/mobbin-sides/screen-flows/apple-news/033-apple-news-completing-a-puzzle-b4679c55-0d00-4ed0-83b9-18cbf7bef7e8/003-f7556724-ddcc-4dfd-9b19-f4a98c60e94d-downloadableSrc-6524c2cd8f15.webp
b4679c55-0d00-4ed0-83b9-18cbf7bef7e8,Completing a puzzle,2ba30e05-f5ad-4666-82d8-677904a0c82e,Apple News,265b7905-18b6-4f2f-9f7f-1174f0420c78,3,4,9d6d2b9e-e1dc-4cd6-8b0e-8c15b51e7727,true,downloadableSrc,200,image/webp,60328,60328,a3266c327933d64960b7a4272ee2d465a86ca3fdcab1f641984de39b718e3d90,1179,2676,,,bytescale.mobbin.com,f7a1807c1ac98ccf0eecf5078d61346ac9a94ca37a547f5708d580528c9e55c0,/Users/user/mobbin-sides/screen-flows/apple-news/033-apple-news-completing-a-puzzle-b4679c55-0d00-4ed0-83b9-18cbf7bef7e8/004-9d6d2b9e-e1dc-4cd6-8b0e-8c15b51e7727-downloadableSrc-a3266c327933.webp
4254f577-2dad-4038-ac8e-1481f01bec2d,Leaderboards,2ba30e05-f5ad-4666-82d8-677904a0c82e,Apple News,265b7905-18b6-4f2f-9f7f-1174f0420c78,0,1,a2319e2f-b25d-41ff-8b15-b0f9d35dc619,true,downloadableSrc,200,image/webp,82992,82992,70b72e40789241918321a711ac99cadb7407d755baf1ab84df15ae7ee3249713,1179,2676,,,bytescale.mobbin.com,f7a1807c1ac98ccf0eecf5078d61346ac9a94ca37a547f5708d580528c9e55c0,/Users/user/mobbin-sides/screen-flows/apple-news/034-apple-news-leaderboards-4254f577-2dad-4038-ac8e-1481f01bec2d/001-a2319e2f-b25d-41ff-8b15-b0f9d35dc619-downloadableSrc-70b72e407892.webp
4254f577-2dad-4038-ac8e-1481f01bec2d,Leaderboards,2ba30e05-f5ad-4666-82d8-677904a0c82e,Apple News,265b7905-18b6-4f2f-9f7f-1174f0420c78,1,2,55b3c969-5c59-412c-8415-f81fbb71111a,true,downloadableSrc,200,image/webp,76264,76264,49aba775a7f5c517ecfa30f899363a4b14ebe48bcf444db3e501f3f454faddb2,1179,2676,,,bytescale.mobbin.com,f7a1807c1ac98ccf0eecf5078d61346ac9a94ca37a547f5708d580528c9e55c0,/Users/user/mobbin-sides/screen-flows/apple-news/034-apple-news-leaderboards-4254f577-2dad-4038-ac8e-1481f01bec2d/002-55b3c969-5c59-412c-8415-f81fbb71111a-downloadableSrc-49aba775a7f5.webp
0227a53f-9270-41a9-b35e-184722ae5276,Top stories,2ba30e05-f5ad-4666-82d8-677904a0c82e,Apple News,265b7905-18b6-4f2f-9f7f-1174f0420c78,0,1,dc153709-e334-448a-b429-0d772accdf92,true,downloadableSrc,200,image/webp,149792,149792,b79776ab415dc938818999506a4a31fdebea690662f35a7b8ad537649192c4cf,1179,2676,,,bytescale.mobbin.com,f7a1807c1ac98ccf0eecf5078d61346ac9a94ca37a547f5708d580528c9e55c0,/Users/user/mobbin-sides/screen-flows/apple-news/035-apple-news-top-stories-0227a53f-9270-41a9-b35e-184722ae5276/001-dc153709-e334-448a-b429-0d772accdf92-downloadableSrc-b79776ab415d.webp
0227a53f-9270-41a9-b35e-184722ae5276,Top stories,2ba30e05-f5ad-4666-82d8-677904a0c82e,Apple News,265b7905-18b6-4f2f-9f7f-1174f0420c78,1,2,d17401bc-3623-4468-8c98-05ad4659624e,true,downloadableSrc,200,image/webp,175656,175656,2bb947f2d80b2dbe274e9dfc4461e01ad35a83f753045199a060fda584b1c5a3,1179,2676,,,bytescale.mobbin.com,f7a1807c1ac98ccf0eecf5078d61346ac9a94ca37a547f5708d580528c9e55c0,/Users/user/mobbin-sides/screen-flows/apple-news/035-apple-news-top-stories-0227a53f-9270-41a9-b35e-184722ae5276/002-d17401bc-3623-4468-8c98-05ad4659624e-downloadableSrc-2bb947f2d80b.webp
48c5938b-1745-4355-acb8-1749d63b0ce6,News+,2ba30e05-f5ad-4666-82d8-677904a0c82e,Apple News,265b7905-18b6-4f2f-9f7f-1174f0420c78,0,1,d9d3b1b4-2edd-4fee-bd0a-118bfcd104f1,true,downloadableSrc,200,image/webp,164434,164434,da3737c27929eefcd237970d557afe9f53b43924f0a6709ce13c2f8f75ff2017,1179,2676,,,bytescale.mobbin.com,f7a1807c1ac98ccf0eecf5078d61346ac9a94ca37a547f5708d580528c9e55c0,/Users/user/mobbin-sides/screen-flows/apple-news/036-apple-news-news-48c5938b-1745-4355-acb8-1749d63b0ce6/001-d9d3b1b4-2edd-4fee-bd0a-118bfcd104f1-downloadableSrc-da3737c27929.webp
48c5938b-1745-4355-acb8-1749d63b0ce6,News+,2ba30e05-f5ad-4666-82d8-677904a0c82e,Apple News,265b7905-18b6-4f2f-9f7f-1174f0420c78,1,2,626c6ad4-e74b-4210-9afe-39c764d3ea45,true,downloadableSrc,200,image/webp,255486,255486,735e644f5dfea3d5396fc8c74b4af90670d181f1701b102f82e15c17fc928a83,1179,2676,,,bytescale.mobbin.com,f7a1807c1ac98ccf0eecf5078d61346ac9a94ca37a547f5708d580528c9e55c0,/Users/user/mobbin-sides/screen-flows/apple-news/036-apple-news-news-48c5938b-1745-4355-acb8-1749d63b0ce6/002-626c6ad4-e74b-4210-9afe-39c764d3ea45-downloadableSrc-735e644f5dfe.webp
48c5938b-1745-4355-acb8-1749d63b0ce6,News+,2ba30e05-f5ad-4666-82d8-677904a0c82e,Apple News,265b7905-18b6-4f2f-9f7f-1174f0420c78,2,3,ac2eda6e-726b-49c9-bbee-41881a51a082,true,downloadableSrc,200,image/webp,48656,48656,7ca236c06360449648b85879032dae794ef6a2537ef8ae41417ee7b55880553c,1179,2676,,,bytescale.mobbin.com,f7a1807c1ac98ccf0eecf5078d61346ac9a94ca37a547f5708d580528c9e55c0,/Users/user/mobbin-sides/screen-flows/apple-news/036-apple-news-news-48c5938b-1745-4355-acb8-1749d63b0ce6/003-ac2eda6e-726b-49c9-bbee-41881a51a082-downloadableSrc-7ca236c06360.webp
48c5938b-1745-4355-acb8-1749d63b0ce6,News+,2ba30e05-f5ad-4666-82d8-677904a0c82e,Apple News,265b7905-18b6-4f2f-9f7f-1174f0420c78,3,4,87220b75-a523-4cff-a71c-21312f576d8d,true,downloadableSrc,200,image/webp,183070,183070,57dfce79b293f752d11fbf6051dc04f66b39eb6bdd2ef29221cd087bf6dea1cb,1179,2676,,,bytescale.mobbin.com,f7a1807c1ac98ccf0eecf5078d61346ac9a94ca37a547f5708d580528c9e55c0,/Users/user/mobbin-sides/screen-flows/apple-news/036-apple-news-news-48c5938b-1745-4355-acb8-1749d63b0ce6/004-87220b75-a523-4cff-a71c-21312f576d8d-downloadableSrc-57dfce79b293.webp
b5f5b3d4-9c98-4fa3-857b-94da8e556f51,Issue detail,2ba30e05-f5ad-4666-82d8-677904a0c82e,Apple News,265b7905-18b6-4f2f-9f7f-1174f0420c78,0,1,626c6ad4-e74b-4210-9afe-39c764d3ea45,true,downloadableSrc,200,image/webp,255486,255486,735e644f5dfea3d5396fc8c74b4af90670d181f1701b102f82e15c17fc928a83,1179,2676,,,bytescale.mobbin.com,f7a1807c1ac98ccf0eecf5078d61346ac9a94ca37a547f5708d580528c9e55c0,/Users/user/mobbin-sides/screen-flows/apple-news/037-apple-news-issue-detail-b5f5b3d4-9c98-4fa3-857b-94da8e556f51/001-626c6ad4-e74b-4210-9afe-39c764d3ea45-downloadableSrc-735e644f5dfe.webp
b5f5b3d4-9c98-4fa3-857b-94da8e556f51,Issue detail,2ba30e05-f5ad-4666-82d8-677904a0c82e,Apple News,265b7905-18b6-4f2f-9f7f-1174f0420c78,1,2,2dd732a1-d79a-42f8-90f9-6e7d28f170ea,true,downloadableSrc,200,image/webp,149786,149786,91e91f7a691333b511185c9fb741ca8d5efc531f96ebcbe1456db8b19f2b2e71,1179,2676,,,bytescale.mobbin.com,f7a1807c1ac98ccf0eecf5078d61346ac9a94ca37a547f5708d580528c9e55c0,/Users/user/mobbin-sides/screen-flows/apple-news/037-apple-news-issue-detail-b5f5b3d4-9c98-4fa3-857b-94da8e556f51/002-2dd732a1-d79a-42f8-90f9-6e7d28f170ea-downloadableSrc-91e91f7a6913.webp
b5f5b3d4-9c98-4fa3-857b-94da8e556f51,Issue detail,2ba30e05-f5ad-4666-82d8-677904a0c82e,Apple News,265b7905-18b6-4f2f-9f7f-1174f0420c78,2,3,2f5f45a8-5799-4de9-9f70-a5c77675de43,true,downloadableSrc,200,image/webp,197176,197176,5266b30cf1b32843fff2b22b7cceaf22b8c8313c83b31f462748c12d031b1d8a,1179,2676,,,bytescale.mobbin.com,f7a1807c1ac98ccf0eecf5078d61346ac9a94ca37a547f5708d580528c9e55c0,/Users/user/mobbin-sides/screen-flows/apple-news/037-apple-news-issue-detail-b5f5b3d4-9c98-4fa3-857b-94da8e556f51/003-2f5f45a8-5799-4de9-9f70-a5c77675de43-downloadableSrc-5266b30cf1b3.webp
6aa9fdc7-9c70-4156-b8cc-3631c2519c3d,Recipes,2ba30e05-f5ad-4666-82d8-677904a0c82e,Apple News,265b7905-18b6-4f2f-9f7f-1174f0420c78,0,1,2dd732a1-d79a-42f8-90f9-6e7d28f170ea,true,downloadableSrc,200,image/webp,149786,149786,91e91f7a691333b511185c9fb741ca8d5efc531f96ebcbe1456db8b19f2b2e71,1179,2676,,,bytescale.mobbin.com,f7a1807c1ac98ccf0eecf5078d61346ac9a94ca37a547f5708d580528c9e55c0,/Users/user/mobbin-sides/screen-flows/apple-news/038-apple-news-recipes-6aa9fdc7-9c70-4156-b8cc-3631c2519c3d/001-2dd732a1-d79a-42f8-90f9-6e7d28f170ea-downloadableSrc-91e91f7a6913.webp
6aa9fdc7-9c70-4156-b8cc-3631c2519c3d,Recipes,2ba30e05-f5ad-4666-82d8-677904a0c82e,Apple News,265b7905-18b6-4f2f-9f7f-1174f0420c78,1,2,0af69a65-75be-4250-8c69-e3064364b893,true,downloadableSrc,200,image/webp,119788,119788,c5b1fcf1c78c60295c248d101dc3fb3e0145d461253a5245a97a124e1a36ce64,1179,2676,,,bytescale.mobbin.com,f7a1807c1ac98ccf0eecf5078d61346ac9a94ca37a547f5708d580528c9e55c0,/Users/user/mobbin-sides/screen-flows/apple-news/038-apple-news-recipes-6aa9fdc7-9c70-4156-b8cc-3631c2519c3d/002-0af69a65-75be-4250-8c69-e3064364b893-downloadableSrc-c5b1fcf1c78c.webp
cb06dc5f-c9d7-4577-aed2-56d9f3ff09a7,Recipe detail,2ba30e05-f5ad-4666-82d8-677904a0c82e,Apple News,265b7905-18b6-4f2f-9f7f-1174f0420c78,0,1,0af69a65-75be-4250-8c69-e3064364b893,true,downloadableSrc,200,image/webp,119788,119788,c5b1fcf1c78c60295c248d101dc3fb3e0145d461253a5245a97a124e1a36ce64,1179,2676,,,bytescale.mobbin.com,f7a1807c1ac98ccf0eecf5078d61346ac9a94ca37a547f5708d580528c9e55c0,/Users/user/mobbin-sides/screen-flows/apple-news/039-apple-news-recipe-detail-cb06dc5f-c9d7-4577-aed2-56d9f3ff09a7/001-0af69a65-75be-4250-8c69-e3064364b893-downloadableSrc-c5b1fcf1c78c.webp
cb06dc5f-c9d7-4577-aed2-56d9f3ff09a7,Recipe detail,2ba30e05-f5ad-4666-82d8-677904a0c82e,Apple News,265b7905-18b6-4f2f-9f7f-1174f0420c78,1,2,40a32cf3-4c54-4005-a6aa-0271ccdde557,true,downloadableSrc,200,image/webp,286680,286680,9adae2f464ea97d9ba156f1f642c2e136287c4775d418890c4dae369e3855742,1179,2676,,,bytescale.mobbin.com,f7a1807c1ac98ccf0eecf5078d61346ac9a94ca37a547f5708d580528c9e55c0,/Users/user/mobbin-sides/screen-flows/apple-news/039-apple-news-recipe-detail-cb06dc5f-c9d7-4577-aed2-56d9f3ff09a7/002-40a32cf3-4c54-4005-a6aa-0271ccdde557-downloadableSrc-9adae2f464ea.webp
cb06dc5f-c9d7-4577-aed2-56d9f3ff09a7,Recipe detail,2ba30e05-f5ad-4666-82d8-677904a0c82e,Apple News,265b7905-18b6-4f2f-9f7f-1174f0420c78,2,3,29622411-b22a-485f-8851-74db23307865,true,downloadableSrc,200,image/webp,85108,85108,3419efeb0663ccad0fc72680392f18988478e5c13c64b2635487b9779db2eead,1179,2676,,,bytescale.mobbin.com,f7a1807c1ac98ccf0eecf5078d61346ac9a94ca37a547f5708d580528c9e55c0,/Users/user/mobbin-sides/screen-flows/apple-news/039-apple-news-recipe-detail-cb06dc5f-c9d7-4577-aed2-56d9f3ff09a7/003-29622411-b22a-485f-8851-74db23307865-downloadableSrc-3419efeb0663.webp
cb06dc5f-c9d7-4577-aed2-56d9f3ff09a7,Recipe detail,2ba30e05-f5ad-4666-82d8-677904a0c82e,Apple News,265b7905-18b6-4f2f-9f7f-1174f0420c78,3,4,d1c945e9-9c12-4b78-a74d-4f560c9d326e,true,downloadableSrc,200,image/webp,112816,112816,f8ec857ab3d9d94f1125250b03d5c4f4a0b73916d744f90af610540179424c83,1179,2676,,,bytescale.mobbin.com,f7a1807c1ac98ccf0eecf5078d61346ac9a94ca37a547f5708d580528c9e55c0,/Users/user/mobbin-sides/screen-flows/apple-news/039-apple-news-recipe-detail-cb06dc5f-c9d7-4577-aed2-56d9f3ff09a7/004-d1c945e9-9c12-4b78-a74d-4f560c9d326e-downloadableSrc-f8ec857ab3d9.webp
cb06dc5f-c9d7-4577-aed2-56d9f3ff09a7,Recipe detail,2ba30e05-f5ad-4666-82d8-677904a0c82e,Apple News,265b7905-18b6-4f2f-9f7f-1174f0420c78,4,5,e7b5cf44-19ce-436b-ba5d-819846bc3e51,true,downloadableSrc,200,image/webp,198114,198114,631fe3672895448cd5682113041274ba5f9270a06bb2fd881acde66502905f7d,1179,2676,,,bytescale.mobbin.com,f7a1807c1ac98ccf0eecf5078d61346ac9a94ca37a547f5708d580528c9e55c0,/Users/user/mobbin-sides/screen-flows/apple-news/039-apple-news-recipe-detail-cb06dc5f-c9d7-4577-aed2-56d9f3ff09a7/005-e7b5cf44-19ce-436b-ba5d-819846bc3e51-downloadableSrc-631fe3672895.webp
9b81af48-2fc0-43a9-9033-cbdadc8a299c,Cooking a recipe,2ba30e05-f5ad-4666-82d8-677904a0c82e,Apple News,265b7905-18b6-4f2f-9f7f-1174f0420c78,0,1,40a32cf3-4c54-4005-a6aa-0271ccdde557,true,downloadableSrc,200,image/webp,286680,286680,9adae2f464ea97d9ba156f1f642c2e136287c4775d418890c4dae369e3855742,1179,2676,,,bytescale.mobbin.com,f7a1807c1ac98ccf0eecf5078d61346ac9a94ca37a547f5708d580528c9e55c0,/Users/user/mobbin-sides/screen-flows/apple-news/040-apple-news-cooking-a-recipe-9b81af48-2fc0-43a9-9033-cbdadc8a299c/001-40a32cf3-4c54-4005-a6aa-0271ccdde557-downloadableSrc-9adae2f464ea.webp
9b81af48-2fc0-43a9-9033-cbdadc8a299c,Cooking a recipe,2ba30e05-f5ad-4666-82d8-677904a0c82e,Apple News,265b7905-18b6-4f2f-9f7f-1174f0420c78,1,2,1517c4fa-789a-40d9-9f91-85168bf9af31,true,downloadableSrc,200,image/webp,58016,58016,d587b615710fc17f242ac09b215fdf6e5c4e5d0d52d3891c390ff7a15895bb67,1179,2676,,,bytescale.mobbin.com,f7a1807c1ac98ccf0eecf5078d61346ac9a94ca37a547f5708d580528c9e55c0,/Users/user/mobbin-sides/screen-flows/apple-news/040-apple-news-cooking-a-recipe-9b81af48-2fc0-43a9-9033-cbdadc8a299c/002-1517c4fa-789a-40d9-9f91-85168bf9af31-downloadableSrc-d587b615710f.webp
9b81af48-2fc0-43a9-9033-cbdadc8a299c,Cooking a recipe,2ba30e05-f5ad-4666-82d8-677904a0c82e,Apple News,265b7905-18b6-4f2f-9f7f-1174f0420c78,2,3,cf31f76c-e10b-4fb3-813f-db67c2db007b,true,downloadableSrc,200,image/webp,33448,33448,f5b13ef11b7c79cdbc7739199e0466a81a774c0e1b25fbf94c7f44c249ef0f74,1179,2676,,,bytescale.mobbin.com,f7a1807c1ac98ccf0eecf5078d61346ac9a94ca37a547f5708d580528c9e55c0,/Users/user/mobbin-sides/screen-flows/apple-news/040-apple-news-cooking-a-recipe-9b81af48-2fc0-43a9-9033-cbdadc8a299c/003-cf31f76c-e10b-4fb3-813f-db67c2db007b-downloadableSrc-f5b13ef11b7c.webp
9b81af48-2fc0-43a9-9033-cbdadc8a299c,Cooking a recipe,2ba30e05-f5ad-4666-82d8-677904a0c82e,Apple News,265b7905-18b6-4f2f-9f7f-1174f0420c78,3,4,cff25fa2-93e1-43c5-a82d-e4950062dcf4,true,downloadableSrc,200,image/webp,93522,93522,6ba30704ff7c4c999f14e74b542a36dfaa5f9fdbc2e4f8c4afe0cead2e36348d,1179,2676,,,bytescale.mobbin.com,f7a1807c1ac98ccf0eecf5078d61346ac9a94ca37a547f5708d580528c9e55c0,/Users/user/mobbin-sides/screen-flows/apple-news/040-apple-news-cooking-a-recipe-9b81af48-2fc0-43a9-9033-cbdadc8a299c/004-cff25fa2-93e1-43c5-a82d-e4950062dcf4-downloadableSrc-6ba30704ff7c.webp
1b9d36d2-ed83-4b40-b88a-ab6799f67920,Saving a recipe,2ba30e05-f5ad-4666-82d8-677904a0c82e,Apple News,265b7905-18b6-4f2f-9f7f-1174f0420c78,0,1,40a32cf3-4c54-4005-a6aa-0271ccdde557,true,downloadableSrc,200,image/webp,286680,286680,9adae2f464ea97d9ba156f1f642c2e136287c4775d418890c4dae369e3855742,1179,2676,,,bytescale.mobbin.com,f7a1807c1ac98ccf0eecf5078d61346ac9a94ca37a547f5708d580528c9e55c0,/Users/user/mobbin-sides/screen-flows/apple-news/041-apple-news-saving-a-recipe-1b9d36d2-ed83-4b40-b88a-ab6799f67920/001-40a32cf3-4c54-4005-a6aa-0271ccdde557-downloadableSrc-9adae2f464ea.webp
1b9d36d2-ed83-4b40-b88a-ab6799f67920,Saving a recipe,2ba30e05-f5ad-4666-82d8-677904a0c82e,Apple News,265b7905-18b6-4f2f-9f7f-1174f0420c78,1,2,938e7695-c9c2-47f2-9707-327836d14799,true,downloadableSrc,200,image/webp,298438,298438,2cc1139088e0b1d8b7628a369cb001dd9235ba38d572c49cc9b18e311e1768d7,1179,2676,,,bytescale.mobbin.com,f7a1807c1ac98ccf0eecf5078d61346ac9a94ca37a547f5708d580528c9e55c0,/Users/user/mobbin-sides/screen-flows/apple-news/041-apple-news-saving-a-recipe-1b9d36d2-ed83-4b40-b88a-ab6799f67920/002-938e7695-c9c2-47f2-9707-327836d14799-downloadableSrc-2cc1139088e0.webp
e97fce82-eb03-41cd-b491-29d07d316c92,Adding a recipe to grocery list,2ba30e05-f5ad-4666-82d8-677904a0c82e,Apple News,265b7905-18b6-4f2f-9f7f-1174f0420c78,0,1,40a32cf3-4c54-4005-a6aa-0271ccdde557,true,downloadableSrc,200,image/webp,286680,286680,9adae2f464ea97d9ba156f1f642c2e136287c4775d418890c4dae369e3855742,1179,2676,,,bytescale.mobbin.com,f7a1807c1ac98ccf0eecf5078d61346ac9a94ca37a547f5708d580528c9e55c0,/Users/user/mobbin-sides/screen-flows/apple-news/042-apple-news-adding-a-recipe-to-grocery-list-e97fce82-eb03-41cd-b491-29d07d316c92/001-40a32cf3-4c54-4005-a6aa-0271ccdde557-downloadableSrc-9adae2f464ea.webp
e97fce82-eb03-41cd-b491-29d07d316c92,Adding a recipe to grocery list,2ba30e05-f5ad-4666-82d8-677904a0c82e,Apple News,265b7905-18b6-4f2f-9f7f-1174f0420c78,1,2,c926cbac-819c-461e-86a6-dcbc51e66df5,true,downloadableSrc,200,image/webp,213400,213400,180ab661442372c9c39c5f4dd519352cc1403fd2c988f43507e71d7589d6e626,1179,2676,,,bytescale.mobbin.com,f7a1807c1ac98ccf0eecf5078d61346ac9a94ca37a547f5708d580528c9e55c0,/Users/user/mobbin-sides/screen-flows/apple-news/042-apple-news-adding-a-recipe-to-grocery-list-e97fce82-eb03-41cd-b491-29d07d316c92/002-c926cbac-819c-461e-86a6-dcbc51e66df5-downloadableSrc-180ab6614423.webp
e97fce82-eb03-41cd-b491-29d07d316c92,Adding a recipe to grocery list,2ba30e05-f5ad-4666-82d8-677904a0c82e,Apple News,265b7905-18b6-4f2f-9f7f-1174f0420c78,2,3,2ae6f5fd-032a-495c-8db4-10d168b56d16,true,downloadableSrc,200,image/webp,114768,114768,51ab3bcb5997c9fbdb8912143f5a095e0c1ae2bb74e2665ce4fdf3066e7aabbb,1179,2676,,,bytescale.mobbin.com,f7a1807c1ac98ccf0eecf5078d61346ac9a94ca37a547f5708d580528c9e55c0,/Users/user/mobbin-sides/screen-flows/apple-news/042-apple-news-adding-a-recipe-to-grocery-list-e97fce82-eb03-41cd-b491-29d07d316c92/003-2ae6f5fd-032a-495c-8db4-10d168b56d16-downloadableSrc-51ab3bcb5997.webp
e97fce82-eb03-41cd-b491-29d07d316c92,Adding a recipe to grocery list,2ba30e05-f5ad-4666-82d8-677904a0c82e,Apple News,265b7905-18b6-4f2f-9f7f-1174f0420c78,3,4,69ad7b51-9419-4b51-9f04-63abf035dd5d,true,downloadableSrc,200,image/webp,298588,298588,7abc0372932453fe91de8989e6810e267d651269d5ce4b48b4a52e81a10c8bb6,1179,2676,,,bytescale.mobbin.com,f7a1807c1ac98ccf0eecf5078d61346ac9a94ca37a547f5708d580528c9e55c0,/Users/user/mobbin-sides/screen-flows/apple-news/042-apple-news-adding-a-recipe-to-grocery-list-e97fce82-eb03-41cd-b491-29d07d316c92/004-69ad7b51-9419-4b51-9f04-63abf035dd5d-downloadableSrc-7abc03729324.webp
b0afa232-b603-4ebb-bdc7-aa221d47732a,Suggesting more recipes,2ba30e05-f5ad-4666-82d8-677904a0c82e,Apple News,265b7905-18b6-4f2f-9f7f-1174f0420c78,0,1,2dd732a1-d79a-42f8-90f9-6e7d28f170ea,true,downloadableSrc,200,image/webp,149786,149786,91e91f7a691333b511185c9fb741ca8d5efc531f96ebcbe1456db8b19f2b2e71,1179,2676,,,bytescale.mobbin.com,f7a1807c1ac98ccf0eecf5078d61346ac9a94ca37a547f5708d580528c9e55c0,/Users/user/mobbin-sides/screen-flows/apple-news/043-apple-news-suggesting-more-recipes-b0afa232-b603-4ebb-bdc7-aa221d47732a/001-2dd732a1-d79a-42f8-90f9-6e7d28f170ea-downloadableSrc-91e91f7a6913.webp
b0afa232-b603-4ebb-bdc7-aa221d47732a,Suggesting more recipes,2ba30e05-f5ad-4666-82d8-677904a0c82e,Apple News,265b7905-18b6-4f2f-9f7f-1174f0420c78,1,2,e726a186-00d2-49fd-a0bd-fe32b269ae97,true,downloadableSrc,200,image/webp,145880,145880,9b8428ab5c0096981f6d1fce2a7b6a32cd99c4806052ffce24499d3b45521862,1179,2676,,,bytescale.mobbin.com,f7a1807c1ac98ccf0eecf5078d61346ac9a94ca37a547f5708d580528c9e55c0,/Users/user/mobbin-sides/screen-flows/apple-news/043-apple-news-suggesting-more-recipes-b0afa232-b603-4ebb-bdc7-aa221d47732a/002-e726a186-00d2-49fd-a0bd-fe32b269ae97-downloadableSrc-9b8428ab5c00.webp
b0afa232-b603-4ebb-bdc7-aa221d47732a,Suggesting more recipes,2ba30e05-f5ad-4666-82d8-677904a0c82e,Apple News,265b7905-18b6-4f2f-9f7f-1174f0420c78,2,3,ff86a935-2518-4584-94ae-8dec5d028b2b,true,downloadableSrc,200,image/webp,142292,142292,aa6b00b5b9a3196affb0ed454a2dc4a933155890be9d68229b355c052f57b05f,1179,2676,,,bytescale.mobbin.com,f7a1807c1ac98ccf0eecf5078d61346ac9a94ca37a547f5708d580528c9e55c0,/Users/user/mobbin-sides/screen-flows/apple-news/043-apple-news-suggesting-more-recipes-b0afa232-b603-4ebb-bdc7-aa221d47732a/003-ff86a935-2518-4584-94ae-8dec5d028b2b-downloadableSrc-aa6b00b5b9a3.webp
61ee4235-3804-492b-a607-7bcf1d3feb07,Removing an issue,2ba30e05-f5ad-4666-82d8-677904a0c82e,Apple News,265b7905-18b6-4f2f-9f7f-1174f0420c78,0,1,626c6ad4-e74b-4210-9afe-39c764d3ea45,true,downloadableSrc,200,image/webp,255486,255486,735e644f5dfea3d5396fc8c74b4af90670d181f1701b102f82e15c17fc928a83,1179,2676,,,bytescale.mobbin.com,f7a1807c1ac98ccf0eecf5078d61346ac9a94ca37a547f5708d580528c9e55c0,/Users/user/mobbin-sides/screen-flows/apple-news/044-apple-news-removing-an-issue-61ee4235-3804-492b-a607-7bcf1d3feb07/001-626c6ad4-e74b-4210-9afe-39c764d3ea45-downloadableSrc-735e644f5dfe.webp
61ee4235-3804-492b-a607-7bcf1d3feb07,Removing an issue,2ba30e05-f5ad-4666-82d8-677904a0c82e,Apple News,265b7905-18b6-4f2f-9f7f-1174f0420c78,1,2,8ffbdf81-5933-459c-ae3d-b27ff85807a4,true,downloadableSrc,200,image/webp,200824,200824,2dc99ef5170e40d1eb7a98d63e2cd4dad0093972f5b18ef081b6645add64f87d,1179,2676,,,bytescale.mobbin.com,f7a1807c1ac98ccf0eecf5078d61346ac9a94ca37a547f5708d580528c9e55c0,/Users/user/mobbin-sides/screen-flows/apple-news/044-apple-news-removing-an-issue-61ee4235-3804-492b-a607-7bcf1d3feb07/002-8ffbdf81-5933-459c-ae3d-b27ff85807a4-downloadableSrc-2dc99ef5170e.webp
61ee4235-3804-492b-a607-7bcf1d3feb07,Removing an issue,2ba30e05-f5ad-4666-82d8-677904a0c82e,Apple News,265b7905-18b6-4f2f-9f7f-1174f0420c78,2,3,56ea2411-8849-4f59-b9fc-e53ecd7b704b,true,downloadableSrc,200,image/webp,142664,142664,92fec61a9814e06a95cc139f6269e28ee5e97855ed18efffb765320b2dbb3a1c,1179,2676,,,bytescale.mobbin.com,f7a1807c1ac98ccf0eecf5078d61346ac9a94ca37a547f5708d580528c9e55c0,/Users/user/mobbin-sides/screen-flows/apple-news/044-apple-news-removing-an-issue-61ee4235-3804-492b-a607-7bcf1d3feb07/003-56ea2411-8849-4f59-b9fc-e53ecd7b704b-downloadableSrc-92fec61a9814.webp
61ee4235-3804-492b-a607-7bcf1d3feb07,Removing an issue,2ba30e05-f5ad-4666-82d8-677904a0c82e,Apple News,265b7905-18b6-4f2f-9f7f-1174f0420c78,3,4,0fb77b7c-cbad-4cb3-81de-25425cc6915d,true,downloadableSrc,200,image/webp,175310,175310,110183e754910ef576199d8ef5d7478e317e1826c2bdcfc55863d8b5b7431b46,1179,2676,,,bytescale.mobbin.com,f7a1807c1ac98ccf0eecf5078d61346ac9a94ca37a547f5708d580528c9e55c0,/Users/user/mobbin-sides/screen-flows/apple-news/044-apple-news-removing-an-issue-61ee4235-3804-492b-a607-7bcf1d3feb07/004-0fb77b7c-cbad-4cb3-81de-25425cc6915d-downloadableSrc-110183e75491.webp
61ee4235-3804-492b-a607-7bcf1d3feb07,Removing an issue,2ba30e05-f5ad-4666-82d8-677904a0c82e,Apple News,265b7905-18b6-4f2f-9f7f-1174f0420c78,4,5,88697373-5557-4d91-9240-b6847960371d,true,downloadableSrc,200,image/webp,146894,146894,0d3494fed7bd262d3767d4bafeb6041bb7caab3d3d8c437ce66ccefd2cc20851,1179,2676,,,bytescale.mobbin.com,f7a1807c1ac98ccf0eecf5078d61346ac9a94ca37a547f5708d580528c9e55c0,/Users/user/mobbin-sides/screen-flows/apple-news/044-apple-news-removing-an-issue-61ee4235-3804-492b-a607-7bcf1d3feb07/005-88697373-5557-4d91-9240-b6847960371d-downloadableSrc-0d3494fed7bd.webp
61ee4235-3804-492b-a607-7bcf1d3feb07,Removing an issue,2ba30e05-f5ad-4666-82d8-677904a0c82e,Apple News,265b7905-18b6-4f2f-9f7f-1174f0420c78,5,6,8f71c072-171f-490d-821c-3452a3f6e827,true,downloadableSrc,200,image/webp,196828,196828,964715cb1637b4372ee635bebb616cfabbabc94ad41b661f644f286f245c7d79,1179,2676,,,bytescale.mobbin.com,f7a1807c1ac98ccf0eecf5078d61346ac9a94ca37a547f5708d580528c9e55c0,/Users/user/mobbin-sides/screen-flows/apple-news/044-apple-news-removing-an-issue-61ee4235-3804-492b-a607-7bcf1d3feb07/006-8f71c072-171f-490d-821c-3452a3f6e827-downloadableSrc-964715cb1637.webp
a252273e-245f-4471-ab5f-7a2533393a3b,Sorting issues,2ba30e05-f5ad-4666-82d8-677904a0c82e,Apple News,265b7905-18b6-4f2f-9f7f-1174f0420c78,0,1,8ffbdf81-5933-459c-ae3d-b27ff85807a4,true,downloadableSrc,200,image/webp,200824,200824,2dc99ef5170e40d1eb7a98d63e2cd4dad0093972f5b18ef081b6645add64f87d,1179,2676,,,bytescale.mobbin.com,f7a1807c1ac98ccf0eecf5078d61346ac9a94ca37a547f5708d580528c9e55c0,/Users/user/mobbin-sides/screen-flows/apple-news/045-apple-news-sorting-issues-a252273e-245f-4471-ab5f-7a2533393a3b/001-8ffbdf81-5933-459c-ae3d-b27ff85807a4-downloadableSrc-2dc99ef5170e.webp
a252273e-245f-4471-ab5f-7a2533393a3b,Sorting issues,2ba30e05-f5ad-4666-82d8-677904a0c82e,Apple News,265b7905-18b6-4f2f-9f7f-1174f0420c78,1,2,a585b655-5dfa-4135-9528-1806aa857c65,true,downloadableSrc,200,image/webp,207610,207610,2fd41614e2c23b0e5a3acc9f98ae27d1cf6d74f0bb5f0120e03331c6c2b7a020,1179,2676,,,bytescale.mobbin.com,f7a1807c1ac98ccf0eecf5078d61346ac9a94ca37a547f5708d580528c9e55c0,/Users/user/mobbin-sides/screen-flows/apple-news/045-apple-news-sorting-issues-a252273e-245f-4471-ab5f-7a2533393a3b/002-a585b655-5dfa-4135-9528-1806aa857c65-downloadableSrc-2fd41614e2c2.webp
a252273e-245f-4471-ab5f-7a2533393a3b,Sorting issues,2ba30e05-f5ad-4666-82d8-677904a0c82e,Apple News,265b7905-18b6-4f2f-9f7f-1174f0420c78,2,3,e56f4be3-0f78-474c-94c1-2996951e4497,true,downloadableSrc,200,image/webp,242454,242454,b6dcf1af9c1ee600649ef0d701311eb711bc73875e04897922c04934740975d5,1179,2676,,,bytescale.mobbin.com,f7a1807c1ac98ccf0eecf5078d61346ac9a94ca37a547f5708d580528c9e55c0,/Users/user/mobbin-sides/screen-flows/apple-news/045-apple-news-sorting-issues-a252273e-245f-4471-ab5f-7a2533393a3b/003-e56f4be3-0f78-474c-94c1-2996951e4497-downloadableSrc-b6dcf1af9c1e.webp
4b74b647-7bf6-491d-93c2-7b79abe237fc,Back catalog,2ba30e05-f5ad-4666-82d8-677904a0c82e,Apple News,265b7905-18b6-4f2f-9f7f-1174f0420c78,0,1,626c6ad4-e74b-4210-9afe-39c764d3ea45,true,downloadableSrc,200,image/webp,255486,255486,735e644f5dfea3d5396fc8c74b4af90670d181f1701b102f82e15c17fc928a83,1179,2676,,,bytescale.mobbin.com,f7a1807c1ac98ccf0eecf5078d61346ac9a94ca37a547f5708d580528c9e55c0,/Users/user/mobbin-sides/screen-flows/apple-news/046-apple-news-back-catalog-4b74b647-7bf6-491d-93c2-7b79abe237fc/001-626c6ad4-e74b-4210-9afe-39c764d3ea45-downloadableSrc-735e644f5dfe.webp
4b74b647-7bf6-491d-93c2-7b79abe237fc,Back catalog,2ba30e05-f5ad-4666-82d8-677904a0c82e,Apple News,265b7905-18b6-4f2f-9f7f-1174f0420c78,1,2,1e4cf937-1537-4ec7-9d70-3a696fb5d798,true,downloadableSrc,200,image/webp,201072,201072,94bc9bb7102a65cfe4d2f44eb7bf6c35cd36e307a11bae14bbfd2c26962709e0,1179,2676,,,bytescale.mobbin.com,f7a1807c1ac98ccf0eecf5078d61346ac9a94ca37a547f5708d580528c9e55c0,/Users/user/mobbin-sides/screen-flows/apple-news/046-apple-news-back-catalog-4b74b647-7bf6-491d-93c2-7b79abe237fc/002-1e4cf937-1537-4ec7-9d70-3a696fb5d798-downloadableSrc-94bc9bb7102a.webp
4b74b647-7bf6-491d-93c2-7b79abe237fc,Back catalog,2ba30e05-f5ad-4666-82d8-677904a0c82e,Apple News,265b7905-18b6-4f2f-9f7f-1174f0420c78,2,3,284d72d1-5a9e-4961-84b2-2e6d70a2e0ff,true,downloadableSrc,200,image/webp,232846,232846,30287b91fd6de1c627b33f090df7bb657fa34f52d192f2c10c1fa9f6c60fcab9,1179,2676,,,bytescale.mobbin.com,f7a1807c1ac98ccf0eecf5078d61346ac9a94ca37a547f5708d580528c9e55c0,/Users/user/mobbin-sides/screen-flows/apple-news/046-apple-news-back-catalog-4b74b647-7bf6-491d-93c2-7b79abe237fc/003-284d72d1-5a9e-4961-84b2-2e6d70a2e0ff-downloadableSrc-30287b91fd6d.webp
2be41b6c-1fa6-4d2e-8234-f7d032f75681,Audio,2ba30e05-f5ad-4666-82d8-677904a0c82e,Apple News,265b7905-18b6-4f2f-9f7f-1174f0420c78,0,1,4fc6cc82-4e3e-4924-aa2b-7477a1a96a39,true,downloadableSrc,200,image/webp,246298,246298,64dfcb783d7c43b2cebf610b4f1bc3864db49edca50295133e3d986415cfa0d3,1179,2676,,,bytescale.mobbin.com,f7a1807c1ac98ccf0eecf5078d61346ac9a94ca37a547f5708d580528c9e55c0,/Users/user/mobbin-sides/screen-flows/apple-news/047-apple-news-audio-2be41b6c-1fa6-4d2e-8234-f7d032f75681/001-4fc6cc82-4e3e-4924-aa2b-7477a1a96a39-downloadableSrc-64dfcb783d7c.webp
2be41b6c-1fa6-4d2e-8234-f7d032f75681,Audio,2ba30e05-f5ad-4666-82d8-677904a0c82e,Apple News,265b7905-18b6-4f2f-9f7f-1174f0420c78,1,2,2b1c4eac-2384-483e-810c-8d2c71065ee5,true,downloadableSrc,200,image/webp,365730,365730,06ac1942ec3ce83645dfdb8f6f0dd5226ffee1dc49a7cbeb0f47422524578227,1179,2676,,,bytescale.mobbin.com,f7a1807c1ac98ccf0eecf5078d61346ac9a94ca37a547f5708d580528c9e55c0,/Users/user/mobbin-sides/screen-flows/apple-news/047-apple-news-audio-2be41b6c-1fa6-4d2e-8234-f7d032f75681/002-2b1c4eac-2384-483e-810c-8d2c71065ee5-downloadableSrc-06ac1942ec3c.webp
2be41b6c-1fa6-4d2e-8234-f7d032f75681,Audio,2ba30e05-f5ad-4666-82d8-677904a0c82e,Apple News,265b7905-18b6-4f2f-9f7f-1174f0420c78,2,3,fb28151e-c98d-4d94-821c-56bb13573e9e,true,downloadableSrc,200,image/webp,335438,335438,5a9aacbe548d1cd01c26bd17bddfe715d54aef13ccd792e356a9caf5b6de4c2d,1179,2676,,,bytescale.mobbin.com,f7a1807c1ac98ccf0eecf5078d61346ac9a94ca37a547f5708d580528c9e55c0,/Users/user/mobbin-sides/screen-flows/apple-news/047-apple-news-audio-2be41b6c-1fa6-4d2e-8234-f7d032f75681/003-fb28151e-c98d-4d94-821c-56bb13573e9e-downloadableSrc-5a9aacbe548d.webp
2be41b6c-1fa6-4d2e-8234-f7d032f75681,Audio,2ba30e05-f5ad-4666-82d8-677904a0c82e,Apple News,265b7905-18b6-4f2f-9f7f-1174f0420c78,3,4,d0347626-4b71-4e7d-ae82-9674bb688021,true,downloadableSrc,200,image/webp,209602,209602,0192f97543cfc5219c118959a2e91be38f8357db53d82a7a24b2b634789c3453,1179,2676,,,bytescale.mobbin.com,f7a1807c1ac98ccf0eecf5078d61346ac9a94ca37a547f5708d580528c9e55c0,/Users/user/mobbin-sides/screen-flows/apple-news/047-apple-news-audio-2be41b6c-1fa6-4d2e-8234-f7d032f75681/004-d0347626-4b71-4e7d-ae82-9674bb688021-downloadableSrc-0192f97543cf.webp
2be41b6c-1fa6-4d2e-8234-f7d032f75681,Audio,2ba30e05-f5ad-4666-82d8-677904a0c82e,Apple News,265b7905-18b6-4f2f-9f7f-1174f0420c78,4,5,3a14139e-d8d3-40ce-a802-21d15d282aea,true,downloadableSrc,200,image/webp,157462,157462,17a58a67604f3a9b3eeeab969b110f0a11368c3ef8a12cb57d93beed4a82ecda,1179,2676,,,bytescale.mobbin.com,f7a1807c1ac98ccf0eecf5078d61346ac9a94ca37a547f5708d580528c9e55c0,/Users/user/mobbin-sides/screen-flows/apple-news/047-apple-news-audio-2be41b6c-1fa6-4d2e-8234-f7d032f75681/005-3a14139e-d8d3-40ce-a802-21d15d282aea-downloadableSrc-17a58a67604f.webp
0e938c20-306c-4a02-b90f-5eed96607572,Listening to audio,2ba30e05-f5ad-4666-82d8-677904a0c82e,Apple News,265b7905-18b6-4f2f-9f7f-1174f0420c78,0,1,2b1c4eac-2384-483e-810c-8d2c71065ee5,true,downloadableSrc,200,image/webp,365730,365730,06ac1942ec3ce83645dfdb8f6f0dd5226ffee1dc49a7cbeb0f47422524578227,1179,2676,,,bytescale.mobbin.com,f7a1807c1ac98ccf0eecf5078d61346ac9a94ca37a547f5708d580528c9e55c0,/Users/user/mobbin-sides/screen-flows/apple-news/048-apple-news-listening-to-audio-0e938c20-306c-4a02-b90f-5eed96607572/001-2b1c4eac-2384-483e-810c-8d2c71065ee5-downloadableSrc-06ac1942ec3c.webp
0e938c20-306c-4a02-b90f-5eed96607572,Listening to audio,2ba30e05-f5ad-4666-82d8-677904a0c82e,Apple News,265b7905-18b6-4f2f-9f7f-1174f0420c78,1,2,69de5406-ff2a-451f-b155-4f33490bb60a,true,downloadableSrc,200,image/webp,330976,330976,9bee9cf13d79d155e92c6125ac15ad0e294ebc7e269bf56f179852dfd82b4127,1180,2676,,,bytescale.mobbin.com,f7a1807c1ac98ccf0eecf5078d61346ac9a94ca37a547f5708d580528c9e55c0,/Users/user/mobbin-sides/screen-flows/apple-news/048-apple-news-listening-to-audio-0e938c20-306c-4a02-b90f-5eed96607572/002-69de5406-ff2a-451f-b155-4f33490bb60a-downloadableSrc-9bee9cf13d79.webp
0e938c20-306c-4a02-b90f-5eed96607572,Listening to audio,2ba30e05-f5ad-4666-82d8-677904a0c82e,Apple News,265b7905-18b6-4f2f-9f7f-1174f0420c78,2,3,7a593acc-4089-4ad6-8897-c0386cf587f0,true,downloadableSrc,200,image/webp,392702,392702,16d8cc34d5cf44cc47ecb4859fe2f4b7d060e2919bbb6d30b94a091737ca3bd4,1179,2676,,,bytescale.mobbin.com,f7a1807c1ac98ccf0eecf5078d61346ac9a94ca37a547f5708d580528c9e55c0,/Users/user/mobbin-sides/screen-flows/apple-news/048-apple-news-listening-to-audio-0e938c20-306c-4a02-b90f-5eed96607572/003-7a593acc-4089-4ad6-8897-c0386cf587f0-downloadableSrc-16d8cc34d5cf.webp
3b8be975-0220-473f-aea5-cff167a39ef3,Reading a story,2ba30e05-f5ad-4666-82d8-677904a0c82e,Apple News,265b7905-18b6-4f2f-9f7f-1174f0420c78,0,1,7a593acc-4089-4ad6-8897-c0386cf587f0,true,downloadableSrc,200,image/webp,392702,392702,16d8cc34d5cf44cc47ecb4859fe2f4b7d060e2919bbb6d30b94a091737ca3bd4,1179,2676,,,bytescale.mobbin.com,f7a1807c1ac98ccf0eecf5078d61346ac9a94ca37a547f5708d580528c9e55c0,/Users/user/mobbin-sides/screen-flows/apple-news/049-apple-news-reading-a-story-3b8be975-0220-473f-aea5-cff167a39ef3/001-7a593acc-4089-4ad6-8897-c0386cf587f0-downloadableSrc-16d8cc34d5cf.webp
3b8be975-0220-473f-aea5-cff167a39ef3,Reading a story,2ba30e05-f5ad-4666-82d8-677904a0c82e,Apple News,265b7905-18b6-4f2f-9f7f-1174f0420c78,1,2,374ba2f3-9a9a-47dc-8883-d13f0d09718e,true,downloadableSrc,200,image/webp,302302,302302,19080d84a4ea75febb43b411b372b7d59e8cab7b52aa24abab31800acbdc37eb,1179,2676,,,bytescale.mobbin.com,f7a1807c1ac98ccf0eecf5078d61346ac9a94ca37a547f5708d580528c9e55c0,/Users/user/mobbin-sides/screen-flows/apple-news/049-apple-news-reading-a-story-3b8be975-0220-473f-aea5-cff167a39ef3/002-374ba2f3-9a9a-47dc-8883-d13f0d09718e-downloadableSrc-19080d84a4ea.webp
3b8be975-0220-473f-aea5-cff167a39ef3,Reading a story,2ba30e05-f5ad-4666-82d8-677904a0c82e,Apple News,265b7905-18b6-4f2f-9f7f-1174f0420c78,2,3,45fa86e0-fc2d-499d-9cc5-875ac437bf7a,true,downloadableSrc,200,image/webp,399948,399948,196be633fe6a0ccc0a035ffc533837670f9f911d8d53e0696da26088abbdc924,1179,2676,,,bytescale.mobbin.com,f7a1807c1ac98ccf0eecf5078d61346ac9a94ca37a547f5708d580528c9e55c0,/Users/user/mobbin-sides/screen-flows/apple-news/049-apple-news-reading-a-story-3b8be975-0220-473f-aea5-cff167a39ef3/003-45fa86e0-fc2d-499d-9cc5-875ac437bf7a-downloadableSrc-196be633fe6a.webp
3b8be975-0220-473f-aea5-cff167a39ef3,Reading a story,2ba30e05-f5ad-4666-82d8-677904a0c82e,Apple News,265b7905-18b6-4f2f-9f7f-1174f0420c78,3,4,14367cf2-0207-4081-ab5b-e7feacbc11bc,true,downloadableSrc,200,image/webp,159780,159780,5299991e1e3d6def0776067435bc91e10104d1186f881bc0175ba9bff47caecb,1179,2676,,,bytescale.mobbin.com,f7a1807c1ac98ccf0eecf5078d61346ac9a94ca37a547f5708d580528c9e55c0,/Users/user/mobbin-sides/screen-flows/apple-news/049-apple-news-reading-a-story-3b8be975-0220-473f-aea5-cff167a39ef3/004-14367cf2-0207-4081-ab5b-e7feacbc11bc-downloadableSrc-5299991e1e3d.webp
3b8be975-0220-473f-aea5-cff167a39ef3,Reading a story,2ba30e05-f5ad-4666-82d8-677904a0c82e,Apple News,265b7905-18b6-4f2f-9f7f-1174f0420c78,4,5,4d2c5e6f-aae0-47b0-a45f-17f1f9f54c57,true,downloadableSrc,200,image/webp,122086,122086,efab407904d488900d4e6bc33e62ac831bace9f1f86d8ded74706b202584041e,1179,2676,,,bytescale.mobbin.com,f7a1807c1ac98ccf0eecf5078d61346ac9a94ca37a547f5708d580528c9e55c0,/Users/user/mobbin-sides/screen-flows/apple-news/049-apple-news-reading-a-story-3b8be975-0220-473f-aea5-cff167a39ef3/005-4d2c5e6f-aae0-47b0-a45f-17f1f9f54c57-downloadableSrc-efab407904d4.webp
529ca1df-9ea5-4018-9d76-3e9d7164a99e,Changing sound output,2ba30e05-f5ad-4666-82d8-677904a0c82e,Apple News,265b7905-18b6-4f2f-9f7f-1174f0420c78,0,1,7a593acc-4089-4ad6-8897-c0386cf587f0,true,downloadableSrc,200,image/webp,392702,392702,16d8cc34d5cf44cc47ecb4859fe2f4b7d060e2919bbb6d30b94a091737ca3bd4,1179,2676,,,bytescale.mobbin.com,f7a1807c1ac98ccf0eecf5078d61346ac9a94ca37a547f5708d580528c9e55c0,/Users/user/mobbin-sides/screen-flows/apple-news/050-apple-news-changing-sound-output-529ca1df-9ea5-4018-9d76-3e9d7164a99e/001-7a593acc-4089-4ad6-8897-c0386cf587f0-downloadableSrc-16d8cc34d5cf.webp
529ca1df-9ea5-4018-9d76-3e9d7164a99e,Changing sound output,2ba30e05-f5ad-4666-82d8-677904a0c82e,Apple News,265b7905-18b6-4f2f-9f7f-1174f0420c78,1,2,3b5b16f0-00ee-46e1-bf42-e18c9e5c7acc,true,downloadableSrc,200,image/webp,381388,381388,a97b205b28f627c92145a12acd11b0b2c6c62087f91d623eb26622bb3f75d4d6,1179,2676,,,bytescale.mobbin.com,f7a1807c1ac98ccf0eecf5078d61346ac9a94ca37a547f5708d580528c9e55c0,/Users/user/mobbin-sides/screen-flows/apple-news/050-apple-news-changing-sound-output-529ca1df-9ea5-4018-9d76-3e9d7164a99e/002-3b5b16f0-00ee-46e1-bf42-e18c9e5c7acc-downloadableSrc-a97b205b28f6.webp
529ca1df-9ea5-4018-9d76-3e9d7164a99e,Changing sound output,2ba30e05-f5ad-4666-82d8-677904a0c82e,Apple News,265b7905-18b6-4f2f-9f7f-1174f0420c78,2,3,ac092ec4-283f-4738-bd16-9529b4c3f86a,true,downloadableSrc,200,image/webp,382422,382422,e7013fcf54b1728c0170da423394fab26a5e25b645e28aea4e349510c2f00ed0,1179,2676,,,bytescale.mobbin.com,f7a1807c1ac98ccf0eecf5078d61346ac9a94ca37a547f5708d580528c9e55c0,/Users/user/mobbin-sides/screen-flows/apple-news/050-apple-news-changing-sound-output-529ca1df-9ea5-4018-9d76-3e9d7164a99e/003-ac092ec4-283f-4738-bd16-9529b4c3f86a-downloadableSrc-e7013fcf54b1.webp
96bcc092-983d-4efc-8171-f13802764c1e,Pausing audio,2ba30e05-f5ad-4666-82d8-677904a0c82e,Apple News,265b7905-18b6-4f2f-9f7f-1174f0420c78,0,1,69de5406-ff2a-451f-b155-4f33490bb60a,true,downloadableSrc,200,image/webp,330976,330976,9bee9cf13d79d155e92c6125ac15ad0e294ebc7e269bf56f179852dfd82b4127,1180,2676,,,bytescale.mobbin.com,f7a1807c1ac98ccf0eecf5078d61346ac9a94ca37a547f5708d580528c9e55c0,/Users/user/mobbin-sides/screen-flows/apple-news/051-apple-news-pausing-audio-96bcc092-983d-4efc-8171-f13802764c1e/001-69de5406-ff2a-451f-b155-4f33490bb60a-downloadableSrc-9bee9cf13d79.webp
96bcc092-983d-4efc-8171-f13802764c1e,Pausing audio,2ba30e05-f5ad-4666-82d8-677904a0c82e,Apple News,265b7905-18b6-4f2f-9f7f-1174f0420c78,1,2,48e50ab2-a9f5-497b-b833-be70f830399e,true,downloadableSrc,200,image/webp,366478,366478,672078d11453d79d30d45f0571f38165922df8bd796aa27f3fa2457156f52d59,1179,2676,,,bytescale.mobbin.com,f7a1807c1ac98ccf0eecf5078d61346ac9a94ca37a547f5708d580528c9e55c0,/Users/user/mobbin-sides/screen-flows/apple-news/051-apple-news-pausing-audio-96bcc092-983d-4efc-8171-f13802764c1e/002-48e50ab2-a9f5-497b-b833-be70f830399e-downloadableSrc-672078d11453.webp
ec07a0fd-cadb-4aee-94e3-fd0a1cff0878,Up next,2ba30e05-f5ad-4666-82d8-677904a0c82e,Apple News,265b7905-18b6-4f2f-9f7f-1174f0420c78,0,1,2b1c4eac-2384-483e-810c-8d2c71065ee5,true,downloadableSrc,200,image/webp,365730,365730,06ac1942ec3ce83645dfdb8f6f0dd5226ffee1dc49a7cbeb0f47422524578227,1179,2676,,,bytescale.mobbin.com,f7a1807c1ac98ccf0eecf5078d61346ac9a94ca37a547f5708d580528c9e55c0,/Users/user/mobbin-sides/screen-flows/apple-news/052-apple-news-up-next-ec07a0fd-cadb-4aee-94e3-fd0a1cff0878/001-2b1c4eac-2384-483e-810c-8d2c71065ee5-downloadableSrc-06ac1942ec3c.webp
ec07a0fd-cadb-4aee-94e3-fd0a1cff0878,Up next,2ba30e05-f5ad-4666-82d8-677904a0c82e,Apple News,265b7905-18b6-4f2f-9f7f-1174f0420c78,1,2,856056a2-3d2d-43ad-8143-2b81bff9786a,true,downloadableSrc,200,image/webp,113182,113182,b7f2ab40b7b7b34f90cf317a04f7774ca7cd4b5c116b4acc51643c5662cfcae1,1179,2676,,,bytescale.mobbin.com,f7a1807c1ac98ccf0eecf5078d61346ac9a94ca37a547f5708d580528c9e55c0,/Users/user/mobbin-sides/screen-flows/apple-news/052-apple-news-up-next-ec07a0fd-cadb-4aee-94e3-fd0a1cff0878/002-856056a2-3d2d-43ad-8143-2b81bff9786a-downloadableSrc-b7f2ab40b7b7.webp
5d866078-a390-42c1-9ea5-268a6df9231b,Deleting audio,2ba30e05-f5ad-4666-82d8-677904a0c82e,Apple News,265b7905-18b6-4f2f-9f7f-1174f0420c78,0,1,856056a2-3d2d-43ad-8143-2b81bff9786a,true,downloadableSrc,200,image/webp,113182,113182,b7f2ab40b7b7b34f90cf317a04f7774ca7cd4b5c116b4acc51643c5662cfcae1,1179,2676,,,bytescale.mobbin.com,f7a1807c1ac98ccf0eecf5078d61346ac9a94ca37a547f5708d580528c9e55c0,/Users/user/mobbin-sides/screen-flows/apple-news/053-apple-news-deleting-audio-5d866078-a390-42c1-9ea5-268a6df9231b/001-856056a2-3d2d-43ad-8143-2b81bff9786a-downloadableSrc-b7f2ab40b7b7.webp
5d866078-a390-42c1-9ea5-268a6df9231b,Deleting audio,2ba30e05-f5ad-4666-82d8-677904a0c82e,Apple News,265b7905-18b6-4f2f-9f7f-1174f0420c78,1,2,85a0b5ee-a990-4cb2-9254-bcea23adce15,true,downloadableSrc,200,image/webp,82780,82780,fd56a425dff9e0b653e0a5f66b5a1c4a175677c0d4f3f2f521d65b02767f510d,1179,2676,,,bytescale.mobbin.com,f7a1807c1ac98ccf0eecf5078d61346ac9a94ca37a547f5708d580528c9e55c0,/Users/user/mobbin-sides/screen-flows/apple-news/053-apple-news-deleting-audio-5d866078-a390-42c1-9ea5-268a6df9231b/002-85a0b5ee-a990-4cb2-9254-bcea23adce15-downloadableSrc-fd56a425dff9.webp
5d866078-a390-42c1-9ea5-268a6df9231b,Deleting audio,2ba30e05-f5ad-4666-82d8-677904a0c82e,Apple News,265b7905-18b6-4f2f-9f7f-1174f0420c78,2,3,9527031c-9080-4a2e-be92-4a506025e70b,true,downloadableSrc,200,image/webp,65156,65156,d1b2705353b81b35b402f72cf80af600708d1ec32daed8f7466a6c742fd72be3,1179,2676,,,bytescale.mobbin.com,f7a1807c1ac98ccf0eecf5078d61346ac9a94ca37a547f5708d580528c9e55c0,/Users/user/mobbin-sides/screen-flows/apple-news/053-apple-news-deleting-audio-5d866078-a390-42c1-9ea5-268a6df9231b/003-9527031c-9080-4a2e-be92-4a506025e70b-downloadableSrc-d1b2705353b8.webp
4af4d737-6dd0-4740-b9ce-a21334851506,Following,2ba30e05-f5ad-4666-82d8-677904a0c82e,Apple News,265b7905-18b6-4f2f-9f7f-1174f0420c78,0,1,4fc6cc82-4e3e-4924-aa2b-7477a1a96a39,true,downloadableSrc,200,image/webp,246298,246298,64dfcb783d7c43b2cebf610b4f1bc3864db49edca50295133e3d986415cfa0d3,1179,2676,,,bytescale.mobbin.com,f7a1807c1ac98ccf0eecf5078d61346ac9a94ca37a547f5708d580528c9e55c0,/Users/user/mobbin-sides/screen-flows/apple-news/054-apple-news-following-4af4d737-6dd0-4740-b9ce-a21334851506/001-4fc6cc82-4e3e-4924-aa2b-7477a1a96a39-downloadableSrc-64dfcb783d7c.webp
4af4d737-6dd0-4740-b9ce-a21334851506,Following,2ba30e05-f5ad-4666-82d8-677904a0c82e,Apple News,265b7905-18b6-4f2f-9f7f-1174f0420c78,1,2,556c24d2-7c56-4b30-8d04-9dc925da024b,true,downloadableSrc,200,image/webp,62560,62560,a746851e3e1219231ee23f5660c8ccb01b904db816980178aff99f2d3a380332,1179,2676,,,bytescale.mobbin.com,f7a1807c1ac98ccf0eecf5078d61346ac9a94ca37a547f5708d580528c9e55c0,/Users/user/mobbin-sides/screen-flows/apple-news/054-apple-news-following-4af4d737-6dd0-4740-b9ce-a21334851506/002-556c24d2-7c56-4b30-8d04-9dc925da024b-downloadableSrc-a746851e3e12.webp
4af4d737-6dd0-4740-b9ce-a21334851506,Following,2ba30e05-f5ad-4666-82d8-677904a0c82e,Apple News,265b7905-18b6-4f2f-9f7f-1174f0420c78,2,3,30eff3c7-70b0-41c2-aea8-187a37bd9e1a,true,downloadableSrc,200,image/webp,81328,81328,377ce9bf63a1b3f19e9aa51392c477f07c508de758a7d1b17e2e723595ae4ec1,1179,2676,,,bytescale.mobbin.com,f7a1807c1ac98ccf0eecf5078d61346ac9a94ca37a547f5708d580528c9e55c0,/Users/user/mobbin-sides/screen-flows/apple-news/054-apple-news-following-4af4d737-6dd0-4740-b9ce-a21334851506/003-30eff3c7-70b0-41c2-aea8-187a37bd9e1a-downloadableSrc-377ce9bf63a1.webp
4af4d737-6dd0-4740-b9ce-a21334851506,Following,2ba30e05-f5ad-4666-82d8-677904a0c82e,Apple News,265b7905-18b6-4f2f-9f7f-1174f0420c78,3,4,645b1489-2045-46a6-9c9e-d1cad6c9a7e6,true,downloadableSrc,200,image/webp,71922,71922,b872946347b43ca735a8bd7d19ba833ddb134677c5aa7d2988b244fbc4c801a7,1179,2676,,,bytescale.mobbin.com,f7a1807c1ac98ccf0eecf5078d61346ac9a94ca37a547f5708d580528c9e55c0,/Users/user/mobbin-sides/screen-flows/apple-news/054-apple-news-following-4af4d737-6dd0-4740-b9ce-a21334851506/004-645b1489-2045-46a6-9c9e-d1cad6c9a7e6-downloadableSrc-b872946347b4.webp
b94e2b5c-211d-44f8-964e-b9f1885b4bb4,Saved recipes,2ba30e05-f5ad-4666-82d8-677904a0c82e,Apple News,265b7905-18b6-4f2f-9f7f-1174f0420c78,0,1,556c24d2-7c56-4b30-8d04-9dc925da024b,true,downloadableSrc,200,image/webp,62560,62560,a746851e3e1219231ee23f5660c8ccb01b904db816980178aff99f2d3a380332,1179,2676,,,bytescale.mobbin.com,f7a1807c1ac98ccf0eecf5078d61346ac9a94ca37a547f5708d580528c9e55c0,/Users/user/mobbin-sides/screen-flows/apple-news/055-apple-news-saved-recipes-b94e2b5c-211d-44f8-964e-b9f1885b4bb4/001-556c24d2-7c56-4b30-8d04-9dc925da024b-downloadableSrc-a746851e3e12.webp
b94e2b5c-211d-44f8-964e-b9f1885b4bb4,Saved recipes,2ba30e05-f5ad-4666-82d8-677904a0c82e,Apple News,265b7905-18b6-4f2f-9f7f-1174f0420c78,1,2,5b5e4939-74cb-4024-a6cb-b73b6c1f61c8,true,downloadableSrc,200,image/webp,37578,37578,84627fa4450c6b39de50e1a345e21014f5543ba6bb55a9fdc0a9f769062d5e02,1179,2676,,,bytescale.mobbin.com,f7a1807c1ac98ccf0eecf5078d61346ac9a94ca37a547f5708d580528c9e55c0,/Users/user/mobbin-sides/screen-flows/apple-news/055-apple-news-saved-recipes-b94e2b5c-211d-44f8-964e-b9f1885b4bb4/002-5b5e4939-74cb-4024-a6cb-b73b6c1f61c8-downloadableSrc-84627fa4450c.webp
b94e2b5c-211d-44f8-964e-b9f1885b4bb4,Saved recipes,2ba30e05-f5ad-4666-82d8-677904a0c82e,Apple News,265b7905-18b6-4f2f-9f7f-1174f0420c78,2,3,3fce6164-5588-467c-aa63-ace1e95086c4,true,downloadableSrc,200,image/webp,109404,109404,afe851f6a4394a1660af8027b9e248a59ef0f3f44dba75d6ba1fa52859ce9140,1179,2676,,,bytescale.mobbin.com,f7a1807c1ac98ccf0eecf5078d61346ac9a94ca37a547f5708d580528c9e55c0,/Users/user/mobbin-sides/screen-flows/apple-news/055-apple-news-saved-recipes-b94e2b5c-211d-44f8-964e-b9f1885b4bb4/003-3fce6164-5588-467c-aa63-ace1e95086c4-downloadableSrc-afe851f6a439.webp
69c9986d-cbc5-4e6b-8300-518bca33b5b0,Searching a recipe,2ba30e05-f5ad-4666-82d8-677904a0c82e,Apple News,265b7905-18b6-4f2f-9f7f-1174f0420c78,0,1,3fce6164-5588-467c-aa63-ace1e95086c4,true,downloadableSrc,200,image/webp,109404,109404,afe851f6a4394a1660af8027b9e248a59ef0f3f44dba75d6ba1fa52859ce9140,1179,2676,,,bytescale.mobbin.com,f7a1807c1ac98ccf0eecf5078d61346ac9a94ca37a547f5708d580528c9e55c0,/Users/user/mobbin-sides/screen-flows/apple-news/056-apple-news-searching-a-recipe-69c9986d-cbc5-4e6b-8300-518bca33b5b0/001-3fce6164-5588-467c-aa63-ace1e95086c4-downloadableSrc-afe851f6a439.webp
69c9986d-cbc5-4e6b-8300-518bca33b5b0,Searching a recipe,2ba30e05-f5ad-4666-82d8-677904a0c82e,Apple News,265b7905-18b6-4f2f-9f7f-1174f0420c78,1,2,e52710e6-870d-4c68-a816-b162a04e5ee4,true,downloadableSrc,200,image/webp,76964,76964,4d4ea105e9f0cc93d6223a43c7454def9bfc77bda4f166caf080ecd4cc087c5e,1179,2676,,,bytescale.mobbin.com,f7a1807c1ac98ccf0eecf5078d61346ac9a94ca37a547f5708d580528c9e55c0,/Users/user/mobbin-sides/screen-flows/apple-news/056-apple-news-searching-a-recipe-69c9986d-cbc5-4e6b-8300-518bca33b5b0/002-e52710e6-870d-4c68-a816-b162a04e5ee4-downloadableSrc-4d4ea105e9f0.webp
9100e280-96f5-45ad-91d6-179ef9803a31,Filtering recipes,2ba30e05-f5ad-4666-82d8-677904a0c82e,Apple News,265b7905-18b6-4f2f-9f7f-1174f0420c78,0,1,3fce6164-5588-467c-aa63-ace1e95086c4,true,downloadableSrc,200,image/webp,109404,109404,afe851f6a4394a1660af8027b9e248a59ef0f3f44dba75d6ba1fa52859ce9140,1179,2676,,,bytescale.mobbin.com,f7a1807c1ac98ccf0eecf5078d61346ac9a94ca37a547f5708d580528c9e55c0,/Users/user/mobbin-sides/screen-flows/apple-news/057-apple-news-filtering-recipes-9100e280-96f5-45ad-91d6-179ef9803a31/001-3fce6164-5588-467c-aa63-ace1e95086c4-downloadableSrc-afe851f6a439.webp
9100e280-96f5-45ad-91d6-179ef9803a31,Filtering recipes,2ba30e05-f5ad-4666-82d8-677904a0c82e,Apple News,265b7905-18b6-4f2f-9f7f-1174f0420c78,1,2,0f1eddb3-beed-41d6-ab1f-539b7bbeeca5,true,downloadableSrc,200,image/webp,63046,63046,9400bc625b3c9600639c89b9d400d7142822ba2ad2ed7d5112f708713748bc7a,1179,2676,,,bytescale.mobbin.com,f7a1807c1ac98ccf0eecf5078d61346ac9a94ca37a547f5708d580528c9e55c0,/Users/user/mobbin-sides/screen-flows/apple-news/057-apple-news-filtering-recipes-9100e280-96f5-45ad-91d6-179ef9803a31/002-0f1eddb3-beed-41d6-ab1f-539b7bbeeca5-downloadableSrc-9400bc625b3c.webp
9100e280-96f5-45ad-91d6-179ef9803a31,Filtering recipes,2ba30e05-f5ad-4666-82d8-677904a0c82e,Apple News,265b7905-18b6-4f2f-9f7f-1174f0420c78,2,3,3508b5f3-17df-47ca-80bb-e2edfa06fe08,true,downloadableSrc,200,image/webp,66652,66652,d424eecb0968b5dc577d29626d3415f1e680c19fe84b33a8d46752a0551f51fb,1179,2676,,,bytescale.mobbin.com,f7a1807c1ac98ccf0eecf5078d61346ac9a94ca37a547f5708d580528c9e55c0,/Users/user/mobbin-sides/screen-flows/apple-news/057-apple-news-filtering-recipes-9100e280-96f5-45ad-91d6-179ef9803a31/003-3508b5f3-17df-47ca-80bb-e2edfa06fe08-downloadableSrc-d424eecb0968.webp
9100e280-96f5-45ad-91d6-179ef9803a31,Filtering recipes,2ba30e05-f5ad-4666-82d8-677904a0c82e,Apple News,265b7905-18b6-4f2f-9f7f-1174f0420c78,3,4,722c9b45-6f30-461a-a232-c852d16bbdf9,true,downloadableSrc,200,image/webp,67158,67158,c33e3eb6b0d643bb1dab2d3d95ab7d8ba25d0c3a47424fb49dee4bc0b9f08199,1179,2676,,,bytescale.mobbin.com,f7a1807c1ac98ccf0eecf5078d61346ac9a94ca37a547f5708d580528c9e55c0,/Users/user/mobbin-sides/screen-flows/apple-news/057-apple-news-filtering-recipes-9100e280-96f5-45ad-91d6-179ef9803a31/004-722c9b45-6f30-461a-a232-c852d16bbdf9-downloadableSrc-c33e3eb6b0d6.webp
9100e280-96f5-45ad-91d6-179ef9803a31,Filtering recipes,2ba30e05-f5ad-4666-82d8-677904a0c82e,Apple News,265b7905-18b6-4f2f-9f7f-1174f0420c78,4,5,b1a3a5d3-6fbf-4be7-8455-70f4f0ba7919,true,downloadableSrc,200,image/webp,81532,81532,bb7bcdf798faac0b718bc76b834a75342c1a65a4481fc8ba0836d39e4f8f004d,1179,2676,,,bytescale.mobbin.com,f7a1807c1ac98ccf0eecf5078d61346ac9a94ca37a547f5708d580528c9e55c0,/Users/user/mobbin-sides/screen-flows/apple-news/057-apple-news-filtering-recipes-9100e280-96f5-45ad-91d6-179ef9803a31/005-b1a3a5d3-6fbf-4be7-8455-70f4f0ba7919-downloadableSrc-bb7bcdf798fa.webp
a735f7b7-8c5f-4425-a111-846a21c9120c,Saved stories,2ba30e05-f5ad-4666-82d8-677904a0c82e,Apple News,265b7905-18b6-4f2f-9f7f-1174f0420c78,0,1,556c24d2-7c56-4b30-8d04-9dc925da024b,true,downloadableSrc,200,image/webp,62560,62560,a746851e3e1219231ee23f5660c8ccb01b904db816980178aff99f2d3a380332,1179,2676,,,bytescale.mobbin.com,f7a1807c1ac98ccf0eecf5078d61346ac9a94ca37a547f5708d580528c9e55c0,/Users/user/mobbin-sides/screen-flows/apple-news/058-apple-news-saved-stories-a735f7b7-8c5f-4425-a111-846a21c9120c/001-556c24d2-7c56-4b30-8d04-9dc925da024b-downloadableSrc-a746851e3e12.webp
a735f7b7-8c5f-4425-a111-846a21c9120c,Saved stories,2ba30e05-f5ad-4666-82d8-677904a0c82e,Apple News,265b7905-18b6-4f2f-9f7f-1174f0420c78,1,2,ea2e356b-ce85-4abe-8fcf-46301defe993,true,downloadableSrc,200,image/webp,99746,99746,e0c4403bc9c5fc52e8f4bd58f7a21bc73156b7d59841553c975770f2887bf4f0,1179,2676,,,bytescale.mobbin.com,f7a1807c1ac98ccf0eecf5078d61346ac9a94ca37a547f5708d580528c9e55c0,/Users/user/mobbin-sides/screen-flows/apple-news/058-apple-news-saved-stories-a735f7b7-8c5f-4425-a111-846a21c9120c/002-ea2e356b-ce85-4abe-8fcf-46301defe993-downloadableSrc-e0c4403bc9c5.webp
0b3957ce-76da-414a-91d4-a667de03b2ab,Deleting saved stories,2ba30e05-f5ad-4666-82d8-677904a0c82e,Apple News,265b7905-18b6-4f2f-9f7f-1174f0420c78,0,1,ea2e356b-ce85-4abe-8fcf-46301defe993,true,downloadableSrc,200,image/webp,99746,99746,e0c4403bc9c5fc52e8f4bd58f7a21bc73156b7d59841553c975770f2887bf4f0,1179,2676,,,bytescale.mobbin.com,f7a1807c1ac98ccf0eecf5078d61346ac9a94ca37a547f5708d580528c9e55c0,/Users/user/mobbin-sides/screen-flows/apple-news/059-apple-news-deleting-saved-stories-0b3957ce-76da-414a-91d4-a667de03b2ab/001-ea2e356b-ce85-4abe-8fcf-46301defe993-downloadableSrc-e0c4403bc9c5.webp
0b3957ce-76da-414a-91d4-a667de03b2ab,Deleting saved stories,2ba30e05-f5ad-4666-82d8-677904a0c82e,Apple News,265b7905-18b6-4f2f-9f7f-1174f0420c78,1,2,4565df8e-a4d0-48b5-8afd-9d5c277ba2dc,true,downloadableSrc,200,image/webp,78762,78762,985ea0d111961fcb58f665db2d911f0fa0d9e21a7844c422e39beb9a9f90e782,1179,2676,,,bytescale.mobbin.com,f7a1807c1ac98ccf0eecf5078d61346ac9a94ca37a547f5708d580528c9e55c0,/Users/user/mobbin-sides/screen-flows/apple-news/059-apple-news-deleting-saved-stories-0b3957ce-76da-414a-91d4-a667de03b2ab/002-4565df8e-a4d0-48b5-8afd-9d5c277ba2dc-downloadableSrc-985ea0d11196.webp
0b3957ce-76da-414a-91d4-a667de03b2ab,Deleting saved stories,2ba30e05-f5ad-4666-82d8-677904a0c82e,Apple News,265b7905-18b6-4f2f-9f7f-1174f0420c78,2,3,0718668f-cad7-487c-9f23-6792b504ba37,true,downloadableSrc,200,image/webp,33830,33830,2f7a99eb42c1f336324fa080286a5131efc7134f97be1b4eea64ca3631e2db49,1179,2676,,,bytescale.mobbin.com,f7a1807c1ac98ccf0eecf5078d61346ac9a94ca37a547f5708d580528c9e55c0,/Users/user/mobbin-sides/screen-flows/apple-news/059-apple-news-deleting-saved-stories-0b3957ce-76da-414a-91d4-a667de03b2ab/003-0718668f-cad7-487c-9f23-6792b504ba37-downloadableSrc-2f7a99eb42c1.webp
6be73286-b8e5-40d2-a7f7-ee79e02312ec,History,2ba30e05-f5ad-4666-82d8-677904a0c82e,Apple News,265b7905-18b6-4f2f-9f7f-1174f0420c78,0,1,556c24d2-7c56-4b30-8d04-9dc925da024b,true,downloadableSrc,200,image/webp,62560,62560,a746851e3e1219231ee23f5660c8ccb01b904db816980178aff99f2d3a380332,1179,2676,,,bytescale.mobbin.com,f7a1807c1ac98ccf0eecf5078d61346ac9a94ca37a547f5708d580528c9e55c0,/Users/user/mobbin-sides/screen-flows/apple-news/060-apple-news-history-6be73286-b8e5-40d2-a7f7-ee79e02312ec/001-556c24d2-7c56-4b30-8d04-9dc925da024b-downloadableSrc-a746851e3e12.webp
6be73286-b8e5-40d2-a7f7-ee79e02312ec,History,2ba30e05-f5ad-4666-82d8-677904a0c82e,Apple News,265b7905-18b6-4f2f-9f7f-1174f0420c78,1,2,7ecd2c8a-1d93-4ea5-b6a2-fc53446491f4,true,downloadableSrc,200,image/webp,200652,200652,8c1270063af0154453f2122af0d0e226432644601fdf3a0d81f5e8e4fb8ed57a,1179,2676,,,bytescale.mobbin.com,f7a1807c1ac98ccf0eecf5078d61346ac9a94ca37a547f5708d580528c9e55c0,/Users/user/mobbin-sides/screen-flows/apple-news/060-apple-news-history-6be73286-b8e5-40d2-a7f7-ee79e02312ec/002-7ecd2c8a-1d93-4ea5-b6a2-fc53446491f4-downloadableSrc-8c1270063af0.webp
b31cc288-e740-4640-86f2-4ce9dbe0d764,Unfollowing a channel,2ba30e05-f5ad-4666-82d8-677904a0c82e,Apple News,265b7905-18b6-4f2f-9f7f-1174f0420c78,0,1,556c24d2-7c56-4b30-8d04-9dc925da024b,true,downloadableSrc,200,image/webp,62560,62560,a746851e3e1219231ee23f5660c8ccb01b904db816980178aff99f2d3a380332,1179,2676,,,bytescale.mobbin.com,f7a1807c1ac98ccf0eecf5078d61346ac9a94ca37a547f5708d580528c9e55c0,/Users/user/mobbin-sides/screen-flows/apple-news/061-apple-news-unfollowing-a-channel-b31cc288-e740-4640-86f2-4ce9dbe0d764/001-556c24d2-7c56-4b30-8d04-9dc925da024b-downloadableSrc-a746851e3e12.webp
b31cc288-e740-4640-86f2-4ce9dbe0d764,Unfollowing a channel,2ba30e05-f5ad-4666-82d8-677904a0c82e,Apple News,265b7905-18b6-4f2f-9f7f-1174f0420c78,1,2,35d89724-24cd-4ef3-9440-901a60b5f498,true,downloadableSrc,200,image/webp,48672,48672,10fe86783c348361d0105b15ea28dc80025ee57bf15dd0bc4349b0b36a934f65,1179,2676,,,bytescale.mobbin.com,f7a1807c1ac98ccf0eecf5078d61346ac9a94ca37a547f5708d580528c9e55c0,/Users/user/mobbin-sides/screen-flows/apple-news/061-apple-news-unfollowing-a-channel-b31cc288-e740-4640-86f2-4ce9dbe0d764/002-35d89724-24cd-4ef3-9440-901a60b5f498-downloadableSrc-10fe86783c34.webp
b31cc288-e740-4640-86f2-4ce9dbe0d764,Unfollowing a channel,2ba30e05-f5ad-4666-82d8-677904a0c82e,Apple News,265b7905-18b6-4f2f-9f7f-1174f0420c78,2,3,f7604239-339a-4c74-8ce2-143bb6f85f2a,true,downloadableSrc,200,image/webp,93620,93620,e49575004dc27854e753f260b334eceb71e414d3cec49ae107fd287d87f8a1d2,1179,2676,,,bytescale.mobbin.com,f7a1807c1ac98ccf0eecf5078d61346ac9a94ca37a547f5708d580528c9e55c0,/Users/user/mobbin-sides/screen-flows/apple-news/061-apple-news-unfollowing-a-channel-b31cc288-e740-4640-86f2-4ce9dbe0d764/003-f7604239-339a-4c74-8ce2-143bb6f85f2a-downloadableSrc-e49575004dc2.webp
b31cc288-e740-4640-86f2-4ce9dbe0d764,Unfollowing a channel,2ba30e05-f5ad-4666-82d8-677904a0c82e,Apple News,265b7905-18b6-4f2f-9f7f-1174f0420c78,3,4,f439304b-5c4a-4c2c-af36-608a1f4e49e1,true,downloadableSrc,200,image/webp,92700,92700,f6a87439810a206551aae1497876752597ac0f137621f01b75008e847301820d,1179,2676,,,bytescale.mobbin.com,f7a1807c1ac98ccf0eecf5078d61346ac9a94ca37a547f5708d580528c9e55c0,/Users/user/mobbin-sides/screen-flows/apple-news/061-apple-news-unfollowing-a-channel-b31cc288-e740-4640-86f2-4ce9dbe0d764/004-f439304b-5c4a-4c2c-af36-608a1f4e49e1-downloadableSrc-f6a87439810a.webp
b31cc288-e740-4640-86f2-4ce9dbe0d764,Unfollowing a channel,2ba30e05-f5ad-4666-82d8-677904a0c82e,Apple News,265b7905-18b6-4f2f-9f7f-1174f0420c78,4,5,3631863a-983f-4d95-a64c-77d884377c63,true,downloadableSrc,200,image/webp,89672,89672,0ad32a35dd26bdfc1cfb57e1969e53a32ee64bf3310aae5741d960fd6f412709,1179,2676,,,bytescale.mobbin.com,f7a1807c1ac98ccf0eecf5078d61346ac9a94ca37a547f5708d580528c9e55c0,/Users/user/mobbin-sides/screen-flows/apple-news/061-apple-news-unfollowing-a-channel-b31cc288-e740-4640-86f2-4ce9dbe0d764/005-3631863a-983f-4d95-a64c-77d884377c63-downloadableSrc-0ad32a35dd26.webp
7322158f-4a4e-4d6d-bbb8-27c03dc5fbc5,Adding a channel to favorites,2ba30e05-f5ad-4666-82d8-677904a0c82e,Apple News,265b7905-18b6-4f2f-9f7f-1174f0420c78,0,1,f7604239-339a-4c74-8ce2-143bb6f85f2a,true,downloadableSrc,200,image/webp,93620,93620,e49575004dc27854e753f260b334eceb71e414d3cec49ae107fd287d87f8a1d2,1179,2676,,,bytescale.mobbin.com,f7a1807c1ac98ccf0eecf5078d61346ac9a94ca37a547f5708d580528c9e55c0,/Users/user/mobbin-sides/screen-flows/apple-news/062-apple-news-adding-a-channel-to-favorites-7322158f-4a4e-4d6d-bbb8-27c03dc5fbc5/001-f7604239-339a-4c74-8ce2-143bb6f85f2a-downloadableSrc-e49575004dc2.webp
7322158f-4a4e-4d6d-bbb8-27c03dc5fbc5,Adding a channel to favorites,2ba30e05-f5ad-4666-82d8-677904a0c82e,Apple News,265b7905-18b6-4f2f-9f7f-1174f0420c78,1,2,5f0995e2-cb98-479e-a95f-c16bb1af5400,true,downloadableSrc,200,image/webp,90602,90602,06dfd0745fe07e0625b64b1ae070f9825d6d674816a1f77a1e861873e2511636,1179,2676,,,bytescale.mobbin.com,f7a1807c1ac98ccf0eecf5078d61346ac9a94ca37a547f5708d580528c9e55c0,/Users/user/mobbin-sides/screen-flows/apple-news/062-apple-news-adding-a-channel-to-favorites-7322158f-4a4e-4d6d-bbb8-27c03dc5fbc5/002-5f0995e2-cb98-479e-a95f-c16bb1af5400-downloadableSrc-06dfd0745fe0.webp
7322158f-4a4e-4d6d-bbb8-27c03dc5fbc5,Adding a channel to favorites,2ba30e05-f5ad-4666-82d8-677904a0c82e,Apple News,265b7905-18b6-4f2f-9f7f-1174f0420c78,2,3,908a95e1-ea25-47dc-8545-2d896c846b05,true,downloadableSrc,200,image/webp,60888,60888,ce6012b30b6b770795c5bb3a1dcb5af6dca6b43b7d377ab226b505c048719def,1179,2676,,,bytescale.mobbin.com,f7a1807c1ac98ccf0eecf5078d61346ac9a94ca37a547f5708d580528c9e55c0,/Users/user/mobbin-sides/screen-flows/apple-news/062-apple-news-adding-a-channel-to-favorites-7322158f-4a4e-4d6d-bbb8-27c03dc5fbc5/003-908a95e1-ea25-47dc-8545-2d896c846b05-downloadableSrc-ce6012b30b6b.webp
ffeb846d-9748-4f46-8115-8980bc6edf0e,Search,2ba30e05-f5ad-4666-82d8-677904a0c82e,Apple News,265b7905-18b6-4f2f-9f7f-1174f0420c78,0,1,4fc6cc82-4e3e-4924-aa2b-7477a1a96a39,true,downloadableSrc,200,image/webp,246298,246298,64dfcb783d7c43b2cebf610b4f1bc3864db49edca50295133e3d986415cfa0d3,1179,2676,,,bytescale.mobbin.com,f7a1807c1ac98ccf0eecf5078d61346ac9a94ca37a547f5708d580528c9e55c0,/Users/user/mobbin-sides/screen-flows/apple-news/063-apple-news-search-ffeb846d-9748-4f46-8115-8980bc6edf0e/001-4fc6cc82-4e3e-4924-aa2b-7477a1a96a39-downloadableSrc-64dfcb783d7c.webp
ffeb846d-9748-4f46-8115-8980bc6edf0e,Search,2ba30e05-f5ad-4666-82d8-677904a0c82e,Apple News,265b7905-18b6-4f2f-9f7f-1174f0420c78,1,2,072bc1e2-8f01-48a5-8a05-e53987f07751,true,downloadableSrc,200,image/webp,135808,135808,929940325a2ff6b581cc33c5b17f32cd34012b0cfd8126b82df34d1a9acc5785,1179,2676,,,bytescale.mobbin.com,f7a1807c1ac98ccf0eecf5078d61346ac9a94ca37a547f5708d580528c9e55c0,/Users/user/mobbin-sides/screen-flows/apple-news/063-apple-news-search-ffeb846d-9748-4f46-8115-8980bc6edf0e/002-072bc1e2-8f01-48a5-8a05-e53987f07751-downloadableSrc-929940325a2f.webp
ffeb846d-9748-4f46-8115-8980bc6edf0e,Search,2ba30e05-f5ad-4666-82d8-677904a0c82e,Apple News,265b7905-18b6-4f2f-9f7f-1174f0420c78,2,3,7aa1f3e5-efee-4d30-bc62-3704eab4693f,true,downloadableSrc,200,image/webp,121090,121090,ab6470a03f0588b0ccd09d15eac7809f70c1a2a482774d144e4720433b24cbda,1179,2676,,,bytescale.mobbin.com,f7a1807c1ac98ccf0eecf5078d61346ac9a94ca37a547f5708d580528c9e55c0,/Users/user/mobbin-sides/screen-flows/apple-news/063-apple-news-search-ffeb846d-9748-4f46-8115-8980bc6edf0e/003-7aa1f3e5-efee-4d30-bc62-3704eab4693f-downloadableSrc-ab6470a03f05.webp
6a2d3b92-611f-4e5d-be96-57bb0183f410,Searching Apple News,2ba30e05-f5ad-4666-82d8-677904a0c82e,Apple News,265b7905-18b6-4f2f-9f7f-1174f0420c78,0,1,072bc1e2-8f01-48a5-8a05-e53987f07751,true,downloadableSrc,200,image/webp,135808,135808,929940325a2ff6b581cc33c5b17f32cd34012b0cfd8126b82df34d1a9acc5785,1179,2676,,,bytescale.mobbin.com,f7a1807c1ac98ccf0eecf5078d61346ac9a94ca37a547f5708d580528c9e55c0,/Users/user/mobbin-sides/screen-flows/apple-news/064-apple-news-searching-apple-news-6a2d3b92-611f-4e5d-be96-57bb0183f410/001-072bc1e2-8f01-48a5-8a05-e53987f07751-downloadableSrc-929940325a2f.webp
6a2d3b92-611f-4e5d-be96-57bb0183f410,Searching Apple News,2ba30e05-f5ad-4666-82d8-677904a0c82e,Apple News,265b7905-18b6-4f2f-9f7f-1174f0420c78,1,2,bd9db076-977b-4632-8a8f-3780b1ef54a4,true,downloadableSrc,200,image/webp,52756,52756,97a1443064fbd1dd6152763b5c4c4f8541b3581da4ff8fcb7990328e573ece55,1179,2676,,,bytescale.mobbin.com,f7a1807c1ac98ccf0eecf5078d61346ac9a94ca37a547f5708d580528c9e55c0,/Users/user/mobbin-sides/screen-flows/apple-news/064-apple-news-searching-apple-news-6a2d3b92-611f-4e5d-be96-57bb0183f410/002-bd9db076-977b-4632-8a8f-3780b1ef54a4-downloadableSrc-97a1443064fb.webp
6a2d3b92-611f-4e5d-be96-57bb0183f410,Searching Apple News,2ba30e05-f5ad-4666-82d8-677904a0c82e,Apple News,265b7905-18b6-4f2f-9f7f-1174f0420c78,2,3,a26e5654-b674-4000-9010-d62a81847e4e,true,downloadableSrc,200,image/webp,52878,52878,0b8cc680021ba9bb0dab924890dd6f48e2a7cddbb397c25576449d49647b3a7e,1179,2676,,,bytescale.mobbin.com,f7a1807c1ac98ccf0eecf5078d61346ac9a94ca37a547f5708d580528c9e55c0,/Users/user/mobbin-sides/screen-flows/apple-news/064-apple-news-searching-apple-news-6a2d3b92-611f-4e5d-be96-57bb0183f410/003-a26e5654-b674-4000-9010-d62a81847e4e-downloadableSrc-0b8cc680021b.webp
6a2d3b92-611f-4e5d-be96-57bb0183f410,Searching Apple News,2ba30e05-f5ad-4666-82d8-677904a0c82e,Apple News,265b7905-18b6-4f2f-9f7f-1174f0420c78,3,4,803100e6-407e-4c0d-8d88-5377389055f3,true,downloadableSrc,200,image/webp,170868,170868,df125b985c63b64b609d96078a5ae5d994a9a73e9f30973d98fdd1eaae241d95,1179,2676,,,bytescale.mobbin.com,f7a1807c1ac98ccf0eecf5078d61346ac9a94ca37a547f5708d580528c9e55c0,/Users/user/mobbin-sides/screen-flows/apple-news/064-apple-news-searching-apple-news-6a2d3b92-611f-4e5d-be96-57bb0183f410/004-803100e6-407e-4c0d-8d88-5377389055f3-downloadableSrc-df125b985c63.webp
6a2d3b92-611f-4e5d-be96-57bb0183f410,Searching Apple News,2ba30e05-f5ad-4666-82d8-677904a0c82e,Apple News,265b7905-18b6-4f2f-9f7f-1174f0420c78,4,5,8f9c1960-6fc0-42f8-912d-d31b97da2977,true,downloadableSrc,200,image/webp,70864,70864,e38d34228e82d19be4ebd241f96b3432a0df2ee8949ea9b36dc021589cef8831,1179,2676,,,bytescale.mobbin.com,f7a1807c1ac98ccf0eecf5078d61346ac9a94ca37a547f5708d580528c9e55c0,/Users/user/mobbin-sides/screen-flows/apple-news/064-apple-news-searching-apple-news-6a2d3b92-611f-4e5d-be96-57bb0183f410/005-8f9c1960-6fc0-42f8-912d-d31b97da2977-downloadableSrc-e38d34228e82.webp
6a2d3b92-611f-4e5d-be96-57bb0183f410,Searching Apple News,2ba30e05-f5ad-4666-82d8-677904a0c82e,Apple News,265b7905-18b6-4f2f-9f7f-1174f0420c78,5,6,4726709d-299f-45dd-ab68-a3a994d9317a,true,downloadableSrc,200,image/webp,70642,70642,6bace0b6e02c025e2ca0b5d378614d692ce4f1df23b09e849563a1d2823d0c83,1179,2676,,,bytescale.mobbin.com,f7a1807c1ac98ccf0eecf5078d61346ac9a94ca37a547f5708d580528c9e55c0,/Users/user/mobbin-sides/screen-flows/apple-news/064-apple-news-searching-apple-news-6a2d3b92-611f-4e5d-be96-57bb0183f410/006-4726709d-299f-45dd-ab68-a3a994d9317a-downloadableSrc-6bace0b6e02c.webp
199054af-321b-46f7-bd2a-9421bc98d7b7,Widgets,2ba30e05-f5ad-4666-82d8-677904a0c82e,Apple News,265b7905-18b6-4f2f-9f7f-1174f0420c78,0,1,8c36d7b2-c9df-4841-a027-96c19c0791e1,true,downloadableSrc,200,image/webp,200730,200730,7ea295137ff591e3e7faf2dede44875dcb01f2ab54123a18d6a802fd739da543,1179,2676,,,bytescale.mobbin.com,f7a1807c1ac98ccf0eecf5078d61346ac9a94ca37a547f5708d580528c9e55c0,/Users/user/mobbin-sides/screen-flows/apple-news/065-apple-news-widgets-199054af-321b-46f7-bd2a-9421bc98d7b7/001-8c36d7b2-c9df-4841-a027-96c19c0791e1-downloadableSrc-7ea295137ff5.webp
199054af-321b-46f7-bd2a-9421bc98d7b7,Widgets,2ba30e05-f5ad-4666-82d8-677904a0c82e,Apple News,265b7905-18b6-4f2f-9f7f-1174f0420c78,1,2,caf0d670-5361-45c1-87ed-5c1ff88f8752,true,downloadableSrc,200,image/webp,148744,148744,943243abe2ed0e2d6513b3f4ad5a9dd74afb6db0bfdc9d1cc10bb455ca06ddcc,1179,2676,,,bytescale.mobbin.com,f7a1807c1ac98ccf0eecf5078d61346ac9a94ca37a547f5708d580528c9e55c0,/Users/user/mobbin-sides/screen-flows/apple-news/065-apple-news-widgets-199054af-321b-46f7-bd2a-9421bc98d7b7/002-caf0d670-5361-45c1-87ed-5c1ff88f8752-downloadableSrc-943243abe2ed.webp
199054af-321b-46f7-bd2a-9421bc98d7b7,Widgets,2ba30e05-f5ad-4666-82d8-677904a0c82e,Apple News,265b7905-18b6-4f2f-9f7f-1174f0420c78,2,3,ea4f9501-2dec-43a4-85cb-cbf4a8b6fb40,true,downloadableSrc,200,image/webp,186178,186178,1bf73159f57a0dcb32b5b9eb048103e2218af847245ad4fc40043e82f60deb35,1179,2676,,,bytescale.mobbin.com,f7a1807c1ac98ccf0eecf5078d61346ac9a94ca37a547f5708d580528c9e55c0,/Users/user/mobbin-sides/screen-flows/apple-news/065-apple-news-widgets-199054af-321b-46f7-bd2a-9421bc98d7b7/003-ea4f9501-2dec-43a4-85cb-cbf4a8b6fb40-downloadableSrc-1bf73159f57a.webp
