flowId,flowName,appId,appName,appVersionId,order,index,screenId,restricted,descriptor,status,contentType,contentLengthHeader,bytes,sha256,width,height,declaredWidth,declaredHeight,urlHost,urlPathHash,savedPath
7291bae9-7b5a-4b40-a911-316447f4437c,Onboarding,28b2d970-a05d-4509-99dd-83d47dbc3a16,Revolut,aa23fa4c-2ecb-4027-b126-335f9fcd86b1,0,1,46279386-8dc6-4f37-a0f5-106f65e0c995,false,downloadableSrc,200,image/webp,16078,16078,d2b88bbbef0073d193aee287635dcb26b4469a3743a37fc3379614d4157bf9bf,1180,2676,,,bytescale.mobbin.com,f7a1807c1ac98ccf0eecf5078d61346ac9a94ca37a547f5708d580528c9e55c0,/Users/user/mobbin-sides/screen-flows/revolut/001-revolut-onboarding-7291bae9-7b5a-4b40-a911-316447f4437c/001-46279386-8dc6-4f37-a0f5-106f65e0c995-downloadableSrc-d2b88bbbef00.webp
7291bae9-7b5a-4b40-a911-316447f4437c,Onboarding,28b2d970-a05d-4509-99dd-83d47dbc3a16,Revolut,aa23fa4c-2ecb-4027-b126-335f9fcd86b1,1,2,728e3b53-7050-4a14-8349-c4555bb0c3fa,false,downloadableSrc,200,image/webp,116292,116292,a9f7383156da2076c527ae79ee0bccf14234589b7a215c3e818bb8a94349c47a,1180,2676,,,bytescale.mobbin.com,f7a1807c1ac98ccf0eecf5078d61346ac9a94ca37a547f5708d580528c9e55c0,/Users/user/mobbin-sides/screen-flows/revolut/001-revolut-onboarding-7291bae9-7b5a-4b40-a911-316447f4437c/002-728e3b53-7050-4a14-8349-c4555bb0c3fa-downloadableSrc-a9f7383156da.webp
7291bae9-7b5a-4b40-a911-316447f4437c,Onboarding,28b2d970-a05d-4509-99dd-83d47dbc3a16,Revolut,aa23fa4c-2ecb-4027-b126-335f9fcd86b1,2,3,f1849dd9-ff56-4a81-af5a-5e670526fa67,false,downloadableSrc,200,image/webp,67024,67024,27a056794f00774cd370eb25d70faadac59ba6224c8413f49604946e8157e85e,1180,2676,,,bytescale.mobbin.com,f7a1807c1ac98ccf0eecf5078d61346ac9a94ca37a547f5708d580528c9e55c0,/Users/user/mobbin-sides/screen-flows/revolut/001-revolut-onboarding-7291bae9-7b5a-4b40-a911-316447f4437c/003-f1849dd9-ff56-4a81-af5a-5e670526fa67-downloadableSrc-27a056794f00.webp
7291bae9-7b5a-4b40-a911-316447f4437c,Onboarding,28b2d970-a05d-4509-99dd-83d47dbc3a16,Revolut,aa23fa4c-2ecb-4027-b126-335f9fcd86b1,3,4,7f40d715-16b2-4f56-b022-716e7d279978,false,downloadableSrc,200,image/webp,62322,62322,c1f725c22f68f7a1601a4854cad9317c4f76dbce6ddc4850ec96bf19d48ec46c,1180,2676,,,bytescale.mobbin.com,f7a1807c1ac98ccf0eecf5078d61346ac9a94ca37a547f5708d580528c9e55c0,/Users/user/mobbin-sides/screen-flows/revolut/001-revolut-onboarding-7291bae9-7b5a-4b40-a911-316447f4437c/004-7f40d715-16b2-4f56-b022-716e7d279978-downloadableSrc-c1f725c22f68.webp
7291bae9-7b5a-4b40-a911-316447f4437c,Onboarding,28b2d970-a05d-4509-99dd-83d47dbc3a16,Revolut,aa23fa4c-2ecb-4027-b126-335f9fcd86b1,4,5,cd8d5587-b72e-4de7-aefb-d8d4622cfc11,false,downloadableSrc,200,image/webp,57876,57876,8d929a60937500aefaff118ea7791a9559c0a06a6175a78256023e1651ee8053,1179,2676,,,bytescale.mobbin.com,f7a1807c1ac98ccf0eecf5078d61346ac9a94ca37a547f5708d580528c9e55c0,/Users/user/mobbin-sides/screen-flows/revolut/001-revolut-onboarding-7291bae9-7b5a-4b40-a911-316447f4437c/005-cd8d5587-b72e-4de7-aefb-d8d4622cfc11-downloadableSrc-8d929a609375.webp
7291bae9-7b5a-4b40-a911-316447f4437c,Onboarding,28b2d970-a05d-4509-99dd-83d47dbc3a16,Revolut,aa23fa4c-2ecb-4027-b126-335f9fcd86b1,5,6,df56220c-1995-4ae9-8212-56e87f15061d,false,downloadableSrc,200,image/webp,56900,56900,73a269412bc92b7b4c8b048cc58e8e53950d516b16ed789fa55d55576e572a0e,1179,2676,,,bytescale.mobbin.com,f7a1807c1ac98ccf0eecf5078d61346ac9a94ca37a547f5708d580528c9e55c0,/Users/user/mobbin-sides/screen-flows/revolut/001-revolut-onboarding-7291bae9-7b5a-4b40-a911-316447f4437c/006-df56220c-1995-4ae9-8212-56e87f15061d-downloadableSrc-73a269412bc9.webp
7291bae9-7b5a-4b40-a911-316447f4437c,Onboarding,28b2d970-a05d-4509-99dd-83d47dbc3a16,Revolut,aa23fa4c-2ecb-4027-b126-335f9fcd86b1,6,7,02bf58b7-50b0-479c-b4b9-bff2f27bf11b,false,downloadableSrc,200,image/webp,61878,61878,48e8cbf94a210c9b03e826aed25516206a75c5604451801d677b5ecf65746896,1179,2676,,,bytescale.mobbin.com,f7a1807c1ac98ccf0eecf5078d61346ac9a94ca37a547f5708d580528c9e55c0,/Users/user/mobbin-sides/screen-flows/revolut/001-revolut-onboarding-7291bae9-7b5a-4b40-a911-316447f4437c/007-02bf58b7-50b0-479c-b4b9-bff2f27bf11b-downloadableSrc-48e8cbf94a21.webp
7291bae9-7b5a-4b40-a911-316447f4437c,Onboarding,28b2d970-a05d-4509-99dd-83d47dbc3a16,Revolut,aa23fa4c-2ecb-4027-b126-335f9fcd86b1,7,8,3aa2efb9-b759-4ee3-8993-a1ce9f7e7420,false,downloadableSrc,200,image/webp,63674,63674,408496476874893dc5c19ebd873e2047b94621ec948fd89fd4b0d0c6d4112c15,1179,2676,,,bytescale.mobbin.com,f7a1807c1ac98ccf0eecf5078d61346ac9a94ca37a547f5708d580528c9e55c0,/Users/user/mobbin-sides/screen-flows/revolut/001-revolut-onboarding-7291bae9-7b5a-4b40-a911-316447f4437c/008-3aa2efb9-b759-4ee3-8993-a1ce9f7e7420-downloadableSrc-408496476874.webp
7291bae9-7b5a-4b40-a911-316447f4437c,Onboarding,28b2d970-a05d-4509-99dd-83d47dbc3a16,Revolut,aa23fa4c-2ecb-4027-b126-335f9fcd86b1,8,9,f007822c-ed64-4a8d-8c6a-753fb18f7ddc,false,downloadableSrc,200,image/webp,61720,61720,9669236d15192b3a8baa6cb58f781ebbf8bd3a117bcd9eb63ebef7f126ab2cf2,1179,2676,,,bytescale.mobbin.com,f7a1807c1ac98ccf0eecf5078d61346ac9a94ca37a547f5708d580528c9e55c0,/Users/user/mobbin-sides/screen-flows/revolut/001-revolut-onboarding-7291bae9-7b5a-4b40-a911-316447f4437c/009-f007822c-ed64-4a8d-8c6a-753fb18f7ddc-downloadableSrc-9669236d1519.webp
7291bae9-7b5a-4b40-a911-316447f4437c,Onboarding,28b2d970-a05d-4509-99dd-83d47dbc3a16,Revolut,aa23fa4c-2ecb-4027-b126-335f9fcd86b1,9,10,a0f2126a-d587-4e3c-9663-779cf401f10f,false,downloadableSrc,200,image/webp,39610,39610,1b3bb9ee01c871c7c4ff4f1b17b3c5a08b40c07a8f68796058dc26b7e77d817f,1179,2676,,,bytescale.mobbin.com,f7a1807c1ac98ccf0eecf5078d61346ac9a94ca37a547f5708d580528c9e55c0,/Users/user/mobbin-sides/screen-flows/revolut/001-revolut-onboarding-7291bae9-7b5a-4b40-a911-316447f4437c/010-a0f2126a-d587-4e3c-9663-779cf401f10f-downloadableSrc-1b3bb9ee01c8.webp
7291bae9-7b5a-4b40-a911-316447f4437c,Onboarding,28b2d970-a05d-4509-99dd-83d47dbc3a16,Revolut,aa23fa4c-2ecb-4027-b126-335f9fcd86b1,10,11,01cbac1a-825e-47e6-97f4-9e6a88c0edcb,false,downloadableSrc,200,image/webp,46448,46448,7353b31edc226956f2ae110aed0c500ab954eaf6b58e06347b251372400a7480,1179,2676,,,bytescale.mobbin.com,f7a1807c1ac98ccf0eecf5078d61346ac9a94ca37a547f5708d580528c9e55c0,/Users/user/mobbin-sides/screen-flows/revolut/001-revolut-onboarding-7291bae9-7b5a-4b40-a911-316447f4437c/011-01cbac1a-825e-47e6-97f4-9e6a88c0edcb-downloadableSrc-7353b31edc22.webp
7291bae9-7b5a-4b40-a911-316447f4437c,Onboarding,28b2d970-a05d-4509-99dd-83d47dbc3a16,Revolut,aa23fa4c-2ecb-4027-b126-335f9fcd86b1,11,12,cbf1de30-accc-4eb7-99e5-597ace1fbb61,false,downloadableSrc,200,image/webp,35994,35994,1b3cdede973b7b9fdaa77a61fa7fcd1b3d850e878acbe46320d7e20c120353e2,1179,2676,,,bytescale.mobbin.com,f7a1807c1ac98ccf0eecf5078d61346ac9a94ca37a547f5708d580528c9e55c0,/Users/user/mobbin-sides/screen-flows/revolut/001-revolut-onboarding-7291bae9-7b5a-4b40-a911-316447f4437c/012-cbf1de30-accc-4eb7-99e5-597ace1fbb61-downloadableSrc-1b3cdede973b.webp
7291bae9-7b5a-4b40-a911-316447f4437c,Onboarding,28b2d970-a05d-4509-99dd-83d47dbc3a16,Revolut,aa23fa4c-2ecb-4027-b126-335f9fcd86b1,12,13,320e48f4-5d32-4e5e-a53c-6c792e4dc010,false,downloadableSrc,200,image/webp,34586,34586,9ff4fa9cd397ef7c64c432c6cc0183b71ae0aac296cd245e37c2c2be5087f1d5,1179,2676,,,bytescale.mobbin.com,f7a1807c1ac98ccf0eecf5078d61346ac9a94ca37a547f5708d580528c9e55c0,/Users/user/mobbin-sides/screen-flows/revolut/001-revolut-onboarding-7291bae9-7b5a-4b40-a911-316447f4437c/013-320e48f4-5d32-4e5e-a53c-6c792e4dc010-downloadableSrc-9ff4fa9cd397.webp
7291bae9-7b5a-4b40-a911-316447f4437c,Onboarding,28b2d970-a05d-4509-99dd-83d47dbc3a16,Revolut,aa23fa4c-2ecb-4027-b126-335f9fcd86b1,13,14,ccf08c59-1d01-4081-b2fe-4c09d3c62c3a,false,downloadableSrc,200,image/webp,49740,49740,2746fa736c635be4b692f3536905c51eb83dcde33391342e5671c931c9656bfe,1179,2676,,,bytescale.mobbin.com,f7a1807c1ac98ccf0eecf5078d61346ac9a94ca37a547f5708d580528c9e55c0,/Users/user/mobbin-sides/screen-flows/revolut/001-revolut-onboarding-7291bae9-7b5a-4b40-a911-316447f4437c/014-ccf08c59-1d01-4081-b2fe-4c09d3c62c3a-downloadableSrc-2746fa736c63.webp
7291bae9-7b5a-4b40-a911-316447f4437c,Onboarding,28b2d970-a05d-4509-99dd-83d47dbc3a16,Revolut,aa23fa4c-2ecb-4027-b126-335f9fcd86b1,14,15,4a78a322-78f7-4339-8e0d-0790c8df0c72,false,downloadableSrc,200,image/webp,66606,66606,7836a2cfda7c655979079d0152ff7eb6737452dff4d61734c87ff09fa240a564,1179,2676,,,bytescale.mobbin.com,f7a1807c1ac98ccf0eecf5078d61346ac9a94ca37a547f5708d580528c9e55c0,/Users/user/mobbin-sides/screen-flows/revolut/001-revolut-onboarding-7291bae9-7b5a-4b40-a911-316447f4437c/015-4a78a322-78f7-4339-8e0d-0790c8df0c72-downloadableSrc-7836a2cfda7c.webp
7291bae9-7b5a-4b40-a911-316447f4437c,Onboarding,28b2d970-a05d-4509-99dd-83d47dbc3a16,Revolut,aa23fa4c-2ecb-4027-b126-335f9fcd86b1,15,16,dec5337f-a0f8-47dc-965e-c49a8920089f,false,downloadableSrc,200,image/webp,58312,58312,b0a10624a1aa612c9ff7827d1c15ab7d02ff9abd3c7cf28d32016bff09fa7640,1179,2676,,,bytescale.mobbin.com,f7a1807c1ac98ccf0eecf5078d61346ac9a94ca37a547f5708d580528c9e55c0,/Users/user/mobbin-sides/screen-flows/revolut/001-revolut-onboarding-7291bae9-7b5a-4b40-a911-316447f4437c/016-dec5337f-a0f8-47dc-965e-c49a8920089f-downloadableSrc-b0a10624a1aa.webp
7291bae9-7b5a-4b40-a911-316447f4437c,Onboarding,28b2d970-a05d-4509-99dd-83d47dbc3a16,Revolut,aa23fa4c-2ecb-4027-b126-335f9fcd86b1,16,17,e2677e8c-3a07-42e8-8510-8ee1b7a95323,false,downloadableSrc,200,image/webp,39064,39064,98fc845362216b4c4bc3c598bbcdde24a9d4f1be913c66a98bf3046618bccf36,1179,2676,,,bytescale.mobbin.com,f7a1807c1ac98ccf0eecf5078d61346ac9a94ca37a547f5708d580528c9e55c0,/Users/user/mobbin-sides/screen-flows/revolut/001-revolut-onboarding-7291bae9-7b5a-4b40-a911-316447f4437c/017-e2677e8c-3a07-42e8-8510-8ee1b7a95323-downloadableSrc-98fc84536221.webp
7291bae9-7b5a-4b40-a911-316447f4437c,Onboarding,28b2d970-a05d-4509-99dd-83d47dbc3a16,Revolut,aa23fa4c-2ecb-4027-b126-335f9fcd86b1,17,18,d3fbc198-70f5-4af3-98a5-60a4308429d9,false,downloadableSrc,200,image/webp,65532,65532,fd8316d3f5c396f4367ce651f824bfc39a54bad3938430ab47287eb5e7a80574,1179,2676,,,bytescale.mobbin.com,f7a1807c1ac98ccf0eecf5078d61346ac9a94ca37a547f5708d580528c9e55c0,/Users/user/mobbin-sides/screen-flows/revolut/001-revolut-onboarding-7291bae9-7b5a-4b40-a911-316447f4437c/018-d3fbc198-70f5-4af3-98a5-60a4308429d9-downloadableSrc-fd8316d3f5c3.webp
7291bae9-7b5a-4b40-a911-316447f4437c,Onboarding,28b2d970-a05d-4509-99dd-83d47dbc3a16,Revolut,aa23fa4c-2ecb-4027-b126-335f9fcd86b1,18,19,79e6a562-ac40-4342-a29f-6b4b80b91f73,false,downloadableSrc,200,image/webp,108886,108886,f24b359151d2aeca4f39d0b7c7d50d4b318b17402a0a941b4345862a4ea8052b,1179,2676,,,bytescale.mobbin.com,f7a1807c1ac98ccf0eecf5078d61346ac9a94ca37a547f5708d580528c9e55c0,/Users/user/mobbin-sides/screen-flows/revolut/001-revolut-onboarding-7291bae9-7b5a-4b40-a911-316447f4437c/019-79e6a562-ac40-4342-a29f-6b4b80b91f73-downloadableSrc-f24b359151d2.webp
7291bae9-7b5a-4b40-a911-316447f4437c,Onboarding,28b2d970-a05d-4509-99dd-83d47dbc3a16,Revolut,aa23fa4c-2ecb-4027-b126-335f9fcd86b1,19,20,e42a3a75-4441-438d-a058-77cd9dd20705,false,downloadableSrc,200,image/webp,111556,111556,640e2e1a44f79d8d39b96a84d49dcb269990865a1ae93bd1ae1a5df092efc17e,1179,2676,,,bytescale.mobbin.com,f7a1807c1ac98ccf0eecf5078d61346ac9a94ca37a547f5708d580528c9e55c0,/Users/user/mobbin-sides/screen-flows/revolut/001-revolut-onboarding-7291bae9-7b5a-4b40-a911-316447f4437c/020-e42a3a75-4441-438d-a058-77cd9dd20705-downloadableSrc-640e2e1a44f7.webp
7291bae9-7b5a-4b40-a911-316447f4437c,Onboarding,28b2d970-a05d-4509-99dd-83d47dbc3a16,Revolut,aa23fa4c-2ecb-4027-b126-335f9fcd86b1,20,21,deb8afab-e7c0-4c4f-ba5b-b04367227beb,false,downloadableSrc,200,image/webp,59114,59114,86cf7b7781b346d234e7d43fb8e4697ddddebe57c445358d2bbd042bd0ddc501,1179,2676,,,bytescale.mobbin.com,f7a1807c1ac98ccf0eecf5078d61346ac9a94ca37a547f5708d580528c9e55c0,/Users/user/mobbin-sides/screen-flows/revolut/001-revolut-onboarding-7291bae9-7b5a-4b40-a911-316447f4437c/021-deb8afab-e7c0-4c4f-ba5b-b04367227beb-downloadableSrc-86cf7b7781b3.webp
7291bae9-7b5a-4b40-a911-316447f4437c,Onboarding,28b2d970-a05d-4509-99dd-83d47dbc3a16,Revolut,aa23fa4c-2ecb-4027-b126-335f9fcd86b1,21,22,7d4811ba-1690-4710-9e35-f93d63ea9714,false,downloadableSrc,200,image/webp,59322,59322,a9c044c19446309a8cc4c526e196dafe0c5a168ccc7177325a253462a1e3b6f9,1179,2676,,,bytescale.mobbin.com,f7a1807c1ac98ccf0eecf5078d61346ac9a94ca37a547f5708d580528c9e55c0,/Users/user/mobbin-sides/screen-flows/revolut/001-revolut-onboarding-7291bae9-7b5a-4b40-a911-316447f4437c/022-7d4811ba-1690-4710-9e35-f93d63ea9714-downloadableSrc-a9c044c19446.webp
7291bae9-7b5a-4b40-a911-316447f4437c,Onboarding,28b2d970-a05d-4509-99dd-83d47dbc3a16,Revolut,aa23fa4c-2ecb-4027-b126-335f9fcd86b1,22,23,f568675d-6085-4d97-b1be-5a38e3d29119,false,downloadableSrc,200,image/webp,58448,58448,12b57b6bfdb2dc0c7bf0db8cc796726136bec285f034a691595efea20c14d1ff,1179,2676,,,bytescale.mobbin.com,f7a1807c1ac98ccf0eecf5078d61346ac9a94ca37a547f5708d580528c9e55c0,/Users/user/mobbin-sides/screen-flows/revolut/001-revolut-onboarding-7291bae9-7b5a-4b40-a911-316447f4437c/023-f568675d-6085-4d97-b1be-5a38e3d29119-downloadableSrc-12b57b6bfdb2.webp
7291bae9-7b5a-4b40-a911-316447f4437c,Onboarding,28b2d970-a05d-4509-99dd-83d47dbc3a16,Revolut,aa23fa4c-2ecb-4027-b126-335f9fcd86b1,23,24,1af3056a-424f-4d82-8f48-b5797a1e3171,false,downloadableSrc,200,image/webp,102270,102270,4cbfd09f5d716ea3a2fb31478d81d68f962d38dda69b91e29414a3a469a1baf0,1179,2676,,,bytescale.mobbin.com,f7a1807c1ac98ccf0eecf5078d61346ac9a94ca37a547f5708d580528c9e55c0,/Users/user/mobbin-sides/screen-flows/revolut/001-revolut-onboarding-7291bae9-7b5a-4b40-a911-316447f4437c/024-1af3056a-424f-4d82-8f48-b5797a1e3171-downloadableSrc-4cbfd09f5d71.webp
24ff924f-1325-4c28-8a5d-2a50cb8ecd1e,Verifying identity,28b2d970-a05d-4509-99dd-83d47dbc3a16,Revolut,aa23fa4c-2ecb-4027-b126-335f9fcd86b1,0,1,d3fbc198-70f5-4af3-98a5-60a4308429d9,true,downloadableSrc,200,image/webp,65532,65532,fd8316d3f5c396f4367ce651f824bfc39a54bad3938430ab47287eb5e7a80574,1179,2676,,,bytescale.mobbin.com,f7a1807c1ac98ccf0eecf5078d61346ac9a94ca37a547f5708d580528c9e55c0,/Users/user/mobbin-sides/screen-flows/revolut/002-revolut-verifying-identity-24ff924f-1325-4c28-8a5d-2a50cb8ecd1e/001-d3fbc198-70f5-4af3-98a5-60a4308429d9-downloadableSrc-fd8316d3f5c3.webp
24ff924f-1325-4c28-8a5d-2a50cb8ecd1e,Verifying identity,28b2d970-a05d-4509-99dd-83d47dbc3a16,Revolut,aa23fa4c-2ecb-4027-b126-335f9fcd86b1,1,2,62715d83-4d65-4f58-a0ab-233c5cde30af,true,downloadableSrc,200,image/webp,39580,39580,d1d29902c6deaaa2d86a01533f3b9b5305e92af03925fe607f8c1003ca32ca07,1179,2676,,,bytescale.mobbin.com,f7a1807c1ac98ccf0eecf5078d61346ac9a94ca37a547f5708d580528c9e55c0,/Users/user/mobbin-sides/screen-flows/revolut/002-revolut-verifying-identity-24ff924f-1325-4c28-8a5d-2a50cb8ecd1e/002-62715d83-4d65-4f58-a0ab-233c5cde30af-downloadableSrc-d1d29902c6de.webp
24ff924f-1325-4c28-8a5d-2a50cb8ecd1e,Verifying identity,28b2d970-a05d-4509-99dd-83d47dbc3a16,Revolut,aa23fa4c-2ecb-4027-b126-335f9fcd86b1,2,3,facbf852-a527-43d1-849b-5f0eb4b11154,true,downloadableSrc,200,image/webp,42674,42674,bb125a6a2bdecded81cccf9f5fbbf39bcf465d14106d4b5b077659e1eab68579,1179,2676,,,bytescale.mobbin.com,f7a1807c1ac98ccf0eecf5078d61346ac9a94ca37a547f5708d580528c9e55c0,/Users/user/mobbin-sides/screen-flows/revolut/002-revolut-verifying-identity-24ff924f-1325-4c28-8a5d-2a50cb8ecd1e/003-facbf852-a527-43d1-849b-5f0eb4b11154-downloadableSrc-bb125a6a2bde.webp
24ff924f-1325-4c28-8a5d-2a50cb8ecd1e,Verifying identity,28b2d970-a05d-4509-99dd-83d47dbc3a16,Revolut,aa23fa4c-2ecb-4027-b126-335f9fcd86b1,3,4,2a4dcd6f-45d9-46e7-adb7-0bf40a00aa0b,true,downloadableSrc,200,image/webp,43690,43690,e746d425ad7e817a520a12a53ab9b9b9c13b94060b49b1f1dce7f35923a9edc4,1179,2676,,,bytescale.mobbin.com,f7a1807c1ac98ccf0eecf5078d61346ac9a94ca37a547f5708d580528c9e55c0,/Users/user/mobbin-sides/screen-flows/revolut/002-revolut-verifying-identity-24ff924f-1325-4c28-8a5d-2a50cb8ecd1e/004-2a4dcd6f-45d9-46e7-adb7-0bf40a00aa0b-downloadableSrc-e746d425ad7e.webp
24ff924f-1325-4c28-8a5d-2a50cb8ecd1e,Verifying identity,28b2d970-a05d-4509-99dd-83d47dbc3a16,Revolut,aa23fa4c-2ecb-4027-b126-335f9fcd86b1,4,5,f90fae96-45a0-488e-85f5-2006f5ba60b9,true,downloadableSrc,200,image/webp,40818,40818,d454076c6de2f0d3383110c8f4f06d6244007860be6efa790c8070c844c7996c,1179,2676,,,bytescale.mobbin.com,f7a1807c1ac98ccf0eecf5078d61346ac9a94ca37a547f5708d580528c9e55c0,/Users/user/mobbin-sides/screen-flows/revolut/002-revolut-verifying-identity-24ff924f-1325-4c28-8a5d-2a50cb8ecd1e/005-f90fae96-45a0-488e-85f5-2006f5ba60b9-downloadableSrc-d454076c6de2.webp
24ff924f-1325-4c28-8a5d-2a50cb8ecd1e,Verifying identity,28b2d970-a05d-4509-99dd-83d47dbc3a16,Revolut,aa23fa4c-2ecb-4027-b126-335f9fcd86b1,5,6,cf1cf93a-a521-41a6-9e2d-7c1efccfcc15,true,downloadableSrc,200,image/webp,47970,47970,f4a2c09c55f58689834c1002414302a4345ad46b21f03fec89251b0ab6b2341b,1179,2676,,,bytescale.mobbin.com,f7a1807c1ac98ccf0eecf5078d61346ac9a94ca37a547f5708d580528c9e55c0,/Users/user/mobbin-sides/screen-flows/revolut/002-revolut-verifying-identity-24ff924f-1325-4c28-8a5d-2a50cb8ecd1e/006-cf1cf93a-a521-41a6-9e2d-7c1efccfcc15-downloadableSrc-f4a2c09c55f5.webp
24ff924f-1325-4c28-8a5d-2a50cb8ecd1e,Verifying identity,28b2d970-a05d-4509-99dd-83d47dbc3a16,Revolut,aa23fa4c-2ecb-4027-b126-335f9fcd86b1,6,7,256eb687-1020-473f-857b-66987e9eaba6,true,downloadableSrc,200,image/webp,60872,60872,3f866be328f61582bd23de740afa36417f0bce4e86b3ec38fae8c9ffbbc8e9cd,1179,2676,,,bytescale.mobbin.com,f7a1807c1ac98ccf0eecf5078d61346ac9a94ca37a547f5708d580528c9e55c0,/Users/user/mobbin-sides/screen-flows/revolut/002-revolut-verifying-identity-24ff924f-1325-4c28-8a5d-2a50cb8ecd1e/007-256eb687-1020-473f-857b-66987e9eaba6-downloadableSrc-3f866be328f6.webp
24ff924f-1325-4c28-8a5d-2a50cb8ecd1e,Verifying identity,28b2d970-a05d-4509-99dd-83d47dbc3a16,Revolut,aa23fa4c-2ecb-4027-b126-335f9fcd86b1,7,8,e2edf931-36c7-4a5f-b719-f6f07f14652f,true,downloadableSrc,200,image/webp,68612,68612,46aa24ba02b8a4bc90c8906612ad7aeb2a4b7bc5b25c364dcd1ff56c87799d2b,1179,2676,,,bytescale.mobbin.com,f7a1807c1ac98ccf0eecf5078d61346ac9a94ca37a547f5708d580528c9e55c0,/Users/user/mobbin-sides/screen-flows/revolut/002-revolut-verifying-identity-24ff924f-1325-4c28-8a5d-2a50cb8ecd1e/008-e2edf931-36c7-4a5f-b719-f6f07f14652f-downloadableSrc-46aa24ba02b8.webp
24ff924f-1325-4c28-8a5d-2a50cb8ecd1e,Verifying identity,28b2d970-a05d-4509-99dd-83d47dbc3a16,Revolut,aa23fa4c-2ecb-4027-b126-335f9fcd86b1,8,9,5cef6c9d-05bb-4c17-8115-aa9349c7b71a,true,downloadableSrc,200,image/webp,47852,47852,0992e3f5fd2aaa20be36d08fea1a9daa1aaf62849958861a0465406c0068d82d,1179,2676,,,bytescale.mobbin.com,f7a1807c1ac98ccf0eecf5078d61346ac9a94ca37a547f5708d580528c9e55c0,/Users/user/mobbin-sides/screen-flows/revolut/002-revolut-verifying-identity-24ff924f-1325-4c28-8a5d-2a50cb8ecd1e/009-5cef6c9d-05bb-4c17-8115-aa9349c7b71a-downloadableSrc-0992e3f5fd2a.webp
24ff924f-1325-4c28-8a5d-2a50cb8ecd1e,Verifying identity,28b2d970-a05d-4509-99dd-83d47dbc3a16,Revolut,aa23fa4c-2ecb-4027-b126-335f9fcd86b1,9,10,6a796156-17ab-4849-9b20-20e2d5a14599,true,downloadableSrc,200,image/webp,49728,49728,2c9352a050c33c8759a84e2e3ad97a8ec1bce5585559b34edeb10e242f27ebe4,1179,2676,,,bytescale.mobbin.com,f7a1807c1ac98ccf0eecf5078d61346ac9a94ca37a547f5708d580528c9e55c0,/Users/user/mobbin-sides/screen-flows/revolut/002-revolut-verifying-identity-24ff924f-1325-4c28-8a5d-2a50cb8ecd1e/010-6a796156-17ab-4849-9b20-20e2d5a14599-downloadableSrc-2c9352a050c3.webp
24ff924f-1325-4c28-8a5d-2a50cb8ecd1e,Verifying identity,28b2d970-a05d-4509-99dd-83d47dbc3a16,Revolut,aa23fa4c-2ecb-4027-b126-335f9fcd86b1,10,11,bb77b480-6a33-451c-b988-dfadab43a3b7,true,downloadableSrc,200,image/webp,34932,34932,9161b7cc1467f7f8b60cfba11f78c13784d429d902a134927028d4bc36e1409c,1179,2676,,,bytescale.mobbin.com,f7a1807c1ac98ccf0eecf5078d61346ac9a94ca37a547f5708d580528c9e55c0,/Users/user/mobbin-sides/screen-flows/revolut/002-revolut-verifying-identity-24ff924f-1325-4c28-8a5d-2a50cb8ecd1e/011-bb77b480-6a33-451c-b988-dfadab43a3b7-downloadableSrc-9161b7cc1467.webp
24ff924f-1325-4c28-8a5d-2a50cb8ecd1e,Verifying identity,28b2d970-a05d-4509-99dd-83d47dbc3a16,Revolut,aa23fa4c-2ecb-4027-b126-335f9fcd86b1,11,12,9d9c1053-70ff-411e-910d-04cd8cfed9e8,true,downloadableSrc,200,image/webp,37018,37018,600ba53b7113ef2fc8ef652b373ec992108578a8cef3e0031c4d68ab726b6c0d,1179,2676,,,bytescale.mobbin.com,f7a1807c1ac98ccf0eecf5078d61346ac9a94ca37a547f5708d580528c9e55c0,/Users/user/mobbin-sides/screen-flows/revolut/002-revolut-verifying-identity-24ff924f-1325-4c28-8a5d-2a50cb8ecd1e/012-9d9c1053-70ff-411e-910d-04cd8cfed9e8-downloadableSrc-600ba53b7113.webp
24ff924f-1325-4c28-8a5d-2a50cb8ecd1e,Verifying identity,28b2d970-a05d-4509-99dd-83d47dbc3a16,Revolut,aa23fa4c-2ecb-4027-b126-335f9fcd86b1,12,13,32ec6a6c-058f-4c5d-9f83-3dc93374a54a,true,downloadableSrc,200,image/webp,34068,34068,268b46df4e6290c80a48b2ff90b2dff88fdaea73871a171b231468bc84fba340,1179,2676,,,bytescale.mobbin.com,f7a1807c1ac98ccf0eecf5078d61346ac9a94ca37a547f5708d580528c9e55c0,/Users/user/mobbin-sides/screen-flows/revolut/002-revolut-verifying-identity-24ff924f-1325-4c28-8a5d-2a50cb8ecd1e/013-32ec6a6c-058f-4c5d-9f83-3dc93374a54a-downloadableSrc-268b46df4e62.webp
24ff924f-1325-4c28-8a5d-2a50cb8ecd1e,Verifying identity,28b2d970-a05d-4509-99dd-83d47dbc3a16,Revolut,aa23fa4c-2ecb-4027-b126-335f9fcd86b1,13,14,da0b6a7d-77d6-4e90-bd37-10d8f0caf29d,true,downloadableSrc,200,image/webp,43504,43504,d69148c076fa0201b36897f6a968ec899b7e427f3ad30da2cef5e8c54ec6ffea,1179,2676,,,bytescale.mobbin.com,f7a1807c1ac98ccf0eecf5078d61346ac9a94ca37a547f5708d580528c9e55c0,/Users/user/mobbin-sides/screen-flows/revolut/002-revolut-verifying-identity-24ff924f-1325-4c28-8a5d-2a50cb8ecd1e/014-da0b6a7d-77d6-4e90-bd37-10d8f0caf29d-downloadableSrc-d69148c076fa.webp
24ff924f-1325-4c28-8a5d-2a50cb8ecd1e,Verifying identity,28b2d970-a05d-4509-99dd-83d47dbc3a16,Revolut,aa23fa4c-2ecb-4027-b126-335f9fcd86b1,14,15,48b74e4e-c4e5-4d17-999d-1215ac6bb64e,true,downloadableSrc,200,image/webp,65858,65858,338af8a9efbbaa9042d0654f78159acb4b34634dd9c878ab79e2c3f021cc1b19,1179,2676,,,bytescale.mobbin.com,f7a1807c1ac98ccf0eecf5078d61346ac9a94ca37a547f5708d580528c9e55c0,/Users/user/mobbin-sides/screen-flows/revolut/002-revolut-verifying-identity-24ff924f-1325-4c28-8a5d-2a50cb8ecd1e/015-48b74e4e-c4e5-4d17-999d-1215ac6bb64e-downloadableSrc-338af8a9efbb.webp
24ff924f-1325-4c28-8a5d-2a50cb8ecd1e,Verifying identity,28b2d970-a05d-4509-99dd-83d47dbc3a16,Revolut,aa23fa4c-2ecb-4027-b126-335f9fcd86b1,15,16,d452cdfc-96e0-4731-b9fe-aa1256d43896,true,downloadableSrc,200,image/webp,46200,46200,eb2edc97da44f8e476925d5a2f0f4f555a5cc31738604b060a0f95388a9a3a3e,1179,2676,,,bytescale.mobbin.com,f7a1807c1ac98ccf0eecf5078d61346ac9a94ca37a547f5708d580528c9e55c0,/Users/user/mobbin-sides/screen-flows/revolut/002-revolut-verifying-identity-24ff924f-1325-4c28-8a5d-2a50cb8ecd1e/016-d452cdfc-96e0-4731-b9fe-aa1256d43896-downloadableSrc-eb2edc97da44.webp
24ff924f-1325-4c28-8a5d-2a50cb8ecd1e,Verifying identity,28b2d970-a05d-4509-99dd-83d47dbc3a16,Revolut,aa23fa4c-2ecb-4027-b126-335f9fcd86b1,16,17,835cf9c0-07ea-426f-819a-433ed7c59425,true,downloadableSrc,200,image/webp,31468,31468,2f4f4d5f338c4ce83224f6a9a670d31ee04565ce7728a57f21fc1a3b1ffd99d2,1179,2676,,,bytescale.mobbin.com,f7a1807c1ac98ccf0eecf5078d61346ac9a94ca37a547f5708d580528c9e55c0,/Users/user/mobbin-sides/screen-flows/revolut/002-revolut-verifying-identity-24ff924f-1325-4c28-8a5d-2a50cb8ecd1e/017-835cf9c0-07ea-426f-819a-433ed7c59425-downloadableSrc-2f4f4d5f338c.webp
24ff924f-1325-4c28-8a5d-2a50cb8ecd1e,Verifying identity,28b2d970-a05d-4509-99dd-83d47dbc3a16,Revolut,aa23fa4c-2ecb-4027-b126-335f9fcd86b1,17,18,d82214a9-ce67-44e9-adbc-b0b9d80b3007,true,downloadableSrc,200,image/webp,42566,42566,9c1172e3eb3111dc409bd7caf29b7c393cc3bbad515bf5c83c3f78ae8aba58d0,1179,2676,,,bytescale.mobbin.com,f7a1807c1ac98ccf0eecf5078d61346ac9a94ca37a547f5708d580528c9e55c0,/Users/user/mobbin-sides/screen-flows/revolut/002-revolut-verifying-identity-24ff924f-1325-4c28-8a5d-2a50cb8ecd1e/018-d82214a9-ce67-44e9-adbc-b0b9d80b3007-downloadableSrc-9c1172e3eb31.webp
24ff924f-1325-4c28-8a5d-2a50cb8ecd1e,Verifying identity,28b2d970-a05d-4509-99dd-83d47dbc3a16,Revolut,aa23fa4c-2ecb-4027-b126-335f9fcd86b1,18,19,188582b4-c73e-4236-a706-c4f45849be56,true,downloadableSrc,200,image/webp,21284,21284,5cbd5f41f4e119f3b6298bb784d039bfe0220fd66e445bbc7eed94b1461efd17,1179,2676,,,bytescale.mobbin.com,f7a1807c1ac98ccf0eecf5078d61346ac9a94ca37a547f5708d580528c9e55c0,/Users/user/mobbin-sides/screen-flows/revolut/002-revolut-verifying-identity-24ff924f-1325-4c28-8a5d-2a50cb8ecd1e/019-188582b4-c73e-4236-a706-c4f45849be56-downloadableSrc-5cbd5f41f4e1.webp
24ff924f-1325-4c28-8a5d-2a50cb8ecd1e,Verifying identity,28b2d970-a05d-4509-99dd-83d47dbc3a16,Revolut,aa23fa4c-2ecb-4027-b126-335f9fcd86b1,19,20,6ef7892c-f8e5-4354-8b62-fe8694b01bde,true,downloadableSrc,200,image/webp,64348,64348,59b4bcac52ae647b31fe5f3c67d8cb4cb4071ff34b9e0396cc76396d1e0124ec,1179,2676,,,bytescale.mobbin.com,f7a1807c1ac98ccf0eecf5078d61346ac9a94ca37a547f5708d580528c9e55c0,/Users/user/mobbin-sides/screen-flows/revolut/002-revolut-verifying-identity-24ff924f-1325-4c28-8a5d-2a50cb8ecd1e/020-6ef7892c-f8e5-4354-8b62-fe8694b01bde-downloadableSrc-59b4bcac52ae.webp
24ff924f-1325-4c28-8a5d-2a50cb8ecd1e,Verifying identity,28b2d970-a05d-4509-99dd-83d47dbc3a16,Revolut,aa23fa4c-2ecb-4027-b126-335f9fcd86b1,20,21,8ed8cf9d-b37b-4af0-973c-8145c342ddba,true,downloadableSrc,200,image/webp,45318,45318,ab7b01c338964a389c71b2cfe21f0e94be4e6e2712366ba3d4bb92ec675ece67,1179,2676,,,bytescale.mobbin.com,f7a1807c1ac98ccf0eecf5078d61346ac9a94ca37a547f5708d580528c9e55c0,/Users/user/mobbin-sides/screen-flows/revolut/002-revolut-verifying-identity-24ff924f-1325-4c28-8a5d-2a50cb8ecd1e/021-8ed8cf9d-b37b-4af0-973c-8145c342ddba-downloadableSrc-ab7b01c33896.webp
24ff924f-1325-4c28-8a5d-2a50cb8ecd1e,Verifying identity,28b2d970-a05d-4509-99dd-83d47dbc3a16,Revolut,aa23fa4c-2ecb-4027-b126-335f9fcd86b1,21,22,2011c2c3-a68c-46ba-832b-c8420d26ac42,true,downloadableSrc,200,image/webp,27402,27402,43c5a6da715f42f489a03153bca6db02914fe587e56fae24d7203b02cf98b4cf,1179,2676,,,bytescale.mobbin.com,f7a1807c1ac98ccf0eecf5078d61346ac9a94ca37a547f5708d580528c9e55c0,/Users/user/mobbin-sides/screen-flows/revolut/002-revolut-verifying-identity-24ff924f-1325-4c28-8a5d-2a50cb8ecd1e/022-2011c2c3-a68c-46ba-832b-c8420d26ac42-downloadableSrc-43c5a6da715f.webp
24ff924f-1325-4c28-8a5d-2a50cb8ecd1e,Verifying identity,28b2d970-a05d-4509-99dd-83d47dbc3a16,Revolut,aa23fa4c-2ecb-4027-b126-335f9fcd86b1,22,23,79e6a562-ac40-4342-a29f-6b4b80b91f73,true,downloadableSrc,200,image/webp,108886,108886,f24b359151d2aeca4f39d0b7c7d50d4b318b17402a0a941b4345862a4ea8052b,1179,2676,,,bytescale.mobbin.com,f7a1807c1ac98ccf0eecf5078d61346ac9a94ca37a547f5708d580528c9e55c0,/Users/user/mobbin-sides/screen-flows/revolut/002-revolut-verifying-identity-24ff924f-1325-4c28-8a5d-2a50cb8ecd1e/023-79e6a562-ac40-4342-a29f-6b4b80b91f73-downloadableSrc-f24b359151d2.webp
a2a893a2-d70b-4a3a-ad61-7909e174c27c,Uploading a profile picture,28b2d970-a05d-4509-99dd-83d47dbc3a16,Revolut,aa23fa4c-2ecb-4027-b126-335f9fcd86b1,0,1,deb8afab-e7c0-4c4f-ba5b-b04367227beb,true,downloadableSrc,200,image/webp,59114,59114,86cf7b7781b346d234e7d43fb8e4697ddddebe57c445358d2bbd042bd0ddc501,1179,2676,,,bytescale.mobbin.com,f7a1807c1ac98ccf0eecf5078d61346ac9a94ca37a547f5708d580528c9e55c0,/Users/user/mobbin-sides/screen-flows/revolut/003-revolut-uploading-a-profile-picture-a2a893a2-d70b-4a3a-ad61-7909e174c27c/001-deb8afab-e7c0-4c4f-ba5b-b04367227beb-downloadableSrc-86cf7b7781b3.webp
a2a893a2-d70b-4a3a-ad61-7909e174c27c,Uploading a profile picture,28b2d970-a05d-4509-99dd-83d47dbc3a16,Revolut,aa23fa4c-2ecb-4027-b126-335f9fcd86b1,1,2,66c55a36-e951-40b8-ae10-277b695e5bb8,true,downloadableSrc,200,image/webp,40802,40802,0c44cd84089ba780284ae9e080ed01e6852289540eea2e8018fef66d9144a212,1179,2676,,,bytescale.mobbin.com,f7a1807c1ac98ccf0eecf5078d61346ac9a94ca37a547f5708d580528c9e55c0,/Users/user/mobbin-sides/screen-flows/revolut/003-revolut-uploading-a-profile-picture-a2a893a2-d70b-4a3a-ad61-7909e174c27c/002-66c55a36-e951-40b8-ae10-277b695e5bb8-downloadableSrc-0c44cd84089b.webp
a2a893a2-d70b-4a3a-ad61-7909e174c27c,Uploading a profile picture,28b2d970-a05d-4509-99dd-83d47dbc3a16,Revolut,aa23fa4c-2ecb-4027-b126-335f9fcd86b1,2,3,346f23b2-85f7-44dd-9d23-787bd3ea8d2e,true,downloadableSrc,200,image/webp,60640,60640,5b9c0ffe5ed86be38847d80b204cf69c264ce2f856843977966beb14fb2ce639,1179,2676,,,bytescale.mobbin.com,f7a1807c1ac98ccf0eecf5078d61346ac9a94ca37a547f5708d580528c9e55c0,/Users/user/mobbin-sides/screen-flows/revolut/003-revolut-uploading-a-profile-picture-a2a893a2-d70b-4a3a-ad61-7909e174c27c/003-346f23b2-85f7-44dd-9d23-787bd3ea8d2e-downloadableSrc-5b9c0ffe5ed8.webp
cf545c06-58ab-4509-80c2-4a233fea424a,Subscribing to Revolut,28b2d970-a05d-4509-99dd-83d47dbc3a16,Revolut,aa23fa4c-2ecb-4027-b126-335f9fcd86b1,0,1,1af3056a-424f-4d82-8f48-b5797a1e3171,true,downloadableSrc,200,image/webp,102270,102270,4cbfd09f5d716ea3a2fb31478d81d68f962d38dda69b91e29414a3a469a1baf0,1179,2676,,,bytescale.mobbin.com,f7a1807c1ac98ccf0eecf5078d61346ac9a94ca37a547f5708d580528c9e55c0,/Users/user/mobbin-sides/screen-flows/revolut/004-revolut-subscribing-to-revolut-cf545c06-58ab-4509-80c2-4a233fea424a/001-1af3056a-424f-4d82-8f48-b5797a1e3171-downloadableSrc-4cbfd09f5d71.webp
cf545c06-58ab-4509-80c2-4a233fea424a,Subscribing to Revolut,28b2d970-a05d-4509-99dd-83d47dbc3a16,Revolut,aa23fa4c-2ecb-4027-b126-335f9fcd86b1,1,2,c7ac52e8-727e-4979-bf8e-13c44bde6ebb,true,downloadableSrc,200,image/webp,108014,108014,3e1b34f2a1791b9e4c3014c99745d5dc7ddbb6dc0659e6d32e74bddcf884c93a,1179,2676,,,bytescale.mobbin.com,f7a1807c1ac98ccf0eecf5078d61346ac9a94ca37a547f5708d580528c9e55c0,/Users/user/mobbin-sides/screen-flows/revolut/004-revolut-subscribing-to-revolut-cf545c06-58ab-4509-80c2-4a233fea424a/002-c7ac52e8-727e-4979-bf8e-13c44bde6ebb-downloadableSrc-3e1b34f2a179.webp
cf545c06-58ab-4509-80c2-4a233fea424a,Subscribing to Revolut,28b2d970-a05d-4509-99dd-83d47dbc3a16,Revolut,aa23fa4c-2ecb-4027-b126-335f9fcd86b1,2,3,a95223a3-489e-4e37-8332-98c72c9146d2,true,downloadableSrc,200,image/webp,55688,55688,8221622e5d10d9be291381e291ad98a385e1682807bc8b270d6ff4315dfa75c3,1179,2676,,,bytescale.mobbin.com,f7a1807c1ac98ccf0eecf5078d61346ac9a94ca37a547f5708d580528c9e55c0,/Users/user/mobbin-sides/screen-flows/revolut/004-revolut-subscribing-to-revolut-cf545c06-58ab-4509-80c2-4a233fea424a/003-a95223a3-489e-4e37-8332-98c72c9146d2-downloadableSrc-8221622e5d10.webp
cf545c06-58ab-4509-80c2-4a233fea424a,Subscribing to Revolut,28b2d970-a05d-4509-99dd-83d47dbc3a16,Revolut,aa23fa4c-2ecb-4027-b126-335f9fcd86b1,3,4,d879b16f-a3a2-4660-acc2-2c4bfc668caa,true,downloadableSrc,200,image/webp,36350,36350,80a55ab9fcd6468450055c0b957cfafaa00a3a47d9bc0ce60077657f4c3d0353,1179,2676,,,bytescale.mobbin.com,f7a1807c1ac98ccf0eecf5078d61346ac9a94ca37a547f5708d580528c9e55c0,/Users/user/mobbin-sides/screen-flows/revolut/004-revolut-subscribing-to-revolut-cf545c06-58ab-4509-80c2-4a233fea424a/004-d879b16f-a3a2-4660-acc2-2c4bfc668caa-downloadableSrc-80a55ab9fcd6.webp
cf545c06-58ab-4509-80c2-4a233fea424a,Subscribing to Revolut,28b2d970-a05d-4509-99dd-83d47dbc3a16,Revolut,aa23fa4c-2ecb-4027-b126-335f9fcd86b1,4,5,8e5acc1f-8692-4664-a467-36eb319426d1,true,downloadableSrc,200,image/webp,40252,40252,af022a09dbaa65e8c399a0e7c78bd4392dbe354b7b930a1bc447e1028721486c,1179,2676,,,bytescale.mobbin.com,f7a1807c1ac98ccf0eecf5078d61346ac9a94ca37a547f5708d580528c9e55c0,/Users/user/mobbin-sides/screen-flows/revolut/004-revolut-subscribing-to-revolut-cf545c06-58ab-4509-80c2-4a233fea424a/005-8e5acc1f-8692-4664-a467-36eb319426d1-downloadableSrc-af022a09dbaa.webp
cf545c06-58ab-4509-80c2-4a233fea424a,Subscribing to Revolut,28b2d970-a05d-4509-99dd-83d47dbc3a16,Revolut,aa23fa4c-2ecb-4027-b126-335f9fcd86b1,5,6,ed81059b-8107-4434-bf94-e651035b8a94,true,downloadableSrc,200,image/webp,41148,41148,977b5077c278f9de2d5a9845faf1ac2409807bbdbfb632a0cb8a313b9d976273,1179,2676,,,bytescale.mobbin.com,f7a1807c1ac98ccf0eecf5078d61346ac9a94ca37a547f5708d580528c9e55c0,/Users/user/mobbin-sides/screen-flows/revolut/004-revolut-subscribing-to-revolut-cf545c06-58ab-4509-80c2-4a233fea424a/006-ed81059b-8107-4434-bf94-e651035b8a94-downloadableSrc-977b5077c278.webp
cf545c06-58ab-4509-80c2-4a233fea424a,Subscribing to Revolut,28b2d970-a05d-4509-99dd-83d47dbc3a16,Revolut,aa23fa4c-2ecb-4027-b126-335f9fcd86b1,6,7,1769d8eb-42a6-4120-ba8d-977ab72bf98e,true,downloadableSrc,200,image/webp,39352,39352,6ea156c77b2a6aec5880b77ade272669bc7652836a661a6a06ea9894fc276418,1179,2676,,,bytescale.mobbin.com,f7a1807c1ac98ccf0eecf5078d61346ac9a94ca37a547f5708d580528c9e55c0,/Users/user/mobbin-sides/screen-flows/revolut/004-revolut-subscribing-to-revolut-cf545c06-58ab-4509-80c2-4a233fea424a/007-1769d8eb-42a6-4120-ba8d-977ab72bf98e-downloadableSrc-6ea156c77b2a.webp
cf545c06-58ab-4509-80c2-4a233fea424a,Subscribing to Revolut,28b2d970-a05d-4509-99dd-83d47dbc3a16,Revolut,aa23fa4c-2ecb-4027-b126-335f9fcd86b1,7,8,b3b34bc0-905c-48c3-9cd3-8c9bb70c03ab,true,downloadableSrc,200,image/webp,46298,46298,12a49f875aa5305f407c1ce51b8fbd096fcd968832decc98df17872f8128788b,1179,2676,,,bytescale.mobbin.com,f7a1807c1ac98ccf0eecf5078d61346ac9a94ca37a547f5708d580528c9e55c0,/Users/user/mobbin-sides/screen-flows/revolut/004-revolut-subscribing-to-revolut-cf545c06-58ab-4509-80c2-4a233fea424a/008-b3b34bc0-905c-48c3-9cd3-8c9bb70c03ab-downloadableSrc-12a49f875aa5.webp
cf545c06-58ab-4509-80c2-4a233fea424a,Subscribing to Revolut,28b2d970-a05d-4509-99dd-83d47dbc3a16,Revolut,aa23fa4c-2ecb-4027-b126-335f9fcd86b1,8,9,2d4cc056-b69e-42df-8699-bba3c03bc9d6,true,downloadableSrc,200,image/webp,50560,50560,4b200534a5d4ac9a42d903058c53771af8f2fdf9ce32af5687ec6291d15f7beb,1179,2676,,,bytescale.mobbin.com,f7a1807c1ac98ccf0eecf5078d61346ac9a94ca37a547f5708d580528c9e55c0,/Users/user/mobbin-sides/screen-flows/revolut/004-revolut-subscribing-to-revolut-cf545c06-58ab-4509-80c2-4a233fea424a/009-2d4cc056-b69e-42df-8699-bba3c03bc9d6-downloadableSrc-4b200534a5d4.webp
cf545c06-58ab-4509-80c2-4a233fea424a,Subscribing to Revolut,28b2d970-a05d-4509-99dd-83d47dbc3a16,Revolut,aa23fa4c-2ecb-4027-b126-335f9fcd86b1,9,10,9a94a43d-9294-4374-b5f0-64d4d15cb7e5,true,downloadableSrc,200,image/webp,49152,49152,e06908f7c7430e235c838d814cc435b3d9fe2a6d4ddd7f21379748a36987bd3d,1179,2676,,,bytescale.mobbin.com,f7a1807c1ac98ccf0eecf5078d61346ac9a94ca37a547f5708d580528c9e55c0,/Users/user/mobbin-sides/screen-flows/revolut/004-revolut-subscribing-to-revolut-cf545c06-58ab-4509-80c2-4a233fea424a/010-9a94a43d-9294-4374-b5f0-64d4d15cb7e5-downloadableSrc-e06908f7c743.webp
cf545c06-58ab-4509-80c2-4a233fea424a,Subscribing to Revolut,28b2d970-a05d-4509-99dd-83d47dbc3a16,Revolut,aa23fa4c-2ecb-4027-b126-335f9fcd86b1,10,11,55494850-cfc0-4c0f-92d3-db86303a146c,true,downloadableSrc,200,image/webp,53706,53706,ac34efb5dfe98352090ccf9632737992a14ed38a27ac624b27231f09d93a8835,1179,2676,,,bytescale.mobbin.com,f7a1807c1ac98ccf0eecf5078d61346ac9a94ca37a547f5708d580528c9e55c0,/Users/user/mobbin-sides/screen-flows/revolut/004-revolut-subscribing-to-revolut-cf545c06-58ab-4509-80c2-4a233fea424a/011-55494850-cfc0-4c0f-92d3-db86303a146c-downloadableSrc-ac34efb5dfe9.webp
cf545c06-58ab-4509-80c2-4a233fea424a,Subscribing to Revolut,28b2d970-a05d-4509-99dd-83d47dbc3a16,Revolut,aa23fa4c-2ecb-4027-b126-335f9fcd86b1,11,12,bc0ed19f-23ac-49e9-8f06-e4525e947582,true,downloadableSrc,200,image/webp,32334,32334,798ca3a10d3aa48d932711964f41b9861b83b97a4d15cc064100ddd82c5c8d97,1179,2676,,,bytescale.mobbin.com,f7a1807c1ac98ccf0eecf5078d61346ac9a94ca37a547f5708d580528c9e55c0,/Users/user/mobbin-sides/screen-flows/revolut/004-revolut-subscribing-to-revolut-cf545c06-58ab-4509-80c2-4a233fea424a/012-bc0ed19f-23ac-49e9-8f06-e4525e947582-downloadableSrc-798ca3a10d3a.webp
cf545c06-58ab-4509-80c2-4a233fea424a,Subscribing to Revolut,28b2d970-a05d-4509-99dd-83d47dbc3a16,Revolut,aa23fa4c-2ecb-4027-b126-335f9fcd86b1,12,13,d465a18d-3f0b-43ec-a6ec-c8810f78d928,true,downloadableSrc,200,image/webp,48262,48262,7de56c8927f237e7c630d3275549f9f8b70c0f74fca6d342c6abe0f544a6e131,1179,2676,,,bytescale.mobbin.com,f7a1807c1ac98ccf0eecf5078d61346ac9a94ca37a547f5708d580528c9e55c0,/Users/user/mobbin-sides/screen-flows/revolut/004-revolut-subscribing-to-revolut-cf545c06-58ab-4509-80c2-4a233fea424a/013-d465a18d-3f0b-43ec-a6ec-c8810f78d928-downloadableSrc-7de56c8927f2.webp
cf545c06-58ab-4509-80c2-4a233fea424a,Subscribing to Revolut,28b2d970-a05d-4509-99dd-83d47dbc3a16,Revolut,aa23fa4c-2ecb-4027-b126-335f9fcd86b1,13,14,62272aa1-883e-4c36-b853-7a0706983d62,true,downloadableSrc,200,image/webp,71614,71614,3f7fbf370b20634d701cab8fbc31cc453faf72b004c5e503954c906cd35cea9b,1179,2676,,,bytescale.mobbin.com,f7a1807c1ac98ccf0eecf5078d61346ac9a94ca37a547f5708d580528c9e55c0,/Users/user/mobbin-sides/screen-flows/revolut/004-revolut-subscribing-to-revolut-cf545c06-58ab-4509-80c2-4a233fea424a/014-62272aa1-883e-4c36-b853-7a0706983d62-downloadableSrc-3f7fbf370b20.webp
e752e474-5cdf-4960-a2cd-58acdbe58f61,Upgrade to Metal,28b2d970-a05d-4509-99dd-83d47dbc3a16,Revolut,aa23fa4c-2ecb-4027-b126-335f9fcd86b1,0,1,a95223a3-489e-4e37-8332-98c72c9146d2,true,downloadableSrc,200,image/webp,55688,55688,8221622e5d10d9be291381e291ad98a385e1682807bc8b270d6ff4315dfa75c3,1179,2676,,,bytescale.mobbin.com,f7a1807c1ac98ccf0eecf5078d61346ac9a94ca37a547f5708d580528c9e55c0,/Users/user/mobbin-sides/screen-flows/revolut/005-revolut-upgrade-to-metal-e752e474-5cdf-4960-a2cd-58acdbe58f61/001-a95223a3-489e-4e37-8332-98c72c9146d2-downloadableSrc-8221622e5d10.webp
e752e474-5cdf-4960-a2cd-58acdbe58f61,Upgrade to Metal,28b2d970-a05d-4509-99dd-83d47dbc3a16,Revolut,aa23fa4c-2ecb-4027-b126-335f9fcd86b1,1,2,b1afe9c8-0913-42de-9640-399ff2780232,true,downloadableSrc,200,image/webp,60978,60978,3c995548145e8cea1aa8578e7c6fd240c3140ab2c59260543f4ba628b233d55f,1179,2676,,,bytescale.mobbin.com,f7a1807c1ac98ccf0eecf5078d61346ac9a94ca37a547f5708d580528c9e55c0,/Users/user/mobbin-sides/screen-flows/revolut/005-revolut-upgrade-to-metal-e752e474-5cdf-4960-a2cd-58acdbe58f61/002-b1afe9c8-0913-42de-9640-399ff2780232-downloadableSrc-3c995548145e.webp
e752e474-5cdf-4960-a2cd-58acdbe58f61,Upgrade to Metal,28b2d970-a05d-4509-99dd-83d47dbc3a16,Revolut,aa23fa4c-2ecb-4027-b126-335f9fcd86b1,2,3,9e4d6fca-ab2a-49e6-8de0-6237d3bdce8a,true,downloadableSrc,200,image/webp,46428,46428,eeea98acd5bdd9f0a91243d3fc25d24c18b79d220051e088bb493bad5ab76653,1179,2676,,,bytescale.mobbin.com,f7a1807c1ac98ccf0eecf5078d61346ac9a94ca37a547f5708d580528c9e55c0,/Users/user/mobbin-sides/screen-flows/revolut/005-revolut-upgrade-to-metal-e752e474-5cdf-4960-a2cd-58acdbe58f61/003-9e4d6fca-ab2a-49e6-8de0-6237d3bdce8a-downloadableSrc-eeea98acd5bd.webp
e752e474-5cdf-4960-a2cd-58acdbe58f61,Upgrade to Metal,28b2d970-a05d-4509-99dd-83d47dbc3a16,Revolut,aa23fa4c-2ecb-4027-b126-335f9fcd86b1,3,4,901bd0b2-6a80-4698-9a58-696d6eccf40e,true,downloadableSrc,200,image/webp,101970,101970,f7e340f91aa5271725b4539a1246ec8b4531e95279d43511351b6343ce8cd0b2,1179,2676,,,bytescale.mobbin.com,f7a1807c1ac98ccf0eecf5078d61346ac9a94ca37a547f5708d580528c9e55c0,/Users/user/mobbin-sides/screen-flows/revolut/005-revolut-upgrade-to-metal-e752e474-5cdf-4960-a2cd-58acdbe58f61/004-901bd0b2-6a80-4698-9a58-696d6eccf40e-downloadableSrc-f7e340f91aa5.webp
8552c220-69c3-4269-8152-07e1bb2f7eac,Customizing a card,28b2d970-a05d-4509-99dd-83d47dbc3a16,Revolut,aa23fa4c-2ecb-4027-b126-335f9fcd86b1,0,1,d879b16f-a3a2-4660-acc2-2c4bfc668caa,true,downloadableSrc,200,image/webp,36350,36350,80a55ab9fcd6468450055c0b957cfafaa00a3a47d9bc0ce60077657f4c3d0353,1179,2676,,,bytescale.mobbin.com,f7a1807c1ac98ccf0eecf5078d61346ac9a94ca37a547f5708d580528c9e55c0,/Users/user/mobbin-sides/screen-flows/revolut/006-revolut-customizing-a-card-8552c220-69c3-4269-8152-07e1bb2f7eac/001-d879b16f-a3a2-4660-acc2-2c4bfc668caa-downloadableSrc-80a55ab9fcd6.webp
8552c220-69c3-4269-8152-07e1bb2f7eac,Customizing a card,28b2d970-a05d-4509-99dd-83d47dbc3a16,Revolut,aa23fa4c-2ecb-4027-b126-335f9fcd86b1,1,2,89b1a83f-468a-46b9-8caf-d994b6633759,true,downloadableSrc,200,image/webp,41024,41024,7b83b328c46569c67cccf5c1a67e8d2c8d25cea2471606885e44a348f40e21bf,1179,2676,,,bytescale.mobbin.com,f7a1807c1ac98ccf0eecf5078d61346ac9a94ca37a547f5708d580528c9e55c0,/Users/user/mobbin-sides/screen-flows/revolut/006-revolut-customizing-a-card-8552c220-69c3-4269-8152-07e1bb2f7eac/002-89b1a83f-468a-46b9-8caf-d994b6633759-downloadableSrc-7b83b328c465.webp
8552c220-69c3-4269-8152-07e1bb2f7eac,Customizing a card,28b2d970-a05d-4509-99dd-83d47dbc3a16,Revolut,aa23fa4c-2ecb-4027-b126-335f9fcd86b1,2,3,b97a0427-311e-43d4-82c9-f165a789c730,true,downloadableSrc,200,image/webp,90626,90626,fd28958d5030bd24416a944fae15b49999744c6993ebee11bafb5926290ec5ed,1179,2676,,,bytescale.mobbin.com,f7a1807c1ac98ccf0eecf5078d61346ac9a94ca37a547f5708d580528c9e55c0,/Users/user/mobbin-sides/screen-flows/revolut/006-revolut-customizing-a-card-8552c220-69c3-4269-8152-07e1bb2f7eac/003-b97a0427-311e-43d4-82c9-f165a789c730-downloadableSrc-fd28958d5030.webp
8552c220-69c3-4269-8152-07e1bb2f7eac,Customizing a card,28b2d970-a05d-4509-99dd-83d47dbc3a16,Revolut,aa23fa4c-2ecb-4027-b126-335f9fcd86b1,3,4,a2e697c0-2b38-4be2-a97b-7cd39c38863d,true,downloadableSrc,200,image/webp,50102,50102,db102ca11ff6eceee6e7e6c6417621aa6d052e23eb4653b68809c7d3689c5b5a,1179,2676,,,bytescale.mobbin.com,f7a1807c1ac98ccf0eecf5078d61346ac9a94ca37a547f5708d580528c9e55c0,/Users/user/mobbin-sides/screen-flows/revolut/006-revolut-customizing-a-card-8552c220-69c3-4269-8152-07e1bb2f7eac/004-a2e697c0-2b38-4be2-a97b-7cd39c38863d-downloadableSrc-db102ca11ff6.webp
8552c220-69c3-4269-8152-07e1bb2f7eac,Customizing a card,28b2d970-a05d-4509-99dd-83d47dbc3a16,Revolut,aa23fa4c-2ecb-4027-b126-335f9fcd86b1,4,5,b5a9569c-d773-4fa1-864d-c7326f04da7e,true,downloadableSrc,200,image/webp,52284,52284,0431eb4b0b212372c63129faac5aa9b902dcde787554da2d5e3df0a4ab1ffe1d,1179,2676,,,bytescale.mobbin.com,f7a1807c1ac98ccf0eecf5078d61346ac9a94ca37a547f5708d580528c9e55c0,/Users/user/mobbin-sides/screen-flows/revolut/006-revolut-customizing-a-card-8552c220-69c3-4269-8152-07e1bb2f7eac/005-b5a9569c-d773-4fa1-864d-c7326f04da7e-downloadableSrc-0431eb4b0b21.webp
8552c220-69c3-4269-8152-07e1bb2f7eac,Customizing a card,28b2d970-a05d-4509-99dd-83d47dbc3a16,Revolut,aa23fa4c-2ecb-4027-b126-335f9fcd86b1,5,6,6afec56f-bbb4-4a13-8cf3-36599477e8e0,true,downloadableSrc,200,image/webp,56546,56546,e46e11c56bd06faa2103786e32e806f7d2184a7a962c703869b28484aeeb7850,1179,2676,,,bytescale.mobbin.com,f7a1807c1ac98ccf0eecf5078d61346ac9a94ca37a547f5708d580528c9e55c0,/Users/user/mobbin-sides/screen-flows/revolut/006-revolut-customizing-a-card-8552c220-69c3-4269-8152-07e1bb2f7eac/006-6afec56f-bbb4-4a13-8cf3-36599477e8e0-downloadableSrc-e46e11c56bd0.webp
8552c220-69c3-4269-8152-07e1bb2f7eac,Customizing a card,28b2d970-a05d-4509-99dd-83d47dbc3a16,Revolut,aa23fa4c-2ecb-4027-b126-335f9fcd86b1,6,7,9036f0f8-6d4b-44f9-a9d4-d374ba2d76c1,true,downloadableSrc,200,image/webp,57136,57136,025bdeafa029f562a1f05fd3f4de8245adf65daf9153c6076ce4f4297cf25e1c,1179,2676,,,bytescale.mobbin.com,f7a1807c1ac98ccf0eecf5078d61346ac9a94ca37a547f5708d580528c9e55c0,/Users/user/mobbin-sides/screen-flows/revolut/006-revolut-customizing-a-card-8552c220-69c3-4269-8152-07e1bb2f7eac/007-9036f0f8-6d4b-44f9-a9d4-d374ba2d76c1-downloadableSrc-025bdeafa029.webp
8552c220-69c3-4269-8152-07e1bb2f7eac,Customizing a card,28b2d970-a05d-4509-99dd-83d47dbc3a16,Revolut,aa23fa4c-2ecb-4027-b126-335f9fcd86b1,7,8,7648fc96-ec56-4c53-80ac-205ae8a762fb,true,downloadableSrc,200,image/webp,53246,53246,52795dc81357d5f841007c3995c7473a7e350d103e173552fe495ceca3f6c717,1179,2676,,,bytescale.mobbin.com,f7a1807c1ac98ccf0eecf5078d61346ac9a94ca37a547f5708d580528c9e55c0,/Users/user/mobbin-sides/screen-flows/revolut/006-revolut-customizing-a-card-8552c220-69c3-4269-8152-07e1bb2f7eac/008-7648fc96-ec56-4c53-80ac-205ae8a762fb-downloadableSrc-52795dc81357.webp
8552c220-69c3-4269-8152-07e1bb2f7eac,Customizing a card,28b2d970-a05d-4509-99dd-83d47dbc3a16,Revolut,aa23fa4c-2ecb-4027-b126-335f9fcd86b1,8,9,88351246-3dda-49c8-bc7b-47dbd91174a0,true,downloadableSrc,200,image/webp,52364,52364,e18c184ae04659504f0122fd96bc27ed2da84b2e6f2141428b70994141000eb4,1179,2676,,,bytescale.mobbin.com,f7a1807c1ac98ccf0eecf5078d61346ac9a94ca37a547f5708d580528c9e55c0,/Users/user/mobbin-sides/screen-flows/revolut/006-revolut-customizing-a-card-8552c220-69c3-4269-8152-07e1bb2f7eac/009-88351246-3dda-49c8-bc7b-47dbd91174a0-downloadableSrc-e18c184ae046.webp
8552c220-69c3-4269-8152-07e1bb2f7eac,Customizing a card,28b2d970-a05d-4509-99dd-83d47dbc3a16,Revolut,aa23fa4c-2ecb-4027-b126-335f9fcd86b1,9,10,772ff63d-3032-4a14-8919-1187ed5519ad,true,downloadableSrc,200,image/webp,98700,98700,5e27762ceb3eccc7439fad754b5fb4346a60705c2e9b3be0586aeadb68c691ab,1179,2676,,,bytescale.mobbin.com,f7a1807c1ac98ccf0eecf5078d61346ac9a94ca37a547f5708d580528c9e55c0,/Users/user/mobbin-sides/screen-flows/revolut/006-revolut-customizing-a-card-8552c220-69c3-4269-8152-07e1bb2f7eac/010-772ff63d-3032-4a14-8919-1187ed5519ad-downloadableSrc-5e27762ceb3e.webp
5abbe06a-b1c2-4781-aa74-f6aee820b558,Home,28b2d970-a05d-4509-99dd-83d47dbc3a16,Revolut,aa23fa4c-2ecb-4027-b126-335f9fcd86b1,0,1,62272aa1-883e-4c36-b853-7a0706983d62,true,downloadableSrc,200,image/webp,71614,71614,3f7fbf370b20634d701cab8fbc31cc453faf72b004c5e503954c906cd35cea9b,1179,2676,,,bytescale.mobbin.com,f7a1807c1ac98ccf0eecf5078d61346ac9a94ca37a547f5708d580528c9e55c0,/Users/user/mobbin-sides/screen-flows/revolut/007-revolut-home-5abbe06a-b1c2-4781-aa74-f6aee820b558/001-62272aa1-883e-4c36-b853-7a0706983d62-downloadableSrc-3f7fbf370b20.webp
5abbe06a-b1c2-4781-aa74-f6aee820b558,Home,28b2d970-a05d-4509-99dd-83d47dbc3a16,Revolut,aa23fa4c-2ecb-4027-b126-335f9fcd86b1,1,2,e93d0c63-dfcf-4eb2-bd22-0be63f571215,true,downloadableSrc,200,image/webp,77736,77736,4cc354100a8447a809334ebd4a4e6fa146376c6a4fc11b7e9ec7f273264052e6,1179,2676,,,bytescale.mobbin.com,f7a1807c1ac98ccf0eecf5078d61346ac9a94ca37a547f5708d580528c9e55c0,/Users/user/mobbin-sides/screen-flows/revolut/007-revolut-home-5abbe06a-b1c2-4781-aa74-f6aee820b558/002-e93d0c63-dfcf-4eb2-bd22-0be63f571215-downloadableSrc-4cc354100a84.webp
5abbe06a-b1c2-4781-aa74-f6aee820b558,Home,28b2d970-a05d-4509-99dd-83d47dbc3a16,Revolut,aa23fa4c-2ecb-4027-b126-335f9fcd86b1,2,3,dad40228-042e-4bff-abf4-6c8cee4d9bcb,true,downloadableSrc,200,image/webp,87546,87546,28797a32a7e1945b370fd27dff34f0169d3b65136a073a5eec7659baaddcc27c,1179,2676,,,bytescale.mobbin.com,f7a1807c1ac98ccf0eecf5078d61346ac9a94ca37a547f5708d580528c9e55c0,/Users/user/mobbin-sides/screen-flows/revolut/007-revolut-home-5abbe06a-b1c2-4781-aa74-f6aee820b558/003-dad40228-042e-4bff-abf4-6c8cee4d9bcb-downloadableSrc-28797a32a7e1.webp
5abbe06a-b1c2-4781-aa74-f6aee820b558,Home,28b2d970-a05d-4509-99dd-83d47dbc3a16,Revolut,aa23fa4c-2ecb-4027-b126-335f9fcd86b1,3,4,a2e597fa-50af-426b-93ba-5726fc0ef3da,true,downloadableSrc,200,image/webp,85028,85028,6c40c7b4f402f08ba3a18e29dce092dfbc455e062af885a0c40c44e55e0ece6a,1179,2676,,,bytescale.mobbin.com,f7a1807c1ac98ccf0eecf5078d61346ac9a94ca37a547f5708d580528c9e55c0,/Users/user/mobbin-sides/screen-flows/revolut/007-revolut-home-5abbe06a-b1c2-4781-aa74-f6aee820b558/004-a2e597fa-50af-426b-93ba-5726fc0ef3da-downloadableSrc-6c40c7b4f402.webp
5abbe06a-b1c2-4781-aa74-f6aee820b558,Home,28b2d970-a05d-4509-99dd-83d47dbc3a16,Revolut,aa23fa4c-2ecb-4027-b126-335f9fcd86b1,4,5,a2d088dd-3c73-4d57-a905-420857a2aa7a,true,downloadableSrc,200,image/webp,68258,68258,11738b8e72a020ebd8c595bb87ec0bf380a4e7ea3a4e9cf19527f3cd1cbceba5,1179,2676,,,bytescale.mobbin.com,f7a1807c1ac98ccf0eecf5078d61346ac9a94ca37a547f5708d580528c9e55c0,/Users/user/mobbin-sides/screen-flows/revolut/007-revolut-home-5abbe06a-b1c2-4781-aa74-f6aee820b558/005-a2d088dd-3c73-4d57-a905-420857a2aa7a-downloadableSrc-11738b8e72a0.webp
5abbe06a-b1c2-4781-aa74-f6aee820b558,Home,28b2d970-a05d-4509-99dd-83d47dbc3a16,Revolut,aa23fa4c-2ecb-4027-b126-335f9fcd86b1,5,6,f620dc24-0756-447d-8391-b6fff402e875,true,downloadableSrc,200,image/webp,69062,69062,259ac7c5cfce923c81249baa4d8f613fcedf07669ca6950c3140e1aed0b43d1e,1179,2676,,,bytescale.mobbin.com,f7a1807c1ac98ccf0eecf5078d61346ac9a94ca37a547f5708d580528c9e55c0,/Users/user/mobbin-sides/screen-flows/revolut/007-revolut-home-5abbe06a-b1c2-4781-aa74-f6aee820b558/006-f620dc24-0756-447d-8391-b6fff402e875-downloadableSrc-259ac7c5cfce.webp
fe848fd8-58f2-48d4-bdd5-627ae623fda0,Finish setting up,28b2d970-a05d-4509-99dd-83d47dbc3a16,Revolut,aa23fa4c-2ecb-4027-b126-335f9fcd86b1,0,1,62272aa1-883e-4c36-b853-7a0706983d62,true,downloadableSrc,200,image/webp,71614,71614,3f7fbf370b20634d701cab8fbc31cc453faf72b004c5e503954c906cd35cea9b,1179,2676,,,bytescale.mobbin.com,f7a1807c1ac98ccf0eecf5078d61346ac9a94ca37a547f5708d580528c9e55c0,/Users/user/mobbin-sides/screen-flows/revolut/008-revolut-finish-setting-up-fe848fd8-58f2-48d4-bdd5-627ae623fda0/001-62272aa1-883e-4c36-b853-7a0706983d62-downloadableSrc-3f7fbf370b20.webp
fe848fd8-58f2-48d4-bdd5-627ae623fda0,Finish setting up,28b2d970-a05d-4509-99dd-83d47dbc3a16,Revolut,aa23fa4c-2ecb-4027-b126-335f9fcd86b1,1,2,b7e854b2-0356-4836-aa23-2359d6b78b32,true,downloadableSrc,200,image/webp,61656,61656,f6df9d29c8954809c77b7c2811b6283e2cf002b868a0199b16cf6aad45e4cf2b,1179,2676,,,bytescale.mobbin.com,f7a1807c1ac98ccf0eecf5078d61346ac9a94ca37a547f5708d580528c9e55c0,/Users/user/mobbin-sides/screen-flows/revolut/008-revolut-finish-setting-up-fe848fd8-58f2-48d4-bdd5-627ae623fda0/002-b7e854b2-0356-4836-aa23-2359d6b78b32-downloadableSrc-f6df9d29c895.webp
fe848fd8-58f2-48d4-bdd5-627ae623fda0,Finish setting up,28b2d970-a05d-4509-99dd-83d47dbc3a16,Revolut,aa23fa4c-2ecb-4027-b126-335f9fcd86b1,2,3,0f8ffd8f-beab-4e61-b5a0-5ae21d2852cc,true,downloadableSrc,200,image/webp,62676,62676,c777a8166372044bdf26b8e75122d92f39540304d62ff7440cf26bd7d5b603ad,1179,2676,,,bytescale.mobbin.com,f7a1807c1ac98ccf0eecf5078d61346ac9a94ca37a547f5708d580528c9e55c0,/Users/user/mobbin-sides/screen-flows/revolut/008-revolut-finish-setting-up-fe848fd8-58f2-48d4-bdd5-627ae623fda0/003-0f8ffd8f-beab-4e61-b5a0-5ae21d2852cc-downloadableSrc-c777a8166372.webp
a76e3998-dcb1-46b7-9b92-61f8f10712d9,Hiding a product,28b2d970-a05d-4509-99dd-83d47dbc3a16,Revolut,aa23fa4c-2ecb-4027-b126-335f9fcd86b1,0,1,e93d0c63-dfcf-4eb2-bd22-0be63f571215,true,downloadableSrc,200,image/webp,77736,77736,4cc354100a8447a809334ebd4a4e6fa146376c6a4fc11b7e9ec7f273264052e6,1179,2676,,,bytescale.mobbin.com,f7a1807c1ac98ccf0eecf5078d61346ac9a94ca37a547f5708d580528c9e55c0,/Users/user/mobbin-sides/screen-flows/revolut/009-revolut-hiding-a-product-a76e3998-dcb1-46b7-9b92-61f8f10712d9/001-e93d0c63-dfcf-4eb2-bd22-0be63f571215-downloadableSrc-4cc354100a84.webp
a76e3998-dcb1-46b7-9b92-61f8f10712d9,Hiding a product,28b2d970-a05d-4509-99dd-83d47dbc3a16,Revolut,aa23fa4c-2ecb-4027-b126-335f9fcd86b1,1,2,3a9b44d6-35d7-433c-ad15-7dcf3a0a46b8,true,downloadableSrc,200,image/webp,81228,81228,99f05b4a65962ced9b629cbb5e2301c0520950f1266007f8f395d100dbdd125c,1179,2676,,,bytescale.mobbin.com,f7a1807c1ac98ccf0eecf5078d61346ac9a94ca37a547f5708d580528c9e55c0,/Users/user/mobbin-sides/screen-flows/revolut/009-revolut-hiding-a-product-a76e3998-dcb1-46b7-9b92-61f8f10712d9/002-3a9b44d6-35d7-433c-ad15-7dcf3a0a46b8-downloadableSrc-99f05b4a6596.webp
a76e3998-dcb1-46b7-9b92-61f8f10712d9,Hiding a product,28b2d970-a05d-4509-99dd-83d47dbc3a16,Revolut,aa23fa4c-2ecb-4027-b126-335f9fcd86b1,2,3,57017032-c485-4322-8212-0b69826bc743,true,downloadableSrc,200,image/webp,43390,43390,41c1b98aad4f213591fc03caf47d619f411c7a50edefe7448a3a717b23b4b5bc,1179,2676,,,bytescale.mobbin.com,f7a1807c1ac98ccf0eecf5078d61346ac9a94ca37a547f5708d580528c9e55c0,/Users/user/mobbin-sides/screen-flows/revolut/009-revolut-hiding-a-product-a76e3998-dcb1-46b7-9b92-61f8f10712d9/003-57017032-c485-4322-8212-0b69826bc743-downloadableSrc-41c1b98aad4f.webp
50b45607-3770-4935-9669-6099a5958203,Adding money,28b2d970-a05d-4509-99dd-83d47dbc3a16,Revolut,aa23fa4c-2ecb-4027-b126-335f9fcd86b1,0,1,e93d0c63-dfcf-4eb2-bd22-0be63f571215,true,downloadableSrc,200,image/webp,77736,77736,4cc354100a8447a809334ebd4a4e6fa146376c6a4fc11b7e9ec7f273264052e6,1179,2676,,,bytescale.mobbin.com,f7a1807c1ac98ccf0eecf5078d61346ac9a94ca37a547f5708d580528c9e55c0,/Users/user/mobbin-sides/screen-flows/revolut/010-revolut-adding-money-50b45607-3770-4935-9669-6099a5958203/001-e93d0c63-dfcf-4eb2-bd22-0be63f571215-downloadableSrc-4cc354100a84.webp
50b45607-3770-4935-9669-6099a5958203,Adding money,28b2d970-a05d-4509-99dd-83d47dbc3a16,Revolut,aa23fa4c-2ecb-4027-b126-335f9fcd86b1,1,2,5c24dda4-7ee8-4f09-b1a7-8a3d6a970af7,true,downloadableSrc,200,image/webp,40774,40774,796b7c206eaff0542f5438644c505b9ac1cfbc9ed86bd39fe8e4ff259c9403b5,1179,2676,,,bytescale.mobbin.com,f7a1807c1ac98ccf0eecf5078d61346ac9a94ca37a547f5708d580528c9e55c0,/Users/user/mobbin-sides/screen-flows/revolut/010-revolut-adding-money-50b45607-3770-4935-9669-6099a5958203/002-5c24dda4-7ee8-4f09-b1a7-8a3d6a970af7-downloadableSrc-796b7c206eaf.webp
50b45607-3770-4935-9669-6099a5958203,Adding money,28b2d970-a05d-4509-99dd-83d47dbc3a16,Revolut,aa23fa4c-2ecb-4027-b126-335f9fcd86b1,2,3,ea475d4c-ce2f-4351-be42-98e531db7aa9,true,downloadableSrc,200,image/webp,46332,46332,4c9247ff29757ea0c8b3326cb892438254111454fce0a5f196983cd8be78d122,1179,2676,,,bytescale.mobbin.com,f7a1807c1ac98ccf0eecf5078d61346ac9a94ca37a547f5708d580528c9e55c0,/Users/user/mobbin-sides/screen-flows/revolut/010-revolut-adding-money-50b45607-3770-4935-9669-6099a5958203/003-ea475d4c-ce2f-4351-be42-98e531db7aa9-downloadableSrc-4c9247ff2975.webp
50b45607-3770-4935-9669-6099a5958203,Adding money,28b2d970-a05d-4509-99dd-83d47dbc3a16,Revolut,aa23fa4c-2ecb-4027-b126-335f9fcd86b1,3,4,96becd42-8262-472c-888f-a9a1d80b7337,true,downloadableSrc,200,image/webp,32030,32030,86fa268121a8d714cec39e2a4f5df1d6c659c906df5e482953bce200a6756b90,1179,2676,,,bytescale.mobbin.com,f7a1807c1ac98ccf0eecf5078d61346ac9a94ca37a547f5708d580528c9e55c0,/Users/user/mobbin-sides/screen-flows/revolut/010-revolut-adding-money-50b45607-3770-4935-9669-6099a5958203/004-96becd42-8262-472c-888f-a9a1d80b7337-downloadableSrc-86fa268121a8.webp
50b45607-3770-4935-9669-6099a5958203,Adding money,28b2d970-a05d-4509-99dd-83d47dbc3a16,Revolut,aa23fa4c-2ecb-4027-b126-335f9fcd86b1,4,5,b9df2bf5-5790-4ac6-94c2-9a660a1dcca7,true,downloadableSrc,200,image/webp,44996,44996,c3d1edc490f12ab8e5e4521047dcb68edecb6392e736d5252630961f4746541e,1179,2676,,,bytescale.mobbin.com,f7a1807c1ac98ccf0eecf5078d61346ac9a94ca37a547f5708d580528c9e55c0,/Users/user/mobbin-sides/screen-flows/revolut/010-revolut-adding-money-50b45607-3770-4935-9669-6099a5958203/005-b9df2bf5-5790-4ac6-94c2-9a660a1dcca7-downloadableSrc-c3d1edc490f1.webp
50b45607-3770-4935-9669-6099a5958203,Adding money,28b2d970-a05d-4509-99dd-83d47dbc3a16,Revolut,aa23fa4c-2ecb-4027-b126-335f9fcd86b1,5,6,92c3acb0-7b5d-4075-81cc-a904eddf8209,true,downloadableSrc,200,image/webp,28508,28508,e06da55754b0c8fdf493d48a04f3612f078d21caed58e62ec58a2b297ed90c58,1179,2676,,,bytescale.mobbin.com,f7a1807c1ac98ccf0eecf5078d61346ac9a94ca37a547f5708d580528c9e55c0,/Users/user/mobbin-sides/screen-flows/revolut/010-revolut-adding-money-50b45607-3770-4935-9669-6099a5958203/006-92c3acb0-7b5d-4075-81cc-a904eddf8209-downloadableSrc-e06da55754b0.webp
8aee6aff-0696-448d-8dab-e01b17f7716c,Adding a card,28b2d970-a05d-4509-99dd-83d47dbc3a16,Revolut,aa23fa4c-2ecb-4027-b126-335f9fcd86b1,0,1,5c24dda4-7ee8-4f09-b1a7-8a3d6a970af7,true,downloadableSrc,200,image/webp,40774,40774,796b7c206eaff0542f5438644c505b9ac1cfbc9ed86bd39fe8e4ff259c9403b5,1179,2676,,,bytescale.mobbin.com,f7a1807c1ac98ccf0eecf5078d61346ac9a94ca37a547f5708d580528c9e55c0,/Users/user/mobbin-sides/screen-flows/revolut/011-revolut-adding-a-card-8aee6aff-0696-448d-8dab-e01b17f7716c/001-5c24dda4-7ee8-4f09-b1a7-8a3d6a970af7-downloadableSrc-796b7c206eaf.webp
8aee6aff-0696-448d-8dab-e01b17f7716c,Adding a card,28b2d970-a05d-4509-99dd-83d47dbc3a16,Revolut,aa23fa4c-2ecb-4027-b126-335f9fcd86b1,1,2,3ca0f870-fb5f-436b-8bf4-4f29c6f31bb2,true,downloadableSrc,200,image/webp,49766,49766,9d0bee264e538095059197b614cf86e9331bea0c65dc5ae081e5c447e93c3d1b,1179,2676,,,bytescale.mobbin.com,f7a1807c1ac98ccf0eecf5078d61346ac9a94ca37a547f5708d580528c9e55c0,/Users/user/mobbin-sides/screen-flows/revolut/011-revolut-adding-a-card-8aee6aff-0696-448d-8dab-e01b17f7716c/002-3ca0f870-fb5f-436b-8bf4-4f29c6f31bb2-downloadableSrc-9d0bee264e53.webp
8aee6aff-0696-448d-8dab-e01b17f7716c,Adding a card,28b2d970-a05d-4509-99dd-83d47dbc3a16,Revolut,aa23fa4c-2ecb-4027-b126-335f9fcd86b1,2,3,40361d52-be51-466b-92f3-9f958541d78d,true,downloadableSrc,200,image/webp,50136,50136,715946904a0bb6869e9e0aa3fae45a6009d73614da11b887d4835989a33795f8,1179,2676,,,bytescale.mobbin.com,f7a1807c1ac98ccf0eecf5078d61346ac9a94ca37a547f5708d580528c9e55c0,/Users/user/mobbin-sides/screen-flows/revolut/011-revolut-adding-a-card-8aee6aff-0696-448d-8dab-e01b17f7716c/003-40361d52-be51-466b-92f3-9f958541d78d-downloadableSrc-715946904a0b.webp
8aee6aff-0696-448d-8dab-e01b17f7716c,Adding a card,28b2d970-a05d-4509-99dd-83d47dbc3a16,Revolut,aa23fa4c-2ecb-4027-b126-335f9fcd86b1,3,4,16d0900b-c3d2-4108-9db7-4bb44962e527,true,downloadableSrc,200,image/webp,59486,59486,64838127595d6adad334d87ea86637bd12422b1f5f617c3ef7e48c79684059bb,1179,2676,,,bytescale.mobbin.com,f7a1807c1ac98ccf0eecf5078d61346ac9a94ca37a547f5708d580528c9e55c0,/Users/user/mobbin-sides/screen-flows/revolut/011-revolut-adding-a-card-8aee6aff-0696-448d-8dab-e01b17f7716c/004-16d0900b-c3d2-4108-9db7-4bb44962e527-downloadableSrc-64838127595d.webp
8aee6aff-0696-448d-8dab-e01b17f7716c,Adding a card,28b2d970-a05d-4509-99dd-83d47dbc3a16,Revolut,aa23fa4c-2ecb-4027-b126-335f9fcd86b1,4,5,3593e005-5c71-4520-847b-6dcd66719f7a,true,downloadableSrc,200,image/webp,45438,45438,99fba343404f7efaeba5c99d408ff42dd8b29792e7e82619d993bd616187ca6d,1179,2676,,,bytescale.mobbin.com,f7a1807c1ac98ccf0eecf5078d61346ac9a94ca37a547f5708d580528c9e55c0,/Users/user/mobbin-sides/screen-flows/revolut/011-revolut-adding-a-card-8aee6aff-0696-448d-8dab-e01b17f7716c/005-3593e005-5c71-4520-847b-6dcd66719f7a-downloadableSrc-99fba343404f.webp
8aee6aff-0696-448d-8dab-e01b17f7716c,Adding a card,28b2d970-a05d-4509-99dd-83d47dbc3a16,Revolut,aa23fa4c-2ecb-4027-b126-335f9fcd86b1,5,6,ea475d4c-ce2f-4351-be42-98e531db7aa9,true,downloadableSrc,200,image/webp,46332,46332,4c9247ff29757ea0c8b3326cb892438254111454fce0a5f196983cd8be78d122,1179,2676,,,bytescale.mobbin.com,f7a1807c1ac98ccf0eecf5078d61346ac9a94ca37a547f5708d580528c9e55c0,/Users/user/mobbin-sides/screen-flows/revolut/011-revolut-adding-a-card-8aee6aff-0696-448d-8dab-e01b17f7716c/006-ea475d4c-ce2f-4351-be42-98e531db7aa9-downloadableSrc-4c9247ff2975.webp
10de8de0-3d7f-4e97-b4a0-68a4d108c1dc,Link a bank,28b2d970-a05d-4509-99dd-83d47dbc3a16,Revolut,aa23fa4c-2ecb-4027-b126-335f9fcd86b1,0,1,3ca0f870-fb5f-436b-8bf4-4f29c6f31bb2,true,downloadableSrc,200,image/webp,49766,49766,9d0bee264e538095059197b614cf86e9331bea0c65dc5ae081e5c447e93c3d1b,1179,2676,,,bytescale.mobbin.com,f7a1807c1ac98ccf0eecf5078d61346ac9a94ca37a547f5708d580528c9e55c0,/Users/user/mobbin-sides/screen-flows/revolut/012-revolut-link-a-bank-10de8de0-3d7f-4e97-b4a0-68a4d108c1dc/001-3ca0f870-fb5f-436b-8bf4-4f29c6f31bb2-downloadableSrc-9d0bee264e53.webp
10de8de0-3d7f-4e97-b4a0-68a4d108c1dc,Link a bank,28b2d970-a05d-4509-99dd-83d47dbc3a16,Revolut,aa23fa4c-2ecb-4027-b126-335f9fcd86b1,1,2,1e6c3446-0c2c-4e3b-b539-7d7d1bff4a96,true,downloadableSrc,200,image/webp,60038,60038,ca1ab09547b19634f27960f4315445132a3d06d890a0b19b4ffd353689522291,1179,2676,,,bytescale.mobbin.com,f7a1807c1ac98ccf0eecf5078d61346ac9a94ca37a547f5708d580528c9e55c0,/Users/user/mobbin-sides/screen-flows/revolut/012-revolut-link-a-bank-10de8de0-3d7f-4e97-b4a0-68a4d108c1dc/002-1e6c3446-0c2c-4e3b-b539-7d7d1bff4a96-downloadableSrc-ca1ab09547b1.webp
10de8de0-3d7f-4e97-b4a0-68a4d108c1dc,Link a bank,28b2d970-a05d-4509-99dd-83d47dbc3a16,Revolut,aa23fa4c-2ecb-4027-b126-335f9fcd86b1,2,3,ba405e44-9825-4759-889e-0a68dbce9d78,true,downloadableSrc,200,image/webp,40430,40430,d1689cc40f5121059ed7c8b7ebcfa48753ad4f5fe55c0f5a33d9d6b23d230321,1179,2676,,,bytescale.mobbin.com,f7a1807c1ac98ccf0eecf5078d61346ac9a94ca37a547f5708d580528c9e55c0,/Users/user/mobbin-sides/screen-flows/revolut/012-revolut-link-a-bank-10de8de0-3d7f-4e97-b4a0-68a4d108c1dc/003-ba405e44-9825-4759-889e-0a68dbce9d78-downloadableSrc-d1689cc40f51.webp
42dd1ac3-2075-48cf-bffb-ba22844646d7,Moving money,28b2d970-a05d-4509-99dd-83d47dbc3a16,Revolut,aa23fa4c-2ecb-4027-b126-335f9fcd86b1,0,1,e93d0c63-dfcf-4eb2-bd22-0be63f571215,true,downloadableSrc,200,image/webp,77736,77736,4cc354100a8447a809334ebd4a4e6fa146376c6a4fc11b7e9ec7f273264052e6,1179,2676,,,bytescale.mobbin.com,f7a1807c1ac98ccf0eecf5078d61346ac9a94ca37a547f5708d580528c9e55c0,/Users/user/mobbin-sides/screen-flows/revolut/013-revolut-moving-money-42dd1ac3-2075-48cf-bffb-ba22844646d7/001-e93d0c63-dfcf-4eb2-bd22-0be63f571215-downloadableSrc-4cc354100a84.webp
42dd1ac3-2075-48cf-bffb-ba22844646d7,Moving money,28b2d970-a05d-4509-99dd-83d47dbc3a16,Revolut,aa23fa4c-2ecb-4027-b126-335f9fcd86b1,1,2,19cdba7a-2b00-412b-810c-f63d0a7e8051,true,downloadableSrc,200,image/webp,43724,43724,f9941d5507696b174bb753e5860d9287ef1ce9995db83efa8ef6b7ebc067bec5,1179,2676,,,bytescale.mobbin.com,f7a1807c1ac98ccf0eecf5078d61346ac9a94ca37a547f5708d580528c9e55c0,/Users/user/mobbin-sides/screen-flows/revolut/013-revolut-moving-money-42dd1ac3-2075-48cf-bffb-ba22844646d7/002-19cdba7a-2b00-412b-810c-f63d0a7e8051-downloadableSrc-f9941d550769.webp
42dd1ac3-2075-48cf-bffb-ba22844646d7,Moving money,28b2d970-a05d-4509-99dd-83d47dbc3a16,Revolut,aa23fa4c-2ecb-4027-b126-335f9fcd86b1,2,3,ca670269-cf7a-4a17-9810-daa3b948a948,true,downloadableSrc,200,image/webp,51656,51656,199ac1c2d4d77dc1a7dc78da3266f82770addb9b0f3b9d65361ec3506e42fc6a,1179,2676,,,bytescale.mobbin.com,f7a1807c1ac98ccf0eecf5078d61346ac9a94ca37a547f5708d580528c9e55c0,/Users/user/mobbin-sides/screen-flows/revolut/013-revolut-moving-money-42dd1ac3-2075-48cf-bffb-ba22844646d7/003-ca670269-cf7a-4a17-9810-daa3b948a948-downloadableSrc-199ac1c2d4d7.webp
42dd1ac3-2075-48cf-bffb-ba22844646d7,Moving money,28b2d970-a05d-4509-99dd-83d47dbc3a16,Revolut,aa23fa4c-2ecb-4027-b126-335f9fcd86b1,3,4,ce6db299-9ac9-4255-9202-fbfd6e40d292,true,downloadableSrc,200,image/webp,47560,47560,40975333e7a95b4f744d5190c9d429a9d4600f9031964ec8304998d9dca608f2,1179,2676,,,bytescale.mobbin.com,f7a1807c1ac98ccf0eecf5078d61346ac9a94ca37a547f5708d580528c9e55c0,/Users/user/mobbin-sides/screen-flows/revolut/013-revolut-moving-money-42dd1ac3-2075-48cf-bffb-ba22844646d7/004-ce6db299-9ac9-4255-9202-fbfd6e40d292-downloadableSrc-40975333e7a9.webp
42dd1ac3-2075-48cf-bffb-ba22844646d7,Moving money,28b2d970-a05d-4509-99dd-83d47dbc3a16,Revolut,aa23fa4c-2ecb-4027-b126-335f9fcd86b1,4,5,702ed13f-a0b4-4296-a6f6-55a168e84703,true,downloadableSrc,200,image/webp,41772,41772,580e8f95a75b8a3f68bfc1a64f5a3ea0f6e2e65e2ceb592c0f5484602caa7eb9,1179,2676,,,bytescale.mobbin.com,f7a1807c1ac98ccf0eecf5078d61346ac9a94ca37a547f5708d580528c9e55c0,/Users/user/mobbin-sides/screen-flows/revolut/013-revolut-moving-money-42dd1ac3-2075-48cf-bffb-ba22844646d7/005-702ed13f-a0b4-4296-a6f6-55a168e84703-downloadableSrc-580e8f95a75b.webp
42dd1ac3-2075-48cf-bffb-ba22844646d7,Moving money,28b2d970-a05d-4509-99dd-83d47dbc3a16,Revolut,aa23fa4c-2ecb-4027-b126-335f9fcd86b1,5,6,6d39f68d-af45-4e5b-9494-42931b87778c,true,downloadableSrc,200,image/webp,30280,30280,9379c25effd0517251674a4b671859d194fe8912f20252cdd6299af2bd453503,1179,2676,,,bytescale.mobbin.com,f7a1807c1ac98ccf0eecf5078d61346ac9a94ca37a547f5708d580528c9e55c0,/Users/user/mobbin-sides/screen-flows/revolut/013-revolut-moving-money-42dd1ac3-2075-48cf-bffb-ba22844646d7/006-6d39f68d-af45-4e5b-9494-42931b87778c-downloadableSrc-9379c25effd0.webp
42dd1ac3-2075-48cf-bffb-ba22844646d7,Moving money,28b2d970-a05d-4509-99dd-83d47dbc3a16,Revolut,aa23fa4c-2ecb-4027-b126-335f9fcd86b1,6,7,48b789cf-a061-4e74-b3f2-e553d3e885e5,true,downloadableSrc,200,image/webp,82164,82164,7a36e006a5ecd36cbac4bfb1f64b1d42106c7d20e25786135f3ea84544dabc69,1179,2676,,,bytescale.mobbin.com,f7a1807c1ac98ccf0eecf5078d61346ac9a94ca37a547f5708d580528c9e55c0,/Users/user/mobbin-sides/screen-flows/revolut/013-revolut-moving-money-42dd1ac3-2075-48cf-bffb-ba22844646d7/007-48b789cf-a061-4e74-b3f2-e553d3e885e5-downloadableSrc-7a36e006a5ec.webp
226cf74f-1032-4388-8e60-80ddee857f46,Details,28b2d970-a05d-4509-99dd-83d47dbc3a16,Revolut,aa23fa4c-2ecb-4027-b126-335f9fcd86b1,0,1,e93d0c63-dfcf-4eb2-bd22-0be63f571215,true,downloadableSrc,200,image/webp,77736,77736,4cc354100a8447a809334ebd4a4e6fa146376c6a4fc11b7e9ec7f273264052e6,1179,2676,,,bytescale.mobbin.com,f7a1807c1ac98ccf0eecf5078d61346ac9a94ca37a547f5708d580528c9e55c0,/Users/user/mobbin-sides/screen-flows/revolut/014-revolut-details-226cf74f-1032-4388-8e60-80ddee857f46/001-e93d0c63-dfcf-4eb2-bd22-0be63f571215-downloadableSrc-4cc354100a84.webp
226cf74f-1032-4388-8e60-80ddee857f46,Details,28b2d970-a05d-4509-99dd-83d47dbc3a16,Revolut,aa23fa4c-2ecb-4027-b126-335f9fcd86b1,1,2,d38b4b23-d30a-472e-9b80-2228916ec6ef,true,downloadableSrc,200,image/webp,59964,59964,459c70b9c17aded79547a81513c867fbb26752e7b6ef3b9aa4b29ce605fbbeac,1179,2676,,,bytescale.mobbin.com,f7a1807c1ac98ccf0eecf5078d61346ac9a94ca37a547f5708d580528c9e55c0,/Users/user/mobbin-sides/screen-flows/revolut/014-revolut-details-226cf74f-1032-4388-8e60-80ddee857f46/002-d38b4b23-d30a-472e-9b80-2228916ec6ef-downloadableSrc-459c70b9c17a.webp
226cf74f-1032-4388-8e60-80ddee857f46,Details,28b2d970-a05d-4509-99dd-83d47dbc3a16,Revolut,aa23fa4c-2ecb-4027-b126-335f9fcd86b1,2,3,571dcc9f-c4b2-49bf-8e7d-c6952ad50791,true,downloadableSrc,200,image/webp,78168,78168,b2e6e16be315e69edd9b5ac2b59f6f3b27e046b8b3542adc51e1de8c07694eda,1179,2676,,,bytescale.mobbin.com,f7a1807c1ac98ccf0eecf5078d61346ac9a94ca37a547f5708d580528c9e55c0,/Users/user/mobbin-sides/screen-flows/revolut/014-revolut-details-226cf74f-1032-4388-8e60-80ddee857f46/003-571dcc9f-c4b2-49bf-8e7d-c6952ad50791-downloadableSrc-b2e6e16be315.webp
6090ad55-b53d-4af0-92ba-66f81fe03951,More actions,28b2d970-a05d-4509-99dd-83d47dbc3a16,Revolut,aa23fa4c-2ecb-4027-b126-335f9fcd86b1,0,1,48b789cf-a061-4e74-b3f2-e553d3e885e5,true,downloadableSrc,200,image/webp,82164,82164,7a36e006a5ecd36cbac4bfb1f64b1d42106c7d20e25786135f3ea84544dabc69,1179,2676,,,bytescale.mobbin.com,f7a1807c1ac98ccf0eecf5078d61346ac9a94ca37a547f5708d580528c9e55c0,/Users/user/mobbin-sides/screen-flows/revolut/015-revolut-more-actions-6090ad55-b53d-4af0-92ba-66f81fe03951/001-48b789cf-a061-4e74-b3f2-e553d3e885e5-downloadableSrc-7a36e006a5ec.webp
6090ad55-b53d-4af0-92ba-66f81fe03951,More actions,28b2d970-a05d-4509-99dd-83d47dbc3a16,Revolut,aa23fa4c-2ecb-4027-b126-335f9fcd86b1,1,2,08a97995-1a96-4b53-b1d7-9ab3c0c73d90,true,downloadableSrc,200,image/webp,88110,88110,657ee09fd9c7395b8e7af9ef970ffb24ae9e76ff98bcdc1c317eb74b839fd52a,1179,2676,,,bytescale.mobbin.com,f7a1807c1ac98ccf0eecf5078d61346ac9a94ca37a547f5708d580528c9e55c0,/Users/user/mobbin-sides/screen-flows/revolut/015-revolut-more-actions-6090ad55-b53d-4af0-92ba-66f81fe03951/002-08a97995-1a96-4b53-b1d7-9ab3c0c73d90-downloadableSrc-657ee09fd9c7.webp
7f5fb746-cb00-467b-8062-175fdac8c506,Generating a statement,28b2d970-a05d-4509-99dd-83d47dbc3a16,Revolut,aa23fa4c-2ecb-4027-b126-335f9fcd86b1,0,1,08a97995-1a96-4b53-b1d7-9ab3c0c73d90,true,downloadableSrc,200,image/webp,88110,88110,657ee09fd9c7395b8e7af9ef970ffb24ae9e76ff98bcdc1c317eb74b839fd52a,1179,2676,,,bytescale.mobbin.com,f7a1807c1ac98ccf0eecf5078d61346ac9a94ca37a547f5708d580528c9e55c0,/Users/user/mobbin-sides/screen-flows/revolut/016-revolut-generating-a-statement-7f5fb746-cb00-467b-8062-175fdac8c506/001-08a97995-1a96-4b53-b1d7-9ab3c0c73d90-downloadableSrc-657ee09fd9c7.webp
7f5fb746-cb00-467b-8062-175fdac8c506,Generating a statement,28b2d970-a05d-4509-99dd-83d47dbc3a16,Revolut,aa23fa4c-2ecb-4027-b126-335f9fcd86b1,1,2,76d00d0e-58a3-416e-89e4-fa202591589c,true,downloadableSrc,200,image/webp,45128,45128,acb956d152168a5aab2cc098313fa2a81778e3df924082de23c9d6472b5c2eb6,1179,2676,,,bytescale.mobbin.com,f7a1807c1ac98ccf0eecf5078d61346ac9a94ca37a547f5708d580528c9e55c0,/Users/user/mobbin-sides/screen-flows/revolut/016-revolut-generating-a-statement-7f5fb746-cb00-467b-8062-175fdac8c506/002-76d00d0e-58a3-416e-89e4-fa202591589c-downloadableSrc-acb956d15216.webp
7f5fb746-cb00-467b-8062-175fdac8c506,Generating a statement,28b2d970-a05d-4509-99dd-83d47dbc3a16,Revolut,aa23fa4c-2ecb-4027-b126-335f9fcd86b1,2,3,0206ad46-719f-42d7-98cc-559f0759942a,true,downloadableSrc,200,image/webp,26294,26294,50fb6a87d971028d3c348f54464bc46c647ee01480f5f801773dea62a899c0d2,1179,2676,,,bytescale.mobbin.com,f7a1807c1ac98ccf0eecf5078d61346ac9a94ca37a547f5708d580528c9e55c0,/Users/user/mobbin-sides/screen-flows/revolut/016-revolut-generating-a-statement-7f5fb746-cb00-467b-8062-175fdac8c506/003-0206ad46-719f-42d7-98cc-559f0759942a-downloadableSrc-50fb6a87d971.webp
7f5fb746-cb00-467b-8062-175fdac8c506,Generating a statement,28b2d970-a05d-4509-99dd-83d47dbc3a16,Revolut,aa23fa4c-2ecb-4027-b126-335f9fcd86b1,3,4,6b7a28f0-a3cf-465d-81de-b87d69576cf1,true,downloadableSrc,200,image/webp,25946,25946,6760c4e2ca612f3947221b925ab05e5b0ae5905a4d89e7e446e64dd518165f69,1179,2676,,,bytescale.mobbin.com,f7a1807c1ac98ccf0eecf5078d61346ac9a94ca37a547f5708d580528c9e55c0,/Users/user/mobbin-sides/screen-flows/revolut/016-revolut-generating-a-statement-7f5fb746-cb00-467b-8062-175fdac8c506/004-6b7a28f0-a3cf-465d-81de-b87d69576cf1-downloadableSrc-6760c4e2ca61.webp
7f5fb746-cb00-467b-8062-175fdac8c506,Generating a statement,28b2d970-a05d-4509-99dd-83d47dbc3a16,Revolut,aa23fa4c-2ecb-4027-b126-335f9fcd86b1,4,5,1caef5c3-023c-4d74-9ed3-ea447e815e30,true,downloadableSrc,200,image/webp,30080,30080,6aeb4c187d93fedfdf0202e15466b41890ecec23d4d1584517cbf3227c4c4a88,1179,2676,,,bytescale.mobbin.com,f7a1807c1ac98ccf0eecf5078d61346ac9a94ca37a547f5708d580528c9e55c0,/Users/user/mobbin-sides/screen-flows/revolut/016-revolut-generating-a-statement-7f5fb746-cb00-467b-8062-175fdac8c506/005-1caef5c3-023c-4d74-9ed3-ea447e815e30-downloadableSrc-6aeb4c187d93.webp
7f5fb746-cb00-467b-8062-175fdac8c506,Generating a statement,28b2d970-a05d-4509-99dd-83d47dbc3a16,Revolut,aa23fa4c-2ecb-4027-b126-335f9fcd86b1,5,6,fb6d4548-17b9-43ca-aa0c-ebc40734b116,true,downloadableSrc,200,image/webp,45022,45022,64bc5d2db5c6237aaaae069491deddf5a5c7f964a723f1ddd102ad7995ddf705,1179,2676,,,bytescale.mobbin.com,f7a1807c1ac98ccf0eecf5078d61346ac9a94ca37a547f5708d580528c9e55c0,/Users/user/mobbin-sides/screen-flows/revolut/016-revolut-generating-a-statement-7f5fb746-cb00-467b-8062-175fdac8c506/006-fb6d4548-17b9-43ca-aa0c-ebc40734b116-downloadableSrc-64bc5d2db5c6.webp
7f5fb746-cb00-467b-8062-175fdac8c506,Generating a statement,28b2d970-a05d-4509-99dd-83d47dbc3a16,Revolut,aa23fa4c-2ecb-4027-b126-335f9fcd86b1,6,7,737d70af-1cba-4db3-88d5-b9f7891ddffe,true,downloadableSrc,200,image/webp,29056,29056,9b360243567421d7511bc4e802a243a66ad4447a57a09460b32cbb2455b8ba67,1179,2676,,,bytescale.mobbin.com,f7a1807c1ac98ccf0eecf5078d61346ac9a94ca37a547f5708d580528c9e55c0,/Users/user/mobbin-sides/screen-flows/revolut/016-revolut-generating-a-statement-7f5fb746-cb00-467b-8062-175fdac8c506/007-737d70af-1cba-4db3-88d5-b9f7891ddffe-downloadableSrc-9b3602435674.webp
7f5fb746-cb00-467b-8062-175fdac8c506,Generating a statement,28b2d970-a05d-4509-99dd-83d47dbc3a16,Revolut,aa23fa4c-2ecb-4027-b126-335f9fcd86b1,7,8,7eb0fab4-72a9-4f1e-afdf-8345aa792fae,true,downloadableSrc,200,image/webp,28246,28246,2470bf692d6860de16c478da60dc1d4184a6ddaeac017a63c1e49bdda352d8c5,1179,2676,,,bytescale.mobbin.com,f7a1807c1ac98ccf0eecf5078d61346ac9a94ca37a547f5708d580528c9e55c0,/Users/user/mobbin-sides/screen-flows/revolut/016-revolut-generating-a-statement-7f5fb746-cb00-467b-8062-175fdac8c506/008-7eb0fab4-72a9-4f1e-afdf-8345aa792fae-downloadableSrc-2470bf692d68.webp
d59032c6-2ca8-4b5e-b54a-677df705fd1d,Adding a converter,28b2d970-a05d-4509-99dd-83d47dbc3a16,Revolut,aa23fa4c-2ecb-4027-b126-335f9fcd86b1,0,1,08a97995-1a96-4b53-b1d7-9ab3c0c73d90,true,downloadableSrc,200,image/webp,88110,88110,657ee09fd9c7395b8e7af9ef970ffb24ae9e76ff98bcdc1c317eb74b839fd52a,1179,2676,,,bytescale.mobbin.com,f7a1807c1ac98ccf0eecf5078d61346ac9a94ca37a547f5708d580528c9e55c0,/Users/user/mobbin-sides/screen-flows/revolut/017-revolut-adding-a-converter-d59032c6-2ca8-4b5e-b54a-677df705fd1d/001-08a97995-1a96-4b53-b1d7-9ab3c0c73d90-downloadableSrc-657ee09fd9c7.webp
d59032c6-2ca8-4b5e-b54a-677df705fd1d,Adding a converter,28b2d970-a05d-4509-99dd-83d47dbc3a16,Revolut,aa23fa4c-2ecb-4027-b126-335f9fcd86b1,1,2,6608f9f2-4c54-4689-a909-c000326b9a98,true,downloadableSrc,200,image/webp,56156,56156,c3f604ea56f7c75b8b33e43d70b731dfd110ba5138db70e428cd57083aade38c,1179,2676,,,bytescale.mobbin.com,f7a1807c1ac98ccf0eecf5078d61346ac9a94ca37a547f5708d580528c9e55c0,/Users/user/mobbin-sides/screen-flows/revolut/017-revolut-adding-a-converter-d59032c6-2ca8-4b5e-b54a-677df705fd1d/002-6608f9f2-4c54-4689-a909-c000326b9a98-downloadableSrc-c3f604ea56f7.webp
d59032c6-2ca8-4b5e-b54a-677df705fd1d,Adding a converter,28b2d970-a05d-4509-99dd-83d47dbc3a16,Revolut,aa23fa4c-2ecb-4027-b126-335f9fcd86b1,2,3,41955761-a3b3-4a73-9b6f-c6628a9ec7d2,true,downloadableSrc,200,image/webp,39200,39200,8aa763f229421f89e2cc45562ea5881690cb250f4575886d6518b76f16b31425,1179,2676,,,bytescale.mobbin.com,f7a1807c1ac98ccf0eecf5078d61346ac9a94ca37a547f5708d580528c9e55c0,/Users/user/mobbin-sides/screen-flows/revolut/017-revolut-adding-a-converter-d59032c6-2ca8-4b5e-b54a-677df705fd1d/003-41955761-a3b3-4a73-9b6f-c6628a9ec7d2-downloadableSrc-8aa763f22942.webp
d59032c6-2ca8-4b5e-b54a-677df705fd1d,Adding a converter,28b2d970-a05d-4509-99dd-83d47dbc3a16,Revolut,aa23fa4c-2ecb-4027-b126-335f9fcd86b1,3,4,06bcb2a4-f5c5-4595-a542-135fdc0bf8fb,true,downloadableSrc,200,image/webp,62900,62900,0765a6955151299f9bec39853f3fc9a5137cb0b2270b751ed65e03fed755bb97,1179,2676,,,bytescale.mobbin.com,f7a1807c1ac98ccf0eecf5078d61346ac9a94ca37a547f5708d580528c9e55c0,/Users/user/mobbin-sides/screen-flows/revolut/017-revolut-adding-a-converter-d59032c6-2ca8-4b5e-b54a-677df705fd1d/004-06bcb2a4-f5c5-4595-a542-135fdc0bf8fb-downloadableSrc-0765a6955151.webp
d59032c6-2ca8-4b5e-b54a-677df705fd1d,Adding a converter,28b2d970-a05d-4509-99dd-83d47dbc3a16,Revolut,aa23fa4c-2ecb-4027-b126-335f9fcd86b1,4,5,6e083669-4e44-483c-ac6e-cc4f24fe268b,true,downloadableSrc,200,image/webp,62028,62028,c4a493c9eaf10938282789a84da689ceb17f1cc4bed35eadf481a3f21e230ec5,1179,2676,,,bytescale.mobbin.com,f7a1807c1ac98ccf0eecf5078d61346ac9a94ca37a547f5708d580528c9e55c0,/Users/user/mobbin-sides/screen-flows/revolut/017-revolut-adding-a-converter-d59032c6-2ca8-4b5e-b54a-677df705fd1d/005-6e083669-4e44-483c-ac6e-cc4f24fe268b-downloadableSrc-c4a493c9eaf1.webp
d59032c6-2ca8-4b5e-b54a-677df705fd1d,Adding a converter,28b2d970-a05d-4509-99dd-83d47dbc3a16,Revolut,aa23fa4c-2ecb-4027-b126-335f9fcd86b1,5,6,ce7313a9-6430-48bc-9da6-eb9ed57fcca2,true,downloadableSrc,200,image/webp,62074,62074,9a7c28cdfc0493c92b5b5d8708cdb8128eb8adfde322a1aaaf39556e7894a9be,1179,2676,,,bytescale.mobbin.com,f7a1807c1ac98ccf0eecf5078d61346ac9a94ca37a547f5708d580528c9e55c0,/Users/user/mobbin-sides/screen-flows/revolut/017-revolut-adding-a-converter-d59032c6-2ca8-4b5e-b54a-677df705fd1d/006-ce7313a9-6430-48bc-9da6-eb9ed57fcca2-downloadableSrc-9a7c28cdfc04.webp
fad24ad3-cee7-432f-ab0e-2828896f5e9e,Transactions,28b2d970-a05d-4509-99dd-83d47dbc3a16,Revolut,aa23fa4c-2ecb-4027-b126-335f9fcd86b1,0,1,48b789cf-a061-4e74-b3f2-e553d3e885e5,true,downloadableSrc,200,image/webp,82164,82164,7a36e006a5ecd36cbac4bfb1f64b1d42106c7d20e25786135f3ea84544dabc69,1179,2676,,,bytescale.mobbin.com,f7a1807c1ac98ccf0eecf5078d61346ac9a94ca37a547f5708d580528c9e55c0,/Users/user/mobbin-sides/screen-flows/revolut/018-revolut-transactions-fad24ad3-cee7-432f-ab0e-2828896f5e9e/001-48b789cf-a061-4e74-b3f2-e553d3e885e5-downloadableSrc-7a36e006a5ec.webp
fad24ad3-cee7-432f-ab0e-2828896f5e9e,Transactions,28b2d970-a05d-4509-99dd-83d47dbc3a16,Revolut,aa23fa4c-2ecb-4027-b126-335f9fcd86b1,1,2,d0e343a8-5e97-4b70-b94a-64ea9109e7b8,true,downloadableSrc,200,image/webp,52618,52618,aa067580a5ecc6d2f94a53b37f79efb1c512eb2a1ee70b4b8757a531b2e725dc,1179,2676,,,bytescale.mobbin.com,f7a1807c1ac98ccf0eecf5078d61346ac9a94ca37a547f5708d580528c9e55c0,/Users/user/mobbin-sides/screen-flows/revolut/018-revolut-transactions-fad24ad3-cee7-432f-ab0e-2828896f5e9e/002-d0e343a8-5e97-4b70-b94a-64ea9109e7b8-downloadableSrc-aa067580a5ec.webp
7b37312c-79a6-471b-a4f5-27d97a7a3596,Transaction detail,28b2d970-a05d-4509-99dd-83d47dbc3a16,Revolut,aa23fa4c-2ecb-4027-b126-335f9fcd86b1,0,1,d0e343a8-5e97-4b70-b94a-64ea9109e7b8,true,downloadableSrc,200,image/webp,52618,52618,aa067580a5ecc6d2f94a53b37f79efb1c512eb2a1ee70b4b8757a531b2e725dc,1179,2676,,,bytescale.mobbin.com,f7a1807c1ac98ccf0eecf5078d61346ac9a94ca37a547f5708d580528c9e55c0,/Users/user/mobbin-sides/screen-flows/revolut/019-revolut-transaction-detail-7b37312c-79a6-471b-a4f5-27d97a7a3596/001-d0e343a8-5e97-4b70-b94a-64ea9109e7b8-downloadableSrc-aa067580a5ec.webp
7b37312c-79a6-471b-a4f5-27d97a7a3596,Transaction detail,28b2d970-a05d-4509-99dd-83d47dbc3a16,Revolut,aa23fa4c-2ecb-4027-b126-335f9fcd86b1,1,2,6e42c330-bee8-4c7b-b815-7e9f376f3711,true,downloadableSrc,200,image/webp,58622,58622,097ccf075f2e88d6b2eed0e4c1795e93f16092a65a24025ec1be98a3899a1f39,1179,2676,,,bytescale.mobbin.com,f7a1807c1ac98ccf0eecf5078d61346ac9a94ca37a547f5708d580528c9e55c0,/Users/user/mobbin-sides/screen-flows/revolut/019-revolut-transaction-detail-7b37312c-79a6-471b-a4f5-27d97a7a3596/002-6e42c330-bee8-4c7b-b815-7e9f376f3711-downloadableSrc-097ccf075f2e.webp
7b37312c-79a6-471b-a4f5-27d97a7a3596,Transaction detail,28b2d970-a05d-4509-99dd-83d47dbc3a16,Revolut,aa23fa4c-2ecb-4027-b126-335f9fcd86b1,2,3,95dc85c9-8a4c-47a8-b765-74b8ba18b04f,true,downloadableSrc,200,image/webp,50568,50568,5221c236d1d6e41a9bb492118f347d7a7df9d0616702adf21f64bb809b38a2f9,1179,2676,,,bytescale.mobbin.com,f7a1807c1ac98ccf0eecf5078d61346ac9a94ca37a547f5708d580528c9e55c0,/Users/user/mobbin-sides/screen-flows/revolut/019-revolut-transaction-detail-7b37312c-79a6-471b-a4f5-27d97a7a3596/003-95dc85c9-8a4c-47a8-b765-74b8ba18b04f-downloadableSrc-5221c236d1d6.webp
2cca6d79-b076-4bf2-829c-d8e723d43948,Downloading an invoice,28b2d970-a05d-4509-99dd-83d47dbc3a16,Revolut,aa23fa4c-2ecb-4027-b126-335f9fcd86b1,0,1,6e42c330-bee8-4c7b-b815-7e9f376f3711,true,downloadableSrc,200,image/webp,58622,58622,097ccf075f2e88d6b2eed0e4c1795e93f16092a65a24025ec1be98a3899a1f39,1179,2676,,,bytescale.mobbin.com,f7a1807c1ac98ccf0eecf5078d61346ac9a94ca37a547f5708d580528c9e55c0,/Users/user/mobbin-sides/screen-flows/revolut/020-revolut-downloading-an-invoice-2cca6d79-b076-4bf2-829c-d8e723d43948/001-6e42c330-bee8-4c7b-b815-7e9f376f3711-downloadableSrc-097ccf075f2e.webp
2cca6d79-b076-4bf2-829c-d8e723d43948,Downloading an invoice,28b2d970-a05d-4509-99dd-83d47dbc3a16,Revolut,aa23fa4c-2ecb-4027-b126-335f9fcd86b1,1,2,cfa1a923-8e97-4ffc-89ed-0ce688209a96,true,downloadableSrc,200,image/webp,56658,56658,e15596207b7a801c4dc12c99e1fdb5417c267eb22563512617f9b5dffd192743,1179,2676,,,bytescale.mobbin.com,f7a1807c1ac98ccf0eecf5078d61346ac9a94ca37a547f5708d580528c9e55c0,/Users/user/mobbin-sides/screen-flows/revolut/020-revolut-downloading-an-invoice-2cca6d79-b076-4bf2-829c-d8e723d43948/002-cfa1a923-8e97-4ffc-89ed-0ce688209a96-downloadableSrc-e15596207b7a.webp
2cca6d79-b076-4bf2-829c-d8e723d43948,Downloading an invoice,28b2d970-a05d-4509-99dd-83d47dbc3a16,Revolut,aa23fa4c-2ecb-4027-b126-335f9fcd86b1,2,3,703647ee-8362-4923-8dcc-f46471c987ba,true,downloadableSrc,200,image/webp,45152,45152,0c35f8dfec35494044560a657916d43bdc504e0cb7e072926445796567c3d597,1179,2676,,,bytescale.mobbin.com,f7a1807c1ac98ccf0eecf5078d61346ac9a94ca37a547f5708d580528c9e55c0,/Users/user/mobbin-sides/screen-flows/revolut/020-revolut-downloading-an-invoice-2cca6d79-b076-4bf2-829c-d8e723d43948/003-703647ee-8362-4923-8dcc-f46471c987ba-downloadableSrc-0c35f8dfec35.webp
730b6f1c-c717-4c58-afcd-e500fb0b09f7,Adding a note,28b2d970-a05d-4509-99dd-83d47dbc3a16,Revolut,aa23fa4c-2ecb-4027-b126-335f9fcd86b1,0,1,6e42c330-bee8-4c7b-b815-7e9f376f3711,true,downloadableSrc,200,image/webp,58622,58622,097ccf075f2e88d6b2eed0e4c1795e93f16092a65a24025ec1be98a3899a1f39,1179,2676,,,bytescale.mobbin.com,f7a1807c1ac98ccf0eecf5078d61346ac9a94ca37a547f5708d580528c9e55c0,/Users/user/mobbin-sides/screen-flows/revolut/021-revolut-adding-a-note-730b6f1c-c717-4c58-afcd-e500fb0b09f7/001-6e42c330-bee8-4c7b-b815-7e9f376f3711-downloadableSrc-097ccf075f2e.webp
730b6f1c-c717-4c58-afcd-e500fb0b09f7,Adding a note,28b2d970-a05d-4509-99dd-83d47dbc3a16,Revolut,aa23fa4c-2ecb-4027-b126-335f9fcd86b1,1,2,9b283275-f85f-4011-8290-3ec4ee844d39,true,downloadableSrc,200,image/webp,19990,19990,240004308c07e517070fb519c27903419ca65af86fe30c997cf37df558eb9e5f,1179,2676,,,bytescale.mobbin.com,f7a1807c1ac98ccf0eecf5078d61346ac9a94ca37a547f5708d580528c9e55c0,/Users/user/mobbin-sides/screen-flows/revolut/021-revolut-adding-a-note-730b6f1c-c717-4c58-afcd-e500fb0b09f7/002-9b283275-f85f-4011-8290-3ec4ee844d39-downloadableSrc-240004308c07.webp
730b6f1c-c717-4c58-afcd-e500fb0b09f7,Adding a note,28b2d970-a05d-4509-99dd-83d47dbc3a16,Revolut,aa23fa4c-2ecb-4027-b126-335f9fcd86b1,2,3,4b3c6dbe-665e-42dc-9e42-23cf5875ad24,true,downloadableSrc,200,image/webp,23150,23150,fc3f76dc2b6b2b264753e8305e2565085eadc51e2488975fdcac6e493ff9875e,1179,2676,,,bytescale.mobbin.com,f7a1807c1ac98ccf0eecf5078d61346ac9a94ca37a547f5708d580528c9e55c0,/Users/user/mobbin-sides/screen-flows/revolut/021-revolut-adding-a-note-730b6f1c-c717-4c58-afcd-e500fb0b09f7/003-4b3c6dbe-665e-42dc-9e42-23cf5875ad24-downloadableSrc-fc3f76dc2b6b.webp
730b6f1c-c717-4c58-afcd-e500fb0b09f7,Adding a note,28b2d970-a05d-4509-99dd-83d47dbc3a16,Revolut,aa23fa4c-2ecb-4027-b126-335f9fcd86b1,3,4,ea30b847-be1c-4858-aaac-4f01cca1a9ea,true,downloadableSrc,200,image/webp,57916,57916,9038bbaada4f537b218582fb37fdff5325155e9851fce11d3f4476beb29ae5b6,1179,2676,,,bytescale.mobbin.com,f7a1807c1ac98ccf0eecf5078d61346ac9a94ca37a547f5708d580528c9e55c0,/Users/user/mobbin-sides/screen-flows/revolut/021-revolut-adding-a-note-730b6f1c-c717-4c58-afcd-e500fb0b09f7/004-ea30b847-be1c-4858-aaac-4f01cca1a9ea-downloadableSrc-9038bbaada4f.webp
1059701f-6ed0-4a63-a8eb-9d8b83422c45,Filtering transactions,28b2d970-a05d-4509-99dd-83d47dbc3a16,Revolut,aa23fa4c-2ecb-4027-b126-335f9fcd86b1,0,1,d0e343a8-5e97-4b70-b94a-64ea9109e7b8,true,downloadableSrc,200,image/webp,52618,52618,aa067580a5ecc6d2f94a53b37f79efb1c512eb2a1ee70b4b8757a531b2e725dc,1179,2676,,,bytescale.mobbin.com,f7a1807c1ac98ccf0eecf5078d61346ac9a94ca37a547f5708d580528c9e55c0,/Users/user/mobbin-sides/screen-flows/revolut/022-revolut-filtering-transactions-1059701f-6ed0-4a63-a8eb-9d8b83422c45/001-d0e343a8-5e97-4b70-b94a-64ea9109e7b8-downloadableSrc-aa067580a5ec.webp
1059701f-6ed0-4a63-a8eb-9d8b83422c45,Filtering transactions,28b2d970-a05d-4509-99dd-83d47dbc3a16,Revolut,aa23fa4c-2ecb-4027-b126-335f9fcd86b1,1,2,9dc2f508-51f6-4240-8f3c-78067a8c74e0,true,downloadableSrc,200,image/webp,45622,45622,dd9e772628de192aac3fcb6531ddb2c75f7df2eb61ee593d407a7a0f142c07c3,1179,2676,,,bytescale.mobbin.com,f7a1807c1ac98ccf0eecf5078d61346ac9a94ca37a547f5708d580528c9e55c0,/Users/user/mobbin-sides/screen-flows/revolut/022-revolut-filtering-transactions-1059701f-6ed0-4a63-a8eb-9d8b83422c45/002-9dc2f508-51f6-4240-8f3c-78067a8c74e0-downloadableSrc-dd9e772628de.webp
1059701f-6ed0-4a63-a8eb-9d8b83422c45,Filtering transactions,28b2d970-a05d-4509-99dd-83d47dbc3a16,Revolut,aa23fa4c-2ecb-4027-b126-335f9fcd86b1,2,3,dc175146-48a3-4c07-8762-477da8fb7d88,true,downloadableSrc,200,image/webp,42848,42848,27bf8b22c7a30131f3fb888a11be1b60a198d75d08145705bacc2ce19da90e5b,1179,2676,,,bytescale.mobbin.com,f7a1807c1ac98ccf0eecf5078d61346ac9a94ca37a547f5708d580528c9e55c0,/Users/user/mobbin-sides/screen-flows/revolut/022-revolut-filtering-transactions-1059701f-6ed0-4a63-a8eb-9d8b83422c45/003-dc175146-48a3-4c07-8762-477da8fb7d88-downloadableSrc-27bf8b22c7a3.webp
1059701f-6ed0-4a63-a8eb-9d8b83422c45,Filtering transactions,28b2d970-a05d-4509-99dd-83d47dbc3a16,Revolut,aa23fa4c-2ecb-4027-b126-335f9fcd86b1,3,4,59298314-088a-4c51-9e0d-9d51880c4a61,true,downloadableSrc,200,image/webp,30890,30890,415662c1b7cc581509fec36e86c5c092cc2e1ba3ed099bb3ec1be783eabd80d3,1179,2676,,,bytescale.mobbin.com,f7a1807c1ac98ccf0eecf5078d61346ac9a94ca37a547f5708d580528c9e55c0,/Users/user/mobbin-sides/screen-flows/revolut/022-revolut-filtering-transactions-1059701f-6ed0-4a63-a8eb-9d8b83422c45/004-59298314-088a-4c51-9e0d-9d51880c4a61-downloadableSrc-415662c1b7cc.webp
3f84a3d2-cfed-4448-9696-c8c404f051f1,Card detail,28b2d970-a05d-4509-99dd-83d47dbc3a16,Revolut,aa23fa4c-2ecb-4027-b126-335f9fcd86b1,0,1,a2d088dd-3c73-4d57-a905-420857a2aa7a,true,downloadableSrc,200,image/webp,68258,68258,11738b8e72a020ebd8c595bb87ec0bf380a4e7ea3a4e9cf19527f3cd1cbceba5,1179,2676,,,bytescale.mobbin.com,f7a1807c1ac98ccf0eecf5078d61346ac9a94ca37a547f5708d580528c9e55c0,/Users/user/mobbin-sides/screen-flows/revolut/023-revolut-card-detail-3f84a3d2-cfed-4448-9696-c8c404f051f1/001-a2d088dd-3c73-4d57-a905-420857a2aa7a-downloadableSrc-11738b8e72a0.webp
3f84a3d2-cfed-4448-9696-c8c404f051f1,Card detail,28b2d970-a05d-4509-99dd-83d47dbc3a16,Revolut,aa23fa4c-2ecb-4027-b126-335f9fcd86b1,1,2,97998372-fc15-4fde-82a3-c1afa10991b0,true,downloadableSrc,200,image/webp,60606,60606,01e72bbe64c0d15bc358a89c5ee696e3c0bbea4b682e28d67a8ee771e5322e4a,1179,2676,,,bytescale.mobbin.com,f7a1807c1ac98ccf0eecf5078d61346ac9a94ca37a547f5708d580528c9e55c0,/Users/user/mobbin-sides/screen-flows/revolut/023-revolut-card-detail-3f84a3d2-cfed-4448-9696-c8c404f051f1/002-97998372-fc15-4fde-82a3-c1afa10991b0-downloadableSrc-01e72bbe64c0.webp
3f84a3d2-cfed-4448-9696-c8c404f051f1,Card detail,28b2d970-a05d-4509-99dd-83d47dbc3a16,Revolut,aa23fa4c-2ecb-4027-b126-335f9fcd86b1,2,3,0566b7f8-5da1-4e91-a6b8-74c9f2c48ab1,true,downloadableSrc,200,image/webp,48372,48372,eff6d9b24d697e1df4fb845f679667c65c2ca0ff45f69a30770a875e3d1cb1c7,1179,2676,,,bytescale.mobbin.com,f7a1807c1ac98ccf0eecf5078d61346ac9a94ca37a547f5708d580528c9e55c0,/Users/user/mobbin-sides/screen-flows/revolut/023-revolut-card-detail-3f84a3d2-cfed-4448-9696-c8c404f051f1/003-0566b7f8-5da1-4e91-a6b8-74c9f2c48ab1-downloadableSrc-eff6d9b24d69.webp
d9b324ea-f011-464d-996d-d392eef20318,Copying a card number,28b2d970-a05d-4509-99dd-83d47dbc3a16,Revolut,aa23fa4c-2ecb-4027-b126-335f9fcd86b1,0,1,97998372-fc15-4fde-82a3-c1afa10991b0,true,downloadableSrc,200,image/webp,60606,60606,01e72bbe64c0d15bc358a89c5ee696e3c0bbea4b682e28d67a8ee771e5322e4a,1179,2676,,,bytescale.mobbin.com,f7a1807c1ac98ccf0eecf5078d61346ac9a94ca37a547f5708d580528c9e55c0,/Users/user/mobbin-sides/screen-flows/revolut/024-revolut-copying-a-card-number-d9b324ea-f011-464d-996d-d392eef20318/001-97998372-fc15-4fde-82a3-c1afa10991b0-downloadableSrc-01e72bbe64c0.webp
d9b324ea-f011-464d-996d-d392eef20318,Copying a card number,28b2d970-a05d-4509-99dd-83d47dbc3a16,Revolut,aa23fa4c-2ecb-4027-b126-335f9fcd86b1,1,2,74f597f0-182b-4bd5-b5ed-497a7e6e4eb0,true,downloadableSrc,200,image/webp,63738,63738,e34e31ba4e3f28c279536c11ca725ae338e86a2e68e8b3077266a498f5003ca3,1179,2676,,,bytescale.mobbin.com,f7a1807c1ac98ccf0eecf5078d61346ac9a94ca37a547f5708d580528c9e55c0,/Users/user/mobbin-sides/screen-flows/revolut/024-revolut-copying-a-card-number-d9b324ea-f011-464d-996d-d392eef20318/002-74f597f0-182b-4bd5-b5ed-497a7e6e4eb0-downloadableSrc-e34e31ba4e3f.webp
b32cea7d-b261-4d73-aab7-37f73d80caef,Leaving feedback (card help),28b2d970-a05d-4509-99dd-83d47dbc3a16,Revolut,aa23fa4c-2ecb-4027-b126-335f9fcd86b1,0,1,0566b7f8-5da1-4e91-a6b8-74c9f2c48ab1,true,downloadableSrc,200,image/webp,48372,48372,eff6d9b24d697e1df4fb845f679667c65c2ca0ff45f69a30770a875e3d1cb1c7,1179,2676,,,bytescale.mobbin.com,f7a1807c1ac98ccf0eecf5078d61346ac9a94ca37a547f5708d580528c9e55c0,/Users/user/mobbin-sides/screen-flows/revolut/025-revolut-leaving-feedback-card-help-b32cea7d-b261-4d73-aab7-37f73d80caef/001-0566b7f8-5da1-4e91-a6b8-74c9f2c48ab1-downloadableSrc-eff6d9b24d69.webp
b32cea7d-b261-4d73-aab7-37f73d80caef,Leaving feedback (card help),28b2d970-a05d-4509-99dd-83d47dbc3a16,Revolut,aa23fa4c-2ecb-4027-b126-335f9fcd86b1,1,2,a2b97898-faf0-441c-abbc-e3ecc4e12be6,true,downloadableSrc,200,image/webp,37256,37256,81eb42f03ea903b58940f91b173a44c8633ab3c10e21b810203b2cab1adf71d7,1179,2676,,,bytescale.mobbin.com,f7a1807c1ac98ccf0eecf5078d61346ac9a94ca37a547f5708d580528c9e55c0,/Users/user/mobbin-sides/screen-flows/revolut/025-revolut-leaving-feedback-card-help-b32cea7d-b261-4d73-aab7-37f73d80caef/002-a2b97898-faf0-441c-abbc-e3ecc4e12be6-downloadableSrc-81eb42f03ea9.webp
b32cea7d-b261-4d73-aab7-37f73d80caef,Leaving feedback (card help),28b2d970-a05d-4509-99dd-83d47dbc3a16,Revolut,aa23fa4c-2ecb-4027-b126-335f9fcd86b1,2,3,c8cce4b5-2bcb-4f18-9e2f-ad3ca7522e05,true,downloadableSrc,200,image/webp,102046,102046,25dd9c70ce043e7713a96137636cdfbf3c79cd580ae843e89577e7b386a4b9a0,1179,2676,,,bytescale.mobbin.com,f7a1807c1ac98ccf0eecf5078d61346ac9a94ca37a547f5708d580528c9e55c0,/Users/user/mobbin-sides/screen-flows/revolut/025-revolut-leaving-feedback-card-help-b32cea7d-b261-4d73-aab7-37f73d80caef/003-c8cce4b5-2bcb-4f18-9e2f-ad3ca7522e05-downloadableSrc-25dd9c70ce04.webp
b32cea7d-b261-4d73-aab7-37f73d80caef,Leaving feedback (card help),28b2d970-a05d-4509-99dd-83d47dbc3a16,Revolut,aa23fa4c-2ecb-4027-b126-335f9fcd86b1,3,4,ca60eade-2864-4b22-be0f-b009b2bf1bab,true,downloadableSrc,200,image/webp,102750,102750,0cfc98001a3e2e72c4fc9eef3b25103f2e69e509209f4d57e5358b68772d8d68,1179,2676,,,bytescale.mobbin.com,f7a1807c1ac98ccf0eecf5078d61346ac9a94ca37a547f5708d580528c9e55c0,/Users/user/mobbin-sides/screen-flows/revolut/025-revolut-leaving-feedback-card-help-b32cea7d-b261-4d73-aab7-37f73d80caef/004-ca60eade-2864-4b22-be0f-b009b2bf1bab-downloadableSrc-0cfc98001a3e.webp
c260e756-09e3-4e41-ae17-34df9676a5d5,Card settings,28b2d970-a05d-4509-99dd-83d47dbc3a16,Revolut,aa23fa4c-2ecb-4027-b126-335f9fcd86b1,0,1,97998372-fc15-4fde-82a3-c1afa10991b0,true,downloadableSrc,200,image/webp,60606,60606,01e72bbe64c0d15bc358a89c5ee696e3c0bbea4b682e28d67a8ee771e5322e4a,1179,2676,,,bytescale.mobbin.com,f7a1807c1ac98ccf0eecf5078d61346ac9a94ca37a547f5708d580528c9e55c0,/Users/user/mobbin-sides/screen-flows/revolut/026-revolut-card-settings-c260e756-09e3-4e41-ae17-34df9676a5d5/001-97998372-fc15-4fde-82a3-c1afa10991b0-downloadableSrc-01e72bbe64c0.webp
c260e756-09e3-4e41-ae17-34df9676a5d5,Card settings,28b2d970-a05d-4509-99dd-83d47dbc3a16,Revolut,aa23fa4c-2ecb-4027-b126-335f9fcd86b1,1,2,37e75384-12db-4f85-bbe7-1bf382fdcb52,true,downloadableSrc,200,image/webp,55972,55972,a86d62db3a60505fd3d217163522e8853be26adeb232c3d7cf60b6c2dd912fce,1179,2676,,,bytescale.mobbin.com,f7a1807c1ac98ccf0eecf5078d61346ac9a94ca37a547f5708d580528c9e55c0,/Users/user/mobbin-sides/screen-flows/revolut/026-revolut-card-settings-c260e756-09e3-4e41-ae17-34df9676a5d5/002-37e75384-12db-4f85-bbe7-1bf382fdcb52-downloadableSrc-a86d62db3a60.webp
8788007b-e827-460c-8587-9e548a7d4496,Editing card spending settings,28b2d970-a05d-4509-99dd-83d47dbc3a16,Revolut,aa23fa4c-2ecb-4027-b126-335f9fcd86b1,0,1,37e75384-12db-4f85-bbe7-1bf382fdcb52,true,downloadableSrc,200,image/webp,55972,55972,a86d62db3a60505fd3d217163522e8853be26adeb232c3d7cf60b6c2dd912fce,1179,2676,,,bytescale.mobbin.com,f7a1807c1ac98ccf0eecf5078d61346ac9a94ca37a547f5708d580528c9e55c0,/Users/user/mobbin-sides/screen-flows/revolut/027-revolut-editing-card-spending-settings-8788007b-e827-460c-8587-9e548a7d4496/001-37e75384-12db-4f85-bbe7-1bf382fdcb52-downloadableSrc-a86d62db3a60.webp
8788007b-e827-460c-8587-9e548a7d4496,Editing card spending settings,28b2d970-a05d-4509-99dd-83d47dbc3a16,Revolut,aa23fa4c-2ecb-4027-b126-335f9fcd86b1,1,2,7609d402-382e-41a9-8ab9-f0076a30f288,true,downloadableSrc,200,image/webp,45684,45684,90547fbe48629079d014df64e6121c2bedadd537fa91641a985eade9238cd589,1179,2676,,,bytescale.mobbin.com,f7a1807c1ac98ccf0eecf5078d61346ac9a94ca37a547f5708d580528c9e55c0,/Users/user/mobbin-sides/screen-flows/revolut/027-revolut-editing-card-spending-settings-8788007b-e827-460c-8587-9e548a7d4496/002-7609d402-382e-41a9-8ab9-f0076a30f288-downloadableSrc-90547fbe4862.webp
8788007b-e827-460c-8587-9e548a7d4496,Editing card spending settings,28b2d970-a05d-4509-99dd-83d47dbc3a16,Revolut,aa23fa4c-2ecb-4027-b126-335f9fcd86b1,2,3,42e36bce-2c46-43e6-89fd-84531af6120f,true,downloadableSrc,200,image/webp,45782,45782,1e9e9fd8481acf9a3ead497efcdc258cbe6fbdff7743b9a485e16dc138df94bc,1179,2676,,,bytescale.mobbin.com,f7a1807c1ac98ccf0eecf5078d61346ac9a94ca37a547f5708d580528c9e55c0,/Users/user/mobbin-sides/screen-flows/revolut/027-revolut-editing-card-spending-settings-8788007b-e827-460c-8587-9e548a7d4496/003-42e36bce-2c46-43e6-89fd-84531af6120f-downloadableSrc-1e9e9fd8481a.webp
8788007b-e827-460c-8587-9e548a7d4496,Editing card spending settings,28b2d970-a05d-4509-99dd-83d47dbc3a16,Revolut,aa23fa4c-2ecb-4027-b126-335f9fcd86b1,3,4,fc569ad6-a597-46c5-a9dd-c328ff695ebd,true,downloadableSrc,200,image/webp,50490,50490,fde4bb3c7e7ce7f4492a2a5e0c2c1d2916beb0f6d42f7acbd241ded226b82635,1179,2676,,,bytescale.mobbin.com,f7a1807c1ac98ccf0eecf5078d61346ac9a94ca37a547f5708d580528c9e55c0,/Users/user/mobbin-sides/screen-flows/revolut/027-revolut-editing-card-spending-settings-8788007b-e827-460c-8587-9e548a7d4496/004-fc569ad6-a597-46c5-a9dd-c328ff695ebd-downloadableSrc-fde4bb3c7e7c.webp
8788007b-e827-460c-8587-9e548a7d4496,Editing card spending settings,28b2d970-a05d-4509-99dd-83d47dbc3a16,Revolut,aa23fa4c-2ecb-4027-b126-335f9fcd86b1,4,5,557bd71e-3dbb-40ce-9ccf-1f1098955e59,true,downloadableSrc,200,image/webp,58228,58228,b431613b12e40afa908b5bfdfe409cd34b5c130a1aa8bfe5f8c17fc0a6d6e3d6,1179,2676,,,bytescale.mobbin.com,f7a1807c1ac98ccf0eecf5078d61346ac9a94ca37a547f5708d580528c9e55c0,/Users/user/mobbin-sides/screen-flows/revolut/027-revolut-editing-card-spending-settings-8788007b-e827-460c-8587-9e548a7d4496/005-557bd71e-3dbb-40ce-9ccf-1f1098955e59-downloadableSrc-b431613b12e4.webp
3fe53f0a-c4a4-45c7-8707-173689b1bdb0,Setting a monthly limit,28b2d970-a05d-4509-99dd-83d47dbc3a16,Revolut,aa23fa4c-2ecb-4027-b126-335f9fcd86b1,0,1,37e75384-12db-4f85-bbe7-1bf382fdcb52,true,downloadableSrc,200,image/webp,55972,55972,a86d62db3a60505fd3d217163522e8853be26adeb232c3d7cf60b6c2dd912fce,1179,2676,,,bytescale.mobbin.com,f7a1807c1ac98ccf0eecf5078d61346ac9a94ca37a547f5708d580528c9e55c0,/Users/user/mobbin-sides/screen-flows/revolut/028-revolut-setting-a-monthly-limit-3fe53f0a-c4a4-45c7-8707-173689b1bdb0/001-37e75384-12db-4f85-bbe7-1bf382fdcb52-downloadableSrc-a86d62db3a60.webp
3fe53f0a-c4a4-45c7-8707-173689b1bdb0,Setting a monthly limit,28b2d970-a05d-4509-99dd-83d47dbc3a16,Revolut,aa23fa4c-2ecb-4027-b126-335f9fcd86b1,1,2,4e33ca29-eb15-4bf8-9272-bf2995738e4a,true,downloadableSrc,200,image/webp,40388,40388,0a82be100ca3a2888333de8f70d25f6059a6220e283ec3c5e379468ad03e8936,1179,2676,,,bytescale.mobbin.com,f7a1807c1ac98ccf0eecf5078d61346ac9a94ca37a547f5708d580528c9e55c0,/Users/user/mobbin-sides/screen-flows/revolut/028-revolut-setting-a-monthly-limit-3fe53f0a-c4a4-45c7-8707-173689b1bdb0/002-4e33ca29-eb15-4bf8-9272-bf2995738e4a-downloadableSrc-0a82be100ca3.webp
3fe53f0a-c4a4-45c7-8707-173689b1bdb0,Setting a monthly limit,28b2d970-a05d-4509-99dd-83d47dbc3a16,Revolut,aa23fa4c-2ecb-4027-b126-335f9fcd86b1,2,3,163d9954-3c39-478c-8c36-df7b73d86861,true,downloadableSrc,200,image/webp,31590,31590,150c5eb89de948d302dc25dd0f6612f9b13d190c0a5ae6593558923f58a321f8,1179,2676,,,bytescale.mobbin.com,f7a1807c1ac98ccf0eecf5078d61346ac9a94ca37a547f5708d580528c9e55c0,/Users/user/mobbin-sides/screen-flows/revolut/028-revolut-setting-a-monthly-limit-3fe53f0a-c4a4-45c7-8707-173689b1bdb0/003-163d9954-3c39-478c-8c36-df7b73d86861-downloadableSrc-150c5eb89de9.webp
3fe53f0a-c4a4-45c7-8707-173689b1bdb0,Setting a monthly limit,28b2d970-a05d-4509-99dd-83d47dbc3a16,Revolut,aa23fa4c-2ecb-4027-b126-335f9fcd86b1,3,4,3ea79438-3e3b-4c95-bc40-2b49c4f37790,true,downloadableSrc,200,image/webp,34542,34542,135d694caeaf7ab05de349802afd75960d652a4252c808037110b10dca24fb40,1179,2676,,,bytescale.mobbin.com,f7a1807c1ac98ccf0eecf5078d61346ac9a94ca37a547f5708d580528c9e55c0,/Users/user/mobbin-sides/screen-flows/revolut/028-revolut-setting-a-monthly-limit-3fe53f0a-c4a4-45c7-8707-173689b1bdb0/004-3ea79438-3e3b-4c95-bc40-2b49c4f37790-downloadableSrc-135d694caeaf.webp
3fe53f0a-c4a4-45c7-8707-173689b1bdb0,Setting a monthly limit,28b2d970-a05d-4509-99dd-83d47dbc3a16,Revolut,aa23fa4c-2ecb-4027-b126-335f9fcd86b1,4,5,7fa006b6-771e-4ffc-825c-1617c9b970d1,true,downloadableSrc,200,image/webp,44154,44154,a6bed0ce09ee21fae60351e333850e9f46d5c5be85b55b7546b78680cca65bac,1179,2676,,,bytescale.mobbin.com,f7a1807c1ac98ccf0eecf5078d61346ac9a94ca37a547f5708d580528c9e55c0,/Users/user/mobbin-sides/screen-flows/revolut/028-revolut-setting-a-monthly-limit-3fe53f0a-c4a4-45c7-8707-173689b1bdb0/005-7fa006b6-771e-4ffc-825c-1617c9b970d1-downloadableSrc-a6bed0ce09ee.webp
72fa07ba-ca3c-4066-a4aa-1b18d411c413,Labelling card,28b2d970-a05d-4509-99dd-83d47dbc3a16,Revolut,aa23fa4c-2ecb-4027-b126-335f9fcd86b1,0,1,37e75384-12db-4f85-bbe7-1bf382fdcb52,true,downloadableSrc,200,image/webp,55972,55972,a86d62db3a60505fd3d217163522e8853be26adeb232c3d7cf60b6c2dd912fce,1179,2676,,,bytescale.mobbin.com,f7a1807c1ac98ccf0eecf5078d61346ac9a94ca37a547f5708d580528c9e55c0,/Users/user/mobbin-sides/screen-flows/revolut/029-revolut-labelling-card-72fa07ba-ca3c-4066-a4aa-1b18d411c413/001-37e75384-12db-4f85-bbe7-1bf382fdcb52-downloadableSrc-a86d62db3a60.webp
72fa07ba-ca3c-4066-a4aa-1b18d411c413,Labelling card,28b2d970-a05d-4509-99dd-83d47dbc3a16,Revolut,aa23fa4c-2ecb-4027-b126-335f9fcd86b1,1,2,3a944fd1-d8f2-43b7-9c66-6f96f445c3e6,true,downloadableSrc,200,image/webp,41264,41264,3db687e3a346a351bd80094dd277362e6a6a52298764c33839bd1f8e8bd6c448,1179,2676,,,bytescale.mobbin.com,f7a1807c1ac98ccf0eecf5078d61346ac9a94ca37a547f5708d580528c9e55c0,/Users/user/mobbin-sides/screen-flows/revolut/029-revolut-labelling-card-72fa07ba-ca3c-4066-a4aa-1b18d411c413/002-3a944fd1-d8f2-43b7-9c66-6f96f445c3e6-downloadableSrc-3db687e3a346.webp
72fa07ba-ca3c-4066-a4aa-1b18d411c413,Labelling card,28b2d970-a05d-4509-99dd-83d47dbc3a16,Revolut,aa23fa4c-2ecb-4027-b126-335f9fcd86b1,2,3,8d1a093d-d51d-4d57-87d1-0c9e112ee577,true,downloadableSrc,200,image/webp,42102,42102,c57a9ceea1ea99d0fd8e3c439b8e41beffbcb4edee26776eb282abfe2492ee7e,1179,2676,,,bytescale.mobbin.com,f7a1807c1ac98ccf0eecf5078d61346ac9a94ca37a547f5708d580528c9e55c0,/Users/user/mobbin-sides/screen-flows/revolut/029-revolut-labelling-card-72fa07ba-ca3c-4066-a4aa-1b18d411c413/003-8d1a093d-d51d-4d57-87d1-0c9e112ee577-downloadableSrc-c57a9ceea1ea.webp
72fa07ba-ca3c-4066-a4aa-1b18d411c413,Labelling card,28b2d970-a05d-4509-99dd-83d47dbc3a16,Revolut,aa23fa4c-2ecb-4027-b126-335f9fcd86b1,3,4,884baeb2-55bf-4f3a-b57b-46ca3a7752fc,true,downloadableSrc,200,image/webp,61310,61310,9a642b85bda6781d0f865830828e76184aadfd7681368b49d7044aeccd3c2d23,1179,2676,,,bytescale.mobbin.com,f7a1807c1ac98ccf0eecf5078d61346ac9a94ca37a547f5708d580528c9e55c0,/Users/user/mobbin-sides/screen-flows/revolut/029-revolut-labelling-card-72fa07ba-ca3c-4066-a4aa-1b18d411c413/004-884baeb2-55bf-4f3a-b57b-46ca3a7752fc-downloadableSrc-9a642b85bda6.webp
c2681432-9cd1-42a0-b846-3384c5ad37d7,Unblocking CVV,28b2d970-a05d-4509-99dd-83d47dbc3a16,Revolut,aa23fa4c-2ecb-4027-b126-335f9fcd86b1,0,1,37e75384-12db-4f85-bbe7-1bf382fdcb52,true,downloadableSrc,200,image/webp,55972,55972,a86d62db3a60505fd3d217163522e8853be26adeb232c3d7cf60b6c2dd912fce,1179,2676,,,bytescale.mobbin.com,f7a1807c1ac98ccf0eecf5078d61346ac9a94ca37a547f5708d580528c9e55c0,/Users/user/mobbin-sides/screen-flows/revolut/030-revolut-unblocking-cvv-c2681432-9cd1-42a0-b846-3384c5ad37d7/001-37e75384-12db-4f85-bbe7-1bf382fdcb52-downloadableSrc-a86d62db3a60.webp
c2681432-9cd1-42a0-b846-3384c5ad37d7,Unblocking CVV,28b2d970-a05d-4509-99dd-83d47dbc3a16,Revolut,aa23fa4c-2ecb-4027-b126-335f9fcd86b1,1,2,9047bc33-c842-4119-b6e9-1c633de5dc7e,true,downloadableSrc,200,image/webp,37746,37746,2228a1c545d9eb4b5de2e4e55067f112aa8bad3a8c9056f69a9326d25590c12e,1179,2676,,,bytescale.mobbin.com,f7a1807c1ac98ccf0eecf5078d61346ac9a94ca37a547f5708d580528c9e55c0,/Users/user/mobbin-sides/screen-flows/revolut/030-revolut-unblocking-cvv-c2681432-9cd1-42a0-b846-3384c5ad37d7/002-9047bc33-c842-4119-b6e9-1c633de5dc7e-downloadableSrc-2228a1c545d9.webp
c2681432-9cd1-42a0-b846-3384c5ad37d7,Unblocking CVV,28b2d970-a05d-4509-99dd-83d47dbc3a16,Revolut,aa23fa4c-2ecb-4027-b126-335f9fcd86b1,2,3,bc15e69b-834a-429e-ad90-b54be78ffaa1,true,downloadableSrc,200,image/webp,39800,39800,67214767378df217ad82701c5cb111186de819b85e885c44b765fcb2657564a8,1179,2676,,,bytescale.mobbin.com,f7a1807c1ac98ccf0eecf5078d61346ac9a94ca37a547f5708d580528c9e55c0,/Users/user/mobbin-sides/screen-flows/revolut/030-revolut-unblocking-cvv-c2681432-9cd1-42a0-b846-3384c5ad37d7/003-bc15e69b-834a-429e-ad90-b54be78ffaa1-downloadableSrc-67214767378d.webp
ae4a9445-09d6-46e5-b3bc-cb51ee7f01a6,Terminating a card,28b2d970-a05d-4509-99dd-83d47dbc3a16,Revolut,aa23fa4c-2ecb-4027-b126-335f9fcd86b1,0,1,37e75384-12db-4f85-bbe7-1bf382fdcb52,true,downloadableSrc,200,image/webp,55972,55972,a86d62db3a60505fd3d217163522e8853be26adeb232c3d7cf60b6c2dd912fce,1179,2676,,,bytescale.mobbin.com,f7a1807c1ac98ccf0eecf5078d61346ac9a94ca37a547f5708d580528c9e55c0,/Users/user/mobbin-sides/screen-flows/revolut/031-revolut-terminating-a-card-ae4a9445-09d6-46e5-b3bc-cb51ee7f01a6/001-37e75384-12db-4f85-bbe7-1bf382fdcb52-downloadableSrc-a86d62db3a60.webp
ae4a9445-09d6-46e5-b3bc-cb51ee7f01a6,Terminating a card,28b2d970-a05d-4509-99dd-83d47dbc3a16,Revolut,aa23fa4c-2ecb-4027-b126-335f9fcd86b1,1,2,9cd4e06f-686c-4336-bb50-542abd84179f,true,downloadableSrc,200,image/webp,38916,38916,8f4abbc75c229a14fc30c9e8887417476269cc646d4e04f0dd6ad03b289b3374,1179,2676,,,bytescale.mobbin.com,f7a1807c1ac98ccf0eecf5078d61346ac9a94ca37a547f5708d580528c9e55c0,/Users/user/mobbin-sides/screen-flows/revolut/031-revolut-terminating-a-card-ae4a9445-09d6-46e5-b3bc-cb51ee7f01a6/002-9cd4e06f-686c-4336-bb50-542abd84179f-downloadableSrc-8f4abbc75c22.webp
ae4a9445-09d6-46e5-b3bc-cb51ee7f01a6,Terminating a card,28b2d970-a05d-4509-99dd-83d47dbc3a16,Revolut,aa23fa4c-2ecb-4027-b126-335f9fcd86b1,2,3,e5aecfb6-5e17-4c6e-92d3-8a2165c84c5c,true,downloadableSrc,200,image/webp,26732,26732,7e8f7c9bb21cca980fa585363574ab95277fd5c8fde2f34cfa2f9261982609c7,1179,2676,,,bytescale.mobbin.com,f7a1807c1ac98ccf0eecf5078d61346ac9a94ca37a547f5708d580528c9e55c0,/Users/user/mobbin-sides/screen-flows/revolut/031-revolut-terminating-a-card-ae4a9445-09d6-46e5-b3bc-cb51ee7f01a6/003-e5aecfb6-5e17-4c6e-92d3-8a2165c84c5c-downloadableSrc-7e8f7c9bb21c.webp
d64e254a-f416-4b79-a31e-c8ee8d7cb803,Creating a new card,28b2d970-a05d-4509-99dd-83d47dbc3a16,Revolut,aa23fa4c-2ecb-4027-b126-335f9fcd86b1,0,1,a2d088dd-3c73-4d57-a905-420857a2aa7a,true,downloadableSrc,200,image/webp,68258,68258,11738b8e72a020ebd8c595bb87ec0bf380a4e7ea3a4e9cf19527f3cd1cbceba5,1179,2676,,,bytescale.mobbin.com,f7a1807c1ac98ccf0eecf5078d61346ac9a94ca37a547f5708d580528c9e55c0,/Users/user/mobbin-sides/screen-flows/revolut/032-revolut-creating-a-new-card-d64e254a-f416-4b79-a31e-c8ee8d7cb803/001-a2d088dd-3c73-4d57-a905-420857a2aa7a-downloadableSrc-11738b8e72a0.webp
d64e254a-f416-4b79-a31e-c8ee8d7cb803,Creating a new card,28b2d970-a05d-4509-99dd-83d47dbc3a16,Revolut,aa23fa4c-2ecb-4027-b126-335f9fcd86b1,1,2,c3e50bc3-e418-4f44-9419-bbb8e25c827b,true,downloadableSrc,200,image/webp,54012,54012,26091c2fb39ff0bf6ebdd41b4bf354ab227e42a7d08bb9319c0779705c2ba5c0,1179,2676,,,bytescale.mobbin.com,f7a1807c1ac98ccf0eecf5078d61346ac9a94ca37a547f5708d580528c9e55c0,/Users/user/mobbin-sides/screen-flows/revolut/032-revolut-creating-a-new-card-d64e254a-f416-4b79-a31e-c8ee8d7cb803/002-c3e50bc3-e418-4f44-9419-bbb8e25c827b-downloadableSrc-26091c2fb39f.webp
d64e254a-f416-4b79-a31e-c8ee8d7cb803,Creating a new card,28b2d970-a05d-4509-99dd-83d47dbc3a16,Revolut,aa23fa4c-2ecb-4027-b126-335f9fcd86b1,2,3,092de174-4047-4e0f-b915-dc2bfe0ae2bb,true,downloadableSrc,200,image/webp,42654,42654,034b740e488c8777691543cd38f66bf2288090b7fa107f784851dd256a76bf5c,1179,2676,,,bytescale.mobbin.com,f7a1807c1ac98ccf0eecf5078d61346ac9a94ca37a547f5708d580528c9e55c0,/Users/user/mobbin-sides/screen-flows/revolut/032-revolut-creating-a-new-card-d64e254a-f416-4b79-a31e-c8ee8d7cb803/003-092de174-4047-4e0f-b915-dc2bfe0ae2bb-downloadableSrc-034b740e488c.webp
d64e254a-f416-4b79-a31e-c8ee8d7cb803,Creating a new card,28b2d970-a05d-4509-99dd-83d47dbc3a16,Revolut,aa23fa4c-2ecb-4027-b126-335f9fcd86b1,3,4,1e6f0ba7-2a7b-402f-9cb6-dbb04a642a82,true,downloadableSrc,200,image/webp,34420,34420,d8e520fc0c7fff62cea9d057ce20cbc3fb4e60b3c5f984e435d660f17632469e,1179,2676,,,bytescale.mobbin.com,f7a1807c1ac98ccf0eecf5078d61346ac9a94ca37a547f5708d580528c9e55c0,/Users/user/mobbin-sides/screen-flows/revolut/032-revolut-creating-a-new-card-d64e254a-f416-4b79-a31e-c8ee8d7cb803/004-1e6f0ba7-2a7b-402f-9cb6-dbb04a642a82-downloadableSrc-d8e520fc0c7f.webp
ef53db0a-4b1d-4924-b9e8-4b623811b548,Creating a Revolut <18 account,28b2d970-a05d-4509-99dd-83d47dbc3a16,Revolut,aa23fa4c-2ecb-4027-b126-335f9fcd86b1,0,1,c3e50bc3-e418-4f44-9419-bbb8e25c827b,true,downloadableSrc,200,image/webp,54012,54012,26091c2fb39ff0bf6ebdd41b4bf354ab227e42a7d08bb9319c0779705c2ba5c0,1179,2676,,,bytescale.mobbin.com,f7a1807c1ac98ccf0eecf5078d61346ac9a94ca37a547f5708d580528c9e55c0,/Users/user/mobbin-sides/screen-flows/revolut/033-revolut-creating-a-revolut-18-account-ef53db0a-4b1d-4924-b9e8-4b623811b548/001-c3e50bc3-e418-4f44-9419-bbb8e25c827b-downloadableSrc-26091c2fb39f.webp
ef53db0a-4b1d-4924-b9e8-4b623811b548,Creating a Revolut <18 account,28b2d970-a05d-4509-99dd-83d47dbc3a16,Revolut,aa23fa4c-2ecb-4027-b126-335f9fcd86b1,1,2,164e789e-f1e2-4e19-8ac1-26b68b8e0d3d,true,downloadableSrc,200,image/webp,88654,88654,fa9da61c1f930e6e7aee477ef9193ff34c51f59e22deffbb9b7c948cc1bb5ea3,1179,2676,,,bytescale.mobbin.com,f7a1807c1ac98ccf0eecf5078d61346ac9a94ca37a547f5708d580528c9e55c0,/Users/user/mobbin-sides/screen-flows/revolut/033-revolut-creating-a-revolut-18-account-ef53db0a-4b1d-4924-b9e8-4b623811b548/002-164e789e-f1e2-4e19-8ac1-26b68b8e0d3d-downloadableSrc-fa9da61c1f93.webp
ef53db0a-4b1d-4924-b9e8-4b623811b548,Creating a Revolut <18 account,28b2d970-a05d-4509-99dd-83d47dbc3a16,Revolut,aa23fa4c-2ecb-4027-b126-335f9fcd86b1,2,3,6b5680fe-e0ea-4657-a2bd-6d1e7e226908,true,downloadableSrc,200,image/webp,89792,89792,a8f8b673b2caf3b3fd6944664525ef88425f277e266c5418858baea5243310eb,1179,2676,,,bytescale.mobbin.com,f7a1807c1ac98ccf0eecf5078d61346ac9a94ca37a547f5708d580528c9e55c0,/Users/user/mobbin-sides/screen-flows/revolut/033-revolut-creating-a-revolut-18-account-ef53db0a-4b1d-4924-b9e8-4b623811b548/003-6b5680fe-e0ea-4657-a2bd-6d1e7e226908-downloadableSrc-a8f8b673b2ca.webp
ef53db0a-4b1d-4924-b9e8-4b623811b548,Creating a Revolut <18 account,28b2d970-a05d-4509-99dd-83d47dbc3a16,Revolut,aa23fa4c-2ecb-4027-b126-335f9fcd86b1,3,4,24f5b085-0f72-4be3-ae7a-ed5003c5f52b,true,downloadableSrc,200,image/webp,137736,137736,049aba3e20a10688f78687cfdf1d8270d3e214dd12808bcea0efc370125a8817,1179,2676,,,bytescale.mobbin.com,f7a1807c1ac98ccf0eecf5078d61346ac9a94ca37a547f5708d580528c9e55c0,/Users/user/mobbin-sides/screen-flows/revolut/033-revolut-creating-a-revolut-18-account-ef53db0a-4b1d-4924-b9e8-4b623811b548/004-24f5b085-0f72-4be3-ae7a-ed5003c5f52b-downloadableSrc-049aba3e20a1.webp
ef53db0a-4b1d-4924-b9e8-4b623811b548,Creating a Revolut <18 account,28b2d970-a05d-4509-99dd-83d47dbc3a16,Revolut,aa23fa4c-2ecb-4027-b126-335f9fcd86b1,4,5,35db2f06-05c6-4177-90ea-942ab36dc37f,true,downloadableSrc,200,image/webp,31164,31164,5e542ef9cc359d916751e9b7de87ca8ad97aebd27314f48f09ddf7cfeb623324,1179,2676,,,bytescale.mobbin.com,f7a1807c1ac98ccf0eecf5078d61346ac9a94ca37a547f5708d580528c9e55c0,/Users/user/mobbin-sides/screen-flows/revolut/033-revolut-creating-a-revolut-18-account-ef53db0a-4b1d-4924-b9e8-4b623811b548/005-35db2f06-05c6-4177-90ea-942ab36dc37f-downloadableSrc-5e542ef9cc35.webp
ef53db0a-4b1d-4924-b9e8-4b623811b548,Creating a Revolut <18 account,28b2d970-a05d-4509-99dd-83d47dbc3a16,Revolut,aa23fa4c-2ecb-4027-b126-335f9fcd86b1,5,6,939ff643-a6f3-4dd9-a98b-e9d64780106d,true,downloadableSrc,200,image/webp,33780,33780,2edb79c36e647b14c0c3d85f7d0f8e1b3ac7b15b23bf1c8734231264b99144b3,1179,2676,,,bytescale.mobbin.com,f7a1807c1ac98ccf0eecf5078d61346ac9a94ca37a547f5708d580528c9e55c0,/Users/user/mobbin-sides/screen-flows/revolut/033-revolut-creating-a-revolut-18-account-ef53db0a-4b1d-4924-b9e8-4b623811b548/006-939ff643-a6f3-4dd9-a98b-e9d64780106d-downloadableSrc-2edb79c36e64.webp
ef53db0a-4b1d-4924-b9e8-4b623811b548,Creating a Revolut <18 account,28b2d970-a05d-4509-99dd-83d47dbc3a16,Revolut,aa23fa4c-2ecb-4027-b126-335f9fcd86b1,6,7,909dde73-2461-4302-aefd-9f3d2698b3d2,true,downloadableSrc,200,image/webp,37934,37934,b103ad429175c40bd1648abec827c592e84dc706cdb90846b4a0fb8eabcc8ee9,1179,2676,,,bytescale.mobbin.com,f7a1807c1ac98ccf0eecf5078d61346ac9a94ca37a547f5708d580528c9e55c0,/Users/user/mobbin-sides/screen-flows/revolut/033-revolut-creating-a-revolut-18-account-ef53db0a-4b1d-4924-b9e8-4b623811b548/007-909dde73-2461-4302-aefd-9f3d2698b3d2-downloadableSrc-b103ad429175.webp
ef53db0a-4b1d-4924-b9e8-4b623811b548,Creating a Revolut <18 account,28b2d970-a05d-4509-99dd-83d47dbc3a16,Revolut,aa23fa4c-2ecb-4027-b126-335f9fcd86b1,7,8,e23b491b-803d-48f4-a5df-7be2ddade6d9,true,downloadableSrc,200,image/webp,34146,34146,02a5dd1544aa2eb3c9dd495e9feaa0101ca542ad5d1793116eec25803a8413b8,1179,2676,,,bytescale.mobbin.com,f7a1807c1ac98ccf0eecf5078d61346ac9a94ca37a547f5708d580528c9e55c0,/Users/user/mobbin-sides/screen-flows/revolut/033-revolut-creating-a-revolut-18-account-ef53db0a-4b1d-4924-b9e8-4b623811b548/008-e23b491b-803d-48f4-a5df-7be2ddade6d9-downloadableSrc-02a5dd1544aa.webp
ef53db0a-4b1d-4924-b9e8-4b623811b548,Creating a Revolut <18 account,28b2d970-a05d-4509-99dd-83d47dbc3a16,Revolut,aa23fa4c-2ecb-4027-b126-335f9fcd86b1,8,9,3e3ce42e-e996-4e6e-b659-500f9c373b2f,true,downloadableSrc,200,image/webp,40684,40684,1c451baf04cf476bcf609f5b5555d8498f749b937acd7e412211bcdcb16e6c77,1179,2676,,,bytescale.mobbin.com,f7a1807c1ac98ccf0eecf5078d61346ac9a94ca37a547f5708d580528c9e55c0,/Users/user/mobbin-sides/screen-flows/revolut/033-revolut-creating-a-revolut-18-account-ef53db0a-4b1d-4924-b9e8-4b623811b548/009-3e3ce42e-e996-4e6e-b659-500f9c373b2f-downloadableSrc-1c451baf04cf.webp
ef53db0a-4b1d-4924-b9e8-4b623811b548,Creating a Revolut <18 account,28b2d970-a05d-4509-99dd-83d47dbc3a16,Revolut,aa23fa4c-2ecb-4027-b126-335f9fcd86b1,9,10,568bc89a-5e0f-4cc8-ae9c-b34dec778819,true,downloadableSrc,200,image/webp,37172,37172,c013f363ac15fe165e16bbc115df17e5100235f8bbddc7f17e175eed9a94483f,1179,2676,,,bytescale.mobbin.com,f7a1807c1ac98ccf0eecf5078d61346ac9a94ca37a547f5708d580528c9e55c0,/Users/user/mobbin-sides/screen-flows/revolut/033-revolut-creating-a-revolut-18-account-ef53db0a-4b1d-4924-b9e8-4b623811b548/010-568bc89a-5e0f-4cc8-ae9c-b34dec778819-downloadableSrc-c013f363ac15.webp
ef53db0a-4b1d-4924-b9e8-4b623811b548,Creating a Revolut <18 account,28b2d970-a05d-4509-99dd-83d47dbc3a16,Revolut,aa23fa4c-2ecb-4027-b126-335f9fcd86b1,10,11,a4119a92-c12e-47d7-a15f-34efd9be2080,true,downloadableSrc,200,image/webp,37070,37070,d6c2f52cd55716cbc7121fd338c93944f48ebda8338f47b276faddec5c425bb3,1179,2676,,,bytescale.mobbin.com,f7a1807c1ac98ccf0eecf5078d61346ac9a94ca37a547f5708d580528c9e55c0,/Users/user/mobbin-sides/screen-flows/revolut/033-revolut-creating-a-revolut-18-account-ef53db0a-4b1d-4924-b9e8-4b623811b548/011-a4119a92-c12e-47d7-a15f-34efd9be2080-downloadableSrc-d6c2f52cd557.webp
ef53db0a-4b1d-4924-b9e8-4b623811b548,Creating a Revolut <18 account,28b2d970-a05d-4509-99dd-83d47dbc3a16,Revolut,aa23fa4c-2ecb-4027-b126-335f9fcd86b1,11,12,da5f6287-1092-4112-8dd7-72bd5803dd48,true,downloadableSrc,200,image/webp,64152,64152,d6e99fd999401d13bf859120bf8ced7899fbc83046f967c912477ee671e079ef,1179,2676,,,bytescale.mobbin.com,f7a1807c1ac98ccf0eecf5078d61346ac9a94ca37a547f5708d580528c9e55c0,/Users/user/mobbin-sides/screen-flows/revolut/033-revolut-creating-a-revolut-18-account-ef53db0a-4b1d-4924-b9e8-4b623811b548/012-da5f6287-1092-4112-8dd7-72bd5803dd48-downloadableSrc-d6e99fd99940.webp
ef53db0a-4b1d-4924-b9e8-4b623811b548,Creating a Revolut <18 account,28b2d970-a05d-4509-99dd-83d47dbc3a16,Revolut,aa23fa4c-2ecb-4027-b126-335f9fcd86b1,12,13,69c7d789-ef1b-416c-85f3-909ecf09c0b1,true,downloadableSrc,200,image/webp,65864,65864,1bc051e8fbb975f524e7762bd8def76e3b3e4fb55506daa2800b3ea296450cd2,1179,2676,,,bytescale.mobbin.com,f7a1807c1ac98ccf0eecf5078d61346ac9a94ca37a547f5708d580528c9e55c0,/Users/user/mobbin-sides/screen-flows/revolut/033-revolut-creating-a-revolut-18-account-ef53db0a-4b1d-4924-b9e8-4b623811b548/013-69c7d789-ef1b-416c-85f3-909ecf09c0b1-downloadableSrc-1bc051e8fbb9.webp
ef53db0a-4b1d-4924-b9e8-4b623811b548,Creating a Revolut <18 account,28b2d970-a05d-4509-99dd-83d47dbc3a16,Revolut,aa23fa4c-2ecb-4027-b126-335f9fcd86b1,13,14,01e3eb12-1111-4b89-a1a4-8513c3d9718e,true,downloadableSrc,200,image/webp,49582,49582,6384430024eb3cb5ef66404023f18f36f7f469f1441fde86434e56fe6b35982b,1179,2676,,,bytescale.mobbin.com,f7a1807c1ac98ccf0eecf5078d61346ac9a94ca37a547f5708d580528c9e55c0,/Users/user/mobbin-sides/screen-flows/revolut/033-revolut-creating-a-revolut-18-account-ef53db0a-4b1d-4924-b9e8-4b623811b548/014-01e3eb12-1111-4b89-a1a4-8513c3d9718e-downloadableSrc-6384430024eb.webp
ef53db0a-4b1d-4924-b9e8-4b623811b548,Creating a Revolut <18 account,28b2d970-a05d-4509-99dd-83d47dbc3a16,Revolut,aa23fa4c-2ecb-4027-b126-335f9fcd86b1,14,15,f480b69b-4bae-4e4d-a9aa-0fdaca5e597d,true,downloadableSrc,200,image/webp,35546,35546,f237f22da807973bfaabc55030a297849e146220c5ec45dd2c6220fd7c630436,1179,2676,,,bytescale.mobbin.com,f7a1807c1ac98ccf0eecf5078d61346ac9a94ca37a547f5708d580528c9e55c0,/Users/user/mobbin-sides/screen-flows/revolut/033-revolut-creating-a-revolut-18-account-ef53db0a-4b1d-4924-b9e8-4b623811b548/015-f480b69b-4bae-4e4d-a9aa-0fdaca5e597d-downloadableSrc-f237f22da807.webp
ef53db0a-4b1d-4924-b9e8-4b623811b548,Creating a Revolut <18 account,28b2d970-a05d-4509-99dd-83d47dbc3a16,Revolut,aa23fa4c-2ecb-4027-b126-335f9fcd86b1,15,16,96c7edc4-dfc3-4a56-81bc-3006f814b37c,true,downloadableSrc,200,image/webp,34086,34086,eaea0d6d3693b9aa4c451664f0ad766d629fdfad54456680d7ae85fe867bbd72,1179,2676,,,bytescale.mobbin.com,f7a1807c1ac98ccf0eecf5078d61346ac9a94ca37a547f5708d580528c9e55c0,/Users/user/mobbin-sides/screen-flows/revolut/033-revolut-creating-a-revolut-18-account-ef53db0a-4b1d-4924-b9e8-4b623811b548/016-96c7edc4-dfc3-4a56-81bc-3006f814b37c-downloadableSrc-eaea0d6d3693.webp
ef53db0a-4b1d-4924-b9e8-4b623811b548,Creating a Revolut <18 account,28b2d970-a05d-4509-99dd-83d47dbc3a16,Revolut,aa23fa4c-2ecb-4027-b126-335f9fcd86b1,16,17,16d30188-c7da-4986-aba9-3830afb2afaf,true,downloadableSrc,200,image/webp,34510,34510,720d0ade85d74373bde05f915f0574c9835bc1f5ee26dc4f499e3ca59875a691,1179,2676,,,bytescale.mobbin.com,f7a1807c1ac98ccf0eecf5078d61346ac9a94ca37a547f5708d580528c9e55c0,/Users/user/mobbin-sides/screen-flows/revolut/033-revolut-creating-a-revolut-18-account-ef53db0a-4b1d-4924-b9e8-4b623811b548/017-16d30188-c7da-4986-aba9-3830afb2afaf-downloadableSrc-720d0ade85d7.webp
ef53db0a-4b1d-4924-b9e8-4b623811b548,Creating a Revolut <18 account,28b2d970-a05d-4509-99dd-83d47dbc3a16,Revolut,aa23fa4c-2ecb-4027-b126-335f9fcd86b1,17,18,5a253197-1bdd-4533-8ae8-83de24c9e074,true,downloadableSrc,200,image/webp,34832,34832,2c787af17ce69f6f205f0bf15598f2354d962cccfd0b360ac2108149f78864ed,1179,2676,,,bytescale.mobbin.com,f7a1807c1ac98ccf0eecf5078d61346ac9a94ca37a547f5708d580528c9e55c0,/Users/user/mobbin-sides/screen-flows/revolut/033-revolut-creating-a-revolut-18-account-ef53db0a-4b1d-4924-b9e8-4b623811b548/018-5a253197-1bdd-4533-8ae8-83de24c9e074-downloadableSrc-2c787af17ce6.webp
ef53db0a-4b1d-4924-b9e8-4b623811b548,Creating a Revolut <18 account,28b2d970-a05d-4509-99dd-83d47dbc3a16,Revolut,aa23fa4c-2ecb-4027-b126-335f9fcd86b1,18,19,5ac78021-16c2-40d6-83af-908e646b8e2b,true,downloadableSrc,200,image/webp,34328,34328,e43975f7c7e1eddb3e07f7bda609545c67346cffdf91dbd3467db4142259e48f,1179,2676,,,bytescale.mobbin.com,f7a1807c1ac98ccf0eecf5078d61346ac9a94ca37a547f5708d580528c9e55c0,/Users/user/mobbin-sides/screen-flows/revolut/033-revolut-creating-a-revolut-18-account-ef53db0a-4b1d-4924-b9e8-4b623811b548/019-5ac78021-16c2-40d6-83af-908e646b8e2b-downloadableSrc-e43975f7c7e1.webp
ef53db0a-4b1d-4924-b9e8-4b623811b548,Creating a Revolut <18 account,28b2d970-a05d-4509-99dd-83d47dbc3a16,Revolut,aa23fa4c-2ecb-4027-b126-335f9fcd86b1,19,20,ed1c0fa1-8b15-4316-9f6d-4deb117c82cc,true,downloadableSrc,200,image/webp,35016,35016,b3ce8bd19a408c89a77ab8d7670d04e30431568945ceb8492c1cb8f45ca0b8e5,1179,2676,,,bytescale.mobbin.com,f7a1807c1ac98ccf0eecf5078d61346ac9a94ca37a547f5708d580528c9e55c0,/Users/user/mobbin-sides/screen-flows/revolut/033-revolut-creating-a-revolut-18-account-ef53db0a-4b1d-4924-b9e8-4b623811b548/020-ed1c0fa1-8b15-4316-9f6d-4deb117c82cc-downloadableSrc-b3ce8bd19a40.webp
ef53db0a-4b1d-4924-b9e8-4b623811b548,Creating a Revolut <18 account,28b2d970-a05d-4509-99dd-83d47dbc3a16,Revolut,aa23fa4c-2ecb-4027-b126-335f9fcd86b1,20,21,8baed046-6c80-4d0c-908d-9ca85c792999,true,downloadableSrc,200,image/webp,44574,44574,949db222f659ccce4db98d5111e4564d9981bd5582b14a576d877f4894133a87,1179,2676,,,bytescale.mobbin.com,f7a1807c1ac98ccf0eecf5078d61346ac9a94ca37a547f5708d580528c9e55c0,/Users/user/mobbin-sides/screen-flows/revolut/033-revolut-creating-a-revolut-18-account-ef53db0a-4b1d-4924-b9e8-4b623811b548/021-8baed046-6c80-4d0c-908d-9ca85c792999-downloadableSrc-949db222f659.webp
ef53db0a-4b1d-4924-b9e8-4b623811b548,Creating a Revolut <18 account,28b2d970-a05d-4509-99dd-83d47dbc3a16,Revolut,aa23fa4c-2ecb-4027-b126-335f9fcd86b1,21,22,ec5b902c-616f-4d0a-86cc-b9da123acf63,true,downloadableSrc,200,image/webp,27536,27536,ec33a329b7d477809dae8fd2fc05f0a912dbf2efee930037921e325af48e6a79,1179,2676,,,bytescale.mobbin.com,f7a1807c1ac98ccf0eecf5078d61346ac9a94ca37a547f5708d580528c9e55c0,/Users/user/mobbin-sides/screen-flows/revolut/033-revolut-creating-a-revolut-18-account-ef53db0a-4b1d-4924-b9e8-4b623811b548/022-ec5b902c-616f-4d0a-86cc-b9da123acf63-downloadableSrc-ec33a329b7d4.webp
ef53db0a-4b1d-4924-b9e8-4b623811b548,Creating a Revolut <18 account,28b2d970-a05d-4509-99dd-83d47dbc3a16,Revolut,aa23fa4c-2ecb-4027-b126-335f9fcd86b1,22,23,112bef7f-b7c7-4e03-9722-01afcf4fd899,true,downloadableSrc,200,image/webp,26138,26138,d2c060799474d45422d4cb5177248513c2fcd65a57b5bb8ad9fe7ff7407bc4a2,1179,2676,,,bytescale.mobbin.com,f7a1807c1ac98ccf0eecf5078d61346ac9a94ca37a547f5708d580528c9e55c0,/Users/user/mobbin-sides/screen-flows/revolut/033-revolut-creating-a-revolut-18-account-ef53db0a-4b1d-4924-b9e8-4b623811b548/023-112bef7f-b7c7-4e03-9722-01afcf4fd899-downloadableSrc-d2c060799474.webp
ef53db0a-4b1d-4924-b9e8-4b623811b548,Creating a Revolut <18 account,28b2d970-a05d-4509-99dd-83d47dbc3a16,Revolut,aa23fa4c-2ecb-4027-b126-335f9fcd86b1,23,24,a4083998-7ad4-456d-95d3-612518cee114,true,downloadableSrc,200,image/webp,35550,35550,a9388ccfec905f01abb3284f5a6323366fdf6924d0eacad1753ffb461171598b,1179,2676,,,bytescale.mobbin.com,f7a1807c1ac98ccf0eecf5078d61346ac9a94ca37a547f5708d580528c9e55c0,/Users/user/mobbin-sides/screen-flows/revolut/033-revolut-creating-a-revolut-18-account-ef53db0a-4b1d-4924-b9e8-4b623811b548/024-a4083998-7ad4-456d-95d3-612518cee114-downloadableSrc-a9388ccfec90.webp
ef53db0a-4b1d-4924-b9e8-4b623811b548,Creating a Revolut <18 account,28b2d970-a05d-4509-99dd-83d47dbc3a16,Revolut,aa23fa4c-2ecb-4027-b126-335f9fcd86b1,24,25,ee68e8f9-6d57-4f5e-91d2-8256e48b86c2,true,downloadableSrc,200,image/webp,48762,48762,3d6fa3470a4ea81a791e51d3d17e61f86e156b7e91c2fcdf30038c1d2231a404,1179,2676,,,bytescale.mobbin.com,f7a1807c1ac98ccf0eecf5078d61346ac9a94ca37a547f5708d580528c9e55c0,/Users/user/mobbin-sides/screen-flows/revolut/033-revolut-creating-a-revolut-18-account-ef53db0a-4b1d-4924-b9e8-4b623811b548/025-ee68e8f9-6d57-4f5e-91d2-8256e48b86c2-downloadableSrc-3d6fa3470a4e.webp
ef53db0a-4b1d-4924-b9e8-4b623811b548,Creating a Revolut <18 account,28b2d970-a05d-4509-99dd-83d47dbc3a16,Revolut,aa23fa4c-2ecb-4027-b126-335f9fcd86b1,25,26,fddb0602-70e3-4e69-b0d4-404098e341aa,true,downloadableSrc,200,image/webp,82434,82434,e0a49f8146a40444d449aa3cf0bd42bf8aca94c142988ca1818aa293be25254e,1179,2676,,,bytescale.mobbin.com,f7a1807c1ac98ccf0eecf5078d61346ac9a94ca37a547f5708d580528c9e55c0,/Users/user/mobbin-sides/screen-flows/revolut/033-revolut-creating-a-revolut-18-account-ef53db0a-4b1d-4924-b9e8-4b623811b548/026-fddb0602-70e3-4e69-b0d4-404098e341aa-downloadableSrc-e0a49f8146a4.webp
ef53db0a-4b1d-4924-b9e8-4b623811b548,Creating a Revolut <18 account,28b2d970-a05d-4509-99dd-83d47dbc3a16,Revolut,aa23fa4c-2ecb-4027-b126-335f9fcd86b1,26,27,a572e0ed-3324-4c07-a225-5fa751313703,true,downloadableSrc,200,image/webp,80554,80554,806f89fa99cd1de98856bb8dc43495a2002f3573799a8a021fda929165da9896,1179,2676,,,bytescale.mobbin.com,f7a1807c1ac98ccf0eecf5078d61346ac9a94ca37a547f5708d580528c9e55c0,/Users/user/mobbin-sides/screen-flows/revolut/033-revolut-creating-a-revolut-18-account-ef53db0a-4b1d-4924-b9e8-4b623811b548/027-a572e0ed-3324-4c07-a225-5fa751313703-downloadableSrc-806f89fa99cd.webp
ef53db0a-4b1d-4924-b9e8-4b623811b548,Creating a Revolut <18 account,28b2d970-a05d-4509-99dd-83d47dbc3a16,Revolut,aa23fa4c-2ecb-4027-b126-335f9fcd86b1,27,28,9e4593eb-6c61-4722-ac2d-6e8148fedd38,true,downloadableSrc,200,image/webp,72570,72570,1cd2f12415ab23ed9f1afad0c5989ced7db71c2565bf02444ebc259f0c575ca2,1179,2676,,,bytescale.mobbin.com,f7a1807c1ac98ccf0eecf5078d61346ac9a94ca37a547f5708d580528c9e55c0,/Users/user/mobbin-sides/screen-flows/revolut/033-revolut-creating-a-revolut-18-account-ef53db0a-4b1d-4924-b9e8-4b623811b548/028-9e4593eb-6c61-4722-ac2d-6e8148fedd38-downloadableSrc-1cd2f12415ab.webp
ef53db0a-4b1d-4924-b9e8-4b623811b548,Creating a Revolut <18 account,28b2d970-a05d-4509-99dd-83d47dbc3a16,Revolut,aa23fa4c-2ecb-4027-b126-335f9fcd86b1,28,29,398ff5d5-b85b-4090-8efc-d2a858d39367,true,downloadableSrc,200,image/webp,56556,56556,44ea7792186615ce39dd25e2b9bcde3ba87e35c938b13fd12d77abc9ee59e28a,1179,2676,,,bytescale.mobbin.com,f7a1807c1ac98ccf0eecf5078d61346ac9a94ca37a547f5708d580528c9e55c0,/Users/user/mobbin-sides/screen-flows/revolut/033-revolut-creating-a-revolut-18-account-ef53db0a-4b1d-4924-b9e8-4b623811b548/029-398ff5d5-b85b-4090-8efc-d2a858d39367-downloadableSrc-44ea77921866.webp
dc637dd8-4076-42bb-9894-a11b2b80a75a,Creating an allowance automation,28b2d970-a05d-4509-99dd-83d47dbc3a16,Revolut,aa23fa4c-2ecb-4027-b126-335f9fcd86b1,0,1,9e4593eb-6c61-4722-ac2d-6e8148fedd38,true,downloadableSrc,200,image/webp,72570,72570,1cd2f12415ab23ed9f1afad0c5989ced7db71c2565bf02444ebc259f0c575ca2,1179,2676,,,bytescale.mobbin.com,f7a1807c1ac98ccf0eecf5078d61346ac9a94ca37a547f5708d580528c9e55c0,/Users/user/mobbin-sides/screen-flows/revolut/034-revolut-creating-an-allowance-automation-dc637dd8-4076-42bb-9894-a11b2b80a75a/001-9e4593eb-6c61-4722-ac2d-6e8148fedd38-downloadableSrc-1cd2f12415ab.webp
dc637dd8-4076-42bb-9894-a11b2b80a75a,Creating an allowance automation,28b2d970-a05d-4509-99dd-83d47dbc3a16,Revolut,aa23fa4c-2ecb-4027-b126-335f9fcd86b1,1,2,326f182b-9da9-49ad-a91b-aa3d42cbe588,true,downloadableSrc,200,image/webp,31754,31754,6616a85f8f5c41efb804fbb86091ce1c0f1aec7b2c60b04f261715ab2f93099c,1179,2676,,,bytescale.mobbin.com,f7a1807c1ac98ccf0eecf5078d61346ac9a94ca37a547f5708d580528c9e55c0,/Users/user/mobbin-sides/screen-flows/revolut/034-revolut-creating-an-allowance-automation-dc637dd8-4076-42bb-9894-a11b2b80a75a/002-326f182b-9da9-49ad-a91b-aa3d42cbe588-downloadableSrc-6616a85f8f5c.webp
dc637dd8-4076-42bb-9894-a11b2b80a75a,Creating an allowance automation,28b2d970-a05d-4509-99dd-83d47dbc3a16,Revolut,aa23fa4c-2ecb-4027-b126-335f9fcd86b1,2,3,1c4230f7-0f39-4f67-a985-49df3033ac92,true,downloadableSrc,200,image/webp,32056,32056,41dfddaddace2bc736aebdbf786edf729c40be7a4701387161f28c2782fde782,1179,2676,,,bytescale.mobbin.com,f7a1807c1ac98ccf0eecf5078d61346ac9a94ca37a547f5708d580528c9e55c0,/Users/user/mobbin-sides/screen-flows/revolut/034-revolut-creating-an-allowance-automation-dc637dd8-4076-42bb-9894-a11b2b80a75a/003-1c4230f7-0f39-4f67-a985-49df3033ac92-downloadableSrc-41dfddaddace.webp
dc637dd8-4076-42bb-9894-a11b2b80a75a,Creating an allowance automation,28b2d970-a05d-4509-99dd-83d47dbc3a16,Revolut,aa23fa4c-2ecb-4027-b126-335f9fcd86b1,3,4,4565ec61-c772-462f-99ea-56eb922af8af,true,downloadableSrc,200,image/webp,38502,38502,eda265960a29eba7f2dd5a5a673f6afa00b372b3eb7ff1df73a47fb88d0a8910,1179,2676,,,bytescale.mobbin.com,f7a1807c1ac98ccf0eecf5078d61346ac9a94ca37a547f5708d580528c9e55c0,/Users/user/mobbin-sides/screen-flows/revolut/034-revolut-creating-an-allowance-automation-dc637dd8-4076-42bb-9894-a11b2b80a75a/004-4565ec61-c772-462f-99ea-56eb922af8af-downloadableSrc-eda265960a29.webp
dc637dd8-4076-42bb-9894-a11b2b80a75a,Creating an allowance automation,28b2d970-a05d-4509-99dd-83d47dbc3a16,Revolut,aa23fa4c-2ecb-4027-b126-335f9fcd86b1,4,5,2d5fe083-a00d-43a6-a412-ba0cff8284e9,true,downloadableSrc,200,image/webp,24142,24142,839c7b0373c9e937f28854971176544c0cd0078bcf997ad056c4f525a2c46bda,1179,2676,,,bytescale.mobbin.com,f7a1807c1ac98ccf0eecf5078d61346ac9a94ca37a547f5708d580528c9e55c0,/Users/user/mobbin-sides/screen-flows/revolut/034-revolut-creating-an-allowance-automation-dc637dd8-4076-42bb-9894-a11b2b80a75a/005-2d5fe083-a00d-43a6-a412-ba0cff8284e9-downloadableSrc-839c7b0373c9.webp
dc637dd8-4076-42bb-9894-a11b2b80a75a,Creating an allowance automation,28b2d970-a05d-4509-99dd-83d47dbc3a16,Revolut,aa23fa4c-2ecb-4027-b126-335f9fcd86b1,5,6,4ce2d8ac-1ab8-4ff8-919f-defa2f16b6af,true,downloadableSrc,200,image/webp,37152,37152,241964365a6483adceda73f0691c8c108e11b78ebf991ae29d8a88ecf4c6067a,1179,2676,,,bytescale.mobbin.com,f7a1807c1ac98ccf0eecf5078d61346ac9a94ca37a547f5708d580528c9e55c0,/Users/user/mobbin-sides/screen-flows/revolut/034-revolut-creating-an-allowance-automation-dc637dd8-4076-42bb-9894-a11b2b80a75a/006-4ce2d8ac-1ab8-4ff8-919f-defa2f16b6af-downloadableSrc-241964365a64.webp
dc637dd8-4076-42bb-9894-a11b2b80a75a,Creating an allowance automation,28b2d970-a05d-4509-99dd-83d47dbc3a16,Revolut,aa23fa4c-2ecb-4027-b126-335f9fcd86b1,6,7,0582a39e-955b-4b24-9b76-57129bc61544,true,downloadableSrc,200,image/webp,74616,74616,b67076c646ce58f1dbb6e588edc61d202a9d542ce42e6c0a7748c22eadc35e78,1179,2676,,,bytescale.mobbin.com,f7a1807c1ac98ccf0eecf5078d61346ac9a94ca37a547f5708d580528c9e55c0,/Users/user/mobbin-sides/screen-flows/revolut/034-revolut-creating-an-allowance-automation-dc637dd8-4076-42bb-9894-a11b2b80a75a/007-0582a39e-955b-4b24-9b76-57129bc61544-downloadableSrc-b67076c646ce.webp
e3c59028-6c02-4129-a45e-3bbeb2ec9add,Pausing allowance,28b2d970-a05d-4509-99dd-83d47dbc3a16,Revolut,aa23fa4c-2ecb-4027-b126-335f9fcd86b1,0,1,0582a39e-955b-4b24-9b76-57129bc61544,true,downloadableSrc,200,image/webp,74616,74616,b67076c646ce58f1dbb6e588edc61d202a9d542ce42e6c0a7748c22eadc35e78,1179,2676,,,bytescale.mobbin.com,f7a1807c1ac98ccf0eecf5078d61346ac9a94ca37a547f5708d580528c9e55c0,/Users/user/mobbin-sides/screen-flows/revolut/035-revolut-pausing-allowance-e3c59028-6c02-4129-a45e-3bbeb2ec9add/001-0582a39e-955b-4b24-9b76-57129bc61544-downloadableSrc-b67076c646ce.webp
e3c59028-6c02-4129-a45e-3bbeb2ec9add,Pausing allowance,28b2d970-a05d-4509-99dd-83d47dbc3a16,Revolut,aa23fa4c-2ecb-4027-b126-335f9fcd86b1,1,2,5be77b60-123f-43ed-bb89-d5ecf96c8d23,true,downloadableSrc,200,image/webp,38962,38962,0ccf54ad40e88d1fa59ea4b1fea736dda2dde4aa9081f819e8d21430a3cc2724,1179,2676,,,bytescale.mobbin.com,f7a1807c1ac98ccf0eecf5078d61346ac9a94ca37a547f5708d580528c9e55c0,/Users/user/mobbin-sides/screen-flows/revolut/035-revolut-pausing-allowance-e3c59028-6c02-4129-a45e-3bbeb2ec9add/002-5be77b60-123f-43ed-bb89-d5ecf96c8d23-downloadableSrc-0ccf54ad40e8.webp
e3c59028-6c02-4129-a45e-3bbeb2ec9add,Pausing allowance,28b2d970-a05d-4509-99dd-83d47dbc3a16,Revolut,aa23fa4c-2ecb-4027-b126-335f9fcd86b1,2,3,2810b7f5-cb4d-4d6b-87ed-e6049603a9f8,true,downloadableSrc,200,image/webp,49734,49734,cb0922ff090e6a460739c2379309d8d478eee661600f8d5c9e8073866ae1742e,1179,2676,,,bytescale.mobbin.com,f7a1807c1ac98ccf0eecf5078d61346ac9a94ca37a547f5708d580528c9e55c0,/Users/user/mobbin-sides/screen-flows/revolut/035-revolut-pausing-allowance-e3c59028-6c02-4129-a45e-3bbeb2ec9add/003-2810b7f5-cb4d-4d6b-87ed-e6049603a9f8-downloadableSrc-cb0922ff090e.webp
e3c59028-6c02-4129-a45e-3bbeb2ec9add,Pausing allowance,28b2d970-a05d-4509-99dd-83d47dbc3a16,Revolut,aa23fa4c-2ecb-4027-b126-335f9fcd86b1,3,4,c6ff440a-c7e0-4cae-b524-d2e50b746c68,true,downloadableSrc,200,image/webp,72108,72108,ab585e17457ac50aaf54618e9b57672b2f03a3b9bf5bd119f26bb67936d6940b,1179,2676,,,bytescale.mobbin.com,f7a1807c1ac98ccf0eecf5078d61346ac9a94ca37a547f5708d580528c9e55c0,/Users/user/mobbin-sides/screen-flows/revolut/035-revolut-pausing-allowance-e3c59028-6c02-4129-a45e-3bbeb2ec9add/004-c6ff440a-c7e0-4cae-b524-d2e50b746c68-downloadableSrc-ab585e17457a.webp
11405e83-8c8f-4ede-a0ff-853b73cc8d09,Creating a challenge,28b2d970-a05d-4509-99dd-83d47dbc3a16,Revolut,aa23fa4c-2ecb-4027-b126-335f9fcd86b1,0,1,398ff5d5-b85b-4090-8efc-d2a858d39367,true,downloadableSrc,200,image/webp,56556,56556,44ea7792186615ce39dd25e2b9bcde3ba87e35c938b13fd12d77abc9ee59e28a,1179,2676,,,bytescale.mobbin.com,f7a1807c1ac98ccf0eecf5078d61346ac9a94ca37a547f5708d580528c9e55c0,/Users/user/mobbin-sides/screen-flows/revolut/036-revolut-creating-a-challenge-11405e83-8c8f-4ede-a0ff-853b73cc8d09/001-398ff5d5-b85b-4090-8efc-d2a858d39367-downloadableSrc-44ea77921866.webp
11405e83-8c8f-4ede-a0ff-853b73cc8d09,Creating a challenge,28b2d970-a05d-4509-99dd-83d47dbc3a16,Revolut,aa23fa4c-2ecb-4027-b126-335f9fcd86b1,1,2,72b23440-1c9c-4a08-8320-0766aee2d50f,true,downloadableSrc,200,image/webp,62124,62124,b31cfc26af89647f0936f7ce8c5bd8d6bb23acd7a502c60ff9baaed36599d4c7,1179,2676,,,bytescale.mobbin.com,f7a1807c1ac98ccf0eecf5078d61346ac9a94ca37a547f5708d580528c9e55c0,/Users/user/mobbin-sides/screen-flows/revolut/036-revolut-creating-a-challenge-11405e83-8c8f-4ede-a0ff-853b73cc8d09/002-72b23440-1c9c-4a08-8320-0766aee2d50f-downloadableSrc-b31cfc26af89.webp
11405e83-8c8f-4ede-a0ff-853b73cc8d09,Creating a challenge,28b2d970-a05d-4509-99dd-83d47dbc3a16,Revolut,aa23fa4c-2ecb-4027-b126-335f9fcd86b1,2,3,95787f1f-1fb1-468a-b7b4-adcb741c753f,true,downloadableSrc,200,image/webp,63260,63260,114c3b8d90a218f7d90710b805a972b64d610c5b10218184e60b6d7fcfc08ac0,1179,2676,,,bytescale.mobbin.com,f7a1807c1ac98ccf0eecf5078d61346ac9a94ca37a547f5708d580528c9e55c0,/Users/user/mobbin-sides/screen-flows/revolut/036-revolut-creating-a-challenge-11405e83-8c8f-4ede-a0ff-853b73cc8d09/003-95787f1f-1fb1-468a-b7b4-adcb741c753f-downloadableSrc-114c3b8d90a2.webp
11405e83-8c8f-4ede-a0ff-853b73cc8d09,Creating a challenge,28b2d970-a05d-4509-99dd-83d47dbc3a16,Revolut,aa23fa4c-2ecb-4027-b126-335f9fcd86b1,3,4,a100a6ca-0c1a-4636-9fe5-630365af1235,true,downloadableSrc,200,image/webp,44300,44300,0cf51e35fe65bc36ae840758df459a9e759d5e43987555dd66d6b8c64589f837,1179,2676,,,bytescale.mobbin.com,f7a1807c1ac98ccf0eecf5078d61346ac9a94ca37a547f5708d580528c9e55c0,/Users/user/mobbin-sides/screen-flows/revolut/036-revolut-creating-a-challenge-11405e83-8c8f-4ede-a0ff-853b73cc8d09/004-a100a6ca-0c1a-4636-9fe5-630365af1235-downloadableSrc-0cf51e35fe65.webp
11405e83-8c8f-4ede-a0ff-853b73cc8d09,Creating a challenge,28b2d970-a05d-4509-99dd-83d47dbc3a16,Revolut,aa23fa4c-2ecb-4027-b126-335f9fcd86b1,4,5,d7fc3914-84f8-4b9c-b05c-7ebd8e9a36e4,true,downloadableSrc,200,image/webp,33462,33462,33b116725a953b730e6f721732d14c193e1c5fd467c15d228f09c026264c87bd,1179,2676,,,bytescale.mobbin.com,f7a1807c1ac98ccf0eecf5078d61346ac9a94ca37a547f5708d580528c9e55c0,/Users/user/mobbin-sides/screen-flows/revolut/036-revolut-creating-a-challenge-11405e83-8c8f-4ede-a0ff-853b73cc8d09/005-d7fc3914-84f8-4b9c-b05c-7ebd8e9a36e4-downloadableSrc-33b116725a95.webp
11405e83-8c8f-4ede-a0ff-853b73cc8d09,Creating a challenge,28b2d970-a05d-4509-99dd-83d47dbc3a16,Revolut,aa23fa4c-2ecb-4027-b126-335f9fcd86b1,5,6,264dc6f6-013b-4f3e-9669-dc4bf369a767,true,downloadableSrc,200,image/webp,33724,33724,179dca5e5a1b2d920f59c22e28f8b4eb8cdfbd64273f4ede9217dd79d84eaf06,1179,2676,,,bytescale.mobbin.com,f7a1807c1ac98ccf0eecf5078d61346ac9a94ca37a547f5708d580528c9e55c0,/Users/user/mobbin-sides/screen-flows/revolut/036-revolut-creating-a-challenge-11405e83-8c8f-4ede-a0ff-853b73cc8d09/006-264dc6f6-013b-4f3e-9669-dc4bf369a767-downloadableSrc-179dca5e5a1b.webp
11405e83-8c8f-4ede-a0ff-853b73cc8d09,Creating a challenge,28b2d970-a05d-4509-99dd-83d47dbc3a16,Revolut,aa23fa4c-2ecb-4027-b126-335f9fcd86b1,6,7,ccb47203-5760-41c5-8a35-0ea57218c772,true,downloadableSrc,200,image/webp,37588,37588,b611493c9590b169fda9a9bf76e68665524a66a4b9546964a0f64af548eef50d,1179,2676,,,bytescale.mobbin.com,f7a1807c1ac98ccf0eecf5078d61346ac9a94ca37a547f5708d580528c9e55c0,/Users/user/mobbin-sides/screen-flows/revolut/036-revolut-creating-a-challenge-11405e83-8c8f-4ede-a0ff-853b73cc8d09/007-ccb47203-5760-41c5-8a35-0ea57218c772-downloadableSrc-b611493c9590.webp
11405e83-8c8f-4ede-a0ff-853b73cc8d09,Creating a challenge,28b2d970-a05d-4509-99dd-83d47dbc3a16,Revolut,aa23fa4c-2ecb-4027-b126-335f9fcd86b1,7,8,a23afad0-8ec9-49b7-a070-4d1869599e5a,true,downloadableSrc,200,image/webp,58226,58226,9ecafd6be1b1713e1e4d5fcbfaade9c27f4fba61569a9a4af99ed5b344b7c7af,1179,2676,,,bytescale.mobbin.com,f7a1807c1ac98ccf0eecf5078d61346ac9a94ca37a547f5708d580528c9e55c0,/Users/user/mobbin-sides/screen-flows/revolut/036-revolut-creating-a-challenge-11405e83-8c8f-4ede-a0ff-853b73cc8d09/008-a23afad0-8ec9-49b7-a070-4d1869599e5a-downloadableSrc-9ecafd6be1b1.webp
4ef21877-cf84-4363-b9fc-ab76412db1fc,Challenge detail,28b2d970-a05d-4509-99dd-83d47dbc3a16,Revolut,aa23fa4c-2ecb-4027-b126-335f9fcd86b1,0,1,a23afad0-8ec9-49b7-a070-4d1869599e5a,true,downloadableSrc,200,image/webp,58226,58226,9ecafd6be1b1713e1e4d5fcbfaade9c27f4fba61569a9a4af99ed5b344b7c7af,1179,2676,,,bytescale.mobbin.com,f7a1807c1ac98ccf0eecf5078d61346ac9a94ca37a547f5708d580528c9e55c0,/Users/user/mobbin-sides/screen-flows/revolut/037-revolut-challenge-detail-4ef21877-cf84-4363-b9fc-ab76412db1fc/001-a23afad0-8ec9-49b7-a070-4d1869599e5a-downloadableSrc-9ecafd6be1b1.webp
4ef21877-cf84-4363-b9fc-ab76412db1fc,Challenge detail,28b2d970-a05d-4509-99dd-83d47dbc3a16,Revolut,aa23fa4c-2ecb-4027-b126-335f9fcd86b1,1,2,96952e84-78c3-4c08-8bb6-b21050dde487,true,downloadableSrc,200,image/webp,25870,25870,9e9bcc1094e0158790065a1447141ebb81f8da3328a1090c4bbf51bc28446163,1179,2676,,,bytescale.mobbin.com,f7a1807c1ac98ccf0eecf5078d61346ac9a94ca37a547f5708d580528c9e55c0,/Users/user/mobbin-sides/screen-flows/revolut/037-revolut-challenge-detail-4ef21877-cf84-4363-b9fc-ab76412db1fc/002-96952e84-78c3-4c08-8bb6-b21050dde487-downloadableSrc-9e9bcc1094e0.webp
4ef21877-cf84-4363-b9fc-ab76412db1fc,Challenge detail,28b2d970-a05d-4509-99dd-83d47dbc3a16,Revolut,aa23fa4c-2ecb-4027-b126-335f9fcd86b1,2,3,dec89aaa-a97e-448e-808f-aefed60efea1,true,downloadableSrc,200,image/webp,39158,39158,f01d43ad6493952b48fb6ee22f5d53248dbeac9f72a59527acfd4205694d34ec,1179,2676,,,bytescale.mobbin.com,f7a1807c1ac98ccf0eecf5078d61346ac9a94ca37a547f5708d580528c9e55c0,/Users/user/mobbin-sides/screen-flows/revolut/037-revolut-challenge-detail-4ef21877-cf84-4363-b9fc-ab76412db1fc/003-dec89aaa-a97e-448e-808f-aefed60efea1-downloadableSrc-f01d43ad6493.webp
63c70117-3cd3-489d-aa86-3f720bfec076,Deleting a challenge,28b2d970-a05d-4509-99dd-83d47dbc3a16,Revolut,aa23fa4c-2ecb-4027-b126-335f9fcd86b1,0,1,96952e84-78c3-4c08-8bb6-b21050dde487,true,downloadableSrc,200,image/webp,25870,25870,9e9bcc1094e0158790065a1447141ebb81f8da3328a1090c4bbf51bc28446163,1179,2676,,,bytescale.mobbin.com,f7a1807c1ac98ccf0eecf5078d61346ac9a94ca37a547f5708d580528c9e55c0,/Users/user/mobbin-sides/screen-flows/revolut/038-revolut-deleting-a-challenge-63c70117-3cd3-489d-aa86-3f720bfec076/001-96952e84-78c3-4c08-8bb6-b21050dde487-downloadableSrc-9e9bcc1094e0.webp
63c70117-3cd3-489d-aa86-3f720bfec076,Deleting a challenge,28b2d970-a05d-4509-99dd-83d47dbc3a16,Revolut,aa23fa4c-2ecb-4027-b126-335f9fcd86b1,1,2,b8ec7d21-e1ea-40e1-b247-9982bc6eb474,true,downloadableSrc,200,image/webp,26812,26812,fce4adf59e3fe2831b45e564ac08b479507c2ac8e2eaee69e7cd0eafd8dae416,1179,2676,,,bytescale.mobbin.com,f7a1807c1ac98ccf0eecf5078d61346ac9a94ca37a547f5708d580528c9e55c0,/Users/user/mobbin-sides/screen-flows/revolut/038-revolut-deleting-a-challenge-63c70117-3cd3-489d-aa86-3f720bfec076/002-b8ec7d21-e1ea-40e1-b247-9982bc6eb474-downloadableSrc-fce4adf59e3f.webp
63c70117-3cd3-489d-aa86-3f720bfec076,Deleting a challenge,28b2d970-a05d-4509-99dd-83d47dbc3a16,Revolut,aa23fa4c-2ecb-4027-b126-335f9fcd86b1,2,3,17c5af57-ca45-4cc9-8536-0439d1911e01,true,downloadableSrc,200,image/webp,24364,24364,c9ae136d80390589a51320301b0a7cfb430808147878e5296ec219832aac9bc2,1179,2676,,,bytescale.mobbin.com,f7a1807c1ac98ccf0eecf5078d61346ac9a94ca37a547f5708d580528c9e55c0,/Users/user/mobbin-sides/screen-flows/revolut/038-revolut-deleting-a-challenge-63c70117-3cd3-489d-aa86-3f720bfec076/003-17c5af57-ca45-4cc9-8536-0439d1911e01-downloadableSrc-c9ae136d8039.webp
63c70117-3cd3-489d-aa86-3f720bfec076,Deleting a challenge,28b2d970-a05d-4509-99dd-83d47dbc3a16,Revolut,aa23fa4c-2ecb-4027-b126-335f9fcd86b1,3,4,387e0252-b4a0-481d-8160-863bb4c1cc2a,true,downloadableSrc,200,image/webp,39384,39384,c1ff39b265afe44f060c2a29da4e5fdbc66626223f26e82d12c3075c36fcfb3c,1179,2676,,,bytescale.mobbin.com,f7a1807c1ac98ccf0eecf5078d61346ac9a94ca37a547f5708d580528c9e55c0,/Users/user/mobbin-sides/screen-flows/revolut/038-revolut-deleting-a-challenge-63c70117-3cd3-489d-aa86-3f720bfec076/004-387e0252-b4a0-481d-8160-863bb4c1cc2a-downloadableSrc-c1ff39b265af.webp
589b7305-a0dc-4006-baf3-b51bac242a2d,Creating a pocket,28b2d970-a05d-4509-99dd-83d47dbc3a16,Revolut,aa23fa4c-2ecb-4027-b126-335f9fcd86b1,0,1,398ff5d5-b85b-4090-8efc-d2a858d39367,true,downloadableSrc,200,image/webp,56556,56556,44ea7792186615ce39dd25e2b9bcde3ba87e35c938b13fd12d77abc9ee59e28a,1179,2676,,,bytescale.mobbin.com,f7a1807c1ac98ccf0eecf5078d61346ac9a94ca37a547f5708d580528c9e55c0,/Users/user/mobbin-sides/screen-flows/revolut/039-revolut-creating-a-pocket-589b7305-a0dc-4006-baf3-b51bac242a2d/001-398ff5d5-b85b-4090-8efc-d2a858d39367-downloadableSrc-44ea77921866.webp
589b7305-a0dc-4006-baf3-b51bac242a2d,Creating a pocket,28b2d970-a05d-4509-99dd-83d47dbc3a16,Revolut,aa23fa4c-2ecb-4027-b126-335f9fcd86b1,1,2,58895883-ce4d-457b-aea5-813c7553a825,true,downloadableSrc,200,image/webp,36826,36826,4ab074939123462bb750f36aab8dcc58d8696f047451e901ed0ae2e07137b165,1179,2676,,,bytescale.mobbin.com,f7a1807c1ac98ccf0eecf5078d61346ac9a94ca37a547f5708d580528c9e55c0,/Users/user/mobbin-sides/screen-flows/revolut/039-revolut-creating-a-pocket-589b7305-a0dc-4006-baf3-b51bac242a2d/002-58895883-ce4d-457b-aea5-813c7553a825-downloadableSrc-4ab074939123.webp
589b7305-a0dc-4006-baf3-b51bac242a2d,Creating a pocket,28b2d970-a05d-4509-99dd-83d47dbc3a16,Revolut,aa23fa4c-2ecb-4027-b126-335f9fcd86b1,2,3,0221e3c9-d1e0-4d1d-a848-80bccfe3fc85,true,downloadableSrc,200,image/webp,45430,45430,d6d0a01934f559eb7722be3a468fb281a9c86bfef9a1ca2f9c1e88714a2a127c,1179,2676,,,bytescale.mobbin.com,f7a1807c1ac98ccf0eecf5078d61346ac9a94ca37a547f5708d580528c9e55c0,/Users/user/mobbin-sides/screen-flows/revolut/039-revolut-creating-a-pocket-589b7305-a0dc-4006-baf3-b51bac242a2d/003-0221e3c9-d1e0-4d1d-a848-80bccfe3fc85-downloadableSrc-d6d0a01934f5.webp
589b7305-a0dc-4006-baf3-b51bac242a2d,Creating a pocket,28b2d970-a05d-4509-99dd-83d47dbc3a16,Revolut,aa23fa4c-2ecb-4027-b126-335f9fcd86b1,3,4,d898938f-4a71-40c8-8d15-eef60b4d9e38,true,downloadableSrc,200,image/webp,59188,59188,6435f2fcc88fcc812f17322520ca477eb6a4e68ca26f29024045cdd925c6d96a,1179,2676,,,bytescale.mobbin.com,f7a1807c1ac98ccf0eecf5078d61346ac9a94ca37a547f5708d580528c9e55c0,/Users/user/mobbin-sides/screen-flows/revolut/039-revolut-creating-a-pocket-589b7305-a0dc-4006-baf3-b51bac242a2d/004-d898938f-4a71-40c8-8d15-eef60b4d9e38-downloadableSrc-6435f2fcc88f.webp
589b7305-a0dc-4006-baf3-b51bac242a2d,Creating a pocket,28b2d970-a05d-4509-99dd-83d47dbc3a16,Revolut,aa23fa4c-2ecb-4027-b126-335f9fcd86b1,4,5,1ff0acbc-1568-4cba-9ce8-ea6d8800e9a2,true,downloadableSrc,200,image/webp,94310,94310,ab34d782ac1fb128d4c0b2fe09cd9a233d504008222501c77389ef08b0b6e76a,1179,2676,,,bytescale.mobbin.com,f7a1807c1ac98ccf0eecf5078d61346ac9a94ca37a547f5708d580528c9e55c0,/Users/user/mobbin-sides/screen-flows/revolut/039-revolut-creating-a-pocket-589b7305-a0dc-4006-baf3-b51bac242a2d/005-1ff0acbc-1568-4cba-9ce8-ea6d8800e9a2-downloadableSrc-ab34d782ac1f.webp
589b7305-a0dc-4006-baf3-b51bac242a2d,Creating a pocket,28b2d970-a05d-4509-99dd-83d47dbc3a16,Revolut,aa23fa4c-2ecb-4027-b126-335f9fcd86b1,5,6,e227e19c-18be-441c-b949-628373d22ef6,true,downloadableSrc,200,image/webp,64450,64450,3869486dabff16c30f86338fe39bb782569c26e8d6658d3070494d818bcac1fa,1179,2676,,,bytescale.mobbin.com,f7a1807c1ac98ccf0eecf5078d61346ac9a94ca37a547f5708d580528c9e55c0,/Users/user/mobbin-sides/screen-flows/revolut/039-revolut-creating-a-pocket-589b7305-a0dc-4006-baf3-b51bac242a2d/006-e227e19c-18be-441c-b949-628373d22ef6-downloadableSrc-3869486dabff.webp
589b7305-a0dc-4006-baf3-b51bac242a2d,Creating a pocket,28b2d970-a05d-4509-99dd-83d47dbc3a16,Revolut,aa23fa4c-2ecb-4027-b126-335f9fcd86b1,6,7,800f43f2-b676-4611-acde-044dbb698892,true,downloadableSrc,200,image/webp,67782,67782,8c61b2f40900f0f08a73bc93ce389aaf67ac2905dcb44e8b0aa877d406cce790,1179,2676,,,bytescale.mobbin.com,f7a1807c1ac98ccf0eecf5078d61346ac9a94ca37a547f5708d580528c9e55c0,/Users/user/mobbin-sides/screen-flows/revolut/039-revolut-creating-a-pocket-589b7305-a0dc-4006-baf3-b51bac242a2d/007-800f43f2-b676-4611-acde-044dbb698892-downloadableSrc-8c61b2f40900.webp
589b7305-a0dc-4006-baf3-b51bac242a2d,Creating a pocket,28b2d970-a05d-4509-99dd-83d47dbc3a16,Revolut,aa23fa4c-2ecb-4027-b126-335f9fcd86b1,7,8,21e05bb6-2f19-4a7b-8fb0-0b091048b06a,true,downloadableSrc,200,image/webp,35442,35442,938134794cfd3455917fea3d4ab0182ed9ff7e58ed9fa90caa40f4d45923edea,1179,2676,,,bytescale.mobbin.com,f7a1807c1ac98ccf0eecf5078d61346ac9a94ca37a547f5708d580528c9e55c0,/Users/user/mobbin-sides/screen-flows/revolut/039-revolut-creating-a-pocket-589b7305-a0dc-4006-baf3-b51bac242a2d/008-21e05bb6-2f19-4a7b-8fb0-0b091048b06a-downloadableSrc-938134794cfd.webp
589b7305-a0dc-4006-baf3-b51bac242a2d,Creating a pocket,28b2d970-a05d-4509-99dd-83d47dbc3a16,Revolut,aa23fa4c-2ecb-4027-b126-335f9fcd86b1,8,9,ce5b749f-117f-46ed-b573-35e9360056c3,true,downloadableSrc,200,image/webp,71692,71692,5a28970657826d3e7567b9e5b23c55fe7fdf0a3579f1bab028c7ec767e464dbb,1179,2676,,,bytescale.mobbin.com,f7a1807c1ac98ccf0eecf5078d61346ac9a94ca37a547f5708d580528c9e55c0,/Users/user/mobbin-sides/screen-flows/revolut/039-revolut-creating-a-pocket-589b7305-a0dc-4006-baf3-b51bac242a2d/009-ce5b749f-117f-46ed-b573-35e9360056c3-downloadableSrc-5a2897065782.webp
c4e9a07f-be23-4987-a66b-05b66cd4f36b,Setting a goal,28b2d970-a05d-4509-99dd-83d47dbc3a16,Revolut,aa23fa4c-2ecb-4027-b126-335f9fcd86b1,0,1,ce5b749f-117f-46ed-b573-35e9360056c3,true,downloadableSrc,200,image/webp,71692,71692,5a28970657826d3e7567b9e5b23c55fe7fdf0a3579f1bab028c7ec767e464dbb,1179,2676,,,bytescale.mobbin.com,f7a1807c1ac98ccf0eecf5078d61346ac9a94ca37a547f5708d580528c9e55c0,/Users/user/mobbin-sides/screen-flows/revolut/040-revolut-setting-a-goal-c4e9a07f-be23-4987-a66b-05b66cd4f36b/001-ce5b749f-117f-46ed-b573-35e9360056c3-downloadableSrc-5a2897065782.webp
c4e9a07f-be23-4987-a66b-05b66cd4f36b,Setting a goal,28b2d970-a05d-4509-99dd-83d47dbc3a16,Revolut,aa23fa4c-2ecb-4027-b126-335f9fcd86b1,1,2,3bef20fa-0cdf-46b9-a8e1-6331c508002d,true,downloadableSrc,200,image/webp,30502,30502,0f4b8e1f7f2aac204ce3a5bf1dd2bd5ff222d2c5100b2e9014b0b7a892d0b162,1179,2676,,,bytescale.mobbin.com,f7a1807c1ac98ccf0eecf5078d61346ac9a94ca37a547f5708d580528c9e55c0,/Users/user/mobbin-sides/screen-flows/revolut/040-revolut-setting-a-goal-c4e9a07f-be23-4987-a66b-05b66cd4f36b/002-3bef20fa-0cdf-46b9-a8e1-6331c508002d-downloadableSrc-0f4b8e1f7f2a.webp
c4e9a07f-be23-4987-a66b-05b66cd4f36b,Setting a goal,28b2d970-a05d-4509-99dd-83d47dbc3a16,Revolut,aa23fa4c-2ecb-4027-b126-335f9fcd86b1,2,3,973938e3-dd6c-4d54-b9cd-545b681dc67a,true,downloadableSrc,200,image/webp,33252,33252,574c942cfda4ff8a743a649e248d8793ec34d04a8f217cc2d7014b55091715ce,1179,2676,,,bytescale.mobbin.com,f7a1807c1ac98ccf0eecf5078d61346ac9a94ca37a547f5708d580528c9e55c0,/Users/user/mobbin-sides/screen-flows/revolut/040-revolut-setting-a-goal-c4e9a07f-be23-4987-a66b-05b66cd4f36b/003-973938e3-dd6c-4d54-b9cd-545b681dc67a-downloadableSrc-574c942cfda4.webp
c4e9a07f-be23-4987-a66b-05b66cd4f36b,Setting a goal,28b2d970-a05d-4509-99dd-83d47dbc3a16,Revolut,aa23fa4c-2ecb-4027-b126-335f9fcd86b1,3,4,5776aaf3-8162-4ab3-91e5-5bfa5ee47610,true,downloadableSrc,200,image/webp,23292,23292,3907a80905d70c3165cdfd1cd46a5b30af617241b4b6f1d9414b7ed6b3c919fc,1179,2676,,,bytescale.mobbin.com,f7a1807c1ac98ccf0eecf5078d61346ac9a94ca37a547f5708d580528c9e55c0,/Users/user/mobbin-sides/screen-flows/revolut/040-revolut-setting-a-goal-c4e9a07f-be23-4987-a66b-05b66cd4f36b/004-5776aaf3-8162-4ab3-91e5-5bfa5ee47610-downloadableSrc-3907a80905d7.webp
c4e9a07f-be23-4987-a66b-05b66cd4f36b,Setting a goal,28b2d970-a05d-4509-99dd-83d47dbc3a16,Revolut,aa23fa4c-2ecb-4027-b126-335f9fcd86b1,4,5,4467a0cf-c122-47f6-8ad2-24532c385176,true,downloadableSrc,200,image/webp,75572,75572,bf35492c6d789599a574e7be6824c9fd0a24cd0df2d9abe5a060ac85275012fe,1179,2676,,,bytescale.mobbin.com,f7a1807c1ac98ccf0eecf5078d61346ac9a94ca37a547f5708d580528c9e55c0,/Users/user/mobbin-sides/screen-flows/revolut/040-revolut-setting-a-goal-c4e9a07f-be23-4987-a66b-05b66cd4f36b/005-4467a0cf-c122-47f6-8ad2-24532c385176-downloadableSrc-bf35492c6d78.webp
4d7d43ff-a7ed-4832-924b-877cbe5f4b42,Total wealth,28b2d970-a05d-4509-99dd-83d47dbc3a16,Revolut,aa23fa4c-2ecb-4027-b126-335f9fcd86b1,0,1,a2d088dd-3c73-4d57-a905-420857a2aa7a,true,downloadableSrc,200,image/webp,68258,68258,11738b8e72a020ebd8c595bb87ec0bf380a4e7ea3a4e9cf19527f3cd1cbceba5,1179,2676,,,bytescale.mobbin.com,f7a1807c1ac98ccf0eecf5078d61346ac9a94ca37a547f5708d580528c9e55c0,/Users/user/mobbin-sides/screen-flows/revolut/041-revolut-total-wealth-4d7d43ff-a7ed-4832-924b-877cbe5f4b42/001-a2d088dd-3c73-4d57-a905-420857a2aa7a-downloadableSrc-11738b8e72a0.webp
4d7d43ff-a7ed-4832-924b-877cbe5f4b42,Total wealth,28b2d970-a05d-4509-99dd-83d47dbc3a16,Revolut,aa23fa4c-2ecb-4027-b126-335f9fcd86b1,1,2,5ba63fd5-6d4c-4149-a1d9-2ac6b6aec32d,true,downloadableSrc,200,image/webp,66858,66858,58deb3906b8ec211142fb50f4e358dd6ead08bd50f57cfc20d4a6290ac48cf0b,1179,2676,,,bytescale.mobbin.com,f7a1807c1ac98ccf0eecf5078d61346ac9a94ca37a547f5708d580528c9e55c0,/Users/user/mobbin-sides/screen-flows/revolut/041-revolut-total-wealth-4d7d43ff-a7ed-4832-924b-877cbe5f4b42/002-5ba63fd5-6d4c-4149-a1d9-2ac6b6aec32d-downloadableSrc-58deb3906b8e.webp
4d7d43ff-a7ed-4832-924b-877cbe5f4b42,Total wealth,28b2d970-a05d-4509-99dd-83d47dbc3a16,Revolut,aa23fa4c-2ecb-4027-b126-335f9fcd86b1,2,3,6d76195e-738e-43c1-89f7-b52c371eb96d,true,downloadableSrc,200,image/webp,58964,58964,c67d4022cf475fa8bccfbd920ea62cb306a75990ccf7956a69358cb10bbf9451,1179,2676,,,bytescale.mobbin.com,f7a1807c1ac98ccf0eecf5078d61346ac9a94ca37a547f5708d580528c9e55c0,/Users/user/mobbin-sides/screen-flows/revolut/041-revolut-total-wealth-4d7d43ff-a7ed-4832-924b-877cbe5f4b42/003-6d76195e-738e-43c1-89f7-b52c371eb96d-downloadableSrc-c67d4022cf47.webp
4d7d43ff-a7ed-4832-924b-877cbe5f4b42,Total wealth,28b2d970-a05d-4509-99dd-83d47dbc3a16,Revolut,aa23fa4c-2ecb-4027-b126-335f9fcd86b1,3,4,01598a23-c77d-44b2-a996-e2a7a0ce8925,true,downloadableSrc,200,image/webp,37586,37586,39c89af6ba4a85a793dae7ffe84a581c58bc56d28b6048eef2ca5c9b31779830,1179,2676,,,bytescale.mobbin.com,f7a1807c1ac98ccf0eecf5078d61346ac9a94ca37a547f5708d580528c9e55c0,/Users/user/mobbin-sides/screen-flows/revolut/041-revolut-total-wealth-4d7d43ff-a7ed-4832-924b-877cbe5f4b42/004-01598a23-c77d-44b2-a996-e2a7a0ce8925-downloadableSrc-39c89af6ba4a.webp
f53ccc16-9c9c-4a6c-8443-963ce7fdec0e,Spent this month,28b2d970-a05d-4509-99dd-83d47dbc3a16,Revolut,aa23fa4c-2ecb-4027-b126-335f9fcd86b1,0,1,f620dc24-0756-447d-8391-b6fff402e875,true,downloadableSrc,200,image/webp,69062,69062,259ac7c5cfce923c81249baa4d8f613fcedf07669ca6950c3140e1aed0b43d1e,1179,2676,,,bytescale.mobbin.com,f7a1807c1ac98ccf0eecf5078d61346ac9a94ca37a547f5708d580528c9e55c0,/Users/user/mobbin-sides/screen-flows/revolut/042-revolut-spent-this-month-f53ccc16-9c9c-4a6c-8443-963ce7fdec0e/001-f620dc24-0756-447d-8391-b6fff402e875-downloadableSrc-259ac7c5cfce.webp
f53ccc16-9c9c-4a6c-8443-963ce7fdec0e,Spent this month,28b2d970-a05d-4509-99dd-83d47dbc3a16,Revolut,aa23fa4c-2ecb-4027-b126-335f9fcd86b1,1,2,88af291f-af78-4db5-86a7-04ead4637434,true,downloadableSrc,200,image/webp,29890,29890,ac36f04e237785d9c22b8151e06dbcc068626c957ba319f2ee2ecfac0a1a42f3,1179,2676,,,bytescale.mobbin.com,f7a1807c1ac98ccf0eecf5078d61346ac9a94ca37a547f5708d580528c9e55c0,/Users/user/mobbin-sides/screen-flows/revolut/042-revolut-spent-this-month-f53ccc16-9c9c-4a6c-8443-963ce7fdec0e/002-88af291f-af78-4db5-86a7-04ead4637434-downloadableSrc-ac36f04e2377.webp
f53ccc16-9c9c-4a6c-8443-963ce7fdec0e,Spent this month,28b2d970-a05d-4509-99dd-83d47dbc3a16,Revolut,aa23fa4c-2ecb-4027-b126-335f9fcd86b1,2,3,691ffd53-5aba-4a39-bfa6-6064a299bdcd,true,downloadableSrc,200,image/webp,41120,41120,0b4ead847a9325f84b7cf5cce1fe924ca5afcbbcc7ea1c900b001c3088232d29,1179,2676,,,bytescale.mobbin.com,f7a1807c1ac98ccf0eecf5078d61346ac9a94ca37a547f5708d580528c9e55c0,/Users/user/mobbin-sides/screen-flows/revolut/042-revolut-spent-this-month-f53ccc16-9c9c-4a6c-8443-963ce7fdec0e/003-691ffd53-5aba-4a39-bfa6-6064a299bdcd-downloadableSrc-0b4ead847a93.webp
e216d8bd-537c-4f75-903c-fd9ff3af7866,Switching views,28b2d970-a05d-4509-99dd-83d47dbc3a16,Revolut,aa23fa4c-2ecb-4027-b126-335f9fcd86b1,0,1,691ffd53-5aba-4a39-bfa6-6064a299bdcd,true,downloadableSrc,200,image/webp,41120,41120,0b4ead847a9325f84b7cf5cce1fe924ca5afcbbcc7ea1c900b001c3088232d29,1179,2676,,,bytescale.mobbin.com,f7a1807c1ac98ccf0eecf5078d61346ac9a94ca37a547f5708d580528c9e55c0,/Users/user/mobbin-sides/screen-flows/revolut/043-revolut-switching-views-e216d8bd-537c-4f75-903c-fd9ff3af7866/001-691ffd53-5aba-4a39-bfa6-6064a299bdcd-downloadableSrc-0b4ead847a93.webp
e216d8bd-537c-4f75-903c-fd9ff3af7866,Switching views,28b2d970-a05d-4509-99dd-83d47dbc3a16,Revolut,aa23fa4c-2ecb-4027-b126-335f9fcd86b1,1,2,00858497-3c29-4b4c-a931-2ce62727360f,true,downloadableSrc,200,image/webp,47956,47956,f839a3681f140a7e401c7d5237a6096cb2223be7a86b842cddb5da5e920f3eae,1179,2676,,,bytescale.mobbin.com,f7a1807c1ac98ccf0eecf5078d61346ac9a94ca37a547f5708d580528c9e55c0,/Users/user/mobbin-sides/screen-flows/revolut/043-revolut-switching-views-e216d8bd-537c-4f75-903c-fd9ff3af7866/002-00858497-3c29-4b4c-a931-2ce62727360f-downloadableSrc-f839a3681f14.webp
e216d8bd-537c-4f75-903c-fd9ff3af7866,Switching views,28b2d970-a05d-4509-99dd-83d47dbc3a16,Revolut,aa23fa4c-2ecb-4027-b126-335f9fcd86b1,2,3,56d80261-ebab-49c4-aa2c-de9e23c41abb,true,downloadableSrc,200,image/webp,50680,50680,4a9033714609cef2ca9b8024c59c5b6386b42b8575161628670b8dc042bcfa54,1179,2676,,,bytescale.mobbin.com,f7a1807c1ac98ccf0eecf5078d61346ac9a94ca37a547f5708d580528c9e55c0,/Users/user/mobbin-sides/screen-flows/revolut/043-revolut-switching-views-e216d8bd-537c-4f75-903c-fd9ff3af7866/003-56d80261-ebab-49c4-aa2c-de9e23c41abb-downloadableSrc-4a9033714609.webp
1840e03a-29bf-48ef-ade4-a6acdbb9a4e2,Transactions by category,28b2d970-a05d-4509-99dd-83d47dbc3a16,Revolut,aa23fa4c-2ecb-4027-b126-335f9fcd86b1,0,1,56d80261-ebab-49c4-aa2c-de9e23c41abb,true,downloadableSrc,200,image/webp,50680,50680,4a9033714609cef2ca9b8024c59c5b6386b42b8575161628670b8dc042bcfa54,1179,2676,,,bytescale.mobbin.com,f7a1807c1ac98ccf0eecf5078d61346ac9a94ca37a547f5708d580528c9e55c0,/Users/user/mobbin-sides/screen-flows/revolut/044-revolut-transactions-by-category-1840e03a-29bf-48ef-ade4-a6acdbb9a4e2/001-56d80261-ebab-49c4-aa2c-de9e23c41abb-downloadableSrc-4a9033714609.webp
1840e03a-29bf-48ef-ade4-a6acdbb9a4e2,Transactions by category,28b2d970-a05d-4509-99dd-83d47dbc3a16,Revolut,aa23fa4c-2ecb-4027-b126-335f9fcd86b1,1,2,0cf48c7a-87da-40fd-85cd-eb0878a8ae74,true,downloadableSrc,200,image/webp,36940,36940,105ed9114d2191e62fd0052d3bab6c81731e25b06c0af977e804271c23f6768b,1179,2676,,,bytescale.mobbin.com,f7a1807c1ac98ccf0eecf5078d61346ac9a94ca37a547f5708d580528c9e55c0,/Users/user/mobbin-sides/screen-flows/revolut/044-revolut-transactions-by-category-1840e03a-29bf-48ef-ade4-a6acdbb9a4e2/002-0cf48c7a-87da-40fd-85cd-eb0878a8ae74-downloadableSrc-105ed9114d21.webp
1840e03a-29bf-48ef-ade4-a6acdbb9a4e2,Transactions by category,28b2d970-a05d-4509-99dd-83d47dbc3a16,Revolut,aa23fa4c-2ecb-4027-b126-335f9fcd86b1,2,3,b5fa1102-5e25-4bbc-b482-0d1c6aa6c692,true,downloadableSrc,200,image/webp,43748,43748,d333df489b458c53a93bc66144ed1bcc25fb9b9d2f38e0102cfbb17a8633d642,1179,2676,,,bytescale.mobbin.com,f7a1807c1ac98ccf0eecf5078d61346ac9a94ca37a547f5708d580528c9e55c0,/Users/user/mobbin-sides/screen-flows/revolut/044-revolut-transactions-by-category-1840e03a-29bf-48ef-ade4-a6acdbb9a4e2/003-b5fa1102-5e25-4bbc-b482-0d1c6aa6c692-downloadableSrc-d333df489b45.webp
16fb0be6-8dfd-446a-b766-494000390d07,Adding a transaction,28b2d970-a05d-4509-99dd-83d47dbc3a16,Revolut,aa23fa4c-2ecb-4027-b126-335f9fcd86b1,0,1,0cf48c7a-87da-40fd-85cd-eb0878a8ae74,true,downloadableSrc,200,image/webp,36940,36940,105ed9114d2191e62fd0052d3bab6c81731e25b06c0af977e804271c23f6768b,1179,2676,,,bytescale.mobbin.com,f7a1807c1ac98ccf0eecf5078d61346ac9a94ca37a547f5708d580528c9e55c0,/Users/user/mobbin-sides/screen-flows/revolut/045-revolut-adding-a-transaction-16fb0be6-8dfd-446a-b766-494000390d07/001-0cf48c7a-87da-40fd-85cd-eb0878a8ae74-downloadableSrc-105ed9114d21.webp
16fb0be6-8dfd-446a-b766-494000390d07,Adding a transaction,28b2d970-a05d-4509-99dd-83d47dbc3a16,Revolut,aa23fa4c-2ecb-4027-b126-335f9fcd86b1,1,2,4ee7cd6a-65fc-4f92-a440-4677c0b84b42,true,downloadableSrc,200,image/webp,41128,41128,101bc390e2a28e93a1a82a3e1f2f13934a00aaa3d7e39bacc26d55c2dcdce0ff,1179,2676,,,bytescale.mobbin.com,f7a1807c1ac98ccf0eecf5078d61346ac9a94ca37a547f5708d580528c9e55c0,/Users/user/mobbin-sides/screen-flows/revolut/045-revolut-adding-a-transaction-16fb0be6-8dfd-446a-b766-494000390d07/002-4ee7cd6a-65fc-4f92-a440-4677c0b84b42-downloadableSrc-101bc390e2a2.webp
16fb0be6-8dfd-446a-b766-494000390d07,Adding a transaction,28b2d970-a05d-4509-99dd-83d47dbc3a16,Revolut,aa23fa4c-2ecb-4027-b126-335f9fcd86b1,2,3,97a04a57-bc66-4f30-aa00-fb9054b7175e,true,downloadableSrc,200,image/webp,65624,65624,36e913c62388e85325fb85414c7acfb3f01a868e779ea45ddb5cfaffe8f46ff2,1179,2676,,,bytescale.mobbin.com,f7a1807c1ac98ccf0eecf5078d61346ac9a94ca37a547f5708d580528c9e55c0,/Users/user/mobbin-sides/screen-flows/revolut/045-revolut-adding-a-transaction-16fb0be6-8dfd-446a-b766-494000390d07/003-97a04a57-bc66-4f30-aa00-fb9054b7175e-downloadableSrc-36e913c62388.webp
16fb0be6-8dfd-446a-b766-494000390d07,Adding a transaction,28b2d970-a05d-4509-99dd-83d47dbc3a16,Revolut,aa23fa4c-2ecb-4027-b126-335f9fcd86b1,3,4,2686bb67-c266-4d1a-86bc-98dbd187befc,true,downloadableSrc,200,image/webp,50256,50256,162ae8ff3ce91c4ba0e0fe0055d86c26aad525cd75a1662eaf2234f661a3b9b8,1179,2676,,,bytescale.mobbin.com,f7a1807c1ac98ccf0eecf5078d61346ac9a94ca37a547f5708d580528c9e55c0,/Users/user/mobbin-sides/screen-flows/revolut/045-revolut-adding-a-transaction-16fb0be6-8dfd-446a-b766-494000390d07/004-2686bb67-c266-4d1a-86bc-98dbd187befc-downloadableSrc-162ae8ff3ce9.webp
e083ab01-7479-415e-92cc-742f37ebb408,Adjusting a transaction,28b2d970-a05d-4509-99dd-83d47dbc3a16,Revolut,aa23fa4c-2ecb-4027-b126-335f9fcd86b1,0,1,b5fa1102-5e25-4bbc-b482-0d1c6aa6c692,true,downloadableSrc,200,image/webp,43748,43748,d333df489b458c53a93bc66144ed1bcc25fb9b9d2f38e0102cfbb17a8633d642,1179,2676,,,bytescale.mobbin.com,f7a1807c1ac98ccf0eecf5078d61346ac9a94ca37a547f5708d580528c9e55c0,/Users/user/mobbin-sides/screen-flows/revolut/046-revolut-adjusting-a-transaction-e083ab01-7479-415e-92cc-742f37ebb408/001-b5fa1102-5e25-4bbc-b482-0d1c6aa6c692-downloadableSrc-d333df489b45.webp
e083ab01-7479-415e-92cc-742f37ebb408,Adjusting a transaction,28b2d970-a05d-4509-99dd-83d47dbc3a16,Revolut,aa23fa4c-2ecb-4027-b126-335f9fcd86b1,1,2,15b59d3a-62dc-4db1-96c8-3d7888eb972f,true,downloadableSrc,200,image/webp,47110,47110,55fb0b8e1031d9de75df96dd6594ed23b4c2d95966b1682eef04a5eb62818149,1179,2676,,,bytescale.mobbin.com,f7a1807c1ac98ccf0eecf5078d61346ac9a94ca37a547f5708d580528c9e55c0,/Users/user/mobbin-sides/screen-flows/revolut/046-revolut-adjusting-a-transaction-e083ab01-7479-415e-92cc-742f37ebb408/002-15b59d3a-62dc-4db1-96c8-3d7888eb972f-downloadableSrc-55fb0b8e1031.webp
e083ab01-7479-415e-92cc-742f37ebb408,Adjusting a transaction,28b2d970-a05d-4509-99dd-83d47dbc3a16,Revolut,aa23fa4c-2ecb-4027-b126-335f9fcd86b1,2,3,5a6ad0c8-e5f2-40ae-9ab6-3b156cc159d6,true,downloadableSrc,200,image/webp,45052,45052,c3e3f76adab0f7300e9735c5c7beafb0e07612ee25319e7dd763c85605c829a9,1179,2676,,,bytescale.mobbin.com,f7a1807c1ac98ccf0eecf5078d61346ac9a94ca37a547f5708d580528c9e55c0,/Users/user/mobbin-sides/screen-flows/revolut/046-revolut-adjusting-a-transaction-e083ab01-7479-415e-92cc-742f37ebb408/003-5a6ad0c8-e5f2-40ae-9ab6-3b156cc159d6-downloadableSrc-c3e3f76adab0.webp
e083ab01-7479-415e-92cc-742f37ebb408,Adjusting a transaction,28b2d970-a05d-4509-99dd-83d47dbc3a16,Revolut,aa23fa4c-2ecb-4027-b126-335f9fcd86b1,3,4,4a123ed5-28e0-4667-ad06-64e32eaf5a1c,true,downloadableSrc,200,image/webp,49960,49960,ebe791bb6e70e909e98139e7cac1ba1c7dd7209ab26aa59ac927224a89b6726a,1179,2676,,,bytescale.mobbin.com,f7a1807c1ac98ccf0eecf5078d61346ac9a94ca37a547f5708d580528c9e55c0,/Users/user/mobbin-sides/screen-flows/revolut/046-revolut-adjusting-a-transaction-e083ab01-7479-415e-92cc-742f37ebb408/004-4a123ed5-28e0-4667-ad06-64e32eaf5a1c-downloadableSrc-ebe791bb6e70.webp
e083ab01-7479-415e-92cc-742f37ebb408,Adjusting a transaction,28b2d970-a05d-4509-99dd-83d47dbc3a16,Revolut,aa23fa4c-2ecb-4027-b126-335f9fcd86b1,4,5,c63ee771-7db2-44b9-9d85-3bdceacbe8ff,true,downloadableSrc,200,image/webp,41398,41398,12fb495cccc7cc662f4fe8b8f1d9006984130e35aa310a602919f6c912779c3f,1179,2676,,,bytescale.mobbin.com,f7a1807c1ac98ccf0eecf5078d61346ac9a94ca37a547f5708d580528c9e55c0,/Users/user/mobbin-sides/screen-flows/revolut/046-revolut-adjusting-a-transaction-e083ab01-7479-415e-92cc-742f37ebb408/005-c63ee771-7db2-44b9-9d85-3bdceacbe8ff-downloadableSrc-12fb495cccc7.webp
e083ab01-7479-415e-92cc-742f37ebb408,Adjusting a transaction,28b2d970-a05d-4509-99dd-83d47dbc3a16,Revolut,aa23fa4c-2ecb-4027-b126-335f9fcd86b1,5,6,c3448a23-4e97-49b2-83bd-05eed8dd6d02,true,downloadableSrc,200,image/webp,49774,49774,fe77dd5676aa2c6be8faad5f58b19a9bc346486b42e8de0bbe66152eb57a1370,1179,2676,,,bytescale.mobbin.com,f7a1807c1ac98ccf0eecf5078d61346ac9a94ca37a547f5708d580528c9e55c0,/Users/user/mobbin-sides/screen-flows/revolut/046-revolut-adjusting-a-transaction-e083ab01-7479-415e-92cc-742f37ebb408/006-c3448a23-4e97-49b2-83bd-05eed8dd6d02-downloadableSrc-fe77dd5676aa.webp
e083ab01-7479-415e-92cc-742f37ebb408,Adjusting a transaction,28b2d970-a05d-4509-99dd-83d47dbc3a16,Revolut,aa23fa4c-2ecb-4027-b126-335f9fcd86b1,6,7,527be321-25f4-42a6-8997-c940298f3278,true,downloadableSrc,200,image/webp,29156,29156,f03d2ef8067f3a2196c64611777fb187576aa4be5f482ba33887cbcf4cb7bec2,1179,2676,,,bytescale.mobbin.com,f7a1807c1ac98ccf0eecf5078d61346ac9a94ca37a547f5708d580528c9e55c0,/Users/user/mobbin-sides/screen-flows/revolut/046-revolut-adjusting-a-transaction-e083ab01-7479-415e-92cc-742f37ebb408/007-527be321-25f4-42a6-8997-c940298f3278-downloadableSrc-f03d2ef8067f.webp
36476b52-9c0d-45f1-9ce2-d59ea20ac8a8,Changing a category,28b2d970-a05d-4509-99dd-83d47dbc3a16,Revolut,aa23fa4c-2ecb-4027-b126-335f9fcd86b1,0,1,5a6ad0c8-e5f2-40ae-9ab6-3b156cc159d6,true,downloadableSrc,200,image/webp,45052,45052,c3e3f76adab0f7300e9735c5c7beafb0e07612ee25319e7dd763c85605c829a9,1179,2676,,,bytescale.mobbin.com,f7a1807c1ac98ccf0eecf5078d61346ac9a94ca37a547f5708d580528c9e55c0,/Users/user/mobbin-sides/screen-flows/revolut/047-revolut-changing-a-category-36476b52-9c0d-45f1-9ce2-d59ea20ac8a8/001-5a6ad0c8-e5f2-40ae-9ab6-3b156cc159d6-downloadableSrc-c3e3f76adab0.webp
36476b52-9c0d-45f1-9ce2-d59ea20ac8a8,Changing a category,28b2d970-a05d-4509-99dd-83d47dbc3a16,Revolut,aa23fa4c-2ecb-4027-b126-335f9fcd86b1,1,2,4e2e0a6b-03e9-4ebf-9749-181e3973c683,true,downloadableSrc,200,image/webp,80980,80980,8437384ccd5bb4c520fbcc4ac39b3e862f8a9105090ba00ee151e8b501d1c101,1179,2676,,,bytescale.mobbin.com,f7a1807c1ac98ccf0eecf5078d61346ac9a94ca37a547f5708d580528c9e55c0,/Users/user/mobbin-sides/screen-flows/revolut/047-revolut-changing-a-category-36476b52-9c0d-45f1-9ce2-d59ea20ac8a8/002-4e2e0a6b-03e9-4ebf-9749-181e3973c683-downloadableSrc-8437384ccd5b.webp
36476b52-9c0d-45f1-9ce2-d59ea20ac8a8,Changing a category,28b2d970-a05d-4509-99dd-83d47dbc3a16,Revolut,aa23fa4c-2ecb-4027-b126-335f9fcd86b1,2,3,7b88d7cc-e58c-4222-9ed8-163797df794e,true,downloadableSrc,200,image/webp,48282,48282,f622e55818db2b71d51262c7081a59a8c77a5dd322433f96cb7d8ae1ccd20d0d,1179,2676,,,bytescale.mobbin.com,f7a1807c1ac98ccf0eecf5078d61346ac9a94ca37a547f5708d580528c9e55c0,/Users/user/mobbin-sides/screen-flows/revolut/047-revolut-changing-a-category-36476b52-9c0d-45f1-9ce2-d59ea20ac8a8/003-7b88d7cc-e58c-4222-9ed8-163797df794e-downloadableSrc-f622e55818db.webp
36476b52-9c0d-45f1-9ce2-d59ea20ac8a8,Changing a category,28b2d970-a05d-4509-99dd-83d47dbc3a16,Revolut,aa23fa4c-2ecb-4027-b126-335f9fcd86b1,3,4,eab3bbe3-078b-4212-a0d8-5fa80a03876a,true,downloadableSrc,200,image/webp,45786,45786,7ce37736e65e38a9cb3066be9b40601bb6fb6ad39d5373fc6cda666b68bef9b1,1179,2676,,,bytescale.mobbin.com,f7a1807c1ac98ccf0eecf5078d61346ac9a94ca37a547f5708d580528c9e55c0,/Users/user/mobbin-sides/screen-flows/revolut/047-revolut-changing-a-category-36476b52-9c0d-45f1-9ce2-d59ea20ac8a8/004-eab3bbe3-078b-4212-a0d8-5fa80a03876a-downloadableSrc-7ce37736e65e.webp
bb82b059-79db-4a2e-99c0-624fbb7f194d,Filtering by custom period,28b2d970-a05d-4509-99dd-83d47dbc3a16,Revolut,aa23fa4c-2ecb-4027-b126-335f9fcd86b1,0,1,56d80261-ebab-49c4-aa2c-de9e23c41abb,true,downloadableSrc,200,image/webp,50680,50680,4a9033714609cef2ca9b8024c59c5b6386b42b8575161628670b8dc042bcfa54,1179,2676,,,bytescale.mobbin.com,f7a1807c1ac98ccf0eecf5078d61346ac9a94ca37a547f5708d580528c9e55c0,/Users/user/mobbin-sides/screen-flows/revolut/048-revolut-filtering-by-custom-period-bb82b059-79db-4a2e-99c0-624fbb7f194d/001-56d80261-ebab-49c4-aa2c-de9e23c41abb-downloadableSrc-4a9033714609.webp
bb82b059-79db-4a2e-99c0-624fbb7f194d,Filtering by custom period,28b2d970-a05d-4509-99dd-83d47dbc3a16,Revolut,aa23fa4c-2ecb-4027-b126-335f9fcd86b1,1,2,701fe42b-dcd0-4a5f-b52f-67078d251280,true,downloadableSrc,200,image/webp,33182,33182,3ef19ecf9b76b0abff997fd32493206bf42a10d00af2f6f1aa30c690e25cbcac,1179,2676,,,bytescale.mobbin.com,f7a1807c1ac98ccf0eecf5078d61346ac9a94ca37a547f5708d580528c9e55c0,/Users/user/mobbin-sides/screen-flows/revolut/048-revolut-filtering-by-custom-period-bb82b059-79db-4a2e-99c0-624fbb7f194d/002-701fe42b-dcd0-4a5f-b52f-67078d251280-downloadableSrc-3ef19ecf9b76.webp
bb82b059-79db-4a2e-99c0-624fbb7f194d,Filtering by custom period,28b2d970-a05d-4509-99dd-83d47dbc3a16,Revolut,aa23fa4c-2ecb-4027-b126-335f9fcd86b1,2,3,18cbc897-9d9c-45a4-987c-aed71d256faa,true,downloadableSrc,200,image/webp,37910,37910,7775fee121df02a58d6b9cfb75e7006b3f1b4b417be4c9703b8231b7cdea7e6d,1179,2676,,,bytescale.mobbin.com,f7a1807c1ac98ccf0eecf5078d61346ac9a94ca37a547f5708d580528c9e55c0,/Users/user/mobbin-sides/screen-flows/revolut/048-revolut-filtering-by-custom-period-bb82b059-79db-4a2e-99c0-624fbb7f194d/003-18cbc897-9d9c-45a4-987c-aed71d256faa-downloadableSrc-7775fee121df.webp
bb82b059-79db-4a2e-99c0-624fbb7f194d,Filtering by custom period,28b2d970-a05d-4509-99dd-83d47dbc3a16,Revolut,aa23fa4c-2ecb-4027-b126-335f9fcd86b1,3,4,38b6c540-8d00-458d-bd66-8feaab83a66e,true,downloadableSrc,200,image/webp,27416,27416,3fd69c5749d41911ae20b61f59c16bd1ae913e1f0495f63a621db57844599de6,1179,2676,,,bytescale.mobbin.com,f7a1807c1ac98ccf0eecf5078d61346ac9a94ca37a547f5708d580528c9e55c0,/Users/user/mobbin-sides/screen-flows/revolut/048-revolut-filtering-by-custom-period-bb82b059-79db-4a2e-99c0-624fbb7f194d/004-38b6c540-8d00-458d-bd66-8feaab83a66e-downloadableSrc-3fd69c5749d4.webp
bb82b059-79db-4a2e-99c0-624fbb7f194d,Filtering by custom period,28b2d970-a05d-4509-99dd-83d47dbc3a16,Revolut,aa23fa4c-2ecb-4027-b126-335f9fcd86b1,4,5,6fb5bd20-f1f2-4ba8-8f7b-b8a410b2f852,true,downloadableSrc,200,image/webp,43834,43834,074ea53d390c5db3e4796ff5380a5740993f9c0405fc03d79d1795ab16b6e4e7,1179,2676,,,bytescale.mobbin.com,f7a1807c1ac98ccf0eecf5078d61346ac9a94ca37a547f5708d580528c9e55c0,/Users/user/mobbin-sides/screen-flows/revolut/048-revolut-filtering-by-custom-period-bb82b059-79db-4a2e-99c0-624fbb7f194d/005-6fb5bd20-f1f2-4ba8-8f7b-b8a410b2f852-downloadableSrc-074ea53d390c.webp
1e678065-744d-4893-ad9b-e70bf1753bc2,Adding a widget,28b2d970-a05d-4509-99dd-83d47dbc3a16,Revolut,aa23fa4c-2ecb-4027-b126-335f9fcd86b1,0,1,f620dc24-0756-447d-8391-b6fff402e875,true,downloadableSrc,200,image/webp,69062,69062,259ac7c5cfce923c81249baa4d8f613fcedf07669ca6950c3140e1aed0b43d1e,1179,2676,,,bytescale.mobbin.com,f7a1807c1ac98ccf0eecf5078d61346ac9a94ca37a547f5708d580528c9e55c0,/Users/user/mobbin-sides/screen-flows/revolut/049-revolut-adding-a-widget-1e678065-744d-4893-ad9b-e70bf1753bc2/001-f620dc24-0756-447d-8391-b6fff402e875-downloadableSrc-259ac7c5cfce.webp
1e678065-744d-4893-ad9b-e70bf1753bc2,Adding a widget,28b2d970-a05d-4509-99dd-83d47dbc3a16,Revolut,aa23fa4c-2ecb-4027-b126-335f9fcd86b1,1,2,4c928084-f9b1-4810-b368-0d1ae103dd2c,true,downloadableSrc,200,image/webp,58718,58718,f944310f76db334277f3a532e4f26f81bb4696755e0084c8223328958ff80492,1179,2676,,,bytescale.mobbin.com,f7a1807c1ac98ccf0eecf5078d61346ac9a94ca37a547f5708d580528c9e55c0,/Users/user/mobbin-sides/screen-flows/revolut/049-revolut-adding-a-widget-1e678065-744d-4893-ad9b-e70bf1753bc2/002-4c928084-f9b1-4810-b368-0d1ae103dd2c-downloadableSrc-f944310f76db.webp
1e678065-744d-4893-ad9b-e70bf1753bc2,Adding a widget,28b2d970-a05d-4509-99dd-83d47dbc3a16,Revolut,aa23fa4c-2ecb-4027-b126-335f9fcd86b1,2,3,5b30d0a5-d3ec-4223-9fe6-3dfbf8b7a105,true,downloadableSrc,200,image/webp,66646,66646,537fed97e803c6840de1f0fa154f7821c864cb0983cf45dfd94620927727f7ee,1179,2676,,,bytescale.mobbin.com,f7a1807c1ac98ccf0eecf5078d61346ac9a94ca37a547f5708d580528c9e55c0,/Users/user/mobbin-sides/screen-flows/revolut/049-revolut-adding-a-widget-1e678065-744d-4893-ad9b-e70bf1753bc2/003-5b30d0a5-d3ec-4223-9fe6-3dfbf8b7a105-downloadableSrc-537fed97e803.webp
1e678065-744d-4893-ad9b-e70bf1753bc2,Adding a widget,28b2d970-a05d-4509-99dd-83d47dbc3a16,Revolut,aa23fa4c-2ecb-4027-b126-335f9fcd86b1,3,4,5bf50220-b9f9-455c-a527-1cb3f0a9a11b,true,downloadableSrc,200,image/webp,95542,95542,a6f6d48a4973c1d1ae1554612fe53e3f59d46f7eabc3591ed371baac23c83100,1179,2676,,,bytescale.mobbin.com,f7a1807c1ac98ccf0eecf5078d61346ac9a94ca37a547f5708d580528c9e55c0,/Users/user/mobbin-sides/screen-flows/revolut/049-revolut-adding-a-widget-1e678065-744d-4893-ad9b-e70bf1753bc2/004-5bf50220-b9f9-455c-a527-1cb3f0a9a11b-downloadableSrc-a6f6d48a4973.webp
1e678065-744d-4893-ad9b-e70bf1753bc2,Adding a widget,28b2d970-a05d-4509-99dd-83d47dbc3a16,Revolut,aa23fa4c-2ecb-4027-b126-335f9fcd86b1,4,5,0ba15905-a1f4-4d1f-8eb7-417d5eb50bb9,true,downloadableSrc,200,image/webp,60100,60100,65892b464573b5e1f066c568e8d8bac429e6cf1b9abd48f084d47aff852b074d,1179,2676,,,bytescale.mobbin.com,f7a1807c1ac98ccf0eecf5078d61346ac9a94ca37a547f5708d580528c9e55c0,/Users/user/mobbin-sides/screen-flows/revolut/049-revolut-adding-a-widget-1e678065-744d-4893-ad9b-e70bf1753bc2/005-0ba15905-a1f4-4d1f-8eb7-417d5eb50bb9-downloadableSrc-65892b464573.webp
1e678065-744d-4893-ad9b-e70bf1753bc2,Adding a widget,28b2d970-a05d-4509-99dd-83d47dbc3a16,Revolut,aa23fa4c-2ecb-4027-b126-335f9fcd86b1,5,6,416111a2-c5b0-4e7c-96dc-29d220b2f5d9,true,downloadableSrc,200,image/webp,96964,96964,fadeba7214add2b8c2d760523c68ea998f384297c4e698e2f7dc1be4d683b455,1179,2676,,,bytescale.mobbin.com,f7a1807c1ac98ccf0eecf5078d61346ac9a94ca37a547f5708d580528c9e55c0,/Users/user/mobbin-sides/screen-flows/revolut/049-revolut-adding-a-widget-1e678065-744d-4893-ad9b-e70bf1753bc2/006-416111a2-c5b0-4e7c-96dc-29d220b2f5d9-downloadableSrc-fadeba7214ad.webp
d2a5a0c2-1f48-4f1e-a204-1a3615764c63,Searching Revolut,28b2d970-a05d-4509-99dd-83d47dbc3a16,Revolut,aa23fa4c-2ecb-4027-b126-335f9fcd86b1,0,1,a2e597fa-50af-426b-93ba-5726fc0ef3da,true,downloadableSrc,200,image/webp,85028,85028,6c40c7b4f402f08ba3a18e29dce092dfbc455e062af885a0c40c44e55e0ece6a,1179,2676,,,bytescale.mobbin.com,f7a1807c1ac98ccf0eecf5078d61346ac9a94ca37a547f5708d580528c9e55c0,/Users/user/mobbin-sides/screen-flows/revolut/050-revolut-searching-revolut-d2a5a0c2-1f48-4f1e-a204-1a3615764c63/001-a2e597fa-50af-426b-93ba-5726fc0ef3da-downloadableSrc-6c40c7b4f402.webp
d2a5a0c2-1f48-4f1e-a204-1a3615764c63,Searching Revolut,28b2d970-a05d-4509-99dd-83d47dbc3a16,Revolut,aa23fa4c-2ecb-4027-b126-335f9fcd86b1,1,2,b7a50f5e-5138-488f-bff2-07c65300ab50,true,downloadableSrc,200,image/webp,47732,47732,060bad70c36234bf950f7f58d07b6662226e94ef12cb2b12b14c90b3ae6428af,1179,2676,,,bytescale.mobbin.com,f7a1807c1ac98ccf0eecf5078d61346ac9a94ca37a547f5708d580528c9e55c0,/Users/user/mobbin-sides/screen-flows/revolut/050-revolut-searching-revolut-d2a5a0c2-1f48-4f1e-a204-1a3615764c63/002-b7a50f5e-5138-488f-bff2-07c65300ab50-downloadableSrc-060bad70c362.webp
d2a5a0c2-1f48-4f1e-a204-1a3615764c63,Searching Revolut,28b2d970-a05d-4509-99dd-83d47dbc3a16,Revolut,aa23fa4c-2ecb-4027-b126-335f9fcd86b1,2,3,2def298c-6acd-48db-a8f9-a9a34ad095c4,true,downloadableSrc,200,image/webp,65998,65998,1729efe010786989bcb490af3988d308c5b05a061110c20f4b07c7c9cf133c76,1179,2676,,,bytescale.mobbin.com,f7a1807c1ac98ccf0eecf5078d61346ac9a94ca37a547f5708d580528c9e55c0,/Users/user/mobbin-sides/screen-flows/revolut/050-revolut-searching-revolut-d2a5a0c2-1f48-4f1e-a204-1a3615764c63/003-2def298c-6acd-48db-a8f9-a9a34ad095c4-downloadableSrc-1729efe01078.webp
4eb1eaf1-2cbc-4bab-a993-d82e31596366,Searching ATMs nearby,28b2d970-a05d-4509-99dd-83d47dbc3a16,Revolut,aa23fa4c-2ecb-4027-b126-335f9fcd86b1,0,1,b7a50f5e-5138-488f-bff2-07c65300ab50,true,downloadableSrc,200,image/webp,47732,47732,060bad70c36234bf950f7f58d07b6662226e94ef12cb2b12b14c90b3ae6428af,1179,2676,,,bytescale.mobbin.com,f7a1807c1ac98ccf0eecf5078d61346ac9a94ca37a547f5708d580528c9e55c0,/Users/user/mobbin-sides/screen-flows/revolut/051-revolut-searching-atms-nearby-4eb1eaf1-2cbc-4bab-a993-d82e31596366/001-b7a50f5e-5138-488f-bff2-07c65300ab50-downloadableSrc-060bad70c362.webp
4eb1eaf1-2cbc-4bab-a993-d82e31596366,Searching ATMs nearby,28b2d970-a05d-4509-99dd-83d47dbc3a16,Revolut,aa23fa4c-2ecb-4027-b126-335f9fcd86b1,1,2,2a8c9c56-b4e5-4bd5-8e22-10d2f94f7892,true,downloadableSrc,200,image/webp,106508,106508,843e44f85d23a482f2fe54cc27e832bf76635b5ada1b9bdea09a2c2dee3eee50,1179,2676,,,bytescale.mobbin.com,f7a1807c1ac98ccf0eecf5078d61346ac9a94ca37a547f5708d580528c9e55c0,/Users/user/mobbin-sides/screen-flows/revolut/051-revolut-searching-atms-nearby-4eb1eaf1-2cbc-4bab-a993-d82e31596366/002-2a8c9c56-b4e5-4bd5-8e22-10d2f94f7892-downloadableSrc-843e44f85d23.webp
a48936c8-216d-417f-98fb-732df7a05a53,Transaction history,28b2d970-a05d-4509-99dd-83d47dbc3a16,Revolut,aa23fa4c-2ecb-4027-b126-335f9fcd86b1,0,1,a2e597fa-50af-426b-93ba-5726fc0ef3da,true,downloadableSrc,200,image/webp,85028,85028,6c40c7b4f402f08ba3a18e29dce092dfbc455e062af885a0c40c44e55e0ece6a,1179,2676,,,bytescale.mobbin.com,f7a1807c1ac98ccf0eecf5078d61346ac9a94ca37a547f5708d580528c9e55c0,/Users/user/mobbin-sides/screen-flows/revolut/052-revolut-transaction-history-a48936c8-216d-417f-98fb-732df7a05a53/001-a2e597fa-50af-426b-93ba-5726fc0ef3da-downloadableSrc-6c40c7b4f402.webp
a48936c8-216d-417f-98fb-732df7a05a53,Transaction history,28b2d970-a05d-4509-99dd-83d47dbc3a16,Revolut,aa23fa4c-2ecb-4027-b126-335f9fcd86b1,1,2,be0705ab-b8e1-4012-a110-3d1b3f2fa28b,true,downloadableSrc,200,image/webp,50034,50034,0f40a20b1411299926739784d5a995bb2f081fb2402cbb998c9bb3c138386eae,1179,2676,,,bytescale.mobbin.com,f7a1807c1ac98ccf0eecf5078d61346ac9a94ca37a547f5708d580528c9e55c0,/Users/user/mobbin-sides/screen-flows/revolut/052-revolut-transaction-history-a48936c8-216d-417f-98fb-732df7a05a53/002-be0705ab-b8e1-4012-a110-3d1b3f2fa28b-downloadableSrc-0f40a20b1411.webp
a48936c8-216d-417f-98fb-732df7a05a53,Transaction history,28b2d970-a05d-4509-99dd-83d47dbc3a16,Revolut,aa23fa4c-2ecb-4027-b126-335f9fcd86b1,2,3,7fa467ac-84be-4b8e-8459-deaeb2cde26c,true,downloadableSrc,200,image/webp,50840,50840,4ce9df227c4aaa67bf79903ce0c67b0a87a8536637534393fd5c699a5a223a3f,1179,2676,,,bytescale.mobbin.com,f7a1807c1ac98ccf0eecf5078d61346ac9a94ca37a547f5708d580528c9e55c0,/Users/user/mobbin-sides/screen-flows/revolut/052-revolut-transaction-history-a48936c8-216d-417f-98fb-732df7a05a53/003-7fa467ac-84be-4b8e-8459-deaeb2cde26c-downloadableSrc-4ce9df227c4a.webp
a48936c8-216d-417f-98fb-732df7a05a53,Transaction history,28b2d970-a05d-4509-99dd-83d47dbc3a16,Revolut,aa23fa4c-2ecb-4027-b126-335f9fcd86b1,3,4,df7b1aab-511c-4959-9238-7ec8da733902,true,downloadableSrc,200,image/webp,56272,56272,d6c20512f272647330edc93fd5afc7aefa28f053e755823ebbf978e19c3f530a,1179,2676,,,bytescale.mobbin.com,f7a1807c1ac98ccf0eecf5078d61346ac9a94ca37a547f5708d580528c9e55c0,/Users/user/mobbin-sides/screen-flows/revolut/052-revolut-transaction-history-a48936c8-216d-417f-98fb-732df7a05a53/004-df7b1aab-511c-4959-9238-7ec8da733902-downloadableSrc-d6c20512f272.webp
a48936c8-216d-417f-98fb-732df7a05a53,Transaction history,28b2d970-a05d-4509-99dd-83d47dbc3a16,Revolut,aa23fa4c-2ecb-4027-b126-335f9fcd86b1,4,5,0f3fc978-ae0e-44f7-ae02-f81311e5fc8f,true,downloadableSrc,200,image/webp,53340,53340,555b490371a61929db0b8392cad88ed428f6c0c788dcbc4abfbd2215e368246d,1179,2676,,,bytescale.mobbin.com,f7a1807c1ac98ccf0eecf5078d61346ac9a94ca37a547f5708d580528c9e55c0,/Users/user/mobbin-sides/screen-flows/revolut/052-revolut-transaction-history-a48936c8-216d-417f-98fb-732df7a05a53/005-0f3fc978-ae0e-44f7-ae02-f81311e5fc8f-downloadableSrc-555b490371a6.webp
3e36d364-1b9a-4a56-be20-94170c61a363,Switch accounts,28b2d970-a05d-4509-99dd-83d47dbc3a16,Revolut,aa23fa4c-2ecb-4027-b126-335f9fcd86b1,0,1,df7b1aab-511c-4959-9238-7ec8da733902,true,downloadableSrc,200,image/webp,56272,56272,d6c20512f272647330edc93fd5afc7aefa28f053e755823ebbf978e19c3f530a,1179,2676,,,bytescale.mobbin.com,f7a1807c1ac98ccf0eecf5078d61346ac9a94ca37a547f5708d580528c9e55c0,/Users/user/mobbin-sides/screen-flows/revolut/053-revolut-switch-accounts-3e36d364-1b9a-4a56-be20-94170c61a363/001-df7b1aab-511c-4959-9238-7ec8da733902-downloadableSrc-d6c20512f272.webp
3e36d364-1b9a-4a56-be20-94170c61a363,Switch accounts,28b2d970-a05d-4509-99dd-83d47dbc3a16,Revolut,aa23fa4c-2ecb-4027-b126-335f9fcd86b1,1,2,148fa487-6a47-4168-93a4-ab8b7657fa7e,true,downloadableSrc,200,image/webp,26254,26254,4155172f370291015745fb7df76ac68b5e9b878907fd939ed2e496495338a442,1179,2676,,,bytescale.mobbin.com,f7a1807c1ac98ccf0eecf5078d61346ac9a94ca37a547f5708d580528c9e55c0,/Users/user/mobbin-sides/screen-flows/revolut/053-revolut-switch-accounts-3e36d364-1b9a-4a56-be20-94170c61a363/002-148fa487-6a47-4168-93a4-ab8b7657fa7e-downloadableSrc-4155172f3702.webp
dada318e-d606-4805-9f63-bd4c7c6f1078,Setting tracking frequency (weekly),28b2d970-a05d-4509-99dd-83d47dbc3a16,Revolut,aa23fa4c-2ecb-4027-b126-335f9fcd86b1,0,1,df7b1aab-511c-4959-9238-7ec8da733902,true,downloadableSrc,200,image/webp,56272,56272,d6c20512f272647330edc93fd5afc7aefa28f053e755823ebbf978e19c3f530a,1179,2676,,,bytescale.mobbin.com,f7a1807c1ac98ccf0eecf5078d61346ac9a94ca37a547f5708d580528c9e55c0,/Users/user/mobbin-sides/screen-flows/revolut/054-revolut-setting-tracking-frequency-weekly-dada318e-d606-4805-9f63-bd4c7c6f1078/001-df7b1aab-511c-4959-9238-7ec8da733902-downloadableSrc-d6c20512f272.webp
dada318e-d606-4805-9f63-bd4c7c6f1078,Setting tracking frequency (weekly),28b2d970-a05d-4509-99dd-83d47dbc3a16,Revolut,aa23fa4c-2ecb-4027-b126-335f9fcd86b1,1,2,f7c29cc4-c96d-4960-a303-bc5b3f60b4af,true,downloadableSrc,200,image/webp,46706,46706,6ffb0a1c0e3814072582b792faa2d17be467e4b6f94e19f264b72797b0c7ce1b,1179,2676,,,bytescale.mobbin.com,f7a1807c1ac98ccf0eecf5078d61346ac9a94ca37a547f5708d580528c9e55c0,/Users/user/mobbin-sides/screen-flows/revolut/054-revolut-setting-tracking-frequency-weekly-dada318e-d606-4805-9f63-bd4c7c6f1078/002-f7c29cc4-c96d-4960-a303-bc5b3f60b4af-downloadableSrc-6ffb0a1c0e38.webp
dada318e-d606-4805-9f63-bd4c7c6f1078,Setting tracking frequency (weekly),28b2d970-a05d-4509-99dd-83d47dbc3a16,Revolut,aa23fa4c-2ecb-4027-b126-335f9fcd86b1,2,3,a827115b-5cff-47d3-a86b-170e63bf1b9d,true,downloadableSrc,200,image/webp,44976,44976,b71fa0a2c9631a5225a19cee86d1ae161c572467a19b6f15dd77a2a43b48bba7,1179,2676,,,bytescale.mobbin.com,f7a1807c1ac98ccf0eecf5078d61346ac9a94ca37a547f5708d580528c9e55c0,/Users/user/mobbin-sides/screen-flows/revolut/054-revolut-setting-tracking-frequency-weekly-dada318e-d606-4805-9f63-bd4c7c6f1078/003-a827115b-5cff-47d3-a86b-170e63bf1b9d-downloadableSrc-b71fa0a2c963.webp
dada318e-d606-4805-9f63-bd4c7c6f1078,Setting tracking frequency (weekly),28b2d970-a05d-4509-99dd-83d47dbc3a16,Revolut,aa23fa4c-2ecb-4027-b126-335f9fcd86b1,3,4,bfb453f8-e0a0-421f-8f7f-bdb62512be68,true,downloadableSrc,200,image/webp,50016,50016,0c33408d569ba51235142fc0657c9670c336abae835c12fe6d15ddba6a75b714,1179,2676,,,bytescale.mobbin.com,f7a1807c1ac98ccf0eecf5078d61346ac9a94ca37a547f5708d580528c9e55c0,/Users/user/mobbin-sides/screen-flows/revolut/054-revolut-setting-tracking-frequency-weekly-dada318e-d606-4805-9f63-bd4c7c6f1078/004-bfb453f8-e0a0-421f-8f7f-bdb62512be68-downloadableSrc-0c33408d569b.webp
dada318e-d606-4805-9f63-bd4c7c6f1078,Setting tracking frequency (weekly),28b2d970-a05d-4509-99dd-83d47dbc3a16,Revolut,aa23fa4c-2ecb-4027-b126-335f9fcd86b1,4,5,4821a083-5ad8-4a52-9edd-9389ded0bf25,true,downloadableSrc,200,image/webp,31854,31854,1fed76119f0a3e4f85cc45bcd331774b3973c5973b76b54ea3f522b7a785fe73,1179,2676,,,bytescale.mobbin.com,f7a1807c1ac98ccf0eecf5078d61346ac9a94ca37a547f5708d580528c9e55c0,/Users/user/mobbin-sides/screen-flows/revolut/054-revolut-setting-tracking-frequency-weekly-dada318e-d606-4805-9f63-bd4c7c6f1078/005-4821a083-5ad8-4a52-9edd-9389ded0bf25-downloadableSrc-1fed76119f0a.webp
7a72fa88-b4bb-4fb7-b4da-3771dc0f08bf,Setting tracking frequency (monthly),28b2d970-a05d-4509-99dd-83d47dbc3a16,Revolut,aa23fa4c-2ecb-4027-b126-335f9fcd86b1,0,1,f7c29cc4-c96d-4960-a303-bc5b3f60b4af,true,downloadableSrc,200,image/webp,46706,46706,6ffb0a1c0e3814072582b792faa2d17be467e4b6f94e19f264b72797b0c7ce1b,1179,2676,,,bytescale.mobbin.com,f7a1807c1ac98ccf0eecf5078d61346ac9a94ca37a547f5708d580528c9e55c0,/Users/user/mobbin-sides/screen-flows/revolut/055-revolut-setting-tracking-frequency-monthly-7a72fa88-b4bb-4fb7-b4da-3771dc0f08bf/001-f7c29cc4-c96d-4960-a303-bc5b3f60b4af-downloadableSrc-6ffb0a1c0e38.webp
7a72fa88-b4bb-4fb7-b4da-3771dc0f08bf,Setting tracking frequency (monthly),28b2d970-a05d-4509-99dd-83d47dbc3a16,Revolut,aa23fa4c-2ecb-4027-b126-335f9fcd86b1,1,2,d928d6b6-5d38-4940-b6d2-33df3cc5e931,true,downloadableSrc,200,image/webp,51106,51106,ab4ef2b4aae6525320c5d25d077270b07cc4f8b7e66f7f0fcbb79af5048cdaaf,1179,2676,,,bytescale.mobbin.com,f7a1807c1ac98ccf0eecf5078d61346ac9a94ca37a547f5708d580528c9e55c0,/Users/user/mobbin-sides/screen-flows/revolut/055-revolut-setting-tracking-frequency-monthly-7a72fa88-b4bb-4fb7-b4da-3771dc0f08bf/002-d928d6b6-5d38-4940-b6d2-33df3cc5e931-downloadableSrc-ab4ef2b4aae6.webp
7a72fa88-b4bb-4fb7-b4da-3771dc0f08bf,Setting tracking frequency (monthly),28b2d970-a05d-4509-99dd-83d47dbc3a16,Revolut,aa23fa4c-2ecb-4027-b126-335f9fcd86b1,2,3,e83445bf-da3d-45f8-9d4c-ca51ceb357a3,true,downloadableSrc,200,image/webp,64728,64728,18757f7f5079c2e5da4ac99ec886457ab4818a7c7f3578725b14e7349b2a9925,1179,2676,,,bytescale.mobbin.com,f7a1807c1ac98ccf0eecf5078d61346ac9a94ca37a547f5708d580528c9e55c0,/Users/user/mobbin-sides/screen-flows/revolut/055-revolut-setting-tracking-frequency-monthly-7a72fa88-b4bb-4fb7-b4da-3771dc0f08bf/003-e83445bf-da3d-45f8-9d4c-ca51ceb357a3-downloadableSrc-18757f7f5079.webp
7a72fa88-b4bb-4fb7-b4da-3771dc0f08bf,Setting tracking frequency (monthly),28b2d970-a05d-4509-99dd-83d47dbc3a16,Revolut,aa23fa4c-2ecb-4027-b126-335f9fcd86b1,3,4,686d8c36-a31d-4795-96d5-9f63910712e5,true,downloadableSrc,200,image/webp,32002,32002,859f413257fed72eaf839b54d4d89cb21ae57d925e899a193eee28acff16af2c,1179,2676,,,bytescale.mobbin.com,f7a1807c1ac98ccf0eecf5078d61346ac9a94ca37a547f5708d580528c9e55c0,/Users/user/mobbin-sides/screen-flows/revolut/055-revolut-setting-tracking-frequency-monthly-7a72fa88-b4bb-4fb7-b4da-3771dc0f08bf/004-686d8c36-a31d-4795-96d5-9f63910712e5-downloadableSrc-859f413257fe.webp
002e0989-bdc8-4170-af1c-1b51bddaf869,Setting a spending budget,28b2d970-a05d-4509-99dd-83d47dbc3a16,Revolut,aa23fa4c-2ecb-4027-b126-335f9fcd86b1,0,1,7fa467ac-84be-4b8e-8459-deaeb2cde26c,true,downloadableSrc,200,image/webp,50840,50840,4ce9df227c4aaa67bf79903ce0c67b0a87a8536637534393fd5c699a5a223a3f,1179,2676,,,bytescale.mobbin.com,f7a1807c1ac98ccf0eecf5078d61346ac9a94ca37a547f5708d580528c9e55c0,/Users/user/mobbin-sides/screen-flows/revolut/056-revolut-setting-a-spending-budget-002e0989-bdc8-4170-af1c-1b51bddaf869/001-7fa467ac-84be-4b8e-8459-deaeb2cde26c-downloadableSrc-4ce9df227c4a.webp
002e0989-bdc8-4170-af1c-1b51bddaf869,Setting a spending budget,28b2d970-a05d-4509-99dd-83d47dbc3a16,Revolut,aa23fa4c-2ecb-4027-b126-335f9fcd86b1,1,2,98cd966c-3ddc-49aa-bc76-8552f2cedfc5,true,downloadableSrc,200,image/webp,36206,36206,4ab6754e552a28e6e4951db6a5d501c5e3d0b2c6d2d17c5022061f0d78ca096f,1179,2676,,,bytescale.mobbin.com,f7a1807c1ac98ccf0eecf5078d61346ac9a94ca37a547f5708d580528c9e55c0,/Users/user/mobbin-sides/screen-flows/revolut/056-revolut-setting-a-spending-budget-002e0989-bdc8-4170-af1c-1b51bddaf869/002-98cd966c-3ddc-49aa-bc76-8552f2cedfc5-downloadableSrc-4ab6754e552a.webp
002e0989-bdc8-4170-af1c-1b51bddaf869,Setting a spending budget,28b2d970-a05d-4509-99dd-83d47dbc3a16,Revolut,aa23fa4c-2ecb-4027-b126-335f9fcd86b1,2,3,fd4141ce-52a5-4b6e-adcd-afce1d423675,true,downloadableSrc,200,image/webp,39246,39246,8698acd5562b2c34da17dd97bff6ee6d7ae66c4c8697f13a93e1e5392d68642c,1179,2676,,,bytescale.mobbin.com,f7a1807c1ac98ccf0eecf5078d61346ac9a94ca37a547f5708d580528c9e55c0,/Users/user/mobbin-sides/screen-flows/revolut/056-revolut-setting-a-spending-budget-002e0989-bdc8-4170-af1c-1b51bddaf869/003-fd4141ce-52a5-4b6e-adcd-afce1d423675-downloadableSrc-8698acd5562b.webp
002e0989-bdc8-4170-af1c-1b51bddaf869,Setting a spending budget,28b2d970-a05d-4509-99dd-83d47dbc3a16,Revolut,aa23fa4c-2ecb-4027-b126-335f9fcd86b1,3,4,5b0c5c84-380a-44bd-9c32-c8d46b7cb92a,true,downloadableSrc,200,image/webp,54082,54082,fb83201332e1f6084948a5cb09e911b17d46ece5b78b7dea78fc6b3c3d1b0d21,1179,2676,,,bytescale.mobbin.com,f7a1807c1ac98ccf0eecf5078d61346ac9a94ca37a547f5708d580528c9e55c0,/Users/user/mobbin-sides/screen-flows/revolut/056-revolut-setting-a-spending-budget-002e0989-bdc8-4170-af1c-1b51bddaf869/004-5b0c5c84-380a-44bd-9c32-c8d46b7cb92a-downloadableSrc-fb83201332e1.webp
002e0989-bdc8-4170-af1c-1b51bddaf869,Setting a spending budget,28b2d970-a05d-4509-99dd-83d47dbc3a16,Revolut,aa23fa4c-2ecb-4027-b126-335f9fcd86b1,4,5,22fdd4e8-6985-420d-aa28-4a426bd9a06e,true,downloadableSrc,200,image/webp,51090,51090,1f721bde809150aa650b4fb77eb15db763c9a8f03556e0ae03ab5de04658be20,1179,2676,,,bytescale.mobbin.com,f7a1807c1ac98ccf0eecf5078d61346ac9a94ca37a547f5708d580528c9e55c0,/Users/user/mobbin-sides/screen-flows/revolut/056-revolut-setting-a-spending-budget-002e0989-bdc8-4170-af1c-1b51bddaf869/005-22fdd4e8-6985-420d-aa28-4a426bd9a06e-downloadableSrc-1f721bde8091.webp
002e0989-bdc8-4170-af1c-1b51bddaf869,Setting a spending budget,28b2d970-a05d-4509-99dd-83d47dbc3a16,Revolut,aa23fa4c-2ecb-4027-b126-335f9fcd86b1,5,6,b578103d-3eca-4520-b50f-1698113428d7,true,downloadableSrc,200,image/webp,67628,67628,deb9c75eb5bd23463e016bd754681bc5a93c1b8984cf34824910d13ddc619c21,1179,2676,,,bytescale.mobbin.com,f7a1807c1ac98ccf0eecf5078d61346ac9a94ca37a547f5708d580528c9e55c0,/Users/user/mobbin-sides/screen-flows/revolut/056-revolut-setting-a-spending-budget-002e0989-bdc8-4170-af1c-1b51bddaf869/006-b578103d-3eca-4520-b50f-1698113428d7-downloadableSrc-deb9c75eb5bd.webp
002e0989-bdc8-4170-af1c-1b51bddaf869,Setting a spending budget,28b2d970-a05d-4509-99dd-83d47dbc3a16,Revolut,aa23fa4c-2ecb-4027-b126-335f9fcd86b1,6,7,519ee7b9-37d5-41ca-99d9-729905be9547,true,downloadableSrc,200,image/webp,76714,76714,515e25eb21d5a34e63335a830f0735b6c4ccb05ba99011e4bf70950e2fcb5e02,1179,2676,,,bytescale.mobbin.com,f7a1807c1ac98ccf0eecf5078d61346ac9a94ca37a547f5708d580528c9e55c0,/Users/user/mobbin-sides/screen-flows/revolut/056-revolut-setting-a-spending-budget-002e0989-bdc8-4170-af1c-1b51bddaf869/007-519ee7b9-37d5-41ca-99d9-729905be9547-downloadableSrc-515e25eb21d5.webp
236a1520-61ea-4415-8ccb-2642f56023c3,Cards (shortcut),28b2d970-a05d-4509-99dd-83d47dbc3a16,Revolut,aa23fa4c-2ecb-4027-b126-335f9fcd86b1,0,1,a2e597fa-50af-426b-93ba-5726fc0ef3da,true,downloadableSrc,200,image/webp,85028,85028,6c40c7b4f402f08ba3a18e29dce092dfbc455e062af885a0c40c44e55e0ece6a,1179,2676,,,bytescale.mobbin.com,f7a1807c1ac98ccf0eecf5078d61346ac9a94ca37a547f5708d580528c9e55c0,/Users/user/mobbin-sides/screen-flows/revolut/057-revolut-cards-shortcut-236a1520-61ea-4415-8ccb-2642f56023c3/001-a2e597fa-50af-426b-93ba-5726fc0ef3da-downloadableSrc-6c40c7b4f402.webp
236a1520-61ea-4415-8ccb-2642f56023c3,Cards (shortcut),28b2d970-a05d-4509-99dd-83d47dbc3a16,Revolut,aa23fa4c-2ecb-4027-b126-335f9fcd86b1,1,2,d915a222-c09a-4b4f-a5d1-1a32b8e6594a,true,downloadableSrc,200,image/webp,49250,49250,5e7230eb2e9a3fcf8ebddc072a30f8a20e18925b7ca5117b7c768f641c5aca77,1179,2676,,,bytescale.mobbin.com,f7a1807c1ac98ccf0eecf5078d61346ac9a94ca37a547f5708d580528c9e55c0,/Users/user/mobbin-sides/screen-flows/revolut/057-revolut-cards-shortcut-236a1520-61ea-4415-8ccb-2642f56023c3/002-d915a222-c09a-4b4f-a5d1-1a32b8e6594a-downloadableSrc-5e7230eb2e9a.webp
70c70d3d-4b28-4531-889c-e4e765c88205,Invest,28b2d970-a05d-4509-99dd-83d47dbc3a16,Revolut,aa23fa4c-2ecb-4027-b126-335f9fcd86b1,0,1,a2e597fa-50af-426b-93ba-5726fc0ef3da,true,downloadableSrc,200,image/webp,85028,85028,6c40c7b4f402f08ba3a18e29dce092dfbc455e062af885a0c40c44e55e0ece6a,1179,2676,,,bytescale.mobbin.com,f7a1807c1ac98ccf0eecf5078d61346ac9a94ca37a547f5708d580528c9e55c0,/Users/user/mobbin-sides/screen-flows/revolut/058-revolut-invest-70c70d3d-4b28-4531-889c-e4e765c88205/001-a2e597fa-50af-426b-93ba-5726fc0ef3da-downloadableSrc-6c40c7b4f402.webp
70c70d3d-4b28-4531-889c-e4e765c88205,Invest,28b2d970-a05d-4509-99dd-83d47dbc3a16,Revolut,aa23fa4c-2ecb-4027-b126-335f9fcd86b1,1,2,bbc335a5-3e12-4480-b4d1-6ea5fbdeb8b4,true,downloadableSrc,200,image/webp,59512,59512,95dd1e40726f821ea8ebee1d71679686eb175ac91e68d6a47d39911cade1bcbc,1179,2676,,,bytescale.mobbin.com,f7a1807c1ac98ccf0eecf5078d61346ac9a94ca37a547f5708d580528c9e55c0,/Users/user/mobbin-sides/screen-flows/revolut/058-revolut-invest-70c70d3d-4b28-4531-889c-e4e765c88205/002-bbc335a5-3e12-4480-b4d1-6ea5fbdeb8b4-downloadableSrc-95dd1e40726f.webp
70c70d3d-4b28-4531-889c-e4e765c88205,Invest,28b2d970-a05d-4509-99dd-83d47dbc3a16,Revolut,aa23fa4c-2ecb-4027-b126-335f9fcd86b1,2,3,25d5c904-a701-418b-8724-d98d92dd9097,true,downloadableSrc,200,image/webp,79964,79964,0cb2a268d157a76da4b7229b0579afe0107767e7a54bf571817859504dca1056,1179,2676,,,bytescale.mobbin.com,f7a1807c1ac98ccf0eecf5078d61346ac9a94ca37a547f5708d580528c9e55c0,/Users/user/mobbin-sides/screen-flows/revolut/058-revolut-invest-70c70d3d-4b28-4531-889c-e4e765c88205/003-25d5c904-a701-418b-8724-d98d92dd9097-downloadableSrc-0cb2a268d157.webp
70c70d3d-4b28-4531-889c-e4e765c88205,Invest,28b2d970-a05d-4509-99dd-83d47dbc3a16,Revolut,aa23fa4c-2ecb-4027-b126-335f9fcd86b1,3,4,5de06d3b-2d7a-4dad-8b68-4c26b082456f,true,downloadableSrc,200,image/webp,67800,67800,b786e549f538b34b6af55d3c95b64bb259cb28511cb235149cf471b197bc98cb,1179,2676,,,bytescale.mobbin.com,f7a1807c1ac98ccf0eecf5078d61346ac9a94ca37a547f5708d580528c9e55c0,/Users/user/mobbin-sides/screen-flows/revolut/058-revolut-invest-70c70d3d-4b28-4531-889c-e4e765c88205/004-5de06d3b-2d7a-4dad-8b68-4c26b082456f-downloadableSrc-b786e549f538.webp
70c70d3d-4b28-4531-889c-e4e765c88205,Invest,28b2d970-a05d-4509-99dd-83d47dbc3a16,Revolut,aa23fa4c-2ecb-4027-b126-335f9fcd86b1,4,5,120a13eb-491c-4172-8646-45dcca5a51c1,true,downloadableSrc,200,image/webp,78486,78486,d2ae332a759b9d43fa21e0639559c45f8acd80e71e7af0f555fdeabffd400cfe,1179,2676,,,bytescale.mobbin.com,f7a1807c1ac98ccf0eecf5078d61346ac9a94ca37a547f5708d580528c9e55c0,/Users/user/mobbin-sides/screen-flows/revolut/058-revolut-invest-70c70d3d-4b28-4531-889c-e4e765c88205/005-120a13eb-491c-4172-8646-45dcca5a51c1-downloadableSrc-d2ae332a759b.webp
70c70d3d-4b28-4531-889c-e4e765c88205,Invest,28b2d970-a05d-4509-99dd-83d47dbc3a16,Revolut,aa23fa4c-2ecb-4027-b126-335f9fcd86b1,5,6,b76bfd3e-32b6-4329-936d-d9cec2b751ea,true,downloadableSrc,200,image/webp,90356,90356,119ab3f1c392701350957c6f34e9b55dfba2ecef276e54452615f26de4fa6b3a,1179,2676,,,bytescale.mobbin.com,f7a1807c1ac98ccf0eecf5078d61346ac9a94ca37a547f5708d580528c9e55c0,/Users/user/mobbin-sides/screen-flows/revolut/058-revolut-invest-70c70d3d-4b28-4531-889c-e4e765c88205/006-b76bfd3e-32b6-4329-936d-d9cec2b751ea-downloadableSrc-119ab3f1c392.webp
70c70d3d-4b28-4531-889c-e4e765c88205,Invest,28b2d970-a05d-4509-99dd-83d47dbc3a16,Revolut,aa23fa4c-2ecb-4027-b126-335f9fcd86b1,6,7,1cc60cfe-b6be-4358-8109-3cb51ca828a7,true,downloadableSrc,200,image/webp,89024,89024,3fbf5119fe7f7be72c8de629c43e152b188983fe5d6c45fec7e7188a9b223215,1179,2676,,,bytescale.mobbin.com,f7a1807c1ac98ccf0eecf5078d61346ac9a94ca37a547f5708d580528c9e55c0,/Users/user/mobbin-sides/screen-flows/revolut/058-revolut-invest-70c70d3d-4b28-4531-889c-e4e765c88205/007-1cc60cfe-b6be-4358-8109-3cb51ca828a7-downloadableSrc-3fbf5119fe7f.webp
70c70d3d-4b28-4531-889c-e4e765c88205,Invest,28b2d970-a05d-4509-99dd-83d47dbc3a16,Revolut,aa23fa4c-2ecb-4027-b126-335f9fcd86b1,7,8,1da27e42-6bbf-4ae5-9c01-027229ef9cf5,true,downloadableSrc,200,image/webp,103768,103768,12ad34072d859edd3c3a72db399f4ff90510c3f585c7adccd4dc934f601e496d,1179,2676,,,bytescale.mobbin.com,f7a1807c1ac98ccf0eecf5078d61346ac9a94ca37a547f5708d580528c9e55c0,/Users/user/mobbin-sides/screen-flows/revolut/058-revolut-invest-70c70d3d-4b28-4531-889c-e4e765c88205/008-1da27e42-6bbf-4ae5-9c01-027229ef9cf5-downloadableSrc-12ad34072d85.webp
70c70d3d-4b28-4531-889c-e4e765c88205,Invest,28b2d970-a05d-4509-99dd-83d47dbc3a16,Revolut,aa23fa4c-2ecb-4027-b126-335f9fcd86b1,8,9,ab3db4e6-a9b2-4d48-9a32-ae0f77bdc511,true,downloadableSrc,200,image/webp,80718,80718,da41fe377cf912563e59507b4be3ad372bbbba7e08fb0c94f2c08dc196966b86,1179,2676,,,bytescale.mobbin.com,f7a1807c1ac98ccf0eecf5078d61346ac9a94ca37a547f5708d580528c9e55c0,/Users/user/mobbin-sides/screen-flows/revolut/058-revolut-invest-70c70d3d-4b28-4531-889c-e4e765c88205/009-ab3db4e6-a9b2-4d48-9a32-ae0f77bdc511-downloadableSrc-da41fe377cf9.webp
3c0a43d2-3bfa-4108-a95c-63d6894d1862,Applying to invest,28b2d970-a05d-4509-99dd-83d47dbc3a16,Revolut,aa23fa4c-2ecb-4027-b126-335f9fcd86b1,0,1,bbc335a5-3e12-4480-b4d1-6ea5fbdeb8b4,true,downloadableSrc,200,image/webp,59512,59512,95dd1e40726f821ea8ebee1d71679686eb175ac91e68d6a47d39911cade1bcbc,1179,2676,,,bytescale.mobbin.com,f7a1807c1ac98ccf0eecf5078d61346ac9a94ca37a547f5708d580528c9e55c0,/Users/user/mobbin-sides/screen-flows/revolut/059-revolut-applying-to-invest-3c0a43d2-3bfa-4108-a95c-63d6894d1862/001-bbc335a5-3e12-4480-b4d1-6ea5fbdeb8b4-downloadableSrc-95dd1e40726f.webp
3c0a43d2-3bfa-4108-a95c-63d6894d1862,Applying to invest,28b2d970-a05d-4509-99dd-83d47dbc3a16,Revolut,aa23fa4c-2ecb-4027-b126-335f9fcd86b1,1,2,d9cb5509-99c7-41ce-b49c-76eeccd832ac,true,downloadableSrc,200,image/webp,128364,128364,3db4f19e4b59b5bcc8ca4acb1cd5e245310d456e6b1edc804f6217921f5d184c,1179,2676,,,bytescale.mobbin.com,f7a1807c1ac98ccf0eecf5078d61346ac9a94ca37a547f5708d580528c9e55c0,/Users/user/mobbin-sides/screen-flows/revolut/059-revolut-applying-to-invest-3c0a43d2-3bfa-4108-a95c-63d6894d1862/002-d9cb5509-99c7-41ce-b49c-76eeccd832ac-downloadableSrc-3db4f19e4b59.webp
3c0a43d2-3bfa-4108-a95c-63d6894d1862,Applying to invest,28b2d970-a05d-4509-99dd-83d47dbc3a16,Revolut,aa23fa4c-2ecb-4027-b126-335f9fcd86b1,2,3,1ad81508-8f71-4532-a651-5415dcfcc2f7,true,downloadableSrc,200,image/webp,78400,78400,245fa9f5dd4b24c7f0d47cdfba6f7fc31567a5a6ed767d4beaa649100029ddf3,1179,2676,,,bytescale.mobbin.com,f7a1807c1ac98ccf0eecf5078d61346ac9a94ca37a547f5708d580528c9e55c0,/Users/user/mobbin-sides/screen-flows/revolut/059-revolut-applying-to-invest-3c0a43d2-3bfa-4108-a95c-63d6894d1862/003-1ad81508-8f71-4532-a651-5415dcfcc2f7-downloadableSrc-245fa9f5dd4b.webp
3c0a43d2-3bfa-4108-a95c-63d6894d1862,Applying to invest,28b2d970-a05d-4509-99dd-83d47dbc3a16,Revolut,aa23fa4c-2ecb-4027-b126-335f9fcd86b1,3,4,4f119b1a-d33f-45dd-86cd-a0558115cf87,true,downloadableSrc,200,image/webp,93686,93686,b2d51afb1fad9fb8fd6ee66c34ae105911fd6ec6338bfb9bf3afad05c6db88bb,1179,2676,,,bytescale.mobbin.com,f7a1807c1ac98ccf0eecf5078d61346ac9a94ca37a547f5708d580528c9e55c0,/Users/user/mobbin-sides/screen-flows/revolut/059-revolut-applying-to-invest-3c0a43d2-3bfa-4108-a95c-63d6894d1862/004-4f119b1a-d33f-45dd-86cd-a0558115cf87-downloadableSrc-b2d51afb1fad.webp
3c0a43d2-3bfa-4108-a95c-63d6894d1862,Applying to invest,28b2d970-a05d-4509-99dd-83d47dbc3a16,Revolut,aa23fa4c-2ecb-4027-b126-335f9fcd86b1,4,5,1ac11f75-eb8b-4849-afd3-9ea6e47ea222,true,downloadableSrc,200,image/webp,48926,48926,3ed3ee8adb67b2439f6fc4f2e11a3c9e28a8832de652cfda81dc27b22b6edacf,1179,2676,,,bytescale.mobbin.com,f7a1807c1ac98ccf0eecf5078d61346ac9a94ca37a547f5708d580528c9e55c0,/Users/user/mobbin-sides/screen-flows/revolut/059-revolut-applying-to-invest-3c0a43d2-3bfa-4108-a95c-63d6894d1862/005-1ac11f75-eb8b-4849-afd3-9ea6e47ea222-downloadableSrc-3ed3ee8adb67.webp
3c0a43d2-3bfa-4108-a95c-63d6894d1862,Applying to invest,28b2d970-a05d-4509-99dd-83d47dbc3a16,Revolut,aa23fa4c-2ecb-4027-b126-335f9fcd86b1,5,6,f227b192-9c20-4b74-9ed7-f1570e8d403d,true,downloadableSrc,200,image/webp,47098,47098,5aba2253a4753ddeff7cf84db06733711702d2a6a67416425fb5799fba8debad,1179,2676,,,bytescale.mobbin.com,f7a1807c1ac98ccf0eecf5078d61346ac9a94ca37a547f5708d580528c9e55c0,/Users/user/mobbin-sides/screen-flows/revolut/059-revolut-applying-to-invest-3c0a43d2-3bfa-4108-a95c-63d6894d1862/006-f227b192-9c20-4b74-9ed7-f1570e8d403d-downloadableSrc-5aba2253a475.webp
3c0a43d2-3bfa-4108-a95c-63d6894d1862,Applying to invest,28b2d970-a05d-4509-99dd-83d47dbc3a16,Revolut,aa23fa4c-2ecb-4027-b126-335f9fcd86b1,6,7,10dde8f9-a429-4560-9795-a81a2e22a1ee,true,downloadableSrc,200,image/webp,49006,49006,f6526e9a98185aefcf69b0cce96069c997bb3e70278a2d460d37c3b20847c661,1179,2676,,,bytescale.mobbin.com,f7a1807c1ac98ccf0eecf5078d61346ac9a94ca37a547f5708d580528c9e55c0,/Users/user/mobbin-sides/screen-flows/revolut/059-revolut-applying-to-invest-3c0a43d2-3bfa-4108-a95c-63d6894d1862/007-10dde8f9-a429-4560-9795-a81a2e22a1ee-downloadableSrc-f6526e9a9818.webp
3c0a43d2-3bfa-4108-a95c-63d6894d1862,Applying to invest,28b2d970-a05d-4509-99dd-83d47dbc3a16,Revolut,aa23fa4c-2ecb-4027-b126-335f9fcd86b1,7,8,b319aa99-08b1-40ea-acbf-f8902d95c49c,true,downloadableSrc,200,image/webp,38930,38930,f1d5d50622a78890655fcf386089fca8ef95d8378bc0cb791052899c466164b5,1179,2676,,,bytescale.mobbin.com,f7a1807c1ac98ccf0eecf5078d61346ac9a94ca37a547f5708d580528c9e55c0,/Users/user/mobbin-sides/screen-flows/revolut/059-revolut-applying-to-invest-3c0a43d2-3bfa-4108-a95c-63d6894d1862/008-b319aa99-08b1-40ea-acbf-f8902d95c49c-downloadableSrc-f1d5d50622a7.webp
3c0a43d2-3bfa-4108-a95c-63d6894d1862,Applying to invest,28b2d970-a05d-4509-99dd-83d47dbc3a16,Revolut,aa23fa4c-2ecb-4027-b126-335f9fcd86b1,8,9,ff031d09-1170-43c2-ba14-d77af01a4e73,true,downloadableSrc,200,image/webp,35500,35500,cff3d8e3687b6142e98a4f7f7f0d6bc44592398cb1f8477ac8b76f1f45101295,1179,2676,,,bytescale.mobbin.com,f7a1807c1ac98ccf0eecf5078d61346ac9a94ca37a547f5708d580528c9e55c0,/Users/user/mobbin-sides/screen-flows/revolut/059-revolut-applying-to-invest-3c0a43d2-3bfa-4108-a95c-63d6894d1862/009-ff031d09-1170-43c2-ba14-d77af01a4e73-downloadableSrc-cff3d8e3687b.webp
3c0a43d2-3bfa-4108-a95c-63d6894d1862,Applying to invest,28b2d970-a05d-4509-99dd-83d47dbc3a16,Revolut,aa23fa4c-2ecb-4027-b126-335f9fcd86b1,9,10,a7f7a109-d2e7-4025-9610-9abee6e51bd2,true,downloadableSrc,200,image/webp,38954,38954,13a8571515b37036ebe52454e876f972fc8d1997837d39d2cc551d997d64a92f,1179,2676,,,bytescale.mobbin.com,f7a1807c1ac98ccf0eecf5078d61346ac9a94ca37a547f5708d580528c9e55c0,/Users/user/mobbin-sides/screen-flows/revolut/059-revolut-applying-to-invest-3c0a43d2-3bfa-4108-a95c-63d6894d1862/010-a7f7a109-d2e7-4025-9610-9abee6e51bd2-downloadableSrc-13a8571515b3.webp
3c0a43d2-3bfa-4108-a95c-63d6894d1862,Applying to invest,28b2d970-a05d-4509-99dd-83d47dbc3a16,Revolut,aa23fa4c-2ecb-4027-b126-335f9fcd86b1,10,11,f923e39f-3716-43f2-b01e-f839b59476a6,true,downloadableSrc,200,image/webp,46390,46390,2abd8dc84c15579fb7c00ce12c7020a9dba4ffebce9d92683546b969d65aeace,1179,2676,,,bytescale.mobbin.com,f7a1807c1ac98ccf0eecf5078d61346ac9a94ca37a547f5708d580528c9e55c0,/Users/user/mobbin-sides/screen-flows/revolut/059-revolut-applying-to-invest-3c0a43d2-3bfa-4108-a95c-63d6894d1862/011-f923e39f-3716-43f2-b01e-f839b59476a6-downloadableSrc-2abd8dc84c15.webp
3c0a43d2-3bfa-4108-a95c-63d6894d1862,Applying to invest,28b2d970-a05d-4509-99dd-83d47dbc3a16,Revolut,aa23fa4c-2ecb-4027-b126-335f9fcd86b1,11,12,1a5cc159-46b3-4118-a651-c7582770e183,true,downloadableSrc,200,image/webp,45480,45480,0da7ab44a4bfda76baaab0a368635328066e0219623548efc98b754c8adef327,1179,2676,,,bytescale.mobbin.com,f7a1807c1ac98ccf0eecf5078d61346ac9a94ca37a547f5708d580528c9e55c0,/Users/user/mobbin-sides/screen-flows/revolut/059-revolut-applying-to-invest-3c0a43d2-3bfa-4108-a95c-63d6894d1862/012-1a5cc159-46b3-4118-a651-c7582770e183-downloadableSrc-0da7ab44a4bf.webp
3c0a43d2-3bfa-4108-a95c-63d6894d1862,Applying to invest,28b2d970-a05d-4509-99dd-83d47dbc3a16,Revolut,aa23fa4c-2ecb-4027-b126-335f9fcd86b1,12,13,d1cc9dfd-4ecf-4f3c-9e13-049926b0daaf,true,downloadableSrc,200,image/webp,46774,46774,e259de1ce0c701bdd378823e2409423f005752ae203d12a3e5f122f631e54096,1179,2676,,,bytescale.mobbin.com,f7a1807c1ac98ccf0eecf5078d61346ac9a94ca37a547f5708d580528c9e55c0,/Users/user/mobbin-sides/screen-flows/revolut/059-revolut-applying-to-invest-3c0a43d2-3bfa-4108-a95c-63d6894d1862/013-d1cc9dfd-4ecf-4f3c-9e13-049926b0daaf-downloadableSrc-e259de1ce0c7.webp
3c0a43d2-3bfa-4108-a95c-63d6894d1862,Applying to invest,28b2d970-a05d-4509-99dd-83d47dbc3a16,Revolut,aa23fa4c-2ecb-4027-b126-335f9fcd86b1,13,14,47e97d8c-beba-471f-97b0-fcd2309d204b,true,downloadableSrc,200,image/webp,73722,73722,283d272a821b234dbb3eae2a664386e4942386d2ef26247e12a760ed730c3d15,1179,2676,,,bytescale.mobbin.com,f7a1807c1ac98ccf0eecf5078d61346ac9a94ca37a547f5708d580528c9e55c0,/Users/user/mobbin-sides/screen-flows/revolut/059-revolut-applying-to-invest-3c0a43d2-3bfa-4108-a95c-63d6894d1862/014-47e97d8c-beba-471f-97b0-fcd2309d204b-downloadableSrc-283d272a821b.webp
3c0a43d2-3bfa-4108-a95c-63d6894d1862,Applying to invest,28b2d970-a05d-4509-99dd-83d47dbc3a16,Revolut,aa23fa4c-2ecb-4027-b126-335f9fcd86b1,14,15,d58e458c-2ebd-4f7c-9727-cd3a59f72f45,true,downloadableSrc,200,image/webp,82808,82808,c515c7cb9d17db13e7afaed07089e20a40a606fec06dd767a96062f537d02483,1179,2676,,,bytescale.mobbin.com,f7a1807c1ac98ccf0eecf5078d61346ac9a94ca37a547f5708d580528c9e55c0,/Users/user/mobbin-sides/screen-flows/revolut/059-revolut-applying-to-invest-3c0a43d2-3bfa-4108-a95c-63d6894d1862/015-d58e458c-2ebd-4f7c-9727-cd3a59f72f45-downloadableSrc-c515c7cb9d17.webp
3c0a43d2-3bfa-4108-a95c-63d6894d1862,Applying to invest,28b2d970-a05d-4509-99dd-83d47dbc3a16,Revolut,aa23fa4c-2ecb-4027-b126-335f9fcd86b1,15,16,012bcd63-af08-450a-be52-f5ff2e49e1a3,true,downloadableSrc,200,image/webp,67710,67710,5f0fcb82b56f343ac6318416f10dc4f1ae02261f941cc5b582cddd65bd2a3254,1179,2676,,,bytescale.mobbin.com,f7a1807c1ac98ccf0eecf5078d61346ac9a94ca37a547f5708d580528c9e55c0,/Users/user/mobbin-sides/screen-flows/revolut/059-revolut-applying-to-invest-3c0a43d2-3bfa-4108-a95c-63d6894d1862/016-012bcd63-af08-450a-be52-f5ff2e49e1a3-downloadableSrc-5f0fcb82b56f.webp
3c0a43d2-3bfa-4108-a95c-63d6894d1862,Applying to invest,28b2d970-a05d-4509-99dd-83d47dbc3a16,Revolut,aa23fa4c-2ecb-4027-b126-335f9fcd86b1,16,17,6c8754bc-91a9-4349-a803-6d9f52b7c3fb,true,downloadableSrc,200,image/webp,74628,74628,13d64a7ac0a76b021ab1d597f6798a9ae5555a26ea8585a450a9e0fcc7279c6d,1179,2676,,,bytescale.mobbin.com,f7a1807c1ac98ccf0eecf5078d61346ac9a94ca37a547f5708d580528c9e55c0,/Users/user/mobbin-sides/screen-flows/revolut/059-revolut-applying-to-invest-3c0a43d2-3bfa-4108-a95c-63d6894d1862/017-6c8754bc-91a9-4349-a803-6d9f52b7c3fb-downloadableSrc-13d64a7ac0a7.webp
a795874f-0ff8-4ba1-a8b4-ce3e2b973953,Adding money (Invest),28b2d970-a05d-4509-99dd-83d47dbc3a16,Revolut,aa23fa4c-2ecb-4027-b126-335f9fcd86b1,0,1,5de06d3b-2d7a-4dad-8b68-4c26b082456f,true,downloadableSrc,200,image/webp,67800,67800,b786e549f538b34b6af55d3c95b64bb259cb28511cb235149cf471b197bc98cb,1179,2676,,,bytescale.mobbin.com,f7a1807c1ac98ccf0eecf5078d61346ac9a94ca37a547f5708d580528c9e55c0,/Users/user/mobbin-sides/screen-flows/revolut/060-revolut-adding-money-invest-a795874f-0ff8-4ba1-a8b4-ce3e2b973953/001-5de06d3b-2d7a-4dad-8b68-4c26b082456f-downloadableSrc-b786e549f538.webp
a795874f-0ff8-4ba1-a8b4-ce3e2b973953,Adding money (Invest),28b2d970-a05d-4509-99dd-83d47dbc3a16,Revolut,aa23fa4c-2ecb-4027-b126-335f9fcd86b1,1,2,6fe67730-134a-49e5-8fbb-e51ec9cfd7b5,true,downloadableSrc,200,image/webp,50290,50290,646e816fafb0266ba5526248578ce19e807f07341732aff409ae95081361f459,1179,2676,,,bytescale.mobbin.com,f7a1807c1ac98ccf0eecf5078d61346ac9a94ca37a547f5708d580528c9e55c0,/Users/user/mobbin-sides/screen-flows/revolut/060-revolut-adding-money-invest-a795874f-0ff8-4ba1-a8b4-ce3e2b973953/002-6fe67730-134a-49e5-8fbb-e51ec9cfd7b5-downloadableSrc-646e816fafb0.webp
a795874f-0ff8-4ba1-a8b4-ce3e2b973953,Adding money (Invest),28b2d970-a05d-4509-99dd-83d47dbc3a16,Revolut,aa23fa4c-2ecb-4027-b126-335f9fcd86b1,2,3,847a5d85-5571-4106-ba9e-e0aeb3570577,true,downloadableSrc,200,image/webp,48244,48244,0b0926037113771be4c11f4ebec1a52b62cee1e8aaa84d967d021290b317709d,1179,2676,,,bytescale.mobbin.com,f7a1807c1ac98ccf0eecf5078d61346ac9a94ca37a547f5708d580528c9e55c0,/Users/user/mobbin-sides/screen-flows/revolut/060-revolut-adding-money-invest-a795874f-0ff8-4ba1-a8b4-ce3e2b973953/003-847a5d85-5571-4106-ba9e-e0aeb3570577-downloadableSrc-0b0926037113.webp
a795874f-0ff8-4ba1-a8b4-ce3e2b973953,Adding money (Invest),28b2d970-a05d-4509-99dd-83d47dbc3a16,Revolut,aa23fa4c-2ecb-4027-b126-335f9fcd86b1,3,4,d9964d71-7238-41de-a26d-f329199a8d36,true,downloadableSrc,200,image/webp,29390,29390,92a93474f6c280c7df656a19f79133c0817a55796cc4ce26cf68e73752df59a5,1179,2676,,,bytescale.mobbin.com,f7a1807c1ac98ccf0eecf5078d61346ac9a94ca37a547f5708d580528c9e55c0,/Users/user/mobbin-sides/screen-flows/revolut/060-revolut-adding-money-invest-a795874f-0ff8-4ba1-a8b4-ce3e2b973953/004-d9964d71-7238-41de-a26d-f329199a8d36-downloadableSrc-92a93474f6c2.webp
a795874f-0ff8-4ba1-a8b4-ce3e2b973953,Adding money (Invest),28b2d970-a05d-4509-99dd-83d47dbc3a16,Revolut,aa23fa4c-2ecb-4027-b126-335f9fcd86b1,4,5,120a13eb-491c-4172-8646-45dcca5a51c1,true,downloadableSrc,200,image/webp,78486,78486,d2ae332a759b9d43fa21e0639559c45f8acd80e71e7af0f555fdeabffd400cfe,1179,2676,,,bytescale.mobbin.com,f7a1807c1ac98ccf0eecf5078d61346ac9a94ca37a547f5708d580528c9e55c0,/Users/user/mobbin-sides/screen-flows/revolut/060-revolut-adding-money-invest-a795874f-0ff8-4ba1-a8b4-ce3e2b973953/005-120a13eb-491c-4172-8646-45dcca5a51c1-downloadableSrc-d2ae332a759b.webp
5eea58ab-e05d-4905-9280-9c6fd3b38734,Withdrawing money,28b2d970-a05d-4509-99dd-83d47dbc3a16,Revolut,aa23fa4c-2ecb-4027-b126-335f9fcd86b1,0,1,120a13eb-491c-4172-8646-45dcca5a51c1,true,downloadableSrc,200,image/webp,78486,78486,d2ae332a759b9d43fa21e0639559c45f8acd80e71e7af0f555fdeabffd400cfe,1179,2676,,,bytescale.mobbin.com,f7a1807c1ac98ccf0eecf5078d61346ac9a94ca37a547f5708d580528c9e55c0,/Users/user/mobbin-sides/screen-flows/revolut/061-revolut-withdrawing-money-5eea58ab-e05d-4905-9280-9c6fd3b38734/001-120a13eb-491c-4172-8646-45dcca5a51c1-downloadableSrc-d2ae332a759b.webp
5eea58ab-e05d-4905-9280-9c6fd3b38734,Withdrawing money,28b2d970-a05d-4509-99dd-83d47dbc3a16,Revolut,aa23fa4c-2ecb-4027-b126-335f9fcd86b1,1,2,51cd58dc-e342-4d49-93fb-98a0f90a19d4,true,downloadableSrc,200,image/webp,39802,39802,a9480c0b09d4c6c3325a57a0d7e0e474d846822ee82aad8b772b57f729f719b3,1179,2676,,,bytescale.mobbin.com,f7a1807c1ac98ccf0eecf5078d61346ac9a94ca37a547f5708d580528c9e55c0,/Users/user/mobbin-sides/screen-flows/revolut/061-revolut-withdrawing-money-5eea58ab-e05d-4905-9280-9c6fd3b38734/002-51cd58dc-e342-4d49-93fb-98a0f90a19d4-downloadableSrc-a9480c0b09d4.webp
5eea58ab-e05d-4905-9280-9c6fd3b38734,Withdrawing money,28b2d970-a05d-4509-99dd-83d47dbc3a16,Revolut,aa23fa4c-2ecb-4027-b126-335f9fcd86b1,2,3,ff8d5f25-b589-40dd-a0a6-40fe56b8a987,true,downloadableSrc,200,image/webp,42134,42134,aa61f69a1093eece79d7fb125842d51dd49a33c1e7bcdcf818cb6be0856aa623,1179,2676,,,bytescale.mobbin.com,f7a1807c1ac98ccf0eecf5078d61346ac9a94ca37a547f5708d580528c9e55c0,/Users/user/mobbin-sides/screen-flows/revolut/061-revolut-withdrawing-money-5eea58ab-e05d-4905-9280-9c6fd3b38734/003-ff8d5f25-b589-40dd-a0a6-40fe56b8a987-downloadableSrc-aa61f69a1093.webp
5eea58ab-e05d-4905-9280-9c6fd3b38734,Withdrawing money,28b2d970-a05d-4509-99dd-83d47dbc3a16,Revolut,aa23fa4c-2ecb-4027-b126-335f9fcd86b1,3,4,109cf7c6-5ce8-4f44-8971-9889759ec8ef,true,downloadableSrc,200,image/webp,38338,38338,31d942ede43137956377ac53c48ca60bff46b11cf7e118255b3aac5a77651114,1179,2676,,,bytescale.mobbin.com,f7a1807c1ac98ccf0eecf5078d61346ac9a94ca37a547f5708d580528c9e55c0,/Users/user/mobbin-sides/screen-flows/revolut/061-revolut-withdrawing-money-5eea58ab-e05d-4905-9280-9c6fd3b38734/004-109cf7c6-5ce8-4f44-8971-9889759ec8ef-downloadableSrc-31d942ede431.webp
5eea58ab-e05d-4905-9280-9c6fd3b38734,Withdrawing money,28b2d970-a05d-4509-99dd-83d47dbc3a16,Revolut,aa23fa4c-2ecb-4027-b126-335f9fcd86b1,4,5,7d0db583-6a63-4e1a-bb95-f3676a309074,true,downloadableSrc,200,image/webp,30298,30298,8d9cc8d1caf8f9a68965e7bda02056c7416c52ea4fed08ca73abc660c6bf61f3,1179,2676,,,bytescale.mobbin.com,f7a1807c1ac98ccf0eecf5078d61346ac9a94ca37a547f5708d580528c9e55c0,/Users/user/mobbin-sides/screen-flows/revolut/061-revolut-withdrawing-money-5eea58ab-e05d-4905-9280-9c6fd3b38734/005-7d0db583-6a63-4e1a-bb95-f3676a309074-downloadableSrc-8d9cc8d1caf8.webp
7ef988c3-7a5b-4704-b1f1-afb38de2ede7,Settings (Invest),28b2d970-a05d-4509-99dd-83d47dbc3a16,Revolut,aa23fa4c-2ecb-4027-b126-335f9fcd86b1,0,1,120a13eb-491c-4172-8646-45dcca5a51c1,true,downloadableSrc,200,image/webp,78486,78486,d2ae332a759b9d43fa21e0639559c45f8acd80e71e7af0f555fdeabffd400cfe,1179,2676,,,bytescale.mobbin.com,f7a1807c1ac98ccf0eecf5078d61346ac9a94ca37a547f5708d580528c9e55c0,/Users/user/mobbin-sides/screen-flows/revolut/062-revolut-settings-invest-7ef988c3-7a5b-4704-b1f1-afb38de2ede7/001-120a13eb-491c-4172-8646-45dcca5a51c1-downloadableSrc-d2ae332a759b.webp
7ef988c3-7a5b-4704-b1f1-afb38de2ede7,Settings (Invest),28b2d970-a05d-4509-99dd-83d47dbc3a16,Revolut,aa23fa4c-2ecb-4027-b126-335f9fcd86b1,1,2,35ebfb71-9114-4c37-92fa-99389940d31a,true,downloadableSrc,200,image/webp,86888,86888,b8a71f512d55705bf59efc563df01fcb17d9d793dfc7794b0ec1a592a481a0a8,1179,2676,,,bytescale.mobbin.com,f7a1807c1ac98ccf0eecf5078d61346ac9a94ca37a547f5708d580528c9e55c0,/Users/user/mobbin-sides/screen-flows/revolut/062-revolut-settings-invest-7ef988c3-7a5b-4704-b1f1-afb38de2ede7/002-35ebfb71-9114-4c37-92fa-99389940d31a-downloadableSrc-b8a71f512d55.webp
7ef988c3-7a5b-4704-b1f1-afb38de2ede7,Settings (Invest),28b2d970-a05d-4509-99dd-83d47dbc3a16,Revolut,aa23fa4c-2ecb-4027-b126-335f9fcd86b1,2,3,8e0fc660-1ed3-44fb-abc8-55adc6ae5778,true,downloadableSrc,200,image/webp,78560,78560,780beddb7c45b69c241eefc4197ad4a5051ba2267702017ff74a407a488bc198,1179,2676,,,bytescale.mobbin.com,f7a1807c1ac98ccf0eecf5078d61346ac9a94ca37a547f5708d580528c9e55c0,/Users/user/mobbin-sides/screen-flows/revolut/062-revolut-settings-invest-7ef988c3-7a5b-4704-b1f1-afb38de2ede7/003-8e0fc660-1ed3-44fb-abc8-55adc6ae5778-downloadableSrc-780beddb7c45.webp
89b15f16-0c4c-4084-b35d-b840c22a1227,Closing robo-advisor account,28b2d970-a05d-4509-99dd-83d47dbc3a16,Revolut,aa23fa4c-2ecb-4027-b126-335f9fcd86b1,0,1,8e0fc660-1ed3-44fb-abc8-55adc6ae5778,true,downloadableSrc,200,image/webp,78560,78560,780beddb7c45b69c241eefc4197ad4a5051ba2267702017ff74a407a488bc198,1179,2676,,,bytescale.mobbin.com,f7a1807c1ac98ccf0eecf5078d61346ac9a94ca37a547f5708d580528c9e55c0,/Users/user/mobbin-sides/screen-flows/revolut/063-revolut-closing-robo-advisor-account-89b15f16-0c4c-4084-b35d-b840c22a1227/001-8e0fc660-1ed3-44fb-abc8-55adc6ae5778-downloadableSrc-780beddb7c45.webp
89b15f16-0c4c-4084-b35d-b840c22a1227,Closing robo-advisor account,28b2d970-a05d-4509-99dd-83d47dbc3a16,Revolut,aa23fa4c-2ecb-4027-b126-335f9fcd86b1,1,2,9689fcd6-4b2f-4614-b60d-c9baca560b5d,true,downloadableSrc,200,image/webp,52584,52584,ddb1163497c5dcf04e49498f9baabe874bac92f11c06be839e8a316891ded540,1179,2676,,,bytescale.mobbin.com,f7a1807c1ac98ccf0eecf5078d61346ac9a94ca37a547f5708d580528c9e55c0,/Users/user/mobbin-sides/screen-flows/revolut/063-revolut-closing-robo-advisor-account-89b15f16-0c4c-4084-b35d-b840c22a1227/002-9689fcd6-4b2f-4614-b60d-c9baca560b5d-downloadableSrc-ddb1163497c5.webp
89b15f16-0c4c-4084-b35d-b840c22a1227,Closing robo-advisor account,28b2d970-a05d-4509-99dd-83d47dbc3a16,Revolut,aa23fa4c-2ecb-4027-b126-335f9fcd86b1,2,3,d58a1005-2ce9-42a9-b039-1a646a291f0a,true,downloadableSrc,200,image/webp,171770,171770,845c3f851b4abee21b4bbc9df0b11804808527901944481a463a27c7b924e2c9,1179,2676,,,bytescale.mobbin.com,f7a1807c1ac98ccf0eecf5078d61346ac9a94ca37a547f5708d580528c9e55c0,/Users/user/mobbin-sides/screen-flows/revolut/063-revolut-closing-robo-advisor-account-89b15f16-0c4c-4084-b35d-b840c22a1227/003-d58a1005-2ce9-42a9-b039-1a646a291f0a-downloadableSrc-845c3f851b4a.webp
89b15f16-0c4c-4084-b35d-b840c22a1227,Closing robo-advisor account,28b2d970-a05d-4509-99dd-83d47dbc3a16,Revolut,aa23fa4c-2ecb-4027-b126-335f9fcd86b1,3,4,9e484ff0-6189-457a-8d2e-2fac54720240,true,downloadableSrc,200,image/webp,147568,147568,e2ba20a12e32767596d823077468756abce4f51530a2c6877930be5d734d1f6b,1179,2676,,,bytescale.mobbin.com,f7a1807c1ac98ccf0eecf5078d61346ac9a94ca37a547f5708d580528c9e55c0,/Users/user/mobbin-sides/screen-flows/revolut/063-revolut-closing-robo-advisor-account-89b15f16-0c4c-4084-b35d-b840c22a1227/004-9e484ff0-6189-457a-8d2e-2fac54720240-downloadableSrc-e2ba20a12e32.webp
89b15f16-0c4c-4084-b35d-b840c22a1227,Closing robo-advisor account,28b2d970-a05d-4509-99dd-83d47dbc3a16,Revolut,aa23fa4c-2ecb-4027-b126-335f9fcd86b1,4,5,124e337f-fe63-4b44-b079-aeece4b564fc,true,downloadableSrc,200,image/webp,148570,148570,1f66fa8d800dcdefa369758ef29f6b540b567bd4b16d0d9eb9734aee97562cd0,1179,2676,,,bytescale.mobbin.com,f7a1807c1ac98ccf0eecf5078d61346ac9a94ca37a547f5708d580528c9e55c0,/Users/user/mobbin-sides/screen-flows/revolut/063-revolut-closing-robo-advisor-account-89b15f16-0c4c-4084-b35d-b840c22a1227/005-124e337f-fe63-4b44-b079-aeece4b564fc-downloadableSrc-1f66fa8d800d.webp
89b15f16-0c4c-4084-b35d-b840c22a1227,Closing robo-advisor account,28b2d970-a05d-4509-99dd-83d47dbc3a16,Revolut,aa23fa4c-2ecb-4027-b126-335f9fcd86b1,5,6,5a68f718-e49e-4808-8d4f-c0f02db667d8,true,downloadableSrc,200,image/webp,63842,63842,3b1eb81b57f3787c0e1c908a27871bea07ef5afbb3d8ad7c6dfbd47f16b74506,1179,2676,,,bytescale.mobbin.com,f7a1807c1ac98ccf0eecf5078d61346ac9a94ca37a547f5708d580528c9e55c0,/Users/user/mobbin-sides/screen-flows/revolut/063-revolut-closing-robo-advisor-account-89b15f16-0c4c-4084-b35d-b840c22a1227/006-5a68f718-e49e-4808-8d4f-c0f02db667d8-downloadableSrc-3b1eb81b57f3.webp
89b15f16-0c4c-4084-b35d-b840c22a1227,Closing robo-advisor account,28b2d970-a05d-4509-99dd-83d47dbc3a16,Revolut,aa23fa4c-2ecb-4027-b126-335f9fcd86b1,6,7,9c8fa071-588e-48fc-98e5-3944d058a9d3,true,downloadableSrc,200,image/webp,65474,65474,929cd3b2a74c500786b6b2b8dc9026bf74b0b801307d6129ff93b80f4d84628c,1179,2676,,,bytescale.mobbin.com,f7a1807c1ac98ccf0eecf5078d61346ac9a94ca37a547f5708d580528c9e55c0,/Users/user/mobbin-sides/screen-flows/revolut/063-revolut-closing-robo-advisor-account-89b15f16-0c4c-4084-b35d-b840c22a1227/007-9c8fa071-588e-48fc-98e5-3944d058a9d3-downloadableSrc-929cd3b2a74c.webp
89b15f16-0c4c-4084-b35d-b840c22a1227,Closing robo-advisor account,28b2d970-a05d-4509-99dd-83d47dbc3a16,Revolut,aa23fa4c-2ecb-4027-b126-335f9fcd86b1,7,8,e8078a5b-b894-4729-8262-b054489f3336,true,downloadableSrc,200,image/webp,46624,46624,1bfc5e5d4b500036aef1c26bf8a2a5f2bfcf487e63c75899dcd4a8c6944b39b5,1179,2676,,,bytescale.mobbin.com,f7a1807c1ac98ccf0eecf5078d61346ac9a94ca37a547f5708d580528c9e55c0,/Users/user/mobbin-sides/screen-flows/revolut/063-revolut-closing-robo-advisor-account-89b15f16-0c4c-4084-b35d-b840c22a1227/008-e8078a5b-b894-4729-8262-b054489f3336-downloadableSrc-1bfc5e5d4b50.webp
89b15f16-0c4c-4084-b35d-b840c22a1227,Closing robo-advisor account,28b2d970-a05d-4509-99dd-83d47dbc3a16,Revolut,aa23fa4c-2ecb-4027-b126-335f9fcd86b1,8,9,1e04865a-7585-4f75-bb20-fbcc93994b6b,true,downloadableSrc,200,image/webp,57892,57892,de36821fc2de0e6d538ea5c1d8d994d6839a7b29adaece5169f62553e670f088,1179,2676,,,bytescale.mobbin.com,f7a1807c1ac98ccf0eecf5078d61346ac9a94ca37a547f5708d580528c9e55c0,/Users/user/mobbin-sides/screen-flows/revolut/063-revolut-closing-robo-advisor-account-89b15f16-0c4c-4084-b35d-b840c22a1227/009-1e04865a-7585-4f75-bb20-fbcc93994b6b-downloadableSrc-de36821fc2de.webp
b923ce64-a1a6-42db-a89a-0227c8bb3dfb,Stock detail,28b2d970-a05d-4509-99dd-83d47dbc3a16,Revolut,aa23fa4c-2ecb-4027-b126-335f9fcd86b1,0,1,b76bfd3e-32b6-4329-936d-d9cec2b751ea,true,downloadableSrc,200,image/webp,90356,90356,119ab3f1c392701350957c6f34e9b55dfba2ecef276e54452615f26de4fa6b3a,1179,2676,,,bytescale.mobbin.com,f7a1807c1ac98ccf0eecf5078d61346ac9a94ca37a547f5708d580528c9e55c0,/Users/user/mobbin-sides/screen-flows/revolut/064-revolut-stock-detail-b923ce64-a1a6-42db-a89a-0227c8bb3dfb/001-b76bfd3e-32b6-4329-936d-d9cec2b751ea-downloadableSrc-119ab3f1c392.webp
b923ce64-a1a6-42db-a89a-0227c8bb3dfb,Stock detail,28b2d970-a05d-4509-99dd-83d47dbc3a16,Revolut,aa23fa4c-2ecb-4027-b126-335f9fcd86b1,1,2,68af0c32-5580-475c-8779-4435e94b03df,true,downloadableSrc,200,image/webp,67072,67072,e702aa1910456046b81e607a631a50d31b8bc3b67ed33f6c2a910d11171e3bad,1179,2676,,,bytescale.mobbin.com,f7a1807c1ac98ccf0eecf5078d61346ac9a94ca37a547f5708d580528c9e55c0,/Users/user/mobbin-sides/screen-flows/revolut/064-revolut-stock-detail-b923ce64-a1a6-42db-a89a-0227c8bb3dfb/002-68af0c32-5580-475c-8779-4435e94b03df-downloadableSrc-e702aa191045.webp
b923ce64-a1a6-42db-a89a-0227c8bb3dfb,Stock detail,28b2d970-a05d-4509-99dd-83d47dbc3a16,Revolut,aa23fa4c-2ecb-4027-b126-335f9fcd86b1,2,3,301e5704-1cb1-428a-b08d-0914c60689bd,true,downloadableSrc,200,image/webp,57710,57710,575dd68573fec6e17edef36de946d269c75b063a9bd2e0c602775a17a7e6c8a3,1179,2676,,,bytescale.mobbin.com,f7a1807c1ac98ccf0eecf5078d61346ac9a94ca37a547f5708d580528c9e55c0,/Users/user/mobbin-sides/screen-flows/revolut/064-revolut-stock-detail-b923ce64-a1a6-42db-a89a-0227c8bb3dfb/003-301e5704-1cb1-428a-b08d-0914c60689bd-downloadableSrc-575dd68573fe.webp
b923ce64-a1a6-42db-a89a-0227c8bb3dfb,Stock detail,28b2d970-a05d-4509-99dd-83d47dbc3a16,Revolut,aa23fa4c-2ecb-4027-b126-335f9fcd86b1,3,4,7bf99bd2-2a4e-4831-b6b8-29096ab8a17b,true,downloadableSrc,200,image/webp,72858,72858,a531ad9d9df7509301388da5f77d94bb47aad3321da6b4347ccb743ecce9adf7,1179,2676,,,bytescale.mobbin.com,f7a1807c1ac98ccf0eecf5078d61346ac9a94ca37a547f5708d580528c9e55c0,/Users/user/mobbin-sides/screen-flows/revolut/064-revolut-stock-detail-b923ce64-a1a6-42db-a89a-0227c8bb3dfb/004-7bf99bd2-2a4e-4831-b6b8-29096ab8a17b-downloadableSrc-a531ad9d9df7.webp
b923ce64-a1a6-42db-a89a-0227c8bb3dfb,Stock detail,28b2d970-a05d-4509-99dd-83d47dbc3a16,Revolut,aa23fa4c-2ecb-4027-b126-335f9fcd86b1,4,5,51eb482e-9d35-46dd-819e-c53a939bedd5,true,downloadableSrc,200,image/webp,87022,87022,65fe42ac3acdb8631f8712ce16afcc54f95800d737208ba967f397ec9ca4c5ae,1179,2676,,,bytescale.mobbin.com,f7a1807c1ac98ccf0eecf5078d61346ac9a94ca37a547f5708d580528c9e55c0,/Users/user/mobbin-sides/screen-flows/revolut/064-revolut-stock-detail-b923ce64-a1a6-42db-a89a-0227c8bb3dfb/005-51eb482e-9d35-46dd-819e-c53a939bedd5-downloadableSrc-65fe42ac3acd.webp
b923ce64-a1a6-42db-a89a-0227c8bb3dfb,Stock detail,28b2d970-a05d-4509-99dd-83d47dbc3a16,Revolut,aa23fa4c-2ecb-4027-b126-335f9fcd86b1,5,6,b804bfa4-59b7-4975-b97b-54083f92346a,true,downloadableSrc,200,image/webp,57204,57204,187aa7d2db2d7764c7d66857eaec832266cc50f2196d49bf4276c3c1a0129ac4,1179,2676,,,bytescale.mobbin.com,f7a1807c1ac98ccf0eecf5078d61346ac9a94ca37a547f5708d580528c9e55c0,/Users/user/mobbin-sides/screen-flows/revolut/064-revolut-stock-detail-b923ce64-a1a6-42db-a89a-0227c8bb3dfb/006-b804bfa4-59b7-4975-b97b-54083f92346a-downloadableSrc-187aa7d2db2d.webp
b923ce64-a1a6-42db-a89a-0227c8bb3dfb,Stock detail,28b2d970-a05d-4509-99dd-83d47dbc3a16,Revolut,aa23fa4c-2ecb-4027-b126-335f9fcd86b1,6,7,693dd2a2-ee9c-49f5-9c3f-901cdc60fcab,true,downloadableSrc,200,image/webp,81658,81658,6cac800fd503bb03546f860585fb24056f3f2549c6a3d98b9de7f6d90bfb5c77,1179,2676,,,bytescale.mobbin.com,f7a1807c1ac98ccf0eecf5078d61346ac9a94ca37a547f5708d580528c9e55c0,/Users/user/mobbin-sides/screen-flows/revolut/064-revolut-stock-detail-b923ce64-a1a6-42db-a89a-0227c8bb3dfb/007-693dd2a2-ee9c-49f5-9c3f-901cdc60fcab-downloadableSrc-6cac800fd503.webp
b923ce64-a1a6-42db-a89a-0227c8bb3dfb,Stock detail,28b2d970-a05d-4509-99dd-83d47dbc3a16,Revolut,aa23fa4c-2ecb-4027-b126-335f9fcd86b1,7,8,9c55b33b-f038-4d97-9885-e4f533793fda,true,downloadableSrc,200,image/webp,32470,32470,027078756940194db3f919db9f65f4d38b461099bdfaca73f1e68e77676f2bb4,1179,2676,,,bytescale.mobbin.com,f7a1807c1ac98ccf0eecf5078d61346ac9a94ca37a547f5708d580528c9e55c0,/Users/user/mobbin-sides/screen-flows/revolut/064-revolut-stock-detail-b923ce64-a1a6-42db-a89a-0227c8bb3dfb/008-9c55b33b-f038-4d97-9885-e4f533793fda-downloadableSrc-027078756940.webp
b923ce64-a1a6-42db-a89a-0227c8bb3dfb,Stock detail,28b2d970-a05d-4509-99dd-83d47dbc3a16,Revolut,aa23fa4c-2ecb-4027-b126-335f9fcd86b1,8,9,85d5243c-7c01-4c42-99b0-5134ceb1dec5,true,downloadableSrc,200,image/webp,97118,97118,df89a7258e923318a8f1b023013216d05c9b3772a24b3ddd107eddd48027a8f5,1179,2676,,,bytescale.mobbin.com,f7a1807c1ac98ccf0eecf5078d61346ac9a94ca37a547f5708d580528c9e55c0,/Users/user/mobbin-sides/screen-flows/revolut/064-revolut-stock-detail-b923ce64-a1a6-42db-a89a-0227c8bb3dfb/009-85d5243c-7c01-4c42-99b0-5134ceb1dec5-downloadableSrc-df89a7258e92.webp
b923ce64-a1a6-42db-a89a-0227c8bb3dfb,Stock detail,28b2d970-a05d-4509-99dd-83d47dbc3a16,Revolut,aa23fa4c-2ecb-4027-b126-335f9fcd86b1,9,10,d550aac3-668f-4574-9fb0-b6ae69d62a87,true,downloadableSrc,200,image/webp,85708,85708,8f692c84b5c61660c4ca8a6486f5d14dfe980bb1f9a2c752eec8a818755dc841,1179,2676,,,bytescale.mobbin.com,f7a1807c1ac98ccf0eecf5078d61346ac9a94ca37a547f5708d580528c9e55c0,/Users/user/mobbin-sides/screen-flows/revolut/064-revolut-stock-detail-b923ce64-a1a6-42db-a89a-0227c8bb3dfb/010-d550aac3-668f-4574-9fb0-b6ae69d62a87-downloadableSrc-8f692c84b5c6.webp
fd2354cf-480a-42f7-ae2a-22e8e45d1805,Buying a share,28b2d970-a05d-4509-99dd-83d47dbc3a16,Revolut,aa23fa4c-2ecb-4027-b126-335f9fcd86b1,0,1,68af0c32-5580-475c-8779-4435e94b03df,true,downloadableSrc,200,image/webp,67072,67072,e702aa1910456046b81e607a631a50d31b8bc3b67ed33f6c2a910d11171e3bad,1179,2676,,,bytescale.mobbin.com,f7a1807c1ac98ccf0eecf5078d61346ac9a94ca37a547f5708d580528c9e55c0,/Users/user/mobbin-sides/screen-flows/revolut/065-revolut-buying-a-share-fd2354cf-480a-42f7-ae2a-22e8e45d1805/001-68af0c32-5580-475c-8779-4435e94b03df-downloadableSrc-e702aa191045.webp
fd2354cf-480a-42f7-ae2a-22e8e45d1805,Buying a share,28b2d970-a05d-4509-99dd-83d47dbc3a16,Revolut,aa23fa4c-2ecb-4027-b126-335f9fcd86b1,1,2,b39f70fc-4704-476e-8e2c-1c0df1e907a7,true,downloadableSrc,200,image/webp,40674,40674,beb82243a5bbfa9047ba6205b926ec12766496ffe89883c2c02f50744c49ff58,1179,2676,,,bytescale.mobbin.com,f7a1807c1ac98ccf0eecf5078d61346ac9a94ca37a547f5708d580528c9e55c0,/Users/user/mobbin-sides/screen-flows/revolut/065-revolut-buying-a-share-fd2354cf-480a-42f7-ae2a-22e8e45d1805/002-b39f70fc-4704-476e-8e2c-1c0df1e907a7-downloadableSrc-beb82243a5bb.webp
fd2354cf-480a-42f7-ae2a-22e8e45d1805,Buying a share,28b2d970-a05d-4509-99dd-83d47dbc3a16,Revolut,aa23fa4c-2ecb-4027-b126-335f9fcd86b1,2,3,ee3a7d47-eae3-4c77-9c5e-df1ae308cf67,true,downloadableSrc,200,image/webp,52076,52076,06775796cf75375b9dfde9cd7cfe58990ecc330fb0a2b1af1e7c0a039e3e78cd,1179,2676,,,bytescale.mobbin.com,f7a1807c1ac98ccf0eecf5078d61346ac9a94ca37a547f5708d580528c9e55c0,/Users/user/mobbin-sides/screen-flows/revolut/065-revolut-buying-a-share-fd2354cf-480a-42f7-ae2a-22e8e45d1805/003-ee3a7d47-eae3-4c77-9c5e-df1ae308cf67-downloadableSrc-06775796cf75.webp
fd2354cf-480a-42f7-ae2a-22e8e45d1805,Buying a share,28b2d970-a05d-4509-99dd-83d47dbc3a16,Revolut,aa23fa4c-2ecb-4027-b126-335f9fcd86b1,3,4,9dc45fc7-5b6a-4d47-9166-810136a670ce,true,downloadableSrc,200,image/webp,47762,47762,8544e335572840aff7a482361be4a72ecd61248c21791df6195e2e8652b244fe,1179,2676,,,bytescale.mobbin.com,f7a1807c1ac98ccf0eecf5078d61346ac9a94ca37a547f5708d580528c9e55c0,/Users/user/mobbin-sides/screen-flows/revolut/065-revolut-buying-a-share-fd2354cf-480a-42f7-ae2a-22e8e45d1805/004-9dc45fc7-5b6a-4d47-9166-810136a670ce-downloadableSrc-8544e3355728.webp
fd2354cf-480a-42f7-ae2a-22e8e45d1805,Buying a share,28b2d970-a05d-4509-99dd-83d47dbc3a16,Revolut,aa23fa4c-2ecb-4027-b126-335f9fcd86b1,4,5,6c1ea3b9-4e4b-47ef-b08d-a87ac9377b47,true,downloadableSrc,200,image/webp,55934,55934,7035f578eef986fbbd94174727d660c2ed4b2578ec3fbd773865e928d74445f3,1179,2676,,,bytescale.mobbin.com,f7a1807c1ac98ccf0eecf5078d61346ac9a94ca37a547f5708d580528c9e55c0,/Users/user/mobbin-sides/screen-flows/revolut/065-revolut-buying-a-share-fd2354cf-480a-42f7-ae2a-22e8e45d1805/005-6c1ea3b9-4e4b-47ef-b08d-a87ac9377b47-downloadableSrc-7035f578eef9.webp
fd2354cf-480a-42f7-ae2a-22e8e45d1805,Buying a share,28b2d970-a05d-4509-99dd-83d47dbc3a16,Revolut,aa23fa4c-2ecb-4027-b126-335f9fcd86b1,5,6,49f572ba-7b07-49d8-b86c-bfff9669185c,true,downloadableSrc,200,image/webp,35846,35846,d7f10846a0e6255ddcfe1d8cb7e1aa66e95d433a98777ee5b532d422250a0b8e,1179,2676,,,bytescale.mobbin.com,f7a1807c1ac98ccf0eecf5078d61346ac9a94ca37a547f5708d580528c9e55c0,/Users/user/mobbin-sides/screen-flows/revolut/065-revolut-buying-a-share-fd2354cf-480a-42f7-ae2a-22e8e45d1805/006-49f572ba-7b07-49d8-b86c-bfff9669185c-downloadableSrc-d7f10846a0e6.webp
8caf518c-d65c-47ed-8667-b143ccc3856c,Order types,28b2d970-a05d-4509-99dd-83d47dbc3a16,Revolut,aa23fa4c-2ecb-4027-b126-335f9fcd86b1,0,1,9dc45fc7-5b6a-4d47-9166-810136a670ce,true,downloadableSrc,200,image/webp,47762,47762,8544e335572840aff7a482361be4a72ecd61248c21791df6195e2e8652b244fe,1179,2676,,,bytescale.mobbin.com,f7a1807c1ac98ccf0eecf5078d61346ac9a94ca37a547f5708d580528c9e55c0,/Users/user/mobbin-sides/screen-flows/revolut/066-revolut-order-types-8caf518c-d65c-47ed-8667-b143ccc3856c/001-9dc45fc7-5b6a-4d47-9166-810136a670ce-downloadableSrc-8544e3355728.webp
8caf518c-d65c-47ed-8667-b143ccc3856c,Order types,28b2d970-a05d-4509-99dd-83d47dbc3a16,Revolut,aa23fa4c-2ecb-4027-b126-335f9fcd86b1,1,2,b7a615e7-93c3-4944-af88-932826e0c178,true,downloadableSrc,200,image/webp,46508,46508,b38f909f2b44b8fa454ad21a724beaaba6f1009fb512130a6751dabe806a8d90,1179,2676,,,bytescale.mobbin.com,f7a1807c1ac98ccf0eecf5078d61346ac9a94ca37a547f5708d580528c9e55c0,/Users/user/mobbin-sides/screen-flows/revolut/066-revolut-order-types-8caf518c-d65c-47ed-8667-b143ccc3856c/002-b7a615e7-93c3-4944-af88-932826e0c178-downloadableSrc-b38f909f2b44.webp
8caf518c-d65c-47ed-8667-b143ccc3856c,Order types,28b2d970-a05d-4509-99dd-83d47dbc3a16,Revolut,aa23fa4c-2ecb-4027-b126-335f9fcd86b1,2,3,79d212c8-da94-4174-b960-82fadb43c8a4,true,downloadableSrc,200,image/webp,48402,48402,f5dcac323d1583dd6f5247beafd7d3895ae007b35b05f812f359fb08370a0a9b,1179,2676,,,bytescale.mobbin.com,f7a1807c1ac98ccf0eecf5078d61346ac9a94ca37a547f5708d580528c9e55c0,/Users/user/mobbin-sides/screen-flows/revolut/066-revolut-order-types-8caf518c-d65c-47ed-8667-b143ccc3856c/003-79d212c8-da94-4174-b960-82fadb43c8a4-downloadableSrc-f5dcac323d15.webp
d24ba8df-55fb-498a-82a6-dc5b94c0f6a5,Setting a recurring buy,28b2d970-a05d-4509-99dd-83d47dbc3a16,Revolut,aa23fa4c-2ecb-4027-b126-335f9fcd86b1,0,1,49f572ba-7b07-49d8-b86c-bfff9669185c,true,downloadableSrc,200,image/webp,35846,35846,d7f10846a0e6255ddcfe1d8cb7e1aa66e95d433a98777ee5b532d422250a0b8e,1179,2676,,,bytescale.mobbin.com,f7a1807c1ac98ccf0eecf5078d61346ac9a94ca37a547f5708d580528c9e55c0,/Users/user/mobbin-sides/screen-flows/revolut/067-revolut-setting-a-recurring-buy-d24ba8df-55fb-498a-82a6-dc5b94c0f6a5/001-49f572ba-7b07-49d8-b86c-bfff9669185c-downloadableSrc-d7f10846a0e6.webp
d24ba8df-55fb-498a-82a6-dc5b94c0f6a5,Setting a recurring buy,28b2d970-a05d-4509-99dd-83d47dbc3a16,Revolut,aa23fa4c-2ecb-4027-b126-335f9fcd86b1,1,2,9e05815d-926b-4f34-98e8-43b516187226,true,downloadableSrc,200,image/webp,26056,26056,94aca61f1c6560186cbddeecb83b533e668a54e13ddfd71cdf76c2cfd2882932,1179,2676,,,bytescale.mobbin.com,f7a1807c1ac98ccf0eecf5078d61346ac9a94ca37a547f5708d580528c9e55c0,/Users/user/mobbin-sides/screen-flows/revolut/067-revolut-setting-a-recurring-buy-d24ba8df-55fb-498a-82a6-dc5b94c0f6a5/002-9e05815d-926b-4f34-98e8-43b516187226-downloadableSrc-94aca61f1c65.webp
d24ba8df-55fb-498a-82a6-dc5b94c0f6a5,Setting a recurring buy,28b2d970-a05d-4509-99dd-83d47dbc3a16,Revolut,aa23fa4c-2ecb-4027-b126-335f9fcd86b1,2,3,4c5b02b4-4f04-4bf8-89f1-e6aa7fc06e5d,true,downloadableSrc,200,image/webp,36054,36054,122315a82bd2446c84e6c5a769b421763f6f30df604696c8c348a3b206564a56,1179,2676,,,bytescale.mobbin.com,f7a1807c1ac98ccf0eecf5078d61346ac9a94ca37a547f5708d580528c9e55c0,/Users/user/mobbin-sides/screen-flows/revolut/067-revolut-setting-a-recurring-buy-d24ba8df-55fb-498a-82a6-dc5b94c0f6a5/003-4c5b02b4-4f04-4bf8-89f1-e6aa7fc06e5d-downloadableSrc-122315a82bd2.webp
d24ba8df-55fb-498a-82a6-dc5b94c0f6a5,Setting a recurring buy,28b2d970-a05d-4509-99dd-83d47dbc3a16,Revolut,aa23fa4c-2ecb-4027-b126-335f9fcd86b1,3,4,40d20b70-223f-4200-beeb-2fd31354ad4b,true,downloadableSrc,200,image/webp,27984,27984,52db9773c08038a0bc357ef575d211180dddfdfc38ffd7c6986da299ec7f830b,1179,2676,,,bytescale.mobbin.com,f7a1807c1ac98ccf0eecf5078d61346ac9a94ca37a547f5708d580528c9e55c0,/Users/user/mobbin-sides/screen-flows/revolut/067-revolut-setting-a-recurring-buy-d24ba8df-55fb-498a-82a6-dc5b94c0f6a5/004-40d20b70-223f-4200-beeb-2fd31354ad4b-downloadableSrc-52db9773c080.webp
d24ba8df-55fb-498a-82a6-dc5b94c0f6a5,Setting a recurring buy,28b2d970-a05d-4509-99dd-83d47dbc3a16,Revolut,aa23fa4c-2ecb-4027-b126-335f9fcd86b1,4,5,28659e85-e11e-4000-b1bc-542a5f3f5cd4,true,downloadableSrc,200,image/webp,23788,23788,3491cefa518dfbdc580342de1435a4f95a918568aaa5fed225f4ab2b0323a771,1179,2676,,,bytescale.mobbin.com,f7a1807c1ac98ccf0eecf5078d61346ac9a94ca37a547f5708d580528c9e55c0,/Users/user/mobbin-sides/screen-flows/revolut/067-revolut-setting-a-recurring-buy-d24ba8df-55fb-498a-82a6-dc5b94c0f6a5/005-28659e85-e11e-4000-b1bc-542a5f3f5cd4-downloadableSrc-3491cefa518d.webp
d24ba8df-55fb-498a-82a6-dc5b94c0f6a5,Setting a recurring buy,28b2d970-a05d-4509-99dd-83d47dbc3a16,Revolut,aa23fa4c-2ecb-4027-b126-335f9fcd86b1,5,6,51fcf0c4-dab7-4330-9972-125ab0d63c25,true,downloadableSrc,200,image/webp,27874,27874,d88da93b20d973fd432714ec12d79c2b864c616dc37b4b762a953fd909b570a9,1179,2676,,,bytescale.mobbin.com,f7a1807c1ac98ccf0eecf5078d61346ac9a94ca37a547f5708d580528c9e55c0,/Users/user/mobbin-sides/screen-flows/revolut/067-revolut-setting-a-recurring-buy-d24ba8df-55fb-498a-82a6-dc5b94c0f6a5/006-51fcf0c4-dab7-4330-9972-125ab0d63c25-downloadableSrc-d88da93b20d9.webp
d24ba8df-55fb-498a-82a6-dc5b94c0f6a5,Setting a recurring buy,28b2d970-a05d-4509-99dd-83d47dbc3a16,Revolut,aa23fa4c-2ecb-4027-b126-335f9fcd86b1,6,7,4f715849-8177-4a3a-946f-90fda6fa1665,true,downloadableSrc,200,image/webp,53454,53454,f7e7094571312b91549fc303ca9a78172a42f4ba38ab55e8bfb3115ae311ce25,1179,2676,,,bytescale.mobbin.com,f7a1807c1ac98ccf0eecf5078d61346ac9a94ca37a547f5708d580528c9e55c0,/Users/user/mobbin-sides/screen-flows/revolut/067-revolut-setting-a-recurring-buy-d24ba8df-55fb-498a-82a6-dc5b94c0f6a5/007-4f715849-8177-4a3a-946f-90fda6fa1665-downloadableSrc-f7e709457131.webp
d24ba8df-55fb-498a-82a6-dc5b94c0f6a5,Setting a recurring buy,28b2d970-a05d-4509-99dd-83d47dbc3a16,Revolut,aa23fa4c-2ecb-4027-b126-335f9fcd86b1,7,8,e9ac9e17-d832-4c85-adca-f06d6dcbb37b,true,downloadableSrc,200,image/webp,84180,84180,9e303c08342788e87df73015534bf766f3de7a8cdd6e4ba5569f437027d45473,1179,2676,,,bytescale.mobbin.com,f7a1807c1ac98ccf0eecf5078d61346ac9a94ca37a547f5708d580528c9e55c0,/Users/user/mobbin-sides/screen-flows/revolut/067-revolut-setting-a-recurring-buy-d24ba8df-55fb-498a-82a6-dc5b94c0f6a5/008-e9ac9e17-d832-4c85-adca-f06d6dcbb37b-downloadableSrc-9e303c083427.webp
d24ba8df-55fb-498a-82a6-dc5b94c0f6a5,Setting a recurring buy,28b2d970-a05d-4509-99dd-83d47dbc3a16,Revolut,aa23fa4c-2ecb-4027-b126-335f9fcd86b1,8,9,2d2e3b4d-ac79-444a-a0a8-25730f8e3e0c,true,downloadableSrc,200,image/webp,42956,42956,eb7baecb216d7e6bc81024f88aa444e456736e48e76e2a4c0e69c0376030ef26,1179,2676,,,bytescale.mobbin.com,f7a1807c1ac98ccf0eecf5078d61346ac9a94ca37a547f5708d580528c9e55c0,/Users/user/mobbin-sides/screen-flows/revolut/067-revolut-setting-a-recurring-buy-d24ba8df-55fb-498a-82a6-dc5b94c0f6a5/009-2d2e3b4d-ac79-444a-a0a8-25730f8e3e0c-downloadableSrc-eb7baecb216d.webp
508f00e6-c9c3-4e35-a756-a39773018b6f,Removing auto top-up,28b2d970-a05d-4509-99dd-83d47dbc3a16,Revolut,aa23fa4c-2ecb-4027-b126-335f9fcd86b1,0,1,4f715849-8177-4a3a-946f-90fda6fa1665,true,downloadableSrc,200,image/webp,53454,53454,f7e7094571312b91549fc303ca9a78172a42f4ba38ab55e8bfb3115ae311ce25,1179,2676,,,bytescale.mobbin.com,f7a1807c1ac98ccf0eecf5078d61346ac9a94ca37a547f5708d580528c9e55c0,/Users/user/mobbin-sides/screen-flows/revolut/068-revolut-removing-auto-top-up-508f00e6-c9c3-4e35-a756-a39773018b6f/001-4f715849-8177-4a3a-946f-90fda6fa1665-downloadableSrc-f7e709457131.webp
508f00e6-c9c3-4e35-a756-a39773018b6f,Removing auto top-up,28b2d970-a05d-4509-99dd-83d47dbc3a16,Revolut,aa23fa4c-2ecb-4027-b126-335f9fcd86b1,1,2,dab68dea-c491-4213-a0ac-9cd0476b925f,true,downloadableSrc,200,image/webp,28108,28108,7b5a63a7aaaec7ccc9301a3a791d5593968b7826aee53607490ec9e2f6730704,1179,2676,,,bytescale.mobbin.com,f7a1807c1ac98ccf0eecf5078d61346ac9a94ca37a547f5708d580528c9e55c0,/Users/user/mobbin-sides/screen-flows/revolut/068-revolut-removing-auto-top-up-508f00e6-c9c3-4e35-a756-a39773018b6f/002-dab68dea-c491-4213-a0ac-9cd0476b925f-downloadableSrc-7b5a63a7aaae.webp
508f00e6-c9c3-4e35-a756-a39773018b6f,Removing auto top-up,28b2d970-a05d-4509-99dd-83d47dbc3a16,Revolut,aa23fa4c-2ecb-4027-b126-335f9fcd86b1,2,3,12262a99-ad30-4e01-9e8c-7e3f134cb393,true,downloadableSrc,200,image/webp,52538,52538,2f8e0c3b9f3ec91204c77436ce157857a136896ce0c911b0bb78aa2338d191a6,1179,2676,,,bytescale.mobbin.com,f7a1807c1ac98ccf0eecf5078d61346ac9a94ca37a547f5708d580528c9e55c0,/Users/user/mobbin-sides/screen-flows/revolut/068-revolut-removing-auto-top-up-508f00e6-c9c3-4e35-a756-a39773018b6f/003-12262a99-ad30-4e01-9e8c-7e3f134cb393-downloadableSrc-2f8e0c3b9f3e.webp
ec99d375-2f66-4507-830e-202d6b0b3733,Sell stock,28b2d970-a05d-4509-99dd-83d47dbc3a16,Revolut,aa23fa4c-2ecb-4027-b126-335f9fcd86b1,0,1,51eb482e-9d35-46dd-819e-c53a939bedd5,true,downloadableSrc,200,image/webp,87022,87022,65fe42ac3acdb8631f8712ce16afcc54f95800d737208ba967f397ec9ca4c5ae,1179,2676,,,bytescale.mobbin.com,f7a1807c1ac98ccf0eecf5078d61346ac9a94ca37a547f5708d580528c9e55c0,/Users/user/mobbin-sides/screen-flows/revolut/069-revolut-sell-stock-ec99d375-2f66-4507-830e-202d6b0b3733/001-51eb482e-9d35-46dd-819e-c53a939bedd5-downloadableSrc-65fe42ac3acd.webp
ec99d375-2f66-4507-830e-202d6b0b3733,Sell stock,28b2d970-a05d-4509-99dd-83d47dbc3a16,Revolut,aa23fa4c-2ecb-4027-b126-335f9fcd86b1,1,2,4a6d636d-2a31-4400-8cd3-acc806a724c3,true,downloadableSrc,200,image/webp,46144,46144,7815cadc367223ec71db3fad07812b0e6c83de8d7ed4731128386ee03ba0101e,1179,2676,,,bytescale.mobbin.com,f7a1807c1ac98ccf0eecf5078d61346ac9a94ca37a547f5708d580528c9e55c0,/Users/user/mobbin-sides/screen-flows/revolut/069-revolut-sell-stock-ec99d375-2f66-4507-830e-202d6b0b3733/002-4a6d636d-2a31-4400-8cd3-acc806a724c3-downloadableSrc-7815cadc3672.webp
ec99d375-2f66-4507-830e-202d6b0b3733,Sell stock,28b2d970-a05d-4509-99dd-83d47dbc3a16,Revolut,aa23fa4c-2ecb-4027-b126-335f9fcd86b1,2,3,d62fdad1-327d-4c9a-ae8e-232d3f3a4083,true,downloadableSrc,200,image/webp,52512,52512,e02ba61e81328d1a156a45e9748f89ce6e53e9437c1dbdce57eae605eccc8111,1179,2676,,,bytescale.mobbin.com,f7a1807c1ac98ccf0eecf5078d61346ac9a94ca37a547f5708d580528c9e55c0,/Users/user/mobbin-sides/screen-flows/revolut/069-revolut-sell-stock-ec99d375-2f66-4507-830e-202d6b0b3733/003-d62fdad1-327d-4c9a-ae8e-232d3f3a4083-downloadableSrc-e02ba61e8132.webp
ec99d375-2f66-4507-830e-202d6b0b3733,Sell stock,28b2d970-a05d-4509-99dd-83d47dbc3a16,Revolut,aa23fa4c-2ecb-4027-b126-335f9fcd86b1,3,4,3f5743c6-7f49-49ba-95fd-ef688330288c,true,downloadableSrc,200,image/webp,61284,61284,b355a534ba72712ce3aff93d74aab9d17fa13cddddfc76ba7c2fd137a1f3bdcf,1179,2676,,,bytescale.mobbin.com,f7a1807c1ac98ccf0eecf5078d61346ac9a94ca37a547f5708d580528c9e55c0,/Users/user/mobbin-sides/screen-flows/revolut/069-revolut-sell-stock-ec99d375-2f66-4507-830e-202d6b0b3733/004-3f5743c6-7f49-49ba-95fd-ef688330288c-downloadableSrc-b355a534ba72.webp
ec99d375-2f66-4507-830e-202d6b0b3733,Sell stock,28b2d970-a05d-4509-99dd-83d47dbc3a16,Revolut,aa23fa4c-2ecb-4027-b126-335f9fcd86b1,4,5,26da4623-eb14-46ff-91fc-9b70e147a2a4,true,downloadableSrc,200,image/webp,33702,33702,49c0c71a637764d94b9204ac18938e6d9c11b096e10d3de26b62dfb2049b1158,1179,2676,,,bytescale.mobbin.com,f7a1807c1ac98ccf0eecf5078d61346ac9a94ca37a547f5708d580528c9e55c0,/Users/user/mobbin-sides/screen-flows/revolut/069-revolut-sell-stock-ec99d375-2f66-4507-830e-202d6b0b3733/005-26da4623-eb14-46ff-91fc-9b70e147a2a4-downloadableSrc-49c0c71a6377.webp
519344c1-4c51-4c79-802e-4516fb28b025,Expanding chart,28b2d970-a05d-4509-99dd-83d47dbc3a16,Revolut,aa23fa4c-2ecb-4027-b126-335f9fcd86b1,0,1,68af0c32-5580-475c-8779-4435e94b03df,true,downloadableSrc,200,image/webp,67072,67072,e702aa1910456046b81e607a631a50d31b8bc3b67ed33f6c2a910d11171e3bad,1179,2676,,,bytescale.mobbin.com,f7a1807c1ac98ccf0eecf5078d61346ac9a94ca37a547f5708d580528c9e55c0,/Users/user/mobbin-sides/screen-flows/revolut/070-revolut-expanding-chart-519344c1-4c51-4c79-802e-4516fb28b025/001-68af0c32-5580-475c-8779-4435e94b03df-downloadableSrc-e702aa191045.webp
519344c1-4c51-4c79-802e-4516fb28b025,Expanding chart,28b2d970-a05d-4509-99dd-83d47dbc3a16,Revolut,aa23fa4c-2ecb-4027-b126-335f9fcd86b1,1,2,e3631626-7ecf-438c-9fa1-092559499a0d,true,downloadableSrc,200,image/webp,57688,57688,d7edf04c49b6c679bde8bbc13227f5236b009c0c6a18312edd55630fb206b408,1179,2676,,,bytescale.mobbin.com,f7a1807c1ac98ccf0eecf5078d61346ac9a94ca37a547f5708d580528c9e55c0,/Users/user/mobbin-sides/screen-flows/revolut/070-revolut-expanding-chart-519344c1-4c51-4c79-802e-4516fb28b025/002-e3631626-7ecf-438c-9fa1-092559499a0d-downloadableSrc-d7edf04c49b6.webp
34532951-301d-493c-821e-fc506f447bf3,Switching chart type,28b2d970-a05d-4509-99dd-83d47dbc3a16,Revolut,aa23fa4c-2ecb-4027-b126-335f9fcd86b1,0,1,e3631626-7ecf-438c-9fa1-092559499a0d,true,downloadableSrc,200,image/webp,57688,57688,d7edf04c49b6c679bde8bbc13227f5236b009c0c6a18312edd55630fb206b408,1179,2676,,,bytescale.mobbin.com,f7a1807c1ac98ccf0eecf5078d61346ac9a94ca37a547f5708d580528c9e55c0,/Users/user/mobbin-sides/screen-flows/revolut/071-revolut-switching-chart-type-34532951-301d-493c-821e-fc506f447bf3/001-e3631626-7ecf-438c-9fa1-092559499a0d-downloadableSrc-d7edf04c49b6.webp
34532951-301d-493c-821e-fc506f447bf3,Switching chart type,28b2d970-a05d-4509-99dd-83d47dbc3a16,Revolut,aa23fa4c-2ecb-4027-b126-335f9fcd86b1,1,2,32fb106c-5407-4007-89b3-69433a7f76bf,true,downloadableSrc,200,image/webp,29148,29148,50464cda9a5e47b6e1dfeb88d34bd030d9e14f5bb38600bda980fd6a5f2e36f5,1179,2676,,,bytescale.mobbin.com,f7a1807c1ac98ccf0eecf5078d61346ac9a94ca37a547f5708d580528c9e55c0,/Users/user/mobbin-sides/screen-flows/revolut/071-revolut-switching-chart-type-34532951-301d-493c-821e-fc506f447bf3/002-32fb106c-5407-4007-89b3-69433a7f76bf-downloadableSrc-50464cda9a5e.webp
34532951-301d-493c-821e-fc506f447bf3,Switching chart type,28b2d970-a05d-4509-99dd-83d47dbc3a16,Revolut,aa23fa4c-2ecb-4027-b126-335f9fcd86b1,2,3,1d2260de-9e21-475d-b43c-5d7af5b161e1,true,downloadableSrc,200,image/webp,63444,63444,17388592b24a58901a89a36c37a857549aec46b7f59cb4e83494b50ae0e123ad,1179,2676,,,bytescale.mobbin.com,f7a1807c1ac98ccf0eecf5078d61346ac9a94ca37a547f5708d580528c9e55c0,/Users/user/mobbin-sides/screen-flows/revolut/071-revolut-switching-chart-type-34532951-301d-493c-821e-fc506f447bf3/003-1d2260de-9e21-475d-b43c-5d7af5b161e1-downloadableSrc-17388592b24a.webp
fac639c3-a5e5-4fe6-8567-aa59211fb10c,Adding a comparison,28b2d970-a05d-4509-99dd-83d47dbc3a16,Revolut,aa23fa4c-2ecb-4027-b126-335f9fcd86b1,0,1,e3631626-7ecf-438c-9fa1-092559499a0d,true,downloadableSrc,200,image/webp,57688,57688,d7edf04c49b6c679bde8bbc13227f5236b009c0c6a18312edd55630fb206b408,1179,2676,,,bytescale.mobbin.com,f7a1807c1ac98ccf0eecf5078d61346ac9a94ca37a547f5708d580528c9e55c0,/Users/user/mobbin-sides/screen-flows/revolut/072-revolut-adding-a-comparison-fac639c3-a5e5-4fe6-8567-aa59211fb10c/001-e3631626-7ecf-438c-9fa1-092559499a0d-downloadableSrc-d7edf04c49b6.webp
fac639c3-a5e5-4fe6-8567-aa59211fb10c,Adding a comparison,28b2d970-a05d-4509-99dd-83d47dbc3a16,Revolut,aa23fa4c-2ecb-4027-b126-335f9fcd86b1,1,2,8613d275-c2f5-49b2-8bee-7004403994be,true,downloadableSrc,200,image/webp,35046,35046,893c944c60ea74a36f61fc7d87bb1604f6e1ef146b816a1cd382814d23a6ef8d,1179,2676,,,bytescale.mobbin.com,f7a1807c1ac98ccf0eecf5078d61346ac9a94ca37a547f5708d580528c9e55c0,/Users/user/mobbin-sides/screen-flows/revolut/072-revolut-adding-a-comparison-fac639c3-a5e5-4fe6-8567-aa59211fb10c/002-8613d275-c2f5-49b2-8bee-7004403994be-downloadableSrc-893c944c60ea.webp
fac639c3-a5e5-4fe6-8567-aa59211fb10c,Adding a comparison,28b2d970-a05d-4509-99dd-83d47dbc3a16,Revolut,aa23fa4c-2ecb-4027-b126-335f9fcd86b1,2,3,c387bbfc-a600-4fc2-8443-88add74d60b1,true,downloadableSrc,200,image/webp,38430,38430,575fca62df83dfc38c10381c52bf901c7b883ab1c64b4aaaaebe1800fa7e1abb,1179,2676,,,bytescale.mobbin.com,f7a1807c1ac98ccf0eecf5078d61346ac9a94ca37a547f5708d580528c9e55c0,/Users/user/mobbin-sides/screen-flows/revolut/072-revolut-adding-a-comparison-fac639c3-a5e5-4fe6-8567-aa59211fb10c/003-c387bbfc-a600-4fc2-8443-88add74d60b1-downloadableSrc-575fca62df83.webp
fac639c3-a5e5-4fe6-8567-aa59211fb10c,Adding a comparison,28b2d970-a05d-4509-99dd-83d47dbc3a16,Revolut,aa23fa4c-2ecb-4027-b126-335f9fcd86b1,3,4,b5514043-9a2b-4c5b-aa1f-a5bee9713690,true,downloadableSrc,200,image/webp,70792,70792,6e859b07022a11005e19cc2479c612d644ceb1d6603469ad620a889bc3e038db,1179,2676,,,bytescale.mobbin.com,f7a1807c1ac98ccf0eecf5078d61346ac9a94ca37a547f5708d580528c9e55c0,/Users/user/mobbin-sides/screen-flows/revolut/072-revolut-adding-a-comparison-fac639c3-a5e5-4fe6-8567-aa59211fb10c/004-b5514043-9a2b-4c5b-aa1f-a5bee9713690-downloadableSrc-6e859b07022a.webp
fac639c3-a5e5-4fe6-8567-aa59211fb10c,Adding a comparison,28b2d970-a05d-4509-99dd-83d47dbc3a16,Revolut,aa23fa4c-2ecb-4027-b126-335f9fcd86b1,4,5,a048ce93-efea-42f0-b276-a31c3248efd4,true,downloadableSrc,200,image/webp,71116,71116,cac1ddd6c312be00a76d7eefdc8d55296b68d1a9ea3f898fe63622e27318d75f,1179,2676,,,bytescale.mobbin.com,f7a1807c1ac98ccf0eecf5078d61346ac9a94ca37a547f5708d580528c9e55c0,/Users/user/mobbin-sides/screen-flows/revolut/072-revolut-adding-a-comparison-fac639c3-a5e5-4fe6-8567-aa59211fb10c/005-a048ce93-efea-42f0-b276-a31c3248efd4-downloadableSrc-cac1ddd6c312.webp
fac639c3-a5e5-4fe6-8567-aa59211fb10c,Adding a comparison,28b2d970-a05d-4509-99dd-83d47dbc3a16,Revolut,aa23fa4c-2ecb-4027-b126-335f9fcd86b1,5,6,a3ff853e-4a5a-4eef-a851-23196b3d3fe8,true,downloadableSrc,200,image/webp,77304,77304,21ab7518fc6cc32f400a84e57580b9537c748f655e163afd762ce6722ee440ae,1179,2676,,,bytescale.mobbin.com,f7a1807c1ac98ccf0eecf5078d61346ac9a94ca37a547f5708d580528c9e55c0,/Users/user/mobbin-sides/screen-flows/revolut/072-revolut-adding-a-comparison-fac639c3-a5e5-4fe6-8567-aa59211fb10c/006-a3ff853e-4a5a-4eef-a851-23196b3d3fe8-downloadableSrc-21ab7518fc6c.webp
5985c93a-2b62-47be-908f-e1a586dd3fb3,Adding a drawing,28b2d970-a05d-4509-99dd-83d47dbc3a16,Revolut,aa23fa4c-2ecb-4027-b126-335f9fcd86b1,0,1,e3631626-7ecf-438c-9fa1-092559499a0d,true,downloadableSrc,200,image/webp,57688,57688,d7edf04c49b6c679bde8bbc13227f5236b009c0c6a18312edd55630fb206b408,1179,2676,,,bytescale.mobbin.com,f7a1807c1ac98ccf0eecf5078d61346ac9a94ca37a547f5708d580528c9e55c0,/Users/user/mobbin-sides/screen-flows/revolut/073-revolut-adding-a-drawing-5985c93a-2b62-47be-908f-e1a586dd3fb3/001-e3631626-7ecf-438c-9fa1-092559499a0d-downloadableSrc-d7edf04c49b6.webp
5985c93a-2b62-47be-908f-e1a586dd3fb3,Adding a drawing,28b2d970-a05d-4509-99dd-83d47dbc3a16,Revolut,aa23fa4c-2ecb-4027-b126-335f9fcd86b1,1,2,e31d6a7c-10f8-4747-9ac8-50dd45969a38,true,downloadableSrc,200,image/webp,39864,39864,86cccc1f304f515e292afbf172637e1c7bfceae0e7d8eefaf9ab62b28b0a2b55,1179,2676,,,bytescale.mobbin.com,f7a1807c1ac98ccf0eecf5078d61346ac9a94ca37a547f5708d580528c9e55c0,/Users/user/mobbin-sides/screen-flows/revolut/073-revolut-adding-a-drawing-5985c93a-2b62-47be-908f-e1a586dd3fb3/002-e31d6a7c-10f8-4747-9ac8-50dd45969a38-downloadableSrc-86cccc1f304f.webp
5985c93a-2b62-47be-908f-e1a586dd3fb3,Adding a drawing,28b2d970-a05d-4509-99dd-83d47dbc3a16,Revolut,aa23fa4c-2ecb-4027-b126-335f9fcd86b1,2,3,9b1bba89-8230-4caa-b51e-6577c4655751,true,downloadableSrc,200,image/webp,70126,70126,425627c67d946aba00d3d507284544b6580f00e217017c53d6d87a56c415794b,1179,2676,,,bytescale.mobbin.com,f7a1807c1ac98ccf0eecf5078d61346ac9a94ca37a547f5708d580528c9e55c0,/Users/user/mobbin-sides/screen-flows/revolut/073-revolut-adding-a-drawing-5985c93a-2b62-47be-908f-e1a586dd3fb3/003-9b1bba89-8230-4caa-b51e-6577c4655751-downloadableSrc-425627c67d94.webp
5985c93a-2b62-47be-908f-e1a586dd3fb3,Adding a drawing,28b2d970-a05d-4509-99dd-83d47dbc3a16,Revolut,aa23fa4c-2ecb-4027-b126-335f9fcd86b1,3,4,1c924af9-273c-459f-bec9-2bff7bf12c27,true,downloadableSrc,200,image/webp,72788,72788,8aa00c1ed372c27afea5f3430483310afc2a080884f3e15edc1e71f24d039e13,1179,2676,,,bytescale.mobbin.com,f7a1807c1ac98ccf0eecf5078d61346ac9a94ca37a547f5708d580528c9e55c0,/Users/user/mobbin-sides/screen-flows/revolut/073-revolut-adding-a-drawing-5985c93a-2b62-47be-908f-e1a586dd3fb3/004-1c924af9-273c-459f-bec9-2bff7bf12c27-downloadableSrc-8aa00c1ed372.webp
d06eecf3-eed9-45d5-bb7b-94c103613386,Editing chart settings,28b2d970-a05d-4509-99dd-83d47dbc3a16,Revolut,aa23fa4c-2ecb-4027-b126-335f9fcd86b1,0,1,68af0c32-5580-475c-8779-4435e94b03df,true,downloadableSrc,200,image/webp,67072,67072,e702aa1910456046b81e607a631a50d31b8bc3b67ed33f6c2a910d11171e3bad,1179,2676,,,bytescale.mobbin.com,f7a1807c1ac98ccf0eecf5078d61346ac9a94ca37a547f5708d580528c9e55c0,/Users/user/mobbin-sides/screen-flows/revolut/074-revolut-editing-chart-settings-d06eecf3-eed9-45d5-bb7b-94c103613386/001-68af0c32-5580-475c-8779-4435e94b03df-downloadableSrc-e702aa191045.webp
d06eecf3-eed9-45d5-bb7b-94c103613386,Editing chart settings,28b2d970-a05d-4509-99dd-83d47dbc3a16,Revolut,aa23fa4c-2ecb-4027-b126-335f9fcd86b1,1,2,0fc378e6-8e54-4c82-bd26-1eeec6f472a8,true,downloadableSrc,200,image/webp,38030,38030,57be64a6f974bdd5859218113eb0d0af0471e4300cdd66624b4279df47274e09,1179,2676,,,bytescale.mobbin.com,f7a1807c1ac98ccf0eecf5078d61346ac9a94ca37a547f5708d580528c9e55c0,/Users/user/mobbin-sides/screen-flows/revolut/074-revolut-editing-chart-settings-d06eecf3-eed9-45d5-bb7b-94c103613386/002-0fc378e6-8e54-4c82-bd26-1eeec6f472a8-downloadableSrc-57be64a6f974.webp
d06eecf3-eed9-45d5-bb7b-94c103613386,Editing chart settings,28b2d970-a05d-4509-99dd-83d47dbc3a16,Revolut,aa23fa4c-2ecb-4027-b126-335f9fcd86b1,2,3,68084073-0de0-476f-a9a0-4ca0a8a8f39d,true,downloadableSrc,200,image/webp,36168,36168,40b84b78f781a14ca77eeeee30589c372ed6b00be917a5aeba46b524718ca255,1179,2676,,,bytescale.mobbin.com,f7a1807c1ac98ccf0eecf5078d61346ac9a94ca37a547f5708d580528c9e55c0,/Users/user/mobbin-sides/screen-flows/revolut/074-revolut-editing-chart-settings-d06eecf3-eed9-45d5-bb7b-94c103613386/003-68084073-0de0-476f-a9a0-4ca0a8a8f39d-downloadableSrc-40b84b78f781.webp
d06eecf3-eed9-45d5-bb7b-94c103613386,Editing chart settings,28b2d970-a05d-4509-99dd-83d47dbc3a16,Revolut,aa23fa4c-2ecb-4027-b126-335f9fcd86b1,3,4,3170073a-cfed-4fa4-b64a-d6020349fc76,true,downloadableSrc,200,image/webp,64834,64834,11b81b18add8233ccf6f0979df8cdd89942749b1df81e360b82b6f43f7196c8f,1179,2676,,,bytescale.mobbin.com,f7a1807c1ac98ccf0eecf5078d61346ac9a94ca37a547f5708d580528c9e55c0,/Users/user/mobbin-sides/screen-flows/revolut/074-revolut-editing-chart-settings-d06eecf3-eed9-45d5-bb7b-94c103613386/004-3170073a-cfed-4fa4-b64a-d6020349fc76-downloadableSrc-11b81b18add8.webp
9ec43808-6dc0-4e9a-8b82-91450143cfc1,Income statement detail,28b2d970-a05d-4509-99dd-83d47dbc3a16,Revolut,aa23fa4c-2ecb-4027-b126-335f9fcd86b1,0,1,b804bfa4-59b7-4975-b97b-54083f92346a,true,downloadableSrc,200,image/webp,57204,57204,187aa7d2db2d7764c7d66857eaec832266cc50f2196d49bf4276c3c1a0129ac4,1179,2676,,,bytescale.mobbin.com,f7a1807c1ac98ccf0eecf5078d61346ac9a94ca37a547f5708d580528c9e55c0,/Users/user/mobbin-sides/screen-flows/revolut/075-revolut-income-statement-detail-9ec43808-6dc0-4e9a-8b82-91450143cfc1/001-b804bfa4-59b7-4975-b97b-54083f92346a-downloadableSrc-187aa7d2db2d.webp
9ec43808-6dc0-4e9a-8b82-91450143cfc1,Income statement detail,28b2d970-a05d-4509-99dd-83d47dbc3a16,Revolut,aa23fa4c-2ecb-4027-b126-335f9fcd86b1,1,2,61123e7a-f3d3-49a7-8f35-f0ee80c5dcf0,true,downloadableSrc,200,image/webp,81414,81414,65d3de11c8076b3f5814b65a4043305d8705389c7fa4762076b66f612268266c,1179,2676,,,bytescale.mobbin.com,f7a1807c1ac98ccf0eecf5078d61346ac9a94ca37a547f5708d580528c9e55c0,/Users/user/mobbin-sides/screen-flows/revolut/075-revolut-income-statement-detail-9ec43808-6dc0-4e9a-8b82-91450143cfc1/002-61123e7a-f3d3-49a7-8f35-f0ee80c5dcf0-downloadableSrc-65d3de11c807.webp
bdf40aa2-9bf0-4a8d-a106-9d6fd0f4b0e5,Article detail,28b2d970-a05d-4509-99dd-83d47dbc3a16,Revolut,aa23fa4c-2ecb-4027-b126-335f9fcd86b1,0,1,85d5243c-7c01-4c42-99b0-5134ceb1dec5,true,downloadableSrc,200,image/webp,97118,97118,df89a7258e923318a8f1b023013216d05c9b3772a24b3ddd107eddd48027a8f5,1179,2676,,,bytescale.mobbin.com,f7a1807c1ac98ccf0eecf5078d61346ac9a94ca37a547f5708d580528c9e55c0,/Users/user/mobbin-sides/screen-flows/revolut/076-revolut-article-detail-bdf40aa2-9bf0-4a8d-a106-9d6fd0f4b0e5/001-85d5243c-7c01-4c42-99b0-5134ceb1dec5-downloadableSrc-df89a7258e92.webp
bdf40aa2-9bf0-4a8d-a106-9d6fd0f4b0e5,Article detail,28b2d970-a05d-4509-99dd-83d47dbc3a16,Revolut,aa23fa4c-2ecb-4027-b126-335f9fcd86b1,1,2,54fe014c-fa98-4220-a077-3c3a099ac2b6,true,downloadableSrc,200,image/webp,140100,140100,92480dd333e219e6641ad2c9dd538c61aeff87ab6a816328766773cfa19156c0,1179,2676,,,bytescale.mobbin.com,f7a1807c1ac98ccf0eecf5078d61346ac9a94ca37a547f5708d580528c9e55c0,/Users/user/mobbin-sides/screen-flows/revolut/076-revolut-article-detail-bdf40aa2-9bf0-4a8d-a106-9d6fd0f4b0e5/002-54fe014c-fa98-4220-a077-3c3a099ac2b6-downloadableSrc-92480dd333e2.webp
be2ffac9-0def-4e8b-b973-dea8c4c55639,Canceling a recurring order,28b2d970-a05d-4509-99dd-83d47dbc3a16,Revolut,aa23fa4c-2ecb-4027-b126-335f9fcd86b1,0,1,1cc60cfe-b6be-4358-8109-3cb51ca828a7,true,downloadableSrc,200,image/webp,89024,89024,3fbf5119fe7f7be72c8de629c43e152b188983fe5d6c45fec7e7188a9b223215,1179,2676,,,bytescale.mobbin.com,f7a1807c1ac98ccf0eecf5078d61346ac9a94ca37a547f5708d580528c9e55c0,/Users/user/mobbin-sides/screen-flows/revolut/077-revolut-canceling-a-recurring-order-be2ffac9-0def-4e8b-b973-dea8c4c55639/001-1cc60cfe-b6be-4358-8109-3cb51ca828a7-downloadableSrc-3fbf5119fe7f.webp
be2ffac9-0def-4e8b-b973-dea8c4c55639,Canceling a recurring order,28b2d970-a05d-4509-99dd-83d47dbc3a16,Revolut,aa23fa4c-2ecb-4027-b126-335f9fcd86b1,1,2,95b4f606-2c67-4d79-9a3e-0d949b61e2a3,true,downloadableSrc,200,image/webp,35388,35388,752c3342aba1011e0893ccf387be97b11dc0e98697a7f1bcff95d3a6a8af6317,1179,2676,,,bytescale.mobbin.com,f7a1807c1ac98ccf0eecf5078d61346ac9a94ca37a547f5708d580528c9e55c0,/Users/user/mobbin-sides/screen-flows/revolut/077-revolut-canceling-a-recurring-order-be2ffac9-0def-4e8b-b973-dea8c4c55639/002-95b4f606-2c67-4d79-9a3e-0d949b61e2a3-downloadableSrc-752c3342aba1.webp
be2ffac9-0def-4e8b-b973-dea8c4c55639,Canceling a recurring order,28b2d970-a05d-4509-99dd-83d47dbc3a16,Revolut,aa23fa4c-2ecb-4027-b126-335f9fcd86b1,2,3,b78ba0da-2f63-4fd3-9057-6d16e26ad3f0,true,downloadableSrc,200,image/webp,38644,38644,fa49cb00b9401c1119a594661d0b094b584e83d82e98b22347a0d21239dbdc87,1179,2676,,,bytescale.mobbin.com,f7a1807c1ac98ccf0eecf5078d61346ac9a94ca37a547f5708d580528c9e55c0,/Users/user/mobbin-sides/screen-flows/revolut/077-revolut-canceling-a-recurring-order-be2ffac9-0def-4e8b-b973-dea8c4c55639/003-b78ba0da-2f63-4fd3-9057-6d16e26ad3f0-downloadableSrc-fa49cb00b940.webp
be2ffac9-0def-4e8b-b973-dea8c4c55639,Canceling a recurring order,28b2d970-a05d-4509-99dd-83d47dbc3a16,Revolut,aa23fa4c-2ecb-4027-b126-335f9fcd86b1,3,4,7d065f80-0500-4565-beab-0ae589990992,true,downloadableSrc,200,image/webp,28772,28772,b30dd4f1f2ac602e5da96868e3a79bea726e299571c0ff5476154de42ce735c0,1179,2676,,,bytescale.mobbin.com,f7a1807c1ac98ccf0eecf5078d61346ac9a94ca37a547f5708d580528c9e55c0,/Users/user/mobbin-sides/screen-flows/revolut/077-revolut-canceling-a-recurring-order-be2ffac9-0def-4e8b-b973-dea8c4c55639/004-7d065f80-0500-4565-beab-0ae589990992-downloadableSrc-b30dd4f1f2ac.webp
ad117983-1d94-43b3-9587-ea1dfd1c47d0,Robo-advisor,28b2d970-a05d-4509-99dd-83d47dbc3a16,Revolut,aa23fa4c-2ecb-4027-b126-335f9fcd86b1,0,1,b76bfd3e-32b6-4329-936d-d9cec2b751ea,true,downloadableSrc,200,image/webp,90356,90356,119ab3f1c392701350957c6f34e9b55dfba2ecef276e54452615f26de4fa6b3a,1179,2676,,,bytescale.mobbin.com,f7a1807c1ac98ccf0eecf5078d61346ac9a94ca37a547f5708d580528c9e55c0,/Users/user/mobbin-sides/screen-flows/revolut/078-revolut-robo-advisor-ad117983-1d94-43b3-9587-ea1dfd1c47d0/001-b76bfd3e-32b6-4329-936d-d9cec2b751ea-downloadableSrc-119ab3f1c392.webp
ad117983-1d94-43b3-9587-ea1dfd1c47d0,Robo-advisor,28b2d970-a05d-4509-99dd-83d47dbc3a16,Revolut,aa23fa4c-2ecb-4027-b126-335f9fcd86b1,1,2,ed61bfd3-c4de-45e0-a2e3-d67edae09215,true,downloadableSrc,200,image/webp,99992,99992,35fc06aef4e6c07199d4fe042e0067e9038eb984a02c230381add305ef9a29fc,1179,2676,,,bytescale.mobbin.com,f7a1807c1ac98ccf0eecf5078d61346ac9a94ca37a547f5708d580528c9e55c0,/Users/user/mobbin-sides/screen-flows/revolut/078-revolut-robo-advisor-ad117983-1d94-43b3-9587-ea1dfd1c47d0/002-ed61bfd3-c4de-45e0-a2e3-d67edae09215-downloadableSrc-35fc06aef4e6.webp
ad117983-1d94-43b3-9587-ea1dfd1c47d0,Robo-advisor,28b2d970-a05d-4509-99dd-83d47dbc3a16,Revolut,aa23fa4c-2ecb-4027-b126-335f9fcd86b1,2,3,e3c1457a-750e-4d33-b531-2b822dfa48f3,true,downloadableSrc,200,image/webp,57326,57326,e4a0e85208a5728c50ee25b76df9107c5227f978f1a8947e39bd45477b9f6981,1179,2676,,,bytescale.mobbin.com,f7a1807c1ac98ccf0eecf5078d61346ac9a94ca37a547f5708d580528c9e55c0,/Users/user/mobbin-sides/screen-flows/revolut/078-revolut-robo-advisor-ad117983-1d94-43b3-9587-ea1dfd1c47d0/003-e3c1457a-750e-4d33-b531-2b822dfa48f3-downloadableSrc-e4a0e85208a5.webp
ad117983-1d94-43b3-9587-ea1dfd1c47d0,Robo-advisor,28b2d970-a05d-4509-99dd-83d47dbc3a16,Revolut,aa23fa4c-2ecb-4027-b126-335f9fcd86b1,3,4,7e29c2e9-514a-4205-963e-14a760abdd39,true,downloadableSrc,200,image/webp,100630,100630,b4da301eb45198e11e2e170507e5db0788e465fee0b2b7f671f66d810744d699,1179,2676,,,bytescale.mobbin.com,f7a1807c1ac98ccf0eecf5078d61346ac9a94ca37a547f5708d580528c9e55c0,/Users/user/mobbin-sides/screen-flows/revolut/078-revolut-robo-advisor-ad117983-1d94-43b3-9587-ea1dfd1c47d0/004-7e29c2e9-514a-4205-963e-14a760abdd39-downloadableSrc-b4da301eb451.webp
bcfbeef6-686b-4da3-9710-127e79d8df16,Setting up robo-advisor,28b2d970-a05d-4509-99dd-83d47dbc3a16,Revolut,aa23fa4c-2ecb-4027-b126-335f9fcd86b1,0,1,ed61bfd3-c4de-45e0-a2e3-d67edae09215,true,downloadableSrc,200,image/webp,99992,99992,35fc06aef4e6c07199d4fe042e0067e9038eb984a02c230381add305ef9a29fc,1179,2676,,,bytescale.mobbin.com,f7a1807c1ac98ccf0eecf5078d61346ac9a94ca37a547f5708d580528c9e55c0,/Users/user/mobbin-sides/screen-flows/revolut/079-revolut-setting-up-robo-advisor-bcfbeef6-686b-4da3-9710-127e79d8df16/001-ed61bfd3-c4de-45e0-a2e3-d67edae09215-downloadableSrc-35fc06aef4e6.webp
bcfbeef6-686b-4da3-9710-127e79d8df16,Setting up robo-advisor,28b2d970-a05d-4509-99dd-83d47dbc3a16,Revolut,aa23fa4c-2ecb-4027-b126-335f9fcd86b1,1,2,7ca20c9c-782b-4323-8494-023cfb6e58b8,true,downloadableSrc,200,image/webp,73000,73000,ff86258e0018ac92b0e102ef07658528aec7f9d0a6e0d366ae307590e4123aa3,1179,2676,,,bytescale.mobbin.com,f7a1807c1ac98ccf0eecf5078d61346ac9a94ca37a547f5708d580528c9e55c0,/Users/user/mobbin-sides/screen-flows/revolut/079-revolut-setting-up-robo-advisor-bcfbeef6-686b-4da3-9710-127e79d8df16/002-7ca20c9c-782b-4323-8494-023cfb6e58b8-downloadableSrc-ff86258e0018.webp
bcfbeef6-686b-4da3-9710-127e79d8df16,Setting up robo-advisor,28b2d970-a05d-4509-99dd-83d47dbc3a16,Revolut,aa23fa4c-2ecb-4027-b126-335f9fcd86b1,2,3,faf766cd-8881-4282-b6ee-969fded1a8aa,true,downloadableSrc,200,image/webp,45900,45900,47239aad55ad0fd9a8022042c9cf5d61beeb645c209f97080bfb9845a73f694a,1179,2676,,,bytescale.mobbin.com,f7a1807c1ac98ccf0eecf5078d61346ac9a94ca37a547f5708d580528c9e55c0,/Users/user/mobbin-sides/screen-flows/revolut/079-revolut-setting-up-robo-advisor-bcfbeef6-686b-4da3-9710-127e79d8df16/003-faf766cd-8881-4282-b6ee-969fded1a8aa-downloadableSrc-47239aad55ad.webp
bcfbeef6-686b-4da3-9710-127e79d8df16,Setting up robo-advisor,28b2d970-a05d-4509-99dd-83d47dbc3a16,Revolut,aa23fa4c-2ecb-4027-b126-335f9fcd86b1,3,4,1af3df13-d765-4eca-9cae-c713fd1ce26f,true,downloadableSrc,200,image/webp,32394,32394,f0c9cb2652cec3e519c231099d0e0bbb502548b24e0a1a52949010a0a5000527,1179,2676,,,bytescale.mobbin.com,f7a1807c1ac98ccf0eecf5078d61346ac9a94ca37a547f5708d580528c9e55c0,/Users/user/mobbin-sides/screen-flows/revolut/079-revolut-setting-up-robo-advisor-bcfbeef6-686b-4da3-9710-127e79d8df16/004-1af3df13-d765-4eca-9cae-c713fd1ce26f-downloadableSrc-f0c9cb2652ce.webp
bcfbeef6-686b-4da3-9710-127e79d8df16,Setting up robo-advisor,28b2d970-a05d-4509-99dd-83d47dbc3a16,Revolut,aa23fa4c-2ecb-4027-b126-335f9fcd86b1,4,5,cda40db2-93fb-4392-99d2-07b3e53fc090,true,downloadableSrc,200,image/webp,41536,41536,a91d409fdfad6b363439cc6e4943957bb1063488d47ae132bad048130f56272b,1179,2676,,,bytescale.mobbin.com,f7a1807c1ac98ccf0eecf5078d61346ac9a94ca37a547f5708d580528c9e55c0,/Users/user/mobbin-sides/screen-flows/revolut/079-revolut-setting-up-robo-advisor-bcfbeef6-686b-4da3-9710-127e79d8df16/005-cda40db2-93fb-4392-99d2-07b3e53fc090-downloadableSrc-a91d409fdfad.webp
bcfbeef6-686b-4da3-9710-127e79d8df16,Setting up robo-advisor,28b2d970-a05d-4509-99dd-83d47dbc3a16,Revolut,aa23fa4c-2ecb-4027-b126-335f9fcd86b1,5,6,47415136-a47b-4f4f-9b68-60057f71c838,true,downloadableSrc,200,image/webp,77210,77210,e5613254c27501b6fe063cf25ed0150aa4b0459895ac086f54812a989e7b4e6e,1179,2676,,,bytescale.mobbin.com,f7a1807c1ac98ccf0eecf5078d61346ac9a94ca37a547f5708d580528c9e55c0,/Users/user/mobbin-sides/screen-flows/revolut/079-revolut-setting-up-robo-advisor-bcfbeef6-686b-4da3-9710-127e79d8df16/006-47415136-a47b-4f4f-9b68-60057f71c838-downloadableSrc-e5613254c275.webp
bcfbeef6-686b-4da3-9710-127e79d8df16,Setting up robo-advisor,28b2d970-a05d-4509-99dd-83d47dbc3a16,Revolut,aa23fa4c-2ecb-4027-b126-335f9fcd86b1,6,7,11f60534-2a1d-40cb-8193-52736bd33585,true,downloadableSrc,200,image/webp,29222,29222,ef8f596f5bde7ff7cbba744a5f16ea9039d6f280d1bedfac89bf2c3565e6f5a9,1179,2676,,,bytescale.mobbin.com,f7a1807c1ac98ccf0eecf5078d61346ac9a94ca37a547f5708d580528c9e55c0,/Users/user/mobbin-sides/screen-flows/revolut/079-revolut-setting-up-robo-advisor-bcfbeef6-686b-4da3-9710-127e79d8df16/007-11f60534-2a1d-40cb-8193-52736bd33585-downloadableSrc-ef8f596f5bde.webp
bcfbeef6-686b-4da3-9710-127e79d8df16,Setting up robo-advisor,28b2d970-a05d-4509-99dd-83d47dbc3a16,Revolut,aa23fa4c-2ecb-4027-b126-335f9fcd86b1,7,8,99561204-61fa-43f0-9bf3-ff43f5f0b8d6,true,downloadableSrc,200,image/webp,35218,35218,1bd587d430d1c366056c4fc4e2e6fdef387593e6f6a3549413be59e114df5fae,1179,2676,,,bytescale.mobbin.com,f7a1807c1ac98ccf0eecf5078d61346ac9a94ca37a547f5708d580528c9e55c0,/Users/user/mobbin-sides/screen-flows/revolut/079-revolut-setting-up-robo-advisor-bcfbeef6-686b-4da3-9710-127e79d8df16/008-99561204-61fa-43f0-9bf3-ff43f5f0b8d6-downloadableSrc-1bd587d430d1.webp
bcfbeef6-686b-4da3-9710-127e79d8df16,Setting up robo-advisor,28b2d970-a05d-4509-99dd-83d47dbc3a16,Revolut,aa23fa4c-2ecb-4027-b126-335f9fcd86b1,8,9,96cb6202-3f22-4373-9aa6-9fc60f19ca9a,true,downloadableSrc,200,image/webp,71364,71364,278f3bc32860755ec9d40d3ecfb55f0f8d97a4eb32fbfd5ec127fd482ddfe02f,1179,2676,,,bytescale.mobbin.com,f7a1807c1ac98ccf0eecf5078d61346ac9a94ca37a547f5708d580528c9e55c0,/Users/user/mobbin-sides/screen-flows/revolut/079-revolut-setting-up-robo-advisor-bcfbeef6-686b-4da3-9710-127e79d8df16/009-96cb6202-3f22-4373-9aa6-9fc60f19ca9a-downloadableSrc-278f3bc32860.webp
bcfbeef6-686b-4da3-9710-127e79d8df16,Setting up robo-advisor,28b2d970-a05d-4509-99dd-83d47dbc3a16,Revolut,aa23fa4c-2ecb-4027-b126-335f9fcd86b1,9,10,ff631ad3-9f09-4a8d-8fea-125712ce17d8,true,downloadableSrc,200,image/webp,80382,80382,49379bb357667a63cde4a8a741e536f552d1cdbe5acee4f8a43175c0116d844b,1179,2676,,,bytescale.mobbin.com,f7a1807c1ac98ccf0eecf5078d61346ac9a94ca37a547f5708d580528c9e55c0,/Users/user/mobbin-sides/screen-flows/revolut/079-revolut-setting-up-robo-advisor-bcfbeef6-686b-4da3-9710-127e79d8df16/010-ff631ad3-9f09-4a8d-8fea-125712ce17d8-downloadableSrc-49379bb35766.webp
bcfbeef6-686b-4da3-9710-127e79d8df16,Setting up robo-advisor,28b2d970-a05d-4509-99dd-83d47dbc3a16,Revolut,aa23fa4c-2ecb-4027-b126-335f9fcd86b1,10,11,200f6fef-69c2-48f1-bbce-befc53a78a2c,true,downloadableSrc,200,image/webp,136858,136858,14385a7f0222663c1c9d6d7728efbfa1a301d460b14ef61252a731af9578e86d,1179,2676,,,bytescale.mobbin.com,f7a1807c1ac98ccf0eecf5078d61346ac9a94ca37a547f5708d580528c9e55c0,/Users/user/mobbin-sides/screen-flows/revolut/079-revolut-setting-up-robo-advisor-bcfbeef6-686b-4da3-9710-127e79d8df16/011-200f6fef-69c2-48f1-bbce-befc53a78a2c-downloadableSrc-14385a7f0222.webp
bcfbeef6-686b-4da3-9710-127e79d8df16,Setting up robo-advisor,28b2d970-a05d-4509-99dd-83d47dbc3a16,Revolut,aa23fa4c-2ecb-4027-b126-335f9fcd86b1,11,12,a719b583-a070-4672-9ce6-6f2ce9ebd82f,true,downloadableSrc,200,image/webp,75494,75494,72c8a44d64c6233532bc1d1820db67890bb082671a0d8d1cada1697b7b39d34a,1179,2676,,,bytescale.mobbin.com,f7a1807c1ac98ccf0eecf5078d61346ac9a94ca37a547f5708d580528c9e55c0,/Users/user/mobbin-sides/screen-flows/revolut/079-revolut-setting-up-robo-advisor-bcfbeef6-686b-4da3-9710-127e79d8df16/012-a719b583-a070-4672-9ce6-6f2ce9ebd82f-downloadableSrc-72c8a44d64c6.webp
bcfbeef6-686b-4da3-9710-127e79d8df16,Setting up robo-advisor,28b2d970-a05d-4509-99dd-83d47dbc3a16,Revolut,aa23fa4c-2ecb-4027-b126-335f9fcd86b1,12,13,bf513ed9-916f-4bbf-a8e5-1ce871836caf,true,downloadableSrc,200,image/webp,84794,84794,dd9bc750bc37f70df221e71c5b0931e15b8e9b316ac519ca24f4f00ae5cb9e20,1179,2676,,,bytescale.mobbin.com,f7a1807c1ac98ccf0eecf5078d61346ac9a94ca37a547f5708d580528c9e55c0,/Users/user/mobbin-sides/screen-flows/revolut/079-revolut-setting-up-robo-advisor-bcfbeef6-686b-4da3-9710-127e79d8df16/013-bf513ed9-916f-4bbf-a8e5-1ce871836caf-downloadableSrc-dd9bc750bc37.webp
bcfbeef6-686b-4da3-9710-127e79d8df16,Setting up robo-advisor,28b2d970-a05d-4509-99dd-83d47dbc3a16,Revolut,aa23fa4c-2ecb-4027-b126-335f9fcd86b1,13,14,6cc7a712-66f7-4d1c-9b31-183bad55df39,true,downloadableSrc,200,image/webp,64976,64976,b20ad9cd131a157e37f77bf54682bb633cefbe102424d12abc0a053fe77ce8cf,1179,2676,,,bytescale.mobbin.com,f7a1807c1ac98ccf0eecf5078d61346ac9a94ca37a547f5708d580528c9e55c0,/Users/user/mobbin-sides/screen-flows/revolut/079-revolut-setting-up-robo-advisor-bcfbeef6-686b-4da3-9710-127e79d8df16/014-6cc7a712-66f7-4d1c-9b31-183bad55df39-downloadableSrc-b20ad9cd131a.webp
6e4e7316-310e-4f9d-aa24-9ff51fb741eb,Portfolio allocation,28b2d970-a05d-4509-99dd-83d47dbc3a16,Revolut,aa23fa4c-2ecb-4027-b126-335f9fcd86b1,0,1,ff631ad3-9f09-4a8d-8fea-125712ce17d8,true,downloadableSrc,200,image/webp,80382,80382,49379bb357667a63cde4a8a741e536f552d1cdbe5acee4f8a43175c0116d844b,1179,2676,,,bytescale.mobbin.com,f7a1807c1ac98ccf0eecf5078d61346ac9a94ca37a547f5708d580528c9e55c0,/Users/user/mobbin-sides/screen-flows/revolut/080-revolut-portfolio-allocation-6e4e7316-310e-4f9d-aa24-9ff51fb741eb/001-ff631ad3-9f09-4a8d-8fea-125712ce17d8-downloadableSrc-49379bb35766.webp
6e4e7316-310e-4f9d-aa24-9ff51fb741eb,Portfolio allocation,28b2d970-a05d-4509-99dd-83d47dbc3a16,Revolut,aa23fa4c-2ecb-4027-b126-335f9fcd86b1,1,2,5063fb8f-827b-4637-87b3-94867591357f,true,downloadableSrc,200,image/webp,87036,87036,f15f1d37e93610dda03706baafd3d3257299c0227294a38067b5b1ff3fbf33a0,1179,2676,,,bytescale.mobbin.com,f7a1807c1ac98ccf0eecf5078d61346ac9a94ca37a547f5708d580528c9e55c0,/Users/user/mobbin-sides/screen-flows/revolut/080-revolut-portfolio-allocation-6e4e7316-310e-4f9d-aa24-9ff51fb741eb/002-5063fb8f-827b-4637-87b3-94867591357f-downloadableSrc-f15f1d37e936.webp
7fe16e89-df40-489c-a92f-ccd8f10dadbe,Corporate events detail,28b2d970-a05d-4509-99dd-83d47dbc3a16,Revolut,aa23fa4c-2ecb-4027-b126-335f9fcd86b1,0,1,ab3db4e6-a9b2-4d48-9a32-ae0f77bdc511,true,downloadableSrc,200,image/webp,80718,80718,da41fe377cf912563e59507b4be3ad372bbbba7e08fb0c94f2c08dc196966b86,1179,2676,,,bytescale.mobbin.com,f7a1807c1ac98ccf0eecf5078d61346ac9a94ca37a547f5708d580528c9e55c0,/Users/user/mobbin-sides/screen-flows/revolut/081-revolut-corporate-events-detail-7fe16e89-df40-489c-a92f-ccd8f10dadbe/001-ab3db4e6-a9b2-4d48-9a32-ae0f77bdc511-downloadableSrc-da41fe377cf9.webp
7fe16e89-df40-489c-a92f-ccd8f10dadbe,Corporate events detail,28b2d970-a05d-4509-99dd-83d47dbc3a16,Revolut,aa23fa4c-2ecb-4027-b126-335f9fcd86b1,1,2,f2523d26-0e2f-4d1f-8c3c-bc7af129c3f8,true,downloadableSrc,200,image/webp,78570,78570,cb3919120be5754bd7e1efbb90f491a734d9fbf6467bad7ac7415b573463cff0,1179,2676,,,bytescale.mobbin.com,f7a1807c1ac98ccf0eecf5078d61346ac9a94ca37a547f5708d580528c9e55c0,/Users/user/mobbin-sides/screen-flows/revolut/081-revolut-corporate-events-detail-7fe16e89-df40-489c-a92f-ccd8f10dadbe/002-f2523d26-0e2f-4d1f-8c3c-bc7af129c3f8-downloadableSrc-cb3919120be5.webp
7fe16e89-df40-489c-a92f-ccd8f10dadbe,Corporate events detail,28b2d970-a05d-4509-99dd-83d47dbc3a16,Revolut,aa23fa4c-2ecb-4027-b126-335f9fcd86b1,2,3,4981a15e-0490-4d32-adaf-d1454ab7068c,true,downloadableSrc,200,image/webp,63192,63192,56983feb0458195d78ccd83a09c341ca0543bc62fce3cba40ed224e2cdb10021,1179,2676,,,bytescale.mobbin.com,f7a1807c1ac98ccf0eecf5078d61346ac9a94ca37a547f5708d580528c9e55c0,/Users/user/mobbin-sides/screen-flows/revolut/081-revolut-corporate-events-detail-7fe16e89-df40-489c-a92f-ccd8f10dadbe/003-4981a15e-0490-4d32-adaf-d1454ab7068c-downloadableSrc-56983feb0458.webp
6a23956e-3b64-4cfa-b1b5-fd7c9866f5e9,Investment overview,28b2d970-a05d-4509-99dd-83d47dbc3a16,Revolut,aa23fa4c-2ecb-4027-b126-335f9fcd86b1,0,1,120a13eb-491c-4172-8646-45dcca5a51c1,true,downloadableSrc,200,image/webp,78486,78486,d2ae332a759b9d43fa21e0639559c45f8acd80e71e7af0f555fdeabffd400cfe,1179,2676,,,bytescale.mobbin.com,f7a1807c1ac98ccf0eecf5078d61346ac9a94ca37a547f5708d580528c9e55c0,/Users/user/mobbin-sides/screen-flows/revolut/082-revolut-investment-overview-6a23956e-3b64-4cfa-b1b5-fd7c9866f5e9/001-120a13eb-491c-4172-8646-45dcca5a51c1-downloadableSrc-d2ae332a759b.webp
6a23956e-3b64-4cfa-b1b5-fd7c9866f5e9,Investment overview,28b2d970-a05d-4509-99dd-83d47dbc3a16,Revolut,aa23fa4c-2ecb-4027-b126-335f9fcd86b1,1,2,40526615-6d88-4b07-a330-b44ac42ca4a5,true,downloadableSrc,200,image/webp,83212,83212,1ce4b98e9ac1f48afde686863f7d522133dd415c48500826a8570d7758dcd392,1179,2676,,,bytescale.mobbin.com,f7a1807c1ac98ccf0eecf5078d61346ac9a94ca37a547f5708d580528c9e55c0,/Users/user/mobbin-sides/screen-flows/revolut/082-revolut-investment-overview-6a23956e-3b64-4cfa-b1b5-fd7c9866f5e9/002-40526615-6d88-4b07-a330-b44ac42ca4a5-downloadableSrc-1ce4b98e9ac1.webp
6a23956e-3b64-4cfa-b1b5-fd7c9866f5e9,Investment overview,28b2d970-a05d-4509-99dd-83d47dbc3a16,Revolut,aa23fa4c-2ecb-4027-b126-335f9fcd86b1,2,3,67016065-1c31-4395-b499-735309b0e295,true,downloadableSrc,200,image/webp,88554,88554,09d0b0ce9a9b853c67fe5cade0b74cdd2a27deb6c7b18fef346144b1527c403b,1179,2676,,,bytescale.mobbin.com,f7a1807c1ac98ccf0eecf5078d61346ac9a94ca37a547f5708d580528c9e55c0,/Users/user/mobbin-sides/screen-flows/revolut/082-revolut-investment-overview-6a23956e-3b64-4cfa-b1b5-fd7c9866f5e9/003-67016065-1c31-4395-b499-735309b0e295-downloadableSrc-09d0b0ce9a9b.webp
6a23956e-3b64-4cfa-b1b5-fd7c9866f5e9,Investment overview,28b2d970-a05d-4509-99dd-83d47dbc3a16,Revolut,aa23fa4c-2ecb-4027-b126-335f9fcd86b1,3,4,753a9743-eead-45d2-b0a6-9833da25ddbc,true,downloadableSrc,200,image/webp,100464,100464,4d3522c2fce2a293fc528443cd7494708a906a13fef7e7cdd6af35569a305157,1179,2676,,,bytescale.mobbin.com,f7a1807c1ac98ccf0eecf5078d61346ac9a94ca37a547f5708d580528c9e55c0,/Users/user/mobbin-sides/screen-flows/revolut/082-revolut-investment-overview-6a23956e-3b64-4cfa-b1b5-fd7c9866f5e9/004-753a9743-eead-45d2-b0a6-9833da25ddbc-downloadableSrc-4d3522c2fce2.webp
6a23956e-3b64-4cfa-b1b5-fd7c9866f5e9,Investment overview,28b2d970-a05d-4509-99dd-83d47dbc3a16,Revolut,aa23fa4c-2ecb-4027-b126-335f9fcd86b1,4,5,8c585fe5-5428-416c-bad7-e7a4634c6d0b,true,downloadableSrc,200,image/webp,90528,90528,c0579b8ca39f1a81d2965bacd30406a8c0c5cb721711d8c3fbf78f1f5709fcbc,1179,2676,,,bytescale.mobbin.com,f7a1807c1ac98ccf0eecf5078d61346ac9a94ca37a547f5708d580528c9e55c0,/Users/user/mobbin-sides/screen-flows/revolut/082-revolut-investment-overview-6a23956e-3b64-4cfa-b1b5-fd7c9866f5e9/005-8c585fe5-5428-416c-bad7-e7a4634c6d0b-downloadableSrc-c0579b8ca39f.webp
83e364db-1abd-4b01-b3d4-eeb2f5154d10,Switching to commodities,28b2d970-a05d-4509-99dd-83d47dbc3a16,Revolut,aa23fa4c-2ecb-4027-b126-335f9fcd86b1,0,1,8c585fe5-5428-416c-bad7-e7a4634c6d0b,true,downloadableSrc,200,image/webp,90528,90528,c0579b8ca39f1a81d2965bacd30406a8c0c5cb721711d8c3fbf78f1f5709fcbc,1179,2676,,,bytescale.mobbin.com,f7a1807c1ac98ccf0eecf5078d61346ac9a94ca37a547f5708d580528c9e55c0,/Users/user/mobbin-sides/screen-flows/revolut/083-revolut-switching-to-commodities-83e364db-1abd-4b01-b3d4-eeb2f5154d10/001-8c585fe5-5428-416c-bad7-e7a4634c6d0b-downloadableSrc-c0579b8ca39f.webp
83e364db-1abd-4b01-b3d4-eeb2f5154d10,Switching to commodities,28b2d970-a05d-4509-99dd-83d47dbc3a16,Revolut,aa23fa4c-2ecb-4027-b126-335f9fcd86b1,1,2,703e98ac-e7a9-41c0-9eb7-fed3f38cac7d,true,downloadableSrc,200,image/webp,42930,42930,de549fc7857262b0f22ddf326b790a133cc33f8ccb958c2a1b3522ac1a3ecb6d,1179,2676,,,bytescale.mobbin.com,f7a1807c1ac98ccf0eecf5078d61346ac9a94ca37a547f5708d580528c9e55c0,/Users/user/mobbin-sides/screen-flows/revolut/083-revolut-switching-to-commodities-83e364db-1abd-4b01-b3d4-eeb2f5154d10/002-703e98ac-e7a9-41c0-9eb7-fed3f38cac7d-downloadableSrc-de549fc78572.webp
83e364db-1abd-4b01-b3d4-eeb2f5154d10,Switching to commodities,28b2d970-a05d-4509-99dd-83d47dbc3a16,Revolut,aa23fa4c-2ecb-4027-b126-335f9fcd86b1,2,3,ecb68f1d-8d70-4b09-9279-99b5caff9507,true,downloadableSrc,200,image/webp,97442,97442,8461f0cf5c6d1e5818a8895a7df4218d713de2a55b6b83f868dc25b75ff4f0c8,1179,2676,,,bytescale.mobbin.com,f7a1807c1ac98ccf0eecf5078d61346ac9a94ca37a547f5708d580528c9e55c0,/Users/user/mobbin-sides/screen-flows/revolut/083-revolut-switching-to-commodities-83e364db-1abd-4b01-b3d4-eeb2f5154d10/003-ecb68f1d-8d70-4b09-9279-99b5caff9507-downloadableSrc-8461f0cf5c6d.webp
83e364db-1abd-4b01-b3d4-eeb2f5154d10,Switching to commodities,28b2d970-a05d-4509-99dd-83d47dbc3a16,Revolut,aa23fa4c-2ecb-4027-b126-335f9fcd86b1,3,4,65875db1-c95f-437f-9845-95612c564cd5,true,downloadableSrc,200,image/webp,41238,41238,07814c39add5b9ad98761a05e2e6b4a0f51973076f63aff4f3ffe52d16a2f32e,1179,2676,,,bytescale.mobbin.com,f7a1807c1ac98ccf0eecf5078d61346ac9a94ca37a547f5708d580528c9e55c0,/Users/user/mobbin-sides/screen-flows/revolut/083-revolut-switching-to-commodities-83e364db-1abd-4b01-b3d4-eeb2f5154d10/004-65875db1-c95f-437f-9845-95612c564cd5-downloadableSrc-07814c39add5.webp
83e364db-1abd-4b01-b3d4-eeb2f5154d10,Switching to commodities,28b2d970-a05d-4509-99dd-83d47dbc3a16,Revolut,aa23fa4c-2ecb-4027-b126-335f9fcd86b1,4,5,d2aac4db-623d-4bb1-9a2e-f21409bafe1e,true,downloadableSrc,200,image/webp,58250,58250,9c6b82a12d1eb5732882346dbc9ae8703b578425f1075f959834cc73eb73eceb,1179,2676,,,bytescale.mobbin.com,f7a1807c1ac98ccf0eecf5078d61346ac9a94ca37a547f5708d580528c9e55c0,/Users/user/mobbin-sides/screen-flows/revolut/083-revolut-switching-to-commodities-83e364db-1abd-4b01-b3d4-eeb2f5154d10/005-d2aac4db-623d-4bb1-9a2e-f21409bafe1e-downloadableSrc-9c6b82a12d1e.webp
36d67516-86dd-4779-b5a6-c3cb0a97ab41,Buying a commodity,28b2d970-a05d-4509-99dd-83d47dbc3a16,Revolut,aa23fa4c-2ecb-4027-b126-335f9fcd86b1,0,1,65875db1-c95f-437f-9845-95612c564cd5,true,downloadableSrc,200,image/webp,41238,41238,07814c39add5b9ad98761a05e2e6b4a0f51973076f63aff4f3ffe52d16a2f32e,1179,2676,,,bytescale.mobbin.com,f7a1807c1ac98ccf0eecf5078d61346ac9a94ca37a547f5708d580528c9e55c0,/Users/user/mobbin-sides/screen-flows/revolut/084-revolut-buying-a-commodity-36d67516-86dd-4779-b5a6-c3cb0a97ab41/001-65875db1-c95f-437f-9845-95612c564cd5-downloadableSrc-07814c39add5.webp
36d67516-86dd-4779-b5a6-c3cb0a97ab41,Buying a commodity,28b2d970-a05d-4509-99dd-83d47dbc3a16,Revolut,aa23fa4c-2ecb-4027-b126-335f9fcd86b1,1,2,cf73c0ac-b6ff-4ff4-a4db-160acda0f9ff,true,downloadableSrc,200,image/webp,63916,63916,e2ded8b0a2cd1365f7ea0849c80b2b469c30ca80abd529f4208c89910d6f5219,1179,2676,,,bytescale.mobbin.com,f7a1807c1ac98ccf0eecf5078d61346ac9a94ca37a547f5708d580528c9e55c0,/Users/user/mobbin-sides/screen-flows/revolut/084-revolut-buying-a-commodity-36d67516-86dd-4779-b5a6-c3cb0a97ab41/002-cf73c0ac-b6ff-4ff4-a4db-160acda0f9ff-downloadableSrc-e2ded8b0a2cd.webp
36d67516-86dd-4779-b5a6-c3cb0a97ab41,Buying a commodity,28b2d970-a05d-4509-99dd-83d47dbc3a16,Revolut,aa23fa4c-2ecb-4027-b126-335f9fcd86b1,2,3,4aa04056-4a32-48d1-86a8-c2c9bd00ed89,true,downloadableSrc,200,image/webp,64716,64716,caec006e44124c2b861555f7861b9ab6a7dcea895236bfb4efd6cac7bdcf2cc3,1179,2676,,,bytescale.mobbin.com,f7a1807c1ac98ccf0eecf5078d61346ac9a94ca37a547f5708d580528c9e55c0,/Users/user/mobbin-sides/screen-flows/revolut/084-revolut-buying-a-commodity-36d67516-86dd-4779-b5a6-c3cb0a97ab41/003-4aa04056-4a32-48d1-86a8-c2c9bd00ed89-downloadableSrc-caec006e4412.webp
36d67516-86dd-4779-b5a6-c3cb0a97ab41,Buying a commodity,28b2d970-a05d-4509-99dd-83d47dbc3a16,Revolut,aa23fa4c-2ecb-4027-b126-335f9fcd86b1,3,4,a238b6cf-57a1-4765-ab8e-d22048ee6231,true,downloadableSrc,200,image/webp,40852,40852,f60c008f0a2d8f67e64182d8db2a2c7b037cfb9ad92058bd75571db0e38d4de2,1179,2676,,,bytescale.mobbin.com,f7a1807c1ac98ccf0eecf5078d61346ac9a94ca37a547f5708d580528c9e55c0,/Users/user/mobbin-sides/screen-flows/revolut/084-revolut-buying-a-commodity-36d67516-86dd-4779-b5a6-c3cb0a97ab41/004-a238b6cf-57a1-4765-ab8e-d22048ee6231-downloadableSrc-f60c008f0a2d.webp
36d67516-86dd-4779-b5a6-c3cb0a97ab41,Buying a commodity,28b2d970-a05d-4509-99dd-83d47dbc3a16,Revolut,aa23fa4c-2ecb-4027-b126-335f9fcd86b1,4,5,ef10c123-ceb9-445c-b27e-feea69c6a0e4,true,downloadableSrc,200,image/webp,41828,41828,d887b693aaf6227f0ec2674fdcc4e276a0bd6c04bf620bbd752d8fa2d4366b51,1179,2676,,,bytescale.mobbin.com,f7a1807c1ac98ccf0eecf5078d61346ac9a94ca37a547f5708d580528c9e55c0,/Users/user/mobbin-sides/screen-flows/revolut/084-revolut-buying-a-commodity-36d67516-86dd-4779-b5a6-c3cb0a97ab41/005-ef10c123-ceb9-445c-b27e-feea69c6a0e4-downloadableSrc-d887b693aaf6.webp
36d67516-86dd-4779-b5a6-c3cb0a97ab41,Buying a commodity,28b2d970-a05d-4509-99dd-83d47dbc3a16,Revolut,aa23fa4c-2ecb-4027-b126-335f9fcd86b1,5,6,fa21c6a4-d921-4590-b0d4-2b6fd2c29e30,true,downloadableSrc,200,image/webp,43282,43282,7a8537882a9bf6288c4fc3ae2dd8f5c101d2cc42eb5e84d1c368833dd62e52c3,1179,2676,,,bytescale.mobbin.com,f7a1807c1ac98ccf0eecf5078d61346ac9a94ca37a547f5708d580528c9e55c0,/Users/user/mobbin-sides/screen-flows/revolut/084-revolut-buying-a-commodity-36d67516-86dd-4779-b5a6-c3cb0a97ab41/006-fa21c6a4-d921-4590-b0d4-2b6fd2c29e30-downloadableSrc-7a8537882a9b.webp
36d67516-86dd-4779-b5a6-c3cb0a97ab41,Buying a commodity,28b2d970-a05d-4509-99dd-83d47dbc3a16,Revolut,aa23fa4c-2ecb-4027-b126-335f9fcd86b1,6,7,9704359e-8a38-426a-9b3a-622e2a8ad00a,true,downloadableSrc,200,image/webp,28664,28664,568e62beec322791f03e02f636bb457a88936efae9fbdd584704632c7cab39e5,1179,2676,,,bytescale.mobbin.com,f7a1807c1ac98ccf0eecf5078d61346ac9a94ca37a547f5708d580528c9e55c0,/Users/user/mobbin-sides/screen-flows/revolut/084-revolut-buying-a-commodity-36d67516-86dd-4779-b5a6-c3cb0a97ab41/007-9704359e-8a38-426a-9b3a-622e2a8ad00a-downloadableSrc-568e62beec32.webp
36d67516-86dd-4779-b5a6-c3cb0a97ab41,Buying a commodity,28b2d970-a05d-4509-99dd-83d47dbc3a16,Revolut,aa23fa4c-2ecb-4027-b126-335f9fcd86b1,7,8,c52be48d-7476-4c06-8b0f-32e2f387a43f,true,downloadableSrc,200,image/webp,58258,58258,c5d44dfaa3ecba6b2ef06bec3ca00c91ba0ff4a8de99f2e1724456b3d9a042d3,1179,2676,,,bytescale.mobbin.com,f7a1807c1ac98ccf0eecf5078d61346ac9a94ca37a547f5708d580528c9e55c0,/Users/user/mobbin-sides/screen-flows/revolut/084-revolut-buying-a-commodity-36d67516-86dd-4779-b5a6-c3cb0a97ab41/008-c52be48d-7476-4c06-8b0f-32e2f387a43f-downloadableSrc-c5d44dfaa3ec.webp
d74f694d-a771-443d-a179-bececfeec39d,Global markets,28b2d970-a05d-4509-99dd-83d47dbc3a16,Revolut,aa23fa4c-2ecb-4027-b126-335f9fcd86b1,0,1,120a13eb-491c-4172-8646-45dcca5a51c1,true,downloadableSrc,200,image/webp,78486,78486,d2ae332a759b9d43fa21e0639559c45f8acd80e71e7af0f555fdeabffd400cfe,1179,2676,,,bytescale.mobbin.com,f7a1807c1ac98ccf0eecf5078d61346ac9a94ca37a547f5708d580528c9e55c0,/Users/user/mobbin-sides/screen-flows/revolut/085-revolut-global-markets-d74f694d-a771-443d-a179-bececfeec39d/001-120a13eb-491c-4172-8646-45dcca5a51c1-downloadableSrc-d2ae332a759b.webp
d74f694d-a771-443d-a179-bececfeec39d,Global markets,28b2d970-a05d-4509-99dd-83d47dbc3a16,Revolut,aa23fa4c-2ecb-4027-b126-335f9fcd86b1,1,2,3536cb92-a674-4b3b-a642-f6e9ddc530f8,true,downloadableSrc,200,image/webp,99652,99652,fc0591d019bbedd1559089ffb0f3d35c1185e3455671b85368195d3fed08715e,1179,2676,,,bytescale.mobbin.com,f7a1807c1ac98ccf0eecf5078d61346ac9a94ca37a547f5708d580528c9e55c0,/Users/user/mobbin-sides/screen-flows/revolut/085-revolut-global-markets-d74f694d-a771-443d-a179-bececfeec39d/002-3536cb92-a674-4b3b-a642-f6e9ddc530f8-downloadableSrc-fc0591d019bb.webp
d74f694d-a771-443d-a179-bececfeec39d,Global markets,28b2d970-a05d-4509-99dd-83d47dbc3a16,Revolut,aa23fa4c-2ecb-4027-b126-335f9fcd86b1,2,3,af53b579-e8b1-40ed-85c0-c975be03c533,true,downloadableSrc,200,image/webp,119286,119286,a0dc523a8d92d707ef37177d4aa773bd31eb0b9164e951a1c940baa8335def90,1179,2676,,,bytescale.mobbin.com,f7a1807c1ac98ccf0eecf5078d61346ac9a94ca37a547f5708d580528c9e55c0,/Users/user/mobbin-sides/screen-flows/revolut/085-revolut-global-markets-d74f694d-a771-443d-a179-bececfeec39d/003-af53b579-e8b1-40ed-85c0-c975be03c533-downloadableSrc-a0dc523a8d92.webp
d74f694d-a771-443d-a179-bececfeec39d,Global markets,28b2d970-a05d-4509-99dd-83d47dbc3a16,Revolut,aa23fa4c-2ecb-4027-b126-335f9fcd86b1,3,4,6b24e56b-164a-4022-8240-7f6a618bb0ce,true,downloadableSrc,200,image/webp,116860,116860,d821c63eff390240d526659ce2e78d831a5b4028f94773e0b08539b3f2f91e13,1179,2676,,,bytescale.mobbin.com,f7a1807c1ac98ccf0eecf5078d61346ac9a94ca37a547f5708d580528c9e55c0,/Users/user/mobbin-sides/screen-flows/revolut/085-revolut-global-markets-d74f694d-a771-443d-a179-bececfeec39d/004-6b24e56b-164a-4022-8240-7f6a618bb0ce-downloadableSrc-d821c63eff39.webp
99115609-006f-4f32-ace6-3424b834d0d4,Pinning a market,28b2d970-a05d-4509-99dd-83d47dbc3a16,Revolut,aa23fa4c-2ecb-4027-b126-335f9fcd86b1,0,1,3536cb92-a674-4b3b-a642-f6e9ddc530f8,true,downloadableSrc,200,image/webp,99652,99652,fc0591d019bbedd1559089ffb0f3d35c1185e3455671b85368195d3fed08715e,1179,2676,,,bytescale.mobbin.com,f7a1807c1ac98ccf0eecf5078d61346ac9a94ca37a547f5708d580528c9e55c0,/Users/user/mobbin-sides/screen-flows/revolut/086-revolut-pinning-a-market-99115609-006f-4f32-ace6-3424b834d0d4/001-3536cb92-a674-4b3b-a642-f6e9ddc530f8-downloadableSrc-fc0591d019bb.webp
99115609-006f-4f32-ace6-3424b834d0d4,Pinning a market,28b2d970-a05d-4509-99dd-83d47dbc3a16,Revolut,aa23fa4c-2ecb-4027-b126-335f9fcd86b1,1,2,fd1284d3-54f5-4680-99a9-c66e1843959e,true,downloadableSrc,200,image/webp,36628,36628,03b73a9d5ea27aefaf99421d9206fc80a0ab479fd85aa6627efbe460ab17beba,1179,2676,,,bytescale.mobbin.com,f7a1807c1ac98ccf0eecf5078d61346ac9a94ca37a547f5708d580528c9e55c0,/Users/user/mobbin-sides/screen-flows/revolut/086-revolut-pinning-a-market-99115609-006f-4f32-ace6-3424b834d0d4/002-fd1284d3-54f5-4680-99a9-c66e1843959e-downloadableSrc-03b73a9d5ea2.webp
99115609-006f-4f32-ace6-3424b834d0d4,Pinning a market,28b2d970-a05d-4509-99dd-83d47dbc3a16,Revolut,aa23fa4c-2ecb-4027-b126-335f9fcd86b1,2,3,93789506-c5a3-4f63-a952-5b4ccdda48e9,true,downloadableSrc,200,image/webp,100798,100798,78793592e58faed65c8c4bf11883a79439c357440df9d0a230b710cadae63210,1179,2676,,,bytescale.mobbin.com,f7a1807c1ac98ccf0eecf5078d61346ac9a94ca37a547f5708d580528c9e55c0,/Users/user/mobbin-sides/screen-flows/revolut/086-revolut-pinning-a-market-99115609-006f-4f32-ace6-3424b834d0d4/003-93789506-c5a3-4f63-a952-5b4ccdda48e9-downloadableSrc-78793592e58f.webp
99115609-006f-4f32-ace6-3424b834d0d4,Pinning a market,28b2d970-a05d-4509-99dd-83d47dbc3a16,Revolut,aa23fa4c-2ecb-4027-b126-335f9fcd86b1,3,4,01a009e9-42f7-4f74-9727-9abbec97f393,true,downloadableSrc,200,image/webp,79070,79070,2cf94a7c385fba95c9bbe158e1f4a46f2f98a4f7202c667cad859a959b3e5dc2,1179,2676,,,bytescale.mobbin.com,f7a1807c1ac98ccf0eecf5078d61346ac9a94ca37a547f5708d580528c9e55c0,/Users/user/mobbin-sides/screen-flows/revolut/086-revolut-pinning-a-market-99115609-006f-4f32-ace6-3424b834d0d4/004-01a009e9-42f7-4f74-9727-9abbec97f393-downloadableSrc-2cf94a7c385f.webp
a2c79ef9-021a-468a-ba6f-a22df2e3977a,Payments,28b2d970-a05d-4509-99dd-83d47dbc3a16,Revolut,aa23fa4c-2ecb-4027-b126-335f9fcd86b1,0,1,a2e597fa-50af-426b-93ba-5726fc0ef3da,true,downloadableSrc,200,image/webp,85028,85028,6c40c7b4f402f08ba3a18e29dce092dfbc455e062af885a0c40c44e55e0ece6a,1179,2676,,,bytescale.mobbin.com,f7a1807c1ac98ccf0eecf5078d61346ac9a94ca37a547f5708d580528c9e55c0,/Users/user/mobbin-sides/screen-flows/revolut/087-revolut-payments-a2c79ef9-021a-468a-ba6f-a22df2e3977a/001-a2e597fa-50af-426b-93ba-5726fc0ef3da-downloadableSrc-6c40c7b4f402.webp
a2c79ef9-021a-468a-ba6f-a22df2e3977a,Payments,28b2d970-a05d-4509-99dd-83d47dbc3a16,Revolut,aa23fa4c-2ecb-4027-b126-335f9fcd86b1,1,2,afcdda87-3fd6-4106-876f-d57464e868c1,true,downloadableSrc,200,image/webp,36612,36612,caa49a87b41f6e05418be90feb58ecc57f30d997ad0f68696b1f56e6dd0e0961,1179,2676,,,bytescale.mobbin.com,f7a1807c1ac98ccf0eecf5078d61346ac9a94ca37a547f5708d580528c9e55c0,/Users/user/mobbin-sides/screen-flows/revolut/087-revolut-payments-a2c79ef9-021a-468a-ba6f-a22df2e3977a/002-afcdda87-3fd6-4106-876f-d57464e868c1-downloadableSrc-caa49a87b41f.webp
a2c79ef9-021a-468a-ba6f-a22df2e3977a,Payments,28b2d970-a05d-4509-99dd-83d47dbc3a16,Revolut,aa23fa4c-2ecb-4027-b126-335f9fcd86b1,2,3,89d45e1e-bd73-4b1e-9a57-5bc4c83e2e5a,true,downloadableSrc,200,image/webp,52390,52390,0c3f401a9420e8828c6fde87d805c90a228ceb46104f36131d6f0e152d719442,1179,2676,,,bytescale.mobbin.com,f7a1807c1ac98ccf0eecf5078d61346ac9a94ca37a547f5708d580528c9e55c0,/Users/user/mobbin-sides/screen-flows/revolut/087-revolut-payments-a2c79ef9-021a-468a-ba6f-a22df2e3977a/003-89d45e1e-bd73-4b1e-9a57-5bc4c83e2e5a-downloadableSrc-0c3f401a9420.webp
a2c79ef9-021a-468a-ba6f-a22df2e3977a,Payments,28b2d970-a05d-4509-99dd-83d47dbc3a16,Revolut,aa23fa4c-2ecb-4027-b126-335f9fcd86b1,3,4,f279e075-cb96-414a-90d8-071cb1e7d3ff,true,downloadableSrc,200,image/webp,55212,55212,86cff8a8b1eb03f878545f952fad44c38b991310b8b1ea446b3f13da53662fdc,1179,2676,,,bytescale.mobbin.com,f7a1807c1ac98ccf0eecf5078d61346ac9a94ca37a547f5708d580528c9e55c0,/Users/user/mobbin-sides/screen-flows/revolut/087-revolut-payments-a2c79ef9-021a-468a-ba6f-a22df2e3977a/004-f279e075-cb96-414a-90d8-071cb1e7d3ff-downloadableSrc-86cff8a8b1eb.webp
a2c79ef9-021a-468a-ba6f-a22df2e3977a,Payments,28b2d970-a05d-4509-99dd-83d47dbc3a16,Revolut,aa23fa4c-2ecb-4027-b126-335f9fcd86b1,4,5,ab252186-689d-4d78-b1c0-9b4f830e7068,true,downloadableSrc,200,image/webp,54654,54654,a90b540375bc47ad76a30b6277543c4c5b9652144441a198ef17e2e321c6bbf3,1179,2676,,,bytescale.mobbin.com,f7a1807c1ac98ccf0eecf5078d61346ac9a94ca37a547f5708d580528c9e55c0,/Users/user/mobbin-sides/screen-flows/revolut/087-revolut-payments-a2c79ef9-021a-468a-ba6f-a22df2e3977a/005-ab252186-689d-4d78-b1c0-9b4f830e7068-downloadableSrc-a90b540375bc.webp
a2c79ef9-021a-468a-ba6f-a22df2e3977a,Payments,28b2d970-a05d-4509-99dd-83d47dbc3a16,Revolut,aa23fa4c-2ecb-4027-b126-335f9fcd86b1,5,6,04b9ae2f-d281-458d-b846-dbed691c981e,true,downloadableSrc,200,image/webp,63792,63792,59c064795b49a7b32e5afa9459573e203abfbaa631db4974420fba3ef2203d0d,1179,2676,,,bytescale.mobbin.com,f7a1807c1ac98ccf0eecf5078d61346ac9a94ca37a547f5708d580528c9e55c0,/Users/user/mobbin-sides/screen-flows/revolut/087-revolut-payments-a2c79ef9-021a-468a-ba6f-a22df2e3977a/006-04b9ae2f-d281-458d-b846-dbed691c981e-downloadableSrc-59c064795b49.webp
362ee17f-0745-43eb-b2f7-18aac3a955e4,Scheduled payments,28b2d970-a05d-4509-99dd-83d47dbc3a16,Revolut,aa23fa4c-2ecb-4027-b126-335f9fcd86b1,0,1,89d45e1e-bd73-4b1e-9a57-5bc4c83e2e5a,true,downloadableSrc,200,image/webp,52390,52390,0c3f401a9420e8828c6fde87d805c90a228ceb46104f36131d6f0e152d719442,1179,2676,,,bytescale.mobbin.com,f7a1807c1ac98ccf0eecf5078d61346ac9a94ca37a547f5708d580528c9e55c0,/Users/user/mobbin-sides/screen-flows/revolut/088-revolut-scheduled-payments-362ee17f-0745-43eb-b2f7-18aac3a955e4/001-89d45e1e-bd73-4b1e-9a57-5bc4c83e2e5a-downloadableSrc-0c3f401a9420.webp
362ee17f-0745-43eb-b2f7-18aac3a955e4,Scheduled payments,28b2d970-a05d-4509-99dd-83d47dbc3a16,Revolut,aa23fa4c-2ecb-4027-b126-335f9fcd86b1,1,2,a5da7cd0-dc8f-450a-8653-cf5a851d972d,true,downloadableSrc,200,image/webp,46716,46716,f5d6282766a06252e4f8a35e0ef2de5d2c028eb91584b2b84465cd4daad72550,1179,2676,,,bytescale.mobbin.com,f7a1807c1ac98ccf0eecf5078d61346ac9a94ca37a547f5708d580528c9e55c0,/Users/user/mobbin-sides/screen-flows/revolut/088-revolut-scheduled-payments-362ee17f-0745-43eb-b2f7-18aac3a955e4/002-a5da7cd0-dc8f-450a-8653-cf5a851d972d-downloadableSrc-f5d6282766a0.webp
362ee17f-0745-43eb-b2f7-18aac3a955e4,Scheduled payments,28b2d970-a05d-4509-99dd-83d47dbc3a16,Revolut,aa23fa4c-2ecb-4027-b126-335f9fcd86b1,2,3,291d550b-6f90-4b61-b2b8-acf23de3fd1c,true,downloadableSrc,200,image/webp,43194,43194,9c3d7cf0a2bd63be88e716b51216cef14945c866c3ce97b9ccae61206fedd993,1179,2676,,,bytescale.mobbin.com,f7a1807c1ac98ccf0eecf5078d61346ac9a94ca37a547f5708d580528c9e55c0,/Users/user/mobbin-sides/screen-flows/revolut/088-revolut-scheduled-payments-362ee17f-0745-43eb-b2f7-18aac3a955e4/003-291d550b-6f90-4b61-b2b8-acf23de3fd1c-downloadableSrc-9c3d7cf0a2bd.webp
6f8ebef2-bf8e-49fa-9292-1baf18dc405e,Transfer detail,28b2d970-a05d-4509-99dd-83d47dbc3a16,Revolut,aa23fa4c-2ecb-4027-b126-335f9fcd86b1,0,1,291d550b-6f90-4b61-b2b8-acf23de3fd1c,true,downloadableSrc,200,image/webp,43194,43194,9c3d7cf0a2bd63be88e716b51216cef14945c866c3ce97b9ccae61206fedd993,1179,2676,,,bytescale.mobbin.com,f7a1807c1ac98ccf0eecf5078d61346ac9a94ca37a547f5708d580528c9e55c0,/Users/user/mobbin-sides/screen-flows/revolut/089-revolut-transfer-detail-6f8ebef2-bf8e-49fa-9292-1baf18dc405e/001-291d550b-6f90-4b61-b2b8-acf23de3fd1c-downloadableSrc-9c3d7cf0a2bd.webp
6f8ebef2-bf8e-49fa-9292-1baf18dc405e,Transfer detail,28b2d970-a05d-4509-99dd-83d47dbc3a16,Revolut,aa23fa4c-2ecb-4027-b126-335f9fcd86b1,1,2,aab8353c-b19e-4472-8cfe-03b57c2361c2,true,downloadableSrc,200,image/webp,30226,30226,04e05436c73206f46f8fe7a089c5bdc08c6775bcf3cf0934cc15aab5b43a651b,1179,2676,,,bytescale.mobbin.com,f7a1807c1ac98ccf0eecf5078d61346ac9a94ca37a547f5708d580528c9e55c0,/Users/user/mobbin-sides/screen-flows/revolut/089-revolut-transfer-detail-6f8ebef2-bf8e-49fa-9292-1baf18dc405e/002-aab8353c-b19e-4472-8cfe-03b57c2361c2-downloadableSrc-04e05436c732.webp
68309698-662e-4bed-a5fb-63c00779f570,Pausing a transfer,28b2d970-a05d-4509-99dd-83d47dbc3a16,Revolut,aa23fa4c-2ecb-4027-b126-335f9fcd86b1,0,1,aab8353c-b19e-4472-8cfe-03b57c2361c2,true,downloadableSrc,200,image/webp,30226,30226,04e05436c73206f46f8fe7a089c5bdc08c6775bcf3cf0934cc15aab5b43a651b,1179,2676,,,bytescale.mobbin.com,f7a1807c1ac98ccf0eecf5078d61346ac9a94ca37a547f5708d580528c9e55c0,/Users/user/mobbin-sides/screen-flows/revolut/090-revolut-pausing-a-transfer-68309698-662e-4bed-a5fb-63c00779f570/001-aab8353c-b19e-4472-8cfe-03b57c2361c2-downloadableSrc-04e05436c732.webp
68309698-662e-4bed-a5fb-63c00779f570,Pausing a transfer,28b2d970-a05d-4509-99dd-83d47dbc3a16,Revolut,aa23fa4c-2ecb-4027-b126-335f9fcd86b1,1,2,dc30b51c-f31e-4965-9ecb-083cfe2e5768,true,downloadableSrc,200,image/webp,37026,37026,a74c1dba3f2c874fdf912a63fd973888cd048ea3fd6863f06444c4dd2d04a7b7,1179,2676,,,bytescale.mobbin.com,f7a1807c1ac98ccf0eecf5078d61346ac9a94ca37a547f5708d580528c9e55c0,/Users/user/mobbin-sides/screen-flows/revolut/090-revolut-pausing-a-transfer-68309698-662e-4bed-a5fb-63c00779f570/002-dc30b51c-f31e-4965-9ecb-083cfe2e5768-downloadableSrc-a74c1dba3f2c.webp
04775744-8ad3-4eec-83c8-d848ea056e63,Deleting a transfer,28b2d970-a05d-4509-99dd-83d47dbc3a16,Revolut,aa23fa4c-2ecb-4027-b126-335f9fcd86b1,0,1,aab8353c-b19e-4472-8cfe-03b57c2361c2,true,downloadableSrc,200,image/webp,30226,30226,04e05436c73206f46f8fe7a089c5bdc08c6775bcf3cf0934cc15aab5b43a651b,1179,2676,,,bytescale.mobbin.com,f7a1807c1ac98ccf0eecf5078d61346ac9a94ca37a547f5708d580528c9e55c0,/Users/user/mobbin-sides/screen-flows/revolut/091-revolut-deleting-a-transfer-04775744-8ad3-4eec-83c8-d848ea056e63/001-aab8353c-b19e-4472-8cfe-03b57c2361c2-downloadableSrc-04e05436c732.webp
04775744-8ad3-4eec-83c8-d848ea056e63,Deleting a transfer,28b2d970-a05d-4509-99dd-83d47dbc3a16,Revolut,aa23fa4c-2ecb-4027-b126-335f9fcd86b1,1,2,7eeaee73-26e5-4b44-98b4-612183499579,true,downloadableSrc,200,image/webp,37906,37906,9b0270f53ef2f8072f726415ceab2296cdfcdfa466111a90bffd84add5b09cce,1179,2676,,,bytescale.mobbin.com,f7a1807c1ac98ccf0eecf5078d61346ac9a94ca37a547f5708d580528c9e55c0,/Users/user/mobbin-sides/screen-flows/revolut/091-revolut-deleting-a-transfer-04775744-8ad3-4eec-83c8-d848ea056e63/002-7eeaee73-26e5-4b44-98b4-612183499579-downloadableSrc-9b0270f53ef2.webp
04775744-8ad3-4eec-83c8-d848ea056e63,Deleting a transfer,28b2d970-a05d-4509-99dd-83d47dbc3a16,Revolut,aa23fa4c-2ecb-4027-b126-335f9fcd86b1,2,3,bb46ec3e-e125-4e0b-849d-0822ff7d295e,true,downloadableSrc,200,image/webp,33570,33570,d0de2797cbf1a11c9606dd8e7b45a105983c22fa1a29bb218ed49ae57a1192c5,1179,2676,,,bytescale.mobbin.com,f7a1807c1ac98ccf0eecf5078d61346ac9a94ca37a547f5708d580528c9e55c0,/Users/user/mobbin-sides/screen-flows/revolut/091-revolut-deleting-a-transfer-04775744-8ad3-4eec-83c8-d848ea056e63/003-bb46ec3e-e125-4e0b-849d-0822ff7d295e-downloadableSrc-d0de2797cbf1.webp
c8c4b7d9-8f9b-472e-85ac-bb78ac034355,Blocking a subscription,28b2d970-a05d-4509-99dd-83d47dbc3a16,Revolut,aa23fa4c-2ecb-4027-b126-335f9fcd86b1,0,1,87422e20-8bd6-4ab7-a663-35776baff036,true,downloadableSrc,200,image/webp,40166,40166,5e8816613c85a4eea8d54ed567b24942b4f382e150647533f76e56e53e636635,1179,2676,,,bytescale.mobbin.com,f7a1807c1ac98ccf0eecf5078d61346ac9a94ca37a547f5708d580528c9e55c0,/Users/user/mobbin-sides/screen-flows/revolut/092-revolut-blocking-a-subscription-c8c4b7d9-8f9b-472e-85ac-bb78ac034355/001-87422e20-8bd6-4ab7-a663-35776baff036-downloadableSrc-5e8816613c85.webp
c8c4b7d9-8f9b-472e-85ac-bb78ac034355,Blocking a subscription,28b2d970-a05d-4509-99dd-83d47dbc3a16,Revolut,aa23fa4c-2ecb-4027-b126-335f9fcd86b1,1,2,e7e9ba0b-d559-49e2-8fdf-b870f82bffa7,true,downloadableSrc,200,image/webp,51142,51142,b3484794f21690eff9582a415894d25053f055a1415a5e041c79b6ea483953a2,1179,2676,,,bytescale.mobbin.com,f7a1807c1ac98ccf0eecf5078d61346ac9a94ca37a547f5708d580528c9e55c0,/Users/user/mobbin-sides/screen-flows/revolut/092-revolut-blocking-a-subscription-c8c4b7d9-8f9b-472e-85ac-bb78ac034355/002-e7e9ba0b-d559-49e2-8fdf-b870f82bffa7-downloadableSrc-b3484794f216.webp
c8c4b7d9-8f9b-472e-85ac-bb78ac034355,Blocking a subscription,28b2d970-a05d-4509-99dd-83d47dbc3a16,Revolut,aa23fa4c-2ecb-4027-b126-335f9fcd86b1,2,3,62d3f2be-6df4-4d71-9f8f-94b35e862aff,true,downloadableSrc,200,image/webp,47240,47240,68708ce55c14043b5361db9290712ab74304c4c0a36ab0a18fe639ec59b17316,1179,2676,,,bytescale.mobbin.com,f7a1807c1ac98ccf0eecf5078d61346ac9a94ca37a547f5708d580528c9e55c0,/Users/user/mobbin-sides/screen-flows/revolut/092-revolut-blocking-a-subscription-c8c4b7d9-8f9b-472e-85ac-bb78ac034355/003-62d3f2be-6df4-4d71-9f8f-94b35e862aff-downloadableSrc-68708ce55c14.webp
c8c4b7d9-8f9b-472e-85ac-bb78ac034355,Blocking a subscription,28b2d970-a05d-4509-99dd-83d47dbc3a16,Revolut,aa23fa4c-2ecb-4027-b126-335f9fcd86b1,3,4,71729521-0f46-4d59-b571-8aa74b08bd4b,true,downloadableSrc,200,image/webp,50678,50678,85360ffdc4b3e6b1e16b320c4de52055f7b759e37d05ee29ca3eff982b97c852,1179,2676,,,bytescale.mobbin.com,f7a1807c1ac98ccf0eecf5078d61346ac9a94ca37a547f5708d580528c9e55c0,/Users/user/mobbin-sides/screen-flows/revolut/092-revolut-blocking-a-subscription-c8c4b7d9-8f9b-472e-85ac-bb78ac034355/004-71729521-0f46-4d59-b571-8aa74b08bd4b-downloadableSrc-85360ffdc4b3.webp
c8c4b7d9-8f9b-472e-85ac-bb78ac034355,Blocking a subscription,28b2d970-a05d-4509-99dd-83d47dbc3a16,Revolut,aa23fa4c-2ecb-4027-b126-335f9fcd86b1,4,5,c4e87b2c-a7bd-4536-8368-fdfa8da83990,true,downloadableSrc,200,image/webp,44354,44354,560f8cf1f3d7eec0637d24c50853522c45db92af7c1943d3709407fac3c8627c,1179,2676,,,bytescale.mobbin.com,f7a1807c1ac98ccf0eecf5078d61346ac9a94ca37a547f5708d580528c9e55c0,/Users/user/mobbin-sides/screen-flows/revolut/092-revolut-blocking-a-subscription-c8c4b7d9-8f9b-472e-85ac-bb78ac034355/005-c4e87b2c-a7bd-4536-8368-fdfa8da83990-downloadableSrc-560f8cf1f3d7.webp
c8c4b7d9-8f9b-472e-85ac-bb78ac034355,Blocking a subscription,28b2d970-a05d-4509-99dd-83d47dbc3a16,Revolut,aa23fa4c-2ecb-4027-b126-335f9fcd86b1,5,6,49decca9-08a4-44d7-91e1-ef39096b3f5a,true,downloadableSrc,200,image/webp,36164,36164,a480d547aa32b7a92f8bb3b25e1b9dbd0e5f070ede11b3950c2dab42e235bfda,1179,2676,,,bytescale.mobbin.com,f7a1807c1ac98ccf0eecf5078d61346ac9a94ca37a547f5708d580528c9e55c0,/Users/user/mobbin-sides/screen-flows/revolut/092-revolut-blocking-a-subscription-c8c4b7d9-8f9b-472e-85ac-bb78ac034355/006-49decca9-08a4-44d7-91e1-ef39096b3f5a-downloadableSrc-a480d547aa32.webp
c8c4b7d9-8f9b-472e-85ac-bb78ac034355,Blocking a subscription,28b2d970-a05d-4509-99dd-83d47dbc3a16,Revolut,aa23fa4c-2ecb-4027-b126-335f9fcd86b1,6,7,693074f2-c7ee-4dde-8a06-d125b3d75516,true,downloadableSrc,200,image/webp,51208,51208,3f61ebc2d820460ae914f9bb39a9ca14e9df17000239f4f4a585f49827213830,1179,2676,,,bytescale.mobbin.com,f7a1807c1ac98ccf0eecf5078d61346ac9a94ca37a547f5708d580528c9e55c0,/Users/user/mobbin-sides/screen-flows/revolut/092-revolut-blocking-a-subscription-c8c4b7d9-8f9b-472e-85ac-bb78ac034355/007-693074f2-c7ee-4dde-8a06-d125b3d75516-downloadableSrc-3f61ebc2d820.webp
c8c4b7d9-8f9b-472e-85ac-bb78ac034355,Blocking a subscription,28b2d970-a05d-4509-99dd-83d47dbc3a16,Revolut,aa23fa4c-2ecb-4027-b126-335f9fcd86b1,7,8,e16d5ce6-e005-45e0-8a89-64339fe2f1e3,true,downloadableSrc,200,image/webp,73312,73312,a60f5db7e76099a0b2ab132765180d7383612cb847b02139103da2f257a2fa94,1179,2676,,,bytescale.mobbin.com,f7a1807c1ac98ccf0eecf5078d61346ac9a94ca37a547f5708d580528c9e55c0,/Users/user/mobbin-sides/screen-flows/revolut/092-revolut-blocking-a-subscription-c8c4b7d9-8f9b-472e-85ac-bb78ac034355/008-e16d5ce6-e005-45e0-8a89-64339fe2f1e3-downloadableSrc-a60f5db7e760.webp
e84c236a-2754-4e73-982a-ba59f9123e45,Unblocking a subscription,28b2d970-a05d-4509-99dd-83d47dbc3a16,Revolut,aa23fa4c-2ecb-4027-b126-335f9fcd86b1,0,1,e16d5ce6-e005-45e0-8a89-64339fe2f1e3,true,downloadableSrc,200,image/webp,73312,73312,a60f5db7e76099a0b2ab132765180d7383612cb847b02139103da2f257a2fa94,1179,2676,,,bytescale.mobbin.com,f7a1807c1ac98ccf0eecf5078d61346ac9a94ca37a547f5708d580528c9e55c0,/Users/user/mobbin-sides/screen-flows/revolut/093-revolut-unblocking-a-subscription-e84c236a-2754-4e73-982a-ba59f9123e45/001-e16d5ce6-e005-45e0-8a89-64339fe2f1e3-downloadableSrc-a60f5db7e760.webp
e84c236a-2754-4e73-982a-ba59f9123e45,Unblocking a subscription,28b2d970-a05d-4509-99dd-83d47dbc3a16,Revolut,aa23fa4c-2ecb-4027-b126-335f9fcd86b1,1,2,198e044e-1ad1-4675-9f6e-178ca87fc7ea,true,downloadableSrc,200,image/webp,67386,67386,bb8b267aaaebc72de0ba53ec64b03e5b2f8a08469b4f9ddf31eba2b26b068290,1179,2676,,,bytescale.mobbin.com,f7a1807c1ac98ccf0eecf5078d61346ac9a94ca37a547f5708d580528c9e55c0,/Users/user/mobbin-sides/screen-flows/revolut/093-revolut-unblocking-a-subscription-e84c236a-2754-4e73-982a-ba59f9123e45/002-198e044e-1ad1-4675-9f6e-178ca87fc7ea-downloadableSrc-bb8b267aaaeb.webp
e84c236a-2754-4e73-982a-ba59f9123e45,Unblocking a subscription,28b2d970-a05d-4509-99dd-83d47dbc3a16,Revolut,aa23fa4c-2ecb-4027-b126-335f9fcd86b1,2,3,46665cc2-84e7-4b7c-ad09-d9ef8ca2f734,true,downloadableSrc,200,image/webp,38082,38082,7899e5be232eb9a39e597570d4bcca0bc19c8fd7e9e966ee99efe64921a400a3,1179,2676,,,bytescale.mobbin.com,f7a1807c1ac98ccf0eecf5078d61346ac9a94ca37a547f5708d580528c9e55c0,/Users/user/mobbin-sides/screen-flows/revolut/093-revolut-unblocking-a-subscription-e84c236a-2754-4e73-982a-ba59f9123e45/003-46665cc2-84e7-4b7c-ad09-d9ef8ca2f734-downloadableSrc-7899e5be232e.webp
e84c236a-2754-4e73-982a-ba59f9123e45,Unblocking a subscription,28b2d970-a05d-4509-99dd-83d47dbc3a16,Revolut,aa23fa4c-2ecb-4027-b126-335f9fcd86b1,3,4,f4e3b120-5492-4171-97c6-be853b4b899d,true,downloadableSrc,200,image/webp,65552,65552,f38bd9184ef5e45fb7b17fcc6171a5b27971b8ebb62ce5e89a5779dd3d5cee3b,1179,2676,,,bytescale.mobbin.com,f7a1807c1ac98ccf0eecf5078d61346ac9a94ca37a547f5708d580528c9e55c0,/Users/user/mobbin-sides/screen-flows/revolut/093-revolut-unblocking-a-subscription-e84c236a-2754-4e73-982a-ba59f9123e45/004-f4e3b120-5492-4171-97c6-be853b4b899d-downloadableSrc-f38bd9184ef5.webp
911dc999-71f7-4208-9e9a-c3e092a295e2,Scheduling a transfer (user),28b2d970-a05d-4509-99dd-83d47dbc3a16,Revolut,aa23fa4c-2ecb-4027-b126-335f9fcd86b1,0,1,87422e20-8bd6-4ab7-a663-35776baff036,true,downloadableSrc,200,image/webp,40166,40166,5e8816613c85a4eea8d54ed567b24942b4f382e150647533f76e56e53e636635,1179,2676,,,bytescale.mobbin.com,f7a1807c1ac98ccf0eecf5078d61346ac9a94ca37a547f5708d580528c9e55c0,/Users/user/mobbin-sides/screen-flows/revolut/094-revolut-scheduling-a-transfer-user-911dc999-71f7-4208-9e9a-c3e092a295e2/001-87422e20-8bd6-4ab7-a663-35776baff036-downloadableSrc-5e8816613c85.webp
911dc999-71f7-4208-9e9a-c3e092a295e2,Scheduling a transfer (user),28b2d970-a05d-4509-99dd-83d47dbc3a16,Revolut,aa23fa4c-2ecb-4027-b126-335f9fcd86b1,1,2,44360022-9af7-4131-ad17-93932c7c0504,true,downloadableSrc,200,image/webp,37488,37488,1b0afb0d813390c6b49f364058e4088bd1c286ccab384b3ef07a3c8b2723b8c7,1179,2676,,,bytescale.mobbin.com,f7a1807c1ac98ccf0eecf5078d61346ac9a94ca37a547f5708d580528c9e55c0,/Users/user/mobbin-sides/screen-flows/revolut/094-revolut-scheduling-a-transfer-user-911dc999-71f7-4208-9e9a-c3e092a295e2/002-44360022-9af7-4131-ad17-93932c7c0504-downloadableSrc-1b0afb0d8133.webp
911dc999-71f7-4208-9e9a-c3e092a295e2,Scheduling a transfer (user),28b2d970-a05d-4509-99dd-83d47dbc3a16,Revolut,aa23fa4c-2ecb-4027-b126-335f9fcd86b1,2,3,e287ef62-7803-4aeb-a685-e9248c2acb05,true,downloadableSrc,200,image/webp,59048,59048,2e9946fcfa32db95076e94784fbcb5e4c75b59645f86b061302293e3a01f5695,1179,2676,,,bytescale.mobbin.com,f7a1807c1ac98ccf0eecf5078d61346ac9a94ca37a547f5708d580528c9e55c0,/Users/user/mobbin-sides/screen-flows/revolut/094-revolut-scheduling-a-transfer-user-911dc999-71f7-4208-9e9a-c3e092a295e2/003-e287ef62-7803-4aeb-a685-e9248c2acb05-downloadableSrc-2e9946fcfa32.webp
911dc999-71f7-4208-9e9a-c3e092a295e2,Scheduling a transfer (user),28b2d970-a05d-4509-99dd-83d47dbc3a16,Revolut,aa23fa4c-2ecb-4027-b126-335f9fcd86b1,3,4,285ac875-b493-4a93-8649-1b06d4f4b049,true,downloadableSrc,200,image/webp,40388,40388,d929182af4f2be453a39a9f90f60a8a3e3a3846e16f32f091dd2fb2f12501eb6,1179,2676,,,bytescale.mobbin.com,f7a1807c1ac98ccf0eecf5078d61346ac9a94ca37a547f5708d580528c9e55c0,/Users/user/mobbin-sides/screen-flows/revolut/094-revolut-scheduling-a-transfer-user-911dc999-71f7-4208-9e9a-c3e092a295e2/004-285ac875-b493-4a93-8649-1b06d4f4b049-downloadableSrc-d929182af4f2.webp
911dc999-71f7-4208-9e9a-c3e092a295e2,Scheduling a transfer (user),28b2d970-a05d-4509-99dd-83d47dbc3a16,Revolut,aa23fa4c-2ecb-4027-b126-335f9fcd86b1,4,5,b8eb9c42-ff4c-4d84-8e0b-709190299fb9,true,downloadableSrc,200,image/webp,38110,38110,20f68a9624b5afe6117cd6188367d9bc48bee919a405e8fd90d9255579877428,1179,2676,,,bytescale.mobbin.com,f7a1807c1ac98ccf0eecf5078d61346ac9a94ca37a547f5708d580528c9e55c0,/Users/user/mobbin-sides/screen-flows/revolut/094-revolut-scheduling-a-transfer-user-911dc999-71f7-4208-9e9a-c3e092a295e2/005-b8eb9c42-ff4c-4d84-8e0b-709190299fb9-downloadableSrc-20f68a9624b5.webp
911dc999-71f7-4208-9e9a-c3e092a295e2,Scheduling a transfer (user),28b2d970-a05d-4509-99dd-83d47dbc3a16,Revolut,aa23fa4c-2ecb-4027-b126-335f9fcd86b1,5,6,489b2fd7-fe96-4fc5-a57b-d9d3c013ed6f,true,downloadableSrc,200,image/webp,24302,24302,b30541459aabab71a23c605ae64593f0f90bb7095c5168e7d1c55f4230680131,1179,2676,,,bytescale.mobbin.com,f7a1807c1ac98ccf0eecf5078d61346ac9a94ca37a547f5708d580528c9e55c0,/Users/user/mobbin-sides/screen-flows/revolut/094-revolut-scheduling-a-transfer-user-911dc999-71f7-4208-9e9a-c3e092a295e2/006-489b2fd7-fe96-4fc5-a57b-d9d3c013ed6f-downloadableSrc-b30541459aab.webp
911dc999-71f7-4208-9e9a-c3e092a295e2,Scheduling a transfer (user),28b2d970-a05d-4509-99dd-83d47dbc3a16,Revolut,aa23fa4c-2ecb-4027-b126-335f9fcd86b1,6,7,12d30ea3-46bc-4f4d-be00-84c4292c34fc,true,downloadableSrc,200,image/webp,29194,29194,78361245de159f8fc83762ae09d084b8e0b7cd230841aee34f8352f33a020e2e,1179,2676,,,bytescale.mobbin.com,f7a1807c1ac98ccf0eecf5078d61346ac9a94ca37a547f5708d580528c9e55c0,/Users/user/mobbin-sides/screen-flows/revolut/094-revolut-scheduling-a-transfer-user-911dc999-71f7-4208-9e9a-c3e092a295e2/007-12d30ea3-46bc-4f4d-be00-84c4292c34fc-downloadableSrc-78361245de15.webp
911dc999-71f7-4208-9e9a-c3e092a295e2,Scheduling a transfer (user),28b2d970-a05d-4509-99dd-83d47dbc3a16,Revolut,aa23fa4c-2ecb-4027-b126-335f9fcd86b1,7,8,118fbd2e-0b71-40d3-8c9b-c2cd4ff9cde2,true,downloadableSrc,200,image/webp,26054,26054,aa3be4fa5c9cd3761c81037afae6d899063a02dbe40dd163b79a6ca1813fad83,1179,2676,,,bytescale.mobbin.com,f7a1807c1ac98ccf0eecf5078d61346ac9a94ca37a547f5708d580528c9e55c0,/Users/user/mobbin-sides/screen-flows/revolut/094-revolut-scheduling-a-transfer-user-911dc999-71f7-4208-9e9a-c3e092a295e2/008-118fbd2e-0b71-40d3-8c9b-c2cd4ff9cde2-downloadableSrc-aa3be4fa5c9c.webp
911dc999-71f7-4208-9e9a-c3e092a295e2,Scheduling a transfer (user),28b2d970-a05d-4509-99dd-83d47dbc3a16,Revolut,aa23fa4c-2ecb-4027-b126-335f9fcd86b1,8,9,4ea14d20-b7f1-44e7-a351-bb9068068358,true,downloadableSrc,200,image/webp,36268,36268,e83b3ef2a9667d2f577785fed14a6858abb33cbc3841367bceeaa349560df7a8,1179,2676,,,bytescale.mobbin.com,f7a1807c1ac98ccf0eecf5078d61346ac9a94ca37a547f5708d580528c9e55c0,/Users/user/mobbin-sides/screen-flows/revolut/094-revolut-scheduling-a-transfer-user-911dc999-71f7-4208-9e9a-c3e092a295e2/009-4ea14d20-b7f1-44e7-a351-bb9068068358-downloadableSrc-e83b3ef2a966.webp
7bb7035d-7b44-44bf-b8c2-6e05189195ca,Scheduling a transfer (accounts),28b2d970-a05d-4509-99dd-83d47dbc3a16,Revolut,aa23fa4c-2ecb-4027-b126-335f9fcd86b1,0,1,44360022-9af7-4131-ad17-93932c7c0504,true,downloadableSrc,200,image/webp,37488,37488,1b0afb0d813390c6b49f364058e4088bd1c286ccab384b3ef07a3c8b2723b8c7,1179,2676,,,bytescale.mobbin.com,f7a1807c1ac98ccf0eecf5078d61346ac9a94ca37a547f5708d580528c9e55c0,/Users/user/mobbin-sides/screen-flows/revolut/095-revolut-scheduling-a-transfer-accounts-7bb7035d-7b44-44bf-b8c2-6e05189195ca/001-44360022-9af7-4131-ad17-93932c7c0504-downloadableSrc-1b0afb0d8133.webp
7bb7035d-7b44-44bf-b8c2-6e05189195ca,Scheduling a transfer (accounts),28b2d970-a05d-4509-99dd-83d47dbc3a16,Revolut,aa23fa4c-2ecb-4027-b126-335f9fcd86b1,1,2,721f920f-29b9-49be-8f7f-b9dc4c34c6b6,true,downloadableSrc,200,image/webp,25408,25408,cbab6133e6d0fe0e3085a3ebd06ee30999102f802233d3b1dae02f4ea52ef6b0,1179,2676,,,bytescale.mobbin.com,f7a1807c1ac98ccf0eecf5078d61346ac9a94ca37a547f5708d580528c9e55c0,/Users/user/mobbin-sides/screen-flows/revolut/095-revolut-scheduling-a-transfer-accounts-7bb7035d-7b44-44bf-b8c2-6e05189195ca/002-721f920f-29b9-49be-8f7f-b9dc4c34c6b6-downloadableSrc-cbab6133e6d0.webp
7bb7035d-7b44-44bf-b8c2-6e05189195ca,Scheduling a transfer (accounts),28b2d970-a05d-4509-99dd-83d47dbc3a16,Revolut,aa23fa4c-2ecb-4027-b126-335f9fcd86b1,2,3,82db7ac9-4a68-4aca-b027-a7427b33f4e9,true,downloadableSrc,200,image/webp,39286,39286,8b5f4569ccf6bf346a7e3b79cb1ff533a6f31c01a94bf12fc9ba69222fd17001,1179,2676,,,bytescale.mobbin.com,f7a1807c1ac98ccf0eecf5078d61346ac9a94ca37a547f5708d580528c9e55c0,/Users/user/mobbin-sides/screen-flows/revolut/095-revolut-scheduling-a-transfer-accounts-7bb7035d-7b44-44bf-b8c2-6e05189195ca/003-82db7ac9-4a68-4aca-b027-a7427b33f4e9-downloadableSrc-8b5f4569ccf6.webp
7bb7035d-7b44-44bf-b8c2-6e05189195ca,Scheduling a transfer (accounts),28b2d970-a05d-4509-99dd-83d47dbc3a16,Revolut,aa23fa4c-2ecb-4027-b126-335f9fcd86b1,3,4,6572aebe-679e-46fb-b97e-d47d48efb76f,true,downloadableSrc,200,image/webp,39630,39630,f0b170d5e6f88567dd7245815aa443d639b407fe5a2ee407e990e02e71ee5ab4,1179,2676,,,bytescale.mobbin.com,f7a1807c1ac98ccf0eecf5078d61346ac9a94ca37a547f5708d580528c9e55c0,/Users/user/mobbin-sides/screen-flows/revolut/095-revolut-scheduling-a-transfer-accounts-7bb7035d-7b44-44bf-b8c2-6e05189195ca/004-6572aebe-679e-46fb-b97e-d47d48efb76f-downloadableSrc-f0b170d5e6f8.webp
7bb7035d-7b44-44bf-b8c2-6e05189195ca,Scheduling a transfer (accounts),28b2d970-a05d-4509-99dd-83d47dbc3a16,Revolut,aa23fa4c-2ecb-4027-b126-335f9fcd86b1,4,5,37b21eb1-ce81-444c-a41a-e2164caca3c6,true,downloadableSrc,200,image/webp,30052,30052,c72ef6da31c693a615a201a27924578945c83f1eadb4ed929f7c48716764c152,1179,2676,,,bytescale.mobbin.com,f7a1807c1ac98ccf0eecf5078d61346ac9a94ca37a547f5708d580528c9e55c0,/Users/user/mobbin-sides/screen-flows/revolut/095-revolut-scheduling-a-transfer-accounts-7bb7035d-7b44-44bf-b8c2-6e05189195ca/005-37b21eb1-ce81-444c-a41a-e2164caca3c6-downloadableSrc-c72ef6da31c6.webp
7bb7035d-7b44-44bf-b8c2-6e05189195ca,Scheduling a transfer (accounts),28b2d970-a05d-4509-99dd-83d47dbc3a16,Revolut,aa23fa4c-2ecb-4027-b126-335f9fcd86b1,5,6,abc06a98-cba1-4309-9f09-f4aea765a76d,true,downloadableSrc,200,image/webp,48344,48344,c5a9f373e70de018edcfa5c152abf913d14d10e6fc2d932b71e6b81055f78022,1179,2676,,,bytescale.mobbin.com,f7a1807c1ac98ccf0eecf5078d61346ac9a94ca37a547f5708d580528c9e55c0,/Users/user/mobbin-sides/screen-flows/revolut/095-revolut-scheduling-a-transfer-accounts-7bb7035d-7b44-44bf-b8c2-6e05189195ca/006-abc06a98-cba1-4309-9f09-f4aea765a76d-downloadableSrc-c5a9f373e70d.webp
7bb7035d-7b44-44bf-b8c2-6e05189195ca,Scheduling a transfer (accounts),28b2d970-a05d-4509-99dd-83d47dbc3a16,Revolut,aa23fa4c-2ecb-4027-b126-335f9fcd86b1,6,7,18695579-463c-4687-abdd-533766e01e72,true,downloadableSrc,200,image/webp,51618,51618,e978db58817a06969793be9fb281ef24f8e670d9a11611a82a062efcbadb1d89,1179,2676,,,bytescale.mobbin.com,f7a1807c1ac98ccf0eecf5078d61346ac9a94ca37a547f5708d580528c9e55c0,/Users/user/mobbin-sides/screen-flows/revolut/095-revolut-scheduling-a-transfer-accounts-7bb7035d-7b44-44bf-b8c2-6e05189195ca/007-18695579-463c-4687-abdd-533766e01e72-downloadableSrc-e978db58817a.webp
7bb7035d-7b44-44bf-b8c2-6e05189195ca,Scheduling a transfer (accounts),28b2d970-a05d-4509-99dd-83d47dbc3a16,Revolut,aa23fa4c-2ecb-4027-b126-335f9fcd86b1,7,8,a1a96667-11e0-43a0-93d2-957a2f60a171,true,downloadableSrc,200,image/webp,46528,46528,454a1d23934ba2b95bdd717f7b5e287124aa3a8e1020d7214c52f9a61b64dba9,1179,2676,,,bytescale.mobbin.com,f7a1807c1ac98ccf0eecf5078d61346ac9a94ca37a547f5708d580528c9e55c0,/Users/user/mobbin-sides/screen-flows/revolut/095-revolut-scheduling-a-transfer-accounts-7bb7035d-7b44-44bf-b8c2-6e05189195ca/008-a1a96667-11e0-43a0-93d2-957a2f60a171-downloadableSrc-454a1d23934b.webp
7bb7035d-7b44-44bf-b8c2-6e05189195ca,Scheduling a transfer (accounts),28b2d970-a05d-4509-99dd-83d47dbc3a16,Revolut,aa23fa4c-2ecb-4027-b126-335f9fcd86b1,8,9,2bf66e1b-08ca-4acf-9ee3-0949c873060a,true,downloadableSrc,200,image/webp,31316,31316,7b42c1335e0b6ef64742dab9510d368c9941667b8e7c82d1de2165daea7a3f15,1179,2676,,,bytescale.mobbin.com,f7a1807c1ac98ccf0eecf5078d61346ac9a94ca37a547f5708d580528c9e55c0,/Users/user/mobbin-sides/screen-flows/revolut/095-revolut-scheduling-a-transfer-accounts-7bb7035d-7b44-44bf-b8c2-6e05189195ca/009-2bf66e1b-08ca-4acf-9ee3-0949c873060a-downloadableSrc-7b42c1335e0b.webp
7bb7035d-7b44-44bf-b8c2-6e05189195ca,Scheduling a transfer (accounts),28b2d970-a05d-4509-99dd-83d47dbc3a16,Revolut,aa23fa4c-2ecb-4027-b126-335f9fcd86b1,9,10,291d550b-6f90-4b61-b2b8-acf23de3fd1c,true,downloadableSrc,200,image/webp,43194,43194,9c3d7cf0a2bd63be88e716b51216cef14945c866c3ce97b9ccae61206fedd993,1179,2676,,,bytescale.mobbin.com,f7a1807c1ac98ccf0eecf5078d61346ac9a94ca37a547f5708d580528c9e55c0,/Users/user/mobbin-sides/screen-flows/revolut/095-revolut-scheduling-a-transfer-accounts-7bb7035d-7b44-44bf-b8c2-6e05189195ca/010-291d550b-6f90-4b61-b2b8-acf23de3fd1c-downloadableSrc-9c3d7cf0a2bd.webp
0fce438b-6a7a-4df4-91cf-1b0e4c6085dc,Marking a subscription,28b2d970-a05d-4509-99dd-83d47dbc3a16,Revolut,aa23fa4c-2ecb-4027-b126-335f9fcd86b1,0,1,44360022-9af7-4131-ad17-93932c7c0504,true,downloadableSrc,200,image/webp,37488,37488,1b0afb0d813390c6b49f364058e4088bd1c286ccab384b3ef07a3c8b2723b8c7,1179,2676,,,bytescale.mobbin.com,f7a1807c1ac98ccf0eecf5078d61346ac9a94ca37a547f5708d580528c9e55c0,/Users/user/mobbin-sides/screen-flows/revolut/096-revolut-marking-a-subscription-0fce438b-6a7a-4df4-91cf-1b0e4c6085dc/001-44360022-9af7-4131-ad17-93932c7c0504-downloadableSrc-1b0afb0d8133.webp
0fce438b-6a7a-4df4-91cf-1b0e4c6085dc,Marking a subscription,28b2d970-a05d-4509-99dd-83d47dbc3a16,Revolut,aa23fa4c-2ecb-4027-b126-335f9fcd86b1,1,2,f7d90e37-7632-411e-bfb9-8e555a852962,true,downloadableSrc,200,image/webp,36778,36778,4ca5b2f530e035dd87bf812929b90723864dbe405031a595ba772cc093a964c0,1179,2676,,,bytescale.mobbin.com,f7a1807c1ac98ccf0eecf5078d61346ac9a94ca37a547f5708d580528c9e55c0,/Users/user/mobbin-sides/screen-flows/revolut/096-revolut-marking-a-subscription-0fce438b-6a7a-4df4-91cf-1b0e4c6085dc/002-f7d90e37-7632-411e-bfb9-8e555a852962-downloadableSrc-4ca5b2f530e0.webp
0fce438b-6a7a-4df4-91cf-1b0e4c6085dc,Marking a subscription,28b2d970-a05d-4509-99dd-83d47dbc3a16,Revolut,aa23fa4c-2ecb-4027-b126-335f9fcd86b1,2,3,8b4712b6-0140-46e3-80e0-7fc18abf156e,true,downloadableSrc,200,image/webp,42428,42428,8c78f690f72c33f486293626a0de5fbc01d67131cd732b10ac39b53566d3c56c,1179,2676,,,bytescale.mobbin.com,f7a1807c1ac98ccf0eecf5078d61346ac9a94ca37a547f5708d580528c9e55c0,/Users/user/mobbin-sides/screen-flows/revolut/096-revolut-marking-a-subscription-0fce438b-6a7a-4df4-91cf-1b0e4c6085dc/003-8b4712b6-0140-46e3-80e0-7fc18abf156e-downloadableSrc-8c78f690f72c.webp
0fce438b-6a7a-4df4-91cf-1b0e4c6085dc,Marking a subscription,28b2d970-a05d-4509-99dd-83d47dbc3a16,Revolut,aa23fa4c-2ecb-4027-b126-335f9fcd86b1,3,4,0bbfe50a-ca4f-44c1-854f-322e3f3c35ee,true,downloadableSrc,200,image/webp,45430,45430,e3ff0650d0009d5815b1a6a03721e30f4f0f34418aed81467ecd161ba70d4de7,1179,2676,,,bytescale.mobbin.com,f7a1807c1ac98ccf0eecf5078d61346ac9a94ca37a547f5708d580528c9e55c0,/Users/user/mobbin-sides/screen-flows/revolut/096-revolut-marking-a-subscription-0fce438b-6a7a-4df4-91cf-1b0e4c6085dc/004-0bbfe50a-ca4f-44c1-854f-322e3f3c35ee-downloadableSrc-e3ff0650d000.webp
0fce438b-6a7a-4df4-91cf-1b0e4c6085dc,Marking a subscription,28b2d970-a05d-4509-99dd-83d47dbc3a16,Revolut,aa23fa4c-2ecb-4027-b126-335f9fcd86b1,4,5,ed20f8bf-d544-4092-8ece-78f7410be9ef,true,downloadableSrc,200,image/webp,57742,57742,6c4b8ae42bfcda36763c1678983ef51a76b19ada4107f422ef55f5aa69339a2b,1179,2676,,,bytescale.mobbin.com,f7a1807c1ac98ccf0eecf5078d61346ac9a94ca37a547f5708d580528c9e55c0,/Users/user/mobbin-sides/screen-flows/revolut/096-revolut-marking-a-subscription-0fce438b-6a7a-4df4-91cf-1b0e4c6085dc/005-ed20f8bf-d544-4092-8ece-78f7410be9ef-downloadableSrc-6c4b8ae42bfc.webp
6ac1e847-5f65-43ae-ba41-0d7f1b96a6a1,New payment,28b2d970-a05d-4509-99dd-83d47dbc3a16,Revolut,aa23fa4c-2ecb-4027-b126-335f9fcd86b1,0,1,89d45e1e-bd73-4b1e-9a57-5bc4c83e2e5a,true,downloadableSrc,200,image/webp,52390,52390,0c3f401a9420e8828c6fde87d805c90a228ceb46104f36131d6f0e152d719442,1179,2676,,,bytescale.mobbin.com,f7a1807c1ac98ccf0eecf5078d61346ac9a94ca37a547f5708d580528c9e55c0,/Users/user/mobbin-sides/screen-flows/revolut/097-revolut-new-payment-6ac1e847-5f65-43ae-ba41-0d7f1b96a6a1/001-89d45e1e-bd73-4b1e-9a57-5bc4c83e2e5a-downloadableSrc-0c3f401a9420.webp
6ac1e847-5f65-43ae-ba41-0d7f1b96a6a1,New payment,28b2d970-a05d-4509-99dd-83d47dbc3a16,Revolut,aa23fa4c-2ecb-4027-b126-335f9fcd86b1,1,2,a24c5fdb-2d5b-4ae1-ae0c-466975d89025,true,downloadableSrc,200,image/webp,60182,60182,6cab00e10a87da17daef72c087588850c12420409714a22d3a113d3767eca5fb,1179,2676,,,bytescale.mobbin.com,f7a1807c1ac98ccf0eecf5078d61346ac9a94ca37a547f5708d580528c9e55c0,/Users/user/mobbin-sides/screen-flows/revolut/097-revolut-new-payment-6ac1e847-5f65-43ae-ba41-0d7f1b96a6a1/002-a24c5fdb-2d5b-4ae1-ae0c-466975d89025-downloadableSrc-6cab00e10a87.webp
6ac1e847-5f65-43ae-ba41-0d7f1b96a6a1,New payment,28b2d970-a05d-4509-99dd-83d47dbc3a16,Revolut,aa23fa4c-2ecb-4027-b126-335f9fcd86b1,2,3,6b696d87-a517-4517-9c38-dac354f710e0,true,downloadableSrc,200,image/webp,43188,43188,28c885e311f7f8ab37173c6aa6285ed6495f08cb6224eb15b9e4deef46647881,1179,2676,,,bytescale.mobbin.com,f7a1807c1ac98ccf0eecf5078d61346ac9a94ca37a547f5708d580528c9e55c0,/Users/user/mobbin-sides/screen-flows/revolut/097-revolut-new-payment-6ac1e847-5f65-43ae-ba41-0d7f1b96a6a1/003-6b696d87-a517-4517-9c38-dac354f710e0-downloadableSrc-28c885e311f7.webp
bd6a93e9-def6-4315-b58e-b24d337e5d41,Sending money (bank account),28b2d970-a05d-4509-99dd-83d47dbc3a16,Revolut,aa23fa4c-2ecb-4027-b126-335f9fcd86b1,0,1,a24c5fdb-2d5b-4ae1-ae0c-466975d89025,true,downloadableSrc,200,image/webp,60182,60182,6cab00e10a87da17daef72c087588850c12420409714a22d3a113d3767eca5fb,1179,2676,,,bytescale.mobbin.com,f7a1807c1ac98ccf0eecf5078d61346ac9a94ca37a547f5708d580528c9e55c0,/Users/user/mobbin-sides/screen-flows/revolut/098-revolut-sending-money-bank-account-bd6a93e9-def6-4315-b58e-b24d337e5d41/001-a24c5fdb-2d5b-4ae1-ae0c-466975d89025-downloadableSrc-6cab00e10a87.webp
bd6a93e9-def6-4315-b58e-b24d337e5d41,Sending money (bank account),28b2d970-a05d-4509-99dd-83d47dbc3a16,Revolut,aa23fa4c-2ecb-4027-b126-335f9fcd86b1,1,2,af797883-98ed-46ec-9cf7-fcb38250e87a,true,downloadableSrc,200,image/webp,59074,59074,a0d5035a5b7956e59b90d66e7c88a22d429ba6c821e57525d86bc8dc64ded1c6,1179,2676,,,bytescale.mobbin.com,f7a1807c1ac98ccf0eecf5078d61346ac9a94ca37a547f5708d580528c9e55c0,/Users/user/mobbin-sides/screen-flows/revolut/098-revolut-sending-money-bank-account-bd6a93e9-def6-4315-b58e-b24d337e5d41/002-af797883-98ed-46ec-9cf7-fcb38250e87a-downloadableSrc-a0d5035a5b79.webp
bd6a93e9-def6-4315-b58e-b24d337e5d41,Sending money (bank account),28b2d970-a05d-4509-99dd-83d47dbc3a16,Revolut,aa23fa4c-2ecb-4027-b126-335f9fcd86b1,2,3,968b4812-29c4-411b-a85e-841f7385bbfe,true,downloadableSrc,200,image/webp,63870,63870,68ba3a3cb9e1197673f64e0c2cd3fbcf8457b5adb18faf6c03a0ebd9578f083a,1179,2676,,,bytescale.mobbin.com,f7a1807c1ac98ccf0eecf5078d61346ac9a94ca37a547f5708d580528c9e55c0,/Users/user/mobbin-sides/screen-flows/revolut/098-revolut-sending-money-bank-account-bd6a93e9-def6-4315-b58e-b24d337e5d41/003-968b4812-29c4-411b-a85e-841f7385bbfe-downloadableSrc-68ba3a3cb9e1.webp
bd6a93e9-def6-4315-b58e-b24d337e5d41,Sending money (bank account),28b2d970-a05d-4509-99dd-83d47dbc3a16,Revolut,aa23fa4c-2ecb-4027-b126-335f9fcd86b1,3,4,07a5e2e5-f82b-4eb0-abb8-427013b58412,true,downloadableSrc,200,image/webp,58506,58506,cfada9cf5404f57003bd8d851fdffe29e81569fc4cf9adbd5b9f39fc0c5a2b38,1179,2676,,,bytescale.mobbin.com,f7a1807c1ac98ccf0eecf5078d61346ac9a94ca37a547f5708d580528c9e55c0,/Users/user/mobbin-sides/screen-flows/revolut/098-revolut-sending-money-bank-account-bd6a93e9-def6-4315-b58e-b24d337e5d41/004-07a5e2e5-f82b-4eb0-abb8-427013b58412-downloadableSrc-cfada9cf5404.webp
bd6a93e9-def6-4315-b58e-b24d337e5d41,Sending money (bank account),28b2d970-a05d-4509-99dd-83d47dbc3a16,Revolut,aa23fa4c-2ecb-4027-b126-335f9fcd86b1,4,5,e2d33740-c1aa-4987-a58c-3ca073449306,true,downloadableSrc,200,image/webp,59560,59560,fc5aa076cd621bd3ac7e78f7f0a0eafe1005183435e2199133816db288370981,1179,2676,,,bytescale.mobbin.com,f7a1807c1ac98ccf0eecf5078d61346ac9a94ca37a547f5708d580528c9e55c0,/Users/user/mobbin-sides/screen-flows/revolut/098-revolut-sending-money-bank-account-bd6a93e9-def6-4315-b58e-b24d337e5d41/005-e2d33740-c1aa-4987-a58c-3ca073449306-downloadableSrc-fc5aa076cd62.webp
bd6a93e9-def6-4315-b58e-b24d337e5d41,Sending money (bank account),28b2d970-a05d-4509-99dd-83d47dbc3a16,Revolut,aa23fa4c-2ecb-4027-b126-335f9fcd86b1,5,6,38391c5a-dfb4-4274-80e1-a950ea0094fc,true,downloadableSrc,200,image/webp,50488,50488,17a16fac0bce58ad585fec83bd6c3915d3e361aa5b00a9e601a80da444c01aec,1179,2676,,,bytescale.mobbin.com,f7a1807c1ac98ccf0eecf5078d61346ac9a94ca37a547f5708d580528c9e55c0,/Users/user/mobbin-sides/screen-flows/revolut/098-revolut-sending-money-bank-account-bd6a93e9-def6-4315-b58e-b24d337e5d41/006-38391c5a-dfb4-4274-80e1-a950ea0094fc-downloadableSrc-17a16fac0bce.webp
bd6a93e9-def6-4315-b58e-b24d337e5d41,Sending money (bank account),28b2d970-a05d-4509-99dd-83d47dbc3a16,Revolut,aa23fa4c-2ecb-4027-b126-335f9fcd86b1,6,7,3368a6d9-1e5b-4d41-aa5c-c5c0f5f311f9,true,downloadableSrc,200,image/webp,45154,45154,4091ba1913c3b66ccf7d2cb7f52ed6eb90eb9a4dc5a4972625bb94916b95442c,1179,2676,,,bytescale.mobbin.com,f7a1807c1ac98ccf0eecf5078d61346ac9a94ca37a547f5708d580528c9e55c0,/Users/user/mobbin-sides/screen-flows/revolut/098-revolut-sending-money-bank-account-bd6a93e9-def6-4315-b58e-b24d337e5d41/007-3368a6d9-1e5b-4d41-aa5c-c5c0f5f311f9-downloadableSrc-4091ba1913c3.webp
bd6a93e9-def6-4315-b58e-b24d337e5d41,Sending money (bank account),28b2d970-a05d-4509-99dd-83d47dbc3a16,Revolut,aa23fa4c-2ecb-4027-b126-335f9fcd86b1,7,8,4a465e50-a074-4492-9dfc-7d819f6ded30,true,downloadableSrc,200,image/webp,41748,41748,776fe93672af3efa03c467b3888a98ab5309a03c90f0290a35517abccc3dcfc0,1179,2676,,,bytescale.mobbin.com,f7a1807c1ac98ccf0eecf5078d61346ac9a94ca37a547f5708d580528c9e55c0,/Users/user/mobbin-sides/screen-flows/revolut/098-revolut-sending-money-bank-account-bd6a93e9-def6-4315-b58e-b24d337e5d41/008-4a465e50-a074-4492-9dfc-7d819f6ded30-downloadableSrc-776fe93672af.webp
bd6a93e9-def6-4315-b58e-b24d337e5d41,Sending money (bank account),28b2d970-a05d-4509-99dd-83d47dbc3a16,Revolut,aa23fa4c-2ecb-4027-b126-335f9fcd86b1,8,9,bbb103e7-3764-40f6-bc45-e71294fd7ee7,true,downloadableSrc,200,image/webp,73072,73072,82fe2e0a5a6ef8dcecf8c491f59877771c185223e9fde7799801e4a8c9172ef8,1179,2676,,,bytescale.mobbin.com,f7a1807c1ac98ccf0eecf5078d61346ac9a94ca37a547f5708d580528c9e55c0,/Users/user/mobbin-sides/screen-flows/revolut/098-revolut-sending-money-bank-account-bd6a93e9-def6-4315-b58e-b24d337e5d41/009-bbb103e7-3764-40f6-bc45-e71294fd7ee7-downloadableSrc-82fe2e0a5a6e.webp
bd6a93e9-def6-4315-b58e-b24d337e5d41,Sending money (bank account),28b2d970-a05d-4509-99dd-83d47dbc3a16,Revolut,aa23fa4c-2ecb-4027-b126-335f9fcd86b1,9,10,7a254602-1c88-4c6c-ab24-ab7c510d2544,true,downloadableSrc,200,image/webp,61934,61934,1aa66d3632248c9ae1d388f07cf3e574714b9b873e2b2f46f38d27ed90b2886b,1179,2676,,,bytescale.mobbin.com,f7a1807c1ac98ccf0eecf5078d61346ac9a94ca37a547f5708d580528c9e55c0,/Users/user/mobbin-sides/screen-flows/revolut/098-revolut-sending-money-bank-account-bd6a93e9-def6-4315-b58e-b24d337e5d41/010-7a254602-1c88-4c6c-ab24-ab7c510d2544-downloadableSrc-1aa66d363224.webp
bd6a93e9-def6-4315-b58e-b24d337e5d41,Sending money (bank account),28b2d970-a05d-4509-99dd-83d47dbc3a16,Revolut,aa23fa4c-2ecb-4027-b126-335f9fcd86b1,10,11,99459ea6-5ce5-4ec8-93ad-9d482b753132,true,downloadableSrc,200,image/webp,39252,39252,b4c81daa82b614052ebb0a7334fbbbcb0708ae2700ddd88e399079498a42a39e,1179,2676,,,bytescale.mobbin.com,f7a1807c1ac98ccf0eecf5078d61346ac9a94ca37a547f5708d580528c9e55c0,/Users/user/mobbin-sides/screen-flows/revolut/098-revolut-sending-money-bank-account-bd6a93e9-def6-4315-b58e-b24d337e5d41/011-99459ea6-5ce5-4ec8-93ad-9d482b753132-downloadableSrc-b4c81daa82b6.webp
bd6a93e9-def6-4315-b58e-b24d337e5d41,Sending money (bank account),28b2d970-a05d-4509-99dd-83d47dbc3a16,Revolut,aa23fa4c-2ecb-4027-b126-335f9fcd86b1,11,12,b7a4d4f5-b5a7-4f95-a39e-84e7a258996c,true,downloadableSrc,200,image/webp,58688,58688,142cb6afd4eb6661a51a73add08b4a959deef0eb0fb2b5c16f0d37ade3bafeee,1179,2676,,,bytescale.mobbin.com,f7a1807c1ac98ccf0eecf5078d61346ac9a94ca37a547f5708d580528c9e55c0,/Users/user/mobbin-sides/screen-flows/revolut/098-revolut-sending-money-bank-account-bd6a93e9-def6-4315-b58e-b24d337e5d41/012-b7a4d4f5-b5a7-4f95-a39e-84e7a258996c-downloadableSrc-142cb6afd4eb.webp
e3d28662-ff66-401c-8118-3618b6c6d6ae,Searching Revolut (Payments),28b2d970-a05d-4509-99dd-83d47dbc3a16,Revolut,aa23fa4c-2ecb-4027-b126-335f9fcd86b1,0,1,6b696d87-a517-4517-9c38-dac354f710e0,true,downloadableSrc,200,image/webp,43188,43188,28c885e311f7f8ab37173c6aa6285ed6495f08cb6224eb15b9e4deef46647881,1179,2676,,,bytescale.mobbin.com,f7a1807c1ac98ccf0eecf5078d61346ac9a94ca37a547f5708d580528c9e55c0,/Users/user/mobbin-sides/screen-flows/revolut/099-revolut-searching-revolut-payments-e3d28662-ff66-401c-8118-3618b6c6d6ae/001-6b696d87-a517-4517-9c38-dac354f710e0-downloadableSrc-28c885e311f7.webp
e3d28662-ff66-401c-8118-3618b6c6d6ae,Searching Revolut (Payments),28b2d970-a05d-4509-99dd-83d47dbc3a16,Revolut,aa23fa4c-2ecb-4027-b126-335f9fcd86b1,1,2,dc065089-344b-4719-9941-7f7756ec292a,true,downloadableSrc,200,image/webp,63572,63572,813bb1cd245940ec4bcf464ae9d783126fa0fd5aba7071f2de86a10cf4e12d54,1179,2676,,,bytescale.mobbin.com,f7a1807c1ac98ccf0eecf5078d61346ac9a94ca37a547f5708d580528c9e55c0,/Users/user/mobbin-sides/screen-flows/revolut/099-revolut-searching-revolut-payments-e3d28662-ff66-401c-8118-3618b6c6d6ae/002-dc065089-344b-4719-9941-7f7756ec292a-downloadableSrc-813bb1cd2459.webp
e3d28662-ff66-401c-8118-3618b6c6d6ae,Searching Revolut (Payments),28b2d970-a05d-4509-99dd-83d47dbc3a16,Revolut,aa23fa4c-2ecb-4027-b126-335f9fcd86b1,2,3,13705fee-d5a4-4f47-b94a-3ed13bff8233,true,downloadableSrc,200,image/webp,49200,49200,8208534f1c2230a18160dd983eaa8b745584dddcbec2e8e5c40f6a68db7441cd,1179,2676,,,bytescale.mobbin.com,f7a1807c1ac98ccf0eecf5078d61346ac9a94ca37a547f5708d580528c9e55c0,/Users/user/mobbin-sides/screen-flows/revolut/099-revolut-searching-revolut-payments-e3d28662-ff66-401c-8118-3618b6c6d6ae/003-13705fee-d5a4-4f47-b94a-3ed13bff8233-downloadableSrc-8208534f1c22.webp
e3d28662-ff66-401c-8118-3618b6c6d6ae,Searching Revolut (Payments),28b2d970-a05d-4509-99dd-83d47dbc3a16,Revolut,aa23fa4c-2ecb-4027-b126-335f9fcd86b1,3,4,8ceeed79-2b61-4a0b-ab2c-c0d560ede732,true,downloadableSrc,200,image/webp,54402,54402,90f8513d515b76f962847c0f3229bda414960537c5a7cc6e0c97a0da3b182438,1179,2676,,,bytescale.mobbin.com,f7a1807c1ac98ccf0eecf5078d61346ac9a94ca37a547f5708d580528c9e55c0,/Users/user/mobbin-sides/screen-flows/revolut/099-revolut-searching-revolut-payments-e3d28662-ff66-401c-8118-3618b6c6d6ae/004-8ceeed79-2b61-4a0b-ab2c-c0d560ede732-downloadableSrc-90f8513d515b.webp
e3d28662-ff66-401c-8118-3618b6c6d6ae,Searching Revolut (Payments),28b2d970-a05d-4509-99dd-83d47dbc3a16,Revolut,aa23fa4c-2ecb-4027-b126-335f9fcd86b1,4,5,ec2b8dcb-9432-4084-a9a2-3219176c42f5,true,downloadableSrc,200,image/webp,48102,48102,acacab927577da2794e7f736b548bcdf5b8055c660e97c8e6cb25587874aec35,1179,2676,,,bytescale.mobbin.com,f7a1807c1ac98ccf0eecf5078d61346ac9a94ca37a547f5708d580528c9e55c0,/Users/user/mobbin-sides/screen-flows/revolut/099-revolut-searching-revolut-payments-e3d28662-ff66-401c-8118-3618b6c6d6ae/005-ec2b8dcb-9432-4084-a9a2-3219176c42f5-downloadableSrc-acacab927577.webp
e3d28662-ff66-401c-8118-3618b6c6d6ae,Searching Revolut (Payments),28b2d970-a05d-4509-99dd-83d47dbc3a16,Revolut,aa23fa4c-2ecb-4027-b126-335f9fcd86b1,5,6,beea66ec-7bff-46c5-a3ab-0d539d4ad137,true,downloadableSrc,200,image/webp,34468,34468,cd2ad01aac46797cfa182f453972be8319f97eec167b7f1ae88d40aa46c6e0cd,1179,2676,,,bytescale.mobbin.com,f7a1807c1ac98ccf0eecf5078d61346ac9a94ca37a547f5708d580528c9e55c0,/Users/user/mobbin-sides/screen-flows/revolut/099-revolut-searching-revolut-payments-e3d28662-ff66-401c-8118-3618b6c6d6ae/006-beea66ec-7bff-46c5-a3ab-0d539d4ad137-downloadableSrc-cd2ad01aac46.webp
39195399-f390-4df6-b008-2977db93663b,QR code,28b2d970-a05d-4509-99dd-83d47dbc3a16,Revolut,aa23fa4c-2ecb-4027-b126-335f9fcd86b1,0,1,6b696d87-a517-4517-9c38-dac354f710e0,true,downloadableSrc,200,image/webp,43188,43188,28c885e311f7f8ab37173c6aa6285ed6495f08cb6224eb15b9e4deef46647881,1179,2676,,,bytescale.mobbin.com,f7a1807c1ac98ccf0eecf5078d61346ac9a94ca37a547f5708d580528c9e55c0,/Users/user/mobbin-sides/screen-flows/revolut/100-revolut-qr-code-39195399-f390-4df6-b008-2977db93663b/001-6b696d87-a517-4517-9c38-dac354f710e0-downloadableSrc-28c885e311f7.webp
39195399-f390-4df6-b008-2977db93663b,QR code,28b2d970-a05d-4509-99dd-83d47dbc3a16,Revolut,aa23fa4c-2ecb-4027-b126-335f9fcd86b1,1,2,d8069a9b-9153-4c84-b1e5-dae79ab5a862,true,downloadableSrc,200,image/webp,21816,21816,4c6f0095ed469982fabf752c5fbfe7c211a9bf9520c29c372fbcd99dfb024673,1179,2676,,,bytescale.mobbin.com,f7a1807c1ac98ccf0eecf5078d61346ac9a94ca37a547f5708d580528c9e55c0,/Users/user/mobbin-sides/screen-flows/revolut/100-revolut-qr-code-39195399-f390-4df6-b008-2977db93663b/002-d8069a9b-9153-4c84-b1e5-dae79ab5a862-downloadableSrc-4c6f0095ed46.webp
39195399-f390-4df6-b008-2977db93663b,QR code,28b2d970-a05d-4509-99dd-83d47dbc3a16,Revolut,aa23fa4c-2ecb-4027-b126-335f9fcd86b1,2,3,3a001837-9f06-4875-8b0a-ecbffafd3f8e,true,downloadableSrc,200,image/webp,67004,67004,35be555128e502df1303c0e9b91f7bc595c6b690e0bee5ae4fce3586cbee6e63,1179,2676,,,bytescale.mobbin.com,f7a1807c1ac98ccf0eecf5078d61346ac9a94ca37a547f5708d580528c9e55c0,/Users/user/mobbin-sides/screen-flows/revolut/100-revolut-qr-code-39195399-f390-4df6-b008-2977db93663b/003-3a001837-9f06-4875-8b0a-ecbffafd3f8e-downloadableSrc-35be555128e5.webp
14d15ad4-d7b8-49b7-a772-3f09942c2863,Chat detail,28b2d970-a05d-4509-99dd-83d47dbc3a16,Revolut,aa23fa4c-2ecb-4027-b126-335f9fcd86b1,0,1,beea66ec-7bff-46c5-a3ab-0d539d4ad137,true,downloadableSrc,200,image/webp,34468,34468,cd2ad01aac46797cfa182f453972be8319f97eec167b7f1ae88d40aa46c6e0cd,1179,2676,,,bytescale.mobbin.com,f7a1807c1ac98ccf0eecf5078d61346ac9a94ca37a547f5708d580528c9e55c0,/Users/user/mobbin-sides/screen-flows/revolut/101-revolut-chat-detail-14d15ad4-d7b8-49b7-a772-3f09942c2863/001-beea66ec-7bff-46c5-a3ab-0d539d4ad137-downloadableSrc-cd2ad01aac46.webp
14d15ad4-d7b8-49b7-a772-3f09942c2863,Chat detail,28b2d970-a05d-4509-99dd-83d47dbc3a16,Revolut,aa23fa4c-2ecb-4027-b126-335f9fcd86b1,1,2,e7ffc7c7-d91b-4801-be2f-864bf9e54fae,true,downloadableSrc,200,image/webp,71896,71896,70bbcbce2e3f880b161f10ef9b65fe76254bce413fdf44b5e3e660643e399ecf,1179,2676,,,bytescale.mobbin.com,f7a1807c1ac98ccf0eecf5078d61346ac9a94ca37a547f5708d580528c9e55c0,/Users/user/mobbin-sides/screen-flows/revolut/101-revolut-chat-detail-14d15ad4-d7b8-49b7-a772-3f09942c2863/002-e7ffc7c7-d91b-4801-be2f-864bf9e54fae-downloadableSrc-70bbcbce2e3f.webp
fff17da3-f33b-4320-8767-17315c56a973,Requesting for money,28b2d970-a05d-4509-99dd-83d47dbc3a16,Revolut,aa23fa4c-2ecb-4027-b126-335f9fcd86b1,0,1,beea66ec-7bff-46c5-a3ab-0d539d4ad137,true,downloadableSrc,200,image/webp,34468,34468,cd2ad01aac46797cfa182f453972be8319f97eec167b7f1ae88d40aa46c6e0cd,1179,2676,,,bytescale.mobbin.com,f7a1807c1ac98ccf0eecf5078d61346ac9a94ca37a547f5708d580528c9e55c0,/Users/user/mobbin-sides/screen-flows/revolut/102-revolut-requesting-for-money-fff17da3-f33b-4320-8767-17315c56a973/001-beea66ec-7bff-46c5-a3ab-0d539d4ad137-downloadableSrc-cd2ad01aac46.webp
fff17da3-f33b-4320-8767-17315c56a973,Requesting for money,28b2d970-a05d-4509-99dd-83d47dbc3a16,Revolut,aa23fa4c-2ecb-4027-b126-335f9fcd86b1,1,2,1f566d63-b12a-46a9-b04d-47d87fcd7897,true,downloadableSrc,200,image/webp,38730,38730,5b64861d755d91452943dc185b395ae57762ba62e408058d46dd050d879e5b9a,1179,2676,,,bytescale.mobbin.com,f7a1807c1ac98ccf0eecf5078d61346ac9a94ca37a547f5708d580528c9e55c0,/Users/user/mobbin-sides/screen-flows/revolut/102-revolut-requesting-for-money-fff17da3-f33b-4320-8767-17315c56a973/002-1f566d63-b12a-46a9-b04d-47d87fcd7897-downloadableSrc-5b64861d755d.webp
fff17da3-f33b-4320-8767-17315c56a973,Requesting for money,28b2d970-a05d-4509-99dd-83d47dbc3a16,Revolut,aa23fa4c-2ecb-4027-b126-335f9fcd86b1,2,3,643dc5f7-2182-44bd-b33d-57e4273c8762,true,downloadableSrc,200,image/webp,37352,37352,57868561334843c15cd4993fdf7b2ac39a488d7f059ab3c693bada5ecd0ddbf4,1179,2676,,,bytescale.mobbin.com,f7a1807c1ac98ccf0eecf5078d61346ac9a94ca37a547f5708d580528c9e55c0,/Users/user/mobbin-sides/screen-flows/revolut/102-revolut-requesting-for-money-fff17da3-f33b-4320-8767-17315c56a973/003-643dc5f7-2182-44bd-b33d-57e4273c8762-downloadableSrc-578685613348.webp
fff17da3-f33b-4320-8767-17315c56a973,Requesting for money,28b2d970-a05d-4509-99dd-83d47dbc3a16,Revolut,aa23fa4c-2ecb-4027-b126-335f9fcd86b1,3,4,d5605d61-7e5e-4836-90b7-fc7f29cf2e8d,true,downloadableSrc,200,image/webp,44996,44996,4367827443f51da8ffab7989cd054fe8d0374cf8e7d3d2ad23a73115d9351a0c,1179,2676,,,bytescale.mobbin.com,f7a1807c1ac98ccf0eecf5078d61346ac9a94ca37a547f5708d580528c9e55c0,/Users/user/mobbin-sides/screen-flows/revolut/102-revolut-requesting-for-money-fff17da3-f33b-4320-8767-17315c56a973/004-d5605d61-7e5e-4836-90b7-fc7f29cf2e8d-downloadableSrc-4367827443f5.webp
fff17da3-f33b-4320-8767-17315c56a973,Requesting for money,28b2d970-a05d-4509-99dd-83d47dbc3a16,Revolut,aa23fa4c-2ecb-4027-b126-335f9fcd86b1,4,5,1db53dd7-23bf-4fc0-8bdf-d6f38660a508,true,downloadableSrc,200,image/webp,250766,250766,bb9c127e3abd983badae021da2502601eaf96a84ea1c29a1eb26266956594a65,1179,2676,,,bytescale.mobbin.com,f7a1807c1ac98ccf0eecf5078d61346ac9a94ca37a547f5708d580528c9e55c0,/Users/user/mobbin-sides/screen-flows/revolut/102-revolut-requesting-for-money-fff17da3-f33b-4320-8767-17315c56a973/005-1db53dd7-23bf-4fc0-8bdf-d6f38660a508-downloadableSrc-bb9c127e3abd.webp
fff17da3-f33b-4320-8767-17315c56a973,Requesting for money,28b2d970-a05d-4509-99dd-83d47dbc3a16,Revolut,aa23fa4c-2ecb-4027-b126-335f9fcd86b1,5,6,ff1e7bfd-5c5c-4f57-8b2c-896b58e191e3,true,downloadableSrc,200,image/webp,54486,54486,232d589e338e29e1286c6987151f7f90141ae63ced54a173f1b028b2c0a05eb1,1179,2676,,,bytescale.mobbin.com,f7a1807c1ac98ccf0eecf5078d61346ac9a94ca37a547f5708d580528c9e55c0,/Users/user/mobbin-sides/screen-flows/revolut/102-revolut-requesting-for-money-fff17da3-f33b-4320-8767-17315c56a973/006-ff1e7bfd-5c5c-4f57-8b2c-896b58e191e3-downloadableSrc-232d589e338e.webp
fff17da3-f33b-4320-8767-17315c56a973,Requesting for money,28b2d970-a05d-4509-99dd-83d47dbc3a16,Revolut,aa23fa4c-2ecb-4027-b126-335f9fcd86b1,6,7,193bfea4-ed2e-4e56-b9df-3320a6ad051b,true,downloadableSrc,200,image/webp,63316,63316,84c05ebbaa56f53f78ac6a4935e7aab430661807fde2f9724ab6600c47c0cd4b,1179,2676,,,bytescale.mobbin.com,f7a1807c1ac98ccf0eecf5078d61346ac9a94ca37a547f5708d580528c9e55c0,/Users/user/mobbin-sides/screen-flows/revolut/102-revolut-requesting-for-money-fff17da3-f33b-4320-8767-17315c56a973/007-193bfea4-ed2e-4e56-b9df-3320a6ad051b-downloadableSrc-84c05ebbaa56.webp
c4a1fcdc-9763-40cb-8470-3ca850e88da2,Sending money,28b2d970-a05d-4509-99dd-83d47dbc3a16,Revolut,aa23fa4c-2ecb-4027-b126-335f9fcd86b1,0,1,beea66ec-7bff-46c5-a3ab-0d539d4ad137,true,downloadableSrc,200,image/webp,34468,34468,cd2ad01aac46797cfa182f453972be8319f97eec167b7f1ae88d40aa46c6e0cd,1179,2676,,,bytescale.mobbin.com,f7a1807c1ac98ccf0eecf5078d61346ac9a94ca37a547f5708d580528c9e55c0,/Users/user/mobbin-sides/screen-flows/revolut/103-revolut-sending-money-c4a1fcdc-9763-40cb-8470-3ca850e88da2/001-beea66ec-7bff-46c5-a3ab-0d539d4ad137-downloadableSrc-cd2ad01aac46.webp
c4a1fcdc-9763-40cb-8470-3ca850e88da2,Sending money,28b2d970-a05d-4509-99dd-83d47dbc3a16,Revolut,aa23fa4c-2ecb-4027-b126-335f9fcd86b1,1,2,d919d815-6d5a-4817-a981-f4b5c5e823c3,true,downloadableSrc,200,image/webp,37214,37214,ed9ad4024218a41de0b285efe8b08bd08115102b78f146c44ccb44a6f36d093b,1179,2676,,,bytescale.mobbin.com,f7a1807c1ac98ccf0eecf5078d61346ac9a94ca37a547f5708d580528c9e55c0,/Users/user/mobbin-sides/screen-flows/revolut/103-revolut-sending-money-c4a1fcdc-9763-40cb-8470-3ca850e88da2/002-d919d815-6d5a-4817-a981-f4b5c5e823c3-downloadableSrc-ed9ad4024218.webp
c4a1fcdc-9763-40cb-8470-3ca850e88da2,Sending money,28b2d970-a05d-4509-99dd-83d47dbc3a16,Revolut,aa23fa4c-2ecb-4027-b126-335f9fcd86b1,2,3,56a5f862-10d8-43a9-b8c4-dd3ada2b1553,true,downloadableSrc,200,image/webp,28852,28852,24a6cf53ecf39bf4d49832b7bfdd18342adeada5cbd650358ecbd8535d2bb569,1179,2676,,,bytescale.mobbin.com,f7a1807c1ac98ccf0eecf5078d61346ac9a94ca37a547f5708d580528c9e55c0,/Users/user/mobbin-sides/screen-flows/revolut/103-revolut-sending-money-c4a1fcdc-9763-40cb-8470-3ca850e88da2/003-56a5f862-10d8-43a9-b8c4-dd3ada2b1553-downloadableSrc-24a6cf53ecf3.webp
c4a1fcdc-9763-40cb-8470-3ca850e88da2,Sending money,28b2d970-a05d-4509-99dd-83d47dbc3a16,Revolut,aa23fa4c-2ecb-4027-b126-335f9fcd86b1,3,4,160eff79-448b-4ab3-a6de-bb4f406975af,true,downloadableSrc,200,image/webp,64882,64882,42fa8f9793f2f1ba4390fbf2835ba95f6100b224ee05cd7b87c44184568fad39,1179,2676,,,bytescale.mobbin.com,f7a1807c1ac98ccf0eecf5078d61346ac9a94ca37a547f5708d580528c9e55c0,/Users/user/mobbin-sides/screen-flows/revolut/103-revolut-sending-money-c4a1fcdc-9763-40cb-8470-3ca850e88da2/004-160eff79-448b-4ab3-a6de-bb4f406975af-downloadableSrc-42fa8f9793f2.webp
c4a1fcdc-9763-40cb-8470-3ca850e88da2,Sending money,28b2d970-a05d-4509-99dd-83d47dbc3a16,Revolut,aa23fa4c-2ecb-4027-b126-335f9fcd86b1,4,5,e417be9d-5c9f-4028-9ec6-139d19373885,true,downloadableSrc,200,image/webp,46612,46612,f426e0d9e2cf23d6c722160a1a405164da2a5a00039294bfe63b4f113d3eecef,1179,2676,,,bytescale.mobbin.com,f7a1807c1ac98ccf0eecf5078d61346ac9a94ca37a547f5708d580528c9e55c0,/Users/user/mobbin-sides/screen-flows/revolut/103-revolut-sending-money-c4a1fcdc-9763-40cb-8470-3ca850e88da2/005-e417be9d-5c9f-4028-9ec6-139d19373885-downloadableSrc-f426e0d9e2cf.webp
c4a1fcdc-9763-40cb-8470-3ca850e88da2,Sending money,28b2d970-a05d-4509-99dd-83d47dbc3a16,Revolut,aa23fa4c-2ecb-4027-b126-335f9fcd86b1,5,6,2a4195e0-605e-4215-9091-7b885783635e,true,downloadableSrc,200,image/webp,36602,36602,5876a5b81a5cb5feed70dced5d6aaec77c69d4cdc593be27a675dd7b0fef483c,1179,2676,,,bytescale.mobbin.com,f7a1807c1ac98ccf0eecf5078d61346ac9a94ca37a547f5708d580528c9e55c0,/Users/user/mobbin-sides/screen-flows/revolut/103-revolut-sending-money-c4a1fcdc-9763-40cb-8470-3ca850e88da2/006-2a4195e0-605e-4215-9091-7b885783635e-downloadableSrc-5876a5b81a5c.webp
c4a1fcdc-9763-40cb-8470-3ca850e88da2,Sending money,28b2d970-a05d-4509-99dd-83d47dbc3a16,Revolut,aa23fa4c-2ecb-4027-b126-335f9fcd86b1,6,7,5861dbee-2e5a-4db9-ada4-646abd1ac8c9,true,downloadableSrc,200,image/webp,40232,40232,ed7e7642bdaa9c8c6b334534d2bc19afd7e09f7c3a24a35969833f6eba60a48f,1179,2676,,,bytescale.mobbin.com,f7a1807c1ac98ccf0eecf5078d61346ac9a94ca37a547f5708d580528c9e55c0,/Users/user/mobbin-sides/screen-flows/revolut/103-revolut-sending-money-c4a1fcdc-9763-40cb-8470-3ca850e88da2/007-5861dbee-2e5a-4db9-ada4-646abd1ac8c9-downloadableSrc-ed7e7642bdaa.webp
eba6306f-76f5-4333-b196-22203e42a436,Sending a message,28b2d970-a05d-4509-99dd-83d47dbc3a16,Revolut,aa23fa4c-2ecb-4027-b126-335f9fcd86b1,0,1,beea66ec-7bff-46c5-a3ab-0d539d4ad137,true,downloadableSrc,200,image/webp,34468,34468,cd2ad01aac46797cfa182f453972be8319f97eec167b7f1ae88d40aa46c6e0cd,1179,2676,,,bytescale.mobbin.com,f7a1807c1ac98ccf0eecf5078d61346ac9a94ca37a547f5708d580528c9e55c0,/Users/user/mobbin-sides/screen-flows/revolut/104-revolut-sending-a-message-eba6306f-76f5-4333-b196-22203e42a436/001-beea66ec-7bff-46c5-a3ab-0d539d4ad137-downloadableSrc-cd2ad01aac46.webp
eba6306f-76f5-4333-b196-22203e42a436,Sending a message,28b2d970-a05d-4509-99dd-83d47dbc3a16,Revolut,aa23fa4c-2ecb-4027-b126-335f9fcd86b1,1,2,c2a84a0b-3c35-4483-b4e4-ef1514c474e9,true,downloadableSrc,200,image/webp,30354,30354,90c8d04b14a0c5cfbb4dd459e0bf7054fede84fbdfc075e0c2693a70cd214cc8,1179,2676,,,bytescale.mobbin.com,f7a1807c1ac98ccf0eecf5078d61346ac9a94ca37a547f5708d580528c9e55c0,/Users/user/mobbin-sides/screen-flows/revolut/104-revolut-sending-a-message-eba6306f-76f5-4333-b196-22203e42a436/002-c2a84a0b-3c35-4483-b4e4-ef1514c474e9-downloadableSrc-90c8d04b14a0.webp
eba6306f-76f5-4333-b196-22203e42a436,Sending a message,28b2d970-a05d-4509-99dd-83d47dbc3a16,Revolut,aa23fa4c-2ecb-4027-b126-335f9fcd86b1,2,3,f7b049d6-b03c-4ef9-b703-9e5130e688f7,true,downloadableSrc,200,image/webp,42430,42430,5fe6618846a36759a028005aabb0cb4f646362b3005e82725be251d8a99a2500,1179,2676,,,bytescale.mobbin.com,f7a1807c1ac98ccf0eecf5078d61346ac9a94ca37a547f5708d580528c9e55c0,/Users/user/mobbin-sides/screen-flows/revolut/104-revolut-sending-a-message-eba6306f-76f5-4333-b196-22203e42a436/003-f7b049d6-b03c-4ef9-b703-9e5130e688f7-downloadableSrc-5fe6618846a3.webp
eba6306f-76f5-4333-b196-22203e42a436,Sending a message,28b2d970-a05d-4509-99dd-83d47dbc3a16,Revolut,aa23fa4c-2ecb-4027-b126-335f9fcd86b1,3,4,d268bfb6-1acc-4b43-926b-a578672c1e43,true,downloadableSrc,200,image/webp,46846,46846,2bed40324ecd14937123000d1ed8bc577dc4896fecd6dcdcdd7ea7c1eee93a21,1179,2676,,,bytescale.mobbin.com,f7a1807c1ac98ccf0eecf5078d61346ac9a94ca37a547f5708d580528c9e55c0,/Users/user/mobbin-sides/screen-flows/revolut/104-revolut-sending-a-message-eba6306f-76f5-4333-b196-22203e42a436/004-d268bfb6-1acc-4b43-926b-a578672c1e43-downloadableSrc-2bed40324ecd.webp
eba6306f-76f5-4333-b196-22203e42a436,Sending a message,28b2d970-a05d-4509-99dd-83d47dbc3a16,Revolut,aa23fa4c-2ecb-4027-b126-335f9fcd86b1,4,5,b0b48609-193e-471f-863f-13e71f6eca96,true,downloadableSrc,200,image/webp,102802,102802,6a58f49c7de05d69922f0e7e3ae6a4d0c93bb92b937d73da04e2e97dbc7b63ca,1179,2676,,,bytescale.mobbin.com,f7a1807c1ac98ccf0eecf5078d61346ac9a94ca37a547f5708d580528c9e55c0,/Users/user/mobbin-sides/screen-flows/revolut/104-revolut-sending-a-message-eba6306f-76f5-4333-b196-22203e42a436/005-b0b48609-193e-471f-863f-13e71f6eca96-downloadableSrc-6a58f49c7de0.webp
b6310156-6335-441c-a335-02e4b15aff47,Reacting to a message,28b2d970-a05d-4509-99dd-83d47dbc3a16,Revolut,aa23fa4c-2ecb-4027-b126-335f9fcd86b1,0,1,b0b48609-193e-471f-863f-13e71f6eca96,true,downloadableSrc,200,image/webp,102802,102802,6a58f49c7de05d69922f0e7e3ae6a4d0c93bb92b937d73da04e2e97dbc7b63ca,1179,2676,,,bytescale.mobbin.com,f7a1807c1ac98ccf0eecf5078d61346ac9a94ca37a547f5708d580528c9e55c0,/Users/user/mobbin-sides/screen-flows/revolut/105-revolut-reacting-to-a-message-b6310156-6335-441c-a335-02e4b15aff47/001-b0b48609-193e-471f-863f-13e71f6eca96-downloadableSrc-6a58f49c7de0.webp
b6310156-6335-441c-a335-02e4b15aff47,Reacting to a message,28b2d970-a05d-4509-99dd-83d47dbc3a16,Revolut,aa23fa4c-2ecb-4027-b126-335f9fcd86b1,1,2,ba542c39-372d-499e-8fa6-b58f905fed26,true,downloadableSrc,200,image/webp,91894,91894,87a61a533ee8787d5b3ba5960cd16bbba16af7ec0b917555942b97d6e6213a4c,1179,2676,,,bytescale.mobbin.com,f7a1807c1ac98ccf0eecf5078d61346ac9a94ca37a547f5708d580528c9e55c0,/Users/user/mobbin-sides/screen-flows/revolut/105-revolut-reacting-to-a-message-b6310156-6335-441c-a335-02e4b15aff47/002-ba542c39-372d-499e-8fa6-b58f905fed26-downloadableSrc-87a61a533ee8.webp
b6310156-6335-441c-a335-02e4b15aff47,Reacting to a message,28b2d970-a05d-4509-99dd-83d47dbc3a16,Revolut,aa23fa4c-2ecb-4027-b126-335f9fcd86b1,2,3,5d9f080c-a767-4c58-9089-6f5ce079d703,true,downloadableSrc,200,image/webp,100558,100558,211058cb79fbf35b8089e277bbd8b8b75e713853815256c655845ea6583c8f4e,1179,2676,,,bytescale.mobbin.com,f7a1807c1ac98ccf0eecf5078d61346ac9a94ca37a547f5708d580528c9e55c0,/Users/user/mobbin-sides/screen-flows/revolut/105-revolut-reacting-to-a-message-b6310156-6335-441c-a335-02e4b15aff47/003-5d9f080c-a767-4c58-9089-6f5ce079d703-downloadableSrc-211058cb79fb.webp
d97babe8-1acb-4f97-b256-232d51f0e1bc,User profile,28b2d970-a05d-4509-99dd-83d47dbc3a16,Revolut,aa23fa4c-2ecb-4027-b126-335f9fcd86b1,0,1,e7ffc7c7-d91b-4801-be2f-864bf9e54fae,true,downloadableSrc,200,image/webp,71896,71896,70bbcbce2e3f880b161f10ef9b65fe76254bce413fdf44b5e3e660643e399ecf,1179,2676,,,bytescale.mobbin.com,f7a1807c1ac98ccf0eecf5078d61346ac9a94ca37a547f5708d580528c9e55c0,/Users/user/mobbin-sides/screen-flows/revolut/106-revolut-user-profile-d97babe8-1acb-4f97-b256-232d51f0e1bc/001-e7ffc7c7-d91b-4801-be2f-864bf9e54fae-downloadableSrc-70bbcbce2e3f.webp
d97babe8-1acb-4f97-b256-232d51f0e1bc,User profile,28b2d970-a05d-4509-99dd-83d47dbc3a16,Revolut,aa23fa4c-2ecb-4027-b126-335f9fcd86b1,1,2,6d01bf92-6b74-498c-8d85-221f0fea378a,true,downloadableSrc,200,image/webp,23430,23430,bafde7b9ce91627f3c6e826b2195f9643e8c8351edd4b9180c48843242e3f718,1179,2676,,,bytescale.mobbin.com,f7a1807c1ac98ccf0eecf5078d61346ac9a94ca37a547f5708d580528c9e55c0,/Users/user/mobbin-sides/screen-flows/revolut/106-revolut-user-profile-d97babe8-1acb-4f97-b256-232d51f0e1bc/002-6d01bf92-6b74-498c-8d85-221f0fea378a-downloadableSrc-bafde7b9ce91.webp
d97babe8-1acb-4f97-b256-232d51f0e1bc,User profile,28b2d970-a05d-4509-99dd-83d47dbc3a16,Revolut,aa23fa4c-2ecb-4027-b126-335f9fcd86b1,2,3,6000b032-c861-433c-b52b-fa3b88c830e5,true,downloadableSrc,200,image/webp,25754,25754,98d472ec8467559a65c774aa8a07d73cf9d2e8d997041bb45660b9e5402d740f,1179,2676,,,bytescale.mobbin.com,f7a1807c1ac98ccf0eecf5078d61346ac9a94ca37a547f5708d580528c9e55c0,/Users/user/mobbin-sides/screen-flows/revolut/106-revolut-user-profile-d97babe8-1acb-4f97-b256-232d51f0e1bc/003-6000b032-c861-433c-b52b-fa3b88c830e5-downloadableSrc-98d472ec8467.webp
d97babe8-1acb-4f97-b256-232d51f0e1bc,User profile,28b2d970-a05d-4509-99dd-83d47dbc3a16,Revolut,aa23fa4c-2ecb-4027-b126-335f9fcd86b1,3,4,3e898cdd-cb04-4f19-828c-3c1fa1222e3d,true,downloadableSrc,200,image/webp,106192,106192,9dda37c0a16f18caef63c85a218446e9656a304cef93e28bc0dcaa304c1884c8,1179,2676,,,bytescale.mobbin.com,f7a1807c1ac98ccf0eecf5078d61346ac9a94ca37a547f5708d580528c9e55c0,/Users/user/mobbin-sides/screen-flows/revolut/106-revolut-user-profile-d97babe8-1acb-4f97-b256-232d51f0e1bc/004-3e898cdd-cb04-4f19-828c-3c1fa1222e3d-downloadableSrc-9dda37c0a16f.webp
d97babe8-1acb-4f97-b256-232d51f0e1bc,User profile,28b2d970-a05d-4509-99dd-83d47dbc3a16,Revolut,aa23fa4c-2ecb-4027-b126-335f9fcd86b1,4,5,f6d78153-b465-4143-bb11-6ec1efe20406,true,downloadableSrc,200,image/webp,64932,64932,6558ab3535c4dd463ea05e8b09ce771e87a9be2f547f89f7bcf78aabc0115574,1179,2676,,,bytescale.mobbin.com,f7a1807c1ac98ccf0eecf5078d61346ac9a94ca37a547f5708d580528c9e55c0,/Users/user/mobbin-sides/screen-flows/revolut/106-revolut-user-profile-d97babe8-1acb-4f97-b256-232d51f0e1bc/005-f6d78153-b465-4143-bb11-6ec1efe20406-downloadableSrc-6558ab3535c4.webp
d97babe8-1acb-4f97-b256-232d51f0e1bc,User profile,28b2d970-a05d-4509-99dd-83d47dbc3a16,Revolut,aa23fa4c-2ecb-4027-b126-335f9fcd86b1,5,6,610cbe3a-44a8-4544-92c9-48f2bcab43a1,true,downloadableSrc,200,image/webp,104452,104452,34a4ba3ad99fdc91694f392ff0787e18e672eab4993814f922ae120184a2d861,1179,2676,,,bytescale.mobbin.com,f7a1807c1ac98ccf0eecf5078d61346ac9a94ca37a547f5708d580528c9e55c0,/Users/user/mobbin-sides/screen-flows/revolut/106-revolut-user-profile-d97babe8-1acb-4f97-b256-232d51f0e1bc/006-610cbe3a-44a8-4544-92c9-48f2bcab43a1-downloadableSrc-34a4ba3ad99f.webp
59b787ec-56c2-45e9-b649-a18559077901,Blocking a user,28b2d970-a05d-4509-99dd-83d47dbc3a16,Revolut,aa23fa4c-2ecb-4027-b126-335f9fcd86b1,0,1,f6d78153-b465-4143-bb11-6ec1efe20406,true,downloadableSrc,200,image/webp,64932,64932,6558ab3535c4dd463ea05e8b09ce771e87a9be2f547f89f7bcf78aabc0115574,1179,2676,,,bytescale.mobbin.com,f7a1807c1ac98ccf0eecf5078d61346ac9a94ca37a547f5708d580528c9e55c0,/Users/user/mobbin-sides/screen-flows/revolut/107-revolut-blocking-a-user-59b787ec-56c2-45e9-b649-a18559077901/001-f6d78153-b465-4143-bb11-6ec1efe20406-downloadableSrc-6558ab3535c4.webp
59b787ec-56c2-45e9-b649-a18559077901,Blocking a user,28b2d970-a05d-4509-99dd-83d47dbc3a16,Revolut,aa23fa4c-2ecb-4027-b126-335f9fcd86b1,1,2,6de051ca-db42-426c-bfff-80d11b6597db,true,downloadableSrc,200,image/webp,42796,42796,d1ec2860705515eb78fbf0484a04ac56142f89ee4676dd75b6ba694153727fff,1179,2676,,,bytescale.mobbin.com,f7a1807c1ac98ccf0eecf5078d61346ac9a94ca37a547f5708d580528c9e55c0,/Users/user/mobbin-sides/screen-flows/revolut/107-revolut-blocking-a-user-59b787ec-56c2-45e9-b649-a18559077901/002-6de051ca-db42-426c-bfff-80d11b6597db-downloadableSrc-d1ec28607055.webp
59b787ec-56c2-45e9-b649-a18559077901,Blocking a user,28b2d970-a05d-4509-99dd-83d47dbc3a16,Revolut,aa23fa4c-2ecb-4027-b126-335f9fcd86b1,2,3,3c95a4da-799e-464e-98e6-37d21a1a837d,true,downloadableSrc,200,image/webp,43046,43046,95870ac43a0eea29b2fd8c92787ddf3d50be0a8b4f9052cc989d5e8ced3bf568,1179,2676,,,bytescale.mobbin.com,f7a1807c1ac98ccf0eecf5078d61346ac9a94ca37a547f5708d580528c9e55c0,/Users/user/mobbin-sides/screen-flows/revolut/107-revolut-blocking-a-user-59b787ec-56c2-45e9-b649-a18559077901/003-3c95a4da-799e-464e-98e6-37d21a1a837d-downloadableSrc-95870ac43a0e.webp
59b787ec-56c2-45e9-b649-a18559077901,Blocking a user,28b2d970-a05d-4509-99dd-83d47dbc3a16,Revolut,aa23fa4c-2ecb-4027-b126-335f9fcd86b1,3,4,454172d0-23be-4962-946c-38241ea3e29b,true,downloadableSrc,200,image/webp,27506,27506,dd40398d417798d579647c361484319e48013fffa8c3d88a38ee361ef1db0d09,1179,2676,,,bytescale.mobbin.com,f7a1807c1ac98ccf0eecf5078d61346ac9a94ca37a547f5708d580528c9e55c0,/Users/user/mobbin-sides/screen-flows/revolut/107-revolut-blocking-a-user-59b787ec-56c2-45e9-b649-a18559077901/004-454172d0-23be-4962-946c-38241ea3e29b-downloadableSrc-dd40398d4177.webp
3458e20d-ef6b-4d27-8978-17fdc032a90a,Adding a friend,28b2d970-a05d-4509-99dd-83d47dbc3a16,Revolut,aa23fa4c-2ecb-4027-b126-335f9fcd86b1,0,1,a24c5fdb-2d5b-4ae1-ae0c-466975d89025,true,downloadableSrc,200,image/webp,60182,60182,6cab00e10a87da17daef72c087588850c12420409714a22d3a113d3767eca5fb,1179,2676,,,bytescale.mobbin.com,f7a1807c1ac98ccf0eecf5078d61346ac9a94ca37a547f5708d580528c9e55c0,/Users/user/mobbin-sides/screen-flows/revolut/108-revolut-adding-a-friend-3458e20d-ef6b-4d27-8978-17fdc032a90a/001-a24c5fdb-2d5b-4ae1-ae0c-466975d89025-downloadableSrc-6cab00e10a87.webp
3458e20d-ef6b-4d27-8978-17fdc032a90a,Adding a friend,28b2d970-a05d-4509-99dd-83d47dbc3a16,Revolut,aa23fa4c-2ecb-4027-b126-335f9fcd86b1,1,2,fa6b7469-21d6-431f-ada9-46ac375390c7,true,downloadableSrc,200,image/webp,50156,50156,3421f9931b90471b35ebb6b0085dbe9334e064d4046d31cda6ccf4fc9c06a599,1179,2676,,,bytescale.mobbin.com,f7a1807c1ac98ccf0eecf5078d61346ac9a94ca37a547f5708d580528c9e55c0,/Users/user/mobbin-sides/screen-flows/revolut/108-revolut-adding-a-friend-3458e20d-ef6b-4d27-8978-17fdc032a90a/002-fa6b7469-21d6-431f-ada9-46ac375390c7-downloadableSrc-3421f9931b90.webp
3458e20d-ef6b-4d27-8978-17fdc032a90a,Adding a friend,28b2d970-a05d-4509-99dd-83d47dbc3a16,Revolut,aa23fa4c-2ecb-4027-b126-335f9fcd86b1,2,3,9330ca18-4381-4b84-b9f5-ae43748c21f1,true,downloadableSrc,200,image/webp,23658,23658,7401f29c98cbcbdf404aaf6c16e69d33201e9381a16f0adfa45a0c34b089a294,1179,2676,,,bytescale.mobbin.com,f7a1807c1ac98ccf0eecf5078d61346ac9a94ca37a547f5708d580528c9e55c0,/Users/user/mobbin-sides/screen-flows/revolut/108-revolut-adding-a-friend-3458e20d-ef6b-4d27-8978-17fdc032a90a/003-9330ca18-4381-4b84-b9f5-ae43748c21f1-downloadableSrc-7401f29c98cb.webp
3458e20d-ef6b-4d27-8978-17fdc032a90a,Adding a friend,28b2d970-a05d-4509-99dd-83d47dbc3a16,Revolut,aa23fa4c-2ecb-4027-b126-335f9fcd86b1,3,4,ce8393e4-0901-438a-8441-e57378798465,true,downloadableSrc,200,image/webp,26428,26428,0ee6025c6d86843e8910d7bb2dbb1209555e46ac0a931f2472e8b87ef3f04661,1179,2676,,,bytescale.mobbin.com,f7a1807c1ac98ccf0eecf5078d61346ac9a94ca37a547f5708d580528c9e55c0,/Users/user/mobbin-sides/screen-flows/revolut/108-revolut-adding-a-friend-3458e20d-ef6b-4d27-8978-17fdc032a90a/004-ce8393e4-0901-438a-8441-e57378798465-downloadableSrc-0ee6025c6d86.webp
3458e20d-ef6b-4d27-8978-17fdc032a90a,Adding a friend,28b2d970-a05d-4509-99dd-83d47dbc3a16,Revolut,aa23fa4c-2ecb-4027-b126-335f9fcd86b1,4,5,9aa6d780-e5f9-4e2c-ad42-7a6c3a56af99,true,downloadableSrc,200,image/webp,46890,46890,c339c39e1db2648639e6f4be610c595d12a525a426b32eb3cb8de0b8fd8fde5a,1179,2676,,,bytescale.mobbin.com,f7a1807c1ac98ccf0eecf5078d61346ac9a94ca37a547f5708d580528c9e55c0,/Users/user/mobbin-sides/screen-flows/revolut/108-revolut-adding-a-friend-3458e20d-ef6b-4d27-8978-17fdc032a90a/005-9aa6d780-e5f9-4e2c-ad42-7a6c3a56af99-downloadableSrc-c339c39e1db2.webp
7070a8d3-cab4-47f4-9b47-e5051bf83d01,Creating a group,28b2d970-a05d-4509-99dd-83d47dbc3a16,Revolut,aa23fa4c-2ecb-4027-b126-335f9fcd86b1,0,1,a24c5fdb-2d5b-4ae1-ae0c-466975d89025,true,downloadableSrc,200,image/webp,60182,60182,6cab00e10a87da17daef72c087588850c12420409714a22d3a113d3767eca5fb,1179,2676,,,bytescale.mobbin.com,f7a1807c1ac98ccf0eecf5078d61346ac9a94ca37a547f5708d580528c9e55c0,/Users/user/mobbin-sides/screen-flows/revolut/109-revolut-creating-a-group-7070a8d3-cab4-47f4-9b47-e5051bf83d01/001-a24c5fdb-2d5b-4ae1-ae0c-466975d89025-downloadableSrc-6cab00e10a87.webp
7070a8d3-cab4-47f4-9b47-e5051bf83d01,Creating a group,28b2d970-a05d-4509-99dd-83d47dbc3a16,Revolut,aa23fa4c-2ecb-4027-b126-335f9fcd86b1,1,2,b7374b85-d964-4dd9-a95b-513c71a26e0c,true,downloadableSrc,200,image/webp,52362,52362,0d60ab14e0f7be1185a042c9e0e92ba266e4f97b9c049374a5e0f60e0b98e00c,1179,2676,,,bytescale.mobbin.com,f7a1807c1ac98ccf0eecf5078d61346ac9a94ca37a547f5708d580528c9e55c0,/Users/user/mobbin-sides/screen-flows/revolut/109-revolut-creating-a-group-7070a8d3-cab4-47f4-9b47-e5051bf83d01/002-b7374b85-d964-4dd9-a95b-513c71a26e0c-downloadableSrc-0d60ab14e0f7.webp
7070a8d3-cab4-47f4-9b47-e5051bf83d01,Creating a group,28b2d970-a05d-4509-99dd-83d47dbc3a16,Revolut,aa23fa4c-2ecb-4027-b126-335f9fcd86b1,2,3,d8811888-7555-4992-a9b5-00d3b1326143,true,downloadableSrc,200,image/webp,65730,65730,4fd0844a2ac8d41eddf9eb4dc2330bdab2f6c9ee3d49608ba25b92d9a0cafe48,1179,2676,,,bytescale.mobbin.com,f7a1807c1ac98ccf0eecf5078d61346ac9a94ca37a547f5708d580528c9e55c0,/Users/user/mobbin-sides/screen-flows/revolut/109-revolut-creating-a-group-7070a8d3-cab4-47f4-9b47-e5051bf83d01/003-d8811888-7555-4992-a9b5-00d3b1326143-downloadableSrc-4fd0844a2ac8.webp
7070a8d3-cab4-47f4-9b47-e5051bf83d01,Creating a group,28b2d970-a05d-4509-99dd-83d47dbc3a16,Revolut,aa23fa4c-2ecb-4027-b126-335f9fcd86b1,3,4,520c0879-5430-4f0c-aec3-f9b5e52aec9b,true,downloadableSrc,200,image/webp,86648,86648,f7eb880b58dd27ea650d57c80ab964950abcb1ec177a9dc84cf4e082024e1567,1179,2676,,,bytescale.mobbin.com,f7a1807c1ac98ccf0eecf5078d61346ac9a94ca37a547f5708d580528c9e55c0,/Users/user/mobbin-sides/screen-flows/revolut/109-revolut-creating-a-group-7070a8d3-cab4-47f4-9b47-e5051bf83d01/004-520c0879-5430-4f0c-aec3-f9b5e52aec9b-downloadableSrc-f7eb880b58dd.webp
7070a8d3-cab4-47f4-9b47-e5051bf83d01,Creating a group,28b2d970-a05d-4509-99dd-83d47dbc3a16,Revolut,aa23fa4c-2ecb-4027-b126-335f9fcd86b1,4,5,ed3f39de-afd8-4ed4-8b10-7cb1ca123b13,true,downloadableSrc,200,image/webp,150754,150754,80831ce492a5ae9420162b9874a30531befba2f92a1621bc76c3a5afb8bffa44,1179,2676,,,bytescale.mobbin.com,f7a1807c1ac98ccf0eecf5078d61346ac9a94ca37a547f5708d580528c9e55c0,/Users/user/mobbin-sides/screen-flows/revolut/109-revolut-creating-a-group-7070a8d3-cab4-47f4-9b47-e5051bf83d01/005-ed3f39de-afd8-4ed4-8b10-7cb1ca123b13-downloadableSrc-80831ce492a5.webp
7070a8d3-cab4-47f4-9b47-e5051bf83d01,Creating a group,28b2d970-a05d-4509-99dd-83d47dbc3a16,Revolut,aa23fa4c-2ecb-4027-b126-335f9fcd86b1,5,6,1c9cdd11-45a5-4d26-907a-690891d417f3,true,downloadableSrc,200,image/webp,151630,151630,0fbd547f7474920adb1e25f96d74cbb956f5a54affb3519e678d7dea6ab4120c,1179,2676,,,bytescale.mobbin.com,f7a1807c1ac98ccf0eecf5078d61346ac9a94ca37a547f5708d580528c9e55c0,/Users/user/mobbin-sides/screen-flows/revolut/109-revolut-creating-a-group-7070a8d3-cab4-47f4-9b47-e5051bf83d01/006-1c9cdd11-45a5-4d26-907a-690891d417f3-downloadableSrc-0fbd547f7474.webp
7070a8d3-cab4-47f4-9b47-e5051bf83d01,Creating a group,28b2d970-a05d-4509-99dd-83d47dbc3a16,Revolut,aa23fa4c-2ecb-4027-b126-335f9fcd86b1,6,7,66847cef-1e74-42e1-84f4-6bbdb96bad5b,true,downloadableSrc,200,image/webp,62632,62632,8866216e596bebc025bcd489186a94be75486e84d3226db78ad1dde4f72d6078,1179,2676,,,bytescale.mobbin.com,f7a1807c1ac98ccf0eecf5078d61346ac9a94ca37a547f5708d580528c9e55c0,/Users/user/mobbin-sides/screen-flows/revolut/109-revolut-creating-a-group-7070a8d3-cab4-47f4-9b47-e5051bf83d01/007-66847cef-1e74-42e1-84f4-6bbdb96bad5b-downloadableSrc-8866216e596b.webp
7070a8d3-cab4-47f4-9b47-e5051bf83d01,Creating a group,28b2d970-a05d-4509-99dd-83d47dbc3a16,Revolut,aa23fa4c-2ecb-4027-b126-335f9fcd86b1,7,8,1de0dcd7-1bdd-4b0b-a875-729b9f91535e,true,downloadableSrc,200,image/webp,38554,38554,526ea37a9ef72df4f14fe9e0c47c4d0b939a2ce21dc03dafa0851511bb75e3e6,1179,2676,,,bytescale.mobbin.com,f7a1807c1ac98ccf0eecf5078d61346ac9a94ca37a547f5708d580528c9e55c0,/Users/user/mobbin-sides/screen-flows/revolut/109-revolut-creating-a-group-7070a8d3-cab4-47f4-9b47-e5051bf83d01/008-1de0dcd7-1bdd-4b0b-a875-729b9f91535e-downloadableSrc-526ea37a9ef7.webp
dc26942b-ed7e-4fdd-a056-16717405a3d6,Splitting a bill,28b2d970-a05d-4509-99dd-83d47dbc3a16,Revolut,aa23fa4c-2ecb-4027-b126-335f9fcd86b1,0,1,1de0dcd7-1bdd-4b0b-a875-729b9f91535e,true,downloadableSrc,200,image/webp,38554,38554,526ea37a9ef72df4f14fe9e0c47c4d0b939a2ce21dc03dafa0851511bb75e3e6,1179,2676,,,bytescale.mobbin.com,f7a1807c1ac98ccf0eecf5078d61346ac9a94ca37a547f5708d580528c9e55c0,/Users/user/mobbin-sides/screen-flows/revolut/110-revolut-splitting-a-bill-dc26942b-ed7e-4fdd-a056-16717405a3d6/001-1de0dcd7-1bdd-4b0b-a875-729b9f91535e-downloadableSrc-526ea37a9ef7.webp
dc26942b-ed7e-4fdd-a056-16717405a3d6,Splitting a bill,28b2d970-a05d-4509-99dd-83d47dbc3a16,Revolut,aa23fa4c-2ecb-4027-b126-335f9fcd86b1,1,2,a528ae50-e68b-45ce-af14-9f540d65e50b,true,downloadableSrc,200,image/webp,41198,41198,beb8875ab6d7a5c6d22a5a8090cb0837ae5ee3b68d6cdfd8cd47ca63daf4969a,1179,2676,,,bytescale.mobbin.com,f7a1807c1ac98ccf0eecf5078d61346ac9a94ca37a547f5708d580528c9e55c0,/Users/user/mobbin-sides/screen-flows/revolut/110-revolut-splitting-a-bill-dc26942b-ed7e-4fdd-a056-16717405a3d6/002-a528ae50-e68b-45ce-af14-9f540d65e50b-downloadableSrc-beb8875ab6d7.webp
dc26942b-ed7e-4fdd-a056-16717405a3d6,Splitting a bill,28b2d970-a05d-4509-99dd-83d47dbc3a16,Revolut,aa23fa4c-2ecb-4027-b126-335f9fcd86b1,2,3,a784a684-3265-4beb-871c-b904a58b7e56,true,downloadableSrc,200,image/webp,51402,51402,58e3287c38bb5f5bcc3d77f431fbca602a3a1886cd4f6aac52fad074fe38dcb0,1179,2676,,,bytescale.mobbin.com,f7a1807c1ac98ccf0eecf5078d61346ac9a94ca37a547f5708d580528c9e55c0,/Users/user/mobbin-sides/screen-flows/revolut/110-revolut-splitting-a-bill-dc26942b-ed7e-4fdd-a056-16717405a3d6/003-a784a684-3265-4beb-871c-b904a58b7e56-downloadableSrc-58e3287c38bb.webp
dc26942b-ed7e-4fdd-a056-16717405a3d6,Splitting a bill,28b2d970-a05d-4509-99dd-83d47dbc3a16,Revolut,aa23fa4c-2ecb-4027-b126-335f9fcd86b1,3,4,3fc54275-80f7-41c1-83ee-2dbff8296221,true,downloadableSrc,200,image/webp,46552,46552,0b11b0fbdfd5e6b99a727d13d15c620df6cf1255ed63c0c038bb4bc36448c7a5,1179,2676,,,bytescale.mobbin.com,f7a1807c1ac98ccf0eecf5078d61346ac9a94ca37a547f5708d580528c9e55c0,/Users/user/mobbin-sides/screen-flows/revolut/110-revolut-splitting-a-bill-dc26942b-ed7e-4fdd-a056-16717405a3d6/004-3fc54275-80f7-41c1-83ee-2dbff8296221-downloadableSrc-0b11b0fbdfd5.webp
dc26942b-ed7e-4fdd-a056-16717405a3d6,Splitting a bill,28b2d970-a05d-4509-99dd-83d47dbc3a16,Revolut,aa23fa4c-2ecb-4027-b126-335f9fcd86b1,4,5,d96ff188-0b4b-4e82-85ab-702a7e8545a6,true,downloadableSrc,200,image/webp,29112,29112,9bc66e74b2228751f67666cf240d22d1341ca611fc7ff6d6a3a836d0f81b624b,1179,2676,,,bytescale.mobbin.com,f7a1807c1ac98ccf0eecf5078d61346ac9a94ca37a547f5708d580528c9e55c0,/Users/user/mobbin-sides/screen-flows/revolut/110-revolut-splitting-a-bill-dc26942b-ed7e-4fdd-a056-16717405a3d6/005-d96ff188-0b4b-4e82-85ab-702a7e8545a6-downloadableSrc-9bc66e74b222.webp
dc26942b-ed7e-4fdd-a056-16717405a3d6,Splitting a bill,28b2d970-a05d-4509-99dd-83d47dbc3a16,Revolut,aa23fa4c-2ecb-4027-b126-335f9fcd86b1,5,6,afb54ce7-986b-4532-a8c5-a18e9bbdf85a,true,downloadableSrc,200,image/webp,53422,53422,783a825253c9b35862f586cb0077107ea47a480a00545ec31c36ecae86bb8a48,1179,2676,,,bytescale.mobbin.com,f7a1807c1ac98ccf0eecf5078d61346ac9a94ca37a547f5708d580528c9e55c0,/Users/user/mobbin-sides/screen-flows/revolut/110-revolut-splitting-a-bill-dc26942b-ed7e-4fdd-a056-16717405a3d6/006-afb54ce7-986b-4532-a8c5-a18e9bbdf85a-downloadableSrc-783a825253c9.webp
dc26942b-ed7e-4fdd-a056-16717405a3d6,Splitting a bill,28b2d970-a05d-4509-99dd-83d47dbc3a16,Revolut,aa23fa4c-2ecb-4027-b126-335f9fcd86b1,6,7,61d50a5b-ccad-4936-9b7d-1a380171de8b,true,downloadableSrc,200,image/webp,63254,63254,bbed5bd6d75bc19c8fba80add00b7993dad8fe840d3000f74d254f04790a0b7e,1179,2676,,,bytescale.mobbin.com,f7a1807c1ac98ccf0eecf5078d61346ac9a94ca37a547f5708d580528c9e55c0,/Users/user/mobbin-sides/screen-flows/revolut/110-revolut-splitting-a-bill-dc26942b-ed7e-4fdd-a056-16717405a3d6/007-61d50a5b-ccad-4936-9b7d-1a380171de8b-downloadableSrc-bbed5bd6d75b.webp
0f314ae8-2198-4291-96a6-3fc083aaba46,Sending a reminder,28b2d970-a05d-4509-99dd-83d47dbc3a16,Revolut,aa23fa4c-2ecb-4027-b126-335f9fcd86b1,0,1,afb54ce7-986b-4532-a8c5-a18e9bbdf85a,true,downloadableSrc,200,image/webp,53422,53422,783a825253c9b35862f586cb0077107ea47a480a00545ec31c36ecae86bb8a48,1179,2676,,,bytescale.mobbin.com,f7a1807c1ac98ccf0eecf5078d61346ac9a94ca37a547f5708d580528c9e55c0,/Users/user/mobbin-sides/screen-flows/revolut/111-revolut-sending-a-reminder-0f314ae8-2198-4291-96a6-3fc083aaba46/001-afb54ce7-986b-4532-a8c5-a18e9bbdf85a-downloadableSrc-783a825253c9.webp
0f314ae8-2198-4291-96a6-3fc083aaba46,Sending a reminder,28b2d970-a05d-4509-99dd-83d47dbc3a16,Revolut,aa23fa4c-2ecb-4027-b126-335f9fcd86b1,1,2,4a30eb35-3271-47a1-9f82-20e5aceb2479,true,downloadableSrc,200,image/webp,46122,46122,d59dedf0f6f86f08c217e293e9ff8ceba1b3fbc598d5d87e9ef9a7a98a0f37f5,1179,2676,,,bytescale.mobbin.com,f7a1807c1ac98ccf0eecf5078d61346ac9a94ca37a547f5708d580528c9e55c0,/Users/user/mobbin-sides/screen-flows/revolut/111-revolut-sending-a-reminder-0f314ae8-2198-4291-96a6-3fc083aaba46/002-4a30eb35-3271-47a1-9f82-20e5aceb2479-downloadableSrc-d59dedf0f6f8.webp
0f314ae8-2198-4291-96a6-3fc083aaba46,Sending a reminder,28b2d970-a05d-4509-99dd-83d47dbc3a16,Revolut,aa23fa4c-2ecb-4027-b126-335f9fcd86b1,2,3,a06d537a-5f21-432b-a4b1-aa506e00844f,true,downloadableSrc,200,image/webp,28066,28066,51ff4f669d15c7a3230011bba061ec23b7128be19d9cc31c8df59c12aaf3430f,1179,2676,,,bytescale.mobbin.com,f7a1807c1ac98ccf0eecf5078d61346ac9a94ca37a547f5708d580528c9e55c0,/Users/user/mobbin-sides/screen-flows/revolut/111-revolut-sending-a-reminder-0f314ae8-2198-4291-96a6-3fc083aaba46/003-a06d537a-5f21-432b-a4b1-aa506e00844f-downloadableSrc-51ff4f669d15.webp
44532b7e-ac61-4837-bdcd-757643970c9a,Marking as paid,28b2d970-a05d-4509-99dd-83d47dbc3a16,Revolut,aa23fa4c-2ecb-4027-b126-335f9fcd86b1,0,1,4a30eb35-3271-47a1-9f82-20e5aceb2479,true,downloadableSrc,200,image/webp,46122,46122,d59dedf0f6f86f08c217e293e9ff8ceba1b3fbc598d5d87e9ef9a7a98a0f37f5,1179,2676,,,bytescale.mobbin.com,f7a1807c1ac98ccf0eecf5078d61346ac9a94ca37a547f5708d580528c9e55c0,/Users/user/mobbin-sides/screen-flows/revolut/112-revolut-marking-as-paid-44532b7e-ac61-4837-bdcd-757643970c9a/001-4a30eb35-3271-47a1-9f82-20e5aceb2479-downloadableSrc-d59dedf0f6f8.webp
44532b7e-ac61-4837-bdcd-757643970c9a,Marking as paid,28b2d970-a05d-4509-99dd-83d47dbc3a16,Revolut,aa23fa4c-2ecb-4027-b126-335f9fcd86b1,1,2,69cafc76-5222-4a7f-a129-80bc50407b87,true,downloadableSrc,200,image/webp,47270,47270,2465f4896bbab77df27b3a95ff25639297a8415069036bdcc21caa93819c545d,1179,2676,,,bytescale.mobbin.com,f7a1807c1ac98ccf0eecf5078d61346ac9a94ca37a547f5708d580528c9e55c0,/Users/user/mobbin-sides/screen-flows/revolut/112-revolut-marking-as-paid-44532b7e-ac61-4837-bdcd-757643970c9a/002-69cafc76-5222-4a7f-a129-80bc50407b87-downloadableSrc-2465f4896bba.webp
44532b7e-ac61-4837-bdcd-757643970c9a,Marking as paid,28b2d970-a05d-4509-99dd-83d47dbc3a16,Revolut,aa23fa4c-2ecb-4027-b126-335f9fcd86b1,2,3,a2d02e1d-cb39-456f-931a-b34cdc2e8f24,true,downloadableSrc,200,image/webp,33650,33650,bcea3d212b6bce435b46315961e1167007dcec5bc36554935fc5402797846d5c,1179,2676,,,bytescale.mobbin.com,f7a1807c1ac98ccf0eecf5078d61346ac9a94ca37a547f5708d580528c9e55c0,/Users/user/mobbin-sides/screen-flows/revolut/112-revolut-marking-as-paid-44532b7e-ac61-4837-bdcd-757643970c9a/003-a2d02e1d-cb39-456f-931a-b34cdc2e8f24-downloadableSrc-bcea3d212b6b.webp
803c269a-2ceb-436e-85ad-b912b35a3008,Group detail,28b2d970-a05d-4509-99dd-83d47dbc3a16,Revolut,aa23fa4c-2ecb-4027-b126-335f9fcd86b1,0,1,61d50a5b-ccad-4936-9b7d-1a380171de8b,true,downloadableSrc,200,image/webp,63254,63254,bbed5bd6d75bc19c8fba80add00b7993dad8fe840d3000f74d254f04790a0b7e,1179,2676,,,bytescale.mobbin.com,f7a1807c1ac98ccf0eecf5078d61346ac9a94ca37a547f5708d580528c9e55c0,/Users/user/mobbin-sides/screen-flows/revolut/113-revolut-group-detail-803c269a-2ceb-436e-85ad-b912b35a3008/001-61d50a5b-ccad-4936-9b7d-1a380171de8b-downloadableSrc-bbed5bd6d75b.webp
803c269a-2ceb-436e-85ad-b912b35a3008,Group detail,28b2d970-a05d-4509-99dd-83d47dbc3a16,Revolut,aa23fa4c-2ecb-4027-b126-335f9fcd86b1,1,2,fd7d9e0a-16b8-4b5f-a6c0-31bc7c1c2a93,true,downloadableSrc,200,image/webp,150634,150634,4ee0955db88a18edd9978efcb1974b258a67e08bcc67203fa7dff77b15a41a6c,1179,2676,,,bytescale.mobbin.com,f7a1807c1ac98ccf0eecf5078d61346ac9a94ca37a547f5708d580528c9e55c0,/Users/user/mobbin-sides/screen-flows/revolut/113-revolut-group-detail-803c269a-2ceb-436e-85ad-b912b35a3008/002-fd7d9e0a-16b8-4b5f-a6c0-31bc7c1c2a93-downloadableSrc-4ee0955db88a.webp
803c269a-2ceb-436e-85ad-b912b35a3008,Group detail,28b2d970-a05d-4509-99dd-83d47dbc3a16,Revolut,aa23fa4c-2ecb-4027-b126-335f9fcd86b1,2,3,bfab8836-54a8-430e-8d73-f374d303cd75,true,downloadableSrc,200,image/webp,139332,139332,94bf9798e5b0acc991ec87a4682432ab136da5c5fb62002485d04b7fc5906206,1179,2676,,,bytescale.mobbin.com,f7a1807c1ac98ccf0eecf5078d61346ac9a94ca37a547f5708d580528c9e55c0,/Users/user/mobbin-sides/screen-flows/revolut/113-revolut-group-detail-803c269a-2ceb-436e-85ad-b912b35a3008/003-bfab8836-54a8-430e-8d73-f374d303cd75-downloadableSrc-94bf9798e5b0.webp
803c269a-2ceb-436e-85ad-b912b35a3008,Group detail,28b2d970-a05d-4509-99dd-83d47dbc3a16,Revolut,aa23fa4c-2ecb-4027-b126-335f9fcd86b1,3,4,9cefa3b7-4c45-4770-ae2f-9d45f86f4dd4,true,downloadableSrc,200,image/webp,62762,62762,ec1cf1fe10eaef01a4dc8c0accf45e199de2f2fff12df542b6d0f3b5b765b536,1179,2676,,,bytescale.mobbin.com,f7a1807c1ac98ccf0eecf5078d61346ac9a94ca37a547f5708d580528c9e55c0,/Users/user/mobbin-sides/screen-flows/revolut/113-revolut-group-detail-803c269a-2ceb-436e-85ad-b912b35a3008/004-9cefa3b7-4c45-4770-ae2f-9d45f86f4dd4-downloadableSrc-ec1cf1fe10ea.webp
9535cd2b-7dff-4a2f-b451-0671b1f51e79,Group transaction history,28b2d970-a05d-4509-99dd-83d47dbc3a16,Revolut,aa23fa4c-2ecb-4027-b126-335f9fcd86b1,0,1,fd7d9e0a-16b8-4b5f-a6c0-31bc7c1c2a93,true,downloadableSrc,200,image/webp,150634,150634,4ee0955db88a18edd9978efcb1974b258a67e08bcc67203fa7dff77b15a41a6c,1179,2676,,,bytescale.mobbin.com,f7a1807c1ac98ccf0eecf5078d61346ac9a94ca37a547f5708d580528c9e55c0,/Users/user/mobbin-sides/screen-flows/revolut/114-revolut-group-transaction-history-9535cd2b-7dff-4a2f-b451-0671b1f51e79/001-fd7d9e0a-16b8-4b5f-a6c0-31bc7c1c2a93-downloadableSrc-4ee0955db88a.webp
9535cd2b-7dff-4a2f-b451-0671b1f51e79,Group transaction history,28b2d970-a05d-4509-99dd-83d47dbc3a16,Revolut,aa23fa4c-2ecb-4027-b126-335f9fcd86b1,1,2,8e8314ed-9861-44ae-b68e-989bb7b47571,true,downloadableSrc,200,image/webp,126858,126858,912976c1f4f3a502005c0a79996c3849f293a9302ee200acc7dad9a79ef757ed,1179,2676,,,bytescale.mobbin.com,f7a1807c1ac98ccf0eecf5078d61346ac9a94ca37a547f5708d580528c9e55c0,/Users/user/mobbin-sides/screen-flows/revolut/114-revolut-group-transaction-history-9535cd2b-7dff-4a2f-b451-0671b1f51e79/002-8e8314ed-9861-44ae-b68e-989bb7b47571-downloadableSrc-912976c1f4f3.webp
eb3a1b9a-0d94-48d6-9e8f-966871fb95e8,Removing a member,28b2d970-a05d-4509-99dd-83d47dbc3a16,Revolut,aa23fa4c-2ecb-4027-b126-335f9fcd86b1,0,1,fd7d9e0a-16b8-4b5f-a6c0-31bc7c1c2a93,true,downloadableSrc,200,image/webp,150634,150634,4ee0955db88a18edd9978efcb1974b258a67e08bcc67203fa7dff77b15a41a6c,1179,2676,,,bytescale.mobbin.com,f7a1807c1ac98ccf0eecf5078d61346ac9a94ca37a547f5708d580528c9e55c0,/Users/user/mobbin-sides/screen-flows/revolut/115-revolut-removing-a-member-eb3a1b9a-0d94-48d6-9e8f-966871fb95e8/001-fd7d9e0a-16b8-4b5f-a6c0-31bc7c1c2a93-downloadableSrc-4ee0955db88a.webp
eb3a1b9a-0d94-48d6-9e8f-966871fb95e8,Removing a member,28b2d970-a05d-4509-99dd-83d47dbc3a16,Revolut,aa23fa4c-2ecb-4027-b126-335f9fcd86b1,1,2,0652365d-742f-4e2e-8ea4-a343f146803a,true,downloadableSrc,200,image/webp,29156,29156,3f3098faf8123e8457ed755a21a9ce4c0f775a732196da62ee3fcf9d9672a927,1179,2676,,,bytescale.mobbin.com,f7a1807c1ac98ccf0eecf5078d61346ac9a94ca37a547f5708d580528c9e55c0,/Users/user/mobbin-sides/screen-flows/revolut/115-revolut-removing-a-member-eb3a1b9a-0d94-48d6-9e8f-966871fb95e8/002-0652365d-742f-4e2e-8ea4-a343f146803a-downloadableSrc-3f3098faf812.webp
eb3a1b9a-0d94-48d6-9e8f-966871fb95e8,Removing a member,28b2d970-a05d-4509-99dd-83d47dbc3a16,Revolut,aa23fa4c-2ecb-4027-b126-335f9fcd86b1,2,3,cbaea294-53dd-4bc5-a421-a85892637eac,true,downloadableSrc,200,image/webp,39338,39338,284ac90e6855fd4a6c1b18e3682c6624405e3e3488f1677df6b060422ee74ad0,1179,2676,,,bytescale.mobbin.com,f7a1807c1ac98ccf0eecf5078d61346ac9a94ca37a547f5708d580528c9e55c0,/Users/user/mobbin-sides/screen-flows/revolut/115-revolut-removing-a-member-eb3a1b9a-0d94-48d6-9e8f-966871fb95e8/003-cbaea294-53dd-4bc5-a421-a85892637eac-downloadableSrc-284ac90e6855.webp
eb3a1b9a-0d94-48d6-9e8f-966871fb95e8,Removing a member,28b2d970-a05d-4509-99dd-83d47dbc3a16,Revolut,aa23fa4c-2ecb-4027-b126-335f9fcd86b1,3,4,e0b8b2a6-3990-4de3-906e-22b1e881e525,true,downloadableSrc,200,image/webp,35922,35922,e870fdd702023c28421f7264025a6762d6d8393a4ff73a341893a0cfbc9e7ea5,1179,2676,,,bytescale.mobbin.com,f7a1807c1ac98ccf0eecf5078d61346ac9a94ca37a547f5708d580528c9e55c0,/Users/user/mobbin-sides/screen-flows/revolut/115-revolut-removing-a-member-eb3a1b9a-0d94-48d6-9e8f-966871fb95e8/004-e0b8b2a6-3990-4de3-906e-22b1e881e525-downloadableSrc-e870fdd70202.webp
eb3a1b9a-0d94-48d6-9e8f-966871fb95e8,Removing a member,28b2d970-a05d-4509-99dd-83d47dbc3a16,Revolut,aa23fa4c-2ecb-4027-b126-335f9fcd86b1,4,5,4d378da2-67a9-49b5-b769-f484be7c4b1b,true,downloadableSrc,200,image/webp,24798,24798,bc29fd1a1b78d327428c0579f894c209758add69261fa6b34d71fa0579a81b5d,1179,2676,,,bytescale.mobbin.com,f7a1807c1ac98ccf0eecf5078d61346ac9a94ca37a547f5708d580528c9e55c0,/Users/user/mobbin-sides/screen-flows/revolut/115-revolut-removing-a-member-eb3a1b9a-0d94-48d6-9e8f-966871fb95e8/005-4d378da2-67a9-49b5-b769-f484be7c4b1b-downloadableSrc-bc29fd1a1b78.webp
eb3a1b9a-0d94-48d6-9e8f-966871fb95e8,Removing a member,28b2d970-a05d-4509-99dd-83d47dbc3a16,Revolut,aa23fa4c-2ecb-4027-b126-335f9fcd86b1,5,6,a725ef90-cc70-43e3-8967-1a70e6a84d4f,true,downloadableSrc,200,image/webp,25222,25222,52bf848b68c94ab31b2feebb93599e8ea1c97f475e1bfaf2045e2fe2430f5f76,1179,2676,,,bytescale.mobbin.com,f7a1807c1ac98ccf0eecf5078d61346ac9a94ca37a547f5708d580528c9e55c0,/Users/user/mobbin-sides/screen-flows/revolut/115-revolut-removing-a-member-eb3a1b9a-0d94-48d6-9e8f-966871fb95e8/006-a725ef90-cc70-43e3-8967-1a70e6a84d4f-downloadableSrc-52bf848b68c9.webp
2e703e50-dbba-4032-bd5d-3649753ee9bc,Leaving group,28b2d970-a05d-4509-99dd-83d47dbc3a16,Revolut,aa23fa4c-2ecb-4027-b126-335f9fcd86b1,0,1,a725ef90-cc70-43e3-8967-1a70e6a84d4f,true,downloadableSrc,200,image/webp,25222,25222,52bf848b68c94ab31b2feebb93599e8ea1c97f475e1bfaf2045e2fe2430f5f76,1179,2676,,,bytescale.mobbin.com,f7a1807c1ac98ccf0eecf5078d61346ac9a94ca37a547f5708d580528c9e55c0,/Users/user/mobbin-sides/screen-flows/revolut/116-revolut-leaving-group-2e703e50-dbba-4032-bd5d-3649753ee9bc/001-a725ef90-cc70-43e3-8967-1a70e6a84d4f-downloadableSrc-52bf848b68c9.webp
2e703e50-dbba-4032-bd5d-3649753ee9bc,Leaving group,28b2d970-a05d-4509-99dd-83d47dbc3a16,Revolut,aa23fa4c-2ecb-4027-b126-335f9fcd86b1,1,2,a7f3d0b5-1c2d-4eac-9b6e-b152fdc49be5,true,downloadableSrc,200,image/webp,42510,42510,f74dbd332d909d28ff309aa751cae3a04240f209d397b742cae32b116049d6fa,1179,2676,,,bytescale.mobbin.com,f7a1807c1ac98ccf0eecf5078d61346ac9a94ca37a547f5708d580528c9e55c0,/Users/user/mobbin-sides/screen-flows/revolut/116-revolut-leaving-group-2e703e50-dbba-4032-bd5d-3649753ee9bc/002-a7f3d0b5-1c2d-4eac-9b6e-b152fdc49be5-downloadableSrc-f74dbd332d90.webp
2e703e50-dbba-4032-bd5d-3649753ee9bc,Leaving group,28b2d970-a05d-4509-99dd-83d47dbc3a16,Revolut,aa23fa4c-2ecb-4027-b126-335f9fcd86b1,2,3,04b9ae2f-d281-458d-b846-dbed691c981e,true,downloadableSrc,200,image/webp,63792,63792,59c064795b49a7b32e5afa9459573e203abfbaa631db4974420fba3ef2203d0d,1179,2676,,,bytescale.mobbin.com,f7a1807c1ac98ccf0eecf5078d61346ac9a94ca37a547f5708d580528c9e55c0,/Users/user/mobbin-sides/screen-flows/revolut/116-revolut-leaving-group-2e703e50-dbba-4032-bd5d-3649753ee9bc/003-04b9ae2f-d281-458d-b846-dbed691c981e-downloadableSrc-59c064795b49.webp
69c53523-f751-406c-abdd-c05ebf39e1c1,Donate to charity,28b2d970-a05d-4509-99dd-83d47dbc3a16,Revolut,aa23fa4c-2ecb-4027-b126-335f9fcd86b1,0,1,a24c5fdb-2d5b-4ae1-ae0c-466975d89025,true,downloadableSrc,200,image/webp,60182,60182,6cab00e10a87da17daef72c087588850c12420409714a22d3a113d3767eca5fb,1179,2676,,,bytescale.mobbin.com,f7a1807c1ac98ccf0eecf5078d61346ac9a94ca37a547f5708d580528c9e55c0,/Users/user/mobbin-sides/screen-flows/revolut/117-revolut-donate-to-charity-69c53523-f751-406c-abdd-c05ebf39e1c1/001-a24c5fdb-2d5b-4ae1-ae0c-466975d89025-downloadableSrc-6cab00e10a87.webp
69c53523-f751-406c-abdd-c05ebf39e1c1,Donate to charity,28b2d970-a05d-4509-99dd-83d47dbc3a16,Revolut,aa23fa4c-2ecb-4027-b126-335f9fcd86b1,1,2,1104a94d-5aba-44d7-bed3-f55e1873ca77,true,downloadableSrc,200,image/webp,202486,202486,d0aab3ff135bc67f9aa0538955470451cdde4e9774c805aed4b6548aa4892b3f,1179,2676,,,bytescale.mobbin.com,f7a1807c1ac98ccf0eecf5078d61346ac9a94ca37a547f5708d580528c9e55c0,/Users/user/mobbin-sides/screen-flows/revolut/117-revolut-donate-to-charity-69c53523-f751-406c-abdd-c05ebf39e1c1/002-1104a94d-5aba-44d7-bed3-f55e1873ca77-downloadableSrc-d0aab3ff135b.webp
69c53523-f751-406c-abdd-c05ebf39e1c1,Donate to charity,28b2d970-a05d-4509-99dd-83d47dbc3a16,Revolut,aa23fa4c-2ecb-4027-b126-335f9fcd86b1,2,3,a136d83d-110c-49a8-b001-addde608d84e,true,downloadableSrc,200,image/webp,233488,233488,82604b7310f047cf242aea19a1804211df554a7f7a97dfa8adb7991f8a7f32f7,1179,2676,,,bytescale.mobbin.com,f7a1807c1ac98ccf0eecf5078d61346ac9a94ca37a547f5708d580528c9e55c0,/Users/user/mobbin-sides/screen-flows/revolut/117-revolut-donate-to-charity-69c53523-f751-406c-abdd-c05ebf39e1c1/003-a136d83d-110c-49a8-b001-addde608d84e-downloadableSrc-82604b7310f0.webp
69c53523-f751-406c-abdd-c05ebf39e1c1,Donate to charity,28b2d970-a05d-4509-99dd-83d47dbc3a16,Revolut,aa23fa4c-2ecb-4027-b126-335f9fcd86b1,3,4,6a7c27f5-1f33-4c5b-8262-22a62c0c83c9,true,downloadableSrc,200,image/webp,63396,63396,046767cd83174110d4353c448de333da37d6a1497296a7a23602a8515d7d5661,1179,2676,,,bytescale.mobbin.com,f7a1807c1ac98ccf0eecf5078d61346ac9a94ca37a547f5708d580528c9e55c0,/Users/user/mobbin-sides/screen-flows/revolut/117-revolut-donate-to-charity-69c53523-f751-406c-abdd-c05ebf39e1c1/004-6a7c27f5-1f33-4c5b-8262-22a62c0c83c9-downloadableSrc-046767cd8317.webp
d5dc80d1-bc6a-4041-8870-f4c88ad4690e,Making a donation,28b2d970-a05d-4509-99dd-83d47dbc3a16,Revolut,aa23fa4c-2ecb-4027-b126-335f9fcd86b1,0,1,1104a94d-5aba-44d7-bed3-f55e1873ca77,true,downloadableSrc,200,image/webp,202486,202486,d0aab3ff135bc67f9aa0538955470451cdde4e9774c805aed4b6548aa4892b3f,1179,2676,,,bytescale.mobbin.com,f7a1807c1ac98ccf0eecf5078d61346ac9a94ca37a547f5708d580528c9e55c0,/Users/user/mobbin-sides/screen-flows/revolut/118-revolut-making-a-donation-d5dc80d1-bc6a-4041-8870-f4c88ad4690e/001-1104a94d-5aba-44d7-bed3-f55e1873ca77-downloadableSrc-d0aab3ff135b.webp
d5dc80d1-bc6a-4041-8870-f4c88ad4690e,Making a donation,28b2d970-a05d-4509-99dd-83d47dbc3a16,Revolut,aa23fa4c-2ecb-4027-b126-335f9fcd86b1,1,2,c9664735-abd4-4b16-baa7-94251455b45c,true,downloadableSrc,200,image/webp,61288,61288,265bd9765007d11f2912307a6e4f93ac80cab14ffeb03649d9357e98f64f818a,1179,2676,,,bytescale.mobbin.com,f7a1807c1ac98ccf0eecf5078d61346ac9a94ca37a547f5708d580528c9e55c0,/Users/user/mobbin-sides/screen-flows/revolut/118-revolut-making-a-donation-d5dc80d1-bc6a-4041-8870-f4c88ad4690e/002-c9664735-abd4-4b16-baa7-94251455b45c-downloadableSrc-265bd9765007.webp
d5dc80d1-bc6a-4041-8870-f4c88ad4690e,Making a donation,28b2d970-a05d-4509-99dd-83d47dbc3a16,Revolut,aa23fa4c-2ecb-4027-b126-335f9fcd86b1,2,3,b140f1a3-fb24-4d8e-9abd-58c9a72c59f2,true,downloadableSrc,200,image/webp,148812,148812,f8e6d02b47bd28c9b42ea3bb957ff1e4331c03f731ed379e11b2a61af12b44a4,1179,2676,,,bytescale.mobbin.com,f7a1807c1ac98ccf0eecf5078d61346ac9a94ca37a547f5708d580528c9e55c0,/Users/user/mobbin-sides/screen-flows/revolut/118-revolut-making-a-donation-d5dc80d1-bc6a-4041-8870-f4c88ad4690e/003-b140f1a3-fb24-4d8e-9abd-58c9a72c59f2-downloadableSrc-f8e6d02b47bd.webp
d5dc80d1-bc6a-4041-8870-f4c88ad4690e,Making a donation,28b2d970-a05d-4509-99dd-83d47dbc3a16,Revolut,aa23fa4c-2ecb-4027-b126-335f9fcd86b1,3,4,8345f9ce-fc06-4bbb-ac8b-91380c303c83,true,downloadableSrc,200,image/webp,100802,100802,38b78bc46d50ff7c3cc7dbf3f2e389327842a869f6b3ded7b21d91e28986e094,1179,2676,,,bytescale.mobbin.com,f7a1807c1ac98ccf0eecf5078d61346ac9a94ca37a547f5708d580528c9e55c0,/Users/user/mobbin-sides/screen-flows/revolut/118-revolut-making-a-donation-d5dc80d1-bc6a-4041-8870-f4c88ad4690e/004-8345f9ce-fc06-4bbb-ac8b-91380c303c83-downloadableSrc-38b78bc46d50.webp
d5dc80d1-bc6a-4041-8870-f4c88ad4690e,Making a donation,28b2d970-a05d-4509-99dd-83d47dbc3a16,Revolut,aa23fa4c-2ecb-4027-b126-335f9fcd86b1,4,5,5a76c1d6-cf6b-460b-a668-bcb7f51130ce,true,downloadableSrc,200,image/webp,39330,39330,c429df800a7331cdae26e63bde1df25eab15d99b7b9a289c9c7118685a2296e2,1179,2676,,,bytescale.mobbin.com,f7a1807c1ac98ccf0eecf5078d61346ac9a94ca37a547f5708d580528c9e55c0,/Users/user/mobbin-sides/screen-flows/revolut/118-revolut-making-a-donation-d5dc80d1-bc6a-4041-8870-f4c88ad4690e/005-5a76c1d6-cf6b-460b-a668-bcb7f51130ce-downloadableSrc-c429df800a73.webp
d5dc80d1-bc6a-4041-8870-f4c88ad4690e,Making a donation,28b2d970-a05d-4509-99dd-83d47dbc3a16,Revolut,aa23fa4c-2ecb-4027-b126-335f9fcd86b1,5,6,48185d0d-168e-45ad-b22d-70314266a06c,true,downloadableSrc,200,image/webp,37646,37646,bf81db7e2d1fd548deaa9272e2152e66fbf8c147273f57b3bc1926cdfd7f95ec,1179,2676,,,bytescale.mobbin.com,f7a1807c1ac98ccf0eecf5078d61346ac9a94ca37a547f5708d580528c9e55c0,/Users/user/mobbin-sides/screen-flows/revolut/118-revolut-making-a-donation-d5dc80d1-bc6a-4041-8870-f4c88ad4690e/006-48185d0d-168e-45ad-b22d-70314266a06c-downloadableSrc-bf81db7e2d1f.webp
d5dc80d1-bc6a-4041-8870-f4c88ad4690e,Making a donation,28b2d970-a05d-4509-99dd-83d47dbc3a16,Revolut,aa23fa4c-2ecb-4027-b126-335f9fcd86b1,6,7,2808c968-08f7-4356-ab3f-dad3724fb6a2,true,downloadableSrc,200,image/webp,30856,30856,bf43304f12b11e00d3b91ddd2687d13fe05f817dd0a3e66bbee0de616856ced2,1179,2676,,,bytescale.mobbin.com,f7a1807c1ac98ccf0eecf5078d61346ac9a94ca37a547f5708d580528c9e55c0,/Users/user/mobbin-sides/screen-flows/revolut/118-revolut-making-a-donation-d5dc80d1-bc6a-4041-8870-f4c88ad4690e/007-2808c968-08f7-4356-ab3f-dad3724fb6a2-downloadableSrc-bf43304f12b1.webp
2eb2858c-44e3-4502-8f58-f6c82696de18,Crypto,28b2d970-a05d-4509-99dd-83d47dbc3a16,Revolut,aa23fa4c-2ecb-4027-b126-335f9fcd86b1,0,1,a2e597fa-50af-426b-93ba-5726fc0ef3da,true,downloadableSrc,200,image/webp,85028,85028,6c40c7b4f402f08ba3a18e29dce092dfbc455e062af885a0c40c44e55e0ece6a,1179,2676,,,bytescale.mobbin.com,f7a1807c1ac98ccf0eecf5078d61346ac9a94ca37a547f5708d580528c9e55c0,/Users/user/mobbin-sides/screen-flows/revolut/119-revolut-crypto-2eb2858c-44e3-4502-8f58-f6c82696de18/001-a2e597fa-50af-426b-93ba-5726fc0ef3da-downloadableSrc-6c40c7b4f402.webp
2eb2858c-44e3-4502-8f58-f6c82696de18,Crypto,28b2d970-a05d-4509-99dd-83d47dbc3a16,Revolut,aa23fa4c-2ecb-4027-b126-335f9fcd86b1,1,2,8e9503e8-c578-4334-adbe-2501b5fbcf0e,true,downloadableSrc,200,image/webp,83130,83130,796803bfde2ecddaf1285e3154986c9f92cecc90fe177656db32824c7e34fc45,1179,2676,,,bytescale.mobbin.com,f7a1807c1ac98ccf0eecf5078d61346ac9a94ca37a547f5708d580528c9e55c0,/Users/user/mobbin-sides/screen-flows/revolut/119-revolut-crypto-2eb2858c-44e3-4502-8f58-f6c82696de18/002-8e9503e8-c578-4334-adbe-2501b5fbcf0e-downloadableSrc-796803bfde2e.webp
2eb2858c-44e3-4502-8f58-f6c82696de18,Crypto,28b2d970-a05d-4509-99dd-83d47dbc3a16,Revolut,aa23fa4c-2ecb-4027-b126-335f9fcd86b1,2,3,d13cd4ee-83a5-4b25-bc6f-037f141894be,true,downloadableSrc,200,image/webp,58182,58182,782427443b68dcc8b4fccf45e5b01720506490e5947a47627624577de30cf854,1179,2676,,,bytescale.mobbin.com,f7a1807c1ac98ccf0eecf5078d61346ac9a94ca37a547f5708d580528c9e55c0,/Users/user/mobbin-sides/screen-flows/revolut/119-revolut-crypto-2eb2858c-44e3-4502-8f58-f6c82696de18/003-d13cd4ee-83a5-4b25-bc6f-037f141894be-downloadableSrc-782427443b68.webp
2eb2858c-44e3-4502-8f58-f6c82696de18,Crypto,28b2d970-a05d-4509-99dd-83d47dbc3a16,Revolut,aa23fa4c-2ecb-4027-b126-335f9fcd86b1,3,4,479013d8-13e7-4d25-a60f-2e96cb5f7ce4,true,downloadableSrc,200,image/webp,83464,83464,6b7f49222452b38b53e316625f7146d0092f495c8e021677e69fb208eeadab4f,1179,2676,,,bytescale.mobbin.com,f7a1807c1ac98ccf0eecf5078d61346ac9a94ca37a547f5708d580528c9e55c0,/Users/user/mobbin-sides/screen-flows/revolut/119-revolut-crypto-2eb2858c-44e3-4502-8f58-f6c82696de18/004-479013d8-13e7-4d25-a60f-2e96cb5f7ce4-downloadableSrc-6b7f49222452.webp
094a3151-e139-453c-af6e-c602caa742dd,Trade,28b2d970-a05d-4509-99dd-83d47dbc3a16,Revolut,aa23fa4c-2ecb-4027-b126-335f9fcd86b1,0,1,8e9503e8-c578-4334-adbe-2501b5fbcf0e,true,downloadableSrc,200,image/webp,83130,83130,796803bfde2ecddaf1285e3154986c9f92cecc90fe177656db32824c7e34fc45,1179,2676,,,bytescale.mobbin.com,f7a1807c1ac98ccf0eecf5078d61346ac9a94ca37a547f5708d580528c9e55c0,/Users/user/mobbin-sides/screen-flows/revolut/120-revolut-trade-094a3151-e139-453c-af6e-c602caa742dd/001-8e9503e8-c578-4334-adbe-2501b5fbcf0e-downloadableSrc-796803bfde2e.webp
094a3151-e139-453c-af6e-c602caa742dd,Trade,28b2d970-a05d-4509-99dd-83d47dbc3a16,Revolut,aa23fa4c-2ecb-4027-b126-335f9fcd86b1,1,2,a571f3cb-e41a-49e6-9ec5-ca2e1a5da538,true,downloadableSrc,200,image/webp,62650,62650,3c45f3659dc28eaf81c03da1525b37d6ea376311f4ffb30986ea039bcf14fd6b,1179,2676,,,bytescale.mobbin.com,f7a1807c1ac98ccf0eecf5078d61346ac9a94ca37a547f5708d580528c9e55c0,/Users/user/mobbin-sides/screen-flows/revolut/120-revolut-trade-094a3151-e139-453c-af6e-c602caa742dd/002-a571f3cb-e41a-49e6-9ec5-ca2e1a5da538-downloadableSrc-3c45f3659dc2.webp
4041fcb3-8402-4988-af38-bab67005a760,Crypto details,28b2d970-a05d-4509-99dd-83d47dbc3a16,Revolut,aa23fa4c-2ecb-4027-b126-335f9fcd86b1,0,1,a571f3cb-e41a-49e6-9ec5-ca2e1a5da538,true,downloadableSrc,200,image/webp,62650,62650,3c45f3659dc28eaf81c03da1525b37d6ea376311f4ffb30986ea039bcf14fd6b,1179,2676,,,bytescale.mobbin.com,f7a1807c1ac98ccf0eecf5078d61346ac9a94ca37a547f5708d580528c9e55c0,/Users/user/mobbin-sides/screen-flows/revolut/121-revolut-crypto-details-4041fcb3-8402-4988-af38-bab67005a760/001-a571f3cb-e41a-49e6-9ec5-ca2e1a5da538-downloadableSrc-3c45f3659dc2.webp
4041fcb3-8402-4988-af38-bab67005a760,Crypto details,28b2d970-a05d-4509-99dd-83d47dbc3a16,Revolut,aa23fa4c-2ecb-4027-b126-335f9fcd86b1,1,2,13000ad3-0223-4271-bc6f-497496fab902,true,downloadableSrc,200,image/webp,61142,61142,66edb7c3bb8e03638fd57d7c558d79d0e32db87f03ae867b4746896d7e450758,1179,2676,,,bytescale.mobbin.com,f7a1807c1ac98ccf0eecf5078d61346ac9a94ca37a547f5708d580528c9e55c0,/Users/user/mobbin-sides/screen-flows/revolut/121-revolut-crypto-details-4041fcb3-8402-4988-af38-bab67005a760/002-13000ad3-0223-4271-bc6f-497496fab902-downloadableSrc-66edb7c3bb8e.webp
4041fcb3-8402-4988-af38-bab67005a760,Crypto details,28b2d970-a05d-4509-99dd-83d47dbc3a16,Revolut,aa23fa4c-2ecb-4027-b126-335f9fcd86b1,2,3,6ef929c6-6b78-44ec-ad83-b07064f276e7,true,downloadableSrc,200,image/webp,74048,74048,3617a53f9bb1c7ee0d0687ba7d7ff3aae5cab1487b48be71e0b2b324b6c1c93c,1179,2676,,,bytescale.mobbin.com,f7a1807c1ac98ccf0eecf5078d61346ac9a94ca37a547f5708d580528c9e55c0,/Users/user/mobbin-sides/screen-flows/revolut/121-revolut-crypto-details-4041fcb3-8402-4988-af38-bab67005a760/003-6ef929c6-6b78-44ec-ad83-b07064f276e7-downloadableSrc-3617a53f9bb1.webp
4041fcb3-8402-4988-af38-bab67005a760,Crypto details,28b2d970-a05d-4509-99dd-83d47dbc3a16,Revolut,aa23fa4c-2ecb-4027-b126-335f9fcd86b1,3,4,ee690326-d4bb-49d6-9d4d-2019ed56efe5,true,downloadableSrc,200,image/webp,70036,70036,6f8dfd144f9d2c2357908852edf82663086cabb8e2a6a72c7bc6138f974573b1,1179,2676,,,bytescale.mobbin.com,f7a1807c1ac98ccf0eecf5078d61346ac9a94ca37a547f5708d580528c9e55c0,/Users/user/mobbin-sides/screen-flows/revolut/121-revolut-crypto-details-4041fcb3-8402-4988-af38-bab67005a760/004-ee690326-d4bb-49d6-9d4d-2019ed56efe5-downloadableSrc-6f8dfd144f9d.webp
4041fcb3-8402-4988-af38-bab67005a760,Crypto details,28b2d970-a05d-4509-99dd-83d47dbc3a16,Revolut,aa23fa4c-2ecb-4027-b126-335f9fcd86b1,4,5,7ae6f619-4f0d-4f0c-9945-e47b996d913e,true,downloadableSrc,200,image/webp,125630,125630,cc4ee06f123961e07148742313711967408ae084e8fb5512d028812a0bef6300,1179,2676,,,bytescale.mobbin.com,f7a1807c1ac98ccf0eecf5078d61346ac9a94ca37a547f5708d580528c9e55c0,/Users/user/mobbin-sides/screen-flows/revolut/121-revolut-crypto-details-4041fcb3-8402-4988-af38-bab67005a760/005-7ae6f619-4f0d-4f0c-9945-e47b996d913e-downloadableSrc-cc4ee06f1239.webp
4041fcb3-8402-4988-af38-bab67005a760,Crypto details,28b2d970-a05d-4509-99dd-83d47dbc3a16,Revolut,aa23fa4c-2ecb-4027-b126-335f9fcd86b1,5,6,bfa4e50e-ea48-490b-b8da-69b9ea01dd75,true,downloadableSrc,200,image/webp,90466,90466,c7cff27c17608a48b2b72008ef53289d8f311910a7cfdbe2dac867f57c32decf,1179,2676,,,bytescale.mobbin.com,f7a1807c1ac98ccf0eecf5078d61346ac9a94ca37a547f5708d580528c9e55c0,/Users/user/mobbin-sides/screen-flows/revolut/121-revolut-crypto-details-4041fcb3-8402-4988-af38-bab67005a760/006-bfa4e50e-ea48-490b-b8da-69b9ea01dd75-downloadableSrc-c7cff27c1760.webp
675490ca-fbc5-4003-8a33-14b9a04ea623,Creating a price alert,28b2d970-a05d-4509-99dd-83d47dbc3a16,Revolut,aa23fa4c-2ecb-4027-b126-335f9fcd86b1,0,1,13000ad3-0223-4271-bc6f-497496fab902,true,downloadableSrc,200,image/webp,61142,61142,66edb7c3bb8e03638fd57d7c558d79d0e32db87f03ae867b4746896d7e450758,1179,2676,,,bytescale.mobbin.com,f7a1807c1ac98ccf0eecf5078d61346ac9a94ca37a547f5708d580528c9e55c0,/Users/user/mobbin-sides/screen-flows/revolut/122-revolut-creating-a-price-alert-675490ca-fbc5-4003-8a33-14b9a04ea623/001-13000ad3-0223-4271-bc6f-497496fab902-downloadableSrc-66edb7c3bb8e.webp
675490ca-fbc5-4003-8a33-14b9a04ea623,Creating a price alert,28b2d970-a05d-4509-99dd-83d47dbc3a16,Revolut,aa23fa4c-2ecb-4027-b126-335f9fcd86b1,1,2,8b9661f5-1bcb-4f79-af15-57af50603545,true,downloadableSrc,200,image/webp,38852,38852,4d4fa44e19c566edd49db011bc1afe7dce96c827e41fff88e4e642076e3486c4,1179,2676,,,bytescale.mobbin.com,f7a1807c1ac98ccf0eecf5078d61346ac9a94ca37a547f5708d580528c9e55c0,/Users/user/mobbin-sides/screen-flows/revolut/122-revolut-creating-a-price-alert-675490ca-fbc5-4003-8a33-14b9a04ea623/002-8b9661f5-1bcb-4f79-af15-57af50603545-downloadableSrc-4d4fa44e19c5.webp
675490ca-fbc5-4003-8a33-14b9a04ea623,Creating a price alert,28b2d970-a05d-4509-99dd-83d47dbc3a16,Revolut,aa23fa4c-2ecb-4027-b126-335f9fcd86b1,2,3,769aa61a-cbf1-4de6-a56f-1bcd4aaba1f5,true,downloadableSrc,200,image/webp,43678,43678,4fe43aae6003e79ad7fe0fa76ff0844b418f51d09e727b144432e3595b29c122,1179,2676,,,bytescale.mobbin.com,f7a1807c1ac98ccf0eecf5078d61346ac9a94ca37a547f5708d580528c9e55c0,/Users/user/mobbin-sides/screen-flows/revolut/122-revolut-creating-a-price-alert-675490ca-fbc5-4003-8a33-14b9a04ea623/003-769aa61a-cbf1-4de6-a56f-1bcd4aaba1f5-downloadableSrc-4fe43aae6003.webp
675490ca-fbc5-4003-8a33-14b9a04ea623,Creating a price alert,28b2d970-a05d-4509-99dd-83d47dbc3a16,Revolut,aa23fa4c-2ecb-4027-b126-335f9fcd86b1,3,4,27a53ee9-6a5f-4338-b249-2d314f0c736d,true,downloadableSrc,200,image/webp,34492,34492,3fc66bc1d649279570bb61dceddb688bea4dab530359fe8762c4308d41716f94,1179,2676,,,bytescale.mobbin.com,f7a1807c1ac98ccf0eecf5078d61346ac9a94ca37a547f5708d580528c9e55c0,/Users/user/mobbin-sides/screen-flows/revolut/122-revolut-creating-a-price-alert-675490ca-fbc5-4003-8a33-14b9a04ea623/004-27a53ee9-6a5f-4338-b249-2d314f0c736d-downloadableSrc-3fc66bc1d649.webp
43d7d9b0-e8d2-4a87-b73b-58ee40f516a8,Adding to watchlist,28b2d970-a05d-4509-99dd-83d47dbc3a16,Revolut,aa23fa4c-2ecb-4027-b126-335f9fcd86b1,0,1,13000ad3-0223-4271-bc6f-497496fab902,true,downloadableSrc,200,image/webp,61142,61142,66edb7c3bb8e03638fd57d7c558d79d0e32db87f03ae867b4746896d7e450758,1179,2676,,,bytescale.mobbin.com,f7a1807c1ac98ccf0eecf5078d61346ac9a94ca37a547f5708d580528c9e55c0,/Users/user/mobbin-sides/screen-flows/revolut/123-revolut-adding-to-watchlist-43d7d9b0-e8d2-4a87-b73b-58ee40f516a8/001-13000ad3-0223-4271-bc6f-497496fab902-downloadableSrc-66edb7c3bb8e.webp
43d7d9b0-e8d2-4a87-b73b-58ee40f516a8,Adding to watchlist,28b2d970-a05d-4509-99dd-83d47dbc3a16,Revolut,aa23fa4c-2ecb-4027-b126-335f9fcd86b1,1,2,f072c109-f5ea-4dce-b5e3-af04c9e71a75,true,downloadableSrc,200,image/webp,69004,69004,848d6120b73b5cf13a5c3ccb6602ae12c69528be626d199cee7b624872ca4171,1179,2676,,,bytescale.mobbin.com,f7a1807c1ac98ccf0eecf5078d61346ac9a94ca37a547f5708d580528c9e55c0,/Users/user/mobbin-sides/screen-flows/revolut/123-revolut-adding-to-watchlist-43d7d9b0-e8d2-4a87-b73b-58ee40f516a8/002-f072c109-f5ea-4dce-b5e3-af04c9e71a75-downloadableSrc-848d6120b73b.webp
43d7d9b0-e8d2-4a87-b73b-58ee40f516a8,Adding to watchlist,28b2d970-a05d-4509-99dd-83d47dbc3a16,Revolut,aa23fa4c-2ecb-4027-b126-335f9fcd86b1,2,3,a360e592-0bef-45fe-af1e-02be3e754562,true,downloadableSrc,200,image/webp,39914,39914,241319403f70f8df046e5f59f78a5bb699e770db7be7a134f8d5251f237ac831,1179,2676,,,bytescale.mobbin.com,f7a1807c1ac98ccf0eecf5078d61346ac9a94ca37a547f5708d580528c9e55c0,/Users/user/mobbin-sides/screen-flows/revolut/123-revolut-adding-to-watchlist-43d7d9b0-e8d2-4a87-b73b-58ee40f516a8/003-a360e592-0bef-45fe-af1e-02be3e754562-downloadableSrc-241319403f70.webp
65ebcb48-f683-4963-953b-a34a9dcd42ea,Stats explanation,28b2d970-a05d-4509-99dd-83d47dbc3a16,Revolut,aa23fa4c-2ecb-4027-b126-335f9fcd86b1,0,1,7cf69bbf-8b59-4b90-922c-78a2df69c9cf,true,downloadableSrc,200,image/webp,144364,144364,5ad63d4f63ff5cc0cc8785cf039a91b233ed1784c75b2f8852b3c765f49aedad,1179,2676,,,bytescale.mobbin.com,f7a1807c1ac98ccf0eecf5078d61346ac9a94ca37a547f5708d580528c9e55c0,/Users/user/mobbin-sides/screen-flows/revolut/124-revolut-stats-explanation-65ebcb48-f683-4963-953b-a34a9dcd42ea/001-7cf69bbf-8b59-4b90-922c-78a2df69c9cf-downloadableSrc-5ad63d4f63ff.webp
65ebcb48-f683-4963-953b-a34a9dcd42ea,Stats explanation,28b2d970-a05d-4509-99dd-83d47dbc3a16,Revolut,aa23fa4c-2ecb-4027-b126-335f9fcd86b1,1,2,31743e46-55e4-49a8-b2d9-066d510d4421,true,downloadableSrc,200,image/webp,93866,93866,b78f6694cc294f023d7a82259e0c82979fd9d8a19de53f7ce53841dd02c284da,1179,2676,,,bytescale.mobbin.com,f7a1807c1ac98ccf0eecf5078d61346ac9a94ca37a547f5708d580528c9e55c0,/Users/user/mobbin-sides/screen-flows/revolut/124-revolut-stats-explanation-65ebcb48-f683-4963-953b-a34a9dcd42ea/002-31743e46-55e4-49a8-b2d9-066d510d4421-downloadableSrc-b78f6694cc29.webp
9fa0a745-2334-429e-8c00-ac99f60d8602,Send crypto,28b2d970-a05d-4509-99dd-83d47dbc3a16,Revolut,aa23fa4c-2ecb-4027-b126-335f9fcd86b1,0,1,8e9503e8-c578-4334-adbe-2501b5fbcf0e,true,downloadableSrc,200,image/webp,83130,83130,796803bfde2ecddaf1285e3154986c9f92cecc90fe177656db32824c7e34fc45,1179,2676,,,bytescale.mobbin.com,f7a1807c1ac98ccf0eecf5078d61346ac9a94ca37a547f5708d580528c9e55c0,/Users/user/mobbin-sides/screen-flows/revolut/125-revolut-send-crypto-9fa0a745-2334-429e-8c00-ac99f60d8602/001-8e9503e8-c578-4334-adbe-2501b5fbcf0e-downloadableSrc-796803bfde2e.webp
9fa0a745-2334-429e-8c00-ac99f60d8602,Send crypto,28b2d970-a05d-4509-99dd-83d47dbc3a16,Revolut,aa23fa4c-2ecb-4027-b126-335f9fcd86b1,1,2,13000ad3-0223-4271-bc6f-497496fab902,true,downloadableSrc,200,image/webp,61142,61142,66edb7c3bb8e03638fd57d7c558d79d0e32db87f03ae867b4746896d7e450758,1179,2676,,,bytescale.mobbin.com,f7a1807c1ac98ccf0eecf5078d61346ac9a94ca37a547f5708d580528c9e55c0,/Users/user/mobbin-sides/screen-flows/revolut/125-revolut-send-crypto-9fa0a745-2334-429e-8c00-ac99f60d8602/002-13000ad3-0223-4271-bc6f-497496fab902-downloadableSrc-66edb7c3bb8e.webp
9fa0a745-2334-429e-8c00-ac99f60d8602,Send crypto,28b2d970-a05d-4509-99dd-83d47dbc3a16,Revolut,aa23fa4c-2ecb-4027-b126-335f9fcd86b1,2,3,13c80ab1-0879-4f7a-9693-92f993dbc932,true,downloadableSrc,200,image/webp,33056,33056,df5b10d953491979e4f9ce133089bd52f90c1c4a71865098cdb9924311b03d7d,1179,2676,,,bytescale.mobbin.com,f7a1807c1ac98ccf0eecf5078d61346ac9a94ca37a547f5708d580528c9e55c0,/Users/user/mobbin-sides/screen-flows/revolut/125-revolut-send-crypto-9fa0a745-2334-429e-8c00-ac99f60d8602/003-13c80ab1-0879-4f7a-9693-92f993dbc932-downloadableSrc-df5b10d95349.webp
9fa0a745-2334-429e-8c00-ac99f60d8602,Send crypto,28b2d970-a05d-4509-99dd-83d47dbc3a16,Revolut,aa23fa4c-2ecb-4027-b126-335f9fcd86b1,3,4,696db176-a4c2-4c14-801f-b1a45c67edfd,true,downloadableSrc,200,image/webp,39998,39998,2f619cae3aa764f97f2a67e45b43de841e21fe60fb064fbb06bad3a39ecb0288,1179,2676,,,bytescale.mobbin.com,f7a1807c1ac98ccf0eecf5078d61346ac9a94ca37a547f5708d580528c9e55c0,/Users/user/mobbin-sides/screen-flows/revolut/125-revolut-send-crypto-9fa0a745-2334-429e-8c00-ac99f60d8602/004-696db176-a4c2-4c14-801f-b1a45c67edfd-downloadableSrc-2f619cae3aa7.webp
f08c7b9f-58c9-4a2e-bd2c-20ad106feecd,Strategies,28b2d970-a05d-4509-99dd-83d47dbc3a16,Revolut,aa23fa4c-2ecb-4027-b126-335f9fcd86b1,0,1,d13cd4ee-83a5-4b25-bc6f-037f141894be,true,downloadableSrc,200,image/webp,58182,58182,782427443b68dcc8b4fccf45e5b01720506490e5947a47627624577de30cf854,1179,2676,,,bytescale.mobbin.com,f7a1807c1ac98ccf0eecf5078d61346ac9a94ca37a547f5708d580528c9e55c0,/Users/user/mobbin-sides/screen-flows/revolut/126-revolut-strategies-f08c7b9f-58c9-4a2e-bd2c-20ad106feecd/001-d13cd4ee-83a5-4b25-bc6f-037f141894be-downloadableSrc-782427443b68.webp
f08c7b9f-58c9-4a2e-bd2c-20ad106feecd,Strategies,28b2d970-a05d-4509-99dd-83d47dbc3a16,Revolut,aa23fa4c-2ecb-4027-b126-335f9fcd86b1,1,2,5d40833a-a4ab-49db-87b4-27b41909269f,true,downloadableSrc,200,image/webp,48392,48392,7e93de60914cdc1fcce6cdfe16835dab8d397195040695ee3fdaeebd380b8bb2,1179,2676,,,bytescale.mobbin.com,f7a1807c1ac98ccf0eecf5078d61346ac9a94ca37a547f5708d580528c9e55c0,/Users/user/mobbin-sides/screen-flows/revolut/126-revolut-strategies-f08c7b9f-58c9-4a2e-bd2c-20ad106feecd/002-5d40833a-a4ab-49db-87b4-27b41909269f-downloadableSrc-7e93de60914c.webp
f08c7b9f-58c9-4a2e-bd2c-20ad106feecd,Strategies,28b2d970-a05d-4509-99dd-83d47dbc3a16,Revolut,aa23fa4c-2ecb-4027-b126-335f9fcd86b1,2,3,16e73436-347e-4c1b-a832-3a161fe896bc,true,downloadableSrc,200,image/webp,58420,58420,4be7015a8420dd8ed9cd8b60c24bf473e5407426a09ec5ada3c2dde023c6131a,1179,2676,,,bytescale.mobbin.com,f7a1807c1ac98ccf0eecf5078d61346ac9a94ca37a547f5708d580528c9e55c0,/Users/user/mobbin-sides/screen-flows/revolut/126-revolut-strategies-f08c7b9f-58c9-4a2e-bd2c-20ad106feecd/003-16e73436-347e-4c1b-a832-3a161fe896bc-downloadableSrc-4be7015a8420.webp
f902617f-bc28-4e71-8c51-76e0e919f177,View crypto portfolio,28b2d970-a05d-4509-99dd-83d47dbc3a16,Revolut,aa23fa4c-2ecb-4027-b126-335f9fcd86b1,0,1,8e9503e8-c578-4334-adbe-2501b5fbcf0e,true,downloadableSrc,200,image/webp,83130,83130,796803bfde2ecddaf1285e3154986c9f92cecc90fe177656db32824c7e34fc45,1179,2676,,,bytescale.mobbin.com,f7a1807c1ac98ccf0eecf5078d61346ac9a94ca37a547f5708d580528c9e55c0,/Users/user/mobbin-sides/screen-flows/revolut/127-revolut-view-crypto-portfolio-f902617f-bc28-4e71-8c51-76e0e919f177/001-8e9503e8-c578-4334-adbe-2501b5fbcf0e-downloadableSrc-796803bfde2e.webp
f902617f-bc28-4e71-8c51-76e0e919f177,View crypto portfolio,28b2d970-a05d-4509-99dd-83d47dbc3a16,Revolut,aa23fa4c-2ecb-4027-b126-335f9fcd86b1,1,2,b3deada9-67df-43bd-86bc-5690397a4eeb,true,downloadableSrc,200,image/webp,53820,53820,23601cd4cf46511e55be051e04c1614272cc09b26be89fb9538fd310b43cf807,1179,2676,,,bytescale.mobbin.com,f7a1807c1ac98ccf0eecf5078d61346ac9a94ca37a547f5708d580528c9e55c0,/Users/user/mobbin-sides/screen-flows/revolut/127-revolut-view-crypto-portfolio-f902617f-bc28-4e71-8c51-76e0e919f177/002-b3deada9-67df-43bd-86bc-5690397a4eeb-downloadableSrc-23601cd4cf46.webp
f902617f-bc28-4e71-8c51-76e0e919f177,View crypto portfolio,28b2d970-a05d-4509-99dd-83d47dbc3a16,Revolut,aa23fa4c-2ecb-4027-b126-335f9fcd86b1,2,3,fa3f6ffd-c4d0-416d-ae5d-cdcfa24fc91b,true,downloadableSrc,200,image/webp,60442,60442,0fb5dab8cab5b64519fb127f61484b0d0b47b075deca8c3db3a8140c12b7e8c4,1179,2676,,,bytescale.mobbin.com,f7a1807c1ac98ccf0eecf5078d61346ac9a94ca37a547f5708d580528c9e55c0,/Users/user/mobbin-sides/screen-flows/revolut/127-revolut-view-crypto-portfolio-f902617f-bc28-4e71-8c51-76e0e919f177/003-fa3f6ffd-c4d0-416d-ae5d-cdcfa24fc91b-downloadableSrc-0fb5dab8cab5.webp
b70d009f-c532-451b-a7e3-4638f1d4ddbe,Lifestyle,28b2d970-a05d-4509-99dd-83d47dbc3a16,Revolut,aa23fa4c-2ecb-4027-b126-335f9fcd86b1,0,1,a2e597fa-50af-426b-93ba-5726fc0ef3da,true,downloadableSrc,200,image/webp,85028,85028,6c40c7b4f402f08ba3a18e29dce092dfbc455e062af885a0c40c44e55e0ece6a,1179,2676,,,bytescale.mobbin.com,f7a1807c1ac98ccf0eecf5078d61346ac9a94ca37a547f5708d580528c9e55c0,/Users/user/mobbin-sides/screen-flows/revolut/128-revolut-lifestyle-b70d009f-c532-451b-a7e3-4638f1d4ddbe/001-a2e597fa-50af-426b-93ba-5726fc0ef3da-downloadableSrc-6c40c7b4f402.webp
b70d009f-c532-451b-a7e3-4638f1d4ddbe,Lifestyle,28b2d970-a05d-4509-99dd-83d47dbc3a16,Revolut,aa23fa4c-2ecb-4027-b126-335f9fcd86b1,1,2,09d0506c-8979-4597-a5cc-3ae7dc1e512a,true,downloadableSrc,200,image/webp,104894,104894,66a3fbd2ca05dad565b7b0dd3fbfe258b950ee665baeebbd1f702a1eebbfd01c,1179,2676,,,bytescale.mobbin.com,f7a1807c1ac98ccf0eecf5078d61346ac9a94ca37a547f5708d580528c9e55c0,/Users/user/mobbin-sides/screen-flows/revolut/128-revolut-lifestyle-b70d009f-c532-451b-a7e3-4638f1d4ddbe/002-09d0506c-8979-4597-a5cc-3ae7dc1e512a-downloadableSrc-66a3fbd2ca05.webp
b70d009f-c532-451b-a7e3-4638f1d4ddbe,Lifestyle,28b2d970-a05d-4509-99dd-83d47dbc3a16,Revolut,aa23fa4c-2ecb-4027-b126-335f9fcd86b1,2,3,20880c9f-c172-4660-8867-7166b5a5257c,true,downloadableSrc,200,image/webp,108496,108496,409ad8944c1849efc574199f6225c7b688cde407bf2c088d5f691e732eb87de6,1179,2676,,,bytescale.mobbin.com,f7a1807c1ac98ccf0eecf5078d61346ac9a94ca37a547f5708d580528c9e55c0,/Users/user/mobbin-sides/screen-flows/revolut/128-revolut-lifestyle-b70d009f-c532-451b-a7e3-4638f1d4ddbe/003-20880c9f-c172-4660-8867-7166b5a5257c-downloadableSrc-409ad8944c18.webp
b70d009f-c532-451b-a7e3-4638f1d4ddbe,Lifestyle,28b2d970-a05d-4509-99dd-83d47dbc3a16,Revolut,aa23fa4c-2ecb-4027-b126-335f9fcd86b1,3,4,835bef74-4202-4b32-8279-6b614790217e,true,downloadableSrc,200,image/webp,183708,183708,e473ae898d9423fa0551f0d5c3f4dec31579496ce64f48860308c1990442e066,1179,2676,,,bytescale.mobbin.com,f7a1807c1ac98ccf0eecf5078d61346ac9a94ca37a547f5708d580528c9e55c0,/Users/user/mobbin-sides/screen-flows/revolut/128-revolut-lifestyle-b70d009f-c532-451b-a7e3-4638f1d4ddbe/004-835bef74-4202-4b32-8279-6b614790217e-downloadableSrc-e473ae898d94.webp
a9c12ed0-93ca-4e68-a4c3-06958aeb20a3,eSIM,28b2d970-a05d-4509-99dd-83d47dbc3a16,Revolut,aa23fa4c-2ecb-4027-b126-335f9fcd86b1,0,1,09d0506c-8979-4597-a5cc-3ae7dc1e512a,true,downloadableSrc,200,image/webp,104894,104894,66a3fbd2ca05dad565b7b0dd3fbfe258b950ee665baeebbd1f702a1eebbfd01c,1179,2676,,,bytescale.mobbin.com,f7a1807c1ac98ccf0eecf5078d61346ac9a94ca37a547f5708d580528c9e55c0,/Users/user/mobbin-sides/screen-flows/revolut/129-revolut-esim-a9c12ed0-93ca-4e68-a4c3-06958aeb20a3/001-09d0506c-8979-4597-a5cc-3ae7dc1e512a-downloadableSrc-66a3fbd2ca05.webp
a9c12ed0-93ca-4e68-a4c3-06958aeb20a3,eSIM,28b2d970-a05d-4509-99dd-83d47dbc3a16,Revolut,aa23fa4c-2ecb-4027-b126-335f9fcd86b1,1,2,4f6a4ada-1582-4cd2-b6f5-79b2b4c82577,true,downloadableSrc,200,image/webp,75808,75808,0a0fb1ef092e09bbb4b828e443d0089c15c73c93c0dd13b4b84cf26edc7cd0ae,1179,2676,,,bytescale.mobbin.com,f7a1807c1ac98ccf0eecf5078d61346ac9a94ca37a547f5708d580528c9e55c0,/Users/user/mobbin-sides/screen-flows/revolut/129-revolut-esim-a9c12ed0-93ca-4e68-a4c3-06958aeb20a3/002-4f6a4ada-1582-4cd2-b6f5-79b2b4c82577-downloadableSrc-0a0fb1ef092e.webp
a9c12ed0-93ca-4e68-a4c3-06958aeb20a3,eSIM,28b2d970-a05d-4509-99dd-83d47dbc3a16,Revolut,aa23fa4c-2ecb-4027-b126-335f9fcd86b1,2,3,74efc6ea-ef49-4517-a95b-42886351a6da,true,downloadableSrc,200,image/webp,56640,56640,dd01d642091ee0422c272201a7db7b942959e7b1c74abbfe99bea3a2bd7a99ff,1179,2676,,,bytescale.mobbin.com,f7a1807c1ac98ccf0eecf5078d61346ac9a94ca37a547f5708d580528c9e55c0,/Users/user/mobbin-sides/screen-flows/revolut/129-revolut-esim-a9c12ed0-93ca-4e68-a4c3-06958aeb20a3/003-74efc6ea-ef49-4517-a95b-42886351a6da-downloadableSrc-dd01d642091e.webp
dfc9c31f-b1a0-42af-99ed-265a993b0bec,Shops,28b2d970-a05d-4509-99dd-83d47dbc3a16,Revolut,aa23fa4c-2ecb-4027-b126-335f9fcd86b1,0,1,09d0506c-8979-4597-a5cc-3ae7dc1e512a,true,downloadableSrc,200,image/webp,104894,104894,66a3fbd2ca05dad565b7b0dd3fbfe258b950ee665baeebbd1f702a1eebbfd01c,1179,2676,,,bytescale.mobbin.com,f7a1807c1ac98ccf0eecf5078d61346ac9a94ca37a547f5708d580528c9e55c0,/Users/user/mobbin-sides/screen-flows/revolut/130-revolut-shops-dfc9c31f-b1a0-42af-99ed-265a993b0bec/001-09d0506c-8979-4597-a5cc-3ae7dc1e512a-downloadableSrc-66a3fbd2ca05.webp
dfc9c31f-b1a0-42af-99ed-265a993b0bec,Shops,28b2d970-a05d-4509-99dd-83d47dbc3a16,Revolut,aa23fa4c-2ecb-4027-b126-335f9fcd86b1,1,2,0c97650f-784e-4190-828e-6705e37dbbee,true,downloadableSrc,200,image/webp,76784,76784,8ea14ac5264d60ede38fc560e5a18d8b5160920fa6b5178ab92f333c876ff5db,1179,2676,,,bytescale.mobbin.com,f7a1807c1ac98ccf0eecf5078d61346ac9a94ca37a547f5708d580528c9e55c0,/Users/user/mobbin-sides/screen-flows/revolut/130-revolut-shops-dfc9c31f-b1a0-42af-99ed-265a993b0bec/002-0c97650f-784e-4190-828e-6705e37dbbee-downloadableSrc-8ea14ac5264d.webp
dfc9c31f-b1a0-42af-99ed-265a993b0bec,Shops,28b2d970-a05d-4509-99dd-83d47dbc3a16,Revolut,aa23fa4c-2ecb-4027-b126-335f9fcd86b1,2,3,50053687-964e-446e-b798-9cc7b61af0ec,true,downloadableSrc,200,image/webp,127944,127944,2fa4c088b42e1d984789a8fa8d33506e54e3357bc0d13052e97772a83815dd04,1179,2676,,,bytescale.mobbin.com,f7a1807c1ac98ccf0eecf5078d61346ac9a94ca37a547f5708d580528c9e55c0,/Users/user/mobbin-sides/screen-flows/revolut/130-revolut-shops-dfc9c31f-b1a0-42af-99ed-265a993b0bec/003-50053687-964e-446e-b798-9cc7b61af0ec-downloadableSrc-2fa4c088b42e.webp
dfc9c31f-b1a0-42af-99ed-265a993b0bec,Shops,28b2d970-a05d-4509-99dd-83d47dbc3a16,Revolut,aa23fa4c-2ecb-4027-b126-335f9fcd86b1,3,4,afff25ef-9983-4c84-abd3-1c14842aacbf,true,downloadableSrc,200,image/webp,80926,80926,821d615a535f3e8b357180255187dc2e7473a9fcdef2df679ca85e58280a3308,1179,2676,,,bytescale.mobbin.com,f7a1807c1ac98ccf0eecf5078d61346ac9a94ca37a547f5708d580528c9e55c0,/Users/user/mobbin-sides/screen-flows/revolut/130-revolut-shops-dfc9c31f-b1a0-42af-99ed-265a993b0bec/004-afff25ef-9983-4c84-abd3-1c14842aacbf-downloadableSrc-821d615a535f.webp
dfc9c31f-b1a0-42af-99ed-265a993b0bec,Shops,28b2d970-a05d-4509-99dd-83d47dbc3a16,Revolut,aa23fa4c-2ecb-4027-b126-335f9fcd86b1,4,5,3eb956d7-1e63-45c6-99d0-2a7774216cbc,true,downloadableSrc,200,image/webp,132116,132116,580020617f3c91cb11862fdab220054011eab3bd84330844b1d8dbd15fdad925,1179,2676,,,bytescale.mobbin.com,f7a1807c1ac98ccf0eecf5078d61346ac9a94ca37a547f5708d580528c9e55c0,/Users/user/mobbin-sides/screen-flows/revolut/130-revolut-shops-dfc9c31f-b1a0-42af-99ed-265a993b0bec/005-3eb956d7-1e63-45c6-99d0-2a7774216cbc-downloadableSrc-580020617f3c.webp
dfc9c31f-b1a0-42af-99ed-265a993b0bec,Shops,28b2d970-a05d-4509-99dd-83d47dbc3a16,Revolut,aa23fa4c-2ecb-4027-b126-335f9fcd86b1,5,6,46766e84-0a5a-481a-881d-374330d88c64,true,downloadableSrc,200,image/webp,150414,150414,1725d2125e4ee51c7dc7b8a52d3307160dddcdef20736decde536f1d7fd566b2,1179,2676,,,bytescale.mobbin.com,f7a1807c1ac98ccf0eecf5078d61346ac9a94ca37a547f5708d580528c9e55c0,/Users/user/mobbin-sides/screen-flows/revolut/130-revolut-shops-dfc9c31f-b1a0-42af-99ed-265a993b0bec/006-46766e84-0a5a-481a-881d-374330d88c64-downloadableSrc-1725d2125e4e.webp
dfc9c31f-b1a0-42af-99ed-265a993b0bec,Shops,28b2d970-a05d-4509-99dd-83d47dbc3a16,Revolut,aa23fa4c-2ecb-4027-b126-335f9fcd86b1,6,7,835bef74-4202-4b32-8279-6b614790217e,true,downloadableSrc,200,image/webp,183708,183708,e473ae898d9423fa0551f0d5c3f4dec31579496ce64f48860308c1990442e066,1179,2676,,,bytescale.mobbin.com,f7a1807c1ac98ccf0eecf5078d61346ac9a94ca37a547f5708d580528c9e55c0,/Users/user/mobbin-sides/screen-flows/revolut/130-revolut-shops-dfc9c31f-b1a0-42af-99ed-265a993b0bec/007-835bef74-4202-4b32-8279-6b614790217e-downloadableSrc-e473ae898d94.webp
09360c5c-92f1-4010-bb1f-06826ba1dfef,Cashback,28b2d970-a05d-4509-99dd-83d47dbc3a16,Revolut,aa23fa4c-2ecb-4027-b126-335f9fcd86b1,0,1,afff25ef-9983-4c84-abd3-1c14842aacbf,true,downloadableSrc,200,image/webp,80926,80926,821d615a535f3e8b357180255187dc2e7473a9fcdef2df679ca85e58280a3308,1179,2676,,,bytescale.mobbin.com,f7a1807c1ac98ccf0eecf5078d61346ac9a94ca37a547f5708d580528c9e55c0,/Users/user/mobbin-sides/screen-flows/revolut/131-revolut-cashback-09360c5c-92f1-4010-bb1f-06826ba1dfef/001-afff25ef-9983-4c84-abd3-1c14842aacbf-downloadableSrc-821d615a535f.webp
09360c5c-92f1-4010-bb1f-06826ba1dfef,Cashback,28b2d970-a05d-4509-99dd-83d47dbc3a16,Revolut,aa23fa4c-2ecb-4027-b126-335f9fcd86b1,1,2,c5b4f51f-eda1-458d-bc56-8c425ba4a4b4,true,downloadableSrc,200,image/webp,52224,52224,02c119a167f4031c31394227d964fd9a0311ce5bebb3f936f831aa18f06a752a,1179,2676,,,bytescale.mobbin.com,f7a1807c1ac98ccf0eecf5078d61346ac9a94ca37a547f5708d580528c9e55c0,/Users/user/mobbin-sides/screen-flows/revolut/131-revolut-cashback-09360c5c-92f1-4010-bb1f-06826ba1dfef/002-c5b4f51f-eda1-458d-bc56-8c425ba4a4b4-downloadableSrc-02c119a167f4.webp
09360c5c-92f1-4010-bb1f-06826ba1dfef,Cashback,28b2d970-a05d-4509-99dd-83d47dbc3a16,Revolut,aa23fa4c-2ecb-4027-b126-335f9fcd86b1,2,3,ca01c9f4-8c14-4ec3-b912-42e1e2bf8334,true,downloadableSrc,200,image/webp,56042,56042,c036ecb7ad064f9ddf702f35cb31ab81adfb4c45a20b249195a44f95a6726084,1179,2676,,,bytescale.mobbin.com,f7a1807c1ac98ccf0eecf5078d61346ac9a94ca37a547f5708d580528c9e55c0,/Users/user/mobbin-sides/screen-flows/revolut/131-revolut-cashback-09360c5c-92f1-4010-bb1f-06826ba1dfef/003-ca01c9f4-8c14-4ec3-b912-42e1e2bf8334-downloadableSrc-c036ecb7ad06.webp
b3e1e7fa-a35a-4402-a00d-449ff3483ef0,Profile,28b2d970-a05d-4509-99dd-83d47dbc3a16,Revolut,aa23fa4c-2ecb-4027-b126-335f9fcd86b1,0,1,48b789cf-a061-4e74-b3f2-e553d3e885e5,true,downloadableSrc,200,image/webp,82164,82164,7a36e006a5ecd36cbac4bfb1f64b1d42106c7d20e25786135f3ea84544dabc69,1179,2676,,,bytescale.mobbin.com,f7a1807c1ac98ccf0eecf5078d61346ac9a94ca37a547f5708d580528c9e55c0,/Users/user/mobbin-sides/screen-flows/revolut/132-revolut-profile-b3e1e7fa-a35a-4402-a00d-449ff3483ef0/001-48b789cf-a061-4e74-b3f2-e553d3e885e5-downloadableSrc-7a36e006a5ec.webp
b3e1e7fa-a35a-4402-a00d-449ff3483ef0,Profile,28b2d970-a05d-4509-99dd-83d47dbc3a16,Revolut,aa23fa4c-2ecb-4027-b126-335f9fcd86b1,1,2,8b0c7aa9-1dd5-45e5-92c4-35dc1ffb5559,true,downloadableSrc,200,image/webp,52540,52540,eb27b157a68ff8c10c225db30785228c0129cad2a310585996cf98e10d758c80,1179,2676,,,bytescale.mobbin.com,f7a1807c1ac98ccf0eecf5078d61346ac9a94ca37a547f5708d580528c9e55c0,/Users/user/mobbin-sides/screen-flows/revolut/132-revolut-profile-b3e1e7fa-a35a-4402-a00d-449ff3483ef0/002-8b0c7aa9-1dd5-45e5-92c4-35dc1ffb5559-downloadableSrc-eb27b157a68f.webp
b3e1e7fa-a35a-4402-a00d-449ff3483ef0,Profile,28b2d970-a05d-4509-99dd-83d47dbc3a16,Revolut,aa23fa4c-2ecb-4027-b126-335f9fcd86b1,2,3,e97489fe-6197-4a96-8267-818466b64ecc,true,downloadableSrc,200,image/webp,57728,57728,54bc0d10b8fc94859a2678491ec92aaf9ca414fba81c7b0cb0faed7b89fa050d,1179,2676,,,bytescale.mobbin.com,f7a1807c1ac98ccf0eecf5078d61346ac9a94ca37a547f5708d580528c9e55c0,/Users/user/mobbin-sides/screen-flows/revolut/132-revolut-profile-b3e1e7fa-a35a-4402-a00d-449ff3483ef0/003-e97489fe-6197-4a96-8267-818466b64ecc-downloadableSrc-54bc0d10b8fc.webp
afdbf8ce-465d-4074-932e-2b96385ed86a,Subscription plan,28b2d970-a05d-4509-99dd-83d47dbc3a16,Revolut,aa23fa4c-2ecb-4027-b126-335f9fcd86b1,0,1,8b0c7aa9-1dd5-45e5-92c4-35dc1ffb5559,true,downloadableSrc,200,image/webp,52540,52540,eb27b157a68ff8c10c225db30785228c0129cad2a310585996cf98e10d758c80,1179,2676,,,bytescale.mobbin.com,f7a1807c1ac98ccf0eecf5078d61346ac9a94ca37a547f5708d580528c9e55c0,/Users/user/mobbin-sides/screen-flows/revolut/133-revolut-subscription-plan-afdbf8ce-465d-4074-932e-2b96385ed86a/001-8b0c7aa9-1dd5-45e5-92c4-35dc1ffb5559-downloadableSrc-eb27b157a68f.webp
afdbf8ce-465d-4074-932e-2b96385ed86a,Subscription plan,28b2d970-a05d-4509-99dd-83d47dbc3a16,Revolut,aa23fa4c-2ecb-4027-b126-335f9fcd86b1,1,2,e12750f4-27ea-4fd5-8547-84c6e3f4aa3a,true,downloadableSrc,200,image/webp,70274,70274,7292c7f2ddeb3028871dcc0f8d874b28d9c48d9ea2efaf24220d48b2ded2d63d,1179,2676,,,bytescale.mobbin.com,f7a1807c1ac98ccf0eecf5078d61346ac9a94ca37a547f5708d580528c9e55c0,/Users/user/mobbin-sides/screen-flows/revolut/133-revolut-subscription-plan-afdbf8ce-465d-4074-932e-2b96385ed86a/002-e12750f4-27ea-4fd5-8547-84c6e3f4aa3a-downloadableSrc-7292c7f2ddeb.webp
e6a9e115-4824-425e-a285-04bf47242c02,Manage plan,28b2d970-a05d-4509-99dd-83d47dbc3a16,Revolut,aa23fa4c-2ecb-4027-b126-335f9fcd86b1,0,1,e12750f4-27ea-4fd5-8547-84c6e3f4aa3a,true,downloadableSrc,200,image/webp,70274,70274,7292c7f2ddeb3028871dcc0f8d874b28d9c48d9ea2efaf24220d48b2ded2d63d,1179,2676,,,bytescale.mobbin.com,f7a1807c1ac98ccf0eecf5078d61346ac9a94ca37a547f5708d580528c9e55c0,/Users/user/mobbin-sides/screen-flows/revolut/134-revolut-manage-plan-e6a9e115-4824-425e-a285-04bf47242c02/001-e12750f4-27ea-4fd5-8547-84c6e3f4aa3a-downloadableSrc-7292c7f2ddeb.webp
e6a9e115-4824-425e-a285-04bf47242c02,Manage plan,28b2d970-a05d-4509-99dd-83d47dbc3a16,Revolut,aa23fa4c-2ecb-4027-b126-335f9fcd86b1,1,2,c9545ed1-3955-43cc-9fca-0796b6796b0e,true,downloadableSrc,200,image/webp,43890,43890,c7dc5adb60859030e40ce73a0b616c5ca7c85a15341d5991efeba2e6dfd060b1,1179,2676,,,bytescale.mobbin.com,f7a1807c1ac98ccf0eecf5078d61346ac9a94ca37a547f5708d580528c9e55c0,/Users/user/mobbin-sides/screen-flows/revolut/134-revolut-manage-plan-e6a9e115-4824-425e-a285-04bf47242c02/002-c9545ed1-3955-43cc-9fca-0796b6796b0e-downloadableSrc-c7dc5adb6085.webp
e6a9e115-4824-425e-a285-04bf47242c02,Manage plan,28b2d970-a05d-4509-99dd-83d47dbc3a16,Revolut,aa23fa4c-2ecb-4027-b126-335f9fcd86b1,2,3,3f7f502f-af09-4722-aac5-0ad7034a4b65,true,downloadableSrc,200,image/webp,52718,52718,cc8c4e61589ada25eccf44a807768ae64ea7f251e03d431513b6afd32ab0bd55,1179,2676,,,bytescale.mobbin.com,f7a1807c1ac98ccf0eecf5078d61346ac9a94ca37a547f5708d580528c9e55c0,/Users/user/mobbin-sides/screen-flows/revolut/134-revolut-manage-plan-e6a9e115-4824-425e-a285-04bf47242c02/003-3f7f502f-af09-4722-aac5-0ad7034a4b65-downloadableSrc-cc8c4e61589a.webp
de36db45-a05e-4fbf-bef9-77d168402487,Canceling plan,28b2d970-a05d-4509-99dd-83d47dbc3a16,Revolut,aa23fa4c-2ecb-4027-b126-335f9fcd86b1,0,1,3f7f502f-af09-4722-aac5-0ad7034a4b65,true,downloadableSrc,200,image/webp,52718,52718,cc8c4e61589ada25eccf44a807768ae64ea7f251e03d431513b6afd32ab0bd55,1179,2676,,,bytescale.mobbin.com,f7a1807c1ac98ccf0eecf5078d61346ac9a94ca37a547f5708d580528c9e55c0,/Users/user/mobbin-sides/screen-flows/revolut/135-revolut-canceling-plan-de36db45-a05e-4fbf-bef9-77d168402487/001-3f7f502f-af09-4722-aac5-0ad7034a4b65-downloadableSrc-cc8c4e61589a.webp
de36db45-a05e-4fbf-bef9-77d168402487,Canceling plan,28b2d970-a05d-4509-99dd-83d47dbc3a16,Revolut,aa23fa4c-2ecb-4027-b126-335f9fcd86b1,1,2,5b4d993d-0cf6-4925-98ee-3c7757766d4d,true,downloadableSrc,200,image/webp,102024,102024,0e02e479527bb0e4ed3501bb2ce38d3ef03b66af1b1f14329916dd683ea7e95c,1179,2676,,,bytescale.mobbin.com,f7a1807c1ac98ccf0eecf5078d61346ac9a94ca37a547f5708d580528c9e55c0,/Users/user/mobbin-sides/screen-flows/revolut/135-revolut-canceling-plan-de36db45-a05e-4fbf-bef9-77d168402487/002-5b4d993d-0cf6-4925-98ee-3c7757766d4d-downloadableSrc-0e02e479527b.webp
de36db45-a05e-4fbf-bef9-77d168402487,Canceling plan,28b2d970-a05d-4509-99dd-83d47dbc3a16,Revolut,aa23fa4c-2ecb-4027-b126-335f9fcd86b1,2,3,9ff8fb67-e2fd-4abc-b43a-1c06b665ca24,true,downloadableSrc,200,image/webp,97766,97766,9be1d0604b645acdccda89ebebf6da13e7e26ff9581a42a11d66665172ca3e77,1179,2676,,,bytescale.mobbin.com,f7a1807c1ac98ccf0eecf5078d61346ac9a94ca37a547f5708d580528c9e55c0,/Users/user/mobbin-sides/screen-flows/revolut/135-revolut-canceling-plan-de36db45-a05e-4fbf-bef9-77d168402487/003-9ff8fb67-e2fd-4abc-b43a-1c06b665ca24-downloadableSrc-9be1d0604b64.webp
de36db45-a05e-4fbf-bef9-77d168402487,Canceling plan,28b2d970-a05d-4509-99dd-83d47dbc3a16,Revolut,aa23fa4c-2ecb-4027-b126-335f9fcd86b1,3,4,9f4cb047-a508-43e9-821b-64c519b96c3c,true,downloadableSrc,200,image/webp,71760,71760,da4f7f1c628a2c4503c658fd15b143134aa5f23d987560e51191bdb9e17d4143,1179,2676,,,bytescale.mobbin.com,f7a1807c1ac98ccf0eecf5078d61346ac9a94ca37a547f5708d580528c9e55c0,/Users/user/mobbin-sides/screen-flows/revolut/135-revolut-canceling-plan-de36db45-a05e-4fbf-bef9-77d168402487/004-9f4cb047-a508-43e9-821b-64c519b96c3c-downloadableSrc-da4f7f1c628a.webp
de36db45-a05e-4fbf-bef9-77d168402487,Canceling plan,28b2d970-a05d-4509-99dd-83d47dbc3a16,Revolut,aa23fa4c-2ecb-4027-b126-335f9fcd86b1,4,5,9d60b3b1-23e3-4e37-9e4e-80c4815fafcf,true,downloadableSrc,200,image/webp,63670,63670,fcb57607e86949bc2f420cf0c4a950759dc979e9c29e992e2f714842775d4aac,1179,2676,,,bytescale.mobbin.com,f7a1807c1ac98ccf0eecf5078d61346ac9a94ca37a547f5708d580528c9e55c0,/Users/user/mobbin-sides/screen-flows/revolut/135-revolut-canceling-plan-de36db45-a05e-4fbf-bef9-77d168402487/005-9d60b3b1-23e3-4e37-9e4e-80c4815fafcf-downloadableSrc-fcb57607e869.webp
de36db45-a05e-4fbf-bef9-77d168402487,Canceling plan,28b2d970-a05d-4509-99dd-83d47dbc3a16,Revolut,aa23fa4c-2ecb-4027-b126-335f9fcd86b1,5,6,6908b140-8029-45df-8094-e6e27df835a9,true,downloadableSrc,200,image/webp,65140,65140,968a95a618470b0fd8275426fd2728dfd165051c3e0515ba90332d55e870b5dd,1179,2676,,,bytescale.mobbin.com,f7a1807c1ac98ccf0eecf5078d61346ac9a94ca37a547f5708d580528c9e55c0,/Users/user/mobbin-sides/screen-flows/revolut/135-revolut-canceling-plan-de36db45-a05e-4fbf-bef9-77d168402487/006-6908b140-8029-45df-8094-e6e27df835a9-downloadableSrc-968a95a61847.webp
de36db45-a05e-4fbf-bef9-77d168402487,Canceling plan,28b2d970-a05d-4509-99dd-83d47dbc3a16,Revolut,aa23fa4c-2ecb-4027-b126-335f9fcd86b1,6,7,756ffd50-4e19-4afa-9201-82f2b07a8c54,true,downloadableSrc,200,image/webp,71238,71238,953d3d61bfa336ce4f90b30acce6da2a132ea11bc0c404a08d99a42da1a73f18,1179,2676,,,bytescale.mobbin.com,f7a1807c1ac98ccf0eecf5078d61346ac9a94ca37a547f5708d580528c9e55c0,/Users/user/mobbin-sides/screen-flows/revolut/135-revolut-canceling-plan-de36db45-a05e-4fbf-bef9-77d168402487/007-756ffd50-4e19-4afa-9201-82f2b07a8c54-downloadableSrc-953d3d61bfa3.webp
de36db45-a05e-4fbf-bef9-77d168402487,Canceling plan,28b2d970-a05d-4509-99dd-83d47dbc3a16,Revolut,aa23fa4c-2ecb-4027-b126-335f9fcd86b1,7,8,bd7e53ff-6aff-4ad8-86a7-8a4a70d9d325,true,downloadableSrc,200,image/webp,73082,73082,16209999fa814873243509eb89d1d453c7304d5ac110c4438d707722ba4c9d13,1179,2676,,,bytescale.mobbin.com,f7a1807c1ac98ccf0eecf5078d61346ac9a94ca37a547f5708d580528c9e55c0,/Users/user/mobbin-sides/screen-flows/revolut/135-revolut-canceling-plan-de36db45-a05e-4fbf-bef9-77d168402487/008-bd7e53ff-6aff-4ad8-86a7-8a4a70d9d325-downloadableSrc-16209999fa81.webp
de36db45-a05e-4fbf-bef9-77d168402487,Canceling plan,28b2d970-a05d-4509-99dd-83d47dbc3a16,Revolut,aa23fa4c-2ecb-4027-b126-335f9fcd86b1,8,9,27193981-8c95-435f-a33e-6ee5186551f1,true,downloadableSrc,200,image/webp,50038,50038,d68e76f6b8b6ab981e3547cec6ecf99b02ebff730dad2a54bfa94aa30df40cb3,1179,2676,,,bytescale.mobbin.com,f7a1807c1ac98ccf0eecf5078d61346ac9a94ca37a547f5708d580528c9e55c0,/Users/user/mobbin-sides/screen-flows/revolut/135-revolut-canceling-plan-de36db45-a05e-4fbf-bef9-77d168402487/009-27193981-8c95-435f-a33e-6ee5186551f1-downloadableSrc-d68e76f6b8b6.webp
de36db45-a05e-4fbf-bef9-77d168402487,Canceling plan,28b2d970-a05d-4509-99dd-83d47dbc3a16,Revolut,aa23fa4c-2ecb-4027-b126-335f9fcd86b1,9,10,8d5358fa-f45c-4961-a951-64f43717e611,true,downloadableSrc,200,image/webp,40286,40286,66967c8083ed346f60f9978a8abe86c5e08dbe1d9c5ea7679dfebd5bfdbf55a8,1179,2676,,,bytescale.mobbin.com,f7a1807c1ac98ccf0eecf5078d61346ac9a94ca37a547f5708d580528c9e55c0,/Users/user/mobbin-sides/screen-flows/revolut/135-revolut-canceling-plan-de36db45-a05e-4fbf-bef9-77d168402487/010-8d5358fa-f45c-4961-a951-64f43717e611-downloadableSrc-66967c8083ed.webp
de36db45-a05e-4fbf-bef9-77d168402487,Canceling plan,28b2d970-a05d-4509-99dd-83d47dbc3a16,Revolut,aa23fa4c-2ecb-4027-b126-335f9fcd86b1,10,11,531ccdb3-c673-499c-b643-34239bfca432,true,downloadableSrc,200,image/webp,44586,44586,4b8a5ae9e230646e3ab4388ad6eb3af3ed0c0198bb2c01d7646be84a57d3214b,1179,2676,,,bytescale.mobbin.com,f7a1807c1ac98ccf0eecf5078d61346ac9a94ca37a547f5708d580528c9e55c0,/Users/user/mobbin-sides/screen-flows/revolut/135-revolut-canceling-plan-de36db45-a05e-4fbf-bef9-77d168402487/011-531ccdb3-c673-499c-b643-34239bfca432-downloadableSrc-4b8a5ae9e230.webp
36fb24f3-70aa-4772-9c0f-e664f5ae5e3d,Limits,28b2d970-a05d-4509-99dd-83d47dbc3a16,Revolut,aa23fa4c-2ecb-4027-b126-335f9fcd86b1,0,1,e12750f4-27ea-4fd5-8547-84c6e3f4aa3a,true,downloadableSrc,200,image/webp,70274,70274,7292c7f2ddeb3028871dcc0f8d874b28d9c48d9ea2efaf24220d48b2ded2d63d,1179,2676,,,bytescale.mobbin.com,f7a1807c1ac98ccf0eecf5078d61346ac9a94ca37a547f5708d580528c9e55c0,/Users/user/mobbin-sides/screen-flows/revolut/136-revolut-limits-36fb24f3-70aa-4772-9c0f-e664f5ae5e3d/001-e12750f4-27ea-4fd5-8547-84c6e3f4aa3a-downloadableSrc-7292c7f2ddeb.webp
36fb24f3-70aa-4772-9c0f-e664f5ae5e3d,Limits,28b2d970-a05d-4509-99dd-83d47dbc3a16,Revolut,aa23fa4c-2ecb-4027-b126-335f9fcd86b1,1,2,5961a858-1ba9-4515-86ab-6aa2ccd954b6,true,downloadableSrc,200,image/webp,38330,38330,13c39d07e0cef54b9f2d4567f07108ca603fbc1fcc21d59ad2c6eeca6bc12615,1179,2676,,,bytescale.mobbin.com,f7a1807c1ac98ccf0eecf5078d61346ac9a94ca37a547f5708d580528c9e55c0,/Users/user/mobbin-sides/screen-flows/revolut/136-revolut-limits-36fb24f3-70aa-4772-9c0f-e664f5ae5e3d/002-5961a858-1ba9-4515-86ab-6aa2ccd954b6-downloadableSrc-13c39d07e0ce.webp
36fb24f3-70aa-4772-9c0f-e664f5ae5e3d,Limits,28b2d970-a05d-4509-99dd-83d47dbc3a16,Revolut,aa23fa4c-2ecb-4027-b126-335f9fcd86b1,2,3,8c7f83bb-2e05-4e46-9162-18c097fb9b17,true,downloadableSrc,200,image/webp,55298,55298,6a2ec079019f7071f7acb2222c33d810e0b08ac298be432d6fa9ba0efd0077a4,1179,2676,,,bytescale.mobbin.com,f7a1807c1ac98ccf0eecf5078d61346ac9a94ca37a547f5708d580528c9e55c0,/Users/user/mobbin-sides/screen-flows/revolut/136-revolut-limits-36fb24f3-70aa-4772-9c0f-e664f5ae5e3d/003-8c7f83bb-2e05-4e46-9162-18c097fb9b17-downloadableSrc-6a2ec079019f.webp
36fb24f3-70aa-4772-9c0f-e664f5ae5e3d,Limits,28b2d970-a05d-4509-99dd-83d47dbc3a16,Revolut,aa23fa4c-2ecb-4027-b126-335f9fcd86b1,3,4,2a54174f-aa67-41b6-862f-42760a5a1465,true,downloadableSrc,200,image/webp,148712,148712,6afd42536e0c71e41ed0305bda455eac4ee9b4f03ca40efbd5d48d2dd4a1375b,1179,2676,,,bytescale.mobbin.com,f7a1807c1ac98ccf0eecf5078d61346ac9a94ca37a547f5708d580528c9e55c0,/Users/user/mobbin-sides/screen-flows/revolut/136-revolut-limits-36fb24f3-70aa-4772-9c0f-e664f5ae5e3d/004-2a54174f-aa67-41b6-862f-42760a5a1465-downloadableSrc-6afd42536e0c.webp
6a95b87b-875d-47b9-96ce-68094ab08884,Partners,28b2d970-a05d-4509-99dd-83d47dbc3a16,Revolut,aa23fa4c-2ecb-4027-b126-335f9fcd86b1,0,1,e12750f4-27ea-4fd5-8547-84c6e3f4aa3a,true,downloadableSrc,200,image/webp,70274,70274,7292c7f2ddeb3028871dcc0f8d874b28d9c48d9ea2efaf24220d48b2ded2d63d,1179,2676,,,bytescale.mobbin.com,f7a1807c1ac98ccf0eecf5078d61346ac9a94ca37a547f5708d580528c9e55c0,/Users/user/mobbin-sides/screen-flows/revolut/137-revolut-partners-6a95b87b-875d-47b9-96ce-68094ab08884/001-e12750f4-27ea-4fd5-8547-84c6e3f4aa3a-downloadableSrc-7292c7f2ddeb.webp
6a95b87b-875d-47b9-96ce-68094ab08884,Partners,28b2d970-a05d-4509-99dd-83d47dbc3a16,Revolut,aa23fa4c-2ecb-4027-b126-335f9fcd86b1,1,2,c59012f9-7113-47b3-9938-b063e110402b,true,downloadableSrc,200,image/webp,79382,79382,485b8bd014bb2ddd9e6d2a657c0fcbc8bc153f98ba81d8f2326bb3ef75aa08b1,1179,2676,,,bytescale.mobbin.com,f7a1807c1ac98ccf0eecf5078d61346ac9a94ca37a547f5708d580528c9e55c0,/Users/user/mobbin-sides/screen-flows/revolut/137-revolut-partners-6a95b87b-875d-47b9-96ce-68094ab08884/002-c59012f9-7113-47b3-9938-b063e110402b-downloadableSrc-485b8bd014bb.webp
6a95b87b-875d-47b9-96ce-68094ab08884,Partners,28b2d970-a05d-4509-99dd-83d47dbc3a16,Revolut,aa23fa4c-2ecb-4027-b126-335f9fcd86b1,2,3,898ba136-9e9b-409d-91c6-2c9e554dc505,true,downloadableSrc,200,image/webp,90748,90748,4ef0dfdd23dc451e7f5b1747eec4648aaba4c2d35514afa321646d5aeed18dbf,1179,2676,,,bytescale.mobbin.com,f7a1807c1ac98ccf0eecf5078d61346ac9a94ca37a547f5708d580528c9e55c0,/Users/user/mobbin-sides/screen-flows/revolut/137-revolut-partners-6a95b87b-875d-47b9-96ce-68094ab08884/003-898ba136-9e9b-409d-91c6-2c9e554dc505-downloadableSrc-4ef0dfdd23dc.webp
6a95b87b-875d-47b9-96ce-68094ab08884,Partners,28b2d970-a05d-4509-99dd-83d47dbc3a16,Revolut,aa23fa4c-2ecb-4027-b126-335f9fcd86b1,3,4,cb7cf74f-efef-46d3-8720-89c8963a17d7,true,downloadableSrc,200,image/webp,96250,96250,e01eb167f410af248bab777e29148b38d1b7ef41221ed2724607a1b0f28b232c,1179,2676,,,bytescale.mobbin.com,f7a1807c1ac98ccf0eecf5078d61346ac9a94ca37a547f5708d580528c9e55c0,/Users/user/mobbin-sides/screen-flows/revolut/137-revolut-partners-6a95b87b-875d-47b9-96ce-68094ab08884/004-cb7cf74f-efef-46d3-8720-89c8963a17d7-downloadableSrc-e01eb167f410.webp
293c6d04-40d0-4ad9-b5d7-587aec273863,Referring friends,28b2d970-a05d-4509-99dd-83d47dbc3a16,Revolut,aa23fa4c-2ecb-4027-b126-335f9fcd86b1,0,1,8b0c7aa9-1dd5-45e5-92c4-35dc1ffb5559,true,downloadableSrc,200,image/webp,52540,52540,eb27b157a68ff8c10c225db30785228c0129cad2a310585996cf98e10d758c80,1179,2676,,,bytescale.mobbin.com,f7a1807c1ac98ccf0eecf5078d61346ac9a94ca37a547f5708d580528c9e55c0,/Users/user/mobbin-sides/screen-flows/revolut/138-revolut-referring-friends-293c6d04-40d0-4ad9-b5d7-587aec273863/001-8b0c7aa9-1dd5-45e5-92c4-35dc1ffb5559-downloadableSrc-eb27b157a68f.webp
293c6d04-40d0-4ad9-b5d7-587aec273863,Referring friends,28b2d970-a05d-4509-99dd-83d47dbc3a16,Revolut,aa23fa4c-2ecb-4027-b126-335f9fcd86b1,1,2,9183ebe3-8cc4-4b1e-a857-b8f2bbea121c,true,downloadableSrc,200,image/webp,104678,104678,32d1f46f4d6223a5d5b60456a2ac746637bc9ab44f1340fbbb57231ed5c7094c,1179,2676,,,bytescale.mobbin.com,f7a1807c1ac98ccf0eecf5078d61346ac9a94ca37a547f5708d580528c9e55c0,/Users/user/mobbin-sides/screen-flows/revolut/138-revolut-referring-friends-293c6d04-40d0-4ad9-b5d7-587aec273863/002-9183ebe3-8cc4-4b1e-a857-b8f2bbea121c-downloadableSrc-32d1f46f4d62.webp
293c6d04-40d0-4ad9-b5d7-587aec273863,Referring friends,28b2d970-a05d-4509-99dd-83d47dbc3a16,Revolut,aa23fa4c-2ecb-4027-b126-335f9fcd86b1,2,3,83cf5a0d-0c87-4edd-a9c5-428607a57f29,true,downloadableSrc,200,image/webp,100716,100716,e46cc8a70abe474e1239925180fb3d13d37519f788d666e9443980ffd0362385,1179,2676,,,bytescale.mobbin.com,f7a1807c1ac98ccf0eecf5078d61346ac9a94ca37a547f5708d580528c9e55c0,/Users/user/mobbin-sides/screen-flows/revolut/138-revolut-referring-friends-293c6d04-40d0-4ad9-b5d7-587aec273863/003-83cf5a0d-0c87-4edd-a9c5-428607a57f29-downloadableSrc-e46cc8a70abe.webp
293c6d04-40d0-4ad9-b5d7-587aec273863,Referring friends,28b2d970-a05d-4509-99dd-83d47dbc3a16,Revolut,aa23fa4c-2ecb-4027-b126-335f9fcd86b1,3,4,8f8e44b7-192e-4f28-a70f-28601a699133,true,downloadableSrc,200,image/webp,41390,41390,a4187ecd0e8d4ef62e661513855a83b5fe8cb71b95ef3b5cb809927ea01415d2,1179,2676,,,bytescale.mobbin.com,f7a1807c1ac98ccf0eecf5078d61346ac9a94ca37a547f5708d580528c9e55c0,/Users/user/mobbin-sides/screen-flows/revolut/138-revolut-referring-friends-293c6d04-40d0-4ad9-b5d7-587aec273863/004-8f8e44b7-192e-4f28-a70f-28601a699133-downloadableSrc-a4187ecd0e8d.webp
293c6d04-40d0-4ad9-b5d7-587aec273863,Referring friends,28b2d970-a05d-4509-99dd-83d47dbc3a16,Revolut,aa23fa4c-2ecb-4027-b126-335f9fcd86b1,4,5,46527950-ca98-4a61-be16-02396692b905,true,downloadableSrc,200,image/webp,45056,45056,1bfc728b7d426e4ef4178651cfce4ddecddc782c057d25a949b075da174c8cbc,1179,2676,,,bytescale.mobbin.com,f7a1807c1ac98ccf0eecf5078d61346ac9a94ca37a547f5708d580528c9e55c0,/Users/user/mobbin-sides/screen-flows/revolut/138-revolut-referring-friends-293c6d04-40d0-4ad9-b5d7-587aec273863/005-46527950-ca98-4a61-be16-02396692b905-downloadableSrc-1bfc728b7d42.webp
293c6d04-40d0-4ad9-b5d7-587aec273863,Referring friends,28b2d970-a05d-4509-99dd-83d47dbc3a16,Revolut,aa23fa4c-2ecb-4027-b126-335f9fcd86b1,5,6,56b04859-e53a-4bec-9873-e47bbfb68cd1,true,downloadableSrc,200,image/webp,42678,42678,37481c55819b75b90e05b6443b41eb3f86363f0fe59fe407572c54a586214090,1179,2676,,,bytescale.mobbin.com,f7a1807c1ac98ccf0eecf5078d61346ac9a94ca37a547f5708d580528c9e55c0,/Users/user/mobbin-sides/screen-flows/revolut/138-revolut-referring-friends-293c6d04-40d0-4ad9-b5d7-587aec273863/006-56b04859-e53a-4bec-9873-e47bbfb68cd1-downloadableSrc-37481c55819b.webp
aebedc17-8d59-4e94-8c8f-0f88ed239fa0,Help,28b2d970-a05d-4509-99dd-83d47dbc3a16,Revolut,aa23fa4c-2ecb-4027-b126-335f9fcd86b1,0,1,8b0c7aa9-1dd5-45e5-92c4-35dc1ffb5559,true,downloadableSrc,200,image/webp,52540,52540,eb27b157a68ff8c10c225db30785228c0129cad2a310585996cf98e10d758c80,1179,2676,,,bytescale.mobbin.com,f7a1807c1ac98ccf0eecf5078d61346ac9a94ca37a547f5708d580528c9e55c0,/Users/user/mobbin-sides/screen-flows/revolut/139-revolut-help-aebedc17-8d59-4e94-8c8f-0f88ed239fa0/001-8b0c7aa9-1dd5-45e5-92c4-35dc1ffb5559-downloadableSrc-eb27b157a68f.webp
aebedc17-8d59-4e94-8c8f-0f88ed239fa0,Help,28b2d970-a05d-4509-99dd-83d47dbc3a16,Revolut,aa23fa4c-2ecb-4027-b126-335f9fcd86b1,1,2,a332e690-dd62-47ea-907a-404beacd551f,true,downloadableSrc,200,image/webp,60768,60768,2fe1ffd08bcf5368b1f40daffb258d4ad140345c894751b6eec7bf2ea7a5f3f1,1179,2676,,,bytescale.mobbin.com,f7a1807c1ac98ccf0eecf5078d61346ac9a94ca37a547f5708d580528c9e55c0,/Users/user/mobbin-sides/screen-flows/revolut/139-revolut-help-aebedc17-8d59-4e94-8c8f-0f88ed239fa0/002-a332e690-dd62-47ea-907a-404beacd551f-downloadableSrc-2fe1ffd08bcf.webp
20e77703-f1ac-4c55-a399-6f3ba61442ad,Account,28b2d970-a05d-4509-99dd-83d47dbc3a16,Revolut,aa23fa4c-2ecb-4027-b126-335f9fcd86b1,0,1,8b0c7aa9-1dd5-45e5-92c4-35dc1ffb5559,true,downloadableSrc,200,image/webp,52540,52540,eb27b157a68ff8c10c225db30785228c0129cad2a310585996cf98e10d758c80,1179,2676,,,bytescale.mobbin.com,f7a1807c1ac98ccf0eecf5078d61346ac9a94ca37a547f5708d580528c9e55c0,/Users/user/mobbin-sides/screen-flows/revolut/140-revolut-account-20e77703-f1ac-4c55-a399-6f3ba61442ad/001-8b0c7aa9-1dd5-45e5-92c4-35dc1ffb5559-downloadableSrc-eb27b157a68f.webp
20e77703-f1ac-4c55-a399-6f3ba61442ad,Account,28b2d970-a05d-4509-99dd-83d47dbc3a16,Revolut,aa23fa4c-2ecb-4027-b126-335f9fcd86b1,1,2,00c35f86-e594-4caf-b7eb-35562906f8b8,true,downloadableSrc,200,image/webp,49238,49238,5b71a79279facf4b931b03959b4926b4ac25f879a6675f715036c3eaa9b66e5a,1179,2676,,,bytescale.mobbin.com,f7a1807c1ac98ccf0eecf5078d61346ac9a94ca37a547f5708d580528c9e55c0,/Users/user/mobbin-sides/screen-flows/revolut/140-revolut-account-20e77703-f1ac-4c55-a399-6f3ba61442ad/002-00c35f86-e594-4caf-b7eb-35562906f8b8-downloadableSrc-5b71a79279fa.webp
20e77703-f1ac-4c55-a399-6f3ba61442ad,Account,28b2d970-a05d-4509-99dd-83d47dbc3a16,Revolut,aa23fa4c-2ecb-4027-b126-335f9fcd86b1,2,3,bfe291d7-34a8-4d75-864e-3495d2452296,true,downloadableSrc,200,image/webp,46560,46560,fe0677a3ab3fa3d837f7f62adcaa3dc291a996783d277d67dcc301fba6f290c4,1179,2676,,,bytescale.mobbin.com,f7a1807c1ac98ccf0eecf5078d61346ac9a94ca37a547f5708d580528c9e55c0,/Users/user/mobbin-sides/screen-flows/revolut/140-revolut-account-20e77703-f1ac-4c55-a399-6f3ba61442ad/003-bfe291d7-34a8-4d75-864e-3495d2452296-downloadableSrc-fe0677a3ab3f.webp
c4258e9a-b80b-487e-b0a2-72cae199b1bc,Verifying email,28b2d970-a05d-4509-99dd-83d47dbc3a16,Revolut,aa23fa4c-2ecb-4027-b126-335f9fcd86b1,0,1,00c35f86-e594-4caf-b7eb-35562906f8b8,true,downloadableSrc,200,image/webp,49238,49238,5b71a79279facf4b931b03959b4926b4ac25f879a6675f715036c3eaa9b66e5a,1179,2676,,,bytescale.mobbin.com,f7a1807c1ac98ccf0eecf5078d61346ac9a94ca37a547f5708d580528c9e55c0,/Users/user/mobbin-sides/screen-flows/revolut/141-revolut-verifying-email-c4258e9a-b80b-487e-b0a2-72cae199b1bc/001-00c35f86-e594-4caf-b7eb-35562906f8b8-downloadableSrc-5b71a79279fa.webp
c4258e9a-b80b-487e-b0a2-72cae199b1bc,Verifying email,28b2d970-a05d-4509-99dd-83d47dbc3a16,Revolut,aa23fa4c-2ecb-4027-b126-335f9fcd86b1,1,2,a90affdc-4f2b-4700-9d3d-6e74163de302,true,downloadableSrc,200,image/webp,40510,40510,e80c4916e016a48dd8125958077ab2b5198d6e908e75be939b4e16d427ae45cd,1179,2676,,,bytescale.mobbin.com,f7a1807c1ac98ccf0eecf5078d61346ac9a94ca37a547f5708d580528c9e55c0,/Users/user/mobbin-sides/screen-flows/revolut/141-revolut-verifying-email-c4258e9a-b80b-487e-b0a2-72cae199b1bc/002-a90affdc-4f2b-4700-9d3d-6e74163de302-downloadableSrc-e80c4916e016.webp
c4258e9a-b80b-487e-b0a2-72cae199b1bc,Verifying email,28b2d970-a05d-4509-99dd-83d47dbc3a16,Revolut,aa23fa4c-2ecb-4027-b126-335f9fcd86b1,2,3,199963eb-f3db-4449-9e60-6cc84f075bbf,true,downloadableSrc,200,image/webp,53098,53098,9a472a12898c1791678fb9a737f35e526e2339e8e30a2b810c1138af1cf7d1b3,1179,2676,,,bytescale.mobbin.com,f7a1807c1ac98ccf0eecf5078d61346ac9a94ca37a547f5708d580528c9e55c0,/Users/user/mobbin-sides/screen-flows/revolut/141-revolut-verifying-email-c4258e9a-b80b-487e-b0a2-72cae199b1bc/003-199963eb-f3db-4449-9e60-6cc84f075bbf-downloadableSrc-9a472a12898c.webp
c4258e9a-b80b-487e-b0a2-72cae199b1bc,Verifying email,28b2d970-a05d-4509-99dd-83d47dbc3a16,Revolut,aa23fa4c-2ecb-4027-b126-335f9fcd86b1,3,4,7503a1a5-f374-4760-8495-565ae76a3b3b,true,downloadableSrc,200,image/webp,27706,27706,724051a0921e06e3f01d871624827859c2ec6b72495f0ba489ee8b4079c808d8,1179,2676,,,bytescale.mobbin.com,f7a1807c1ac98ccf0eecf5078d61346ac9a94ca37a547f5708d580528c9e55c0,/Users/user/mobbin-sides/screen-flows/revolut/141-revolut-verifying-email-c4258e9a-b80b-487e-b0a2-72cae199b1bc/004-7503a1a5-f374-4760-8495-565ae76a3b3b-downloadableSrc-724051a0921e.webp
c4258e9a-b80b-487e-b0a2-72cae199b1bc,Verifying email,28b2d970-a05d-4509-99dd-83d47dbc3a16,Revolut,aa23fa4c-2ecb-4027-b126-335f9fcd86b1,4,5,4a01c00a-0cb2-4b90-8b4f-fb2daa308e82,true,downloadableSrc,200,image/webp,32806,32806,7d0102fa37aab3ca72aabd5525455642ac0b29fc8fff914fad444286ac20056a,1179,2676,,,bytescale.mobbin.com,f7a1807c1ac98ccf0eecf5078d61346ac9a94ca37a547f5708d580528c9e55c0,/Users/user/mobbin-sides/screen-flows/revolut/141-revolut-verifying-email-c4258e9a-b80b-487e-b0a2-72cae199b1bc/005-4a01c00a-0cb2-4b90-8b4f-fb2daa308e82-downloadableSrc-7d0102fa37aa.webp
c4258e9a-b80b-487e-b0a2-72cae199b1bc,Verifying email,28b2d970-a05d-4509-99dd-83d47dbc3a16,Revolut,aa23fa4c-2ecb-4027-b126-335f9fcd86b1,5,6,2f696471-88cb-4e08-ad52-9330e982bbb7,true,downloadableSrc,200,image/webp,30262,30262,ffbcb56463d2b1340ee1dada7e2a28ebd049730e536fb1590e8475d51e84c8b9,1179,2676,,,bytescale.mobbin.com,f7a1807c1ac98ccf0eecf5078d61346ac9a94ca37a547f5708d580528c9e55c0,/Users/user/mobbin-sides/screen-flows/revolut/141-revolut-verifying-email-c4258e9a-b80b-487e-b0a2-72cae199b1bc/006-2f696471-88cb-4e08-ad52-9330e982bbb7-downloadableSrc-ffbcb56463d2.webp
f9271092-6f48-4b85-a3d0-e42947ddece3,Edit profile,28b2d970-a05d-4509-99dd-83d47dbc3a16,Revolut,aa23fa4c-2ecb-4027-b126-335f9fcd86b1,0,1,bfe291d7-34a8-4d75-864e-3495d2452296,true,downloadableSrc,200,image/webp,46560,46560,fe0677a3ab3fa3d837f7f62adcaa3dc291a996783d277d67dcc301fba6f290c4,1179,2676,,,bytescale.mobbin.com,f7a1807c1ac98ccf0eecf5078d61346ac9a94ca37a547f5708d580528c9e55c0,/Users/user/mobbin-sides/screen-flows/revolut/142-revolut-edit-profile-f9271092-6f48-4b85-a3d0-e42947ddece3/001-bfe291d7-34a8-4d75-864e-3495d2452296-downloadableSrc-fe0677a3ab3f.webp
f9271092-6f48-4b85-a3d0-e42947ddece3,Edit profile,28b2d970-a05d-4509-99dd-83d47dbc3a16,Revolut,aa23fa4c-2ecb-4027-b126-335f9fcd86b1,1,2,7b3b7eec-703d-42b4-b16b-6743dc2400eb,true,downloadableSrc,200,image/webp,41424,41424,f96ca5f6d2760330eb24b665cd5051621fee56f9a42538b40ac68cd5e7cf60e8,1179,2676,,,bytescale.mobbin.com,f7a1807c1ac98ccf0eecf5078d61346ac9a94ca37a547f5708d580528c9e55c0,/Users/user/mobbin-sides/screen-flows/revolut/142-revolut-edit-profile-f9271092-6f48-4b85-a3d0-e42947ddece3/002-7b3b7eec-703d-42b4-b16b-6743dc2400eb-downloadableSrc-f96ca5f6d276.webp
f9271092-6f48-4b85-a3d0-e42947ddece3,Edit profile,28b2d970-a05d-4509-99dd-83d47dbc3a16,Revolut,aa23fa4c-2ecb-4027-b126-335f9fcd86b1,2,3,a0a85d05-fcdf-4650-af6a-7b2dc8620134,true,downloadableSrc,200,image/webp,51810,51810,d5d27067decfcbd282afd57c65c5e02c0497c33a67834e4ee5a189b932fd90f4,1179,2676,,,bytescale.mobbin.com,f7a1807c1ac98ccf0eecf5078d61346ac9a94ca37a547f5708d580528c9e55c0,/Users/user/mobbin-sides/screen-flows/revolut/142-revolut-edit-profile-f9271092-6f48-4b85-a3d0-e42947ddece3/003-a0a85d05-fcdf-4650-af6a-7b2dc8620134-downloadableSrc-d5d27067decf.webp
f37b3809-efb2-4ae2-8925-f7bb14ce90ba,Changing password,28b2d970-a05d-4509-99dd-83d47dbc3a16,Revolut,aa23fa4c-2ecb-4027-b126-335f9fcd86b1,0,1,bfe291d7-34a8-4d75-864e-3495d2452296,true,downloadableSrc,200,image/webp,46560,46560,fe0677a3ab3fa3d837f7f62adcaa3dc291a996783d277d67dcc301fba6f290c4,1179,2676,,,bytescale.mobbin.com,f7a1807c1ac98ccf0eecf5078d61346ac9a94ca37a547f5708d580528c9e55c0,/Users/user/mobbin-sides/screen-flows/revolut/143-revolut-changing-password-f37b3809-efb2-4ae2-8925-f7bb14ce90ba/001-bfe291d7-34a8-4d75-864e-3495d2452296-downloadableSrc-fe0677a3ab3f.webp
f37b3809-efb2-4ae2-8925-f7bb14ce90ba,Changing password,28b2d970-a05d-4509-99dd-83d47dbc3a16,Revolut,aa23fa4c-2ecb-4027-b126-335f9fcd86b1,1,2,0e15b617-54a9-48ae-9209-a16e67609394,true,downloadableSrc,200,image/webp,58162,58162,8d41428aa59c9c92aff502b265faa2d175786af2802a29e07c25060020a1e940,1179,2676,,,bytescale.mobbin.com,f7a1807c1ac98ccf0eecf5078d61346ac9a94ca37a547f5708d580528c9e55c0,/Users/user/mobbin-sides/screen-flows/revolut/143-revolut-changing-password-f37b3809-efb2-4ae2-8925-f7bb14ce90ba/002-0e15b617-54a9-48ae-9209-a16e67609394-downloadableSrc-8d41428aa59c.webp
f37b3809-efb2-4ae2-8925-f7bb14ce90ba,Changing password,28b2d970-a05d-4509-99dd-83d47dbc3a16,Revolut,aa23fa4c-2ecb-4027-b126-335f9fcd86b1,2,3,17e0be99-133d-4246-9b51-9d5b64e9b72e,true,downloadableSrc,200,image/webp,27662,27662,1b2725b2d1b9a0e30b805e96ad1c824e3a6435695ba04c933535db7bde173ba6,1179,2676,,,bytescale.mobbin.com,f7a1807c1ac98ccf0eecf5078d61346ac9a94ca37a547f5708d580528c9e55c0,/Users/user/mobbin-sides/screen-flows/revolut/143-revolut-changing-password-f37b3809-efb2-4ae2-8925-f7bb14ce90ba/003-17e0be99-133d-4246-9b51-9d5b64e9b72e-downloadableSrc-1b2725b2d1b9.webp
f37b3809-efb2-4ae2-8925-f7bb14ce90ba,Changing password,28b2d970-a05d-4509-99dd-83d47dbc3a16,Revolut,aa23fa4c-2ecb-4027-b126-335f9fcd86b1,3,4,5c0e48d2-02d7-484f-bb6f-e51c0b0f98eb,true,downloadableSrc,200,image/webp,29030,29030,9300ecf026b6f80ba58f74427159d1b42ee2ddf971127271781be3e7445e4d40,1179,2676,,,bytescale.mobbin.com,f7a1807c1ac98ccf0eecf5078d61346ac9a94ca37a547f5708d580528c9e55c0,/Users/user/mobbin-sides/screen-flows/revolut/143-revolut-changing-password-f37b3809-efb2-4ae2-8925-f7bb14ce90ba/004-5c0e48d2-02d7-484f-bb6f-e51c0b0f98eb-downloadableSrc-9300ecf026b6.webp
f37b3809-efb2-4ae2-8925-f7bb14ce90ba,Changing password,28b2d970-a05d-4509-99dd-83d47dbc3a16,Revolut,aa23fa4c-2ecb-4027-b126-335f9fcd86b1,4,5,2500654d-b4be-45a3-a74e-f64d63e41630,true,downloadableSrc,200,image/webp,29140,29140,1f3d98018214c8327fc34f20089885a335f941c10b8fd19a7d3e1ea8c96097c2,1179,2676,,,bytescale.mobbin.com,f7a1807c1ac98ccf0eecf5078d61346ac9a94ca37a547f5708d580528c9e55c0,/Users/user/mobbin-sides/screen-flows/revolut/143-revolut-changing-password-f37b3809-efb2-4ae2-8925-f7bb14ce90ba/005-2500654d-b4be-45a3-a74e-f64d63e41630-downloadableSrc-1f3d98018214.webp
f37b3809-efb2-4ae2-8925-f7bb14ce90ba,Changing password,28b2d970-a05d-4509-99dd-83d47dbc3a16,Revolut,aa23fa4c-2ecb-4027-b126-335f9fcd86b1,5,6,d73b6bbd-28d0-40e2-8914-1e3b9cb01a53,true,downloadableSrc,200,image/webp,44748,44748,d65235ae52390a55f05597e441d1c65981927df2e16ecd3beb3bdd4ba3267db5,1179,2676,,,bytescale.mobbin.com,f7a1807c1ac98ccf0eecf5078d61346ac9a94ca37a547f5708d580528c9e55c0,/Users/user/mobbin-sides/screen-flows/revolut/143-revolut-changing-password-f37b3809-efb2-4ae2-8925-f7bb14ce90ba/006-d73b6bbd-28d0-40e2-8914-1e3b9cb01a53-downloadableSrc-d65235ae5239.webp
f37b3809-efb2-4ae2-8925-f7bb14ce90ba,Changing password,28b2d970-a05d-4509-99dd-83d47dbc3a16,Revolut,aa23fa4c-2ecb-4027-b126-335f9fcd86b1,6,7,2562dc46-5414-4d29-9d1c-0792b6b5a129,true,downloadableSrc,200,image/webp,49384,49384,07c8a8b422d90c4c3f6557f07b4da69b86f022115e55e8ccbde18dc4cc6bc014,1179,2676,,,bytescale.mobbin.com,f7a1807c1ac98ccf0eecf5078d61346ac9a94ca37a547f5708d580528c9e55c0,/Users/user/mobbin-sides/screen-flows/revolut/143-revolut-changing-password-f37b3809-efb2-4ae2-8925-f7bb14ce90ba/007-2562dc46-5414-4d29-9d1c-0792b6b5a129-downloadableSrc-07c8a8b422d9.webp
37a4358d-ec22-489a-afcd-eb720672789f,Editing settings,28b2d970-a05d-4509-99dd-83d47dbc3a16,Revolut,aa23fa4c-2ecb-4027-b126-335f9fcd86b1,0,1,bfe291d7-34a8-4d75-864e-3495d2452296,true,downloadableSrc,200,image/webp,46560,46560,fe0677a3ab3fa3d837f7f62adcaa3dc291a996783d277d67dcc301fba6f290c4,1179,2676,,,bytescale.mobbin.com,f7a1807c1ac98ccf0eecf5078d61346ac9a94ca37a547f5708d580528c9e55c0,/Users/user/mobbin-sides/screen-flows/revolut/144-revolut-editing-settings-37a4358d-ec22-489a-afcd-eb720672789f/001-bfe291d7-34a8-4d75-864e-3495d2452296-downloadableSrc-fe0677a3ab3f.webp
37a4358d-ec22-489a-afcd-eb720672789f,Editing settings,28b2d970-a05d-4509-99dd-83d47dbc3a16,Revolut,aa23fa4c-2ecb-4027-b126-335f9fcd86b1,1,2,79e086a8-5557-4227-b4da-daec2291559b,true,downloadableSrc,200,image/webp,93060,93060,44b9cf010f380eaf808bb57517407b8227279cc5bdfff79b3e61d97af59ab4db,1179,2676,,,bytescale.mobbin.com,f7a1807c1ac98ccf0eecf5078d61346ac9a94ca37a547f5708d580528c9e55c0,/Users/user/mobbin-sides/screen-flows/revolut/144-revolut-editing-settings-37a4358d-ec22-489a-afcd-eb720672789f/002-79e086a8-5557-4227-b4da-daec2291559b-downloadableSrc-44b9cf010f38.webp
37a4358d-ec22-489a-afcd-eb720672789f,Editing settings,28b2d970-a05d-4509-99dd-83d47dbc3a16,Revolut,aa23fa4c-2ecb-4027-b126-335f9fcd86b1,2,3,7e736a5c-53cd-4fcb-b96c-e5c064ab2d8e,true,downloadableSrc,200,image/webp,94474,94474,4c103b022511c8c3a8413d0876d2b8e8fb4ad4d0ceb04c0d40ae6b0d16aeaa4e,1179,2676,,,bytescale.mobbin.com,f7a1807c1ac98ccf0eecf5078d61346ac9a94ca37a547f5708d580528c9e55c0,/Users/user/mobbin-sides/screen-flows/revolut/144-revolut-editing-settings-37a4358d-ec22-489a-afcd-eb720672789f/003-7e736a5c-53cd-4fcb-b96c-e5c064ab2d8e-downloadableSrc-4c103b022511.webp
c6abd5fc-c863-4a79-8388-f9ef0debebda,Closing account,28b2d970-a05d-4509-99dd-83d47dbc3a16,Revolut,aa23fa4c-2ecb-4027-b126-335f9fcd86b1,0,1,bfe291d7-34a8-4d75-864e-3495d2452296,true,downloadableSrc,200,image/webp,46560,46560,fe0677a3ab3fa3d837f7f62adcaa3dc291a996783d277d67dcc301fba6f290c4,1179,2676,,,bytescale.mobbin.com,f7a1807c1ac98ccf0eecf5078d61346ac9a94ca37a547f5708d580528c9e55c0,/Users/user/mobbin-sides/screen-flows/revolut/145-revolut-closing-account-c6abd5fc-c863-4a79-8388-f9ef0debebda/001-bfe291d7-34a8-4d75-864e-3495d2452296-downloadableSrc-fe0677a3ab3f.webp
c6abd5fc-c863-4a79-8388-f9ef0debebda,Closing account,28b2d970-a05d-4509-99dd-83d47dbc3a16,Revolut,aa23fa4c-2ecb-4027-b126-335f9fcd86b1,1,2,f226958d-447d-4439-a741-d0c6989d3eb4,true,downloadableSrc,200,image/webp,59114,59114,5e49e57913f3d6ed775027194a7795ba1ec10a87a98ca4c26d0f5cd03f5556c1,1179,2676,,,bytescale.mobbin.com,f7a1807c1ac98ccf0eecf5078d61346ac9a94ca37a547f5708d580528c9e55c0,/Users/user/mobbin-sides/screen-flows/revolut/145-revolut-closing-account-c6abd5fc-c863-4a79-8388-f9ef0debebda/002-f226958d-447d-4439-a741-d0c6989d3eb4-downloadableSrc-5e49e57913f3.webp
c6abd5fc-c863-4a79-8388-f9ef0debebda,Closing account,28b2d970-a05d-4509-99dd-83d47dbc3a16,Revolut,aa23fa4c-2ecb-4027-b126-335f9fcd86b1,2,3,df975625-cd73-49a7-8018-7e694c39c6c6,true,downloadableSrc,200,image/webp,38828,38828,4012bfdfd30e5eee5f8010b254eab58641887b167c51267d272a51420cda6f7b,1179,2676,,,bytescale.mobbin.com,f7a1807c1ac98ccf0eecf5078d61346ac9a94ca37a547f5708d580528c9e55c0,/Users/user/mobbin-sides/screen-flows/revolut/145-revolut-closing-account-c6abd5fc-c863-4a79-8388-f9ef0debebda/003-df975625-cd73-49a7-8018-7e694c39c6c6-downloadableSrc-4012bfdfd30e.webp
c6abd5fc-c863-4a79-8388-f9ef0debebda,Closing account,28b2d970-a05d-4509-99dd-83d47dbc3a16,Revolut,aa23fa4c-2ecb-4027-b126-335f9fcd86b1,3,4,5ef6ba00-15ae-462f-8ece-54ec0be5e4e9,true,downloadableSrc,200,image/webp,77078,77078,457e9b0b9b35ed7623d016fc024199f146ce01ec6c505f9e9330f6d0db22cdfa,1179,2676,,,bytescale.mobbin.com,f7a1807c1ac98ccf0eecf5078d61346ac9a94ca37a547f5708d580528c9e55c0,/Users/user/mobbin-sides/screen-flows/revolut/145-revolut-closing-account-c6abd5fc-c863-4a79-8388-f9ef0debebda/004-5ef6ba00-15ae-462f-8ece-54ec0be5e4e9-downloadableSrc-457e9b0b9b35.webp
c6abd5fc-c863-4a79-8388-f9ef0debebda,Closing account,28b2d970-a05d-4509-99dd-83d47dbc3a16,Revolut,aa23fa4c-2ecb-4027-b126-335f9fcd86b1,4,5,4a67f70c-1c69-4c66-a8b1-7cd6ba8dd2c0,true,downloadableSrc,200,image/webp,44196,44196,1b17b9babdefcc2a0518b85a673029efc29fcdf74243edbe3762a8cd56b039d6,1179,2676,,,bytescale.mobbin.com,f7a1807c1ac98ccf0eecf5078d61346ac9a94ca37a547f5708d580528c9e55c0,/Users/user/mobbin-sides/screen-flows/revolut/145-revolut-closing-account-c6abd5fc-c863-4a79-8388-f9ef0debebda/005-4a67f70c-1c69-4c66-a8b1-7cd6ba8dd2c0-downloadableSrc-1b17b9babdef.webp
c6abd5fc-c863-4a79-8388-f9ef0debebda,Closing account,28b2d970-a05d-4509-99dd-83d47dbc3a16,Revolut,aa23fa4c-2ecb-4027-b126-335f9fcd86b1,5,6,6a409cd8-c3c5-4f15-a1d3-b1ebb366719f,true,downloadableSrc,200,image/webp,41878,41878,9940ea5604f992568bc6fa4a29f15492b4231eee4933205a93d07010cae257f0,1179,2676,,,bytescale.mobbin.com,f7a1807c1ac98ccf0eecf5078d61346ac9a94ca37a547f5708d580528c9e55c0,/Users/user/mobbin-sides/screen-flows/revolut/145-revolut-closing-account-c6abd5fc-c863-4a79-8388-f9ef0debebda/006-6a409cd8-c3c5-4f15-a1d3-b1ebb366719f-downloadableSrc-9940ea5604f9.webp
c6abd5fc-c863-4a79-8388-f9ef0debebda,Closing account,28b2d970-a05d-4509-99dd-83d47dbc3a16,Revolut,aa23fa4c-2ecb-4027-b126-335f9fcd86b1,6,7,35b44a81-5e79-42a9-9aca-22f79773d90e,true,downloadableSrc,200,image/webp,42054,42054,8362029eaa7d3223df9611f797b7c283b053380e8ffb6262827faa8222d89f23,1179,2676,,,bytescale.mobbin.com,f7a1807c1ac98ccf0eecf5078d61346ac9a94ca37a547f5708d580528c9e55c0,/Users/user/mobbin-sides/screen-flows/revolut/145-revolut-closing-account-c6abd5fc-c863-4a79-8388-f9ef0debebda/007-35b44a81-5e79-42a9-9aca-22f79773d90e-downloadableSrc-8362029eaa7d.webp
c6abd5fc-c863-4a79-8388-f9ef0debebda,Closing account,28b2d970-a05d-4509-99dd-83d47dbc3a16,Revolut,aa23fa4c-2ecb-4027-b126-335f9fcd86b1,7,8,d1b4f8f8-cd08-4edd-9380-6d87b6ea7f7c,true,downloadableSrc,200,image/webp,32382,32382,3b1cd9a5e8efff9365d975706c13c3bac7b60e34d285859ec1b27a2f23ae42a9,1179,2676,,,bytescale.mobbin.com,f7a1807c1ac98ccf0eecf5078d61346ac9a94ca37a547f5708d580528c9e55c0,/Users/user/mobbin-sides/screen-flows/revolut/145-revolut-closing-account-c6abd5fc-c863-4a79-8388-f9ef0debebda/008-d1b4f8f8-cd08-4edd-9380-6d87b6ea7f7c-downloadableSrc-3b1cd9a5e8ef.webp
c6abd5fc-c863-4a79-8388-f9ef0debebda,Closing account,28b2d970-a05d-4509-99dd-83d47dbc3a16,Revolut,aa23fa4c-2ecb-4027-b126-335f9fcd86b1,8,9,8a6dc10c-4efc-470c-afc3-1714a0bcf3d4,true,downloadableSrc,200,image/webp,59510,59510,c6e906c6e037a58672422a61b4fa9487bb7dbf588ab4384b96ccc9a8ed2ef735,1179,2676,,,bytescale.mobbin.com,f7a1807c1ac98ccf0eecf5078d61346ac9a94ca37a547f5708d580528c9e55c0,/Users/user/mobbin-sides/screen-flows/revolut/145-revolut-closing-account-c6abd5fc-c863-4a79-8388-f9ef0debebda/009-8a6dc10c-4efc-470c-afc3-1714a0bcf3d4-downloadableSrc-c6e906c6e037.webp
c6abd5fc-c863-4a79-8388-f9ef0debebda,Closing account,28b2d970-a05d-4509-99dd-83d47dbc3a16,Revolut,aa23fa4c-2ecb-4027-b126-335f9fcd86b1,9,10,3d6911a8-045a-495f-8ae5-09b8742282bd,true,downloadableSrc,200,image/webp,43940,43940,431dc6342eba82db220cce48afff4ea1a3abb4c6bdeb3e990cd7f4256f1379f1,1179,2676,,,bytescale.mobbin.com,f7a1807c1ac98ccf0eecf5078d61346ac9a94ca37a547f5708d580528c9e55c0,/Users/user/mobbin-sides/screen-flows/revolut/145-revolut-closing-account-c6abd5fc-c863-4a79-8388-f9ef0debebda/010-3d6911a8-045a-495f-8ae5-09b8742282bd-downloadableSrc-431dc6342eba.webp
c6abd5fc-c863-4a79-8388-f9ef0debebda,Closing account,28b2d970-a05d-4509-99dd-83d47dbc3a16,Revolut,aa23fa4c-2ecb-4027-b126-335f9fcd86b1,10,11,728e3b53-7050-4a14-8349-c4555bb0c3fa,true,downloadableSrc,200,image/webp,116292,116292,a9f7383156da2076c527ae79ee0bccf14234589b7a215c3e818bb8a94349c47a,1180,2676,,,bytescale.mobbin.com,f7a1807c1ac98ccf0eecf5078d61346ac9a94ca37a547f5708d580528c9e55c0,/Users/user/mobbin-sides/screen-flows/revolut/145-revolut-closing-account-c6abd5fc-c863-4a79-8388-f9ef0debebda/011-728e3b53-7050-4a14-8349-c4555bb0c3fa-downloadableSrc-a9f7383156da.webp
6863d215-9a91-4bc7-95ed-55ad09809656,Learn,28b2d970-a05d-4509-99dd-83d47dbc3a16,Revolut,aa23fa4c-2ecb-4027-b126-335f9fcd86b1,0,1,8b0c7aa9-1dd5-45e5-92c4-35dc1ffb5559,true,downloadableSrc,200,image/webp,52540,52540,eb27b157a68ff8c10c225db30785228c0129cad2a310585996cf98e10d758c80,1179,2676,,,bytescale.mobbin.com,f7a1807c1ac98ccf0eecf5078d61346ac9a94ca37a547f5708d580528c9e55c0,/Users/user/mobbin-sides/screen-flows/revolut/146-revolut-learn-6863d215-9a91-4bc7-95ed-55ad09809656/001-8b0c7aa9-1dd5-45e5-92c4-35dc1ffb5559-downloadableSrc-eb27b157a68f.webp
6863d215-9a91-4bc7-95ed-55ad09809656,Learn,28b2d970-a05d-4509-99dd-83d47dbc3a16,Revolut,aa23fa4c-2ecb-4027-b126-335f9fcd86b1,1,2,9ce6d074-c7f8-42ec-83fb-4dc20d1cb0e3,true,downloadableSrc,200,image/webp,105672,105672,0664e9962a798b3f6765e44f343aa9da3b50735d39202edc8904ad49f85bf73f,1179,2676,,,bytescale.mobbin.com,f7a1807c1ac98ccf0eecf5078d61346ac9a94ca37a547f5708d580528c9e55c0,/Users/user/mobbin-sides/screen-flows/revolut/146-revolut-learn-6863d215-9a91-4bc7-95ed-55ad09809656/002-9ce6d074-c7f8-42ec-83fb-4dc20d1cb0e3-downloadableSrc-0664e9962a79.webp
6863d215-9a91-4bc7-95ed-55ad09809656,Learn,28b2d970-a05d-4509-99dd-83d47dbc3a16,Revolut,aa23fa4c-2ecb-4027-b126-335f9fcd86b1,2,3,92faa5f2-d0d4-486e-98b1-644862392cfb,true,downloadableSrc,200,image/webp,116008,116008,47e2fa97b448e05e3b3441e543b23017d502805ba5c92d80bdf4d6b4a0900915,1179,2676,,,bytescale.mobbin.com,f7a1807c1ac98ccf0eecf5078d61346ac9a94ca37a547f5708d580528c9e55c0,/Users/user/mobbin-sides/screen-flows/revolut/146-revolut-learn-6863d215-9a91-4bc7-95ed-55ad09809656/003-92faa5f2-d0d4-486e-98b1-644862392cfb-downloadableSrc-47e2fa97b448.webp
b4372110-2c4b-49e1-a3ad-c9538af71399,Learning Ethena,28b2d970-a05d-4509-99dd-83d47dbc3a16,Revolut,aa23fa4c-2ecb-4027-b126-335f9fcd86b1,0,1,9ce6d074-c7f8-42ec-83fb-4dc20d1cb0e3,true,downloadableSrc,200,image/webp,105672,105672,0664e9962a798b3f6765e44f343aa9da3b50735d39202edc8904ad49f85bf73f,1179,2676,,,bytescale.mobbin.com,f7a1807c1ac98ccf0eecf5078d61346ac9a94ca37a547f5708d580528c9e55c0,/Users/user/mobbin-sides/screen-flows/revolut/147-revolut-learning-ethena-b4372110-2c4b-49e1-a3ad-c9538af71399/001-9ce6d074-c7f8-42ec-83fb-4dc20d1cb0e3-downloadableSrc-0664e9962a79.webp
b4372110-2c4b-49e1-a3ad-c9538af71399,Learning Ethena,28b2d970-a05d-4509-99dd-83d47dbc3a16,Revolut,aa23fa4c-2ecb-4027-b126-335f9fcd86b1,1,2,5a86a355-b9a4-49d4-9ab0-6b551882f15e,true,downloadableSrc,200,image/webp,49578,49578,67cdad49fbce2fbded8301bedab4ef07f1453897f6dbfb04d2506fa17890bcec,1179,2676,,,bytescale.mobbin.com,f7a1807c1ac98ccf0eecf5078d61346ac9a94ca37a547f5708d580528c9e55c0,/Users/user/mobbin-sides/screen-flows/revolut/147-revolut-learning-ethena-b4372110-2c4b-49e1-a3ad-c9538af71399/002-5a86a355-b9a4-49d4-9ab0-6b551882f15e-downloadableSrc-67cdad49fbce.webp
b4372110-2c4b-49e1-a3ad-c9538af71399,Learning Ethena,28b2d970-a05d-4509-99dd-83d47dbc3a16,Revolut,aa23fa4c-2ecb-4027-b126-335f9fcd86b1,2,3,3bcb2a1b-bfe8-4067-abb2-4d704796d2aa,true,downloadableSrc,200,image/webp,149760,149760,5641a12e905905a7ea5a58dfaab68eedea1f94ea30078412a37fa67a3d402e2c,1179,2676,,,bytescale.mobbin.com,f7a1807c1ac98ccf0eecf5078d61346ac9a94ca37a547f5708d580528c9e55c0,/Users/user/mobbin-sides/screen-flows/revolut/147-revolut-learning-ethena-b4372110-2c4b-49e1-a3ad-c9538af71399/003-3bcb2a1b-bfe8-4067-abb2-4d704796d2aa-downloadableSrc-5641a12e9059.webp
b4372110-2c4b-49e1-a3ad-c9538af71399,Learning Ethena,28b2d970-a05d-4509-99dd-83d47dbc3a16,Revolut,aa23fa4c-2ecb-4027-b126-335f9fcd86b1,3,4,516a9d55-f737-4bde-96e9-74db89ce4598,true,downloadableSrc,200,image/webp,129638,129638,6ef5d42477aabcc739240538a4ba17b14b9cee6ddc145cd9b554c7de553de4ba,1179,2676,,,bytescale.mobbin.com,f7a1807c1ac98ccf0eecf5078d61346ac9a94ca37a547f5708d580528c9e55c0,/Users/user/mobbin-sides/screen-flows/revolut/147-revolut-learning-ethena-b4372110-2c4b-49e1-a3ad-c9538af71399/004-516a9d55-f737-4bde-96e9-74db89ce4598-downloadableSrc-6ef5d42477aa.webp
b4372110-2c4b-49e1-a3ad-c9538af71399,Learning Ethena,28b2d970-a05d-4509-99dd-83d47dbc3a16,Revolut,aa23fa4c-2ecb-4027-b126-335f9fcd86b1,4,5,fa037953-3029-4123-b29a-3850616ae7fe,true,downloadableSrc,200,image/webp,70468,70468,7541e731447b7178a8073c665bdb288edec7de6388e7129fec9f3743369b538f,1179,2676,,,bytescale.mobbin.com,f7a1807c1ac98ccf0eecf5078d61346ac9a94ca37a547f5708d580528c9e55c0,/Users/user/mobbin-sides/screen-flows/revolut/147-revolut-learning-ethena-b4372110-2c4b-49e1-a3ad-c9538af71399/005-fa037953-3029-4123-b29a-3850616ae7fe-downloadableSrc-7541e731447b.webp
b4372110-2c4b-49e1-a3ad-c9538af71399,Learning Ethena,28b2d970-a05d-4509-99dd-83d47dbc3a16,Revolut,aa23fa4c-2ecb-4027-b126-335f9fcd86b1,5,6,a0f4af54-207c-4a99-9c2d-dedd4d3e04b3,true,downloadableSrc,200,image/webp,131638,131638,a0f0cb4aa31774b50d8393d80e46efe29b2a17491bf36922e5cc097e0ab8342f,1179,2676,,,bytescale.mobbin.com,f7a1807c1ac98ccf0eecf5078d61346ac9a94ca37a547f5708d580528c9e55c0,/Users/user/mobbin-sides/screen-flows/revolut/147-revolut-learning-ethena-b4372110-2c4b-49e1-a3ad-c9538af71399/006-a0f4af54-207c-4a99-9c2d-dedd4d3e04b3-downloadableSrc-a0f0cb4aa317.webp
b4372110-2c4b-49e1-a3ad-c9538af71399,Learning Ethena,28b2d970-a05d-4509-99dd-83d47dbc3a16,Revolut,aa23fa4c-2ecb-4027-b126-335f9fcd86b1,6,7,9eae031d-c50f-4b76-b5ff-864693f0ec52,true,downloadableSrc,200,image/webp,30514,30514,0ea0f78ea0c8e7942d7710fcfc99a1f3b40892dea47fe0b71b44be925bcdb4c2,1179,2676,,,bytescale.mobbin.com,f7a1807c1ac98ccf0eecf5078d61346ac9a94ca37a547f5708d580528c9e55c0,/Users/user/mobbin-sides/screen-flows/revolut/147-revolut-learning-ethena-b4372110-2c4b-49e1-a3ad-c9538af71399/007-9eae031d-c50f-4b76-b5ff-864693f0ec52-downloadableSrc-0ea0f78ea0c8.webp
b4372110-2c4b-49e1-a3ad-c9538af71399,Learning Ethena,28b2d970-a05d-4509-99dd-83d47dbc3a16,Revolut,aa23fa4c-2ecb-4027-b126-335f9fcd86b1,7,8,1f2d02b0-2dbd-40c1-a540-8e96164817ef,true,downloadableSrc,200,image/webp,55910,55910,d2c396cc4fe6664e264e8dea747b01fd07def6708dbfeea0acbecab1e3dc1d95,1179,2676,,,bytescale.mobbin.com,f7a1807c1ac98ccf0eecf5078d61346ac9a94ca37a547f5708d580528c9e55c0,/Users/user/mobbin-sides/screen-flows/revolut/147-revolut-learning-ethena-b4372110-2c4b-49e1-a3ad-c9538af71399/008-1f2d02b0-2dbd-40c1-a540-8e96164817ef-downloadableSrc-d2c396cc4fe6.webp
b4372110-2c4b-49e1-a3ad-c9538af71399,Learning Ethena,28b2d970-a05d-4509-99dd-83d47dbc3a16,Revolut,aa23fa4c-2ecb-4027-b126-335f9fcd86b1,8,9,ef3b1d91-f696-4a24-8ff3-828b5d1c8a56,true,downloadableSrc,200,image/webp,54966,54966,6c00205766c6f7f655087cc12f94eca8ea2301afb3bf037d6142e1a8d562f813,1179,2676,,,bytescale.mobbin.com,f7a1807c1ac98ccf0eecf5078d61346ac9a94ca37a547f5708d580528c9e55c0,/Users/user/mobbin-sides/screen-flows/revolut/147-revolut-learning-ethena-b4372110-2c4b-49e1-a3ad-c9538af71399/009-ef3b1d91-f696-4a24-8ff3-828b5d1c8a56-downloadableSrc-6c00205766c6.webp
b4372110-2c4b-49e1-a3ad-c9538af71399,Learning Ethena,28b2d970-a05d-4509-99dd-83d47dbc3a16,Revolut,aa23fa4c-2ecb-4027-b126-335f9fcd86b1,9,10,c153ce1c-db7e-4c49-aa7d-ecc625dcd962,true,downloadableSrc,200,image/webp,46352,46352,d457099a72ebfef5bbda1c6e5f76f9a739438553ce4c49af07e0fb2358604bd7,1179,2676,,,bytescale.mobbin.com,f7a1807c1ac98ccf0eecf5078d61346ac9a94ca37a547f5708d580528c9e55c0,/Users/user/mobbin-sides/screen-flows/revolut/147-revolut-learning-ethena-b4372110-2c4b-49e1-a3ad-c9538af71399/010-c153ce1c-db7e-4c49-aa7d-ecc625dcd962-downloadableSrc-d457099a72eb.webp
b4372110-2c4b-49e1-a3ad-c9538af71399,Learning Ethena,28b2d970-a05d-4509-99dd-83d47dbc3a16,Revolut,aa23fa4c-2ecb-4027-b126-335f9fcd86b1,10,11,18586ab2-c3a9-4c26-8e3c-ee814036ae0b,true,downloadableSrc,200,image/webp,63824,63824,0a8d191dbb266281caa65af57389ed349b8c10db4101a3fb9ada68e2e26a2f1d,1179,2676,,,bytescale.mobbin.com,f7a1807c1ac98ccf0eecf5078d61346ac9a94ca37a547f5708d580528c9e55c0,/Users/user/mobbin-sides/screen-flows/revolut/147-revolut-learning-ethena-b4372110-2c4b-49e1-a3ad-c9538af71399/011-18586ab2-c3a9-4c26-8e3c-ee814036ae0b-downloadableSrc-0a8d191dbb26.webp
b4372110-2c4b-49e1-a3ad-c9538af71399,Learning Ethena,28b2d970-a05d-4509-99dd-83d47dbc3a16,Revolut,aa23fa4c-2ecb-4027-b126-335f9fcd86b1,11,12,c200c016-4bbd-4bd3-9920-65e354ee71ea,true,downloadableSrc,200,image/webp,58498,58498,6a609f76c00341c1175046e98809eefb0708797da2902f97754cd9451e726960,1179,2676,,,bytescale.mobbin.com,f7a1807c1ac98ccf0eecf5078d61346ac9a94ca37a547f5708d580528c9e55c0,/Users/user/mobbin-sides/screen-flows/revolut/147-revolut-learning-ethena-b4372110-2c4b-49e1-a3ad-c9538af71399/012-c200c016-4bbd-4bd3-9920-65e354ee71ea-downloadableSrc-6a609f76c003.webp
766e1b10-22ad-4be0-aab3-051ddf7904d9,Completing a guide,28b2d970-a05d-4509-99dd-83d47dbc3a16,Revolut,aa23fa4c-2ecb-4027-b126-335f9fcd86b1,0,1,92faa5f2-d0d4-486e-98b1-644862392cfb,true,downloadableSrc,200,image/webp,116008,116008,47e2fa97b448e05e3b3441e543b23017d502805ba5c92d80bdf4d6b4a0900915,1179,2676,,,bytescale.mobbin.com,f7a1807c1ac98ccf0eecf5078d61346ac9a94ca37a547f5708d580528c9e55c0,/Users/user/mobbin-sides/screen-flows/revolut/148-revolut-completing-a-guide-766e1b10-22ad-4be0-aab3-051ddf7904d9/001-92faa5f2-d0d4-486e-98b1-644862392cfb-downloadableSrc-47e2fa97b448.webp
766e1b10-22ad-4be0-aab3-051ddf7904d9,Completing a guide,28b2d970-a05d-4509-99dd-83d47dbc3a16,Revolut,aa23fa4c-2ecb-4027-b126-335f9fcd86b1,1,2,68f7cce6-46cc-4c2c-8f2b-51c62ed73cf3,true,downloadableSrc,200,image/webp,113006,113006,34535dc30204b4901e570bf26a8571b264a51ffb6f398995740c6dc6ea92f5c1,1179,2676,,,bytescale.mobbin.com,f7a1807c1ac98ccf0eecf5078d61346ac9a94ca37a547f5708d580528c9e55c0,/Users/user/mobbin-sides/screen-flows/revolut/148-revolut-completing-a-guide-766e1b10-22ad-4be0-aab3-051ddf7904d9/002-68f7cce6-46cc-4c2c-8f2b-51c62ed73cf3-downloadableSrc-34535dc30204.webp
766e1b10-22ad-4be0-aab3-051ddf7904d9,Completing a guide,28b2d970-a05d-4509-99dd-83d47dbc3a16,Revolut,aa23fa4c-2ecb-4027-b126-335f9fcd86b1,2,3,47ef61a1-0c86-40a0-9dff-7d41a5eac4d5,true,downloadableSrc,200,image/webp,34508,34508,73cb93232751b85e4c3b50dd7f2b2a686076eec1afc603fc639cd8301cebbfa3,1179,2676,,,bytescale.mobbin.com,f7a1807c1ac98ccf0eecf5078d61346ac9a94ca37a547f5708d580528c9e55c0,/Users/user/mobbin-sides/screen-flows/revolut/148-revolut-completing-a-guide-766e1b10-22ad-4be0-aab3-051ddf7904d9/003-47ef61a1-0c86-40a0-9dff-7d41a5eac4d5-downloadableSrc-73cb93232751.webp
766e1b10-22ad-4be0-aab3-051ddf7904d9,Completing a guide,28b2d970-a05d-4509-99dd-83d47dbc3a16,Revolut,aa23fa4c-2ecb-4027-b126-335f9fcd86b1,3,4,c415517e-5b8d-47ad-bae0-6f4a12a583c5,true,downloadableSrc,200,image/webp,114248,114248,65d05ec51ede9122c7629ef55e22a18c74415e90352f5427dba29ae5118fbce7,1179,2676,,,bytescale.mobbin.com,f7a1807c1ac98ccf0eecf5078d61346ac9a94ca37a547f5708d580528c9e55c0,/Users/user/mobbin-sides/screen-flows/revolut/148-revolut-completing-a-guide-766e1b10-22ad-4be0-aab3-051ddf7904d9/004-c415517e-5b8d-47ad-bae0-6f4a12a583c5-downloadableSrc-65d05ec51ede.webp
e1b99eca-37e8-4edb-a331-115388095d91,Glossary,28b2d970-a05d-4509-99dd-83d47dbc3a16,Revolut,aa23fa4c-2ecb-4027-b126-335f9fcd86b1,0,1,9ce6d074-c7f8-42ec-83fb-4dc20d1cb0e3,true,downloadableSrc,200,image/webp,105672,105672,0664e9962a798b3f6765e44f343aa9da3b50735d39202edc8904ad49f85bf73f,1179,2676,,,bytescale.mobbin.com,f7a1807c1ac98ccf0eecf5078d61346ac9a94ca37a547f5708d580528c9e55c0,/Users/user/mobbin-sides/screen-flows/revolut/149-revolut-glossary-e1b99eca-37e8-4edb-a331-115388095d91/001-9ce6d074-c7f8-42ec-83fb-4dc20d1cb0e3-downloadableSrc-0664e9962a79.webp
e1b99eca-37e8-4edb-a331-115388095d91,Glossary,28b2d970-a05d-4509-99dd-83d47dbc3a16,Revolut,aa23fa4c-2ecb-4027-b126-335f9fcd86b1,1,2,0344a79c-4299-4f9e-9240-aad657480a4c,true,downloadableSrc,200,image/webp,135942,135942,955415d880a15f4d89bf4c159a5d8d91985ac71536db920f9662137175b06fb6,1179,2676,,,bytescale.mobbin.com,f7a1807c1ac98ccf0eecf5078d61346ac9a94ca37a547f5708d580528c9e55c0,/Users/user/mobbin-sides/screen-flows/revolut/149-revolut-glossary-e1b99eca-37e8-4edb-a331-115388095d91/002-0344a79c-4299-4f9e-9240-aad657480a4c-downloadableSrc-955415d880a1.webp
22346408-934f-459a-ba0d-fd873fa10cae,Rewards,28b2d970-a05d-4509-99dd-83d47dbc3a16,Revolut,aa23fa4c-2ecb-4027-b126-335f9fcd86b1,0,1,9ce6d074-c7f8-42ec-83fb-4dc20d1cb0e3,true,downloadableSrc,200,image/webp,105672,105672,0664e9962a798b3f6765e44f343aa9da3b50735d39202edc8904ad49f85bf73f,1179,2676,,,bytescale.mobbin.com,f7a1807c1ac98ccf0eecf5078d61346ac9a94ca37a547f5708d580528c9e55c0,/Users/user/mobbin-sides/screen-flows/revolut/150-revolut-rewards-22346408-934f-459a-ba0d-fd873fa10cae/001-9ce6d074-c7f8-42ec-83fb-4dc20d1cb0e3-downloadableSrc-0664e9962a79.webp
22346408-934f-459a-ba0d-fd873fa10cae,Rewards,28b2d970-a05d-4509-99dd-83d47dbc3a16,Revolut,aa23fa4c-2ecb-4027-b126-335f9fcd86b1,1,2,06ecc725-ee43-422a-a63d-32af73eb5959,true,downloadableSrc,200,image/webp,29682,29682,bcf86cd941dc5afceb30f6f2470f20f7bf12dee190efa34c8c284da55df770f3,1179,2676,,,bytescale.mobbin.com,f7a1807c1ac98ccf0eecf5078d61346ac9a94ca37a547f5708d580528c9e55c0,/Users/user/mobbin-sides/screen-flows/revolut/150-revolut-rewards-22346408-934f-459a-ba0d-fd873fa10cae/002-06ecc725-ee43-422a-a63d-32af73eb5959-downloadableSrc-bcf86cd941dc.webp
dd38844d-2e73-4de9-83dd-ae819d118deb,Inbox,28b2d970-a05d-4509-99dd-83d47dbc3a16,Revolut,aa23fa4c-2ecb-4027-b126-335f9fcd86b1,0,1,ff9a098a-d3c2-4a8f-bd86-8714c55af083,true,downloadableSrc,200,image/webp,50606,50606,615760cb7479e17a831fefc2c9f9e1e426abed9fbc7bb23418d745fc89b3fdd4,1179,2676,,,bytescale.mobbin.com,f7a1807c1ac98ccf0eecf5078d61346ac9a94ca37a547f5708d580528c9e55c0,/Users/user/mobbin-sides/screen-flows/revolut/151-revolut-inbox-dd38844d-2e73-4de9-83dd-ae819d118deb/001-ff9a098a-d3c2-4a8f-bd86-8714c55af083-downloadableSrc-615760cb7479.webp
dd38844d-2e73-4de9-83dd-ae819d118deb,Inbox,28b2d970-a05d-4509-99dd-83d47dbc3a16,Revolut,aa23fa4c-2ecb-4027-b126-335f9fcd86b1,1,2,d25a8668-d08c-4c27-936a-d48232b9452c,true,downloadableSrc,200,image/webp,77400,77400,c4f52263868f3e8cfad4bbd618fee7fdf4aca490722df0136836d6d940734133,1179,2676,,,bytescale.mobbin.com,f7a1807c1ac98ccf0eecf5078d61346ac9a94ca37a547f5708d580528c9e55c0,/Users/user/mobbin-sides/screen-flows/revolut/151-revolut-inbox-dd38844d-2e73-4de9-83dd-ae819d118deb/002-d25a8668-d08c-4c27-936a-d48232b9452c-downloadableSrc-c4f52263868f.webp
5d6b47d6-e827-409d-97a7-5607ce0f5502,Giving feedback,28b2d970-a05d-4509-99dd-83d47dbc3a16,Revolut,aa23fa4c-2ecb-4027-b126-335f9fcd86b1,0,1,d25a8668-d08c-4c27-936a-d48232b9452c,true,downloadableSrc,200,image/webp,77400,77400,c4f52263868f3e8cfad4bbd618fee7fdf4aca490722df0136836d6d940734133,1179,2676,,,bytescale.mobbin.com,f7a1807c1ac98ccf0eecf5078d61346ac9a94ca37a547f5708d580528c9e55c0,/Users/user/mobbin-sides/screen-flows/revolut/152-revolut-giving-feedback-5d6b47d6-e827-409d-97a7-5607ce0f5502/001-d25a8668-d08c-4c27-936a-d48232b9452c-downloadableSrc-c4f52263868f.webp
5d6b47d6-e827-409d-97a7-5607ce0f5502,Giving feedback,28b2d970-a05d-4509-99dd-83d47dbc3a16,Revolut,aa23fa4c-2ecb-4027-b126-335f9fcd86b1,1,2,4f7a6ee0-e276-4d3c-ba95-2c121b942f94,true,downloadableSrc,200,image/webp,84384,84384,c99749fbae375b3ab774f9638d2fd0eb42df7a1428479564fb99aacc4da44d7e,1179,2676,,,bytescale.mobbin.com,f7a1807c1ac98ccf0eecf5078d61346ac9a94ca37a547f5708d580528c9e55c0,/Users/user/mobbin-sides/screen-flows/revolut/152-revolut-giving-feedback-5d6b47d6-e827-409d-97a7-5607ce0f5502/002-4f7a6ee0-e276-4d3c-ba95-2c121b942f94-downloadableSrc-c99749fbae37.webp
5d6b47d6-e827-409d-97a7-5607ce0f5502,Giving feedback,28b2d970-a05d-4509-99dd-83d47dbc3a16,Revolut,aa23fa4c-2ecb-4027-b126-335f9fcd86b1,2,3,e354e646-55eb-4339-a7a6-2c36e0278902,true,downloadableSrc,200,image/webp,35582,35582,f85a02e2909c6a55bf3459c7da6ba269fcfaf310e3aee78cc6b61161425f3bc1,1179,2676,,,bytescale.mobbin.com,f7a1807c1ac98ccf0eecf5078d61346ac9a94ca37a547f5708d580528c9e55c0,/Users/user/mobbin-sides/screen-flows/revolut/152-revolut-giving-feedback-5d6b47d6-e827-409d-97a7-5607ce0f5502/003-e354e646-55eb-4339-a7a6-2c36e0278902-downloadableSrc-f85a02e2909c.webp
5d6b47d6-e827-409d-97a7-5607ce0f5502,Giving feedback,28b2d970-a05d-4509-99dd-83d47dbc3a16,Revolut,aa23fa4c-2ecb-4027-b126-335f9fcd86b1,3,4,ced7e5df-7bed-4d40-ab75-7ee887fb4f72,true,downloadableSrc,200,image/webp,38988,38988,f5ab7a6e8dac32692297a48f1ebe684154eb221137a5f317819ce22065795a58,1179,2676,,,bytescale.mobbin.com,f7a1807c1ac98ccf0eecf5078d61346ac9a94ca37a547f5708d580528c9e55c0,/Users/user/mobbin-sides/screen-flows/revolut/152-revolut-giving-feedback-5d6b47d6-e827-409d-97a7-5607ce0f5502/004-ced7e5df-7bed-4d40-ab75-7ee887fb4f72-downloadableSrc-f5ab7a6e8dac.webp
5d6b47d6-e827-409d-97a7-5607ce0f5502,Giving feedback,28b2d970-a05d-4509-99dd-83d47dbc3a16,Revolut,aa23fa4c-2ecb-4027-b126-335f9fcd86b1,4,5,05b0921b-e923-4a44-a3d8-16dd16542aa4,true,downloadableSrc,200,image/webp,31414,31414,ad27a26df2a6f725219b8f376648cd81355fbb2f1c1dfe6e8546a090185bb6c8,1179,2676,,,bytescale.mobbin.com,f7a1807c1ac98ccf0eecf5078d61346ac9a94ca37a547f5708d580528c9e55c0,/Users/user/mobbin-sides/screen-flows/revolut/152-revolut-giving-feedback-5d6b47d6-e827-409d-97a7-5607ce0f5502/005-05b0921b-e923-4a44-a3d8-16dd16542aa4-downloadableSrc-ad27a26df2a6.webp
17962d41-8e51-4734-8ce8-5a61f6365c04,Appearance,28b2d970-a05d-4509-99dd-83d47dbc3a16,Revolut,aa23fa4c-2ecb-4027-b126-335f9fcd86b1,0,1,ff9a098a-d3c2-4a8f-bd86-8714c55af083,true,downloadableSrc,200,image/webp,50606,50606,615760cb7479e17a831fefc2c9f9e1e426abed9fbc7bb23418d745fc89b3fdd4,1179,2676,,,bytescale.mobbin.com,f7a1807c1ac98ccf0eecf5078d61346ac9a94ca37a547f5708d580528c9e55c0,/Users/user/mobbin-sides/screen-flows/revolut/153-revolut-appearance-17962d41-8e51-4734-8ce8-5a61f6365c04/001-ff9a098a-d3c2-4a8f-bd86-8714c55af083-downloadableSrc-615760cb7479.webp
17962d41-8e51-4734-8ce8-5a61f6365c04,Appearance,28b2d970-a05d-4509-99dd-83d47dbc3a16,Revolut,aa23fa4c-2ecb-4027-b126-335f9fcd86b1,1,2,a1ad0765-957d-4cb0-a1a0-4d91a1949a82,true,downloadableSrc,200,image/webp,30210,30210,b8d510d1ae5f906b8038ac4edb13ab2bee888245e5660f249d8835ab0da13a87,1179,2676,,,bytescale.mobbin.com,f7a1807c1ac98ccf0eecf5078d61346ac9a94ca37a547f5708d580528c9e55c0,/Users/user/mobbin-sides/screen-flows/revolut/153-revolut-appearance-17962d41-8e51-4734-8ce8-5a61f6365c04/002-a1ad0765-957d-4cb0-a1a0-4d91a1949a82-downloadableSrc-b8d510d1ae5f.webp
c72a934b-d8d6-48e3-9745-432bf72f7f84,Changing app icon,28b2d970-a05d-4509-99dd-83d47dbc3a16,Revolut,aa23fa4c-2ecb-4027-b126-335f9fcd86b1,0,1,a1ad0765-957d-4cb0-a1a0-4d91a1949a82,true,downloadableSrc,200,image/webp,30210,30210,b8d510d1ae5f906b8038ac4edb13ab2bee888245e5660f249d8835ab0da13a87,1179,2676,,,bytescale.mobbin.com,f7a1807c1ac98ccf0eecf5078d61346ac9a94ca37a547f5708d580528c9e55c0,/Users/user/mobbin-sides/screen-flows/revolut/154-revolut-changing-app-icon-c72a934b-d8d6-48e3-9745-432bf72f7f84/001-a1ad0765-957d-4cb0-a1a0-4d91a1949a82-downloadableSrc-b8d510d1ae5f.webp
c72a934b-d8d6-48e3-9745-432bf72f7f84,Changing app icon,28b2d970-a05d-4509-99dd-83d47dbc3a16,Revolut,aa23fa4c-2ecb-4027-b126-335f9fcd86b1,1,2,add55a68-33e4-4fa4-b5ed-ba25a49b4053,true,downloadableSrc,200,image/webp,36848,36848,e80adaf9af07914fbe292db5fc99aefcab510bde3b5800cfe94f1f9f0852b8d4,1179,2676,,,bytescale.mobbin.com,f7a1807c1ac98ccf0eecf5078d61346ac9a94ca37a547f5708d580528c9e55c0,/Users/user/mobbin-sides/screen-flows/revolut/154-revolut-changing-app-icon-c72a934b-d8d6-48e3-9745-432bf72f7f84/002-add55a68-33e4-4fa4-b5ed-ba25a49b4053-downloadableSrc-e80adaf9af07.webp
c72a934b-d8d6-48e3-9745-432bf72f7f84,Changing app icon,28b2d970-a05d-4509-99dd-83d47dbc3a16,Revolut,aa23fa4c-2ecb-4027-b126-335f9fcd86b1,2,3,f7e10008-ef3a-4909-8072-05337fff3916,true,downloadableSrc,200,image/webp,33316,33316,e25cafb99d0f9cf0b9dafe6a592d34d367550769816285fa3ec765765892b7d1,1179,2676,,,bytescale.mobbin.com,f7a1807c1ac98ccf0eecf5078d61346ac9a94ca37a547f5708d580528c9e55c0,/Users/user/mobbin-sides/screen-flows/revolut/154-revolut-changing-app-icon-c72a934b-d8d6-48e3-9745-432bf72f7f84/003-f7e10008-ef3a-4909-8072-05337fff3916-downloadableSrc-e25cafb99d0f.webp
e99aba46-0349-4625-ba10-11bc16208354,Switching to light mode,28b2d970-a05d-4509-99dd-83d47dbc3a16,Revolut,aa23fa4c-2ecb-4027-b126-335f9fcd86b1,0,1,a1ad0765-957d-4cb0-a1a0-4d91a1949a82,true,downloadableSrc,200,image/webp,30210,30210,b8d510d1ae5f906b8038ac4edb13ab2bee888245e5660f249d8835ab0da13a87,1179,2676,,,bytescale.mobbin.com,f7a1807c1ac98ccf0eecf5078d61346ac9a94ca37a547f5708d580528c9e55c0,/Users/user/mobbin-sides/screen-flows/revolut/155-revolut-switching-to-light-mode-e99aba46-0349-4625-ba10-11bc16208354/001-a1ad0765-957d-4cb0-a1a0-4d91a1949a82-downloadableSrc-b8d510d1ae5f.webp
e99aba46-0349-4625-ba10-11bc16208354,Switching to light mode,28b2d970-a05d-4509-99dd-83d47dbc3a16,Revolut,aa23fa4c-2ecb-4027-b126-335f9fcd86b1,1,2,855f50f0-e1b3-4af3-9ce6-08f9dc3f2bd2,true,downloadableSrc,200,image/webp,36746,36746,c885dead7141dc2d8cb99def9a0a672b9f6e10f6d7083e3b40c9277d63877f42,1179,2676,,,bytescale.mobbin.com,f7a1807c1ac98ccf0eecf5078d61346ac9a94ca37a547f5708d580528c9e55c0,/Users/user/mobbin-sides/screen-flows/revolut/155-revolut-switching-to-light-mode-e99aba46-0349-4625-ba10-11bc16208354/002-855f50f0-e1b3-4af3-9ce6-08f9dc3f2bd2-downloadableSrc-c885dead7141.webp
e99aba46-0349-4625-ba10-11bc16208354,Switching to light mode,28b2d970-a05d-4509-99dd-83d47dbc3a16,Revolut,aa23fa4c-2ecb-4027-b126-335f9fcd86b1,2,3,42721f39-c8fa-41b8-996e-83f3dff6ee88,true,downloadableSrc,200,image/webp,35734,35734,b1b9800ef07aef03dc298a03236ca5fdc6c5494874f5edcc70f3f6cfbe23c505,1179,2676,,,bytescale.mobbin.com,f7a1807c1ac98ccf0eecf5078d61346ac9a94ca37a547f5708d580528c9e55c0,/Users/user/mobbin-sides/screen-flows/revolut/155-revolut-switching-to-light-mode-e99aba46-0349-4625-ba10-11bc16208354/003-42721f39-c8fa-41b8-996e-83f3dff6ee88-downloadableSrc-b1b9800ef07a.webp
e99aba46-0349-4625-ba10-11bc16208354,Switching to light mode,28b2d970-a05d-4509-99dd-83d47dbc3a16,Revolut,aa23fa4c-2ecb-4027-b126-335f9fcd86b1,3,4,cc0e8125-ffce-4754-b129-23221027228e,true,downloadableSrc,200,image/webp,36054,36054,3a1af193641c6e4ff480b7ef6d5ce15debd426a7310cdec352a4bcc97c928936,1179,2676,,,bytescale.mobbin.com,f7a1807c1ac98ccf0eecf5078d61346ac9a94ca37a547f5708d580528c9e55c0,/Users/user/mobbin-sides/screen-flows/revolut/155-revolut-switching-to-light-mode-e99aba46-0349-4625-ba10-11bc16208354/004-cc0e8125-ffce-4754-b129-23221027228e-downloadableSrc-3a1af193641c.webp
e99aba46-0349-4625-ba10-11bc16208354,Switching to light mode,28b2d970-a05d-4509-99dd-83d47dbc3a16,Revolut,aa23fa4c-2ecb-4027-b126-335f9fcd86b1,4,5,5be4e584-20cf-45a5-aade-d505997121b7,true,downloadableSrc,200,image/webp,82196,82196,805b4e9a6b4b8a01a6dcdfdea82f7d2e97b257ae08c738ddb96c80d06fd604e7,1179,2676,,,bytescale.mobbin.com,f7a1807c1ac98ccf0eecf5078d61346ac9a94ca37a547f5708d580528c9e55c0,/Users/user/mobbin-sides/screen-flows/revolut/155-revolut-switching-to-light-mode-e99aba46-0349-4625-ba10-11bc16208354/005-5be4e584-20cf-45a5-aade-d505997121b7-downloadableSrc-805b4e9a6b4b.webp
e99aba46-0349-4625-ba10-11bc16208354,Switching to light mode,28b2d970-a05d-4509-99dd-83d47dbc3a16,Revolut,aa23fa4c-2ecb-4027-b126-335f9fcd86b1,5,6,fc89f975-5bd6-4bea-a648-8143caacdc24,true,downloadableSrc,200,image/webp,49178,49178,1b698d1e13b600ab16e9adc172671b14eab5cea4eff1c247f0ffe688c45e3157,1179,2676,,,bytescale.mobbin.com,f7a1807c1ac98ccf0eecf5078d61346ac9a94ca37a547f5708d580528c9e55c0,/Users/user/mobbin-sides/screen-flows/revolut/155-revolut-switching-to-light-mode-e99aba46-0349-4625-ba10-11bc16208354/006-fc89f975-5bd6-4bea-a648-8143caacdc24-downloadableSrc-1b698d1e13b6.webp
e99aba46-0349-4625-ba10-11bc16208354,Switching to light mode,28b2d970-a05d-4509-99dd-83d47dbc3a16,Revolut,aa23fa4c-2ecb-4027-b126-335f9fcd86b1,6,7,69913e7a-7c90-4051-9fe1-84f2f55920d9,true,downloadableSrc,200,image/webp,55546,55546,49ba20a2d0b175223244fe12b6ff8540561bce3b0a4660fc4a10dbf7eae67790,1179,2676,,,bytescale.mobbin.com,f7a1807c1ac98ccf0eecf5078d61346ac9a94ca37a547f5708d580528c9e55c0,/Users/user/mobbin-sides/screen-flows/revolut/155-revolut-switching-to-light-mode-e99aba46-0349-4625-ba10-11bc16208354/007-69913e7a-7c90-4051-9fe1-84f2f55920d9-downloadableSrc-49ba20a2d0b1.webp
efae2288-23ec-41b3-a13e-2d00057e68ac,Logging out,28b2d970-a05d-4509-99dd-83d47dbc3a16,Revolut,aa23fa4c-2ecb-4027-b126-335f9fcd86b1,0,1,ff9a098a-d3c2-4a8f-bd86-8714c55af083,true,downloadableSrc,200,image/webp,50606,50606,615760cb7479e17a831fefc2c9f9e1e426abed9fbc7bb23418d745fc89b3fdd4,1179,2676,,,bytescale.mobbin.com,f7a1807c1ac98ccf0eecf5078d61346ac9a94ca37a547f5708d580528c9e55c0,/Users/user/mobbin-sides/screen-flows/revolut/156-revolut-logging-out-efae2288-23ec-41b3-a13e-2d00057e68ac/001-ff9a098a-d3c2-4a8f-bd86-8714c55af083-downloadableSrc-615760cb7479.webp
efae2288-23ec-41b3-a13e-2d00057e68ac,Logging out,28b2d970-a05d-4509-99dd-83d47dbc3a16,Revolut,aa23fa4c-2ecb-4027-b126-335f9fcd86b1,1,2,7cafcbcd-6e8b-448d-a295-c30f709c42fd,true,downloadableSrc,200,image/webp,34226,34226,dc50d97d1bd78a5b8db2296968bc79581d234bf235dca2ad61c527bafc7d2f57,1179,2676,,,bytescale.mobbin.com,f7a1807c1ac98ccf0eecf5078d61346ac9a94ca37a547f5708d580528c9e55c0,/Users/user/mobbin-sides/screen-flows/revolut/156-revolut-logging-out-efae2288-23ec-41b3-a13e-2d00057e68ac/002-7cafcbcd-6e8b-448d-a295-c30f709c42fd-downloadableSrc-dc50d97d1bd7.webp
efae2288-23ec-41b3-a13e-2d00057e68ac,Logging out,28b2d970-a05d-4509-99dd-83d47dbc3a16,Revolut,aa23fa4c-2ecb-4027-b126-335f9fcd86b1,2,3,798c445a-4860-461d-9f8b-df259f84e966,true,downloadableSrc,200,image/webp,17356,17356,342df6bbb9fd7e8055b235d8aba28c1bd1281fa48ce44a706098a44ac9656fa8,1179,2676,,,bytescale.mobbin.com,f7a1807c1ac98ccf0eecf5078d61346ac9a94ca37a547f5708d580528c9e55c0,/Users/user/mobbin-sides/screen-flows/revolut/156-revolut-logging-out-efae2288-23ec-41b3-a13e-2d00057e68ac/003-798c445a-4860-461d-9f8b-df259f84e966-downloadableSrc-342df6bbb9fd.webp
efae2288-23ec-41b3-a13e-2d00057e68ac,Logging out,28b2d970-a05d-4509-99dd-83d47dbc3a16,Revolut,aa23fa4c-2ecb-4027-b126-335f9fcd86b1,3,4,3d6e1fc6-f323-4173-85e6-7d80901a4758,true,downloadableSrc,200,image/webp,50632,50632,435cdcf93e941b56ac67bb2ee9c5bd16f5a360fcbb22984a5a64717e8a50d5f8,1179,2676,,,bytescale.mobbin.com,f7a1807c1ac98ccf0eecf5078d61346ac9a94ca37a547f5708d580528c9e55c0,/Users/user/mobbin-sides/screen-flows/revolut/156-revolut-logging-out-efae2288-23ec-41b3-a13e-2d00057e68ac/004-3d6e1fc6-f323-4173-85e6-7d80901a4758-downloadableSrc-435cdcf93e94.webp
b3c2b6da-8cb9-4312-8112-12bb74cb7ce8,Logging in,28b2d970-a05d-4509-99dd-83d47dbc3a16,Revolut,aa23fa4c-2ecb-4027-b126-335f9fcd86b1,0,1,3d6e1fc6-f323-4173-85e6-7d80901a4758,true,downloadableSrc,200,image/webp,50632,50632,435cdcf93e941b56ac67bb2ee9c5bd16f5a360fcbb22984a5a64717e8a50d5f8,1179,2676,,,bytescale.mobbin.com,f7a1807c1ac98ccf0eecf5078d61346ac9a94ca37a547f5708d580528c9e55c0,/Users/user/mobbin-sides/screen-flows/revolut/157-revolut-logging-in-b3c2b6da-8cb9-4312-8112-12bb74cb7ce8/001-3d6e1fc6-f323-4173-85e6-7d80901a4758-downloadableSrc-435cdcf93e94.webp
b3c2b6da-8cb9-4312-8112-12bb74cb7ce8,Logging in,28b2d970-a05d-4509-99dd-83d47dbc3a16,Revolut,aa23fa4c-2ecb-4027-b126-335f9fcd86b1,1,2,0c7783cd-4f54-4135-8d79-b79e00268bdc,true,downloadableSrc,200,image/webp,36136,36136,d6baad5d78fc1757ddb846e488ccaa5de7411d82d8e5919f8e5e9e92729df8db,1179,2676,,,bytescale.mobbin.com,f7a1807c1ac98ccf0eecf5078d61346ac9a94ca37a547f5708d580528c9e55c0,/Users/user/mobbin-sides/screen-flows/revolut/157-revolut-logging-in-b3c2b6da-8cb9-4312-8112-12bb74cb7ce8/002-0c7783cd-4f54-4135-8d79-b79e00268bdc-downloadableSrc-d6baad5d78fc.webp
b3c2b6da-8cb9-4312-8112-12bb74cb7ce8,Logging in,28b2d970-a05d-4509-99dd-83d47dbc3a16,Revolut,aa23fa4c-2ecb-4027-b126-335f9fcd86b1,2,3,a2e597fa-50af-426b-93ba-5726fc0ef3da,true,downloadableSrc,200,image/webp,85028,85028,6c40c7b4f402f08ba3a18e29dce092dfbc455e062af885a0c40c44e55e0ece6a,1179,2676,,,bytescale.mobbin.com,f7a1807c1ac98ccf0eecf5078d61346ac9a94ca37a547f5708d580528c9e55c0,/Users/user/mobbin-sides/screen-flows/revolut/157-revolut-logging-in-b3c2b6da-8cb9-4312-8112-12bb74cb7ce8/003-a2e597fa-50af-426b-93ba-5726fc0ef3da-downloadableSrc-6c40c7b4f402.webp
4dffdf6a-44b8-4cf5-a6fd-5c733de05806,Resetting password,28b2d970-a05d-4509-99dd-83d47dbc3a16,Revolut,aa23fa4c-2ecb-4027-b126-335f9fcd86b1,0,1,0c7783cd-4f54-4135-8d79-b79e00268bdc,true,downloadableSrc,200,image/webp,36136,36136,d6baad5d78fc1757ddb846e488ccaa5de7411d82d8e5919f8e5e9e92729df8db,1179,2676,,,bytescale.mobbin.com,f7a1807c1ac98ccf0eecf5078d61346ac9a94ca37a547f5708d580528c9e55c0,/Users/user/mobbin-sides/screen-flows/revolut/158-revolut-resetting-password-4dffdf6a-44b8-4cf5-a6fd-5c733de05806/001-0c7783cd-4f54-4135-8d79-b79e00268bdc-downloadableSrc-d6baad5d78fc.webp
4dffdf6a-44b8-4cf5-a6fd-5c733de05806,Resetting password,28b2d970-a05d-4509-99dd-83d47dbc3a16,Revolut,aa23fa4c-2ecb-4027-b126-335f9fcd86b1,1,2,57cb0640-f81f-4033-8ceb-e3f66202d2f7,true,downloadableSrc,200,image/webp,69370,69370,a05ba3731b86e7c6e80c08838d2450505ac0e7bcfb47c1dab31b115ebcee3d09,1179,2676,,,bytescale.mobbin.com,f7a1807c1ac98ccf0eecf5078d61346ac9a94ca37a547f5708d580528c9e55c0,/Users/user/mobbin-sides/screen-flows/revolut/158-revolut-resetting-password-4dffdf6a-44b8-4cf5-a6fd-5c733de05806/002-57cb0640-f81f-4033-8ceb-e3f66202d2f7-downloadableSrc-a05ba3731b86.webp
4dffdf6a-44b8-4cf5-a6fd-5c733de05806,Resetting password,28b2d970-a05d-4509-99dd-83d47dbc3a16,Revolut,aa23fa4c-2ecb-4027-b126-335f9fcd86b1,2,3,f69f274e-6c11-4adb-9725-f41342fea819,true,downloadableSrc,200,image/webp,76152,76152,a67493ff34fab499d6d719a870acad65212d645408b70564ee07341cfae507cd,1179,2676,,,bytescale.mobbin.com,f7a1807c1ac98ccf0eecf5078d61346ac9a94ca37a547f5708d580528c9e55c0,/Users/user/mobbin-sides/screen-flows/revolut/158-revolut-resetting-password-4dffdf6a-44b8-4cf5-a6fd-5c733de05806/003-f69f274e-6c11-4adb-9725-f41342fea819-downloadableSrc-a67493ff34fa.webp
4dffdf6a-44b8-4cf5-a6fd-5c733de05806,Resetting password,28b2d970-a05d-4509-99dd-83d47dbc3a16,Revolut,aa23fa4c-2ecb-4027-b126-335f9fcd86b1,3,4,294eabe6-cf21-40bc-9fe2-8ea23bd78a02,true,downloadableSrc,200,image/webp,67466,67466,6838256f8f77ed758832b21d96eae40ae61f1cdda14e7e2048c352d511da58fa,1179,2676,,,bytescale.mobbin.com,f7a1807c1ac98ccf0eecf5078d61346ac9a94ca37a547f5708d580528c9e55c0,/Users/user/mobbin-sides/screen-flows/revolut/158-revolut-resetting-password-4dffdf6a-44b8-4cf5-a6fd-5c733de05806/004-294eabe6-cf21-40bc-9fe2-8ea23bd78a02-downloadableSrc-6838256f8f77.webp
4dffdf6a-44b8-4cf5-a6fd-5c733de05806,Resetting password,28b2d970-a05d-4509-99dd-83d47dbc3a16,Revolut,aa23fa4c-2ecb-4027-b126-335f9fcd86b1,4,5,3d59435d-d364-4e04-a2bb-83ef78ab1c92,true,downloadableSrc,200,image/webp,36124,36124,57deb70470754236aa6d97d6e984de8bb0f7d8c43c863bb74cf26b22db4946cc,1179,2676,,,bytescale.mobbin.com,f7a1807c1ac98ccf0eecf5078d61346ac9a94ca37a547f5708d580528c9e55c0,/Users/user/mobbin-sides/screen-flows/revolut/158-revolut-resetting-password-4dffdf6a-44b8-4cf5-a6fd-5c733de05806/005-3d59435d-d364-4e04-a2bb-83ef78ab1c92-downloadableSrc-57deb7047075.webp
4dffdf6a-44b8-4cf5-a6fd-5c733de05806,Resetting password,28b2d970-a05d-4509-99dd-83d47dbc3a16,Revolut,aa23fa4c-2ecb-4027-b126-335f9fcd86b1,5,6,afac69b4-d0e7-4521-be8d-b6e92279913b,true,downloadableSrc,200,image/webp,37548,37548,d35e77cd87ec596aa33a5f9ff869cce03d3b4961f3fc0c76e36a02ce87797390,1179,2676,,,bytescale.mobbin.com,f7a1807c1ac98ccf0eecf5078d61346ac9a94ca37a547f5708d580528c9e55c0,/Users/user/mobbin-sides/screen-flows/revolut/158-revolut-resetting-password-4dffdf6a-44b8-4cf5-a6fd-5c733de05806/006-afac69b4-d0e7-4521-be8d-b6e92279913b-downloadableSrc-d35e77cd87ec.webp
4dffdf6a-44b8-4cf5-a6fd-5c733de05806,Resetting password,28b2d970-a05d-4509-99dd-83d47dbc3a16,Revolut,aa23fa4c-2ecb-4027-b126-335f9fcd86b1,6,7,0bd7b99f-9949-4fd9-a588-b8bce2a77368,true,downloadableSrc,200,image/webp,38224,38224,abdbb2b21fae4f9f3b991ce5df805ac56f0f321964a34e10e4b5aa8a871ffe1d,1179,2676,,,bytescale.mobbin.com,f7a1807c1ac98ccf0eecf5078d61346ac9a94ca37a547f5708d580528c9e55c0,/Users/user/mobbin-sides/screen-flows/revolut/158-revolut-resetting-password-4dffdf6a-44b8-4cf5-a6fd-5c733de05806/007-0bd7b99f-9949-4fd9-a588-b8bce2a77368-downloadableSrc-abdbb2b21fae.webp
4dffdf6a-44b8-4cf5-a6fd-5c733de05806,Resetting password,28b2d970-a05d-4509-99dd-83d47dbc3a16,Revolut,aa23fa4c-2ecb-4027-b126-335f9fcd86b1,7,8,a2e597fa-50af-426b-93ba-5726fc0ef3da,true,downloadableSrc,200,image/webp,85028,85028,6c40c7b4f402f08ba3a18e29dce092dfbc455e062af885a0c40c44e55e0ece6a,1179,2676,,,bytescale.mobbin.com,f7a1807c1ac98ccf0eecf5078d61346ac9a94ca37a547f5708d580528c9e55c0,/Users/user/mobbin-sides/screen-flows/revolut/158-revolut-resetting-password-4dffdf6a-44b8-4cf5-a6fd-5c733de05806/008-a2e597fa-50af-426b-93ba-5726fc0ef3da-downloadableSrc-6c40c7b4f402.webp
badd3049-de75-4a5a-9fd8-4066d68df218,Logging in (different account),28b2d970-a05d-4509-99dd-83d47dbc3a16,Revolut,aa23fa4c-2ecb-4027-b126-335f9fcd86b1,0,1,3d6e1fc6-f323-4173-85e6-7d80901a4758,true,downloadableSrc,200,image/webp,50632,50632,435cdcf93e941b56ac67bb2ee9c5bd16f5a360fcbb22984a5a64717e8a50d5f8,1179,2676,,,bytescale.mobbin.com,f7a1807c1ac98ccf0eecf5078d61346ac9a94ca37a547f5708d580528c9e55c0,/Users/user/mobbin-sides/screen-flows/revolut/159-revolut-logging-in-different-account-badd3049-de75-4a5a-9fd8-4066d68df218/001-3d6e1fc6-f323-4173-85e6-7d80901a4758-downloadableSrc-435cdcf93e94.webp
badd3049-de75-4a5a-9fd8-4066d68df218,Logging in (different account),28b2d970-a05d-4509-99dd-83d47dbc3a16,Revolut,aa23fa4c-2ecb-4027-b126-335f9fcd86b1,1,2,306b25b8-5d00-41a4-8f59-01ecd4560a24,true,downloadableSrc,200,image/webp,59504,59504,501a7342624a51613f63a5562ba2a66e4dd2c1e02c6ba322e7313e2da31cd02a,1179,2676,,,bytescale.mobbin.com,f7a1807c1ac98ccf0eecf5078d61346ac9a94ca37a547f5708d580528c9e55c0,/Users/user/mobbin-sides/screen-flows/revolut/159-revolut-logging-in-different-account-badd3049-de75-4a5a-9fd8-4066d68df218/002-306b25b8-5d00-41a4-8f59-01ecd4560a24-downloadableSrc-501a7342624a.webp
badd3049-de75-4a5a-9fd8-4066d68df218,Logging in (different account),28b2d970-a05d-4509-99dd-83d47dbc3a16,Revolut,aa23fa4c-2ecb-4027-b126-335f9fcd86b1,2,3,ad82bfa1-fa75-4dc0-8dd9-0146f2e1745f,true,downloadableSrc,200,image/webp,65196,65196,0413e4995c6682a1fae64839aea89bae217adac786f2706492b1dbd455ffa204,1179,2676,,,bytescale.mobbin.com,f7a1807c1ac98ccf0eecf5078d61346ac9a94ca37a547f5708d580528c9e55c0,/Users/user/mobbin-sides/screen-flows/revolut/159-revolut-logging-in-different-account-badd3049-de75-4a5a-9fd8-4066d68df218/003-ad82bfa1-fa75-4dc0-8dd9-0146f2e1745f-downloadableSrc-0413e4995c66.webp
badd3049-de75-4a5a-9fd8-4066d68df218,Logging in (different account),28b2d970-a05d-4509-99dd-83d47dbc3a16,Revolut,aa23fa4c-2ecb-4027-b126-335f9fcd86b1,3,4,9fa95f25-e43e-4d5a-8245-e62299a62e93,true,downloadableSrc,200,image/webp,39118,39118,300a72b333c19b47e2bb08b1df8f7a8c7145500afd25641a7a83104f768375d0,1179,2676,,,bytescale.mobbin.com,f7a1807c1ac98ccf0eecf5078d61346ac9a94ca37a547f5708d580528c9e55c0,/Users/user/mobbin-sides/screen-flows/revolut/159-revolut-logging-in-different-account-badd3049-de75-4a5a-9fd8-4066d68df218/004-9fa95f25-e43e-4d5a-8245-e62299a62e93-downloadableSrc-300a72b333c1.webp
badd3049-de75-4a5a-9fd8-4066d68df218,Logging in (different account),28b2d970-a05d-4509-99dd-83d47dbc3a16,Revolut,aa23fa4c-2ecb-4027-b126-335f9fcd86b1,4,5,081162b9-955f-4584-a006-048e557aa61e,true,downloadableSrc,200,image/webp,38782,38782,803ff1ddccb7cf6a9d4044ca3dc58a86dcaa6948c79c57498bb58b1408459049,1179,2676,,,bytescale.mobbin.com,f7a1807c1ac98ccf0eecf5078d61346ac9a94ca37a547f5708d580528c9e55c0,/Users/user/mobbin-sides/screen-flows/revolut/159-revolut-logging-in-different-account-badd3049-de75-4a5a-9fd8-4066d68df218/005-081162b9-955f-4584-a006-048e557aa61e-downloadableSrc-803ff1ddccb7.webp
badd3049-de75-4a5a-9fd8-4066d68df218,Logging in (different account),28b2d970-a05d-4509-99dd-83d47dbc3a16,Revolut,aa23fa4c-2ecb-4027-b126-335f9fcd86b1,5,6,0e43cd7e-a319-48bd-9774-a334136a749a,true,downloadableSrc,200,image/webp,35228,35228,bbed3acfc2dcc0f7f6840538b2b444f68e3495640028845ce4a1d9581340d023,1179,2676,,,bytescale.mobbin.com,f7a1807c1ac98ccf0eecf5078d61346ac9a94ca37a547f5708d580528c9e55c0,/Users/user/mobbin-sides/screen-flows/revolut/159-revolut-logging-in-different-account-badd3049-de75-4a5a-9fd8-4066d68df218/006-0e43cd7e-a319-48bd-9774-a334136a749a-downloadableSrc-bbed3acfc2dc.webp
badd3049-de75-4a5a-9fd8-4066d68df218,Logging in (different account),28b2d970-a05d-4509-99dd-83d47dbc3a16,Revolut,aa23fa4c-2ecb-4027-b126-335f9fcd86b1,6,7,a2e597fa-50af-426b-93ba-5726fc0ef3da,true,downloadableSrc,200,image/webp,85028,85028,6c40c7b4f402f08ba3a18e29dce092dfbc455e062af885a0c40c44e55e0ece6a,1179,2676,,,bytescale.mobbin.com,f7a1807c1ac98ccf0eecf5078d61346ac9a94ca37a547f5708d580528c9e55c0,/Users/user/mobbin-sides/screen-flows/revolut/159-revolut-logging-in-different-account-badd3049-de75-4a5a-9fd8-4066d68df218/007-a2e597fa-50af-426b-93ba-5726fc0ef3da-downloadableSrc-6c40c7b4f402.webp
