flowId,flowName,appId,appName,appVersionId,order,index,screenId,restricted,descriptor,status,contentType,contentLengthHeader,bytes,sha256,width,height,declaredWidth,declaredHeight,urlHost,urlPathHash,savedPath
e35f43d2-bbfe-46dc-9c8d-f34cace68d08,Onboarding,9866ea6d-c9b7-49a5-acb6-1b6e8e8c9cbd,Meetup,f1a4823a-e8cb-43e3-b5de-154b04f6f243,0,1,4324a24a-0f74-4c55-aea3-64e1a28b2c2c,false,downloadableSrc,200,image/webp,24212,24212,5f79f683ec8d60704a89985be942bfd79e17572b97809af0dc3ffe0b19ad537c,1179,2676,,,bytescale.mobbin.com,f7a1807c1ac98ccf0eecf5078d61346ac9a94ca37a547f5708d580528c9e55c0,/Users/user/mobbin-sides/screen-flows/meetup/001-meetup-onboarding-e35f43d2-bbfe-46dc-9c8d-f34cace68d08/001-4324a24a-0f74-4c55-aea3-64e1a28b2c2c-downloadableSrc-5f79f683ec8d.webp
e35f43d2-bbfe-46dc-9c8d-f34cace68d08,Onboarding,9866ea6d-c9b7-49a5-acb6-1b6e8e8c9cbd,Meetup,f1a4823a-e8cb-43e3-b5de-154b04f6f243,1,2,3e2d6c66-4d14-47f3-9f4a-8f29d4356cd3,false,downloadableSrc,200,image/webp,201978,201978,e9e34c967c22dc575d4c3c1e0394d73e39ccdf2c32e1e35828be787d46b0faff,1179,2676,,,bytescale.mobbin.com,f7a1807c1ac98ccf0eecf5078d61346ac9a94ca37a547f5708d580528c9e55c0,/Users/user/mobbin-sides/screen-flows/meetup/001-meetup-onboarding-e35f43d2-bbfe-46dc-9c8d-f34cace68d08/002-3e2d6c66-4d14-47f3-9f4a-8f29d4356cd3-downloadableSrc-e9e34c967c22.webp
e35f43d2-bbfe-46dc-9c8d-f34cace68d08,Onboarding,9866ea6d-c9b7-49a5-acb6-1b6e8e8c9cbd,Meetup,f1a4823a-e8cb-43e3-b5de-154b04f6f243,2,3,328c4083-4538-41c9-8186-344bc36759dd,false,downloadableSrc,200,image/webp,64390,64390,542d91eca6f96b8880f71d858d214c326495f443212d5d7f61f6a475b3321dac,1179,2676,,,bytescale.mobbin.com,f7a1807c1ac98ccf0eecf5078d61346ac9a94ca37a547f5708d580528c9e55c0,/Users/user/mobbin-sides/screen-flows/meetup/001-meetup-onboarding-e35f43d2-bbfe-46dc-9c8d-f34cace68d08/003-328c4083-4538-41c9-8186-344bc36759dd-downloadableSrc-542d91eca6f9.webp
e35f43d2-bbfe-46dc-9c8d-f34cace68d08,Onboarding,9866ea6d-c9b7-49a5-acb6-1b6e8e8c9cbd,Meetup,f1a4823a-e8cb-43e3-b5de-154b04f6f243,3,4,42759b0a-4d1d-43da-b48b-9b0f9a07940f,false,downloadableSrc,200,image/webp,66036,66036,b129e2c93efd3c16f98ae2425124b49f07533701bed041478841cf4027daac96,1179,2676,,,bytescale.mobbin.com,f7a1807c1ac98ccf0eecf5078d61346ac9a94ca37a547f5708d580528c9e55c0,/Users/user/mobbin-sides/screen-flows/meetup/001-meetup-onboarding-e35f43d2-bbfe-46dc-9c8d-f34cace68d08/004-42759b0a-4d1d-43da-b48b-9b0f9a07940f-downloadableSrc-b129e2c93efd.webp
e35f43d2-bbfe-46dc-9c8d-f34cace68d08,Onboarding,9866ea6d-c9b7-49a5-acb6-1b6e8e8c9cbd,Meetup,f1a4823a-e8cb-43e3-b5de-154b04f6f243,4,5,9618efad-6621-45ad-88a3-d604213ae76c,false,downloadableSrc,200,image/webp,81572,81572,7caa0376ad722085783391c516bc6d5ae20c3af7f79c4b814f4879b460e363e8,1179,2676,,,bytescale.mobbin.com,f7a1807c1ac98ccf0eecf5078d61346ac9a94ca37a547f5708d580528c9e55c0,/Users/user/mobbin-sides/screen-flows/meetup/001-meetup-onboarding-e35f43d2-bbfe-46dc-9c8d-f34cace68d08/005-9618efad-6621-45ad-88a3-d604213ae76c-downloadableSrc-7caa0376ad72.webp
e35f43d2-bbfe-46dc-9c8d-f34cace68d08,Onboarding,9866ea6d-c9b7-49a5-acb6-1b6e8e8c9cbd,Meetup,f1a4823a-e8cb-43e3-b5de-154b04f6f243,5,6,6760209a-dfe6-41e6-8d18-7fcff04f8c37,false,downloadableSrc,200,image/webp,83754,83754,cbcc0e7d500edb52d929f5d8b316808d43c8a60646c67446cafe1aea57b1c72b,1179,2676,,,bytescale.mobbin.com,f7a1807c1ac98ccf0eecf5078d61346ac9a94ca37a547f5708d580528c9e55c0,/Users/user/mobbin-sides/screen-flows/meetup/001-meetup-onboarding-e35f43d2-bbfe-46dc-9c8d-f34cace68d08/006-6760209a-dfe6-41e6-8d18-7fcff04f8c37-downloadableSrc-cbcc0e7d500e.webp
e35f43d2-bbfe-46dc-9c8d-f34cace68d08,Onboarding,9866ea6d-c9b7-49a5-acb6-1b6e8e8c9cbd,Meetup,f1a4823a-e8cb-43e3-b5de-154b04f6f243,6,7,103268a9-c2df-42fb-9d7f-e6dd342b4cf8,false,downloadableSrc,200,image/webp,70728,70728,378ab989135c8c3bcb2b29aadc415706f6b4bfa8a57f6f183b9991872a453eb9,1179,2676,,,bytescale.mobbin.com,f7a1807c1ac98ccf0eecf5078d61346ac9a94ca37a547f5708d580528c9e55c0,/Users/user/mobbin-sides/screen-flows/meetup/001-meetup-onboarding-e35f43d2-bbfe-46dc-9c8d-f34cace68d08/007-103268a9-c2df-42fb-9d7f-e6dd342b4cf8-downloadableSrc-378ab989135c.webp
e35f43d2-bbfe-46dc-9c8d-f34cace68d08,Onboarding,9866ea6d-c9b7-49a5-acb6-1b6e8e8c9cbd,Meetup,f1a4823a-e8cb-43e3-b5de-154b04f6f243,7,8,9f4a9bd0-8f8d-4bfc-881a-4b956cb9233c,false,downloadableSrc,200,image/webp,58640,58640,84bd70692f459f2aa8310483e9c073a957e473f6655f2ce26b57a4d5cde61685,1179,2676,,,bytescale.mobbin.com,f7a1807c1ac98ccf0eecf5078d61346ac9a94ca37a547f5708d580528c9e55c0,/Users/user/mobbin-sides/screen-flows/meetup/001-meetup-onboarding-e35f43d2-bbfe-46dc-9c8d-f34cace68d08/008-9f4a9bd0-8f8d-4bfc-881a-4b956cb9233c-downloadableSrc-84bd70692f45.webp
e35f43d2-bbfe-46dc-9c8d-f34cace68d08,Onboarding,9866ea6d-c9b7-49a5-acb6-1b6e8e8c9cbd,Meetup,f1a4823a-e8cb-43e3-b5de-154b04f6f243,8,9,c5f56aaf-5037-4829-980c-451683399b9f,false,downloadableSrc,200,image/webp,40220,40220,fe9def933a1c9fa87280042ac76dfe4c90cdb473c732054b42e0756dafd0d760,1179,2676,,,bytescale.mobbin.com,f7a1807c1ac98ccf0eecf5078d61346ac9a94ca37a547f5708d580528c9e55c0,/Users/user/mobbin-sides/screen-flows/meetup/001-meetup-onboarding-e35f43d2-bbfe-46dc-9c8d-f34cace68d08/009-c5f56aaf-5037-4829-980c-451683399b9f-downloadableSrc-fe9def933a1c.webp
e35f43d2-bbfe-46dc-9c8d-f34cace68d08,Onboarding,9866ea6d-c9b7-49a5-acb6-1b6e8e8c9cbd,Meetup,f1a4823a-e8cb-43e3-b5de-154b04f6f243,9,10,08db5fea-8cc1-4d00-b2da-951e8ff5a6f7,false,downloadableSrc,200,image/webp,45548,45548,dcfcc6c185df1a5489b152f9921ffb4cf2d65b1b05efb398dc64a5e86c6df338,1179,2676,,,bytescale.mobbin.com,f7a1807c1ac98ccf0eecf5078d61346ac9a94ca37a547f5708d580528c9e55c0,/Users/user/mobbin-sides/screen-flows/meetup/001-meetup-onboarding-e35f43d2-bbfe-46dc-9c8d-f34cace68d08/010-08db5fea-8cc1-4d00-b2da-951e8ff5a6f7-downloadableSrc-dcfcc6c185df.webp
e35f43d2-bbfe-46dc-9c8d-f34cace68d08,Onboarding,9866ea6d-c9b7-49a5-acb6-1b6e8e8c9cbd,Meetup,f1a4823a-e8cb-43e3-b5de-154b04f6f243,10,11,1dae8dc1-c228-4f51-a07b-7f177e04fb9b,false,downloadableSrc,200,image/webp,55932,55932,f615f75641d668d70aafd10f7c48bd1bdda6859a5482655c4344626c6a772f4c,1179,2676,,,bytescale.mobbin.com,f7a1807c1ac98ccf0eecf5078d61346ac9a94ca37a547f5708d580528c9e55c0,/Users/user/mobbin-sides/screen-flows/meetup/001-meetup-onboarding-e35f43d2-bbfe-46dc-9c8d-f34cace68d08/011-1dae8dc1-c228-4f51-a07b-7f177e04fb9b-downloadableSrc-f615f75641d6.webp
e35f43d2-bbfe-46dc-9c8d-f34cace68d08,Onboarding,9866ea6d-c9b7-49a5-acb6-1b6e8e8c9cbd,Meetup,f1a4823a-e8cb-43e3-b5de-154b04f6f243,11,12,5c39a042-108f-45f4-9331-6af4e972c7c9,false,downloadableSrc,200,image/webp,40510,40510,65a9a96165d8e5b5043c81f9ec1b69981afd6b3da974ac8be0a0fe703133cbfe,1179,2676,,,bytescale.mobbin.com,f7a1807c1ac98ccf0eecf5078d61346ac9a94ca37a547f5708d580528c9e55c0,/Users/user/mobbin-sides/screen-flows/meetup/001-meetup-onboarding-e35f43d2-bbfe-46dc-9c8d-f34cace68d08/012-5c39a042-108f-45f4-9331-6af4e972c7c9-downloadableSrc-65a9a96165d8.webp
e35f43d2-bbfe-46dc-9c8d-f34cace68d08,Onboarding,9866ea6d-c9b7-49a5-acb6-1b6e8e8c9cbd,Meetup,f1a4823a-e8cb-43e3-b5de-154b04f6f243,12,13,2f40ce1e-5b43-44ce-8f76-37558ad6e3e6,false,downloadableSrc,200,image/webp,42408,42408,b15c8c8bb2fdfd23b9ef366d8ffc64b4906d8f5cdfbe3bc3f728d0be4deccc79,1179,2676,,,bytescale.mobbin.com,f7a1807c1ac98ccf0eecf5078d61346ac9a94ca37a547f5708d580528c9e55c0,/Users/user/mobbin-sides/screen-flows/meetup/001-meetup-onboarding-e35f43d2-bbfe-46dc-9c8d-f34cace68d08/013-2f40ce1e-5b43-44ce-8f76-37558ad6e3e6-downloadableSrc-b15c8c8bb2fd.webp
e35f43d2-bbfe-46dc-9c8d-f34cace68d08,Onboarding,9866ea6d-c9b7-49a5-acb6-1b6e8e8c9cbd,Meetup,f1a4823a-e8cb-43e3-b5de-154b04f6f243,13,14,94492523-0ee1-42a8-8bee-cc1317438515,false,downloadableSrc,200,image/webp,50250,50250,058153a600dbb89dd353fdc05f2bcdf2d9016befe583b9a26c895b331e40dad1,1179,2676,,,bytescale.mobbin.com,f7a1807c1ac98ccf0eecf5078d61346ac9a94ca37a547f5708d580528c9e55c0,/Users/user/mobbin-sides/screen-flows/meetup/001-meetup-onboarding-e35f43d2-bbfe-46dc-9c8d-f34cace68d08/014-94492523-0ee1-42a8-8bee-cc1317438515-downloadableSrc-058153a600db.webp
e35f43d2-bbfe-46dc-9c8d-f34cace68d08,Onboarding,9866ea6d-c9b7-49a5-acb6-1b6e8e8c9cbd,Meetup,f1a4823a-e8cb-43e3-b5de-154b04f6f243,14,15,0a4292b0-fea2-4c14-b9e1-4cd9c75d8a17,false,downloadableSrc,200,image/webp,58644,58644,6cde723bc58e139d4b219bd00b4b23084e3249fe3e9ba24d0e1e6225b86df0b7,1179,2676,,,bytescale.mobbin.com,f7a1807c1ac98ccf0eecf5078d61346ac9a94ca37a547f5708d580528c9e55c0,/Users/user/mobbin-sides/screen-flows/meetup/001-meetup-onboarding-e35f43d2-bbfe-46dc-9c8d-f34cace68d08/015-0a4292b0-fea2-4c14-b9e1-4cd9c75d8a17-downloadableSrc-6cde723bc58e.webp
e35f43d2-bbfe-46dc-9c8d-f34cace68d08,Onboarding,9866ea6d-c9b7-49a5-acb6-1b6e8e8c9cbd,Meetup,f1a4823a-e8cb-43e3-b5de-154b04f6f243,15,16,cef0a642-1a8f-4541-9835-d63b311d079c,false,downloadableSrc,200,image/webp,52924,52924,f440f2c997be05361b66f66fb2d432c0fcd77fd8622f4fbcf37e2461febe5443,1179,2676,,,bytescale.mobbin.com,f7a1807c1ac98ccf0eecf5078d61346ac9a94ca37a547f5708d580528c9e55c0,/Users/user/mobbin-sides/screen-flows/meetup/001-meetup-onboarding-e35f43d2-bbfe-46dc-9c8d-f34cace68d08/016-cef0a642-1a8f-4541-9835-d63b311d079c-downloadableSrc-f440f2c997be.webp
e35f43d2-bbfe-46dc-9c8d-f34cace68d08,Onboarding,9866ea6d-c9b7-49a5-acb6-1b6e8e8c9cbd,Meetup,f1a4823a-e8cb-43e3-b5de-154b04f6f243,16,17,7ea17c2e-b540-4734-9de8-63f40f88ec01,false,downloadableSrc,200,image/webp,56562,56562,23435b4a74def3ff6b9eb7659b694133edb9895511e53357cb5510f82d6eeb2f,1179,2676,,,bytescale.mobbin.com,f7a1807c1ac98ccf0eecf5078d61346ac9a94ca37a547f5708d580528c9e55c0,/Users/user/mobbin-sides/screen-flows/meetup/001-meetup-onboarding-e35f43d2-bbfe-46dc-9c8d-f34cace68d08/017-7ea17c2e-b540-4734-9de8-63f40f88ec01-downloadableSrc-23435b4a74de.webp
e35f43d2-bbfe-46dc-9c8d-f34cace68d08,Onboarding,9866ea6d-c9b7-49a5-acb6-1b6e8e8c9cbd,Meetup,f1a4823a-e8cb-43e3-b5de-154b04f6f243,17,18,d36ce01e-d226-4fe7-8177-1712a3f21eb2,false,downloadableSrc,200,image/webp,75346,75346,60d871ae2d4b1ad408c66dc03b9082772021b352ca9707aeba5b16bf83a6b691,1179,2676,,,bytescale.mobbin.com,f7a1807c1ac98ccf0eecf5078d61346ac9a94ca37a547f5708d580528c9e55c0,/Users/user/mobbin-sides/screen-flows/meetup/001-meetup-onboarding-e35f43d2-bbfe-46dc-9c8d-f34cace68d08/018-d36ce01e-d226-4fe7-8177-1712a3f21eb2-downloadableSrc-60d871ae2d4b.webp
e35f43d2-bbfe-46dc-9c8d-f34cace68d08,Onboarding,9866ea6d-c9b7-49a5-acb6-1b6e8e8c9cbd,Meetup,f1a4823a-e8cb-43e3-b5de-154b04f6f243,18,19,806dc718-99fb-4e36-9af1-afd00e5d7bc1,false,downloadableSrc,200,image/webp,76780,76780,e247d7c26a81b6ab18553e16e1f2af13130c21390589713032cc6391a04f795f,1179,2676,,,bytescale.mobbin.com,f7a1807c1ac98ccf0eecf5078d61346ac9a94ca37a547f5708d580528c9e55c0,/Users/user/mobbin-sides/screen-flows/meetup/001-meetup-onboarding-e35f43d2-bbfe-46dc-9c8d-f34cace68d08/019-806dc718-99fb-4e36-9af1-afd00e5d7bc1-downloadableSrc-e247d7c26a81.webp
e35f43d2-bbfe-46dc-9c8d-f34cace68d08,Onboarding,9866ea6d-c9b7-49a5-acb6-1b6e8e8c9cbd,Meetup,f1a4823a-e8cb-43e3-b5de-154b04f6f243,19,20,db6c8532-ffb9-4330-b7b4-97a964211985,false,downloadableSrc,200,image/webp,81248,81248,6a31e7d59cdf87af374d87d3044fab15df35874cde098e3016a8b6f5b41214a0,1179,2676,,,bytescale.mobbin.com,f7a1807c1ac98ccf0eecf5078d61346ac9a94ca37a547f5708d580528c9e55c0,/Users/user/mobbin-sides/screen-flows/meetup/001-meetup-onboarding-e35f43d2-bbfe-46dc-9c8d-f34cace68d08/020-db6c8532-ffb9-4330-b7b4-97a964211985-downloadableSrc-6a31e7d59cdf.webp
e35f43d2-bbfe-46dc-9c8d-f34cace68d08,Onboarding,9866ea6d-c9b7-49a5-acb6-1b6e8e8c9cbd,Meetup,f1a4823a-e8cb-43e3-b5de-154b04f6f243,20,21,f40ef6fb-41ba-47d5-96b4-789cebac47f7,false,downloadableSrc,200,image/webp,41740,41740,e9983d2c80c11153a7c8efcd7cd8d175b2fb6eef1e7bc839283c9a36ded9ebcd,1179,2676,,,bytescale.mobbin.com,f7a1807c1ac98ccf0eecf5078d61346ac9a94ca37a547f5708d580528c9e55c0,/Users/user/mobbin-sides/screen-flows/meetup/001-meetup-onboarding-e35f43d2-bbfe-46dc-9c8d-f34cace68d08/021-f40ef6fb-41ba-47d5-96b4-789cebac47f7-downloadableSrc-e9983d2c80c1.webp
e35f43d2-bbfe-46dc-9c8d-f34cace68d08,Onboarding,9866ea6d-c9b7-49a5-acb6-1b6e8e8c9cbd,Meetup,f1a4823a-e8cb-43e3-b5de-154b04f6f243,21,22,2d2bd2a8-7d7b-4234-9ff7-65b480cce13b,false,downloadableSrc,200,image/webp,76544,76544,258974e5d531573fb2c470ea2eafc88f80492dabcaca554981637103b7ace5aa,1179,2676,,,bytescale.mobbin.com,f7a1807c1ac98ccf0eecf5078d61346ac9a94ca37a547f5708d580528c9e55c0,/Users/user/mobbin-sides/screen-flows/meetup/001-meetup-onboarding-e35f43d2-bbfe-46dc-9c8d-f34cace68d08/022-2d2bd2a8-7d7b-4234-9ff7-65b480cce13b-downloadableSrc-258974e5d531.webp
e35f43d2-bbfe-46dc-9c8d-f34cace68d08,Onboarding,9866ea6d-c9b7-49a5-acb6-1b6e8e8c9cbd,Meetup,f1a4823a-e8cb-43e3-b5de-154b04f6f243,22,23,38c5946d-da75-4e0a-b323-297ed55afcac,false,downloadableSrc,200,image/webp,84878,84878,e62ea43e25efbfabebe7806c3a338d02bd561695d0322dbedbe8e84bc8d8349c,1179,2676,,,bytescale.mobbin.com,f7a1807c1ac98ccf0eecf5078d61346ac9a94ca37a547f5708d580528c9e55c0,/Users/user/mobbin-sides/screen-flows/meetup/001-meetup-onboarding-e35f43d2-bbfe-46dc-9c8d-f34cace68d08/023-38c5946d-da75-4e0a-b323-297ed55afcac-downloadableSrc-e62ea43e25ef.webp
e35f43d2-bbfe-46dc-9c8d-f34cace68d08,Onboarding,9866ea6d-c9b7-49a5-acb6-1b6e8e8c9cbd,Meetup,f1a4823a-e8cb-43e3-b5de-154b04f6f243,23,24,610a06c3-1957-4428-8a66-dde9f1bdbb5f,false,downloadableSrc,200,image/webp,123782,123782,81147a53270ba95d59b9a4692762958655133e188b02a825e3c07f2786ca9c04,1179,2676,,,bytescale.mobbin.com,f7a1807c1ac98ccf0eecf5078d61346ac9a94ca37a547f5708d580528c9e55c0,/Users/user/mobbin-sides/screen-flows/meetup/001-meetup-onboarding-e35f43d2-bbfe-46dc-9c8d-f34cace68d08/024-610a06c3-1957-4428-8a66-dde9f1bdbb5f-downloadableSrc-81147a53270b.webp
e35f43d2-bbfe-46dc-9c8d-f34cace68d08,Onboarding,9866ea6d-c9b7-49a5-acb6-1b6e8e8c9cbd,Meetup,f1a4823a-e8cb-43e3-b5de-154b04f6f243,24,25,b18a33e6-d717-4180-b745-7a5985b096c1,false,downloadableSrc,200,image/webp,55122,55122,7800a8093ef25f1ed3c6291396c9227a2c9138ec93cb4cf8f7543328f8632dfd,1179,2676,,,bytescale.mobbin.com,f7a1807c1ac98ccf0eecf5078d61346ac9a94ca37a547f5708d580528c9e55c0,/Users/user/mobbin-sides/screen-flows/meetup/001-meetup-onboarding-e35f43d2-bbfe-46dc-9c8d-f34cace68d08/025-b18a33e6-d717-4180-b745-7a5985b096c1-downloadableSrc-7800a8093ef2.webp
e35f43d2-bbfe-46dc-9c8d-f34cace68d08,Onboarding,9866ea6d-c9b7-49a5-acb6-1b6e8e8c9cbd,Meetup,f1a4823a-e8cb-43e3-b5de-154b04f6f243,25,26,b16039cc-3074-467b-9dd3-5f56b5be9d5c,false,downloadableSrc,200,image/webp,59328,59328,7d1d391430b8c7648f944e718e49f63ff80f4d5ac2c7208f16c161cac5b41432,1179,2676,,,bytescale.mobbin.com,f7a1807c1ac98ccf0eecf5078d61346ac9a94ca37a547f5708d580528c9e55c0,/Users/user/mobbin-sides/screen-flows/meetup/001-meetup-onboarding-e35f43d2-bbfe-46dc-9c8d-f34cace68d08/026-b16039cc-3074-467b-9dd3-5f56b5be9d5c-downloadableSrc-7d1d391430b8.webp
e35f43d2-bbfe-46dc-9c8d-f34cace68d08,Onboarding,9866ea6d-c9b7-49a5-acb6-1b6e8e8c9cbd,Meetup,f1a4823a-e8cb-43e3-b5de-154b04f6f243,26,27,b90f2c78-8dbb-4d60-bca2-4b1affa58fcc,false,downloadableSrc,200,image/webp,273948,273948,ca2701b1fafbc3af5980fe7d16a32582c09bb8b28d0993033a58a2004e5ed4a5,1179,2676,,,bytescale.mobbin.com,f7a1807c1ac98ccf0eecf5078d61346ac9a94ca37a547f5708d580528c9e55c0,/Users/user/mobbin-sides/screen-flows/meetup/001-meetup-onboarding-e35f43d2-bbfe-46dc-9c8d-f34cace68d08/027-b90f2c78-8dbb-4d60-bca2-4b1affa58fcc-downloadableSrc-ca2701b1fafb.webp
1b9d169a-9198-4ef1-ad3b-b91f918329c1,Subscribing to Meetup+,9866ea6d-c9b7-49a5-acb6-1b6e8e8c9cbd,Meetup,f1a4823a-e8cb-43e3-b5de-154b04f6f243,0,1,2d2bd2a8-7d7b-4234-9ff7-65b480cce13b,true,downloadableSrc,200,image/webp,76544,76544,258974e5d531573fb2c470ea2eafc88f80492dabcaca554981637103b7ace5aa,1179,2676,,,bytescale.mobbin.com,f7a1807c1ac98ccf0eecf5078d61346ac9a94ca37a547f5708d580528c9e55c0,/Users/user/mobbin-sides/screen-flows/meetup/002-meetup-subscribing-to-meetup-1b9d169a-9198-4ef1-ad3b-b91f918329c1/001-2d2bd2a8-7d7b-4234-9ff7-65b480cce13b-downloadableSrc-258974e5d531.webp
1b9d169a-9198-4ef1-ad3b-b91f918329c1,Subscribing to Meetup+,9866ea6d-c9b7-49a5-acb6-1b6e8e8c9cbd,Meetup,f1a4823a-e8cb-43e3-b5de-154b04f6f243,1,2,7627e635-df26-4ce9-bc4a-d5ea700e88e6,true,downloadableSrc,200,image/webp,84010,84010,4b0d646124f3fe004ddead8e4eb3c17967ce83bb68ef410722a9811d9acf0bc7,1179,2676,,,bytescale.mobbin.com,f7a1807c1ac98ccf0eecf5078d61346ac9a94ca37a547f5708d580528c9e55c0,/Users/user/mobbin-sides/screen-flows/meetup/002-meetup-subscribing-to-meetup-1b9d169a-9198-4ef1-ad3b-b91f918329c1/002-7627e635-df26-4ce9-bc4a-d5ea700e88e6-downloadableSrc-4b0d646124f3.webp
1b9d169a-9198-4ef1-ad3b-b91f918329c1,Subscribing to Meetup+,9866ea6d-c9b7-49a5-acb6-1b6e8e8c9cbd,Meetup,f1a4823a-e8cb-43e3-b5de-154b04f6f243,2,3,f5047dfd-ab35-40b3-ab62-3f1fd7580713,true,downloadableSrc,200,image/webp,58880,58880,39f9002d0d9b185d1d14956c86e97fd918eeaae045e5ba8729f6f22a69c6d245,1179,2676,,,bytescale.mobbin.com,f7a1807c1ac98ccf0eecf5078d61346ac9a94ca37a547f5708d580528c9e55c0,/Users/user/mobbin-sides/screen-flows/meetup/002-meetup-subscribing-to-meetup-1b9d169a-9198-4ef1-ad3b-b91f918329c1/003-f5047dfd-ab35-40b3-ab62-3f1fd7580713-downloadableSrc-39f9002d0d9b.webp
1b9d169a-9198-4ef1-ad3b-b91f918329c1,Subscribing to Meetup+,9866ea6d-c9b7-49a5-acb6-1b6e8e8c9cbd,Meetup,f1a4823a-e8cb-43e3-b5de-154b04f6f243,3,4,38c5946d-da75-4e0a-b323-297ed55afcac,true,downloadableSrc,200,image/webp,84878,84878,e62ea43e25efbfabebe7806c3a338d02bd561695d0322dbedbe8e84bc8d8349c,1179,2676,,,bytescale.mobbin.com,f7a1807c1ac98ccf0eecf5078d61346ac9a94ca37a547f5708d580528c9e55c0,/Users/user/mobbin-sides/screen-flows/meetup/002-meetup-subscribing-to-meetup-1b9d169a-9198-4ef1-ad3b-b91f918329c1/004-38c5946d-da75-4e0a-b323-297ed55afcac-downloadableSrc-e62ea43e25ef.webp
cfb4b412-0d61-45d0-b815-69f6faf0c003,Explore,9866ea6d-c9b7-49a5-acb6-1b6e8e8c9cbd,Meetup,f1a4823a-e8cb-43e3-b5de-154b04f6f243,0,1,b90f2c78-8dbb-4d60-bca2-4b1affa58fcc,true,downloadableSrc,200,image/webp,273948,273948,ca2701b1fafbc3af5980fe7d16a32582c09bb8b28d0993033a58a2004e5ed4a5,1179,2676,,,bytescale.mobbin.com,f7a1807c1ac98ccf0eecf5078d61346ac9a94ca37a547f5708d580528c9e55c0,/Users/user/mobbin-sides/screen-flows/meetup/003-meetup-explore-cfb4b412-0d61-45d0-b815-69f6faf0c003/001-b90f2c78-8dbb-4d60-bca2-4b1affa58fcc-downloadableSrc-ca2701b1fafb.webp
cfb4b412-0d61-45d0-b815-69f6faf0c003,Explore,9866ea6d-c9b7-49a5-acb6-1b6e8e8c9cbd,Meetup,f1a4823a-e8cb-43e3-b5de-154b04f6f243,1,2,0e8d493f-e3f1-4597-942b-a7e7ea5a62f5,true,downloadableSrc,200,image/webp,198728,198728,b48589113062d2f0363aadf6aa4f9c339c7738aff7477caa18fc2ef9505fd0e0,1179,2676,,,bytescale.mobbin.com,f7a1807c1ac98ccf0eecf5078d61346ac9a94ca37a547f5708d580528c9e55c0,/Users/user/mobbin-sides/screen-flows/meetup/003-meetup-explore-cfb4b412-0d61-45d0-b815-69f6faf0c003/002-0e8d493f-e3f1-4597-942b-a7e7ea5a62f5-downloadableSrc-b48589113062.webp
cfb4b412-0d61-45d0-b815-69f6faf0c003,Explore,9866ea6d-c9b7-49a5-acb6-1b6e8e8c9cbd,Meetup,f1a4823a-e8cb-43e3-b5de-154b04f6f243,2,3,ea458b63-9d70-4f56-9031-7a8db8697efe,true,downloadableSrc,200,image/webp,172116,172116,5c6c1a72bac95c2b54dd25738079a18afbcdf6817cbe29367e247c073943aadc,1179,2676,,,bytescale.mobbin.com,f7a1807c1ac98ccf0eecf5078d61346ac9a94ca37a547f5708d580528c9e55c0,/Users/user/mobbin-sides/screen-flows/meetup/003-meetup-explore-cfb4b412-0d61-45d0-b815-69f6faf0c003/003-ea458b63-9d70-4f56-9031-7a8db8697efe-downloadableSrc-5c6c1a72bac9.webp
cfb4b412-0d61-45d0-b815-69f6faf0c003,Explore,9866ea6d-c9b7-49a5-acb6-1b6e8e8c9cbd,Meetup,f1a4823a-e8cb-43e3-b5de-154b04f6f243,3,4,c87e44a7-434a-4081-92aa-b9e0dd456cef,true,downloadableSrc,200,image/webp,95986,95986,693940beb8f9fd28450e795fc7c5cfc20f150404f4110eb955dcf8c1113a915c,1179,2676,,,bytescale.mobbin.com,f7a1807c1ac98ccf0eecf5078d61346ac9a94ca37a547f5708d580528c9e55c0,/Users/user/mobbin-sides/screen-flows/meetup/003-meetup-explore-cfb4b412-0d61-45d0-b815-69f6faf0c003/004-c87e44a7-434a-4081-92aa-b9e0dd456cef-downloadableSrc-693940beb8f9.webp
cfb4b412-0d61-45d0-b815-69f6faf0c003,Explore,9866ea6d-c9b7-49a5-acb6-1b6e8e8c9cbd,Meetup,f1a4823a-e8cb-43e3-b5de-154b04f6f243,4,5,4a052d00-a5c0-4131-8ec7-9515629b4d86,true,downloadableSrc,200,image/webp,95400,95400,516d93c2d02e2913a1c3551305cdf3b8de1cfa3c2cc6765ee820b9e075c82970,1179,2676,,,bytescale.mobbin.com,f7a1807c1ac98ccf0eecf5078d61346ac9a94ca37a547f5708d580528c9e55c0,/Users/user/mobbin-sides/screen-flows/meetup/003-meetup-explore-cfb4b412-0d61-45d0-b815-69f6faf0c003/005-4a052d00-a5c0-4131-8ec7-9515629b4d86-downloadableSrc-516d93c2d02e.webp
cfb4b412-0d61-45d0-b815-69f6faf0c003,Explore,9866ea6d-c9b7-49a5-acb6-1b6e8e8c9cbd,Meetup,f1a4823a-e8cb-43e3-b5de-154b04f6f243,5,6,3dba1d5b-40be-40cd-ae7b-c8b972a06c33,true,downloadableSrc,200,image/webp,83086,83086,1ef01896146cfc77f5b7e64f23248798df9b7f8e209d037f7aad292ed58e6d0e,1179,2676,,,bytescale.mobbin.com,f7a1807c1ac98ccf0eecf5078d61346ac9a94ca37a547f5708d580528c9e55c0,/Users/user/mobbin-sides/screen-flows/meetup/003-meetup-explore-cfb4b412-0d61-45d0-b815-69f6faf0c003/006-3dba1d5b-40be-40cd-ae7b-c8b972a06c33-downloadableSrc-1ef01896146c.webp
558b9bb2-8c3a-4c2e-bcc2-d1b2baa31f53,Switching to map view,9866ea6d-c9b7-49a5-acb6-1b6e8e8c9cbd,Meetup,f1a4823a-e8cb-43e3-b5de-154b04f6f243,0,1,b90f2c78-8dbb-4d60-bca2-4b1affa58fcc,true,downloadableSrc,200,image/webp,273948,273948,ca2701b1fafbc3af5980fe7d16a32582c09bb8b28d0993033a58a2004e5ed4a5,1179,2676,,,bytescale.mobbin.com,f7a1807c1ac98ccf0eecf5078d61346ac9a94ca37a547f5708d580528c9e55c0,/Users/user/mobbin-sides/screen-flows/meetup/004-meetup-switching-to-map-view-558b9bb2-8c3a-4c2e-bcc2-d1b2baa31f53/001-b90f2c78-8dbb-4d60-bca2-4b1affa58fcc-downloadableSrc-ca2701b1fafb.webp
558b9bb2-8c3a-4c2e-bcc2-d1b2baa31f53,Switching to map view,9866ea6d-c9b7-49a5-acb6-1b6e8e8c9cbd,Meetup,f1a4823a-e8cb-43e3-b5de-154b04f6f243,1,2,488a6aef-3f0b-4474-a065-95eb75f0bffe,true,downloadableSrc,200,image/webp,278980,278980,0f5e6f7b5251ee23a1c6ec10b96454e597601599fdf2499b366b4c2113c6db8f,1179,2676,,,bytescale.mobbin.com,f7a1807c1ac98ccf0eecf5078d61346ac9a94ca37a547f5708d580528c9e55c0,/Users/user/mobbin-sides/screen-flows/meetup/004-meetup-switching-to-map-view-558b9bb2-8c3a-4c2e-bcc2-d1b2baa31f53/002-488a6aef-3f0b-4474-a065-95eb75f0bffe-downloadableSrc-0f5e6f7b5251.webp
558b9bb2-8c3a-4c2e-bcc2-d1b2baa31f53,Switching to map view,9866ea6d-c9b7-49a5-acb6-1b6e8e8c9cbd,Meetup,f1a4823a-e8cb-43e3-b5de-154b04f6f243,2,3,51be1ff0-2146-486d-9c1a-6d89ff7747d3,true,downloadableSrc,200,image/webp,224658,224658,1603d7fe792569a3a048a7bc0c5b08784b7f310fe2f3e905820f4b0bf8606352,1179,2676,,,bytescale.mobbin.com,f7a1807c1ac98ccf0eecf5078d61346ac9a94ca37a547f5708d580528c9e55c0,/Users/user/mobbin-sides/screen-flows/meetup/004-meetup-switching-to-map-view-558b9bb2-8c3a-4c2e-bcc2-d1b2baa31f53/003-51be1ff0-2146-486d-9c1a-6d89ff7747d3-downloadableSrc-1603d7fe7925.webp
558b9bb2-8c3a-4c2e-bcc2-d1b2baa31f53,Switching to map view,9866ea6d-c9b7-49a5-acb6-1b6e8e8c9cbd,Meetup,f1a4823a-e8cb-43e3-b5de-154b04f6f243,3,4,e73659db-ac93-4861-af4f-46b572062baa,true,downloadableSrc,200,image/webp,318740,318740,4e779ae9fc5f44c5dbb84ed12c31a731dd715659bd30402069bfac0103bde972,1179,2676,,,bytescale.mobbin.com,f7a1807c1ac98ccf0eecf5078d61346ac9a94ca37a547f5708d580528c9e55c0,/Users/user/mobbin-sides/screen-flows/meetup/004-meetup-switching-to-map-view-558b9bb2-8c3a-4c2e-bcc2-d1b2baa31f53/004-e73659db-ac93-4861-af4f-46b572062baa-downloadableSrc-4e779ae9fc5f.webp
558b9bb2-8c3a-4c2e-bcc2-d1b2baa31f53,Switching to map view,9866ea6d-c9b7-49a5-acb6-1b6e8e8c9cbd,Meetup,f1a4823a-e8cb-43e3-b5de-154b04f6f243,4,5,b010f489-55f3-44c2-ae25-33727141ae17,true,downloadableSrc,200,image/webp,319854,319854,037e2225500a6c1ef81584bd8441cc8971c3c8170033a0d858dd08d12c4a7288,1179,2676,,,bytescale.mobbin.com,f7a1807c1ac98ccf0eecf5078d61346ac9a94ca37a547f5708d580528c9e55c0,/Users/user/mobbin-sides/screen-flows/meetup/004-meetup-switching-to-map-view-558b9bb2-8c3a-4c2e-bcc2-d1b2baa31f53/005-b010f489-55f3-44c2-ae25-33727141ae17-downloadableSrc-037e2225500a.webp
bda54918-bc53-4eb7-ba68-760751f893b8,Event detail,9866ea6d-c9b7-49a5-acb6-1b6e8e8c9cbd,Meetup,f1a4823a-e8cb-43e3-b5de-154b04f6f243,0,1,b90f2c78-8dbb-4d60-bca2-4b1affa58fcc,true,downloadableSrc,200,image/webp,273948,273948,ca2701b1fafbc3af5980fe7d16a32582c09bb8b28d0993033a58a2004e5ed4a5,1179,2676,,,bytescale.mobbin.com,f7a1807c1ac98ccf0eecf5078d61346ac9a94ca37a547f5708d580528c9e55c0,/Users/user/mobbin-sides/screen-flows/meetup/005-meetup-event-detail-bda54918-bc53-4eb7-ba68-760751f893b8/001-b90f2c78-8dbb-4d60-bca2-4b1affa58fcc-downloadableSrc-ca2701b1fafb.webp
bda54918-bc53-4eb7-ba68-760751f893b8,Event detail,9866ea6d-c9b7-49a5-acb6-1b6e8e8c9cbd,Meetup,f1a4823a-e8cb-43e3-b5de-154b04f6f243,1,2,3d563d0f-566e-4f8e-8ce3-60e6969c9873,true,downloadableSrc,200,image/webp,194508,194508,17901705733f32690cc135d829fc7810e612b127ee13ca6e5b8b8c009e5cc19b,1179,2676,,,bytescale.mobbin.com,f7a1807c1ac98ccf0eecf5078d61346ac9a94ca37a547f5708d580528c9e55c0,/Users/user/mobbin-sides/screen-flows/meetup/005-meetup-event-detail-bda54918-bc53-4eb7-ba68-760751f893b8/002-3d563d0f-566e-4f8e-8ce3-60e6969c9873-downloadableSrc-17901705733f.webp
bda54918-bc53-4eb7-ba68-760751f893b8,Event detail,9866ea6d-c9b7-49a5-acb6-1b6e8e8c9cbd,Meetup,f1a4823a-e8cb-43e3-b5de-154b04f6f243,2,3,5999c70c-4a03-4145-b344-aeb0d24e45ba,true,downloadableSrc,200,image/webp,117668,117668,586018cd5cacdca2a5a702067808fde210478da1c9a493c71702c6a7c9afe6c9,1179,2676,,,bytescale.mobbin.com,f7a1807c1ac98ccf0eecf5078d61346ac9a94ca37a547f5708d580528c9e55c0,/Users/user/mobbin-sides/screen-flows/meetup/005-meetup-event-detail-bda54918-bc53-4eb7-ba68-760751f893b8/003-5999c70c-4a03-4145-b344-aeb0d24e45ba-downloadableSrc-586018cd5cac.webp
bda54918-bc53-4eb7-ba68-760751f893b8,Event detail,9866ea6d-c9b7-49a5-acb6-1b6e8e8c9cbd,Meetup,f1a4823a-e8cb-43e3-b5de-154b04f6f243,3,4,49943ef7-8b57-49f1-a3a2-945f1314cdb0,true,downloadableSrc,200,image/webp,112666,112666,16819238f91d23f9375d2bd3f2838d7dda9e3aa68202a7dc0c99a5559d6c1793,1179,2676,,,bytescale.mobbin.com,f7a1807c1ac98ccf0eecf5078d61346ac9a94ca37a547f5708d580528c9e55c0,/Users/user/mobbin-sides/screen-flows/meetup/005-meetup-event-detail-bda54918-bc53-4eb7-ba68-760751f893b8/004-49943ef7-8b57-49f1-a3a2-945f1314cdb0-downloadableSrc-16819238f91d.webp
bda54918-bc53-4eb7-ba68-760751f893b8,Event detail,9866ea6d-c9b7-49a5-acb6-1b6e8e8c9cbd,Meetup,f1a4823a-e8cb-43e3-b5de-154b04f6f243,4,5,ccf7a31f-7fbb-4f23-afaa-2499aceabd0a,true,downloadableSrc,200,image/webp,194154,194154,e4278c6496f5b0673e9b9da68f331fc690f9e18e03560ad2e420a154bd40685d,1179,2676,,,bytescale.mobbin.com,f7a1807c1ac98ccf0eecf5078d61346ac9a94ca37a547f5708d580528c9e55c0,/Users/user/mobbin-sides/screen-flows/meetup/005-meetup-event-detail-bda54918-bc53-4eb7-ba68-760751f893b8/005-ccf7a31f-7fbb-4f23-afaa-2499aceabd0a-downloadableSrc-e4278c6496f5.webp
bda54918-bc53-4eb7-ba68-760751f893b8,Event detail,9866ea6d-c9b7-49a5-acb6-1b6e8e8c9cbd,Meetup,f1a4823a-e8cb-43e3-b5de-154b04f6f243,5,6,5c111d2f-acb3-4aad-87ae-ddfb0575f4ff,true,downloadableSrc,200,image/webp,129610,129610,6a945c5bcc58acee0a3fd0a97715ad477782ee03be0ba7adf32999cfc0a06255,1179,2676,,,bytescale.mobbin.com,f7a1807c1ac98ccf0eecf5078d61346ac9a94ca37a547f5708d580528c9e55c0,/Users/user/mobbin-sides/screen-flows/meetup/005-meetup-event-detail-bda54918-bc53-4eb7-ba68-760751f893b8/006-5c111d2f-acb3-4aad-87ae-ddfb0575f4ff-downloadableSrc-6a945c5bcc58.webp
bda54918-bc53-4eb7-ba68-760751f893b8,Event detail,9866ea6d-c9b7-49a5-acb6-1b6e8e8c9cbd,Meetup,f1a4823a-e8cb-43e3-b5de-154b04f6f243,6,7,157c768d-6e3a-478a-9990-26811d1e7206,true,downloadableSrc,200,image/webp,174660,174660,3d10d65556d94b91be8be1bf2b245c72ef398b3ba2c6c8c05fc0a2be355e8c45,1179,2676,,,bytescale.mobbin.com,f7a1807c1ac98ccf0eecf5078d61346ac9a94ca37a547f5708d580528c9e55c0,/Users/user/mobbin-sides/screen-flows/meetup/005-meetup-event-detail-bda54918-bc53-4eb7-ba68-760751f893b8/007-157c768d-6e3a-478a-9990-26811d1e7206-downloadableSrc-3d10d65556d9.webp
bda54918-bc53-4eb7-ba68-760751f893b8,Event detail,9866ea6d-c9b7-49a5-acb6-1b6e8e8c9cbd,Meetup,f1a4823a-e8cb-43e3-b5de-154b04f6f243,7,8,da067995-0b09-4958-9166-0d5a88d68214,true,downloadableSrc,200,image/webp,101776,101776,af59b57d228192bc11977a9cd6ec151b243646cc75c43fba7c48cfe0db38487c,1179,2676,,,bytescale.mobbin.com,f7a1807c1ac98ccf0eecf5078d61346ac9a94ca37a547f5708d580528c9e55c0,/Users/user/mobbin-sides/screen-flows/meetup/005-meetup-event-detail-bda54918-bc53-4eb7-ba68-760751f893b8/008-da067995-0b09-4958-9166-0d5a88d68214-downloadableSrc-af59b57d2281.webp
bda54918-bc53-4eb7-ba68-760751f893b8,Event detail,9866ea6d-c9b7-49a5-acb6-1b6e8e8c9cbd,Meetup,f1a4823a-e8cb-43e3-b5de-154b04f6f243,8,9,9f5d62f8-ad1f-4019-9414-aa8d161e14f7,true,downloadableSrc,200,image/webp,165870,165870,edabbbfa79553fab07da1c4f2bb69bd0ab35a7e1cc93ea7859671cfbaf7c02c1,1179,2676,,,bytescale.mobbin.com,f7a1807c1ac98ccf0eecf5078d61346ac9a94ca37a547f5708d580528c9e55c0,/Users/user/mobbin-sides/screen-flows/meetup/005-meetup-event-detail-bda54918-bc53-4eb7-ba68-760751f893b8/009-9f5d62f8-ad1f-4019-9414-aa8d161e14f7-downloadableSrc-edabbbfa7955.webp
bda54918-bc53-4eb7-ba68-760751f893b8,Event detail,9866ea6d-c9b7-49a5-acb6-1b6e8e8c9cbd,Meetup,f1a4823a-e8cb-43e3-b5de-154b04f6f243,9,10,ba82f21f-08ea-4bfc-a40f-280fe798fe63,true,downloadableSrc,200,image/webp,172278,172278,1bcee486c30a65866845debe9645fdc6dcfa51ed6caff8d0c33f177eb3956659,1179,2676,,,bytescale.mobbin.com,f7a1807c1ac98ccf0eecf5078d61346ac9a94ca37a547f5708d580528c9e55c0,/Users/user/mobbin-sides/screen-flows/meetup/005-meetup-event-detail-bda54918-bc53-4eb7-ba68-760751f893b8/010-ba82f21f-08ea-4bfc-a40f-280fe798fe63-downloadableSrc-1bcee486c30a.webp
285d4cee-cb36-4dca-b78c-881c70da7dd7,Registering for an event,9866ea6d-c9b7-49a5-acb6-1b6e8e8c9cbd,Meetup,f1a4823a-e8cb-43e3-b5de-154b04f6f243,0,1,3d563d0f-566e-4f8e-8ce3-60e6969c9873,true,downloadableSrc,200,image/webp,194508,194508,17901705733f32690cc135d829fc7810e612b127ee13ca6e5b8b8c009e5cc19b,1179,2676,,,bytescale.mobbin.com,f7a1807c1ac98ccf0eecf5078d61346ac9a94ca37a547f5708d580528c9e55c0,/Users/user/mobbin-sides/screen-flows/meetup/006-meetup-registering-for-an-event-285d4cee-cb36-4dca-b78c-881c70da7dd7/001-3d563d0f-566e-4f8e-8ce3-60e6969c9873-downloadableSrc-17901705733f.webp
285d4cee-cb36-4dca-b78c-881c70da7dd7,Registering for an event,9866ea6d-c9b7-49a5-acb6-1b6e8e8c9cbd,Meetup,f1a4823a-e8cb-43e3-b5de-154b04f6f243,1,2,132e0cf9-027e-4f58-9ee1-f2fa29f940fc,true,downloadableSrc,200,image/webp,173106,173106,cbbddf7a5ccd7b1ab7e47547103a1180a0e66ee19cd9bd485aa9fef0c189df7f,1179,2676,,,bytescale.mobbin.com,f7a1807c1ac98ccf0eecf5078d61346ac9a94ca37a547f5708d580528c9e55c0,/Users/user/mobbin-sides/screen-flows/meetup/006-meetup-registering-for-an-event-285d4cee-cb36-4dca-b78c-881c70da7dd7/002-132e0cf9-027e-4f58-9ee1-f2fa29f940fc-downloadableSrc-cbbddf7a5ccd.webp
285d4cee-cb36-4dca-b78c-881c70da7dd7,Registering for an event,9866ea6d-c9b7-49a5-acb6-1b6e8e8c9cbd,Meetup,f1a4823a-e8cb-43e3-b5de-154b04f6f243,2,3,d8087767-4565-4a00-900e-8e3f1a8821fc,true,downloadableSrc,200,image/webp,86846,86846,865ab32e1f7500036ec3fef85cc31dc69b2bd8bd006fb2760941a887ceb90cf4,1179,2676,,,bytescale.mobbin.com,f7a1807c1ac98ccf0eecf5078d61346ac9a94ca37a547f5708d580528c9e55c0,/Users/user/mobbin-sides/screen-flows/meetup/006-meetup-registering-for-an-event-285d4cee-cb36-4dca-b78c-881c70da7dd7/003-d8087767-4565-4a00-900e-8e3f1a8821fc-downloadableSrc-865ab32e1f75.webp
285d4cee-cb36-4dca-b78c-881c70da7dd7,Registering for an event,9866ea6d-c9b7-49a5-acb6-1b6e8e8c9cbd,Meetup,f1a4823a-e8cb-43e3-b5de-154b04f6f243,3,4,21bcd03c-6037-4c78-a45c-6b3203496694,true,downloadableSrc,200,image/webp,157914,157914,0dc5fd9f94fd03e8c21f7478f87650b8f1d3a7da0f4bb95ad90ebaa5d712bafd,1179,2676,,,bytescale.mobbin.com,f7a1807c1ac98ccf0eecf5078d61346ac9a94ca37a547f5708d580528c9e55c0,/Users/user/mobbin-sides/screen-flows/meetup/006-meetup-registering-for-an-event-285d4cee-cb36-4dca-b78c-881c70da7dd7/004-21bcd03c-6037-4c78-a45c-6b3203496694-downloadableSrc-0dc5fd9f94fd.webp
285d4cee-cb36-4dca-b78c-881c70da7dd7,Registering for an event,9866ea6d-c9b7-49a5-acb6-1b6e8e8c9cbd,Meetup,f1a4823a-e8cb-43e3-b5de-154b04f6f243,4,5,ec972fea-0cf4-4006-a80c-a2de330fbdd5,true,downloadableSrc,200,image/webp,157788,157788,a11f56ec04bfc2c06b6647edeb1ad344b6c2236f4d7fea3ebb5030fe2e9fc2b7,1179,2676,,,bytescale.mobbin.com,f7a1807c1ac98ccf0eecf5078d61346ac9a94ca37a547f5708d580528c9e55c0,/Users/user/mobbin-sides/screen-flows/meetup/006-meetup-registering-for-an-event-285d4cee-cb36-4dca-b78c-881c70da7dd7/005-ec972fea-0cf4-4006-a80c-a2de330fbdd5-downloadableSrc-a11f56ec04bf.webp
285d4cee-cb36-4dca-b78c-881c70da7dd7,Registering for an event,9866ea6d-c9b7-49a5-acb6-1b6e8e8c9cbd,Meetup,f1a4823a-e8cb-43e3-b5de-154b04f6f243,5,6,80bdded1-2649-4675-a195-136cde0f2f8e,true,downloadableSrc,200,image/webp,175862,175862,efdde3b5678ef681581f554786a417dc9944bb5134654dbd72244a4826549173,1180,2676,,,bytescale.mobbin.com,f7a1807c1ac98ccf0eecf5078d61346ac9a94ca37a547f5708d580528c9e55c0,/Users/user/mobbin-sides/screen-flows/meetup/006-meetup-registering-for-an-event-285d4cee-cb36-4dca-b78c-881c70da7dd7/006-80bdded1-2649-4675-a195-136cde0f2f8e-downloadableSrc-efdde3b5678e.webp
285d4cee-cb36-4dca-b78c-881c70da7dd7,Registering for an event,9866ea6d-c9b7-49a5-acb6-1b6e8e8c9cbd,Meetup,f1a4823a-e8cb-43e3-b5de-154b04f6f243,6,7,37eba205-fbaa-416d-9368-1b2d262a3cc3,true,downloadableSrc,200,image/webp,120048,120048,7192849fcb33b7c3c7b5886fc1ea6a728914123383e5ac0d2c2c6bf237920f2c,1179,2676,,,bytescale.mobbin.com,f7a1807c1ac98ccf0eecf5078d61346ac9a94ca37a547f5708d580528c9e55c0,/Users/user/mobbin-sides/screen-flows/meetup/006-meetup-registering-for-an-event-285d4cee-cb36-4dca-b78c-881c70da7dd7/007-37eba205-fbaa-416d-9368-1b2d262a3cc3-downloadableSrc-7192849fcb33.webp
925acb6a-b97a-48f0-b2e7-7b3989cfeef9,Joining a waitlist,9866ea6d-c9b7-49a5-acb6-1b6e8e8c9cbd,Meetup,f1a4823a-e8cb-43e3-b5de-154b04f6f243,0,1,5999c70c-4a03-4145-b344-aeb0d24e45ba,true,downloadableSrc,200,image/webp,117668,117668,586018cd5cacdca2a5a702067808fde210478da1c9a493c71702c6a7c9afe6c9,1179,2676,,,bytescale.mobbin.com,f7a1807c1ac98ccf0eecf5078d61346ac9a94ca37a547f5708d580528c9e55c0,/Users/user/mobbin-sides/screen-flows/meetup/007-meetup-joining-a-waitlist-925acb6a-b97a-48f0-b2e7-7b3989cfeef9/001-5999c70c-4a03-4145-b344-aeb0d24e45ba-downloadableSrc-586018cd5cac.webp
925acb6a-b97a-48f0-b2e7-7b3989cfeef9,Joining a waitlist,9866ea6d-c9b7-49a5-acb6-1b6e8e8c9cbd,Meetup,f1a4823a-e8cb-43e3-b5de-154b04f6f243,1,2,e46189c2-458a-4866-89b1-494ef65ef1d2,true,downloadableSrc,200,image/webp,108018,108018,1bcfad4be3cd8107fbaebba302ebb2cef83bc1bc866ebe1cb7629879f9f4903a,1179,2676,,,bytescale.mobbin.com,f7a1807c1ac98ccf0eecf5078d61346ac9a94ca37a547f5708d580528c9e55c0,/Users/user/mobbin-sides/screen-flows/meetup/007-meetup-joining-a-waitlist-925acb6a-b97a-48f0-b2e7-7b3989cfeef9/002-e46189c2-458a-4866-89b1-494ef65ef1d2-downloadableSrc-1bcfad4be3cd.webp
925acb6a-b97a-48f0-b2e7-7b3989cfeef9,Joining a waitlist,9866ea6d-c9b7-49a5-acb6-1b6e8e8c9cbd,Meetup,f1a4823a-e8cb-43e3-b5de-154b04f6f243,2,3,60ee6d3e-1297-466f-86d3-28a96f1afd90,true,downloadableSrc,200,image/webp,118854,118854,e49f36a0a579df5c081eb3d8f18465ab188a06abf6415c6e821ed535c40fc28b,1179,2676,,,bytescale.mobbin.com,f7a1807c1ac98ccf0eecf5078d61346ac9a94ca37a547f5708d580528c9e55c0,/Users/user/mobbin-sides/screen-flows/meetup/007-meetup-joining-a-waitlist-925acb6a-b97a-48f0-b2e7-7b3989cfeef9/003-60ee6d3e-1297-466f-86d3-28a96f1afd90-downloadableSrc-e49f36a0a579.webp
1a962d61-554c-4683-b0a1-e21124a3f931,Downloading a ticket,9866ea6d-c9b7-49a5-acb6-1b6e8e8c9cbd,Meetup,f1a4823a-e8cb-43e3-b5de-154b04f6f243,0,1,ccf7a31f-7fbb-4f23-afaa-2499aceabd0a,true,downloadableSrc,200,image/webp,194154,194154,e4278c6496f5b0673e9b9da68f331fc690f9e18e03560ad2e420a154bd40685d,1179,2676,,,bytescale.mobbin.com,f7a1807c1ac98ccf0eecf5078d61346ac9a94ca37a547f5708d580528c9e55c0,/Users/user/mobbin-sides/screen-flows/meetup/008-meetup-downloading-a-ticket-1a962d61-554c-4683-b0a1-e21124a3f931/001-ccf7a31f-7fbb-4f23-afaa-2499aceabd0a-downloadableSrc-e4278c6496f5.webp
1a962d61-554c-4683-b0a1-e21124a3f931,Downloading a ticket,9866ea6d-c9b7-49a5-acb6-1b6e8e8c9cbd,Meetup,f1a4823a-e8cb-43e3-b5de-154b04f6f243,1,2,427c632f-e3ad-471e-8652-1d95b622e4f3,true,downloadableSrc,200,image/webp,103126,103126,b45c62dd25781df25f18411a15b786ab0e63b9117167c07d21c43bcd896b1239,1179,2676,,,bytescale.mobbin.com,f7a1807c1ac98ccf0eecf5078d61346ac9a94ca37a547f5708d580528c9e55c0,/Users/user/mobbin-sides/screen-flows/meetup/008-meetup-downloading-a-ticket-1a962d61-554c-4683-b0a1-e21124a3f931/002-427c632f-e3ad-471e-8652-1d95b622e4f3-downloadableSrc-b45c62dd2578.webp
1a962d61-554c-4683-b0a1-e21124a3f931,Downloading a ticket,9866ea6d-c9b7-49a5-acb6-1b6e8e8c9cbd,Meetup,f1a4823a-e8cb-43e3-b5de-154b04f6f243,2,3,9d3b8ee2-a20a-4ebb-99ca-b8c04eff8300,true,downloadableSrc,200,image/webp,192986,192986,27584cdc6d95b03ad0f36047443fa080f6ad640f839714d08bf24199864189ee,1179,2676,,,bytescale.mobbin.com,f7a1807c1ac98ccf0eecf5078d61346ac9a94ca37a547f5708d580528c9e55c0,/Users/user/mobbin-sides/screen-flows/meetup/008-meetup-downloading-a-ticket-1a962d61-554c-4683-b0a1-e21124a3f931/003-9d3b8ee2-a20a-4ebb-99ca-b8c04eff8300-downloadableSrc-27584cdc6d95.webp
287ca57a-2e55-40c7-b78f-18a5ef70225c,Scan a ticket,9866ea6d-c9b7-49a5-acb6-1b6e8e8c9cbd,Meetup,f1a4823a-e8cb-43e3-b5de-154b04f6f243,0,1,49943ef7-8b57-49f1-a3a2-945f1314cdb0,true,downloadableSrc,200,image/webp,112666,112666,16819238f91d23f9375d2bd3f2838d7dda9e3aa68202a7dc0c99a5559d6c1793,1179,2676,,,bytescale.mobbin.com,f7a1807c1ac98ccf0eecf5078d61346ac9a94ca37a547f5708d580528c9e55c0,/Users/user/mobbin-sides/screen-flows/meetup/009-meetup-scan-a-ticket-287ca57a-2e55-40c7-b78f-18a5ef70225c/001-49943ef7-8b57-49f1-a3a2-945f1314cdb0-downloadableSrc-16819238f91d.webp
287ca57a-2e55-40c7-b78f-18a5ef70225c,Scan a ticket,9866ea6d-c9b7-49a5-acb6-1b6e8e8c9cbd,Meetup,f1a4823a-e8cb-43e3-b5de-154b04f6f243,1,2,a98bbd1f-2f2e-4d74-a207-77c78a8caaf7,true,downloadableSrc,200,image/webp,46758,46758,a841f3d5066c783928c475bc8e6b8907cd15accc8b9fc9b5dad6649721c54023,1179,2676,,,bytescale.mobbin.com,f7a1807c1ac98ccf0eecf5078d61346ac9a94ca37a547f5708d580528c9e55c0,/Users/user/mobbin-sides/screen-flows/meetup/009-meetup-scan-a-ticket-287ca57a-2e55-40c7-b78f-18a5ef70225c/002-a98bbd1f-2f2e-4d74-a207-77c78a8caaf7-downloadableSrc-a841f3d5066c.webp
287ca57a-2e55-40c7-b78f-18a5ef70225c,Scan a ticket,9866ea6d-c9b7-49a5-acb6-1b6e8e8c9cbd,Meetup,f1a4823a-e8cb-43e3-b5de-154b04f6f243,2,3,31e93f37-6471-40fc-969c-e2396f9ad6a4,true,downloadableSrc,200,image/webp,33596,33596,27cc81ceb00578e7fdab8090004c0474ce9cba879e652bc1943c9f8e90b2fa87,1179,2676,,,bytescale.mobbin.com,f7a1807c1ac98ccf0eecf5078d61346ac9a94ca37a547f5708d580528c9e55c0,/Users/user/mobbin-sides/screen-flows/meetup/009-meetup-scan-a-ticket-287ca57a-2e55-40c7-b78f-18a5ef70225c/003-31e93f37-6471-40fc-969c-e2396f9ad6a4-downloadableSrc-27cc81ceb005.webp
d3ad5c45-0a62-424c-a148-4de2c0cb2e2f,Attendees (own event),9866ea6d-c9b7-49a5-acb6-1b6e8e8c9cbd,Meetup,f1a4823a-e8cb-43e3-b5de-154b04f6f243,0,1,49943ef7-8b57-49f1-a3a2-945f1314cdb0,true,downloadableSrc,200,image/webp,112666,112666,16819238f91d23f9375d2bd3f2838d7dda9e3aa68202a7dc0c99a5559d6c1793,1179,2676,,,bytescale.mobbin.com,f7a1807c1ac98ccf0eecf5078d61346ac9a94ca37a547f5708d580528c9e55c0,/Users/user/mobbin-sides/screen-flows/meetup/010-meetup-attendees-own-event-d3ad5c45-0a62-424c-a148-4de2c0cb2e2f/001-49943ef7-8b57-49f1-a3a2-945f1314cdb0-downloadableSrc-16819238f91d.webp
d3ad5c45-0a62-424c-a148-4de2c0cb2e2f,Attendees (own event),9866ea6d-c9b7-49a5-acb6-1b6e8e8c9cbd,Meetup,f1a4823a-e8cb-43e3-b5de-154b04f6f243,1,2,8fd2cc88-6d2d-4e01-a0da-0b2d4feb6d91,true,downloadableSrc,200,image/webp,43450,43450,b181c870115e1c628f1b3084a8df009f754f5a68e4a261e17d7e022adf1d2e4f,1179,2676,,,bytescale.mobbin.com,f7a1807c1ac98ccf0eecf5078d61346ac9a94ca37a547f5708d580528c9e55c0,/Users/user/mobbin-sides/screen-flows/meetup/010-meetup-attendees-own-event-d3ad5c45-0a62-424c-a148-4de2c0cb2e2f/002-8fd2cc88-6d2d-4e01-a0da-0b2d4feb6d91-downloadableSrc-b181c870115e.webp
d3ad5c45-0a62-424c-a148-4de2c0cb2e2f,Attendees (own event),9866ea6d-c9b7-49a5-acb6-1b6e8e8c9cbd,Meetup,f1a4823a-e8cb-43e3-b5de-154b04f6f243,2,3,5d43d972-51ca-4fb4-bcd0-958baf446b18,true,downloadableSrc,200,image/webp,51970,51970,e1621731c43d3fb227ed22739bb18dc4edbfd0a2acca0a5c8f4457219aadbee8,1179,2676,,,bytescale.mobbin.com,f7a1807c1ac98ccf0eecf5078d61346ac9a94ca37a547f5708d580528c9e55c0,/Users/user/mobbin-sides/screen-flows/meetup/010-meetup-attendees-own-event-d3ad5c45-0a62-424c-a148-4de2c0cb2e2f/003-5d43d972-51ca-4fb4-bcd0-958baf446b18-downloadableSrc-e1621731c43d.webp
cb0a783d-efec-40d8-a2ff-96cfd66b74e4,Checking in a user,9866ea6d-c9b7-49a5-acb6-1b6e8e8c9cbd,Meetup,f1a4823a-e8cb-43e3-b5de-154b04f6f243,0,1,8fd2cc88-6d2d-4e01-a0da-0b2d4feb6d91,true,downloadableSrc,200,image/webp,43450,43450,b181c870115e1c628f1b3084a8df009f754f5a68e4a261e17d7e022adf1d2e4f,1179,2676,,,bytescale.mobbin.com,f7a1807c1ac98ccf0eecf5078d61346ac9a94ca37a547f5708d580528c9e55c0,/Users/user/mobbin-sides/screen-flows/meetup/011-meetup-checking-in-a-user-cb0a783d-efec-40d8-a2ff-96cfd66b74e4/001-8fd2cc88-6d2d-4e01-a0da-0b2d4feb6d91-downloadableSrc-b181c870115e.webp
cb0a783d-efec-40d8-a2ff-96cfd66b74e4,Checking in a user,9866ea6d-c9b7-49a5-acb6-1b6e8e8c9cbd,Meetup,f1a4823a-e8cb-43e3-b5de-154b04f6f243,1,2,8694a5dc-5a53-4188-a8a3-d51d8b461c9a,true,downloadableSrc,200,image/webp,61342,61342,182d0d083db255083e2d7349b513938a213a6cfdb79b5d24b618b782849e18e3,1179,2676,,,bytescale.mobbin.com,f7a1807c1ac98ccf0eecf5078d61346ac9a94ca37a547f5708d580528c9e55c0,/Users/user/mobbin-sides/screen-flows/meetup/011-meetup-checking-in-a-user-cb0a783d-efec-40d8-a2ff-96cfd66b74e4/002-8694a5dc-5a53-4188-a8a3-d51d8b461c9a-downloadableSrc-182d0d083db2.webp
cb0a783d-efec-40d8-a2ff-96cfd66b74e4,Checking in a user,9866ea6d-c9b7-49a5-acb6-1b6e8e8c9cbd,Meetup,f1a4823a-e8cb-43e3-b5de-154b04f6f243,2,3,3dda809f-fb8e-42b8-a42d-7f40e9741f87,true,downloadableSrc,200,image/webp,47432,47432,65db2e5415aa657c572d3e8ae9a8297e31752d8d5ba9733969a8e9b79c2b533c,1179,2676,,,bytescale.mobbin.com,f7a1807c1ac98ccf0eecf5078d61346ac9a94ca37a547f5708d580528c9e55c0,/Users/user/mobbin-sides/screen-flows/meetup/011-meetup-checking-in-a-user-cb0a783d-efec-40d8-a2ff-96cfd66b74e4/003-3dda809f-fb8e-42b8-a42d-7f40e9741f87-downloadableSrc-65db2e5415aa.webp
cb0a783d-efec-40d8-a2ff-96cfd66b74e4,Checking in a user,9866ea6d-c9b7-49a5-acb6-1b6e8e8c9cbd,Meetup,f1a4823a-e8cb-43e3-b5de-154b04f6f243,3,4,2b7526ff-16f4-47c3-89a1-d2410d78c760,true,downloadableSrc,200,image/webp,45260,45260,60d65df1b80edfa4ad793c9eef2076472763f12461cbea4e1a9b7bd802e0bbeb,1179,2676,,,bytescale.mobbin.com,f7a1807c1ac98ccf0eecf5078d61346ac9a94ca37a547f5708d580528c9e55c0,/Users/user/mobbin-sides/screen-flows/meetup/011-meetup-checking-in-a-user-cb0a783d-efec-40d8-a2ff-96cfd66b74e4/004-2b7526ff-16f4-47c3-89a1-d2410d78c760-downloadableSrc-60d65df1b80e.webp
bbb1f239-b632-4d81-b4ea-8f3d0b1fbc3c,Marking a user as not coming,9866ea6d-c9b7-49a5-acb6-1b6e8e8c9cbd,Meetup,f1a4823a-e8cb-43e3-b5de-154b04f6f243,0,1,8694a5dc-5a53-4188-a8a3-d51d8b461c9a,true,downloadableSrc,200,image/webp,61342,61342,182d0d083db255083e2d7349b513938a213a6cfdb79b5d24b618b782849e18e3,1179,2676,,,bytescale.mobbin.com,f7a1807c1ac98ccf0eecf5078d61346ac9a94ca37a547f5708d580528c9e55c0,/Users/user/mobbin-sides/screen-flows/meetup/012-meetup-marking-a-user-as-not-coming-bbb1f239-b632-4d81-b4ea-8f3d0b1fbc3c/001-8694a5dc-5a53-4188-a8a3-d51d8b461c9a-downloadableSrc-182d0d083db2.webp
bbb1f239-b632-4d81-b4ea-8f3d0b1fbc3c,Marking a user as not coming,9866ea6d-c9b7-49a5-acb6-1b6e8e8c9cbd,Meetup,f1a4823a-e8cb-43e3-b5de-154b04f6f243,1,2,968afcf8-57cc-42d7-9ab2-24bd98e59a27,true,downloadableSrc,200,image/webp,47766,47766,4697c3cc5cdba4216a45b2b8c7b499927e2aab4b35eac7871fb52960036986bb,1179,2676,,,bytescale.mobbin.com,f7a1807c1ac98ccf0eecf5078d61346ac9a94ca37a547f5708d580528c9e55c0,/Users/user/mobbin-sides/screen-flows/meetup/012-meetup-marking-a-user-as-not-coming-bbb1f239-b632-4d81-b4ea-8f3d0b1fbc3c/002-968afcf8-57cc-42d7-9ab2-24bd98e59a27-downloadableSrc-4697c3cc5cdb.webp
be0e2e06-6142-4dc7-9cbb-0155c96a0952,Updating attendance,9866ea6d-c9b7-49a5-acb6-1b6e8e8c9cbd,Meetup,f1a4823a-e8cb-43e3-b5de-154b04f6f243,0,1,ccf7a31f-7fbb-4f23-afaa-2499aceabd0a,true,downloadableSrc,200,image/webp,194154,194154,e4278c6496f5b0673e9b9da68f331fc690f9e18e03560ad2e420a154bd40685d,1179,2676,,,bytescale.mobbin.com,f7a1807c1ac98ccf0eecf5078d61346ac9a94ca37a547f5708d580528c9e55c0,/Users/user/mobbin-sides/screen-flows/meetup/013-meetup-updating-attendance-be0e2e06-6142-4dc7-9cbb-0155c96a0952/001-ccf7a31f-7fbb-4f23-afaa-2499aceabd0a-downloadableSrc-e4278c6496f5.webp
be0e2e06-6142-4dc7-9cbb-0155c96a0952,Updating attendance,9866ea6d-c9b7-49a5-acb6-1b6e8e8c9cbd,Meetup,f1a4823a-e8cb-43e3-b5de-154b04f6f243,1,2,ad76341d-90bc-46f6-ae66-cc0546fa008b,true,downloadableSrc,200,image/webp,137938,137938,7e2bb73e9ea7438287775e1f94c4fdd9b47a22e6ce37e676cecccb2b52aeae16,1179,2676,,,bytescale.mobbin.com,f7a1807c1ac98ccf0eecf5078d61346ac9a94ca37a547f5708d580528c9e55c0,/Users/user/mobbin-sides/screen-flows/meetup/013-meetup-updating-attendance-be0e2e06-6142-4dc7-9cbb-0155c96a0952/002-ad76341d-90bc-46f6-ae66-cc0546fa008b-downloadableSrc-7e2bb73e9ea7.webp
be0e2e06-6142-4dc7-9cbb-0155c96a0952,Updating attendance,9866ea6d-c9b7-49a5-acb6-1b6e8e8c9cbd,Meetup,f1a4823a-e8cb-43e3-b5de-154b04f6f243,2,3,693c52a4-1a59-4645-9dfb-dbc2973e1d8f,true,downloadableSrc,200,image/webp,135926,135926,4fdac964b1155b4c762fd33c40aa6e643053ca2da220f59724878f8c9d15ce9e,1179,2676,,,bytescale.mobbin.com,f7a1807c1ac98ccf0eecf5078d61346ac9a94ca37a547f5708d580528c9e55c0,/Users/user/mobbin-sides/screen-flows/meetup/013-meetup-updating-attendance-be0e2e06-6142-4dc7-9cbb-0155c96a0952/003-693c52a4-1a59-4645-9dfb-dbc2973e1d8f-downloadableSrc-4fdac964b115.webp
be0e2e06-6142-4dc7-9cbb-0155c96a0952,Updating attendance,9866ea6d-c9b7-49a5-acb6-1b6e8e8c9cbd,Meetup,f1a4823a-e8cb-43e3-b5de-154b04f6f243,3,4,274a0456-fa8b-4a40-96ea-0244553d82ef,true,downloadableSrc,200,image/webp,193940,193940,23e9fa45dfb23a62b401ccbbf453b010a701f8137a04d4ae424cfe0de1f412a3,1179,2676,,,bytescale.mobbin.com,f7a1807c1ac98ccf0eecf5078d61346ac9a94ca37a547f5708d580528c9e55c0,/Users/user/mobbin-sides/screen-flows/meetup/013-meetup-updating-attendance-be0e2e06-6142-4dc7-9cbb-0155c96a0952/004-274a0456-fa8b-4a40-96ea-0244553d82ef-downloadableSrc-23e9fa45dfb2.webp
4733c7ba-4752-48ec-a666-4dbd79601871,Other events,9866ea6d-c9b7-49a5-acb6-1b6e8e8c9cbd,Meetup,f1a4823a-e8cb-43e3-b5de-154b04f6f243,0,1,ccf7a31f-7fbb-4f23-afaa-2499aceabd0a,true,downloadableSrc,200,image/webp,194154,194154,e4278c6496f5b0673e9b9da68f331fc690f9e18e03560ad2e420a154bd40685d,1179,2676,,,bytescale.mobbin.com,f7a1807c1ac98ccf0eecf5078d61346ac9a94ca37a547f5708d580528c9e55c0,/Users/user/mobbin-sides/screen-flows/meetup/014-meetup-other-events-4733c7ba-4752-48ec-a666-4dbd79601871/001-ccf7a31f-7fbb-4f23-afaa-2499aceabd0a-downloadableSrc-e4278c6496f5.webp
4733c7ba-4752-48ec-a666-4dbd79601871,Other events,9866ea6d-c9b7-49a5-acb6-1b6e8e8c9cbd,Meetup,f1a4823a-e8cb-43e3-b5de-154b04f6f243,1,2,d424e651-5d6b-40b9-8994-d396e1464bcd,true,downloadableSrc,200,image/webp,84034,84034,615d4ee2efcadafb4a1863a2de1a7e163f47487a3e1b891d8d0b775f7e6cd1f7,1179,2676,,,bytescale.mobbin.com,f7a1807c1ac98ccf0eecf5078d61346ac9a94ca37a547f5708d580528c9e55c0,/Users/user/mobbin-sides/screen-flows/meetup/014-meetup-other-events-4733c7ba-4752-48ec-a666-4dbd79601871/002-d424e651-5d6b-40b9-8994-d396e1464bcd-downloadableSrc-615d4ee2efca.webp
4733c7ba-4752-48ec-a666-4dbd79601871,Other events,9866ea6d-c9b7-49a5-acb6-1b6e8e8c9cbd,Meetup,f1a4823a-e8cb-43e3-b5de-154b04f6f243,2,3,59a2607a-02df-46bd-9c3c-3749069f1753,true,downloadableSrc,200,image/webp,64820,64820,c08b06c511c880bdeed9865b8475ca93c835dd263a66f96541395474020d2f21,1179,2676,,,bytescale.mobbin.com,f7a1807c1ac98ccf0eecf5078d61346ac9a94ca37a547f5708d580528c9e55c0,/Users/user/mobbin-sides/screen-flows/meetup/014-meetup-other-events-4733c7ba-4752-48ec-a666-4dbd79601871/003-59a2607a-02df-46bd-9c3c-3749069f1753-downloadableSrc-c08b06c511c8.webp
7c5cb273-0f37-4b8f-ba2c-5c95838924fc,Attendees,9866ea6d-c9b7-49a5-acb6-1b6e8e8c9cbd,Meetup,f1a4823a-e8cb-43e3-b5de-154b04f6f243,0,1,5c111d2f-acb3-4aad-87ae-ddfb0575f4ff,true,downloadableSrc,200,image/webp,129610,129610,6a945c5bcc58acee0a3fd0a97715ad477782ee03be0ba7adf32999cfc0a06255,1179,2676,,,bytescale.mobbin.com,f7a1807c1ac98ccf0eecf5078d61346ac9a94ca37a547f5708d580528c9e55c0,/Users/user/mobbin-sides/screen-flows/meetup/015-meetup-attendees-7c5cb273-0f37-4b8f-ba2c-5c95838924fc/001-5c111d2f-acb3-4aad-87ae-ddfb0575f4ff-downloadableSrc-6a945c5bcc58.webp
7c5cb273-0f37-4b8f-ba2c-5c95838924fc,Attendees,9866ea6d-c9b7-49a5-acb6-1b6e8e8c9cbd,Meetup,f1a4823a-e8cb-43e3-b5de-154b04f6f243,1,2,635015d1-5a39-4271-8d5a-3c2e24abf03a,true,downloadableSrc,200,image/webp,81464,81464,2b5189767e6d89f4b0123f291d5e3f0294857a18eeec0d010c75df636b7036e9,1179,2676,,,bytescale.mobbin.com,f7a1807c1ac98ccf0eecf5078d61346ac9a94ca37a547f5708d580528c9e55c0,/Users/user/mobbin-sides/screen-flows/meetup/015-meetup-attendees-7c5cb273-0f37-4b8f-ba2c-5c95838924fc/002-635015d1-5a39-4271-8d5a-3c2e24abf03a-downloadableSrc-2b5189767e6d.webp
7c5cb273-0f37-4b8f-ba2c-5c95838924fc,Attendees,9866ea6d-c9b7-49a5-acb6-1b6e8e8c9cbd,Meetup,f1a4823a-e8cb-43e3-b5de-154b04f6f243,2,3,524dae52-c7a0-4c60-bf1c-5ea5313788f9,true,downloadableSrc,200,image/webp,54624,54624,a199bb250c33164eed0b76e708581119d56eca58bb3671eb0c42471bb8fc21bc,1179,2676,,,bytescale.mobbin.com,f7a1807c1ac98ccf0eecf5078d61346ac9a94ca37a547f5708d580528c9e55c0,/Users/user/mobbin-sides/screen-flows/meetup/015-meetup-attendees-7c5cb273-0f37-4b8f-ba2c-5c95838924fc/003-524dae52-c7a0-4c60-bf1c-5ea5313788f9-downloadableSrc-a199bb250c33.webp
8ce82a1f-aa0a-4568-bcd6-dc277ce192bb,Searching attendees,9866ea6d-c9b7-49a5-acb6-1b6e8e8c9cbd,Meetup,f1a4823a-e8cb-43e3-b5de-154b04f6f243,0,1,635015d1-5a39-4271-8d5a-3c2e24abf03a,true,downloadableSrc,200,image/webp,81464,81464,2b5189767e6d89f4b0123f291d5e3f0294857a18eeec0d010c75df636b7036e9,1179,2676,,,bytescale.mobbin.com,f7a1807c1ac98ccf0eecf5078d61346ac9a94ca37a547f5708d580528c9e55c0,/Users/user/mobbin-sides/screen-flows/meetup/016-meetup-searching-attendees-8ce82a1f-aa0a-4568-bcd6-dc277ce192bb/001-635015d1-5a39-4271-8d5a-3c2e24abf03a-downloadableSrc-2b5189767e6d.webp
8ce82a1f-aa0a-4568-bcd6-dc277ce192bb,Searching attendees,9866ea6d-c9b7-49a5-acb6-1b6e8e8c9cbd,Meetup,f1a4823a-e8cb-43e3-b5de-154b04f6f243,1,2,cdf680c6-a6a2-42b8-951a-3f40d68f7392,true,downloadableSrc,200,image/webp,62076,62076,da2bc41cf77174b7e55fb9968d898a8450964ed684e4386a4b47f22107b40fa5,1179,2676,,,bytescale.mobbin.com,f7a1807c1ac98ccf0eecf5078d61346ac9a94ca37a547f5708d580528c9e55c0,/Users/user/mobbin-sides/screen-flows/meetup/016-meetup-searching-attendees-8ce82a1f-aa0a-4568-bcd6-dc277ce192bb/002-cdf680c6-a6a2-42b8-951a-3f40d68f7392-downloadableSrc-da2bc41cf771.webp
de36ffd2-53f1-442f-8848-ea9a0cf57d11,Switching to detailed view,9866ea6d-c9b7-49a5-acb6-1b6e8e8c9cbd,Meetup,f1a4823a-e8cb-43e3-b5de-154b04f6f243,0,1,635015d1-5a39-4271-8d5a-3c2e24abf03a,true,downloadableSrc,200,image/webp,81464,81464,2b5189767e6d89f4b0123f291d5e3f0294857a18eeec0d010c75df636b7036e9,1179,2676,,,bytescale.mobbin.com,f7a1807c1ac98ccf0eecf5078d61346ac9a94ca37a547f5708d580528c9e55c0,/Users/user/mobbin-sides/screen-flows/meetup/017-meetup-switching-to-detailed-view-de36ffd2-53f1-442f-8848-ea9a0cf57d11/001-635015d1-5a39-4271-8d5a-3c2e24abf03a-downloadableSrc-2b5189767e6d.webp
de36ffd2-53f1-442f-8848-ea9a0cf57d11,Switching to detailed view,9866ea6d-c9b7-49a5-acb6-1b6e8e8c9cbd,Meetup,f1a4823a-e8cb-43e3-b5de-154b04f6f243,1,2,417979a8-ee1e-438f-a50c-734e86c36539,true,downloadableSrc,200,image/webp,91222,91222,11ed3654d7e697130e09634dd5bfcbc8ae6c6584dd7d4a996b7275c2228886c7,1179,2676,,,bytescale.mobbin.com,f7a1807c1ac98ccf0eecf5078d61346ac9a94ca37a547f5708d580528c9e55c0,/Users/user/mobbin-sides/screen-flows/meetup/017-meetup-switching-to-detailed-view-de36ffd2-53f1-442f-8848-ea9a0cf57d11/002-417979a8-ee1e-438f-a50c-734e86c36539-downloadableSrc-11ed3654d7e6.webp
012e71c1-d846-4873-b0f2-68bd2d55fef6,Sorting attendees,9866ea6d-c9b7-49a5-acb6-1b6e8e8c9cbd,Meetup,f1a4823a-e8cb-43e3-b5de-154b04f6f243,0,1,635015d1-5a39-4271-8d5a-3c2e24abf03a,true,downloadableSrc,200,image/webp,81464,81464,2b5189767e6d89f4b0123f291d5e3f0294857a18eeec0d010c75df636b7036e9,1179,2676,,,bytescale.mobbin.com,f7a1807c1ac98ccf0eecf5078d61346ac9a94ca37a547f5708d580528c9e55c0,/Users/user/mobbin-sides/screen-flows/meetup/018-meetup-sorting-attendees-012e71c1-d846-4873-b0f2-68bd2d55fef6/001-635015d1-5a39-4271-8d5a-3c2e24abf03a-downloadableSrc-2b5189767e6d.webp
012e71c1-d846-4873-b0f2-68bd2d55fef6,Sorting attendees,9866ea6d-c9b7-49a5-acb6-1b6e8e8c9cbd,Meetup,f1a4823a-e8cb-43e3-b5de-154b04f6f243,1,2,d557ad47-c6ff-4f92-96ba-14127598d24f,true,downloadableSrc,200,image/webp,79234,79234,a50d1714b6d834eb1309137338502d68fdf9829af3e0b7fdee7c96de3d5aa5e4,1179,2676,,,bytescale.mobbin.com,f7a1807c1ac98ccf0eecf5078d61346ac9a94ca37a547f5708d580528c9e55c0,/Users/user/mobbin-sides/screen-flows/meetup/018-meetup-sorting-attendees-012e71c1-d846-4873-b0f2-68bd2d55fef6/002-d557ad47-c6ff-4f92-96ba-14127598d24f-downloadableSrc-a50d1714b6d8.webp
012e71c1-d846-4873-b0f2-68bd2d55fef6,Sorting attendees,9866ea6d-c9b7-49a5-acb6-1b6e8e8c9cbd,Meetup,f1a4823a-e8cb-43e3-b5de-154b04f6f243,2,3,0d591db7-cfed-48f1-ab82-5d8300f2544b,true,downloadableSrc,200,image/webp,64052,64052,c913bb7e0a86c4fab998f38c749bd1837e79a21273e701c0342761d9665d9461,1179,2676,,,bytescale.mobbin.com,f7a1807c1ac98ccf0eecf5078d61346ac9a94ca37a547f5708d580528c9e55c0,/Users/user/mobbin-sides/screen-flows/meetup/018-meetup-sorting-attendees-012e71c1-d846-4873-b0f2-68bd2d55fef6/003-0d591db7-cfed-48f1-ab82-5d8300f2544b-downloadableSrc-c913bb7e0a86.webp
c71563b8-a52e-4983-bef7-d80f476040af,User profile,9866ea6d-c9b7-49a5-acb6-1b6e8e8c9cbd,Meetup,f1a4823a-e8cb-43e3-b5de-154b04f6f243,0,1,635015d1-5a39-4271-8d5a-3c2e24abf03a,true,downloadableSrc,200,image/webp,81464,81464,2b5189767e6d89f4b0123f291d5e3f0294857a18eeec0d010c75df636b7036e9,1179,2676,,,bytescale.mobbin.com,f7a1807c1ac98ccf0eecf5078d61346ac9a94ca37a547f5708d580528c9e55c0,/Users/user/mobbin-sides/screen-flows/meetup/019-meetup-user-profile-c71563b8-a52e-4983-bef7-d80f476040af/001-635015d1-5a39-4271-8d5a-3c2e24abf03a-downloadableSrc-2b5189767e6d.webp
c71563b8-a52e-4983-bef7-d80f476040af,User profile,9866ea6d-c9b7-49a5-acb6-1b6e8e8c9cbd,Meetup,f1a4823a-e8cb-43e3-b5de-154b04f6f243,1,2,f00951ae-e9a2-450b-969d-3d0588a8c97b,true,downloadableSrc,200,image/webp,156540,156540,b8dfb1c161d238c0b67e1a2c81d0ccf70548a9468f02eb6662837494f4c2ce99,1179,2676,,,bytescale.mobbin.com,f7a1807c1ac98ccf0eecf5078d61346ac9a94ca37a547f5708d580528c9e55c0,/Users/user/mobbin-sides/screen-flows/meetup/019-meetup-user-profile-c71563b8-a52e-4983-bef7-d80f476040af/002-f00951ae-e9a2-450b-969d-3d0588a8c97b-downloadableSrc-b8dfb1c161d2.webp
c71563b8-a52e-4983-bef7-d80f476040af,User profile,9866ea6d-c9b7-49a5-acb6-1b6e8e8c9cbd,Meetup,f1a4823a-e8cb-43e3-b5de-154b04f6f243,2,3,579b6ac3-4c0c-4c6a-a32e-02449a816356,true,downloadableSrc,200,image/webp,94100,94100,0ad563f991ecb0cb382d4f3eb28d2b10776f366bbab56d4121ef8b125ff95e49,1179,2676,,,bytescale.mobbin.com,f7a1807c1ac98ccf0eecf5078d61346ac9a94ca37a547f5708d580528c9e55c0,/Users/user/mobbin-sides/screen-flows/meetup/019-meetup-user-profile-c71563b8-a52e-4983-bef7-d80f476040af/003-579b6ac3-4c0c-4c6a-a32e-02449a816356-downloadableSrc-0ad563f991ec.webp
c71563b8-a52e-4983-bef7-d80f476040af,User profile,9866ea6d-c9b7-49a5-acb6-1b6e8e8c9cbd,Meetup,f1a4823a-e8cb-43e3-b5de-154b04f6f243,3,4,1c5d5beb-eba6-47f0-9b41-2d9d7d061557,true,downloadableSrc,200,image/webp,104630,104630,46ddf2d2349150b17ee237bf2d50177c531c012558b913247392bce44c484f07,1179,2676,,,bytescale.mobbin.com,f7a1807c1ac98ccf0eecf5078d61346ac9a94ca37a547f5708d580528c9e55c0,/Users/user/mobbin-sides/screen-flows/meetup/019-meetup-user-profile-c71563b8-a52e-4983-bef7-d80f476040af/004-1c5d5beb-eba6-47f0-9b41-2d9d7d061557-downloadableSrc-46ddf2d23491.webp
c71563b8-a52e-4983-bef7-d80f476040af,User profile,9866ea6d-c9b7-49a5-acb6-1b6e8e8c9cbd,Meetup,f1a4823a-e8cb-43e3-b5de-154b04f6f243,4,5,1f5e15aa-1e23-41b6-845c-25336618c90c,true,downloadableSrc,200,image/webp,105476,105476,541b7119c48b990422200b53000f110adc085dd6fef85b3790867472862db82b,1179,2676,,,bytescale.mobbin.com,f7a1807c1ac98ccf0eecf5078d61346ac9a94ca37a547f5708d580528c9e55c0,/Users/user/mobbin-sides/screen-flows/meetup/019-meetup-user-profile-c71563b8-a52e-4983-bef7-d80f476040af/005-1f5e15aa-1e23-41b6-845c-25336618c90c-downloadableSrc-541b7119c48b.webp
c71563b8-a52e-4983-bef7-d80f476040af,User profile,9866ea6d-c9b7-49a5-acb6-1b6e8e8c9cbd,Meetup,f1a4823a-e8cb-43e3-b5de-154b04f6f243,5,6,cac33ed8-e1df-4e88-8c2a-9b1f7a3d6d12,true,downloadableSrc,200,image/webp,104992,104992,942d695f31511edab5fbf353e4c76c0b857e50928c8ca408b83de6bb5c35ce3f,1179,2676,,,bytescale.mobbin.com,f7a1807c1ac98ccf0eecf5078d61346ac9a94ca37a547f5708d580528c9e55c0,/Users/user/mobbin-sides/screen-flows/meetup/019-meetup-user-profile-c71563b8-a52e-4983-bef7-d80f476040af/006-cac33ed8-e1df-4e88-8c2a-9b1f7a3d6d12-downloadableSrc-942d695f3151.webp
f4dabad6-12f5-4b26-bc43-5012ac49a5c1,Sending a friend request,9866ea6d-c9b7-49a5-acb6-1b6e8e8c9cbd,Meetup,f1a4823a-e8cb-43e3-b5de-154b04f6f243,0,1,f00951ae-e9a2-450b-969d-3d0588a8c97b,true,downloadableSrc,200,image/webp,156540,156540,b8dfb1c161d238c0b67e1a2c81d0ccf70548a9468f02eb6662837494f4c2ce99,1179,2676,,,bytescale.mobbin.com,f7a1807c1ac98ccf0eecf5078d61346ac9a94ca37a547f5708d580528c9e55c0,/Users/user/mobbin-sides/screen-flows/meetup/020-meetup-sending-a-friend-request-f4dabad6-12f5-4b26-bc43-5012ac49a5c1/001-f00951ae-e9a2-450b-969d-3d0588a8c97b-downloadableSrc-b8dfb1c161d2.webp
f4dabad6-12f5-4b26-bc43-5012ac49a5c1,Sending a friend request,9866ea6d-c9b7-49a5-acb6-1b6e8e8c9cbd,Meetup,f1a4823a-e8cb-43e3-b5de-154b04f6f243,1,2,9826fad4-6875-463e-9667-daf582d2553e,true,downloadableSrc,200,image/webp,154996,154996,be65d37770462ca360546cfaf02f82055ebfb69112b565965f1c8f594c74884d,1179,2676,,,bytescale.mobbin.com,f7a1807c1ac98ccf0eecf5078d61346ac9a94ca37a547f5708d580528c9e55c0,/Users/user/mobbin-sides/screen-flows/meetup/020-meetup-sending-a-friend-request-f4dabad6-12f5-4b26-bc43-5012ac49a5c1/002-9826fad4-6875-463e-9667-daf582d2553e-downloadableSrc-be65d3777046.webp
f4dabad6-12f5-4b26-bc43-5012ac49a5c1,Sending a friend request,9866ea6d-c9b7-49a5-acb6-1b6e8e8c9cbd,Meetup,f1a4823a-e8cb-43e3-b5de-154b04f6f243,2,3,4eb6fafd-0421-438d-9a78-2fb6f9958aec,true,downloadableSrc,200,image/webp,155712,155712,f5268a988bb4780752b3c71d61a1260a8b6ef785e7e350ae13fe084377f0fc6a,1179,2676,,,bytescale.mobbin.com,f7a1807c1ac98ccf0eecf5078d61346ac9a94ca37a547f5708d580528c9e55c0,/Users/user/mobbin-sides/screen-flows/meetup/020-meetup-sending-a-friend-request-f4dabad6-12f5-4b26-bc43-5012ac49a5c1/003-4eb6fafd-0421-438d-9a78-2fb6f9958aec-downloadableSrc-f5268a988bb4.webp
ac955739-5379-4b67-8c1c-e7d519a9aea0,Blocking a user,9866ea6d-c9b7-49a5-acb6-1b6e8e8c9cbd,Meetup,f1a4823a-e8cb-43e3-b5de-154b04f6f243,0,1,f00951ae-e9a2-450b-969d-3d0588a8c97b,true,downloadableSrc,200,image/webp,156540,156540,b8dfb1c161d238c0b67e1a2c81d0ccf70548a9468f02eb6662837494f4c2ce99,1179,2676,,,bytescale.mobbin.com,f7a1807c1ac98ccf0eecf5078d61346ac9a94ca37a547f5708d580528c9e55c0,/Users/user/mobbin-sides/screen-flows/meetup/021-meetup-blocking-a-user-ac955739-5379-4b67-8c1c-e7d519a9aea0/001-f00951ae-e9a2-450b-969d-3d0588a8c97b-downloadableSrc-b8dfb1c161d2.webp
ac955739-5379-4b67-8c1c-e7d519a9aea0,Blocking a user,9866ea6d-c9b7-49a5-acb6-1b6e8e8c9cbd,Meetup,f1a4823a-e8cb-43e3-b5de-154b04f6f243,1,2,5b1b5db8-2aeb-4e2e-beb9-53b1ce9a7c59,true,downloadableSrc,200,image/webp,142136,142136,faf68445aeb8cb8f54bc10455a488d6bef561f7664a16ebfd8b3561d8d36d7c2,1179,2676,,,bytescale.mobbin.com,f7a1807c1ac98ccf0eecf5078d61346ac9a94ca37a547f5708d580528c9e55c0,/Users/user/mobbin-sides/screen-flows/meetup/021-meetup-blocking-a-user-ac955739-5379-4b67-8c1c-e7d519a9aea0/002-5b1b5db8-2aeb-4e2e-beb9-53b1ce9a7c59-downloadableSrc-faf68445aeb8.webp
ac955739-5379-4b67-8c1c-e7d519a9aea0,Blocking a user,9866ea6d-c9b7-49a5-acb6-1b6e8e8c9cbd,Meetup,f1a4823a-e8cb-43e3-b5de-154b04f6f243,2,3,33905092-acc4-4f8e-b9a8-fa3a3d165d33,true,downloadableSrc,200,image/webp,160344,160344,0f7b98f9f93aa74ff7cda115c47cac127f0458b81de7950f6726df955144aade,1179,2676,,,bytescale.mobbin.com,f7a1807c1ac98ccf0eecf5078d61346ac9a94ca37a547f5708d580528c9e55c0,/Users/user/mobbin-sides/screen-flows/meetup/021-meetup-blocking-a-user-ac955739-5379-4b67-8c1c-e7d519a9aea0/003-33905092-acc4-4f8e-b9a8-fa3a3d165d33-downloadableSrc-0f7b98f9f93a.webp
08b9c2ed-9323-431a-8788-bd7cb1f7bb40,Reporting a user,9866ea6d-c9b7-49a5-acb6-1b6e8e8c9cbd,Meetup,f1a4823a-e8cb-43e3-b5de-154b04f6f243,0,1,5b1b5db8-2aeb-4e2e-beb9-53b1ce9a7c59,true,downloadableSrc,200,image/webp,142136,142136,faf68445aeb8cb8f54bc10455a488d6bef561f7664a16ebfd8b3561d8d36d7c2,1179,2676,,,bytescale.mobbin.com,f7a1807c1ac98ccf0eecf5078d61346ac9a94ca37a547f5708d580528c9e55c0,/Users/user/mobbin-sides/screen-flows/meetup/022-meetup-reporting-a-user-08b9c2ed-9323-431a-8788-bd7cb1f7bb40/001-5b1b5db8-2aeb-4e2e-beb9-53b1ce9a7c59-downloadableSrc-faf68445aeb8.webp
08b9c2ed-9323-431a-8788-bd7cb1f7bb40,Reporting a user,9866ea6d-c9b7-49a5-acb6-1b6e8e8c9cbd,Meetup,f1a4823a-e8cb-43e3-b5de-154b04f6f243,1,2,d0e386e5-db95-49b2-af07-8d3d81e5536a,true,downloadableSrc,200,image/webp,60030,60030,39ec5514e8344f7b0c3327ff6cad503b63eb317e2ad4a2a6a888a4931f11a2d9,1179,2676,,,bytescale.mobbin.com,f7a1807c1ac98ccf0eecf5078d61346ac9a94ca37a547f5708d580528c9e55c0,/Users/user/mobbin-sides/screen-flows/meetup/022-meetup-reporting-a-user-08b9c2ed-9323-431a-8788-bd7cb1f7bb40/002-d0e386e5-db95-49b2-af07-8d3d81e5536a-downloadableSrc-39ec5514e834.webp
08b9c2ed-9323-431a-8788-bd7cb1f7bb40,Reporting a user,9866ea6d-c9b7-49a5-acb6-1b6e8e8c9cbd,Meetup,f1a4823a-e8cb-43e3-b5de-154b04f6f243,2,3,e30604af-ffb0-4667-b839-fcb3952238fd,true,downloadableSrc,200,image/webp,63930,63930,cf483425ebbd8a90a5f13282beb4ed11c049fbf7d267e8b2741b15e8f0378682,1179,2676,,,bytescale.mobbin.com,f7a1807c1ac98ccf0eecf5078d61346ac9a94ca37a547f5708d580528c9e55c0,/Users/user/mobbin-sides/screen-flows/meetup/022-meetup-reporting-a-user-08b9c2ed-9323-431a-8788-bd7cb1f7bb40/003-e30604af-ffb0-4667-b839-fcb3952238fd-downloadableSrc-cf483425ebbd.webp
08b9c2ed-9323-431a-8788-bd7cb1f7bb40,Reporting a user,9866ea6d-c9b7-49a5-acb6-1b6e8e8c9cbd,Meetup,f1a4823a-e8cb-43e3-b5de-154b04f6f243,3,4,6a72c77b-6df8-4be1-97a4-f1b1a314ec48,true,downloadableSrc,200,image/webp,96244,96244,5cc3b2e9e74110876a4e68976e521e13d20a83d119c19ba97f4fa969eca88acc,1179,2676,,,bytescale.mobbin.com,f7a1807c1ac98ccf0eecf5078d61346ac9a94ca37a547f5708d580528c9e55c0,/Users/user/mobbin-sides/screen-flows/meetup/022-meetup-reporting-a-user-08b9c2ed-9323-431a-8788-bd7cb1f7bb40/004-6a72c77b-6df8-4be1-97a4-f1b1a314ec48-downloadableSrc-5cc3b2e9e741.webp
08b9c2ed-9323-431a-8788-bd7cb1f7bb40,Reporting a user,9866ea6d-c9b7-49a5-acb6-1b6e8e8c9cbd,Meetup,f1a4823a-e8cb-43e3-b5de-154b04f6f243,4,5,0ad0a671-5503-4496-a990-0148fc27f79b,true,downloadableSrc,200,image/webp,81644,81644,a0133d8ce7d23a9f4936bc5bf2e381e183d658c23e085056d81a10d493455c78,1179,2676,,,bytescale.mobbin.com,f7a1807c1ac98ccf0eecf5078d61346ac9a94ca37a547f5708d580528c9e55c0,/Users/user/mobbin-sides/screen-flows/meetup/022-meetup-reporting-a-user-08b9c2ed-9323-431a-8788-bd7cb1f7bb40/005-0ad0a671-5503-4496-a990-0148fc27f79b-downloadableSrc-a0133d8ce7d2.webp
08b9c2ed-9323-431a-8788-bd7cb1f7bb40,Reporting a user,9866ea6d-c9b7-49a5-acb6-1b6e8e8c9cbd,Meetup,f1a4823a-e8cb-43e3-b5de-154b04f6f243,5,6,ddec002a-9d84-4654-b341-b15428bd6d1f,true,downloadableSrc,200,image/webp,102306,102306,1e3c13b807d012196906beda92dfaa0b629c9c0292ff1cf22b4ca0dc262ae16d,1179,2676,,,bytescale.mobbin.com,f7a1807c1ac98ccf0eecf5078d61346ac9a94ca37a547f5708d580528c9e55c0,/Users/user/mobbin-sides/screen-flows/meetup/022-meetup-reporting-a-user-08b9c2ed-9323-431a-8788-bd7cb1f7bb40/006-ddec002a-9d84-4654-b341-b15428bd6d1f-downloadableSrc-1e3c13b807d0.webp
08b9c2ed-9323-431a-8788-bd7cb1f7bb40,Reporting a user,9866ea6d-c9b7-49a5-acb6-1b6e8e8c9cbd,Meetup,f1a4823a-e8cb-43e3-b5de-154b04f6f243,6,7,f7234961-92b5-48f4-96df-b007fcf79324,true,downloadableSrc,200,image/webp,86196,86196,5d9567b2264b7e1317d02557022e77754c2eacca50619334191f3b24999373a5,1179,2676,,,bytescale.mobbin.com,f7a1807c1ac98ccf0eecf5078d61346ac9a94ca37a547f5708d580528c9e55c0,/Users/user/mobbin-sides/screen-flows/meetup/022-meetup-reporting-a-user-08b9c2ed-9323-431a-8788-bd7cb1f7bb40/007-f7234961-92b5-48f4-96df-b007fcf79324-downloadableSrc-5d9567b2264b.webp
08b9c2ed-9323-431a-8788-bd7cb1f7bb40,Reporting a user,9866ea6d-c9b7-49a5-acb6-1b6e8e8c9cbd,Meetup,f1a4823a-e8cb-43e3-b5de-154b04f6f243,7,8,88db91fa-c6b2-4592-a6a8-ef69171a257b,true,downloadableSrc,200,image/webp,83772,83772,ac3724b1fdc6bc6a969eea32c7a207e0013ca31f535e0f590f53291f5358d42b,1179,2676,,,bytescale.mobbin.com,f7a1807c1ac98ccf0eecf5078d61346ac9a94ca37a547f5708d580528c9e55c0,/Users/user/mobbin-sides/screen-flows/meetup/022-meetup-reporting-a-user-08b9c2ed-9323-431a-8788-bd7cb1f7bb40/008-88db91fa-c6b2-4592-a6a8-ef69171a257b-downloadableSrc-ac3724b1fdc6.webp
08b9c2ed-9323-431a-8788-bd7cb1f7bb40,Reporting a user,9866ea6d-c9b7-49a5-acb6-1b6e8e8c9cbd,Meetup,f1a4823a-e8cb-43e3-b5de-154b04f6f243,8,9,a438d7d4-c70b-4094-9875-825eb71a6174,true,downloadableSrc,200,image/webp,69788,69788,c9f074303359eae39627e2ae9b48ace1a46543bc6d142a41f000e8a613caa29d,1179,2676,,,bytescale.mobbin.com,f7a1807c1ac98ccf0eecf5078d61346ac9a94ca37a547f5708d580528c9e55c0,/Users/user/mobbin-sides/screen-flows/meetup/022-meetup-reporting-a-user-08b9c2ed-9323-431a-8788-bd7cb1f7bb40/009-a438d7d4-c70b-4094-9875-825eb71a6174-downloadableSrc-c9f074303359.webp
130c5b57-7598-4846-aa07-8f51201d913d,Liking a comment,9866ea6d-c9b7-49a5-acb6-1b6e8e8c9cbd,Meetup,f1a4823a-e8cb-43e3-b5de-154b04f6f243,0,1,da067995-0b09-4958-9166-0d5a88d68214,true,downloadableSrc,200,image/webp,101776,101776,af59b57d228192bc11977a9cd6ec151b243646cc75c43fba7c48cfe0db38487c,1179,2676,,,bytescale.mobbin.com,f7a1807c1ac98ccf0eecf5078d61346ac9a94ca37a547f5708d580528c9e55c0,/Users/user/mobbin-sides/screen-flows/meetup/023-meetup-liking-a-comment-130c5b57-7598-4846-aa07-8f51201d913d/001-da067995-0b09-4958-9166-0d5a88d68214-downloadableSrc-af59b57d2281.webp
130c5b57-7598-4846-aa07-8f51201d913d,Liking a comment,9866ea6d-c9b7-49a5-acb6-1b6e8e8c9cbd,Meetup,f1a4823a-e8cb-43e3-b5de-154b04f6f243,1,2,22455735-3298-4be3-8a41-24bfe39990d2,true,downloadableSrc,200,image/webp,103144,103144,cb3ab67629313d53ac2aa55f6bd3382ca12f3224d20df6868575bb13354dbd20,1179,2676,,,bytescale.mobbin.com,f7a1807c1ac98ccf0eecf5078d61346ac9a94ca37a547f5708d580528c9e55c0,/Users/user/mobbin-sides/screen-flows/meetup/023-meetup-liking-a-comment-130c5b57-7598-4846-aa07-8f51201d913d/002-22455735-3298-4be3-8a41-24bfe39990d2-downloadableSrc-cb3ab6762931.webp
ad431a80-4feb-47b3-8d87-8717e7dae7e3,Replying to a comment,9866ea6d-c9b7-49a5-acb6-1b6e8e8c9cbd,Meetup,f1a4823a-e8cb-43e3-b5de-154b04f6f243,0,1,da067995-0b09-4958-9166-0d5a88d68214,true,downloadableSrc,200,image/webp,101776,101776,af59b57d228192bc11977a9cd6ec151b243646cc75c43fba7c48cfe0db38487c,1179,2676,,,bytescale.mobbin.com,f7a1807c1ac98ccf0eecf5078d61346ac9a94ca37a547f5708d580528c9e55c0,/Users/user/mobbin-sides/screen-flows/meetup/024-meetup-replying-to-a-comment-ad431a80-4feb-47b3-8d87-8717e7dae7e3/001-da067995-0b09-4958-9166-0d5a88d68214-downloadableSrc-af59b57d2281.webp
ad431a80-4feb-47b3-8d87-8717e7dae7e3,Replying to a comment,9866ea6d-c9b7-49a5-acb6-1b6e8e8c9cbd,Meetup,f1a4823a-e8cb-43e3-b5de-154b04f6f243,1,2,2c281730-8ed5-4926-bdff-9e2e91f55704,true,downloadableSrc,200,image/webp,41270,41270,8a016854a0c7725a27fdaa09c64ce55d6363ad0091a8504d4f34f796139659be,1179,2676,,,bytescale.mobbin.com,f7a1807c1ac98ccf0eecf5078d61346ac9a94ca37a547f5708d580528c9e55c0,/Users/user/mobbin-sides/screen-flows/meetup/024-meetup-replying-to-a-comment-ad431a80-4feb-47b3-8d87-8717e7dae7e3/002-2c281730-8ed5-4926-bdff-9e2e91f55704-downloadableSrc-8a016854a0c7.webp
ad431a80-4feb-47b3-8d87-8717e7dae7e3,Replying to a comment,9866ea6d-c9b7-49a5-acb6-1b6e8e8c9cbd,Meetup,f1a4823a-e8cb-43e3-b5de-154b04f6f243,2,3,4eb0b7e6-acf8-4858-b054-63c9a9e04c78,true,downloadableSrc,200,image/webp,63646,63646,4b9301c4811df9253faa5363ca6c45ece83dc76d40e9e2d07b0aa110b6f8ac81,1179,2676,,,bytescale.mobbin.com,f7a1807c1ac98ccf0eecf5078d61346ac9a94ca37a547f5708d580528c9e55c0,/Users/user/mobbin-sides/screen-flows/meetup/024-meetup-replying-to-a-comment-ad431a80-4feb-47b3-8d87-8717e7dae7e3/003-4eb0b7e6-acf8-4858-b054-63c9a9e04c78-downloadableSrc-4b9301c4811d.webp
ad431a80-4feb-47b3-8d87-8717e7dae7e3,Replying to a comment,9866ea6d-c9b7-49a5-acb6-1b6e8e8c9cbd,Meetup,f1a4823a-e8cb-43e3-b5de-154b04f6f243,3,4,8ab0b5a2-76ee-4c8d-89e0-a33fcb1f890d,true,downloadableSrc,200,image/webp,41602,41602,c9ec2e115057540c57d5a9c95d59021d88bf803ae7523c5fee960e0f56ab32c5,1179,2676,,,bytescale.mobbin.com,f7a1807c1ac98ccf0eecf5078d61346ac9a94ca37a547f5708d580528c9e55c0,/Users/user/mobbin-sides/screen-flows/meetup/024-meetup-replying-to-a-comment-ad431a80-4feb-47b3-8d87-8717e7dae7e3/004-8ab0b5a2-76ee-4c8d-89e0-a33fcb1f890d-downloadableSrc-c9ec2e115057.webp
ad431a80-4feb-47b3-8d87-8717e7dae7e3,Replying to a comment,9866ea6d-c9b7-49a5-acb6-1b6e8e8c9cbd,Meetup,f1a4823a-e8cb-43e3-b5de-154b04f6f243,4,5,0341b6c5-7cd4-49b8-b904-6b189bb85c8e,true,downloadableSrc,200,image/webp,89540,89540,e1a3c0c10819bc0a556c353a3b545e5bb46cbb37e0a3dde55834c48c0bcea226,1179,2676,,,bytescale.mobbin.com,f7a1807c1ac98ccf0eecf5078d61346ac9a94ca37a547f5708d580528c9e55c0,/Users/user/mobbin-sides/screen-flows/meetup/024-meetup-replying-to-a-comment-ad431a80-4feb-47b3-8d87-8717e7dae7e3/005-0341b6c5-7cd4-49b8-b904-6b189bb85c8e-downloadableSrc-e1a3c0c10819.webp
38744b65-7534-4212-89c2-7bc597c3a399,Commenting on an event,9866ea6d-c9b7-49a5-acb6-1b6e8e8c9cbd,Meetup,f1a4823a-e8cb-43e3-b5de-154b04f6f243,0,1,9f5d62f8-ad1f-4019-9414-aa8d161e14f7,true,downloadableSrc,200,image/webp,165870,165870,edabbbfa79553fab07da1c4f2bb69bd0ab35a7e1cc93ea7859671cfbaf7c02c1,1179,2676,,,bytescale.mobbin.com,f7a1807c1ac98ccf0eecf5078d61346ac9a94ca37a547f5708d580528c9e55c0,/Users/user/mobbin-sides/screen-flows/meetup/025-meetup-commenting-on-an-event-38744b65-7534-4212-89c2-7bc597c3a399/001-9f5d62f8-ad1f-4019-9414-aa8d161e14f7-downloadableSrc-edabbbfa7955.webp
38744b65-7534-4212-89c2-7bc597c3a399,Commenting on an event,9866ea6d-c9b7-49a5-acb6-1b6e8e8c9cbd,Meetup,f1a4823a-e8cb-43e3-b5de-154b04f6f243,1,2,3907de07-885a-4c2b-9972-eb00b3ecbb92,true,downloadableSrc,200,image/webp,33456,33456,00bacd0bc48a39252326ceeecf78eaeda63f7d7ba5330ff8687da8e8442ad668,1179,2676,,,bytescale.mobbin.com,f7a1807c1ac98ccf0eecf5078d61346ac9a94ca37a547f5708d580528c9e55c0,/Users/user/mobbin-sides/screen-flows/meetup/025-meetup-commenting-on-an-event-38744b65-7534-4212-89c2-7bc597c3a399/002-3907de07-885a-4c2b-9972-eb00b3ecbb92-downloadableSrc-00bacd0bc48a.webp
38744b65-7534-4212-89c2-7bc597c3a399,Commenting on an event,9866ea6d-c9b7-49a5-acb6-1b6e8e8c9cbd,Meetup,f1a4823a-e8cb-43e3-b5de-154b04f6f243,2,3,46cfad26-4848-4157-835d-d59052a3c367,true,downloadableSrc,200,image/webp,58822,58822,98763316c25f2f625677e26ee0cc5e4bf398f63c62125ced3b872af0d7ac1edd,1179,2676,,,bytescale.mobbin.com,f7a1807c1ac98ccf0eecf5078d61346ac9a94ca37a547f5708d580528c9e55c0,/Users/user/mobbin-sides/screen-flows/meetup/025-meetup-commenting-on-an-event-38744b65-7534-4212-89c2-7bc597c3a399/003-46cfad26-4848-4157-835d-d59052a3c367-downloadableSrc-98763316c25f.webp
38744b65-7534-4212-89c2-7bc597c3a399,Commenting on an event,9866ea6d-c9b7-49a5-acb6-1b6e8e8c9cbd,Meetup,f1a4823a-e8cb-43e3-b5de-154b04f6f243,3,4,f524b867-cbd4-407f-ae29-81b021071026,true,downloadableSrc,200,image/webp,83904,83904,3f980881a52707beb3930b6f7c16adf616eb23d0a8cabd38a9954c6de128b700,1179,2676,,,bytescale.mobbin.com,f7a1807c1ac98ccf0eecf5078d61346ac9a94ca37a547f5708d580528c9e55c0,/Users/user/mobbin-sides/screen-flows/meetup/025-meetup-commenting-on-an-event-38744b65-7534-4212-89c2-7bc597c3a399/004-f524b867-cbd4-407f-ae29-81b021071026-downloadableSrc-3f980881a527.webp
ce7263da-aaa0-46e9-904a-08f0db0579d5,Deleting a comment,9866ea6d-c9b7-49a5-acb6-1b6e8e8c9cbd,Meetup,f1a4823a-e8cb-43e3-b5de-154b04f6f243,0,1,f524b867-cbd4-407f-ae29-81b021071026,true,downloadableSrc,200,image/webp,83904,83904,3f980881a52707beb3930b6f7c16adf616eb23d0a8cabd38a9954c6de128b700,1179,2676,,,bytescale.mobbin.com,f7a1807c1ac98ccf0eecf5078d61346ac9a94ca37a547f5708d580528c9e55c0,/Users/user/mobbin-sides/screen-flows/meetup/026-meetup-deleting-a-comment-ce7263da-aaa0-46e9-904a-08f0db0579d5/001-f524b867-cbd4-407f-ae29-81b021071026-downloadableSrc-3f980881a527.webp
ce7263da-aaa0-46e9-904a-08f0db0579d5,Deleting a comment,9866ea6d-c9b7-49a5-acb6-1b6e8e8c9cbd,Meetup,f1a4823a-e8cb-43e3-b5de-154b04f6f243,1,2,fa7b4936-53a7-421d-ac90-53ef110093c3,true,downloadableSrc,200,image/webp,92996,92996,dc4bcecbf9afe17dfd922db3203fd58c0b3533e61b3d7de43666816918a34da1,1179,2676,,,bytescale.mobbin.com,f7a1807c1ac98ccf0eecf5078d61346ac9a94ca37a547f5708d580528c9e55c0,/Users/user/mobbin-sides/screen-flows/meetup/026-meetup-deleting-a-comment-ce7263da-aaa0-46e9-904a-08f0db0579d5/002-fa7b4936-53a7-421d-ac90-53ef110093c3-downloadableSrc-dc4bcecbf9af.webp
ce7263da-aaa0-46e9-904a-08f0db0579d5,Deleting a comment,9866ea6d-c9b7-49a5-acb6-1b6e8e8c9cbd,Meetup,f1a4823a-e8cb-43e3-b5de-154b04f6f243,2,3,0c341bfc-9508-4555-854c-1224856f5331,true,downloadableSrc,200,image/webp,95906,95906,8c459d92f2c8a072befcb28b263a2d28a8659e294c4a589cbcb230c75cc30f8b,1179,2676,,,bytescale.mobbin.com,f7a1807c1ac98ccf0eecf5078d61346ac9a94ca37a547f5708d580528c9e55c0,/Users/user/mobbin-sides/screen-flows/meetup/026-meetup-deleting-a-comment-ce7263da-aaa0-46e9-904a-08f0db0579d5/003-0c341bfc-9508-4555-854c-1224856f5331-downloadableSrc-8c459d92f2c8.webp
ce7263da-aaa0-46e9-904a-08f0db0579d5,Deleting a comment,9866ea6d-c9b7-49a5-acb6-1b6e8e8c9cbd,Meetup,f1a4823a-e8cb-43e3-b5de-154b04f6f243,3,4,0341b6c5-7cd4-49b8-b904-6b189bb85c8e,true,downloadableSrc,200,image/webp,89540,89540,e1a3c0c10819bc0a556c353a3b545e5bb46cbb37e0a3dde55834c48c0bcea226,1179,2676,,,bytescale.mobbin.com,f7a1807c1ac98ccf0eecf5078d61346ac9a94ca37a547f5708d580528c9e55c0,/Users/user/mobbin-sides/screen-flows/meetup/026-meetup-deleting-a-comment-ce7263da-aaa0-46e9-904a-08f0db0579d5/004-0341b6c5-7cd4-49b8-b904-6b189bb85c8e-downloadableSrc-e1a3c0c10819.webp
d7a10c07-7c64-433f-a8eb-ae75043e6902,Saving an event,9866ea6d-c9b7-49a5-acb6-1b6e8e8c9cbd,Meetup,f1a4823a-e8cb-43e3-b5de-154b04f6f243,0,1,ccf7a31f-7fbb-4f23-afaa-2499aceabd0a,true,downloadableSrc,200,image/webp,194154,194154,e4278c6496f5b0673e9b9da68f331fc690f9e18e03560ad2e420a154bd40685d,1179,2676,,,bytescale.mobbin.com,f7a1807c1ac98ccf0eecf5078d61346ac9a94ca37a547f5708d580528c9e55c0,/Users/user/mobbin-sides/screen-flows/meetup/027-meetup-saving-an-event-d7a10c07-7c64-433f-a8eb-ae75043e6902/001-ccf7a31f-7fbb-4f23-afaa-2499aceabd0a-downloadableSrc-e4278c6496f5.webp
d7a10c07-7c64-433f-a8eb-ae75043e6902,Saving an event,9866ea6d-c9b7-49a5-acb6-1b6e8e8c9cbd,Meetup,f1a4823a-e8cb-43e3-b5de-154b04f6f243,1,2,6dc52154-97d5-4988-8955-6dac3cf75475,true,downloadableSrc,200,image/webp,173518,173518,95bd87a8274eeaaefcec891f86e6e837adc6dd5ea37207a12b4320e421197fdd,1179,2676,,,bytescale.mobbin.com,f7a1807c1ac98ccf0eecf5078d61346ac9a94ca37a547f5708d580528c9e55c0,/Users/user/mobbin-sides/screen-flows/meetup/027-meetup-saving-an-event-d7a10c07-7c64-433f-a8eb-ae75043e6902/002-6dc52154-97d5-4988-8955-6dac3cf75475-downloadableSrc-95bd87a8274e.webp
d7a10c07-7c64-433f-a8eb-ae75043e6902,Saving an event,9866ea6d-c9b7-49a5-acb6-1b6e8e8c9cbd,Meetup,f1a4823a-e8cb-43e3-b5de-154b04f6f243,2,3,23cb7fc1-cf80-4b12-8f56-59f1c2f7eb43,true,downloadableSrc,200,image/webp,173632,173632,5960dfb1e7a12b43f5a4d0d645d04d5d47f3c2f9eb7b9e4a43618cdf27d6a434,1179,2676,,,bytescale.mobbin.com,f7a1807c1ac98ccf0eecf5078d61346ac9a94ca37a547f5708d580528c9e55c0,/Users/user/mobbin-sides/screen-flows/meetup/027-meetup-saving-an-event-d7a10c07-7c64-433f-a8eb-ae75043e6902/003-23cb7fc1-cf80-4b12-8f56-59f1c2f7eb43-downloadableSrc-5960dfb1e7a1.webp
5bc224d9-993a-4998-a846-c44b0ff9b443,Searching events,9866ea6d-c9b7-49a5-acb6-1b6e8e8c9cbd,Meetup,f1a4823a-e8cb-43e3-b5de-154b04f6f243,0,1,b90f2c78-8dbb-4d60-bca2-4b1affa58fcc,true,downloadableSrc,200,image/webp,273948,273948,ca2701b1fafbc3af5980fe7d16a32582c09bb8b28d0993033a58a2004e5ed4a5,1179,2676,,,bytescale.mobbin.com,f7a1807c1ac98ccf0eecf5078d61346ac9a94ca37a547f5708d580528c9e55c0,/Users/user/mobbin-sides/screen-flows/meetup/028-meetup-searching-events-5bc224d9-993a-4998-a846-c44b0ff9b443/001-b90f2c78-8dbb-4d60-bca2-4b1affa58fcc-downloadableSrc-ca2701b1fafb.webp
5bc224d9-993a-4998-a846-c44b0ff9b443,Searching events,9866ea6d-c9b7-49a5-acb6-1b6e8e8c9cbd,Meetup,f1a4823a-e8cb-43e3-b5de-154b04f6f243,1,2,81104427-5f95-41d4-88a1-1f3eb33599e0,true,downloadableSrc,200,image/webp,50968,50968,8b9993932f1ce57b0cf44a28ef25b1a732dd9b07440ec57e5e4427e12d91a89c,1179,2676,,,bytescale.mobbin.com,f7a1807c1ac98ccf0eecf5078d61346ac9a94ca37a547f5708d580528c9e55c0,/Users/user/mobbin-sides/screen-flows/meetup/028-meetup-searching-events-5bc224d9-993a-4998-a846-c44b0ff9b443/002-81104427-5f95-41d4-88a1-1f3eb33599e0-downloadableSrc-8b9993932f1c.webp
5bc224d9-993a-4998-a846-c44b0ff9b443,Searching events,9866ea6d-c9b7-49a5-acb6-1b6e8e8c9cbd,Meetup,f1a4823a-e8cb-43e3-b5de-154b04f6f243,2,3,ab8d67e6-7c24-4a49-840a-107b0c087c70,true,downloadableSrc,200,image/webp,56234,56234,ee948d72221c7b579a0466585f66a652428210c9ed2914f21782c16d732ce91e,1179,2676,,,bytescale.mobbin.com,f7a1807c1ac98ccf0eecf5078d61346ac9a94ca37a547f5708d580528c9e55c0,/Users/user/mobbin-sides/screen-flows/meetup/028-meetup-searching-events-5bc224d9-993a-4998-a846-c44b0ff9b443/003-ab8d67e6-7c24-4a49-840a-107b0c087c70-downloadableSrc-ee948d72221c.webp
5bc224d9-993a-4998-a846-c44b0ff9b443,Searching events,9866ea6d-c9b7-49a5-acb6-1b6e8e8c9cbd,Meetup,f1a4823a-e8cb-43e3-b5de-154b04f6f243,3,4,afd3b51e-f70f-48da-bcce-6af145b82d50,true,downloadableSrc,200,image/webp,70868,70868,6c6ec2a4070761d45037d6c29b2b552d1b2e8f9e7eb477b1efaeed2a6183f488,1179,2676,,,bytescale.mobbin.com,f7a1807c1ac98ccf0eecf5078d61346ac9a94ca37a547f5708d580528c9e55c0,/Users/user/mobbin-sides/screen-flows/meetup/028-meetup-searching-events-5bc224d9-993a-4998-a846-c44b0ff9b443/004-afd3b51e-f70f-48da-bcce-6af145b82d50-downloadableSrc-6c6ec2a40707.webp
5bc224d9-993a-4998-a846-c44b0ff9b443,Searching events,9866ea6d-c9b7-49a5-acb6-1b6e8e8c9cbd,Meetup,f1a4823a-e8cb-43e3-b5de-154b04f6f243,4,5,241815e3-0a2c-4842-8e8f-0d38efa752ec,true,downloadableSrc,200,image/webp,58408,58408,869ed1a0f0a245597dc6c351afe149bbaddf1b4f07cec474203dabb87aed1d68,1179,2676,,,bytescale.mobbin.com,f7a1807c1ac98ccf0eecf5078d61346ac9a94ca37a547f5708d580528c9e55c0,/Users/user/mobbin-sides/screen-flows/meetup/028-meetup-searching-events-5bc224d9-993a-4998-a846-c44b0ff9b443/005-241815e3-0a2c-4842-8e8f-0d38efa752ec-downloadableSrc-869ed1a0f0a2.webp
5bc224d9-993a-4998-a846-c44b0ff9b443,Searching events,9866ea6d-c9b7-49a5-acb6-1b6e8e8c9cbd,Meetup,f1a4823a-e8cb-43e3-b5de-154b04f6f243,5,6,dc184cbe-1dce-439d-8d30-3e4c0c0b5ca8,true,downloadableSrc,200,image/webp,63096,63096,ff46a79a8d3f33650aa697f88715e955db87d9510ef3ed4683b6065376591839,1179,2676,,,bytescale.mobbin.com,f7a1807c1ac98ccf0eecf5078d61346ac9a94ca37a547f5708d580528c9e55c0,/Users/user/mobbin-sides/screen-flows/meetup/028-meetup-searching-events-5bc224d9-993a-4998-a846-c44b0ff9b443/006-dc184cbe-1dce-439d-8d30-3e4c0c0b5ca8-downloadableSrc-ff46a79a8d3f.webp
5bc224d9-993a-4998-a846-c44b0ff9b443,Searching events,9866ea6d-c9b7-49a5-acb6-1b6e8e8c9cbd,Meetup,f1a4823a-e8cb-43e3-b5de-154b04f6f243,6,7,369ae91d-3093-44c5-84a2-cfefa44b60f2,true,downloadableSrc,200,image/webp,221734,221734,c805f8a07bc53f70aa870c4bf18c6dd104250894302186b3a56abe2981bf4536,1179,2676,,,bytescale.mobbin.com,f7a1807c1ac98ccf0eecf5078d61346ac9a94ca37a547f5708d580528c9e55c0,/Users/user/mobbin-sides/screen-flows/meetup/028-meetup-searching-events-5bc224d9-993a-4998-a846-c44b0ff9b443/007-369ae91d-3093-44c5-84a2-cfefa44b60f2-downloadableSrc-c805f8a07bc5.webp
8457f24b-9583-4641-a39f-52d44a64e877,Searching groups,9866ea6d-c9b7-49a5-acb6-1b6e8e8c9cbd,Meetup,f1a4823a-e8cb-43e3-b5de-154b04f6f243,0,1,81104427-5f95-41d4-88a1-1f3eb33599e0,true,downloadableSrc,200,image/webp,50968,50968,8b9993932f1ce57b0cf44a28ef25b1a732dd9b07440ec57e5e4427e12d91a89c,1179,2676,,,bytescale.mobbin.com,f7a1807c1ac98ccf0eecf5078d61346ac9a94ca37a547f5708d580528c9e55c0,/Users/user/mobbin-sides/screen-flows/meetup/029-meetup-searching-groups-8457f24b-9583-4641-a39f-52d44a64e877/001-81104427-5f95-41d4-88a1-1f3eb33599e0-downloadableSrc-8b9993932f1c.webp
8457f24b-9583-4641-a39f-52d44a64e877,Searching groups,9866ea6d-c9b7-49a5-acb6-1b6e8e8c9cbd,Meetup,f1a4823a-e8cb-43e3-b5de-154b04f6f243,1,2,7daf27e7-b1ec-4515-b519-40b783514bd8,true,downloadableSrc,200,image/webp,57442,57442,d148d1e94976572567fcf9c1e106ca435c5df203d9d0746af58e448eaee3bfa7,1179,2676,,,bytescale.mobbin.com,f7a1807c1ac98ccf0eecf5078d61346ac9a94ca37a547f5708d580528c9e55c0,/Users/user/mobbin-sides/screen-flows/meetup/029-meetup-searching-groups-8457f24b-9583-4641-a39f-52d44a64e877/002-7daf27e7-b1ec-4515-b519-40b783514bd8-downloadableSrc-d148d1e94976.webp
8457f24b-9583-4641-a39f-52d44a64e877,Searching groups,9866ea6d-c9b7-49a5-acb6-1b6e8e8c9cbd,Meetup,f1a4823a-e8cb-43e3-b5de-154b04f6f243,2,3,f9f68e37-9227-4533-9580-889effb18d75,true,downloadableSrc,200,image/webp,67882,67882,e154a0371aecb7d16d992f8d27a03b48dcb78c0e883b70c149a44a7b85a08155,1179,2676,,,bytescale.mobbin.com,f7a1807c1ac98ccf0eecf5078d61346ac9a94ca37a547f5708d580528c9e55c0,/Users/user/mobbin-sides/screen-flows/meetup/029-meetup-searching-groups-8457f24b-9583-4641-a39f-52d44a64e877/003-f9f68e37-9227-4533-9580-889effb18d75-downloadableSrc-e154a0371aec.webp
8457f24b-9583-4641-a39f-52d44a64e877,Searching groups,9866ea6d-c9b7-49a5-acb6-1b6e8e8c9cbd,Meetup,f1a4823a-e8cb-43e3-b5de-154b04f6f243,3,4,84a6aed6-4561-443c-987d-1e660f09e29d,true,downloadableSrc,200,image/webp,85494,85494,a5f5fbfdc6f3ddd7a45c8a4e273da446e3228920548b85a9d1cae92d0cb3e8b3,1179,2676,,,bytescale.mobbin.com,f7a1807c1ac98ccf0eecf5078d61346ac9a94ca37a547f5708d580528c9e55c0,/Users/user/mobbin-sides/screen-flows/meetup/029-meetup-searching-groups-8457f24b-9583-4641-a39f-52d44a64e877/004-84a6aed6-4561-443c-987d-1e660f09e29d-downloadableSrc-a5f5fbfdc6f3.webp
6f210df5-2064-45b2-bea5-02b8f46bedc6,Popular groups,9866ea6d-c9b7-49a5-acb6-1b6e8e8c9cbd,Meetup,f1a4823a-e8cb-43e3-b5de-154b04f6f243,0,1,f9f68e37-9227-4533-9580-889effb18d75,true,downloadableSrc,200,image/webp,67882,67882,e154a0371aecb7d16d992f8d27a03b48dcb78c0e883b70c149a44a7b85a08155,1179,2676,,,bytescale.mobbin.com,f7a1807c1ac98ccf0eecf5078d61346ac9a94ca37a547f5708d580528c9e55c0,/Users/user/mobbin-sides/screen-flows/meetup/030-meetup-popular-groups-6f210df5-2064-45b2-bea5-02b8f46bedc6/001-f9f68e37-9227-4533-9580-889effb18d75-downloadableSrc-e154a0371aec.webp
6f210df5-2064-45b2-bea5-02b8f46bedc6,Popular groups,9866ea6d-c9b7-49a5-acb6-1b6e8e8c9cbd,Meetup,f1a4823a-e8cb-43e3-b5de-154b04f6f243,1,2,a269d8cc-3e63-497b-bc4b-a57251f20a42,true,downloadableSrc,200,image/webp,124040,124040,4c1855ade3737f79c89e16464f182ae56b58d83c0b72dbed79a2118c7715e244,1179,2676,,,bytescale.mobbin.com,f7a1807c1ac98ccf0eecf5078d61346ac9a94ca37a547f5708d580528c9e55c0,/Users/user/mobbin-sides/screen-flows/meetup/030-meetup-popular-groups-6f210df5-2064-45b2-bea5-02b8f46bedc6/002-a269d8cc-3e63-497b-bc4b-a57251f20a42-downloadableSrc-4c1855ade373.webp
6f210df5-2064-45b2-bea5-02b8f46bedc6,Popular groups,9866ea6d-c9b7-49a5-acb6-1b6e8e8c9cbd,Meetup,f1a4823a-e8cb-43e3-b5de-154b04f6f243,2,3,303b5f13-3a13-4b20-809c-f356d6993248,true,downloadableSrc,200,image/webp,125044,125044,9cc4a814e128681f40d5a42eae9a5075914593954142f5ac318fae4edb9f127c,1179,2676,,,bytescale.mobbin.com,f7a1807c1ac98ccf0eecf5078d61346ac9a94ca37a547f5708d580528c9e55c0,/Users/user/mobbin-sides/screen-flows/meetup/030-meetup-popular-groups-6f210df5-2064-45b2-bea5-02b8f46bedc6/003-303b5f13-3a13-4b20-809c-f356d6993248-downloadableSrc-9cc4a814e128.webp
caf9fead-7201-44d2-9d9f-c284cae36130,Group detail,9866ea6d-c9b7-49a5-acb6-1b6e8e8c9cbd,Meetup,f1a4823a-e8cb-43e3-b5de-154b04f6f243,0,1,84a6aed6-4561-443c-987d-1e660f09e29d,true,downloadableSrc,200,image/webp,85494,85494,a5f5fbfdc6f3ddd7a45c8a4e273da446e3228920548b85a9d1cae92d0cb3e8b3,1179,2676,,,bytescale.mobbin.com,f7a1807c1ac98ccf0eecf5078d61346ac9a94ca37a547f5708d580528c9e55c0,/Users/user/mobbin-sides/screen-flows/meetup/031-meetup-group-detail-caf9fead-7201-44d2-9d9f-c284cae36130/001-84a6aed6-4561-443c-987d-1e660f09e29d-downloadableSrc-a5f5fbfdc6f3.webp
caf9fead-7201-44d2-9d9f-c284cae36130,Group detail,9866ea6d-c9b7-49a5-acb6-1b6e8e8c9cbd,Meetup,f1a4823a-e8cb-43e3-b5de-154b04f6f243,1,2,0341b80b-28fa-47a2-84b4-f021716a5d45,true,downloadableSrc,200,image/webp,100852,100852,178bf3be1d897fbcb0490409c42ec82d1fe904a2ee106c11860eccefa891f811,1179,2676,,,bytescale.mobbin.com,f7a1807c1ac98ccf0eecf5078d61346ac9a94ca37a547f5708d580528c9e55c0,/Users/user/mobbin-sides/screen-flows/meetup/031-meetup-group-detail-caf9fead-7201-44d2-9d9f-c284cae36130/002-0341b80b-28fa-47a2-84b4-f021716a5d45-downloadableSrc-178bf3be1d89.webp
caf9fead-7201-44d2-9d9f-c284cae36130,Group detail,9866ea6d-c9b7-49a5-acb6-1b6e8e8c9cbd,Meetup,f1a4823a-e8cb-43e3-b5de-154b04f6f243,2,3,e0de3cff-0079-4de9-9200-2999f271f72a,true,downloadableSrc,200,image/webp,104382,104382,1a41058df781a79348120cc1c61f82e887d9d34ff64c7fefee0c29712a5baae9,1179,2676,,,bytescale.mobbin.com,f7a1807c1ac98ccf0eecf5078d61346ac9a94ca37a547f5708d580528c9e55c0,/Users/user/mobbin-sides/screen-flows/meetup/031-meetup-group-detail-caf9fead-7201-44d2-9d9f-c284cae36130/003-e0de3cff-0079-4de9-9200-2999f271f72a-downloadableSrc-1a41058df781.webp
caf9fead-7201-44d2-9d9f-c284cae36130,Group detail,9866ea6d-c9b7-49a5-acb6-1b6e8e8c9cbd,Meetup,f1a4823a-e8cb-43e3-b5de-154b04f6f243,3,4,d28e6913-89f6-4f8a-844c-0048ee0c9343,true,downloadableSrc,200,image/webp,97656,97656,c2d2de94ee26adf3f68bac3f71da553b62dc18c6c5836ff5447840c852655172,1179,2676,,,bytescale.mobbin.com,f7a1807c1ac98ccf0eecf5078d61346ac9a94ca37a547f5708d580528c9e55c0,/Users/user/mobbin-sides/screen-flows/meetup/031-meetup-group-detail-caf9fead-7201-44d2-9d9f-c284cae36130/004-d28e6913-89f6-4f8a-844c-0048ee0c9343-downloadableSrc-c2d2de94ee26.webp
caf9fead-7201-44d2-9d9f-c284cae36130,Group detail,9866ea6d-c9b7-49a5-acb6-1b6e8e8c9cbd,Meetup,f1a4823a-e8cb-43e3-b5de-154b04f6f243,4,5,68d96359-019c-406e-aeb7-e4b16c4882c5,true,downloadableSrc,200,image/webp,105278,105278,c69e32fe0afc5477d95afde2168cc9f79dcd432e5b7f3e6542ae1f926c5e293c,1179,2676,,,bytescale.mobbin.com,f7a1807c1ac98ccf0eecf5078d61346ac9a94ca37a547f5708d580528c9e55c0,/Users/user/mobbin-sides/screen-flows/meetup/031-meetup-group-detail-caf9fead-7201-44d2-9d9f-c284cae36130/005-68d96359-019c-406e-aeb7-e4b16c4882c5-downloadableSrc-c69e32fe0afc.webp
5731d7db-2003-437e-9024-3155f50a344a,Joining a group,9866ea6d-c9b7-49a5-acb6-1b6e8e8c9cbd,Meetup,f1a4823a-e8cb-43e3-b5de-154b04f6f243,0,1,0341b80b-28fa-47a2-84b4-f021716a5d45,true,downloadableSrc,200,image/webp,100852,100852,178bf3be1d897fbcb0490409c42ec82d1fe904a2ee106c11860eccefa891f811,1179,2676,,,bytescale.mobbin.com,f7a1807c1ac98ccf0eecf5078d61346ac9a94ca37a547f5708d580528c9e55c0,/Users/user/mobbin-sides/screen-flows/meetup/032-meetup-joining-a-group-5731d7db-2003-437e-9024-3155f50a344a/001-0341b80b-28fa-47a2-84b4-f021716a5d45-downloadableSrc-178bf3be1d89.webp
5731d7db-2003-437e-9024-3155f50a344a,Joining a group,9866ea6d-c9b7-49a5-acb6-1b6e8e8c9cbd,Meetup,f1a4823a-e8cb-43e3-b5de-154b04f6f243,1,2,5596fb4c-f2e6-401b-844b-b7fd841a3bc6,true,downloadableSrc,200,image/webp,103434,103434,de38c28111e9b9ad01a141cafcc477773653c4afc8fecc71645e47ab0a62e697,1179,2676,,,bytescale.mobbin.com,f7a1807c1ac98ccf0eecf5078d61346ac9a94ca37a547f5708d580528c9e55c0,/Users/user/mobbin-sides/screen-flows/meetup/032-meetup-joining-a-group-5731d7db-2003-437e-9024-3155f50a344a/002-5596fb4c-f2e6-401b-844b-b7fd841a3bc6-downloadableSrc-de38c28111e9.webp
5731d7db-2003-437e-9024-3155f50a344a,Joining a group,9866ea6d-c9b7-49a5-acb6-1b6e8e8c9cbd,Meetup,f1a4823a-e8cb-43e3-b5de-154b04f6f243,2,3,7445cdd7-fadc-4605-97d8-f4aad89694e6,true,downloadableSrc,200,image/webp,135272,135272,7814ca646147867e9bd5242742bedbfc9fc15a5af4de78e33ed3ff2513cee5ed,1179,2676,,,bytescale.mobbin.com,f7a1807c1ac98ccf0eecf5078d61346ac9a94ca37a547f5708d580528c9e55c0,/Users/user/mobbin-sides/screen-flows/meetup/032-meetup-joining-a-group-5731d7db-2003-437e-9024-3155f50a344a/003-7445cdd7-fadc-4605-97d8-f4aad89694e6-downloadableSrc-7814ca646147.webp
6ebc14ea-30ad-4c88-bf41-b62d555d44a9,Turning off group notifications,9866ea6d-c9b7-49a5-acb6-1b6e8e8c9cbd,Meetup,f1a4823a-e8cb-43e3-b5de-154b04f6f243,0,1,e0de3cff-0079-4de9-9200-2999f271f72a,true,downloadableSrc,200,image/webp,104382,104382,1a41058df781a79348120cc1c61f82e887d9d34ff64c7fefee0c29712a5baae9,1179,2676,,,bytescale.mobbin.com,f7a1807c1ac98ccf0eecf5078d61346ac9a94ca37a547f5708d580528c9e55c0,/Users/user/mobbin-sides/screen-flows/meetup/033-meetup-turning-off-group-notifications-6ebc14ea-30ad-4c88-bf41-b62d555d44a9/001-e0de3cff-0079-4de9-9200-2999f271f72a-downloadableSrc-1a41058df781.webp
6ebc14ea-30ad-4c88-bf41-b62d555d44a9,Turning off group notifications,9866ea6d-c9b7-49a5-acb6-1b6e8e8c9cbd,Meetup,f1a4823a-e8cb-43e3-b5de-154b04f6f243,1,2,5c3c720d-7fb2-418e-9020-9fac8b813473,true,downloadableSrc,200,image/webp,121654,121654,cf0396b527b9114d6d6a500b2d29da2ad3861a0d92eaed2137edb5f9c5c0f132,1179,2676,,,bytescale.mobbin.com,f7a1807c1ac98ccf0eecf5078d61346ac9a94ca37a547f5708d580528c9e55c0,/Users/user/mobbin-sides/screen-flows/meetup/033-meetup-turning-off-group-notifications-6ebc14ea-30ad-4c88-bf41-b62d555d44a9/002-5c3c720d-7fb2-418e-9020-9fac8b813473-downloadableSrc-cf0396b527b9.webp
6ebc14ea-30ad-4c88-bf41-b62d555d44a9,Turning off group notifications,9866ea6d-c9b7-49a5-acb6-1b6e8e8c9cbd,Meetup,f1a4823a-e8cb-43e3-b5de-154b04f6f243,2,3,a7057490-79e6-4bda-b202-9c0212ee628e,true,downloadableSrc,200,image/webp,42744,42744,21b108c6897da238fca9b7eeb24f39050a54e2487cb30de88c9d1694fbc64cf9,1179,2676,,,bytescale.mobbin.com,f7a1807c1ac98ccf0eecf5078d61346ac9a94ca37a547f5708d580528c9e55c0,/Users/user/mobbin-sides/screen-flows/meetup/033-meetup-turning-off-group-notifications-6ebc14ea-30ad-4c88-bf41-b62d555d44a9/003-a7057490-79e6-4bda-b202-9c0212ee628e-downloadableSrc-21b108c6897d.webp
6ebc14ea-30ad-4c88-bf41-b62d555d44a9,Turning off group notifications,9866ea6d-c9b7-49a5-acb6-1b6e8e8c9cbd,Meetup,f1a4823a-e8cb-43e3-b5de-154b04f6f243,3,4,09f80e63-7f4f-42be-8ac8-a5c2d05f55a1,true,downloadableSrc,200,image/webp,32592,32592,624396f23fb3132b9dd62525c131354147bdd2b9d99cfbdb421c85b1d2e49ee1,1179,2676,,,bytescale.mobbin.com,f7a1807c1ac98ccf0eecf5078d61346ac9a94ca37a547f5708d580528c9e55c0,/Users/user/mobbin-sides/screen-flows/meetup/033-meetup-turning-off-group-notifications-6ebc14ea-30ad-4c88-bf41-b62d555d44a9/004-09f80e63-7f4f-42be-8ac8-a5c2d05f55a1-downloadableSrc-624396f23fb3.webp
892e3cd7-f097-478e-b8f5-fb6578d190dd,Leaving a group,9866ea6d-c9b7-49a5-acb6-1b6e8e8c9cbd,Meetup,f1a4823a-e8cb-43e3-b5de-154b04f6f243,0,1,5c3c720d-7fb2-418e-9020-9fac8b813473,true,downloadableSrc,200,image/webp,121654,121654,cf0396b527b9114d6d6a500b2d29da2ad3861a0d92eaed2137edb5f9c5c0f132,1179,2676,,,bytescale.mobbin.com,f7a1807c1ac98ccf0eecf5078d61346ac9a94ca37a547f5708d580528c9e55c0,/Users/user/mobbin-sides/screen-flows/meetup/034-meetup-leaving-a-group-892e3cd7-f097-478e-b8f5-fb6578d190dd/001-5c3c720d-7fb2-418e-9020-9fac8b813473-downloadableSrc-cf0396b527b9.webp
892e3cd7-f097-478e-b8f5-fb6578d190dd,Leaving a group,9866ea6d-c9b7-49a5-acb6-1b6e8e8c9cbd,Meetup,f1a4823a-e8cb-43e3-b5de-154b04f6f243,1,2,f6ea5ca6-82fa-4b23-83ad-bad9e6fdd96d,true,downloadableSrc,200,image/webp,89040,89040,ea25b195ac0c57569be79d272578ff6b5b284b1aa1013ce123bf89ca7256cd3d,1179,2676,,,bytescale.mobbin.com,f7a1807c1ac98ccf0eecf5078d61346ac9a94ca37a547f5708d580528c9e55c0,/Users/user/mobbin-sides/screen-flows/meetup/034-meetup-leaving-a-group-892e3cd7-f097-478e-b8f5-fb6578d190dd/002-f6ea5ca6-82fa-4b23-83ad-bad9e6fdd96d-downloadableSrc-ea25b195ac0c.webp
892e3cd7-f097-478e-b8f5-fb6578d190dd,Leaving a group,9866ea6d-c9b7-49a5-acb6-1b6e8e8c9cbd,Meetup,f1a4823a-e8cb-43e3-b5de-154b04f6f243,2,3,0341b80b-28fa-47a2-84b4-f021716a5d45,true,downloadableSrc,200,image/webp,100852,100852,178bf3be1d897fbcb0490409c42ec82d1fe904a2ee106c11860eccefa891f811,1179,2676,,,bytescale.mobbin.com,f7a1807c1ac98ccf0eecf5078d61346ac9a94ca37a547f5708d580528c9e55c0,/Users/user/mobbin-sides/screen-flows/meetup/034-meetup-leaving-a-group-892e3cd7-f097-478e-b8f5-fb6578d190dd/003-0341b80b-28fa-47a2-84b4-f021716a5d45-downloadableSrc-178bf3be1d89.webp
908e9530-ba8c-4e40-bed2-f776589e8514,Group reviews,9866ea6d-c9b7-49a5-acb6-1b6e8e8c9cbd,Meetup,f1a4823a-e8cb-43e3-b5de-154b04f6f243,0,1,e0de3cff-0079-4de9-9200-2999f271f72a,true,downloadableSrc,200,image/webp,104382,104382,1a41058df781a79348120cc1c61f82e887d9d34ff64c7fefee0c29712a5baae9,1179,2676,,,bytescale.mobbin.com,f7a1807c1ac98ccf0eecf5078d61346ac9a94ca37a547f5708d580528c9e55c0,/Users/user/mobbin-sides/screen-flows/meetup/035-meetup-group-reviews-908e9530-ba8c-4e40-bed2-f776589e8514/001-e0de3cff-0079-4de9-9200-2999f271f72a-downloadableSrc-1a41058df781.webp
908e9530-ba8c-4e40-bed2-f776589e8514,Group reviews,9866ea6d-c9b7-49a5-acb6-1b6e8e8c9cbd,Meetup,f1a4823a-e8cb-43e3-b5de-154b04f6f243,1,2,09a6882e-20af-4b02-9178-7137e24fdf43,true,downloadableSrc,200,image/webp,64456,64456,d9ed327ca629cee1af826b6a228fccfc80596e7b8970e0becfbc2d626d79af26,1179,2676,,,bytescale.mobbin.com,f7a1807c1ac98ccf0eecf5078d61346ac9a94ca37a547f5708d580528c9e55c0,/Users/user/mobbin-sides/screen-flows/meetup/035-meetup-group-reviews-908e9530-ba8c-4e40-bed2-f776589e8514/002-09a6882e-20af-4b02-9178-7137e24fdf43-downloadableSrc-d9ed327ca629.webp
908e9530-ba8c-4e40-bed2-f776589e8514,Group reviews,9866ea6d-c9b7-49a5-acb6-1b6e8e8c9cbd,Meetup,f1a4823a-e8cb-43e3-b5de-154b04f6f243,2,3,3bd84777-e9ac-4868-b1a1-ed23ae6630f5,true,downloadableSrc,200,image/webp,52416,52416,82c16fc6da2662c2c76e6f9f0ef76f35d73e75cc39f810c1e57e2f11ca6a2da6,1179,2676,,,bytescale.mobbin.com,f7a1807c1ac98ccf0eecf5078d61346ac9a94ca37a547f5708d580528c9e55c0,/Users/user/mobbin-sides/screen-flows/meetup/035-meetup-group-reviews-908e9530-ba8c-4e40-bed2-f776589e8514/003-3bd84777-e9ac-4868-b1a1-ed23ae6630f5-downloadableSrc-82c16fc6da26.webp
908e9530-ba8c-4e40-bed2-f776589e8514,Group reviews,9866ea6d-c9b7-49a5-acb6-1b6e8e8c9cbd,Meetup,f1a4823a-e8cb-43e3-b5de-154b04f6f243,3,4,9450947c-920f-4409-860e-118e7f4da86f,true,downloadableSrc,200,image/webp,49330,49330,7902f27e2eaea3371949f00b24d2c87b8ae7b199ab87ff20c3c432c7be894814,1179,2676,,,bytescale.mobbin.com,f7a1807c1ac98ccf0eecf5078d61346ac9a94ca37a547f5708d580528c9e55c0,/Users/user/mobbin-sides/screen-flows/meetup/035-meetup-group-reviews-908e9530-ba8c-4e40-bed2-f776589e8514/004-9450947c-920f-4409-860e-118e7f4da86f-downloadableSrc-7902f27e2eae.webp
908e9530-ba8c-4e40-bed2-f776589e8514,Group reviews,9866ea6d-c9b7-49a5-acb6-1b6e8e8c9cbd,Meetup,f1a4823a-e8cb-43e3-b5de-154b04f6f243,4,5,6bd4d102-7a1e-4edd-ad6e-48d4b6212285,true,downloadableSrc,200,image/webp,79050,79050,6ebc9aca4b031661a77b7ae6e06a21a052f5c689c72e40e4056e8035f02355db,1179,2676,,,bytescale.mobbin.com,f7a1807c1ac98ccf0eecf5078d61346ac9a94ca37a547f5708d580528c9e55c0,/Users/user/mobbin-sides/screen-flows/meetup/035-meetup-group-reviews-908e9530-ba8c-4e40-bed2-f776589e8514/005-6bd4d102-7a1e-4edd-ad6e-48d4b6212285-downloadableSrc-6ebc9aca4b03.webp
5aee2874-d40b-41c6-b6d2-c2fa7c631375,Sorting reviews,9866ea6d-c9b7-49a5-acb6-1b6e8e8c9cbd,Meetup,f1a4823a-e8cb-43e3-b5de-154b04f6f243,0,1,6bd4d102-7a1e-4edd-ad6e-48d4b6212285,true,downloadableSrc,200,image/webp,79050,79050,6ebc9aca4b031661a77b7ae6e06a21a052f5c689c72e40e4056e8035f02355db,1179,2676,,,bytescale.mobbin.com,f7a1807c1ac98ccf0eecf5078d61346ac9a94ca37a547f5708d580528c9e55c0,/Users/user/mobbin-sides/screen-flows/meetup/036-meetup-sorting-reviews-5aee2874-d40b-41c6-b6d2-c2fa7c631375/001-6bd4d102-7a1e-4edd-ad6e-48d4b6212285-downloadableSrc-6ebc9aca4b03.webp
5aee2874-d40b-41c6-b6d2-c2fa7c631375,Sorting reviews,9866ea6d-c9b7-49a5-acb6-1b6e8e8c9cbd,Meetup,f1a4823a-e8cb-43e3-b5de-154b04f6f243,1,2,9a6d3fa6-3e12-4d59-b3fe-1b05b5015fc7,true,downloadableSrc,200,image/webp,47648,47648,11c36916453560756e567129521235e492b5360d7f0f89485107b8b536f1a2e2,1179,2676,,,bytescale.mobbin.com,f7a1807c1ac98ccf0eecf5078d61346ac9a94ca37a547f5708d580528c9e55c0,/Users/user/mobbin-sides/screen-flows/meetup/036-meetup-sorting-reviews-5aee2874-d40b-41c6-b6d2-c2fa7c631375/002-9a6d3fa6-3e12-4d59-b3fe-1b05b5015fc7-downloadableSrc-11c369164535.webp
5aee2874-d40b-41c6-b6d2-c2fa7c631375,Sorting reviews,9866ea6d-c9b7-49a5-acb6-1b6e8e8c9cbd,Meetup,f1a4823a-e8cb-43e3-b5de-154b04f6f243,2,3,9cbcbf7d-c60f-43b9-8e32-8a63d02b2374,true,downloadableSrc,200,image/webp,79640,79640,4a54917903697de9e4916c9f656f2a28f728788b2c48c621c6cd7789f92e9c29,1179,2676,,,bytescale.mobbin.com,f7a1807c1ac98ccf0eecf5078d61346ac9a94ca37a547f5708d580528c9e55c0,/Users/user/mobbin-sides/screen-flows/meetup/036-meetup-sorting-reviews-5aee2874-d40b-41c6-b6d2-c2fa7c631375/003-9cbcbf7d-c60f-43b9-8e32-8a63d02b2374-downloadableSrc-4a5491790369.webp
00665867-69b6-4bc8-9fb7-52b942e05546,Home,9866ea6d-c9b7-49a5-acb6-1b6e8e8c9cbd,Meetup,f1a4823a-e8cb-43e3-b5de-154b04f6f243,0,1,b90f2c78-8dbb-4d60-bca2-4b1affa58fcc,true,downloadableSrc,200,image/webp,273948,273948,ca2701b1fafbc3af5980fe7d16a32582c09bb8b28d0993033a58a2004e5ed4a5,1179,2676,,,bytescale.mobbin.com,f7a1807c1ac98ccf0eecf5078d61346ac9a94ca37a547f5708d580528c9e55c0,/Users/user/mobbin-sides/screen-flows/meetup/037-meetup-home-00665867-69b6-4bc8-9fb7-52b942e05546/001-b90f2c78-8dbb-4d60-bca2-4b1affa58fcc-downloadableSrc-ca2701b1fafb.webp
00665867-69b6-4bc8-9fb7-52b942e05546,Home,9866ea6d-c9b7-49a5-acb6-1b6e8e8c9cbd,Meetup,f1a4823a-e8cb-43e3-b5de-154b04f6f243,1,2,0072c542-3013-4dd1-adfd-05501bd1076d,true,downloadableSrc,200,image/webp,150178,150178,ef7c0318212718222b02f7c02d6c4d08ba8bce8c4cd2ada9cbedc45a155ded5f,1179,2676,,,bytescale.mobbin.com,f7a1807c1ac98ccf0eecf5078d61346ac9a94ca37a547f5708d580528c9e55c0,/Users/user/mobbin-sides/screen-flows/meetup/037-meetup-home-00665867-69b6-4bc8-9fb7-52b942e05546/002-0072c542-3013-4dd1-adfd-05501bd1076d-downloadableSrc-ef7c03182127.webp
00665867-69b6-4bc8-9fb7-52b942e05546,Home,9866ea6d-c9b7-49a5-acb6-1b6e8e8c9cbd,Meetup,f1a4823a-e8cb-43e3-b5de-154b04f6f243,2,3,6bd6f052-9f86-4111-b6cf-59e35c3085fb,true,downloadableSrc,200,image/webp,162570,162570,836e4663858d16a2bc126c6f12bd56048057827a5fd86be60f41a3fa4201b42f,1179,2676,,,bytescale.mobbin.com,f7a1807c1ac98ccf0eecf5078d61346ac9a94ca37a547f5708d580528c9e55c0,/Users/user/mobbin-sides/screen-flows/meetup/037-meetup-home-00665867-69b6-4bc8-9fb7-52b942e05546/003-6bd6f052-9f86-4111-b6cf-59e35c3085fb-downloadableSrc-836e4663858d.webp
00665867-69b6-4bc8-9fb7-52b942e05546,Home,9866ea6d-c9b7-49a5-acb6-1b6e8e8c9cbd,Meetup,f1a4823a-e8cb-43e3-b5de-154b04f6f243,3,4,662f6722-eca0-4ca7-9a3e-ba589067884b,true,downloadableSrc,200,image/webp,128098,128098,7f7aeba0754aa719d54893b834a8b91d93467bab0e1d33c4ad6b62f420be3900,1179,2676,,,bytescale.mobbin.com,f7a1807c1ac98ccf0eecf5078d61346ac9a94ca37a547f5708d580528c9e55c0,/Users/user/mobbin-sides/screen-flows/meetup/037-meetup-home-00665867-69b6-4bc8-9fb7-52b942e05546/004-662f6722-eca0-4ca7-9a3e-ba589067884b-downloadableSrc-7f7aeba0754a.webp
00665867-69b6-4bc8-9fb7-52b942e05546,Home,9866ea6d-c9b7-49a5-acb6-1b6e8e8c9cbd,Meetup,f1a4823a-e8cb-43e3-b5de-154b04f6f243,4,5,b99188cb-7a5a-4d08-8bb5-fe86cd4cba50,true,downloadableSrc,200,image/webp,184326,184326,5cd18ad3be41b25daf1be667d4a5a1818c5df8b4dfa6c185eee44d4793beba87,1179,2676,,,bytescale.mobbin.com,f7a1807c1ac98ccf0eecf5078d61346ac9a94ca37a547f5708d580528c9e55c0,/Users/user/mobbin-sides/screen-flows/meetup/037-meetup-home-00665867-69b6-4bc8-9fb7-52b942e05546/005-b99188cb-7a5a-4d08-8bb5-fe86cd4cba50-downloadableSrc-5cd18ad3be41.webp
00665867-69b6-4bc8-9fb7-52b942e05546,Home,9866ea6d-c9b7-49a5-acb6-1b6e8e8c9cbd,Meetup,f1a4823a-e8cb-43e3-b5de-154b04f6f243,5,6,e560b483-da2d-446e-b96d-ff99b2fd648c,true,downloadableSrc,200,image/webp,158328,158328,8ded846860eff66062a546315cf3efd28668ddb3507e3859c6b70888cf9c8a99,1179,2676,,,bytescale.mobbin.com,f7a1807c1ac98ccf0eecf5078d61346ac9a94ca37a547f5708d580528c9e55c0,/Users/user/mobbin-sides/screen-flows/meetup/037-meetup-home-00665867-69b6-4bc8-9fb7-52b942e05546/006-e560b483-da2d-446e-b96d-ff99b2fd648c-downloadableSrc-8ded846860ef.webp
00665867-69b6-4bc8-9fb7-52b942e05546,Home,9866ea6d-c9b7-49a5-acb6-1b6e8e8c9cbd,Meetup,f1a4823a-e8cb-43e3-b5de-154b04f6f243,6,7,b311a711-5a18-42f2-bb8b-72c81a8a2884,true,downloadableSrc,200,image/webp,128552,128552,f915e1ba964830baefb1c27aed82254f4b16f3634f8f4f249514b97b0feb4458,1179,2676,,,bytescale.mobbin.com,f7a1807c1ac98ccf0eecf5078d61346ac9a94ca37a547f5708d580528c9e55c0,/Users/user/mobbin-sides/screen-flows/meetup/037-meetup-home-00665867-69b6-4bc8-9fb7-52b942e05546/007-b311a711-5a18-42f2-bb8b-72c81a8a2884-downloadableSrc-f915e1ba9648.webp
60643510-5b25-4fc3-94f9-69d754dff968,Create an event (past),9866ea6d-c9b7-49a5-acb6-1b6e8e8c9cbd,Meetup,f1a4823a-e8cb-43e3-b5de-154b04f6f243,0,1,6bd6f052-9f86-4111-b6cf-59e35c3085fb,true,downloadableSrc,200,image/webp,162570,162570,836e4663858d16a2bc126c6f12bd56048057827a5fd86be60f41a3fa4201b42f,1179,2676,,,bytescale.mobbin.com,f7a1807c1ac98ccf0eecf5078d61346ac9a94ca37a547f5708d580528c9e55c0,/Users/user/mobbin-sides/screen-flows/meetup/038-meetup-create-an-event-past-60643510-5b25-4fc3-94f9-69d754dff968/001-6bd6f052-9f86-4111-b6cf-59e35c3085fb-downloadableSrc-836e4663858d.webp
60643510-5b25-4fc3-94f9-69d754dff968,Create an event (past),9866ea6d-c9b7-49a5-acb6-1b6e8e8c9cbd,Meetup,f1a4823a-e8cb-43e3-b5de-154b04f6f243,1,2,648369dd-a7d4-4f86-b185-b5c1107f2116,true,downloadableSrc,200,image/webp,31388,31388,8fdf7e98e2d6d767ea74b2155a025a8a324f7d873f455042f6e3db5bfaefeb5e,1179,2676,,,bytescale.mobbin.com,f7a1807c1ac98ccf0eecf5078d61346ac9a94ca37a547f5708d580528c9e55c0,/Users/user/mobbin-sides/screen-flows/meetup/038-meetup-create-an-event-past-60643510-5b25-4fc3-94f9-69d754dff968/002-648369dd-a7d4-4f86-b185-b5c1107f2116-downloadableSrc-8fdf7e98e2d6.webp
60643510-5b25-4fc3-94f9-69d754dff968,Create an event (past),9866ea6d-c9b7-49a5-acb6-1b6e8e8c9cbd,Meetup,f1a4823a-e8cb-43e3-b5de-154b04f6f243,2,3,57665717-97a2-4ec4-ac8d-7fcda83ae500,true,downloadableSrc,200,image/webp,45500,45500,2f670bf09d421210e3cb9318521aa29a65affbf70748ee59af184f898d4d230a,1179,2676,,,bytescale.mobbin.com,f7a1807c1ac98ccf0eecf5078d61346ac9a94ca37a547f5708d580528c9e55c0,/Users/user/mobbin-sides/screen-flows/meetup/038-meetup-create-an-event-past-60643510-5b25-4fc3-94f9-69d754dff968/003-57665717-97a2-4ec4-ac8d-7fcda83ae500-downloadableSrc-2f670bf09d42.webp
60643510-5b25-4fc3-94f9-69d754dff968,Create an event (past),9866ea6d-c9b7-49a5-acb6-1b6e8e8c9cbd,Meetup,f1a4823a-e8cb-43e3-b5de-154b04f6f243,3,4,b3ffa767-4ccc-48c6-81ee-2b1252dcb6a3,true,downloadableSrc,200,image/webp,37616,37616,ffa7cb9f5319fb00626c15cb72e0a91e87fe5d45c14a54e4eda3a6ef4363baf1,1179,2676,,,bytescale.mobbin.com,f7a1807c1ac98ccf0eecf5078d61346ac9a94ca37a547f5708d580528c9e55c0,/Users/user/mobbin-sides/screen-flows/meetup/038-meetup-create-an-event-past-60643510-5b25-4fc3-94f9-69d754dff968/004-b3ffa767-4ccc-48c6-81ee-2b1252dcb6a3-downloadableSrc-ffa7cb9f5319.webp
60643510-5b25-4fc3-94f9-69d754dff968,Create an event (past),9866ea6d-c9b7-49a5-acb6-1b6e8e8c9cbd,Meetup,f1a4823a-e8cb-43e3-b5de-154b04f6f243,4,5,1857b40c-5b28-42af-bf31-bad69e22939f,true,downloadableSrc,200,image/webp,103662,103662,b2ed7f0994d18325ec2366bb44ae660c2b19301ca2d961a3e40b03ffb25f2db0,1179,2676,,,bytescale.mobbin.com,f7a1807c1ac98ccf0eecf5078d61346ac9a94ca37a547f5708d580528c9e55c0,/Users/user/mobbin-sides/screen-flows/meetup/038-meetup-create-an-event-past-60643510-5b25-4fc3-94f9-69d754dff968/005-1857b40c-5b28-42af-bf31-bad69e22939f-downloadableSrc-b2ed7f0994d1.webp
4c879eef-05b3-46f1-b28a-f35084fd2092,Creating an event (from scratch),9866ea6d-c9b7-49a5-acb6-1b6e8e8c9cbd,Meetup,f1a4823a-e8cb-43e3-b5de-154b04f6f243,0,1,648369dd-a7d4-4f86-b185-b5c1107f2116,true,downloadableSrc,200,image/webp,31388,31388,8fdf7e98e2d6d767ea74b2155a025a8a324f7d873f455042f6e3db5bfaefeb5e,1179,2676,,,bytescale.mobbin.com,f7a1807c1ac98ccf0eecf5078d61346ac9a94ca37a547f5708d580528c9e55c0,/Users/user/mobbin-sides/screen-flows/meetup/039-meetup-creating-an-event-from-scratch-4c879eef-05b3-46f1-b28a-f35084fd2092/001-648369dd-a7d4-4f86-b185-b5c1107f2116-downloadableSrc-8fdf7e98e2d6.webp
4c879eef-05b3-46f1-b28a-f35084fd2092,Creating an event (from scratch),9866ea6d-c9b7-49a5-acb6-1b6e8e8c9cbd,Meetup,f1a4823a-e8cb-43e3-b5de-154b04f6f243,1,2,950ab604-2a9c-4581-aa4d-830797bddbe2,true,downloadableSrc,200,image/webp,95086,95086,2e3fad18b833d6b57650b9800d62d843494b5ee437170311fc592776e8e2f56b,1179,2676,,,bytescale.mobbin.com,f7a1807c1ac98ccf0eecf5078d61346ac9a94ca37a547f5708d580528c9e55c0,/Users/user/mobbin-sides/screen-flows/meetup/039-meetup-creating-an-event-from-scratch-4c879eef-05b3-46f1-b28a-f35084fd2092/002-950ab604-2a9c-4581-aa4d-830797bddbe2-downloadableSrc-2e3fad18b833.webp
4c879eef-05b3-46f1-b28a-f35084fd2092,Creating an event (from scratch),9866ea6d-c9b7-49a5-acb6-1b6e8e8c9cbd,Meetup,f1a4823a-e8cb-43e3-b5de-154b04f6f243,2,3,7d3a540c-c6cd-4798-9892-e43aeebc3249,true,downloadableSrc,200,image/webp,93832,93832,dba33be3ab1eee9d2f9e645110624ebfdeaaee4bb561ee8678690e881c599077,1179,2676,,,bytescale.mobbin.com,f7a1807c1ac98ccf0eecf5078d61346ac9a94ca37a547f5708d580528c9e55c0,/Users/user/mobbin-sides/screen-flows/meetup/039-meetup-creating-an-event-from-scratch-4c879eef-05b3-46f1-b28a-f35084fd2092/003-7d3a540c-c6cd-4798-9892-e43aeebc3249-downloadableSrc-dba33be3ab1e.webp
4c879eef-05b3-46f1-b28a-f35084fd2092,Creating an event (from scratch),9866ea6d-c9b7-49a5-acb6-1b6e8e8c9cbd,Meetup,f1a4823a-e8cb-43e3-b5de-154b04f6f243,3,4,9c06cc6f-5aba-4d90-8768-5f50cefc1223,true,downloadableSrc,200,image/webp,104994,104994,776dc9e50ff938d49451762bb1eefb3dc25adfae7e4f5656260969a674afcc97,1179,2676,,,bytescale.mobbin.com,f7a1807c1ac98ccf0eecf5078d61346ac9a94ca37a547f5708d580528c9e55c0,/Users/user/mobbin-sides/screen-flows/meetup/039-meetup-creating-an-event-from-scratch-4c879eef-05b3-46f1-b28a-f35084fd2092/004-9c06cc6f-5aba-4d90-8768-5f50cefc1223-downloadableSrc-776dc9e50ff9.webp
4c879eef-05b3-46f1-b28a-f35084fd2092,Creating an event (from scratch),9866ea6d-c9b7-49a5-acb6-1b6e8e8c9cbd,Meetup,f1a4823a-e8cb-43e3-b5de-154b04f6f243,4,5,b859877e-d77f-404f-a784-5aa6f1adffaa,true,downloadableSrc,200,image/webp,68532,68532,f51cfc9db46bd30936c4b45dc68d08f29446fb570c7b2679ce64292cd1301409,1179,2676,,,bytescale.mobbin.com,f7a1807c1ac98ccf0eecf5078d61346ac9a94ca37a547f5708d580528c9e55c0,/Users/user/mobbin-sides/screen-flows/meetup/039-meetup-creating-an-event-from-scratch-4c879eef-05b3-46f1-b28a-f35084fd2092/005-b859877e-d77f-404f-a784-5aa6f1adffaa-downloadableSrc-f51cfc9db46b.webp
4c879eef-05b3-46f1-b28a-f35084fd2092,Creating an event (from scratch),9866ea6d-c9b7-49a5-acb6-1b6e8e8c9cbd,Meetup,f1a4823a-e8cb-43e3-b5de-154b04f6f243,5,6,7399614b-79a7-4b22-b485-ab7758bd9e24,true,downloadableSrc,200,image/webp,76002,76002,3aa2c8c6f26386c0231a87ee12611a261e2fe72e41fcab4ec804a367d0b85cac,1179,2676,,,bytescale.mobbin.com,f7a1807c1ac98ccf0eecf5078d61346ac9a94ca37a547f5708d580528c9e55c0,/Users/user/mobbin-sides/screen-flows/meetup/039-meetup-creating-an-event-from-scratch-4c879eef-05b3-46f1-b28a-f35084fd2092/006-7399614b-79a7-4b22-b485-ab7758bd9e24-downloadableSrc-3aa2c8c6f263.webp
4c879eef-05b3-46f1-b28a-f35084fd2092,Creating an event (from scratch),9866ea6d-c9b7-49a5-acb6-1b6e8e8c9cbd,Meetup,f1a4823a-e8cb-43e3-b5de-154b04f6f243,6,7,57c0dfd6-e9ed-4ce7-bf82-a04d7c273876,true,downloadableSrc,200,image/webp,53714,53714,bb03cb1e56dc8ede8241158f90120e00da1a66abca1aabe7dec01b1784a1ef0b,1179,2676,,,bytescale.mobbin.com,f7a1807c1ac98ccf0eecf5078d61346ac9a94ca37a547f5708d580528c9e55c0,/Users/user/mobbin-sides/screen-flows/meetup/039-meetup-creating-an-event-from-scratch-4c879eef-05b3-46f1-b28a-f35084fd2092/007-57c0dfd6-e9ed-4ce7-bf82-a04d7c273876-downloadableSrc-bb03cb1e56dc.webp
4c879eef-05b3-46f1-b28a-f35084fd2092,Creating an event (from scratch),9866ea6d-c9b7-49a5-acb6-1b6e8e8c9cbd,Meetup,f1a4823a-e8cb-43e3-b5de-154b04f6f243,7,8,c67963df-64f0-4307-a2eb-b5d249af040b,true,downloadableSrc,200,image/webp,60802,60802,a81ffe7209f0b278482982f07069a153104f372abd5f110f94e1dde78788acf0,1179,2676,,,bytescale.mobbin.com,f7a1807c1ac98ccf0eecf5078d61346ac9a94ca37a547f5708d580528c9e55c0,/Users/user/mobbin-sides/screen-flows/meetup/039-meetup-creating-an-event-from-scratch-4c879eef-05b3-46f1-b28a-f35084fd2092/008-c67963df-64f0-4307-a2eb-b5d249af040b-downloadableSrc-a81ffe7209f0.webp
4c879eef-05b3-46f1-b28a-f35084fd2092,Creating an event (from scratch),9866ea6d-c9b7-49a5-acb6-1b6e8e8c9cbd,Meetup,f1a4823a-e8cb-43e3-b5de-154b04f6f243,8,9,f6164d56-e315-44c4-96cf-ac6cccfadda7,true,downloadableSrc,200,image/webp,66464,66464,66e6a9ed99c37c14103de5c7edc28fb1be169edb3e2e305a83aef217c6aa0575,1179,2676,,,bytescale.mobbin.com,f7a1807c1ac98ccf0eecf5078d61346ac9a94ca37a547f5708d580528c9e55c0,/Users/user/mobbin-sides/screen-flows/meetup/039-meetup-creating-an-event-from-scratch-4c879eef-05b3-46f1-b28a-f35084fd2092/009-f6164d56-e315-44c4-96cf-ac6cccfadda7-downloadableSrc-66e6a9ed99c3.webp
4c879eef-05b3-46f1-b28a-f35084fd2092,Creating an event (from scratch),9866ea6d-c9b7-49a5-acb6-1b6e8e8c9cbd,Meetup,f1a4823a-e8cb-43e3-b5de-154b04f6f243,9,10,d792b765-7b1b-4c30-bc4c-b9c31d6fcd43,true,downloadableSrc,200,image/webp,62828,62828,684f1fa5aad2b5cdb91daeb604052c5078981e656cc4a0c7e7bafb767e7f67b2,1179,2676,,,bytescale.mobbin.com,f7a1807c1ac98ccf0eecf5078d61346ac9a94ca37a547f5708d580528c9e55c0,/Users/user/mobbin-sides/screen-flows/meetup/039-meetup-creating-an-event-from-scratch-4c879eef-05b3-46f1-b28a-f35084fd2092/010-d792b765-7b1b-4c30-bc4c-b9c31d6fcd43-downloadableSrc-684f1fa5aad2.webp
4c879eef-05b3-46f1-b28a-f35084fd2092,Creating an event (from scratch),9866ea6d-c9b7-49a5-acb6-1b6e8e8c9cbd,Meetup,f1a4823a-e8cb-43e3-b5de-154b04f6f243,10,11,de14d58d-6d4e-410f-9aaa-0c322c14f2b7,true,downloadableSrc,200,image/webp,62146,62146,78d6af4fd431b614407a4d18fe7d17ffb0cc0aa9e11de76c8db79e08cdd1315a,1179,2676,,,bytescale.mobbin.com,f7a1807c1ac98ccf0eecf5078d61346ac9a94ca37a547f5708d580528c9e55c0,/Users/user/mobbin-sides/screen-flows/meetup/039-meetup-creating-an-event-from-scratch-4c879eef-05b3-46f1-b28a-f35084fd2092/011-de14d58d-6d4e-410f-9aaa-0c322c14f2b7-downloadableSrc-78d6af4fd431.webp
4c879eef-05b3-46f1-b28a-f35084fd2092,Creating an event (from scratch),9866ea6d-c9b7-49a5-acb6-1b6e8e8c9cbd,Meetup,f1a4823a-e8cb-43e3-b5de-154b04f6f243,11,12,eb94768f-c757-4b69-9c14-510c5b506b57,true,downloadableSrc,200,image/webp,67218,67218,00af8f29941a1fba9dd1d437ebcfa067613b536147f7a7e7cc23728f52d3bc66,1179,2676,,,bytescale.mobbin.com,f7a1807c1ac98ccf0eecf5078d61346ac9a94ca37a547f5708d580528c9e55c0,/Users/user/mobbin-sides/screen-flows/meetup/039-meetup-creating-an-event-from-scratch-4c879eef-05b3-46f1-b28a-f35084fd2092/012-eb94768f-c757-4b69-9c14-510c5b506b57-downloadableSrc-00af8f29941a.webp
4c879eef-05b3-46f1-b28a-f35084fd2092,Creating an event (from scratch),9866ea6d-c9b7-49a5-acb6-1b6e8e8c9cbd,Meetup,f1a4823a-e8cb-43e3-b5de-154b04f6f243,12,13,7b8734b3-4553-4dac-ab9c-99b4eb1dd1b9,true,downloadableSrc,200,image/webp,77164,77164,1ebaab5a70aa61dc3ee3995b9f13aaed9e3080ffd7d45fecd5f935326c4ed08d,1179,2676,,,bytescale.mobbin.com,f7a1807c1ac98ccf0eecf5078d61346ac9a94ca37a547f5708d580528c9e55c0,/Users/user/mobbin-sides/screen-flows/meetup/039-meetup-creating-an-event-from-scratch-4c879eef-05b3-46f1-b28a-f35084fd2092/013-7b8734b3-4553-4dac-ab9c-99b4eb1dd1b9-downloadableSrc-1ebaab5a70aa.webp
4c879eef-05b3-46f1-b28a-f35084fd2092,Creating an event (from scratch),9866ea6d-c9b7-49a5-acb6-1b6e8e8c9cbd,Meetup,f1a4823a-e8cb-43e3-b5de-154b04f6f243,13,14,edeeabc9-6a4e-42c1-90e3-da44f13b74e2,true,downloadableSrc,200,image/webp,107282,107282,694f42da85fcc4f3da0a7c0170c79b9604e075dc5d9b39dabfced108a2ce9c83,1179,2676,,,bytescale.mobbin.com,f7a1807c1ac98ccf0eecf5078d61346ac9a94ca37a547f5708d580528c9e55c0,/Users/user/mobbin-sides/screen-flows/meetup/039-meetup-creating-an-event-from-scratch-4c879eef-05b3-46f1-b28a-f35084fd2092/014-edeeabc9-6a4e-42c1-90e3-da44f13b74e2-downloadableSrc-694f42da85fc.webp
4c879eef-05b3-46f1-b28a-f35084fd2092,Creating an event (from scratch),9866ea6d-c9b7-49a5-acb6-1b6e8e8c9cbd,Meetup,f1a4823a-e8cb-43e3-b5de-154b04f6f243,14,15,e32776bc-2760-43af-b2e9-9c7d1513d353,true,downloadableSrc,200,image/webp,109948,109948,cda87f0024721e18bf6c9f3e685134968ed57621750b51c76326b79526328c3a,1179,2676,,,bytescale.mobbin.com,f7a1807c1ac98ccf0eecf5078d61346ac9a94ca37a547f5708d580528c9e55c0,/Users/user/mobbin-sides/screen-flows/meetup/039-meetup-creating-an-event-from-scratch-4c879eef-05b3-46f1-b28a-f35084fd2092/015-e32776bc-2760-43af-b2e9-9c7d1513d353-downloadableSrc-cda87f002472.webp
4c879eef-05b3-46f1-b28a-f35084fd2092,Creating an event (from scratch),9866ea6d-c9b7-49a5-acb6-1b6e8e8c9cbd,Meetup,f1a4823a-e8cb-43e3-b5de-154b04f6f243,15,16,b8a692df-6101-48c8-863c-5bc297897dcd,true,downloadableSrc,200,image/webp,102642,102642,ede40ecd5ea8e7b09495b6e18f42668f782eb7ad0843e6046cf6d446a2d08127,1179,2676,,,bytescale.mobbin.com,f7a1807c1ac98ccf0eecf5078d61346ac9a94ca37a547f5708d580528c9e55c0,/Users/user/mobbin-sides/screen-flows/meetup/039-meetup-creating-an-event-from-scratch-4c879eef-05b3-46f1-b28a-f35084fd2092/016-b8a692df-6101-48c8-863c-5bc297897dcd-downloadableSrc-ede40ecd5ea8.webp
4c879eef-05b3-46f1-b28a-f35084fd2092,Creating an event (from scratch),9866ea6d-c9b7-49a5-acb6-1b6e8e8c9cbd,Meetup,f1a4823a-e8cb-43e3-b5de-154b04f6f243,16,17,a254a70e-af30-4ece-a3f8-6e7999b3c309,true,downloadableSrc,200,image/webp,93248,93248,2f62ef85dd0e63b536496f2e0f2ff7ad3775131f420626a015af7c01d02addef,1179,2676,,,bytescale.mobbin.com,f7a1807c1ac98ccf0eecf5078d61346ac9a94ca37a547f5708d580528c9e55c0,/Users/user/mobbin-sides/screen-flows/meetup/039-meetup-creating-an-event-from-scratch-4c879eef-05b3-46f1-b28a-f35084fd2092/017-a254a70e-af30-4ece-a3f8-6e7999b3c309-downloadableSrc-2f62ef85dd0e.webp
15dd9d95-4c98-4382-95aa-0a0bbceb758c,Adding a location,9866ea6d-c9b7-49a5-acb6-1b6e8e8c9cbd,Meetup,f1a4823a-e8cb-43e3-b5de-154b04f6f243,0,1,57c0dfd6-e9ed-4ce7-bf82-a04d7c273876,true,downloadableSrc,200,image/webp,53714,53714,bb03cb1e56dc8ede8241158f90120e00da1a66abca1aabe7dec01b1784a1ef0b,1179,2676,,,bytescale.mobbin.com,f7a1807c1ac98ccf0eecf5078d61346ac9a94ca37a547f5708d580528c9e55c0,/Users/user/mobbin-sides/screen-flows/meetup/040-meetup-adding-a-location-15dd9d95-4c98-4382-95aa-0a0bbceb758c/001-57c0dfd6-e9ed-4ce7-bf82-a04d7c273876-downloadableSrc-bb03cb1e56dc.webp
15dd9d95-4c98-4382-95aa-0a0bbceb758c,Adding a location,9866ea6d-c9b7-49a5-acb6-1b6e8e8c9cbd,Meetup,f1a4823a-e8cb-43e3-b5de-154b04f6f243,1,2,1d364940-8592-4c17-9676-d3542777be0f,true,downloadableSrc,200,image/webp,36310,36310,b7718b5362a13c088d0a5cf9ae55bb5267c2b5a6c2408728d5338b123ea36f40,1179,2676,,,bytescale.mobbin.com,f7a1807c1ac98ccf0eecf5078d61346ac9a94ca37a547f5708d580528c9e55c0,/Users/user/mobbin-sides/screen-flows/meetup/040-meetup-adding-a-location-15dd9d95-4c98-4382-95aa-0a0bbceb758c/002-1d364940-8592-4c17-9676-d3542777be0f-downloadableSrc-b7718b5362a1.webp
15dd9d95-4c98-4382-95aa-0a0bbceb758c,Adding a location,9866ea6d-c9b7-49a5-acb6-1b6e8e8c9cbd,Meetup,f1a4823a-e8cb-43e3-b5de-154b04f6f243,2,3,ab0d4a8c-b7c8-4d43-86fc-0b40e04a3a20,true,downloadableSrc,200,image/webp,87770,87770,91273ee1b7b360ffa2b80742eb6f096af2c5b7a5729abbb3d7b2b84f746b7d28,1179,2676,,,bytescale.mobbin.com,f7a1807c1ac98ccf0eecf5078d61346ac9a94ca37a547f5708d580528c9e55c0,/Users/user/mobbin-sides/screen-flows/meetup/040-meetup-adding-a-location-15dd9d95-4c98-4382-95aa-0a0bbceb758c/003-ab0d4a8c-b7c8-4d43-86fc-0b40e04a3a20-downloadableSrc-91273ee1b7b3.webp
15dd9d95-4c98-4382-95aa-0a0bbceb758c,Adding a location,9866ea6d-c9b7-49a5-acb6-1b6e8e8c9cbd,Meetup,f1a4823a-e8cb-43e3-b5de-154b04f6f243,3,4,20bed538-0b78-4031-ad3c-cabaff595bc0,true,downloadableSrc,200,image/webp,120638,120638,d1933362ac87c97a849ef5c5d32af93daa9ab7155abaa6cf754e018ab026f2f3,1179,2676,,,bytescale.mobbin.com,f7a1807c1ac98ccf0eecf5078d61346ac9a94ca37a547f5708d580528c9e55c0,/Users/user/mobbin-sides/screen-flows/meetup/040-meetup-adding-a-location-15dd9d95-4c98-4382-95aa-0a0bbceb758c/004-20bed538-0b78-4031-ad3c-cabaff595bc0-downloadableSrc-d1933362ac87.webp
15dd9d95-4c98-4382-95aa-0a0bbceb758c,Adding a location,9866ea6d-c9b7-49a5-acb6-1b6e8e8c9cbd,Meetup,f1a4823a-e8cb-43e3-b5de-154b04f6f243,4,5,44b598bc-acaf-4c70-aa37-67f4f75f39f0,true,downloadableSrc,200,image/webp,140348,140348,545dfcc8c0c788e9bbb4c4558784272acebdff78d742132c676e54c9316fb3f5,1179,2676,,,bytescale.mobbin.com,f7a1807c1ac98ccf0eecf5078d61346ac9a94ca37a547f5708d580528c9e55c0,/Users/user/mobbin-sides/screen-flows/meetup/040-meetup-adding-a-location-15dd9d95-4c98-4382-95aa-0a0bbceb758c/005-44b598bc-acaf-4c70-aa37-67f4f75f39f0-downloadableSrc-545dfcc8c0c7.webp
c58ef4b9-83c8-4710-bc85-6ea190764856,Adding a description,9866ea6d-c9b7-49a5-acb6-1b6e8e8c9cbd,Meetup,f1a4823a-e8cb-43e3-b5de-154b04f6f243,0,1,57c0dfd6-e9ed-4ce7-bf82-a04d7c273876,true,downloadableSrc,200,image/webp,53714,53714,bb03cb1e56dc8ede8241158f90120e00da1a66abca1aabe7dec01b1784a1ef0b,1179,2676,,,bytescale.mobbin.com,f7a1807c1ac98ccf0eecf5078d61346ac9a94ca37a547f5708d580528c9e55c0,/Users/user/mobbin-sides/screen-flows/meetup/041-meetup-adding-a-description-c58ef4b9-83c8-4710-bc85-6ea190764856/001-57c0dfd6-e9ed-4ce7-bf82-a04d7c273876-downloadableSrc-bb03cb1e56dc.webp
c58ef4b9-83c8-4710-bc85-6ea190764856,Adding a description,9866ea6d-c9b7-49a5-acb6-1b6e8e8c9cbd,Meetup,f1a4823a-e8cb-43e3-b5de-154b04f6f243,1,2,77729de3-38a5-4822-841e-bdaac461cf9c,true,downloadableSrc,200,image/webp,55724,55724,3ba8d5e363d382e940e37de40f83332ff74a25ac524fb46a111abd281ae6727d,1179,2676,,,bytescale.mobbin.com,f7a1807c1ac98ccf0eecf5078d61346ac9a94ca37a547f5708d580528c9e55c0,/Users/user/mobbin-sides/screen-flows/meetup/041-meetup-adding-a-description-c58ef4b9-83c8-4710-bc85-6ea190764856/002-77729de3-38a5-4822-841e-bdaac461cf9c-downloadableSrc-3ba8d5e363d3.webp
c58ef4b9-83c8-4710-bc85-6ea190764856,Adding a description,9866ea6d-c9b7-49a5-acb6-1b6e8e8c9cbd,Meetup,f1a4823a-e8cb-43e3-b5de-154b04f6f243,2,3,978740aa-7448-4e52-8e81-a2865a0cd1c2,true,downloadableSrc,200,image/webp,60448,60448,b4697a60eb3f1d197b32f60ce1862ac18d1e2ce92fdc178b560d5e7caa465c6d,1179,2676,,,bytescale.mobbin.com,f7a1807c1ac98ccf0eecf5078d61346ac9a94ca37a547f5708d580528c9e55c0,/Users/user/mobbin-sides/screen-flows/meetup/041-meetup-adding-a-description-c58ef4b9-83c8-4710-bc85-6ea190764856/003-978740aa-7448-4e52-8e81-a2865a0cd1c2-downloadableSrc-b4697a60eb3f.webp
30ebb2ff-383f-454e-9bf2-757242344876,Editing text styles,9866ea6d-c9b7-49a5-acb6-1b6e8e8c9cbd,Meetup,f1a4823a-e8cb-43e3-b5de-154b04f6f243,0,1,978740aa-7448-4e52-8e81-a2865a0cd1c2,true,downloadableSrc,200,image/webp,60448,60448,b4697a60eb3f1d197b32f60ce1862ac18d1e2ce92fdc178b560d5e7caa465c6d,1179,2676,,,bytescale.mobbin.com,f7a1807c1ac98ccf0eecf5078d61346ac9a94ca37a547f5708d580528c9e55c0,/Users/user/mobbin-sides/screen-flows/meetup/042-meetup-editing-text-styles-30ebb2ff-383f-454e-9bf2-757242344876/001-978740aa-7448-4e52-8e81-a2865a0cd1c2-downloadableSrc-b4697a60eb3f.webp
30ebb2ff-383f-454e-9bf2-757242344876,Editing text styles,9866ea6d-c9b7-49a5-acb6-1b6e8e8c9cbd,Meetup,f1a4823a-e8cb-43e3-b5de-154b04f6f243,1,2,21be2e7a-a240-4db5-b03a-434bec990c2f,true,downloadableSrc,200,image/webp,62016,62016,249e4f460a9ea60c4abd7e7d25b4a8c5438ef8ca81c3193aac2b1e928634ee16,1179,2676,,,bytescale.mobbin.com,f7a1807c1ac98ccf0eecf5078d61346ac9a94ca37a547f5708d580528c9e55c0,/Users/user/mobbin-sides/screen-flows/meetup/042-meetup-editing-text-styles-30ebb2ff-383f-454e-9bf2-757242344876/002-21be2e7a-a240-4db5-b03a-434bec990c2f-downloadableSrc-249e4f460a9e.webp
30ebb2ff-383f-454e-9bf2-757242344876,Editing text styles,9866ea6d-c9b7-49a5-acb6-1b6e8e8c9cbd,Meetup,f1a4823a-e8cb-43e3-b5de-154b04f6f243,2,3,6e1bdf24-c272-402d-837d-5aa4c66e04d6,true,downloadableSrc,200,image/webp,68764,68764,b3973878d20f2b647e062d5ada6c3d3391bbf98e3253f3125dfc143e3574a25e,1179,2676,,,bytescale.mobbin.com,f7a1807c1ac98ccf0eecf5078d61346ac9a94ca37a547f5708d580528c9e55c0,/Users/user/mobbin-sides/screen-flows/meetup/042-meetup-editing-text-styles-30ebb2ff-383f-454e-9bf2-757242344876/003-6e1bdf24-c272-402d-837d-5aa4c66e04d6-downloadableSrc-b3973878d20f.webp
30ebb2ff-383f-454e-9bf2-757242344876,Editing text styles,9866ea6d-c9b7-49a5-acb6-1b6e8e8c9cbd,Meetup,f1a4823a-e8cb-43e3-b5de-154b04f6f243,3,4,cd237e02-0281-43aa-89a8-344deb4f1a24,true,downloadableSrc,200,image/webp,43242,43242,f58654592b034a2a500cfe90d0afd6f19193d24cb5634c5261627f6ec9f9a06b,1179,2676,,,bytescale.mobbin.com,f7a1807c1ac98ccf0eecf5078d61346ac9a94ca37a547f5708d580528c9e55c0,/Users/user/mobbin-sides/screen-flows/meetup/042-meetup-editing-text-styles-30ebb2ff-383f-454e-9bf2-757242344876/004-cd237e02-0281-43aa-89a8-344deb4f1a24-downloadableSrc-f58654592b03.webp
3d2c8ba1-b8ff-498c-8810-08106eaefa00,Adding topics,9866ea6d-c9b7-49a5-acb6-1b6e8e8c9cbd,Meetup,f1a4823a-e8cb-43e3-b5de-154b04f6f243,0,1,c67963df-64f0-4307-a2eb-b5d249af040b,true,downloadableSrc,200,image/webp,60802,60802,a81ffe7209f0b278482982f07069a153104f372abd5f110f94e1dde78788acf0,1179,2676,,,bytescale.mobbin.com,f7a1807c1ac98ccf0eecf5078d61346ac9a94ca37a547f5708d580528c9e55c0,/Users/user/mobbin-sides/screen-flows/meetup/043-meetup-adding-topics-3d2c8ba1-b8ff-498c-8810-08106eaefa00/001-c67963df-64f0-4307-a2eb-b5d249af040b-downloadableSrc-a81ffe7209f0.webp
3d2c8ba1-b8ff-498c-8810-08106eaefa00,Adding topics,9866ea6d-c9b7-49a5-acb6-1b6e8e8c9cbd,Meetup,f1a4823a-e8cb-43e3-b5de-154b04f6f243,1,2,800f7b69-ae6b-469d-878d-41e67ac67833,true,downloadableSrc,200,image/webp,67562,67562,3249afb82fa5397ed48b80279d1cb97285ef6b0997cfe4b5e106ca7a7e81d105,1179,2676,,,bytescale.mobbin.com,f7a1807c1ac98ccf0eecf5078d61346ac9a94ca37a547f5708d580528c9e55c0,/Users/user/mobbin-sides/screen-flows/meetup/043-meetup-adding-topics-3d2c8ba1-b8ff-498c-8810-08106eaefa00/002-800f7b69-ae6b-469d-878d-41e67ac67833-downloadableSrc-3249afb82fa5.webp
3d2c8ba1-b8ff-498c-8810-08106eaefa00,Adding topics,9866ea6d-c9b7-49a5-acb6-1b6e8e8c9cbd,Meetup,f1a4823a-e8cb-43e3-b5de-154b04f6f243,2,3,743e24ef-b3b9-46ed-a5af-8c105c3075a0,true,downloadableSrc,200,image/webp,92206,92206,55a4eca9541d477c2b8cc017560063ca6c60d5b70f724d90d25349b339f74439,1179,2676,,,bytescale.mobbin.com,f7a1807c1ac98ccf0eecf5078d61346ac9a94ca37a547f5708d580528c9e55c0,/Users/user/mobbin-sides/screen-flows/meetup/043-meetup-adding-topics-3d2c8ba1-b8ff-498c-8810-08106eaefa00/003-743e24ef-b3b9-46ed-a5af-8c105c3075a0-downloadableSrc-55a4eca9541d.webp
3d2c8ba1-b8ff-498c-8810-08106eaefa00,Adding topics,9866ea6d-c9b7-49a5-acb6-1b6e8e8c9cbd,Meetup,f1a4823a-e8cb-43e3-b5de-154b04f6f243,3,4,618e22f6-dd11-4a89-9d0b-b45b66c61942,true,downloadableSrc,200,image/webp,94260,94260,a8fb84d4767a9ed622e3a5f94ca5fe05281055e662e1067d5959e64c36f70984,1179,2676,,,bytescale.mobbin.com,f7a1807c1ac98ccf0eecf5078d61346ac9a94ca37a547f5708d580528c9e55c0,/Users/user/mobbin-sides/screen-flows/meetup/043-meetup-adding-topics-3d2c8ba1-b8ff-498c-8810-08106eaefa00/004-618e22f6-dd11-4a89-9d0b-b45b66c61942-downloadableSrc-a8fb84d4767a.webp
3d2c8ba1-b8ff-498c-8810-08106eaefa00,Adding topics,9866ea6d-c9b7-49a5-acb6-1b6e8e8c9cbd,Meetup,f1a4823a-e8cb-43e3-b5de-154b04f6f243,4,5,f6164d56-e315-44c4-96cf-ac6cccfadda7,true,downloadableSrc,200,image/webp,66464,66464,66e6a9ed99c37c14103de5c7edc28fb1be169edb3e2e305a83aef217c6aa0575,1179,2676,,,bytescale.mobbin.com,f7a1807c1ac98ccf0eecf5078d61346ac9a94ca37a547f5708d580528c9e55c0,/Users/user/mobbin-sides/screen-flows/meetup/043-meetup-adding-topics-3d2c8ba1-b8ff-498c-8810-08106eaefa00/005-f6164d56-e315-44c4-96cf-ac6cccfadda7-downloadableSrc-66e6a9ed99c3.webp
969f570f-38c4-4ab1-89bf-c42ee1aa3d74,Adding a question,9866ea6d-c9b7-49a5-acb6-1b6e8e8c9cbd,Meetup,f1a4823a-e8cb-43e3-b5de-154b04f6f243,0,1,eb94768f-c757-4b69-9c14-510c5b506b57,true,downloadableSrc,200,image/webp,67218,67218,00af8f29941a1fba9dd1d437ebcfa067613b536147f7a7e7cc23728f52d3bc66,1179,2676,,,bytescale.mobbin.com,f7a1807c1ac98ccf0eecf5078d61346ac9a94ca37a547f5708d580528c9e55c0,/Users/user/mobbin-sides/screen-flows/meetup/044-meetup-adding-a-question-969f570f-38c4-4ab1-89bf-c42ee1aa3d74/001-eb94768f-c757-4b69-9c14-510c5b506b57-downloadableSrc-00af8f29941a.webp
969f570f-38c4-4ab1-89bf-c42ee1aa3d74,Adding a question,9866ea6d-c9b7-49a5-acb6-1b6e8e8c9cbd,Meetup,f1a4823a-e8cb-43e3-b5de-154b04f6f243,1,2,147957e2-6930-4487-8e9b-d7662541265d,true,downloadableSrc,200,image/webp,55032,55032,d4ac4324fa07feb87281b7b7f274162b313ea63651ee3f3bc48cf8eb12603a6d,1179,2676,,,bytescale.mobbin.com,f7a1807c1ac98ccf0eecf5078d61346ac9a94ca37a547f5708d580528c9e55c0,/Users/user/mobbin-sides/screen-flows/meetup/044-meetup-adding-a-question-969f570f-38c4-4ab1-89bf-c42ee1aa3d74/002-147957e2-6930-4487-8e9b-d7662541265d-downloadableSrc-d4ac4324fa07.webp
969f570f-38c4-4ab1-89bf-c42ee1aa3d74,Adding a question,9866ea6d-c9b7-49a5-acb6-1b6e8e8c9cbd,Meetup,f1a4823a-e8cb-43e3-b5de-154b04f6f243,2,3,7b8734b3-4553-4dac-ab9c-99b4eb1dd1b9,true,downloadableSrc,200,image/webp,77164,77164,1ebaab5a70aa61dc3ee3995b9f13aaed9e3080ffd7d45fecd5f935326c4ed08d,1179,2676,,,bytescale.mobbin.com,f7a1807c1ac98ccf0eecf5078d61346ac9a94ca37a547f5708d580528c9e55c0,/Users/user/mobbin-sides/screen-flows/meetup/044-meetup-adding-a-question-969f570f-38c4-4ab1-89bf-c42ee1aa3d74/003-7b8734b3-4553-4dac-ab9c-99b4eb1dd1b9-downloadableSrc-1ebaab5a70aa.webp
6adaa4d2-f061-4b8c-b1e7-1b3c2c06401a,Saving an event as a draft,9866ea6d-c9b7-49a5-acb6-1b6e8e8c9cbd,Meetup,f1a4823a-e8cb-43e3-b5de-154b04f6f243,0,1,7b8734b3-4553-4dac-ab9c-99b4eb1dd1b9,true,downloadableSrc,200,image/webp,77164,77164,1ebaab5a70aa61dc3ee3995b9f13aaed9e3080ffd7d45fecd5f935326c4ed08d,1179,2676,,,bytescale.mobbin.com,f7a1807c1ac98ccf0eecf5078d61346ac9a94ca37a547f5708d580528c9e55c0,/Users/user/mobbin-sides/screen-flows/meetup/045-meetup-saving-an-event-as-a-draft-6adaa4d2-f061-4b8c-b1e7-1b3c2c06401a/001-7b8734b3-4553-4dac-ab9c-99b4eb1dd1b9-downloadableSrc-1ebaab5a70aa.webp
6adaa4d2-f061-4b8c-b1e7-1b3c2c06401a,Saving an event as a draft,9866ea6d-c9b7-49a5-acb6-1b6e8e8c9cbd,Meetup,f1a4823a-e8cb-43e3-b5de-154b04f6f243,1,2,db0691e0-2c8f-4ef3-b9b9-fdb8634c6b4c,true,downloadableSrc,200,image/webp,96858,96858,d4530b28a8adb5dbecf0c5112bd2f4f961ffc213be8e38dcbc99ada25ebc7c36,1179,2676,,,bytescale.mobbin.com,f7a1807c1ac98ccf0eecf5078d61346ac9a94ca37a547f5708d580528c9e55c0,/Users/user/mobbin-sides/screen-flows/meetup/045-meetup-saving-an-event-as-a-draft-6adaa4d2-f061-4b8c-b1e7-1b3c2c06401a/002-db0691e0-2c8f-4ef3-b9b9-fdb8634c6b4c-downloadableSrc-d4530b28a8ad.webp
6adaa4d2-f061-4b8c-b1e7-1b3c2c06401a,Saving an event as a draft,9866ea6d-c9b7-49a5-acb6-1b6e8e8c9cbd,Meetup,f1a4823a-e8cb-43e3-b5de-154b04f6f243,2,3,22250287-7ccb-4d39-b778-c9fbcd8724c2,true,downloadableSrc,200,image/webp,106982,106982,a00dacb08befb49c555a54e5e29dad80b11930e4e4f782f5122396c3f98a8c22,1179,2676,,,bytescale.mobbin.com,f7a1807c1ac98ccf0eecf5078d61346ac9a94ca37a547f5708d580528c9e55c0,/Users/user/mobbin-sides/screen-flows/meetup/045-meetup-saving-an-event-as-a-draft-6adaa4d2-f061-4b8c-b1e7-1b3c2c06401a/003-22250287-7ccb-4d39-b778-c9fbcd8724c2-downloadableSrc-a00dacb08bef.webp
958b21f0-c822-47e0-9e31-d7ef2def5834,Pinning an event,9866ea6d-c9b7-49a5-acb6-1b6e8e8c9cbd,Meetup,f1a4823a-e8cb-43e3-b5de-154b04f6f243,0,1,e32776bc-2760-43af-b2e9-9c7d1513d353,true,downloadableSrc,200,image/webp,109948,109948,cda87f0024721e18bf6c9f3e685134968ed57621750b51c76326b79526328c3a,1179,2676,,,bytescale.mobbin.com,f7a1807c1ac98ccf0eecf5078d61346ac9a94ca37a547f5708d580528c9e55c0,/Users/user/mobbin-sides/screen-flows/meetup/046-meetup-pinning-an-event-958b21f0-c822-47e0-9e31-d7ef2def5834/001-e32776bc-2760-43af-b2e9-9c7d1513d353-downloadableSrc-cda87f002472.webp
958b21f0-c822-47e0-9e31-d7ef2def5834,Pinning an event,9866ea6d-c9b7-49a5-acb6-1b6e8e8c9cbd,Meetup,f1a4823a-e8cb-43e3-b5de-154b04f6f243,1,2,0d1e5138-a9af-4ece-a43c-ad3632810291,true,downloadableSrc,200,image/webp,117378,117378,666e7bb831eda621e397407eb729c7d7f87292148b3c287571bfdd95a1aac4b6,1179,2676,,,bytescale.mobbin.com,f7a1807c1ac98ccf0eecf5078d61346ac9a94ca37a547f5708d580528c9e55c0,/Users/user/mobbin-sides/screen-flows/meetup/046-meetup-pinning-an-event-958b21f0-c822-47e0-9e31-d7ef2def5834/002-0d1e5138-a9af-4ece-a43c-ad3632810291-downloadableSrc-666e7bb831ed.webp
958b21f0-c822-47e0-9e31-d7ef2def5834,Pinning an event,9866ea6d-c9b7-49a5-acb6-1b6e8e8c9cbd,Meetup,f1a4823a-e8cb-43e3-b5de-154b04f6f243,2,3,0dfb9daf-58d5-4321-beac-91daffe925af,true,downloadableSrc,200,image/webp,95456,95456,b9ce16e10e35d1b7245d2f82e0d2effd1204ab113d701746cfce4e1ade66bced,1179,2676,,,bytescale.mobbin.com,f7a1807c1ac98ccf0eecf5078d61346ac9a94ca37a547f5708d580528c9e55c0,/Users/user/mobbin-sides/screen-flows/meetup/046-meetup-pinning-an-event-958b21f0-c822-47e0-9e31-d7ef2def5834/003-0dfb9daf-58d5-4321-beac-91daffe925af-downloadableSrc-b9ce16e10e35.webp
958b21f0-c822-47e0-9e31-d7ef2def5834,Pinning an event,9866ea6d-c9b7-49a5-acb6-1b6e8e8c9cbd,Meetup,f1a4823a-e8cb-43e3-b5de-154b04f6f243,3,4,05cd084e-3905-40ed-a51b-90a84260d66c,true,downloadableSrc,200,image/webp,109838,109838,58edb71a449d850707f69c6d0158640d099df1a0b93b26d3128871d5370471dd,1179,2676,,,bytescale.mobbin.com,f7a1807c1ac98ccf0eecf5078d61346ac9a94ca37a547f5708d580528c9e55c0,/Users/user/mobbin-sides/screen-flows/meetup/046-meetup-pinning-an-event-958b21f0-c822-47e0-9e31-d7ef2def5834/004-05cd084e-3905-40ed-a51b-90a84260d66c-downloadableSrc-58edb71a449d.webp
958b21f0-c822-47e0-9e31-d7ef2def5834,Pinning an event,9866ea6d-c9b7-49a5-acb6-1b6e8e8c9cbd,Meetup,f1a4823a-e8cb-43e3-b5de-154b04f6f243,4,5,755bde44-764c-4619-b80d-604d0c0bb4e9,true,downloadableSrc,200,image/webp,111108,111108,5514d18e4f95c8b92d07002bdf9abf1ccc3efc743e68b31bc44a8f71f7a02976,1179,2676,,,bytescale.mobbin.com,f7a1807c1ac98ccf0eecf5078d61346ac9a94ca37a547f5708d580528c9e55c0,/Users/user/mobbin-sides/screen-flows/meetup/046-meetup-pinning-an-event-958b21f0-c822-47e0-9e31-d7ef2def5834/005-755bde44-764c-4619-b80d-604d0c0bb4e9-downloadableSrc-5514d18e4f95.webp
e896bb29-c019-4ae3-8dcb-c6f2b7bea6f5,Closing an event for RSVPs,9866ea6d-c9b7-49a5-acb6-1b6e8e8c9cbd,Meetup,f1a4823a-e8cb-43e3-b5de-154b04f6f243,0,1,0d1e5138-a9af-4ece-a43c-ad3632810291,true,downloadableSrc,200,image/webp,117378,117378,666e7bb831eda621e397407eb729c7d7f87292148b3c287571bfdd95a1aac4b6,1179,2676,,,bytescale.mobbin.com,f7a1807c1ac98ccf0eecf5078d61346ac9a94ca37a547f5708d580528c9e55c0,/Users/user/mobbin-sides/screen-flows/meetup/047-meetup-closing-an-event-for-rsvps-e896bb29-c019-4ae3-8dcb-c6f2b7bea6f5/001-0d1e5138-a9af-4ece-a43c-ad3632810291-downloadableSrc-666e7bb831ed.webp
e896bb29-c019-4ae3-8dcb-c6f2b7bea6f5,Closing an event for RSVPs,9866ea6d-c9b7-49a5-acb6-1b6e8e8c9cbd,Meetup,f1a4823a-e8cb-43e3-b5de-154b04f6f243,1,2,7e6e0817-12b3-45a7-87d8-4725198470b5,true,downloadableSrc,200,image/webp,113684,113684,8ff7e60a08813b961faac0bc6f83e727068711101f6970c9221bbc6b86d23629,1179,2676,,,bytescale.mobbin.com,f7a1807c1ac98ccf0eecf5078d61346ac9a94ca37a547f5708d580528c9e55c0,/Users/user/mobbin-sides/screen-flows/meetup/047-meetup-closing-an-event-for-rsvps-e896bb29-c019-4ae3-8dcb-c6f2b7bea6f5/002-7e6e0817-12b3-45a7-87d8-4725198470b5-downloadableSrc-8ff7e60a0881.webp
8faa6a53-9a63-4129-a6c5-a7a24a51e46a,Canceling an event,9866ea6d-c9b7-49a5-acb6-1b6e8e8c9cbd,Meetup,f1a4823a-e8cb-43e3-b5de-154b04f6f243,0,1,0d1e5138-a9af-4ece-a43c-ad3632810291,true,downloadableSrc,200,image/webp,117378,117378,666e7bb831eda621e397407eb729c7d7f87292148b3c287571bfdd95a1aac4b6,1179,2676,,,bytescale.mobbin.com,f7a1807c1ac98ccf0eecf5078d61346ac9a94ca37a547f5708d580528c9e55c0,/Users/user/mobbin-sides/screen-flows/meetup/048-meetup-canceling-an-event-8faa6a53-9a63-4129-a6c5-a7a24a51e46a/001-0d1e5138-a9af-4ece-a43c-ad3632810291-downloadableSrc-666e7bb831ed.webp
8faa6a53-9a63-4129-a6c5-a7a24a51e46a,Canceling an event,9866ea6d-c9b7-49a5-acb6-1b6e8e8c9cbd,Meetup,f1a4823a-e8cb-43e3-b5de-154b04f6f243,1,2,2230a073-7108-45b4-9883-2b84812f5f0c,true,downloadableSrc,200,image/webp,105182,105182,8b579a33910c7158da6ff70b1e431eca7dffe2672d5a458e0f2e20c7de652b06,1179,2676,,,bytescale.mobbin.com,f7a1807c1ac98ccf0eecf5078d61346ac9a94ca37a547f5708d580528c9e55c0,/Users/user/mobbin-sides/screen-flows/meetup/048-meetup-canceling-an-event-8faa6a53-9a63-4129-a6c5-a7a24a51e46a/002-2230a073-7108-45b4-9883-2b84812f5f0c-downloadableSrc-8b579a33910c.webp
8faa6a53-9a63-4129-a6c5-a7a24a51e46a,Canceling an event,9866ea6d-c9b7-49a5-acb6-1b6e8e8c9cbd,Meetup,f1a4823a-e8cb-43e3-b5de-154b04f6f243,2,3,6073a7f7-a1f0-40ad-a77c-0c2b3c400119,true,downloadableSrc,200,image/webp,103732,103732,b1808e525f0f556d11cab9aa9abc9855247c1ce8a2cb85b17d1e039a180ddb36,1179,2676,,,bytescale.mobbin.com,f7a1807c1ac98ccf0eecf5078d61346ac9a94ca37a547f5708d580528c9e55c0,/Users/user/mobbin-sides/screen-flows/meetup/048-meetup-canceling-an-event-8faa6a53-9a63-4129-a6c5-a7a24a51e46a/003-6073a7f7-a1f0-40ad-a77c-0c2b3c400119-downloadableSrc-b1808e525f0f.webp
a8bbb2aa-be1a-4960-97f3-ca2ef9bc0821,Creating a group,9866ea6d-c9b7-49a5-acb6-1b6e8e8c9cbd,Meetup,f1a4823a-e8cb-43e3-b5de-154b04f6f243,0,1,6bd6f052-9f86-4111-b6cf-59e35c3085fb,true,downloadableSrc,200,image/webp,162570,162570,836e4663858d16a2bc126c6f12bd56048057827a5fd86be60f41a3fa4201b42f,1179,2676,,,bytescale.mobbin.com,f7a1807c1ac98ccf0eecf5078d61346ac9a94ca37a547f5708d580528c9e55c0,/Users/user/mobbin-sides/screen-flows/meetup/049-meetup-creating-a-group-a8bbb2aa-be1a-4960-97f3-ca2ef9bc0821/001-6bd6f052-9f86-4111-b6cf-59e35c3085fb-downloadableSrc-836e4663858d.webp
a8bbb2aa-be1a-4960-97f3-ca2ef9bc0821,Creating a group,9866ea6d-c9b7-49a5-acb6-1b6e8e8c9cbd,Meetup,f1a4823a-e8cb-43e3-b5de-154b04f6f243,1,2,45f1aa74-2b9a-49ba-b326-c6148c71c44d,true,downloadableSrc,200,image/webp,47374,47374,40668bea6d571482254e1a84eaf7fc3ba2ce5eb2c9aa42e1ca48287ba700ac65,1179,2676,,,bytescale.mobbin.com,f7a1807c1ac98ccf0eecf5078d61346ac9a94ca37a547f5708d580528c9e55c0,/Users/user/mobbin-sides/screen-flows/meetup/049-meetup-creating-a-group-a8bbb2aa-be1a-4960-97f3-ca2ef9bc0821/002-45f1aa74-2b9a-49ba-b326-c6148c71c44d-downloadableSrc-40668bea6d57.webp
a8bbb2aa-be1a-4960-97f3-ca2ef9bc0821,Creating a group,9866ea6d-c9b7-49a5-acb6-1b6e8e8c9cbd,Meetup,f1a4823a-e8cb-43e3-b5de-154b04f6f243,2,3,5ccc370d-e3c4-4d06-aa7f-3cae112031e1,true,downloadableSrc,200,image/webp,105934,105934,92d11c892626aaf16d74bb94ec7e2fb15dccc9e43cb0dbf7e0c1aa7efcfc9552,1179,2676,,,bytescale.mobbin.com,f7a1807c1ac98ccf0eecf5078d61346ac9a94ca37a547f5708d580528c9e55c0,/Users/user/mobbin-sides/screen-flows/meetup/049-meetup-creating-a-group-a8bbb2aa-be1a-4960-97f3-ca2ef9bc0821/003-5ccc370d-e3c4-4d06-aa7f-3cae112031e1-downloadableSrc-92d11c892626.webp
a8bbb2aa-be1a-4960-97f3-ca2ef9bc0821,Creating a group,9866ea6d-c9b7-49a5-acb6-1b6e8e8c9cbd,Meetup,f1a4823a-e8cb-43e3-b5de-154b04f6f243,3,4,f26878ef-80b3-4d72-b013-7b7cb97dfc9d,true,downloadableSrc,200,image/webp,94310,94310,aba939f83a64a74435b5c25ca0a261a5f60908b62942d0faa6e4f0e46f1391e9,1179,2676,,,bytescale.mobbin.com,f7a1807c1ac98ccf0eecf5078d61346ac9a94ca37a547f5708d580528c9e55c0,/Users/user/mobbin-sides/screen-flows/meetup/049-meetup-creating-a-group-a8bbb2aa-be1a-4960-97f3-ca2ef9bc0821/004-f26878ef-80b3-4d72-b013-7b7cb97dfc9d-downloadableSrc-aba939f83a64.webp
a8bbb2aa-be1a-4960-97f3-ca2ef9bc0821,Creating a group,9866ea6d-c9b7-49a5-acb6-1b6e8e8c9cbd,Meetup,f1a4823a-e8cb-43e3-b5de-154b04f6f243,4,5,4378488e-449c-493e-8ee5-7f3632a35956,true,downloadableSrc,200,image/webp,75708,75708,142121ceab3b55048d62f23395b84cb8d1c47317d3cf1456db6655e471c76da9,1179,2676,,,bytescale.mobbin.com,f7a1807c1ac98ccf0eecf5078d61346ac9a94ca37a547f5708d580528c9e55c0,/Users/user/mobbin-sides/screen-flows/meetup/049-meetup-creating-a-group-a8bbb2aa-be1a-4960-97f3-ca2ef9bc0821/005-4378488e-449c-493e-8ee5-7f3632a35956-downloadableSrc-142121ceab3b.webp
a8bbb2aa-be1a-4960-97f3-ca2ef9bc0821,Creating a group,9866ea6d-c9b7-49a5-acb6-1b6e8e8c9cbd,Meetup,f1a4823a-e8cb-43e3-b5de-154b04f6f243,5,6,282ba9fe-8aca-455b-aa43-38e7a9cb87ca,true,downloadableSrc,200,image/webp,112520,112520,cef3a7b7297202daeb386d44011253d19284c83664aadf5cda514aa9993e45d0,1179,2676,,,bytescale.mobbin.com,f7a1807c1ac98ccf0eecf5078d61346ac9a94ca37a547f5708d580528c9e55c0,/Users/user/mobbin-sides/screen-flows/meetup/049-meetup-creating-a-group-a8bbb2aa-be1a-4960-97f3-ca2ef9bc0821/006-282ba9fe-8aca-455b-aa43-38e7a9cb87ca-downloadableSrc-cef3a7b72972.webp
a8bbb2aa-be1a-4960-97f3-ca2ef9bc0821,Creating a group,9866ea6d-c9b7-49a5-acb6-1b6e8e8c9cbd,Meetup,f1a4823a-e8cb-43e3-b5de-154b04f6f243,6,7,15a8ecf8-b564-40d9-936d-dd23de7ec04e,true,downloadableSrc,200,image/webp,65152,65152,9f897cfda96155cb15e6b05cb1a272011f75482f6ae9f907851ef79f9f282753,1179,2676,,,bytescale.mobbin.com,f7a1807c1ac98ccf0eecf5078d61346ac9a94ca37a547f5708d580528c9e55c0,/Users/user/mobbin-sides/screen-flows/meetup/049-meetup-creating-a-group-a8bbb2aa-be1a-4960-97f3-ca2ef9bc0821/007-15a8ecf8-b564-40d9-936d-dd23de7ec04e-downloadableSrc-9f897cfda961.webp
a8bbb2aa-be1a-4960-97f3-ca2ef9bc0821,Creating a group,9866ea6d-c9b7-49a5-acb6-1b6e8e8c9cbd,Meetup,f1a4823a-e8cb-43e3-b5de-154b04f6f243,7,8,99de5c65-8890-46e8-839c-0460af924137,true,downloadableSrc,200,image/webp,61694,61694,dc0bc33346e05226176d273f0abf4566eb2abcaa446357e66ecc1e9a31af6224,1179,2676,,,bytescale.mobbin.com,f7a1807c1ac98ccf0eecf5078d61346ac9a94ca37a547f5708d580528c9e55c0,/Users/user/mobbin-sides/screen-flows/meetup/049-meetup-creating-a-group-a8bbb2aa-be1a-4960-97f3-ca2ef9bc0821/008-99de5c65-8890-46e8-839c-0460af924137-downloadableSrc-dc0bc33346e0.webp
a8bbb2aa-be1a-4960-97f3-ca2ef9bc0821,Creating a group,9866ea6d-c9b7-49a5-acb6-1b6e8e8c9cbd,Meetup,f1a4823a-e8cb-43e3-b5de-154b04f6f243,8,9,9afe814c-83ce-40bb-b100-c27bbeffca88,true,downloadableSrc,200,image/webp,89474,89474,d24524e3bf2000f62ab881d3e2882cc85359dcc6039d0bce814ba044c719edde,1179,2676,,,bytescale.mobbin.com,f7a1807c1ac98ccf0eecf5078d61346ac9a94ca37a547f5708d580528c9e55c0,/Users/user/mobbin-sides/screen-flows/meetup/049-meetup-creating-a-group-a8bbb2aa-be1a-4960-97f3-ca2ef9bc0821/009-9afe814c-83ce-40bb-b100-c27bbeffca88-downloadableSrc-d24524e3bf20.webp
a8bbb2aa-be1a-4960-97f3-ca2ef9bc0821,Creating a group,9866ea6d-c9b7-49a5-acb6-1b6e8e8c9cbd,Meetup,f1a4823a-e8cb-43e3-b5de-154b04f6f243,9,10,89c51c5e-9a91-47ef-b1af-6d085d342e53,true,downloadableSrc,200,image/webp,96820,96820,7b96e64412ef9faa451c74cf60b4fd29b9d7287eb91dec70ebdce3e60e4696b6,1179,2676,,,bytescale.mobbin.com,f7a1807c1ac98ccf0eecf5078d61346ac9a94ca37a547f5708d580528c9e55c0,/Users/user/mobbin-sides/screen-flows/meetup/049-meetup-creating-a-group-a8bbb2aa-be1a-4960-97f3-ca2ef9bc0821/010-89c51c5e-9a91-47ef-b1af-6d085d342e53-downloadableSrc-7b96e64412ef.webp
a8bbb2aa-be1a-4960-97f3-ca2ef9bc0821,Creating a group,9866ea6d-c9b7-49a5-acb6-1b6e8e8c9cbd,Meetup,f1a4823a-e8cb-43e3-b5de-154b04f6f243,10,11,ad55a8ed-42de-4a5a-bda0-7270d19f0878,true,downloadableSrc,200,image/webp,97366,97366,f6837dd49ad3580f552a67b56c7420185f23498070513b9c7176c528e192c336,1179,2676,,,bytescale.mobbin.com,f7a1807c1ac98ccf0eecf5078d61346ac9a94ca37a547f5708d580528c9e55c0,/Users/user/mobbin-sides/screen-flows/meetup/049-meetup-creating-a-group-a8bbb2aa-be1a-4960-97f3-ca2ef9bc0821/011-ad55a8ed-42de-4a5a-bda0-7270d19f0878-downloadableSrc-f6837dd49ad3.webp
a8bbb2aa-be1a-4960-97f3-ca2ef9bc0821,Creating a group,9866ea6d-c9b7-49a5-acb6-1b6e8e8c9cbd,Meetup,f1a4823a-e8cb-43e3-b5de-154b04f6f243,11,12,8de2922f-a117-425a-b287-da31a34ed45b,true,downloadableSrc,200,image/webp,103130,103130,4de4a933974fd2c3bb96a1a0ea8a60b4c94e78068eacc4a16bda4cb98ab630a2,1179,2676,,,bytescale.mobbin.com,f7a1807c1ac98ccf0eecf5078d61346ac9a94ca37a547f5708d580528c9e55c0,/Users/user/mobbin-sides/screen-flows/meetup/049-meetup-creating-a-group-a8bbb2aa-be1a-4960-97f3-ca2ef9bc0821/012-8de2922f-a117-425a-b287-da31a34ed45b-downloadableSrc-4de4a933974f.webp
a8bbb2aa-be1a-4960-97f3-ca2ef9bc0821,Creating a group,9866ea6d-c9b7-49a5-acb6-1b6e8e8c9cbd,Meetup,f1a4823a-e8cb-43e3-b5de-154b04f6f243,12,13,c85de50c-0351-4047-afbb-97e21b69ab9d,true,downloadableSrc,200,image/webp,79464,79464,93259d5ea4d56f6be978b0f5e9b1e6274ca2896c011713c1fbb3e477cfeedf01,1179,2676,,,bytescale.mobbin.com,f7a1807c1ac98ccf0eecf5078d61346ac9a94ca37a547f5708d580528c9e55c0,/Users/user/mobbin-sides/screen-flows/meetup/049-meetup-creating-a-group-a8bbb2aa-be1a-4960-97f3-ca2ef9bc0821/013-c85de50c-0351-4047-afbb-97e21b69ab9d-downloadableSrc-93259d5ea4d5.webp
88a262de-5c67-4829-a1ca-107f92db1bb8,Description information,9866ea6d-c9b7-49a5-acb6-1b6e8e8c9cbd,Meetup,f1a4823a-e8cb-43e3-b5de-154b04f6f243,0,1,9afe814c-83ce-40bb-b100-c27bbeffca88,true,downloadableSrc,200,image/webp,89474,89474,d24524e3bf2000f62ab881d3e2882cc85359dcc6039d0bce814ba044c719edde,1179,2676,,,bytescale.mobbin.com,f7a1807c1ac98ccf0eecf5078d61346ac9a94ca37a547f5708d580528c9e55c0,/Users/user/mobbin-sides/screen-flows/meetup/050-meetup-description-information-88a262de-5c67-4829-a1ca-107f92db1bb8/001-9afe814c-83ce-40bb-b100-c27bbeffca88-downloadableSrc-d24524e3bf20.webp
88a262de-5c67-4829-a1ca-107f92db1bb8,Description information,9866ea6d-c9b7-49a5-acb6-1b6e8e8c9cbd,Meetup,f1a4823a-e8cb-43e3-b5de-154b04f6f243,1,2,0e1c6095-b13a-4ac7-8981-336170cb62c5,true,downloadableSrc,200,image/webp,113422,113422,d87de708af991a9d498cb3fa5cf550f14bc37aacfa44ffb3d0c0befddba6e8d3,1179,2676,,,bytescale.mobbin.com,f7a1807c1ac98ccf0eecf5078d61346ac9a94ca37a547f5708d580528c9e55c0,/Users/user/mobbin-sides/screen-flows/meetup/050-meetup-description-information-88a262de-5c67-4829-a1ca-107f92db1bb8/002-0e1c6095-b13a-4ac7-8981-336170cb62c5-downloadableSrc-d87de708af99.webp
88a262de-5c67-4829-a1ca-107f92db1bb8,Description information,9866ea6d-c9b7-49a5-acb6-1b6e8e8c9cbd,Meetup,f1a4823a-e8cb-43e3-b5de-154b04f6f243,2,3,372e78c0-700c-4746-abf6-cf7f8e4097c3,true,downloadableSrc,200,image/webp,114980,114980,5843ce10491be884a0f450a23cf11256b7de11414ea9b94b4bb096d5ca296b58,1179,2676,,,bytescale.mobbin.com,f7a1807c1ac98ccf0eecf5078d61346ac9a94ca37a547f5708d580528c9e55c0,/Users/user/mobbin-sides/screen-flows/meetup/050-meetup-description-information-88a262de-5c67-4829-a1ca-107f92db1bb8/003-372e78c0-700c-4746-abf6-cf7f8e4097c3-downloadableSrc-5843ce10491b.webp
b39b2121-5042-41c7-bd58-f0132b709101,Subscribing to standard organizer,9866ea6d-c9b7-49a5-acb6-1b6e8e8c9cbd,Meetup,f1a4823a-e8cb-43e3-b5de-154b04f6f243,0,1,ad55a8ed-42de-4a5a-bda0-7270d19f0878,true,downloadableSrc,200,image/webp,97366,97366,f6837dd49ad3580f552a67b56c7420185f23498070513b9c7176c528e192c336,1179,2676,,,bytescale.mobbin.com,f7a1807c1ac98ccf0eecf5078d61346ac9a94ca37a547f5708d580528c9e55c0,/Users/user/mobbin-sides/screen-flows/meetup/051-meetup-subscribing-to-standard-organizer-b39b2121-5042-41c7-bd58-f0132b709101/001-ad55a8ed-42de-4a5a-bda0-7270d19f0878-downloadableSrc-f6837dd49ad3.webp
b39b2121-5042-41c7-bd58-f0132b709101,Subscribing to standard organizer,9866ea6d-c9b7-49a5-acb6-1b6e8e8c9cbd,Meetup,f1a4823a-e8cb-43e3-b5de-154b04f6f243,1,2,09b53f7c-d3ed-4d6a-9cd6-9bc97c065071,true,downloadableSrc,200,image/webp,97566,97566,8bfe1333e3ab6441c68f4a4a34c05485576ac4655102103ae4ec44cb5d800ef6,1179,2676,,,bytescale.mobbin.com,f7a1807c1ac98ccf0eecf5078d61346ac9a94ca37a547f5708d580528c9e55c0,/Users/user/mobbin-sides/screen-flows/meetup/051-meetup-subscribing-to-standard-organizer-b39b2121-5042-41c7-bd58-f0132b709101/002-09b53f7c-d3ed-4d6a-9cd6-9bc97c065071-downloadableSrc-8bfe1333e3ab.webp
b39b2121-5042-41c7-bd58-f0132b709101,Subscribing to standard organizer,9866ea6d-c9b7-49a5-acb6-1b6e8e8c9cbd,Meetup,f1a4823a-e8cb-43e3-b5de-154b04f6f243,2,3,872b24fa-43b9-46d7-acce-3c6daba74e1f,true,downloadableSrc,200,image/webp,111662,111662,9b36356926d8b6b208e60e30eb1f6f0306231e7ada39f848fab4abc22f2e5b49,1179,2676,,,bytescale.mobbin.com,f7a1807c1ac98ccf0eecf5078d61346ac9a94ca37a547f5708d580528c9e55c0,/Users/user/mobbin-sides/screen-flows/meetup/051-meetup-subscribing-to-standard-organizer-b39b2121-5042-41c7-bd58-f0132b709101/003-872b24fa-43b9-46d7-acce-3c6daba74e1f-downloadableSrc-9b36356926d8.webp
b39b2121-5042-41c7-bd58-f0132b709101,Subscribing to standard organizer,9866ea6d-c9b7-49a5-acb6-1b6e8e8c9cbd,Meetup,f1a4823a-e8cb-43e3-b5de-154b04f6f243,3,4,c246af7b-3fd8-46c5-bbda-4ce2d345783d,true,downloadableSrc,200,image/webp,76800,76800,70adb1c2a5446bfc030197aaf3deffb0d633ab214615a509586f622c150e6ffa,1179,2676,,,bytescale.mobbin.com,f7a1807c1ac98ccf0eecf5078d61346ac9a94ca37a547f5708d580528c9e55c0,/Users/user/mobbin-sides/screen-flows/meetup/051-meetup-subscribing-to-standard-organizer-b39b2121-5042-41c7-bd58-f0132b709101/004-c246af7b-3fd8-46c5-bbda-4ce2d345783d-downloadableSrc-70adb1c2a544.webp
b39b2121-5042-41c7-bd58-f0132b709101,Subscribing to standard organizer,9866ea6d-c9b7-49a5-acb6-1b6e8e8c9cbd,Meetup,f1a4823a-e8cb-43e3-b5de-154b04f6f243,4,5,8de2922f-a117-425a-b287-da31a34ed45b,true,downloadableSrc,200,image/webp,103130,103130,4de4a933974fd2c3bb96a1a0ea8a60b4c94e78068eacc4a16bda4cb98ab630a2,1179,2676,,,bytescale.mobbin.com,f7a1807c1ac98ccf0eecf5078d61346ac9a94ca37a547f5708d580528c9e55c0,/Users/user/mobbin-sides/screen-flows/meetup/051-meetup-subscribing-to-standard-organizer-b39b2121-5042-41c7-bd58-f0132b709101/005-8de2922f-a117-425a-b287-da31a34ed45b-downloadableSrc-4de4a933974f.webp
6c4b768e-85d0-49a2-a490-a6f2091c3cec,Group settings,9866ea6d-c9b7-49a5-acb6-1b6e8e8c9cbd,Meetup,f1a4823a-e8cb-43e3-b5de-154b04f6f243,0,1,8de2922f-a117-425a-b287-da31a34ed45b,true,downloadableSrc,200,image/webp,103130,103130,4de4a933974fd2c3bb96a1a0ea8a60b4c94e78068eacc4a16bda4cb98ab630a2,1179,2676,,,bytescale.mobbin.com,f7a1807c1ac98ccf0eecf5078d61346ac9a94ca37a547f5708d580528c9e55c0,/Users/user/mobbin-sides/screen-flows/meetup/052-meetup-group-settings-6c4b768e-85d0-49a2-a490-a6f2091c3cec/001-8de2922f-a117-425a-b287-da31a34ed45b-downloadableSrc-4de4a933974f.webp
6c4b768e-85d0-49a2-a490-a6f2091c3cec,Group settings,9866ea6d-c9b7-49a5-acb6-1b6e8e8c9cbd,Meetup,f1a4823a-e8cb-43e3-b5de-154b04f6f243,1,2,298be801-254f-4e1c-904b-16c599a2d1a4,true,downloadableSrc,200,image/webp,104508,104508,05e712ae016c5aac35b16f58f73015d3e574d5884bb398661bc783659d8b1f14,1179,2676,,,bytescale.mobbin.com,f7a1807c1ac98ccf0eecf5078d61346ac9a94ca37a547f5708d580528c9e55c0,/Users/user/mobbin-sides/screen-flows/meetup/052-meetup-group-settings-6c4b768e-85d0-49a2-a490-a6f2091c3cec/002-298be801-254f-4e1c-904b-16c599a2d1a4-downloadableSrc-05e712ae016c.webp
6c4b768e-85d0-49a2-a490-a6f2091c3cec,Group settings,9866ea6d-c9b7-49a5-acb6-1b6e8e8c9cbd,Meetup,f1a4823a-e8cb-43e3-b5de-154b04f6f243,2,3,fa960511-98a9-4b78-b1c1-b3c84fb6876f,true,downloadableSrc,200,image/webp,59932,59932,24cccadfc1b5c5ee6856675f1fe1d8bd55fd30a61a110f4cc2b496e68be1bfa2,1179,2676,,,bytescale.mobbin.com,f7a1807c1ac98ccf0eecf5078d61346ac9a94ca37a547f5708d580528c9e55c0,/Users/user/mobbin-sides/screen-flows/meetup/052-meetup-group-settings-6c4b768e-85d0-49a2-a490-a6f2091c3cec/003-fa960511-98a9-4b78-b1c1-b3c84fb6876f-downloadableSrc-24cccadfc1b5.webp
6c4b768e-85d0-49a2-a490-a6f2091c3cec,Group settings,9866ea6d-c9b7-49a5-acb6-1b6e8e8c9cbd,Meetup,f1a4823a-e8cb-43e3-b5de-154b04f6f243,3,4,73befd09-2f35-4917-914c-6525255329bb,true,downloadableSrc,200,image/webp,36450,36450,3ec3ed10445eb74487f19cb10a13fbb790160f4467da5802d54524b38322af9f,1179,2676,,,bytescale.mobbin.com,f7a1807c1ac98ccf0eecf5078d61346ac9a94ca37a547f5708d580528c9e55c0,/Users/user/mobbin-sides/screen-flows/meetup/052-meetup-group-settings-6c4b768e-85d0-49a2-a490-a6f2091c3cec/004-73befd09-2f35-4917-914c-6525255329bb-downloadableSrc-3ec3ed10445e.webp
6c4b768e-85d0-49a2-a490-a6f2091c3cec,Group settings,9866ea6d-c9b7-49a5-acb6-1b6e8e8c9cbd,Meetup,f1a4823a-e8cb-43e3-b5de-154b04f6f243,4,5,e845d578-76f9-4ecd-8ad4-53c482944955,true,downloadableSrc,200,image/webp,39314,39314,1215a92bcacfd0fe857eb8989561fd99bfb38baf311163eb59fe8bf5e9a0ca97,1179,2676,,,bytescale.mobbin.com,f7a1807c1ac98ccf0eecf5078d61346ac9a94ca37a547f5708d580528c9e55c0,/Users/user/mobbin-sides/screen-flows/meetup/052-meetup-group-settings-6c4b768e-85d0-49a2-a490-a6f2091c3cec/005-e845d578-76f9-4ecd-8ad4-53c482944955-downloadableSrc-1215a92bcacf.webp
b7b9e3bd-08fe-451a-bb07-e66fb67654d8,Editing group information,9866ea6d-c9b7-49a5-acb6-1b6e8e8c9cbd,Meetup,f1a4823a-e8cb-43e3-b5de-154b04f6f243,0,1,fa960511-98a9-4b78-b1c1-b3c84fb6876f,true,downloadableSrc,200,image/webp,59932,59932,24cccadfc1b5c5ee6856675f1fe1d8bd55fd30a61a110f4cc2b496e68be1bfa2,1179,2676,,,bytescale.mobbin.com,f7a1807c1ac98ccf0eecf5078d61346ac9a94ca37a547f5708d580528c9e55c0,/Users/user/mobbin-sides/screen-flows/meetup/053-meetup-editing-group-information-b7b9e3bd-08fe-451a-bb07-e66fb67654d8/001-fa960511-98a9-4b78-b1c1-b3c84fb6876f-downloadableSrc-24cccadfc1b5.webp
b7b9e3bd-08fe-451a-bb07-e66fb67654d8,Editing group information,9866ea6d-c9b7-49a5-acb6-1b6e8e8c9cbd,Meetup,f1a4823a-e8cb-43e3-b5de-154b04f6f243,1,2,ca04cdcb-16a9-42f6-9705-e56895ce9567,true,downloadableSrc,200,image/webp,75992,75992,33b90fe4066f3442f167035b1bcf635b8fb5faac80560403de0264e69ddf3b05,1179,2676,,,bytescale.mobbin.com,f7a1807c1ac98ccf0eecf5078d61346ac9a94ca37a547f5708d580528c9e55c0,/Users/user/mobbin-sides/screen-flows/meetup/053-meetup-editing-group-information-b7b9e3bd-08fe-451a-bb07-e66fb67654d8/002-ca04cdcb-16a9-42f6-9705-e56895ce9567-downloadableSrc-33b90fe4066f.webp
b7b9e3bd-08fe-451a-bb07-e66fb67654d8,Editing group information,9866ea6d-c9b7-49a5-acb6-1b6e8e8c9cbd,Meetup,f1a4823a-e8cb-43e3-b5de-154b04f6f243,2,3,afc40085-5c48-4461-85f8-2263fbc1faa4,true,downloadableSrc,200,image/webp,73084,73084,66e7c9ddff7d5030127a1e6a8fa9cfaaa1583267fe4d1f8bf3d56c8306311fae,1179,2676,,,bytescale.mobbin.com,f7a1807c1ac98ccf0eecf5078d61346ac9a94ca37a547f5708d580528c9e55c0,/Users/user/mobbin-sides/screen-flows/meetup/053-meetup-editing-group-information-b7b9e3bd-08fe-451a-bb07-e66fb67654d8/003-afc40085-5c48-4461-85f8-2263fbc1faa4-downloadableSrc-66e7c9ddff7d.webp
b7b9e3bd-08fe-451a-bb07-e66fb67654d8,Editing group information,9866ea6d-c9b7-49a5-acb6-1b6e8e8c9cbd,Meetup,f1a4823a-e8cb-43e3-b5de-154b04f6f243,3,4,78b95440-5ff2-4e8f-90cd-e660083f5159,true,downloadableSrc,200,image/webp,74376,74376,a0cae620232f97a4d80808fb05aba44fb0537508bec26eaf15c7730fe20efd09,1179,2676,,,bytescale.mobbin.com,f7a1807c1ac98ccf0eecf5078d61346ac9a94ca37a547f5708d580528c9e55c0,/Users/user/mobbin-sides/screen-flows/meetup/053-meetup-editing-group-information-b7b9e3bd-08fe-451a-bb07-e66fb67654d8/004-78b95440-5ff2-4e8f-90cd-e660083f5159-downloadableSrc-a0cae620232f.webp
b7b9e3bd-08fe-451a-bb07-e66fb67654d8,Editing group information,9866ea6d-c9b7-49a5-acb6-1b6e8e8c9cbd,Meetup,f1a4823a-e8cb-43e3-b5de-154b04f6f243,4,5,83ed2464-a4ab-4ebe-8409-ac803b20490d,true,downloadableSrc,200,image/webp,56654,56654,2854e5a56d0de9f94eec8b0c571b637c17be02ff565f7f0cf25b3ce70449c89d,1179,2676,,,bytescale.mobbin.com,f7a1807c1ac98ccf0eecf5078d61346ac9a94ca37a547f5708d580528c9e55c0,/Users/user/mobbin-sides/screen-flows/meetup/053-meetup-editing-group-information-b7b9e3bd-08fe-451a-bb07-e66fb67654d8/005-83ed2464-a4ab-4ebe-8409-ac803b20490d-downloadableSrc-2854e5a56d0d.webp
b7b9e3bd-08fe-451a-bb07-e66fb67654d8,Editing group information,9866ea6d-c9b7-49a5-acb6-1b6e8e8c9cbd,Meetup,f1a4823a-e8cb-43e3-b5de-154b04f6f243,5,6,441b9568-07a2-4ada-be10-0f258ce91e30,true,downloadableSrc,200,image/webp,90830,90830,3664678051458573de9f4ba858bc1ae86ce34d865b24a704cf459f7dc5909eaf,1179,2676,,,bytescale.mobbin.com,f7a1807c1ac98ccf0eecf5078d61346ac9a94ca37a547f5708d580528c9e55c0,/Users/user/mobbin-sides/screen-flows/meetup/053-meetup-editing-group-information-b7b9e3bd-08fe-451a-bb07-e66fb67654d8/006-441b9568-07a2-4ada-be10-0f258ce91e30-downloadableSrc-366467805145.webp
b7b9e3bd-08fe-451a-bb07-e66fb67654d8,Editing group information,9866ea6d-c9b7-49a5-acb6-1b6e8e8c9cbd,Meetup,f1a4823a-e8cb-43e3-b5de-154b04f6f243,6,7,c8a703df-89f9-4179-9856-ad124b7fbb34,true,downloadableSrc,200,image/webp,28858,28858,26376acba99d759e01a4d9832b8cddc503282266f0b23649daf37891ba875b80,1179,2676,,,bytescale.mobbin.com,f7a1807c1ac98ccf0eecf5078d61346ac9a94ca37a547f5708d580528c9e55c0,/Users/user/mobbin-sides/screen-flows/meetup/053-meetup-editing-group-information-b7b9e3bd-08fe-451a-bb07-e66fb67654d8/007-c8a703df-89f9-4179-9856-ad124b7fbb34-downloadableSrc-26376acba99d.webp
b7b9e3bd-08fe-451a-bb07-e66fb67654d8,Editing group information,9866ea6d-c9b7-49a5-acb6-1b6e8e8c9cbd,Meetup,f1a4823a-e8cb-43e3-b5de-154b04f6f243,7,8,6383aac8-60a8-4695-bab8-ec5edec1ad23,true,downloadableSrc,200,image/webp,39272,39272,fd623e0c7b2024cfd44ae5cfcf03129803ba11cd545b14f05636feeff20b3cb3,1179,2676,,,bytescale.mobbin.com,f7a1807c1ac98ccf0eecf5078d61346ac9a94ca37a547f5708d580528c9e55c0,/Users/user/mobbin-sides/screen-flows/meetup/053-meetup-editing-group-information-b7b9e3bd-08fe-451a-bb07-e66fb67654d8/008-6383aac8-60a8-4695-bab8-ec5edec1ad23-downloadableSrc-fd623e0c7b20.webp
b7b9e3bd-08fe-451a-bb07-e66fb67654d8,Editing group information,9866ea6d-c9b7-49a5-acb6-1b6e8e8c9cbd,Meetup,f1a4823a-e8cb-43e3-b5de-154b04f6f243,8,9,1d431d96-ed21-4637-ac07-439d47515d02,true,downloadableSrc,200,image/webp,104656,104656,32d782def30944e1fe70249b4d5a03310e3fea7127aba62b19d99c4877c1e03a,1179,2676,,,bytescale.mobbin.com,f7a1807c1ac98ccf0eecf5078d61346ac9a94ca37a547f5708d580528c9e55c0,/Users/user/mobbin-sides/screen-flows/meetup/053-meetup-editing-group-information-b7b9e3bd-08fe-451a-bb07-e66fb67654d8/009-1d431d96-ed21-4637-ac07-439d47515d02-downloadableSrc-32d782def309.webp
15246679-c3f5-4863-b69c-3d9418d87e41,Updating new member settings,9866ea6d-c9b7-49a5-acb6-1b6e8e8c9cbd,Meetup,f1a4823a-e8cb-43e3-b5de-154b04f6f243,0,1,fa960511-98a9-4b78-b1c1-b3c84fb6876f,true,downloadableSrc,200,image/webp,59932,59932,24cccadfc1b5c5ee6856675f1fe1d8bd55fd30a61a110f4cc2b496e68be1bfa2,1179,2676,,,bytescale.mobbin.com,f7a1807c1ac98ccf0eecf5078d61346ac9a94ca37a547f5708d580528c9e55c0,/Users/user/mobbin-sides/screen-flows/meetup/054-meetup-updating-new-member-settings-15246679-c3f5-4863-b69c-3d9418d87e41/001-fa960511-98a9-4b78-b1c1-b3c84fb6876f-downloadableSrc-24cccadfc1b5.webp
15246679-c3f5-4863-b69c-3d9418d87e41,Updating new member settings,9866ea6d-c9b7-49a5-acb6-1b6e8e8c9cbd,Meetup,f1a4823a-e8cb-43e3-b5de-154b04f6f243,1,2,c6c1231a-263e-4287-8ac1-74500dc1a38e,true,downloadableSrc,200,image/webp,129782,129782,2b99e029d935ee8b31cd19d9c2b60b67cc9c75baae19c1d936598af22e8264da,1179,2676,,,bytescale.mobbin.com,f7a1807c1ac98ccf0eecf5078d61346ac9a94ca37a547f5708d580528c9e55c0,/Users/user/mobbin-sides/screen-flows/meetup/054-meetup-updating-new-member-settings-15246679-c3f5-4863-b69c-3d9418d87e41/002-c6c1231a-263e-4287-8ac1-74500dc1a38e-downloadableSrc-2b99e029d935.webp
15246679-c3f5-4863-b69c-3d9418d87e41,Updating new member settings,9866ea6d-c9b7-49a5-acb6-1b6e8e8c9cbd,Meetup,f1a4823a-e8cb-43e3-b5de-154b04f6f243,2,3,542696d1-88cb-4108-a51f-e383b25e6717,true,downloadableSrc,200,image/webp,130716,130716,1d450adb92e483d75dc8760c8c9dcf503e7654e40a2451147d30f75645f3da28,1179,2676,,,bytescale.mobbin.com,f7a1807c1ac98ccf0eecf5078d61346ac9a94ca37a547f5708d580528c9e55c0,/Users/user/mobbin-sides/screen-flows/meetup/054-meetup-updating-new-member-settings-15246679-c3f5-4863-b69c-3d9418d87e41/003-542696d1-88cb-4108-a51f-e383b25e6717-downloadableSrc-1d450adb92e4.webp
15246679-c3f5-4863-b69c-3d9418d87e41,Updating new member settings,9866ea6d-c9b7-49a5-acb6-1b6e8e8c9cbd,Meetup,f1a4823a-e8cb-43e3-b5de-154b04f6f243,3,4,25f70616-a40e-491a-92e9-122ab04a7d06,true,downloadableSrc,200,image/webp,110596,110596,e17be8d7a558015e2912195cf2ff358afc6610e5846ee1754637ee95c7873d19,1179,2676,,,bytescale.mobbin.com,f7a1807c1ac98ccf0eecf5078d61346ac9a94ca37a547f5708d580528c9e55c0,/Users/user/mobbin-sides/screen-flows/meetup/054-meetup-updating-new-member-settings-15246679-c3f5-4863-b69c-3d9418d87e41/004-25f70616-a40e-491a-92e9-122ab04a7d06-downloadableSrc-e17be8d7a558.webp
15246679-c3f5-4863-b69c-3d9418d87e41,Updating new member settings,9866ea6d-c9b7-49a5-acb6-1b6e8e8c9cbd,Meetup,f1a4823a-e8cb-43e3-b5de-154b04f6f243,4,5,5c661313-7e53-45f7-80a6-7ec70b08b0c6,true,downloadableSrc,200,image/webp,94676,94676,c02ed781d508e0990ba793d2105180bcdda90668b9ebb67ef528d3ca0489692a,1179,2676,,,bytescale.mobbin.com,f7a1807c1ac98ccf0eecf5078d61346ac9a94ca37a547f5708d580528c9e55c0,/Users/user/mobbin-sides/screen-flows/meetup/054-meetup-updating-new-member-settings-15246679-c3f5-4863-b69c-3d9418d87e41/005-5c661313-7e53-45f7-80a6-7ec70b08b0c6-downloadableSrc-c02ed781d508.webp
15246679-c3f5-4863-b69c-3d9418d87e41,Updating new member settings,9866ea6d-c9b7-49a5-acb6-1b6e8e8c9cbd,Meetup,f1a4823a-e8cb-43e3-b5de-154b04f6f243,5,6,c3997146-d884-4864-846b-69dc9f5ffd42,true,downloadableSrc,200,image/webp,104490,104490,21de88d05dd41db56777bd035d368eea5a600cbebef5eb68335d80fa99e66b7b,1179,2676,,,bytescale.mobbin.com,f7a1807c1ac98ccf0eecf5078d61346ac9a94ca37a547f5708d580528c9e55c0,/Users/user/mobbin-sides/screen-flows/meetup/054-meetup-updating-new-member-settings-15246679-c3f5-4863-b69c-3d9418d87e41/006-c3997146-d884-4864-846b-69dc9f5ffd42-downloadableSrc-21de88d05dd4.webp
de9b5a3f-487f-4590-a187-29b56fccdff4,Updating group privacy settings,9866ea6d-c9b7-49a5-acb6-1b6e8e8c9cbd,Meetup,f1a4823a-e8cb-43e3-b5de-154b04f6f243,0,1,73befd09-2f35-4917-914c-6525255329bb,true,downloadableSrc,200,image/webp,36450,36450,3ec3ed10445eb74487f19cb10a13fbb790160f4467da5802d54524b38322af9f,1179,2676,,,bytescale.mobbin.com,f7a1807c1ac98ccf0eecf5078d61346ac9a94ca37a547f5708d580528c9e55c0,/Users/user/mobbin-sides/screen-flows/meetup/055-meetup-updating-group-privacy-settings-de9b5a3f-487f-4590-a187-29b56fccdff4/001-73befd09-2f35-4917-914c-6525255329bb-downloadableSrc-3ec3ed10445e.webp
de9b5a3f-487f-4590-a187-29b56fccdff4,Updating group privacy settings,9866ea6d-c9b7-49a5-acb6-1b6e8e8c9cbd,Meetup,f1a4823a-e8cb-43e3-b5de-154b04f6f243,1,2,b2b32d6f-3725-4320-90fb-027c6603dc15,true,downloadableSrc,200,image/webp,128638,128638,9c3bd309315e9d284e674c82980ac7890e09c9db582c43e60836ceac4aca16c7,1179,2676,,,bytescale.mobbin.com,f7a1807c1ac98ccf0eecf5078d61346ac9a94ca37a547f5708d580528c9e55c0,/Users/user/mobbin-sides/screen-flows/meetup/055-meetup-updating-group-privacy-settings-de9b5a3f-487f-4590-a187-29b56fccdff4/002-b2b32d6f-3725-4320-90fb-027c6603dc15-downloadableSrc-9c3bd309315e.webp
de9b5a3f-487f-4590-a187-29b56fccdff4,Updating group privacy settings,9866ea6d-c9b7-49a5-acb6-1b6e8e8c9cbd,Meetup,f1a4823a-e8cb-43e3-b5de-154b04f6f243,2,3,c639e805-92a7-4107-8128-3db4eb323070,true,downloadableSrc,200,image/webp,133924,133924,f072a12a7ec7df4e3fc0f4814cbd05caa03822400c49416a519df33d9a0f2680,1179,2676,,,bytescale.mobbin.com,f7a1807c1ac98ccf0eecf5078d61346ac9a94ca37a547f5708d580528c9e55c0,/Users/user/mobbin-sides/screen-flows/meetup/055-meetup-updating-group-privacy-settings-de9b5a3f-487f-4590-a187-29b56fccdff4/003-c639e805-92a7-4107-8128-3db4eb323070-downloadableSrc-f072a12a7ec7.webp
de9b5a3f-487f-4590-a187-29b56fccdff4,Updating group privacy settings,9866ea6d-c9b7-49a5-acb6-1b6e8e8c9cbd,Meetup,f1a4823a-e8cb-43e3-b5de-154b04f6f243,3,4,9becfe34-e6a8-41dc-ae2c-5b65919478c7,true,downloadableSrc,200,image/webp,108436,108436,83dbc99ac24f61a46284e919a5f368d30bad83d4b9410a5346b844466eb9d489,1179,2676,,,bytescale.mobbin.com,f7a1807c1ac98ccf0eecf5078d61346ac9a94ca37a547f5708d580528c9e55c0,/Users/user/mobbin-sides/screen-flows/meetup/055-meetup-updating-group-privacy-settings-de9b5a3f-487f-4590-a187-29b56fccdff4/004-9becfe34-e6a8-41dc-ae2c-5b65919478c7-downloadableSrc-83dbc99ac24f.webp
de9b5a3f-487f-4590-a187-29b56fccdff4,Updating group privacy settings,9866ea6d-c9b7-49a5-acb6-1b6e8e8c9cbd,Meetup,f1a4823a-e8cb-43e3-b5de-154b04f6f243,4,5,1259882f-9fa7-4536-92c7-0fa8b6449aec,true,downloadableSrc,200,image/webp,134692,134692,a18773fc4d85a9d71bec3cb05d431c618be83a499ad9f6cef2c23c977b2ef6e3,1179,2676,,,bytescale.mobbin.com,f7a1807c1ac98ccf0eecf5078d61346ac9a94ca37a547f5708d580528c9e55c0,/Users/user/mobbin-sides/screen-flows/meetup/055-meetup-updating-group-privacy-settings-de9b5a3f-487f-4590-a187-29b56fccdff4/005-1259882f-9fa7-4536-92c7-0fa8b6449aec-downloadableSrc-a18773fc4d85.webp
de9b5a3f-487f-4590-a187-29b56fccdff4,Updating group privacy settings,9866ea6d-c9b7-49a5-acb6-1b6e8e8c9cbd,Meetup,f1a4823a-e8cb-43e3-b5de-154b04f6f243,5,6,8441bad0-77d8-4c41-9b90-e1c8b40e59ec,true,downloadableSrc,200,image/webp,82226,82226,ca4ab483cb67685073c0b426e90ef62a16053248e755d7d9c437dafecbfe5dfa,1179,2676,,,bytescale.mobbin.com,f7a1807c1ac98ccf0eecf5078d61346ac9a94ca37a547f5708d580528c9e55c0,/Users/user/mobbin-sides/screen-flows/meetup/055-meetup-updating-group-privacy-settings-de9b5a3f-487f-4590-a187-29b56fccdff4/006-8441bad0-77d8-4c41-9b90-e1c8b40e59ec-downloadableSrc-ca4ab483cb67.webp
de9b5a3f-487f-4590-a187-29b56fccdff4,Updating group privacy settings,9866ea6d-c9b7-49a5-acb6-1b6e8e8c9cbd,Meetup,f1a4823a-e8cb-43e3-b5de-154b04f6f243,6,7,6d81ee7f-9a36-4cc0-9e82-00e726f057db,true,downloadableSrc,200,image/webp,90502,90502,ed66bac654287e42d116a3f1246ba21ad8c7f640cef056634b71ae2196f6179c,1179,2676,,,bytescale.mobbin.com,f7a1807c1ac98ccf0eecf5078d61346ac9a94ca37a547f5708d580528c9e55c0,/Users/user/mobbin-sides/screen-flows/meetup/055-meetup-updating-group-privacy-settings-de9b5a3f-487f-4590-a187-29b56fccdff4/007-6d81ee7f-9a36-4cc0-9e82-00e726f057db-downloadableSrc-ed66bac65428.webp
d65003e2-eb56-406d-abeb-6af8f7578e47,Member dues,9866ea6d-c9b7-49a5-acb6-1b6e8e8c9cbd,Meetup,f1a4823a-e8cb-43e3-b5de-154b04f6f243,0,1,73befd09-2f35-4917-914c-6525255329bb,true,downloadableSrc,200,image/webp,36450,36450,3ec3ed10445eb74487f19cb10a13fbb790160f4467da5802d54524b38322af9f,1179,2676,,,bytescale.mobbin.com,f7a1807c1ac98ccf0eecf5078d61346ac9a94ca37a547f5708d580528c9e55c0,/Users/user/mobbin-sides/screen-flows/meetup/056-meetup-member-dues-d65003e2-eb56-406d-abeb-6af8f7578e47/001-73befd09-2f35-4917-914c-6525255329bb-downloadableSrc-3ec3ed10445e.webp
d65003e2-eb56-406d-abeb-6af8f7578e47,Member dues,9866ea6d-c9b7-49a5-acb6-1b6e8e8c9cbd,Meetup,f1a4823a-e8cb-43e3-b5de-154b04f6f243,1,2,c32d25d5-1092-41c3-92a8-81fcce1db604,true,downloadableSrc,200,image/webp,90714,90714,d7894f17944a5ff4f3464ff01d91a4b1dc2f377960711e091f04e5ae15dcf2d8,1179,2676,,,bytescale.mobbin.com,f7a1807c1ac98ccf0eecf5078d61346ac9a94ca37a547f5708d580528c9e55c0,/Users/user/mobbin-sides/screen-flows/meetup/056-meetup-member-dues-d65003e2-eb56-406d-abeb-6af8f7578e47/002-c32d25d5-1092-41c3-92a8-81fcce1db604-downloadableSrc-d7894f17944a.webp
d65003e2-eb56-406d-abeb-6af8f7578e47,Member dues,9866ea6d-c9b7-49a5-acb6-1b6e8e8c9cbd,Meetup,f1a4823a-e8cb-43e3-b5de-154b04f6f243,2,3,94ca179c-8d20-4633-b6b6-f41bb8e381c9,true,downloadableSrc,200,image/webp,83456,83456,4a6c1827dd626e7e469a411d8774d32d4c841b01856b6ce9b3fdda077a8e2b17,1179,2676,,,bytescale.mobbin.com,f7a1807c1ac98ccf0eecf5078d61346ac9a94ca37a547f5708d580528c9e55c0,/Users/user/mobbin-sides/screen-flows/meetup/056-meetup-member-dues-d65003e2-eb56-406d-abeb-6af8f7578e47/003-94ca179c-8d20-4633-b6b6-f41bb8e381c9-downloadableSrc-4a6c1827dd62.webp
d65003e2-eb56-406d-abeb-6af8f7578e47,Member dues,9866ea6d-c9b7-49a5-acb6-1b6e8e8c9cbd,Meetup,f1a4823a-e8cb-43e3-b5de-154b04f6f243,3,4,c8085c91-e394-457a-b7c3-f869a212168d,true,downloadableSrc,200,image/webp,96198,96198,2bec043f8a6dd3302946779f74dfb1935d531ca48dc681783a59825294d5a333,1179,2676,,,bytescale.mobbin.com,f7a1807c1ac98ccf0eecf5078d61346ac9a94ca37a547f5708d580528c9e55c0,/Users/user/mobbin-sides/screen-flows/meetup/056-meetup-member-dues-d65003e2-eb56-406d-abeb-6af8f7578e47/004-c8085c91-e394-457a-b7c3-f869a212168d-downloadableSrc-2bec043f8a6d.webp
54f6ee9e-f8d4-4b26-bd0f-9e675a4a6f12,Sponsors,9866ea6d-c9b7-49a5-acb6-1b6e8e8c9cbd,Meetup,f1a4823a-e8cb-43e3-b5de-154b04f6f243,0,1,e845d578-76f9-4ecd-8ad4-53c482944955,true,downloadableSrc,200,image/webp,39314,39314,1215a92bcacfd0fe857eb8989561fd99bfb38baf311163eb59fe8bf5e9a0ca97,1179,2676,,,bytescale.mobbin.com,f7a1807c1ac98ccf0eecf5078d61346ac9a94ca37a547f5708d580528c9e55c0,/Users/user/mobbin-sides/screen-flows/meetup/057-meetup-sponsors-54f6ee9e-f8d4-4b26-bd0f-9e675a4a6f12/001-e845d578-76f9-4ecd-8ad4-53c482944955-downloadableSrc-1215a92bcacf.webp
54f6ee9e-f8d4-4b26-bd0f-9e675a4a6f12,Sponsors,9866ea6d-c9b7-49a5-acb6-1b6e8e8c9cbd,Meetup,f1a4823a-e8cb-43e3-b5de-154b04f6f243,1,2,c1d7fc93-69a5-4df3-87ec-35ed4ed4c3ce,true,downloadableSrc,200,image/webp,53086,53086,6258c536a722b223b0473bd48ebfe9475d881d921e6013e56ef1ba73136d40c5,1179,2676,,,bytescale.mobbin.com,f7a1807c1ac98ccf0eecf5078d61346ac9a94ca37a547f5708d580528c9e55c0,/Users/user/mobbin-sides/screen-flows/meetup/057-meetup-sponsors-54f6ee9e-f8d4-4b26-bd0f-9e675a4a6f12/002-c1d7fc93-69a5-4df3-87ec-35ed4ed4c3ce-downloadableSrc-6258c536a722.webp
c6f945ce-ea8a-4483-b09b-02eb35f8b667,Stats,9866ea6d-c9b7-49a5-acb6-1b6e8e8c9cbd,Meetup,f1a4823a-e8cb-43e3-b5de-154b04f6f243,0,1,298be801-254f-4e1c-904b-16c599a2d1a4,true,downloadableSrc,200,image/webp,104508,104508,05e712ae016c5aac35b16f58f73015d3e574d5884bb398661bc783659d8b1f14,1179,2676,,,bytescale.mobbin.com,f7a1807c1ac98ccf0eecf5078d61346ac9a94ca37a547f5708d580528c9e55c0,/Users/user/mobbin-sides/screen-flows/meetup/058-meetup-stats-c6f945ce-ea8a-4483-b09b-02eb35f8b667/001-298be801-254f-4e1c-904b-16c599a2d1a4-downloadableSrc-05e712ae016c.webp
c6f945ce-ea8a-4483-b09b-02eb35f8b667,Stats,9866ea6d-c9b7-49a5-acb6-1b6e8e8c9cbd,Meetup,f1a4823a-e8cb-43e3-b5de-154b04f6f243,1,2,c3568cab-3413-4d91-909b-93dd253bb382,true,downloadableSrc,200,image/webp,79150,79150,39a8a3f628450dc39b3302f2bc307e0c9a1337b78a3840df29a64333f5b1d3dd,1179,2676,,,bytescale.mobbin.com,f7a1807c1ac98ccf0eecf5078d61346ac9a94ca37a547f5708d580528c9e55c0,/Users/user/mobbin-sides/screen-flows/meetup/058-meetup-stats-c6f945ce-ea8a-4483-b09b-02eb35f8b667/002-c3568cab-3413-4d91-909b-93dd253bb382-downloadableSrc-39a8a3f62845.webp
c6f945ce-ea8a-4483-b09b-02eb35f8b667,Stats,9866ea6d-c9b7-49a5-acb6-1b6e8e8c9cbd,Meetup,f1a4823a-e8cb-43e3-b5de-154b04f6f243,2,3,aad81d29-f615-45fa-8399-2744e71063d0,true,downloadableSrc,200,image/webp,64510,64510,7767275928053f85990ccd86fe4d44bde84703a622a1fb175bac904146cff0ef,1179,2676,,,bytescale.mobbin.com,f7a1807c1ac98ccf0eecf5078d61346ac9a94ca37a547f5708d580528c9e55c0,/Users/user/mobbin-sides/screen-flows/meetup/058-meetup-stats-c6f945ce-ea8a-4483-b09b-02eb35f8b667/003-aad81d29-f615-45fa-8399-2744e71063d0-downloadableSrc-776727592805.webp
c6f945ce-ea8a-4483-b09b-02eb35f8b667,Stats,9866ea6d-c9b7-49a5-acb6-1b6e8e8c9cbd,Meetup,f1a4823a-e8cb-43e3-b5de-154b04f6f243,3,4,73e7dc5c-9587-4e86-b3ea-5bf5b892df23,true,downloadableSrc,200,image/webp,36586,36586,3e579626b93c095391ffa524f44a6f212e7eba8c081607d400de722e5b76dc7e,1179,2676,,,bytescale.mobbin.com,f7a1807c1ac98ccf0eecf5078d61346ac9a94ca37a547f5708d580528c9e55c0,/Users/user/mobbin-sides/screen-flows/meetup/058-meetup-stats-c6f945ce-ea8a-4483-b09b-02eb35f8b667/004-73e7dc5c-9587-4e86-b3ea-5bf5b892df23-downloadableSrc-3e579626b93c.webp
2f042ccd-925f-46c2-9a21-e8df7315bbd7,Money summary,9866ea6d-c9b7-49a5-acb6-1b6e8e8c9cbd,Meetup,f1a4823a-e8cb-43e3-b5de-154b04f6f243,0,1,298be801-254f-4e1c-904b-16c599a2d1a4,true,downloadableSrc,200,image/webp,104508,104508,05e712ae016c5aac35b16f58f73015d3e574d5884bb398661bc783659d8b1f14,1179,2676,,,bytescale.mobbin.com,f7a1807c1ac98ccf0eecf5078d61346ac9a94ca37a547f5708d580528c9e55c0,/Users/user/mobbin-sides/screen-flows/meetup/059-meetup-money-summary-2f042ccd-925f-46c2-9a21-e8df7315bbd7/001-298be801-254f-4e1c-904b-16c599a2d1a4-downloadableSrc-05e712ae016c.webp
2f042ccd-925f-46c2-9a21-e8df7315bbd7,Money summary,9866ea6d-c9b7-49a5-acb6-1b6e8e8c9cbd,Meetup,f1a4823a-e8cb-43e3-b5de-154b04f6f243,1,2,1184ba50-5b4c-47c1-9a26-0da27b242673,true,downloadableSrc,200,image/webp,71312,71312,bb4b125106992517f4b84e820ec4c4cb04c8abc33f8c050fd1a19dc622f7742b,1179,2676,,,bytescale.mobbin.com,f7a1807c1ac98ccf0eecf5078d61346ac9a94ca37a547f5708d580528c9e55c0,/Users/user/mobbin-sides/screen-flows/meetup/059-meetup-money-summary-2f042ccd-925f-46c2-9a21-e8df7315bbd7/002-1184ba50-5b4c-47c1-9a26-0da27b242673-downloadableSrc-bb4b12510699.webp
2f042ccd-925f-46c2-9a21-e8df7315bbd7,Money summary,9866ea6d-c9b7-49a5-acb6-1b6e8e8c9cbd,Meetup,f1a4823a-e8cb-43e3-b5de-154b04f6f243,2,3,1a22363e-cad9-4b67-b1a2-1d6ec9e248d7,true,downloadableSrc,200,image/webp,63386,63386,c8e670c4e9c872c4f5f58460566ca5faf246e2004498395fb771e6e1ddecc791,1179,2676,,,bytescale.mobbin.com,f7a1807c1ac98ccf0eecf5078d61346ac9a94ca37a547f5708d580528c9e55c0,/Users/user/mobbin-sides/screen-flows/meetup/059-meetup-money-summary-2f042ccd-925f-46c2-9a21-e8df7315bbd7/003-1a22363e-cad9-4b67-b1a2-1d6ec9e248d7-downloadableSrc-c8e670c4e9c8.webp
2f042ccd-925f-46c2-9a21-e8df7315bbd7,Money summary,9866ea6d-c9b7-49a5-acb6-1b6e8e8c9cbd,Meetup,f1a4823a-e8cb-43e3-b5de-154b04f6f243,3,4,2a0f499b-355f-4dc0-a999-fd559fdfbefd,true,downloadableSrc,200,image/webp,47974,47974,b555e9a447ccef33503d571e5458193d020b82d9d50be93dd19c36b6062b2d19,1179,2676,,,bytescale.mobbin.com,f7a1807c1ac98ccf0eecf5078d61346ac9a94ca37a547f5708d580528c9e55c0,/Users/user/mobbin-sides/screen-flows/meetup/059-meetup-money-summary-2f042ccd-925f-46c2-9a21-e8df7315bbd7/004-2a0f499b-355f-4dc0-a999-fd559fdfbefd-downloadableSrc-b555e9a447cc.webp
b9cd366c-dd3b-4c59-a267-8ea87adc49d9,Transferring group ownership,9866ea6d-c9b7-49a5-acb6-1b6e8e8c9cbd,Meetup,f1a4823a-e8cb-43e3-b5de-154b04f6f243,0,1,298be801-254f-4e1c-904b-16c599a2d1a4,true,downloadableSrc,200,image/webp,104508,104508,05e712ae016c5aac35b16f58f73015d3e574d5884bb398661bc783659d8b1f14,1179,2676,,,bytescale.mobbin.com,f7a1807c1ac98ccf0eecf5078d61346ac9a94ca37a547f5708d580528c9e55c0,/Users/user/mobbin-sides/screen-flows/meetup/060-meetup-transferring-group-ownership-b9cd366c-dd3b-4c59-a267-8ea87adc49d9/001-298be801-254f-4e1c-904b-16c599a2d1a4-downloadableSrc-05e712ae016c.webp
b9cd366c-dd3b-4c59-a267-8ea87adc49d9,Transferring group ownership,9866ea6d-c9b7-49a5-acb6-1b6e8e8c9cbd,Meetup,f1a4823a-e8cb-43e3-b5de-154b04f6f243,1,2,21ca0635-b24f-42a6-8353-c17f25c06a68,true,downloadableSrc,200,image/webp,80960,80960,21092103128957c08559d972214cb754453de8fe564921b7d17ece9777bf5c64,1179,2676,,,bytescale.mobbin.com,f7a1807c1ac98ccf0eecf5078d61346ac9a94ca37a547f5708d580528c9e55c0,/Users/user/mobbin-sides/screen-flows/meetup/060-meetup-transferring-group-ownership-b9cd366c-dd3b-4c59-a267-8ea87adc49d9/002-21ca0635-b24f-42a6-8353-c17f25c06a68-downloadableSrc-210921031289.webp
b9cd366c-dd3b-4c59-a267-8ea87adc49d9,Transferring group ownership,9866ea6d-c9b7-49a5-acb6-1b6e8e8c9cbd,Meetup,f1a4823a-e8cb-43e3-b5de-154b04f6f243,2,3,eb54f29b-1150-4443-b047-1a92b900c12b,true,downloadableSrc,200,image/webp,80570,80570,310fc585fe77a38c7827025963b8c7bc1f00466d161313345dc295d777f51192,1179,2676,,,bytescale.mobbin.com,f7a1807c1ac98ccf0eecf5078d61346ac9a94ca37a547f5708d580528c9e55c0,/Users/user/mobbin-sides/screen-flows/meetup/060-meetup-transferring-group-ownership-b9cd366c-dd3b-4c59-a267-8ea87adc49d9/003-eb54f29b-1150-4443-b047-1a92b900c12b-downloadableSrc-310fc585fe77.webp
b9cd366c-dd3b-4c59-a267-8ea87adc49d9,Transferring group ownership,9866ea6d-c9b7-49a5-acb6-1b6e8e8c9cbd,Meetup,f1a4823a-e8cb-43e3-b5de-154b04f6f243,3,4,9315ed83-94f2-4d8a-a99a-65ff5721135c,true,downloadableSrc,200,image/webp,96180,96180,7b835a3229dd2942eae69c9f3b1598f0f15d7a752d847f82268ee3fbe544bb13,1179,2676,,,bytescale.mobbin.com,f7a1807c1ac98ccf0eecf5078d61346ac9a94ca37a547f5708d580528c9e55c0,/Users/user/mobbin-sides/screen-flows/meetup/060-meetup-transferring-group-ownership-b9cd366c-dd3b-4c59-a267-8ea87adc49d9/004-9315ed83-94f2-4d8a-a99a-65ff5721135c-downloadableSrc-7b835a3229dd.webp
b9cd366c-dd3b-4c59-a267-8ea87adc49d9,Transferring group ownership,9866ea6d-c9b7-49a5-acb6-1b6e8e8c9cbd,Meetup,f1a4823a-e8cb-43e3-b5de-154b04f6f243,4,5,aae34e36-50a9-438d-9ce7-f2f455cdc9d9,true,downloadableSrc,200,image/webp,137840,137840,57f1bf1873af702a1fdcf238fd668ee860b3c95ae381bd9806302e8849087bc3,1179,2676,,,bytescale.mobbin.com,f7a1807c1ac98ccf0eecf5078d61346ac9a94ca37a547f5708d580528c9e55c0,/Users/user/mobbin-sides/screen-flows/meetup/060-meetup-transferring-group-ownership-b9cd366c-dd3b-4c59-a267-8ea87adc49d9/005-aae34e36-50a9-438d-9ce7-f2f455cdc9d9-downloadableSrc-57f1bf1873af.webp
b9cd366c-dd3b-4c59-a267-8ea87adc49d9,Transferring group ownership,9866ea6d-c9b7-49a5-acb6-1b6e8e8c9cbd,Meetup,f1a4823a-e8cb-43e3-b5de-154b04f6f243,5,6,1724b850-0199-42a4-a008-590e29e8b8de,true,downloadableSrc,200,image/webp,128260,128260,6d215ac5a6684651466aeccaed6c86425ff36b584990019fb613ebc1f4b7c6b7,1179,2676,,,bytescale.mobbin.com,f7a1807c1ac98ccf0eecf5078d61346ac9a94ca37a547f5708d580528c9e55c0,/Users/user/mobbin-sides/screen-flows/meetup/060-meetup-transferring-group-ownership-b9cd366c-dd3b-4c59-a267-8ea87adc49d9/006-1724b850-0199-42a4-a008-590e29e8b8de-downloadableSrc-6d215ac5a668.webp
468455fb-a519-4221-ad85-ba22012b594a,Profile,9866ea6d-c9b7-49a5-acb6-1b6e8e8c9cbd,Meetup,f1a4823a-e8cb-43e3-b5de-154b04f6f243,0,1,6bd6f052-9f86-4111-b6cf-59e35c3085fb,true,downloadableSrc,200,image/webp,162570,162570,836e4663858d16a2bc126c6f12bd56048057827a5fd86be60f41a3fa4201b42f,1179,2676,,,bytescale.mobbin.com,f7a1807c1ac98ccf0eecf5078d61346ac9a94ca37a547f5708d580528c9e55c0,/Users/user/mobbin-sides/screen-flows/meetup/061-meetup-profile-468455fb-a519-4221-ad85-ba22012b594a/001-6bd6f052-9f86-4111-b6cf-59e35c3085fb-downloadableSrc-836e4663858d.webp
468455fb-a519-4221-ad85-ba22012b594a,Profile,9866ea6d-c9b7-49a5-acb6-1b6e8e8c9cbd,Meetup,f1a4823a-e8cb-43e3-b5de-154b04f6f243,1,2,0e915964-3742-479f-bc43-fca2b2927dd7,true,downloadableSrc,200,image/webp,131636,131636,7a631740176557187ea3f0aa4c5a54b69d9d51c25c80369cadf7a2325b11ac57,1179,2676,,,bytescale.mobbin.com,f7a1807c1ac98ccf0eecf5078d61346ac9a94ca37a547f5708d580528c9e55c0,/Users/user/mobbin-sides/screen-flows/meetup/061-meetup-profile-468455fb-a519-4221-ad85-ba22012b594a/002-0e915964-3742-479f-bc43-fca2b2927dd7-downloadableSrc-7a6317401765.webp
468455fb-a519-4221-ad85-ba22012b594a,Profile,9866ea6d-c9b7-49a5-acb6-1b6e8e8c9cbd,Meetup,f1a4823a-e8cb-43e3-b5de-154b04f6f243,2,3,40b51c15-f93b-4933-be0a-2836829bd73d,true,downloadableSrc,200,image/webp,89688,89688,0abb95ee1b5a226528d25e77b0d0b5c8f97ccb1e12d4d38a1e23f73a67cd1b02,1179,2676,,,bytescale.mobbin.com,f7a1807c1ac98ccf0eecf5078d61346ac9a94ca37a547f5708d580528c9e55c0,/Users/user/mobbin-sides/screen-flows/meetup/061-meetup-profile-468455fb-a519-4221-ad85-ba22012b594a/003-40b51c15-f93b-4933-be0a-2836829bd73d-downloadableSrc-0abb95ee1b5a.webp
468455fb-a519-4221-ad85-ba22012b594a,Profile,9866ea6d-c9b7-49a5-acb6-1b6e8e8c9cbd,Meetup,f1a4823a-e8cb-43e3-b5de-154b04f6f243,3,4,05cf9ce9-ff6e-449c-8a9a-5cf2876c43cb,true,downloadableSrc,200,image/webp,76044,76044,bfe377b608dc1be9d8c418f93b18db99e3b4bd954b7a6397d58a3bb1ab09275f,1179,2676,,,bytescale.mobbin.com,f7a1807c1ac98ccf0eecf5078d61346ac9a94ca37a547f5708d580528c9e55c0,/Users/user/mobbin-sides/screen-flows/meetup/061-meetup-profile-468455fb-a519-4221-ad85-ba22012b594a/004-05cf9ce9-ff6e-449c-8a9a-5cf2876c43cb-downloadableSrc-bfe377b608dc.webp
468455fb-a519-4221-ad85-ba22012b594a,Profile,9866ea6d-c9b7-49a5-acb6-1b6e8e8c9cbd,Meetup,f1a4823a-e8cb-43e3-b5de-154b04f6f243,4,5,d4ad380b-6911-454a-9e59-ce449430d6c4,true,downloadableSrc,200,image/webp,98860,98860,bc24beca86fe7968f04f4884706c5d8b757b3a61a49ea702cdda43ef3999e787,1179,2676,,,bytescale.mobbin.com,f7a1807c1ac98ccf0eecf5078d61346ac9a94ca37a547f5708d580528c9e55c0,/Users/user/mobbin-sides/screen-flows/meetup/061-meetup-profile-468455fb-a519-4221-ad85-ba22012b594a/005-d4ad380b-6911-454a-9e59-ce449430d6c4-downloadableSrc-bc24beca86fe.webp
2f4e2cf5-0d8c-4fae-a66f-80a7774f33bb,Edit profile,9866ea6d-c9b7-49a5-acb6-1b6e8e8c9cbd,Meetup,f1a4823a-e8cb-43e3-b5de-154b04f6f243,0,1,0e915964-3742-479f-bc43-fca2b2927dd7,true,downloadableSrc,200,image/webp,131636,131636,7a631740176557187ea3f0aa4c5a54b69d9d51c25c80369cadf7a2325b11ac57,1179,2676,,,bytescale.mobbin.com,f7a1807c1ac98ccf0eecf5078d61346ac9a94ca37a547f5708d580528c9e55c0,/Users/user/mobbin-sides/screen-flows/meetup/062-meetup-edit-profile-2f4e2cf5-0d8c-4fae-a66f-80a7774f33bb/001-0e915964-3742-479f-bc43-fca2b2927dd7-downloadableSrc-7a6317401765.webp
2f4e2cf5-0d8c-4fae-a66f-80a7774f33bb,Edit profile,9866ea6d-c9b7-49a5-acb6-1b6e8e8c9cbd,Meetup,f1a4823a-e8cb-43e3-b5de-154b04f6f243,1,2,4cfa3cc3-bc81-4f73-a3a2-d0c174f9b128,true,downloadableSrc,200,image/webp,68930,68930,71d62a64fddc66f8352738284239607d5489e56d9e25879bab1191017d89b604,1179,2676,,,bytescale.mobbin.com,f7a1807c1ac98ccf0eecf5078d61346ac9a94ca37a547f5708d580528c9e55c0,/Users/user/mobbin-sides/screen-flows/meetup/062-meetup-edit-profile-2f4e2cf5-0d8c-4fae-a66f-80a7774f33bb/002-4cfa3cc3-bc81-4f73-a3a2-d0c174f9b128-downloadableSrc-71d62a64fddc.webp
2f4e2cf5-0d8c-4fae-a66f-80a7774f33bb,Edit profile,9866ea6d-c9b7-49a5-acb6-1b6e8e8c9cbd,Meetup,f1a4823a-e8cb-43e3-b5de-154b04f6f243,2,3,40a75fce-4451-49a0-8509-bfe92ebdf4ae,true,downloadableSrc,200,image/webp,78250,78250,ae5e454d7a3feae27f29d68ee48fa0214d318f748371e606388c52d241d84326,1179,2676,,,bytescale.mobbin.com,f7a1807c1ac98ccf0eecf5078d61346ac9a94ca37a547f5708d580528c9e55c0,/Users/user/mobbin-sides/screen-flows/meetup/062-meetup-edit-profile-2f4e2cf5-0d8c-4fae-a66f-80a7774f33bb/003-40a75fce-4451-49a0-8509-bfe92ebdf4ae-downloadableSrc-ae5e454d7a3f.webp
2f4e2cf5-0d8c-4fae-a66f-80a7774f33bb,Edit profile,9866ea6d-c9b7-49a5-acb6-1b6e8e8c9cbd,Meetup,f1a4823a-e8cb-43e3-b5de-154b04f6f243,3,4,ea373968-b6e3-49e0-b75e-a2ac75c916f1,true,downloadableSrc,200,image/webp,93190,93190,284fd26aad49ce4d734c28082a2e1dea90354f83e83416928a7f1185387b3584,1179,2676,,,bytescale.mobbin.com,f7a1807c1ac98ccf0eecf5078d61346ac9a94ca37a547f5708d580528c9e55c0,/Users/user/mobbin-sides/screen-flows/meetup/062-meetup-edit-profile-2f4e2cf5-0d8c-4fae-a66f-80a7774f33bb/004-ea373968-b6e3-49e0-b75e-a2ac75c916f1-downloadableSrc-284fd26aad49.webp
e9023905-731e-4bbe-ba4c-bd4c446b6e84,Changing profile photo,9866ea6d-c9b7-49a5-acb6-1b6e8e8c9cbd,Meetup,f1a4823a-e8cb-43e3-b5de-154b04f6f243,0,1,4cfa3cc3-bc81-4f73-a3a2-d0c174f9b128,true,downloadableSrc,200,image/webp,68930,68930,71d62a64fddc66f8352738284239607d5489e56d9e25879bab1191017d89b604,1179,2676,,,bytescale.mobbin.com,f7a1807c1ac98ccf0eecf5078d61346ac9a94ca37a547f5708d580528c9e55c0,/Users/user/mobbin-sides/screen-flows/meetup/063-meetup-changing-profile-photo-e9023905-731e-4bbe-ba4c-bd4c446b6e84/001-4cfa3cc3-bc81-4f73-a3a2-d0c174f9b128-downloadableSrc-71d62a64fddc.webp
e9023905-731e-4bbe-ba4c-bd4c446b6e84,Changing profile photo,9866ea6d-c9b7-49a5-acb6-1b6e8e8c9cbd,Meetup,f1a4823a-e8cb-43e3-b5de-154b04f6f243,1,2,cac6aa0e-02ad-485c-a89b-052c7d1c9995,true,downloadableSrc,200,image/webp,76826,76826,7714e63307f68b24062f28d9e2c1e0f03365a10dcb2ccb02c6697f68c7ecbcd7,1179,2676,,,bytescale.mobbin.com,f7a1807c1ac98ccf0eecf5078d61346ac9a94ca37a547f5708d580528c9e55c0,/Users/user/mobbin-sides/screen-flows/meetup/063-meetup-changing-profile-photo-e9023905-731e-4bbe-ba4c-bd4c446b6e84/002-cac6aa0e-02ad-485c-a89b-052c7d1c9995-downloadableSrc-7714e63307f6.webp
e9023905-731e-4bbe-ba4c-bd4c446b6e84,Changing profile photo,9866ea6d-c9b7-49a5-acb6-1b6e8e8c9cbd,Meetup,f1a4823a-e8cb-43e3-b5de-154b04f6f243,2,3,8d3a06f3-63ca-4188-843f-2a9a90595987,true,downloadableSrc,200,image/webp,71490,71490,564f7827246ad16236603e748b015549915fc90e96167f187fc73d1697af4614,1179,2676,,,bytescale.mobbin.com,f7a1807c1ac98ccf0eecf5078d61346ac9a94ca37a547f5708d580528c9e55c0,/Users/user/mobbin-sides/screen-flows/meetup/063-meetup-changing-profile-photo-e9023905-731e-4bbe-ba4c-bd4c446b6e84/003-8d3a06f3-63ca-4188-843f-2a9a90595987-downloadableSrc-564f7827246a.webp
e9023905-731e-4bbe-ba4c-bd4c446b6e84,Changing profile photo,9866ea6d-c9b7-49a5-acb6-1b6e8e8c9cbd,Meetup,f1a4823a-e8cb-43e3-b5de-154b04f6f243,3,4,40b51c15-f93b-4933-be0a-2836829bd73d,true,downloadableSrc,200,image/webp,89688,89688,0abb95ee1b5a226528d25e77b0d0b5c8f97ccb1e12d4d38a1e23f73a67cd1b02,1179,2676,,,bytescale.mobbin.com,f7a1807c1ac98ccf0eecf5078d61346ac9a94ca37a547f5708d580528c9e55c0,/Users/user/mobbin-sides/screen-flows/meetup/063-meetup-changing-profile-photo-e9023905-731e-4bbe-ba4c-bd4c446b6e84/004-40b51c15-f93b-4933-be0a-2836829bd73d-downloadableSrc-0abb95ee1b5a.webp
d459be7a-0644-4d85-b200-c6ace408b946,Editing account info,9866ea6d-c9b7-49a5-acb6-1b6e8e8c9cbd,Meetup,f1a4823a-e8cb-43e3-b5de-154b04f6f243,0,1,4cfa3cc3-bc81-4f73-a3a2-d0c174f9b128,true,downloadableSrc,200,image/webp,68930,68930,71d62a64fddc66f8352738284239607d5489e56d9e25879bab1191017d89b604,1179,2676,,,bytescale.mobbin.com,f7a1807c1ac98ccf0eecf5078d61346ac9a94ca37a547f5708d580528c9e55c0,/Users/user/mobbin-sides/screen-flows/meetup/064-meetup-editing-account-info-d459be7a-0644-4d85-b200-c6ace408b946/001-4cfa3cc3-bc81-4f73-a3a2-d0c174f9b128-downloadableSrc-71d62a64fddc.webp
d459be7a-0644-4d85-b200-c6ace408b946,Editing account info,9866ea6d-c9b7-49a5-acb6-1b6e8e8c9cbd,Meetup,f1a4823a-e8cb-43e3-b5de-154b04f6f243,1,2,3d255df6-1018-4847-a8f2-2476a2bdd1dd,true,downloadableSrc,200,image/webp,30750,30750,989c87b3364f2094f583c3f926061295cc5541695c5156f49515ef75ab7c7052,1179,2676,,,bytescale.mobbin.com,f7a1807c1ac98ccf0eecf5078d61346ac9a94ca37a547f5708d580528c9e55c0,/Users/user/mobbin-sides/screen-flows/meetup/064-meetup-editing-account-info-d459be7a-0644-4d85-b200-c6ace408b946/002-3d255df6-1018-4847-a8f2-2476a2bdd1dd-downloadableSrc-989c87b3364f.webp
d459be7a-0644-4d85-b200-c6ace408b946,Editing account info,9866ea6d-c9b7-49a5-acb6-1b6e8e8c9cbd,Meetup,f1a4823a-e8cb-43e3-b5de-154b04f6f243,2,3,2104f36a-1a61-4ce4-89cd-d7d0caf9aeef,true,downloadableSrc,200,image/webp,49952,49952,30521d80554461a462ccee6fd9f36e5371a80c78d63309f4a3cf6032f65f8ff3,1179,2676,,,bytescale.mobbin.com,f7a1807c1ac98ccf0eecf5078d61346ac9a94ca37a547f5708d580528c9e55c0,/Users/user/mobbin-sides/screen-flows/meetup/064-meetup-editing-account-info-d459be7a-0644-4d85-b200-c6ace408b946/003-2104f36a-1a61-4ce4-89cd-d7d0caf9aeef-downloadableSrc-30521d805544.webp
d459be7a-0644-4d85-b200-c6ace408b946,Editing account info,9866ea6d-c9b7-49a5-acb6-1b6e8e8c9cbd,Meetup,f1a4823a-e8cb-43e3-b5de-154b04f6f243,3,4,ed4dcb11-d27c-4e4f-9db8-b80d011f19fd,true,downloadableSrc,200,image/webp,80624,80624,a5e6008ca18920bd663b475f8dd4b9b1e3274e0cf3e20c0f08925071408b5303,1179,2676,,,bytescale.mobbin.com,f7a1807c1ac98ccf0eecf5078d61346ac9a94ca37a547f5708d580528c9e55c0,/Users/user/mobbin-sides/screen-flows/meetup/064-meetup-editing-account-info-d459be7a-0644-4d85-b200-c6ace408b946/004-ed4dcb11-d27c-4e4f-9db8-b80d011f19fd-downloadableSrc-a5e6008ca189.webp
1eecab03-bfde-46ea-907a-1d1836ae2371,Updating interests,9866ea6d-c9b7-49a5-acb6-1b6e8e8c9cbd,Meetup,f1a4823a-e8cb-43e3-b5de-154b04f6f243,0,1,4cfa3cc3-bc81-4f73-a3a2-d0c174f9b128,true,downloadableSrc,200,image/webp,68930,68930,71d62a64fddc66f8352738284239607d5489e56d9e25879bab1191017d89b604,1179,2676,,,bytescale.mobbin.com,f7a1807c1ac98ccf0eecf5078d61346ac9a94ca37a547f5708d580528c9e55c0,/Users/user/mobbin-sides/screen-flows/meetup/065-meetup-updating-interests-1eecab03-bfde-46ea-907a-1d1836ae2371/001-4cfa3cc3-bc81-4f73-a3a2-d0c174f9b128-downloadableSrc-71d62a64fddc.webp
1eecab03-bfde-46ea-907a-1d1836ae2371,Updating interests,9866ea6d-c9b7-49a5-acb6-1b6e8e8c9cbd,Meetup,f1a4823a-e8cb-43e3-b5de-154b04f6f243,1,2,2ea034d2-d961-4fc3-8dc2-50c21d7e79a0,true,downloadableSrc,200,image/webp,32770,32770,118392f3fb11a7bb1cd09574c10c95c92a4a889fa37192f99c03d5b3f76bf2a4,1179,2676,,,bytescale.mobbin.com,f7a1807c1ac98ccf0eecf5078d61346ac9a94ca37a547f5708d580528c9e55c0,/Users/user/mobbin-sides/screen-flows/meetup/065-meetup-updating-interests-1eecab03-bfde-46ea-907a-1d1836ae2371/002-2ea034d2-d961-4fc3-8dc2-50c21d7e79a0-downloadableSrc-118392f3fb11.webp
1eecab03-bfde-46ea-907a-1d1836ae2371,Updating interests,9866ea6d-c9b7-49a5-acb6-1b6e8e8c9cbd,Meetup,f1a4823a-e8cb-43e3-b5de-154b04f6f243,2,3,5d433f66-84c6-4f0b-b73f-42d4bbeb9793,true,downloadableSrc,200,image/webp,83930,83930,8f229ba0549a3074aea5738b5c9990c293f02f51ee19781464517a01503bc252,1179,2676,,,bytescale.mobbin.com,f7a1807c1ac98ccf0eecf5078d61346ac9a94ca37a547f5708d580528c9e55c0,/Users/user/mobbin-sides/screen-flows/meetup/065-meetup-updating-interests-1eecab03-bfde-46ea-907a-1d1836ae2371/003-5d433f66-84c6-4f0b-b73f-42d4bbeb9793-downloadableSrc-8f229ba0549a.webp
1eecab03-bfde-46ea-907a-1d1836ae2371,Updating interests,9866ea6d-c9b7-49a5-acb6-1b6e8e8c9cbd,Meetup,f1a4823a-e8cb-43e3-b5de-154b04f6f243,3,4,9a10d2e3-d139-46c2-bd61-e2c365a72626,true,downloadableSrc,200,image/webp,42094,42094,65efe59afc7de25a20c3bb9c7a793d1f9d66c6975335fe767a21bb03d70fbdd9,1179,2676,,,bytescale.mobbin.com,f7a1807c1ac98ccf0eecf5078d61346ac9a94ca37a547f5708d580528c9e55c0,/Users/user/mobbin-sides/screen-flows/meetup/065-meetup-updating-interests-1eecab03-bfde-46ea-907a-1d1836ae2371/004-9a10d2e3-d139-46c2-bd61-e2c365a72626-downloadableSrc-65efe59afc7d.webp
1eecab03-bfde-46ea-907a-1d1836ae2371,Updating interests,9866ea6d-c9b7-49a5-acb6-1b6e8e8c9cbd,Meetup,f1a4823a-e8cb-43e3-b5de-154b04f6f243,4,5,ed4dcb11-d27c-4e4f-9db8-b80d011f19fd,true,downloadableSrc,200,image/webp,80624,80624,a5e6008ca18920bd663b475f8dd4b9b1e3274e0cf3e20c0f08925071408b5303,1179,2676,,,bytescale.mobbin.com,f7a1807c1ac98ccf0eecf5078d61346ac9a94ca37a547f5708d580528c9e55c0,/Users/user/mobbin-sides/screen-flows/meetup/065-meetup-updating-interests-1eecab03-bfde-46ea-907a-1d1836ae2371/005-ed4dcb11-d27c-4e4f-9db8-b80d011f19fd-downloadableSrc-a5e6008ca189.webp
18a29b68-0bc5-4a4e-b34f-54d1ee3c64a6,Adding a bio,9866ea6d-c9b7-49a5-acb6-1b6e8e8c9cbd,Meetup,f1a4823a-e8cb-43e3-b5de-154b04f6f243,0,1,4cfa3cc3-bc81-4f73-a3a2-d0c174f9b128,true,downloadableSrc,200,image/webp,68930,68930,71d62a64fddc66f8352738284239607d5489e56d9e25879bab1191017d89b604,1179,2676,,,bytescale.mobbin.com,f7a1807c1ac98ccf0eecf5078d61346ac9a94ca37a547f5708d580528c9e55c0,/Users/user/mobbin-sides/screen-flows/meetup/066-meetup-adding-a-bio-18a29b68-0bc5-4a4e-b34f-54d1ee3c64a6/001-4cfa3cc3-bc81-4f73-a3a2-d0c174f9b128-downloadableSrc-71d62a64fddc.webp
18a29b68-0bc5-4a4e-b34f-54d1ee3c64a6,Adding a bio,9866ea6d-c9b7-49a5-acb6-1b6e8e8c9cbd,Meetup,f1a4823a-e8cb-43e3-b5de-154b04f6f243,1,2,e891e01d-e6e8-44d1-be68-3f928ca77430,true,downloadableSrc,200,image/webp,59666,59666,24914e0207c3c0d014179756008e38d3000848094a4a7e4e4f2a3a2a53cfbaca,1179,2676,,,bytescale.mobbin.com,f7a1807c1ac98ccf0eecf5078d61346ac9a94ca37a547f5708d580528c9e55c0,/Users/user/mobbin-sides/screen-flows/meetup/066-meetup-adding-a-bio-18a29b68-0bc5-4a4e-b34f-54d1ee3c64a6/002-e891e01d-e6e8-44d1-be68-3f928ca77430-downloadableSrc-24914e0207c3.webp
18a29b68-0bc5-4a4e-b34f-54d1ee3c64a6,Adding a bio,9866ea6d-c9b7-49a5-acb6-1b6e8e8c9cbd,Meetup,f1a4823a-e8cb-43e3-b5de-154b04f6f243,2,3,71dfd9c7-b42f-45da-82fe-dbc5d988de15,true,downloadableSrc,200,image/webp,60326,60326,121ba683294866223d602fca70d9b58aefe9507077e529d923020876a7bdc659,1179,2676,,,bytescale.mobbin.com,f7a1807c1ac98ccf0eecf5078d61346ac9a94ca37a547f5708d580528c9e55c0,/Users/user/mobbin-sides/screen-flows/meetup/066-meetup-adding-a-bio-18a29b68-0bc5-4a4e-b34f-54d1ee3c64a6/003-71dfd9c7-b42f-45da-82fe-dbc5d988de15-downloadableSrc-121ba6832948.webp
18a29b68-0bc5-4a4e-b34f-54d1ee3c64a6,Adding a bio,9866ea6d-c9b7-49a5-acb6-1b6e8e8c9cbd,Meetup,f1a4823a-e8cb-43e3-b5de-154b04f6f243,3,4,3b7711e5-529a-45e8-b45a-28e59937bf1b,true,downloadableSrc,200,image/webp,80034,80034,55ca1b3d0d7e52362a43c7c197ee474a5f06a6381fbc52e0922b9022e48afe39,1179,2676,,,bytescale.mobbin.com,f7a1807c1ac98ccf0eecf5078d61346ac9a94ca37a547f5708d580528c9e55c0,/Users/user/mobbin-sides/screen-flows/meetup/066-meetup-adding-a-bio-18a29b68-0bc5-4a4e-b34f-54d1ee3c64a6/004-3b7711e5-529a-45e8-b45a-28e59937bf1b-downloadableSrc-55ca1b3d0d7e.webp
45d722b5-9fa5-424b-b090-4e75b53d4581,Changing message permissions,9866ea6d-c9b7-49a5-acb6-1b6e8e8c9cbd,Meetup,f1a4823a-e8cb-43e3-b5de-154b04f6f243,0,1,ea373968-b6e3-49e0-b75e-a2ac75c916f1,true,downloadableSrc,200,image/webp,93190,93190,284fd26aad49ce4d734c28082a2e1dea90354f83e83416928a7f1185387b3584,1179,2676,,,bytescale.mobbin.com,f7a1807c1ac98ccf0eecf5078d61346ac9a94ca37a547f5708d580528c9e55c0,/Users/user/mobbin-sides/screen-flows/meetup/067-meetup-changing-message-permissions-45d722b5-9fa5-424b-b090-4e75b53d4581/001-ea373968-b6e3-49e0-b75e-a2ac75c916f1-downloadableSrc-284fd26aad49.webp
45d722b5-9fa5-424b-b090-4e75b53d4581,Changing message permissions,9866ea6d-c9b7-49a5-acb6-1b6e8e8c9cbd,Meetup,f1a4823a-e8cb-43e3-b5de-154b04f6f243,1,2,e5c7fd5e-81bb-41cd-86e0-87ef73a34f42,true,downloadableSrc,200,image/webp,84472,84472,ceac52b61de27d81a92647cf1a76e66d7e78c381117de5a975cd8fe3adbcf3a7,1179,2676,,,bytescale.mobbin.com,f7a1807c1ac98ccf0eecf5078d61346ac9a94ca37a547f5708d580528c9e55c0,/Users/user/mobbin-sides/screen-flows/meetup/067-meetup-changing-message-permissions-45d722b5-9fa5-424b-b090-4e75b53d4581/002-e5c7fd5e-81bb-41cd-86e0-87ef73a34f42-downloadableSrc-ceac52b61de2.webp
45d722b5-9fa5-424b-b090-4e75b53d4581,Changing message permissions,9866ea6d-c9b7-49a5-acb6-1b6e8e8c9cbd,Meetup,f1a4823a-e8cb-43e3-b5de-154b04f6f243,2,3,e50ddb9b-03b7-4103-869c-0c617427c316,true,downloadableSrc,200,image/webp,93674,93674,7d253d883601486c5edc83e5002e88e94ba6ac493b5f635ba771a35b5a2f4dca,1179,2676,,,bytescale.mobbin.com,f7a1807c1ac98ccf0eecf5078d61346ac9a94ca37a547f5708d580528c9e55c0,/Users/user/mobbin-sides/screen-flows/meetup/067-meetup-changing-message-permissions-45d722b5-9fa5-424b-b090-4e75b53d4581/003-e50ddb9b-03b7-4103-869c-0c617427c316-downloadableSrc-7d253d883601.webp
b0d95c03-40da-404d-b8c3-187c9627168d,Friends,9866ea6d-c9b7-49a5-acb6-1b6e8e8c9cbd,Meetup,f1a4823a-e8cb-43e3-b5de-154b04f6f243,0,1,b90f2c78-8dbb-4d60-bca2-4b1affa58fcc,true,downloadableSrc,200,image/webp,273948,273948,ca2701b1fafbc3af5980fe7d16a32582c09bb8b28d0993033a58a2004e5ed4a5,1179,2676,,,bytescale.mobbin.com,f7a1807c1ac98ccf0eecf5078d61346ac9a94ca37a547f5708d580528c9e55c0,/Users/user/mobbin-sides/screen-flows/meetup/068-meetup-friends-b0d95c03-40da-404d-b8c3-187c9627168d/001-b90f2c78-8dbb-4d60-bca2-4b1affa58fcc-downloadableSrc-ca2701b1fafb.webp
b0d95c03-40da-404d-b8c3-187c9627168d,Friends,9866ea6d-c9b7-49a5-acb6-1b6e8e8c9cbd,Meetup,f1a4823a-e8cb-43e3-b5de-154b04f6f243,1,2,1244c2a2-48e1-4bc6-9480-72a1329fada2,true,downloadableSrc,200,image/webp,110864,110864,512ad70a4679e3ce9115168501bc0ea8f8055cd9134fac8afc8628c9df06a57d,1179,2676,,,bytescale.mobbin.com,f7a1807c1ac98ccf0eecf5078d61346ac9a94ca37a547f5708d580528c9e55c0,/Users/user/mobbin-sides/screen-flows/meetup/068-meetup-friends-b0d95c03-40da-404d-b8c3-187c9627168d/002-1244c2a2-48e1-4bc6-9480-72a1329fada2-downloadableSrc-512ad70a4679.webp
b0d95c03-40da-404d-b8c3-187c9627168d,Friends,9866ea6d-c9b7-49a5-acb6-1b6e8e8c9cbd,Meetup,f1a4823a-e8cb-43e3-b5de-154b04f6f243,2,3,764c3777-25ce-44c6-af3b-6c2438d707ed,true,downloadableSrc,200,image/webp,223796,223796,7a79b07ff64af45051edd2fceee3807a83f7fa44c8f3ed1514e44ede8df0ebed,1179,2676,,,bytescale.mobbin.com,f7a1807c1ac98ccf0eecf5078d61346ac9a94ca37a547f5708d580528c9e55c0,/Users/user/mobbin-sides/screen-flows/meetup/068-meetup-friends-b0d95c03-40da-404d-b8c3-187c9627168d/003-764c3777-25ce-44c6-af3b-6c2438d707ed-downloadableSrc-7a79b07ff64a.webp
18c7c047-e750-4b6a-a669-69e175ab6788,Sorting friends,9866ea6d-c9b7-49a5-acb6-1b6e8e8c9cbd,Meetup,f1a4823a-e8cb-43e3-b5de-154b04f6f243,0,1,764c3777-25ce-44c6-af3b-6c2438d707ed,true,downloadableSrc,200,image/webp,223796,223796,7a79b07ff64af45051edd2fceee3807a83f7fa44c8f3ed1514e44ede8df0ebed,1179,2676,,,bytescale.mobbin.com,f7a1807c1ac98ccf0eecf5078d61346ac9a94ca37a547f5708d580528c9e55c0,/Users/user/mobbin-sides/screen-flows/meetup/069-meetup-sorting-friends-18c7c047-e750-4b6a-a669-69e175ab6788/001-764c3777-25ce-44c6-af3b-6c2438d707ed-downloadableSrc-7a79b07ff64a.webp
18c7c047-e750-4b6a-a669-69e175ab6788,Sorting friends,9866ea6d-c9b7-49a5-acb6-1b6e8e8c9cbd,Meetup,f1a4823a-e8cb-43e3-b5de-154b04f6f243,1,2,40e0154a-a595-4bcf-9c43-8f4b9b17703c,true,downloadableSrc,200,image/webp,173556,173556,999958069e0c5cea5857bd953380b6ccbc56380d9e7d3f4649753df1529eb0d5,1179,2676,,,bytescale.mobbin.com,f7a1807c1ac98ccf0eecf5078d61346ac9a94ca37a547f5708d580528c9e55c0,/Users/user/mobbin-sides/screen-flows/meetup/069-meetup-sorting-friends-18c7c047-e750-4b6a-a669-69e175ab6788/002-40e0154a-a595-4bcf-9c43-8f4b9b17703c-downloadableSrc-999958069e0c.webp
18c7c047-e750-4b6a-a669-69e175ab6788,Sorting friends,9866ea6d-c9b7-49a5-acb6-1b6e8e8c9cbd,Meetup,f1a4823a-e8cb-43e3-b5de-154b04f6f243,2,3,7b43db5e-1367-413c-9d5d-149348529925,true,downloadableSrc,200,image/webp,161928,161928,6a3f9382245b9be1d6ccd4278bc36849b158a920d198e8470d67e873d5bd0dcc,1179,2676,,,bytescale.mobbin.com,f7a1807c1ac98ccf0eecf5078d61346ac9a94ca37a547f5708d580528c9e55c0,/Users/user/mobbin-sides/screen-flows/meetup/069-meetup-sorting-friends-18c7c047-e750-4b6a-a669-69e175ab6788/003-7b43db5e-1367-413c-9d5d-149348529925-downloadableSrc-6a3f9382245b.webp
18c7c047-e750-4b6a-a669-69e175ab6788,Sorting friends,9866ea6d-c9b7-49a5-acb6-1b6e8e8c9cbd,Meetup,f1a4823a-e8cb-43e3-b5de-154b04f6f243,3,4,c361340c-af25-40db-a8ab-bb013055e075,true,downloadableSrc,200,image/webp,191670,191670,1fc39d9a5b7941ed3fc80321060dc553ab20b11860af45fc0fe58ddb5b96c727,1179,2676,,,bytescale.mobbin.com,f7a1807c1ac98ccf0eecf5078d61346ac9a94ca37a547f5708d580528c9e55c0,/Users/user/mobbin-sides/screen-flows/meetup/069-meetup-sorting-friends-18c7c047-e750-4b6a-a669-69e175ab6788/004-c361340c-af25-40db-a8ab-bb013055e075-downloadableSrc-1fc39d9a5b79.webp
18c7c047-e750-4b6a-a669-69e175ab6788,Sorting friends,9866ea6d-c9b7-49a5-acb6-1b6e8e8c9cbd,Meetup,f1a4823a-e8cb-43e3-b5de-154b04f6f243,4,5,18da87c4-1da4-4965-8dbf-99a64a1d8541,true,downloadableSrc,200,image/webp,148692,148692,8200705c5932d283b8c9b3f1f7dbaebddffb26c5ef51cf9cc015d9e2ead018c6,1179,2676,,,bytescale.mobbin.com,f7a1807c1ac98ccf0eecf5078d61346ac9a94ca37a547f5708d580528c9e55c0,/Users/user/mobbin-sides/screen-flows/meetup/069-meetup-sorting-friends-18c7c047-e750-4b6a-a669-69e175ab6788/005-18da87c4-1da4-4965-8dbf-99a64a1d8541-downloadableSrc-8200705c5932.webp
37e2ef21-eef8-45b9-86a4-422eb4762414,Friend requests,9866ea6d-c9b7-49a5-acb6-1b6e8e8c9cbd,Meetup,f1a4823a-e8cb-43e3-b5de-154b04f6f243,0,1,764c3777-25ce-44c6-af3b-6c2438d707ed,true,downloadableSrc,200,image/webp,223796,223796,7a79b07ff64af45051edd2fceee3807a83f7fa44c8f3ed1514e44ede8df0ebed,1179,2676,,,bytescale.mobbin.com,f7a1807c1ac98ccf0eecf5078d61346ac9a94ca37a547f5708d580528c9e55c0,/Users/user/mobbin-sides/screen-flows/meetup/070-meetup-friend-requests-37e2ef21-eef8-45b9-86a4-422eb4762414/001-764c3777-25ce-44c6-af3b-6c2438d707ed-downloadableSrc-7a79b07ff64a.webp
37e2ef21-eef8-45b9-86a4-422eb4762414,Friend requests,9866ea6d-c9b7-49a5-acb6-1b6e8e8c9cbd,Meetup,f1a4823a-e8cb-43e3-b5de-154b04f6f243,1,2,774e0ef4-f05e-42b8-97e2-c38d1889f7a5,true,downloadableSrc,200,image/webp,52956,52956,0b5c8bfa330511e9ddf964b491f482f714bff871eb1b4ddf15c59e254e9cb72f,1179,2676,,,bytescale.mobbin.com,f7a1807c1ac98ccf0eecf5078d61346ac9a94ca37a547f5708d580528c9e55c0,/Users/user/mobbin-sides/screen-flows/meetup/070-meetup-friend-requests-37e2ef21-eef8-45b9-86a4-422eb4762414/002-774e0ef4-f05e-42b8-97e2-c38d1889f7a5-downloadableSrc-0b5c8bfa3305.webp
37e2ef21-eef8-45b9-86a4-422eb4762414,Friend requests,9866ea6d-c9b7-49a5-acb6-1b6e8e8c9cbd,Meetup,f1a4823a-e8cb-43e3-b5de-154b04f6f243,2,3,13105f63-cd3d-46bb-bd6b-bc1d34709214,true,downloadableSrc,200,image/webp,30818,30818,3637cfdc2b2eba3276b3476ad1388792725e75187e142206f95fe26c14e7474c,1179,2676,,,bytescale.mobbin.com,f7a1807c1ac98ccf0eecf5078d61346ac9a94ca37a547f5708d580528c9e55c0,/Users/user/mobbin-sides/screen-flows/meetup/070-meetup-friend-requests-37e2ef21-eef8-45b9-86a4-422eb4762414/003-13105f63-cd3d-46bb-bd6b-bc1d34709214-downloadableSrc-3637cfdc2b2e.webp
20a315e3-a161-461e-b188-e3e455e70b94,Notifications,9866ea6d-c9b7-49a5-acb6-1b6e8e8c9cbd,Meetup,f1a4823a-e8cb-43e3-b5de-154b04f6f243,0,1,b90f2c78-8dbb-4d60-bca2-4b1affa58fcc,true,downloadableSrc,200,image/webp,273948,273948,ca2701b1fafbc3af5980fe7d16a32582c09bb8b28d0993033a58a2004e5ed4a5,1179,2676,,,bytescale.mobbin.com,f7a1807c1ac98ccf0eecf5078d61346ac9a94ca37a547f5708d580528c9e55c0,/Users/user/mobbin-sides/screen-flows/meetup/071-meetup-notifications-20a315e3-a161-461e-b188-e3e455e70b94/001-b90f2c78-8dbb-4d60-bca2-4b1affa58fcc-downloadableSrc-ca2701b1fafb.webp
20a315e3-a161-461e-b188-e3e455e70b94,Notifications,9866ea6d-c9b7-49a5-acb6-1b6e8e8c9cbd,Meetup,f1a4823a-e8cb-43e3-b5de-154b04f6f243,1,2,b3631553-1b10-44f7-a9a2-1e0d9ba59526,true,downloadableSrc,200,image/webp,55810,55810,0c83a555ae619e11993086c765bd97d2e32c7b019cffe2eeeda939b9c3a509c7,1179,2676,,,bytescale.mobbin.com,f7a1807c1ac98ccf0eecf5078d61346ac9a94ca37a547f5708d580528c9e55c0,/Users/user/mobbin-sides/screen-flows/meetup/071-meetup-notifications-20a315e3-a161-461e-b188-e3e455e70b94/002-b3631553-1b10-44f7-a9a2-1e0d9ba59526-downloadableSrc-0c83a555ae61.webp
20a315e3-a161-461e-b188-e3e455e70b94,Notifications,9866ea6d-c9b7-49a5-acb6-1b6e8e8c9cbd,Meetup,f1a4823a-e8cb-43e3-b5de-154b04f6f243,2,3,aef39eef-7a51-4a21-b0b4-9807a1ee18b3,true,downloadableSrc,200,image/webp,99368,99368,ccf785e9408f951c8a70b93eb5e2393978b18738658a8a89b3a73e89705a60d0,1179,2676,,,bytescale.mobbin.com,f7a1807c1ac98ccf0eecf5078d61346ac9a94ca37a547f5708d580528c9e55c0,/Users/user/mobbin-sides/screen-flows/meetup/071-meetup-notifications-20a315e3-a161-461e-b188-e3e455e70b94/003-aef39eef-7a51-4a21-b0b4-9807a1ee18b3-downloadableSrc-ccf785e9408f.webp
82576c38-b5f7-4389-be78-25de435b597f,Marking notifications as read,9866ea6d-c9b7-49a5-acb6-1b6e8e8c9cbd,Meetup,f1a4823a-e8cb-43e3-b5de-154b04f6f243,0,1,aef39eef-7a51-4a21-b0b4-9807a1ee18b3,true,downloadableSrc,200,image/webp,99368,99368,ccf785e9408f951c8a70b93eb5e2393978b18738658a8a89b3a73e89705a60d0,1179,2676,,,bytescale.mobbin.com,f7a1807c1ac98ccf0eecf5078d61346ac9a94ca37a547f5708d580528c9e55c0,/Users/user/mobbin-sides/screen-flows/meetup/072-meetup-marking-notifications-as-read-82576c38-b5f7-4389-be78-25de435b597f/001-aef39eef-7a51-4a21-b0b4-9807a1ee18b3-downloadableSrc-ccf785e9408f.webp
82576c38-b5f7-4389-be78-25de435b597f,Marking notifications as read,9866ea6d-c9b7-49a5-acb6-1b6e8e8c9cbd,Meetup,f1a4823a-e8cb-43e3-b5de-154b04f6f243,1,2,1fe3bc7c-4884-4978-8bfc-ff79de70a802,true,downloadableSrc,200,image/webp,101102,101102,9220a80dc05343fc1961eba006baae4b23f8c36f1472193f40bd3fd3d2604415,1179,2676,,,bytescale.mobbin.com,f7a1807c1ac98ccf0eecf5078d61346ac9a94ca37a547f5708d580528c9e55c0,/Users/user/mobbin-sides/screen-flows/meetup/072-meetup-marking-notifications-as-read-82576c38-b5f7-4389-be78-25de435b597f/002-1fe3bc7c-4884-4978-8bfc-ff79de70a802-downloadableSrc-9220a80dc053.webp
82576c38-b5f7-4389-be78-25de435b597f,Marking notifications as read,9866ea6d-c9b7-49a5-acb6-1b6e8e8c9cbd,Meetup,f1a4823a-e8cb-43e3-b5de-154b04f6f243,2,3,dd3f5886-7a92-431c-9caf-bfbbb5db4560,true,downloadableSrc,200,image/webp,109608,109608,73409989bb52b274f41f7fc27e8f9fca067338dcb035a6bdafb881f8626a6b7b,1179,2676,,,bytescale.mobbin.com,f7a1807c1ac98ccf0eecf5078d61346ac9a94ca37a547f5708d580528c9e55c0,/Users/user/mobbin-sides/screen-flows/meetup/072-meetup-marking-notifications-as-read-82576c38-b5f7-4389-be78-25de435b597f/003-dd3f5886-7a92-431c-9caf-bfbbb5db4560-downloadableSrc-73409989bb52.webp
af1b9124-6915-403e-b75d-797a2a5636ad,Messages,9866ea6d-c9b7-49a5-acb6-1b6e8e8c9cbd,Meetup,f1a4823a-e8cb-43e3-b5de-154b04f6f243,0,1,b90f2c78-8dbb-4d60-bca2-4b1affa58fcc,true,downloadableSrc,200,image/webp,273948,273948,ca2701b1fafbc3af5980fe7d16a32582c09bb8b28d0993033a58a2004e5ed4a5,1179,2676,,,bytescale.mobbin.com,f7a1807c1ac98ccf0eecf5078d61346ac9a94ca37a547f5708d580528c9e55c0,/Users/user/mobbin-sides/screen-flows/meetup/073-meetup-messages-af1b9124-6915-403e-b75d-797a2a5636ad/001-b90f2c78-8dbb-4d60-bca2-4b1affa58fcc-downloadableSrc-ca2701b1fafb.webp
af1b9124-6915-403e-b75d-797a2a5636ad,Messages,9866ea6d-c9b7-49a5-acb6-1b6e8e8c9cbd,Meetup,f1a4823a-e8cb-43e3-b5de-154b04f6f243,1,2,9b76ee98-7486-4adc-bf90-1a545c8fd19d,true,downloadableSrc,200,image/webp,61054,61054,408c0e7c81a952d9cbe490574cf1adc10d12ce81032f9978580baf2972172115,1179,2676,,,bytescale.mobbin.com,f7a1807c1ac98ccf0eecf5078d61346ac9a94ca37a547f5708d580528c9e55c0,/Users/user/mobbin-sides/screen-flows/meetup/073-meetup-messages-af1b9124-6915-403e-b75d-797a2a5636ad/002-9b76ee98-7486-4adc-bf90-1a545c8fd19d-downloadableSrc-408c0e7c81a9.webp
af1b9124-6915-403e-b75d-797a2a5636ad,Messages,9866ea6d-c9b7-49a5-acb6-1b6e8e8c9cbd,Meetup,f1a4823a-e8cb-43e3-b5de-154b04f6f243,2,3,972d35a9-c98c-4deb-8c71-62a0fd7c77dc,true,downloadableSrc,200,image/webp,57112,57112,4f71180264e1109e3ebed1aceddd6fbe547ebc394c0aaa88d807ee448ed527d3,1179,2676,,,bytescale.mobbin.com,f7a1807c1ac98ccf0eecf5078d61346ac9a94ca37a547f5708d580528c9e55c0,/Users/user/mobbin-sides/screen-flows/meetup/073-meetup-messages-af1b9124-6915-403e-b75d-797a2a5636ad/003-972d35a9-c98c-4deb-8c71-62a0fd7c77dc-downloadableSrc-4f71180264e1.webp
cbba6066-78b7-48c0-a5a3-79d37fbb64eb,Chatting with a user,9866ea6d-c9b7-49a5-acb6-1b6e8e8c9cbd,Meetup,f1a4823a-e8cb-43e3-b5de-154b04f6f243,0,1,9b76ee98-7486-4adc-bf90-1a545c8fd19d,true,downloadableSrc,200,image/webp,61054,61054,408c0e7c81a952d9cbe490574cf1adc10d12ce81032f9978580baf2972172115,1179,2676,,,bytescale.mobbin.com,f7a1807c1ac98ccf0eecf5078d61346ac9a94ca37a547f5708d580528c9e55c0,/Users/user/mobbin-sides/screen-flows/meetup/074-meetup-chatting-with-a-user-cbba6066-78b7-48c0-a5a3-79d37fbb64eb/001-9b76ee98-7486-4adc-bf90-1a545c8fd19d-downloadableSrc-408c0e7c81a9.webp
cbba6066-78b7-48c0-a5a3-79d37fbb64eb,Chatting with a user,9866ea6d-c9b7-49a5-acb6-1b6e8e8c9cbd,Meetup,f1a4823a-e8cb-43e3-b5de-154b04f6f243,1,2,eab63a50-5048-40a7-92d5-496cb9cefaf5,true,downloadableSrc,200,image/webp,41704,41704,0fa04835bc4288181ce7a36f2b276ebdfc4b95487a8fad68fc719840d0d4a333,1179,2676,,,bytescale.mobbin.com,f7a1807c1ac98ccf0eecf5078d61346ac9a94ca37a547f5708d580528c9e55c0,/Users/user/mobbin-sides/screen-flows/meetup/074-meetup-chatting-with-a-user-cbba6066-78b7-48c0-a5a3-79d37fbb64eb/002-eab63a50-5048-40a7-92d5-496cb9cefaf5-downloadableSrc-0fa04835bc42.webp
cbba6066-78b7-48c0-a5a3-79d37fbb64eb,Chatting with a user,9866ea6d-c9b7-49a5-acb6-1b6e8e8c9cbd,Meetup,f1a4823a-e8cb-43e3-b5de-154b04f6f243,2,3,e1b661b6-e205-4a72-adc1-3063ec4c55fb,true,downloadableSrc,200,image/webp,66080,66080,1d33863d40f23457db88943727b71bf8520dd81d290285269abec24574a0f83f,1179,2676,,,bytescale.mobbin.com,f7a1807c1ac98ccf0eecf5078d61346ac9a94ca37a547f5708d580528c9e55c0,/Users/user/mobbin-sides/screen-flows/meetup/074-meetup-chatting-with-a-user-cbba6066-78b7-48c0-a5a3-79d37fbb64eb/003-e1b661b6-e205-4a72-adc1-3063ec4c55fb-downloadableSrc-1d33863d40f2.webp
cbba6066-78b7-48c0-a5a3-79d37fbb64eb,Chatting with a user,9866ea6d-c9b7-49a5-acb6-1b6e8e8c9cbd,Meetup,f1a4823a-e8cb-43e3-b5de-154b04f6f243,3,4,6c0dbe27-9374-44f8-b6b9-db3d85352967,true,downloadableSrc,200,image/webp,55028,55028,d19730377966c195e218ac42977f1a8960df460126b5d439217e7e9fdbdb3908,1179,2676,,,bytescale.mobbin.com,f7a1807c1ac98ccf0eecf5078d61346ac9a94ca37a547f5708d580528c9e55c0,/Users/user/mobbin-sides/screen-flows/meetup/074-meetup-chatting-with-a-user-cbba6066-78b7-48c0-a5a3-79d37fbb64eb/004-6c0dbe27-9374-44f8-b6b9-db3d85352967-downloadableSrc-d19730377966.webp
cbba6066-78b7-48c0-a5a3-79d37fbb64eb,Chatting with a user,9866ea6d-c9b7-49a5-acb6-1b6e8e8c9cbd,Meetup,f1a4823a-e8cb-43e3-b5de-154b04f6f243,4,5,26c0816c-484a-4b6a-b01a-99788812193b,true,downloadableSrc,200,image/webp,24882,24882,01b7afae090e6c3d47fc3e5d7b90b18829e3b93ac67d7c13404a5ad59ea516c4,1179,2676,,,bytescale.mobbin.com,f7a1807c1ac98ccf0eecf5078d61346ac9a94ca37a547f5708d580528c9e55c0,/Users/user/mobbin-sides/screen-flows/meetup/074-meetup-chatting-with-a-user-cbba6066-78b7-48c0-a5a3-79d37fbb64eb/005-26c0816c-484a-4b6a-b01a-99788812193b-downloadableSrc-01b7afae090e.webp
cbba6066-78b7-48c0-a5a3-79d37fbb64eb,Chatting with a user,9866ea6d-c9b7-49a5-acb6-1b6e8e8c9cbd,Meetup,f1a4823a-e8cb-43e3-b5de-154b04f6f243,5,6,55166f3b-c1f1-41b3-851c-34d1bf94bf95,true,downloadableSrc,200,image/webp,50554,50554,04b075866ef86075811f5e27d5f4932d2358f45a0f7854a7ac0932c612c7d0c2,1179,2676,,,bytescale.mobbin.com,f7a1807c1ac98ccf0eecf5078d61346ac9a94ca37a547f5708d580528c9e55c0,/Users/user/mobbin-sides/screen-flows/meetup/074-meetup-chatting-with-a-user-cbba6066-78b7-48c0-a5a3-79d37fbb64eb/006-55166f3b-c1f1-41b3-851c-34d1bf94bf95-downloadableSrc-04b075866ef8.webp
cbba6066-78b7-48c0-a5a3-79d37fbb64eb,Chatting with a user,9866ea6d-c9b7-49a5-acb6-1b6e8e8c9cbd,Meetup,f1a4823a-e8cb-43e3-b5de-154b04f6f243,6,7,e2505196-3e53-4e45-acad-8677a9dc9ae0,true,downloadableSrc,200,image/webp,38502,38502,6cf85fc7b5a53df9afd528c61746e4c4918728a6c3f994a576c2e796fe354368,1179,2676,,,bytescale.mobbin.com,f7a1807c1ac98ccf0eecf5078d61346ac9a94ca37a547f5708d580528c9e55c0,/Users/user/mobbin-sides/screen-flows/meetup/074-meetup-chatting-with-a-user-cbba6066-78b7-48c0-a5a3-79d37fbb64eb/007-e2505196-3e53-4e45-acad-8677a9dc9ae0-downloadableSrc-6cf85fc7b5a5.webp
cbba6066-78b7-48c0-a5a3-79d37fbb64eb,Chatting with a user,9866ea6d-c9b7-49a5-acb6-1b6e8e8c9cbd,Meetup,f1a4823a-e8cb-43e3-b5de-154b04f6f243,7,8,e70b2111-8414-4442-ad3c-5de21640243d,true,downloadableSrc,200,image/webp,26682,26682,8291c0cd7ec69754dfdbae1022960da72e500db472c882720edc85eb00e2ca2e,1179,2676,,,bytescale.mobbin.com,f7a1807c1ac98ccf0eecf5078d61346ac9a94ca37a547f5708d580528c9e55c0,/Users/user/mobbin-sides/screen-flows/meetup/074-meetup-chatting-with-a-user-cbba6066-78b7-48c0-a5a3-79d37fbb64eb/008-e70b2111-8414-4442-ad3c-5de21640243d-downloadableSrc-8291c0cd7ec6.webp
cbba6066-78b7-48c0-a5a3-79d37fbb64eb,Chatting with a user,9866ea6d-c9b7-49a5-acb6-1b6e8e8c9cbd,Meetup,f1a4823a-e8cb-43e3-b5de-154b04f6f243,8,9,972d35a9-c98c-4deb-8c71-62a0fd7c77dc,true,downloadableSrc,200,image/webp,57112,57112,4f71180264e1109e3ebed1aceddd6fbe547ebc394c0aaa88d807ee448ed527d3,1179,2676,,,bytescale.mobbin.com,f7a1807c1ac98ccf0eecf5078d61346ac9a94ca37a547f5708d580528c9e55c0,/Users/user/mobbin-sides/screen-flows/meetup/074-meetup-chatting-with-a-user-cbba6066-78b7-48c0-a5a3-79d37fbb64eb/009-972d35a9-c98c-4deb-8c71-62a0fd7c77dc-downloadableSrc-4f71180264e1.webp
d8b9cea3-e504-4779-bac1-4fad1648c234,Archiving a chat,9866ea6d-c9b7-49a5-acb6-1b6e8e8c9cbd,Meetup,f1a4823a-e8cb-43e3-b5de-154b04f6f243,0,1,e2505196-3e53-4e45-acad-8677a9dc9ae0,true,downloadableSrc,200,image/webp,38502,38502,6cf85fc7b5a53df9afd528c61746e4c4918728a6c3f994a576c2e796fe354368,1179,2676,,,bytescale.mobbin.com,f7a1807c1ac98ccf0eecf5078d61346ac9a94ca37a547f5708d580528c9e55c0,/Users/user/mobbin-sides/screen-flows/meetup/075-meetup-archiving-a-chat-d8b9cea3-e504-4779-bac1-4fad1648c234/001-e2505196-3e53-4e45-acad-8677a9dc9ae0-downloadableSrc-6cf85fc7b5a5.webp
d8b9cea3-e504-4779-bac1-4fad1648c234,Archiving a chat,9866ea6d-c9b7-49a5-acb6-1b6e8e8c9cbd,Meetup,f1a4823a-e8cb-43e3-b5de-154b04f6f243,1,2,8efe8c92-9b80-4f96-af11-e6ae831b4f8e,true,downloadableSrc,200,image/webp,43782,43782,ff1704e03e2fa1a8960316c5b83e3ab36d22f50ca5ce781cb7854c9804824d81,1179,2676,,,bytescale.mobbin.com,f7a1807c1ac98ccf0eecf5078d61346ac9a94ca37a547f5708d580528c9e55c0,/Users/user/mobbin-sides/screen-flows/meetup/075-meetup-archiving-a-chat-d8b9cea3-e504-4779-bac1-4fad1648c234/002-8efe8c92-9b80-4f96-af11-e6ae831b4f8e-downloadableSrc-ff1704e03e2f.webp
d8b9cea3-e504-4779-bac1-4fad1648c234,Archiving a chat,9866ea6d-c9b7-49a5-acb6-1b6e8e8c9cbd,Meetup,f1a4823a-e8cb-43e3-b5de-154b04f6f243,2,3,5eb09f9c-4314-4836-85c8-48f922905e92,true,downloadableSrc,200,image/webp,44182,44182,a08f1943d597b8eaf7e80ed576d8e0be533cd94628b7890cfcbf37c4f27d0c2a,1179,2676,,,bytescale.mobbin.com,f7a1807c1ac98ccf0eecf5078d61346ac9a94ca37a547f5708d580528c9e55c0,/Users/user/mobbin-sides/screen-flows/meetup/075-meetup-archiving-a-chat-d8b9cea3-e504-4779-bac1-4fad1648c234/003-5eb09f9c-4314-4836-85c8-48f922905e92-downloadableSrc-a08f1943d597.webp
75320264-619e-4bff-afcd-762b3bdebb45,Archive,9866ea6d-c9b7-49a5-acb6-1b6e8e8c9cbd,Meetup,f1a4823a-e8cb-43e3-b5de-154b04f6f243,0,1,9b76ee98-7486-4adc-bf90-1a545c8fd19d,true,downloadableSrc,200,image/webp,61054,61054,408c0e7c81a952d9cbe490574cf1adc10d12ce81032f9978580baf2972172115,1179,2676,,,bytescale.mobbin.com,f7a1807c1ac98ccf0eecf5078d61346ac9a94ca37a547f5708d580528c9e55c0,/Users/user/mobbin-sides/screen-flows/meetup/076-meetup-archive-75320264-619e-4bff-afcd-762b3bdebb45/001-9b76ee98-7486-4adc-bf90-1a545c8fd19d-downloadableSrc-408c0e7c81a9.webp
75320264-619e-4bff-afcd-762b3bdebb45,Archive,9866ea6d-c9b7-49a5-acb6-1b6e8e8c9cbd,Meetup,f1a4823a-e8cb-43e3-b5de-154b04f6f243,1,2,1efededf-fe03-4d0e-a651-1b9163b0e6d1,true,downloadableSrc,200,image/webp,61634,61634,51f7a45f91165fc762cccbf27fe2e6a151e24d1734662ad001c82c9e8e0642c5,1179,2676,,,bytescale.mobbin.com,f7a1807c1ac98ccf0eecf5078d61346ac9a94ca37a547f5708d580528c9e55c0,/Users/user/mobbin-sides/screen-flows/meetup/076-meetup-archive-75320264-619e-4bff-afcd-762b3bdebb45/002-1efededf-fe03-4d0e-a651-1b9163b0e6d1-downloadableSrc-51f7a45f9116.webp
df1acf58-7501-4c1b-8fd8-4f08699d68b9,Settings,9866ea6d-c9b7-49a5-acb6-1b6e8e8c9cbd,Meetup,f1a4823a-e8cb-43e3-b5de-154b04f6f243,0,1,40b51c15-f93b-4933-be0a-2836829bd73d,true,downloadableSrc,200,image/webp,89688,89688,0abb95ee1b5a226528d25e77b0d0b5c8f97ccb1e12d4d38a1e23f73a67cd1b02,1179,2676,,,bytescale.mobbin.com,f7a1807c1ac98ccf0eecf5078d61346ac9a94ca37a547f5708d580528c9e55c0,/Users/user/mobbin-sides/screen-flows/meetup/077-meetup-settings-df1acf58-7501-4c1b-8fd8-4f08699d68b9/001-40b51c15-f93b-4933-be0a-2836829bd73d-downloadableSrc-0abb95ee1b5a.webp
df1acf58-7501-4c1b-8fd8-4f08699d68b9,Settings,9866ea6d-c9b7-49a5-acb6-1b6e8e8c9cbd,Meetup,f1a4823a-e8cb-43e3-b5de-154b04f6f243,1,2,3acc9970-f3ca-43f3-959e-c72d76090d76,true,downloadableSrc,200,image/webp,65888,65888,41f168cba2874bf75d6148fe5915ab9fdba5d5a752605d97da38b58ea687f914,1179,2676,,,bytescale.mobbin.com,f7a1807c1ac98ccf0eecf5078d61346ac9a94ca37a547f5708d580528c9e55c0,/Users/user/mobbin-sides/screen-flows/meetup/077-meetup-settings-df1acf58-7501-4c1b-8fd8-4f08699d68b9/002-3acc9970-f3ca-43f3-959e-c72d76090d76-downloadableSrc-41f168cba287.webp
df1acf58-7501-4c1b-8fd8-4f08699d68b9,Settings,9866ea6d-c9b7-49a5-acb6-1b6e8e8c9cbd,Meetup,f1a4823a-e8cb-43e3-b5de-154b04f6f243,2,3,1e116a49-ec53-4e44-84fa-f5b2133e9eab,true,downloadableSrc,200,image/webp,62666,62666,9f3840372a2b8872ba8795ae8d97d1c6df527b9ac8196778b0206b8169527837,1179,2676,,,bytescale.mobbin.com,f7a1807c1ac98ccf0eecf5078d61346ac9a94ca37a547f5708d580528c9e55c0,/Users/user/mobbin-sides/screen-flows/meetup/077-meetup-settings-df1acf58-7501-4c1b-8fd8-4f08699d68b9/003-1e116a49-ec53-4e44-84fa-f5b2133e9eab-downloadableSrc-9f3840372a2b.webp
be8a99e0-b3e5-4056-b948-d79cf5641b6a,Turning off email updates,9866ea6d-c9b7-49a5-acb6-1b6e8e8c9cbd,Meetup,f1a4823a-e8cb-43e3-b5de-154b04f6f243,0,1,3acc9970-f3ca-43f3-959e-c72d76090d76,true,downloadableSrc,200,image/webp,65888,65888,41f168cba2874bf75d6148fe5915ab9fdba5d5a752605d97da38b58ea687f914,1179,2676,,,bytescale.mobbin.com,f7a1807c1ac98ccf0eecf5078d61346ac9a94ca37a547f5708d580528c9e55c0,/Users/user/mobbin-sides/screen-flows/meetup/078-meetup-turning-off-email-updates-be8a99e0-b3e5-4056-b948-d79cf5641b6a/001-3acc9970-f3ca-43f3-959e-c72d76090d76-downloadableSrc-41f168cba287.webp
be8a99e0-b3e5-4056-b948-d79cf5641b6a,Turning off email updates,9866ea6d-c9b7-49a5-acb6-1b6e8e8c9cbd,Meetup,f1a4823a-e8cb-43e3-b5de-154b04f6f243,1,2,9ea56474-24b7-40e9-811b-aa3996dd467c,true,downloadableSrc,200,image/webp,85682,85682,eb3ecfed3d7c7697bcf7334c89431e0e690d35f8cfef7b41de0f58ff73371033,1179,2676,,,bytescale.mobbin.com,f7a1807c1ac98ccf0eecf5078d61346ac9a94ca37a547f5708d580528c9e55c0,/Users/user/mobbin-sides/screen-flows/meetup/078-meetup-turning-off-email-updates-be8a99e0-b3e5-4056-b948-d79cf5641b6a/002-9ea56474-24b7-40e9-811b-aa3996dd467c-downloadableSrc-eb3ecfed3d7c.webp
be8a99e0-b3e5-4056-b948-d79cf5641b6a,Turning off email updates,9866ea6d-c9b7-49a5-acb6-1b6e8e8c9cbd,Meetup,f1a4823a-e8cb-43e3-b5de-154b04f6f243,2,3,b644330a-714a-49a4-b7d1-6d4af7c4d5ed,true,downloadableSrc,200,image/webp,70242,70242,057ffc64074b050ad4fbbfe2a743fd549bf5a5987141791cfbe4c7b8f3ba3b36,1179,2676,,,bytescale.mobbin.com,f7a1807c1ac98ccf0eecf5078d61346ac9a94ca37a547f5708d580528c9e55c0,/Users/user/mobbin-sides/screen-flows/meetup/078-meetup-turning-off-email-updates-be8a99e0-b3e5-4056-b948-d79cf5641b6a/003-b644330a-714a-49a4-b7d1-6d4af7c4d5ed-downloadableSrc-057ffc64074b.webp
be8a99e0-b3e5-4056-b948-d79cf5641b6a,Turning off email updates,9866ea6d-c9b7-49a5-acb6-1b6e8e8c9cbd,Meetup,f1a4823a-e8cb-43e3-b5de-154b04f6f243,3,4,92065dd8-5500-4ba7-8f09-1d5b22238ba0,true,downloadableSrc,200,image/webp,31426,31426,495e2c8e73d580d5c5add48f642f161082402d07f88d698b124e3b0911d7f0fd,1179,2676,,,bytescale.mobbin.com,f7a1807c1ac98ccf0eecf5078d61346ac9a94ca37a547f5708d580528c9e55c0,/Users/user/mobbin-sides/screen-flows/meetup/078-meetup-turning-off-email-updates-be8a99e0-b3e5-4056-b948-d79cf5641b6a/004-92065dd8-5500-4ba7-8f09-1d5b22238ba0-downloadableSrc-495e2c8e73d5.webp
fb71cdae-5808-4523-82e4-d9cd3bfd7538,Changing app icon,9866ea6d-c9b7-49a5-acb6-1b6e8e8c9cbd,Meetup,f1a4823a-e8cb-43e3-b5de-154b04f6f243,0,1,3acc9970-f3ca-43f3-959e-c72d76090d76,true,downloadableSrc,200,image/webp,65888,65888,41f168cba2874bf75d6148fe5915ab9fdba5d5a752605d97da38b58ea687f914,1179,2676,,,bytescale.mobbin.com,f7a1807c1ac98ccf0eecf5078d61346ac9a94ca37a547f5708d580528c9e55c0,/Users/user/mobbin-sides/screen-flows/meetup/079-meetup-changing-app-icon-fb71cdae-5808-4523-82e4-d9cd3bfd7538/001-3acc9970-f3ca-43f3-959e-c72d76090d76-downloadableSrc-41f168cba287.webp
fb71cdae-5808-4523-82e4-d9cd3bfd7538,Changing app icon,9866ea6d-c9b7-49a5-acb6-1b6e8e8c9cbd,Meetup,f1a4823a-e8cb-43e3-b5de-154b04f6f243,1,2,ff62bfcf-caef-459a-acfb-add808691b2a,true,downloadableSrc,200,image/webp,57910,57910,79bfcf70c78be636af1c12632a19c464c34df20a8749badfc5e50af057baed56,1179,2676,,,bytescale.mobbin.com,f7a1807c1ac98ccf0eecf5078d61346ac9a94ca37a547f5708d580528c9e55c0,/Users/user/mobbin-sides/screen-flows/meetup/079-meetup-changing-app-icon-fb71cdae-5808-4523-82e4-d9cd3bfd7538/002-ff62bfcf-caef-459a-acfb-add808691b2a-downloadableSrc-79bfcf70c78b.webp
fb71cdae-5808-4523-82e4-d9cd3bfd7538,Changing app icon,9866ea6d-c9b7-49a5-acb6-1b6e8e8c9cbd,Meetup,f1a4823a-e8cb-43e3-b5de-154b04f6f243,2,3,5ec91df5-9f89-44b4-a131-1dacd482b95c,true,downloadableSrc,200,image/webp,51724,51724,6e6492fb790738e1421db6e9a19c5bd3b79b66ad7760a71c935a2b781ca25b5c,1179,2676,,,bytescale.mobbin.com,f7a1807c1ac98ccf0eecf5078d61346ac9a94ca37a547f5708d580528c9e55c0,/Users/user/mobbin-sides/screen-flows/meetup/079-meetup-changing-app-icon-fb71cdae-5808-4523-82e4-d9cd3bfd7538/003-5ec91df5-9f89-44b4-a131-1dacd482b95c-downloadableSrc-6e6492fb7907.webp
fb71cdae-5808-4523-82e4-d9cd3bfd7538,Changing app icon,9866ea6d-c9b7-49a5-acb6-1b6e8e8c9cbd,Meetup,f1a4823a-e8cb-43e3-b5de-154b04f6f243,3,4,1fdf5d7e-8ba9-4323-b1f2-b44964b5fec7,true,downloadableSrc,200,image/webp,57622,57622,4aa07c4d62b097d27b48848eb3c85ec70130ea4d78e224006228fe8ba2095b91,1179,2676,,,bytescale.mobbin.com,f7a1807c1ac98ccf0eecf5078d61346ac9a94ca37a547f5708d580528c9e55c0,/Users/user/mobbin-sides/screen-flows/meetup/079-meetup-changing-app-icon-fb71cdae-5808-4523-82e4-d9cd3bfd7538/004-1fdf5d7e-8ba9-4323-b1f2-b44964b5fec7-downloadableSrc-4aa07c4d62b0.webp
e5e1ea30-3b16-4065-9716-d30209f32a31,Logging out,9866ea6d-c9b7-49a5-acb6-1b6e8e8c9cbd,Meetup,f1a4823a-e8cb-43e3-b5de-154b04f6f243,0,1,1e116a49-ec53-4e44-84fa-f5b2133e9eab,true,downloadableSrc,200,image/webp,62666,62666,9f3840372a2b8872ba8795ae8d97d1c6df527b9ac8196778b0206b8169527837,1179,2676,,,bytescale.mobbin.com,f7a1807c1ac98ccf0eecf5078d61346ac9a94ca37a547f5708d580528c9e55c0,/Users/user/mobbin-sides/screen-flows/meetup/080-meetup-logging-out-e5e1ea30-3b16-4065-9716-d30209f32a31/001-1e116a49-ec53-4e44-84fa-f5b2133e9eab-downloadableSrc-9f3840372a2b.webp
e5e1ea30-3b16-4065-9716-d30209f32a31,Logging out,9866ea6d-c9b7-49a5-acb6-1b6e8e8c9cbd,Meetup,f1a4823a-e8cb-43e3-b5de-154b04f6f243,1,2,3e2d6c66-4d14-47f3-9f4a-8f29d4356cd3,true,downloadableSrc,200,image/webp,201978,201978,e9e34c967c22dc575d4c3c1e0394d73e39ccdf2c32e1e35828be787d46b0faff,1179,2676,,,bytescale.mobbin.com,f7a1807c1ac98ccf0eecf5078d61346ac9a94ca37a547f5708d580528c9e55c0,/Users/user/mobbin-sides/screen-flows/meetup/080-meetup-logging-out-e5e1ea30-3b16-4065-9716-d30209f32a31/002-3e2d6c66-4d14-47f3-9f4a-8f29d4356cd3-downloadableSrc-e9e34c967c22.webp
f2911822-9bf7-4e4c-8c86-d95f459a6ebc,Deleting an account,9866ea6d-c9b7-49a5-acb6-1b6e8e8c9cbd,Meetup,f1a4823a-e8cb-43e3-b5de-154b04f6f243,0,1,1e116a49-ec53-4e44-84fa-f5b2133e9eab,true,downloadableSrc,200,image/webp,62666,62666,9f3840372a2b8872ba8795ae8d97d1c6df527b9ac8196778b0206b8169527837,1179,2676,,,bytescale.mobbin.com,f7a1807c1ac98ccf0eecf5078d61346ac9a94ca37a547f5708d580528c9e55c0,/Users/user/mobbin-sides/screen-flows/meetup/081-meetup-deleting-an-account-f2911822-9bf7-4e4c-8c86-d95f459a6ebc/001-1e116a49-ec53-4e44-84fa-f5b2133e9eab-downloadableSrc-9f3840372a2b.webp
f2911822-9bf7-4e4c-8c86-d95f459a6ebc,Deleting an account,9866ea6d-c9b7-49a5-acb6-1b6e8e8c9cbd,Meetup,f1a4823a-e8cb-43e3-b5de-154b04f6f243,1,2,76e9aa67-2d8c-4668-a1dd-93a67319c6bb,true,downloadableSrc,200,image/webp,47846,47846,91e346e78d214779db3cd7d7929728f73d8e9aeef7a70d0b7270cde7ecc1851c,1179,2676,,,bytescale.mobbin.com,f7a1807c1ac98ccf0eecf5078d61346ac9a94ca37a547f5708d580528c9e55c0,/Users/user/mobbin-sides/screen-flows/meetup/081-meetup-deleting-an-account-f2911822-9bf7-4e4c-8c86-d95f459a6ebc/002-76e9aa67-2d8c-4668-a1dd-93a67319c6bb-downloadableSrc-91e346e78d21.webp
f2911822-9bf7-4e4c-8c86-d95f459a6ebc,Deleting an account,9866ea6d-c9b7-49a5-acb6-1b6e8e8c9cbd,Meetup,f1a4823a-e8cb-43e3-b5de-154b04f6f243,2,3,7cb64475-0a38-476a-9f54-72c52c5ada9c,true,downloadableSrc,200,image/webp,63344,63344,e596f9cf3ee9fb021c8cb3ff41207006238f02f9a48611aa0a39b7a00235a473,1179,2676,,,bytescale.mobbin.com,f7a1807c1ac98ccf0eecf5078d61346ac9a94ca37a547f5708d580528c9e55c0,/Users/user/mobbin-sides/screen-flows/meetup/081-meetup-deleting-an-account-f2911822-9bf7-4e4c-8c86-d95f459a6ebc/003-7cb64475-0a38-476a-9f54-72c52c5ada9c-downloadableSrc-e596f9cf3ee9.webp
f2911822-9bf7-4e4c-8c86-d95f459a6ebc,Deleting an account,9866ea6d-c9b7-49a5-acb6-1b6e8e8c9cbd,Meetup,f1a4823a-e8cb-43e3-b5de-154b04f6f243,3,4,a10ccc82-e5bf-46ae-a861-4693a4b0af3f,true,downloadableSrc,200,image/webp,61800,61800,935a8cd776bdbeb0c48989d9155401de314929e70778762c0302d6b65dc595eb,1179,2676,,,bytescale.mobbin.com,f7a1807c1ac98ccf0eecf5078d61346ac9a94ca37a547f5708d580528c9e55c0,/Users/user/mobbin-sides/screen-flows/meetup/081-meetup-deleting-an-account-f2911822-9bf7-4e4c-8c86-d95f459a6ebc/004-a10ccc82-e5bf-46ae-a861-4693a4b0af3f-downloadableSrc-935a8cd776bd.webp
f2911822-9bf7-4e4c-8c86-d95f459a6ebc,Deleting an account,9866ea6d-c9b7-49a5-acb6-1b6e8e8c9cbd,Meetup,f1a4823a-e8cb-43e3-b5de-154b04f6f243,4,5,3e2d6c66-4d14-47f3-9f4a-8f29d4356cd3,true,downloadableSrc,200,image/webp,201978,201978,e9e34c967c22dc575d4c3c1e0394d73e39ccdf2c32e1e35828be787d46b0faff,1179,2676,,,bytescale.mobbin.com,f7a1807c1ac98ccf0eecf5078d61346ac9a94ca37a547f5708d580528c9e55c0,/Users/user/mobbin-sides/screen-flows/meetup/081-meetup-deleting-an-account-f2911822-9bf7-4e4c-8c86-d95f459a6ebc/005-3e2d6c66-4d14-47f3-9f4a-8f29d4356cd3-downloadableSrc-e9e34c967c22.webp
bf7ee253-b35f-44f3-b13e-eae2378ef6db,Logging in,9866ea6d-c9b7-49a5-acb6-1b6e8e8c9cbd,Meetup,f1a4823a-e8cb-43e3-b5de-154b04f6f243,0,1,3e2d6c66-4d14-47f3-9f4a-8f29d4356cd3,true,downloadableSrc,200,image/webp,201978,201978,e9e34c967c22dc575d4c3c1e0394d73e39ccdf2c32e1e35828be787d46b0faff,1179,2676,,,bytescale.mobbin.com,f7a1807c1ac98ccf0eecf5078d61346ac9a94ca37a547f5708d580528c9e55c0,/Users/user/mobbin-sides/screen-flows/meetup/082-meetup-logging-in-bf7ee253-b35f-44f3-b13e-eae2378ef6db/001-3e2d6c66-4d14-47f3-9f4a-8f29d4356cd3-downloadableSrc-e9e34c967c22.webp
bf7ee253-b35f-44f3-b13e-eae2378ef6db,Logging in,9866ea6d-c9b7-49a5-acb6-1b6e8e8c9cbd,Meetup,f1a4823a-e8cb-43e3-b5de-154b04f6f243,1,2,307a7852-2886-4538-ae06-479d63cc8b22,true,downloadableSrc,200,image/webp,66492,66492,0da01ee0ce27ae9e8053ba8b1b9ef2523425ea84f153b57837c12adb4d02a668,1179,2676,,,bytescale.mobbin.com,f7a1807c1ac98ccf0eecf5078d61346ac9a94ca37a547f5708d580528c9e55c0,/Users/user/mobbin-sides/screen-flows/meetup/082-meetup-logging-in-bf7ee253-b35f-44f3-b13e-eae2378ef6db/002-307a7852-2886-4538-ae06-479d63cc8b22-downloadableSrc-0da01ee0ce27.webp
bf7ee253-b35f-44f3-b13e-eae2378ef6db,Logging in,9866ea6d-c9b7-49a5-acb6-1b6e8e8c9cbd,Meetup,f1a4823a-e8cb-43e3-b5de-154b04f6f243,2,3,187190ac-f233-455a-a992-17211886a2f8,true,downloadableSrc,200,image/webp,76898,76898,fec90d346b09b3aae9fc2ba3463864d172b2d42cf25d8924e322168383159716,1179,2676,,,bytescale.mobbin.com,f7a1807c1ac98ccf0eecf5078d61346ac9a94ca37a547f5708d580528c9e55c0,/Users/user/mobbin-sides/screen-flows/meetup/082-meetup-logging-in-bf7ee253-b35f-44f3-b13e-eae2378ef6db/003-187190ac-f233-455a-a992-17211886a2f8-downloadableSrc-fec90d346b09.webp
bf7ee253-b35f-44f3-b13e-eae2378ef6db,Logging in,9866ea6d-c9b7-49a5-acb6-1b6e8e8c9cbd,Meetup,f1a4823a-e8cb-43e3-b5de-154b04f6f243,3,4,96a0d2d7-b053-486b-828e-aebd5630a7c4,true,downloadableSrc,200,image/webp,141280,141280,cc3d01f5464dc8966af7747e737d0b46358b592380e550de829d89cfed6a1c4a,1179,2676,,,bytescale.mobbin.com,f7a1807c1ac98ccf0eecf5078d61346ac9a94ca37a547f5708d580528c9e55c0,/Users/user/mobbin-sides/screen-flows/meetup/082-meetup-logging-in-bf7ee253-b35f-44f3-b13e-eae2378ef6db/004-96a0d2d7-b053-486b-828e-aebd5630a7c4-downloadableSrc-cc3d01f5464d.webp
bf7ee253-b35f-44f3-b13e-eae2378ef6db,Logging in,9866ea6d-c9b7-49a5-acb6-1b6e8e8c9cbd,Meetup,f1a4823a-e8cb-43e3-b5de-154b04f6f243,4,5,b90f2c78-8dbb-4d60-bca2-4b1affa58fcc,true,downloadableSrc,200,image/webp,273948,273948,ca2701b1fafbc3af5980fe7d16a32582c09bb8b28d0993033a58a2004e5ed4a5,1179,2676,,,bytescale.mobbin.com,f7a1807c1ac98ccf0eecf5078d61346ac9a94ca37a547f5708d580528c9e55c0,/Users/user/mobbin-sides/screen-flows/meetup/082-meetup-logging-in-bf7ee253-b35f-44f3-b13e-eae2378ef6db/005-b90f2c78-8dbb-4d60-bca2-4b1affa58fcc-downloadableSrc-ca2701b1fafb.webp
