flowId,flowName,appId,appName,appVersionId,order,index,screenId,restricted,descriptor,status,contentType,contentLengthHeader,bytes,sha256,width,height,declaredWidth,declaredHeight,urlHost,urlPathHash,savedPath
73f23bc5-3288-41fe-a4b9-b71095b9c6fa,Onboarding,67f29e36-ec97-4a65-8e57-ae5595d1223e,Apple Books,6f87a791-ad26-4efd-9838-6a9490f01267,0,1,909d872c-73c6-4945-9315-ee4b88778549,false,downloadableSrc,200,image/webp,91860,91860,d8b7908ca5eb41349820b5d52cfce33d29cbded333656a4fd6bdbc41aad640bd,1179,2676,,,bytescale.mobbin.com,f7a1807c1ac98ccf0eecf5078d61346ac9a94ca37a547f5708d580528c9e55c0,/Users/user/mobbin-sides/screen-flows/apple-books/001-apple-books-onboarding-73f23bc5-3288-41fe-a4b9-b71095b9c6fa/001-909d872c-73c6-4945-9315-ee4b88778549-downloadableSrc-d8b7908ca5eb.webp
73f23bc5-3288-41fe-a4b9-b71095b9c6fa,Onboarding,67f29e36-ec97-4a65-8e57-ae5595d1223e,Apple Books,6f87a791-ad26-4efd-9838-6a9490f01267,1,2,f85502b2-4f8f-4e32-bf0c-0b9fde22c439,false,downloadableSrc,200,image/webp,47046,47046,5d5e4502ebeee5d9b29eacdc4215301011df010bf897fd34f37c5983596d8dc8,1179,2676,,,bytescale.mobbin.com,f7a1807c1ac98ccf0eecf5078d61346ac9a94ca37a547f5708d580528c9e55c0,/Users/user/mobbin-sides/screen-flows/apple-books/001-apple-books-onboarding-73f23bc5-3288-41fe-a4b9-b71095b9c6fa/002-f85502b2-4f8f-4e32-bf0c-0b9fde22c439-downloadableSrc-5d5e4502ebee.webp
73f23bc5-3288-41fe-a4b9-b71095b9c6fa,Onboarding,67f29e36-ec97-4a65-8e57-ae5595d1223e,Apple Books,6f87a791-ad26-4efd-9838-6a9490f01267,2,3,033c9a66-a80c-4f28-897f-542f0a81af00,false,downloadableSrc,200,image/webp,51536,51536,5755ea2ce9587a475d308b566657ec1ef369c824711a79e2aca3665981704483,1179,2676,,,bytescale.mobbin.com,f7a1807c1ac98ccf0eecf5078d61346ac9a94ca37a547f5708d580528c9e55c0,/Users/user/mobbin-sides/screen-flows/apple-books/001-apple-books-onboarding-73f23bc5-3288-41fe-a4b9-b71095b9c6fa/003-033c9a66-a80c-4f28-897f-542f0a81af00-downloadableSrc-5755ea2ce958.webp
73f23bc5-3288-41fe-a4b9-b71095b9c6fa,Onboarding,67f29e36-ec97-4a65-8e57-ae5595d1223e,Apple Books,6f87a791-ad26-4efd-9838-6a9490f01267,3,4,f4688b5b-bbd4-43aa-9da7-edd780d338fb,false,downloadableSrc,200,image/webp,102080,102080,994c2136b5053d241d259b0249e81667ab5a13975219aa49de0a26d0eb8c2373,1179,2676,,,bytescale.mobbin.com,f7a1807c1ac98ccf0eecf5078d61346ac9a94ca37a547f5708d580528c9e55c0,/Users/user/mobbin-sides/screen-flows/apple-books/001-apple-books-onboarding-73f23bc5-3288-41fe-a4b9-b71095b9c6fa/004-f4688b5b-bbd4-43aa-9da7-edd780d338fb-downloadableSrc-994c2136b505.webp
b09cc46a-453e-4a0b-8c88-b00eb8108ae2,Home,67f29e36-ec97-4a65-8e57-ae5595d1223e,Apple Books,6f87a791-ad26-4efd-9838-6a9490f01267,0,1,f4688b5b-bbd4-43aa-9da7-edd780d338fb,true,downloadableSrc,200,image/webp,102080,102080,994c2136b5053d241d259b0249e81667ab5a13975219aa49de0a26d0eb8c2373,1179,2676,,,bytescale.mobbin.com,f7a1807c1ac98ccf0eecf5078d61346ac9a94ca37a547f5708d580528c9e55c0,/Users/user/mobbin-sides/screen-flows/apple-books/002-apple-books-home-b09cc46a-453e-4a0b-8c88-b00eb8108ae2/001-f4688b5b-bbd4-43aa-9da7-edd780d338fb-downloadableSrc-994c2136b505.webp
b09cc46a-453e-4a0b-8c88-b00eb8108ae2,Home,67f29e36-ec97-4a65-8e57-ae5595d1223e,Apple Books,6f87a791-ad26-4efd-9838-6a9490f01267,1,2,5270c2ef-ee21-43c6-b9c0-50e9a6ea3c1b,true,downloadableSrc,200,image/webp,106770,106770,2faf491b6182fa23becbe64705c3699310349491c6c64e4aa516f02c19acd6b8,1179,2676,,,bytescale.mobbin.com,f7a1807c1ac98ccf0eecf5078d61346ac9a94ca37a547f5708d580528c9e55c0,/Users/user/mobbin-sides/screen-flows/apple-books/002-apple-books-home-b09cc46a-453e-4a0b-8c88-b00eb8108ae2/002-5270c2ef-ee21-43c6-b9c0-50e9a6ea3c1b-downloadableSrc-2faf491b6182.webp
b09cc46a-453e-4a0b-8c88-b00eb8108ae2,Home,67f29e36-ec97-4a65-8e57-ae5595d1223e,Apple Books,6f87a791-ad26-4efd-9838-6a9490f01267,2,3,211bc94b-4f3a-4604-8e8d-9d47e1c41c3c,true,downloadableSrc,200,image/webp,109822,109822,11ebbaf5505a46659df61e3fee5abd8f84c746fee1a5fefe0a96315cc6937704,1179,2676,,,bytescale.mobbin.com,f7a1807c1ac98ccf0eecf5078d61346ac9a94ca37a547f5708d580528c9e55c0,/Users/user/mobbin-sides/screen-flows/apple-books/002-apple-books-home-b09cc46a-453e-4a0b-8c88-b00eb8108ae2/003-211bc94b-4f3a-4604-8e8d-9d47e1c41c3c-downloadableSrc-11ebbaf5505a.webp
b09cc46a-453e-4a0b-8c88-b00eb8108ae2,Home,67f29e36-ec97-4a65-8e57-ae5595d1223e,Apple Books,6f87a791-ad26-4efd-9838-6a9490f01267,3,4,0835a166-7c57-4745-a05f-f453901dfcab,true,downloadableSrc,200,image/webp,96028,96028,ae8d50c5406dda4546c261d5986603c7415272a875b8481c393df05a6329cd85,1179,2676,,,bytescale.mobbin.com,f7a1807c1ac98ccf0eecf5078d61346ac9a94ca37a547f5708d580528c9e55c0,/Users/user/mobbin-sides/screen-flows/apple-books/002-apple-books-home-b09cc46a-453e-4a0b-8c88-b00eb8108ae2/004-0835a166-7c57-4745-a05f-f453901dfcab-downloadableSrc-ae8d50c5406d.webp
b09cc46a-453e-4a0b-8c88-b00eb8108ae2,Home,67f29e36-ec97-4a65-8e57-ae5595d1223e,Apple Books,6f87a791-ad26-4efd-9838-6a9490f01267,4,5,38f5b90d-0d5b-467f-9e2d-7155ba17a3ea,true,downloadableSrc,200,image/webp,90646,90646,2f2a787e27ce90392963aa01f4f61cf8413bff7e708876ab9eda06a4e01d3521,1179,2676,,,bytescale.mobbin.com,f7a1807c1ac98ccf0eecf5078d61346ac9a94ca37a547f5708d580528c9e55c0,/Users/user/mobbin-sides/screen-flows/apple-books/002-apple-books-home-b09cc46a-453e-4a0b-8c88-b00eb8108ae2/005-38f5b90d-0d5b-467f-9e2d-7155ba17a3ea-downloadableSrc-2f2a787e27ce.webp
b09cc46a-453e-4a0b-8c88-b00eb8108ae2,Home,67f29e36-ec97-4a65-8e57-ae5595d1223e,Apple Books,6f87a791-ad26-4efd-9838-6a9490f01267,5,6,fa54930d-72ec-44e1-b65d-f8b50aa6e173,true,downloadableSrc,200,image/webp,99118,99118,5db7f8ba7bbcd84435153fa14d4ab150ddd07e807b0aeb8fe1b6d8fc38b91abf,1179,2676,,,bytescale.mobbin.com,f7a1807c1ac98ccf0eecf5078d61346ac9a94ca37a547f5708d580528c9e55c0,/Users/user/mobbin-sides/screen-flows/apple-books/002-apple-books-home-b09cc46a-453e-4a0b-8c88-b00eb8108ae2/006-fa54930d-72ec-44e1-b65d-f8b50aa6e173-downloadableSrc-5db7f8ba7bbc.webp
b09cc46a-453e-4a0b-8c88-b00eb8108ae2,Home,67f29e36-ec97-4a65-8e57-ae5595d1223e,Apple Books,6f87a791-ad26-4efd-9838-6a9490f01267,6,7,342481e0-86a5-43a9-82db-44743f985dd8,true,downloadableSrc,200,image/webp,95674,95674,db4439e8024da3feb430ca620a84df09deda6655ae9a67ede6e239439df2e028,1179,2676,,,bytescale.mobbin.com,f7a1807c1ac98ccf0eecf5078d61346ac9a94ca37a547f5708d580528c9e55c0,/Users/user/mobbin-sides/screen-flows/apple-books/002-apple-books-home-b09cc46a-453e-4a0b-8c88-b00eb8108ae2/007-342481e0-86a5-43a9-82db-44743f985dd8-downloadableSrc-db4439e8024d.webp
b09cc46a-453e-4a0b-8c88-b00eb8108ae2,Home,67f29e36-ec97-4a65-8e57-ae5595d1223e,Apple Books,6f87a791-ad26-4efd-9838-6a9490f01267,7,8,447edd9e-9091-4f81-861d-8071ee0a6bf8,true,downloadableSrc,200,image/webp,99022,99022,71b2581e2793cb3f474b190ad33871a0ea6dde01f5dafa59ebd2fd8b862a1fb0,1179,2676,,,bytescale.mobbin.com,f7a1807c1ac98ccf0eecf5078d61346ac9a94ca37a547f5708d580528c9e55c0,/Users/user/mobbin-sides/screen-flows/apple-books/002-apple-books-home-b09cc46a-453e-4a0b-8c88-b00eb8108ae2/008-447edd9e-9091-4f81-861d-8071ee0a6bf8-downloadableSrc-71b2581e2793.webp
b09cc46a-453e-4a0b-8c88-b00eb8108ae2,Home,67f29e36-ec97-4a65-8e57-ae5595d1223e,Apple Books,6f87a791-ad26-4efd-9838-6a9490f01267,8,9,00e87b5b-d9f8-43a1-8274-6b0ac438a2eb,true,downloadableSrc,200,image/webp,93214,93214,17d99e00876f57f2de43964b2425359495384ecb8d16be4a8f6c91b71fb697ab,1179,2676,,,bytescale.mobbin.com,f7a1807c1ac98ccf0eecf5078d61346ac9a94ca37a547f5708d580528c9e55c0,/Users/user/mobbin-sides/screen-flows/apple-books/002-apple-books-home-b09cc46a-453e-4a0b-8c88-b00eb8108ae2/009-00e87b5b-d9f8-43a1-8274-6b0ac438a2eb-downloadableSrc-17d99e00876f.webp
b09cc46a-453e-4a0b-8c88-b00eb8108ae2,Home,67f29e36-ec97-4a65-8e57-ae5595d1223e,Apple Books,6f87a791-ad26-4efd-9838-6a9490f01267,9,10,00643994-7713-4c56-9d46-e81e10a83ba7,true,downloadableSrc,200,image/webp,92156,92156,6f83c5fcd16229cc24681fe314a4db40dac5ea8fceb6ad94ca17280054108a11,1179,2676,,,bytescale.mobbin.com,f7a1807c1ac98ccf0eecf5078d61346ac9a94ca37a547f5708d580528c9e55c0,/Users/user/mobbin-sides/screen-flows/apple-books/002-apple-books-home-b09cc46a-453e-4a0b-8c88-b00eb8108ae2/010-00643994-7713-4c56-9d46-e81e10a83ba7-downloadableSrc-6f83c5fcd162.webp
b09cc46a-453e-4a0b-8c88-b00eb8108ae2,Home,67f29e36-ec97-4a65-8e57-ae5595d1223e,Apple Books,6f87a791-ad26-4efd-9838-6a9490f01267,10,11,7a549e63-8f9e-4a3e-80d4-af4727b701dd,true,downloadableSrc,200,image/webp,84708,84708,17f02b936ca8fc74e6cc38e2976c4f27fdefda586add00666eeb407001ba910c,1179,2676,,,bytescale.mobbin.com,f7a1807c1ac98ccf0eecf5078d61346ac9a94ca37a547f5708d580528c9e55c0,/Users/user/mobbin-sides/screen-flows/apple-books/002-apple-books-home-b09cc46a-453e-4a0b-8c88-b00eb8108ae2/011-7a549e63-8f9e-4a3e-80d4-af4727b701dd-downloadableSrc-17f02b936ca8.webp
7a5da59d-f55e-4114-ba5d-08c5d08f2dba,Category detail,67f29e36-ec97-4a65-8e57-ae5595d1223e,Apple Books,6f87a791-ad26-4efd-9838-6a9490f01267,0,1,f4688b5b-bbd4-43aa-9da7-edd780d338fb,true,downloadableSrc,200,image/webp,102080,102080,994c2136b5053d241d259b0249e81667ab5a13975219aa49de0a26d0eb8c2373,1179,2676,,,bytescale.mobbin.com,f7a1807c1ac98ccf0eecf5078d61346ac9a94ca37a547f5708d580528c9e55c0,/Users/user/mobbin-sides/screen-flows/apple-books/003-apple-books-category-detail-7a5da59d-f55e-4114-ba5d-08c5d08f2dba/001-f4688b5b-bbd4-43aa-9da7-edd780d338fb-downloadableSrc-994c2136b505.webp
7a5da59d-f55e-4114-ba5d-08c5d08f2dba,Category detail,67f29e36-ec97-4a65-8e57-ae5595d1223e,Apple Books,6f87a791-ad26-4efd-9838-6a9490f01267,1,2,948a8289-09b7-4aa5-804d-54181a548f27,true,downloadableSrc,200,image/webp,114466,114466,af6ebfcd0f41509bba3eb93d04adfec122f0cd1b2b5612ae37524bc1f53ceaec,1179,2676,,,bytescale.mobbin.com,f7a1807c1ac98ccf0eecf5078d61346ac9a94ca37a547f5708d580528c9e55c0,/Users/user/mobbin-sides/screen-flows/apple-books/003-apple-books-category-detail-7a5da59d-f55e-4114-ba5d-08c5d08f2dba/002-948a8289-09b7-4aa5-804d-54181a548f27-downloadableSrc-af6ebfcd0f41.webp
7a5da59d-f55e-4114-ba5d-08c5d08f2dba,Category detail,67f29e36-ec97-4a65-8e57-ae5595d1223e,Apple Books,6f87a791-ad26-4efd-9838-6a9490f01267,2,3,cf4594d3-3ea8-4b40-9e4d-a7620aa5e538,true,downloadableSrc,200,image/webp,106382,106382,2d85dbe77b0f61bc4e3625bb9f347188293337fe4d6560419dc35ae42e12fb01,1179,2676,,,bytescale.mobbin.com,f7a1807c1ac98ccf0eecf5078d61346ac9a94ca37a547f5708d580528c9e55c0,/Users/user/mobbin-sides/screen-flows/apple-books/003-apple-books-category-detail-7a5da59d-f55e-4114-ba5d-08c5d08f2dba/003-cf4594d3-3ea8-4b40-9e4d-a7620aa5e538-downloadableSrc-2d85dbe77b0f.webp
7a5da59d-f55e-4114-ba5d-08c5d08f2dba,Category detail,67f29e36-ec97-4a65-8e57-ae5595d1223e,Apple Books,6f87a791-ad26-4efd-9838-6a9490f01267,3,4,c918887d-37ec-400a-b952-1f3b1e0ffbb4,true,downloadableSrc,200,image/webp,92818,92818,dba4ba32e028de1b795b803a709f549110e3d5d9a208f8a00c06aff0c9b6a179,1179,2676,,,bytescale.mobbin.com,f7a1807c1ac98ccf0eecf5078d61346ac9a94ca37a547f5708d580528c9e55c0,/Users/user/mobbin-sides/screen-flows/apple-books/003-apple-books-category-detail-7a5da59d-f55e-4114-ba5d-08c5d08f2dba/004-c918887d-37ec-400a-b952-1f3b1e0ffbb4-downloadableSrc-dba4ba32e028.webp
7a5da59d-f55e-4114-ba5d-08c5d08f2dba,Category detail,67f29e36-ec97-4a65-8e57-ae5595d1223e,Apple Books,6f87a791-ad26-4efd-9838-6a9490f01267,4,5,e419778d-081f-4d83-9f2f-bc23e893be07,true,downloadableSrc,200,image/webp,143548,143548,b8dbeb342c03569ba2478d703310415d5b51cdb62e3c5fdb57d047a26e04cf96,1179,2676,,,bytescale.mobbin.com,f7a1807c1ac98ccf0eecf5078d61346ac9a94ca37a547f5708d580528c9e55c0,/Users/user/mobbin-sides/screen-flows/apple-books/003-apple-books-category-detail-7a5da59d-f55e-4114-ba5d-08c5d08f2dba/005-e419778d-081f-4d83-9f2f-bc23e893be07-downloadableSrc-b8dbeb342c03.webp
ebe5d02c-ee68-4ed4-a58e-45abee7f8f75,View in Store,67f29e36-ec97-4a65-8e57-ae5595d1223e,Apple Books,6f87a791-ad26-4efd-9838-6a9490f01267,0,1,342481e0-86a5-43a9-82db-44743f985dd8,true,downloadableSrc,200,image/webp,95674,95674,db4439e8024da3feb430ca620a84df09deda6655ae9a67ede6e239439df2e028,1179,2676,,,bytescale.mobbin.com,f7a1807c1ac98ccf0eecf5078d61346ac9a94ca37a547f5708d580528c9e55c0,/Users/user/mobbin-sides/screen-flows/apple-books/004-apple-books-view-in-store-ebe5d02c-ee68-4ed4-a58e-45abee7f8f75/001-342481e0-86a5-43a9-82db-44743f985dd8-downloadableSrc-db4439e8024d.webp
ebe5d02c-ee68-4ed4-a58e-45abee7f8f75,View in Store,67f29e36-ec97-4a65-8e57-ae5595d1223e,Apple Books,6f87a791-ad26-4efd-9838-6a9490f01267,1,2,48063c20-2099-43d6-b15a-45daf6ca69cb,true,downloadableSrc,200,image/webp,110926,110926,30db77b5e5df056d9c6c272052197cae0747e31ad01950bbbbbcad84c13b04b0,1179,2676,,,bytescale.mobbin.com,f7a1807c1ac98ccf0eecf5078d61346ac9a94ca37a547f5708d580528c9e55c0,/Users/user/mobbin-sides/screen-flows/apple-books/004-apple-books-view-in-store-ebe5d02c-ee68-4ed4-a58e-45abee7f8f75/002-48063c20-2099-43d6-b15a-45daf6ca69cb-downloadableSrc-30db77b5e5df.webp
ebe5d02c-ee68-4ed4-a58e-45abee7f8f75,View in Store,67f29e36-ec97-4a65-8e57-ae5595d1223e,Apple Books,6f87a791-ad26-4efd-9838-6a9490f01267,2,3,043dfb7e-254c-450f-a606-15313003cc12,true,downloadableSrc,200,image/webp,110606,110606,bdf61148eebc2b3b0a98290d475b1e5c478d978c8ad0915b9731cb1c0257325e,1179,2676,,,bytescale.mobbin.com,f7a1807c1ac98ccf0eecf5078d61346ac9a94ca37a547f5708d580528c9e55c0,/Users/user/mobbin-sides/screen-flows/apple-books/004-apple-books-view-in-store-ebe5d02c-ee68-4ed4-a58e-45abee7f8f75/003-043dfb7e-254c-450f-a606-15313003cc12-downloadableSrc-bdf61148eebc.webp
ebe5d02c-ee68-4ed4-a58e-45abee7f8f75,View in Store,67f29e36-ec97-4a65-8e57-ae5595d1223e,Apple Books,6f87a791-ad26-4efd-9838-6a9490f01267,3,4,c1940f98-8a2c-474c-b2a1-f829df297bd8,true,downloadableSrc,200,image/webp,89076,89076,e5b883fda3f08a3e766cd860d1f162a281904c8be1658c8de95087acabe8fbfe,1179,2676,,,bytescale.mobbin.com,f7a1807c1ac98ccf0eecf5078d61346ac9a94ca37a547f5708d580528c9e55c0,/Users/user/mobbin-sides/screen-flows/apple-books/004-apple-books-view-in-store-ebe5d02c-ee68-4ed4-a58e-45abee7f8f75/004-c1940f98-8a2c-474c-b2a1-f829df297bd8-downloadableSrc-e5b883fda3f0.webp
ebe5d02c-ee68-4ed4-a58e-45abee7f8f75,View in Store,67f29e36-ec97-4a65-8e57-ae5595d1223e,Apple Books,6f87a791-ad26-4efd-9838-6a9490f01267,4,5,b6ecbe8f-f9f8-422b-a899-8a03a06e3eb8,true,downloadableSrc,200,image/webp,98706,98706,9dacb1fe77ec923441d27f50c01f60a98b34658c58b59d510ffe5a0dbf50eef5,1179,2676,,,bytescale.mobbin.com,f7a1807c1ac98ccf0eecf5078d61346ac9a94ca37a547f5708d580528c9e55c0,/Users/user/mobbin-sides/screen-flows/apple-books/004-apple-books-view-in-store-ebe5d02c-ee68-4ed4-a58e-45abee7f8f75/005-b6ecbe8f-f9f8-422b-a899-8a03a06e3eb8-downloadableSrc-9dacb1fe77ec.webp
465bc748-a86e-4716-bbd6-8a54ee54caae,Removing a book from continue,67f29e36-ec97-4a65-8e57-ae5595d1223e,Apple Books,6f87a791-ad26-4efd-9838-6a9490f01267,0,1,043dfb7e-254c-450f-a606-15313003cc12,true,downloadableSrc,200,image/webp,110606,110606,bdf61148eebc2b3b0a98290d475b1e5c478d978c8ad0915b9731cb1c0257325e,1179,2676,,,bytescale.mobbin.com,f7a1807c1ac98ccf0eecf5078d61346ac9a94ca37a547f5708d580528c9e55c0,/Users/user/mobbin-sides/screen-flows/apple-books/005-apple-books-removing-a-book-from-continue-465bc748-a86e-4716-bbd6-8a54ee54caae/001-043dfb7e-254c-450f-a606-15313003cc12-downloadableSrc-bdf61148eebc.webp
465bc748-a86e-4716-bbd6-8a54ee54caae,Removing a book from continue,67f29e36-ec97-4a65-8e57-ae5595d1223e,Apple Books,6f87a791-ad26-4efd-9838-6a9490f01267,1,2,7df7f1cb-6b2e-4a49-afa4-b0cca15762e6,true,downloadableSrc,200,image/webp,106814,106814,0f40b8da5fc90d8dc055a8b6f1a467b7784e52710ecd405be03396dcb069ecea,1179,2676,,,bytescale.mobbin.com,f7a1807c1ac98ccf0eecf5078d61346ac9a94ca37a547f5708d580528c9e55c0,/Users/user/mobbin-sides/screen-flows/apple-books/005-apple-books-removing-a-book-from-continue-465bc748-a86e-4716-bbd6-8a54ee54caae/002-7df7f1cb-6b2e-4a49-afa4-b0cca15762e6-downloadableSrc-0f40b8da5fc9.webp
a7b8b718-4f09-4e8c-955e-735a54bf7f16,Removing a download,67f29e36-ec97-4a65-8e57-ae5595d1223e,Apple Books,6f87a791-ad26-4efd-9838-6a9490f01267,0,1,043dfb7e-254c-450f-a606-15313003cc12,true,downloadableSrc,200,image/webp,110606,110606,bdf61148eebc2b3b0a98290d475b1e5c478d978c8ad0915b9731cb1c0257325e,1179,2676,,,bytescale.mobbin.com,f7a1807c1ac98ccf0eecf5078d61346ac9a94ca37a547f5708d580528c9e55c0,/Users/user/mobbin-sides/screen-flows/apple-books/006-apple-books-removing-a-download-a7b8b718-4f09-4e8c-955e-735a54bf7f16/001-043dfb7e-254c-450f-a606-15313003cc12-downloadableSrc-bdf61148eebc.webp
a7b8b718-4f09-4e8c-955e-735a54bf7f16,Removing a download,67f29e36-ec97-4a65-8e57-ae5595d1223e,Apple Books,6f87a791-ad26-4efd-9838-6a9490f01267,1,2,700ca9b1-1a22-4ffb-bdc5-111e0bef46d3,true,downloadableSrc,200,image/webp,114638,114638,1da39281882a13aa5afa8fbd6bebde636744b109bc3b948a508c94de51cfc48d,1179,2676,,,bytescale.mobbin.com,f7a1807c1ac98ccf0eecf5078d61346ac9a94ca37a547f5708d580528c9e55c0,/Users/user/mobbin-sides/screen-flows/apple-books/006-apple-books-removing-a-download-a7b8b718-4f09-4e8c-955e-735a54bf7f16/002-700ca9b1-1a22-4ffb-bdc5-111e0bef46d3-downloadableSrc-1da39281882a.webp
a7b8b718-4f09-4e8c-955e-735a54bf7f16,Removing a download,67f29e36-ec97-4a65-8e57-ae5595d1223e,Apple Books,6f87a791-ad26-4efd-9838-6a9490f01267,2,3,15fd505b-ceb3-4b88-b4e2-4e9ec3bd4a07,true,downloadableSrc,200,image/webp,103956,103956,2cc2cec20378f5fc49d8fb1bc0ff9105c86d063cd2944640227ac03ab6360a58,1179,2676,,,bytescale.mobbin.com,f7a1807c1ac98ccf0eecf5078d61346ac9a94ca37a547f5708d580528c9e55c0,/Users/user/mobbin-sides/screen-flows/apple-books/006-apple-books-removing-a-download-a7b8b718-4f09-4e8c-955e-735a54bf7f16/003-15fd505b-ceb3-4b88-b4e2-4e9ec3bd4a07-downloadableSrc-2cc2cec20378.webp
a7b8b718-4f09-4e8c-955e-735a54bf7f16,Removing a download,67f29e36-ec97-4a65-8e57-ae5595d1223e,Apple Books,6f87a791-ad26-4efd-9838-6a9490f01267,3,4,41fb9631-25fc-47c7-9727-b29102b4cba1,true,downloadableSrc,200,image/webp,100574,100574,0bab950196412f434f943af180c7bdcd813782a47a8accf38e869ca3ad6e2837,1179,2676,,,bytescale.mobbin.com,f7a1807c1ac98ccf0eecf5078d61346ac9a94ca37a547f5708d580528c9e55c0,/Users/user/mobbin-sides/screen-flows/apple-books/006-apple-books-removing-a-download-a7b8b718-4f09-4e8c-955e-735a54bf7f16/004-41fb9631-25fc-47c7-9727-b29102b4cba1-downloadableSrc-0bab95019641.webp
e7506aa2-07a2-42e9-b9e6-2d890015c216,Hiding a book,67f29e36-ec97-4a65-8e57-ae5595d1223e,Apple Books,6f87a791-ad26-4efd-9838-6a9490f01267,0,1,700ca9b1-1a22-4ffb-bdc5-111e0bef46d3,true,downloadableSrc,200,image/webp,114638,114638,1da39281882a13aa5afa8fbd6bebde636744b109bc3b948a508c94de51cfc48d,1179,2676,,,bytescale.mobbin.com,f7a1807c1ac98ccf0eecf5078d61346ac9a94ca37a547f5708d580528c9e55c0,/Users/user/mobbin-sides/screen-flows/apple-books/007-apple-books-hiding-a-book-e7506aa2-07a2-42e9-b9e6-2d890015c216/001-700ca9b1-1a22-4ffb-bdc5-111e0bef46d3-downloadableSrc-1da39281882a.webp
e7506aa2-07a2-42e9-b9e6-2d890015c216,Hiding a book,67f29e36-ec97-4a65-8e57-ae5595d1223e,Apple Books,6f87a791-ad26-4efd-9838-6a9490f01267,1,2,15fd505b-ceb3-4b88-b4e2-4e9ec3bd4a07,true,downloadableSrc,200,image/webp,103956,103956,2cc2cec20378f5fc49d8fb1bc0ff9105c86d063cd2944640227ac03ab6360a58,1179,2676,,,bytescale.mobbin.com,f7a1807c1ac98ccf0eecf5078d61346ac9a94ca37a547f5708d580528c9e55c0,/Users/user/mobbin-sides/screen-flows/apple-books/007-apple-books-hiding-a-book-e7506aa2-07a2-42e9-b9e6-2d890015c216/002-15fd505b-ceb3-4b88-b4e2-4e9ec3bd4a07-downloadableSrc-2cc2cec20378.webp
cb12ff81-673d-4a07-bf48-d73eb45e5580,Daily goal achieved,67f29e36-ec97-4a65-8e57-ae5595d1223e,Apple Books,6f87a791-ad26-4efd-9838-6a9490f01267,0,1,7a549e63-8f9e-4a3e-80d4-af4727b701dd,true,downloadableSrc,200,image/webp,84708,84708,17f02b936ca8fc74e6cc38e2976c4f27fdefda586add00666eeb407001ba910c,1179,2676,,,bytescale.mobbin.com,f7a1807c1ac98ccf0eecf5078d61346ac9a94ca37a547f5708d580528c9e55c0,/Users/user/mobbin-sides/screen-flows/apple-books/008-apple-books-daily-goal-achieved-cb12ff81-673d-4a07-bf48-d73eb45e5580/001-7a549e63-8f9e-4a3e-80d4-af4727b701dd-downloadableSrc-17f02b936ca8.webp
cb12ff81-673d-4a07-bf48-d73eb45e5580,Daily goal achieved,67f29e36-ec97-4a65-8e57-ae5595d1223e,Apple Books,6f87a791-ad26-4efd-9838-6a9490f01267,1,2,30974318-fd87-4bdc-a6de-7226e29cff18,true,downloadableSrc,200,image/webp,47648,47648,288f9714621f9f92e54350e25f3176971b6b05b5557b26e39c622e3fc5702aa8,1179,2676,,,bytescale.mobbin.com,f7a1807c1ac98ccf0eecf5078d61346ac9a94ca37a547f5708d580528c9e55c0,/Users/user/mobbin-sides/screen-flows/apple-books/008-apple-books-daily-goal-achieved-cb12ff81-673d-4a07-bf48-d73eb45e5580/002-30974318-fd87-4bdc-a6de-7226e29cff18-downloadableSrc-288f9714621f.webp
456bf5be-8e1f-4b88-8acc-0beea3dcca28,Adjusting reading goal,67f29e36-ec97-4a65-8e57-ae5595d1223e,Apple Books,6f87a791-ad26-4efd-9838-6a9490f01267,0,1,7a549e63-8f9e-4a3e-80d4-af4727b701dd,true,downloadableSrc,200,image/webp,84708,84708,17f02b936ca8fc74e6cc38e2976c4f27fdefda586add00666eeb407001ba910c,1179,2676,,,bytescale.mobbin.com,f7a1807c1ac98ccf0eecf5078d61346ac9a94ca37a547f5708d580528c9e55c0,/Users/user/mobbin-sides/screen-flows/apple-books/009-apple-books-adjusting-reading-goal-456bf5be-8e1f-4b88-8acc-0beea3dcca28/001-7a549e63-8f9e-4a3e-80d4-af4727b701dd-downloadableSrc-17f02b936ca8.webp
456bf5be-8e1f-4b88-8acc-0beea3dcca28,Adjusting reading goal,67f29e36-ec97-4a65-8e57-ae5595d1223e,Apple Books,6f87a791-ad26-4efd-9838-6a9490f01267,1,2,188306bc-ea9a-4787-a147-8eabc2ba2529,true,downloadableSrc,200,image/webp,67546,67546,7f951a9947f651ce0a3ac892a6b8c8ae597596b34a92303b92b21d4cdd1a4e05,1179,2676,,,bytescale.mobbin.com,f7a1807c1ac98ccf0eecf5078d61346ac9a94ca37a547f5708d580528c9e55c0,/Users/user/mobbin-sides/screen-flows/apple-books/009-apple-books-adjusting-reading-goal-456bf5be-8e1f-4b88-8acc-0beea3dcca28/002-188306bc-ea9a-4787-a147-8eabc2ba2529-downloadableSrc-7f951a9947f6.webp
456bf5be-8e1f-4b88-8acc-0beea3dcca28,Adjusting reading goal,67f29e36-ec97-4a65-8e57-ae5595d1223e,Apple Books,6f87a791-ad26-4efd-9838-6a9490f01267,2,3,bb39d5f5-ad2b-4a69-b097-741a57f01beb,true,downloadableSrc,200,image/webp,66876,66876,03187a100cf6876b424ef0ad4e85b0525833661e7b541607322dd5fe7f461c6e,1179,2676,,,bytescale.mobbin.com,f7a1807c1ac98ccf0eecf5078d61346ac9a94ca37a547f5708d580528c9e55c0,/Users/user/mobbin-sides/screen-flows/apple-books/009-apple-books-adjusting-reading-goal-456bf5be-8e1f-4b88-8acc-0beea3dcca28/003-bb39d5f5-ad2b-4a69-b097-741a57f01beb-downloadableSrc-03187a100cf6.webp
456bf5be-8e1f-4b88-8acc-0beea3dcca28,Adjusting reading goal,67f29e36-ec97-4a65-8e57-ae5595d1223e,Apple Books,6f87a791-ad26-4efd-9838-6a9490f01267,3,4,ffe06317-43b4-4f95-aa82-b5138603db28,true,downloadableSrc,200,image/webp,83710,83710,bda0de89cee5609445c65d4c05900d79060618c9a79bcdae7346a0fc160d0c73,1179,2676,,,bytescale.mobbin.com,f7a1807c1ac98ccf0eecf5078d61346ac9a94ca37a547f5708d580528c9e55c0,/Users/user/mobbin-sides/screen-flows/apple-books/009-apple-books-adjusting-reading-goal-456bf5be-8e1f-4b88-8acc-0beea3dcca28/004-ffe06317-43b4-4f95-aa82-b5138603db28-downloadableSrc-bda0de89cee5.webp
41f3b095-281c-4fbd-8fa4-d0cae4455370,Streak detail,67f29e36-ec97-4a65-8e57-ae5595d1223e,Apple Books,6f87a791-ad26-4efd-9838-6a9490f01267,0,1,7a549e63-8f9e-4a3e-80d4-af4727b701dd,true,downloadableSrc,200,image/webp,84708,84708,17f02b936ca8fc74e6cc38e2976c4f27fdefda586add00666eeb407001ba910c,1179,2676,,,bytescale.mobbin.com,f7a1807c1ac98ccf0eecf5078d61346ac9a94ca37a547f5708d580528c9e55c0,/Users/user/mobbin-sides/screen-flows/apple-books/010-apple-books-streak-detail-41f3b095-281c-4fbd-8fa4-d0cae4455370/001-7a549e63-8f9e-4a3e-80d4-af4727b701dd-downloadableSrc-17f02b936ca8.webp
41f3b095-281c-4fbd-8fa4-d0cae4455370,Streak detail,67f29e36-ec97-4a65-8e57-ae5595d1223e,Apple Books,6f87a791-ad26-4efd-9838-6a9490f01267,1,2,f79258f0-6e75-4b18-94dd-74119b0d382e,true,downloadableSrc,200,image/webp,41794,41794,e2d3714757b689992d09521e51cd49a49787a52a3ab2b81e958427b3db49c793,1179,2676,,,bytescale.mobbin.com,f7a1807c1ac98ccf0eecf5078d61346ac9a94ca37a547f5708d580528c9e55c0,/Users/user/mobbin-sides/screen-flows/apple-books/010-apple-books-streak-detail-41f3b095-281c-4fbd-8fa4-d0cae4455370/002-f79258f0-6e75-4b18-94dd-74119b0d382e-downloadableSrc-e2d3714757b6.webp
19f1dec3-fc63-4ba8-ac2d-c2c4d4798137,Library,67f29e36-ec97-4a65-8e57-ae5595d1223e,Apple Books,6f87a791-ad26-4efd-9838-6a9490f01267,0,1,f4688b5b-bbd4-43aa-9da7-edd780d338fb,true,downloadableSrc,200,image/webp,102080,102080,994c2136b5053d241d259b0249e81667ab5a13975219aa49de0a26d0eb8c2373,1179,2676,,,bytescale.mobbin.com,f7a1807c1ac98ccf0eecf5078d61346ac9a94ca37a547f5708d580528c9e55c0,/Users/user/mobbin-sides/screen-flows/apple-books/011-apple-books-library-19f1dec3-fc63-4ba8-ac2d-c2c4d4798137/001-f4688b5b-bbd4-43aa-9da7-edd780d338fb-downloadableSrc-994c2136b505.webp
19f1dec3-fc63-4ba8-ac2d-c2c4d4798137,Library,67f29e36-ec97-4a65-8e57-ae5595d1223e,Apple Books,6f87a791-ad26-4efd-9838-6a9490f01267,1,2,2988af47-d263-470b-846b-494a52d17462,true,downloadableSrc,200,image/webp,34542,34542,85df17c7f792788cd2c45c9a14afea4d30001e8ce11e2a67a1ec954551e59752,1179,2676,,,bytescale.mobbin.com,f7a1807c1ac98ccf0eecf5078d61346ac9a94ca37a547f5708d580528c9e55c0,/Users/user/mobbin-sides/screen-flows/apple-books/011-apple-books-library-19f1dec3-fc63-4ba8-ac2d-c2c4d4798137/002-2988af47-d263-470b-846b-494a52d17462-downloadableSrc-85df17c7f792.webp
19f1dec3-fc63-4ba8-ac2d-c2c4d4798137,Library,67f29e36-ec97-4a65-8e57-ae5595d1223e,Apple Books,6f87a791-ad26-4efd-9838-6a9490f01267,2,3,0616521d-b4f8-4160-aece-02b6f3477ebd,true,downloadableSrc,200,image/webp,77140,77140,5ea932c055b772a544fac5f2ace46872086b2fe79116bc34022be2acdb275d67,1179,2676,,,bytescale.mobbin.com,f7a1807c1ac98ccf0eecf5078d61346ac9a94ca37a547f5708d580528c9e55c0,/Users/user/mobbin-sides/screen-flows/apple-books/011-apple-books-library-19f1dec3-fc63-4ba8-ac2d-c2c4d4798137/003-0616521d-b4f8-4160-aece-02b6f3477ebd-downloadableSrc-5ea932c055b7.webp
19caa37e-c8d0-4fd5-9ad6-b59ccd371f7a,Marking a book as still reading,67f29e36-ec97-4a65-8e57-ae5595d1223e,Apple Books,6f87a791-ad26-4efd-9838-6a9490f01267,0,1,0616521d-b4f8-4160-aece-02b6f3477ebd,true,downloadableSrc,200,image/webp,77140,77140,5ea932c055b772a544fac5f2ace46872086b2fe79116bc34022be2acdb275d67,1179,2676,,,bytescale.mobbin.com,f7a1807c1ac98ccf0eecf5078d61346ac9a94ca37a547f5708d580528c9e55c0,/Users/user/mobbin-sides/screen-flows/apple-books/012-apple-books-marking-a-book-as-still-reading-19caa37e-c8d0-4fd5-9ad6-b59ccd371f7a/001-0616521d-b4f8-4160-aece-02b6f3477ebd-downloadableSrc-5ea932c055b7.webp
19caa37e-c8d0-4fd5-9ad6-b59ccd371f7a,Marking a book as still reading,67f29e36-ec97-4a65-8e57-ae5595d1223e,Apple Books,6f87a791-ad26-4efd-9838-6a9490f01267,1,2,b5aa0e34-1314-4825-b6be-12c060744fa5,true,downloadableSrc,200,image/webp,94786,94786,ef3619d26fb292e2f9d90e9b8d313e6cd76f6bb76f2674c9aabadb7c25628d30,1179,2676,,,bytescale.mobbin.com,f7a1807c1ac98ccf0eecf5078d61346ac9a94ca37a547f5708d580528c9e55c0,/Users/user/mobbin-sides/screen-flows/apple-books/012-apple-books-marking-a-book-as-still-reading-19caa37e-c8d0-4fd5-9ad6-b59ccd371f7a/002-b5aa0e34-1314-4825-b6be-12c060744fa5-downloadableSrc-ef3619d26fb2.webp
19caa37e-c8d0-4fd5-9ad6-b59ccd371f7a,Marking a book as still reading,67f29e36-ec97-4a65-8e57-ae5595d1223e,Apple Books,6f87a791-ad26-4efd-9838-6a9490f01267,2,3,fb8d6cde-a349-4b0b-a1d5-4fbbc3fce77f,true,downloadableSrc,200,image/webp,78468,78468,8270dfe7a35fc68a6dd3948b50564699db01b38b69f2eba2edb6eacb27bd9960,1179,2676,,,bytescale.mobbin.com,f7a1807c1ac98ccf0eecf5078d61346ac9a94ca37a547f5708d580528c9e55c0,/Users/user/mobbin-sides/screen-flows/apple-books/012-apple-books-marking-a-book-as-still-reading-19caa37e-c8d0-4fd5-9ad6-b59ccd371f7a/003-fb8d6cde-a349-4b0b-a1d5-4fbbc3fce77f-downloadableSrc-8270dfe7a35f.webp
f95fa7d5-01a0-428a-ae80-94cc1ff3c598,Collection detail,67f29e36-ec97-4a65-8e57-ae5595d1223e,Apple Books,6f87a791-ad26-4efd-9838-6a9490f01267,0,1,0616521d-b4f8-4160-aece-02b6f3477ebd,true,downloadableSrc,200,image/webp,77140,77140,5ea932c055b772a544fac5f2ace46872086b2fe79116bc34022be2acdb275d67,1179,2676,,,bytescale.mobbin.com,f7a1807c1ac98ccf0eecf5078d61346ac9a94ca37a547f5708d580528c9e55c0,/Users/user/mobbin-sides/screen-flows/apple-books/013-apple-books-collection-detail-f95fa7d5-01a0-428a-ae80-94cc1ff3c598/001-0616521d-b4f8-4160-aece-02b6f3477ebd-downloadableSrc-5ea932c055b7.webp
f95fa7d5-01a0-428a-ae80-94cc1ff3c598,Collection detail,67f29e36-ec97-4a65-8e57-ae5595d1223e,Apple Books,6f87a791-ad26-4efd-9838-6a9490f01267,1,2,0f90dfbe-3ca0-40bd-a2b1-b9ee668184e5,true,downloadableSrc,200,image/webp,44784,44784,f9e58ccf2cdf791aafbbc04812a18beaef37d7a2bf47a68307a1536200bd2d01,1179,2676,,,bytescale.mobbin.com,f7a1807c1ac98ccf0eecf5078d61346ac9a94ca37a547f5708d580528c9e55c0,/Users/user/mobbin-sides/screen-flows/apple-books/013-apple-books-collection-detail-f95fa7d5-01a0-428a-ae80-94cc1ff3c598/002-0f90dfbe-3ca0-40bd-a2b1-b9ee668184e5-downloadableSrc-f9e58ccf2cdf.webp
f95fa7d5-01a0-428a-ae80-94cc1ff3c598,Collection detail,67f29e36-ec97-4a65-8e57-ae5595d1223e,Apple Books,6f87a791-ad26-4efd-9838-6a9490f01267,2,3,c6f6aa13-ee64-4f83-9b3d-61deb12f1446,true,downloadableSrc,200,image/webp,51390,51390,af1d502150b62b66022ac3a867ca1200a4c7ad87972243ab65d605c0cbce0005,1179,2676,,,bytescale.mobbin.com,f7a1807c1ac98ccf0eecf5078d61346ac9a94ca37a547f5708d580528c9e55c0,/Users/user/mobbin-sides/screen-flows/apple-books/013-apple-books-collection-detail-f95fa7d5-01a0-428a-ae80-94cc1ff3c598/003-c6f6aa13-ee64-4f83-9b3d-61deb12f1446-downloadableSrc-af1d502150b6.webp
f95fa7d5-01a0-428a-ae80-94cc1ff3c598,Collection detail,67f29e36-ec97-4a65-8e57-ae5595d1223e,Apple Books,6f87a791-ad26-4efd-9838-6a9490f01267,3,4,43364776-3302-487d-bc60-77e244e425fd,true,downloadableSrc,200,image/webp,40622,40622,d612483e2faf5e3f544bd2f281a67f9c92736e90118674c438a45023dd5ec0b2,1179,2676,,,bytescale.mobbin.com,f7a1807c1ac98ccf0eecf5078d61346ac9a94ca37a547f5708d580528c9e55c0,/Users/user/mobbin-sides/screen-flows/apple-books/013-apple-books-collection-detail-f95fa7d5-01a0-428a-ae80-94cc1ff3c598/004-43364776-3302-487d-bc60-77e244e425fd-downloadableSrc-d612483e2faf.webp
f95fa7d5-01a0-428a-ae80-94cc1ff3c598,Collection detail,67f29e36-ec97-4a65-8e57-ae5595d1223e,Apple Books,6f87a791-ad26-4efd-9838-6a9490f01267,4,5,e4f1f612-cd64-4218-aefc-4d46804f90a6,true,downloadableSrc,200,image/webp,101000,101000,975df5dc7d3d0529c7ec3780793d1b88dc5da6887bc2db5808bb08da4e2a5714,1179,2676,,,bytescale.mobbin.com,f7a1807c1ac98ccf0eecf5078d61346ac9a94ca37a547f5708d580528c9e55c0,/Users/user/mobbin-sides/screen-flows/apple-books/013-apple-books-collection-detail-f95fa7d5-01a0-428a-ae80-94cc1ff3c598/005-e4f1f612-cd64-4218-aefc-4d46804f90a6-downloadableSrc-975df5dc7d3d.webp
c01c6826-1089-4f08-928e-cb5898ae84d4,Creating a new collection,67f29e36-ec97-4a65-8e57-ae5595d1223e,Apple Books,6f87a791-ad26-4efd-9838-6a9490f01267,0,1,0f90dfbe-3ca0-40bd-a2b1-b9ee668184e5,true,downloadableSrc,200,image/webp,44784,44784,f9e58ccf2cdf791aafbbc04812a18beaef37d7a2bf47a68307a1536200bd2d01,1179,2676,,,bytescale.mobbin.com,f7a1807c1ac98ccf0eecf5078d61346ac9a94ca37a547f5708d580528c9e55c0,/Users/user/mobbin-sides/screen-flows/apple-books/014-apple-books-creating-a-new-collection-c01c6826-1089-4f08-928e-cb5898ae84d4/001-0f90dfbe-3ca0-40bd-a2b1-b9ee668184e5-downloadableSrc-f9e58ccf2cdf.webp
c01c6826-1089-4f08-928e-cb5898ae84d4,Creating a new collection,67f29e36-ec97-4a65-8e57-ae5595d1223e,Apple Books,6f87a791-ad26-4efd-9838-6a9490f01267,1,2,219bbd21-b277-40e3-abf9-630abed214d0,true,downloadableSrc,200,image/webp,57872,57872,5d5471f89d9d3f46bb3f15de359acb55fc32bce73a76379c30cdf1b91dfbd8f0,1179,2676,,,bytescale.mobbin.com,f7a1807c1ac98ccf0eecf5078d61346ac9a94ca37a547f5708d580528c9e55c0,/Users/user/mobbin-sides/screen-flows/apple-books/014-apple-books-creating-a-new-collection-c01c6826-1089-4f08-928e-cb5898ae84d4/002-219bbd21-b277-40e3-abf9-630abed214d0-downloadableSrc-5d5471f89d9d.webp
c01c6826-1089-4f08-928e-cb5898ae84d4,Creating a new collection,67f29e36-ec97-4a65-8e57-ae5595d1223e,Apple Books,6f87a791-ad26-4efd-9838-6a9490f01267,2,3,10c03469-7750-4aeb-b5ce-0b50ba3113ff,true,downloadableSrc,200,image/webp,60906,60906,083f911d450c3424694185f3533f0db804c5b570952799a463b3b5c03cdc800c,1179,2676,,,bytescale.mobbin.com,f7a1807c1ac98ccf0eecf5078d61346ac9a94ca37a547f5708d580528c9e55c0,/Users/user/mobbin-sides/screen-flows/apple-books/014-apple-books-creating-a-new-collection-c01c6826-1089-4f08-928e-cb5898ae84d4/003-10c03469-7750-4aeb-b5ce-0b50ba3113ff-downloadableSrc-083f911d450c.webp
c01c6826-1089-4f08-928e-cb5898ae84d4,Creating a new collection,67f29e36-ec97-4a65-8e57-ae5595d1223e,Apple Books,6f87a791-ad26-4efd-9838-6a9490f01267,3,4,d1ddc1d5-8b37-47a6-b03d-c75409076be7,true,downloadableSrc,200,image/webp,50702,50702,f383c200e7963c2a4dd569449c09322d073068d5f620c397ec4a4b997a6db5a8,1179,2676,,,bytescale.mobbin.com,f7a1807c1ac98ccf0eecf5078d61346ac9a94ca37a547f5708d580528c9e55c0,/Users/user/mobbin-sides/screen-flows/apple-books/014-apple-books-creating-a-new-collection-c01c6826-1089-4f08-928e-cb5898ae84d4/004-d1ddc1d5-8b37-47a6-b03d-c75409076be7-downloadableSrc-f383c200e796.webp
6abf6158-2a02-4ee4-82bf-df92e8c89868,Removing a collection,67f29e36-ec97-4a65-8e57-ae5595d1223e,Apple Books,6f87a791-ad26-4efd-9838-6a9490f01267,0,1,d1ddc1d5-8b37-47a6-b03d-c75409076be7,true,downloadableSrc,200,image/webp,50702,50702,f383c200e7963c2a4dd569449c09322d073068d5f620c397ec4a4b997a6db5a8,1179,2676,,,bytescale.mobbin.com,f7a1807c1ac98ccf0eecf5078d61346ac9a94ca37a547f5708d580528c9e55c0,/Users/user/mobbin-sides/screen-flows/apple-books/015-apple-books-removing-a-collection-6abf6158-2a02-4ee4-82bf-df92e8c89868/001-d1ddc1d5-8b37-47a6-b03d-c75409076be7-downloadableSrc-f383c200e796.webp
6abf6158-2a02-4ee4-82bf-df92e8c89868,Removing a collection,67f29e36-ec97-4a65-8e57-ae5595d1223e,Apple Books,6f87a791-ad26-4efd-9838-6a9490f01267,1,2,c89463c9-8d5e-48b1-9dee-4675dab8fe55,true,downloadableSrc,200,image/webp,51248,51248,7131cf63124229e7b8742a227f45ad8800a2a43fa87c2a43b35c40f6d015d723,1179,2676,,,bytescale.mobbin.com,f7a1807c1ac98ccf0eecf5078d61346ac9a94ca37a547f5708d580528c9e55c0,/Users/user/mobbin-sides/screen-flows/apple-books/015-apple-books-removing-a-collection-6abf6158-2a02-4ee4-82bf-df92e8c89868/002-c89463c9-8d5e-48b1-9dee-4675dab8fe55-downloadableSrc-7131cf631242.webp
6abf6158-2a02-4ee4-82bf-df92e8c89868,Removing a collection,67f29e36-ec97-4a65-8e57-ae5595d1223e,Apple Books,6f87a791-ad26-4efd-9838-6a9490f01267,2,3,69687b3b-2eb5-42d5-82bc-9380e337f544,true,downloadableSrc,200,image/webp,52926,52926,c138b91de25b269cacb4f601ed640c15dd4f44ab6727554645caa9e1b799448c,1179,2676,,,bytescale.mobbin.com,f7a1807c1ac98ccf0eecf5078d61346ac9a94ca37a547f5708d580528c9e55c0,/Users/user/mobbin-sides/screen-flows/apple-books/015-apple-books-removing-a-collection-6abf6158-2a02-4ee4-82bf-df92e8c89868/003-69687b3b-2eb5-42d5-82bc-9380e337f544-downloadableSrc-c138b91de25b.webp
6abf6158-2a02-4ee4-82bf-df92e8c89868,Removing a collection,67f29e36-ec97-4a65-8e57-ae5595d1223e,Apple Books,6f87a791-ad26-4efd-9838-6a9490f01267,3,4,47f40245-1d37-4aee-aa69-607e75d1a6fe,true,downloadableSrc,200,image/webp,58394,58394,d113ee137d14e3e397baed692b67f6ce83d2fc000782dc34a9cc3bccd35d3f0c,1179,2676,,,bytescale.mobbin.com,f7a1807c1ac98ccf0eecf5078d61346ac9a94ca37a547f5708d580528c9e55c0,/Users/user/mobbin-sides/screen-flows/apple-books/015-apple-books-removing-a-collection-6abf6158-2a02-4ee4-82bf-df92e8c89868/004-47f40245-1d37-4aee-aa69-607e75d1a6fe-downloadableSrc-d113ee137d14.webp
6abf6158-2a02-4ee4-82bf-df92e8c89868,Removing a collection,67f29e36-ec97-4a65-8e57-ae5595d1223e,Apple Books,6f87a791-ad26-4efd-9838-6a9490f01267,4,5,ac0d3381-d1f3-42f8-a53f-30c945cd15c5,true,downloadableSrc,200,image/webp,47604,47604,56c18a52e4fe3bce59365346a1d34fdb770b3b0166b2942693a88edc2fde9bcd,1179,2676,,,bytescale.mobbin.com,f7a1807c1ac98ccf0eecf5078d61346ac9a94ca37a547f5708d580528c9e55c0,/Users/user/mobbin-sides/screen-flows/apple-books/015-apple-books-removing-a-collection-6abf6158-2a02-4ee4-82bf-df92e8c89868/005-ac0d3381-d1f3-42f8-a53f-30c945cd15c5-downloadableSrc-56c18a52e4fe.webp
6abf6158-2a02-4ee4-82bf-df92e8c89868,Removing a collection,67f29e36-ec97-4a65-8e57-ae5595d1223e,Apple Books,6f87a791-ad26-4efd-9838-6a9490f01267,5,6,3be4da4e-fb05-4cc7-a0ae-8116fba49103,true,downloadableSrc,200,image/webp,48600,48600,9252749accd9fbeaec468343f3868dcf5b4ee5f1e2a2abf51cad5b852e546385,1179,2676,,,bytescale.mobbin.com,f7a1807c1ac98ccf0eecf5078d61346ac9a94ca37a547f5708d580528c9e55c0,/Users/user/mobbin-sides/screen-flows/apple-books/015-apple-books-removing-a-collection-6abf6158-2a02-4ee4-82bf-df92e8c89868/006-3be4da4e-fb05-4cc7-a0ae-8116fba49103-downloadableSrc-9252749accd9.webp
bd13e00b-c82b-4e25-abd3-37fbee1b0e28,Reordering a collection,67f29e36-ec97-4a65-8e57-ae5595d1223e,Apple Books,6f87a791-ad26-4efd-9838-6a9490f01267,0,1,e4f1f612-cd64-4218-aefc-4d46804f90a6,true,downloadableSrc,200,image/webp,101000,101000,975df5dc7d3d0529c7ec3780793d1b88dc5da6887bc2db5808bb08da4e2a5714,1179,2676,,,bytescale.mobbin.com,f7a1807c1ac98ccf0eecf5078d61346ac9a94ca37a547f5708d580528c9e55c0,/Users/user/mobbin-sides/screen-flows/apple-books/016-apple-books-reordering-a-collection-bd13e00b-c82b-4e25-abd3-37fbee1b0e28/001-e4f1f612-cd64-4218-aefc-4d46804f90a6-downloadableSrc-975df5dc7d3d.webp
bd13e00b-c82b-4e25-abd3-37fbee1b0e28,Reordering a collection,67f29e36-ec97-4a65-8e57-ae5595d1223e,Apple Books,6f87a791-ad26-4efd-9838-6a9490f01267,1,2,ba832ec5-5e52-4a12-a430-4b4f9bf70e90,true,downloadableSrc,200,image/webp,105216,105216,25af881701facb8efc218a85e17f72c149480331568ca0024e5c53e42ac62aea,1179,2676,,,bytescale.mobbin.com,f7a1807c1ac98ccf0eecf5078d61346ac9a94ca37a547f5708d580528c9e55c0,/Users/user/mobbin-sides/screen-flows/apple-books/016-apple-books-reordering-a-collection-bd13e00b-c82b-4e25-abd3-37fbee1b0e28/002-ba832ec5-5e52-4a12-a430-4b4f9bf70e90-downloadableSrc-25af881701fa.webp
bd13e00b-c82b-4e25-abd3-37fbee1b0e28,Reordering a collection,67f29e36-ec97-4a65-8e57-ae5595d1223e,Apple Books,6f87a791-ad26-4efd-9838-6a9490f01267,2,3,4f284b2e-6d4e-4565-bd07-356c4a01108d,true,downloadableSrc,200,image/webp,88048,88048,91874fd70f0818a70603613faefb3cdfa23034a1e233a3e4e6c5fa253e1afb99,1179,2676,,,bytescale.mobbin.com,f7a1807c1ac98ccf0eecf5078d61346ac9a94ca37a547f5708d580528c9e55c0,/Users/user/mobbin-sides/screen-flows/apple-books/016-apple-books-reordering-a-collection-bd13e00b-c82b-4e25-abd3-37fbee1b0e28/003-4f284b2e-6d4e-4565-bd07-356c4a01108d-downloadableSrc-91874fd70f08.webp
bd13e00b-c82b-4e25-abd3-37fbee1b0e28,Reordering a collection,67f29e36-ec97-4a65-8e57-ae5595d1223e,Apple Books,6f87a791-ad26-4efd-9838-6a9490f01267,3,4,4d829509-5be9-47da-9454-6fa82e43e871,true,downloadableSrc,200,image/webp,89742,89742,0b82a91428617c7db60661ed578eece4b910205fd522205c7649cd65ecbb3c42,1179,2676,,,bytescale.mobbin.com,f7a1807c1ac98ccf0eecf5078d61346ac9a94ca37a547f5708d580528c9e55c0,/Users/user/mobbin-sides/screen-flows/apple-books/016-apple-books-reordering-a-collection-bd13e00b-c82b-4e25-abd3-37fbee1b0e28/004-4d829509-5be9-47da-9454-6fa82e43e871-downloadableSrc-0b82a9142861.webp
bd13e00b-c82b-4e25-abd3-37fbee1b0e28,Reordering a collection,67f29e36-ec97-4a65-8e57-ae5595d1223e,Apple Books,6f87a791-ad26-4efd-9838-6a9490f01267,4,5,29d96425-c6ac-492a-9d7f-1a60cd4256df,true,downloadableSrc,200,image/webp,82648,82648,a0c469cab433f0df72a0a0f9c644fc358df9f0684ae16c17dd277fe327c80ca2,1179,2676,,,bytescale.mobbin.com,f7a1807c1ac98ccf0eecf5078d61346ac9a94ca37a547f5708d580528c9e55c0,/Users/user/mobbin-sides/screen-flows/apple-books/016-apple-books-reordering-a-collection-bd13e00b-c82b-4e25-abd3-37fbee1b0e28/005-29d96425-c6ac-492a-9d7f-1a60cd4256df-downloadableSrc-a0c469cab433.webp
bd13e00b-c82b-4e25-abd3-37fbee1b0e28,Reordering a collection,67f29e36-ec97-4a65-8e57-ae5595d1223e,Apple Books,6f87a791-ad26-4efd-9838-6a9490f01267,5,6,547588f5-6a42-4e2a-b258-a0ad5fc519da,true,downloadableSrc,200,image/webp,87880,87880,59e218a87ac1d3070f7aef8b2f3b8830cb104cd989a5cf90f831857c785fe01a,1179,2676,,,bytescale.mobbin.com,f7a1807c1ac98ccf0eecf5078d61346ac9a94ca37a547f5708d580528c9e55c0,/Users/user/mobbin-sides/screen-flows/apple-books/016-apple-books-reordering-a-collection-bd13e00b-c82b-4e25-abd3-37fbee1b0e28/006-547588f5-6a42-4e2a-b258-a0ad5fc519da-downloadableSrc-59e218a87ac1.webp
bd13e00b-c82b-4e25-abd3-37fbee1b0e28,Reordering a collection,67f29e36-ec97-4a65-8e57-ae5595d1223e,Apple Books,6f87a791-ad26-4efd-9838-6a9490f01267,6,7,645f1854-fe14-4395-9ddc-ec62508c90ed,true,downloadableSrc,200,image/webp,100706,100706,d4e111b227dce4b501f92a5f82996548271de056ef7b65beed3dd1e20739a60c,1179,2676,,,bytescale.mobbin.com,f7a1807c1ac98ccf0eecf5078d61346ac9a94ca37a547f5708d580528c9e55c0,/Users/user/mobbin-sides/screen-flows/apple-books/016-apple-books-reordering-a-collection-bd13e00b-c82b-4e25-abd3-37fbee1b0e28/007-645f1854-fe14-4395-9ddc-ec62508c90ed-downloadableSrc-d4e111b227dc.webp
0583383e-9f8b-4f2c-8ff4-75404fe7ebb4,Removing downloads,67f29e36-ec97-4a65-8e57-ae5595d1223e,Apple Books,6f87a791-ad26-4efd-9838-6a9490f01267,0,1,ba832ec5-5e52-4a12-a430-4b4f9bf70e90,true,downloadableSrc,200,image/webp,105216,105216,25af881701facb8efc218a85e17f72c149480331568ca0024e5c53e42ac62aea,1179,2676,,,bytescale.mobbin.com,f7a1807c1ac98ccf0eecf5078d61346ac9a94ca37a547f5708d580528c9e55c0,/Users/user/mobbin-sides/screen-flows/apple-books/017-apple-books-removing-downloads-0583383e-9f8b-4f2c-8ff4-75404fe7ebb4/001-ba832ec5-5e52-4a12-a430-4b4f9bf70e90-downloadableSrc-25af881701fa.webp
0583383e-9f8b-4f2c-8ff4-75404fe7ebb4,Removing downloads,67f29e36-ec97-4a65-8e57-ae5595d1223e,Apple Books,6f87a791-ad26-4efd-9838-6a9490f01267,1,2,cc061add-f071-4d7d-acfb-d2330de7300c,true,downloadableSrc,200,image/webp,109146,109146,09f9e1e6815300e03b96f7573f7e66f44d3236452f1f9368fc72561c2c2b086e,1179,2676,,,bytescale.mobbin.com,f7a1807c1ac98ccf0eecf5078d61346ac9a94ca37a547f5708d580528c9e55c0,/Users/user/mobbin-sides/screen-flows/apple-books/017-apple-books-removing-downloads-0583383e-9f8b-4f2c-8ff4-75404fe7ebb4/002-cc061add-f071-4d7d-acfb-d2330de7300c-downloadableSrc-09f9e1e68153.webp
0583383e-9f8b-4f2c-8ff4-75404fe7ebb4,Removing downloads,67f29e36-ec97-4a65-8e57-ae5595d1223e,Apple Books,6f87a791-ad26-4efd-9838-6a9490f01267,2,3,577148ad-f5ea-4e95-8c3b-6a90b5b3e4b5,true,downloadableSrc,200,image/webp,108436,108436,fd9f8c4d81787003c13b34d641ff9e82bcff8e6da5a0c960cef9676258837c4a,1179,2676,,,bytescale.mobbin.com,f7a1807c1ac98ccf0eecf5078d61346ac9a94ca37a547f5708d580528c9e55c0,/Users/user/mobbin-sides/screen-flows/apple-books/017-apple-books-removing-downloads-0583383e-9f8b-4f2c-8ff4-75404fe7ebb4/003-577148ad-f5ea-4e95-8c3b-6a90b5b3e4b5-downloadableSrc-fd9f8c4d8178.webp
89a2a7b4-28cc-49b6-ae61-2688fb617cc8,Selecting a book,67f29e36-ec97-4a65-8e57-ae5595d1223e,Apple Books,6f87a791-ad26-4efd-9838-6a9490f01267,0,1,0616521d-b4f8-4160-aece-02b6f3477ebd,true,downloadableSrc,200,image/webp,77140,77140,5ea932c055b772a544fac5f2ace46872086b2fe79116bc34022be2acdb275d67,1179,2676,,,bytescale.mobbin.com,f7a1807c1ac98ccf0eecf5078d61346ac9a94ca37a547f5708d580528c9e55c0,/Users/user/mobbin-sides/screen-flows/apple-books/018-apple-books-selecting-a-book-89a2a7b4-28cc-49b6-ae61-2688fb617cc8/001-0616521d-b4f8-4160-aece-02b6f3477ebd-downloadableSrc-5ea932c055b7.webp
89a2a7b4-28cc-49b6-ae61-2688fb617cc8,Selecting a book,67f29e36-ec97-4a65-8e57-ae5595d1223e,Apple Books,6f87a791-ad26-4efd-9838-6a9490f01267,1,2,15a695c7-8217-46c8-8f48-e20683ca4c60,true,downloadableSrc,200,image/webp,69778,69778,e4d521c95afd3d29c95a6be032c685f61338125f4a3871307681415994c37b52,1179,2676,,,bytescale.mobbin.com,f7a1807c1ac98ccf0eecf5078d61346ac9a94ca37a547f5708d580528c9e55c0,/Users/user/mobbin-sides/screen-flows/apple-books/018-apple-books-selecting-a-book-89a2a7b4-28cc-49b6-ae61-2688fb617cc8/002-15a695c7-8217-46c8-8f48-e20683ca4c60-downloadableSrc-e4d521c95afd.webp
89a2a7b4-28cc-49b6-ae61-2688fb617cc8,Selecting a book,67f29e36-ec97-4a65-8e57-ae5595d1223e,Apple Books,6f87a791-ad26-4efd-9838-6a9490f01267,2,3,194cd126-4a23-4643-905b-ce9c83dbf8db,true,downloadableSrc,200,image/webp,53260,53260,94895d691d82e4c88307e3a74585374a5e23d7954e9af5592a0ffa0d4a7f0833,1179,2676,,,bytescale.mobbin.com,f7a1807c1ac98ccf0eecf5078d61346ac9a94ca37a547f5708d580528c9e55c0,/Users/user/mobbin-sides/screen-flows/apple-books/018-apple-books-selecting-a-book-89a2a7b4-28cc-49b6-ae61-2688fb617cc8/003-194cd126-4a23-4643-905b-ce9c83dbf8db-downloadableSrc-94895d691d82.webp
89a2a7b4-28cc-49b6-ae61-2688fb617cc8,Selecting a book,67f29e36-ec97-4a65-8e57-ae5595d1223e,Apple Books,6f87a791-ad26-4efd-9838-6a9490f01267,3,4,97cdf9f0-8f6e-438d-8c59-f9f27cccd716,true,downloadableSrc,200,image/webp,59140,59140,3004d1f566b5d09a0771bbfb1af7f95fb8a2522604d1d1e1e423d9c1bc49d0a9,1179,2676,,,bytescale.mobbin.com,f7a1807c1ac98ccf0eecf5078d61346ac9a94ca37a547f5708d580528c9e55c0,/Users/user/mobbin-sides/screen-flows/apple-books/018-apple-books-selecting-a-book-89a2a7b4-28cc-49b6-ae61-2688fb617cc8/004-97cdf9f0-8f6e-438d-8c59-f9f27cccd716-downloadableSrc-3004d1f566b5.webp
8cfa8b0d-a056-40e8-a436-80370b1368bf,Deleting a book from device,67f29e36-ec97-4a65-8e57-ae5595d1223e,Apple Books,6f87a791-ad26-4efd-9838-6a9490f01267,0,1,97cdf9f0-8f6e-438d-8c59-f9f27cccd716,true,downloadableSrc,200,image/webp,59140,59140,3004d1f566b5d09a0771bbfb1af7f95fb8a2522604d1d1e1e423d9c1bc49d0a9,1179,2676,,,bytescale.mobbin.com,f7a1807c1ac98ccf0eecf5078d61346ac9a94ca37a547f5708d580528c9e55c0,/Users/user/mobbin-sides/screen-flows/apple-books/019-apple-books-deleting-a-book-from-device-8cfa8b0d-a056-40e8-a436-80370b1368bf/001-97cdf9f0-8f6e-438d-8c59-f9f27cccd716-downloadableSrc-3004d1f566b5.webp
8cfa8b0d-a056-40e8-a436-80370b1368bf,Deleting a book from device,67f29e36-ec97-4a65-8e57-ae5595d1223e,Apple Books,6f87a791-ad26-4efd-9838-6a9490f01267,1,2,dc22a2a6-f99d-4e2b-b212-a70b474f4041,true,downloadableSrc,200,image/webp,71824,71824,213532a5c659a0242d74845ccad99365514d4a6fdf0a1d45fec29b953c9c6aeb,1179,2676,,,bytescale.mobbin.com,f7a1807c1ac98ccf0eecf5078d61346ac9a94ca37a547f5708d580528c9e55c0,/Users/user/mobbin-sides/screen-flows/apple-books/019-apple-books-deleting-a-book-from-device-8cfa8b0d-a056-40e8-a436-80370b1368bf/002-dc22a2a6-f99d-4e2b-b212-a70b474f4041-downloadableSrc-213532a5c659.webp
8cfa8b0d-a056-40e8-a436-80370b1368bf,Deleting a book from device,67f29e36-ec97-4a65-8e57-ae5595d1223e,Apple Books,6f87a791-ad26-4efd-9838-6a9490f01267,2,3,54a8ead6-8a3e-4860-bcfb-35322a35463e,true,downloadableSrc,200,image/webp,66326,66326,f13626503c56666d0b4bdfc928f0f8ca558f9806f1c4e05acd9c813f5932acd7,1179,2676,,,bytescale.mobbin.com,f7a1807c1ac98ccf0eecf5078d61346ac9a94ca37a547f5708d580528c9e55c0,/Users/user/mobbin-sides/screen-flows/apple-books/019-apple-books-deleting-a-book-from-device-8cfa8b0d-a056-40e8-a436-80370b1368bf/003-54a8ead6-8a3e-4860-bcfb-35322a35463e-downloadableSrc-f13626503c56.webp
324008fd-238e-4697-ac16-e5c41701b78f,Adding a book to collection,67f29e36-ec97-4a65-8e57-ae5595d1223e,Apple Books,6f87a791-ad26-4efd-9838-6a9490f01267,0,1,97cdf9f0-8f6e-438d-8c59-f9f27cccd716,true,downloadableSrc,200,image/webp,59140,59140,3004d1f566b5d09a0771bbfb1af7f95fb8a2522604d1d1e1e423d9c1bc49d0a9,1179,2676,,,bytescale.mobbin.com,f7a1807c1ac98ccf0eecf5078d61346ac9a94ca37a547f5708d580528c9e55c0,/Users/user/mobbin-sides/screen-flows/apple-books/020-apple-books-adding-a-book-to-collection-324008fd-238e-4697-ac16-e5c41701b78f/001-97cdf9f0-8f6e-438d-8c59-f9f27cccd716-downloadableSrc-3004d1f566b5.webp
324008fd-238e-4697-ac16-e5c41701b78f,Adding a book to collection,67f29e36-ec97-4a65-8e57-ae5595d1223e,Apple Books,6f87a791-ad26-4efd-9838-6a9490f01267,1,2,809ecc64-5356-47e8-b376-1d1ee2c20b59,true,downloadableSrc,200,image/webp,44890,44890,50f693cdc32f0db0c30c86b4160bd0e48750e22c4d25b585ed7523bfae1d054a,1179,2676,,,bytescale.mobbin.com,f7a1807c1ac98ccf0eecf5078d61346ac9a94ca37a547f5708d580528c9e55c0,/Users/user/mobbin-sides/screen-flows/apple-books/020-apple-books-adding-a-book-to-collection-324008fd-238e-4697-ac16-e5c41701b78f/002-809ecc64-5356-47e8-b376-1d1ee2c20b59-downloadableSrc-50f693cdc32f.webp
324008fd-238e-4697-ac16-e5c41701b78f,Adding a book to collection,67f29e36-ec97-4a65-8e57-ae5595d1223e,Apple Books,6f87a791-ad26-4efd-9838-6a9490f01267,2,3,4fd4d9a2-d0b2-484e-9449-5aa4ce2df29c,true,downloadableSrc,200,image/webp,75310,75310,6c8e1f4ccbeed2d9fea34a78d580e595695e43f8cefd6e89c0d95386af682967,1179,2676,,,bytescale.mobbin.com,f7a1807c1ac98ccf0eecf5078d61346ac9a94ca37a547f5708d580528c9e55c0,/Users/user/mobbin-sides/screen-flows/apple-books/020-apple-books-adding-a-book-to-collection-324008fd-238e-4697-ac16-e5c41701b78f/003-4fd4d9a2-d0b2-484e-9449-5aa4ce2df29c-downloadableSrc-6c8e1f4ccbee.webp
689647c4-dc3e-49af-a18c-a22de8f140e1,Switching to list view,67f29e36-ec97-4a65-8e57-ae5595d1223e,Apple Books,6f87a791-ad26-4efd-9838-6a9490f01267,0,1,15a695c7-8217-46c8-8f48-e20683ca4c60,true,downloadableSrc,200,image/webp,69778,69778,e4d521c95afd3d29c95a6be032c685f61338125f4a3871307681415994c37b52,1179,2676,,,bytescale.mobbin.com,f7a1807c1ac98ccf0eecf5078d61346ac9a94ca37a547f5708d580528c9e55c0,/Users/user/mobbin-sides/screen-flows/apple-books/021-apple-books-switching-to-list-view-689647c4-dc3e-49af-a18c-a22de8f140e1/001-15a695c7-8217-46c8-8f48-e20683ca4c60-downloadableSrc-e4d521c95afd.webp
689647c4-dc3e-49af-a18c-a22de8f140e1,Switching to list view,67f29e36-ec97-4a65-8e57-ae5595d1223e,Apple Books,6f87a791-ad26-4efd-9838-6a9490f01267,1,2,dc014d55-b73a-4a39-918e-718e2684326e,true,downloadableSrc,200,image/webp,58386,58386,c0f469b606c5d03b6b2e5ddd21dfe1b51cbeedaf7e3e85277ce65720dab1856c,1179,2676,,,bytescale.mobbin.com,f7a1807c1ac98ccf0eecf5078d61346ac9a94ca37a547f5708d580528c9e55c0,/Users/user/mobbin-sides/screen-flows/apple-books/021-apple-books-switching-to-list-view-689647c4-dc3e-49af-a18c-a22de8f140e1/002-dc014d55-b73a-4a39-918e-718e2684326e-downloadableSrc-c0f469b606c5.webp
1daddf8d-1e2f-4bb7-8b0a-a7ee81e25b72,Sorting Library,67f29e36-ec97-4a65-8e57-ae5595d1223e,Apple Books,6f87a791-ad26-4efd-9838-6a9490f01267,0,1,15a695c7-8217-46c8-8f48-e20683ca4c60,true,downloadableSrc,200,image/webp,69778,69778,e4d521c95afd3d29c95a6be032c685f61338125f4a3871307681415994c37b52,1179,2676,,,bytescale.mobbin.com,f7a1807c1ac98ccf0eecf5078d61346ac9a94ca37a547f5708d580528c9e55c0,/Users/user/mobbin-sides/screen-flows/apple-books/022-apple-books-sorting-library-1daddf8d-1e2f-4bb7-8b0a-a7ee81e25b72/001-15a695c7-8217-46c8-8f48-e20683ca4c60-downloadableSrc-e4d521c95afd.webp
1daddf8d-1e2f-4bb7-8b0a-a7ee81e25b72,Sorting Library,67f29e36-ec97-4a65-8e57-ae5595d1223e,Apple Books,6f87a791-ad26-4efd-9838-6a9490f01267,1,2,3613120c-daf0-4284-93a4-534650af4233,true,downloadableSrc,200,image/webp,64500,64500,477b4fc00a39b8942be362a49ff7838ca52e64e40a8bea6bda3f7b89b207e089,1179,2676,,,bytescale.mobbin.com,f7a1807c1ac98ccf0eecf5078d61346ac9a94ca37a547f5708d580528c9e55c0,/Users/user/mobbin-sides/screen-flows/apple-books/022-apple-books-sorting-library-1daddf8d-1e2f-4bb7-8b0a-a7ee81e25b72/002-3613120c-daf0-4284-93a4-534650af4233-downloadableSrc-477b4fc00a39.webp
1daddf8d-1e2f-4bb7-8b0a-a7ee81e25b72,Sorting Library,67f29e36-ec97-4a65-8e57-ae5595d1223e,Apple Books,6f87a791-ad26-4efd-9838-6a9490f01267,2,3,b978826e-71c0-4bb4-a7fa-adb29cb70477,true,downloadableSrc,200,image/webp,54498,54498,1c47edc7626cc16bf9f5ecebc7a4431821ff2192a68b9c6dfa60af862d088e95,1179,2676,,,bytescale.mobbin.com,f7a1807c1ac98ccf0eecf5078d61346ac9a94ca37a547f5708d580528c9e55c0,/Users/user/mobbin-sides/screen-flows/apple-books/022-apple-books-sorting-library-1daddf8d-1e2f-4bb7-8b0a-a7ee81e25b72/003-b978826e-71c0-4bb4-a7fa-adb29cb70477-downloadableSrc-1c47edc7626c.webp
5fc5736c-5a3d-4fa5-b12c-3d3320730272,Book Store,67f29e36-ec97-4a65-8e57-ae5595d1223e,Apple Books,6f87a791-ad26-4efd-9838-6a9490f01267,0,1,f4688b5b-bbd4-43aa-9da7-edd780d338fb,true,downloadableSrc,200,image/webp,102080,102080,994c2136b5053d241d259b0249e81667ab5a13975219aa49de0a26d0eb8c2373,1179,2676,,,bytescale.mobbin.com,f7a1807c1ac98ccf0eecf5078d61346ac9a94ca37a547f5708d580528c9e55c0,/Users/user/mobbin-sides/screen-flows/apple-books/023-apple-books-book-store-5fc5736c-5a3d-4fa5-b12c-3d3320730272/001-f4688b5b-bbd4-43aa-9da7-edd780d338fb-downloadableSrc-994c2136b505.webp
5fc5736c-5a3d-4fa5-b12c-3d3320730272,Book Store,67f29e36-ec97-4a65-8e57-ae5595d1223e,Apple Books,6f87a791-ad26-4efd-9838-6a9490f01267,1,2,e233379e-30eb-42a5-a321-336913a4936d,true,downloadableSrc,200,image/webp,168714,168714,094377b5f2f50360c4fe7f540ac609c11b2e99a8d324828fb0261f479be59d8a,1179,2676,,,bytescale.mobbin.com,f7a1807c1ac98ccf0eecf5078d61346ac9a94ca37a547f5708d580528c9e55c0,/Users/user/mobbin-sides/screen-flows/apple-books/023-apple-books-book-store-5fc5736c-5a3d-4fa5-b12c-3d3320730272/002-e233379e-30eb-42a5-a321-336913a4936d-downloadableSrc-094377b5f2f5.webp
5fc5736c-5a3d-4fa5-b12c-3d3320730272,Book Store,67f29e36-ec97-4a65-8e57-ae5595d1223e,Apple Books,6f87a791-ad26-4efd-9838-6a9490f01267,2,3,0f8cf7c4-7c35-43da-920a-f7ba50ae3142,true,downloadableSrc,200,image/webp,168482,168482,85052a70783470a974f18cbc3ab031cddae982a3beee61a945cb6af0ae1fb5e1,1179,2676,,,bytescale.mobbin.com,f7a1807c1ac98ccf0eecf5078d61346ac9a94ca37a547f5708d580528c9e55c0,/Users/user/mobbin-sides/screen-flows/apple-books/023-apple-books-book-store-5fc5736c-5a3d-4fa5-b12c-3d3320730272/003-0f8cf7c4-7c35-43da-920a-f7ba50ae3142-downloadableSrc-85052a707834.webp
5fc5736c-5a3d-4fa5-b12c-3d3320730272,Book Store,67f29e36-ec97-4a65-8e57-ae5595d1223e,Apple Books,6f87a791-ad26-4efd-9838-6a9490f01267,3,4,e316b289-5086-4362-9b58-05711958f1da,true,downloadableSrc,200,image/webp,159444,159444,363b3e91c5d916c96a5ba9e1c7b618758828ccf1f85a42f02c8368c42b4fd0f0,1179,2676,,,bytescale.mobbin.com,f7a1807c1ac98ccf0eecf5078d61346ac9a94ca37a547f5708d580528c9e55c0,/Users/user/mobbin-sides/screen-flows/apple-books/023-apple-books-book-store-5fc5736c-5a3d-4fa5-b12c-3d3320730272/004-e316b289-5086-4362-9b58-05711958f1da-downloadableSrc-363b3e91c5d9.webp
5fc5736c-5a3d-4fa5-b12c-3d3320730272,Book Store,67f29e36-ec97-4a65-8e57-ae5595d1223e,Apple Books,6f87a791-ad26-4efd-9838-6a9490f01267,4,5,7a73a22e-54a1-4121-a260-419757b08bf3,true,downloadableSrc,200,image/webp,123096,123096,a871a1dcecec1b49d6080437f80e331a72cb875d270f44bc7866c4eab1114b41,1179,2676,,,bytescale.mobbin.com,f7a1807c1ac98ccf0eecf5078d61346ac9a94ca37a547f5708d580528c9e55c0,/Users/user/mobbin-sides/screen-flows/apple-books/023-apple-books-book-store-5fc5736c-5a3d-4fa5-b12c-3d3320730272/005-7a73a22e-54a1-4121-a260-419757b08bf3-downloadableSrc-a871a1dcecec.webp
5fc5736c-5a3d-4fa5-b12c-3d3320730272,Book Store,67f29e36-ec97-4a65-8e57-ae5595d1223e,Apple Books,6f87a791-ad26-4efd-9838-6a9490f01267,5,6,21dc8e0b-159f-4c68-b9e5-3097cf5b69d4,true,downloadableSrc,200,image/webp,121164,121164,0a2083add5f0d893e0ba0125809784a396c473c5d13889f01d80b45ec2ac1502,1179,2676,,,bytescale.mobbin.com,f7a1807c1ac98ccf0eecf5078d61346ac9a94ca37a547f5708d580528c9e55c0,/Users/user/mobbin-sides/screen-flows/apple-books/023-apple-books-book-store-5fc5736c-5a3d-4fa5-b12c-3d3320730272/006-21dc8e0b-159f-4c68-b9e5-3097cf5b69d4-downloadableSrc-0a2083add5f0.webp
5fc5736c-5a3d-4fa5-b12c-3d3320730272,Book Store,67f29e36-ec97-4a65-8e57-ae5595d1223e,Apple Books,6f87a791-ad26-4efd-9838-6a9490f01267,6,7,3fd3988c-3e9d-49cb-b68f-658263ff59f9,true,downloadableSrc,200,image/webp,113446,113446,fdd727ffe0840601f4a603a24a800aaa93a8854163fc3b92aba1bb58a09f323a,1179,2676,,,bytescale.mobbin.com,f7a1807c1ac98ccf0eecf5078d61346ac9a94ca37a547f5708d580528c9e55c0,/Users/user/mobbin-sides/screen-flows/apple-books/023-apple-books-book-store-5fc5736c-5a3d-4fa5-b12c-3d3320730272/007-3fd3988c-3e9d-49cb-b68f-658263ff59f9-downloadableSrc-fdd727ffe084.webp
bae6bb2d-7f12-46ce-be57-b9eeeb0bbc37,Section detail,67f29e36-ec97-4a65-8e57-ae5595d1223e,Apple Books,6f87a791-ad26-4efd-9838-6a9490f01267,0,1,e233379e-30eb-42a5-a321-336913a4936d,true,downloadableSrc,200,image/webp,168714,168714,094377b5f2f50360c4fe7f540ac609c11b2e99a8d324828fb0261f479be59d8a,1179,2676,,,bytescale.mobbin.com,f7a1807c1ac98ccf0eecf5078d61346ac9a94ca37a547f5708d580528c9e55c0,/Users/user/mobbin-sides/screen-flows/apple-books/024-apple-books-section-detail-bae6bb2d-7f12-46ce-be57-b9eeeb0bbc37/001-e233379e-30eb-42a5-a321-336913a4936d-downloadableSrc-094377b5f2f5.webp
bae6bb2d-7f12-46ce-be57-b9eeeb0bbc37,Section detail,67f29e36-ec97-4a65-8e57-ae5595d1223e,Apple Books,6f87a791-ad26-4efd-9838-6a9490f01267,1,2,6d2e0c6c-6ff1-432a-8577-c2601562263c,true,downloadableSrc,200,image/webp,174498,174498,858ea42e0dc5ecf93235310c63285f8c3c640549ab567b50d919b6e420282228,1179,2676,,,bytescale.mobbin.com,f7a1807c1ac98ccf0eecf5078d61346ac9a94ca37a547f5708d580528c9e55c0,/Users/user/mobbin-sides/screen-flows/apple-books/024-apple-books-section-detail-bae6bb2d-7f12-46ce-be57-b9eeeb0bbc37/002-6d2e0c6c-6ff1-432a-8577-c2601562263c-downloadableSrc-858ea42e0dc5.webp
bae6bb2d-7f12-46ce-be57-b9eeeb0bbc37,Section detail,67f29e36-ec97-4a65-8e57-ae5595d1223e,Apple Books,6f87a791-ad26-4efd-9838-6a9490f01267,2,3,ca4c9a83-294a-4513-bce6-6b4ecd70b973,true,downloadableSrc,200,image/webp,112502,112502,90e680e1663b141dd8793b95863ea294b74e339a8a80f057274c54819b6b8d2c,1179,2676,,,bytescale.mobbin.com,f7a1807c1ac98ccf0eecf5078d61346ac9a94ca37a547f5708d580528c9e55c0,/Users/user/mobbin-sides/screen-flows/apple-books/024-apple-books-section-detail-bae6bb2d-7f12-46ce-be57-b9eeeb0bbc37/003-ca4c9a83-294a-4513-bce6-6b4ecd70b973-downloadableSrc-90e680e1663b.webp
bae6bb2d-7f12-46ce-be57-b9eeeb0bbc37,Section detail,67f29e36-ec97-4a65-8e57-ae5595d1223e,Apple Books,6f87a791-ad26-4efd-9838-6a9490f01267,3,4,b54b63f4-7c09-49de-8e22-1e74d6ef9588,true,downloadableSrc,200,image/webp,93178,93178,b1453ba5e97477d5f0ddd13b650d6287e49a4bc0a02ad6fab25519a284439125,1179,2676,,,bytescale.mobbin.com,f7a1807c1ac98ccf0eecf5078d61346ac9a94ca37a547f5708d580528c9e55c0,/Users/user/mobbin-sides/screen-flows/apple-books/024-apple-books-section-detail-bae6bb2d-7f12-46ce-be57-b9eeeb0bbc37/004-b54b63f4-7c09-49de-8e22-1e74d6ef9588-downloadableSrc-b1453ba5e974.webp
df795985-1a5f-4a2c-883c-0f6d8556a61e,Searching Apple Books,67f29e36-ec97-4a65-8e57-ae5595d1223e,Apple Books,6f87a791-ad26-4efd-9838-6a9490f01267,0,1,f4688b5b-bbd4-43aa-9da7-edd780d338fb,true,downloadableSrc,200,image/webp,102080,102080,994c2136b5053d241d259b0249e81667ab5a13975219aa49de0a26d0eb8c2373,1179,2676,,,bytescale.mobbin.com,f7a1807c1ac98ccf0eecf5078d61346ac9a94ca37a547f5708d580528c9e55c0,/Users/user/mobbin-sides/screen-flows/apple-books/025-apple-books-searching-apple-books-df795985-1a5f-4a2c-883c-0f6d8556a61e/001-f4688b5b-bbd4-43aa-9da7-edd780d338fb-downloadableSrc-994c2136b505.webp
df795985-1a5f-4a2c-883c-0f6d8556a61e,Searching Apple Books,67f29e36-ec97-4a65-8e57-ae5595d1223e,Apple Books,6f87a791-ad26-4efd-9838-6a9490f01267,1,2,17f19a87-277c-4604-9bca-5e48e4245cdb,true,downloadableSrc,200,image/webp,48212,48212,94301f245ad67a0b3e60825622ba3c6c561d74c041c4285b8fd9a860f3fc9755,1179,2676,,,bytescale.mobbin.com,f7a1807c1ac98ccf0eecf5078d61346ac9a94ca37a547f5708d580528c9e55c0,/Users/user/mobbin-sides/screen-flows/apple-books/025-apple-books-searching-apple-books-df795985-1a5f-4a2c-883c-0f6d8556a61e/002-17f19a87-277c-4604-9bca-5e48e4245cdb-downloadableSrc-94301f245ad6.webp
df795985-1a5f-4a2c-883c-0f6d8556a61e,Searching Apple Books,67f29e36-ec97-4a65-8e57-ae5595d1223e,Apple Books,6f87a791-ad26-4efd-9838-6a9490f01267,2,3,b42d9d42-0594-4a5f-ad39-40cf023d1c73,true,downloadableSrc,200,image/webp,64198,64198,b532e2eded92d1b3312c5b93018ba1f44cc26dfa9c5e3a5eca56997b11dda0ba,1179,2676,,,bytescale.mobbin.com,f7a1807c1ac98ccf0eecf5078d61346ac9a94ca37a547f5708d580528c9e55c0,/Users/user/mobbin-sides/screen-flows/apple-books/025-apple-books-searching-apple-books-df795985-1a5f-4a2c-883c-0f6d8556a61e/003-b42d9d42-0594-4a5f-ad39-40cf023d1c73-downloadableSrc-b532e2eded92.webp
df795985-1a5f-4a2c-883c-0f6d8556a61e,Searching Apple Books,67f29e36-ec97-4a65-8e57-ae5595d1223e,Apple Books,6f87a791-ad26-4efd-9838-6a9490f01267,3,4,7176426e-d4de-4f2c-8046-02d6790afc78,true,downloadableSrc,200,image/webp,71738,71738,652a47f8731c107459938de669ba27c669e0f4d878e523d9102e77a4ef521fd2,1179,2676,,,bytescale.mobbin.com,f7a1807c1ac98ccf0eecf5078d61346ac9a94ca37a547f5708d580528c9e55c0,/Users/user/mobbin-sides/screen-flows/apple-books/025-apple-books-searching-apple-books-df795985-1a5f-4a2c-883c-0f6d8556a61e/004-7176426e-d4de-4f2c-8046-02d6790afc78-downloadableSrc-652a47f8731c.webp
df795985-1a5f-4a2c-883c-0f6d8556a61e,Searching Apple Books,67f29e36-ec97-4a65-8e57-ae5595d1223e,Apple Books,6f87a791-ad26-4efd-9838-6a9490f01267,4,5,6f947252-7bfb-4428-a8d1-f8745df3220c,true,downloadableSrc,200,image/webp,86188,86188,9a47c69f2ed1f6a02b72b6ea432d7b742c8a5da90225209e9379622e07124f20,1179,2676,,,bytescale.mobbin.com,f7a1807c1ac98ccf0eecf5078d61346ac9a94ca37a547f5708d580528c9e55c0,/Users/user/mobbin-sides/screen-flows/apple-books/025-apple-books-searching-apple-books-df795985-1a5f-4a2c-883c-0f6d8556a61e/005-6f947252-7bfb-4428-a8d1-f8745df3220c-downloadableSrc-9a47c69f2ed1.webp
df795985-1a5f-4a2c-883c-0f6d8556a61e,Searching Apple Books,67f29e36-ec97-4a65-8e57-ae5595d1223e,Apple Books,6f87a791-ad26-4efd-9838-6a9490f01267,5,6,e72b78d8-52b9-4fc3-a3d6-264ce9ba394b,true,downloadableSrc,200,image/webp,67842,67842,654dbb1a16f0ac3eed5c099c54dee0d8ee0fa4a7922943638bd15405d47481ef,1179,2676,,,bytescale.mobbin.com,f7a1807c1ac98ccf0eecf5078d61346ac9a94ca37a547f5708d580528c9e55c0,/Users/user/mobbin-sides/screen-flows/apple-books/025-apple-books-searching-apple-books-df795985-1a5f-4a2c-883c-0f6d8556a61e/006-e72b78d8-52b9-4fc3-a3d6-264ce9ba394b-downloadableSrc-654dbb1a16f0.webp
df795985-1a5f-4a2c-883c-0f6d8556a61e,Searching Apple Books,67f29e36-ec97-4a65-8e57-ae5595d1223e,Apple Books,6f87a791-ad26-4efd-9838-6a9490f01267,6,7,f0484727-747f-4234-8d66-9935dd62a4a0,true,downloadableSrc,200,image/webp,65902,65902,ca63128db86ff574cfab1831ac19c5dca27565e91716c36f1e2ff0d5d35b67ee,1179,2676,,,bytescale.mobbin.com,f7a1807c1ac98ccf0eecf5078d61346ac9a94ca37a547f5708d580528c9e55c0,/Users/user/mobbin-sides/screen-flows/apple-books/025-apple-books-searching-apple-books-df795985-1a5f-4a2c-883c-0f6d8556a61e/007-f0484727-747f-4234-8d66-9935dd62a4a0-downloadableSrc-ca63128db86f.webp
df795985-1a5f-4a2c-883c-0f6d8556a61e,Searching Apple Books,67f29e36-ec97-4a65-8e57-ae5595d1223e,Apple Books,6f87a791-ad26-4efd-9838-6a9490f01267,7,8,917080c0-799a-43d9-aac8-0f6299fbbb75,true,downloadableSrc,200,image/webp,104284,104284,eecaeb626b167990fbdfdf5164520a6ed1ba84499450b57f3a4841a84ac3c345,1179,2676,,,bytescale.mobbin.com,f7a1807c1ac98ccf0eecf5078d61346ac9a94ca37a547f5708d580528c9e55c0,/Users/user/mobbin-sides/screen-flows/apple-books/025-apple-books-searching-apple-books-df795985-1a5f-4a2c-883c-0f6d8556a61e/008-917080c0-799a-43d9-aac8-0f6299fbbb75-downloadableSrc-eecaeb626b16.webp
df795985-1a5f-4a2c-883c-0f6d8556a61e,Searching Apple Books,67f29e36-ec97-4a65-8e57-ae5595d1223e,Apple Books,6f87a791-ad26-4efd-9838-6a9490f01267,8,9,3a67d33c-80dc-4a37-ba46-527b56984786,true,downloadableSrc,200,image/webp,91806,91806,d5a2bed9c110569094140cd97d6fc773a752e80b0e594d75b54beb6299f641e1,1179,2676,,,bytescale.mobbin.com,f7a1807c1ac98ccf0eecf5078d61346ac9a94ca37a547f5708d580528c9e55c0,/Users/user/mobbin-sides/screen-flows/apple-books/025-apple-books-searching-apple-books-df795985-1a5f-4a2c-883c-0f6d8556a61e/009-3a67d33c-80dc-4a37-ba46-527b56984786-downloadableSrc-d5a2bed9c110.webp
df795985-1a5f-4a2c-883c-0f6d8556a61e,Searching Apple Books,67f29e36-ec97-4a65-8e57-ae5595d1223e,Apple Books,6f87a791-ad26-4efd-9838-6a9490f01267,9,10,6f9a2ea1-6719-4f93-a59f-dc69c34a8bb6,true,downloadableSrc,200,image/webp,81688,81688,7c972dc9a339da9abd33768a9a812e219916765e9db520a73e8587a307f64c81,1179,2676,,,bytescale.mobbin.com,f7a1807c1ac98ccf0eecf5078d61346ac9a94ca37a547f5708d580528c9e55c0,/Users/user/mobbin-sides/screen-flows/apple-books/025-apple-books-searching-apple-books-df795985-1a5f-4a2c-883c-0f6d8556a61e/010-6f9a2ea1-6719-4f93-a59f-dc69c34a8bb6-downloadableSrc-7c972dc9a339.webp
df795985-1a5f-4a2c-883c-0f6d8556a61e,Searching Apple Books,67f29e36-ec97-4a65-8e57-ae5595d1223e,Apple Books,6f87a791-ad26-4efd-9838-6a9490f01267,10,11,91cb074a-888c-4c3d-a4f1-e563d62f7166,true,downloadableSrc,200,image/webp,81540,81540,da9050443e308c6aaee9cb5f32b64a5f3e615f26e9eecc417855efcf23fb56f0,1179,2676,,,bytescale.mobbin.com,f7a1807c1ac98ccf0eecf5078d61346ac9a94ca37a547f5708d580528c9e55c0,/Users/user/mobbin-sides/screen-flows/apple-books/025-apple-books-searching-apple-books-df795985-1a5f-4a2c-883c-0f6d8556a61e/011-91cb074a-888c-4c3d-a4f1-e563d62f7166-downloadableSrc-da9050443e30.webp
d90305e5-46ea-4ac5-b381-56cad73241bd,Book detail,67f29e36-ec97-4a65-8e57-ae5595d1223e,Apple Books,6f87a791-ad26-4efd-9838-6a9490f01267,0,1,3a67d33c-80dc-4a37-ba46-527b56984786,true,downloadableSrc,200,image/webp,91806,91806,d5a2bed9c110569094140cd97d6fc773a752e80b0e594d75b54beb6299f641e1,1179,2676,,,bytescale.mobbin.com,f7a1807c1ac98ccf0eecf5078d61346ac9a94ca37a547f5708d580528c9e55c0,/Users/user/mobbin-sides/screen-flows/apple-books/026-apple-books-book-detail-d90305e5-46ea-4ac5-b381-56cad73241bd/001-3a67d33c-80dc-4a37-ba46-527b56984786-downloadableSrc-d5a2bed9c110.webp
d90305e5-46ea-4ac5-b381-56cad73241bd,Book detail,67f29e36-ec97-4a65-8e57-ae5595d1223e,Apple Books,6f87a791-ad26-4efd-9838-6a9490f01267,1,2,c9043605-b853-45ec-98b1-69fa25604011,true,downloadableSrc,200,image/webp,101836,101836,8cfa2a8da1420d67051b9170d113e8394e600f26f3a56e0999eb9199e5861f66,1179,2676,,,bytescale.mobbin.com,f7a1807c1ac98ccf0eecf5078d61346ac9a94ca37a547f5708d580528c9e55c0,/Users/user/mobbin-sides/screen-flows/apple-books/026-apple-books-book-detail-d90305e5-46ea-4ac5-b381-56cad73241bd/002-c9043605-b853-45ec-98b1-69fa25604011-downloadableSrc-8cfa2a8da142.webp
d90305e5-46ea-4ac5-b381-56cad73241bd,Book detail,67f29e36-ec97-4a65-8e57-ae5595d1223e,Apple Books,6f87a791-ad26-4efd-9838-6a9490f01267,2,3,3e8b6690-3b90-4bb5-82b4-f1153caf44fd,true,downloadableSrc,200,image/webp,99074,99074,bfc55e54bf27215586f047fa4e71d5c3a9643b20a6bcc967fa152f234ad566e2,1179,2676,,,bytescale.mobbin.com,f7a1807c1ac98ccf0eecf5078d61346ac9a94ca37a547f5708d580528c9e55c0,/Users/user/mobbin-sides/screen-flows/apple-books/026-apple-books-book-detail-d90305e5-46ea-4ac5-b381-56cad73241bd/003-3e8b6690-3b90-4bb5-82b4-f1153caf44fd-downloadableSrc-bfc55e54bf27.webp
d90305e5-46ea-4ac5-b381-56cad73241bd,Book detail,67f29e36-ec97-4a65-8e57-ae5595d1223e,Apple Books,6f87a791-ad26-4efd-9838-6a9490f01267,3,4,67069ea8-538f-45f0-ac52-3c63a07e346a,true,downloadableSrc,200,image/webp,118866,118866,4078e243cc0eec59b6308c6b4296d7fdaec864202b52ff91d258b33d5b01d053,1179,2676,,,bytescale.mobbin.com,f7a1807c1ac98ccf0eecf5078d61346ac9a94ca37a547f5708d580528c9e55c0,/Users/user/mobbin-sides/screen-flows/apple-books/026-apple-books-book-detail-d90305e5-46ea-4ac5-b381-56cad73241bd/004-67069ea8-538f-45f0-ac52-3c63a07e346a-downloadableSrc-4078e243cc0e.webp
d90305e5-46ea-4ac5-b381-56cad73241bd,Book detail,67f29e36-ec97-4a65-8e57-ae5595d1223e,Apple Books,6f87a791-ad26-4efd-9838-6a9490f01267,4,5,22316aec-09a4-4fdd-8506-468c0192531d,true,downloadableSrc,200,image/webp,138962,138962,cecf726b1400dd876aee5ad19bba7ead436cea736fb71dec184e3982c4985fd4,1179,2676,,,bytescale.mobbin.com,f7a1807c1ac98ccf0eecf5078d61346ac9a94ca37a547f5708d580528c9e55c0,/Users/user/mobbin-sides/screen-flows/apple-books/026-apple-books-book-detail-d90305e5-46ea-4ac5-b381-56cad73241bd/005-22316aec-09a4-4fdd-8506-468c0192531d-downloadableSrc-cecf726b1400.webp
d90305e5-46ea-4ac5-b381-56cad73241bd,Book detail,67f29e36-ec97-4a65-8e57-ae5595d1223e,Apple Books,6f87a791-ad26-4efd-9838-6a9490f01267,5,6,cc05d7aa-8fe2-4fa8-b7b0-e5d9ee634739,true,downloadableSrc,200,image/webp,136304,136304,fa72757dec9cb481c441166f2c0fb6fcfd7f3fcba3b0fb9cb1a73963a4b507ca,1179,2676,,,bytescale.mobbin.com,f7a1807c1ac98ccf0eecf5078d61346ac9a94ca37a547f5708d580528c9e55c0,/Users/user/mobbin-sides/screen-flows/apple-books/026-apple-books-book-detail-d90305e5-46ea-4ac5-b381-56cad73241bd/006-cc05d7aa-8fe2-4fa8-b7b0-e5d9ee634739-downloadableSrc-fa72757dec9c.webp
d90305e5-46ea-4ac5-b381-56cad73241bd,Book detail,67f29e36-ec97-4a65-8e57-ae5595d1223e,Apple Books,6f87a791-ad26-4efd-9838-6a9490f01267,6,7,703f4416-ed32-41dc-9831-7609043a5b32,true,downloadableSrc,200,image/webp,92434,92434,e2303b513583e1af70d5a40e2a0f29aa9825546d9ac0bda20cbcdca75bb283d7,1179,2676,,,bytescale.mobbin.com,f7a1807c1ac98ccf0eecf5078d61346ac9a94ca37a547f5708d580528c9e55c0,/Users/user/mobbin-sides/screen-flows/apple-books/026-apple-books-book-detail-d90305e5-46ea-4ac5-b381-56cad73241bd/007-703f4416-ed32-41dc-9831-7609043a5b32-downloadableSrc-e2303b513583.webp
d90305e5-46ea-4ac5-b381-56cad73241bd,Book detail,67f29e36-ec97-4a65-8e57-ae5595d1223e,Apple Books,6f87a791-ad26-4efd-9838-6a9490f01267,7,8,80b84991-9a21-4789-913b-38ef7146ecd1,true,downloadableSrc,200,image/webp,96698,96698,b50152707521fec1e4302720bb8ee51905ff6455353e9794df7af2ed56e86d26,1179,2676,,,bytescale.mobbin.com,f7a1807c1ac98ccf0eecf5078d61346ac9a94ca37a547f5708d580528c9e55c0,/Users/user/mobbin-sides/screen-flows/apple-books/026-apple-books-book-detail-d90305e5-46ea-4ac5-b381-56cad73241bd/008-80b84991-9a21-4789-913b-38ef7146ecd1-downloadableSrc-b50152707521.webp
3a62fc9e-cf82-469e-957d-6b6a938d32c7,Apple Books Classics,67f29e36-ec97-4a65-8e57-ae5595d1223e,Apple Books,6f87a791-ad26-4efd-9838-6a9490f01267,0,1,c9043605-b853-45ec-98b1-69fa25604011,true,downloadableSrc,200,image/webp,101836,101836,8cfa2a8da1420d67051b9170d113e8394e600f26f3a56e0999eb9199e5861f66,1179,2676,,,bytescale.mobbin.com,f7a1807c1ac98ccf0eecf5078d61346ac9a94ca37a547f5708d580528c9e55c0,/Users/user/mobbin-sides/screen-flows/apple-books/027-apple-books-apple-books-classics-3a62fc9e-cf82-469e-957d-6b6a938d32c7/001-c9043605-b853-45ec-98b1-69fa25604011-downloadableSrc-8cfa2a8da142.webp
3a62fc9e-cf82-469e-957d-6b6a938d32c7,Apple Books Classics,67f29e36-ec97-4a65-8e57-ae5595d1223e,Apple Books,6f87a791-ad26-4efd-9838-6a9490f01267,1,2,a20dc904-9649-4cc2-b398-b9226311c3d6,true,downloadableSrc,200,image/webp,91190,91190,6bb873b81d93ce008fcc4def117ed7c8438ec236680387e834cd429880ddcc10,1179,2676,,,bytescale.mobbin.com,f7a1807c1ac98ccf0eecf5078d61346ac9a94ca37a547f5708d580528c9e55c0,/Users/user/mobbin-sides/screen-flows/apple-books/027-apple-books-apple-books-classics-3a62fc9e-cf82-469e-957d-6b6a938d32c7/002-a20dc904-9649-4cc2-b398-b9226311c3d6-downloadableSrc-6bb873b81d93.webp
3a62fc9e-cf82-469e-957d-6b6a938d32c7,Apple Books Classics,67f29e36-ec97-4a65-8e57-ae5595d1223e,Apple Books,6f87a791-ad26-4efd-9838-6a9490f01267,2,3,8ba23a71-f171-497b-9c1f-f34bc4e9f854,true,downloadableSrc,200,image/webp,103902,103902,6ba2d545a1791a12915a0d726cf4a4e250804b9030e078c5201227961ef1805b,1179,2676,,,bytescale.mobbin.com,f7a1807c1ac98ccf0eecf5078d61346ac9a94ca37a547f5708d580528c9e55c0,/Users/user/mobbin-sides/screen-flows/apple-books/027-apple-books-apple-books-classics-3a62fc9e-cf82-469e-957d-6b6a938d32c7/003-8ba23a71-f171-497b-9c1f-f34bc4e9f854-downloadableSrc-6ba2d545a179.webp
3a62fc9e-cf82-469e-957d-6b6a938d32c7,Apple Books Classics,67f29e36-ec97-4a65-8e57-ae5595d1223e,Apple Books,6f87a791-ad26-4efd-9838-6a9490f01267,3,4,ef128c0e-e5bc-4425-9a74-20895f9ef4d2,true,downloadableSrc,200,image/webp,100838,100838,95fd6877a1d14895c64958e7ae9c673fee9137e56848c440df4b087d1e79936c,1179,2676,,,bytescale.mobbin.com,f7a1807c1ac98ccf0eecf5078d61346ac9a94ca37a547f5708d580528c9e55c0,/Users/user/mobbin-sides/screen-flows/apple-books/027-apple-books-apple-books-classics-3a62fc9e-cf82-469e-957d-6b6a938d32c7/004-ef128c0e-e5bc-4425-9a74-20895f9ef4d2-downloadableSrc-95fd6877a1d1.webp
938551e2-7492-41e9-bb2c-4b75722faa23,Filtering books,67f29e36-ec97-4a65-8e57-ae5595d1223e,Apple Books,6f87a791-ad26-4efd-9838-6a9490f01267,0,1,a20dc904-9649-4cc2-b398-b9226311c3d6,true,downloadableSrc,200,image/webp,91190,91190,6bb873b81d93ce008fcc4def117ed7c8438ec236680387e834cd429880ddcc10,1179,2676,,,bytescale.mobbin.com,f7a1807c1ac98ccf0eecf5078d61346ac9a94ca37a547f5708d580528c9e55c0,/Users/user/mobbin-sides/screen-flows/apple-books/028-apple-books-filtering-books-938551e2-7492-41e9-bb2c-4b75722faa23/001-a20dc904-9649-4cc2-b398-b9226311c3d6-downloadableSrc-6bb873b81d93.webp
938551e2-7492-41e9-bb2c-4b75722faa23,Filtering books,67f29e36-ec97-4a65-8e57-ae5595d1223e,Apple Books,6f87a791-ad26-4efd-9838-6a9490f01267,1,2,e0611949-5250-4a31-9a63-670e8e887452,true,downloadableSrc,200,image/webp,82088,82088,1bfc4515504f74fb692a4707c68896ee23e245c896b0cf8ec54c9378091989d4,1179,2676,,,bytescale.mobbin.com,f7a1807c1ac98ccf0eecf5078d61346ac9a94ca37a547f5708d580528c9e55c0,/Users/user/mobbin-sides/screen-flows/apple-books/028-apple-books-filtering-books-938551e2-7492-41e9-bb2c-4b75722faa23/002-e0611949-5250-4a31-9a63-670e8e887452-downloadableSrc-1bfc4515504f.webp
938551e2-7492-41e9-bb2c-4b75722faa23,Filtering books,67f29e36-ec97-4a65-8e57-ae5595d1223e,Apple Books,6f87a791-ad26-4efd-9838-6a9490f01267,2,3,dab36c2a-0d25-44e9-a8c9-7c567b4a2f20,true,downloadableSrc,200,image/webp,91210,91210,7e622e1c1e1f70db5cfc722f619ee8197a5a329a3e4fb3e58237bcb6d6bca9d4,1179,2676,,,bytescale.mobbin.com,f7a1807c1ac98ccf0eecf5078d61346ac9a94ca37a547f5708d580528c9e55c0,/Users/user/mobbin-sides/screen-flows/apple-books/028-apple-books-filtering-books-938551e2-7492-41e9-bb2c-4b75722faa23/003-dab36c2a-0d25-44e9-a8c9-7c567b4a2f20-downloadableSrc-7e622e1c1e1f.webp
58e92878-cebf-4274-9243-93e872da8358,Sorting books,67f29e36-ec97-4a65-8e57-ae5595d1223e,Apple Books,6f87a791-ad26-4efd-9838-6a9490f01267,0,1,e0611949-5250-4a31-9a63-670e8e887452,true,downloadableSrc,200,image/webp,82088,82088,1bfc4515504f74fb692a4707c68896ee23e245c896b0cf8ec54c9378091989d4,1179,2676,,,bytescale.mobbin.com,f7a1807c1ac98ccf0eecf5078d61346ac9a94ca37a547f5708d580528c9e55c0,/Users/user/mobbin-sides/screen-flows/apple-books/029-apple-books-sorting-books-58e92878-cebf-4274-9243-93e872da8358/001-e0611949-5250-4a31-9a63-670e8e887452-downloadableSrc-1bfc4515504f.webp
58e92878-cebf-4274-9243-93e872da8358,Sorting books,67f29e36-ec97-4a65-8e57-ae5595d1223e,Apple Books,6f87a791-ad26-4efd-9838-6a9490f01267,1,2,0a1be8e9-1f8c-4de4-8b3d-4fd22ba30a8e,true,downloadableSrc,200,image/webp,70532,70532,876d65b0dbac930c7cb306fdd2bde70fa5120b996122f8f64d133c505c3caba4,1179,2676,,,bytescale.mobbin.com,f7a1807c1ac98ccf0eecf5078d61346ac9a94ca37a547f5708d580528c9e55c0,/Users/user/mobbin-sides/screen-flows/apple-books/029-apple-books-sorting-books-58e92878-cebf-4274-9243-93e872da8358/002-0a1be8e9-1f8c-4de4-8b3d-4fd22ba30a8e-downloadableSrc-876d65b0dbac.webp
58e92878-cebf-4274-9243-93e872da8358,Sorting books,67f29e36-ec97-4a65-8e57-ae5595d1223e,Apple Books,6f87a791-ad26-4efd-9838-6a9490f01267,2,3,14fa0872-5749-4ace-8151-8d41a175a61e,true,downloadableSrc,200,image/webp,97698,97698,ea1e66573b28f90e5a1a8e9dacd683b844773aa89f501a2bee259eab6a828aaa,1179,2676,,,bytescale.mobbin.com,f7a1807c1ac98ccf0eecf5078d61346ac9a94ca37a547f5708d580528c9e55c0,/Users/user/mobbin-sides/screen-flows/apple-books/029-apple-books-sorting-books-58e92878-cebf-4274-9243-93e872da8358/003-14fa0872-5749-4ace-8151-8d41a175a61e-downloadableSrc-ea1e66573b28.webp
449b5a4c-12a6-41a1-9432-7b756924b148,Author detail,67f29e36-ec97-4a65-8e57-ae5595d1223e,Apple Books,6f87a791-ad26-4efd-9838-6a9490f01267,0,1,c9043605-b853-45ec-98b1-69fa25604011,true,downloadableSrc,200,image/webp,101836,101836,8cfa2a8da1420d67051b9170d113e8394e600f26f3a56e0999eb9199e5861f66,1179,2676,,,bytescale.mobbin.com,f7a1807c1ac98ccf0eecf5078d61346ac9a94ca37a547f5708d580528c9e55c0,/Users/user/mobbin-sides/screen-flows/apple-books/030-apple-books-author-detail-449b5a4c-12a6-41a1-9432-7b756924b148/001-c9043605-b853-45ec-98b1-69fa25604011-downloadableSrc-8cfa2a8da142.webp
449b5a4c-12a6-41a1-9432-7b756924b148,Author detail,67f29e36-ec97-4a65-8e57-ae5595d1223e,Apple Books,6f87a791-ad26-4efd-9838-6a9490f01267,1,2,ea910629-57ff-45b3-b9fe-5c5c9d8f8343,true,downloadableSrc,200,image/webp,138296,138296,9b9ae69845f1cd281f32a35956902443c07e19b270fc34d9253a12a83a170c8c,1179,2676,,,bytescale.mobbin.com,f7a1807c1ac98ccf0eecf5078d61346ac9a94ca37a547f5708d580528c9e55c0,/Users/user/mobbin-sides/screen-flows/apple-books/030-apple-books-author-detail-449b5a4c-12a6-41a1-9432-7b756924b148/002-ea910629-57ff-45b3-b9fe-5c5c9d8f8343-downloadableSrc-9b9ae69845f1.webp
449b5a4c-12a6-41a1-9432-7b756924b148,Author detail,67f29e36-ec97-4a65-8e57-ae5595d1223e,Apple Books,6f87a791-ad26-4efd-9838-6a9490f01267,2,3,fffe5c37-d3b3-49b7-9bae-3ffc7c080c79,true,downloadableSrc,200,image/webp,84980,84980,835e4f3e37a279ba06d3631cd932fb28dbfc582be420c858742277381825a40f,1179,2676,,,bytescale.mobbin.com,f7a1807c1ac98ccf0eecf5078d61346ac9a94ca37a547f5708d580528c9e55c0,/Users/user/mobbin-sides/screen-flows/apple-books/030-apple-books-author-detail-449b5a4c-12a6-41a1-9432-7b756924b148/003-fffe5c37-d3b3-49b7-9bae-3ffc7c080c79-downloadableSrc-835e4f3e37a2.webp
260c9bd6-bffa-4f8a-89a0-46643c6ee03c,Reviews,67f29e36-ec97-4a65-8e57-ae5595d1223e,Apple Books,6f87a791-ad26-4efd-9838-6a9490f01267,0,1,c9043605-b853-45ec-98b1-69fa25604011,true,downloadableSrc,200,image/webp,101836,101836,8cfa2a8da1420d67051b9170d113e8394e600f26f3a56e0999eb9199e5861f66,1179,2676,,,bytescale.mobbin.com,f7a1807c1ac98ccf0eecf5078d61346ac9a94ca37a547f5708d580528c9e55c0,/Users/user/mobbin-sides/screen-flows/apple-books/031-apple-books-reviews-260c9bd6-bffa-4f8a-89a0-46643c6ee03c/001-c9043605-b853-45ec-98b1-69fa25604011-downloadableSrc-8cfa2a8da142.webp
260c9bd6-bffa-4f8a-89a0-46643c6ee03c,Reviews,67f29e36-ec97-4a65-8e57-ae5595d1223e,Apple Books,6f87a791-ad26-4efd-9838-6a9490f01267,1,2,bcf6402d-018f-4181-b16f-c45bbe370cfd,true,downloadableSrc,200,image/webp,127280,127280,a6cfc854bc2916f8a999e7dfb924af847447575b2dcc717c2b3002064a802d43,1179,2676,,,bytescale.mobbin.com,f7a1807c1ac98ccf0eecf5078d61346ac9a94ca37a547f5708d580528c9e55c0,/Users/user/mobbin-sides/screen-flows/apple-books/031-apple-books-reviews-260c9bd6-bffa-4f8a-89a0-46643c6ee03c/002-bcf6402d-018f-4181-b16f-c45bbe370cfd-downloadableSrc-a6cfc854bc29.webp
260c9bd6-bffa-4f8a-89a0-46643c6ee03c,Reviews,67f29e36-ec97-4a65-8e57-ae5595d1223e,Apple Books,6f87a791-ad26-4efd-9838-6a9490f01267,2,3,70a3fafd-7b9b-4c6c-bbed-503fb43a3c5f,true,downloadableSrc,200,image/webp,113414,113414,bdca992a2d63cdd5b8ef1f033d52c9090b9fbbc6d8e37e631227e0612679f66d,1179,2676,,,bytescale.mobbin.com,f7a1807c1ac98ccf0eecf5078d61346ac9a94ca37a547f5708d580528c9e55c0,/Users/user/mobbin-sides/screen-flows/apple-books/031-apple-books-reviews-260c9bd6-bffa-4f8a-89a0-46643c6ee03c/003-70a3fafd-7b9b-4c6c-bbed-503fb43a3c5f-downloadableSrc-bdca992a2d63.webp
260c9bd6-bffa-4f8a-89a0-46643c6ee03c,Reviews,67f29e36-ec97-4a65-8e57-ae5595d1223e,Apple Books,6f87a791-ad26-4efd-9838-6a9490f01267,3,4,1344ad3a-fdb6-4cbc-a7a8-7714a4700147,true,downloadableSrc,200,image/webp,205914,205914,05fb8879294db9d76ac4618f9a71f2e7bade8b4b9bbdee7240109950834472d7,1179,2676,,,bytescale.mobbin.com,f7a1807c1ac98ccf0eecf5078d61346ac9a94ca37a547f5708d580528c9e55c0,/Users/user/mobbin-sides/screen-flows/apple-books/031-apple-books-reviews-260c9bd6-bffa-4f8a-89a0-46643c6ee03c/004-1344ad3a-fdb6-4cbc-a7a8-7714a4700147-downloadableSrc-05fb8879294d.webp
fb9ad2bb-102b-45b3-8cae-5fbd3cb870ce,Sorting reviews,67f29e36-ec97-4a65-8e57-ae5595d1223e,Apple Books,6f87a791-ad26-4efd-9838-6a9490f01267,0,1,70a3fafd-7b9b-4c6c-bbed-503fb43a3c5f,true,downloadableSrc,200,image/webp,113414,113414,bdca992a2d63cdd5b8ef1f033d52c9090b9fbbc6d8e37e631227e0612679f66d,1179,2676,,,bytescale.mobbin.com,f7a1807c1ac98ccf0eecf5078d61346ac9a94ca37a547f5708d580528c9e55c0,/Users/user/mobbin-sides/screen-flows/apple-books/032-apple-books-sorting-reviews-fb9ad2bb-102b-45b3-8cae-5fbd3cb870ce/001-70a3fafd-7b9b-4c6c-bbed-503fb43a3c5f-downloadableSrc-bdca992a2d63.webp
fb9ad2bb-102b-45b3-8cae-5fbd3cb870ce,Sorting reviews,67f29e36-ec97-4a65-8e57-ae5595d1223e,Apple Books,6f87a791-ad26-4efd-9838-6a9490f01267,1,2,72e89d89-4e27-4504-a4c3-14bf31220a2d,true,downloadableSrc,200,image/webp,115536,115536,cd6b92f5f2b2bbbfb17df6d82267597e0d8063470e9747934af5334ed7686c42,1179,2676,,,bytescale.mobbin.com,f7a1807c1ac98ccf0eecf5078d61346ac9a94ca37a547f5708d580528c9e55c0,/Users/user/mobbin-sides/screen-flows/apple-books/032-apple-books-sorting-reviews-fb9ad2bb-102b-45b3-8cae-5fbd3cb870ce/002-72e89d89-4e27-4504-a4c3-14bf31220a2d-downloadableSrc-cd6b92f5f2b2.webp
fb9ad2bb-102b-45b3-8cae-5fbd3cb870ce,Sorting reviews,67f29e36-ec97-4a65-8e57-ae5595d1223e,Apple Books,6f87a791-ad26-4efd-9838-6a9490f01267,2,3,10f6b88d-14be-487f-89da-44b8a2c2bbc6,true,downloadableSrc,200,image/webp,152396,152396,45c8190d01f4df676f75ff286ee7f4b0f0f7a58cbb34cf3ffa55aae79891874a,1179,2676,,,bytescale.mobbin.com,f7a1807c1ac98ccf0eecf5078d61346ac9a94ca37a547f5708d580528c9e55c0,/Users/user/mobbin-sides/screen-flows/apple-books/032-apple-books-sorting-reviews-fb9ad2bb-102b-45b3-8cae-5fbd3cb870ce/003-10f6b88d-14be-487f-89da-44b8a2c2bbc6-downloadableSrc-45c8190d01f4.webp
e060d245-47b2-48c2-88e9-a8f10c1e39b8,Reviewing a book,67f29e36-ec97-4a65-8e57-ae5595d1223e,Apple Books,6f87a791-ad26-4efd-9838-6a9490f01267,0,1,70a3fafd-7b9b-4c6c-bbed-503fb43a3c5f,true,downloadableSrc,200,image/webp,113414,113414,bdca992a2d63cdd5b8ef1f033d52c9090b9fbbc6d8e37e631227e0612679f66d,1179,2676,,,bytescale.mobbin.com,f7a1807c1ac98ccf0eecf5078d61346ac9a94ca37a547f5708d580528c9e55c0,/Users/user/mobbin-sides/screen-flows/apple-books/033-apple-books-reviewing-a-book-e060d245-47b2-48c2-88e9-a8f10c1e39b8/001-70a3fafd-7b9b-4c6c-bbed-503fb43a3c5f-downloadableSrc-bdca992a2d63.webp
e060d245-47b2-48c2-88e9-a8f10c1e39b8,Reviewing a book,67f29e36-ec97-4a65-8e57-ae5595d1223e,Apple Books,6f87a791-ad26-4efd-9838-6a9490f01267,1,2,94f302ac-ff86-41b2-87ee-71484912d54d,true,downloadableSrc,200,image/webp,32964,32964,9ca90c09345472b6c4dbb59a6828935d0f4d948cb72d79307dd61a0ee2f1f85e,1179,2676,,,bytescale.mobbin.com,f7a1807c1ac98ccf0eecf5078d61346ac9a94ca37a547f5708d580528c9e55c0,/Users/user/mobbin-sides/screen-flows/apple-books/033-apple-books-reviewing-a-book-e060d245-47b2-48c2-88e9-a8f10c1e39b8/002-94f302ac-ff86-41b2-87ee-71484912d54d-downloadableSrc-9ca90c093454.webp
e060d245-47b2-48c2-88e9-a8f10c1e39b8,Reviewing a book,67f29e36-ec97-4a65-8e57-ae5595d1223e,Apple Books,6f87a791-ad26-4efd-9838-6a9490f01267,2,3,8efe1c84-43e6-466f-972f-7d3fa3a67de6,true,downloadableSrc,200,image/webp,37430,37430,e56e10fcd804d968eb74d5fdf513ddadb7d254a714749bb44822ac1c9faa8977,1179,2676,,,bytescale.mobbin.com,f7a1807c1ac98ccf0eecf5078d61346ac9a94ca37a547f5708d580528c9e55c0,/Users/user/mobbin-sides/screen-flows/apple-books/033-apple-books-reviewing-a-book-e060d245-47b2-48c2-88e9-a8f10c1e39b8/003-8efe1c84-43e6-466f-972f-7d3fa3a67de6-downloadableSrc-e56e10fcd804.webp
e060d245-47b2-48c2-88e9-a8f10c1e39b8,Reviewing a book,67f29e36-ec97-4a65-8e57-ae5595d1223e,Apple Books,6f87a791-ad26-4efd-9838-6a9490f01267,3,4,838f9317-923f-48aa-a2ad-7837af134d60,true,downloadableSrc,200,image/webp,53942,53942,c2375b2766af67d65ec239222b378aa6756588b923deab109105c7505038bd77,1179,2676,,,bytescale.mobbin.com,f7a1807c1ac98ccf0eecf5078d61346ac9a94ca37a547f5708d580528c9e55c0,/Users/user/mobbin-sides/screen-flows/apple-books/033-apple-books-reviewing-a-book-e060d245-47b2-48c2-88e9-a8f10c1e39b8/004-838f9317-923f-48aa-a2ad-7837af134d60-downloadableSrc-c2375b2766af.webp
e060d245-47b2-48c2-88e9-a8f10c1e39b8,Reviewing a book,67f29e36-ec97-4a65-8e57-ae5595d1223e,Apple Books,6f87a791-ad26-4efd-9838-6a9490f01267,4,5,53421d3e-4657-4fe6-9697-fd4cc10a9b25,true,downloadableSrc,200,image/webp,43996,43996,b51b7ab2eb1cb94965c5f021f8e911d9e1674dd0a72e674979f682b746e59bd2,1179,2676,,,bytescale.mobbin.com,f7a1807c1ac98ccf0eecf5078d61346ac9a94ca37a547f5708d580528c9e55c0,/Users/user/mobbin-sides/screen-flows/apple-books/033-apple-books-reviewing-a-book-e060d245-47b2-48c2-88e9-a8f10c1e39b8/005-53421d3e-4657-4fe6-9697-fd4cc10a9b25-downloadableSrc-b51b7ab2eb1c.webp
e060d245-47b2-48c2-88e9-a8f10c1e39b8,Reviewing a book,67f29e36-ec97-4a65-8e57-ae5595d1223e,Apple Books,6f87a791-ad26-4efd-9838-6a9490f01267,5,6,3bbb8cc6-5d85-4230-a3e4-6475e2e28468,true,downloadableSrc,200,image/webp,60612,60612,703270de970d32a7395c3fc5816ff6654b1a4444248bb02c164c8c46592fb5f3,1179,2676,,,bytescale.mobbin.com,f7a1807c1ac98ccf0eecf5078d61346ac9a94ca37a547f5708d580528c9e55c0,/Users/user/mobbin-sides/screen-flows/apple-books/033-apple-books-reviewing-a-book-e060d245-47b2-48c2-88e9-a8f10c1e39b8/006-3bbb8cc6-5d85-4230-a3e4-6475e2e28468-downloadableSrc-703270de970d.webp
e060d245-47b2-48c2-88e9-a8f10c1e39b8,Reviewing a book,67f29e36-ec97-4a65-8e57-ae5595d1223e,Apple Books,6f87a791-ad26-4efd-9838-6a9490f01267,6,7,b966aa59-8e5d-48b6-87ab-8d8637f87bbd,true,downloadableSrc,200,image/webp,62038,62038,ea6d68420d1788febbd95b880c514019909004ca7b7d554db239c502718fe592,1179,2676,,,bytescale.mobbin.com,f7a1807c1ac98ccf0eecf5078d61346ac9a94ca37a547f5708d580528c9e55c0,/Users/user/mobbin-sides/screen-flows/apple-books/033-apple-books-reviewing-a-book-e060d245-47b2-48c2-88e9-a8f10c1e39b8/007-b966aa59-8e5d-48b6-87ab-8d8637f87bbd-downloadableSrc-ea6d68420d17.webp
e060d245-47b2-48c2-88e9-a8f10c1e39b8,Reviewing a book,67f29e36-ec97-4a65-8e57-ae5595d1223e,Apple Books,6f87a791-ad26-4efd-9838-6a9490f01267,7,8,acae2275-d686-49dc-9471-cbc925ef780b,true,downloadableSrc,200,image/webp,109108,109108,a3392f131a689e7dd691e2d495a31ce009e6c18c7233668e7caf0e889fb1f372,1179,2676,,,bytescale.mobbin.com,f7a1807c1ac98ccf0eecf5078d61346ac9a94ca37a547f5708d580528c9e55c0,/Users/user/mobbin-sides/screen-flows/apple-books/033-apple-books-reviewing-a-book-e060d245-47b2-48c2-88e9-a8f10c1e39b8/008-acae2275-d686-49dc-9471-cbc925ef780b-downloadableSrc-a3392f131a68.webp
e060d245-47b2-48c2-88e9-a8f10c1e39b8,Reviewing a book,67f29e36-ec97-4a65-8e57-ae5595d1223e,Apple Books,6f87a791-ad26-4efd-9838-6a9490f01267,8,9,3605745d-9c59-4a91-a8e9-cc84c58b1592,true,downloadableSrc,200,image/webp,42940,42940,12df791f2a70769c2fe2a2974a3af00eacc15cd7c0ba737c99ddb74c756c3619,1179,2676,,,bytescale.mobbin.com,f7a1807c1ac98ccf0eecf5078d61346ac9a94ca37a547f5708d580528c9e55c0,/Users/user/mobbin-sides/screen-flows/apple-books/033-apple-books-reviewing-a-book-e060d245-47b2-48c2-88e9-a8f10c1e39b8/009-3605745d-9c59-4a91-a8e9-cc84c58b1592-downloadableSrc-12df791f2a70.webp
535b949c-4f8a-4724-bc7a-e3f56fb91506,Changing a rating,67f29e36-ec97-4a65-8e57-ae5595d1223e,Apple Books,6f87a791-ad26-4efd-9838-6a9490f01267,0,1,53421d3e-4657-4fe6-9697-fd4cc10a9b25,true,downloadableSrc,200,image/webp,43996,43996,b51b7ab2eb1cb94965c5f021f8e911d9e1674dd0a72e674979f682b746e59bd2,1179,2676,,,bytescale.mobbin.com,f7a1807c1ac98ccf0eecf5078d61346ac9a94ca37a547f5708d580528c9e55c0,/Users/user/mobbin-sides/screen-flows/apple-books/034-apple-books-changing-a-rating-535b949c-4f8a-4724-bc7a-e3f56fb91506/001-53421d3e-4657-4fe6-9697-fd4cc10a9b25-downloadableSrc-b51b7ab2eb1c.webp
535b949c-4f8a-4724-bc7a-e3f56fb91506,Changing a rating,67f29e36-ec97-4a65-8e57-ae5595d1223e,Apple Books,6f87a791-ad26-4efd-9838-6a9490f01267,1,2,d8fec71e-7d99-43b2-bfb4-0f1cb40f7ca1,true,downloadableSrc,200,image/webp,43398,43398,7bfbd3d23f01a9296fc3049455aa2a6c7427f9c7ab555b1671c5596b89ba5979,1179,2676,,,bytescale.mobbin.com,f7a1807c1ac98ccf0eecf5078d61346ac9a94ca37a547f5708d580528c9e55c0,/Users/user/mobbin-sides/screen-flows/apple-books/034-apple-books-changing-a-rating-535b949c-4f8a-4724-bc7a-e3f56fb91506/002-d8fec71e-7d99-43b2-bfb4-0f1cb40f7ca1-downloadableSrc-7bfbd3d23f01.webp
535b949c-4f8a-4724-bc7a-e3f56fb91506,Changing a rating,67f29e36-ec97-4a65-8e57-ae5595d1223e,Apple Books,6f87a791-ad26-4efd-9838-6a9490f01267,2,3,e9c3121b-25f2-424e-9855-3346de9a0cf0,true,downloadableSrc,200,image/webp,116806,116806,b92f7d92d288fdbf2e59face0192d0512d840ff22b14474d4317fed873757a9f,1179,2676,,,bytescale.mobbin.com,f7a1807c1ac98ccf0eecf5078d61346ac9a94ca37a547f5708d580528c9e55c0,/Users/user/mobbin-sides/screen-flows/apple-books/034-apple-books-changing-a-rating-535b949c-4f8a-4724-bc7a-e3f56fb91506/003-e9c3121b-25f2-424e-9855-3346de9a0cf0-downloadableSrc-b92f7d92d288.webp
60e9cf85-ac01-4f66-9833-12dc1e008cae,Removing a rating,67f29e36-ec97-4a65-8e57-ae5595d1223e,Apple Books,6f87a791-ad26-4efd-9838-6a9490f01267,0,1,53421d3e-4657-4fe6-9697-fd4cc10a9b25,true,downloadableSrc,200,image/webp,43996,43996,b51b7ab2eb1cb94965c5f021f8e911d9e1674dd0a72e674979f682b746e59bd2,1179,2676,,,bytescale.mobbin.com,f7a1807c1ac98ccf0eecf5078d61346ac9a94ca37a547f5708d580528c9e55c0,/Users/user/mobbin-sides/screen-flows/apple-books/035-apple-books-removing-a-rating-60e9cf85-ac01-4f66-9833-12dc1e008cae/001-53421d3e-4657-4fe6-9697-fd4cc10a9b25-downloadableSrc-b51b7ab2eb1c.webp
60e9cf85-ac01-4f66-9833-12dc1e008cae,Removing a rating,67f29e36-ec97-4a65-8e57-ae5595d1223e,Apple Books,6f87a791-ad26-4efd-9838-6a9490f01267,1,2,f3518df4-4d84-49f5-b51a-2a7eb25c195e,true,downloadableSrc,200,image/webp,58346,58346,fcf7983b9dcabff036cb01df7bb56a7dda11e3f09b54fa23aef2f082f1193b20,1179,2676,,,bytescale.mobbin.com,f7a1807c1ac98ccf0eecf5078d61346ac9a94ca37a547f5708d580528c9e55c0,/Users/user/mobbin-sides/screen-flows/apple-books/035-apple-books-removing-a-rating-60e9cf85-ac01-4f66-9833-12dc1e008cae/002-f3518df4-4d84-49f5-b51a-2a7eb25c195e-downloadableSrc-fcf7983b9dca.webp
60e9cf85-ac01-4f66-9833-12dc1e008cae,Removing a rating,67f29e36-ec97-4a65-8e57-ae5595d1223e,Apple Books,6f87a791-ad26-4efd-9838-6a9490f01267,2,3,b0fa0ae7-6ff3-4835-8809-35c55ac7e396,true,downloadableSrc,200,image/webp,99074,99074,bfc55e54bf27215586f047fa4e71d5c3a9643b20a6bcc967fa152f234ad566e2,1179,2676,,,bytescale.mobbin.com,f7a1807c1ac98ccf0eecf5078d61346ac9a94ca37a547f5708d580528c9e55c0,/Users/user/mobbin-sides/screen-flows/apple-books/035-apple-books-removing-a-rating-60e9cf85-ac01-4f66-9833-12dc1e008cae/003-b0fa0ae7-6ff3-4835-8809-35c55ac7e396-downloadableSrc-bfc55e54bf27.webp
a99858dc-3d69-408a-9fb6-8e04f7d6ae2d,Book information,67f29e36-ec97-4a65-8e57-ae5595d1223e,Apple Books,6f87a791-ad26-4efd-9838-6a9490f01267,0,1,c9043605-b853-45ec-98b1-69fa25604011,true,downloadableSrc,200,image/webp,101836,101836,8cfa2a8da1420d67051b9170d113e8394e600f26f3a56e0999eb9199e5861f66,1179,2676,,,bytescale.mobbin.com,f7a1807c1ac98ccf0eecf5078d61346ac9a94ca37a547f5708d580528c9e55c0,/Users/user/mobbin-sides/screen-flows/apple-books/036-apple-books-book-information-a99858dc-3d69-408a-9fb6-8e04f7d6ae2d/001-c9043605-b853-45ec-98b1-69fa25604011-downloadableSrc-8cfa2a8da142.webp
a99858dc-3d69-408a-9fb6-8e04f7d6ae2d,Book information,67f29e36-ec97-4a65-8e57-ae5595d1223e,Apple Books,6f87a791-ad26-4efd-9838-6a9490f01267,1,2,06c1cbd3-818a-40fa-862c-9864c45939ac,true,downloadableSrc,200,image/webp,93386,93386,b8b4c38652558bf033bcd602f20388f64cd4ea6fd17cd921c7dee4840a6eb78c,1179,2676,,,bytescale.mobbin.com,f7a1807c1ac98ccf0eecf5078d61346ac9a94ca37a547f5708d580528c9e55c0,/Users/user/mobbin-sides/screen-flows/apple-books/036-apple-books-book-information-a99858dc-3d69-408a-9fb6-8e04f7d6ae2d/002-06c1cbd3-818a-40fa-862c-9864c45939ac-downloadableSrc-b8b4c3865255.webp
a99858dc-3d69-408a-9fb6-8e04f7d6ae2d,Book information,67f29e36-ec97-4a65-8e57-ae5595d1223e,Apple Books,6f87a791-ad26-4efd-9838-6a9490f01267,2,3,decb1855-66d0-4bbb-ba01-bf19cbfa8955,true,downloadableSrc,200,image/webp,63492,63492,df608dd2b550fcdace6693aeaf3f59b58ec39caa9e7d2d13cdfbac8e378ed8ac,1179,2676,,,bytescale.mobbin.com,f7a1807c1ac98ccf0eecf5078d61346ac9a94ca37a547f5708d580528c9e55c0,/Users/user/mobbin-sides/screen-flows/apple-books/036-apple-books-book-information-a99858dc-3d69-408a-9fb6-8e04f7d6ae2d/003-decb1855-66d0-4bbb-ba01-bf19cbfa8955-downloadableSrc-df608dd2b550.webp
f12e0c84-531c-49dd-be84-edeea05d53ec,Reading a sample,67f29e36-ec97-4a65-8e57-ae5595d1223e,Apple Books,6f87a791-ad26-4efd-9838-6a9490f01267,0,1,c9043605-b853-45ec-98b1-69fa25604011,true,downloadableSrc,200,image/webp,101836,101836,8cfa2a8da1420d67051b9170d113e8394e600f26f3a56e0999eb9199e5861f66,1179,2676,,,bytescale.mobbin.com,f7a1807c1ac98ccf0eecf5078d61346ac9a94ca37a547f5708d580528c9e55c0,/Users/user/mobbin-sides/screen-flows/apple-books/037-apple-books-reading-a-sample-f12e0c84-531c-49dd-be84-edeea05d53ec/001-c9043605-b853-45ec-98b1-69fa25604011-downloadableSrc-8cfa2a8da142.webp
f12e0c84-531c-49dd-be84-edeea05d53ec,Reading a sample,67f29e36-ec97-4a65-8e57-ae5595d1223e,Apple Books,6f87a791-ad26-4efd-9838-6a9490f01267,1,2,c4424a28-3a13-4c32-b94d-29ae8cb7d242,true,downloadableSrc,200,image/webp,70920,70920,54742839b5ba7460e92bfffa7b19f7e094a4b6e307c4bb2a04b257fe40a50fbc,1179,2676,,,bytescale.mobbin.com,f7a1807c1ac98ccf0eecf5078d61346ac9a94ca37a547f5708d580528c9e55c0,/Users/user/mobbin-sides/screen-flows/apple-books/037-apple-books-reading-a-sample-f12e0c84-531c-49dd-be84-edeea05d53ec/002-c4424a28-3a13-4c32-b94d-29ae8cb7d242-downloadableSrc-54742839b5ba.webp
f12e0c84-531c-49dd-be84-edeea05d53ec,Reading a sample,67f29e36-ec97-4a65-8e57-ae5595d1223e,Apple Books,6f87a791-ad26-4efd-9838-6a9490f01267,2,3,142bafd9-d52c-400d-ab62-1feac4016f58,true,downloadableSrc,200,image/webp,64600,64600,af9e6c013f2f33b6c92d79301a8ad6190dad51298a9f33922a2becb58a6c8bfc,1179,2676,,,bytescale.mobbin.com,f7a1807c1ac98ccf0eecf5078d61346ac9a94ca37a547f5708d580528c9e55c0,/Users/user/mobbin-sides/screen-flows/apple-books/037-apple-books-reading-a-sample-f12e0c84-531c-49dd-be84-edeea05d53ec/003-142bafd9-d52c-400d-ab62-1feac4016f58-downloadableSrc-af9e6c013f2f.webp
f12e0c84-531c-49dd-be84-edeea05d53ec,Reading a sample,67f29e36-ec97-4a65-8e57-ae5595d1223e,Apple Books,6f87a791-ad26-4efd-9838-6a9490f01267,3,4,8a779f3b-03d0-4660-b475-3d5e86587616,true,downloadableSrc,200,image/webp,141786,141786,803392feda0c82ff31898e364c84e707f5bbfb08ab6c437873d3ae5d9b71d5ee,1179,2676,,,bytescale.mobbin.com,f7a1807c1ac98ccf0eecf5078d61346ac9a94ca37a547f5708d580528c9e55c0,/Users/user/mobbin-sides/screen-flows/apple-books/037-apple-books-reading-a-sample-f12e0c84-531c-49dd-be84-edeea05d53ec/004-8a779f3b-03d0-4660-b475-3d5e86587616-downloadableSrc-803392feda0c.webp
f12e0c84-531c-49dd-be84-edeea05d53ec,Reading a sample,67f29e36-ec97-4a65-8e57-ae5595d1223e,Apple Books,6f87a791-ad26-4efd-9838-6a9490f01267,4,5,deccdf5c-5fda-42e2-94f0-2523369e690c,true,downloadableSrc,200,image/webp,138782,138782,62e8216dc057cdcedf35de9bc9a0530a832b358eeae632772368e30659d3d983,1179,2676,,,bytescale.mobbin.com,f7a1807c1ac98ccf0eecf5078d61346ac9a94ca37a547f5708d580528c9e55c0,/Users/user/mobbin-sides/screen-flows/apple-books/037-apple-books-reading-a-sample-f12e0c84-531c-49dd-be84-edeea05d53ec/005-deccdf5c-5fda-42e2-94f0-2523369e690c-downloadableSrc-62e8216dc057.webp
f12e0c84-531c-49dd-be84-edeea05d53ec,Reading a sample,67f29e36-ec97-4a65-8e57-ae5595d1223e,Apple Books,6f87a791-ad26-4efd-9838-6a9490f01267,5,6,c196dc8a-cfbc-4f2f-907a-5ab5152eb270,true,downloadableSrc,200,image/webp,135614,135614,fd6bc7ce3a28f9b3a85aa90a8bfa78f5a61b793423dcd563ae985e3b951fb121,1179,2676,,,bytescale.mobbin.com,f7a1807c1ac98ccf0eecf5078d61346ac9a94ca37a547f5708d580528c9e55c0,/Users/user/mobbin-sides/screen-flows/apple-books/037-apple-books-reading-a-sample-f12e0c84-531c-49dd-be84-edeea05d53ec/006-c196dc8a-cfbc-4f2f-907a-5ab5152eb270-downloadableSrc-fd6bc7ce3a28.webp
f12e0c84-531c-49dd-be84-edeea05d53ec,Reading a sample,67f29e36-ec97-4a65-8e57-ae5595d1223e,Apple Books,6f87a791-ad26-4efd-9838-6a9490f01267,6,7,bf56237a-699e-4c80-a0cd-757a246ce782,true,downloadableSrc,200,image/webp,164002,164002,162c3ea09b1bb4ca4ac3d6a39a7ece4dfe0120b68cfd0c91c7e969fd9e8f4043,1179,2676,,,bytescale.mobbin.com,f7a1807c1ac98ccf0eecf5078d61346ac9a94ca37a547f5708d580528c9e55c0,/Users/user/mobbin-sides/screen-flows/apple-books/037-apple-books-reading-a-sample-f12e0c84-531c-49dd-be84-edeea05d53ec/007-bf56237a-699e-4c80-a0cd-757a246ce782-downloadableSrc-162c3ea09b1b.webp
f12e0c84-531c-49dd-be84-edeea05d53ec,Reading a sample,67f29e36-ec97-4a65-8e57-ae5595d1223e,Apple Books,6f87a791-ad26-4efd-9838-6a9490f01267,7,8,8a61662f-e098-42bb-a4f3-9a5ed35cb8a0,true,downloadableSrc,200,image/webp,136184,136184,8d682874f777dc65554af336e427cda4e0202c35ce35adf8c64b798bab21e435,1179,2676,,,bytescale.mobbin.com,f7a1807c1ac98ccf0eecf5078d61346ac9a94ca37a547f5708d580528c9e55c0,/Users/user/mobbin-sides/screen-flows/apple-books/037-apple-books-reading-a-sample-f12e0c84-531c-49dd-be84-edeea05d53ec/008-8a61662f-e098-42bb-a4f3-9a5ed35cb8a0-downloadableSrc-8d682874f777.webp
f12e0c84-531c-49dd-be84-edeea05d53ec,Reading a sample,67f29e36-ec97-4a65-8e57-ae5595d1223e,Apple Books,6f87a791-ad26-4efd-9838-6a9490f01267,8,9,f441c995-dfc3-45af-9e43-bf5959ed1d6f,true,downloadableSrc,200,image/webp,164002,164002,162c3ea09b1bb4ca4ac3d6a39a7ece4dfe0120b68cfd0c91c7e969fd9e8f4043,1179,2676,,,bytescale.mobbin.com,f7a1807c1ac98ccf0eecf5078d61346ac9a94ca37a547f5708d580528c9e55c0,/Users/user/mobbin-sides/screen-flows/apple-books/037-apple-books-reading-a-sample-f12e0c84-531c-49dd-be84-edeea05d53ec/009-f441c995-dfc3-45af-9e43-bf5959ed1d6f-downloadableSrc-162c3ea09b1b.webp
f12e0c84-531c-49dd-be84-edeea05d53ec,Reading a sample,67f29e36-ec97-4a65-8e57-ae5595d1223e,Apple Books,6f87a791-ad26-4efd-9838-6a9490f01267,9,10,a824f438-e4b1-4a25-91f9-724b657ce5f1,true,downloadableSrc,200,image/webp,72598,72598,beda291979798156542dcbd0464197f08824225aeda599aca5785757c3b788df,1179,2676,,,bytescale.mobbin.com,f7a1807c1ac98ccf0eecf5078d61346ac9a94ca37a547f5708d580528c9e55c0,/Users/user/mobbin-sides/screen-flows/apple-books/037-apple-books-reading-a-sample-f12e0c84-531c-49dd-be84-edeea05d53ec/010-a824f438-e4b1-4a25-91f9-724b657ce5f1-downloadableSrc-beda29197979.webp
bd8372ad-2f10-4cc5-ace6-19eec73c257a,Downloading a book,67f29e36-ec97-4a65-8e57-ae5595d1223e,Apple Books,6f87a791-ad26-4efd-9838-6a9490f01267,0,1,c9043605-b853-45ec-98b1-69fa25604011,true,downloadableSrc,200,image/webp,101836,101836,8cfa2a8da1420d67051b9170d113e8394e600f26f3a56e0999eb9199e5861f66,1179,2676,,,bytescale.mobbin.com,f7a1807c1ac98ccf0eecf5078d61346ac9a94ca37a547f5708d580528c9e55c0,/Users/user/mobbin-sides/screen-flows/apple-books/038-apple-books-downloading-a-book-bd8372ad-2f10-4cc5-ace6-19eec73c257a/001-c9043605-b853-45ec-98b1-69fa25604011-downloadableSrc-8cfa2a8da142.webp
bd8372ad-2f10-4cc5-ace6-19eec73c257a,Downloading a book,67f29e36-ec97-4a65-8e57-ae5595d1223e,Apple Books,6f87a791-ad26-4efd-9838-6a9490f01267,1,2,e817e06e-149b-424b-93cf-12b392c17290,true,downloadableSrc,200,image/webp,64590,64590,c01ceaf474d6e00b41ca18915a333afcd999f90bffd9bf835236b1a9346a7195,1179,2676,,,bytescale.mobbin.com,f7a1807c1ac98ccf0eecf5078d61346ac9a94ca37a547f5708d580528c9e55c0,/Users/user/mobbin-sides/screen-flows/apple-books/038-apple-books-downloading-a-book-bd8372ad-2f10-4cc5-ace6-19eec73c257a/002-e817e06e-149b-424b-93cf-12b392c17290-downloadableSrc-c01ceaf474d6.webp
bd8372ad-2f10-4cc5-ace6-19eec73c257a,Downloading a book,67f29e36-ec97-4a65-8e57-ae5595d1223e,Apple Books,6f87a791-ad26-4efd-9838-6a9490f01267,2,3,35e59b12-c274-46ba-ac3b-0c049e56d60f,true,downloadableSrc,200,image/webp,65910,65910,acaa4db2d748f0b7c7937154a13da282eb13e0f349fac8854255cd390190cd12,1179,2676,,,bytescale.mobbin.com,f7a1807c1ac98ccf0eecf5078d61346ac9a94ca37a547f5708d580528c9e55c0,/Users/user/mobbin-sides/screen-flows/apple-books/038-apple-books-downloading-a-book-bd8372ad-2f10-4cc5-ace6-19eec73c257a/003-35e59b12-c274-46ba-ac3b-0c049e56d60f-downloadableSrc-acaa4db2d748.webp
bd8372ad-2f10-4cc5-ace6-19eec73c257a,Downloading a book,67f29e36-ec97-4a65-8e57-ae5595d1223e,Apple Books,6f87a791-ad26-4efd-9838-6a9490f01267,3,4,73c32c36-5261-4083-9c09-67fc2e61bca4,true,downloadableSrc,200,image/webp,101702,101702,b9ad8206eaf1e949a6c6ad52679b0914787609528438d4303f253f90854d53b2,1179,2676,,,bytescale.mobbin.com,f7a1807c1ac98ccf0eecf5078d61346ac9a94ca37a547f5708d580528c9e55c0,/Users/user/mobbin-sides/screen-flows/apple-books/038-apple-books-downloading-a-book-bd8372ad-2f10-4cc5-ace6-19eec73c257a/004-73c32c36-5261-4083-9c09-67fc2e61bca4-downloadableSrc-b9ad8206eaf1.webp
bd8372ad-2f10-4cc5-ace6-19eec73c257a,Downloading a book,67f29e36-ec97-4a65-8e57-ae5595d1223e,Apple Books,6f87a791-ad26-4efd-9838-6a9490f01267,4,5,09c1797d-38f0-4116-b478-dafe264d428a,true,downloadableSrc,200,image/webp,99106,99106,8b43cc04993be0e285a4615a0a34100c82c1f2263a244d949a5787323fc48fff,1179,2676,,,bytescale.mobbin.com,f7a1807c1ac98ccf0eecf5078d61346ac9a94ca37a547f5708d580528c9e55c0,/Users/user/mobbin-sides/screen-flows/apple-books/038-apple-books-downloading-a-book-bd8372ad-2f10-4cc5-ace6-19eec73c257a/005-09c1797d-38f0-4116-b478-dafe264d428a-downloadableSrc-8b43cc04993b.webp
bd8372ad-2f10-4cc5-ace6-19eec73c257a,Downloading a book,67f29e36-ec97-4a65-8e57-ae5595d1223e,Apple Books,6f87a791-ad26-4efd-9838-6a9490f01267,5,6,3e8b6690-3b90-4bb5-82b4-f1153caf44fd,true,downloadableSrc,200,image/webp,99074,99074,bfc55e54bf27215586f047fa4e71d5c3a9643b20a6bcc967fa152f234ad566e2,1179,2676,,,bytescale.mobbin.com,f7a1807c1ac98ccf0eecf5078d61346ac9a94ca37a547f5708d580528c9e55c0,/Users/user/mobbin-sides/screen-flows/apple-books/038-apple-books-downloading-a-book-bd8372ad-2f10-4cc5-ace6-19eec73c257a/006-3e8b6690-3b90-4bb5-82b4-f1153caf44fd-downloadableSrc-bfc55e54bf27.webp
328cdde7-bf7c-47f7-85a5-0e06f5d34e78,Reading a book,67f29e36-ec97-4a65-8e57-ae5595d1223e,Apple Books,6f87a791-ad26-4efd-9838-6a9490f01267,0,1,3e8b6690-3b90-4bb5-82b4-f1153caf44fd,true,downloadableSrc,200,image/webp,99074,99074,bfc55e54bf27215586f047fa4e71d5c3a9643b20a6bcc967fa152f234ad566e2,1179,2676,,,bytescale.mobbin.com,f7a1807c1ac98ccf0eecf5078d61346ac9a94ca37a547f5708d580528c9e55c0,/Users/user/mobbin-sides/screen-flows/apple-books/039-apple-books-reading-a-book-328cdde7-bf7c-47f7-85a5-0e06f5d34e78/001-3e8b6690-3b90-4bb5-82b4-f1153caf44fd-downloadableSrc-bfc55e54bf27.webp
328cdde7-bf7c-47f7-85a5-0e06f5d34e78,Reading a book,67f29e36-ec97-4a65-8e57-ae5595d1223e,Apple Books,6f87a791-ad26-4efd-9838-6a9490f01267,1,2,8585cf43-ea33-4d3c-8d00-e6e7a566f78b,true,downloadableSrc,200,image/webp,152166,152166,18fd43d1e48e1bbe7b2f9e0906798f92a6d591d76e928b6000a68334b5bba07d,1179,2676,,,bytescale.mobbin.com,f7a1807c1ac98ccf0eecf5078d61346ac9a94ca37a547f5708d580528c9e55c0,/Users/user/mobbin-sides/screen-flows/apple-books/039-apple-books-reading-a-book-328cdde7-bf7c-47f7-85a5-0e06f5d34e78/002-8585cf43-ea33-4d3c-8d00-e6e7a566f78b-downloadableSrc-18fd43d1e48e.webp
328cdde7-bf7c-47f7-85a5-0e06f5d34e78,Reading a book,67f29e36-ec97-4a65-8e57-ae5595d1223e,Apple Books,6f87a791-ad26-4efd-9838-6a9490f01267,2,3,b6e65839-f87c-41ef-bacf-b5dd19ce5c67,true,downloadableSrc,200,image/webp,152366,152366,fd0be1e0cd2a24ea285ffbba60334f1bb824c88cc9431d6f28db80cbae983395,1179,2676,,,bytescale.mobbin.com,f7a1807c1ac98ccf0eecf5078d61346ac9a94ca37a547f5708d580528c9e55c0,/Users/user/mobbin-sides/screen-flows/apple-books/039-apple-books-reading-a-book-328cdde7-bf7c-47f7-85a5-0e06f5d34e78/003-b6e65839-f87c-41ef-bacf-b5dd19ce5c67-downloadableSrc-fd0be1e0cd2a.webp
328cdde7-bf7c-47f7-85a5-0e06f5d34e78,Reading a book,67f29e36-ec97-4a65-8e57-ae5595d1223e,Apple Books,6f87a791-ad26-4efd-9838-6a9490f01267,3,4,23aec3ab-a07f-4d5d-9c18-cdb4c09490f7,true,downloadableSrc,200,image/webp,143302,143302,cebac8a52ee4327e6d0621bc411d2a70936190c6f4c1db24bea9c03004504d44,1179,2676,,,bytescale.mobbin.com,f7a1807c1ac98ccf0eecf5078d61346ac9a94ca37a547f5708d580528c9e55c0,/Users/user/mobbin-sides/screen-flows/apple-books/039-apple-books-reading-a-book-328cdde7-bf7c-47f7-85a5-0e06f5d34e78/004-23aec3ab-a07f-4d5d-9c18-cdb4c09490f7-downloadableSrc-cebac8a52ee4.webp
328cdde7-bf7c-47f7-85a5-0e06f5d34e78,Reading a book,67f29e36-ec97-4a65-8e57-ae5595d1223e,Apple Books,6f87a791-ad26-4efd-9838-6a9490f01267,4,5,7979626b-f00f-45e3-9711-27c2f7af1faa,true,downloadableSrc,200,image/webp,158024,158024,0e8a78d1a841b93f9d4e28a7814863d3b66087a128e78b602b2b9e7070b8e80d,1179,2676,,,bytescale.mobbin.com,f7a1807c1ac98ccf0eecf5078d61346ac9a94ca37a547f5708d580528c9e55c0,/Users/user/mobbin-sides/screen-flows/apple-books/039-apple-books-reading-a-book-328cdde7-bf7c-47f7-85a5-0e06f5d34e78/005-7979626b-f00f-45e3-9711-27c2f7af1faa-downloadableSrc-0e8a78d1a841.webp
3926432d-a6cd-4f52-9c9f-a907785a6a02,Completing a reading goal,67f29e36-ec97-4a65-8e57-ae5595d1223e,Apple Books,6f87a791-ad26-4efd-9838-6a9490f01267,0,1,8585cf43-ea33-4d3c-8d00-e6e7a566f78b,true,downloadableSrc,200,image/webp,152166,152166,18fd43d1e48e1bbe7b2f9e0906798f92a6d591d76e928b6000a68334b5bba07d,1179,2676,,,bytescale.mobbin.com,f7a1807c1ac98ccf0eecf5078d61346ac9a94ca37a547f5708d580528c9e55c0,/Users/user/mobbin-sides/screen-flows/apple-books/040-apple-books-completing-a-reading-goal-3926432d-a6cd-4f52-9c9f-a907785a6a02/001-8585cf43-ea33-4d3c-8d00-e6e7a566f78b-downloadableSrc-18fd43d1e48e.webp
3926432d-a6cd-4f52-9c9f-a907785a6a02,Completing a reading goal,67f29e36-ec97-4a65-8e57-ae5595d1223e,Apple Books,6f87a791-ad26-4efd-9838-6a9490f01267,1,2,a1b0626c-068c-41b1-a224-b1622b40d249,true,downloadableSrc,200,image/webp,75326,75326,12c2079f0663c636e8ba287d704be422403f72e3df216ecff73f5715c12aa731,1179,2676,,,bytescale.mobbin.com,f7a1807c1ac98ccf0eecf5078d61346ac9a94ca37a547f5708d580528c9e55c0,/Users/user/mobbin-sides/screen-flows/apple-books/040-apple-books-completing-a-reading-goal-3926432d-a6cd-4f52-9c9f-a907785a6a02/002-a1b0626c-068c-41b1-a224-b1622b40d249-downloadableSrc-12c2079f0663.webp
f0ac329b-9d7f-4293-971b-ea8247b26bf2,Changing chapters,67f29e36-ec97-4a65-8e57-ae5595d1223e,Apple Books,6f87a791-ad26-4efd-9838-6a9490f01267,0,1,b6e65839-f87c-41ef-bacf-b5dd19ce5c67,true,downloadableSrc,200,image/webp,152366,152366,fd0be1e0cd2a24ea285ffbba60334f1bb824c88cc9431d6f28db80cbae983395,1179,2676,,,bytescale.mobbin.com,f7a1807c1ac98ccf0eecf5078d61346ac9a94ca37a547f5708d580528c9e55c0,/Users/user/mobbin-sides/screen-flows/apple-books/041-apple-books-changing-chapters-f0ac329b-9d7f-4293-971b-ea8247b26bf2/001-b6e65839-f87c-41ef-bacf-b5dd19ce5c67-downloadableSrc-fd0be1e0cd2a.webp
f0ac329b-9d7f-4293-971b-ea8247b26bf2,Changing chapters,67f29e36-ec97-4a65-8e57-ae5595d1223e,Apple Books,6f87a791-ad26-4efd-9838-6a9490f01267,1,2,deb26c2b-9819-41c6-8d6a-bb53b14ed2c4,true,downloadableSrc,200,image/webp,142762,142762,c4d96c43418b31902f46d4b011b00a29735e36759b6d8b647625d3fc37c817ea,1179,2676,,,bytescale.mobbin.com,f7a1807c1ac98ccf0eecf5078d61346ac9a94ca37a547f5708d580528c9e55c0,/Users/user/mobbin-sides/screen-flows/apple-books/041-apple-books-changing-chapters-f0ac329b-9d7f-4293-971b-ea8247b26bf2/002-deb26c2b-9819-41c6-8d6a-bb53b14ed2c4-downloadableSrc-c4d96c43418b.webp
f0ac329b-9d7f-4293-971b-ea8247b26bf2,Changing chapters,67f29e36-ec97-4a65-8e57-ae5595d1223e,Apple Books,6f87a791-ad26-4efd-9838-6a9490f01267,2,3,f4100da8-5edc-46ba-93bf-a68d2a541c02,true,downloadableSrc,200,image/webp,49294,49294,9054c1d93fcd8382d05c1ed93bfdf6d8c848b030e27f7e915be8cdf651efced3,1179,2676,,,bytescale.mobbin.com,f7a1807c1ac98ccf0eecf5078d61346ac9a94ca37a547f5708d580528c9e55c0,/Users/user/mobbin-sides/screen-flows/apple-books/041-apple-books-changing-chapters-f0ac329b-9d7f-4293-971b-ea8247b26bf2/003-f4100da8-5edc-46ba-93bf-a68d2a541c02-downloadableSrc-9054c1d93fcd.webp
f0ac329b-9d7f-4293-971b-ea8247b26bf2,Changing chapters,67f29e36-ec97-4a65-8e57-ae5595d1223e,Apple Books,6f87a791-ad26-4efd-9838-6a9490f01267,3,4,3f69946c-6ee0-499d-970f-2858d5e846d2,true,downloadableSrc,200,image/webp,57816,57816,4622c517b530c107eaf8ff4eb495d27425f82ca8e895b92715218caa50e52b97,1179,2676,,,bytescale.mobbin.com,f7a1807c1ac98ccf0eecf5078d61346ac9a94ca37a547f5708d580528c9e55c0,/Users/user/mobbin-sides/screen-flows/apple-books/041-apple-books-changing-chapters-f0ac329b-9d7f-4293-971b-ea8247b26bf2/004-3f69946c-6ee0-499d-970f-2858d5e846d2-downloadableSrc-4622c517b530.webp
f0ac329b-9d7f-4293-971b-ea8247b26bf2,Changing chapters,67f29e36-ec97-4a65-8e57-ae5595d1223e,Apple Books,6f87a791-ad26-4efd-9838-6a9490f01267,4,5,7c48f536-6864-4209-8407-fe3e48bb179c,true,downloadableSrc,200,image/webp,201492,201492,dc4d80941c4c2e60b91818add034f79a54256633b637672ca2a95b46d43ffb0d,1179,2676,,,bytescale.mobbin.com,f7a1807c1ac98ccf0eecf5078d61346ac9a94ca37a547f5708d580528c9e55c0,/Users/user/mobbin-sides/screen-flows/apple-books/041-apple-books-changing-chapters-f0ac329b-9d7f-4293-971b-ea8247b26bf2/005-7c48f536-6864-4209-8407-fe3e48bb179c-downloadableSrc-dc4d80941c4c.webp
f0ac329b-9d7f-4293-971b-ea8247b26bf2,Changing chapters,67f29e36-ec97-4a65-8e57-ae5595d1223e,Apple Books,6f87a791-ad26-4efd-9838-6a9490f01267,5,6,0f668b2b-6896-45d4-91fc-cbaf10113397,true,downloadableSrc,200,image/webp,175442,175442,2ad35e60f82469d8995d8ebab72d1e29650758b3895a66f2985c8e905e9cf32b,1179,2676,,,bytescale.mobbin.com,f7a1807c1ac98ccf0eecf5078d61346ac9a94ca37a547f5708d580528c9e55c0,/Users/user/mobbin-sides/screen-flows/apple-books/041-apple-books-changing-chapters-f0ac329b-9d7f-4293-971b-ea8247b26bf2/006-0f668b2b-6896-45d4-91fc-cbaf10113397-downloadableSrc-2ad35e60f824.webp
c6a5c7a9-36c0-461d-952e-2cc15ef33e94,Searching a book,67f29e36-ec97-4a65-8e57-ae5595d1223e,Apple Books,6f87a791-ad26-4efd-9838-6a9490f01267,0,1,deb26c2b-9819-41c6-8d6a-bb53b14ed2c4,true,downloadableSrc,200,image/webp,142762,142762,c4d96c43418b31902f46d4b011b00a29735e36759b6d8b647625d3fc37c817ea,1179,2676,,,bytescale.mobbin.com,f7a1807c1ac98ccf0eecf5078d61346ac9a94ca37a547f5708d580528c9e55c0,/Users/user/mobbin-sides/screen-flows/apple-books/042-apple-books-searching-a-book-c6a5c7a9-36c0-461d-952e-2cc15ef33e94/001-deb26c2b-9819-41c6-8d6a-bb53b14ed2c4-downloadableSrc-c4d96c43418b.webp
c6a5c7a9-36c0-461d-952e-2cc15ef33e94,Searching a book,67f29e36-ec97-4a65-8e57-ae5595d1223e,Apple Books,6f87a791-ad26-4efd-9838-6a9490f01267,1,2,e5a558af-b3fc-4130-b616-d079cb48a70c,true,downloadableSrc,200,image/webp,20566,20566,416fe79efa3b0cfa438931a2e3c082accaf6e90c2c8ba95a1f57daba4074fe66,1179,2676,,,bytescale.mobbin.com,f7a1807c1ac98ccf0eecf5078d61346ac9a94ca37a547f5708d580528c9e55c0,/Users/user/mobbin-sides/screen-flows/apple-books/042-apple-books-searching-a-book-c6a5c7a9-36c0-461d-952e-2cc15ef33e94/002-e5a558af-b3fc-4130-b616-d079cb48a70c-downloadableSrc-416fe79efa3b.webp
c6a5c7a9-36c0-461d-952e-2cc15ef33e94,Searching a book,67f29e36-ec97-4a65-8e57-ae5595d1223e,Apple Books,6f87a791-ad26-4efd-9838-6a9490f01267,2,3,df9458bb-93ae-4866-b225-8d4a0f9e23d4,true,downloadableSrc,200,image/webp,129424,129424,43e8aa58959b49f21904e4acbb7ec8b6bb8f69ea4877a127fb078b82c6f71ce3,1179,2676,,,bytescale.mobbin.com,f7a1807c1ac98ccf0eecf5078d61346ac9a94ca37a547f5708d580528c9e55c0,/Users/user/mobbin-sides/screen-flows/apple-books/042-apple-books-searching-a-book-c6a5c7a9-36c0-461d-952e-2cc15ef33e94/003-df9458bb-93ae-4866-b225-8d4a0f9e23d4-downloadableSrc-43e8aa58959b.webp
c6a5c7a9-36c0-461d-952e-2cc15ef33e94,Searching a book,67f29e36-ec97-4a65-8e57-ae5595d1223e,Apple Books,6f87a791-ad26-4efd-9838-6a9490f01267,3,4,d6766fdb-6038-4359-99d3-adf6a50ca363,true,downloadableSrc,200,image/webp,195230,195230,e68d44d5bc974ec919d6744ef4798ebd3b1eee951d2c247416bf8614c92c4bee,1179,2676,,,bytescale.mobbin.com,f7a1807c1ac98ccf0eecf5078d61346ac9a94ca37a547f5708d580528c9e55c0,/Users/user/mobbin-sides/screen-flows/apple-books/042-apple-books-searching-a-book-c6a5c7a9-36c0-461d-952e-2cc15ef33e94/004-d6766fdb-6038-4359-99d3-adf6a50ca363-downloadableSrc-e68d44d5bc97.webp
c6a5c7a9-36c0-461d-952e-2cc15ef33e94,Searching a book,67f29e36-ec97-4a65-8e57-ae5595d1223e,Apple Books,6f87a791-ad26-4efd-9838-6a9490f01267,4,5,bcbe308a-7ae6-4334-97b1-d0258593fced,true,downloadableSrc,200,image/webp,27784,27784,8197110113af7919cb5c0f79e8f5dc16f4883ced1ad6cd18b58152931478c37b,1179,2676,,,bytescale.mobbin.com,f7a1807c1ac98ccf0eecf5078d61346ac9a94ca37a547f5708d580528c9e55c0,/Users/user/mobbin-sides/screen-flows/apple-books/042-apple-books-searching-a-book-c6a5c7a9-36c0-461d-952e-2cc15ef33e94/005-bcbe308a-7ae6-4334-97b1-d0258593fced-downloadableSrc-8197110113af.webp
5750cdf2-d788-4d2a-9d70-c35147fe9fea,Changing font size,67f29e36-ec97-4a65-8e57-ae5595d1223e,Apple Books,6f87a791-ad26-4efd-9838-6a9490f01267,0,1,deb26c2b-9819-41c6-8d6a-bb53b14ed2c4,true,downloadableSrc,200,image/webp,142762,142762,c4d96c43418b31902f46d4b011b00a29735e36759b6d8b647625d3fc37c817ea,1179,2676,,,bytescale.mobbin.com,f7a1807c1ac98ccf0eecf5078d61346ac9a94ca37a547f5708d580528c9e55c0,/Users/user/mobbin-sides/screen-flows/apple-books/043-apple-books-changing-font-size-5750cdf2-d788-4d2a-9d70-c35147fe9fea/001-deb26c2b-9819-41c6-8d6a-bb53b14ed2c4-downloadableSrc-c4d96c43418b.webp
5750cdf2-d788-4d2a-9d70-c35147fe9fea,Changing font size,67f29e36-ec97-4a65-8e57-ae5595d1223e,Apple Books,6f87a791-ad26-4efd-9838-6a9490f01267,1,2,7dad1a59-4e82-4565-bc00-f251ced307a4,true,downloadableSrc,200,image/webp,83942,83942,879837c69c7e09063af4bcfdee6ecae6c3071da8b3abee26dd1beadc1f1f0b9a,1179,2676,,,bytescale.mobbin.com,f7a1807c1ac98ccf0eecf5078d61346ac9a94ca37a547f5708d580528c9e55c0,/Users/user/mobbin-sides/screen-flows/apple-books/043-apple-books-changing-font-size-5750cdf2-d788-4d2a-9d70-c35147fe9fea/002-7dad1a59-4e82-4565-bc00-f251ced307a4-downloadableSrc-879837c69c7e.webp
5750cdf2-d788-4d2a-9d70-c35147fe9fea,Changing font size,67f29e36-ec97-4a65-8e57-ae5595d1223e,Apple Books,6f87a791-ad26-4efd-9838-6a9490f01267,2,3,319ca8b6-3832-4a24-8daa-c71a1e468809,true,downloadableSrc,200,image/webp,97980,97980,3d5bfd9ba0ee2d664493e11a81f01c4af80b103b902ebbbc1fa4f87616815251,1179,2676,,,bytescale.mobbin.com,f7a1807c1ac98ccf0eecf5078d61346ac9a94ca37a547f5708d580528c9e55c0,/Users/user/mobbin-sides/screen-flows/apple-books/043-apple-books-changing-font-size-5750cdf2-d788-4d2a-9d70-c35147fe9fea/003-319ca8b6-3832-4a24-8daa-c71a1e468809-downloadableSrc-3d5bfd9ba0ee.webp
8c7983f3-9e85-49b5-8df7-656855c5c04c,Changing how to move to next page,67f29e36-ec97-4a65-8e57-ae5595d1223e,Apple Books,6f87a791-ad26-4efd-9838-6a9490f01267,0,1,7dad1a59-4e82-4565-bc00-f251ced307a4,true,downloadableSrc,200,image/webp,83942,83942,879837c69c7e09063af4bcfdee6ecae6c3071da8b3abee26dd1beadc1f1f0b9a,1179,2676,,,bytescale.mobbin.com,f7a1807c1ac98ccf0eecf5078d61346ac9a94ca37a547f5708d580528c9e55c0,/Users/user/mobbin-sides/screen-flows/apple-books/044-apple-books-changing-how-to-move-to-next-page-8c7983f3-9e85-49b5-8df7-656855c5c04c/001-7dad1a59-4e82-4565-bc00-f251ced307a4-downloadableSrc-879837c69c7e.webp
8c7983f3-9e85-49b5-8df7-656855c5c04c,Changing how to move to next page,67f29e36-ec97-4a65-8e57-ae5595d1223e,Apple Books,6f87a791-ad26-4efd-9838-6a9490f01267,1,2,44a2b436-59f5-4559-affe-e4dc4246c7b0,true,downloadableSrc,200,image/webp,77756,77756,932d9ef1b6117339b69f326a3bff8f0ce4e74718a86fd5a33d1d7eb6460429d6,1179,2676,,,bytescale.mobbin.com,f7a1807c1ac98ccf0eecf5078d61346ac9a94ca37a547f5708d580528c9e55c0,/Users/user/mobbin-sides/screen-flows/apple-books/044-apple-books-changing-how-to-move-to-next-page-8c7983f3-9e85-49b5-8df7-656855c5c04c/002-44a2b436-59f5-4559-affe-e4dc4246c7b0-downloadableSrc-932d9ef1b611.webp
8c7983f3-9e85-49b5-8df7-656855c5c04c,Changing how to move to next page,67f29e36-ec97-4a65-8e57-ae5595d1223e,Apple Books,6f87a791-ad26-4efd-9838-6a9490f01267,2,3,1addaff0-a6dd-481a-af97-19f4c00ce9fd,true,downloadableSrc,200,image/webp,123610,123610,645ddcd68a801b5333e0cd099eccab51658d551011b3ac3d0dc48f7d06957ee7,1179,2676,,,bytescale.mobbin.com,f7a1807c1ac98ccf0eecf5078d61346ac9a94ca37a547f5708d580528c9e55c0,/Users/user/mobbin-sides/screen-flows/apple-books/044-apple-books-changing-how-to-move-to-next-page-8c7983f3-9e85-49b5-8df7-656855c5c04c/003-1addaff0-a6dd-481a-af97-19f4c00ce9fd-downloadableSrc-645ddcd68a80.webp
8c7983f3-9e85-49b5-8df7-656855c5c04c,Changing how to move to next page,67f29e36-ec97-4a65-8e57-ae5595d1223e,Apple Books,6f87a791-ad26-4efd-9838-6a9490f01267,3,4,41c4249c-46da-4ae4-a92b-4ae761cceb80,true,downloadableSrc,200,image/webp,218566,218566,111285743f5159fc857c9be245e11e2cebedc626473464eb37b8596a9a2e1273,1179,2676,,,bytescale.mobbin.com,f7a1807c1ac98ccf0eecf5078d61346ac9a94ca37a547f5708d580528c9e55c0,/Users/user/mobbin-sides/screen-flows/apple-books/044-apple-books-changing-how-to-move-to-next-page-8c7983f3-9e85-49b5-8df7-656855c5c04c/004-41c4249c-46da-4ae4-a92b-4ae761cceb80-downloadableSrc-111285743f51.webp
8c7983f3-9e85-49b5-8df7-656855c5c04c,Changing how to move to next page,67f29e36-ec97-4a65-8e57-ae5595d1223e,Apple Books,6f87a791-ad26-4efd-9838-6a9490f01267,4,5,25aa97a8-986c-4f43-a9c5-3c94cd45f470,true,downloadableSrc,200,image/webp,176548,176548,3c214ca51936fbf03b74d2aa0087ee83df3e810f1ff60251ec400d619328b9b8,1179,2676,,,bytescale.mobbin.com,f7a1807c1ac98ccf0eecf5078d61346ac9a94ca37a547f5708d580528c9e55c0,/Users/user/mobbin-sides/screen-flows/apple-books/044-apple-books-changing-how-to-move-to-next-page-8c7983f3-9e85-49b5-8df7-656855c5c04c/005-25aa97a8-986c-4f43-a9c5-3c94cd45f470-downloadableSrc-3c214ca51936.webp
8c7983f3-9e85-49b5-8df7-656855c5c04c,Changing how to move to next page,67f29e36-ec97-4a65-8e57-ae5595d1223e,Apple Books,6f87a791-ad26-4efd-9838-6a9490f01267,5,6,2620cbb8-a769-46f3-95d6-b1800eb4a4f7,true,downloadableSrc,200,image/webp,181104,181104,b01863139fd871b7525b4d0a8a95dcaabe30cc22f4814c57d479b2cf188762ba,1179,2676,,,bytescale.mobbin.com,f7a1807c1ac98ccf0eecf5078d61346ac9a94ca37a547f5708d580528c9e55c0,/Users/user/mobbin-sides/screen-flows/apple-books/044-apple-books-changing-how-to-move-to-next-page-8c7983f3-9e85-49b5-8df7-656855c5c04c/006-2620cbb8-a769-46f3-95d6-b1800eb4a4f7-downloadableSrc-b01863139fd8.webp
8c7983f3-9e85-49b5-8df7-656855c5c04c,Changing how to move to next page,67f29e36-ec97-4a65-8e57-ae5595d1223e,Apple Books,6f87a791-ad26-4efd-9838-6a9490f01267,6,7,a483f043-eb34-423c-ab19-bbf50655cef6,true,downloadableSrc,200,image/webp,278172,278172,e0ee83948341dc0e094900e6aa1d3018cdfdbf6c4c85bd28fea33ecb367e5bc5,1179,2676,,,bytescale.mobbin.com,f7a1807c1ac98ccf0eecf5078d61346ac9a94ca37a547f5708d580528c9e55c0,/Users/user/mobbin-sides/screen-flows/apple-books/044-apple-books-changing-how-to-move-to-next-page-8c7983f3-9e85-49b5-8df7-656855c5c04c/007-a483f043-eb34-423c-ab19-bbf50655cef6-downloadableSrc-e0ee83948341.webp
d008aa86-2ebd-4299-8508-d0ba8f214c5d,Switching to dark mode,67f29e36-ec97-4a65-8e57-ae5595d1223e,Apple Books,6f87a791-ad26-4efd-9838-6a9490f01267,0,1,7dad1a59-4e82-4565-bc00-f251ced307a4,true,downloadableSrc,200,image/webp,83942,83942,879837c69c7e09063af4bcfdee6ecae6c3071da8b3abee26dd1beadc1f1f0b9a,1179,2676,,,bytescale.mobbin.com,f7a1807c1ac98ccf0eecf5078d61346ac9a94ca37a547f5708d580528c9e55c0,/Users/user/mobbin-sides/screen-flows/apple-books/045-apple-books-switching-to-dark-mode-d008aa86-2ebd-4299-8508-d0ba8f214c5d/001-7dad1a59-4e82-4565-bc00-f251ced307a4-downloadableSrc-879837c69c7e.webp
d008aa86-2ebd-4299-8508-d0ba8f214c5d,Switching to dark mode,67f29e36-ec97-4a65-8e57-ae5595d1223e,Apple Books,6f87a791-ad26-4efd-9838-6a9490f01267,1,2,8b5ec05b-943e-4e1d-83b3-d38376a4cee1,true,downloadableSrc,200,image/webp,73570,73570,4609fc5f49056b92a607bbaadfce7357b592894b78a5b9324e6337c4987d37f1,1179,2676,,,bytescale.mobbin.com,f7a1807c1ac98ccf0eecf5078d61346ac9a94ca37a547f5708d580528c9e55c0,/Users/user/mobbin-sides/screen-flows/apple-books/045-apple-books-switching-to-dark-mode-d008aa86-2ebd-4299-8508-d0ba8f214c5d/002-8b5ec05b-943e-4e1d-83b3-d38376a4cee1-downloadableSrc-4609fc5f4905.webp
d008aa86-2ebd-4299-8508-d0ba8f214c5d,Switching to dark mode,67f29e36-ec97-4a65-8e57-ae5595d1223e,Apple Books,6f87a791-ad26-4efd-9838-6a9490f01267,2,3,e934326b-c637-4937-9a5f-6b05c3cc0a08,true,downloadableSrc,200,image/webp,93246,93246,12cfbe6b1b4771846fcaefa4615d40ece5082666594bd1962a31a01174f0257e,1179,2676,,,bytescale.mobbin.com,f7a1807c1ac98ccf0eecf5078d61346ac9a94ca37a547f5708d580528c9e55c0,/Users/user/mobbin-sides/screen-flows/apple-books/045-apple-books-switching-to-dark-mode-d008aa86-2ebd-4299-8508-d0ba8f214c5d/003-e934326b-c637-4937-9a5f-6b05c3cc0a08-downloadableSrc-12cfbe6b1b47.webp
d008aa86-2ebd-4299-8508-d0ba8f214c5d,Switching to dark mode,67f29e36-ec97-4a65-8e57-ae5595d1223e,Apple Books,6f87a791-ad26-4efd-9838-6a9490f01267,3,4,5f20cdc0-bfc3-4b52-9849-ea6130222182,true,downloadableSrc,200,image/webp,154354,154354,a0d0d91f2a20eeb1c04a9874f2fd4b5e8a5ac639460078201fadef5576c2b249,1179,2676,,,bytescale.mobbin.com,f7a1807c1ac98ccf0eecf5078d61346ac9a94ca37a547f5708d580528c9e55c0,/Users/user/mobbin-sides/screen-flows/apple-books/045-apple-books-switching-to-dark-mode-d008aa86-2ebd-4299-8508-d0ba8f214c5d/004-5f20cdc0-bfc3-4b52-9849-ea6130222182-downloadableSrc-a0d0d91f2a20.webp
d008aa86-2ebd-4299-8508-d0ba8f214c5d,Switching to dark mode,67f29e36-ec97-4a65-8e57-ae5595d1223e,Apple Books,6f87a791-ad26-4efd-9838-6a9490f01267,4,5,9d3ba691-f5b4-4157-a352-b8e66aeb6385,true,downloadableSrc,200,image/webp,129762,129762,af0f8f70128547cf5327add2229e8a05afaed350be31a75ec46cc3bc0695cac1,1179,2676,,,bytescale.mobbin.com,f7a1807c1ac98ccf0eecf5078d61346ac9a94ca37a547f5708d580528c9e55c0,/Users/user/mobbin-sides/screen-flows/apple-books/045-apple-books-switching-to-dark-mode-d008aa86-2ebd-4299-8508-d0ba8f214c5d/005-9d3ba691-f5b4-4157-a352-b8e66aeb6385-downloadableSrc-af0f8f701285.webp
d008aa86-2ebd-4299-8508-d0ba8f214c5d,Switching to dark mode,67f29e36-ec97-4a65-8e57-ae5595d1223e,Apple Books,6f87a791-ad26-4efd-9838-6a9490f01267,5,6,8d3499e9-13ec-499c-af66-b3ad381d79e0,true,downloadableSrc,200,image/webp,156222,156222,985ef08a259a6c63f67f6d1e52a02b6acdd77604ee2e9677d068d2f730f41c4f,1179,2676,,,bytescale.mobbin.com,f7a1807c1ac98ccf0eecf5078d61346ac9a94ca37a547f5708d580528c9e55c0,/Users/user/mobbin-sides/screen-flows/apple-books/045-apple-books-switching-to-dark-mode-d008aa86-2ebd-4299-8508-d0ba8f214c5d/006-8d3499e9-13ec-499c-af66-b3ad381d79e0-downloadableSrc-985ef08a259a.webp
d008aa86-2ebd-4299-8508-d0ba8f214c5d,Switching to dark mode,67f29e36-ec97-4a65-8e57-ae5595d1223e,Apple Books,6f87a791-ad26-4efd-9838-6a9490f01267,6,7,82864fc0-b710-4b51-bdb4-9fc2918c3ebc,true,downloadableSrc,200,image/webp,138380,138380,b090381400fd0259a0bda0175059c62ed25f827e9406c7a93900cc887e7a7938,1179,2676,,,bytescale.mobbin.com,f7a1807c1ac98ccf0eecf5078d61346ac9a94ca37a547f5708d580528c9e55c0,/Users/user/mobbin-sides/screen-flows/apple-books/045-apple-books-switching-to-dark-mode-d008aa86-2ebd-4299-8508-d0ba8f214c5d/007-82864fc0-b710-4b51-bdb4-9fc2918c3ebc-downloadableSrc-b090381400fd.webp
c112aa75-b0bf-4c73-bfe8-08110ccaab60,Changing brightness level,67f29e36-ec97-4a65-8e57-ae5595d1223e,Apple Books,6f87a791-ad26-4efd-9838-6a9490f01267,0,1,7dad1a59-4e82-4565-bc00-f251ced307a4,true,downloadableSrc,200,image/webp,83942,83942,879837c69c7e09063af4bcfdee6ecae6c3071da8b3abee26dd1beadc1f1f0b9a,1179,2676,,,bytescale.mobbin.com,f7a1807c1ac98ccf0eecf5078d61346ac9a94ca37a547f5708d580528c9e55c0,/Users/user/mobbin-sides/screen-flows/apple-books/046-apple-books-changing-brightness-level-c112aa75-b0bf-4c73-bfe8-08110ccaab60/001-7dad1a59-4e82-4565-bc00-f251ced307a4-downloadableSrc-879837c69c7e.webp
c112aa75-b0bf-4c73-bfe8-08110ccaab60,Changing brightness level,67f29e36-ec97-4a65-8e57-ae5595d1223e,Apple Books,6f87a791-ad26-4efd-9838-6a9490f01267,1,2,fea5dd1a-687e-4474-9647-9aac99c10b15,true,downloadableSrc,200,image/webp,101102,101102,1a890cf47e092c3f2bbf1f17a581f5ed0d80b7220191ad0bb8e619eba5db629b,1179,2676,,,bytescale.mobbin.com,f7a1807c1ac98ccf0eecf5078d61346ac9a94ca37a547f5708d580528c9e55c0,/Users/user/mobbin-sides/screen-flows/apple-books/046-apple-books-changing-brightness-level-c112aa75-b0bf-4c73-bfe8-08110ccaab60/002-fea5dd1a-687e-4474-9647-9aac99c10b15-downloadableSrc-1a890cf47e09.webp
c112aa75-b0bf-4c73-bfe8-08110ccaab60,Changing brightness level,67f29e36-ec97-4a65-8e57-ae5595d1223e,Apple Books,6f87a791-ad26-4efd-9838-6a9490f01267,2,3,5e9a0571-0bff-4896-b1f4-371ee61a018b,true,downloadableSrc,200,image/webp,98782,98782,8be9c8e5590ab931d4bd30b9689432793942390bc041928ae899751156d1a94f,1179,2676,,,bytescale.mobbin.com,f7a1807c1ac98ccf0eecf5078d61346ac9a94ca37a547f5708d580528c9e55c0,/Users/user/mobbin-sides/screen-flows/apple-books/046-apple-books-changing-brightness-level-c112aa75-b0bf-4c73-bfe8-08110ccaab60/003-5e9a0571-0bff-4896-b1f4-371ee61a018b-downloadableSrc-8be9c8e5590a.webp
2bcd70bf-278a-4eaa-9002-85a492597e10,Changing font,67f29e36-ec97-4a65-8e57-ae5595d1223e,Apple Books,6f87a791-ad26-4efd-9838-6a9490f01267,0,1,7dad1a59-4e82-4565-bc00-f251ced307a4,true,downloadableSrc,200,image/webp,83942,83942,879837c69c7e09063af4bcfdee6ecae6c3071da8b3abee26dd1beadc1f1f0b9a,1179,2676,,,bytescale.mobbin.com,f7a1807c1ac98ccf0eecf5078d61346ac9a94ca37a547f5708d580528c9e55c0,/Users/user/mobbin-sides/screen-flows/apple-books/047-apple-books-changing-font-2bcd70bf-278a-4eaa-9002-85a492597e10/001-7dad1a59-4e82-4565-bc00-f251ced307a4-downloadableSrc-879837c69c7e.webp
2bcd70bf-278a-4eaa-9002-85a492597e10,Changing font,67f29e36-ec97-4a65-8e57-ae5595d1223e,Apple Books,6f87a791-ad26-4efd-9838-6a9490f01267,1,2,65e2dd12-c63b-4f78-acbd-708cec678290,true,downloadableSrc,200,image/webp,74158,74158,dba70a238c754b90f9229e91f6f6bbeaa15d71d3cd24bf4056dbc2e8bc77be63,1179,2676,,,bytescale.mobbin.com,f7a1807c1ac98ccf0eecf5078d61346ac9a94ca37a547f5708d580528c9e55c0,/Users/user/mobbin-sides/screen-flows/apple-books/047-apple-books-changing-font-2bcd70bf-278a-4eaa-9002-85a492597e10/002-65e2dd12-c63b-4f78-acbd-708cec678290-downloadableSrc-dba70a238c75.webp
2bcd70bf-278a-4eaa-9002-85a492597e10,Changing font,67f29e36-ec97-4a65-8e57-ae5595d1223e,Apple Books,6f87a791-ad26-4efd-9838-6a9490f01267,2,3,faf1154b-fe25-40e2-b592-873299f9b8f5,true,downloadableSrc,200,image/webp,110482,110482,ba46bace7d99dd1bef6f662ef8b2d6791b333fd24e3978923450b6daeb08c406,1179,2676,,,bytescale.mobbin.com,f7a1807c1ac98ccf0eecf5078d61346ac9a94ca37a547f5708d580528c9e55c0,/Users/user/mobbin-sides/screen-flows/apple-books/047-apple-books-changing-font-2bcd70bf-278a-4eaa-9002-85a492597e10/003-faf1154b-fe25-40e2-b592-873299f9b8f5-downloadableSrc-ba46bace7d99.webp
e737766b-6ad6-4960-9b1e-6825fd266d79,Customizing text,67f29e36-ec97-4a65-8e57-ae5595d1223e,Apple Books,6f87a791-ad26-4efd-9838-6a9490f01267,0,1,7dad1a59-4e82-4565-bc00-f251ced307a4,true,downloadableSrc,200,image/webp,83942,83942,879837c69c7e09063af4bcfdee6ecae6c3071da8b3abee26dd1beadc1f1f0b9a,1179,2676,,,bytescale.mobbin.com,f7a1807c1ac98ccf0eecf5078d61346ac9a94ca37a547f5708d580528c9e55c0,/Users/user/mobbin-sides/screen-flows/apple-books/048-apple-books-customizing-text-e737766b-6ad6-4960-9b1e-6825fd266d79/001-7dad1a59-4e82-4565-bc00-f251ced307a4-downloadableSrc-879837c69c7e.webp
e737766b-6ad6-4960-9b1e-6825fd266d79,Customizing text,67f29e36-ec97-4a65-8e57-ae5595d1223e,Apple Books,6f87a791-ad26-4efd-9838-6a9490f01267,1,2,68fd02a8-0f48-463c-a333-31a9f6699d72,true,downloadableSrc,200,image/webp,62948,62948,6d8c05038f2569ca189cfbd0c92fecf023107a083e744edcb8b8745f30f8d1b3,1179,2676,,,bytescale.mobbin.com,f7a1807c1ac98ccf0eecf5078d61346ac9a94ca37a547f5708d580528c9e55c0,/Users/user/mobbin-sides/screen-flows/apple-books/048-apple-books-customizing-text-e737766b-6ad6-4960-9b1e-6825fd266d79/002-68fd02a8-0f48-463c-a333-31a9f6699d72-downloadableSrc-6d8c05038f25.webp
e737766b-6ad6-4960-9b1e-6825fd266d79,Customizing text,67f29e36-ec97-4a65-8e57-ae5595d1223e,Apple Books,6f87a791-ad26-4efd-9838-6a9490f01267,2,3,7aad3426-0b77-4873-89cf-934a585e48f1,true,downloadableSrc,200,image/webp,59826,59826,144b870163f10e998bdae501bfc3d7dbca3905e0d8f58e1c7d03e6c1c5f84b6c,1179,2676,,,bytescale.mobbin.com,f7a1807c1ac98ccf0eecf5078d61346ac9a94ca37a547f5708d580528c9e55c0,/Users/user/mobbin-sides/screen-flows/apple-books/048-apple-books-customizing-text-e737766b-6ad6-4960-9b1e-6825fd266d79/003-7aad3426-0b77-4873-89cf-934a585e48f1-downloadableSrc-144b870163f1.webp
e737766b-6ad6-4960-9b1e-6825fd266d79,Customizing text,67f29e36-ec97-4a65-8e57-ae5595d1223e,Apple Books,6f87a791-ad26-4efd-9838-6a9490f01267,3,4,97f3af16-5aa0-43b9-86db-e3e4ebe11139,true,downloadableSrc,200,image/webp,62922,62922,d8b4b64a3a2eeab5230a42e6bef6ec29db9f502cc4136ac9c656145f18313422,1179,2676,,,bytescale.mobbin.com,f7a1807c1ac98ccf0eecf5078d61346ac9a94ca37a547f5708d580528c9e55c0,/Users/user/mobbin-sides/screen-flows/apple-books/048-apple-books-customizing-text-e737766b-6ad6-4960-9b1e-6825fd266d79/004-97f3af16-5aa0-43b9-86db-e3e4ebe11139-downloadableSrc-d8b4b64a3a2e.webp
e737766b-6ad6-4960-9b1e-6825fd266d79,Customizing text,67f29e36-ec97-4a65-8e57-ae5595d1223e,Apple Books,6f87a791-ad26-4efd-9838-6a9490f01267,4,5,5c735898-34ad-4570-bab8-899d5683a0bd,true,downloadableSrc,200,image/webp,65760,65760,e97327950d84be5fa1e7a128323f3025fdaa5578103df6e87635500592bb0433,1179,2676,,,bytescale.mobbin.com,f7a1807c1ac98ccf0eecf5078d61346ac9a94ca37a547f5708d580528c9e55c0,/Users/user/mobbin-sides/screen-flows/apple-books/048-apple-books-customizing-text-e737766b-6ad6-4960-9b1e-6825fd266d79/005-5c735898-34ad-4570-bab8-899d5683a0bd-downloadableSrc-e97327950d84.webp
e737766b-6ad6-4960-9b1e-6825fd266d79,Customizing text,67f29e36-ec97-4a65-8e57-ae5595d1223e,Apple Books,6f87a791-ad26-4efd-9838-6a9490f01267,5,6,d514f166-ab46-4c84-84c6-acde283f0310,true,downloadableSrc,200,image/webp,68836,68836,e8f259397e33ec2aab0483d4b050244c2cd1d952b1b81a83a1e24357f3e79588,1179,2676,,,bytescale.mobbin.com,f7a1807c1ac98ccf0eecf5078d61346ac9a94ca37a547f5708d580528c9e55c0,/Users/user/mobbin-sides/screen-flows/apple-books/048-apple-books-customizing-text-e737766b-6ad6-4960-9b1e-6825fd266d79/006-d514f166-ab46-4c84-84c6-acde283f0310-downloadableSrc-e8f259397e33.webp
69ad4f10-705e-47c4-9cbe-9a0caaf3a565,Customizing accessibility & layout options,67f29e36-ec97-4a65-8e57-ae5595d1223e,Apple Books,6f87a791-ad26-4efd-9838-6a9490f01267,0,1,d514f166-ab46-4c84-84c6-acde283f0310,true,downloadableSrc,200,image/webp,68836,68836,e8f259397e33ec2aab0483d4b050244c2cd1d952b1b81a83a1e24357f3e79588,1179,2676,,,bytescale.mobbin.com,f7a1807c1ac98ccf0eecf5078d61346ac9a94ca37a547f5708d580528c9e55c0,/Users/user/mobbin-sides/screen-flows/apple-books/049-apple-books-customizing-accessibility-and-layout-options-69ad4f10-705e-47c4-9cbe-9a0caaf3a565/001-d514f166-ab46-4c84-84c6-acde283f0310-downloadableSrc-e8f259397e33.webp
69ad4f10-705e-47c4-9cbe-9a0caaf3a565,Customizing accessibility & layout options,67f29e36-ec97-4a65-8e57-ae5595d1223e,Apple Books,6f87a791-ad26-4efd-9838-6a9490f01267,1,2,01ffdb23-c73f-43de-83c0-0e1be28059bb,true,downloadableSrc,200,image/webp,77656,77656,7af13824cac581c33103cc5c0b6de157896d83717796f19a4f5b204f6c90b0d8,1179,2676,,,bytescale.mobbin.com,f7a1807c1ac98ccf0eecf5078d61346ac9a94ca37a547f5708d580528c9e55c0,/Users/user/mobbin-sides/screen-flows/apple-books/049-apple-books-customizing-accessibility-and-layout-options-69ad4f10-705e-47c4-9cbe-9a0caaf3a565/002-01ffdb23-c73f-43de-83c0-0e1be28059bb-downloadableSrc-7af13824cac5.webp
69ad4f10-705e-47c4-9cbe-9a0caaf3a565,Customizing accessibility & layout options,67f29e36-ec97-4a65-8e57-ae5595d1223e,Apple Books,6f87a791-ad26-4efd-9838-6a9490f01267,2,3,82e2f758-a4ad-48de-9240-afea672d073c,true,downloadableSrc,200,image/webp,74680,74680,0d159f7d8f17f5e0faeda00c1ce64b4995a7d42df50c1a02f3800915f2c9fcf4,1179,2676,,,bytescale.mobbin.com,f7a1807c1ac98ccf0eecf5078d61346ac9a94ca37a547f5708d580528c9e55c0,/Users/user/mobbin-sides/screen-flows/apple-books/049-apple-books-customizing-accessibility-and-layout-options-69ad4f10-705e-47c4-9cbe-9a0caaf3a565/003-82e2f758-a4ad-48de-9240-afea672d073c-downloadableSrc-0d159f7d8f17.webp
69ad4f10-705e-47c4-9cbe-9a0caaf3a565,Customizing accessibility & layout options,67f29e36-ec97-4a65-8e57-ae5595d1223e,Apple Books,6f87a791-ad26-4efd-9838-6a9490f01267,3,4,2a28f2e4-180f-4ef5-8ed1-a54a18ccedcd,true,downloadableSrc,200,image/webp,76562,76562,57e9335c7d7b4c3cc17702307c6e077563eed55f914137c9ac0cda27e63e2176,1179,2676,,,bytescale.mobbin.com,f7a1807c1ac98ccf0eecf5078d61346ac9a94ca37a547f5708d580528c9e55c0,/Users/user/mobbin-sides/screen-flows/apple-books/049-apple-books-customizing-accessibility-and-layout-options-69ad4f10-705e-47c4-9cbe-9a0caaf3a565/004-2a28f2e4-180f-4ef5-8ed1-a54a18ccedcd-downloadableSrc-57e9335c7d7b.webp
69ad4f10-705e-47c4-9cbe-9a0caaf3a565,Customizing accessibility & layout options,67f29e36-ec97-4a65-8e57-ae5595d1223e,Apple Books,6f87a791-ad26-4efd-9838-6a9490f01267,4,5,0b5c7311-d53e-48e1-b761-e6a60a93d3e5,true,downloadableSrc,200,image/webp,74526,74526,1079faab25a760a18230c3aa40c4e2c535d465ed2ae949d13c3a0d679de7db3b,1179,2676,,,bytescale.mobbin.com,f7a1807c1ac98ccf0eecf5078d61346ac9a94ca37a547f5708d580528c9e55c0,/Users/user/mobbin-sides/screen-flows/apple-books/049-apple-books-customizing-accessibility-and-layout-options-69ad4f10-705e-47c4-9cbe-9a0caaf3a565/005-0b5c7311-d53e-48e1-b761-e6a60a93d3e5-downloadableSrc-1079faab25a7.webp
69ad4f10-705e-47c4-9cbe-9a0caaf3a565,Customizing accessibility & layout options,67f29e36-ec97-4a65-8e57-ae5595d1223e,Apple Books,6f87a791-ad26-4efd-9838-6a9490f01267,5,6,d38f164d-2a0c-48a9-857a-6a7abd1d6e93,true,downloadableSrc,200,image/webp,64244,64244,0097537b1e2441fca992316ebd36db4aa63b88e45875c7c6a3d746376fb44461,1179,2676,,,bytescale.mobbin.com,f7a1807c1ac98ccf0eecf5078d61346ac9a94ca37a547f5708d580528c9e55c0,/Users/user/mobbin-sides/screen-flows/apple-books/049-apple-books-customizing-accessibility-and-layout-options-69ad4f10-705e-47c4-9cbe-9a0caaf3a565/006-d38f164d-2a0c-48a9-857a-6a7abd1d6e93-downloadableSrc-0097537b1e24.webp
69ad4f10-705e-47c4-9cbe-9a0caaf3a565,Customizing accessibility & layout options,67f29e36-ec97-4a65-8e57-ae5595d1223e,Apple Books,6f87a791-ad26-4efd-9838-6a9490f01267,6,7,4b90f020-1ebb-49ed-8a4e-b709f109f3db,true,downloadableSrc,200,image/webp,64994,64994,0393772f2773157cacb213e675a55010701a2a91e34e46cccfc9e00856ca5d01,1179,2676,,,bytescale.mobbin.com,f7a1807c1ac98ccf0eecf5078d61346ac9a94ca37a547f5708d580528c9e55c0,/Users/user/mobbin-sides/screen-flows/apple-books/049-apple-books-customizing-accessibility-and-layout-options-69ad4f10-705e-47c4-9cbe-9a0caaf3a565/007-4b90f020-1ebb-49ed-8a4e-b709f109f3db-downloadableSrc-0393772f2773.webp
69ad4f10-705e-47c4-9cbe-9a0caaf3a565,Customizing accessibility & layout options,67f29e36-ec97-4a65-8e57-ae5595d1223e,Apple Books,6f87a791-ad26-4efd-9838-6a9490f01267,7,8,c68f16b1-197e-4f4c-848d-1ff00b8563ae,true,downloadableSrc,200,image/webp,81834,81834,55ffd301d5f85ed3133fa04220d80317adc6da5b90c90d84568c1c72b0b09e2d,1179,2676,,,bytescale.mobbin.com,f7a1807c1ac98ccf0eecf5078d61346ac9a94ca37a547f5708d580528c9e55c0,/Users/user/mobbin-sides/screen-flows/apple-books/049-apple-books-customizing-accessibility-and-layout-options-69ad4f10-705e-47c4-9cbe-9a0caaf3a565/008-c68f16b1-197e-4f4c-848d-1ff00b8563ae-downloadableSrc-55ffd301d5f8.webp
69ad4f10-705e-47c4-9cbe-9a0caaf3a565,Customizing accessibility & layout options,67f29e36-ec97-4a65-8e57-ae5595d1223e,Apple Books,6f87a791-ad26-4efd-9838-6a9490f01267,8,9,cc838afb-2032-48bf-abec-4ae15e284f0c,true,downloadableSrc,200,image/webp,85564,85564,6b998af83ca0bf4e9d083eb6bf76c77e34e2031a71b299cd633950e45ba7bbcd,1179,2676,,,bytescale.mobbin.com,f7a1807c1ac98ccf0eecf5078d61346ac9a94ca37a547f5708d580528c9e55c0,/Users/user/mobbin-sides/screen-flows/apple-books/049-apple-books-customizing-accessibility-and-layout-options-69ad4f10-705e-47c4-9cbe-9a0caaf3a565/009-cc838afb-2032-48bf-abec-4ae15e284f0c-downloadableSrc-6b998af83ca0.webp
69ad4f10-705e-47c4-9cbe-9a0caaf3a565,Customizing accessibility & layout options,67f29e36-ec97-4a65-8e57-ae5595d1223e,Apple Books,6f87a791-ad26-4efd-9838-6a9490f01267,9,10,f46a3373-8555-41b9-baf2-0c4802d222f9,true,downloadableSrc,200,image/webp,165320,165320,c0e95201a7807b0eed7f9725d0c299631dc3b6ab9c0a71e3019520c0097300e1,1179,2676,,,bytescale.mobbin.com,f7a1807c1ac98ccf0eecf5078d61346ac9a94ca37a547f5708d580528c9e55c0,/Users/user/mobbin-sides/screen-flows/apple-books/049-apple-books-customizing-accessibility-and-layout-options-69ad4f10-705e-47c4-9cbe-9a0caaf3a565/010-f46a3373-8555-41b9-baf2-0c4802d222f9-downloadableSrc-c0e95201a780.webp
8b6e0a09-fff5-4b37-9c4b-13a072b94682,Resetting a theme,67f29e36-ec97-4a65-8e57-ae5595d1223e,Apple Books,6f87a791-ad26-4efd-9838-6a9490f01267,0,1,c68f16b1-197e-4f4c-848d-1ff00b8563ae,true,downloadableSrc,200,image/webp,81834,81834,55ffd301d5f85ed3133fa04220d80317adc6da5b90c90d84568c1c72b0b09e2d,1179,2676,,,bytescale.mobbin.com,f7a1807c1ac98ccf0eecf5078d61346ac9a94ca37a547f5708d580528c9e55c0,/Users/user/mobbin-sides/screen-flows/apple-books/050-apple-books-resetting-a-theme-8b6e0a09-fff5-4b37-9c4b-13a072b94682/001-c68f16b1-197e-4f4c-848d-1ff00b8563ae-downloadableSrc-55ffd301d5f8.webp
8b6e0a09-fff5-4b37-9c4b-13a072b94682,Resetting a theme,67f29e36-ec97-4a65-8e57-ae5595d1223e,Apple Books,6f87a791-ad26-4efd-9838-6a9490f01267,1,2,d3378832-46f4-484a-836c-fb357817c3f2,true,downloadableSrc,200,image/webp,79710,79710,571381d721db98ce0818d82096fdc72c5e0e4296857e65a5a6900cc902fa8920,1179,2676,,,bytescale.mobbin.com,f7a1807c1ac98ccf0eecf5078d61346ac9a94ca37a547f5708d580528c9e55c0,/Users/user/mobbin-sides/screen-flows/apple-books/050-apple-books-resetting-a-theme-8b6e0a09-fff5-4b37-9c4b-13a072b94682/002-d3378832-46f4-484a-836c-fb357817c3f2-downloadableSrc-571381d721db.webp
8b6e0a09-fff5-4b37-9c4b-13a072b94682,Resetting a theme,67f29e36-ec97-4a65-8e57-ae5595d1223e,Apple Books,6f87a791-ad26-4efd-9838-6a9490f01267,2,3,a83c87b2-ce0a-450a-a685-eef410d5628b,true,downloadableSrc,200,image/webp,95144,95144,591cd5275d05d48563dd91432786feaac5d33a383d73435b2468d2971f8a4f16,1179,2676,,,bytescale.mobbin.com,f7a1807c1ac98ccf0eecf5078d61346ac9a94ca37a547f5708d580528c9e55c0,/Users/user/mobbin-sides/screen-flows/apple-books/050-apple-books-resetting-a-theme-8b6e0a09-fff5-4b37-9c4b-13a072b94682/003-a83c87b2-ce0a-450a-a685-eef410d5628b-downloadableSrc-591cd5275d05.webp
8b6e0a09-fff5-4b37-9c4b-13a072b94682,Resetting a theme,67f29e36-ec97-4a65-8e57-ae5595d1223e,Apple Books,6f87a791-ad26-4efd-9838-6a9490f01267,3,4,843aa158-e6b8-4791-b3c6-95882e7c9e57,true,downloadableSrc,200,image/webp,147684,147684,bbdc10d422104f59fee0b57bea3b2dada92c0dfbc8141f4873d6c5b80cc75a08,1179,2676,,,bytescale.mobbin.com,f7a1807c1ac98ccf0eecf5078d61346ac9a94ca37a547f5708d580528c9e55c0,/Users/user/mobbin-sides/screen-flows/apple-books/050-apple-books-resetting-a-theme-8b6e0a09-fff5-4b37-9c4b-13a072b94682/004-843aa158-e6b8-4791-b3c6-95882e7c9e57-downloadableSrc-bbdc10d42210.webp
fdcd9c20-e42b-4781-84b5-4cb57c673f53,Turning on portrait orientation lock,67f29e36-ec97-4a65-8e57-ae5595d1223e,Apple Books,6f87a791-ad26-4efd-9838-6a9490f01267,0,1,deb26c2b-9819-41c6-8d6a-bb53b14ed2c4,true,downloadableSrc,200,image/webp,142762,142762,c4d96c43418b31902f46d4b011b00a29735e36759b6d8b647625d3fc37c817ea,1179,2676,,,bytescale.mobbin.com,f7a1807c1ac98ccf0eecf5078d61346ac9a94ca37a547f5708d580528c9e55c0,/Users/user/mobbin-sides/screen-flows/apple-books/051-apple-books-turning-on-portrait-orientation-lock-fdcd9c20-e42b-4781-84b5-4cb57c673f53/001-deb26c2b-9819-41c6-8d6a-bb53b14ed2c4-downloadableSrc-c4d96c43418b.webp
fdcd9c20-e42b-4781-84b5-4cb57c673f53,Turning on portrait orientation lock,67f29e36-ec97-4a65-8e57-ae5595d1223e,Apple Books,6f87a791-ad26-4efd-9838-6a9490f01267,1,2,0819bcd8-64bc-40b5-8874-ed641a23c58b,true,downloadableSrc,200,image/webp,153300,153300,f35b72a67d5e827da5d4703c938468e8efc09c77d939b2b555f787c701a2fd5d,1179,2676,,,bytescale.mobbin.com,f7a1807c1ac98ccf0eecf5078d61346ac9a94ca37a547f5708d580528c9e55c0,/Users/user/mobbin-sides/screen-flows/apple-books/051-apple-books-turning-on-portrait-orientation-lock-fdcd9c20-e42b-4781-84b5-4cb57c673f53/002-0819bcd8-64bc-40b5-8874-ed641a23c58b-downloadableSrc-f35b72a67d5e.webp
fdcd9c20-e42b-4781-84b5-4cb57c673f53,Turning on portrait orientation lock,67f29e36-ec97-4a65-8e57-ae5595d1223e,Apple Books,6f87a791-ad26-4efd-9838-6a9490f01267,2,3,a13b6795-f334-4522-88f8-d98a2e6e00be,true,downloadableSrc,200,image/webp,152366,152366,fd0be1e0cd2a24ea285ffbba60334f1bb824c88cc9431d6f28db80cbae983395,1179,2676,,,bytescale.mobbin.com,f7a1807c1ac98ccf0eecf5078d61346ac9a94ca37a547f5708d580528c9e55c0,/Users/user/mobbin-sides/screen-flows/apple-books/051-apple-books-turning-on-portrait-orientation-lock-fdcd9c20-e42b-4781-84b5-4cb57c673f53/003-a13b6795-f334-4522-88f8-d98a2e6e00be-downloadableSrc-fd0be1e0cd2a.webp
fdcd9c20-e42b-4781-84b5-4cb57c673f53,Turning on portrait orientation lock,67f29e36-ec97-4a65-8e57-ae5595d1223e,Apple Books,6f87a791-ad26-4efd-9838-6a9490f01267,3,4,fda02365-2264-4eff-a55e-7850616e58bf,true,downloadableSrc,200,image/webp,142200,142200,1ce979deb6efb727d9596aede141d68254405dbf970c685801761c4c74878188,1179,2676,,,bytescale.mobbin.com,f7a1807c1ac98ccf0eecf5078d61346ac9a94ca37a547f5708d580528c9e55c0,/Users/user/mobbin-sides/screen-flows/apple-books/051-apple-books-turning-on-portrait-orientation-lock-fdcd9c20-e42b-4781-84b5-4cb57c673f53/004-fda02365-2264-4eff-a55e-7850616e58bf-downloadableSrc-1ce979deb6ef.webp
1a2bdf80-ab5b-4928-b3ed-b723dab523d4,Turning on line guide,67f29e36-ec97-4a65-8e57-ae5595d1223e,Apple Books,6f87a791-ad26-4efd-9838-6a9490f01267,0,1,deb26c2b-9819-41c6-8d6a-bb53b14ed2c4,true,downloadableSrc,200,image/webp,142762,142762,c4d96c43418b31902f46d4b011b00a29735e36759b6d8b647625d3fc37c817ea,1179,2676,,,bytescale.mobbin.com,f7a1807c1ac98ccf0eecf5078d61346ac9a94ca37a547f5708d580528c9e55c0,/Users/user/mobbin-sides/screen-flows/apple-books/052-apple-books-turning-on-line-guide-1a2bdf80-ab5b-4928-b3ed-b723dab523d4/001-deb26c2b-9819-41c6-8d6a-bb53b14ed2c4-downloadableSrc-c4d96c43418b.webp
1a2bdf80-ab5b-4928-b3ed-b723dab523d4,Turning on line guide,67f29e36-ec97-4a65-8e57-ae5595d1223e,Apple Books,6f87a791-ad26-4efd-9838-6a9490f01267,1,2,f574a03a-68c3-4790-9237-ba975c2714f0,true,downloadableSrc,200,image/webp,96108,96108,e4cef019d7616ab316968cb3071dcb06537c5d4e6b2e9c3e5dfa58fb0fb711c0,1179,2676,,,bytescale.mobbin.com,f7a1807c1ac98ccf0eecf5078d61346ac9a94ca37a547f5708d580528c9e55c0,/Users/user/mobbin-sides/screen-flows/apple-books/052-apple-books-turning-on-line-guide-1a2bdf80-ab5b-4928-b3ed-b723dab523d4/002-f574a03a-68c3-4790-9237-ba975c2714f0-downloadableSrc-e4cef019d761.webp
1a2bdf80-ab5b-4928-b3ed-b723dab523d4,Turning on line guide,67f29e36-ec97-4a65-8e57-ae5595d1223e,Apple Books,6f87a791-ad26-4efd-9838-6a9490f01267,2,3,b7fe9259-906a-4d37-9949-26bd269cda74,true,downloadableSrc,200,image/webp,75682,75682,cf1cf66e79c3dc23cfcd8e7b5388a72710e8290d557566c830d9d4a1d15c2a38,1179,2676,,,bytescale.mobbin.com,f7a1807c1ac98ccf0eecf5078d61346ac9a94ca37a547f5708d580528c9e55c0,/Users/user/mobbin-sides/screen-flows/apple-books/052-apple-books-turning-on-line-guide-1a2bdf80-ab5b-4928-b3ed-b723dab523d4/003-b7fe9259-906a-4d37-9949-26bd269cda74-downloadableSrc-cf1cf66e79c3.webp
1a2bdf80-ab5b-4928-b3ed-b723dab523d4,Turning on line guide,67f29e36-ec97-4a65-8e57-ae5595d1223e,Apple Books,6f87a791-ad26-4efd-9838-6a9490f01267,3,4,8a868d50-e016-47a5-88d4-e61514ead594,true,downloadableSrc,200,image/webp,76792,76792,5ced44216e5c09f7bbe2014e95da410604416b7d70ffff79973db022b693c413,1179,2676,,,bytescale.mobbin.com,f7a1807c1ac98ccf0eecf5078d61346ac9a94ca37a547f5708d580528c9e55c0,/Users/user/mobbin-sides/screen-flows/apple-books/052-apple-books-turning-on-line-guide-1a2bdf80-ab5b-4928-b3ed-b723dab523d4/004-8a868d50-e016-47a5-88d4-e61514ead594-downloadableSrc-5ced44216e5c.webp
1a2bdf80-ab5b-4928-b3ed-b723dab523d4,Turning on line guide,67f29e36-ec97-4a65-8e57-ae5595d1223e,Apple Books,6f87a791-ad26-4efd-9838-6a9490f01267,4,5,7a0d7ea2-9fc0-4b8c-8c72-5eb33a9e33ec,true,downloadableSrc,200,image/webp,70306,70306,637e94e9faf1aedd96058abc1ce42c0920f5a3c9243a6a424970d745b96db43e,1179,2676,,,bytescale.mobbin.com,f7a1807c1ac98ccf0eecf5078d61346ac9a94ca37a547f5708d580528c9e55c0,/Users/user/mobbin-sides/screen-flows/apple-books/052-apple-books-turning-on-line-guide-1a2bdf80-ab5b-4928-b3ed-b723dab523d4/005-7a0d7ea2-9fc0-4b8c-8c72-5eb33a9e33ec-downloadableSrc-637e94e9faf1.webp
3abac5bb-9dad-4e20-a7fb-2f537da02240,Changing background dimming setting,67f29e36-ec97-4a65-8e57-ae5595d1223e,Apple Books,6f87a791-ad26-4efd-9838-6a9490f01267,0,1,8a868d50-e016-47a5-88d4-e61514ead594,true,downloadableSrc,200,image/webp,76792,76792,5ced44216e5c09f7bbe2014e95da410604416b7d70ffff79973db022b693c413,1179,2676,,,bytescale.mobbin.com,f7a1807c1ac98ccf0eecf5078d61346ac9a94ca37a547f5708d580528c9e55c0,/Users/user/mobbin-sides/screen-flows/apple-books/053-apple-books-changing-background-dimming-setting-3abac5bb-9dad-4e20-a7fb-2f537da02240/001-8a868d50-e016-47a5-88d4-e61514ead594-downloadableSrc-5ced44216e5c.webp
3abac5bb-9dad-4e20-a7fb-2f537da02240,Changing background dimming setting,67f29e36-ec97-4a65-8e57-ae5595d1223e,Apple Books,6f87a791-ad26-4efd-9838-6a9490f01267,1,2,935fba08-4cc3-4f25-829d-84269f179ad3,true,downloadableSrc,200,image/webp,69256,69256,d0ae2e6a268c28e183fa93127d19bd2ab979eb619232161ac112f8bc8e68c15f,1179,2676,,,bytescale.mobbin.com,f7a1807c1ac98ccf0eecf5078d61346ac9a94ca37a547f5708d580528c9e55c0,/Users/user/mobbin-sides/screen-flows/apple-books/053-apple-books-changing-background-dimming-setting-3abac5bb-9dad-4e20-a7fb-2f537da02240/002-935fba08-4cc3-4f25-829d-84269f179ad3-downloadableSrc-d0ae2e6a268c.webp
3abac5bb-9dad-4e20-a7fb-2f537da02240,Changing background dimming setting,67f29e36-ec97-4a65-8e57-ae5595d1223e,Apple Books,6f87a791-ad26-4efd-9838-6a9490f01267,2,3,141d4b08-c7c9-4e7d-8330-bf0762df904d,true,downloadableSrc,200,image/webp,112618,112618,1a04fb08ec0723d695ee03adc04eaf962ccd1d3de57ff3863d877efeec6300ed,1179,2676,,,bytescale.mobbin.com,f7a1807c1ac98ccf0eecf5078d61346ac9a94ca37a547f5708d580528c9e55c0,/Users/user/mobbin-sides/screen-flows/apple-books/053-apple-books-changing-background-dimming-setting-3abac5bb-9dad-4e20-a7fb-2f537da02240/003-141d4b08-c7c9-4e7d-8330-bf0762df904d-downloadableSrc-1a04fb08ec07.webp
907652de-3cdc-4cb9-8d59-2846b512dac7,Turning off line guide,67f29e36-ec97-4a65-8e57-ae5595d1223e,Apple Books,6f87a791-ad26-4efd-9838-6a9490f01267,0,1,935fba08-4cc3-4f25-829d-84269f179ad3,true,downloadableSrc,200,image/webp,69256,69256,d0ae2e6a268c28e183fa93127d19bd2ab979eb619232161ac112f8bc8e68c15f,1179,2676,,,bytescale.mobbin.com,f7a1807c1ac98ccf0eecf5078d61346ac9a94ca37a547f5708d580528c9e55c0,/Users/user/mobbin-sides/screen-flows/apple-books/054-apple-books-turning-off-line-guide-907652de-3cdc-4cb9-8d59-2846b512dac7/001-935fba08-4cc3-4f25-829d-84269f179ad3-downloadableSrc-d0ae2e6a268c.webp
907652de-3cdc-4cb9-8d59-2846b512dac7,Turning off line guide,67f29e36-ec97-4a65-8e57-ae5595d1223e,Apple Books,6f87a791-ad26-4efd-9838-6a9490f01267,1,2,e19457f2-cc46-4937-a710-e8de334cab0c,true,downloadableSrc,200,image/webp,146972,146972,86da7854e5da588d03457144b233d11b3c65a69c78d3b2043031a496774d2b2a,1179,2676,,,bytescale.mobbin.com,f7a1807c1ac98ccf0eecf5078d61346ac9a94ca37a547f5708d580528c9e55c0,/Users/user/mobbin-sides/screen-flows/apple-books/054-apple-books-turning-off-line-guide-907652de-3cdc-4cb9-8d59-2846b512dac7/002-e19457f2-cc46-4937-a710-e8de334cab0c-downloadableSrc-86da7854e5da.webp
b1ac1979-b3bb-43a1-bfdf-392791d6dd20,Adding a book to bookmarks,67f29e36-ec97-4a65-8e57-ae5595d1223e,Apple Books,6f87a791-ad26-4efd-9838-6a9490f01267,0,1,deb26c2b-9819-41c6-8d6a-bb53b14ed2c4,true,downloadableSrc,200,image/webp,142762,142762,c4d96c43418b31902f46d4b011b00a29735e36759b6d8b647625d3fc37c817ea,1179,2676,,,bytescale.mobbin.com,f7a1807c1ac98ccf0eecf5078d61346ac9a94ca37a547f5708d580528c9e55c0,/Users/user/mobbin-sides/screen-flows/apple-books/055-apple-books-adding-a-book-to-bookmarks-b1ac1979-b3bb-43a1-bfdf-392791d6dd20/001-deb26c2b-9819-41c6-8d6a-bb53b14ed2c4-downloadableSrc-c4d96c43418b.webp
b1ac1979-b3bb-43a1-bfdf-392791d6dd20,Adding a book to bookmarks,67f29e36-ec97-4a65-8e57-ae5595d1223e,Apple Books,6f87a791-ad26-4efd-9838-6a9490f01267,1,2,aee07a5b-3f98-45f3-8fc0-81e778c7730a,true,downloadableSrc,200,image/webp,154330,154330,ddcd51ac5bdac133f0861ab0e1b32d280c909509499f2a80246744b3cd23cf79,1179,2676,,,bytescale.mobbin.com,f7a1807c1ac98ccf0eecf5078d61346ac9a94ca37a547f5708d580528c9e55c0,/Users/user/mobbin-sides/screen-flows/apple-books/055-apple-books-adding-a-book-to-bookmarks-b1ac1979-b3bb-43a1-bfdf-392791d6dd20/002-aee07a5b-3f98-45f3-8fc0-81e778c7730a-downloadableSrc-ddcd51ac5bda.webp
b1ac1979-b3bb-43a1-bfdf-392791d6dd20,Adding a book to bookmarks,67f29e36-ec97-4a65-8e57-ae5595d1223e,Apple Books,6f87a791-ad26-4efd-9838-6a9490f01267,2,3,cc63d4a3-6b65-479c-b0e9-30742490e72a,true,downloadableSrc,200,image/webp,137548,137548,f87f8215a3318a42799b3445ecb221535fb80818176756387a29c8e033a15aec,1179,2676,,,bytescale.mobbin.com,f7a1807c1ac98ccf0eecf5078d61346ac9a94ca37a547f5708d580528c9e55c0,/Users/user/mobbin-sides/screen-flows/apple-books/055-apple-books-adding-a-book-to-bookmarks-b1ac1979-b3bb-43a1-bfdf-392791d6dd20/003-cc63d4a3-6b65-479c-b0e9-30742490e72a-downloadableSrc-f87f8215a331.webp
72bca466-05ff-4800-b4b5-25eb481ce1d6,From the publisher,67f29e36-ec97-4a65-8e57-ae5595d1223e,Apple Books,6f87a791-ad26-4efd-9838-6a9490f01267,0,1,67069ea8-538f-45f0-ac52-3c63a07e346a,true,downloadableSrc,200,image/webp,118866,118866,4078e243cc0eec59b6308c6b4296d7fdaec864202b52ff91d258b33d5b01d053,1179,2676,,,bytescale.mobbin.com,f7a1807c1ac98ccf0eecf5078d61346ac9a94ca37a547f5708d580528c9e55c0,/Users/user/mobbin-sides/screen-flows/apple-books/056-apple-books-from-the-publisher-72bca466-05ff-4800-b4b5-25eb481ce1d6/001-67069ea8-538f-45f0-ac52-3c63a07e346a-downloadableSrc-4078e243cc0e.webp
72bca466-05ff-4800-b4b5-25eb481ce1d6,From the publisher,67f29e36-ec97-4a65-8e57-ae5595d1223e,Apple Books,6f87a791-ad26-4efd-9838-6a9490f01267,1,2,3004f22c-6a22-4a70-9f77-1b46acb7e028,true,downloadableSrc,200,image/webp,176658,176658,c6de62ece0a3583705d692e14f7eb8416c1935a121115a7e3c1e2dfeea41694a,1179,2676,,,bytescale.mobbin.com,f7a1807c1ac98ccf0eecf5078d61346ac9a94ca37a547f5708d580528c9e55c0,/Users/user/mobbin-sides/screen-flows/apple-books/056-apple-books-from-the-publisher-72bca466-05ff-4800-b4b5-25eb481ce1d6/002-3004f22c-6a22-4a70-9f77-1b46acb7e028-downloadableSrc-c6de62ece0a3.webp
72bca466-05ff-4800-b4b5-25eb481ce1d6,From the publisher,67f29e36-ec97-4a65-8e57-ae5595d1223e,Apple Books,6f87a791-ad26-4efd-9838-6a9490f01267,2,3,6063d667-53d7-48ba-8471-da22d635b60e,true,downloadableSrc,200,image/webp,186736,186736,1bad3bd3342a831b901f705476a8317204444a3632ce9e35d7568ea77ce9696b,1179,2676,,,bytescale.mobbin.com,f7a1807c1ac98ccf0eecf5078d61346ac9a94ca37a547f5708d580528c9e55c0,/Users/user/mobbin-sides/screen-flows/apple-books/056-apple-books-from-the-publisher-72bca466-05ff-4800-b4b5-25eb481ce1d6/003-6063d667-53d7-48ba-8471-da22d635b60e-downloadableSrc-1bad3bd3342a.webp
4b2a1420-af7f-4e89-b6d8-24ae04fcdb43,Adding a book to Want to Read list,67f29e36-ec97-4a65-8e57-ae5595d1223e,Apple Books,6f87a791-ad26-4efd-9838-6a9490f01267,0,1,c9043605-b853-45ec-98b1-69fa25604011,true,downloadableSrc,200,image/webp,101836,101836,8cfa2a8da1420d67051b9170d113e8394e600f26f3a56e0999eb9199e5861f66,1179,2676,,,bytescale.mobbin.com,f7a1807c1ac98ccf0eecf5078d61346ac9a94ca37a547f5708d580528c9e55c0,/Users/user/mobbin-sides/screen-flows/apple-books/057-apple-books-adding-a-book-to-want-to-read-list-4b2a1420-af7f-4e89-b6d8-24ae04fcdb43/001-c9043605-b853-45ec-98b1-69fa25604011-downloadableSrc-8cfa2a8da142.webp
4b2a1420-af7f-4e89-b6d8-24ae04fcdb43,Adding a book to Want to Read list,67f29e36-ec97-4a65-8e57-ae5595d1223e,Apple Books,6f87a791-ad26-4efd-9838-6a9490f01267,1,2,76f1b98c-947f-4968-a0fc-8d0ddb25978a,true,downloadableSrc,200,image/webp,91216,91216,be83a0465220f01f5db8f9546158eb4ed70cea297f3da6470f3e75bdf100830c,1179,2676,,,bytescale.mobbin.com,f7a1807c1ac98ccf0eecf5078d61346ac9a94ca37a547f5708d580528c9e55c0,/Users/user/mobbin-sides/screen-flows/apple-books/057-apple-books-adding-a-book-to-want-to-read-list-4b2a1420-af7f-4e89-b6d8-24ae04fcdb43/002-76f1b98c-947f-4968-a0fc-8d0ddb25978a-downloadableSrc-be83a0465220.webp
4b2a1420-af7f-4e89-b6d8-24ae04fcdb43,Adding a book to Want to Read list,67f29e36-ec97-4a65-8e57-ae5595d1223e,Apple Books,6f87a791-ad26-4efd-9838-6a9490f01267,2,3,dfc817b9-99d7-4425-ae5e-0d14a8e4799a,true,downloadableSrc,200,image/webp,101796,101796,4d9f2c412c5a94ac2dcb862e858e73d6837f72dabd6f54979ab0fd449c5955c6,1179,2676,,,bytescale.mobbin.com,f7a1807c1ac98ccf0eecf5078d61346ac9a94ca37a547f5708d580528c9e55c0,/Users/user/mobbin-sides/screen-flows/apple-books/057-apple-books-adding-a-book-to-want-to-read-list-4b2a1420-af7f-4e89-b6d8-24ae04fcdb43/003-dfc817b9-99d7-4425-ae5e-0d14a8e4799a-downloadableSrc-4d9f2c412c5a.webp
1fe769e0-9aa9-48af-8c7f-e7cf252135a2,Marking a book as finished,67f29e36-ec97-4a65-8e57-ae5595d1223e,Apple Books,6f87a791-ad26-4efd-9838-6a9490f01267,0,1,c9043605-b853-45ec-98b1-69fa25604011,true,downloadableSrc,200,image/webp,101836,101836,8cfa2a8da1420d67051b9170d113e8394e600f26f3a56e0999eb9199e5861f66,1179,2676,,,bytescale.mobbin.com,f7a1807c1ac98ccf0eecf5078d61346ac9a94ca37a547f5708d580528c9e55c0,/Users/user/mobbin-sides/screen-flows/apple-books/058-apple-books-marking-a-book-as-finished-1fe769e0-9aa9-48af-8c7f-e7cf252135a2/001-c9043605-b853-45ec-98b1-69fa25604011-downloadableSrc-8cfa2a8da142.webp
1fe769e0-9aa9-48af-8c7f-e7cf252135a2,Marking a book as finished,67f29e36-ec97-4a65-8e57-ae5595d1223e,Apple Books,6f87a791-ad26-4efd-9838-6a9490f01267,1,2,7d78f14a-c61f-4620-8bc7-5b7cef61cb9e,true,downloadableSrc,200,image/webp,102162,102162,557b13f07e8aab7d45887a4a37e79b9bad201624937a07bf94aa608318c929b2,1179,2676,,,bytescale.mobbin.com,f7a1807c1ac98ccf0eecf5078d61346ac9a94ca37a547f5708d580528c9e55c0,/Users/user/mobbin-sides/screen-flows/apple-books/058-apple-books-marking-a-book-as-finished-1fe769e0-9aa9-48af-8c7f-e7cf252135a2/002-7d78f14a-c61f-4620-8bc7-5b7cef61cb9e-downloadableSrc-557b13f07e8a.webp
1fe769e0-9aa9-48af-8c7f-e7cf252135a2,Marking a book as finished,67f29e36-ec97-4a65-8e57-ae5595d1223e,Apple Books,6f87a791-ad26-4efd-9838-6a9490f01267,2,3,cdcda606-4072-4b7f-b45b-7a65e7a78a4d,true,downloadableSrc,200,image/webp,99040,99040,98ec09a89cb1c5276b7896a12ff630ae3a6493861002f55a6fba0e0e9def7443,1179,2676,,,bytescale.mobbin.com,f7a1807c1ac98ccf0eecf5078d61346ac9a94ca37a547f5708d580528c9e55c0,/Users/user/mobbin-sides/screen-flows/apple-books/058-apple-books-marking-a-book-as-finished-1fe769e0-9aa9-48af-8c7f-e7cf252135a2/003-cdcda606-4072-4b7f-b45b-7a65e7a78a4d-downloadableSrc-98ec09a89cb1.webp
1fe769e0-9aa9-48af-8c7f-e7cf252135a2,Marking a book as finished,67f29e36-ec97-4a65-8e57-ae5595d1223e,Apple Books,6f87a791-ad26-4efd-9838-6a9490f01267,3,4,afdff270-7cfc-41eb-b915-aeabe396a3d1,true,downloadableSrc,200,image/webp,105270,105270,e7c81c93158499983c3ccaba674e2d32da5b4b42c66d7e52dff912bbbc835fec,1179,2676,,,bytescale.mobbin.com,f7a1807c1ac98ccf0eecf5078d61346ac9a94ca37a547f5708d580528c9e55c0,/Users/user/mobbin-sides/screen-flows/apple-books/058-apple-books-marking-a-book-as-finished-1fe769e0-9aa9-48af-8c7f-e7cf252135a2/004-afdff270-7cfc-41eb-b915-aeabe396a3d1-downloadableSrc-e7c81c931584.webp
80ec8895-e79d-40b0-b380-51539e746483,Liking a book,67f29e36-ec97-4a65-8e57-ae5595d1223e,Apple Books,6f87a791-ad26-4efd-9838-6a9490f01267,0,1,7d78f14a-c61f-4620-8bc7-5b7cef61cb9e,true,downloadableSrc,200,image/webp,102162,102162,557b13f07e8aab7d45887a4a37e79b9bad201624937a07bf94aa608318c929b2,1179,2676,,,bytescale.mobbin.com,f7a1807c1ac98ccf0eecf5078d61346ac9a94ca37a547f5708d580528c9e55c0,/Users/user/mobbin-sides/screen-flows/apple-books/059-apple-books-liking-a-book-80ec8895-e79d-40b0-b380-51539e746483/001-7d78f14a-c61f-4620-8bc7-5b7cef61cb9e-downloadableSrc-557b13f07e8a.webp
80ec8895-e79d-40b0-b380-51539e746483,Liking a book,67f29e36-ec97-4a65-8e57-ae5595d1223e,Apple Books,6f87a791-ad26-4efd-9838-6a9490f01267,1,2,f68d7ab1-8eb1-498e-ada7-e4cc477ce2c7,true,downloadableSrc,200,image/webp,91380,91380,43b49165429fea376c4adb8471451a5ebadd404d31eed5d7dfd0dc940b3f574b,1179,2676,,,bytescale.mobbin.com,f7a1807c1ac98ccf0eecf5078d61346ac9a94ca37a547f5708d580528c9e55c0,/Users/user/mobbin-sides/screen-flows/apple-books/059-apple-books-liking-a-book-80ec8895-e79d-40b0-b380-51539e746483/002-f68d7ab1-8eb1-498e-ada7-e4cc477ce2c7-downloadableSrc-43b49165429f.webp
80ec8895-e79d-40b0-b380-51539e746483,Liking a book,67f29e36-ec97-4a65-8e57-ae5595d1223e,Apple Books,6f87a791-ad26-4efd-9838-6a9490f01267,2,3,66c484d9-d6eb-4684-bbd1-27019d9875f8,true,downloadableSrc,200,image/webp,99118,99118,29d8bd1d804f6bc8da4264a60461f7346ad5abdb4f1f79d69c569b2103ac897b,1179,2676,,,bytescale.mobbin.com,f7a1807c1ac98ccf0eecf5078d61346ac9a94ca37a547f5708d580528c9e55c0,/Users/user/mobbin-sides/screen-flows/apple-books/059-apple-books-liking-a-book-80ec8895-e79d-40b0-b380-51539e746483/003-66c484d9-d6eb-4684-bbd1-27019d9875f8-downloadableSrc-29d8bd1d804f.webp
d544d993-3883-4eb1-a486-a9416534ff89,Editing finished date,67f29e36-ec97-4a65-8e57-ae5595d1223e,Apple Books,6f87a791-ad26-4efd-9838-6a9490f01267,0,1,afdff270-7cfc-41eb-b915-aeabe396a3d1,true,downloadableSrc,200,image/webp,105270,105270,e7c81c93158499983c3ccaba674e2d32da5b4b42c66d7e52dff912bbbc835fec,1179,2676,,,bytescale.mobbin.com,f7a1807c1ac98ccf0eecf5078d61346ac9a94ca37a547f5708d580528c9e55c0,/Users/user/mobbin-sides/screen-flows/apple-books/060-apple-books-editing-finished-date-d544d993-3883-4eb1-a486-a9416534ff89/001-afdff270-7cfc-41eb-b915-aeabe396a3d1-downloadableSrc-e7c81c931584.webp
d544d993-3883-4eb1-a486-a9416534ff89,Editing finished date,67f29e36-ec97-4a65-8e57-ae5595d1223e,Apple Books,6f87a791-ad26-4efd-9838-6a9490f01267,1,2,adc2279c-5271-4834-aea1-0a1881d8766e,true,downloadableSrc,200,image/webp,83430,83430,6ed7246d8cd58be73e42d91d8ff52e435ed1785166c8b8434b68c3e468a65a99,1179,2676,,,bytescale.mobbin.com,f7a1807c1ac98ccf0eecf5078d61346ac9a94ca37a547f5708d580528c9e55c0,/Users/user/mobbin-sides/screen-flows/apple-books/060-apple-books-editing-finished-date-d544d993-3883-4eb1-a486-a9416534ff89/002-adc2279c-5271-4834-aea1-0a1881d8766e-downloadableSrc-6ed7246d8cd5.webp
d544d993-3883-4eb1-a486-a9416534ff89,Editing finished date,67f29e36-ec97-4a65-8e57-ae5595d1223e,Apple Books,6f87a791-ad26-4efd-9838-6a9490f01267,2,3,8751fbc1-ec53-48af-9587-6b817a4dd1c0,true,downloadableSrc,200,image/webp,83630,83630,473f9803089d5f5e12fc87f737bfa4ff2aed4c68838852bdbc1586a81fab0eb7,1179,2676,,,bytescale.mobbin.com,f7a1807c1ac98ccf0eecf5078d61346ac9a94ca37a547f5708d580528c9e55c0,/Users/user/mobbin-sides/screen-flows/apple-books/060-apple-books-editing-finished-date-d544d993-3883-4eb1-a486-a9416534ff89/003-8751fbc1-ec53-48af-9587-6b817a4dd1c0-downloadableSrc-473f9803089d.webp
d544d993-3883-4eb1-a486-a9416534ff89,Editing finished date,67f29e36-ec97-4a65-8e57-ae5595d1223e,Apple Books,6f87a791-ad26-4efd-9838-6a9490f01267,3,4,c6b0a029-2e04-44b9-ad61-9fa1e67adf54,true,downloadableSrc,200,image/webp,99040,99040,98ec09a89cb1c5276b7896a12ff630ae3a6493861002f55a6fba0e0e9def7443,1179,2676,,,bytescale.mobbin.com,f7a1807c1ac98ccf0eecf5078d61346ac9a94ca37a547f5708d580528c9e55c0,/Users/user/mobbin-sides/screen-flows/apple-books/060-apple-books-editing-finished-date-d544d993-3883-4eb1-a486-a9416534ff89/004-c6b0a029-2e04-44b9-ad61-9fa1e67adf54-downloadableSrc-98ec09a89cb1.webp
f4ea3d31-641c-4f2c-8a23-47328981d2d4,Changing to year only,67f29e36-ec97-4a65-8e57-ae5595d1223e,Apple Books,6f87a791-ad26-4efd-9838-6a9490f01267,0,1,adc2279c-5271-4834-aea1-0a1881d8766e,true,downloadableSrc,200,image/webp,83430,83430,6ed7246d8cd58be73e42d91d8ff52e435ed1785166c8b8434b68c3e468a65a99,1179,2676,,,bytescale.mobbin.com,f7a1807c1ac98ccf0eecf5078d61346ac9a94ca37a547f5708d580528c9e55c0,/Users/user/mobbin-sides/screen-flows/apple-books/061-apple-books-changing-to-year-only-f4ea3d31-641c-4f2c-8a23-47328981d2d4/001-adc2279c-5271-4834-aea1-0a1881d8766e-downloadableSrc-6ed7246d8cd5.webp
f4ea3d31-641c-4f2c-8a23-47328981d2d4,Changing to year only,67f29e36-ec97-4a65-8e57-ae5595d1223e,Apple Books,6f87a791-ad26-4efd-9838-6a9490f01267,1,2,7254e011-3d8e-496e-9c32-2a126cba7c2b,true,downloadableSrc,200,image/webp,80790,80790,d1810fb52ca7a72b81d272b728e62122c4f9a50f49e1645ced749d8c55a9be5d,1179,2676,,,bytescale.mobbin.com,f7a1807c1ac98ccf0eecf5078d61346ac9a94ca37a547f5708d580528c9e55c0,/Users/user/mobbin-sides/screen-flows/apple-books/061-apple-books-changing-to-year-only-f4ea3d31-641c-4f2c-8a23-47328981d2d4/002-7254e011-3d8e-496e-9c32-2a126cba7c2b-downloadableSrc-d1810fb52ca7.webp
f4ea3d31-641c-4f2c-8a23-47328981d2d4,Changing to year only,67f29e36-ec97-4a65-8e57-ae5595d1223e,Apple Books,6f87a791-ad26-4efd-9838-6a9490f01267,2,3,10a83382-5d1e-444a-9496-2a4a98ca0c9c,true,downloadableSrc,200,image/webp,73964,73964,36f2561c5e1753ffce9df50d8ab9fa8246d1e6d94df95a096b4bfccead875756,1179,2676,,,bytescale.mobbin.com,f7a1807c1ac98ccf0eecf5078d61346ac9a94ca37a547f5708d580528c9e55c0,/Users/user/mobbin-sides/screen-flows/apple-books/061-apple-books-changing-to-year-only-f4ea3d31-641c-4f2c-8a23-47328981d2d4/003-10a83382-5d1e-444a-9496-2a4a98ca0c9c-downloadableSrc-36f2561c5e17.webp
2b916b4b-ffff-4c0f-876d-56e05b986844,Profile,67f29e36-ec97-4a65-8e57-ae5595d1223e,Apple Books,6f87a791-ad26-4efd-9838-6a9490f01267,0,1,f4688b5b-bbd4-43aa-9da7-edd780d338fb,true,downloadableSrc,200,image/webp,102080,102080,994c2136b5053d241d259b0249e81667ab5a13975219aa49de0a26d0eb8c2373,1179,2676,,,bytescale.mobbin.com,f7a1807c1ac98ccf0eecf5078d61346ac9a94ca37a547f5708d580528c9e55c0,/Users/user/mobbin-sides/screen-flows/apple-books/062-apple-books-profile-2b916b4b-ffff-4c0f-876d-56e05b986844/001-f4688b5b-bbd4-43aa-9da7-edd780d338fb-downloadableSrc-994c2136b505.webp
2b916b4b-ffff-4c0f-876d-56e05b986844,Profile,67f29e36-ec97-4a65-8e57-ae5595d1223e,Apple Books,6f87a791-ad26-4efd-9838-6a9490f01267,1,2,73ecd975-a058-4e64-be2f-05bd8e04386a,true,downloadableSrc,200,image/webp,52080,52080,703f1e47cafa68b16c4966285936e10000fa29564d51997cc7733a6d2f6685ab,1179,2676,,,bytescale.mobbin.com,f7a1807c1ac98ccf0eecf5078d61346ac9a94ca37a547f5708d580528c9e55c0,/Users/user/mobbin-sides/screen-flows/apple-books/062-apple-books-profile-2b916b4b-ffff-4c0f-876d-56e05b986844/002-73ecd975-a058-4e64-be2f-05bd8e04386a-downloadableSrc-703f1e47cafa.webp
2b916b4b-ffff-4c0f-876d-56e05b986844,Profile,67f29e36-ec97-4a65-8e57-ae5595d1223e,Apple Books,6f87a791-ad26-4efd-9838-6a9490f01267,2,3,f90a2007-5a7b-4909-a5ea-34bd6d6c4421,true,downloadableSrc,200,image/webp,54794,54794,93a0ad70100d14a0fc1a59fa93c4f866e7d08a21b2d2301daa4dde28e0bf8391,1179,2676,,,bytescale.mobbin.com,f7a1807c1ac98ccf0eecf5078d61346ac9a94ca37a547f5708d580528c9e55c0,/Users/user/mobbin-sides/screen-flows/apple-books/062-apple-books-profile-2b916b4b-ffff-4c0f-876d-56e05b986844/003-f90a2007-5a7b-4909-a5ea-34bd6d6c4421-downloadableSrc-93a0ad70100d.webp
312d16a5-f886-472d-a03e-83a74e64ab0b,Books,67f29e36-ec97-4a65-8e57-ae5595d1223e,Apple Books,6f87a791-ad26-4efd-9838-6a9490f01267,0,1,73ecd975-a058-4e64-be2f-05bd8e04386a,true,downloadableSrc,200,image/webp,52080,52080,703f1e47cafa68b16c4966285936e10000fa29564d51997cc7733a6d2f6685ab,1179,2676,,,bytescale.mobbin.com,f7a1807c1ac98ccf0eecf5078d61346ac9a94ca37a547f5708d580528c9e55c0,/Users/user/mobbin-sides/screen-flows/apple-books/063-apple-books-books-312d16a5-f886-472d-a03e-83a74e64ab0b/001-73ecd975-a058-4e64-be2f-05bd8e04386a-downloadableSrc-703f1e47cafa.webp
312d16a5-f886-472d-a03e-83a74e64ab0b,Books,67f29e36-ec97-4a65-8e57-ae5595d1223e,Apple Books,6f87a791-ad26-4efd-9838-6a9490f01267,1,2,50464f6c-a1a2-4b30-b3c2-2b736c436652,true,downloadableSrc,200,image/webp,35458,35458,7bb0f88001e20737046e5f3c49f53c445213131989cef23d557bda38b4adb07f,1179,2676,,,bytescale.mobbin.com,f7a1807c1ac98ccf0eecf5078d61346ac9a94ca37a547f5708d580528c9e55c0,/Users/user/mobbin-sides/screen-flows/apple-books/063-apple-books-books-312d16a5-f886-472d-a03e-83a74e64ab0b/002-50464f6c-a1a2-4b30-b3c2-2b736c436652-downloadableSrc-7bb0f88001e2.webp
312d16a5-f886-472d-a03e-83a74e64ab0b,Books,67f29e36-ec97-4a65-8e57-ae5595d1223e,Apple Books,6f87a791-ad26-4efd-9838-6a9490f01267,2,3,e2e18b32-2553-428c-a2f2-1fc0bbe43312,true,downloadableSrc,200,image/webp,40572,40572,9a30afc45bdcf23bd50555bda572b3f23930a3986d1cafe053df619143e53d49,1179,2676,,,bytescale.mobbin.com,f7a1807c1ac98ccf0eecf5078d61346ac9a94ca37a547f5708d580528c9e55c0,/Users/user/mobbin-sides/screen-flows/apple-books/063-apple-books-books-312d16a5-f886-472d-a03e-83a74e64ab0b/003-e2e18b32-2553-428c-a2f2-1fc0bbe43312-downloadableSrc-9a30afc45bdc.webp
b4413013-355d-41ee-a563-ff5f91919cd8,Turning on notifications,67f29e36-ec97-4a65-8e57-ae5595d1223e,Apple Books,6f87a791-ad26-4efd-9838-6a9490f01267,0,1,73ecd975-a058-4e64-be2f-05bd8e04386a,true,downloadableSrc,200,image/webp,52080,52080,703f1e47cafa68b16c4966285936e10000fa29564d51997cc7733a6d2f6685ab,1179,2676,,,bytescale.mobbin.com,f7a1807c1ac98ccf0eecf5078d61346ac9a94ca37a547f5708d580528c9e55c0,/Users/user/mobbin-sides/screen-flows/apple-books/064-apple-books-turning-on-notifications-b4413013-355d-41ee-a563-ff5f91919cd8/001-73ecd975-a058-4e64-be2f-05bd8e04386a-downloadableSrc-703f1e47cafa.webp
b4413013-355d-41ee-a563-ff5f91919cd8,Turning on notifications,67f29e36-ec97-4a65-8e57-ae5595d1223e,Apple Books,6f87a791-ad26-4efd-9838-6a9490f01267,1,2,d408f890-eb96-4c84-961a-8382be2d84e6,true,downloadableSrc,200,image/webp,87264,87264,c1d7dc4145b6f245b5a9009c62b5eb7880fab3662c955e3a7c2759cb021a7cd7,1179,2676,,,bytescale.mobbin.com,f7a1807c1ac98ccf0eecf5078d61346ac9a94ca37a547f5708d580528c9e55c0,/Users/user/mobbin-sides/screen-flows/apple-books/064-apple-books-turning-on-notifications-b4413013-355d-41ee-a563-ff5f91919cd8/002-d408f890-eb96-4c84-961a-8382be2d84e6-downloadableSrc-c1d7dc4145b6.webp
b4413013-355d-41ee-a563-ff5f91919cd8,Turning on notifications,67f29e36-ec97-4a65-8e57-ae5595d1223e,Apple Books,6f87a791-ad26-4efd-9838-6a9490f01267,2,3,44968207-ea26-413e-8802-fc834a74f9aa,true,downloadableSrc,200,image/webp,89542,89542,ed5bda56a76af122645a789b5e6bb786b5d1e771ff01387d9bf1c95c1b3096a8,1179,2676,,,bytescale.mobbin.com,f7a1807c1ac98ccf0eecf5078d61346ac9a94ca37a547f5708d580528c9e55c0,/Users/user/mobbin-sides/screen-flows/apple-books/064-apple-books-turning-on-notifications-b4413013-355d-41ee-a563-ff5f91919cd8/003-44968207-ea26-413e-8802-fc834a74f9aa-downloadableSrc-ed5bda56a76a.webp
b4413013-355d-41ee-a563-ff5f91919cd8,Turning on notifications,67f29e36-ec97-4a65-8e57-ae5595d1223e,Apple Books,6f87a791-ad26-4efd-9838-6a9490f01267,3,4,9d2a70e4-76f6-4584-abb0-3dab89d1506a,true,downloadableSrc,200,image/webp,74222,74222,4d6e80a551c77d5b3fabdbe9a4887095a011aa5e6a3966a3c8fb7cfcd909149b,1179,2676,,,bytescale.mobbin.com,f7a1807c1ac98ccf0eecf5078d61346ac9a94ca37a547f5708d580528c9e55c0,/Users/user/mobbin-sides/screen-flows/apple-books/064-apple-books-turning-on-notifications-b4413013-355d-41ee-a563-ff5f91919cd8/004-9d2a70e4-76f6-4584-abb0-3dab89d1506a-downloadableSrc-4d6e80a551c7.webp
25be2881-f481-4dc1-9d9a-336b2975382e,Changing notification settings,67f29e36-ec97-4a65-8e57-ae5595d1223e,Apple Books,6f87a791-ad26-4efd-9838-6a9490f01267,0,1,9d2a70e4-76f6-4584-abb0-3dab89d1506a,true,downloadableSrc,200,image/webp,74222,74222,4d6e80a551c77d5b3fabdbe9a4887095a011aa5e6a3966a3c8fb7cfcd909149b,1179,2676,,,bytescale.mobbin.com,f7a1807c1ac98ccf0eecf5078d61346ac9a94ca37a547f5708d580528c9e55c0,/Users/user/mobbin-sides/screen-flows/apple-books/065-apple-books-changing-notification-settings-25be2881-f481-4dc1-9d9a-336b2975382e/001-9d2a70e4-76f6-4584-abb0-3dab89d1506a-downloadableSrc-4d6e80a551c7.webp
25be2881-f481-4dc1-9d9a-336b2975382e,Changing notification settings,67f29e36-ec97-4a65-8e57-ae5595d1223e,Apple Books,6f87a791-ad26-4efd-9838-6a9490f01267,1,2,c0179263-4b88-479b-91c2-43d66251543e,true,downloadableSrc,200,image/webp,75020,75020,5b0eaa350a2f67a89b3f5e9e1616f9d93bda096e1bca4dfaa0abe8d8ac4043d4,1179,2676,,,bytescale.mobbin.com,f7a1807c1ac98ccf0eecf5078d61346ac9a94ca37a547f5708d580528c9e55c0,/Users/user/mobbin-sides/screen-flows/apple-books/065-apple-books-changing-notification-settings-25be2881-f481-4dc1-9d9a-336b2975382e/002-c0179263-4b88-479b-91c2-43d66251543e-downloadableSrc-5b0eaa350a2f.webp
25be2881-f481-4dc1-9d9a-336b2975382e,Changing notification settings,67f29e36-ec97-4a65-8e57-ae5595d1223e,Apple Books,6f87a791-ad26-4efd-9838-6a9490f01267,2,3,6e38f501-b688-47de-a678-67962a06de2c,true,downloadableSrc,200,image/webp,75008,75008,260330f5cf01b13609e5d51693a4bdcb8e65548a2f790165111f39e9e7caa2e7,1179,2676,,,bytescale.mobbin.com,f7a1807c1ac98ccf0eecf5078d61346ac9a94ca37a547f5708d580528c9e55c0,/Users/user/mobbin-sides/screen-flows/apple-books/065-apple-books-changing-notification-settings-25be2881-f481-4dc1-9d9a-336b2975382e/003-6e38f501-b688-47de-a678-67962a06de2c-downloadableSrc-260330f5cf01.webp
8b5187b7-805c-45ed-9da5-d228dd74cd07,Manage hidden purchases,67f29e36-ec97-4a65-8e57-ae5595d1223e,Apple Books,6f87a791-ad26-4efd-9838-6a9490f01267,0,1,73ecd975-a058-4e64-be2f-05bd8e04386a,true,downloadableSrc,200,image/webp,52080,52080,703f1e47cafa68b16c4966285936e10000fa29564d51997cc7733a6d2f6685ab,1179,2676,,,bytescale.mobbin.com,f7a1807c1ac98ccf0eecf5078d61346ac9a94ca37a547f5708d580528c9e55c0,/Users/user/mobbin-sides/screen-flows/apple-books/066-apple-books-manage-hidden-purchases-8b5187b7-805c-45ed-9da5-d228dd74cd07/001-73ecd975-a058-4e64-be2f-05bd8e04386a-downloadableSrc-703f1e47cafa.webp
8b5187b7-805c-45ed-9da5-d228dd74cd07,Manage hidden purchases,67f29e36-ec97-4a65-8e57-ae5595d1223e,Apple Books,6f87a791-ad26-4efd-9838-6a9490f01267,1,2,ca3da328-cd3c-49d7-ae05-9df9c0bd6873,true,downloadableSrc,200,image/webp,38258,38258,9df9416aaab7b4d4e6dbb905227fa7e4528bf050912bfaaad0c3e254020742f1,1179,2676,,,bytescale.mobbin.com,f7a1807c1ac98ccf0eecf5078d61346ac9a94ca37a547f5708d580528c9e55c0,/Users/user/mobbin-sides/screen-flows/apple-books/066-apple-books-manage-hidden-purchases-8b5187b7-805c-45ed-9da5-d228dd74cd07/002-ca3da328-cd3c-49d7-ae05-9df9c0bd6873-downloadableSrc-9df9416aaab7.webp
8b5187b7-805c-45ed-9da5-d228dd74cd07,Manage hidden purchases,67f29e36-ec97-4a65-8e57-ae5595d1223e,Apple Books,6f87a791-ad26-4efd-9838-6a9490f01267,2,3,871cb704-d7f4-446a-8fd2-59f8ef9559fb,true,downloadableSrc,200,image/webp,34116,34116,5174aa920143d292de54be9292886215498f715cce1a1cfe82ad0335dfb233b3,1179,2676,,,bytescale.mobbin.com,f7a1807c1ac98ccf0eecf5078d61346ac9a94ca37a547f5708d580528c9e55c0,/Users/user/mobbin-sides/screen-flows/apple-books/066-apple-books-manage-hidden-purchases-8b5187b7-805c-45ed-9da5-d228dd74cd07/003-871cb704-d7f4-446a-8fd2-59f8ef9559fb-downloadableSrc-5174aa920143.webp
8b5187b7-805c-45ed-9da5-d228dd74cd07,Manage hidden purchases,67f29e36-ec97-4a65-8e57-ae5595d1223e,Apple Books,6f87a791-ad26-4efd-9838-6a9490f01267,3,4,f57f14f4-4069-4154-9201-21f63912e950,true,downloadableSrc,200,image/webp,45350,45350,777fbe2dfa35fcd8b6db7f0710f5caf0d6ed3ae78b02a5c7972f85236890629e,1179,2676,,,bytescale.mobbin.com,f7a1807c1ac98ccf0eecf5078d61346ac9a94ca37a547f5708d580528c9e55c0,/Users/user/mobbin-sides/screen-flows/apple-books/066-apple-books-manage-hidden-purchases-8b5187b7-805c-45ed-9da5-d228dd74cd07/004-f57f14f4-4069-4154-9201-21f63912e950-downloadableSrc-777fbe2dfa35.webp
8b5187b7-805c-45ed-9da5-d228dd74cd07,Manage hidden purchases,67f29e36-ec97-4a65-8e57-ae5595d1223e,Apple Books,6f87a791-ad26-4efd-9838-6a9490f01267,4,5,d6c3daec-f328-4078-998a-8ba8fa57a5b3,true,downloadableSrc,200,image/webp,23372,23372,3eba570f2fe8f3d81f76f57ef80917d0686852177b5e35c7e98acddfe68e2164,1179,2676,,,bytescale.mobbin.com,f7a1807c1ac98ccf0eecf5078d61346ac9a94ca37a547f5708d580528c9e55c0,/Users/user/mobbin-sides/screen-flows/apple-books/066-apple-books-manage-hidden-purchases-8b5187b7-805c-45ed-9da5-d228dd74cd07/005-d6c3daec-f328-4078-998a-8ba8fa57a5b3-downloadableSrc-3eba570f2fe8.webp
7456c2ba-b53a-4b59-a7a8-fa3d0a62443c,Redeem gift card,67f29e36-ec97-4a65-8e57-ae5595d1223e,Apple Books,6f87a791-ad26-4efd-9838-6a9490f01267,0,1,73ecd975-a058-4e64-be2f-05bd8e04386a,true,downloadableSrc,200,image/webp,52080,52080,703f1e47cafa68b16c4966285936e10000fa29564d51997cc7733a6d2f6685ab,1179,2676,,,bytescale.mobbin.com,f7a1807c1ac98ccf0eecf5078d61346ac9a94ca37a547f5708d580528c9e55c0,/Users/user/mobbin-sides/screen-flows/apple-books/067-apple-books-redeem-gift-card-7456c2ba-b53a-4b59-a7a8-fa3d0a62443c/001-73ecd975-a058-4e64-be2f-05bd8e04386a-downloadableSrc-703f1e47cafa.webp
7456c2ba-b53a-4b59-a7a8-fa3d0a62443c,Redeem gift card,67f29e36-ec97-4a65-8e57-ae5595d1223e,Apple Books,6f87a791-ad26-4efd-9838-6a9490f01267,1,2,2630cc7f-8c1c-48d7-b45f-88f37573ea2e,true,downloadableSrc,200,image/webp,85310,85310,72d5476ec864c414e42d021e89bc7c9a0975063acefed351a545942da1753f73,1179,2676,,,bytescale.mobbin.com,f7a1807c1ac98ccf0eecf5078d61346ac9a94ca37a547f5708d580528c9e55c0,/Users/user/mobbin-sides/screen-flows/apple-books/067-apple-books-redeem-gift-card-7456c2ba-b53a-4b59-a7a8-fa3d0a62443c/002-2630cc7f-8c1c-48d7-b45f-88f37573ea2e-downloadableSrc-72d5476ec864.webp
7456c2ba-b53a-4b59-a7a8-fa3d0a62443c,Redeem gift card,67f29e36-ec97-4a65-8e57-ae5595d1223e,Apple Books,6f87a791-ad26-4efd-9838-6a9490f01267,2,3,a652438f-edfd-4a10-a196-b2aba4d0b384,true,downloadableSrc,200,image/webp,36958,36958,f178b97e75e5c5e6de931f62d851834d5ddf1c30337ca485598f8c1e80b0cf6d,1179,2676,,,bytescale.mobbin.com,f7a1807c1ac98ccf0eecf5078d61346ac9a94ca37a547f5708d580528c9e55c0,/Users/user/mobbin-sides/screen-flows/apple-books/067-apple-books-redeem-gift-card-7456c2ba-b53a-4b59-a7a8-fa3d0a62443c/003-a652438f-edfd-4a10-a196-b2aba4d0b384-downloadableSrc-f178b97e75e5.webp
7456c2ba-b53a-4b59-a7a8-fa3d0a62443c,Redeem gift card,67f29e36-ec97-4a65-8e57-ae5595d1223e,Apple Books,6f87a791-ad26-4efd-9838-6a9490f01267,3,4,6bc7d5a9-fdb0-49fa-ae9d-64ae7ef1f424,true,downloadableSrc,200,image/webp,22820,22820,7455af4bab8e516b81aa2ff9a1b832ba9e391e3307e6cddf4dff0c2c5b0d1596,1179,2676,,,bytescale.mobbin.com,f7a1807c1ac98ccf0eecf5078d61346ac9a94ca37a547f5708d580528c9e55c0,/Users/user/mobbin-sides/screen-flows/apple-books/067-apple-books-redeem-gift-card-7456c2ba-b53a-4b59-a7a8-fa3d0a62443c/004-6bc7d5a9-fdb0-49fa-ae9d-64ae7ef1f424-downloadableSrc-7455af4bab8e.webp
d0a7ffc6-bd30-438e-a798-7f44c6be2f04,Logging out,67f29e36-ec97-4a65-8e57-ae5595d1223e,Apple Books,6f87a791-ad26-4efd-9838-6a9490f01267,0,1,f90a2007-5a7b-4909-a5ea-34bd6d6c4421,true,downloadableSrc,200,image/webp,54794,54794,93a0ad70100d14a0fc1a59fa93c4f866e7d08a21b2d2301daa4dde28e0bf8391,1179,2676,,,bytescale.mobbin.com,f7a1807c1ac98ccf0eecf5078d61346ac9a94ca37a547f5708d580528c9e55c0,/Users/user/mobbin-sides/screen-flows/apple-books/068-apple-books-logging-out-d0a7ffc6-bd30-438e-a798-7f44c6be2f04/001-f90a2007-5a7b-4909-a5ea-34bd6d6c4421-downloadableSrc-93a0ad70100d.webp
d0a7ffc6-bd30-438e-a798-7f44c6be2f04,Logging out,67f29e36-ec97-4a65-8e57-ae5595d1223e,Apple Books,6f87a791-ad26-4efd-9838-6a9490f01267,1,2,ef25171d-f4a6-43ed-a0a2-375e835230f8,true,downloadableSrc,200,image/webp,100486,100486,6ca483dc6caac257ff1ed47721d285dbbb9e331024ab65734932db5ab4cf87be,1179,2676,,,bytescale.mobbin.com,f7a1807c1ac98ccf0eecf5078d61346ac9a94ca37a547f5708d580528c9e55c0,/Users/user/mobbin-sides/screen-flows/apple-books/068-apple-books-logging-out-d0a7ffc6-bd30-438e-a798-7f44c6be2f04/002-ef25171d-f4a6-43ed-a0a2-375e835230f8-downloadableSrc-6ca483dc6caa.webp
fcebe85a-341f-4e37-9d2d-5be598324c03,Logging in,67f29e36-ec97-4a65-8e57-ae5595d1223e,Apple Books,6f87a791-ad26-4efd-9838-6a9490f01267,0,1,ef25171d-f4a6-43ed-a0a2-375e835230f8,true,downloadableSrc,200,image/webp,100486,100486,6ca483dc6caac257ff1ed47721d285dbbb9e331024ab65734932db5ab4cf87be,1179,2676,,,bytescale.mobbin.com,f7a1807c1ac98ccf0eecf5078d61346ac9a94ca37a547f5708d580528c9e55c0,/Users/user/mobbin-sides/screen-flows/apple-books/069-apple-books-logging-in-fcebe85a-341f-4e37-9d2d-5be598324c03/001-ef25171d-f4a6-43ed-a0a2-375e835230f8-downloadableSrc-6ca483dc6caa.webp
fcebe85a-341f-4e37-9d2d-5be598324c03,Logging in,67f29e36-ec97-4a65-8e57-ae5595d1223e,Apple Books,6f87a791-ad26-4efd-9838-6a9490f01267,1,2,afed0f92-4851-4a3a-9c64-bb3daf29a736,true,downloadableSrc,200,image/webp,52190,52190,aafe72a1d7045c100d63f95ab9aa9c348a4b8b7c7cf132c98bfb6d9ae38bb349,1179,2676,,,bytescale.mobbin.com,f7a1807c1ac98ccf0eecf5078d61346ac9a94ca37a547f5708d580528c9e55c0,/Users/user/mobbin-sides/screen-flows/apple-books/069-apple-books-logging-in-fcebe85a-341f-4e37-9d2d-5be598324c03/002-afed0f92-4851-4a3a-9c64-bb3daf29a736-downloadableSrc-aafe72a1d704.webp
fcebe85a-341f-4e37-9d2d-5be598324c03,Logging in,67f29e36-ec97-4a65-8e57-ae5595d1223e,Apple Books,6f87a791-ad26-4efd-9838-6a9490f01267,2,3,70cc58e2-a680-4bb8-a3fe-6255787465f3,true,downloadableSrc,200,image/webp,58466,58466,1127dd3028f9d4e8c39495f3fc8787d91b3eb848f1a4307dcdeea8efe96cbe94,1179,2676,,,bytescale.mobbin.com,f7a1807c1ac98ccf0eecf5078d61346ac9a94ca37a547f5708d580528c9e55c0,/Users/user/mobbin-sides/screen-flows/apple-books/069-apple-books-logging-in-fcebe85a-341f-4e37-9d2d-5be598324c03/003-70cc58e2-a680-4bb8-a3fe-6255787465f3-downloadableSrc-1127dd3028f9.webp
fcebe85a-341f-4e37-9d2d-5be598324c03,Logging in,67f29e36-ec97-4a65-8e57-ae5595d1223e,Apple Books,6f87a791-ad26-4efd-9838-6a9490f01267,3,4,aaa5eed2-f5a1-4d38-8475-332d2dab7a86,true,downloadableSrc,200,image/webp,31776,31776,ad09572a82efc1aa86f333980c816a90b706eab61c95ffa3b41da79944137ee5,1179,2676,,,bytescale.mobbin.com,f7a1807c1ac98ccf0eecf5078d61346ac9a94ca37a547f5708d580528c9e55c0,/Users/user/mobbin-sides/screen-flows/apple-books/069-apple-books-logging-in-fcebe85a-341f-4e37-9d2d-5be598324c03/004-aaa5eed2-f5a1-4d38-8475-332d2dab7a86-downloadableSrc-ad09572a82ef.webp
fcebe85a-341f-4e37-9d2d-5be598324c03,Logging in,67f29e36-ec97-4a65-8e57-ae5595d1223e,Apple Books,6f87a791-ad26-4efd-9838-6a9490f01267,4,5,f062d1db-2746-4c68-b002-851d8270f458,true,downloadableSrc,200,image/webp,30876,30876,744a8bedbb9a24070931127227f6a7075acfb3cd9f177b86f72dc36a9f916257,1179,2676,,,bytescale.mobbin.com,f7a1807c1ac98ccf0eecf5078d61346ac9a94ca37a547f5708d580528c9e55c0,/Users/user/mobbin-sides/screen-flows/apple-books/069-apple-books-logging-in-fcebe85a-341f-4e37-9d2d-5be598324c03/005-f062d1db-2746-4c68-b002-851d8270f458-downloadableSrc-744a8bedbb9a.webp
fcebe85a-341f-4e37-9d2d-5be598324c03,Logging in,67f29e36-ec97-4a65-8e57-ae5595d1223e,Apple Books,6f87a791-ad26-4efd-9838-6a9490f01267,5,6,8e656bd9-db31-4b2f-9c03-f7f0880770a9,true,downloadableSrc,200,image/webp,29506,29506,8b93c05872ad299ff60ebe8bc6fd301bcbcc14ad89c023b8e65eb37cf5e96f45,1179,2676,,,bytescale.mobbin.com,f7a1807c1ac98ccf0eecf5078d61346ac9a94ca37a547f5708d580528c9e55c0,/Users/user/mobbin-sides/screen-flows/apple-books/069-apple-books-logging-in-fcebe85a-341f-4e37-9d2d-5be598324c03/006-8e656bd9-db31-4b2f-9c03-f7f0880770a9-downloadableSrc-8b93c05872ad.webp
fcebe85a-341f-4e37-9d2d-5be598324c03,Logging in,67f29e36-ec97-4a65-8e57-ae5595d1223e,Apple Books,6f87a791-ad26-4efd-9838-6a9490f01267,6,7,d0fe94af-934c-4966-8935-ca0bcbbdc34b,true,downloadableSrc,200,image/webp,100044,100044,78bd74e1b65cb7f7f31464998ddd0089c8cf94f1580c090272766cf230cdc8f3,1179,2676,,,bytescale.mobbin.com,f7a1807c1ac98ccf0eecf5078d61346ac9a94ca37a547f5708d580528c9e55c0,/Users/user/mobbin-sides/screen-flows/apple-books/069-apple-books-logging-in-fcebe85a-341f-4e37-9d2d-5be598324c03/007-d0fe94af-934c-4966-8935-ca0bcbbdc34b-downloadableSrc-78bd74e1b65c.webp
