flowId,flowName,appId,appName,appVersionId,order,index,screenId,restricted,descriptor,status,contentType,contentLengthHeader,bytes,sha256,width,height,declaredWidth,declaredHeight,urlHost,urlPathHash,savedPath
3afd5e80-566c-4c10-b466-ad3a24c4076f,Onboarding,90171ea7-acfd-47e1-b2dc-8e70956e9271,Apple Music,75fe0fa7-0cf8-4a06-8711-fd212f12e15f,0,1,610540a9-3294-4826-be51-40381ec5b64f,false,downloadableSrc,200,image/webp,115078,115078,78e182beeec5e418a856cb2b890f5214d344b613993abe3dadc1638e62179998,1179,2676,,,bytescale.mobbin.com,f7a1807c1ac98ccf0eecf5078d61346ac9a94ca37a547f5708d580528c9e55c0,/Users/user/mobbin-sides/screen-flows/apple-music/001-apple-music-onboarding-3afd5e80-566c-4c10-b466-ad3a24c4076f/001-610540a9-3294-4826-be51-40381ec5b64f-downloadableSrc-78e182beeec5.webp
3afd5e80-566c-4c10-b466-ad3a24c4076f,Onboarding,90171ea7-acfd-47e1-b2dc-8e70956e9271,Apple Music,75fe0fa7-0cf8-4a06-8711-fd212f12e15f,1,2,a89cc223-29e0-4d63-a9b4-bab0991c8f86,false,downloadableSrc,200,image/webp,49630,49630,0876c039a90a68505f7a2fc79190faa98901ffe3c254a396666346a4429bc8fa,1179,2676,,,bytescale.mobbin.com,f7a1807c1ac98ccf0eecf5078d61346ac9a94ca37a547f5708d580528c9e55c0,/Users/user/mobbin-sides/screen-flows/apple-music/001-apple-music-onboarding-3afd5e80-566c-4c10-b466-ad3a24c4076f/002-a89cc223-29e0-4d63-a9b4-bab0991c8f86-downloadableSrc-0876c039a90a.webp
3afd5e80-566c-4c10-b466-ad3a24c4076f,Onboarding,90171ea7-acfd-47e1-b2dc-8e70956e9271,Apple Music,75fe0fa7-0cf8-4a06-8711-fd212f12e15f,2,3,60a50d31-9f20-4d26-90fe-7294bc701a11,false,downloadableSrc,200,image/webp,59574,59574,04d184964b0a38e6495769760bade27329656241e5a5c3a2add8d8bc2e812729,1179,2676,,,bytescale.mobbin.com,f7a1807c1ac98ccf0eecf5078d61346ac9a94ca37a547f5708d580528c9e55c0,/Users/user/mobbin-sides/screen-flows/apple-music/001-apple-music-onboarding-3afd5e80-566c-4c10-b466-ad3a24c4076f/003-60a50d31-9f20-4d26-90fe-7294bc701a11-downloadableSrc-04d184964b0a.webp
3afd5e80-566c-4c10-b466-ad3a24c4076f,Onboarding,90171ea7-acfd-47e1-b2dc-8e70956e9271,Apple Music,75fe0fa7-0cf8-4a06-8711-fd212f12e15f,3,4,0f72693a-c2f6-4128-ab2d-4cf62b29b21d,false,downloadableSrc,200,image/webp,109584,109584,de1dcf14f5dc22625cea261b50fbcdc7ea934b718fcb3aba3956fe4b7b68aaba,1179,2676,,,bytescale.mobbin.com,f7a1807c1ac98ccf0eecf5078d61346ac9a94ca37a547f5708d580528c9e55c0,/Users/user/mobbin-sides/screen-flows/apple-music/001-apple-music-onboarding-3afd5e80-566c-4c10-b466-ad3a24c4076f/004-0f72693a-c2f6-4128-ab2d-4cf62b29b21d-downloadableSrc-de1dcf14f5dc.webp
3afd5e80-566c-4c10-b466-ad3a24c4076f,Onboarding,90171ea7-acfd-47e1-b2dc-8e70956e9271,Apple Music,75fe0fa7-0cf8-4a06-8711-fd212f12e15f,4,5,aab232d0-a5fb-4b6a-96fe-a1dd5b9fd420,false,downloadableSrc,200,image/webp,93104,93104,4da130899fb9a8ce8a117a8fa117d0a353c6b5eef328d230e01eaea364e46ace,1179,2676,,,bytescale.mobbin.com,f7a1807c1ac98ccf0eecf5078d61346ac9a94ca37a547f5708d580528c9e55c0,/Users/user/mobbin-sides/screen-flows/apple-music/001-apple-music-onboarding-3afd5e80-566c-4c10-b466-ad3a24c4076f/005-aab232d0-a5fb-4b6a-96fe-a1dd5b9fd420-downloadableSrc-4da130899fb9.webp
3afd5e80-566c-4c10-b466-ad3a24c4076f,Onboarding,90171ea7-acfd-47e1-b2dc-8e70956e9271,Apple Music,75fe0fa7-0cf8-4a06-8711-fd212f12e15f,5,6,45aaf7b7-791f-4ef1-b8c2-59760997cf62,false,downloadableSrc,200,image/webp,88258,88258,a959d005b1a118959cf2c74e2754a71437b93c34612a822e3394ea4d4b62336c,1179,2676,,,bytescale.mobbin.com,f7a1807c1ac98ccf0eecf5078d61346ac9a94ca37a547f5708d580528c9e55c0,/Users/user/mobbin-sides/screen-flows/apple-music/001-apple-music-onboarding-3afd5e80-566c-4c10-b466-ad3a24c4076f/006-45aaf7b7-791f-4ef1-b8c2-59760997cf62-downloadableSrc-a959d005b1a1.webp
3afd5e80-566c-4c10-b466-ad3a24c4076f,Onboarding,90171ea7-acfd-47e1-b2dc-8e70956e9271,Apple Music,75fe0fa7-0cf8-4a06-8711-fd212f12e15f,6,7,534c8a8d-41d1-44c7-ba3d-6f370bef57f3,false,downloadableSrc,200,image/webp,93526,93526,b198241428aa9b87bf71cb44269d7c9db4ca76a0a5d444f585cd9c242dfb8153,1179,2676,,,bytescale.mobbin.com,f7a1807c1ac98ccf0eecf5078d61346ac9a94ca37a547f5708d580528c9e55c0,/Users/user/mobbin-sides/screen-flows/apple-music/001-apple-music-onboarding-3afd5e80-566c-4c10-b466-ad3a24c4076f/007-534c8a8d-41d1-44c7-ba3d-6f370bef57f3-downloadableSrc-b198241428aa.webp
3afd5e80-566c-4c10-b466-ad3a24c4076f,Onboarding,90171ea7-acfd-47e1-b2dc-8e70956e9271,Apple Music,75fe0fa7-0cf8-4a06-8711-fd212f12e15f,7,8,5899ff76-1018-4405-8298-4ffa1ab72e16,false,downloadableSrc,200,image/webp,31396,31396,1c627fd52ce1a424bb72437f1aedb9c69b005486f0b9e4d9aed36872a2320fa7,1179,2676,,,bytescale.mobbin.com,f7a1807c1ac98ccf0eecf5078d61346ac9a94ca37a547f5708d580528c9e55c0,/Users/user/mobbin-sides/screen-flows/apple-music/001-apple-music-onboarding-3afd5e80-566c-4c10-b466-ad3a24c4076f/008-5899ff76-1018-4405-8298-4ffa1ab72e16-downloadableSrc-1c627fd52ce1.webp
3afd5e80-566c-4c10-b466-ad3a24c4076f,Onboarding,90171ea7-acfd-47e1-b2dc-8e70956e9271,Apple Music,75fe0fa7-0cf8-4a06-8711-fd212f12e15f,8,9,9290ae13-674b-455e-beda-ac34ca81425f,false,downloadableSrc,200,image/webp,118416,118416,6c2db079e5ac44d4931d89765f63ea9e8295fbb52fbe208d5b405fa7b2b91b7d,1179,2676,,,bytescale.mobbin.com,f7a1807c1ac98ccf0eecf5078d61346ac9a94ca37a547f5708d580528c9e55c0,/Users/user/mobbin-sides/screen-flows/apple-music/001-apple-music-onboarding-3afd5e80-566c-4c10-b466-ad3a24c4076f/009-9290ae13-674b-455e-beda-ac34ca81425f-downloadableSrc-6c2db079e5ac.webp
367214bc-b709-471a-b5ac-98955135729f,Home,90171ea7-acfd-47e1-b2dc-8e70956e9271,Apple Music,75fe0fa7-0cf8-4a06-8711-fd212f12e15f,0,1,9290ae13-674b-455e-beda-ac34ca81425f,true,downloadableSrc,200,image/webp,118416,118416,6c2db079e5ac44d4931d89765f63ea9e8295fbb52fbe208d5b405fa7b2b91b7d,1179,2676,,,bytescale.mobbin.com,f7a1807c1ac98ccf0eecf5078d61346ac9a94ca37a547f5708d580528c9e55c0,/Users/user/mobbin-sides/screen-flows/apple-music/002-apple-music-home-367214bc-b709-471a-b5ac-98955135729f/001-9290ae13-674b-455e-beda-ac34ca81425f-downloadableSrc-6c2db079e5ac.webp
367214bc-b709-471a-b5ac-98955135729f,Home,90171ea7-acfd-47e1-b2dc-8e70956e9271,Apple Music,75fe0fa7-0cf8-4a06-8711-fd212f12e15f,1,2,8ac52553-9b44-4a21-ab69-b32c0735cc88,true,downloadableSrc,200,image/webp,145982,145982,1b0230ed701e9c7dc69d4852f4431f5ab0536cf941037a4195e400a4d6cbb3d0,1179,2676,,,bytescale.mobbin.com,f7a1807c1ac98ccf0eecf5078d61346ac9a94ca37a547f5708d580528c9e55c0,/Users/user/mobbin-sides/screen-flows/apple-music/002-apple-music-home-367214bc-b709-471a-b5ac-98955135729f/002-8ac52553-9b44-4a21-ab69-b32c0735cc88-downloadableSrc-1b0230ed701e.webp
367214bc-b709-471a-b5ac-98955135729f,Home,90171ea7-acfd-47e1-b2dc-8e70956e9271,Apple Music,75fe0fa7-0cf8-4a06-8711-fd212f12e15f,2,3,b936aa8f-0124-4283-ad21-9d9b602fb7b1,true,downloadableSrc,200,image/webp,178562,178562,c815a5fba7277b64b55373f78a7447709060bce85ce752d7904752d81b6c0a8e,1179,2676,,,bytescale.mobbin.com,f7a1807c1ac98ccf0eecf5078d61346ac9a94ca37a547f5708d580528c9e55c0,/Users/user/mobbin-sides/screen-flows/apple-music/002-apple-music-home-367214bc-b709-471a-b5ac-98955135729f/003-b936aa8f-0124-4283-ad21-9d9b602fb7b1-downloadableSrc-c815a5fba727.webp
367214bc-b709-471a-b5ac-98955135729f,Home,90171ea7-acfd-47e1-b2dc-8e70956e9271,Apple Music,75fe0fa7-0cf8-4a06-8711-fd212f12e15f,3,4,2c60ded1-770d-4748-b7d8-1c8bf29580d7,true,downloadableSrc,200,image/webp,212834,212834,fe56bee27e8e0cb910b840b3262944ce81320153ec9c4d8e6b112619b3861891,1179,2676,,,bytescale.mobbin.com,f7a1807c1ac98ccf0eecf5078d61346ac9a94ca37a547f5708d580528c9e55c0,/Users/user/mobbin-sides/screen-flows/apple-music/002-apple-music-home-367214bc-b709-471a-b5ac-98955135729f/004-2c60ded1-770d-4748-b7d8-1c8bf29580d7-downloadableSrc-fe56bee27e8e.webp
367214bc-b709-471a-b5ac-98955135729f,Home,90171ea7-acfd-47e1-b2dc-8e70956e9271,Apple Music,75fe0fa7-0cf8-4a06-8711-fd212f12e15f,4,5,90ea4184-4aee-4a14-b11a-17556721b740,true,downloadableSrc,200,image/webp,174772,174772,305842be7ee40ee0b7f80ba1863aad9a75a7d15960edfed9c0657596cd98e1fc,1179,2676,,,bytescale.mobbin.com,f7a1807c1ac98ccf0eecf5078d61346ac9a94ca37a547f5708d580528c9e55c0,/Users/user/mobbin-sides/screen-flows/apple-music/002-apple-music-home-367214bc-b709-471a-b5ac-98955135729f/005-90ea4184-4aee-4a14-b11a-17556721b740-downloadableSrc-305842be7ee4.webp
b4df0602-48b2-41b7-83a8-c352ffadf658,Transfer music & playlists,90171ea7-acfd-47e1-b2dc-8e70956e9271,Apple Music,75fe0fa7-0cf8-4a06-8711-fd212f12e15f,0,1,9290ae13-674b-455e-beda-ac34ca81425f,true,downloadableSrc,200,image/webp,118416,118416,6c2db079e5ac44d4931d89765f63ea9e8295fbb52fbe208d5b405fa7b2b91b7d,1179,2676,,,bytescale.mobbin.com,f7a1807c1ac98ccf0eecf5078d61346ac9a94ca37a547f5708d580528c9e55c0,/Users/user/mobbin-sides/screen-flows/apple-music/003-apple-music-transfer-music-and-playlists-b4df0602-48b2-41b7-83a8-c352ffadf658/001-9290ae13-674b-455e-beda-ac34ca81425f-downloadableSrc-6c2db079e5ac.webp
b4df0602-48b2-41b7-83a8-c352ffadf658,Transfer music & playlists,90171ea7-acfd-47e1-b2dc-8e70956e9271,Apple Music,75fe0fa7-0cf8-4a06-8711-fd212f12e15f,1,2,4215852c-6e2a-424f-a8b9-5bd2e3a26f9a,true,downloadableSrc,200,image/webp,95234,95234,1736eebe3b08aa238b795e39cfd4c31d7f1872672f4dac533a32c58527b85c0d,1179,2676,,,bytescale.mobbin.com,f7a1807c1ac98ccf0eecf5078d61346ac9a94ca37a547f5708d580528c9e55c0,/Users/user/mobbin-sides/screen-flows/apple-music/003-apple-music-transfer-music-and-playlists-b4df0602-48b2-41b7-83a8-c352ffadf658/002-4215852c-6e2a-424f-a8b9-5bd2e3a26f9a-downloadableSrc-1736eebe3b08.webp
dd779492-aec3-4758-9a77-00dd416e5b4a,Replay,90171ea7-acfd-47e1-b2dc-8e70956e9271,Apple Music,75fe0fa7-0cf8-4a06-8711-fd212f12e15f,0,1,90ea4184-4aee-4a14-b11a-17556721b740,true,downloadableSrc,200,image/webp,174772,174772,305842be7ee40ee0b7f80ba1863aad9a75a7d15960edfed9c0657596cd98e1fc,1179,2676,,,bytescale.mobbin.com,f7a1807c1ac98ccf0eecf5078d61346ac9a94ca37a547f5708d580528c9e55c0,/Users/user/mobbin-sides/screen-flows/apple-music/004-apple-music-replay-dd779492-aec3-4758-9a77-00dd416e5b4a/001-90ea4184-4aee-4a14-b11a-17556721b740-downloadableSrc-305842be7ee4.webp
dd779492-aec3-4758-9a77-00dd416e5b4a,Replay,90171ea7-acfd-47e1-b2dc-8e70956e9271,Apple Music,75fe0fa7-0cf8-4a06-8711-fd212f12e15f,1,2,93f7c217-7651-43a4-a182-8df7a1544c1c,true,downloadableSrc,200,image/webp,60630,60630,cd309bd9e56f65f38e186e65298c792d012f68dfa8dea6201dc34f1a62d5062d,1179,2676,,,bytescale.mobbin.com,f7a1807c1ac98ccf0eecf5078d61346ac9a94ca37a547f5708d580528c9e55c0,/Users/user/mobbin-sides/screen-flows/apple-music/004-apple-music-replay-dd779492-aec3-4758-9a77-00dd416e5b4a/002-93f7c217-7651-43a4-a182-8df7a1544c1c-downloadableSrc-cd309bd9e56f.webp
dd779492-aec3-4758-9a77-00dd416e5b4a,Replay,90171ea7-acfd-47e1-b2dc-8e70956e9271,Apple Music,75fe0fa7-0cf8-4a06-8711-fd212f12e15f,2,3,f636d313-5c59-48d8-b146-15a251ced7dc,true,downloadableSrc,200,image/webp,163508,163508,7c5b8c077dbf99f71c4d2952db87d58a261727950d81277baf5916a3a37c55d7,1179,2676,,,bytescale.mobbin.com,f7a1807c1ac98ccf0eecf5078d61346ac9a94ca37a547f5708d580528c9e55c0,/Users/user/mobbin-sides/screen-flows/apple-music/004-apple-music-replay-dd779492-aec3-4758-9a77-00dd416e5b4a/003-f636d313-5c59-48d8-b146-15a251ced7dc-downloadableSrc-7c5b8c077dbf.webp
dd779492-aec3-4758-9a77-00dd416e5b4a,Replay,90171ea7-acfd-47e1-b2dc-8e70956e9271,Apple Music,75fe0fa7-0cf8-4a06-8711-fd212f12e15f,3,4,1c8aba2c-e279-4135-915d-05f977506724,true,downloadableSrc,200,image/webp,171326,171326,3b5aa87d06eaed52203125a2dba85ba96be9300c5892342ee343f8196435eb68,1179,2676,,,bytescale.mobbin.com,f7a1807c1ac98ccf0eecf5078d61346ac9a94ca37a547f5708d580528c9e55c0,/Users/user/mobbin-sides/screen-flows/apple-music/004-apple-music-replay-dd779492-aec3-4758-9a77-00dd416e5b4a/004-1c8aba2c-e279-4135-915d-05f977506724-downloadableSrc-3b5aa87d06ea.webp
dd779492-aec3-4758-9a77-00dd416e5b4a,Replay,90171ea7-acfd-47e1-b2dc-8e70956e9271,Apple Music,75fe0fa7-0cf8-4a06-8711-fd212f12e15f,4,5,ec5c8c61-7012-416a-b2b0-52ae8993d2f9,true,downloadableSrc,200,image/webp,147932,147932,3025921d5b546cec51a9dc8f5fa50f8941a756865d0519f326c8b56d427f7230,1179,2676,,,bytescale.mobbin.com,f7a1807c1ac98ccf0eecf5078d61346ac9a94ca37a547f5708d580528c9e55c0,/Users/user/mobbin-sides/screen-flows/apple-music/004-apple-music-replay-dd779492-aec3-4758-9a77-00dd416e5b4a/005-ec5c8c61-7012-416a-b2b0-52ae8993d2f9-downloadableSrc-3025921d5b54.webp
dd779492-aec3-4758-9a77-00dd416e5b4a,Replay,90171ea7-acfd-47e1-b2dc-8e70956e9271,Apple Music,75fe0fa7-0cf8-4a06-8711-fd212f12e15f,5,6,41ce0f18-2531-4eda-bb98-00de8eb07ba9,true,downloadableSrc,200,image/webp,107160,107160,e499dc3c17b7372f9a9739529048a4ced3fc02fb0fc97b46bc5111865c0cce22,1179,2676,,,bytescale.mobbin.com,f7a1807c1ac98ccf0eecf5078d61346ac9a94ca37a547f5708d580528c9e55c0,/Users/user/mobbin-sides/screen-flows/apple-music/004-apple-music-replay-dd779492-aec3-4758-9a77-00dd416e5b4a/006-41ce0f18-2531-4eda-bb98-00de8eb07ba9-downloadableSrc-e499dc3c17b7.webp
dd779492-aec3-4758-9a77-00dd416e5b4a,Replay,90171ea7-acfd-47e1-b2dc-8e70956e9271,Apple Music,75fe0fa7-0cf8-4a06-8711-fd212f12e15f,6,7,9a2d7a0e-13fd-49a5-a3a9-e9bf6e121af6,true,downloadableSrc,200,image/webp,96678,96678,3401ef8b58fef8f62c87aefcf8fa95fc87cdbbff66fa76bce7c0957952b9cce7,1179,2676,,,bytescale.mobbin.com,f7a1807c1ac98ccf0eecf5078d61346ac9a94ca37a547f5708d580528c9e55c0,/Users/user/mobbin-sides/screen-flows/apple-music/004-apple-music-replay-dd779492-aec3-4758-9a77-00dd416e5b4a/007-9a2d7a0e-13fd-49a5-a3a9-e9bf6e121af6-downloadableSrc-3401ef8b58fe.webp
15004d58-87c4-4650-b09f-a725698963b6,Switching year,90171ea7-acfd-47e1-b2dc-8e70956e9271,Apple Music,75fe0fa7-0cf8-4a06-8711-fd212f12e15f,0,1,1c8aba2c-e279-4135-915d-05f977506724,true,downloadableSrc,200,image/webp,171326,171326,3b5aa87d06eaed52203125a2dba85ba96be9300c5892342ee343f8196435eb68,1179,2676,,,bytescale.mobbin.com,f7a1807c1ac98ccf0eecf5078d61346ac9a94ca37a547f5708d580528c9e55c0,/Users/user/mobbin-sides/screen-flows/apple-music/005-apple-music-switching-year-15004d58-87c4-4650-b09f-a725698963b6/001-1c8aba2c-e279-4135-915d-05f977506724-downloadableSrc-3b5aa87d06ea.webp
15004d58-87c4-4650-b09f-a725698963b6,Switching year,90171ea7-acfd-47e1-b2dc-8e70956e9271,Apple Music,75fe0fa7-0cf8-4a06-8711-fd212f12e15f,1,2,efea4dd9-19cc-494e-b87f-db283ca54b7a,true,downloadableSrc,200,image/webp,160614,160614,4ecb9dedb453d2d5ec29e461da253941a4ad25c3b5eb1318180d8c5e72c38fa7,1179,2676,,,bytescale.mobbin.com,f7a1807c1ac98ccf0eecf5078d61346ac9a94ca37a547f5708d580528c9e55c0,/Users/user/mobbin-sides/screen-flows/apple-music/005-apple-music-switching-year-15004d58-87c4-4650-b09f-a725698963b6/002-efea4dd9-19cc-494e-b87f-db283ca54b7a-downloadableSrc-4ecb9dedb453.webp
15004d58-87c4-4650-b09f-a725698963b6,Switching year,90171ea7-acfd-47e1-b2dc-8e70956e9271,Apple Music,75fe0fa7-0cf8-4a06-8711-fd212f12e15f,2,3,5a4dd146-ecb5-42a4-8889-a1a3ab796c9d,true,downloadableSrc,200,image/webp,114158,114158,5602213bef971042029d253852540cfd5f9120eca16635d8e1fd31dd19f1a76f,1179,2676,,,bytescale.mobbin.com,f7a1807c1ac98ccf0eecf5078d61346ac9a94ca37a547f5708d580528c9e55c0,/Users/user/mobbin-sides/screen-flows/apple-music/005-apple-music-switching-year-15004d58-87c4-4650-b09f-a725698963b6/003-5a4dd146-ecb5-42a4-8889-a1a3ab796c9d-downloadableSrc-5602213bef97.webp
c71ce6ab-026f-4c08-9553-fd90c9773038,Playing a highlight reel,90171ea7-acfd-47e1-b2dc-8e70956e9271,Apple Music,75fe0fa7-0cf8-4a06-8711-fd212f12e15f,0,1,5a4dd146-ecb5-42a4-8889-a1a3ab796c9d,true,downloadableSrc,200,image/webp,114158,114158,5602213bef971042029d253852540cfd5f9120eca16635d8e1fd31dd19f1a76f,1179,2676,,,bytescale.mobbin.com,f7a1807c1ac98ccf0eecf5078d61346ac9a94ca37a547f5708d580528c9e55c0,/Users/user/mobbin-sides/screen-flows/apple-music/006-apple-music-playing-a-highlight-reel-c71ce6ab-026f-4c08-9553-fd90c9773038/001-5a4dd146-ecb5-42a4-8889-a1a3ab796c9d-downloadableSrc-5602213bef97.webp
c71ce6ab-026f-4c08-9553-fd90c9773038,Playing a highlight reel,90171ea7-acfd-47e1-b2dc-8e70956e9271,Apple Music,75fe0fa7-0cf8-4a06-8711-fd212f12e15f,1,2,5f99995b-f3eb-4aa8-851c-b06feee6656e,true,downloadableSrc,200,image/webp,34308,34308,d8952c8c805b4963e744a839c73753916c720fa64989e8415876c5ab1997442b,1179,2676,,,bytescale.mobbin.com,f7a1807c1ac98ccf0eecf5078d61346ac9a94ca37a547f5708d580528c9e55c0,/Users/user/mobbin-sides/screen-flows/apple-music/006-apple-music-playing-a-highlight-reel-c71ce6ab-026f-4c08-9553-fd90c9773038/002-5f99995b-f3eb-4aa8-851c-b06feee6656e-downloadableSrc-d8952c8c805b.webp
c71ce6ab-026f-4c08-9553-fd90c9773038,Playing a highlight reel,90171ea7-acfd-47e1-b2dc-8e70956e9271,Apple Music,75fe0fa7-0cf8-4a06-8711-fd212f12e15f,2,3,a9ad905f-120e-4ead-b895-8f1d63fb40ad,true,downloadableSrc,200,image/webp,147726,147726,5d74877a58d32c4c7605623183fc9cf4f9054913cfffa43f530ed7c2717d8bdc,1179,2676,,,bytescale.mobbin.com,f7a1807c1ac98ccf0eecf5078d61346ac9a94ca37a547f5708d580528c9e55c0,/Users/user/mobbin-sides/screen-flows/apple-music/006-apple-music-playing-a-highlight-reel-c71ce6ab-026f-4c08-9553-fd90c9773038/003-a9ad905f-120e-4ead-b895-8f1d63fb40ad-downloadableSrc-5d74877a58d3.webp
c71ce6ab-026f-4c08-9553-fd90c9773038,Playing a highlight reel,90171ea7-acfd-47e1-b2dc-8e70956e9271,Apple Music,75fe0fa7-0cf8-4a06-8711-fd212f12e15f,3,4,d4ed4c0c-1f7d-4c14-bf8a-45c913e0ca49,true,downloadableSrc,200,image/webp,166864,166864,59d2256d05f729303b9b67201179d30fabd2b21b488ae22e94455cea7ee67bda,1179,2676,,,bytescale.mobbin.com,f7a1807c1ac98ccf0eecf5078d61346ac9a94ca37a547f5708d580528c9e55c0,/Users/user/mobbin-sides/screen-flows/apple-music/006-apple-music-playing-a-highlight-reel-c71ce6ab-026f-4c08-9553-fd90c9773038/004-d4ed4c0c-1f7d-4c14-bf8a-45c913e0ca49-downloadableSrc-59d2256d05f7.webp
c71ce6ab-026f-4c08-9553-fd90c9773038,Playing a highlight reel,90171ea7-acfd-47e1-b2dc-8e70956e9271,Apple Music,75fe0fa7-0cf8-4a06-8711-fd212f12e15f,4,5,920b2af5-cd88-482d-b480-4f0a6c1a288b,true,downloadableSrc,200,image/webp,106346,106346,d7228b6a204c48d1095d0b9b7f808d56049344043193a760b7aca8331b91acd8,1179,2676,,,bytescale.mobbin.com,f7a1807c1ac98ccf0eecf5078d61346ac9a94ca37a547f5708d580528c9e55c0,/Users/user/mobbin-sides/screen-flows/apple-music/006-apple-music-playing-a-highlight-reel-c71ce6ab-026f-4c08-9553-fd90c9773038/005-920b2af5-cd88-482d-b480-4f0a6c1a288b-downloadableSrc-d7228b6a204c.webp
c71ce6ab-026f-4c08-9553-fd90c9773038,Playing a highlight reel,90171ea7-acfd-47e1-b2dc-8e70956e9271,Apple Music,75fe0fa7-0cf8-4a06-8711-fd212f12e15f,5,6,332a0a43-69dc-4730-b688-35a72566f562,true,downloadableSrc,200,image/webp,48328,48328,85230a9ed68eda2311d86f5cdd616ced402bdf43cdd4df581e6cf57854d35675,1179,2676,,,bytescale.mobbin.com,f7a1807c1ac98ccf0eecf5078d61346ac9a94ca37a547f5708d580528c9e55c0,/Users/user/mobbin-sides/screen-flows/apple-music/006-apple-music-playing-a-highlight-reel-c71ce6ab-026f-4c08-9553-fd90c9773038/006-332a0a43-69dc-4730-b688-35a72566f562-downloadableSrc-85230a9ed68e.webp
a6e550cb-0198-4ab5-b10d-1920be9d3312,Top artists,90171ea7-acfd-47e1-b2dc-8e70956e9271,Apple Music,75fe0fa7-0cf8-4a06-8711-fd212f12e15f,0,1,1c8aba2c-e279-4135-915d-05f977506724,true,downloadableSrc,200,image/webp,171326,171326,3b5aa87d06eaed52203125a2dba85ba96be9300c5892342ee343f8196435eb68,1179,2676,,,bytescale.mobbin.com,f7a1807c1ac98ccf0eecf5078d61346ac9a94ca37a547f5708d580528c9e55c0,/Users/user/mobbin-sides/screen-flows/apple-music/007-apple-music-top-artists-a6e550cb-0198-4ab5-b10d-1920be9d3312/001-1c8aba2c-e279-4135-915d-05f977506724-downloadableSrc-3b5aa87d06ea.webp
a6e550cb-0198-4ab5-b10d-1920be9d3312,Top artists,90171ea7-acfd-47e1-b2dc-8e70956e9271,Apple Music,75fe0fa7-0cf8-4a06-8711-fd212f12e15f,1,2,2421b776-96cf-46ee-ae68-99d8a60d8653,true,downloadableSrc,200,image/webp,109792,109792,aeae5e605c3f947afc1f8f283c1143e0db8790a9fa79efe6b279cc49ed92048e,1179,2676,,,bytescale.mobbin.com,f7a1807c1ac98ccf0eecf5078d61346ac9a94ca37a547f5708d580528c9e55c0,/Users/user/mobbin-sides/screen-flows/apple-music/007-apple-music-top-artists-a6e550cb-0198-4ab5-b10d-1920be9d3312/002-2421b776-96cf-46ee-ae68-99d8a60d8653-downloadableSrc-aeae5e605c3f.webp
819adf2e-1b5b-4377-9427-0fcf15bb216a,Milestones,90171ea7-acfd-47e1-b2dc-8e70956e9271,Apple Music,75fe0fa7-0cf8-4a06-8711-fd212f12e15f,0,1,41ce0f18-2531-4eda-bb98-00de8eb07ba9,true,downloadableSrc,200,image/webp,107160,107160,e499dc3c17b7372f9a9739529048a4ced3fc02fb0fc97b46bc5111865c0cce22,1179,2676,,,bytescale.mobbin.com,f7a1807c1ac98ccf0eecf5078d61346ac9a94ca37a547f5708d580528c9e55c0,/Users/user/mobbin-sides/screen-flows/apple-music/008-apple-music-milestones-819adf2e-1b5b-4377-9427-0fcf15bb216a/001-41ce0f18-2531-4eda-bb98-00de8eb07ba9-downloadableSrc-e499dc3c17b7.webp
819adf2e-1b5b-4377-9427-0fcf15bb216a,Milestones,90171ea7-acfd-47e1-b2dc-8e70956e9271,Apple Music,75fe0fa7-0cf8-4a06-8711-fd212f12e15f,1,2,53584c7f-d7f9-419d-a565-a17c2dc2e444,true,downloadableSrc,200,image/webp,153690,153690,207abb6c9cfbd45b105823b49fa25d13a6bef1cdb27195a35cc44db2d060c31c,1179,2676,,,bytescale.mobbin.com,f7a1807c1ac98ccf0eecf5078d61346ac9a94ca37a547f5708d580528c9e55c0,/Users/user/mobbin-sides/screen-flows/apple-music/008-apple-music-milestones-819adf2e-1b5b-4377-9427-0fcf15bb216a/002-53584c7f-d7f9-419d-a565-a17c2dc2e444-downloadableSrc-207abb6c9cfb.webp
65b1f130-8ad3-4def-a305-5380cf78b0a5,New,90171ea7-acfd-47e1-b2dc-8e70956e9271,Apple Music,75fe0fa7-0cf8-4a06-8711-fd212f12e15f,0,1,9290ae13-674b-455e-beda-ac34ca81425f,true,downloadableSrc,200,image/webp,118416,118416,6c2db079e5ac44d4931d89765f63ea9e8295fbb52fbe208d5b405fa7b2b91b7d,1179,2676,,,bytescale.mobbin.com,f7a1807c1ac98ccf0eecf5078d61346ac9a94ca37a547f5708d580528c9e55c0,/Users/user/mobbin-sides/screen-flows/apple-music/009-apple-music-new-65b1f130-8ad3-4def-a305-5380cf78b0a5/001-9290ae13-674b-455e-beda-ac34ca81425f-downloadableSrc-6c2db079e5ac.webp
65b1f130-8ad3-4def-a305-5380cf78b0a5,New,90171ea7-acfd-47e1-b2dc-8e70956e9271,Apple Music,75fe0fa7-0cf8-4a06-8711-fd212f12e15f,1,2,8a6f3d06-2d50-42bd-84c6-d50757dbd995,true,downloadableSrc,200,image/webp,159158,159158,d1edfa220a12a7b1ef517a8b253747d81ad6d93e0a8e35cb4c84f729f538995e,1179,2676,,,bytescale.mobbin.com,f7a1807c1ac98ccf0eecf5078d61346ac9a94ca37a547f5708d580528c9e55c0,/Users/user/mobbin-sides/screen-flows/apple-music/009-apple-music-new-65b1f130-8ad3-4def-a305-5380cf78b0a5/002-8a6f3d06-2d50-42bd-84c6-d50757dbd995-downloadableSrc-d1edfa220a12.webp
65b1f130-8ad3-4def-a305-5380cf78b0a5,New,90171ea7-acfd-47e1-b2dc-8e70956e9271,Apple Music,75fe0fa7-0cf8-4a06-8711-fd212f12e15f,2,3,5c79bb05-539c-4599-a4d9-10d3eae073c2,true,downloadableSrc,200,image/webp,157496,157496,219eb02e6587d44d15812223df9b480d825f2b51f5edfc107566c5222885614a,1179,2676,,,bytescale.mobbin.com,f7a1807c1ac98ccf0eecf5078d61346ac9a94ca37a547f5708d580528c9e55c0,/Users/user/mobbin-sides/screen-flows/apple-music/009-apple-music-new-65b1f130-8ad3-4def-a305-5380cf78b0a5/003-5c79bb05-539c-4599-a4d9-10d3eae073c2-downloadableSrc-219eb02e6587.webp
65b1f130-8ad3-4def-a305-5380cf78b0a5,New,90171ea7-acfd-47e1-b2dc-8e70956e9271,Apple Music,75fe0fa7-0cf8-4a06-8711-fd212f12e15f,3,4,3d34a415-571a-48ec-a251-794b75407811,true,downloadableSrc,200,image/webp,194508,194508,622934e8a6338c0931cd7355f7ff51ba7794eb7677de22bc0c589ed9a25d6f0d,1179,2676,,,bytescale.mobbin.com,f7a1807c1ac98ccf0eecf5078d61346ac9a94ca37a547f5708d580528c9e55c0,/Users/user/mobbin-sides/screen-flows/apple-music/009-apple-music-new-65b1f130-8ad3-4def-a305-5380cf78b0a5/004-3d34a415-571a-48ec-a251-794b75407811-downloadableSrc-622934e8a633.webp
65b1f130-8ad3-4def-a305-5380cf78b0a5,New,90171ea7-acfd-47e1-b2dc-8e70956e9271,Apple Music,75fe0fa7-0cf8-4a06-8711-fd212f12e15f,4,5,4d1e5e40-97bf-45ea-af76-a566a817c919,true,downloadableSrc,200,image/webp,221060,221060,ca4e4ee1b571cb2d0397743620f724bca31932c8eb7f65d20aa4645c2bb9806d,1179,2676,,,bytescale.mobbin.com,f7a1807c1ac98ccf0eecf5078d61346ac9a94ca37a547f5708d580528c9e55c0,/Users/user/mobbin-sides/screen-flows/apple-music/009-apple-music-new-65b1f130-8ad3-4def-a305-5380cf78b0a5/005-4d1e5e40-97bf-45ea-af76-a566a817c919-downloadableSrc-ca4e4ee1b571.webp
65b1f130-8ad3-4def-a305-5380cf78b0a5,New,90171ea7-acfd-47e1-b2dc-8e70956e9271,Apple Music,75fe0fa7-0cf8-4a06-8711-fd212f12e15f,5,6,2ed035ce-f227-4f64-9a7d-cc0775b3b100,true,downloadableSrc,200,image/webp,216554,216554,5acb7e8e490f7b1a3851b3733aba10ce61e5af0e8dde8285c4c018b553121f22,1179,2676,,,bytescale.mobbin.com,f7a1807c1ac98ccf0eecf5078d61346ac9a94ca37a547f5708d580528c9e55c0,/Users/user/mobbin-sides/screen-flows/apple-music/009-apple-music-new-65b1f130-8ad3-4def-a305-5380cf78b0a5/006-2ed035ce-f227-4f64-9a7d-cc0775b3b100-downloadableSrc-5acb7e8e490f.webp
65b1f130-8ad3-4def-a305-5380cf78b0a5,New,90171ea7-acfd-47e1-b2dc-8e70956e9271,Apple Music,75fe0fa7-0cf8-4a06-8711-fd212f12e15f,6,7,f7811d48-3df5-4984-b420-82d0cd75f0d0,true,downloadableSrc,200,image/webp,188160,188160,947bd261fa49aec1bac081f38a481ccf5e9bbdfba336fa0d31c0625fbe0da3cd,1179,2676,,,bytescale.mobbin.com,f7a1807c1ac98ccf0eecf5078d61346ac9a94ca37a547f5708d580528c9e55c0,/Users/user/mobbin-sides/screen-flows/apple-music/009-apple-music-new-65b1f130-8ad3-4def-a305-5380cf78b0a5/007-f7811d48-3df5-4984-b420-82d0cd75f0d0-downloadableSrc-947bd261fa49.webp
65b1f130-8ad3-4def-a305-5380cf78b0a5,New,90171ea7-acfd-47e1-b2dc-8e70956e9271,Apple Music,75fe0fa7-0cf8-4a06-8711-fd212f12e15f,7,8,8c9a4984-d2c0-43b6-bb18-828aedf8aa32,true,downloadableSrc,200,image/webp,144444,144444,bec233728ba6f422ffd9d137449d38318fb15dc91db77e09b9bd0eef274f1318,1179,2676,,,bytescale.mobbin.com,f7a1807c1ac98ccf0eecf5078d61346ac9a94ca37a547f5708d580528c9e55c0,/Users/user/mobbin-sides/screen-flows/apple-music/009-apple-music-new-65b1f130-8ad3-4def-a305-5380cf78b0a5/008-8c9a4984-d2c0-43b6-bb18-828aedf8aa32-downloadableSrc-bec233728ba6.webp
49c3f48d-5a60-4fa7-885e-15a921569f88,Featured album,90171ea7-acfd-47e1-b2dc-8e70956e9271,Apple Music,75fe0fa7-0cf8-4a06-8711-fd212f12e15f,0,1,5c79bb05-539c-4599-a4d9-10d3eae073c2,true,downloadableSrc,200,image/webp,157496,157496,219eb02e6587d44d15812223df9b480d825f2b51f5edfc107566c5222885614a,1179,2676,,,bytescale.mobbin.com,f7a1807c1ac98ccf0eecf5078d61346ac9a94ca37a547f5708d580528c9e55c0,/Users/user/mobbin-sides/screen-flows/apple-music/010-apple-music-featured-album-49c3f48d-5a60-4fa7-885e-15a921569f88/001-5c79bb05-539c-4599-a4d9-10d3eae073c2-downloadableSrc-219eb02e6587.webp
49c3f48d-5a60-4fa7-885e-15a921569f88,Featured album,90171ea7-acfd-47e1-b2dc-8e70956e9271,Apple Music,75fe0fa7-0cf8-4a06-8711-fd212f12e15f,1,2,0aa8385e-8b06-4114-a2e1-034ccbcefd28,true,downloadableSrc,200,image/webp,267956,267956,99d3051e898fc510716c94888553275029d4dc4f27144edcf6d7af4b3a93f214,1179,2676,,,bytescale.mobbin.com,f7a1807c1ac98ccf0eecf5078d61346ac9a94ca37a547f5708d580528c9e55c0,/Users/user/mobbin-sides/screen-flows/apple-music/010-apple-music-featured-album-49c3f48d-5a60-4fa7-885e-15a921569f88/002-0aa8385e-8b06-4114-a2e1-034ccbcefd28-downloadableSrc-99d3051e898f.webp
49c3f48d-5a60-4fa7-885e-15a921569f88,Featured album,90171ea7-acfd-47e1-b2dc-8e70956e9271,Apple Music,75fe0fa7-0cf8-4a06-8711-fd212f12e15f,2,3,6131b658-0875-4a7a-8c1c-dc7b047b7bb1,true,downloadableSrc,200,image/webp,349026,349026,be795c825e443110186f3288e85d6576a915419da29614163eb0cc5af01761d5,1179,2676,,,bytescale.mobbin.com,f7a1807c1ac98ccf0eecf5078d61346ac9a94ca37a547f5708d580528c9e55c0,/Users/user/mobbin-sides/screen-flows/apple-music/010-apple-music-featured-album-49c3f48d-5a60-4fa7-885e-15a921569f88/003-6131b658-0875-4a7a-8c1c-dc7b047b7bb1-downloadableSrc-be795c825e44.webp
49c3f48d-5a60-4fa7-885e-15a921569f88,Featured album,90171ea7-acfd-47e1-b2dc-8e70956e9271,Apple Music,75fe0fa7-0cf8-4a06-8711-fd212f12e15f,3,4,be1fba82-5da3-48c8-b9fe-f627a31b78c9,true,downloadableSrc,200,image/webp,248710,248710,08d7c4dab75a74c258871d9048921fca3cd507828a98733b4162a73130372406,1179,2676,,,bytescale.mobbin.com,f7a1807c1ac98ccf0eecf5078d61346ac9a94ca37a547f5708d580528c9e55c0,/Users/user/mobbin-sides/screen-flows/apple-music/010-apple-music-featured-album-49c3f48d-5a60-4fa7-885e-15a921569f88/004-be1fba82-5da3-48c8-b9fe-f627a31b78c9-downloadableSrc-08d7c4dab75a.webp
49c3f48d-5a60-4fa7-885e-15a921569f88,Featured album,90171ea7-acfd-47e1-b2dc-8e70956e9271,Apple Music,75fe0fa7-0cf8-4a06-8711-fd212f12e15f,4,5,c6f9663b-e399-48d8-b700-0389cacad861,true,downloadableSrc,200,image/webp,322382,322382,3aa3720cc5e8ca3106e500f3835da067ae93ac5e3de57897b2d21540504f8e49,1179,2676,,,bytescale.mobbin.com,f7a1807c1ac98ccf0eecf5078d61346ac9a94ca37a547f5708d580528c9e55c0,/Users/user/mobbin-sides/screen-flows/apple-music/010-apple-music-featured-album-49c3f48d-5a60-4fa7-885e-15a921569f88/005-c6f9663b-e399-48d8-b700-0389cacad861-downloadableSrc-3aa3720cc5e8.webp
829b86ed-4c0f-4caf-be76-9fc610b4b686,Latest songs,90171ea7-acfd-47e1-b2dc-8e70956e9271,Apple Music,75fe0fa7-0cf8-4a06-8711-fd212f12e15f,0,1,3d34a415-571a-48ec-a251-794b75407811,true,downloadableSrc,200,image/webp,194508,194508,622934e8a6338c0931cd7355f7ff51ba7794eb7677de22bc0c589ed9a25d6f0d,1179,2676,,,bytescale.mobbin.com,f7a1807c1ac98ccf0eecf5078d61346ac9a94ca37a547f5708d580528c9e55c0,/Users/user/mobbin-sides/screen-flows/apple-music/011-apple-music-latest-songs-829b86ed-4c0f-4caf-be76-9fc610b4b686/001-3d34a415-571a-48ec-a251-794b75407811-downloadableSrc-622934e8a633.webp
829b86ed-4c0f-4caf-be76-9fc610b4b686,Latest songs,90171ea7-acfd-47e1-b2dc-8e70956e9271,Apple Music,75fe0fa7-0cf8-4a06-8711-fd212f12e15f,1,2,3dc82c55-bb68-49a4-bdfa-2f71f2b8a90e,true,downloadableSrc,200,image/webp,140522,140522,f99fb537cf3c0ed9586fc1d804b0d3332198ad2c2b3c7fe5da85f0476e208bec,1179,2676,,,bytescale.mobbin.com,f7a1807c1ac98ccf0eecf5078d61346ac9a94ca37a547f5708d580528c9e55c0,/Users/user/mobbin-sides/screen-flows/apple-music/011-apple-music-latest-songs-829b86ed-4c0f-4caf-be76-9fc610b4b686/002-3dc82c55-bb68-49a4-bdfa-2f71f2b8a90e-downloadableSrc-f99fb537cf3c.webp
3d221445-187d-4d5a-b903-10bd2d57726c,Playing a song,90171ea7-acfd-47e1-b2dc-8e70956e9271,Apple Music,75fe0fa7-0cf8-4a06-8711-fd212f12e15f,0,1,3d34a415-571a-48ec-a251-794b75407811,true,downloadableSrc,200,image/webp,194508,194508,622934e8a6338c0931cd7355f7ff51ba7794eb7677de22bc0c589ed9a25d6f0d,1179,2676,,,bytescale.mobbin.com,f7a1807c1ac98ccf0eecf5078d61346ac9a94ca37a547f5708d580528c9e55c0,/Users/user/mobbin-sides/screen-flows/apple-music/012-apple-music-playing-a-song-3d221445-187d-4d5a-b903-10bd2d57726c/001-3d34a415-571a-48ec-a251-794b75407811-downloadableSrc-622934e8a633.webp
3d221445-187d-4d5a-b903-10bd2d57726c,Playing a song,90171ea7-acfd-47e1-b2dc-8e70956e9271,Apple Music,75fe0fa7-0cf8-4a06-8711-fd212f12e15f,1,2,3740859e-1d83-4ef4-a58d-5f17fade4378,true,downloadableSrc,200,image/webp,216496,216496,4a219c03495785511f903568b3d797b2b97aa1b5ad4be4c570b2dacedb6274d8,1179,2676,,,bytescale.mobbin.com,f7a1807c1ac98ccf0eecf5078d61346ac9a94ca37a547f5708d580528c9e55c0,/Users/user/mobbin-sides/screen-flows/apple-music/012-apple-music-playing-a-song-3d221445-187d-4d5a-b903-10bd2d57726c/002-3740859e-1d83-4ef4-a58d-5f17fade4378-downloadableSrc-4a219c034957.webp
3d221445-187d-4d5a-b903-10bd2d57726c,Playing a song,90171ea7-acfd-47e1-b2dc-8e70956e9271,Apple Music,75fe0fa7-0cf8-4a06-8711-fd212f12e15f,2,3,c2f55287-b96b-4df0-9e13-de58b7400eb0,true,downloadableSrc,200,image/webp,68980,68980,b025b2b09e519ae4ff2eb5eee0715516df56b9a8417f6a0c05c8bc59ff58ba01,1179,2676,,,bytescale.mobbin.com,f7a1807c1ac98ccf0eecf5078d61346ac9a94ca37a547f5708d580528c9e55c0,/Users/user/mobbin-sides/screen-flows/apple-music/012-apple-music-playing-a-song-3d221445-187d-4d5a-b903-10bd2d57726c/003-c2f55287-b96b-4df0-9e13-de58b7400eb0-downloadableSrc-b025b2b09e51.webp
3d221445-187d-4d5a-b903-10bd2d57726c,Playing a song,90171ea7-acfd-47e1-b2dc-8e70956e9271,Apple Music,75fe0fa7-0cf8-4a06-8711-fd212f12e15f,3,4,cb958c7e-d09c-4a3c-95dd-4f14b2dbd066,true,downloadableSrc,200,image/webp,57282,57282,0d76775b5b882f3e8c781ded73d5c448def28dd8c402a856db49caf89aa570f9,1179,2676,,,bytescale.mobbin.com,f7a1807c1ac98ccf0eecf5078d61346ac9a94ca37a547f5708d580528c9e55c0,/Users/user/mobbin-sides/screen-flows/apple-music/012-apple-music-playing-a-song-3d221445-187d-4d5a-b903-10bd2d57726c/004-cb958c7e-d09c-4a3c-95dd-4f14b2dbd066-downloadableSrc-0d76775b5b88.webp
3d221445-187d-4d5a-b903-10bd2d57726c,Playing a song,90171ea7-acfd-47e1-b2dc-8e70956e9271,Apple Music,75fe0fa7-0cf8-4a06-8711-fd212f12e15f,4,5,d4df9c1d-7006-4d78-87e2-852058c3ec53,true,downloadableSrc,200,image/webp,56576,56576,7ce25134357d9a33581131fc562d7067449f4580a86c6c8197a7cdc132a3b51c,1179,2676,,,bytescale.mobbin.com,f7a1807c1ac98ccf0eecf5078d61346ac9a94ca37a547f5708d580528c9e55c0,/Users/user/mobbin-sides/screen-flows/apple-music/012-apple-music-playing-a-song-3d221445-187d-4d5a-b903-10bd2d57726c/005-d4df9c1d-7006-4d78-87e2-852058c3ec53-downloadableSrc-7ce25134357d.webp
3300304c-440b-4c31-96c5-c0b9f6870257,Adjusting vocal volume,90171ea7-acfd-47e1-b2dc-8e70956e9271,Apple Music,75fe0fa7-0cf8-4a06-8711-fd212f12e15f,0,1,cb958c7e-d09c-4a3c-95dd-4f14b2dbd066,true,downloadableSrc,200,image/webp,57282,57282,0d76775b5b882f3e8c781ded73d5c448def28dd8c402a856db49caf89aa570f9,1179,2676,,,bytescale.mobbin.com,f7a1807c1ac98ccf0eecf5078d61346ac9a94ca37a547f5708d580528c9e55c0,/Users/user/mobbin-sides/screen-flows/apple-music/013-apple-music-adjusting-vocal-volume-3300304c-440b-4c31-96c5-c0b9f6870257/001-cb958c7e-d09c-4a3c-95dd-4f14b2dbd066-downloadableSrc-0d76775b5b88.webp
3300304c-440b-4c31-96c5-c0b9f6870257,Adjusting vocal volume,90171ea7-acfd-47e1-b2dc-8e70956e9271,Apple Music,75fe0fa7-0cf8-4a06-8711-fd212f12e15f,1,2,d36c3dea-5c6e-4088-aaed-40d79b6407e3,true,downloadableSrc,200,image/webp,55222,55222,bf60c1780fa9cac443f518bef1bf506689e3855655264fba4e6d6b88395164b1,1179,2676,,,bytescale.mobbin.com,f7a1807c1ac98ccf0eecf5078d61346ac9a94ca37a547f5708d580528c9e55c0,/Users/user/mobbin-sides/screen-flows/apple-music/013-apple-music-adjusting-vocal-volume-3300304c-440b-4c31-96c5-c0b9f6870257/002-d36c3dea-5c6e-4088-aaed-40d79b6407e3-downloadableSrc-bf60c1780fa9.webp
3300304c-440b-4c31-96c5-c0b9f6870257,Adjusting vocal volume,90171ea7-acfd-47e1-b2dc-8e70956e9271,Apple Music,75fe0fa7-0cf8-4a06-8711-fd212f12e15f,2,3,d4a6d414-51a2-4b37-8a3a-aa279a037e0f,true,downloadableSrc,200,image/webp,61368,61368,5109d38394d0ea9c60a9960bf1c808f3c70a711833d3dfab4fd785c6d971fe63,1179,2676,,,bytescale.mobbin.com,f7a1807c1ac98ccf0eecf5078d61346ac9a94ca37a547f5708d580528c9e55c0,/Users/user/mobbin-sides/screen-flows/apple-music/013-apple-music-adjusting-vocal-volume-3300304c-440b-4c31-96c5-c0b9f6870257/003-d4a6d414-51a2-4b37-8a3a-aa279a037e0f-downloadableSrc-5109d38394d0.webp
c30f2a92-28ac-4ade-a9b7-431ff688609f,Hiding lyrics,90171ea7-acfd-47e1-b2dc-8e70956e9271,Apple Music,75fe0fa7-0cf8-4a06-8711-fd212f12e15f,0,1,cb958c7e-d09c-4a3c-95dd-4f14b2dbd066,true,downloadableSrc,200,image/webp,57282,57282,0d76775b5b882f3e8c781ded73d5c448def28dd8c402a856db49caf89aa570f9,1179,2676,,,bytescale.mobbin.com,f7a1807c1ac98ccf0eecf5078d61346ac9a94ca37a547f5708d580528c9e55c0,/Users/user/mobbin-sides/screen-flows/apple-music/014-apple-music-hiding-lyrics-c30f2a92-28ac-4ade-a9b7-431ff688609f/001-cb958c7e-d09c-4a3c-95dd-4f14b2dbd066-downloadableSrc-0d76775b5b88.webp
c30f2a92-28ac-4ade-a9b7-431ff688609f,Hiding lyrics,90171ea7-acfd-47e1-b2dc-8e70956e9271,Apple Music,75fe0fa7-0cf8-4a06-8711-fd212f12e15f,1,2,c2cbe777-b220-4f75-9872-d536ffce2da1,true,downloadableSrc,200,image/webp,119340,119340,18d10251b262501f0df30ac69b25937bf55cfd05ba3845ba805801972373eb30,1179,2676,,,bytescale.mobbin.com,f7a1807c1ac98ccf0eecf5078d61346ac9a94ca37a547f5708d580528c9e55c0,/Users/user/mobbin-sides/screen-flows/apple-music/014-apple-music-hiding-lyrics-c30f2a92-28ac-4ade-a9b7-431ff688609f/002-c2cbe777-b220-4f75-9872-d536ffce2da1-downloadableSrc-18d10251b262.webp
2dc5980e-9a7a-47fc-9a97-096449a69f00,Select sound output,90171ea7-acfd-47e1-b2dc-8e70956e9271,Apple Music,75fe0fa7-0cf8-4a06-8711-fd212f12e15f,0,1,cb958c7e-d09c-4a3c-95dd-4f14b2dbd066,true,downloadableSrc,200,image/webp,57282,57282,0d76775b5b882f3e8c781ded73d5c448def28dd8c402a856db49caf89aa570f9,1179,2676,,,bytescale.mobbin.com,f7a1807c1ac98ccf0eecf5078d61346ac9a94ca37a547f5708d580528c9e55c0,/Users/user/mobbin-sides/screen-flows/apple-music/015-apple-music-select-sound-output-2dc5980e-9a7a-47fc-9a97-096449a69f00/001-cb958c7e-d09c-4a3c-95dd-4f14b2dbd066-downloadableSrc-0d76775b5b88.webp
2dc5980e-9a7a-47fc-9a97-096449a69f00,Select sound output,90171ea7-acfd-47e1-b2dc-8e70956e9271,Apple Music,75fe0fa7-0cf8-4a06-8711-fd212f12e15f,1,2,6b829c48-c9b5-42ae-941e-43b5f49b47dd,true,downloadableSrc,200,image/webp,63076,63076,b5556fe28ad1c3f5877090be34038c54a58107d2321292f6ae123cb11c82f4cd,1179,2676,,,bytescale.mobbin.com,f7a1807c1ac98ccf0eecf5078d61346ac9a94ca37a547f5708d580528c9e55c0,/Users/user/mobbin-sides/screen-flows/apple-music/015-apple-music-select-sound-output-2dc5980e-9a7a-47fc-9a97-096449a69f00/002-6b829c48-c9b5-42ae-941e-43b5f49b47dd-downloadableSrc-b5556fe28ad1.webp
279cb2ae-0acf-4e94-8f39-0d875d48459b,Queue,90171ea7-acfd-47e1-b2dc-8e70956e9271,Apple Music,75fe0fa7-0cf8-4a06-8711-fd212f12e15f,0,1,cb958c7e-d09c-4a3c-95dd-4f14b2dbd066,true,downloadableSrc,200,image/webp,57282,57282,0d76775b5b882f3e8c781ded73d5c448def28dd8c402a856db49caf89aa570f9,1179,2676,,,bytescale.mobbin.com,f7a1807c1ac98ccf0eecf5078d61346ac9a94ca37a547f5708d580528c9e55c0,/Users/user/mobbin-sides/screen-flows/apple-music/016-apple-music-queue-279cb2ae-0acf-4e94-8f39-0d875d48459b/001-cb958c7e-d09c-4a3c-95dd-4f14b2dbd066-downloadableSrc-0d76775b5b88.webp
279cb2ae-0acf-4e94-8f39-0d875d48459b,Queue,90171ea7-acfd-47e1-b2dc-8e70956e9271,Apple Music,75fe0fa7-0cf8-4a06-8711-fd212f12e15f,1,2,e495e3ba-7040-4804-80a4-ee6b4967e504,true,downloadableSrc,200,image/webp,98918,98918,6a53418756e3523b21d449ea9b5b7e4d6be0984b6744f65b6e42d7b360ddcf00,1179,2676,,,bytescale.mobbin.com,f7a1807c1ac98ccf0eecf5078d61346ac9a94ca37a547f5708d580528c9e55c0,/Users/user/mobbin-sides/screen-flows/apple-music/016-apple-music-queue-279cb2ae-0acf-4e94-8f39-0d875d48459b/002-e495e3ba-7040-4804-80a4-ee6b4967e504-downloadableSrc-6a53418756e3.webp
279cb2ae-0acf-4e94-8f39-0d875d48459b,Queue,90171ea7-acfd-47e1-b2dc-8e70956e9271,Apple Music,75fe0fa7-0cf8-4a06-8711-fd212f12e15f,2,3,1ff809d9-009d-4d42-acb6-0d3db2680eab,true,downloadableSrc,200,image/webp,83620,83620,d987170451f2cc3019d7122560dd8a4a04d55e4c3aab7656c453c5ff0c87e2ba,1179,2676,,,bytescale.mobbin.com,f7a1807c1ac98ccf0eecf5078d61346ac9a94ca37a547f5708d580528c9e55c0,/Users/user/mobbin-sides/screen-flows/apple-music/016-apple-music-queue-279cb2ae-0acf-4e94-8f39-0d875d48459b/003-1ff809d9-009d-4d42-acb6-0d3db2680eab-downloadableSrc-d987170451f2.webp
8a391b55-357b-4f69-88cf-7b0202a7d44d,Adding to library,90171ea7-acfd-47e1-b2dc-8e70956e9271,Apple Music,75fe0fa7-0cf8-4a06-8711-fd212f12e15f,0,1,cb958c7e-d09c-4a3c-95dd-4f14b2dbd066,true,downloadableSrc,200,image/webp,57282,57282,0d76775b5b882f3e8c781ded73d5c448def28dd8c402a856db49caf89aa570f9,1179,2676,,,bytescale.mobbin.com,f7a1807c1ac98ccf0eecf5078d61346ac9a94ca37a547f5708d580528c9e55c0,/Users/user/mobbin-sides/screen-flows/apple-music/017-apple-music-adding-to-library-8a391b55-357b-4f69-88cf-7b0202a7d44d/001-cb958c7e-d09c-4a3c-95dd-4f14b2dbd066-downloadableSrc-0d76775b5b88.webp
8a391b55-357b-4f69-88cf-7b0202a7d44d,Adding to library,90171ea7-acfd-47e1-b2dc-8e70956e9271,Apple Music,75fe0fa7-0cf8-4a06-8711-fd212f12e15f,1,2,2fdb9db9-ee5c-4bf3-8673-853641f4c967,true,downloadableSrc,200,image/webp,64108,64108,48c659c715b9edff7ed44c4079f610d3356598427e7e2b5579e3f2a4f7f67cef,1179,2676,,,bytescale.mobbin.com,f7a1807c1ac98ccf0eecf5078d61346ac9a94ca37a547f5708d580528c9e55c0,/Users/user/mobbin-sides/screen-flows/apple-music/017-apple-music-adding-to-library-8a391b55-357b-4f69-88cf-7b0202a7d44d/002-2fdb9db9-ee5c-4bf3-8673-853641f4c967-downloadableSrc-48c659c715b9.webp
8a391b55-357b-4f69-88cf-7b0202a7d44d,Adding to library,90171ea7-acfd-47e1-b2dc-8e70956e9271,Apple Music,75fe0fa7-0cf8-4a06-8711-fd212f12e15f,2,3,9497991d-708e-4882-9da8-e9ca913eb16d,true,downloadableSrc,200,image/webp,56178,56178,fd52964c5b567415a28f0f920d1d12fa46f796b9825d6bea2b7271658740123c,1179,2676,,,bytescale.mobbin.com,f7a1807c1ac98ccf0eecf5078d61346ac9a94ca37a547f5708d580528c9e55c0,/Users/user/mobbin-sides/screen-flows/apple-music/017-apple-music-adding-to-library-8a391b55-357b-4f69-88cf-7b0202a7d44d/003-9497991d-708e-4882-9da8-e9ca913eb16d-downloadableSrc-fd52964c5b56.webp
55f01f7a-2a18-4d7b-8fcf-c4920c19a0ef,Favoriting a song,90171ea7-acfd-47e1-b2dc-8e70956e9271,Apple Music,75fe0fa7-0cf8-4a06-8711-fd212f12e15f,0,1,2fdb9db9-ee5c-4bf3-8673-853641f4c967,true,downloadableSrc,200,image/webp,64108,64108,48c659c715b9edff7ed44c4079f610d3356598427e7e2b5579e3f2a4f7f67cef,1179,2676,,,bytescale.mobbin.com,f7a1807c1ac98ccf0eecf5078d61346ac9a94ca37a547f5708d580528c9e55c0,/Users/user/mobbin-sides/screen-flows/apple-music/018-apple-music-favoriting-a-song-55f01f7a-2a18-4d7b-8fcf-c4920c19a0ef/001-2fdb9db9-ee5c-4bf3-8673-853641f4c967-downloadableSrc-48c659c715b9.webp
55f01f7a-2a18-4d7b-8fcf-c4920c19a0ef,Favoriting a song,90171ea7-acfd-47e1-b2dc-8e70956e9271,Apple Music,75fe0fa7-0cf8-4a06-8711-fd212f12e15f,1,2,0256b816-6004-4fac-8f40-85bfb72f7b7e,true,downloadableSrc,200,image/webp,62848,62848,0d78ccf70e2c32b2cf1772963856d64cec5074f2a2c1a55861a6bea40795afff,1179,2676,,,bytescale.mobbin.com,f7a1807c1ac98ccf0eecf5078d61346ac9a94ca37a547f5708d580528c9e55c0,/Users/user/mobbin-sides/screen-flows/apple-music/018-apple-music-favoriting-a-song-55f01f7a-2a18-4d7b-8fcf-c4920c19a0ef/002-0256b816-6004-4fac-8f40-85bfb72f7b7e-downloadableSrc-0d78ccf70e2c.webp
f16271f0-28a4-4894-b874-aa802efb12af,Share a song,90171ea7-acfd-47e1-b2dc-8e70956e9271,Apple Music,75fe0fa7-0cf8-4a06-8711-fd212f12e15f,0,1,2fdb9db9-ee5c-4bf3-8673-853641f4c967,true,downloadableSrc,200,image/webp,64108,64108,48c659c715b9edff7ed44c4079f610d3356598427e7e2b5579e3f2a4f7f67cef,1179,2676,,,bytescale.mobbin.com,f7a1807c1ac98ccf0eecf5078d61346ac9a94ca37a547f5708d580528c9e55c0,/Users/user/mobbin-sides/screen-flows/apple-music/019-apple-music-share-a-song-f16271f0-28a4-4894-b874-aa802efb12af/001-2fdb9db9-ee5c-4bf3-8673-853641f4c967-downloadableSrc-48c659c715b9.webp
f16271f0-28a4-4894-b874-aa802efb12af,Share a song,90171ea7-acfd-47e1-b2dc-8e70956e9271,Apple Music,75fe0fa7-0cf8-4a06-8711-fd212f12e15f,1,2,b92d1564-3388-4acb-8f0a-f2138b75de65,true,downloadableSrc,200,image/webp,103450,103450,71212b400d4c9c75777f32f2d6ee2cc1cb7ab00d42039136e8345791926683cf,1179,2676,,,bytescale.mobbin.com,f7a1807c1ac98ccf0eecf5078d61346ac9a94ca37a547f5708d580528c9e55c0,/Users/user/mobbin-sides/screen-flows/apple-music/019-apple-music-share-a-song-f16271f0-28a4-4894-b874-aa802efb12af/002-b92d1564-3388-4acb-8f0a-f2138b75de65-downloadableSrc-71212b400d4c.webp
f5c27974-3d0f-4cac-9acd-c51520f16bf1,Adding to a playlist,90171ea7-acfd-47e1-b2dc-8e70956e9271,Apple Music,75fe0fa7-0cf8-4a06-8711-fd212f12e15f,0,1,2fdb9db9-ee5c-4bf3-8673-853641f4c967,true,downloadableSrc,200,image/webp,64108,64108,48c659c715b9edff7ed44c4079f610d3356598427e7e2b5579e3f2a4f7f67cef,1179,2676,,,bytescale.mobbin.com,f7a1807c1ac98ccf0eecf5078d61346ac9a94ca37a547f5708d580528c9e55c0,/Users/user/mobbin-sides/screen-flows/apple-music/020-apple-music-adding-to-a-playlist-f5c27974-3d0f-4cac-9acd-c51520f16bf1/001-2fdb9db9-ee5c-4bf3-8673-853641f4c967-downloadableSrc-48c659c715b9.webp
f5c27974-3d0f-4cac-9acd-c51520f16bf1,Adding to a playlist,90171ea7-acfd-47e1-b2dc-8e70956e9271,Apple Music,75fe0fa7-0cf8-4a06-8711-fd212f12e15f,1,2,606fe8e5-ecf8-499b-84ad-a2708072c8cf,true,downloadableSrc,200,image/webp,26034,26034,1511dbc05a6863ce89120d2b44dcfeb27ea02f83be0380dc1abc04e677284f1e,1179,2676,,,bytescale.mobbin.com,f7a1807c1ac98ccf0eecf5078d61346ac9a94ca37a547f5708d580528c9e55c0,/Users/user/mobbin-sides/screen-flows/apple-music/020-apple-music-adding-to-a-playlist-f5c27974-3d0f-4cac-9acd-c51520f16bf1/002-606fe8e5-ecf8-499b-84ad-a2708072c8cf-downloadableSrc-1511dbc05a68.webp
f5c27974-3d0f-4cac-9acd-c51520f16bf1,Adding to a playlist,90171ea7-acfd-47e1-b2dc-8e70956e9271,Apple Music,75fe0fa7-0cf8-4a06-8711-fd212f12e15f,2,3,3a020c85-f4f1-42b5-a16a-8dac7c0b44e1,true,downloadableSrc,200,image/webp,56420,56420,6e35284832a8363a85420a9c186a6b77469e74408511927a7ae83690af61fc95,1179,2676,,,bytescale.mobbin.com,f7a1807c1ac98ccf0eecf5078d61346ac9a94ca37a547f5708d580528c9e55c0,/Users/user/mobbin-sides/screen-flows/apple-music/020-apple-music-adding-to-a-playlist-f5c27974-3d0f-4cac-9acd-c51520f16bf1/003-3a020c85-f4f1-42b5-a16a-8dac7c0b44e1-downloadableSrc-6e35284832a8.webp
f5c27974-3d0f-4cac-9acd-c51520f16bf1,Adding to a playlist,90171ea7-acfd-47e1-b2dc-8e70956e9271,Apple Music,75fe0fa7-0cf8-4a06-8711-fd212f12e15f,3,4,20cd7d9a-77b7-412b-9581-a71b35bdb00f,true,downloadableSrc,200,image/webp,54084,54084,03e01cd5718b24df09a1b7d1ba5d0d8f658c84d759b321d0694f41462c6e4b81,1179,2676,,,bytescale.mobbin.com,f7a1807c1ac98ccf0eecf5078d61346ac9a94ca37a547f5708d580528c9e55c0,/Users/user/mobbin-sides/screen-flows/apple-music/020-apple-music-adding-to-a-playlist-f5c27974-3d0f-4cac-9acd-c51520f16bf1/004-20cd7d9a-77b7-412b-9581-a71b35bdb00f-downloadableSrc-03e01cd5718b.webp
f5c27974-3d0f-4cac-9acd-c51520f16bf1,Adding to a playlist,90171ea7-acfd-47e1-b2dc-8e70956e9271,Apple Music,75fe0fa7-0cf8-4a06-8711-fd212f12e15f,4,5,f480fe3d-d417-411f-bff5-aeaabc3bcd56,true,downloadableSrc,200,image/webp,56048,56048,172a96a36d6a896b24a1394d8cb1af8495e7fa342ca87e2bf5cd5004f45388a8,1179,2676,,,bytescale.mobbin.com,f7a1807c1ac98ccf0eecf5078d61346ac9a94ca37a547f5708d580528c9e55c0,/Users/user/mobbin-sides/screen-flows/apple-music/020-apple-music-adding-to-a-playlist-f5c27974-3d0f-4cac-9acd-c51520f16bf1/005-f480fe3d-d417-411f-bff5-aeaabc3bcd56-downloadableSrc-172a96a36d6a.webp
f5c27974-3d0f-4cac-9acd-c51520f16bf1,Adding to a playlist,90171ea7-acfd-47e1-b2dc-8e70956e9271,Apple Music,75fe0fa7-0cf8-4a06-8711-fd212f12e15f,5,6,2a461f9d-bec4-4668-9622-7f725516843b,true,downloadableSrc,200,image/webp,33118,33118,85cf9bb0c63213c1bbe292f8633e434df948bd0d3c75e3a2d347045704f3bd54,1179,2676,,,bytescale.mobbin.com,f7a1807c1ac98ccf0eecf5078d61346ac9a94ca37a547f5708d580528c9e55c0,/Users/user/mobbin-sides/screen-flows/apple-music/020-apple-music-adding-to-a-playlist-f5c27974-3d0f-4cac-9acd-c51520f16bf1/006-2a461f9d-bec4-4668-9622-7f725516843b-downloadableSrc-85cf9bb0c632.webp
f5c27974-3d0f-4cac-9acd-c51520f16bf1,Adding to a playlist,90171ea7-acfd-47e1-b2dc-8e70956e9271,Apple Music,75fe0fa7-0cf8-4a06-8711-fd212f12e15f,6,7,cc5e5fd9-cb72-48d6-abb9-1d08aa8b0942,true,downloadableSrc,200,image/webp,54266,54266,6baf65a6a061aea3c66bb2d9dee2f62e4addabd4481291bb38dd12b77ef257e8,1179,2676,,,bytescale.mobbin.com,f7a1807c1ac98ccf0eecf5078d61346ac9a94ca37a547f5708d580528c9e55c0,/Users/user/mobbin-sides/screen-flows/apple-music/020-apple-music-adding-to-a-playlist-f5c27974-3d0f-4cac-9acd-c51520f16bf1/007-cc5e5fd9-cb72-48d6-abb9-1d08aa8b0942-downloadableSrc-6baf65a6a061.webp
bcdea9c7-5531-409f-ab13-09656b381897,Creating a station,90171ea7-acfd-47e1-b2dc-8e70956e9271,Apple Music,75fe0fa7-0cf8-4a06-8711-fd212f12e15f,0,1,2fdb9db9-ee5c-4bf3-8673-853641f4c967,true,downloadableSrc,200,image/webp,64108,64108,48c659c715b9edff7ed44c4079f610d3356598427e7e2b5579e3f2a4f7f67cef,1179,2676,,,bytescale.mobbin.com,f7a1807c1ac98ccf0eecf5078d61346ac9a94ca37a547f5708d580528c9e55c0,/Users/user/mobbin-sides/screen-flows/apple-music/021-apple-music-creating-a-station-bcdea9c7-5531-409f-ab13-09656b381897/001-2fdb9db9-ee5c-4bf3-8673-853641f4c967-downloadableSrc-48c659c715b9.webp
bcdea9c7-5531-409f-ab13-09656b381897,Creating a station,90171ea7-acfd-47e1-b2dc-8e70956e9271,Apple Music,75fe0fa7-0cf8-4a06-8711-fd212f12e15f,1,2,d869e223-b0f8-4cec-a965-c1955fe513c6,true,downloadableSrc,200,image/webp,51178,51178,173f0c2568a4486f26233b62c27793e55ab913e94650f148bd56d3e027b57c92,1179,2676,,,bytescale.mobbin.com,f7a1807c1ac98ccf0eecf5078d61346ac9a94ca37a547f5708d580528c9e55c0,/Users/user/mobbin-sides/screen-flows/apple-music/021-apple-music-creating-a-station-bcdea9c7-5531-409f-ab13-09656b381897/002-d869e223-b0f8-4cec-a965-c1955fe513c6-downloadableSrc-173f0c2568a4.webp
e9d6e06b-c06d-4647-8749-723ed134801d,Album detail,90171ea7-acfd-47e1-b2dc-8e70956e9271,Apple Music,75fe0fa7-0cf8-4a06-8711-fd212f12e15f,0,1,2fdb9db9-ee5c-4bf3-8673-853641f4c967,true,downloadableSrc,200,image/webp,64108,64108,48c659c715b9edff7ed44c4079f610d3356598427e7e2b5579e3f2a4f7f67cef,1179,2676,,,bytescale.mobbin.com,f7a1807c1ac98ccf0eecf5078d61346ac9a94ca37a547f5708d580528c9e55c0,/Users/user/mobbin-sides/screen-flows/apple-music/022-apple-music-album-detail-e9d6e06b-c06d-4647-8749-723ed134801d/001-2fdb9db9-ee5c-4bf3-8673-853641f4c967-downloadableSrc-48c659c715b9.webp
e9d6e06b-c06d-4647-8749-723ed134801d,Album detail,90171ea7-acfd-47e1-b2dc-8e70956e9271,Apple Music,75fe0fa7-0cf8-4a06-8711-fd212f12e15f,1,2,c76bda04-1024-49ff-99a4-19ea112e6fe3,true,downloadableSrc,200,image/webp,137354,137354,d5c78e7fdf8c89dc94ed017572b65e0778f209ac0baec67ca989ba6404fe8802,1179,2676,,,bytescale.mobbin.com,f7a1807c1ac98ccf0eecf5078d61346ac9a94ca37a547f5708d580528c9e55c0,/Users/user/mobbin-sides/screen-flows/apple-music/022-apple-music-album-detail-e9d6e06b-c06d-4647-8749-723ed134801d/002-c76bda04-1024-49ff-99a4-19ea112e6fe3-downloadableSrc-d5c78e7fdf8c.webp
e9d6e06b-c06d-4647-8749-723ed134801d,Album detail,90171ea7-acfd-47e1-b2dc-8e70956e9271,Apple Music,75fe0fa7-0cf8-4a06-8711-fd212f12e15f,2,3,cbc1732f-d3cb-490a-8392-d2a7cec5acd9,true,downloadableSrc,200,image/webp,95114,95114,47736723a28fcca67b4f35227a1c95291c015b819bfd24bd6c6e41720ca7d5e8,1179,2676,,,bytescale.mobbin.com,f7a1807c1ac98ccf0eecf5078d61346ac9a94ca37a547f5708d580528c9e55c0,/Users/user/mobbin-sides/screen-flows/apple-music/022-apple-music-album-detail-e9d6e06b-c06d-4647-8749-723ed134801d/003-cbc1732f-d3cb-490a-8392-d2a7cec5acd9-downloadableSrc-47736723a28f.webp
e9d6e06b-c06d-4647-8749-723ed134801d,Album detail,90171ea7-acfd-47e1-b2dc-8e70956e9271,Apple Music,75fe0fa7-0cf8-4a06-8711-fd212f12e15f,3,4,2309c3c2-2208-4d78-b8f5-7754acbaeec8,true,downloadableSrc,200,image/webp,165784,165784,0367b4f12ecad6667ee10a8862bc7b51c02925b00289a7b3e3ecf01a522ba092,1179,2676,,,bytescale.mobbin.com,f7a1807c1ac98ccf0eecf5078d61346ac9a94ca37a547f5708d580528c9e55c0,/Users/user/mobbin-sides/screen-flows/apple-music/022-apple-music-album-detail-e9d6e06b-c06d-4647-8749-723ed134801d/004-2309c3c2-2208-4d78-b8f5-7754acbaeec8-downloadableSrc-0367b4f12eca.webp
c226330c-007d-440e-bc7b-fb44bf4125ea,Deleting from library,90171ea7-acfd-47e1-b2dc-8e70956e9271,Apple Music,75fe0fa7-0cf8-4a06-8711-fd212f12e15f,0,1,c76bda04-1024-49ff-99a4-19ea112e6fe3,true,downloadableSrc,200,image/webp,137354,137354,d5c78e7fdf8c89dc94ed017572b65e0778f209ac0baec67ca989ba6404fe8802,1179,2676,,,bytescale.mobbin.com,f7a1807c1ac98ccf0eecf5078d61346ac9a94ca37a547f5708d580528c9e55c0,/Users/user/mobbin-sides/screen-flows/apple-music/023-apple-music-deleting-from-library-c226330c-007d-440e-bc7b-fb44bf4125ea/001-c76bda04-1024-49ff-99a4-19ea112e6fe3-downloadableSrc-d5c78e7fdf8c.webp
c226330c-007d-440e-bc7b-fb44bf4125ea,Deleting from library,90171ea7-acfd-47e1-b2dc-8e70956e9271,Apple Music,75fe0fa7-0cf8-4a06-8711-fd212f12e15f,1,2,dd6b851f-d4b0-4288-a32d-f77f3b8e156f,true,downloadableSrc,200,image/webp,113140,113140,92390520682c7a1fd19d5a40d3dc8c68b3b9e450f4b12c71801d67eebab214f4,1179,2676,,,bytescale.mobbin.com,f7a1807c1ac98ccf0eecf5078d61346ac9a94ca37a547f5708d580528c9e55c0,/Users/user/mobbin-sides/screen-flows/apple-music/023-apple-music-deleting-from-library-c226330c-007d-440e-bc7b-fb44bf4125ea/002-dd6b851f-d4b0-4288-a32d-f77f3b8e156f-downloadableSrc-92390520682c.webp
c226330c-007d-440e-bc7b-fb44bf4125ea,Deleting from library,90171ea7-acfd-47e1-b2dc-8e70956e9271,Apple Music,75fe0fa7-0cf8-4a06-8711-fd212f12e15f,2,3,2c211a27-d000-451b-8aaf-232a64502ccf,true,downloadableSrc,200,image/webp,114710,114710,a460a8a4ff1e410c202a73bd4caec74e45262cb2994924506a7d6ce326070f1a,1179,2676,,,bytescale.mobbin.com,f7a1807c1ac98ccf0eecf5078d61346ac9a94ca37a547f5708d580528c9e55c0,/Users/user/mobbin-sides/screen-flows/apple-music/023-apple-music-deleting-from-library-c226330c-007d-440e-bc7b-fb44bf4125ea/003-2c211a27-d000-451b-8aaf-232a64502ccf-downloadableSrc-a460a8a4ff1e.webp
c226330c-007d-440e-bc7b-fb44bf4125ea,Deleting from library,90171ea7-acfd-47e1-b2dc-8e70956e9271,Apple Music,75fe0fa7-0cf8-4a06-8711-fd212f12e15f,3,4,983fe71d-91ab-48bc-86aa-c69c08a6f5ac,true,downloadableSrc,200,image/webp,122474,122474,74d5a5cc3e8e820cfb6a1e33327945c63e7b9d139184665fb2becb1bdd1be54a,1179,2676,,,bytescale.mobbin.com,f7a1807c1ac98ccf0eecf5078d61346ac9a94ca37a547f5708d580528c9e55c0,/Users/user/mobbin-sides/screen-flows/apple-music/023-apple-music-deleting-from-library-c226330c-007d-440e-bc7b-fb44bf4125ea/004-983fe71d-91ab-48bc-86aa-c69c08a6f5ac-downloadableSrc-74d5a5cc3e8e.webp
891b4b06-c06c-4f14-ba8d-6369c9e863a7,Song credits,90171ea7-acfd-47e1-b2dc-8e70956e9271,Apple Music,75fe0fa7-0cf8-4a06-8711-fd212f12e15f,0,1,2fdb9db9-ee5c-4bf3-8673-853641f4c967,true,downloadableSrc,200,image/webp,64108,64108,48c659c715b9edff7ed44c4079f610d3356598427e7e2b5579e3f2a4f7f67cef,1179,2676,,,bytescale.mobbin.com,f7a1807c1ac98ccf0eecf5078d61346ac9a94ca37a547f5708d580528c9e55c0,/Users/user/mobbin-sides/screen-flows/apple-music/024-apple-music-song-credits-891b4b06-c06c-4f14-ba8d-6369c9e863a7/001-2fdb9db9-ee5c-4bf3-8673-853641f4c967-downloadableSrc-48c659c715b9.webp
891b4b06-c06c-4f14-ba8d-6369c9e863a7,Song credits,90171ea7-acfd-47e1-b2dc-8e70956e9271,Apple Music,75fe0fa7-0cf8-4a06-8711-fd212f12e15f,1,2,e809f6a3-8f2b-4a22-9c02-e9a33cdd88ce,true,downloadableSrc,200,image/webp,107190,107190,65211da369ffb3cb36f86b7001549c5aa006fe3cc8c93225f7cfd0f4ce7ffa70,1179,2676,,,bytescale.mobbin.com,f7a1807c1ac98ccf0eecf5078d61346ac9a94ca37a547f5708d580528c9e55c0,/Users/user/mobbin-sides/screen-flows/apple-music/024-apple-music-song-credits-891b4b06-c06c-4f14-ba8d-6369c9e863a7/002-e809f6a3-8f2b-4a22-9c02-e9a33cdd88ce-downloadableSrc-65211da369ff.webp
891b4b06-c06c-4f14-ba8d-6369c9e863a7,Song credits,90171ea7-acfd-47e1-b2dc-8e70956e9271,Apple Music,75fe0fa7-0cf8-4a06-8711-fd212f12e15f,2,3,701dfd32-4d54-4805-9faa-3f0f53369b56,true,downloadableSrc,200,image/webp,105754,105754,c8a1466b3d7aae680d20884950e844315ff3a42a7df87c4f974d2ebe6029347b,1179,2676,,,bytescale.mobbin.com,f7a1807c1ac98ccf0eecf5078d61346ac9a94ca37a547f5708d580528c9e55c0,/Users/user/mobbin-sides/screen-flows/apple-music/024-apple-music-song-credits-891b4b06-c06c-4f14-ba8d-6369c9e863a7/003-701dfd32-4d54-4805-9faa-3f0f53369b56-downloadableSrc-c8a1466b3d7a.webp
e0835677-a285-4555-b6ff-e25b5baca815,Share lyrics,90171ea7-acfd-47e1-b2dc-8e70956e9271,Apple Music,75fe0fa7-0cf8-4a06-8711-fd212f12e15f,0,1,2fdb9db9-ee5c-4bf3-8673-853641f4c967,true,downloadableSrc,200,image/webp,64108,64108,48c659c715b9edff7ed44c4079f610d3356598427e7e2b5579e3f2a4f7f67cef,1179,2676,,,bytescale.mobbin.com,f7a1807c1ac98ccf0eecf5078d61346ac9a94ca37a547f5708d580528c9e55c0,/Users/user/mobbin-sides/screen-flows/apple-music/025-apple-music-share-lyrics-e0835677-a285-4555-b6ff-e25b5baca815/001-2fdb9db9-ee5c-4bf3-8673-853641f4c967-downloadableSrc-48c659c715b9.webp
e0835677-a285-4555-b6ff-e25b5baca815,Share lyrics,90171ea7-acfd-47e1-b2dc-8e70956e9271,Apple Music,75fe0fa7-0cf8-4a06-8711-fd212f12e15f,1,2,857cb328-60ff-4db3-a7bf-15a8baaed97d,true,downloadableSrc,200,image/webp,84952,84952,ecde13a768348f31ed3ff898256899f6c4ba43aa0e1c044919241a4c57daa0fb,1179,2676,,,bytescale.mobbin.com,f7a1807c1ac98ccf0eecf5078d61346ac9a94ca37a547f5708d580528c9e55c0,/Users/user/mobbin-sides/screen-flows/apple-music/025-apple-music-share-lyrics-e0835677-a285-4555-b6ff-e25b5baca815/002-857cb328-60ff-4db3-a7bf-15a8baaed97d-downloadableSrc-ecde13a76834.webp
b35eeb1d-74bd-46e5-98b2-1313919eaca0,Reporting a concern,90171ea7-acfd-47e1-b2dc-8e70956e9271,Apple Music,75fe0fa7-0cf8-4a06-8711-fd212f12e15f,0,1,2fdb9db9-ee5c-4bf3-8673-853641f4c967,true,downloadableSrc,200,image/webp,64108,64108,48c659c715b9edff7ed44c4079f610d3356598427e7e2b5579e3f2a4f7f67cef,1179,2676,,,bytescale.mobbin.com,f7a1807c1ac98ccf0eecf5078d61346ac9a94ca37a547f5708d580528c9e55c0,/Users/user/mobbin-sides/screen-flows/apple-music/026-apple-music-reporting-a-concern-b35eeb1d-74bd-46e5-98b2-1313919eaca0/001-2fdb9db9-ee5c-4bf3-8673-853641f4c967-downloadableSrc-48c659c715b9.webp
b35eeb1d-74bd-46e5-98b2-1313919eaca0,Reporting a concern,90171ea7-acfd-47e1-b2dc-8e70956e9271,Apple Music,75fe0fa7-0cf8-4a06-8711-fd212f12e15f,1,2,693fb120-8cf0-4db1-9ddb-4872ba7fb549,true,downloadableSrc,200,image/webp,68304,68304,b2ed2ee1e196ee07a88080864db06733131b0c064c238118354ce9470ed2df0b,1179,2676,,,bytescale.mobbin.com,f7a1807c1ac98ccf0eecf5078d61346ac9a94ca37a547f5708d580528c9e55c0,/Users/user/mobbin-sides/screen-flows/apple-music/026-apple-music-reporting-a-concern-b35eeb1d-74bd-46e5-98b2-1313919eaca0/002-693fb120-8cf0-4db1-9ddb-4872ba7fb549-downloadableSrc-b2ed2ee1e196.webp
b35eeb1d-74bd-46e5-98b2-1313919eaca0,Reporting a concern,90171ea7-acfd-47e1-b2dc-8e70956e9271,Apple Music,75fe0fa7-0cf8-4a06-8711-fd212f12e15f,2,3,a198c028-a1ab-4ad9-a347-73367493eee3,true,downloadableSrc,200,image/webp,68898,68898,b411efabe7e01a6d65fda7c69266b70f6337704708c9a0f88e0133d0677dc3d1,1179,2676,,,bytescale.mobbin.com,f7a1807c1ac98ccf0eecf5078d61346ac9a94ca37a547f5708d580528c9e55c0,/Users/user/mobbin-sides/screen-flows/apple-music/026-apple-music-reporting-a-concern-b35eeb1d-74bd-46e5-98b2-1313919eaca0/003-a198c028-a1ab-4ad9-a347-73367493eee3-downloadableSrc-b411efabe7e0.webp
b35eeb1d-74bd-46e5-98b2-1313919eaca0,Reporting a concern,90171ea7-acfd-47e1-b2dc-8e70956e9271,Apple Music,75fe0fa7-0cf8-4a06-8711-fd212f12e15f,3,4,a5c5547c-6640-41ea-bed4-bb50ae6f3b41,true,downloadableSrc,200,image/webp,61504,61504,9809af482482b64d23eb35724957b480dff6aaf285661e9b80b38c793cd4b37d,1179,2676,,,bytescale.mobbin.com,f7a1807c1ac98ccf0eecf5078d61346ac9a94ca37a547f5708d580528c9e55c0,/Users/user/mobbin-sides/screen-flows/apple-music/026-apple-music-reporting-a-concern-b35eeb1d-74bd-46e5-98b2-1313919eaca0/004-a5c5547c-6640-41ea-bed4-bb50ae6f3b41-downloadableSrc-9809af482482.webp
b35eeb1d-74bd-46e5-98b2-1313919eaca0,Reporting a concern,90171ea7-acfd-47e1-b2dc-8e70956e9271,Apple Music,75fe0fa7-0cf8-4a06-8711-fd212f12e15f,4,5,a52b117c-3fe0-448b-b6dd-0e66506fa159,true,downloadableSrc,200,image/webp,71942,71942,3b23560238c9e889d9f6b80c944043bb3f537917f1bf484a7d007ea0f68242e4,1179,2676,,,bytescale.mobbin.com,f7a1807c1ac98ccf0eecf5078d61346ac9a94ca37a547f5708d580528c9e55c0,/Users/user/mobbin-sides/screen-flows/apple-music/026-apple-music-reporting-a-concern-b35eeb1d-74bd-46e5-98b2-1313919eaca0/005-a52b117c-3fe0-448b-b6dd-0e66506fa159-downloadableSrc-3b23560238c9.webp
b35eeb1d-74bd-46e5-98b2-1313919eaca0,Reporting a concern,90171ea7-acfd-47e1-b2dc-8e70956e9271,Apple Music,75fe0fa7-0cf8-4a06-8711-fd212f12e15f,5,6,5c60677c-786a-4bac-b4fc-8cadf1750dfe,true,downloadableSrc,200,image/webp,50654,50654,10f3bcb319eea428ac4b6b94fa9278c81c799ae19c5c1eee0ae22eefedaef011,1179,2676,,,bytescale.mobbin.com,f7a1807c1ac98ccf0eecf5078d61346ac9a94ca37a547f5708d580528c9e55c0,/Users/user/mobbin-sides/screen-flows/apple-music/026-apple-music-reporting-a-concern-b35eeb1d-74bd-46e5-98b2-1313919eaca0/006-5c60677c-786a-4bac-b4fc-8cadf1750dfe-downloadableSrc-10f3bcb319ee.webp
0c54265b-cb9f-46a4-8abd-6785e8194460,Artist profile,90171ea7-acfd-47e1-b2dc-8e70956e9271,Apple Music,75fe0fa7-0cf8-4a06-8711-fd212f12e15f,0,1,cb958c7e-d09c-4a3c-95dd-4f14b2dbd066,true,downloadableSrc,200,image/webp,57282,57282,0d76775b5b882f3e8c781ded73d5c448def28dd8c402a856db49caf89aa570f9,1179,2676,,,bytescale.mobbin.com,f7a1807c1ac98ccf0eecf5078d61346ac9a94ca37a547f5708d580528c9e55c0,/Users/user/mobbin-sides/screen-flows/apple-music/027-apple-music-artist-profile-0c54265b-cb9f-46a4-8abd-6785e8194460/001-cb958c7e-d09c-4a3c-95dd-4f14b2dbd066-downloadableSrc-0d76775b5b88.webp
0c54265b-cb9f-46a4-8abd-6785e8194460,Artist profile,90171ea7-acfd-47e1-b2dc-8e70956e9271,Apple Music,75fe0fa7-0cf8-4a06-8711-fd212f12e15f,1,2,2c53d974-bdb8-4429-9538-17ac15f9dc05,true,downloadableSrc,200,image/webp,54094,54094,f327fe637bb9b485d4cdfeaab91f1f08331c17b4e08ee01ad6ffe321d4f1dcfb,1179,2676,,,bytescale.mobbin.com,f7a1807c1ac98ccf0eecf5078d61346ac9a94ca37a547f5708d580528c9e55c0,/Users/user/mobbin-sides/screen-flows/apple-music/027-apple-music-artist-profile-0c54265b-cb9f-46a4-8abd-6785e8194460/002-2c53d974-bdb8-4429-9538-17ac15f9dc05-downloadableSrc-f327fe637bb9.webp
0c54265b-cb9f-46a4-8abd-6785e8194460,Artist profile,90171ea7-acfd-47e1-b2dc-8e70956e9271,Apple Music,75fe0fa7-0cf8-4a06-8711-fd212f12e15f,2,3,47168de5-de46-4cbf-affd-e56fff961b48,true,downloadableSrc,200,image/webp,155144,155144,45ab7f44e98f4eabc978ceafd7e8b58e0ff5aedf2f0cd537addab2ecbe68ecb6,1179,2676,,,bytescale.mobbin.com,f7a1807c1ac98ccf0eecf5078d61346ac9a94ca37a547f5708d580528c9e55c0,/Users/user/mobbin-sides/screen-flows/apple-music/027-apple-music-artist-profile-0c54265b-cb9f-46a4-8abd-6785e8194460/003-47168de5-de46-4cbf-affd-e56fff961b48-downloadableSrc-45ab7f44e98f.webp
0c54265b-cb9f-46a4-8abd-6785e8194460,Artist profile,90171ea7-acfd-47e1-b2dc-8e70956e9271,Apple Music,75fe0fa7-0cf8-4a06-8711-fd212f12e15f,3,4,9641ddc6-837c-44f6-a238-e68c527fc100,true,downloadableSrc,200,image/webp,165710,165710,3d9ee6a256803e5c792dc52b40cfedc06693d733956fd61b83f343836ccf5af9,1179,2676,,,bytescale.mobbin.com,f7a1807c1ac98ccf0eecf5078d61346ac9a94ca37a547f5708d580528c9e55c0,/Users/user/mobbin-sides/screen-flows/apple-music/027-apple-music-artist-profile-0c54265b-cb9f-46a4-8abd-6785e8194460/004-9641ddc6-837c-44f6-a238-e68c527fc100-downloadableSrc-3d9ee6a25680.webp
0c54265b-cb9f-46a4-8abd-6785e8194460,Artist profile,90171ea7-acfd-47e1-b2dc-8e70956e9271,Apple Music,75fe0fa7-0cf8-4a06-8711-fd212f12e15f,4,5,282b1a86-c724-4251-88fc-6b2504a565b1,true,downloadableSrc,200,image/webp,188678,188678,b8ead57144aa34a9e57dd9a70ef839cb2a7dfe2ccc742bb6689f0913307d11e8,1179,2676,,,bytescale.mobbin.com,f7a1807c1ac98ccf0eecf5078d61346ac9a94ca37a547f5708d580528c9e55c0,/Users/user/mobbin-sides/screen-flows/apple-music/027-apple-music-artist-profile-0c54265b-cb9f-46a4-8abd-6785e8194460/005-282b1a86-c724-4251-88fc-6b2504a565b1-downloadableSrc-b8ead57144aa.webp
0c54265b-cb9f-46a4-8abd-6785e8194460,Artist profile,90171ea7-acfd-47e1-b2dc-8e70956e9271,Apple Music,75fe0fa7-0cf8-4a06-8711-fd212f12e15f,5,6,9da28625-e2c0-4af9-a5d8-5c275f2059de,true,downloadableSrc,200,image/webp,214638,214638,ab973752eee6dd0d70853057cd50f5f86cbefa1eb8c2247c990a03539fb27901,1179,2676,,,bytescale.mobbin.com,f7a1807c1ac98ccf0eecf5078d61346ac9a94ca37a547f5708d580528c9e55c0,/Users/user/mobbin-sides/screen-flows/apple-music/027-apple-music-artist-profile-0c54265b-cb9f-46a4-8abd-6785e8194460/006-9da28625-e2c0-4af9-a5d8-5c275f2059de-downloadableSrc-ab973752eee6.webp
0c54265b-cb9f-46a4-8abd-6785e8194460,Artist profile,90171ea7-acfd-47e1-b2dc-8e70956e9271,Apple Music,75fe0fa7-0cf8-4a06-8711-fd212f12e15f,6,7,8cc144cb-f882-4ddf-877d-0df3bf9fb538,true,downloadableSrc,200,image/webp,136416,136416,0372c2e6803548b68048fa9502345153b7d3498f9e15ec3fb1cfa8fbd434e556,1179,2676,,,bytescale.mobbin.com,f7a1807c1ac98ccf0eecf5078d61346ac9a94ca37a547f5708d580528c9e55c0,/Users/user/mobbin-sides/screen-flows/apple-music/027-apple-music-artist-profile-0c54265b-cb9f-46a4-8abd-6785e8194460/007-8cc144cb-f882-4ddf-877d-0df3bf9fb538-downloadableSrc-0372c2e68035.webp
ad9df7d5-048c-4d6c-9541-daf54421926f,Watching a video,90171ea7-acfd-47e1-b2dc-8e70956e9271,Apple Music,75fe0fa7-0cf8-4a06-8711-fd212f12e15f,0,1,f7811d48-3df5-4984-b420-82d0cd75f0d0,true,downloadableSrc,200,image/webp,188160,188160,947bd261fa49aec1bac081f38a481ccf5e9bbdfba336fa0d31c0625fbe0da3cd,1179,2676,,,bytescale.mobbin.com,f7a1807c1ac98ccf0eecf5078d61346ac9a94ca37a547f5708d580528c9e55c0,/Users/user/mobbin-sides/screen-flows/apple-music/028-apple-music-watching-a-video-ad9df7d5-048c-4d6c-9541-daf54421926f/001-f7811d48-3df5-4984-b420-82d0cd75f0d0-downloadableSrc-947bd261fa49.webp
ad9df7d5-048c-4d6c-9541-daf54421926f,Watching a video,90171ea7-acfd-47e1-b2dc-8e70956e9271,Apple Music,75fe0fa7-0cf8-4a06-8711-fd212f12e15f,1,2,078fb907-201e-446e-b624-0999a77e84aa,true,downloadableSrc,200,image/webp,70698,70698,f3694e3fec3514da81ab284f836674ac5c401360a597dac121c1641bd5912f30,1179,2676,,,bytescale.mobbin.com,f7a1807c1ac98ccf0eecf5078d61346ac9a94ca37a547f5708d580528c9e55c0,/Users/user/mobbin-sides/screen-flows/apple-music/028-apple-music-watching-a-video-ad9df7d5-048c-4d6c-9541-daf54421926f/002-078fb907-201e-446e-b624-0999a77e84aa-downloadableSrc-f3694e3fec35.webp
ad9df7d5-048c-4d6c-9541-daf54421926f,Watching a video,90171ea7-acfd-47e1-b2dc-8e70956e9271,Apple Music,75fe0fa7-0cf8-4a06-8711-fd212f12e15f,2,3,5a0681ac-ef2a-481d-ae2b-2785dba40a0d,true,downloadableSrc,200,image/webp,32810,32810,9e3907473f993c76e534b4c253a30400ddc9c35d0cbbec43f4520bde6199d922,1179,2676,,,bytescale.mobbin.com,f7a1807c1ac98ccf0eecf5078d61346ac9a94ca37a547f5708d580528c9e55c0,/Users/user/mobbin-sides/screen-flows/apple-music/028-apple-music-watching-a-video-ad9df7d5-048c-4d6c-9541-daf54421926f/003-5a0681ac-ef2a-481d-ae2b-2785dba40a0d-downloadableSrc-9e3907473f99.webp
ad9df7d5-048c-4d6c-9541-daf54421926f,Watching a video,90171ea7-acfd-47e1-b2dc-8e70956e9271,Apple Music,75fe0fa7-0cf8-4a06-8711-fd212f12e15f,3,4,6e49f9e3-b63f-4d99-a695-47f3c5221959,true,downloadableSrc,200,image/webp,34950,34950,80dc392f64fc48375d941923ae11546136552c22d94e92cdd8ea0b475d861533,1179,2676,,,bytescale.mobbin.com,f7a1807c1ac98ccf0eecf5078d61346ac9a94ca37a547f5708d580528c9e55c0,/Users/user/mobbin-sides/screen-flows/apple-music/028-apple-music-watching-a-video-ad9df7d5-048c-4d6c-9541-daf54421926f/004-6e49f9e3-b63f-4d99-a695-47f3c5221959-downloadableSrc-80dc392f64fc.webp
79755c3a-fc3f-4554-ae49-4a66b4c3efe7,Charts,90171ea7-acfd-47e1-b2dc-8e70956e9271,Apple Music,75fe0fa7-0cf8-4a06-8711-fd212f12e15f,0,1,8c9a4984-d2c0-43b6-bb18-828aedf8aa32,true,downloadableSrc,200,image/webp,144444,144444,bec233728ba6f422ffd9d137449d38318fb15dc91db77e09b9bd0eef274f1318,1179,2676,,,bytescale.mobbin.com,f7a1807c1ac98ccf0eecf5078d61346ac9a94ca37a547f5708d580528c9e55c0,/Users/user/mobbin-sides/screen-flows/apple-music/029-apple-music-charts-79755c3a-fc3f-4554-ae49-4a66b4c3efe7/001-8c9a4984-d2c0-43b6-bb18-828aedf8aa32-downloadableSrc-bec233728ba6.webp
79755c3a-fc3f-4554-ae49-4a66b4c3efe7,Charts,90171ea7-acfd-47e1-b2dc-8e70956e9271,Apple Music,75fe0fa7-0cf8-4a06-8711-fd212f12e15f,1,2,9ec32722-c5b8-404f-9163-1986c24ce627,true,downloadableSrc,200,image/webp,215844,215844,5d46655eafa3de14d14906da9b5f29fa0a2819d216bfd14562c90373788e4c52,1179,2676,,,bytescale.mobbin.com,f7a1807c1ac98ccf0eecf5078d61346ac9a94ca37a547f5708d580528c9e55c0,/Users/user/mobbin-sides/screen-flows/apple-music/029-apple-music-charts-79755c3a-fc3f-4554-ae49-4a66b4c3efe7/002-9ec32722-c5b8-404f-9163-1986c24ce627-downloadableSrc-5d46655eafa3.webp
79755c3a-fc3f-4554-ae49-4a66b4c3efe7,Charts,90171ea7-acfd-47e1-b2dc-8e70956e9271,Apple Music,75fe0fa7-0cf8-4a06-8711-fd212f12e15f,2,3,d249aade-1464-4df3-aa7a-80d5a5a9aab2,true,downloadableSrc,200,image/webp,240434,240434,381888a9e7abb0f273c85fe6b5fceac4b7a6e94f5e85b3951f492d8dac37ece7,1179,2676,,,bytescale.mobbin.com,f7a1807c1ac98ccf0eecf5078d61346ac9a94ca37a547f5708d580528c9e55c0,/Users/user/mobbin-sides/screen-flows/apple-music/029-apple-music-charts-79755c3a-fc3f-4554-ae49-4a66b4c3efe7/003-d249aade-1464-4df3-aa7a-80d5a5a9aab2-downloadableSrc-381888a9e7ab.webp
79755c3a-fc3f-4554-ae49-4a66b4c3efe7,Charts,90171ea7-acfd-47e1-b2dc-8e70956e9271,Apple Music,75fe0fa7-0cf8-4a06-8711-fd212f12e15f,3,4,589eb7d6-813b-4ba2-a3ab-f8fb941e5796,true,downloadableSrc,200,image/webp,224126,224126,93188c8ba8bb125ad1f9430265e86142159e022ca29e7a796345771cecc0e857,1179,2676,,,bytescale.mobbin.com,f7a1807c1ac98ccf0eecf5078d61346ac9a94ca37a547f5708d580528c9e55c0,/Users/user/mobbin-sides/screen-flows/apple-music/029-apple-music-charts-79755c3a-fc3f-4554-ae49-4a66b4c3efe7/004-589eb7d6-813b-4ba2-a3ab-f8fb941e5796-downloadableSrc-93188c8ba8bb.webp
a3a01429-d993-416d-9a07-a862951a6bb5,Filtering charts,90171ea7-acfd-47e1-b2dc-8e70956e9271,Apple Music,75fe0fa7-0cf8-4a06-8711-fd212f12e15f,0,1,9ec32722-c5b8-404f-9163-1986c24ce627,true,downloadableSrc,200,image/webp,215844,215844,5d46655eafa3de14d14906da9b5f29fa0a2819d216bfd14562c90373788e4c52,1179,2676,,,bytescale.mobbin.com,f7a1807c1ac98ccf0eecf5078d61346ac9a94ca37a547f5708d580528c9e55c0,/Users/user/mobbin-sides/screen-flows/apple-music/030-apple-music-filtering-charts-a3a01429-d993-416d-9a07-a862951a6bb5/001-9ec32722-c5b8-404f-9163-1986c24ce627-downloadableSrc-5d46655eafa3.webp
a3a01429-d993-416d-9a07-a862951a6bb5,Filtering charts,90171ea7-acfd-47e1-b2dc-8e70956e9271,Apple Music,75fe0fa7-0cf8-4a06-8711-fd212f12e15f,1,2,9c804de5-6d56-4f1a-b77c-4824251ea247,true,downloadableSrc,200,image/webp,112986,112986,b5dbf5c48f00d80da03949db3a3bcfdf5da8210c7072d04282dafbed734a65b5,1179,2676,,,bytescale.mobbin.com,f7a1807c1ac98ccf0eecf5078d61346ac9a94ca37a547f5708d580528c9e55c0,/Users/user/mobbin-sides/screen-flows/apple-music/030-apple-music-filtering-charts-a3a01429-d993-416d-9a07-a862951a6bb5/002-9c804de5-6d56-4f1a-b77c-4824251ea247-downloadableSrc-b5dbf5c48f00.webp
a3a01429-d993-416d-9a07-a862951a6bb5,Filtering charts,90171ea7-acfd-47e1-b2dc-8e70956e9271,Apple Music,75fe0fa7-0cf8-4a06-8711-fd212f12e15f,2,3,713b4ae4-0a2d-45d5-b9c2-780b678146d3,true,downloadableSrc,200,image/webp,173958,173958,b8cf700a867070d0c12450d7481c994acebf759def49b26688dafe25d2769eff,1179,2676,,,bytescale.mobbin.com,f7a1807c1ac98ccf0eecf5078d61346ac9a94ca37a547f5708d580528c9e55c0,/Users/user/mobbin-sides/screen-flows/apple-music/030-apple-music-filtering-charts-a3a01429-d993-416d-9a07-a862951a6bb5/003-713b4ae4-0a2d-45d5-b9c2-780b678146d3-downloadableSrc-b8cf700a8670.webp
8c266927-b319-49b8-ab21-c350354571d0,Browse by genre,90171ea7-acfd-47e1-b2dc-8e70956e9271,Apple Music,75fe0fa7-0cf8-4a06-8711-fd212f12e15f,0,1,8c9a4984-d2c0-43b6-bb18-828aedf8aa32,true,downloadableSrc,200,image/webp,144444,144444,bec233728ba6f422ffd9d137449d38318fb15dc91db77e09b9bd0eef274f1318,1179,2676,,,bytescale.mobbin.com,f7a1807c1ac98ccf0eecf5078d61346ac9a94ca37a547f5708d580528c9e55c0,/Users/user/mobbin-sides/screen-flows/apple-music/031-apple-music-browse-by-genre-8c266927-b319-49b8-ab21-c350354571d0/001-8c9a4984-d2c0-43b6-bb18-828aedf8aa32-downloadableSrc-bec233728ba6.webp
8c266927-b319-49b8-ab21-c350354571d0,Browse by genre,90171ea7-acfd-47e1-b2dc-8e70956e9271,Apple Music,75fe0fa7-0cf8-4a06-8711-fd212f12e15f,1,2,ce281bd7-e8b5-4e80-96db-3fd4f8ae6452,true,downloadableSrc,200,image/webp,167368,167368,02463a0b4adcbf4796e38ca4e4ae3de1a0499cafe1f108363839e2ac40ef1bac,1179,2676,,,bytescale.mobbin.com,f7a1807c1ac98ccf0eecf5078d61346ac9a94ca37a547f5708d580528c9e55c0,/Users/user/mobbin-sides/screen-flows/apple-music/031-apple-music-browse-by-genre-8c266927-b319-49b8-ab21-c350354571d0/002-ce281bd7-e8b5-4e80-96db-3fd4f8ae6452-downloadableSrc-02463a0b4adc.webp
8c266927-b319-49b8-ab21-c350354571d0,Browse by genre,90171ea7-acfd-47e1-b2dc-8e70956e9271,Apple Music,75fe0fa7-0cf8-4a06-8711-fd212f12e15f,2,3,35c773d7-980d-46f3-988c-8984a7a66219,true,downloadableSrc,200,image/webp,129222,129222,b568168ef30cc045b8852275c72b4cfb752fcfbcfe6d2d6aef394da1c9c9bb98,1179,2676,,,bytescale.mobbin.com,f7a1807c1ac98ccf0eecf5078d61346ac9a94ca37a547f5708d580528c9e55c0,/Users/user/mobbin-sides/screen-flows/apple-music/031-apple-music-browse-by-genre-8c266927-b319-49b8-ab21-c350354571d0/003-35c773d7-980d-46f3-988c-8984a7a66219-downloadableSrc-b568168ef30c.webp
ce40b856-844a-4b82-ba73-63e58f955995,Radio,90171ea7-acfd-47e1-b2dc-8e70956e9271,Apple Music,75fe0fa7-0cf8-4a06-8711-fd212f12e15f,0,1,9290ae13-674b-455e-beda-ac34ca81425f,true,downloadableSrc,200,image/webp,118416,118416,6c2db079e5ac44d4931d89765f63ea9e8295fbb52fbe208d5b405fa7b2b91b7d,1179,2676,,,bytescale.mobbin.com,f7a1807c1ac98ccf0eecf5078d61346ac9a94ca37a547f5708d580528c9e55c0,/Users/user/mobbin-sides/screen-flows/apple-music/032-apple-music-radio-ce40b856-844a-4b82-ba73-63e58f955995/001-9290ae13-674b-455e-beda-ac34ca81425f-downloadableSrc-6c2db079e5ac.webp
ce40b856-844a-4b82-ba73-63e58f955995,Radio,90171ea7-acfd-47e1-b2dc-8e70956e9271,Apple Music,75fe0fa7-0cf8-4a06-8711-fd212f12e15f,1,2,ceab8a05-3cbf-46a0-9fa4-6d56352dce9e,true,downloadableSrc,200,image/webp,160324,160324,e9d948fc89d6288d25cdd22c99f1cde0de9302442d81c3a1064c37498dc4c6f5,1179,2676,,,bytescale.mobbin.com,f7a1807c1ac98ccf0eecf5078d61346ac9a94ca37a547f5708d580528c9e55c0,/Users/user/mobbin-sides/screen-flows/apple-music/032-apple-music-radio-ce40b856-844a-4b82-ba73-63e58f955995/002-ceab8a05-3cbf-46a0-9fa4-6d56352dce9e-downloadableSrc-e9d948fc89d6.webp
ce40b856-844a-4b82-ba73-63e58f955995,Radio,90171ea7-acfd-47e1-b2dc-8e70956e9271,Apple Music,75fe0fa7-0cf8-4a06-8711-fd212f12e15f,2,3,c5a03008-9fd6-4eaf-8d23-eb0c8f35016a,true,downloadableSrc,200,image/webp,200024,200024,fdbc681809fe89e2585ed3b14262b24cebb5d9762f40a7833aaa34ff2cc5ad69,1179,2676,,,bytescale.mobbin.com,f7a1807c1ac98ccf0eecf5078d61346ac9a94ca37a547f5708d580528c9e55c0,/Users/user/mobbin-sides/screen-flows/apple-music/032-apple-music-radio-ce40b856-844a-4b82-ba73-63e58f955995/003-c5a03008-9fd6-4eaf-8d23-eb0c8f35016a-downloadableSrc-fdbc681809fe.webp
ce40b856-844a-4b82-ba73-63e58f955995,Radio,90171ea7-acfd-47e1-b2dc-8e70956e9271,Apple Music,75fe0fa7-0cf8-4a06-8711-fd212f12e15f,3,4,05652fc2-1328-4964-ae1a-2683f29aaddf,true,downloadableSrc,200,image/webp,222824,222824,89c5a82b2117e7637690c4b6f4d8d79d0516d37c46f8096f62981bb9d88cd366,1179,2676,,,bytescale.mobbin.com,f7a1807c1ac98ccf0eecf5078d61346ac9a94ca37a547f5708d580528c9e55c0,/Users/user/mobbin-sides/screen-flows/apple-music/032-apple-music-radio-ce40b856-844a-4b82-ba73-63e58f955995/004-05652fc2-1328-4964-ae1a-2683f29aaddf-downloadableSrc-89c5a82b2117.webp
ce40b856-844a-4b82-ba73-63e58f955995,Radio,90171ea7-acfd-47e1-b2dc-8e70956e9271,Apple Music,75fe0fa7-0cf8-4a06-8711-fd212f12e15f,4,5,6821d024-eb52-4fa0-84bd-bb704460a62b,true,downloadableSrc,200,image/webp,98398,98398,308f3caea352fc0a8653c2967a1fdbeabca7f763b73e27546407f4bc9ebd2ed3,1179,2676,,,bytescale.mobbin.com,f7a1807c1ac98ccf0eecf5078d61346ac9a94ca37a547f5708d580528c9e55c0,/Users/user/mobbin-sides/screen-flows/apple-music/032-apple-music-radio-ce40b856-844a-4b82-ba73-63e58f955995/005-6821d024-eb52-4fa0-84bd-bb704460a62b-downloadableSrc-308f3caea352.webp
ce40b856-844a-4b82-ba73-63e58f955995,Radio,90171ea7-acfd-47e1-b2dc-8e70956e9271,Apple Music,75fe0fa7-0cf8-4a06-8711-fd212f12e15f,5,6,53a97bab-2b5e-4cb8-85d6-78c51f995f61,true,downloadableSrc,200,image/webp,71562,71562,c4f7233a75d84ac602caaea6cf85d1748e38f2bf9a28ce34f0ba54dd6352e411,1179,2676,,,bytescale.mobbin.com,f7a1807c1ac98ccf0eecf5078d61346ac9a94ca37a547f5708d580528c9e55c0,/Users/user/mobbin-sides/screen-flows/apple-music/032-apple-music-radio-ce40b856-844a-4b82-ba73-63e58f955995/006-53a97bab-2b5e-4cb8-85d6-78c51f995f61-downloadableSrc-c4f7233a75d8.webp
ce40b856-844a-4b82-ba73-63e58f955995,Radio,90171ea7-acfd-47e1-b2dc-8e70956e9271,Apple Music,75fe0fa7-0cf8-4a06-8711-fd212f12e15f,6,7,318022f7-207e-4b38-894a-50b3847be0c6,true,downloadableSrc,200,image/webp,58532,58532,ebaa0f79aa520d28e2ed9626dac695302791dccd5897231ac484563de4c47f82,1179,2676,,,bytescale.mobbin.com,f7a1807c1ac98ccf0eecf5078d61346ac9a94ca37a547f5708d580528c9e55c0,/Users/user/mobbin-sides/screen-flows/apple-music/032-apple-music-radio-ce40b856-844a-4b82-ba73-63e58f955995/007-318022f7-207e-4b38-894a-50b3847be0c6-downloadableSrc-ebaa0f79aa52.webp
5264dc49-15d5-420d-a1b3-e56d40f8363b,Playing a live radio,90171ea7-acfd-47e1-b2dc-8e70956e9271,Apple Music,75fe0fa7-0cf8-4a06-8711-fd212f12e15f,0,1,ceab8a05-3cbf-46a0-9fa4-6d56352dce9e,true,downloadableSrc,200,image/webp,160324,160324,e9d948fc89d6288d25cdd22c99f1cde0de9302442d81c3a1064c37498dc4c6f5,1179,2676,,,bytescale.mobbin.com,f7a1807c1ac98ccf0eecf5078d61346ac9a94ca37a547f5708d580528c9e55c0,/Users/user/mobbin-sides/screen-flows/apple-music/033-apple-music-playing-a-live-radio-5264dc49-15d5-420d-a1b3-e56d40f8363b/001-ceab8a05-3cbf-46a0-9fa4-6d56352dce9e-downloadableSrc-e9d948fc89d6.webp
5264dc49-15d5-420d-a1b3-e56d40f8363b,Playing a live radio,90171ea7-acfd-47e1-b2dc-8e70956e9271,Apple Music,75fe0fa7-0cf8-4a06-8711-fd212f12e15f,1,2,88e450cf-e1b1-4d62-a4ce-af2988757434,true,downloadableSrc,200,image/webp,61936,61936,75ce8451d3fb0fe6c4e590e001afdf61f65dc7c3b9b0c9afb94d2d18a026cfed,1179,2676,,,bytescale.mobbin.com,f7a1807c1ac98ccf0eecf5078d61346ac9a94ca37a547f5708d580528c9e55c0,/Users/user/mobbin-sides/screen-flows/apple-music/033-apple-music-playing-a-live-radio-5264dc49-15d5-420d-a1b3-e56d40f8363b/002-88e450cf-e1b1-4d62-a4ce-af2988757434-downloadableSrc-75ce8451d3fb.webp
5264dc49-15d5-420d-a1b3-e56d40f8363b,Playing a live radio,90171ea7-acfd-47e1-b2dc-8e70956e9271,Apple Music,75fe0fa7-0cf8-4a06-8711-fd212f12e15f,2,3,7dffdd20-1c22-4248-af23-0baeed61bb76,true,downloadableSrc,200,image/webp,126106,126106,9cb7483e00aff4a006f7112128a38e2f9d26449e53ceb7ca488f2bbd753e2fa2,1179,2676,,,bytescale.mobbin.com,f7a1807c1ac98ccf0eecf5078d61346ac9a94ca37a547f5708d580528c9e55c0,/Users/user/mobbin-sides/screen-flows/apple-music/033-apple-music-playing-a-live-radio-5264dc49-15d5-420d-a1b3-e56d40f8363b/003-7dffdd20-1c22-4248-af23-0baeed61bb76-downloadableSrc-9cb7483e00af.webp
9e4e2cf7-c79e-49d2-89c9-58781fe89c88,Radio detail,90171ea7-acfd-47e1-b2dc-8e70956e9271,Apple Music,75fe0fa7-0cf8-4a06-8711-fd212f12e15f,0,1,ceab8a05-3cbf-46a0-9fa4-6d56352dce9e,true,downloadableSrc,200,image/webp,160324,160324,e9d948fc89d6288d25cdd22c99f1cde0de9302442d81c3a1064c37498dc4c6f5,1179,2676,,,bytescale.mobbin.com,f7a1807c1ac98ccf0eecf5078d61346ac9a94ca37a547f5708d580528c9e55c0,/Users/user/mobbin-sides/screen-flows/apple-music/034-apple-music-radio-detail-9e4e2cf7-c79e-49d2-89c9-58781fe89c88/001-ceab8a05-3cbf-46a0-9fa4-6d56352dce9e-downloadableSrc-e9d948fc89d6.webp
9e4e2cf7-c79e-49d2-89c9-58781fe89c88,Radio detail,90171ea7-acfd-47e1-b2dc-8e70956e9271,Apple Music,75fe0fa7-0cf8-4a06-8711-fd212f12e15f,1,2,84d9d9e0-5e3a-4692-b43b-7ea8f2f5b2df,true,downloadableSrc,200,image/webp,201738,201738,54d55e3d6b7bf59e094cb32a6e6a10f3c20d25235b8ad4d20285281eb37364fe,1179,2676,,,bytescale.mobbin.com,f7a1807c1ac98ccf0eecf5078d61346ac9a94ca37a547f5708d580528c9e55c0,/Users/user/mobbin-sides/screen-flows/apple-music/034-apple-music-radio-detail-9e4e2cf7-c79e-49d2-89c9-58781fe89c88/002-84d9d9e0-5e3a-4692-b43b-7ea8f2f5b2df-downloadableSrc-54d55e3d6b7b.webp
9e4e2cf7-c79e-49d2-89c9-58781fe89c88,Radio detail,90171ea7-acfd-47e1-b2dc-8e70956e9271,Apple Music,75fe0fa7-0cf8-4a06-8711-fd212f12e15f,2,3,e3aa31f4-7cf5-4941-9cb5-fd9c34e2eb1b,true,downloadableSrc,200,image/webp,201016,201016,46caabb3b7765df314c25040f55e43dc7d2b83d3795c8a72bc5c05c67a9ca2dd,1179,2676,,,bytescale.mobbin.com,f7a1807c1ac98ccf0eecf5078d61346ac9a94ca37a547f5708d580528c9e55c0,/Users/user/mobbin-sides/screen-flows/apple-music/034-apple-music-radio-detail-9e4e2cf7-c79e-49d2-89c9-58781fe89c88/003-e3aa31f4-7cf5-4941-9cb5-fd9c34e2eb1b-downloadableSrc-46caabb3b776.webp
9e4e2cf7-c79e-49d2-89c9-58781fe89c88,Radio detail,90171ea7-acfd-47e1-b2dc-8e70956e9271,Apple Music,75fe0fa7-0cf8-4a06-8711-fd212f12e15f,3,4,cbbe43ca-7694-4f53-bb8b-eda21570c869,true,downloadableSrc,200,image/webp,194074,194074,fb33b7931b50f35a1751d46a44547eb2182f6f037d91b6312eeae9d6930d09b7,1179,2676,,,bytescale.mobbin.com,f7a1807c1ac98ccf0eecf5078d61346ac9a94ca37a547f5708d580528c9e55c0,/Users/user/mobbin-sides/screen-flows/apple-music/034-apple-music-radio-detail-9e4e2cf7-c79e-49d2-89c9-58781fe89c88/004-cbbe43ca-7694-4f53-bb8b-eda21570c869-downloadableSrc-fb33b7931b50.webp
9e4e2cf7-c79e-49d2-89c9-58781fe89c88,Radio detail,90171ea7-acfd-47e1-b2dc-8e70956e9271,Apple Music,75fe0fa7-0cf8-4a06-8711-fd212f12e15f,4,5,157f93ac-5261-4da0-90b9-e4493900b211,true,downloadableSrc,200,image/webp,182108,182108,76a7f9eecab73aa5e792534a9a0bbd9fe03ba2f9f198e91ea40c053da4b92c36,1179,2676,,,bytescale.mobbin.com,f7a1807c1ac98ccf0eecf5078d61346ac9a94ca37a547f5708d580528c9e55c0,/Users/user/mobbin-sides/screen-flows/apple-music/034-apple-music-radio-detail-9e4e2cf7-c79e-49d2-89c9-58781fe89c88/005-157f93ac-5261-4da0-90b9-e4493900b211-downloadableSrc-76a7f9eecab7.webp
9e4e2cf7-c79e-49d2-89c9-58781fe89c88,Radio detail,90171ea7-acfd-47e1-b2dc-8e70956e9271,Apple Music,75fe0fa7-0cf8-4a06-8711-fd212f12e15f,5,6,7ccff33b-4781-4c1e-b59c-1203a375fa53,true,downloadableSrc,200,image/webp,148654,148654,638f1a51ff4a18a15e825c2461f7e422c188cd77dd9b7a6e4b409d04c29c365c,1179,2676,,,bytescale.mobbin.com,f7a1807c1ac98ccf0eecf5078d61346ac9a94ca37a547f5708d580528c9e55c0,/Users/user/mobbin-sides/screen-flows/apple-music/034-apple-music-radio-detail-9e4e2cf7-c79e-49d2-89c9-58781fe89c88/006-7ccff33b-4781-4c1e-b59c-1203a375fa53-downloadableSrc-638f1a51ff4a.webp
e74633a9-6ff2-4629-903d-f81a25fe5f68,Playing a radio episode,90171ea7-acfd-47e1-b2dc-8e70956e9271,Apple Music,75fe0fa7-0cf8-4a06-8711-fd212f12e15f,0,1,84d9d9e0-5e3a-4692-b43b-7ea8f2f5b2df,true,downloadableSrc,200,image/webp,201738,201738,54d55e3d6b7bf59e094cb32a6e6a10f3c20d25235b8ad4d20285281eb37364fe,1179,2676,,,bytescale.mobbin.com,f7a1807c1ac98ccf0eecf5078d61346ac9a94ca37a547f5708d580528c9e55c0,/Users/user/mobbin-sides/screen-flows/apple-music/035-apple-music-playing-a-radio-episode-e74633a9-6ff2-4629-903d-f81a25fe5f68/001-84d9d9e0-5e3a-4692-b43b-7ea8f2f5b2df-downloadableSrc-54d55e3d6b7b.webp
e74633a9-6ff2-4629-903d-f81a25fe5f68,Playing a radio episode,90171ea7-acfd-47e1-b2dc-8e70956e9271,Apple Music,75fe0fa7-0cf8-4a06-8711-fd212f12e15f,1,2,1668679b-e09f-43b0-928e-736a7b58dc40,true,downloadableSrc,200,image/webp,213156,213156,3bc1e0f79b4173b6565581afee1846d0e22854bcdea95c8a0b89615073a58337,1179,2676,,,bytescale.mobbin.com,f7a1807c1ac98ccf0eecf5078d61346ac9a94ca37a547f5708d580528c9e55c0,/Users/user/mobbin-sides/screen-flows/apple-music/035-apple-music-playing-a-radio-episode-e74633a9-6ff2-4629-903d-f81a25fe5f68/002-1668679b-e09f-43b0-928e-736a7b58dc40-downloadableSrc-3bc1e0f79b41.webp
e74633a9-6ff2-4629-903d-f81a25fe5f68,Playing a radio episode,90171ea7-acfd-47e1-b2dc-8e70956e9271,Apple Music,75fe0fa7-0cf8-4a06-8711-fd212f12e15f,2,3,5170ed5a-011c-4b63-80d2-c53f6bcfa9bf,true,downloadableSrc,200,image/webp,115348,115348,e5274dce6108e27fd0bb9b71971b6f69ef04c98cbe3a233962d15aed42805d91,1179,2676,,,bytescale.mobbin.com,f7a1807c1ac98ccf0eecf5078d61346ac9a94ca37a547f5708d580528c9e55c0,/Users/user/mobbin-sides/screen-flows/apple-music/035-apple-music-playing-a-radio-episode-e74633a9-6ff2-4629-903d-f81a25fe5f68/003-5170ed5a-011c-4b63-80d2-c53f6bcfa9bf-downloadableSrc-e5274dce6108.webp
7aa2784b-9c90-468b-997b-ef34d67fbfbf,Library,90171ea7-acfd-47e1-b2dc-8e70956e9271,Apple Music,75fe0fa7-0cf8-4a06-8711-fd212f12e15f,0,1,9290ae13-674b-455e-beda-ac34ca81425f,true,downloadableSrc,200,image/webp,118416,118416,6c2db079e5ac44d4931d89765f63ea9e8295fbb52fbe208d5b405fa7b2b91b7d,1179,2676,,,bytescale.mobbin.com,f7a1807c1ac98ccf0eecf5078d61346ac9a94ca37a547f5708d580528c9e55c0,/Users/user/mobbin-sides/screen-flows/apple-music/036-apple-music-library-7aa2784b-9c90-468b-997b-ef34d67fbfbf/001-9290ae13-674b-455e-beda-ac34ca81425f-downloadableSrc-6c2db079e5ac.webp
7aa2784b-9c90-468b-997b-ef34d67fbfbf,Library,90171ea7-acfd-47e1-b2dc-8e70956e9271,Apple Music,75fe0fa7-0cf8-4a06-8711-fd212f12e15f,1,2,4c0a18e6-4107-42a6-94fd-4e957568bb69,true,downloadableSrc,200,image/webp,110134,110134,cd6af10455ac040bb2efa0f08691432f4bf3f487fa545405e8550571c82f000b,1179,2676,,,bytescale.mobbin.com,f7a1807c1ac98ccf0eecf5078d61346ac9a94ca37a547f5708d580528c9e55c0,/Users/user/mobbin-sides/screen-flows/apple-music/036-apple-music-library-7aa2784b-9c90-468b-997b-ef34d67fbfbf/002-4c0a18e6-4107-42a6-94fd-4e957568bb69-downloadableSrc-cd6af10455ac.webp
7aa2784b-9c90-468b-997b-ef34d67fbfbf,Library,90171ea7-acfd-47e1-b2dc-8e70956e9271,Apple Music,75fe0fa7-0cf8-4a06-8711-fd212f12e15f,2,3,98264793-0d40-4f0f-93c9-c5ca32a2cb78,true,downloadableSrc,200,image/webp,158582,158582,b0fce03cb00c70f0fcd9f94a2eabc7600a41c00c94c2a57ead2aacd5a9d16722,1179,2676,,,bytescale.mobbin.com,f7a1807c1ac98ccf0eecf5078d61346ac9a94ca37a547f5708d580528c9e55c0,/Users/user/mobbin-sides/screen-flows/apple-music/036-apple-music-library-7aa2784b-9c90-468b-997b-ef34d67fbfbf/003-98264793-0d40-4f0f-93c9-c5ca32a2cb78-downloadableSrc-b0fce03cb00c.webp
7aa2784b-9c90-468b-997b-ef34d67fbfbf,Library,90171ea7-acfd-47e1-b2dc-8e70956e9271,Apple Music,75fe0fa7-0cf8-4a06-8711-fd212f12e15f,3,4,e7448a59-c90f-4dce-992b-6bab55501c18,true,downloadableSrc,200,image/webp,122900,122900,5eb0d43e1c26b7067f4773de6567345ccc3a67a393232ae6d5979a4fb3f4054f,1179,2676,,,bytescale.mobbin.com,f7a1807c1ac98ccf0eecf5078d61346ac9a94ca37a547f5708d580528c9e55c0,/Users/user/mobbin-sides/screen-flows/apple-music/036-apple-music-library-7aa2784b-9c90-468b-997b-ef34d67fbfbf/004-e7448a59-c90f-4dce-992b-6bab55501c18-downloadableSrc-5eb0d43e1c26.webp
7aa2784b-9c90-468b-997b-ef34d67fbfbf,Library,90171ea7-acfd-47e1-b2dc-8e70956e9271,Apple Music,75fe0fa7-0cf8-4a06-8711-fd212f12e15f,4,5,81599485-eb26-4bde-acb6-8eba65af4c14,true,downloadableSrc,200,image/webp,137842,137842,d58a4f809bded652db9745ca826dd7752021e4920dded7ce3d795af4a3652067,1179,2676,,,bytescale.mobbin.com,f7a1807c1ac98ccf0eecf5078d61346ac9a94ca37a547f5708d580528c9e55c0,/Users/user/mobbin-sides/screen-flows/apple-music/036-apple-music-library-7aa2784b-9c90-468b-997b-ef34d67fbfbf/005-81599485-eb26-4bde-acb6-8eba65af4c14-downloadableSrc-d58a4f809bde.webp
f1667437-33be-4628-a4c7-be6f6253f8fd,Playlists,90171ea7-acfd-47e1-b2dc-8e70956e9271,Apple Music,75fe0fa7-0cf8-4a06-8711-fd212f12e15f,0,1,4c0a18e6-4107-42a6-94fd-4e957568bb69,true,downloadableSrc,200,image/webp,110134,110134,cd6af10455ac040bb2efa0f08691432f4bf3f487fa545405e8550571c82f000b,1179,2676,,,bytescale.mobbin.com,f7a1807c1ac98ccf0eecf5078d61346ac9a94ca37a547f5708d580528c9e55c0,/Users/user/mobbin-sides/screen-flows/apple-music/037-apple-music-playlists-f1667437-33be-4628-a4c7-be6f6253f8fd/001-4c0a18e6-4107-42a6-94fd-4e957568bb69-downloadableSrc-cd6af10455ac.webp
f1667437-33be-4628-a4c7-be6f6253f8fd,Playlists,90171ea7-acfd-47e1-b2dc-8e70956e9271,Apple Music,75fe0fa7-0cf8-4a06-8711-fd212f12e15f,1,2,f5205195-c3a7-4a63-a183-0b639887b47f,true,downloadableSrc,200,image/webp,48314,48314,a47bf823a9a959063b7702350b25b1118cecddb5dc5a54bebf20197187ff626d,1179,2676,,,bytescale.mobbin.com,f7a1807c1ac98ccf0eecf5078d61346ac9a94ca37a547f5708d580528c9e55c0,/Users/user/mobbin-sides/screen-flows/apple-music/037-apple-music-playlists-f1667437-33be-4628-a4c7-be6f6253f8fd/002-f5205195-c3a7-4a63-a183-0b639887b47f-downloadableSrc-a47bf823a9a9.webp
f1667437-33be-4628-a4c7-be6f6253f8fd,Playlists,90171ea7-acfd-47e1-b2dc-8e70956e9271,Apple Music,75fe0fa7-0cf8-4a06-8711-fd212f12e15f,2,3,eabdf610-5137-47b6-a550-8c2d32ff659d,true,downloadableSrc,200,image/webp,77000,77000,947ca3d77532975a05ecd4db692c440636fff53b22bb6200a88a68bf1da167fd,1179,2676,,,bytescale.mobbin.com,f7a1807c1ac98ccf0eecf5078d61346ac9a94ca37a547f5708d580528c9e55c0,/Users/user/mobbin-sides/screen-flows/apple-music/037-apple-music-playlists-f1667437-33be-4628-a4c7-be6f6253f8fd/003-eabdf610-5137-47b6-a550-8c2d32ff659d-downloadableSrc-947ca3d77532.webp
a0e95abf-5335-4cc2-a96e-4c4fee8c35b2,Playlist detail,90171ea7-acfd-47e1-b2dc-8e70956e9271,Apple Music,75fe0fa7-0cf8-4a06-8711-fd212f12e15f,0,1,eabdf610-5137-47b6-a550-8c2d32ff659d,true,downloadableSrc,200,image/webp,77000,77000,947ca3d77532975a05ecd4db692c440636fff53b22bb6200a88a68bf1da167fd,1179,2676,,,bytescale.mobbin.com,f7a1807c1ac98ccf0eecf5078d61346ac9a94ca37a547f5708d580528c9e55c0,/Users/user/mobbin-sides/screen-flows/apple-music/038-apple-music-playlist-detail-a0e95abf-5335-4cc2-a96e-4c4fee8c35b2/001-eabdf610-5137-47b6-a550-8c2d32ff659d-downloadableSrc-947ca3d77532.webp
a0e95abf-5335-4cc2-a96e-4c4fee8c35b2,Playlist detail,90171ea7-acfd-47e1-b2dc-8e70956e9271,Apple Music,75fe0fa7-0cf8-4a06-8711-fd212f12e15f,1,2,f78e3e00-5409-4d6a-a61e-d8a967b6f797,true,downloadableSrc,200,image/webp,77058,77058,584dd8cd62f2210e3ddb03ffab52f6dad6f09901241cf7877fbf31a668583a36,1179,2676,,,bytescale.mobbin.com,f7a1807c1ac98ccf0eecf5078d61346ac9a94ca37a547f5708d580528c9e55c0,/Users/user/mobbin-sides/screen-flows/apple-music/038-apple-music-playlist-detail-a0e95abf-5335-4cc2-a96e-4c4fee8c35b2/002-f78e3e00-5409-4d6a-a61e-d8a967b6f797-downloadableSrc-584dd8cd62f2.webp
a0e95abf-5335-4cc2-a96e-4c4fee8c35b2,Playlist detail,90171ea7-acfd-47e1-b2dc-8e70956e9271,Apple Music,75fe0fa7-0cf8-4a06-8711-fd212f12e15f,2,3,be10ba69-1dc7-421c-9041-c09059eed9c6,true,downloadableSrc,200,image/webp,111632,111632,2e3cd3ae687b113737a0197e2814dac341b1aa8813714296c0e35782404ac73d,1179,2676,,,bytescale.mobbin.com,f7a1807c1ac98ccf0eecf5078d61346ac9a94ca37a547f5708d580528c9e55c0,/Users/user/mobbin-sides/screen-flows/apple-music/038-apple-music-playlist-detail-a0e95abf-5335-4cc2-a96e-4c4fee8c35b2/003-be10ba69-1dc7-421c-9041-c09059eed9c6-downloadableSrc-2e3cd3ae687b.webp
a0e95abf-5335-4cc2-a96e-4c4fee8c35b2,Playlist detail,90171ea7-acfd-47e1-b2dc-8e70956e9271,Apple Music,75fe0fa7-0cf8-4a06-8711-fd212f12e15f,3,4,b7360cb5-a6b9-47a9-81c7-bb290893569f,true,downloadableSrc,200,image/webp,77580,77580,33d19a8bd090fa89679be678aa43645aed4717733f54f4aa7235f638e1aebe58,1179,2676,,,bytescale.mobbin.com,f7a1807c1ac98ccf0eecf5078d61346ac9a94ca37a547f5708d580528c9e55c0,/Users/user/mobbin-sides/screen-flows/apple-music/038-apple-music-playlist-detail-a0e95abf-5335-4cc2-a96e-4c4fee8c35b2/004-b7360cb5-a6b9-47a9-81c7-bb290893569f-downloadableSrc-33d19a8bd090.webp
edfb5a68-5410-4e7f-a3f8-7e33bc809fc0,Searching a song (playlist),90171ea7-acfd-47e1-b2dc-8e70956e9271,Apple Music,75fe0fa7-0cf8-4a06-8711-fd212f12e15f,0,1,f78e3e00-5409-4d6a-a61e-d8a967b6f797,true,downloadableSrc,200,image/webp,77058,77058,584dd8cd62f2210e3ddb03ffab52f6dad6f09901241cf7877fbf31a668583a36,1179,2676,,,bytescale.mobbin.com,f7a1807c1ac98ccf0eecf5078d61346ac9a94ca37a547f5708d580528c9e55c0,/Users/user/mobbin-sides/screen-flows/apple-music/039-apple-music-searching-a-song-playlist-edfb5a68-5410-4e7f-a3f8-7e33bc809fc0/001-f78e3e00-5409-4d6a-a61e-d8a967b6f797-downloadableSrc-584dd8cd62f2.webp
edfb5a68-5410-4e7f-a3f8-7e33bc809fc0,Searching a song (playlist),90171ea7-acfd-47e1-b2dc-8e70956e9271,Apple Music,75fe0fa7-0cf8-4a06-8711-fd212f12e15f,1,2,a426b1ab-57e7-411e-b4d5-1c3c7c366b60,true,downloadableSrc,200,image/webp,76464,76464,fe0fce0e08be0b378161092efca9f9009028621b9dbf8500c78689eb98e5efe3,1179,2676,,,bytescale.mobbin.com,f7a1807c1ac98ccf0eecf5078d61346ac9a94ca37a547f5708d580528c9e55c0,/Users/user/mobbin-sides/screen-flows/apple-music/039-apple-music-searching-a-song-playlist-edfb5a68-5410-4e7f-a3f8-7e33bc809fc0/002-a426b1ab-57e7-411e-b4d5-1c3c7c366b60-downloadableSrc-fe0fce0e08be.webp
edfb5a68-5410-4e7f-a3f8-7e33bc809fc0,Searching a song (playlist),90171ea7-acfd-47e1-b2dc-8e70956e9271,Apple Music,75fe0fa7-0cf8-4a06-8711-fd212f12e15f,2,3,c2bb37b0-c9e7-4994-a054-5a58c923bc6d,true,downloadableSrc,200,image/webp,94636,94636,dbe091bfe2909f60c85168b491243526ecbba64f8a2a6d5990471bdcf509838c,1179,2676,,,bytescale.mobbin.com,f7a1807c1ac98ccf0eecf5078d61346ac9a94ca37a547f5708d580528c9e55c0,/Users/user/mobbin-sides/screen-flows/apple-music/039-apple-music-searching-a-song-playlist-edfb5a68-5410-4e7f-a3f8-7e33bc809fc0/003-c2bb37b0-c9e7-4994-a054-5a58c923bc6d-downloadableSrc-dbe091bfe290.webp
edfb5a68-5410-4e7f-a3f8-7e33bc809fc0,Searching a song (playlist),90171ea7-acfd-47e1-b2dc-8e70956e9271,Apple Music,75fe0fa7-0cf8-4a06-8711-fd212f12e15f,3,4,4db18bb6-5571-44fa-bfd2-a6b7d4869a14,true,downloadableSrc,200,image/webp,47610,47610,d1eca85d2587a2d1de5a78485c9d9329ce26a38d0843c4ccca90ab818cb46515,1179,2676,,,bytescale.mobbin.com,f7a1807c1ac98ccf0eecf5078d61346ac9a94ca37a547f5708d580528c9e55c0,/Users/user/mobbin-sides/screen-flows/apple-music/039-apple-music-searching-a-song-playlist-edfb5a68-5410-4e7f-a3f8-7e33bc809fc0/004-4db18bb6-5571-44fa-bfd2-a6b7d4869a14-downloadableSrc-d1eca85d2587.webp
12f9451f-a5d3-45d7-98d6-f9b1e946e169,Adding songs to a playlist,90171ea7-acfd-47e1-b2dc-8e70956e9271,Apple Music,75fe0fa7-0cf8-4a06-8711-fd212f12e15f,0,1,f78e3e00-5409-4d6a-a61e-d8a967b6f797,true,downloadableSrc,200,image/webp,77058,77058,584dd8cd62f2210e3ddb03ffab52f6dad6f09901241cf7877fbf31a668583a36,1179,2676,,,bytescale.mobbin.com,f7a1807c1ac98ccf0eecf5078d61346ac9a94ca37a547f5708d580528c9e55c0,/Users/user/mobbin-sides/screen-flows/apple-music/040-apple-music-adding-songs-to-a-playlist-12f9451f-a5d3-45d7-98d6-f9b1e946e169/001-f78e3e00-5409-4d6a-a61e-d8a967b6f797-downloadableSrc-584dd8cd62f2.webp
12f9451f-a5d3-45d7-98d6-f9b1e946e169,Adding songs to a playlist,90171ea7-acfd-47e1-b2dc-8e70956e9271,Apple Music,75fe0fa7-0cf8-4a06-8711-fd212f12e15f,1,2,612d5f66-8b89-4554-a605-2d520d693a2a,true,downloadableSrc,200,image/webp,94690,94690,7eb02b731bd66fbe39a00b1e4c4fde74af2478baac62b73c46f97141aaad6bb6,1179,2676,,,bytescale.mobbin.com,f7a1807c1ac98ccf0eecf5078d61346ac9a94ca37a547f5708d580528c9e55c0,/Users/user/mobbin-sides/screen-flows/apple-music/040-apple-music-adding-songs-to-a-playlist-12f9451f-a5d3-45d7-98d6-f9b1e946e169/002-612d5f66-8b89-4554-a605-2d520d693a2a-downloadableSrc-7eb02b731bd6.webp
12f9451f-a5d3-45d7-98d6-f9b1e946e169,Adding songs to a playlist,90171ea7-acfd-47e1-b2dc-8e70956e9271,Apple Music,75fe0fa7-0cf8-4a06-8711-fd212f12e15f,2,3,ed2e6e17-cad3-4f37-8659-82dae2909e82,true,downloadableSrc,200,image/webp,106800,106800,87261e684e0c255380dfc96fceea119aa9902b64da6b0fbc4638169c66b78d8e,1179,2676,,,bytescale.mobbin.com,f7a1807c1ac98ccf0eecf5078d61346ac9a94ca37a547f5708d580528c9e55c0,/Users/user/mobbin-sides/screen-flows/apple-music/040-apple-music-adding-songs-to-a-playlist-12f9451f-a5d3-45d7-98d6-f9b1e946e169/003-ed2e6e17-cad3-4f37-8659-82dae2909e82-downloadableSrc-87261e684e0c.webp
12f9451f-a5d3-45d7-98d6-f9b1e946e169,Adding songs to a playlist,90171ea7-acfd-47e1-b2dc-8e70956e9271,Apple Music,75fe0fa7-0cf8-4a06-8711-fd212f12e15f,3,4,01f52f90-91cd-4b22-9b10-3b362d30e5fe,true,downloadableSrc,200,image/webp,108188,108188,3fcf91b0bf2d10b8bd37bdc006c55d033a789a869554a5228dfa0978b131e530,1179,2676,,,bytescale.mobbin.com,f7a1807c1ac98ccf0eecf5078d61346ac9a94ca37a547f5708d580528c9e55c0,/Users/user/mobbin-sides/screen-flows/apple-music/040-apple-music-adding-songs-to-a-playlist-12f9451f-a5d3-45d7-98d6-f9b1e946e169/004-01f52f90-91cd-4b22-9b10-3b362d30e5fe-downloadableSrc-3fcf91b0bf2d.webp
12f9451f-a5d3-45d7-98d6-f9b1e946e169,Adding songs to a playlist,90171ea7-acfd-47e1-b2dc-8e70956e9271,Apple Music,75fe0fa7-0cf8-4a06-8711-fd212f12e15f,4,5,e9881c08-8c52-4b09-ad63-8427b40bafff,true,downloadableSrc,200,image/webp,77856,77856,b61c83071406e86aa069395d23db3bcebab7ef489f592321f58114f2fba1ffd5,1179,2676,,,bytescale.mobbin.com,f7a1807c1ac98ccf0eecf5078d61346ac9a94ca37a547f5708d580528c9e55c0,/Users/user/mobbin-sides/screen-flows/apple-music/040-apple-music-adding-songs-to-a-playlist-12f9451f-a5d3-45d7-98d6-f9b1e946e169/005-e9881c08-8c52-4b09-ad63-8427b40bafff-downloadableSrc-b61c83071406.webp
12f9451f-a5d3-45d7-98d6-f9b1e946e169,Adding songs to a playlist,90171ea7-acfd-47e1-b2dc-8e70956e9271,Apple Music,75fe0fa7-0cf8-4a06-8711-fd212f12e15f,5,6,b7360cb5-a6b9-47a9-81c7-bb290893569f,true,downloadableSrc,200,image/webp,77580,77580,33d19a8bd090fa89679be678aa43645aed4717733f54f4aa7235f638e1aebe58,1179,2676,,,bytescale.mobbin.com,f7a1807c1ac98ccf0eecf5078d61346ac9a94ca37a547f5708d580528c9e55c0,/Users/user/mobbin-sides/screen-flows/apple-music/040-apple-music-adding-songs-to-a-playlist-12f9451f-a5d3-45d7-98d6-f9b1e946e169/006-b7360cb5-a6b9-47a9-81c7-bb290893569f-downloadableSrc-33d19a8bd090.webp
f95205a4-9491-4d8d-95d0-284a23d2d6de,Inviting a collaborator,90171ea7-acfd-47e1-b2dc-8e70956e9271,Apple Music,75fe0fa7-0cf8-4a06-8711-fd212f12e15f,0,1,f78e3e00-5409-4d6a-a61e-d8a967b6f797,true,downloadableSrc,200,image/webp,77058,77058,584dd8cd62f2210e3ddb03ffab52f6dad6f09901241cf7877fbf31a668583a36,1179,2676,,,bytescale.mobbin.com,f7a1807c1ac98ccf0eecf5078d61346ac9a94ca37a547f5708d580528c9e55c0,/Users/user/mobbin-sides/screen-flows/apple-music/041-apple-music-inviting-a-collaborator-f95205a4-9491-4d8d-95d0-284a23d2d6de/001-f78e3e00-5409-4d6a-a61e-d8a967b6f797-downloadableSrc-584dd8cd62f2.webp
f95205a4-9491-4d8d-95d0-284a23d2d6de,Inviting a collaborator,90171ea7-acfd-47e1-b2dc-8e70956e9271,Apple Music,75fe0fa7-0cf8-4a06-8711-fd212f12e15f,1,2,395fb6fd-9314-4deb-88bc-cb3fcd818418,true,downloadableSrc,200,image/webp,70754,70754,25e212ecc85b708f5422b3536f95869ea10ffd52adb70ad997e335040580065c,1179,2676,,,bytescale.mobbin.com,f7a1807c1ac98ccf0eecf5078d61346ac9a94ca37a547f5708d580528c9e55c0,/Users/user/mobbin-sides/screen-flows/apple-music/041-apple-music-inviting-a-collaborator-f95205a4-9491-4d8d-95d0-284a23d2d6de/002-395fb6fd-9314-4deb-88bc-cb3fcd818418-downloadableSrc-25e212ecc85b.webp
f95205a4-9491-4d8d-95d0-284a23d2d6de,Inviting a collaborator,90171ea7-acfd-47e1-b2dc-8e70956e9271,Apple Music,75fe0fa7-0cf8-4a06-8711-fd212f12e15f,2,3,7c60af06-265a-4195-b001-1bf846124e95,true,downloadableSrc,200,image/webp,72996,72996,c30e72f153b0dbee60ba1aa09e47692176dfff5de7a0d0f2037197c951704bc0,1179,2676,,,bytescale.mobbin.com,f7a1807c1ac98ccf0eecf5078d61346ac9a94ca37a547f5708d580528c9e55c0,/Users/user/mobbin-sides/screen-flows/apple-music/041-apple-music-inviting-a-collaborator-f95205a4-9491-4d8d-95d0-284a23d2d6de/003-7c60af06-265a-4195-b001-1bf846124e95-downloadableSrc-c30e72f153b0.webp
f95205a4-9491-4d8d-95d0-284a23d2d6de,Inviting a collaborator,90171ea7-acfd-47e1-b2dc-8e70956e9271,Apple Music,75fe0fa7-0cf8-4a06-8711-fd212f12e15f,3,4,8b148655-a136-4c17-b237-72bd1010758d,true,downloadableSrc,200,image/webp,71558,71558,34b72dfeebc8ebcd0c6b1a4700380bb7af4441a96ccf601a8c3fe969e943024a,1179,2676,,,bytescale.mobbin.com,f7a1807c1ac98ccf0eecf5078d61346ac9a94ca37a547f5708d580528c9e55c0,/Users/user/mobbin-sides/screen-flows/apple-music/041-apple-music-inviting-a-collaborator-f95205a4-9491-4d8d-95d0-284a23d2d6de/004-8b148655-a136-4c17-b237-72bd1010758d-downloadableSrc-34b72dfeebc8.webp
f95205a4-9491-4d8d-95d0-284a23d2d6de,Inviting a collaborator,90171ea7-acfd-47e1-b2dc-8e70956e9271,Apple Music,75fe0fa7-0cf8-4a06-8711-fd212f12e15f,4,5,581b8a4e-fa0a-4146-9e79-d135945f839e,true,downloadableSrc,200,image/webp,86492,86492,5e724449a8f7f15424a0754be97dea76e9e6e1d55e6b9ec0219d109a26e16e30,1179,2676,,,bytescale.mobbin.com,f7a1807c1ac98ccf0eecf5078d61346ac9a94ca37a547f5708d580528c9e55c0,/Users/user/mobbin-sides/screen-flows/apple-music/041-apple-music-inviting-a-collaborator-f95205a4-9491-4d8d-95d0-284a23d2d6de/005-581b8a4e-fa0a-4146-9e79-d135945f839e-downloadableSrc-5e724449a8f7.webp
f95205a4-9491-4d8d-95d0-284a23d2d6de,Inviting a collaborator,90171ea7-acfd-47e1-b2dc-8e70956e9271,Apple Music,75fe0fa7-0cf8-4a06-8711-fd212f12e15f,5,6,298596f0-7631-4e52-8523-95ce75e8cffd,true,downloadableSrc,200,image/webp,121618,121618,e152f5031ac298b369e6d85b2c40d79f410e756cb4e73383eda08a22e39e54e8,1179,2676,,,bytescale.mobbin.com,f7a1807c1ac98ccf0eecf5078d61346ac9a94ca37a547f5708d580528c9e55c0,/Users/user/mobbin-sides/screen-flows/apple-music/041-apple-music-inviting-a-collaborator-f95205a4-9491-4d8d-95d0-284a23d2d6de/006-298596f0-7631-4e52-8523-95ce75e8cffd-downloadableSrc-e152f5031ac2.webp
f95205a4-9491-4d8d-95d0-284a23d2d6de,Inviting a collaborator,90171ea7-acfd-47e1-b2dc-8e70956e9271,Apple Music,75fe0fa7-0cf8-4a06-8711-fd212f12e15f,6,7,bafbfeea-9c3b-4a67-9d75-4ed2e167fbce,true,downloadableSrc,200,image/webp,128416,128416,0a2f5e82260a97aacb5e1931ec826770c9a41aba7e54a8797ff80c6c179ec9e3,1179,2676,,,bytescale.mobbin.com,f7a1807c1ac98ccf0eecf5078d61346ac9a94ca37a547f5708d580528c9e55c0,/Users/user/mobbin-sides/screen-flows/apple-music/041-apple-music-inviting-a-collaborator-f95205a4-9491-4d8d-95d0-284a23d2d6de/007-bafbfeea-9c3b-4a67-9d75-4ed2e167fbce-downloadableSrc-0a2f5e82260a.webp
abed4fce-8376-4d57-be17-54c33feab41f,Playlist collaborators,90171ea7-acfd-47e1-b2dc-8e70956e9271,Apple Music,75fe0fa7-0cf8-4a06-8711-fd212f12e15f,0,1,581b8a4e-fa0a-4146-9e79-d135945f839e,true,downloadableSrc,200,image/webp,86492,86492,5e724449a8f7f15424a0754be97dea76e9e6e1d55e6b9ec0219d109a26e16e30,1179,2676,,,bytescale.mobbin.com,f7a1807c1ac98ccf0eecf5078d61346ac9a94ca37a547f5708d580528c9e55c0,/Users/user/mobbin-sides/screen-flows/apple-music/042-apple-music-playlist-collaborators-abed4fce-8376-4d57-be17-54c33feab41f/001-581b8a4e-fa0a-4146-9e79-d135945f839e-downloadableSrc-5e724449a8f7.webp
abed4fce-8376-4d57-be17-54c33feab41f,Playlist collaborators,90171ea7-acfd-47e1-b2dc-8e70956e9271,Apple Music,75fe0fa7-0cf8-4a06-8711-fd212f12e15f,1,2,f73e2491-6cfc-4020-86fe-0a34ba534157,true,downloadableSrc,200,image/webp,46718,46718,59759bbe38ef50bdd722d5c240ab5aef0c7dfa283926a714f1fa3e85e1b46052,1179,2676,,,bytescale.mobbin.com,f7a1807c1ac98ccf0eecf5078d61346ac9a94ca37a547f5708d580528c9e55c0,/Users/user/mobbin-sides/screen-flows/apple-music/042-apple-music-playlist-collaborators-abed4fce-8376-4d57-be17-54c33feab41f/002-f73e2491-6cfc-4020-86fe-0a34ba534157-downloadableSrc-59759bbe38ef.webp
5d6260d7-a2b2-447a-a7bf-f7d61f77522e,Playing a collaboration playlist,90171ea7-acfd-47e1-b2dc-8e70956e9271,Apple Music,75fe0fa7-0cf8-4a06-8711-fd212f12e15f,0,1,581b8a4e-fa0a-4146-9e79-d135945f839e,true,downloadableSrc,200,image/webp,86492,86492,5e724449a8f7f15424a0754be97dea76e9e6e1d55e6b9ec0219d109a26e16e30,1179,2676,,,bytescale.mobbin.com,f7a1807c1ac98ccf0eecf5078d61346ac9a94ca37a547f5708d580528c9e55c0,/Users/user/mobbin-sides/screen-flows/apple-music/043-apple-music-playing-a-collaboration-playlist-5d6260d7-a2b2-447a-a7bf-f7d61f77522e/001-581b8a4e-fa0a-4146-9e79-d135945f839e-downloadableSrc-5e724449a8f7.webp
5d6260d7-a2b2-447a-a7bf-f7d61f77522e,Playing a collaboration playlist,90171ea7-acfd-47e1-b2dc-8e70956e9271,Apple Music,75fe0fa7-0cf8-4a06-8711-fd212f12e15f,1,2,d89d38cd-f756-41e2-9558-9234a1b64dca,true,downloadableSrc,200,image/webp,124820,124820,9b253e00118a4191b058889092b90b7c741f0741b5a0be23c796fa720bfc3113,1179,2676,,,bytescale.mobbin.com,f7a1807c1ac98ccf0eecf5078d61346ac9a94ca37a547f5708d580528c9e55c0,/Users/user/mobbin-sides/screen-flows/apple-music/043-apple-music-playing-a-collaboration-playlist-5d6260d7-a2b2-447a-a7bf-f7d61f77522e/002-d89d38cd-f756-41e2-9558-9234a1b64dca-downloadableSrc-9b253e00118a.webp
8d113c98-962d-4a84-8b63-aa4a5e9df026,Liking a song,90171ea7-acfd-47e1-b2dc-8e70956e9271,Apple Music,75fe0fa7-0cf8-4a06-8711-fd212f12e15f,0,1,d89d38cd-f756-41e2-9558-9234a1b64dca,true,downloadableSrc,200,image/webp,124820,124820,9b253e00118a4191b058889092b90b7c741f0741b5a0be23c796fa720bfc3113,1179,2676,,,bytescale.mobbin.com,f7a1807c1ac98ccf0eecf5078d61346ac9a94ca37a547f5708d580528c9e55c0,/Users/user/mobbin-sides/screen-flows/apple-music/044-apple-music-liking-a-song-8d113c98-962d-4a84-8b63-aa4a5e9df026/001-d89d38cd-f756-41e2-9558-9234a1b64dca-downloadableSrc-9b253e00118a.webp
8d113c98-962d-4a84-8b63-aa4a5e9df026,Liking a song,90171ea7-acfd-47e1-b2dc-8e70956e9271,Apple Music,75fe0fa7-0cf8-4a06-8711-fd212f12e15f,1,2,b166b10a-4ed4-4ed1-8a8a-1446dad381a9,true,downloadableSrc,200,image/webp,109534,109534,14ddb5c94c1cfd8a12fffb84c0454f784ccdb706b9fff44e4e93baf1bb065d67,1179,2676,,,bytescale.mobbin.com,f7a1807c1ac98ccf0eecf5078d61346ac9a94ca37a547f5708d580528c9e55c0,/Users/user/mobbin-sides/screen-flows/apple-music/044-apple-music-liking-a-song-8d113c98-962d-4a84-8b63-aa4a5e9df026/002-b166b10a-4ed4-4ed1-8a8a-1446dad381a9-downloadableSrc-14ddb5c94c1c.webp
8d113c98-962d-4a84-8b63-aa4a5e9df026,Liking a song,90171ea7-acfd-47e1-b2dc-8e70956e9271,Apple Music,75fe0fa7-0cf8-4a06-8711-fd212f12e15f,2,3,d06ea6fd-89e9-429f-9b76-322ad2b1c7fc,true,downloadableSrc,200,image/webp,129308,129308,e924513e69496ee523e56fdd7e45876eb216c05d565054740c6b530c94dc471d,1179,2676,,,bytescale.mobbin.com,f7a1807c1ac98ccf0eecf5078d61346ac9a94ca37a547f5708d580528c9e55c0,/Users/user/mobbin-sides/screen-flows/apple-music/044-apple-music-liking-a-song-8d113c98-962d-4a84-8b63-aa4a5e9df026/003-d06ea6fd-89e9-429f-9b76-322ad2b1c7fc-downloadableSrc-e924513e6949.webp
fbae867a-9c22-48fb-9d7d-f48eff3a2e08,Queue (collaboration playlist),90171ea7-acfd-47e1-b2dc-8e70956e9271,Apple Music,75fe0fa7-0cf8-4a06-8711-fd212f12e15f,0,1,d89d38cd-f756-41e2-9558-9234a1b64dca,true,downloadableSrc,200,image/webp,124820,124820,9b253e00118a4191b058889092b90b7c741f0741b5a0be23c796fa720bfc3113,1179,2676,,,bytescale.mobbin.com,f7a1807c1ac98ccf0eecf5078d61346ac9a94ca37a547f5708d580528c9e55c0,/Users/user/mobbin-sides/screen-flows/apple-music/045-apple-music-queue-collaboration-playlist-fbae867a-9c22-48fb-9d7d-f48eff3a2e08/001-d89d38cd-f756-41e2-9558-9234a1b64dca-downloadableSrc-9b253e00118a.webp
fbae867a-9c22-48fb-9d7d-f48eff3a2e08,Queue (collaboration playlist),90171ea7-acfd-47e1-b2dc-8e70956e9271,Apple Music,75fe0fa7-0cf8-4a06-8711-fd212f12e15f,1,2,5c5c4c58-a6a3-4b2e-8f9c-aa13c6454c7f,true,downloadableSrc,200,image/webp,85708,85708,49d68309de3dd50dc36a48c39fe191115e374aa1d8a80d5e73693737221a8d2c,1179,2676,,,bytescale.mobbin.com,f7a1807c1ac98ccf0eecf5078d61346ac9a94ca37a547f5708d580528c9e55c0,/Users/user/mobbin-sides/screen-flows/apple-music/045-apple-music-queue-collaboration-playlist-fbae867a-9c22-48fb-9d7d-f48eff3a2e08/002-5c5c4c58-a6a3-4b2e-8f9c-aa13c6454c7f-downloadableSrc-49d68309de3d.webp
86ccad90-f762-4b70-92a5-f370368bd1d5,Downloading a playlist,90171ea7-acfd-47e1-b2dc-8e70956e9271,Apple Music,75fe0fa7-0cf8-4a06-8711-fd212f12e15f,0,1,b7360cb5-a6b9-47a9-81c7-bb290893569f,true,downloadableSrc,200,image/webp,77580,77580,33d19a8bd090fa89679be678aa43645aed4717733f54f4aa7235f638e1aebe58,1179,2676,,,bytescale.mobbin.com,f7a1807c1ac98ccf0eecf5078d61346ac9a94ca37a547f5708d580528c9e55c0,/Users/user/mobbin-sides/screen-flows/apple-music/046-apple-music-downloading-a-playlist-86ccad90-f762-4b70-92a5-f370368bd1d5/001-b7360cb5-a6b9-47a9-81c7-bb290893569f-downloadableSrc-33d19a8bd090.webp
86ccad90-f762-4b70-92a5-f370368bd1d5,Downloading a playlist,90171ea7-acfd-47e1-b2dc-8e70956e9271,Apple Music,75fe0fa7-0cf8-4a06-8711-fd212f12e15f,1,2,0428f139-f9c8-4f8b-b76f-0e6adcf5e7d6,true,downloadableSrc,200,image/webp,82406,82406,ca89ef5a86329423c51f7e641db9a9d7eca8a8a63dfd5cbd5dc319c1763d28f1,1179,2676,,,bytescale.mobbin.com,f7a1807c1ac98ccf0eecf5078d61346ac9a94ca37a547f5708d580528c9e55c0,/Users/user/mobbin-sides/screen-flows/apple-music/046-apple-music-downloading-a-playlist-86ccad90-f762-4b70-92a5-f370368bd1d5/002-0428f139-f9c8-4f8b-b76f-0e6adcf5e7d6-downloadableSrc-ca89ef5a8632.webp
86ccad90-f762-4b70-92a5-f370368bd1d5,Downloading a playlist,90171ea7-acfd-47e1-b2dc-8e70956e9271,Apple Music,75fe0fa7-0cf8-4a06-8711-fd212f12e15f,2,3,8ef5f209-0e4a-4ed9-b742-cef6a47acc6f,true,downloadableSrc,200,image/webp,81650,81650,3f9a5916b56e52aad8a2070be7203b6b25fd7dd08f20c75283d3e3a4f0e9d879,1179,2676,,,bytescale.mobbin.com,f7a1807c1ac98ccf0eecf5078d61346ac9a94ca37a547f5708d580528c9e55c0,/Users/user/mobbin-sides/screen-flows/apple-music/046-apple-music-downloading-a-playlist-86ccad90-f762-4b70-92a5-f370368bd1d5/003-8ef5f209-0e4a-4ed9-b742-cef6a47acc6f-downloadableSrc-3f9a5916b56e.webp
6c28e132-21e8-4ff0-a441-443d71f06d44,Stopping collaboration,90171ea7-acfd-47e1-b2dc-8e70956e9271,Apple Music,75fe0fa7-0cf8-4a06-8711-fd212f12e15f,0,1,b7360cb5-a6b9-47a9-81c7-bb290893569f,true,downloadableSrc,200,image/webp,77580,77580,33d19a8bd090fa89679be678aa43645aed4717733f54f4aa7235f638e1aebe58,1179,2676,,,bytescale.mobbin.com,f7a1807c1ac98ccf0eecf5078d61346ac9a94ca37a547f5708d580528c9e55c0,/Users/user/mobbin-sides/screen-flows/apple-music/047-apple-music-stopping-collaboration-6c28e132-21e8-4ff0-a441-443d71f06d44/001-b7360cb5-a6b9-47a9-81c7-bb290893569f-downloadableSrc-33d19a8bd090.webp
6c28e132-21e8-4ff0-a441-443d71f06d44,Stopping collaboration,90171ea7-acfd-47e1-b2dc-8e70956e9271,Apple Music,75fe0fa7-0cf8-4a06-8711-fd212f12e15f,1,2,9bbd868b-2e15-4da4-a7db-0b2124ec9e7e,true,downloadableSrc,200,image/webp,95606,95606,745536f1e39762b58ac6276f66d3719569e5d36c031d643b2d1228ff237b00c8,1179,2676,,,bytescale.mobbin.com,f7a1807c1ac98ccf0eecf5078d61346ac9a94ca37a547f5708d580528c9e55c0,/Users/user/mobbin-sides/screen-flows/apple-music/047-apple-music-stopping-collaboration-6c28e132-21e8-4ff0-a441-443d71f06d44/002-9bbd868b-2e15-4da4-a7db-0b2124ec9e7e-downloadableSrc-745536f1e397.webp
6c28e132-21e8-4ff0-a441-443d71f06d44,Stopping collaboration,90171ea7-acfd-47e1-b2dc-8e70956e9271,Apple Music,75fe0fa7-0cf8-4a06-8711-fd212f12e15f,2,3,2b526743-686c-48b3-bf4d-09b122eeb9b4,true,downloadableSrc,200,image/webp,69908,69908,3737acb7d02a0767d02dd1a10c5d58c6ce200ac044b9bf4bc4135ac87c88b0be,1179,2676,,,bytescale.mobbin.com,f7a1807c1ac98ccf0eecf5078d61346ac9a94ca37a547f5708d580528c9e55c0,/Users/user/mobbin-sides/screen-flows/apple-music/047-apple-music-stopping-collaboration-6c28e132-21e8-4ff0-a441-443d71f06d44/003-2b526743-686c-48b3-bf4d-09b122eeb9b4-downloadableSrc-3737acb7d02a.webp
6c28e132-21e8-4ff0-a441-443d71f06d44,Stopping collaboration,90171ea7-acfd-47e1-b2dc-8e70956e9271,Apple Music,75fe0fa7-0cf8-4a06-8711-fd212f12e15f,3,4,8806eee3-f57f-4b5e-8135-694ee28f0359,true,downloadableSrc,200,image/webp,61246,61246,f55b71b255cb8ba12d353a54ce6a30737a80dfb6047a2b5ede5a878299366acb,1179,2676,,,bytescale.mobbin.com,f7a1807c1ac98ccf0eecf5078d61346ac9a94ca37a547f5708d580528c9e55c0,/Users/user/mobbin-sides/screen-flows/apple-music/047-apple-music-stopping-collaboration-6c28e132-21e8-4ff0-a441-443d71f06d44/004-8806eee3-f57f-4b5e-8135-694ee28f0359-downloadableSrc-f55b71b255cb.webp
6c28e132-21e8-4ff0-a441-443d71f06d44,Stopping collaboration,90171ea7-acfd-47e1-b2dc-8e70956e9271,Apple Music,75fe0fa7-0cf8-4a06-8711-fd212f12e15f,4,5,46d34dbf-5b97-4704-9427-6c9385374f57,true,downloadableSrc,200,image/webp,78800,78800,ec9f313aefe15129f86bc15f4a78918262d3b8c26372d07d99f0cbd5f82c6422,1179,2676,,,bytescale.mobbin.com,f7a1807c1ac98ccf0eecf5078d61346ac9a94ca37a547f5708d580528c9e55c0,/Users/user/mobbin-sides/screen-flows/apple-music/047-apple-music-stopping-collaboration-6c28e132-21e8-4ff0-a441-443d71f06d44/005-46d34dbf-5b97-4704-9427-6c9385374f57-downloadableSrc-ec9f313aefe1.webp
0434d744-be9b-467e-80d6-4234235a1637,Playlist QR code,90171ea7-acfd-47e1-b2dc-8e70956e9271,Apple Music,75fe0fa7-0cf8-4a06-8711-fd212f12e15f,0,1,2b526743-686c-48b3-bf4d-09b122eeb9b4,true,downloadableSrc,200,image/webp,69908,69908,3737acb7d02a0767d02dd1a10c5d58c6ce200ac044b9bf4bc4135ac87c88b0be,1179,2676,,,bytescale.mobbin.com,f7a1807c1ac98ccf0eecf5078d61346ac9a94ca37a547f5708d580528c9e55c0,/Users/user/mobbin-sides/screen-flows/apple-music/048-apple-music-playlist-qr-code-0434d744-be9b-467e-80d6-4234235a1637/001-2b526743-686c-48b3-bf4d-09b122eeb9b4-downloadableSrc-3737acb7d02a.webp
0434d744-be9b-467e-80d6-4234235a1637,Playlist QR code,90171ea7-acfd-47e1-b2dc-8e70956e9271,Apple Music,75fe0fa7-0cf8-4a06-8711-fd212f12e15f,1,2,de7d0866-c46b-4931-995f-31341218cd33,true,downloadableSrc,200,image/webp,90868,90868,59d8b585fc4c7fef7fce7e552cf0961263c419dd58fd00e985672e71793f7bd7,1179,2676,,,bytescale.mobbin.com,f7a1807c1ac98ccf0eecf5078d61346ac9a94ca37a547f5708d580528c9e55c0,/Users/user/mobbin-sides/screen-flows/apple-music/048-apple-music-playlist-qr-code-0434d744-be9b-467e-80d6-4234235a1637/002-de7d0866-c46b-4931-995f-31341218cd33-downloadableSrc-59d8b585fc4c.webp
a0cd6186-26b8-450d-8714-33c92090e419,Creating a playlist,90171ea7-acfd-47e1-b2dc-8e70956e9271,Apple Music,75fe0fa7-0cf8-4a06-8711-fd212f12e15f,0,1,eabdf610-5137-47b6-a550-8c2d32ff659d,true,downloadableSrc,200,image/webp,77000,77000,947ca3d77532975a05ecd4db692c440636fff53b22bb6200a88a68bf1da167fd,1179,2676,,,bytescale.mobbin.com,f7a1807c1ac98ccf0eecf5078d61346ac9a94ca37a547f5708d580528c9e55c0,/Users/user/mobbin-sides/screen-flows/apple-music/049-apple-music-creating-a-playlist-a0cd6186-26b8-450d-8714-33c92090e419/001-eabdf610-5137-47b6-a550-8c2d32ff659d-downloadableSrc-947ca3d77532.webp
a0cd6186-26b8-450d-8714-33c92090e419,Creating a playlist,90171ea7-acfd-47e1-b2dc-8e70956e9271,Apple Music,75fe0fa7-0cf8-4a06-8711-fd212f12e15f,1,2,38fa391b-12ed-4769-9b8e-b5892fadbc7c,true,downloadableSrc,200,image/webp,92472,92472,6794594cb0a1129743158b21d0959c1d3d84f998f7e1690098385a4788b60469,1179,2676,,,bytescale.mobbin.com,f7a1807c1ac98ccf0eecf5078d61346ac9a94ca37a547f5708d580528c9e55c0,/Users/user/mobbin-sides/screen-flows/apple-music/049-apple-music-creating-a-playlist-a0cd6186-26b8-450d-8714-33c92090e419/002-38fa391b-12ed-4769-9b8e-b5892fadbc7c-downloadableSrc-6794594cb0a1.webp
a0cd6186-26b8-450d-8714-33c92090e419,Creating a playlist,90171ea7-acfd-47e1-b2dc-8e70956e9271,Apple Music,75fe0fa7-0cf8-4a06-8711-fd212f12e15f,2,3,0d74c6c9-049b-430e-be02-bd30a472b98e,true,downloadableSrc,200,image/webp,50702,50702,33b214d48f3ec59e237cb1f12e6e6ef38aaefd4df1bda0128ce498baccf8fa45,1179,2676,,,bytescale.mobbin.com,f7a1807c1ac98ccf0eecf5078d61346ac9a94ca37a547f5708d580528c9e55c0,/Users/user/mobbin-sides/screen-flows/apple-music/049-apple-music-creating-a-playlist-a0cd6186-26b8-450d-8714-33c92090e419/003-0d74c6c9-049b-430e-be02-bd30a472b98e-downloadableSrc-33b214d48f3e.webp
a0cd6186-26b8-450d-8714-33c92090e419,Creating a playlist,90171ea7-acfd-47e1-b2dc-8e70956e9271,Apple Music,75fe0fa7-0cf8-4a06-8711-fd212f12e15f,3,4,1876527d-5126-4cca-95c7-53f15a216c92,true,downloadableSrc,200,image/webp,57540,57540,9553abfd0da20ad480e665b5cb8e4efa4786fcbc845ebce2708095f6c5c8d49e,1179,2676,,,bytescale.mobbin.com,f7a1807c1ac98ccf0eecf5078d61346ac9a94ca37a547f5708d580528c9e55c0,/Users/user/mobbin-sides/screen-flows/apple-music/049-apple-music-creating-a-playlist-a0cd6186-26b8-450d-8714-33c92090e419/004-1876527d-5126-4cca-95c7-53f15a216c92-downloadableSrc-9553abfd0da2.webp
a0cd6186-26b8-450d-8714-33c92090e419,Creating a playlist,90171ea7-acfd-47e1-b2dc-8e70956e9271,Apple Music,75fe0fa7-0cf8-4a06-8711-fd212f12e15f,4,5,5b5aea08-c6f2-4a9e-97e0-cbf075dd14c1,true,downloadableSrc,200,image/webp,126802,126802,fa36e34c866cea52b700157f60997b425f4c829458076db49ebd0d76ac762ba5,1179,2676,,,bytescale.mobbin.com,f7a1807c1ac98ccf0eecf5078d61346ac9a94ca37a547f5708d580528c9e55c0,/Users/user/mobbin-sides/screen-flows/apple-music/049-apple-music-creating-a-playlist-a0cd6186-26b8-450d-8714-33c92090e419/005-5b5aea08-c6f2-4a9e-97e0-cbf075dd14c1-downloadableSrc-fa36e34c866c.webp
a0cd6186-26b8-450d-8714-33c92090e419,Creating a playlist,90171ea7-acfd-47e1-b2dc-8e70956e9271,Apple Music,75fe0fa7-0cf8-4a06-8711-fd212f12e15f,5,6,dc9238b4-a10f-45d4-995d-6d792c73f50e,true,downloadableSrc,200,image/webp,131892,131892,be5e52b47d0c069b456ada67be5bbe7aa4402c9314674041c5f3977df87be650,1179,2676,,,bytescale.mobbin.com,f7a1807c1ac98ccf0eecf5078d61346ac9a94ca37a547f5708d580528c9e55c0,/Users/user/mobbin-sides/screen-flows/apple-music/049-apple-music-creating-a-playlist-a0cd6186-26b8-450d-8714-33c92090e419/006-dc9238b4-a10f-45d4-995d-6d792c73f50e-downloadableSrc-be5e52b47d0c.webp
a0cd6186-26b8-450d-8714-33c92090e419,Creating a playlist,90171ea7-acfd-47e1-b2dc-8e70956e9271,Apple Music,75fe0fa7-0cf8-4a06-8711-fd212f12e15f,6,7,207ca51b-826f-4d15-91ee-77b83a9f1e89,true,downloadableSrc,200,image/webp,203598,203598,ab2eda4b0b5c5c9037df3b859c2c19cbdcad5cf48547be62d06a68151a554f29,1179,2676,,,bytescale.mobbin.com,f7a1807c1ac98ccf0eecf5078d61346ac9a94ca37a547f5708d580528c9e55c0,/Users/user/mobbin-sides/screen-flows/apple-music/049-apple-music-creating-a-playlist-a0cd6186-26b8-450d-8714-33c92090e419/007-207ca51b-826f-4d15-91ee-77b83a9f1e89-downloadableSrc-ab2eda4b0b5c.webp
34cd02bd-c7de-4178-90e2-f31408da94a1,Creating a new folder,90171ea7-acfd-47e1-b2dc-8e70956e9271,Apple Music,75fe0fa7-0cf8-4a06-8711-fd212f12e15f,0,1,38fa391b-12ed-4769-9b8e-b5892fadbc7c,true,downloadableSrc,200,image/webp,92472,92472,6794594cb0a1129743158b21d0959c1d3d84f998f7e1690098385a4788b60469,1179,2676,,,bytescale.mobbin.com,f7a1807c1ac98ccf0eecf5078d61346ac9a94ca37a547f5708d580528c9e55c0,/Users/user/mobbin-sides/screen-flows/apple-music/050-apple-music-creating-a-new-folder-34cd02bd-c7de-4178-90e2-f31408da94a1/001-38fa391b-12ed-4769-9b8e-b5892fadbc7c-downloadableSrc-6794594cb0a1.webp
34cd02bd-c7de-4178-90e2-f31408da94a1,Creating a new folder,90171ea7-acfd-47e1-b2dc-8e70956e9271,Apple Music,75fe0fa7-0cf8-4a06-8711-fd212f12e15f,1,2,7cf5d9da-a604-4e55-950d-52f9a24ab979,true,downloadableSrc,200,image/webp,78610,78610,423d13ab25379c7217617121d9f5651cb11ddd9122b9d460fe99dfc2280bb3d0,1179,2676,,,bytescale.mobbin.com,f7a1807c1ac98ccf0eecf5078d61346ac9a94ca37a547f5708d580528c9e55c0,/Users/user/mobbin-sides/screen-flows/apple-music/050-apple-music-creating-a-new-folder-34cd02bd-c7de-4178-90e2-f31408da94a1/002-7cf5d9da-a604-4e55-950d-52f9a24ab979-downloadableSrc-423d13ab2537.webp
34cd02bd-c7de-4178-90e2-f31408da94a1,Creating a new folder,90171ea7-acfd-47e1-b2dc-8e70956e9271,Apple Music,75fe0fa7-0cf8-4a06-8711-fd212f12e15f,2,3,01fc587d-2ad7-42d2-a502-f1205a846509,true,downloadableSrc,200,image/webp,81956,81956,d96a46ada8caccd9323f691522117874ea7ef987e6e2f64c13535419386da971,1179,2676,,,bytescale.mobbin.com,f7a1807c1ac98ccf0eecf5078d61346ac9a94ca37a547f5708d580528c9e55c0,/Users/user/mobbin-sides/screen-flows/apple-music/050-apple-music-creating-a-new-folder-34cd02bd-c7de-4178-90e2-f31408da94a1/003-01fc587d-2ad7-42d2-a502-f1205a846509-downloadableSrc-d96a46ada8ca.webp
34cd02bd-c7de-4178-90e2-f31408da94a1,Creating a new folder,90171ea7-acfd-47e1-b2dc-8e70956e9271,Apple Music,75fe0fa7-0cf8-4a06-8711-fd212f12e15f,3,4,a49f0109-652b-46a4-be8d-526252ee76b8,true,downloadableSrc,200,image/webp,48506,48506,cc85dd33ffb2dc58c257be3c906734a31f1a6d88ecc350e2ddc758ed1524e80d,1179,2676,,,bytescale.mobbin.com,f7a1807c1ac98ccf0eecf5078d61346ac9a94ca37a547f5708d580528c9e55c0,/Users/user/mobbin-sides/screen-flows/apple-music/050-apple-music-creating-a-new-folder-34cd02bd-c7de-4178-90e2-f31408da94a1/004-a49f0109-652b-46a4-be8d-526252ee76b8-downloadableSrc-cc85dd33ffb2.webp
34cd02bd-c7de-4178-90e2-f31408da94a1,Creating a new folder,90171ea7-acfd-47e1-b2dc-8e70956e9271,Apple Music,75fe0fa7-0cf8-4a06-8711-fd212f12e15f,4,5,ada55025-0884-4299-a437-35b6bd0c88ee,true,downloadableSrc,200,image/webp,58482,58482,f6b1b7e15132928919ff9901940c7bc61883bb1bd3bb802fa641af24e88d1459,1179,2676,,,bytescale.mobbin.com,f7a1807c1ac98ccf0eecf5078d61346ac9a94ca37a547f5708d580528c9e55c0,/Users/user/mobbin-sides/screen-flows/apple-music/050-apple-music-creating-a-new-folder-34cd02bd-c7de-4178-90e2-f31408da94a1/005-ada55025-0884-4299-a437-35b6bd0c88ee-downloadableSrc-f6b1b7e15132.webp
51b62915-fd0a-4e91-8a9e-2df6dfc06ccc,Filtering playlists,90171ea7-acfd-47e1-b2dc-8e70956e9271,Apple Music,75fe0fa7-0cf8-4a06-8711-fd212f12e15f,0,1,eabdf610-5137-47b6-a550-8c2d32ff659d,true,downloadableSrc,200,image/webp,77000,77000,947ca3d77532975a05ecd4db692c440636fff53b22bb6200a88a68bf1da167fd,1179,2676,,,bytescale.mobbin.com,f7a1807c1ac98ccf0eecf5078d61346ac9a94ca37a547f5708d580528c9e55c0,/Users/user/mobbin-sides/screen-flows/apple-music/051-apple-music-filtering-playlists-51b62915-fd0a-4e91-8a9e-2df6dfc06ccc/001-eabdf610-5137-47b6-a550-8c2d32ff659d-downloadableSrc-947ca3d77532.webp
51b62915-fd0a-4e91-8a9e-2df6dfc06ccc,Filtering playlists,90171ea7-acfd-47e1-b2dc-8e70956e9271,Apple Music,75fe0fa7-0cf8-4a06-8711-fd212f12e15f,1,2,6a3601e7-513c-452d-8bf5-de147f8b48ed,true,downloadableSrc,200,image/webp,90592,90592,3945524628d356eca665f3cb1025cf955a02f46977015e1a428cd2afbc2caa1d,1179,2676,,,bytescale.mobbin.com,f7a1807c1ac98ccf0eecf5078d61346ac9a94ca37a547f5708d580528c9e55c0,/Users/user/mobbin-sides/screen-flows/apple-music/051-apple-music-filtering-playlists-51b62915-fd0a-4e91-8a9e-2df6dfc06ccc/002-6a3601e7-513c-452d-8bf5-de147f8b48ed-downloadableSrc-3945524628d3.webp
51b62915-fd0a-4e91-8a9e-2df6dfc06ccc,Filtering playlists,90171ea7-acfd-47e1-b2dc-8e70956e9271,Apple Music,75fe0fa7-0cf8-4a06-8711-fd212f12e15f,2,3,18191852-6c45-44aa-9b2e-c4e4017fc612,true,downloadableSrc,200,image/webp,54644,54644,a48709cafa3b6e267b17470614c075127be60311c109b11f6e0faeb22e5e5ce1,1179,2676,,,bytescale.mobbin.com,f7a1807c1ac98ccf0eecf5078d61346ac9a94ca37a547f5708d580528c9e55c0,/Users/user/mobbin-sides/screen-flows/apple-music/051-apple-music-filtering-playlists-51b62915-fd0a-4e91-8a9e-2df6dfc06ccc/003-18191852-6c45-44aa-9b2e-c4e4017fc612-downloadableSrc-a48709cafa3b.webp
98ce41ed-67f8-481e-bb36-a43bec516f02,Switching view,90171ea7-acfd-47e1-b2dc-8e70956e9271,Apple Music,75fe0fa7-0cf8-4a06-8711-fd212f12e15f,0,1,eabdf610-5137-47b6-a550-8c2d32ff659d,true,downloadableSrc,200,image/webp,77000,77000,947ca3d77532975a05ecd4db692c440636fff53b22bb6200a88a68bf1da167fd,1179,2676,,,bytescale.mobbin.com,f7a1807c1ac98ccf0eecf5078d61346ac9a94ca37a547f5708d580528c9e55c0,/Users/user/mobbin-sides/screen-flows/apple-music/052-apple-music-switching-view-98ce41ed-67f8-481e-bb36-a43bec516f02/001-eabdf610-5137-47b6-a550-8c2d32ff659d-downloadableSrc-947ca3d77532.webp
98ce41ed-67f8-481e-bb36-a43bec516f02,Switching view,90171ea7-acfd-47e1-b2dc-8e70956e9271,Apple Music,75fe0fa7-0cf8-4a06-8711-fd212f12e15f,1,2,2b3c88bc-10d7-4f03-a7ef-0eaefabff90f,true,downloadableSrc,200,image/webp,93730,93730,c842d152f2934d3b644b3e9235f850cd193b1bae4d4b2d69a5d4d79b51d104fd,1179,2676,,,bytescale.mobbin.com,f7a1807c1ac98ccf0eecf5078d61346ac9a94ca37a547f5708d580528c9e55c0,/Users/user/mobbin-sides/screen-flows/apple-music/052-apple-music-switching-view-98ce41ed-67f8-481e-bb36-a43bec516f02/002-2b3c88bc-10d7-4f03-a7ef-0eaefabff90f-downloadableSrc-c842d152f293.webp
98ce41ed-67f8-481e-bb36-a43bec516f02,Switching view,90171ea7-acfd-47e1-b2dc-8e70956e9271,Apple Music,75fe0fa7-0cf8-4a06-8711-fd212f12e15f,2,3,143196a8-2649-49db-8333-fffbdc9029a8,true,downloadableSrc,200,image/webp,121992,121992,3d56c1f3dcdc937d22a3c2832a9a2510f2a102f2404b687589160478288b8702,1179,2676,,,bytescale.mobbin.com,f7a1807c1ac98ccf0eecf5078d61346ac9a94ca37a547f5708d580528c9e55c0,/Users/user/mobbin-sides/screen-flows/apple-music/052-apple-music-switching-view-98ce41ed-67f8-481e-bb36-a43bec516f02/003-143196a8-2649-49db-8333-fffbdc9029a8-downloadableSrc-3d56c1f3dcdc.webp
007b9f18-28e3-445f-acdd-7ed68185b26b,Artists,90171ea7-acfd-47e1-b2dc-8e70956e9271,Apple Music,75fe0fa7-0cf8-4a06-8711-fd212f12e15f,0,1,4c0a18e6-4107-42a6-94fd-4e957568bb69,true,downloadableSrc,200,image/webp,110134,110134,cd6af10455ac040bb2efa0f08691432f4bf3f487fa545405e8550571c82f000b,1179,2676,,,bytescale.mobbin.com,f7a1807c1ac98ccf0eecf5078d61346ac9a94ca37a547f5708d580528c9e55c0,/Users/user/mobbin-sides/screen-flows/apple-music/053-apple-music-artists-007b9f18-28e3-445f-acdd-7ed68185b26b/001-4c0a18e6-4107-42a6-94fd-4e957568bb69-downloadableSrc-cd6af10455ac.webp
007b9f18-28e3-445f-acdd-7ed68185b26b,Artists,90171ea7-acfd-47e1-b2dc-8e70956e9271,Apple Music,75fe0fa7-0cf8-4a06-8711-fd212f12e15f,1,2,a3d69bd1-eb5d-431b-8c0d-48a9114fadc5,true,downloadableSrc,200,image/webp,81012,81012,281e29ff9921c2a8ec3910ba0d322190cde43f0e7ed5edc198e2828700c7bfa9,1179,2676,,,bytescale.mobbin.com,f7a1807c1ac98ccf0eecf5078d61346ac9a94ca37a547f5708d580528c9e55c0,/Users/user/mobbin-sides/screen-flows/apple-music/053-apple-music-artists-007b9f18-28e3-445f-acdd-7ed68185b26b/002-a3d69bd1-eb5d-431b-8c0d-48a9114fadc5-downloadableSrc-281e29ff9921.webp
d16197ea-0655-4a1e-93f0-6ac4957af857,Albums,90171ea7-acfd-47e1-b2dc-8e70956e9271,Apple Music,75fe0fa7-0cf8-4a06-8711-fd212f12e15f,0,1,4c0a18e6-4107-42a6-94fd-4e957568bb69,true,downloadableSrc,200,image/webp,110134,110134,cd6af10455ac040bb2efa0f08691432f4bf3f487fa545405e8550571c82f000b,1179,2676,,,bytescale.mobbin.com,f7a1807c1ac98ccf0eecf5078d61346ac9a94ca37a547f5708d580528c9e55c0,/Users/user/mobbin-sides/screen-flows/apple-music/054-apple-music-albums-d16197ea-0655-4a1e-93f0-6ac4957af857/001-4c0a18e6-4107-42a6-94fd-4e957568bb69-downloadableSrc-cd6af10455ac.webp
d16197ea-0655-4a1e-93f0-6ac4957af857,Albums,90171ea7-acfd-47e1-b2dc-8e70956e9271,Apple Music,75fe0fa7-0cf8-4a06-8711-fd212f12e15f,1,2,da6eeb5a-6515-405b-8472-7d6ab55afde0,true,downloadableSrc,200,image/webp,163390,163390,2ed1b17e54c233a05048251adcc7b0e8633417c237d7af8a5d02efa61e8931bc,1179,2676,,,bytescale.mobbin.com,f7a1807c1ac98ccf0eecf5078d61346ac9a94ca37a547f5708d580528c9e55c0,/Users/user/mobbin-sides/screen-flows/apple-music/054-apple-music-albums-d16197ea-0655-4a1e-93f0-6ac4957af857/002-da6eeb5a-6515-405b-8472-7d6ab55afde0-downloadableSrc-2ed1b17e54c2.webp
7b8321fd-e964-41a4-875f-45a41bf1e79a,Songs,90171ea7-acfd-47e1-b2dc-8e70956e9271,Apple Music,75fe0fa7-0cf8-4a06-8711-fd212f12e15f,0,1,4c0a18e6-4107-42a6-94fd-4e957568bb69,true,downloadableSrc,200,image/webp,110134,110134,cd6af10455ac040bb2efa0f08691432f4bf3f487fa545405e8550571c82f000b,1179,2676,,,bytescale.mobbin.com,f7a1807c1ac98ccf0eecf5078d61346ac9a94ca37a547f5708d580528c9e55c0,/Users/user/mobbin-sides/screen-flows/apple-music/055-apple-music-songs-7b8321fd-e964-41a4-875f-45a41bf1e79a/001-4c0a18e6-4107-42a6-94fd-4e957568bb69-downloadableSrc-cd6af10455ac.webp
7b8321fd-e964-41a4-875f-45a41bf1e79a,Songs,90171ea7-acfd-47e1-b2dc-8e70956e9271,Apple Music,75fe0fa7-0cf8-4a06-8711-fd212f12e15f,1,2,3a938b4d-3b4e-43b7-8de3-cb039a924e31,true,downloadableSrc,200,image/webp,100608,100608,ce2f07ecaa9b32c2fa3be72da56dac66014b9234cd370aeb4d809eb1eee3f5de,1179,2676,,,bytescale.mobbin.com,f7a1807c1ac98ccf0eecf5078d61346ac9a94ca37a547f5708d580528c9e55c0,/Users/user/mobbin-sides/screen-flows/apple-music/055-apple-music-songs-7b8321fd-e964-41a4-875f-45a41bf1e79a/002-3a938b4d-3b4e-43b7-8de3-cb039a924e31-downloadableSrc-ce2f07ecaa9b.webp
53f8570a-5f5c-46c2-bffe-e3e6bd81b56e,Downloaded,90171ea7-acfd-47e1-b2dc-8e70956e9271,Apple Music,75fe0fa7-0cf8-4a06-8711-fd212f12e15f,0,1,4c0a18e6-4107-42a6-94fd-4e957568bb69,true,downloadableSrc,200,image/webp,110134,110134,cd6af10455ac040bb2efa0f08691432f4bf3f487fa545405e8550571c82f000b,1179,2676,,,bytescale.mobbin.com,f7a1807c1ac98ccf0eecf5078d61346ac9a94ca37a547f5708d580528c9e55c0,/Users/user/mobbin-sides/screen-flows/apple-music/056-apple-music-downloaded-53f8570a-5f5c-46c2-bffe-e3e6bd81b56e/001-4c0a18e6-4107-42a6-94fd-4e957568bb69-downloadableSrc-cd6af10455ac.webp
53f8570a-5f5c-46c2-bffe-e3e6bd81b56e,Downloaded,90171ea7-acfd-47e1-b2dc-8e70956e9271,Apple Music,75fe0fa7-0cf8-4a06-8711-fd212f12e15f,1,2,2087d083-31ec-4f92-998e-c600bd9469d4,true,downloadableSrc,200,image/webp,129414,129414,ec21a6c195079b9500a702b40b7c2c3e2587d495e69523c2c57376ad7bd803a8,1179,2676,,,bytescale.mobbin.com,f7a1807c1ac98ccf0eecf5078d61346ac9a94ca37a547f5708d580528c9e55c0,/Users/user/mobbin-sides/screen-flows/apple-music/056-apple-music-downloaded-53f8570a-5f5c-46c2-bffe-e3e6bd81b56e/002-2087d083-31ec-4f92-998e-c600bd9469d4-downloadableSrc-ec21a6c19507.webp
63ffb902-ecb8-4d3f-98ed-db34c16820c6,Editing sections,90171ea7-acfd-47e1-b2dc-8e70956e9271,Apple Music,75fe0fa7-0cf8-4a06-8711-fd212f12e15f,0,1,4c0a18e6-4107-42a6-94fd-4e957568bb69,true,downloadableSrc,200,image/webp,110134,110134,cd6af10455ac040bb2efa0f08691432f4bf3f487fa545405e8550571c82f000b,1179,2676,,,bytescale.mobbin.com,f7a1807c1ac98ccf0eecf5078d61346ac9a94ca37a547f5708d580528c9e55c0,/Users/user/mobbin-sides/screen-flows/apple-music/057-apple-music-editing-sections-63ffb902-ecb8-4d3f-98ed-db34c16820c6/001-4c0a18e6-4107-42a6-94fd-4e957568bb69-downloadableSrc-cd6af10455ac.webp
63ffb902-ecb8-4d3f-98ed-db34c16820c6,Editing sections,90171ea7-acfd-47e1-b2dc-8e70956e9271,Apple Music,75fe0fa7-0cf8-4a06-8711-fd212f12e15f,1,2,d64116dc-a2a0-43ef-9cd9-fa388dbdaf23,true,downloadableSrc,200,image/webp,105056,105056,53c46e7d0fde4d1bfd9a7444d0be6239093270c6e0e306450a58b4e497c524e4,1179,2676,,,bytescale.mobbin.com,f7a1807c1ac98ccf0eecf5078d61346ac9a94ca37a547f5708d580528c9e55c0,/Users/user/mobbin-sides/screen-flows/apple-music/057-apple-music-editing-sections-63ffb902-ecb8-4d3f-98ed-db34c16820c6/002-d64116dc-a2a0-43ef-9cd9-fa388dbdaf23-downloadableSrc-53c46e7d0fde.webp
63ffb902-ecb8-4d3f-98ed-db34c16820c6,Editing sections,90171ea7-acfd-47e1-b2dc-8e70956e9271,Apple Music,75fe0fa7-0cf8-4a06-8711-fd212f12e15f,2,3,c84f684e-be47-49d7-a4e0-98c9e4f12f48,true,downloadableSrc,200,image/webp,64308,64308,9b56173f3fd5527a117b118da9eaa9ffc80d438fec2c6f848f18974d15f0f506,1179,2676,,,bytescale.mobbin.com,f7a1807c1ac98ccf0eecf5078d61346ac9a94ca37a547f5708d580528c9e55c0,/Users/user/mobbin-sides/screen-flows/apple-music/057-apple-music-editing-sections-63ffb902-ecb8-4d3f-98ed-db34c16820c6/003-c84f684e-be47-49d7-a4e0-98c9e4f12f48-downloadableSrc-9b56173f3fd5.webp
63ffb902-ecb8-4d3f-98ed-db34c16820c6,Editing sections,90171ea7-acfd-47e1-b2dc-8e70956e9271,Apple Music,75fe0fa7-0cf8-4a06-8711-fd212f12e15f,3,4,fa12db92-20f6-4803-93af-1eae3a2c0ed6,true,downloadableSrc,200,image/webp,65296,65296,bdc614b2513fa9c9e633d80fe9419c987e9845dbd2d5c5247c1037319477cfe3,1179,2676,,,bytescale.mobbin.com,f7a1807c1ac98ccf0eecf5078d61346ac9a94ca37a547f5708d580528c9e55c0,/Users/user/mobbin-sides/screen-flows/apple-music/057-apple-music-editing-sections-63ffb902-ecb8-4d3f-98ed-db34c16820c6/004-fa12db92-20f6-4803-93af-1eae3a2c0ed6-downloadableSrc-bdc614b2513f.webp
63ffb902-ecb8-4d3f-98ed-db34c16820c6,Editing sections,90171ea7-acfd-47e1-b2dc-8e70956e9271,Apple Music,75fe0fa7-0cf8-4a06-8711-fd212f12e15f,4,5,35d56ce9-72bf-410c-b72b-dc25c34d2bd3,true,downloadableSrc,200,image/webp,64178,64178,08cee3587942606fdfa2d0d1f5c8c23f437bd24838fd564871c82515b1a4161f,1179,2676,,,bytescale.mobbin.com,f7a1807c1ac98ccf0eecf5078d61346ac9a94ca37a547f5708d580528c9e55c0,/Users/user/mobbin-sides/screen-flows/apple-music/057-apple-music-editing-sections-63ffb902-ecb8-4d3f-98ed-db34c16820c6/005-35d56ce9-72bf-410c-b72b-dc25c34d2bd3-downloadableSrc-08cee3587942.webp
63ffb902-ecb8-4d3f-98ed-db34c16820c6,Editing sections,90171ea7-acfd-47e1-b2dc-8e70956e9271,Apple Music,75fe0fa7-0cf8-4a06-8711-fd212f12e15f,5,6,aadc852e-e6cb-450d-a36f-7401a06f39b8,true,downloadableSrc,200,image/webp,64140,64140,42453d762a21920d509032f77df964c54d5eefee97f800f3e5b528d1603a28f2,1179,2676,,,bytescale.mobbin.com,f7a1807c1ac98ccf0eecf5078d61346ac9a94ca37a547f5708d580528c9e55c0,/Users/user/mobbin-sides/screen-flows/apple-music/057-apple-music-editing-sections-63ffb902-ecb8-4d3f-98ed-db34c16820c6/006-aadc852e-e6cb-450d-a36f-7401a06f39b8-downloadableSrc-42453d762a21.webp
63ffb902-ecb8-4d3f-98ed-db34c16820c6,Editing sections,90171ea7-acfd-47e1-b2dc-8e70956e9271,Apple Music,75fe0fa7-0cf8-4a06-8711-fd212f12e15f,6,7,6bdfdfad-826e-4cfe-a822-68fc31312851,true,downloadableSrc,200,image/webp,109100,109100,f39635ce106c5dc290c9ebcf94986a11b49a949fd5119ded7024b96258b1b11f,1179,2676,,,bytescale.mobbin.com,f7a1807c1ac98ccf0eecf5078d61346ac9a94ca37a547f5708d580528c9e55c0,/Users/user/mobbin-sides/screen-flows/apple-music/057-apple-music-editing-sections-63ffb902-ecb8-4d3f-98ed-db34c16820c6/007-6bdfdfad-826e-4cfe-a822-68fc31312851-downloadableSrc-f39635ce106c.webp
b3360633-511f-45fa-8292-cd9a98a42afa,Add to queue (quick action),90171ea7-acfd-47e1-b2dc-8e70956e9271,Apple Music,75fe0fa7-0cf8-4a06-8711-fd212f12e15f,0,1,98264793-0d40-4f0f-93c9-c5ca32a2cb78,true,downloadableSrc,200,image/webp,158582,158582,b0fce03cb00c70f0fcd9f94a2eabc7600a41c00c94c2a57ead2aacd5a9d16722,1179,2676,,,bytescale.mobbin.com,f7a1807c1ac98ccf0eecf5078d61346ac9a94ca37a547f5708d580528c9e55c0,/Users/user/mobbin-sides/screen-flows/apple-music/058-apple-music-add-to-queue-quick-action-b3360633-511f-45fa-8292-cd9a98a42afa/001-98264793-0d40-4f0f-93c9-c5ca32a2cb78-downloadableSrc-b0fce03cb00c.webp
b3360633-511f-45fa-8292-cd9a98a42afa,Add to queue (quick action),90171ea7-acfd-47e1-b2dc-8e70956e9271,Apple Music,75fe0fa7-0cf8-4a06-8711-fd212f12e15f,1,2,73f2b851-60b7-40e5-8fe8-242352d374f2,true,downloadableSrc,200,image/webp,114734,114734,283d11cf941e2cfd24532ef1187503b3e0cbf9cd6bdd0a51c583999e1a9f22a3,1179,2676,,,bytescale.mobbin.com,f7a1807c1ac98ccf0eecf5078d61346ac9a94ca37a547f5708d580528c9e55c0,/Users/user/mobbin-sides/screen-flows/apple-music/058-apple-music-add-to-queue-quick-action-b3360633-511f-45fa-8292-cd9a98a42afa/002-73f2b851-60b7-40e5-8fe8-242352d374f2-downloadableSrc-283d11cf941e.webp
b3360633-511f-45fa-8292-cd9a98a42afa,Add to queue (quick action),90171ea7-acfd-47e1-b2dc-8e70956e9271,Apple Music,75fe0fa7-0cf8-4a06-8711-fd212f12e15f,2,3,672b3bbf-3cb5-4d8e-abd2-b93b32e86644,true,downloadableSrc,200,image/webp,150306,150306,5293021387515ddfc6aca5729e38c23fa5d6528372733e8af7074ba4343a52f0,1179,2676,,,bytescale.mobbin.com,f7a1807c1ac98ccf0eecf5078d61346ac9a94ca37a547f5708d580528c9e55c0,/Users/user/mobbin-sides/screen-flows/apple-music/058-apple-music-add-to-queue-quick-action-b3360633-511f-45fa-8292-cd9a98a42afa/003-672b3bbf-3cb5-4d8e-abd2-b93b32e86644-downloadableSrc-529302138751.webp
7cd1c3d5-c32b-47d8-9943-f147b6813236,Search,90171ea7-acfd-47e1-b2dc-8e70956e9271,Apple Music,75fe0fa7-0cf8-4a06-8711-fd212f12e15f,0,1,9290ae13-674b-455e-beda-ac34ca81425f,true,downloadableSrc,200,image/webp,118416,118416,6c2db079e5ac44d4931d89765f63ea9e8295fbb52fbe208d5b405fa7b2b91b7d,1179,2676,,,bytescale.mobbin.com,f7a1807c1ac98ccf0eecf5078d61346ac9a94ca37a547f5708d580528c9e55c0,/Users/user/mobbin-sides/screen-flows/apple-music/059-apple-music-search-7cd1c3d5-c32b-47d8-9943-f147b6813236/001-9290ae13-674b-455e-beda-ac34ca81425f-downloadableSrc-6c2db079e5ac.webp
7cd1c3d5-c32b-47d8-9943-f147b6813236,Search,90171ea7-acfd-47e1-b2dc-8e70956e9271,Apple Music,75fe0fa7-0cf8-4a06-8711-fd212f12e15f,1,2,38013fe5-6e15-4038-9c0f-039bf66715c7,true,downloadableSrc,200,image/webp,186810,186810,b6f82b844f5bbff21860e17b4c67ec9b560cd1026519aa3cd96e9567dae17913,1179,2676,,,bytescale.mobbin.com,f7a1807c1ac98ccf0eecf5078d61346ac9a94ca37a547f5708d580528c9e55c0,/Users/user/mobbin-sides/screen-flows/apple-music/059-apple-music-search-7cd1c3d5-c32b-47d8-9943-f147b6813236/002-38013fe5-6e15-4038-9c0f-039bf66715c7-downloadableSrc-b6f82b844f5b.webp
7cd1c3d5-c32b-47d8-9943-f147b6813236,Search,90171ea7-acfd-47e1-b2dc-8e70956e9271,Apple Music,75fe0fa7-0cf8-4a06-8711-fd212f12e15f,2,3,548b402d-4166-4705-9b59-988223bedbbf,true,downloadableSrc,200,image/webp,206644,206644,900b25c8f3539f233294df3697d5398a62ccd3065d1848b36f93b4dcc2192382,1179,2676,,,bytescale.mobbin.com,f7a1807c1ac98ccf0eecf5078d61346ac9a94ca37a547f5708d580528c9e55c0,/Users/user/mobbin-sides/screen-flows/apple-music/059-apple-music-search-7cd1c3d5-c32b-47d8-9943-f147b6813236/003-548b402d-4166-4705-9b59-988223bedbbf-downloadableSrc-900b25c8f353.webp
cec77559-7491-4117-8eb8-11693f11dfec,Selecting a category,90171ea7-acfd-47e1-b2dc-8e70956e9271,Apple Music,75fe0fa7-0cf8-4a06-8711-fd212f12e15f,0,1,38013fe5-6e15-4038-9c0f-039bf66715c7,true,downloadableSrc,200,image/webp,186810,186810,b6f82b844f5bbff21860e17b4c67ec9b560cd1026519aa3cd96e9567dae17913,1179,2676,,,bytescale.mobbin.com,f7a1807c1ac98ccf0eecf5078d61346ac9a94ca37a547f5708d580528c9e55c0,/Users/user/mobbin-sides/screen-flows/apple-music/060-apple-music-selecting-a-category-cec77559-7491-4117-8eb8-11693f11dfec/001-38013fe5-6e15-4038-9c0f-039bf66715c7-downloadableSrc-b6f82b844f5b.webp
cec77559-7491-4117-8eb8-11693f11dfec,Selecting a category,90171ea7-acfd-47e1-b2dc-8e70956e9271,Apple Music,75fe0fa7-0cf8-4a06-8711-fd212f12e15f,1,2,10a2c030-a4b4-4caa-b606-717a743f3d12,true,downloadableSrc,200,image/webp,126652,126652,84bd520b4e7d23fd4cda2d44cef01f150903114f9bf78b5c8d25e23909ca281a,1179,2676,,,bytescale.mobbin.com,f7a1807c1ac98ccf0eecf5078d61346ac9a94ca37a547f5708d580528c9e55c0,/Users/user/mobbin-sides/screen-flows/apple-music/060-apple-music-selecting-a-category-cec77559-7491-4117-8eb8-11693f11dfec/002-10a2c030-a4b4-4caa-b606-717a743f3d12-downloadableSrc-84bd520b4e7d.webp
cec77559-7491-4117-8eb8-11693f11dfec,Selecting a category,90171ea7-acfd-47e1-b2dc-8e70956e9271,Apple Music,75fe0fa7-0cf8-4a06-8711-fd212f12e15f,2,3,66070f4d-b728-408c-a83a-78d94a9be5a1,true,downloadableSrc,200,image/webp,199038,199038,543c80827832f02d4775c230e634b166f81b38cdd6384b7533d14a26d949eabb,1179,2676,,,bytescale.mobbin.com,f7a1807c1ac98ccf0eecf5078d61346ac9a94ca37a547f5708d580528c9e55c0,/Users/user/mobbin-sides/screen-flows/apple-music/060-apple-music-selecting-a-category-cec77559-7491-4117-8eb8-11693f11dfec/003-66070f4d-b728-408c-a83a-78d94a9be5a1-downloadableSrc-543c80827832.webp
aa6db5b1-4567-4ab8-9d57-c348a0e03f82,Searching Apple Music,90171ea7-acfd-47e1-b2dc-8e70956e9271,Apple Music,75fe0fa7-0cf8-4a06-8711-fd212f12e15f,0,1,38013fe5-6e15-4038-9c0f-039bf66715c7,true,downloadableSrc,200,image/webp,186810,186810,b6f82b844f5bbff21860e17b4c67ec9b560cd1026519aa3cd96e9567dae17913,1179,2676,,,bytescale.mobbin.com,f7a1807c1ac98ccf0eecf5078d61346ac9a94ca37a547f5708d580528c9e55c0,/Users/user/mobbin-sides/screen-flows/apple-music/061-apple-music-searching-apple-music-aa6db5b1-4567-4ab8-9d57-c348a0e03f82/001-38013fe5-6e15-4038-9c0f-039bf66715c7-downloadableSrc-b6f82b844f5b.webp
aa6db5b1-4567-4ab8-9d57-c348a0e03f82,Searching Apple Music,90171ea7-acfd-47e1-b2dc-8e70956e9271,Apple Music,75fe0fa7-0cf8-4a06-8711-fd212f12e15f,1,2,638bc32f-180c-4c47-8a87-5bf720e91268,true,downloadableSrc,200,image/webp,55450,55450,7d15d5c68d8bea74f5de24d0784475a8327b69741783850104954d75f6953382,1179,2676,,,bytescale.mobbin.com,f7a1807c1ac98ccf0eecf5078d61346ac9a94ca37a547f5708d580528c9e55c0,/Users/user/mobbin-sides/screen-flows/apple-music/061-apple-music-searching-apple-music-aa6db5b1-4567-4ab8-9d57-c348a0e03f82/002-638bc32f-180c-4c47-8a87-5bf720e91268-downloadableSrc-7d15d5c68d8b.webp
aa6db5b1-4567-4ab8-9d57-c348a0e03f82,Searching Apple Music,90171ea7-acfd-47e1-b2dc-8e70956e9271,Apple Music,75fe0fa7-0cf8-4a06-8711-fd212f12e15f,2,3,581d1446-a88d-4c84-9b68-fd7b6cdba167,true,downloadableSrc,200,image/webp,61618,61618,e4d6cf4b01e213c7177709738d3713186866ae95682298ea069bbc54588f28ab,1179,2676,,,bytescale.mobbin.com,f7a1807c1ac98ccf0eecf5078d61346ac9a94ca37a547f5708d580528c9e55c0,/Users/user/mobbin-sides/screen-flows/apple-music/061-apple-music-searching-apple-music-aa6db5b1-4567-4ab8-9d57-c348a0e03f82/003-581d1446-a88d-4c84-9b68-fd7b6cdba167-downloadableSrc-e4d6cf4b01e2.webp
aa6db5b1-4567-4ab8-9d57-c348a0e03f82,Searching Apple Music,90171ea7-acfd-47e1-b2dc-8e70956e9271,Apple Music,75fe0fa7-0cf8-4a06-8711-fd212f12e15f,3,4,573c4eeb-fd67-48a9-be25-f612de40347e,true,downloadableSrc,200,image/webp,73104,73104,fd546f852f04912e885b8c3315a08b8965966ab1e11103e1e47185bb5c770dfe,1179,2676,,,bytescale.mobbin.com,f7a1807c1ac98ccf0eecf5078d61346ac9a94ca37a547f5708d580528c9e55c0,/Users/user/mobbin-sides/screen-flows/apple-music/061-apple-music-searching-apple-music-aa6db5b1-4567-4ab8-9d57-c348a0e03f82/004-573c4eeb-fd67-48a9-be25-f612de40347e-downloadableSrc-fd546f852f04.webp
aa6db5b1-4567-4ab8-9d57-c348a0e03f82,Searching Apple Music,90171ea7-acfd-47e1-b2dc-8e70956e9271,Apple Music,75fe0fa7-0cf8-4a06-8711-fd212f12e15f,4,5,6e9cc18e-6337-481f-91c5-d7ab3f09c247,true,downloadableSrc,200,image/webp,142560,142560,bb5b7c19cc85e370418d58e0be4651dc655c516caf060980d48ed0ef3c3936e4,1179,2676,,,bytescale.mobbin.com,f7a1807c1ac98ccf0eecf5078d61346ac9a94ca37a547f5708d580528c9e55c0,/Users/user/mobbin-sides/screen-flows/apple-music/061-apple-music-searching-apple-music-aa6db5b1-4567-4ab8-9d57-c348a0e03f82/005-6e9cc18e-6337-481f-91c5-d7ab3f09c247-downloadableSrc-bb5b7c19cc85.webp
994be325-9454-4ffd-86cb-3a50a0c0379a,Account,90171ea7-acfd-47e1-b2dc-8e70956e9271,Apple Music,75fe0fa7-0cf8-4a06-8711-fd212f12e15f,0,1,9290ae13-674b-455e-beda-ac34ca81425f,true,downloadableSrc,200,image/webp,118416,118416,6c2db079e5ac44d4931d89765f63ea9e8295fbb52fbe208d5b405fa7b2b91b7d,1179,2676,,,bytescale.mobbin.com,f7a1807c1ac98ccf0eecf5078d61346ac9a94ca37a547f5708d580528c9e55c0,/Users/user/mobbin-sides/screen-flows/apple-music/062-apple-music-account-994be325-9454-4ffd-86cb-3a50a0c0379a/001-9290ae13-674b-455e-beda-ac34ca81425f-downloadableSrc-6c2db079e5ac.webp
994be325-9454-4ffd-86cb-3a50a0c0379a,Account,90171ea7-acfd-47e1-b2dc-8e70956e9271,Apple Music,75fe0fa7-0cf8-4a06-8711-fd212f12e15f,1,2,dfdc460a-a358-42e2-9e70-26cd9c41f292,true,downloadableSrc,200,image/webp,70710,70710,5cc1effafb4276e9332eda63c30a3a9be8110e1c088e25d7534811a0d29ce689,1179,2676,,,bytescale.mobbin.com,f7a1807c1ac98ccf0eecf5078d61346ac9a94ca37a547f5708d580528c9e55c0,/Users/user/mobbin-sides/screen-flows/apple-music/062-apple-music-account-994be325-9454-4ffd-86cb-3a50a0c0379a/002-dfdc460a-a358-42e2-9e70-26cd9c41f292-downloadableSrc-5cc1effafb42.webp
994be325-9454-4ffd-86cb-3a50a0c0379a,Account,90171ea7-acfd-47e1-b2dc-8e70956e9271,Apple Music,75fe0fa7-0cf8-4a06-8711-fd212f12e15f,2,3,a8a69900-a2e3-4b64-a964-f9a9dc9aed19,true,downloadableSrc,200,image/webp,79264,79264,92a2f315143aeda8537d5375d5ba02ca0b69d38e45d6d9f9bd2e791cc5471a75,1179,2676,,,bytescale.mobbin.com,f7a1807c1ac98ccf0eecf5078d61346ac9a94ca37a547f5708d580528c9e55c0,/Users/user/mobbin-sides/screen-flows/apple-music/062-apple-music-account-994be325-9454-4ffd-86cb-3a50a0c0379a/003-a8a69900-a2e3-4b64-a964-f9a9dc9aed19-downloadableSrc-92a2f315143a.webp
994be325-9454-4ffd-86cb-3a50a0c0379a,Account,90171ea7-acfd-47e1-b2dc-8e70956e9271,Apple Music,75fe0fa7-0cf8-4a06-8711-fd212f12e15f,3,4,fa29e3c0-997f-4286-aa17-097554e7aea8,true,downloadableSrc,200,image/webp,83754,83754,d28d15a7c174d71b9ff811f1b5d861e628a8ef724b1351adf4d4618bfca20ccd,1179,2676,,,bytescale.mobbin.com,f7a1807c1ac98ccf0eecf5078d61346ac9a94ca37a547f5708d580528c9e55c0,/Users/user/mobbin-sides/screen-flows/apple-music/062-apple-music-account-994be325-9454-4ffd-86cb-3a50a0c0379a/004-fa29e3c0-997f-4286-aa17-097554e7aea8-downloadableSrc-d28d15a7c174.webp
994be325-9454-4ffd-86cb-3a50a0c0379a,Account,90171ea7-acfd-47e1-b2dc-8e70956e9271,Apple Music,75fe0fa7-0cf8-4a06-8711-fd212f12e15f,4,5,68822c9a-6612-4bff-8e2a-b03d6a5e081d,true,downloadableSrc,200,image/webp,81208,81208,dbc8bdcef5a300c04ae768c64f0b13cc0ee60cf4a24de4190c6770a0575b27d5,1179,2676,,,bytescale.mobbin.com,f7a1807c1ac98ccf0eecf5078d61346ac9a94ca37a547f5708d580528c9e55c0,/Users/user/mobbin-sides/screen-flows/apple-music/062-apple-music-account-994be325-9454-4ffd-86cb-3a50a0c0379a/005-68822c9a-6612-4bff-8e2a-b03d6a5e081d-downloadableSrc-dbc8bdcef5a3.webp
dd9ef521-48ca-4450-b35d-c42c6e30f0c6,Setting up profile,90171ea7-acfd-47e1-b2dc-8e70956e9271,Apple Music,75fe0fa7-0cf8-4a06-8711-fd212f12e15f,0,1,dfdc460a-a358-42e2-9e70-26cd9c41f292,true,downloadableSrc,200,image/webp,70710,70710,5cc1effafb4276e9332eda63c30a3a9be8110e1c088e25d7534811a0d29ce689,1179,2676,,,bytescale.mobbin.com,f7a1807c1ac98ccf0eecf5078d61346ac9a94ca37a547f5708d580528c9e55c0,/Users/user/mobbin-sides/screen-flows/apple-music/063-apple-music-setting-up-profile-dd9ef521-48ca-4450-b35d-c42c6e30f0c6/001-dfdc460a-a358-42e2-9e70-26cd9c41f292-downloadableSrc-5cc1effafb42.webp
dd9ef521-48ca-4450-b35d-c42c6e30f0c6,Setting up profile,90171ea7-acfd-47e1-b2dc-8e70956e9271,Apple Music,75fe0fa7-0cf8-4a06-8711-fd212f12e15f,1,2,7b4c07d1-8e4f-475c-bab1-42d114af725e,true,downloadableSrc,200,image/webp,68246,68246,df21f5fac063153bf2a4b549c24f01f5ee046a271ea7c11084cbcc0ddaf65d49,1179,2676,,,bytescale.mobbin.com,f7a1807c1ac98ccf0eecf5078d61346ac9a94ca37a547f5708d580528c9e55c0,/Users/user/mobbin-sides/screen-flows/apple-music/063-apple-music-setting-up-profile-dd9ef521-48ca-4450-b35d-c42c6e30f0c6/002-7b4c07d1-8e4f-475c-bab1-42d114af725e-downloadableSrc-df21f5fac063.webp
dd9ef521-48ca-4450-b35d-c42c6e30f0c6,Setting up profile,90171ea7-acfd-47e1-b2dc-8e70956e9271,Apple Music,75fe0fa7-0cf8-4a06-8711-fd212f12e15f,2,3,0ec01121-5a62-4d1f-a4a0-09cd128a1ee1,true,downloadableSrc,200,image/webp,67782,67782,6dcf5b12977df10aec30988a134cf3d9b49b258d1221662769a55388d37ee960,1179,2676,,,bytescale.mobbin.com,f7a1807c1ac98ccf0eecf5078d61346ac9a94ca37a547f5708d580528c9e55c0,/Users/user/mobbin-sides/screen-flows/apple-music/063-apple-music-setting-up-profile-dd9ef521-48ca-4450-b35d-c42c6e30f0c6/003-0ec01121-5a62-4d1f-a4a0-09cd128a1ee1-downloadableSrc-6dcf5b12977d.webp
dd9ef521-48ca-4450-b35d-c42c6e30f0c6,Setting up profile,90171ea7-acfd-47e1-b2dc-8e70956e9271,Apple Music,75fe0fa7-0cf8-4a06-8711-fd212f12e15f,3,4,f8a077da-a975-47c1-a1c1-2ef62d652fc9,true,downloadableSrc,200,image/webp,158218,158218,efdbfd24f3911258abe7a3025f9699861576924b3848f8ae0aa8be8a76a47032,1179,2676,,,bytescale.mobbin.com,f7a1807c1ac98ccf0eecf5078d61346ac9a94ca37a547f5708d580528c9e55c0,/Users/user/mobbin-sides/screen-flows/apple-music/063-apple-music-setting-up-profile-dd9ef521-48ca-4450-b35d-c42c6e30f0c6/004-f8a077da-a975-47c1-a1c1-2ef62d652fc9-downloadableSrc-efdbfd24f391.webp
dd9ef521-48ca-4450-b35d-c42c6e30f0c6,Setting up profile,90171ea7-acfd-47e1-b2dc-8e70956e9271,Apple Music,75fe0fa7-0cf8-4a06-8711-fd212f12e15f,4,5,ab7cab46-02cc-4484-ad55-90fd70a10def,true,downloadableSrc,200,image/webp,108642,108642,85ae00c99a1ccadc8afea5a2b9ffd4dc383780a54aa394adc1ca06893cc7f869,1179,2676,,,bytescale.mobbin.com,f7a1807c1ac98ccf0eecf5078d61346ac9a94ca37a547f5708d580528c9e55c0,/Users/user/mobbin-sides/screen-flows/apple-music/063-apple-music-setting-up-profile-dd9ef521-48ca-4450-b35d-c42c6e30f0c6/005-ab7cab46-02cc-4484-ad55-90fd70a10def-downloadableSrc-85ae00c99a1c.webp
dd9ef521-48ca-4450-b35d-c42c6e30f0c6,Setting up profile,90171ea7-acfd-47e1-b2dc-8e70956e9271,Apple Music,75fe0fa7-0cf8-4a06-8711-fd212f12e15f,5,6,8580a287-f50e-40a9-a757-9f07b584cb17,true,downloadableSrc,200,image/webp,70996,70996,368f4ed049ffa0422bfaa094e4d8786913a3dcd8837bd036d786a0a2529f43e2,1179,2676,,,bytescale.mobbin.com,f7a1807c1ac98ccf0eecf5078d61346ac9a94ca37a547f5708d580528c9e55c0,/Users/user/mobbin-sides/screen-flows/apple-music/063-apple-music-setting-up-profile-dd9ef521-48ca-4450-b35d-c42c6e30f0c6/006-8580a287-f50e-40a9-a757-9f07b584cb17-downloadableSrc-368f4ed049ff.webp
dd9ef521-48ca-4450-b35d-c42c6e30f0c6,Setting up profile,90171ea7-acfd-47e1-b2dc-8e70956e9271,Apple Music,75fe0fa7-0cf8-4a06-8711-fd212f12e15f,6,7,6c0d743b-bf71-4417-9018-7750d8f0ac07,true,downloadableSrc,200,image/webp,70550,70550,c9aa24395c6a6085f3c476bc38a465651883ad16a0c15ea21e25531b062d4e51,1179,2676,,,bytescale.mobbin.com,f7a1807c1ac98ccf0eecf5078d61346ac9a94ca37a547f5708d580528c9e55c0,/Users/user/mobbin-sides/screen-flows/apple-music/063-apple-music-setting-up-profile-dd9ef521-48ca-4450-b35d-c42c6e30f0c6/007-6c0d743b-bf71-4417-9018-7750d8f0ac07-downloadableSrc-c9aa24395c6a.webp
dd9ef521-48ca-4450-b35d-c42c6e30f0c6,Setting up profile,90171ea7-acfd-47e1-b2dc-8e70956e9271,Apple Music,75fe0fa7-0cf8-4a06-8711-fd212f12e15f,7,8,1c44caa3-6cb5-428b-b498-256d2362ee6e,true,downloadableSrc,200,image/webp,38492,38492,c6389bd1aed6b97d18a908cb690004bb6145b16395ec1e5b37189fb828902394,1179,2676,,,bytescale.mobbin.com,f7a1807c1ac98ccf0eecf5078d61346ac9a94ca37a547f5708d580528c9e55c0,/Users/user/mobbin-sides/screen-flows/apple-music/063-apple-music-setting-up-profile-dd9ef521-48ca-4450-b35d-c42c6e30f0c6/008-1c44caa3-6cb5-428b-b498-256d2362ee6e-downloadableSrc-c6389bd1aed6.webp
dd9ef521-48ca-4450-b35d-c42c6e30f0c6,Setting up profile,90171ea7-acfd-47e1-b2dc-8e70956e9271,Apple Music,75fe0fa7-0cf8-4a06-8711-fd212f12e15f,8,9,c90c94ec-663f-459b-8a4b-b28ef2e312a3,true,downloadableSrc,200,image/webp,40038,40038,b91faa20369887c71b8a1088d8811dfeb3c191b499ac816a39b43404c58c64fb,1179,2676,,,bytescale.mobbin.com,f7a1807c1ac98ccf0eecf5078d61346ac9a94ca37a547f5708d580528c9e55c0,/Users/user/mobbin-sides/screen-flows/apple-music/063-apple-music-setting-up-profile-dd9ef521-48ca-4450-b35d-c42c6e30f0c6/009-c90c94ec-663f-459b-8a4b-b28ef2e312a3-downloadableSrc-b91faa203698.webp
dd9ef521-48ca-4450-b35d-c42c6e30f0c6,Setting up profile,90171ea7-acfd-47e1-b2dc-8e70956e9271,Apple Music,75fe0fa7-0cf8-4a06-8711-fd212f12e15f,9,10,5d45e6bc-db5d-4f45-a91a-bd0e7f02054a,true,downloadableSrc,200,image/webp,85356,85356,75f6302e276e06e31fc85d3f2ac6d3b9142c12b2e794851882175260c88af47d,1179,2676,,,bytescale.mobbin.com,f7a1807c1ac98ccf0eecf5078d61346ac9a94ca37a547f5708d580528c9e55c0,/Users/user/mobbin-sides/screen-flows/apple-music/063-apple-music-setting-up-profile-dd9ef521-48ca-4450-b35d-c42c6e30f0c6/010-5d45e6bc-db5d-4f45-a91a-bd0e7f02054a-downloadableSrc-75f6302e276e.webp
dd9ef521-48ca-4450-b35d-c42c6e30f0c6,Setting up profile,90171ea7-acfd-47e1-b2dc-8e70956e9271,Apple Music,75fe0fa7-0cf8-4a06-8711-fd212f12e15f,10,11,c305b04d-d18e-463d-9710-ac54fe1d2c87,true,downloadableSrc,200,image/webp,32430,32430,8d313a6643a56e450ab15c455507778298b4e1b1090b84ba91876aa4f8872677,1179,2676,,,bytescale.mobbin.com,f7a1807c1ac98ccf0eecf5078d61346ac9a94ca37a547f5708d580528c9e55c0,/Users/user/mobbin-sides/screen-flows/apple-music/063-apple-music-setting-up-profile-dd9ef521-48ca-4450-b35d-c42c6e30f0c6/011-c305b04d-d18e-463d-9710-ac54fe1d2c87-downloadableSrc-8d313a6643a5.webp
dd9ef521-48ca-4450-b35d-c42c6e30f0c6,Setting up profile,90171ea7-acfd-47e1-b2dc-8e70956e9271,Apple Music,75fe0fa7-0cf8-4a06-8711-fd212f12e15f,11,12,e75f0c50-d3f4-4afe-89f6-24655df1a495,true,downloadableSrc,200,image/webp,32832,32832,71e0b560a09543eda367db8f99d64c3ac7306473e34fd748e885758be01cddae,1179,2676,,,bytescale.mobbin.com,f7a1807c1ac98ccf0eecf5078d61346ac9a94ca37a547f5708d580528c9e55c0,/Users/user/mobbin-sides/screen-flows/apple-music/063-apple-music-setting-up-profile-dd9ef521-48ca-4450-b35d-c42c6e30f0c6/012-e75f0c50-d3f4-4afe-89f6-24655df1a495-downloadableSrc-71e0b560a095.webp
dd9ef521-48ca-4450-b35d-c42c6e30f0c6,Setting up profile,90171ea7-acfd-47e1-b2dc-8e70956e9271,Apple Music,75fe0fa7-0cf8-4a06-8711-fd212f12e15f,12,13,62295765-b39f-4aa5-9e30-aefb40ff9324,true,downloadableSrc,200,image/webp,63636,63636,08bcbd9c17669331dd9f6baa72235c19e27aa32ab5dbee26f70ea28fdbe153e2,1179,2676,,,bytescale.mobbin.com,f7a1807c1ac98ccf0eecf5078d61346ac9a94ca37a547f5708d580528c9e55c0,/Users/user/mobbin-sides/screen-flows/apple-music/063-apple-music-setting-up-profile-dd9ef521-48ca-4450-b35d-c42c6e30f0c6/013-62295765-b39f-4aa5-9e30-aefb40ff9324-downloadableSrc-08bcbd9c1766.webp
dd9ef521-48ca-4450-b35d-c42c6e30f0c6,Setting up profile,90171ea7-acfd-47e1-b2dc-8e70956e9271,Apple Music,75fe0fa7-0cf8-4a06-8711-fd212f12e15f,13,14,23ec9ae2-7a96-433d-9289-a98cec537fe2,true,downloadableSrc,200,image/webp,107690,107690,7cbdd7b482a93b8a51dd65eb49c7444b6a4aa455ae1420a85d6df618967582de,1179,2676,,,bytescale.mobbin.com,f7a1807c1ac98ccf0eecf5078d61346ac9a94ca37a547f5708d580528c9e55c0,/Users/user/mobbin-sides/screen-flows/apple-music/063-apple-music-setting-up-profile-dd9ef521-48ca-4450-b35d-c42c6e30f0c6/014-23ec9ae2-7a96-433d-9289-a98cec537fe2-downloadableSrc-7cbdd7b482a9.webp
dd9ef521-48ca-4450-b35d-c42c6e30f0c6,Setting up profile,90171ea7-acfd-47e1-b2dc-8e70956e9271,Apple Music,75fe0fa7-0cf8-4a06-8711-fd212f12e15f,14,15,5146b5b4-3b94-4c83-b8dc-8c457b625c31,true,downloadableSrc,200,image/webp,121702,121702,14a12f4ace68ac9478ea5f9bd7a2fefe2370beb3f92cfb5e46132e1dac67dd60,1179,2676,,,bytescale.mobbin.com,f7a1807c1ac98ccf0eecf5078d61346ac9a94ca37a547f5708d580528c9e55c0,/Users/user/mobbin-sides/screen-flows/apple-music/063-apple-music-setting-up-profile-dd9ef521-48ca-4450-b35d-c42c6e30f0c6/015-5146b5b4-3b94-4c83-b8dc-8c457b625c31-downloadableSrc-14a12f4ace68.webp
25639d63-ee31-4ec6-be89-1102cd47b12c,Edit profile,90171ea7-acfd-47e1-b2dc-8e70956e9271,Apple Music,75fe0fa7-0cf8-4a06-8711-fd212f12e15f,0,1,23ec9ae2-7a96-433d-9289-a98cec537fe2,true,downloadableSrc,200,image/webp,107690,107690,7cbdd7b482a93b8a51dd65eb49c7444b6a4aa455ae1420a85d6df618967582de,1179,2676,,,bytescale.mobbin.com,f7a1807c1ac98ccf0eecf5078d61346ac9a94ca37a547f5708d580528c9e55c0,/Users/user/mobbin-sides/screen-flows/apple-music/064-apple-music-edit-profile-25639d63-ee31-4ec6-be89-1102cd47b12c/001-23ec9ae2-7a96-433d-9289-a98cec537fe2-downloadableSrc-7cbdd7b482a9.webp
25639d63-ee31-4ec6-be89-1102cd47b12c,Edit profile,90171ea7-acfd-47e1-b2dc-8e70956e9271,Apple Music,75fe0fa7-0cf8-4a06-8711-fd212f12e15f,1,2,bdb89893-7683-4695-9cc1-04025e85a209,true,downloadableSrc,200,image/webp,68942,68942,c5fc4d8d32ba730392569a437b2ca11b41abf76214bc1f773c2728ce555ea6f0,1179,2676,,,bytescale.mobbin.com,f7a1807c1ac98ccf0eecf5078d61346ac9a94ca37a547f5708d580528c9e55c0,/Users/user/mobbin-sides/screen-flows/apple-music/064-apple-music-edit-profile-25639d63-ee31-4ec6-be89-1102cd47b12c/002-bdb89893-7683-4695-9cc1-04025e85a209-downloadableSrc-c5fc4d8d32ba.webp
25639d63-ee31-4ec6-be89-1102cd47b12c,Edit profile,90171ea7-acfd-47e1-b2dc-8e70956e9271,Apple Music,75fe0fa7-0cf8-4a06-8711-fd212f12e15f,2,3,7b76c81b-fab4-4c20-b6ca-4e0ad42ccff6,true,downloadableSrc,200,image/webp,66432,66432,eaeff3833009af7f820d96a735fc018173be5b0e577c11be50e18cf9b9cd3174,1179,2676,,,bytescale.mobbin.com,f7a1807c1ac98ccf0eecf5078d61346ac9a94ca37a547f5708d580528c9e55c0,/Users/user/mobbin-sides/screen-flows/apple-music/064-apple-music-edit-profile-25639d63-ee31-4ec6-be89-1102cd47b12c/003-7b76c81b-fab4-4c20-b6ca-4e0ad42ccff6-downloadableSrc-eaeff3833009.webp
c5d6b89a-3479-414e-9c18-951de0e8a851,Switching to private profile,90171ea7-acfd-47e1-b2dc-8e70956e9271,Apple Music,75fe0fa7-0cf8-4a06-8711-fd212f12e15f,0,1,7b76c81b-fab4-4c20-b6ca-4e0ad42ccff6,true,downloadableSrc,200,image/webp,66432,66432,eaeff3833009af7f820d96a735fc018173be5b0e577c11be50e18cf9b9cd3174,1179,2676,,,bytescale.mobbin.com,f7a1807c1ac98ccf0eecf5078d61346ac9a94ca37a547f5708d580528c9e55c0,/Users/user/mobbin-sides/screen-flows/apple-music/065-apple-music-switching-to-private-profile-c5d6b89a-3479-414e-9c18-951de0e8a851/001-7b76c81b-fab4-4c20-b6ca-4e0ad42ccff6-downloadableSrc-eaeff3833009.webp
c5d6b89a-3479-414e-9c18-951de0e8a851,Switching to private profile,90171ea7-acfd-47e1-b2dc-8e70956e9271,Apple Music,75fe0fa7-0cf8-4a06-8711-fd212f12e15f,1,2,eae93b1f-c6d6-4428-8fdb-10ad6100fbe3,true,downloadableSrc,200,image/webp,72700,72700,bcbfdb430b1c0f70bf09ef38b1fc12d7193fbd696b3b3ecd18b1030aa5a6525e,1179,2676,,,bytescale.mobbin.com,f7a1807c1ac98ccf0eecf5078d61346ac9a94ca37a547f5708d580528c9e55c0,/Users/user/mobbin-sides/screen-flows/apple-music/065-apple-music-switching-to-private-profile-c5d6b89a-3479-414e-9c18-951de0e8a851/002-eae93b1f-c6d6-4428-8fdb-10ad6100fbe3-downloadableSrc-bcbfdb430b1c.webp
c5d6b89a-3479-414e-9c18-951de0e8a851,Switching to private profile,90171ea7-acfd-47e1-b2dc-8e70956e9271,Apple Music,75fe0fa7-0cf8-4a06-8711-fd212f12e15f,2,3,531286ef-3097-4c10-9581-74762f9f4000,true,downloadableSrc,200,image/webp,107716,107716,2422060857caa89d58e9df28ae90566384b0bc19204346928978f539e3d8b83b,1179,2676,,,bytescale.mobbin.com,f7a1807c1ac98ccf0eecf5078d61346ac9a94ca37a547f5708d580528c9e55c0,/Users/user/mobbin-sides/screen-flows/apple-music/065-apple-music-switching-to-private-profile-c5d6b89a-3479-414e-9c18-951de0e8a851/003-531286ef-3097-4c10-9581-74762f9f4000-downloadableSrc-2422060857ca.webp
179a9f96-a605-4144-a35d-d50bf7f446f7,Deleting a profile,90171ea7-acfd-47e1-b2dc-8e70956e9271,Apple Music,75fe0fa7-0cf8-4a06-8711-fd212f12e15f,0,1,7b76c81b-fab4-4c20-b6ca-4e0ad42ccff6,true,downloadableSrc,200,image/webp,66432,66432,eaeff3833009af7f820d96a735fc018173be5b0e577c11be50e18cf9b9cd3174,1179,2676,,,bytescale.mobbin.com,f7a1807c1ac98ccf0eecf5078d61346ac9a94ca37a547f5708d580528c9e55c0,/Users/user/mobbin-sides/screen-flows/apple-music/066-apple-music-deleting-a-profile-179a9f96-a605-4144-a35d-d50bf7f446f7/001-7b76c81b-fab4-4c20-b6ca-4e0ad42ccff6-downloadableSrc-eaeff3833009.webp
179a9f96-a605-4144-a35d-d50bf7f446f7,Deleting a profile,90171ea7-acfd-47e1-b2dc-8e70956e9271,Apple Music,75fe0fa7-0cf8-4a06-8711-fd212f12e15f,1,2,9b2a3aca-2a30-4452-a537-243235428d8d,true,downloadableSrc,200,image/webp,98644,98644,1f1897625f4dc4f8a035470dc2345043d83296caff1da86ba1b15b06de6c190d,1179,2676,,,bytescale.mobbin.com,f7a1807c1ac98ccf0eecf5078d61346ac9a94ca37a547f5708d580528c9e55c0,/Users/user/mobbin-sides/screen-flows/apple-music/066-apple-music-deleting-a-profile-179a9f96-a605-4144-a35d-d50bf7f446f7/002-9b2a3aca-2a30-4452-a537-243235428d8d-downloadableSrc-1f1897625f4d.webp
179a9f96-a605-4144-a35d-d50bf7f446f7,Deleting a profile,90171ea7-acfd-47e1-b2dc-8e70956e9271,Apple Music,75fe0fa7-0cf8-4a06-8711-fd212f12e15f,2,3,9290ae13-674b-455e-beda-ac34ca81425f,true,downloadableSrc,200,image/webp,118416,118416,6c2db079e5ac44d4931d89765f63ea9e8295fbb52fbe208d5b405fa7b2b91b7d,1179,2676,,,bytescale.mobbin.com,f7a1807c1ac98ccf0eecf5078d61346ac9a94ca37a547f5708d580528c9e55c0,/Users/user/mobbin-sides/screen-flows/apple-music/066-apple-music-deleting-a-profile-179a9f96-a605-4144-a35d-d50bf7f446f7/003-9290ae13-674b-455e-beda-ac34ca81425f-downloadableSrc-6c2db079e5ac.webp
64f2ef5d-aac2-49a6-9f55-e921888eb612,User profile,90171ea7-acfd-47e1-b2dc-8e70956e9271,Apple Music,75fe0fa7-0cf8-4a06-8711-fd212f12e15f,0,1,5146b5b4-3b94-4c83-b8dc-8c457b625c31,true,downloadableSrc,200,image/webp,121702,121702,14a12f4ace68ac9478ea5f9bd7a2fefe2370beb3f92cfb5e46132e1dac67dd60,1179,2676,,,bytescale.mobbin.com,f7a1807c1ac98ccf0eecf5078d61346ac9a94ca37a547f5708d580528c9e55c0,/Users/user/mobbin-sides/screen-flows/apple-music/067-apple-music-user-profile-64f2ef5d-aac2-49a6-9f55-e921888eb612/001-5146b5b4-3b94-4c83-b8dc-8c457b625c31-downloadableSrc-14a12f4ace68.webp
64f2ef5d-aac2-49a6-9f55-e921888eb612,User profile,90171ea7-acfd-47e1-b2dc-8e70956e9271,Apple Music,75fe0fa7-0cf8-4a06-8711-fd212f12e15f,1,2,057ad83e-667f-4c2b-a864-575f1b26fc03,true,downloadableSrc,200,image/webp,70904,70904,023bf53e53b8319c059660a44af56013c9ca6f6e9c1e655026f15b0989198b32,1179,2676,,,bytescale.mobbin.com,f7a1807c1ac98ccf0eecf5078d61346ac9a94ca37a547f5708d580528c9e55c0,/Users/user/mobbin-sides/screen-flows/apple-music/067-apple-music-user-profile-64f2ef5d-aac2-49a6-9f55-e921888eb612/002-057ad83e-667f-4c2b-a864-575f1b26fc03-downloadableSrc-023bf53e53b8.webp
64f2ef5d-aac2-49a6-9f55-e921888eb612,User profile,90171ea7-acfd-47e1-b2dc-8e70956e9271,Apple Music,75fe0fa7-0cf8-4a06-8711-fd212f12e15f,2,3,24e7955c-69d7-4ac7-9849-428b2d7c3892,true,downloadableSrc,200,image/webp,65930,65930,3912211f132e7c4ce7cb4fbd2f7ebe9865f969ec0ea0115a454acaf9a8cb3327,1179,2676,,,bytescale.mobbin.com,f7a1807c1ac98ccf0eecf5078d61346ac9a94ca37a547f5708d580528c9e55c0,/Users/user/mobbin-sides/screen-flows/apple-music/067-apple-music-user-profile-64f2ef5d-aac2-49a6-9f55-e921888eb612/003-24e7955c-69d7-4ac7-9849-428b2d7c3892-downloadableSrc-3912211f132e.webp
f7c248e5-fd1e-419b-b735-6886d42b48ad,Blocking a user,90171ea7-acfd-47e1-b2dc-8e70956e9271,Apple Music,75fe0fa7-0cf8-4a06-8711-fd212f12e15f,0,1,057ad83e-667f-4c2b-a864-575f1b26fc03,true,downloadableSrc,200,image/webp,70904,70904,023bf53e53b8319c059660a44af56013c9ca6f6e9c1e655026f15b0989198b32,1179,2676,,,bytescale.mobbin.com,f7a1807c1ac98ccf0eecf5078d61346ac9a94ca37a547f5708d580528c9e55c0,/Users/user/mobbin-sides/screen-flows/apple-music/068-apple-music-blocking-a-user-f7c248e5-fd1e-419b-b735-6886d42b48ad/001-057ad83e-667f-4c2b-a864-575f1b26fc03-downloadableSrc-023bf53e53b8.webp
f7c248e5-fd1e-419b-b735-6886d42b48ad,Blocking a user,90171ea7-acfd-47e1-b2dc-8e70956e9271,Apple Music,75fe0fa7-0cf8-4a06-8711-fd212f12e15f,1,2,da210693-0ba9-44cf-9ee2-4fd51ce7f594,true,downloadableSrc,200,image/webp,73106,73106,867be64da048846320f09eaf870a38b97ef5b2004806a91b2d9188330151ccff,1179,2676,,,bytescale.mobbin.com,f7a1807c1ac98ccf0eecf5078d61346ac9a94ca37a547f5708d580528c9e55c0,/Users/user/mobbin-sides/screen-flows/apple-music/068-apple-music-blocking-a-user-f7c248e5-fd1e-419b-b735-6886d42b48ad/002-da210693-0ba9-44cf-9ee2-4fd51ce7f594-downloadableSrc-867be64da048.webp
f7c248e5-fd1e-419b-b735-6886d42b48ad,Blocking a user,90171ea7-acfd-47e1-b2dc-8e70956e9271,Apple Music,75fe0fa7-0cf8-4a06-8711-fd212f12e15f,2,3,7e640096-a0a1-4631-b95a-090487cf9c44,true,downloadableSrc,200,image/webp,104870,104870,ca9d9f8beaedddddb9b9d47ec96afb39dd09e249c20efc6291749f0efd309d13,1179,2676,,,bytescale.mobbin.com,f7a1807c1ac98ccf0eecf5078d61346ac9a94ca37a547f5708d580528c9e55c0,/Users/user/mobbin-sides/screen-flows/apple-music/068-apple-music-blocking-a-user-f7c248e5-fd1e-419b-b735-6886d42b48ad/003-7e640096-a0a1-4631-b95a-090487cf9c44-downloadableSrc-ca9d9f8beaed.webp
f7c248e5-fd1e-419b-b735-6886d42b48ad,Blocking a user,90171ea7-acfd-47e1-b2dc-8e70956e9271,Apple Music,75fe0fa7-0cf8-4a06-8711-fd212f12e15f,3,4,5581d4b0-ec42-4569-bf84-bbc55e21de66,true,downloadableSrc,200,image/webp,72324,72324,e5e46087a6be15b7e999d2adf6c880ab4e087ef520f355d211a4be13a65206d3,1179,2676,,,bytescale.mobbin.com,f7a1807c1ac98ccf0eecf5078d61346ac9a94ca37a547f5708d580528c9e55c0,/Users/user/mobbin-sides/screen-flows/apple-music/068-apple-music-blocking-a-user-f7c248e5-fd1e-419b-b735-6886d42b48ad/004-5581d4b0-ec42-4569-bf84-bbc55e21de66-downloadableSrc-e5e46087a6be.webp
6fea7617-e11b-4006-999a-8c99ad89db3e,Manage subscription,90171ea7-acfd-47e1-b2dc-8e70956e9271,Apple Music,75fe0fa7-0cf8-4a06-8711-fd212f12e15f,0,1,a8a69900-a2e3-4b64-a964-f9a9dc9aed19,true,downloadableSrc,200,image/webp,79264,79264,92a2f315143aeda8537d5375d5ba02ca0b69d38e45d6d9f9bd2e791cc5471a75,1179,2676,,,bytescale.mobbin.com,f7a1807c1ac98ccf0eecf5078d61346ac9a94ca37a547f5708d580528c9e55c0,/Users/user/mobbin-sides/screen-flows/apple-music/069-apple-music-manage-subscription-6fea7617-e11b-4006-999a-8c99ad89db3e/001-a8a69900-a2e3-4b64-a964-f9a9dc9aed19-downloadableSrc-92a2f315143a.webp
6fea7617-e11b-4006-999a-8c99ad89db3e,Manage subscription,90171ea7-acfd-47e1-b2dc-8e70956e9271,Apple Music,75fe0fa7-0cf8-4a06-8711-fd212f12e15f,1,2,7c6ec7bb-7a77-455e-bf56-ff815d95d57c,true,downloadableSrc,200,image/webp,93038,93038,f0f1e2a51a0662299d23bd117558711b4e5940edf18a793793c030d841aa1ea4,1179,2676,,,bytescale.mobbin.com,f7a1807c1ac98ccf0eecf5078d61346ac9a94ca37a547f5708d580528c9e55c0,/Users/user/mobbin-sides/screen-flows/apple-music/069-apple-music-manage-subscription-6fea7617-e11b-4006-999a-8c99ad89db3e/002-7c6ec7bb-7a77-455e-bf56-ff815d95d57c-downloadableSrc-f0f1e2a51a06.webp
3b343474-cdc1-4405-a652-84fb1c33fc11,Upgrade to family plan,90171ea7-acfd-47e1-b2dc-8e70956e9271,Apple Music,75fe0fa7-0cf8-4a06-8711-fd212f12e15f,0,1,a8a69900-a2e3-4b64-a964-f9a9dc9aed19,true,downloadableSrc,200,image/webp,79264,79264,92a2f315143aeda8537d5375d5ba02ca0b69d38e45d6d9f9bd2e791cc5471a75,1179,2676,,,bytescale.mobbin.com,f7a1807c1ac98ccf0eecf5078d61346ac9a94ca37a547f5708d580528c9e55c0,/Users/user/mobbin-sides/screen-flows/apple-music/070-apple-music-upgrade-to-family-plan-3b343474-cdc1-4405-a652-84fb1c33fc11/001-a8a69900-a2e3-4b64-a964-f9a9dc9aed19-downloadableSrc-92a2f315143a.webp
3b343474-cdc1-4405-a652-84fb1c33fc11,Upgrade to family plan,90171ea7-acfd-47e1-b2dc-8e70956e9271,Apple Music,75fe0fa7-0cf8-4a06-8711-fd212f12e15f,1,2,00e690e9-c634-4d6e-8130-7ab11c300e4f,true,downloadableSrc,200,image/webp,85022,85022,fd6229d40845988d48a530d64193a9dec473f242531a7f2f65b7c78fa15af2c6,1179,2676,,,bytescale.mobbin.com,f7a1807c1ac98ccf0eecf5078d61346ac9a94ca37a547f5708d580528c9e55c0,/Users/user/mobbin-sides/screen-flows/apple-music/070-apple-music-upgrade-to-family-plan-3b343474-cdc1-4405-a652-84fb1c33fc11/002-00e690e9-c634-4d6e-8130-7ab11c300e4f-downloadableSrc-fd6229d40845.webp
3b343474-cdc1-4405-a652-84fb1c33fc11,Upgrade to family plan,90171ea7-acfd-47e1-b2dc-8e70956e9271,Apple Music,75fe0fa7-0cf8-4a06-8711-fd212f12e15f,2,3,8f9c9163-c004-4697-ae26-7021025d945e,true,downloadableSrc,200,image/webp,73042,73042,3661e81da23945eba9dadcce57fbd96f9fb1c8cfa6af8a63d6ff4223ef96dcf5,1179,2676,,,bytescale.mobbin.com,f7a1807c1ac98ccf0eecf5078d61346ac9a94ca37a547f5708d580528c9e55c0,/Users/user/mobbin-sides/screen-flows/apple-music/070-apple-music-upgrade-to-family-plan-3b343474-cdc1-4405-a652-84fb1c33fc11/003-8f9c9163-c004-4697-ae26-7021025d945e-downloadableSrc-3661e81da239.webp
4c994717-ae9f-4076-9256-d8257b842aa9,Changing notification settings,90171ea7-acfd-47e1-b2dc-8e70956e9271,Apple Music,75fe0fa7-0cf8-4a06-8711-fd212f12e15f,0,1,a8a69900-a2e3-4b64-a964-f9a9dc9aed19,true,downloadableSrc,200,image/webp,79264,79264,92a2f315143aeda8537d5375d5ba02ca0b69d38e45d6d9f9bd2e791cc5471a75,1179,2676,,,bytescale.mobbin.com,f7a1807c1ac98ccf0eecf5078d61346ac9a94ca37a547f5708d580528c9e55c0,/Users/user/mobbin-sides/screen-flows/apple-music/071-apple-music-changing-notification-settings-4c994717-ae9f-4076-9256-d8257b842aa9/001-a8a69900-a2e3-4b64-a964-f9a9dc9aed19-downloadableSrc-92a2f315143a.webp
4c994717-ae9f-4076-9256-d8257b842aa9,Changing notification settings,90171ea7-acfd-47e1-b2dc-8e70956e9271,Apple Music,75fe0fa7-0cf8-4a06-8711-fd212f12e15f,1,2,05903a73-4c93-497c-b77a-12b96f1ec635,true,downloadableSrc,200,image/webp,52036,52036,4429f5f38fb65daffa8e96d5c5808de1b1ade4299d9af389f3ef182be26a5d46,1179,2676,,,bytescale.mobbin.com,f7a1807c1ac98ccf0eecf5078d61346ac9a94ca37a547f5708d580528c9e55c0,/Users/user/mobbin-sides/screen-flows/apple-music/071-apple-music-changing-notification-settings-4c994717-ae9f-4076-9256-d8257b842aa9/002-05903a73-4c93-497c-b77a-12b96f1ec635-downloadableSrc-4429f5f38fb6.webp
4c994717-ae9f-4076-9256-d8257b842aa9,Changing notification settings,90171ea7-acfd-47e1-b2dc-8e70956e9271,Apple Music,75fe0fa7-0cf8-4a06-8711-fd212f12e15f,2,3,3b1827a7-277d-403e-8d72-b287a34e7e12,true,downloadableSrc,200,image/webp,51160,51160,b520a5af22c1e0e9f8a3a68f0f3a22921529ca09e790a4697a94ee909eacdf67,1179,2676,,,bytescale.mobbin.com,f7a1807c1ac98ccf0eecf5078d61346ac9a94ca37a547f5708d580528c9e55c0,/Users/user/mobbin-sides/screen-flows/apple-music/071-apple-music-changing-notification-settings-4c994717-ae9f-4076-9256-d8257b842aa9/003-3b1827a7-277d-403e-8d72-b287a34e7e12-downloadableSrc-b520a5af22c1.webp
7d6fd23a-469e-4da9-a0f0-2e369fd43416,Approving a follow requests,90171ea7-acfd-47e1-b2dc-8e70956e9271,Apple Music,75fe0fa7-0cf8-4a06-8711-fd212f12e15f,0,1,fa29e3c0-997f-4286-aa17-097554e7aea8,true,downloadableSrc,200,image/webp,83754,83754,d28d15a7c174d71b9ff811f1b5d861e628a8ef724b1351adf4d4618bfca20ccd,1179,2676,,,bytescale.mobbin.com,f7a1807c1ac98ccf0eecf5078d61346ac9a94ca37a547f5708d580528c9e55c0,/Users/user/mobbin-sides/screen-flows/apple-music/072-apple-music-approving-a-follow-requests-7d6fd23a-469e-4da9-a0f0-2e369fd43416/001-fa29e3c0-997f-4286-aa17-097554e7aea8-downloadableSrc-d28d15a7c174.webp
7d6fd23a-469e-4da9-a0f0-2e369fd43416,Approving a follow requests,90171ea7-acfd-47e1-b2dc-8e70956e9271,Apple Music,75fe0fa7-0cf8-4a06-8711-fd212f12e15f,1,2,f37105ad-ba4c-4918-842e-c4ccb627face,true,downloadableSrc,200,image/webp,30198,30198,e707e762425e1dc6b9574f313ccff235e500b6dbcb92dc1dfc765f459a6f96dd,1179,2676,,,bytescale.mobbin.com,f7a1807c1ac98ccf0eecf5078d61346ac9a94ca37a547f5708d580528c9e55c0,/Users/user/mobbin-sides/screen-flows/apple-music/072-apple-music-approving-a-follow-requests-7d6fd23a-469e-4da9-a0f0-2e369fd43416/002-f37105ad-ba4c-4918-842e-c4ccb627face-downloadableSrc-e707e762425e.webp
7d6fd23a-469e-4da9-a0f0-2e369fd43416,Approving a follow requests,90171ea7-acfd-47e1-b2dc-8e70956e9271,Apple Music,75fe0fa7-0cf8-4a06-8711-fd212f12e15f,2,3,a8a69900-a2e3-4b64-a964-f9a9dc9aed19,true,downloadableSrc,200,image/webp,79264,79264,92a2f315143aeda8537d5375d5ba02ca0b69d38e45d6d9f9bd2e791cc5471a75,1179,2676,,,bytescale.mobbin.com,f7a1807c1ac98ccf0eecf5078d61346ac9a94ca37a547f5708d580528c9e55c0,/Users/user/mobbin-sides/screen-flows/apple-music/072-apple-music-approving-a-follow-requests-7d6fd23a-469e-4da9-a0f0-2e369fd43416/003-a8a69900-a2e3-4b64-a964-f9a9dc9aed19-downloadableSrc-92a2f315143a.webp
d6aa4c7f-e3f0-4e17-89e7-c592b0ce2937,Account settings,90171ea7-acfd-47e1-b2dc-8e70956e9271,Apple Music,75fe0fa7-0cf8-4a06-8711-fd212f12e15f,0,1,68822c9a-6612-4bff-8e2a-b03d6a5e081d,true,downloadableSrc,200,image/webp,81208,81208,dbc8bdcef5a300c04ae768c64f0b13cc0ee60cf4a24de4190c6770a0575b27d5,1179,2676,,,bytescale.mobbin.com,f7a1807c1ac98ccf0eecf5078d61346ac9a94ca37a547f5708d580528c9e55c0,/Users/user/mobbin-sides/screen-flows/apple-music/073-apple-music-account-settings-d6aa4c7f-e3f0-4e17-89e7-c592b0ce2937/001-68822c9a-6612-4bff-8e2a-b03d6a5e081d-downloadableSrc-dbc8bdcef5a3.webp
d6aa4c7f-e3f0-4e17-89e7-c592b0ce2937,Account settings,90171ea7-acfd-47e1-b2dc-8e70956e9271,Apple Music,75fe0fa7-0cf8-4a06-8711-fd212f12e15f,1,2,a04a3459-6fc8-4855-a89a-3ede86081fb2,true,downloadableSrc,200,image/webp,84864,84864,a65d3f667b690acd07a100f2941654e9c028a58e5b4cac0184f7b9c717e82b92,1179,2676,,,bytescale.mobbin.com,f7a1807c1ac98ccf0eecf5078d61346ac9a94ca37a547f5708d580528c9e55c0,/Users/user/mobbin-sides/screen-flows/apple-music/073-apple-music-account-settings-d6aa4c7f-e3f0-4e17-89e7-c592b0ce2937/002-a04a3459-6fc8-4855-a89a-3ede86081fb2-downloadableSrc-a65d3f667b69.webp
d6aa4c7f-e3f0-4e17-89e7-c592b0ce2937,Account settings,90171ea7-acfd-47e1-b2dc-8e70956e9271,Apple Music,75fe0fa7-0cf8-4a06-8711-fd212f12e15f,2,3,7ccc50a9-1965-438c-9570-3b50dba7342b,true,downloadableSrc,200,image/webp,113352,113352,ab4556f088167c130860872bb6a54367e277ceed1a8117f18af0e3f8443f976a,1179,2676,,,bytescale.mobbin.com,f7a1807c1ac98ccf0eecf5078d61346ac9a94ca37a547f5708d580528c9e55c0,/Users/user/mobbin-sides/screen-flows/apple-music/073-apple-music-account-settings-d6aa4c7f-e3f0-4e17-89e7-c592b0ce2937/003-7ccc50a9-1965-438c-9570-3b50dba7342b-downloadableSrc-ab4556f08816.webp
d6aa4c7f-e3f0-4e17-89e7-c592b0ce2937,Account settings,90171ea7-acfd-47e1-b2dc-8e70956e9271,Apple Music,75fe0fa7-0cf8-4a06-8711-fd212f12e15f,3,4,a830d958-39f2-4a6d-8772-7115588565d4,true,downloadableSrc,200,image/webp,89856,89856,ae10af9969ae14156705cf8ca73f4f1617b3ba9989deb51df7e08b960602383d,1179,2676,,,bytescale.mobbin.com,f7a1807c1ac98ccf0eecf5078d61346ac9a94ca37a547f5708d580528c9e55c0,/Users/user/mobbin-sides/screen-flows/apple-music/073-apple-music-account-settings-d6aa4c7f-e3f0-4e17-89e7-c592b0ce2937/004-a830d958-39f2-4a6d-8772-7115588565d4-downloadableSrc-ae10af9969ae.webp
3a6a2969-e880-4d6b-b1ae-9a6557004f5a,Widgets,90171ea7-acfd-47e1-b2dc-8e70956e9271,Apple Music,75fe0fa7-0cf8-4a06-8711-fd212f12e15f,0,1,51b795c5-114f-455e-8b2d-4a47be343065,true,downloadableSrc,200,image/webp,83270,83270,3354b2b2bf0a7c396cdaf2f2b997dec5df05987903b9f0b0b0bba2ed50b7afe9,1179,2676,,,bytescale.mobbin.com,f7a1807c1ac98ccf0eecf5078d61346ac9a94ca37a547f5708d580528c9e55c0,/Users/user/mobbin-sides/screen-flows/apple-music/074-apple-music-widgets-3a6a2969-e880-4d6b-b1ae-9a6557004f5a/001-51b795c5-114f-455e-8b2d-4a47be343065-downloadableSrc-3354b2b2bf0a.webp
3a6a2969-e880-4d6b-b1ae-9a6557004f5a,Widgets,90171ea7-acfd-47e1-b2dc-8e70956e9271,Apple Music,75fe0fa7-0cf8-4a06-8711-fd212f12e15f,1,2,f8581659-c9f2-4d2b-aa59-f543fb39ca0b,true,downloadableSrc,200,image/webp,92114,92114,f905c87b5bed6b1d64fb1053f56f8a288d14aec0656d95f77d2fd9460dd216b7,1179,2676,,,bytescale.mobbin.com,f7a1807c1ac98ccf0eecf5078d61346ac9a94ca37a547f5708d580528c9e55c0,/Users/user/mobbin-sides/screen-flows/apple-music/074-apple-music-widgets-3a6a2969-e880-4d6b-b1ae-9a6557004f5a/002-f8581659-c9f2-4d2b-aa59-f543fb39ca0b-downloadableSrc-f905c87b5bed.webp
3a6a2969-e880-4d6b-b1ae-9a6557004f5a,Widgets,90171ea7-acfd-47e1-b2dc-8e70956e9271,Apple Music,75fe0fa7-0cf8-4a06-8711-fd212f12e15f,2,3,213b9f7a-51ec-4624-a488-f8fd52431155,true,downloadableSrc,200,image/webp,116810,116810,54c46f81e46d92448a27e38fa1891682b9fc7878f900258332f54b563ca05569,1179,2676,,,bytescale.mobbin.com,f7a1807c1ac98ccf0eecf5078d61346ac9a94ca37a547f5708d580528c9e55c0,/Users/user/mobbin-sides/screen-flows/apple-music/074-apple-music-widgets-3a6a2969-e880-4d6b-b1ae-9a6557004f5a/003-213b9f7a-51ec-4624-a488-f8fd52431155-downloadableSrc-54c46f81e46d.webp
3a6a2969-e880-4d6b-b1ae-9a6557004f5a,Widgets,90171ea7-acfd-47e1-b2dc-8e70956e9271,Apple Music,75fe0fa7-0cf8-4a06-8711-fd212f12e15f,3,4,ddbd8701-09e5-4c83-b71f-a4e4da2f0744,true,downloadableSrc,200,image/webp,126162,126162,f0f1389a86e3b0631ead32ab482e9122bc046be0802490602aef03a69629852f,1179,2676,,,bytescale.mobbin.com,f7a1807c1ac98ccf0eecf5078d61346ac9a94ca37a547f5708d580528c9e55c0,/Users/user/mobbin-sides/screen-flows/apple-music/074-apple-music-widgets-3a6a2969-e880-4d6b-b1ae-9a6557004f5a/004-ddbd8701-09e5-4c83-b71f-a4e4da2f0744-downloadableSrc-f0f1389a86e3.webp
3a6a2969-e880-4d6b-b1ae-9a6557004f5a,Widgets,90171ea7-acfd-47e1-b2dc-8e70956e9271,Apple Music,75fe0fa7-0cf8-4a06-8711-fd212f12e15f,4,5,de092e0f-6534-4be7-8a02-3618d2367f9a,true,downloadableSrc,200,image/webp,74856,74856,54b16a1f99b79e0e113e85de48be831f875802a6c71ca51f4174fd1674cfcdbc,1179,2676,,,bytescale.mobbin.com,f7a1807c1ac98ccf0eecf5078d61346ac9a94ca37a547f5708d580528c9e55c0,/Users/user/mobbin-sides/screen-flows/apple-music/074-apple-music-widgets-3a6a2969-e880-4d6b-b1ae-9a6557004f5a/005-de092e0f-6534-4be7-8a02-3618d2367f9a-downloadableSrc-54b16a1f99b7.webp
