flowId,flowName,appId,appName,appVersionId,order,index,screenId,restricted,descriptor,status,contentType,contentLengthHeader,bytes,sha256,width,height,declaredWidth,declaredHeight,urlHost,urlPathHash,savedPath
67681ab9-670f-40ee-88ca-e60b77c7d46c,Onboarding,76436d76-126b-42ea-a287-9bb453f8d97f,Apple Health,9b150bfa-4e95-489c-9dc0-4af8396899bf,0,1,351f4ca2-4879-47f3-b2a2-d90b67337eb1,false,downloadableSrc,200,image/webp,67996,67996,29691f34fe4f3d0c47713dbdda59293c89945b54e20321e367b869017c410e69,1179,2676,,,bytescale.mobbin.com,f7a1807c1ac98ccf0eecf5078d61346ac9a94ca37a547f5708d580528c9e55c0,/Users/user/mobbin-sides/screen-flows/apple-health/001-apple-health-onboarding-67681ab9-670f-40ee-88ca-e60b77c7d46c/001-351f4ca2-4879-47f3-b2a2-d90b67337eb1-downloadableSrc-29691f34fe4f.webp
67681ab9-670f-40ee-88ca-e60b77c7d46c,Onboarding,76436d76-126b-42ea-a287-9bb453f8d97f,Apple Health,9b150bfa-4e95-489c-9dc0-4af8396899bf,1,2,faf8920d-c937-418e-8318-8b56d352b38c,false,downloadableSrc,200,image/webp,89900,89900,b789e5a713ccef0433d96198b460959bcb32c0e10d675fead039fca35f206f82,1179,2676,,,bytescale.mobbin.com,f7a1807c1ac98ccf0eecf5078d61346ac9a94ca37a547f5708d580528c9e55c0,/Users/user/mobbin-sides/screen-flows/apple-health/001-apple-health-onboarding-67681ab9-670f-40ee-88ca-e60b77c7d46c/002-faf8920d-c937-418e-8318-8b56d352b38c-downloadableSrc-b789e5a713cc.webp
67681ab9-670f-40ee-88ca-e60b77c7d46c,Onboarding,76436d76-126b-42ea-a287-9bb453f8d97f,Apple Health,9b150bfa-4e95-489c-9dc0-4af8396899bf,2,3,db87816f-c539-49ac-a00d-239039a0b7d1,false,downloadableSrc,200,image/webp,58706,58706,9a94a81f11b43cde128ee244f9463b56ed0be173dc5a158da8e1bfd7391e8085,1179,2676,,,bytescale.mobbin.com,f7a1807c1ac98ccf0eecf5078d61346ac9a94ca37a547f5708d580528c9e55c0,/Users/user/mobbin-sides/screen-flows/apple-health/001-apple-health-onboarding-67681ab9-670f-40ee-88ca-e60b77c7d46c/003-db87816f-c539-49ac-a00d-239039a0b7d1-downloadableSrc-9a94a81f11b4.webp
67681ab9-670f-40ee-88ca-e60b77c7d46c,Onboarding,76436d76-126b-42ea-a287-9bb453f8d97f,Apple Health,9b150bfa-4e95-489c-9dc0-4af8396899bf,3,4,280aa454-5521-4f6f-83ad-3bcb12bd682f,false,downloadableSrc,200,image/webp,59838,59838,17e703ca3e9a6238d7d7f70be8348aa76463f69d0b9f0980619cd4a3a8c23657,1179,2676,,,bytescale.mobbin.com,f7a1807c1ac98ccf0eecf5078d61346ac9a94ca37a547f5708d580528c9e55c0,/Users/user/mobbin-sides/screen-flows/apple-health/001-apple-health-onboarding-67681ab9-670f-40ee-88ca-e60b77c7d46c/004-280aa454-5521-4f6f-83ad-3bcb12bd682f-downloadableSrc-17e703ca3e9a.webp
67681ab9-670f-40ee-88ca-e60b77c7d46c,Onboarding,76436d76-126b-42ea-a287-9bb453f8d97f,Apple Health,9b150bfa-4e95-489c-9dc0-4af8396899bf,4,5,56e12b1c-722b-4e43-a6be-983ee45db6ec,false,downloadableSrc,200,image/webp,62188,62188,8e1e1167fb090680949e67e7bf429731a764f069945f3070f811d495f55256ef,1179,2676,,,bytescale.mobbin.com,f7a1807c1ac98ccf0eecf5078d61346ac9a94ca37a547f5708d580528c9e55c0,/Users/user/mobbin-sides/screen-flows/apple-health/001-apple-health-onboarding-67681ab9-670f-40ee-88ca-e60b77c7d46c/005-56e12b1c-722b-4e43-a6be-983ee45db6ec-downloadableSrc-8e1e1167fb09.webp
67681ab9-670f-40ee-88ca-e60b77c7d46c,Onboarding,76436d76-126b-42ea-a287-9bb453f8d97f,Apple Health,9b150bfa-4e95-489c-9dc0-4af8396899bf,5,6,0b037195-d948-440e-9b1c-435d8009feb5,false,downloadableSrc,200,image/webp,73208,73208,103596b606d277d98c992ca7edd8770b9eed619ce19a89c2fca450237e90fd44,1179,2676,,,bytescale.mobbin.com,f7a1807c1ac98ccf0eecf5078d61346ac9a94ca37a547f5708d580528c9e55c0,/Users/user/mobbin-sides/screen-flows/apple-health/001-apple-health-onboarding-67681ab9-670f-40ee-88ca-e60b77c7d46c/006-0b037195-d948-440e-9b1c-435d8009feb5-downloadableSrc-103596b606d2.webp
67681ab9-670f-40ee-88ca-e60b77c7d46c,Onboarding,76436d76-126b-42ea-a287-9bb453f8d97f,Apple Health,9b150bfa-4e95-489c-9dc0-4af8396899bf,6,7,72d85ca9-77d6-49da-a82f-4fff5500154f,false,downloadableSrc,200,image/webp,66972,66972,b837c0893a3bc21cdb9e9f7eff76cf20283bec402a2cabed356bef4c5ce2fce0,1179,2676,,,bytescale.mobbin.com,f7a1807c1ac98ccf0eecf5078d61346ac9a94ca37a547f5708d580528c9e55c0,/Users/user/mobbin-sides/screen-flows/apple-health/001-apple-health-onboarding-67681ab9-670f-40ee-88ca-e60b77c7d46c/007-72d85ca9-77d6-49da-a82f-4fff5500154f-downloadableSrc-b837c0893a3b.webp
67681ab9-670f-40ee-88ca-e60b77c7d46c,Onboarding,76436d76-126b-42ea-a287-9bb453f8d97f,Apple Health,9b150bfa-4e95-489c-9dc0-4af8396899bf,7,8,97104df5-f817-4e56-80a0-0c46eee67e06,false,downloadableSrc,200,image/webp,84024,84024,eab07a89d693541ba8914ef0d584022ac99741126d562b8492983980921f8d77,1179,2676,,,bytescale.mobbin.com,f7a1807c1ac98ccf0eecf5078d61346ac9a94ca37a547f5708d580528c9e55c0,/Users/user/mobbin-sides/screen-flows/apple-health/001-apple-health-onboarding-67681ab9-670f-40ee-88ca-e60b77c7d46c/008-97104df5-f817-4e56-80a0-0c46eee67e06-downloadableSrc-eab07a89d693.webp
6fd21fc4-6319-49b6-8b00-8c9edc0058b6,Summary,76436d76-126b-42ea-a287-9bb453f8d97f,Apple Health,9b150bfa-4e95-489c-9dc0-4af8396899bf,0,1,97104df5-f817-4e56-80a0-0c46eee67e06,true,downloadableSrc,200,image/webp,84024,84024,eab07a89d693541ba8914ef0d584022ac99741126d562b8492983980921f8d77,1179,2676,,,bytescale.mobbin.com,f7a1807c1ac98ccf0eecf5078d61346ac9a94ca37a547f5708d580528c9e55c0,/Users/user/mobbin-sides/screen-flows/apple-health/002-apple-health-summary-6fd21fc4-6319-49b6-8b00-8c9edc0058b6/001-97104df5-f817-4e56-80a0-0c46eee67e06-downloadableSrc-eab07a89d693.webp
6fd21fc4-6319-49b6-8b00-8c9edc0058b6,Summary,76436d76-126b-42ea-a287-9bb453f8d97f,Apple Health,9b150bfa-4e95-489c-9dc0-4af8396899bf,1,2,1a54ec87-6f51-416b-977b-663a1e7a2684,true,downloadableSrc,200,image/webp,90768,90768,6317370ac2c1faa97350190f51cd0356806ebc9b6ed6d39be0fe6480273eb872,1179,2676,,,bytescale.mobbin.com,f7a1807c1ac98ccf0eecf5078d61346ac9a94ca37a547f5708d580528c9e55c0,/Users/user/mobbin-sides/screen-flows/apple-health/002-apple-health-summary-6fd21fc4-6319-49b6-8b00-8c9edc0058b6/002-1a54ec87-6f51-416b-977b-663a1e7a2684-downloadableSrc-6317370ac2c1.webp
6fd21fc4-6319-49b6-8b00-8c9edc0058b6,Summary,76436d76-126b-42ea-a287-9bb453f8d97f,Apple Health,9b150bfa-4e95-489c-9dc0-4af8396899bf,2,3,ba374894-0af8-4e6d-a7df-29bcb18abc6c,true,downloadableSrc,200,image/webp,126652,126652,637fa223634070a936b7e165a637990c9340ae33ff819ca26e4be50a1599b20e,1179,2676,,,bytescale.mobbin.com,f7a1807c1ac98ccf0eecf5078d61346ac9a94ca37a547f5708d580528c9e55c0,/Users/user/mobbin-sides/screen-flows/apple-health/002-apple-health-summary-6fd21fc4-6319-49b6-8b00-8c9edc0058b6/003-ba374894-0af8-4e6d-a7df-29bcb18abc6c-downloadableSrc-637fa2236340.webp
6fd21fc4-6319-49b6-8b00-8c9edc0058b6,Summary,76436d76-126b-42ea-a287-9bb453f8d97f,Apple Health,9b150bfa-4e95-489c-9dc0-4af8396899bf,3,4,a6813bc6-525f-44cd-b815-5c8e23e8cd58,true,downloadableSrc,200,image/webp,129610,129610,5f0b49d8540c4a94d843070312f4ec36912781addb71623394a3360ff971f732,1179,2676,,,bytescale.mobbin.com,f7a1807c1ac98ccf0eecf5078d61346ac9a94ca37a547f5708d580528c9e55c0,/Users/user/mobbin-sides/screen-flows/apple-health/002-apple-health-summary-6fd21fc4-6319-49b6-8b00-8c9edc0058b6/004-a6813bc6-525f-44cd-b815-5c8e23e8cd58-downloadableSrc-5f0b49d8540c.webp
6fd21fc4-6319-49b6-8b00-8c9edc0058b6,Summary,76436d76-126b-42ea-a287-9bb453f8d97f,Apple Health,9b150bfa-4e95-489c-9dc0-4af8396899bf,4,5,f0eab1e1-765e-449c-82c5-8071c57d65cf,true,downloadableSrc,200,image/webp,279218,279218,6b427ffac6133cb60b00191cc9efdec9ded048b092f748327b2731fda82ad2a6,1179,2676,,,bytescale.mobbin.com,f7a1807c1ac98ccf0eecf5078d61346ac9a94ca37a547f5708d580528c9e55c0,/Users/user/mobbin-sides/screen-flows/apple-health/002-apple-health-summary-6fd21fc4-6319-49b6-8b00-8c9edc0058b6/005-f0eab1e1-765e-449c-82c5-8071c57d65cf-downloadableSrc-6b427ffac613.webp
6fd21fc4-6319-49b6-8b00-8c9edc0058b6,Summary,76436d76-126b-42ea-a287-9bb453f8d97f,Apple Health,9b150bfa-4e95-489c-9dc0-4af8396899bf,5,6,16e17227-3b07-4434-80ef-29b5f0215d1a,true,downloadableSrc,200,image/webp,111654,111654,4e68adb9adbcf0a44a668ea3ece2410b9a5af88ba210aeed6b2fc4ed26a12c33,1179,2676,,,bytescale.mobbin.com,f7a1807c1ac98ccf0eecf5078d61346ac9a94ca37a547f5708d580528c9e55c0,/Users/user/mobbin-sides/screen-flows/apple-health/002-apple-health-summary-6fd21fc4-6319-49b6-8b00-8c9edc0058b6/006-16e17227-3b07-4434-80ef-29b5f0215d1a-downloadableSrc-4e68adb9adbc.webp
3ca09d01-90e6-4903-9a72-cb16b7d61d4c,Health checklist,76436d76-126b-42ea-a287-9bb453f8d97f,Apple Health,9b150bfa-4e95-489c-9dc0-4af8396899bf,0,1,97104df5-f817-4e56-80a0-0c46eee67e06,true,downloadableSrc,200,image/webp,84024,84024,eab07a89d693541ba8914ef0d584022ac99741126d562b8492983980921f8d77,1179,2676,,,bytescale.mobbin.com,f7a1807c1ac98ccf0eecf5078d61346ac9a94ca37a547f5708d580528c9e55c0,/Users/user/mobbin-sides/screen-flows/apple-health/003-apple-health-health-checklist-3ca09d01-90e6-4903-9a72-cb16b7d61d4c/001-97104df5-f817-4e56-80a0-0c46eee67e06-downloadableSrc-eab07a89d693.webp
3ca09d01-90e6-4903-9a72-cb16b7d61d4c,Health checklist,76436d76-126b-42ea-a287-9bb453f8d97f,Apple Health,9b150bfa-4e95-489c-9dc0-4af8396899bf,1,2,0420e040-cdba-419e-a764-21d85beffdd5,true,downloadableSrc,200,image/webp,94142,94142,74a03b6e32153c7c1528bd7445c5d798b59cfb809d273a19e2cd04fcc1b93509,1179,2676,,,bytescale.mobbin.com,f7a1807c1ac98ccf0eecf5078d61346ac9a94ca37a547f5708d580528c9e55c0,/Users/user/mobbin-sides/screen-flows/apple-health/003-apple-health-health-checklist-3ca09d01-90e6-4903-9a72-cb16b7d61d4c/002-0420e040-cdba-419e-a764-21d85beffdd5-downloadableSrc-74a03b6e3215.webp
3ca09d01-90e6-4903-9a72-cb16b7d61d4c,Health checklist,76436d76-126b-42ea-a287-9bb453f8d97f,Apple Health,9b150bfa-4e95-489c-9dc0-4af8396899bf,2,3,f66b5333-abee-485e-9945-d09f75fc84e8,true,downloadableSrc,200,image/webp,109708,109708,d807353cb89dcab82b190fc1ba21db558967cfaba49777b322924ac5a537d88e,1179,2676,,,bytescale.mobbin.com,f7a1807c1ac98ccf0eecf5078d61346ac9a94ca37a547f5708d580528c9e55c0,/Users/user/mobbin-sides/screen-flows/apple-health/003-apple-health-health-checklist-3ca09d01-90e6-4903-9a72-cb16b7d61d4c/003-f66b5333-abee-485e-9945-d09f75fc84e8-downloadableSrc-d807353cb89d.webp
153e8107-94e5-4917-8812-5907c4e8cbd9,Setting up medical ID,76436d76-126b-42ea-a287-9bb453f8d97f,Apple Health,9b150bfa-4e95-489c-9dc0-4af8396899bf,0,1,0420e040-cdba-419e-a764-21d85beffdd5,true,downloadableSrc,200,image/webp,94142,94142,74a03b6e32153c7c1528bd7445c5d798b59cfb809d273a19e2cd04fcc1b93509,1179,2676,,,bytescale.mobbin.com,f7a1807c1ac98ccf0eecf5078d61346ac9a94ca37a547f5708d580528c9e55c0,/Users/user/mobbin-sides/screen-flows/apple-health/004-apple-health-setting-up-medical-id-153e8107-94e5-4917-8812-5907c4e8cbd9/001-0420e040-cdba-419e-a764-21d85beffdd5-downloadableSrc-74a03b6e3215.webp
153e8107-94e5-4917-8812-5907c4e8cbd9,Setting up medical ID,76436d76-126b-42ea-a287-9bb453f8d97f,Apple Health,9b150bfa-4e95-489c-9dc0-4af8396899bf,1,2,410aa4c4-3800-45af-8d3a-9aab937fc144,true,downloadableSrc,200,image/webp,42698,42698,4ed6ced7629a057fc40cecf3f5f8bff8824255bcdf6f66cb62a5bdde94d8b188,1179,2676,,,bytescale.mobbin.com,f7a1807c1ac98ccf0eecf5078d61346ac9a94ca37a547f5708d580528c9e55c0,/Users/user/mobbin-sides/screen-flows/apple-health/004-apple-health-setting-up-medical-id-153e8107-94e5-4917-8812-5907c4e8cbd9/002-410aa4c4-3800-45af-8d3a-9aab937fc144-downloadableSrc-4ed6ced7629a.webp
153e8107-94e5-4917-8812-5907c4e8cbd9,Setting up medical ID,76436d76-126b-42ea-a287-9bb453f8d97f,Apple Health,9b150bfa-4e95-489c-9dc0-4af8396899bf,2,3,dbdb2d30-2fb6-43d4-b24e-e7df1179cbeb,true,downloadableSrc,200,image/webp,47210,47210,12c41387ee77c37202462ccf0604793b481b5f0b0ac060db6a2bafc4243abd07,1179,2676,,,bytescale.mobbin.com,f7a1807c1ac98ccf0eecf5078d61346ac9a94ca37a547f5708d580528c9e55c0,/Users/user/mobbin-sides/screen-flows/apple-health/004-apple-health-setting-up-medical-id-153e8107-94e5-4917-8812-5907c4e8cbd9/003-dbdb2d30-2fb6-43d4-b24e-e7df1179cbeb-downloadableSrc-12c41387ee77.webp
153e8107-94e5-4917-8812-5907c4e8cbd9,Setting up medical ID,76436d76-126b-42ea-a287-9bb453f8d97f,Apple Health,9b150bfa-4e95-489c-9dc0-4af8396899bf,3,4,020294ea-5c55-4e5b-813b-9a78616ef272,true,downloadableSrc,200,image/webp,77910,77910,ebac47a214e46f36907acc19dcc4026f028993b70ce1bdd07ccdda99db0bb402,1179,2676,,,bytescale.mobbin.com,f7a1807c1ac98ccf0eecf5078d61346ac9a94ca37a547f5708d580528c9e55c0,/Users/user/mobbin-sides/screen-flows/apple-health/004-apple-health-setting-up-medical-id-153e8107-94e5-4917-8812-5907c4e8cbd9/004-020294ea-5c55-4e5b-813b-9a78616ef272-downloadableSrc-ebac47a214e4.webp
153e8107-94e5-4917-8812-5907c4e8cbd9,Setting up medical ID,76436d76-126b-42ea-a287-9bb453f8d97f,Apple Health,9b150bfa-4e95-489c-9dc0-4af8396899bf,4,5,12fc6c17-aa2d-415a-9646-4cbe87c0699a,true,downloadableSrc,200,image/webp,46770,46770,91dc464b11320f9b02a5be57630170fdc1ffa6f8f9bf6f5bbc0f56020ea2301c,1179,2676,,,bytescale.mobbin.com,f7a1807c1ac98ccf0eecf5078d61346ac9a94ca37a547f5708d580528c9e55c0,/Users/user/mobbin-sides/screen-flows/apple-health/004-apple-health-setting-up-medical-id-153e8107-94e5-4917-8812-5907c4e8cbd9/005-12fc6c17-aa2d-415a-9646-4cbe87c0699a-downloadableSrc-91dc464b1132.webp
153e8107-94e5-4917-8812-5907c4e8cbd9,Setting up medical ID,76436d76-126b-42ea-a287-9bb453f8d97f,Apple Health,9b150bfa-4e95-489c-9dc0-4af8396899bf,5,6,258e2720-4562-4111-a6c2-15a0bc3b240c,true,downloadableSrc,200,image/webp,50624,50624,94aec840ae1effde72d6bfa998c9861d5d63c82aceb7cb459ffca4b3afe51636,1179,2676,,,bytescale.mobbin.com,f7a1807c1ac98ccf0eecf5078d61346ac9a94ca37a547f5708d580528c9e55c0,/Users/user/mobbin-sides/screen-flows/apple-health/004-apple-health-setting-up-medical-id-153e8107-94e5-4917-8812-5907c4e8cbd9/006-258e2720-4562-4111-a6c2-15a0bc3b240c-downloadableSrc-94aec840ae1e.webp
153e8107-94e5-4917-8812-5907c4e8cbd9,Setting up medical ID,76436d76-126b-42ea-a287-9bb453f8d97f,Apple Health,9b150bfa-4e95-489c-9dc0-4af8396899bf,6,7,b936f416-d47b-43f2-87b5-76949df7cff8,true,downloadableSrc,200,image/webp,80490,80490,7a07794cf9d523f99e3b2e3b34e03282e58a9ea2bd502d5ebff38d7dc937a494,1179,2676,,,bytescale.mobbin.com,f7a1807c1ac98ccf0eecf5078d61346ac9a94ca37a547f5708d580528c9e55c0,/Users/user/mobbin-sides/screen-flows/apple-health/004-apple-health-setting-up-medical-id-153e8107-94e5-4917-8812-5907c4e8cbd9/007-b936f416-d47b-43f2-87b5-76949df7cff8-downloadableSrc-7a07794cf9d5.webp
153e8107-94e5-4917-8812-5907c4e8cbd9,Setting up medical ID,76436d76-126b-42ea-a287-9bb453f8d97f,Apple Health,9b150bfa-4e95-489c-9dc0-4af8396899bf,7,8,1479525a-75f2-4ccb-96be-16401790f39b,true,downloadableSrc,200,image/webp,65756,65756,e2da8f3d26709cd94415c205c3a1759b4718d11e09feee83ab697608001a505d,1179,2676,,,bytescale.mobbin.com,f7a1807c1ac98ccf0eecf5078d61346ac9a94ca37a547f5708d580528c9e55c0,/Users/user/mobbin-sides/screen-flows/apple-health/004-apple-health-setting-up-medical-id-153e8107-94e5-4917-8812-5907c4e8cbd9/008-1479525a-75f2-4ccb-96be-16401790f39b-downloadableSrc-e2da8f3d2670.webp
153e8107-94e5-4917-8812-5907c4e8cbd9,Setting up medical ID,76436d76-126b-42ea-a287-9bb453f8d97f,Apple Health,9b150bfa-4e95-489c-9dc0-4af8396899bf,8,9,28a851b4-8f4d-4502-bec1-b74d67a4f50c,true,downloadableSrc,200,image/webp,104184,104184,800ea146893b6f5ea34dddd58f1fae3f117a43f58e159dbd9760f73fa7160e1b,1179,2676,,,bytescale.mobbin.com,f7a1807c1ac98ccf0eecf5078d61346ac9a94ca37a547f5708d580528c9e55c0,/Users/user/mobbin-sides/screen-flows/apple-health/004-apple-health-setting-up-medical-id-153e8107-94e5-4917-8812-5907c4e8cbd9/009-28a851b4-8f4d-4502-bec1-b74d67a4f50c-downloadableSrc-800ea146893b.webp
e0ab1cce-e452-4b0b-a7d7-521168695e75,Adding a medication,76436d76-126b-42ea-a287-9bb453f8d97f,Apple Health,9b150bfa-4e95-489c-9dc0-4af8396899bf,0,1,b936f416-d47b-43f2-87b5-76949df7cff8,true,downloadableSrc,200,image/webp,80490,80490,7a07794cf9d523f99e3b2e3b34e03282e58a9ea2bd502d5ebff38d7dc937a494,1179,2676,,,bytescale.mobbin.com,f7a1807c1ac98ccf0eecf5078d61346ac9a94ca37a547f5708d580528c9e55c0,/Users/user/mobbin-sides/screen-flows/apple-health/005-apple-health-adding-a-medication-e0ab1cce-e452-4b0b-a7d7-521168695e75/001-b936f416-d47b-43f2-87b5-76949df7cff8-downloadableSrc-7a07794cf9d5.webp
e0ab1cce-e452-4b0b-a7d7-521168695e75,Adding a medication,76436d76-126b-42ea-a287-9bb453f8d97f,Apple Health,9b150bfa-4e95-489c-9dc0-4af8396899bf,1,2,ce44efd9-8246-476a-8838-23a24687a1c9,true,downloadableSrc,200,image/webp,36744,36744,e09c98117af434671f23f894dbffed0ad850ab8d4856b4d25ab0c92dc2314111,1179,2676,,,bytescale.mobbin.com,f7a1807c1ac98ccf0eecf5078d61346ac9a94ca37a547f5708d580528c9e55c0,/Users/user/mobbin-sides/screen-flows/apple-health/005-apple-health-adding-a-medication-e0ab1cce-e452-4b0b-a7d7-521168695e75/002-ce44efd9-8246-476a-8838-23a24687a1c9-downloadableSrc-e09c98117af4.webp
e0ab1cce-e452-4b0b-a7d7-521168695e75,Adding a medication,76436d76-126b-42ea-a287-9bb453f8d97f,Apple Health,9b150bfa-4e95-489c-9dc0-4af8396899bf,2,3,82f8b9f5-3bb5-4855-b8c8-7c52ec955bf8,true,downloadableSrc,200,image/webp,60376,60376,4d99e115f6b57d379daf8875a4a15a489f8962cd5628b662526fabc60ec8c398,1179,2676,,,bytescale.mobbin.com,f7a1807c1ac98ccf0eecf5078d61346ac9a94ca37a547f5708d580528c9e55c0,/Users/user/mobbin-sides/screen-flows/apple-health/005-apple-health-adding-a-medication-e0ab1cce-e452-4b0b-a7d7-521168695e75/003-82f8b9f5-3bb5-4855-b8c8-7c52ec955bf8-downloadableSrc-4d99e115f6b5.webp
e0ab1cce-e452-4b0b-a7d7-521168695e75,Adding a medication,76436d76-126b-42ea-a287-9bb453f8d97f,Apple Health,9b150bfa-4e95-489c-9dc0-4af8396899bf,3,4,1479525a-75f2-4ccb-96be-16401790f39b,true,downloadableSrc,200,image/webp,65756,65756,e2da8f3d26709cd94415c205c3a1759b4718d11e09feee83ab697608001a505d,1179,2676,,,bytescale.mobbin.com,f7a1807c1ac98ccf0eecf5078d61346ac9a94ca37a547f5708d580528c9e55c0,/Users/user/mobbin-sides/screen-flows/apple-health/005-apple-health-adding-a-medication-e0ab1cce-e452-4b0b-a7d7-521168695e75/004-1479525a-75f2-4ccb-96be-16401790f39b-downloadableSrc-e2da8f3d2670.webp
343bca9f-39da-4541-8c70-aa88c7a6f080,Deleting Medical ID,76436d76-126b-42ea-a287-9bb453f8d97f,Apple Health,9b150bfa-4e95-489c-9dc0-4af8396899bf,0,1,1479525a-75f2-4ccb-96be-16401790f39b,true,downloadableSrc,200,image/webp,65756,65756,e2da8f3d26709cd94415c205c3a1759b4718d11e09feee83ab697608001a505d,1179,2676,,,bytescale.mobbin.com,f7a1807c1ac98ccf0eecf5078d61346ac9a94ca37a547f5708d580528c9e55c0,/Users/user/mobbin-sides/screen-flows/apple-health/006-apple-health-deleting-medical-id-343bca9f-39da-4541-8c70-aa88c7a6f080/001-1479525a-75f2-4ccb-96be-16401790f39b-downloadableSrc-e2da8f3d2670.webp
343bca9f-39da-4541-8c70-aa88c7a6f080,Deleting Medical ID,76436d76-126b-42ea-a287-9bb453f8d97f,Apple Health,9b150bfa-4e95-489c-9dc0-4af8396899bf,1,2,5adbfbce-4f5e-4606-8498-370abd975552,true,downloadableSrc,200,image/webp,69998,69998,51ffbcc41bd55037875a8dea6e1957e7d584a739709c0076e1ffc799fb52afc7,1179,2676,,,bytescale.mobbin.com,f7a1807c1ac98ccf0eecf5078d61346ac9a94ca37a547f5708d580528c9e55c0,/Users/user/mobbin-sides/screen-flows/apple-health/006-apple-health-deleting-medical-id-343bca9f-39da-4541-8c70-aa88c7a6f080/002-5adbfbce-4f5e-4606-8498-370abd975552-downloadableSrc-51ffbcc41bd5.webp
343bca9f-39da-4541-8c70-aa88c7a6f080,Deleting Medical ID,76436d76-126b-42ea-a287-9bb453f8d97f,Apple Health,9b150bfa-4e95-489c-9dc0-4af8396899bf,2,3,279e4b09-dc07-499f-a408-7236afbba398,true,downloadableSrc,200,image/webp,47900,47900,e287c7eb11d3eac1e3d9a4b8a0c0c4e0deacc0bb9402345e6ad68e90ad7efdc1,1179,2676,,,bytescale.mobbin.com,f7a1807c1ac98ccf0eecf5078d61346ac9a94ca37a547f5708d580528c9e55c0,/Users/user/mobbin-sides/screen-flows/apple-health/006-apple-health-deleting-medical-id-343bca9f-39da-4541-8c70-aa88c7a6f080/003-279e4b09-dc07-499f-a408-7236afbba398-downloadableSrc-e287c7eb11d3.webp
5bccd175-8464-4fef-8958-87ab42b65074,Enabling a crash detection,76436d76-126b-42ea-a287-9bb453f8d97f,Apple Health,9b150bfa-4e95-489c-9dc0-4af8396899bf,0,1,0420e040-cdba-419e-a764-21d85beffdd5,true,downloadableSrc,200,image/webp,94142,94142,74a03b6e32153c7c1528bd7445c5d798b59cfb809d273a19e2cd04fcc1b93509,1179,2676,,,bytescale.mobbin.com,f7a1807c1ac98ccf0eecf5078d61346ac9a94ca37a547f5708d580528c9e55c0,/Users/user/mobbin-sides/screen-flows/apple-health/007-apple-health-enabling-a-crash-detection-5bccd175-8464-4fef-8958-87ab42b65074/001-0420e040-cdba-419e-a764-21d85beffdd5-downloadableSrc-74a03b6e3215.webp
5bccd175-8464-4fef-8958-87ab42b65074,Enabling a crash detection,76436d76-126b-42ea-a287-9bb453f8d97f,Apple Health,9b150bfa-4e95-489c-9dc0-4af8396899bf,1,2,f2f31d8d-f28e-4ae8-a5e8-4a3c582c3dcb,true,downloadableSrc,200,image/webp,69772,69772,d2591eb1005686c7430f076f43cf0ce0c6158516878f75cb83b8e0095e65bda5,1179,2676,,,bytescale.mobbin.com,f7a1807c1ac98ccf0eecf5078d61346ac9a94ca37a547f5708d580528c9e55c0,/Users/user/mobbin-sides/screen-flows/apple-health/007-apple-health-enabling-a-crash-detection-5bccd175-8464-4fef-8958-87ab42b65074/002-f2f31d8d-f28e-4ae8-a5e8-4a3c582c3dcb-downloadableSrc-d2591eb10056.webp
53f2e3a7-8949-45c3-8574-8a90ad99f70f,Setting up walking steadiness notifications,76436d76-126b-42ea-a287-9bb453f8d97f,Apple Health,9b150bfa-4e95-489c-9dc0-4af8396899bf,0,1,f66b5333-abee-485e-9945-d09f75fc84e8,true,downloadableSrc,200,image/webp,109708,109708,d807353cb89dcab82b190fc1ba21db558967cfaba49777b322924ac5a537d88e,1179,2676,,,bytescale.mobbin.com,f7a1807c1ac98ccf0eecf5078d61346ac9a94ca37a547f5708d580528c9e55c0,/Users/user/mobbin-sides/screen-flows/apple-health/008-apple-health-setting-up-walking-steadiness-notifications-53f2e3a7-8949-45c3-8574-8a90ad99f70f/001-f66b5333-abee-485e-9945-d09f75fc84e8-downloadableSrc-d807353cb89d.webp
53f2e3a7-8949-45c3-8574-8a90ad99f70f,Setting up walking steadiness notifications,76436d76-126b-42ea-a287-9bb453f8d97f,Apple Health,9b150bfa-4e95-489c-9dc0-4af8396899bf,1,2,eed95bc8-17cc-4853-858c-092623d93e0b,true,downloadableSrc,200,image/webp,82954,82954,89905f8c9237ec49808a81d8b431b6456ec52a546c9292aacb9594666206e33a,1179,2676,,,bytescale.mobbin.com,f7a1807c1ac98ccf0eecf5078d61346ac9a94ca37a547f5708d580528c9e55c0,/Users/user/mobbin-sides/screen-flows/apple-health/008-apple-health-setting-up-walking-steadiness-notifications-53f2e3a7-8949-45c3-8574-8a90ad99f70f/002-eed95bc8-17cc-4853-858c-092623d93e0b-downloadableSrc-89905f8c9237.webp
53f2e3a7-8949-45c3-8574-8a90ad99f70f,Setting up walking steadiness notifications,76436d76-126b-42ea-a287-9bb453f8d97f,Apple Health,9b150bfa-4e95-489c-9dc0-4af8396899bf,2,3,617e3330-fa2d-4bfd-bff2-0a65dc3fd5a1,true,downloadableSrc,200,image/webp,86760,86760,de7943821af114fddd94d5ffb4a6eb6d4877d4025d3f5a8f2dc71a85ebed6415,1179,2676,,,bytescale.mobbin.com,f7a1807c1ac98ccf0eecf5078d61346ac9a94ca37a547f5708d580528c9e55c0,/Users/user/mobbin-sides/screen-flows/apple-health/008-apple-health-setting-up-walking-steadiness-notifications-53f2e3a7-8949-45c3-8574-8a90ad99f70f/003-617e3330-fa2d-4bfd-bff2-0a65dc3fd5a1-downloadableSrc-de7943821af1.webp
53f2e3a7-8949-45c3-8574-8a90ad99f70f,Setting up walking steadiness notifications,76436d76-126b-42ea-a287-9bb453f8d97f,Apple Health,9b150bfa-4e95-489c-9dc0-4af8396899bf,3,4,3926d3e9-9528-41fd-908c-cf44345bbdc9,true,downloadableSrc,200,image/webp,91018,91018,d0d3609310fb82871e444edf43cca6c884a2bf3705adc2560b8bfcb75702455c,1179,2676,,,bytescale.mobbin.com,f7a1807c1ac98ccf0eecf5078d61346ac9a94ca37a547f5708d580528c9e55c0,/Users/user/mobbin-sides/screen-flows/apple-health/008-apple-health-setting-up-walking-steadiness-notifications-53f2e3a7-8949-45c3-8574-8a90ad99f70f/004-3926d3e9-9528-41fd-908c-cf44345bbdc9-downloadableSrc-d0d3609310fb.webp
53f2e3a7-8949-45c3-8574-8a90ad99f70f,Setting up walking steadiness notifications,76436d76-126b-42ea-a287-9bb453f8d97f,Apple Health,9b150bfa-4e95-489c-9dc0-4af8396899bf,4,5,5ab21fde-8f0b-48ff-a688-98ec270680c2,true,downloadableSrc,200,image/webp,114900,114900,28f551b1b43b7a8db71da668266af1f018d5b17bb52dfae0c3e268f531121790,1179,2676,,,bytescale.mobbin.com,f7a1807c1ac98ccf0eecf5078d61346ac9a94ca37a547f5708d580528c9e55c0,/Users/user/mobbin-sides/screen-flows/apple-health/008-apple-health-setting-up-walking-steadiness-notifications-53f2e3a7-8949-45c3-8574-8a90ad99f70f/005-5ab21fde-8f0b-48ff-a688-98ec270680c2-downloadableSrc-28f551b1b43b.webp
53f2e3a7-8949-45c3-8574-8a90ad99f70f,Setting up walking steadiness notifications,76436d76-126b-42ea-a287-9bb453f8d97f,Apple Health,9b150bfa-4e95-489c-9dc0-4af8396899bf,5,6,1f6cbdd2-b844-4020-b1ac-e0ae08004d61,true,downloadableSrc,200,image/webp,62816,62816,61e40cb890873c59bc58667ab9100e4279366218237647b8f49072744c145dca,1179,2676,,,bytescale.mobbin.com,f7a1807c1ac98ccf0eecf5078d61346ac9a94ca37a547f5708d580528c9e55c0,/Users/user/mobbin-sides/screen-flows/apple-health/008-apple-health-setting-up-walking-steadiness-notifications-53f2e3a7-8949-45c3-8574-8a90ad99f70f/006-1f6cbdd2-b844-4020-b1ac-e0ae08004d61-downloadableSrc-61e40cb89087.webp
53f2e3a7-8949-45c3-8574-8a90ad99f70f,Setting up walking steadiness notifications,76436d76-126b-42ea-a287-9bb453f8d97f,Apple Health,9b150bfa-4e95-489c-9dc0-4af8396899bf,6,7,d74fa8db-6732-4c21-899f-cb2d5c328c01,true,downloadableSrc,200,image/webp,84208,84208,24deb7c73583ea0facce7b6c0d71f6b12ef3018cce1267551ef4650918b05ecb,1179,2676,,,bytescale.mobbin.com,f7a1807c1ac98ccf0eecf5078d61346ac9a94ca37a547f5708d580528c9e55c0,/Users/user/mobbin-sides/screen-flows/apple-health/008-apple-health-setting-up-walking-steadiness-notifications-53f2e3a7-8949-45c3-8574-8a90ad99f70f/007-d74fa8db-6732-4c21-899f-cb2d5c328c01-downloadableSrc-24deb7c73583.webp
53f2e3a7-8949-45c3-8574-8a90ad99f70f,Setting up walking steadiness notifications,76436d76-126b-42ea-a287-9bb453f8d97f,Apple Health,9b150bfa-4e95-489c-9dc0-4af8396899bf,7,8,b4a7b727-30aa-4d67-97b5-4a210ecee805,true,downloadableSrc,200,image/webp,115252,115252,3bdb82274c01cfda9f095e542b7cace8d97f3a88226ed0ef41f52646c22363d3,1179,2676,,,bytescale.mobbin.com,f7a1807c1ac98ccf0eecf5078d61346ac9a94ca37a547f5708d580528c9e55c0,/Users/user/mobbin-sides/screen-flows/apple-health/008-apple-health-setting-up-walking-steadiness-notifications-53f2e3a7-8949-45c3-8574-8a90ad99f70f/008-b4a7b727-30aa-4d67-97b5-4a210ecee805-downloadableSrc-3bdb82274c01.webp
a1329db0-9725-4444-8798-216c201e5561,Emergency SOS,76436d76-126b-42ea-a287-9bb453f8d97f,Apple Health,9b150bfa-4e95-489c-9dc0-4af8396899bf,0,1,f66b5333-abee-485e-9945-d09f75fc84e8,true,downloadableSrc,200,image/webp,109708,109708,d807353cb89dcab82b190fc1ba21db558967cfaba49777b322924ac5a537d88e,1179,2676,,,bytescale.mobbin.com,f7a1807c1ac98ccf0eecf5078d61346ac9a94ca37a547f5708d580528c9e55c0,/Users/user/mobbin-sides/screen-flows/apple-health/009-apple-health-emergency-sos-a1329db0-9725-4444-8798-216c201e5561/001-f66b5333-abee-485e-9945-d09f75fc84e8-downloadableSrc-d807353cb89d.webp
a1329db0-9725-4444-8798-216c201e5561,Emergency SOS,76436d76-126b-42ea-a287-9bb453f8d97f,Apple Health,9b150bfa-4e95-489c-9dc0-4af8396899bf,1,2,a554b135-9deb-43d5-98b6-9bf5b25ac3fd,true,downloadableSrc,200,image/webp,101030,101030,0fb2f4071859662c5b0ed23bfbe9fefccd35a3f994c810f53392e7b615b9b086,1179,2676,,,bytescale.mobbin.com,f7a1807c1ac98ccf0eecf5078d61346ac9a94ca37a547f5708d580528c9e55c0,/Users/user/mobbin-sides/screen-flows/apple-health/009-apple-health-emergency-sos-a1329db0-9725-4444-8798-216c201e5561/002-a554b135-9deb-43d5-98b6-9bf5b25ac3fd-downloadableSrc-0fb2f4071859.webp
a1329db0-9725-4444-8798-216c201e5561,Emergency SOS,76436d76-126b-42ea-a287-9bb453f8d97f,Apple Health,9b150bfa-4e95-489c-9dc0-4af8396899bf,2,3,01dc3f0e-c0f5-4c0d-ab4b-5ba0ddbecafb,true,downloadableSrc,200,image/webp,125450,125450,7bde906859d721ad08b85a3cd5ae240ce698977ade961b3c6cd2203428d5e042,1179,2676,,,bytescale.mobbin.com,f7a1807c1ac98ccf0eecf5078d61346ac9a94ca37a547f5708d580528c9e55c0,/Users/user/mobbin-sides/screen-flows/apple-health/009-apple-health-emergency-sos-a1329db0-9725-4444-8798-216c201e5561/003-01dc3f0e-c0f5-4c0d-ab4b-5ba0ddbecafb-downloadableSrc-7bde906859d7.webp
6710907a-2d83-4c39-9fa6-99b4cbea0813,Adding an emergency contact,76436d76-126b-42ea-a287-9bb453f8d97f,Apple Health,9b150bfa-4e95-489c-9dc0-4af8396899bf,0,1,01dc3f0e-c0f5-4c0d-ab4b-5ba0ddbecafb,true,downloadableSrc,200,image/webp,125450,125450,7bde906859d721ad08b85a3cd5ae240ce698977ade961b3c6cd2203428d5e042,1179,2676,,,bytescale.mobbin.com,f7a1807c1ac98ccf0eecf5078d61346ac9a94ca37a547f5708d580528c9e55c0,/Users/user/mobbin-sides/screen-flows/apple-health/010-apple-health-adding-an-emergency-contact-6710907a-2d83-4c39-9fa6-99b4cbea0813/001-01dc3f0e-c0f5-4c0d-ab4b-5ba0ddbecafb-downloadableSrc-7bde906859d7.webp
6710907a-2d83-4c39-9fa6-99b4cbea0813,Adding an emergency contact,76436d76-126b-42ea-a287-9bb453f8d97f,Apple Health,9b150bfa-4e95-489c-9dc0-4af8396899bf,1,2,fdb96163-d9dc-43ce-8422-54c53ae4892f,true,downloadableSrc,200,image/webp,55942,55942,17e3b3c26c09a518de32dbb31a1a19846f846e1b76376120362fd4726ccc9506,1179,2676,,,bytescale.mobbin.com,f7a1807c1ac98ccf0eecf5078d61346ac9a94ca37a547f5708d580528c9e55c0,/Users/user/mobbin-sides/screen-flows/apple-health/010-apple-health-adding-an-emergency-contact-6710907a-2d83-4c39-9fa6-99b4cbea0813/002-fdb96163-d9dc-43ce-8422-54c53ae4892f-downloadableSrc-17e3b3c26c09.webp
6710907a-2d83-4c39-9fa6-99b4cbea0813,Adding an emergency contact,76436d76-126b-42ea-a287-9bb453f8d97f,Apple Health,9b150bfa-4e95-489c-9dc0-4af8396899bf,2,3,7529ee13-cdd4-4945-8d9f-0904ae6571f0,true,downloadableSrc,200,image/webp,31556,31556,d91bb744db6fbbfa494b825e2bf3a86de88e8de325c11eef304743b427f3d03d,1179,2676,,,bytescale.mobbin.com,f7a1807c1ac98ccf0eecf5078d61346ac9a94ca37a547f5708d580528c9e55c0,/Users/user/mobbin-sides/screen-flows/apple-health/010-apple-health-adding-an-emergency-contact-6710907a-2d83-4c39-9fa6-99b4cbea0813/003-7529ee13-cdd4-4945-8d9f-0904ae6571f0-downloadableSrc-d91bb744db6f.webp
6710907a-2d83-4c39-9fa6-99b4cbea0813,Adding an emergency contact,76436d76-126b-42ea-a287-9bb453f8d97f,Apple Health,9b150bfa-4e95-489c-9dc0-4af8396899bf,3,4,c437b324-a177-4e72-b7d8-f565713e6362,true,downloadableSrc,200,image/webp,37704,37704,0886e104209e678a58100da5af4966e592901da1ed0dd98d4b6229ff25414d4c,1179,2676,,,bytescale.mobbin.com,f7a1807c1ac98ccf0eecf5078d61346ac9a94ca37a547f5708d580528c9e55c0,/Users/user/mobbin-sides/screen-flows/apple-health/010-apple-health-adding-an-emergency-contact-6710907a-2d83-4c39-9fa6-99b4cbea0813/004-c437b324-a177-4e72-b7d8-f565713e6362-downloadableSrc-0886e104209e.webp
6710907a-2d83-4c39-9fa6-99b4cbea0813,Adding an emergency contact,76436d76-126b-42ea-a287-9bb453f8d97f,Apple Health,9b150bfa-4e95-489c-9dc0-4af8396899bf,4,5,ec7b4e98-dcc7-41c8-a259-1b7fe98dceb9,true,downloadableSrc,200,image/webp,61660,61660,af2c28943f9a02ff248a67a21639d4bcf25c09e3a8b7501a686505ffd50152c2,1179,2676,,,bytescale.mobbin.com,f7a1807c1ac98ccf0eecf5078d61346ac9a94ca37a547f5708d580528c9e55c0,/Users/user/mobbin-sides/screen-flows/apple-health/010-apple-health-adding-an-emergency-contact-6710907a-2d83-4c39-9fa6-99b4cbea0813/005-ec7b4e98-dcc7-41c8-a259-1b7fe98dceb9-downloadableSrc-af2c28943f9a.webp
6710907a-2d83-4c39-9fa6-99b4cbea0813,Adding an emergency contact,76436d76-126b-42ea-a287-9bb453f8d97f,Apple Health,9b150bfa-4e95-489c-9dc0-4af8396899bf,5,6,d58e7877-3f43-4494-b1ca-61e48828a5e1,true,downloadableSrc,200,image/webp,129154,129154,e71ba4a3c6aeefd1e41c38199e32c12acdad0f62dd6881918829e1749c690049,1179,2676,,,bytescale.mobbin.com,f7a1807c1ac98ccf0eecf5078d61346ac9a94ca37a547f5708d580528c9e55c0,/Users/user/mobbin-sides/screen-flows/apple-health/010-apple-health-adding-an-emergency-contact-6710907a-2d83-4c39-9fa6-99b4cbea0813/006-d58e7877-3f43-4494-b1ca-61e48828a5e1-downloadableSrc-e71ba4a3c6ae.webp
dfd9da7c-b0a2-4deb-871c-e8c7df224db8,Steps,76436d76-126b-42ea-a287-9bb453f8d97f,Apple Health,9b150bfa-4e95-489c-9dc0-4af8396899bf,0,1,1a54ec87-6f51-416b-977b-663a1e7a2684,true,downloadableSrc,200,image/webp,90768,90768,6317370ac2c1faa97350190f51cd0356806ebc9b6ed6d39be0fe6480273eb872,1179,2676,,,bytescale.mobbin.com,f7a1807c1ac98ccf0eecf5078d61346ac9a94ca37a547f5708d580528c9e55c0,/Users/user/mobbin-sides/screen-flows/apple-health/011-apple-health-steps-dfd9da7c-b0a2-4deb-871c-e8c7df224db8/001-1a54ec87-6f51-416b-977b-663a1e7a2684-downloadableSrc-6317370ac2c1.webp
dfd9da7c-b0a2-4deb-871c-e8c7df224db8,Steps,76436d76-126b-42ea-a287-9bb453f8d97f,Apple Health,9b150bfa-4e95-489c-9dc0-4af8396899bf,1,2,1fc68a4e-8b4f-4fbe-82f8-25a5619d5d7a,true,downloadableSrc,200,image/webp,106410,106410,fc1eb31c01e0d4ea818780e7294870e0fe8c382fdfea32145eb5094f3d4ba983,1179,2676,,,bytescale.mobbin.com,f7a1807c1ac98ccf0eecf5078d61346ac9a94ca37a547f5708d580528c9e55c0,/Users/user/mobbin-sides/screen-flows/apple-health/011-apple-health-steps-dfd9da7c-b0a2-4deb-871c-e8c7df224db8/002-1fc68a4e-8b4f-4fbe-82f8-25a5619d5d7a-downloadableSrc-fc1eb31c01e0.webp
dfd9da7c-b0a2-4deb-871c-e8c7df224db8,Steps,76436d76-126b-42ea-a287-9bb453f8d97f,Apple Health,9b150bfa-4e95-489c-9dc0-4af8396899bf,2,3,92cf868c-3d1c-434b-aba1-ea52a196e03a,true,downloadableSrc,200,image/webp,72658,72658,feb37404f8bed9bbc7d5c135c8a2d2e4f3793cc013150300dd49587b1e825d7b,1179,2676,,,bytescale.mobbin.com,f7a1807c1ac98ccf0eecf5078d61346ac9a94ca37a547f5708d580528c9e55c0,/Users/user/mobbin-sides/screen-flows/apple-health/011-apple-health-steps-dfd9da7c-b0a2-4deb-871c-e8c7df224db8/003-92cf868c-3d1c-434b-aba1-ea52a196e03a-downloadableSrc-feb37404f8be.webp
dfd9da7c-b0a2-4deb-871c-e8c7df224db8,Steps,76436d76-126b-42ea-a287-9bb453f8d97f,Apple Health,9b150bfa-4e95-489c-9dc0-4af8396899bf,3,4,51dd8941-0326-4b0d-8f48-b5fbbcdd3539,true,downloadableSrc,200,image/webp,71738,71738,3b4f0942322698dd2c94f06442b3713f60a7baf577599e62dcc8028243772723,1179,2676,,,bytescale.mobbin.com,f7a1807c1ac98ccf0eecf5078d61346ac9a94ca37a547f5708d580528c9e55c0,/Users/user/mobbin-sides/screen-flows/apple-health/011-apple-health-steps-dfd9da7c-b0a2-4deb-871c-e8c7df224db8/004-51dd8941-0326-4b0d-8f48-b5fbbcdd3539-downloadableSrc-3b4f09423226.webp
dfd9da7c-b0a2-4deb-871c-e8c7df224db8,Steps,76436d76-126b-42ea-a287-9bb453f8d97f,Apple Health,9b150bfa-4e95-489c-9dc0-4af8396899bf,4,5,c6701e04-13cd-40ee-825f-e98a516ff86d,true,downloadableSrc,200,image/webp,69444,69444,30385ce68b84202b2208aa5fbda3a7b6eaa7088114dd653844b141c94faa6e6c,1179,2676,,,bytescale.mobbin.com,f7a1807c1ac98ccf0eecf5078d61346ac9a94ca37a547f5708d580528c9e55c0,/Users/user/mobbin-sides/screen-flows/apple-health/011-apple-health-steps-dfd9da7c-b0a2-4deb-871c-e8c7df224db8/005-c6701e04-13cd-40ee-825f-e98a516ff86d-downloadableSrc-30385ce68b84.webp
dfd9da7c-b0a2-4deb-871c-e8c7df224db8,Steps,76436d76-126b-42ea-a287-9bb453f8d97f,Apple Health,9b150bfa-4e95-489c-9dc0-4af8396899bf,5,6,c6ca7d72-fbbb-4d54-9e1a-465e58360ccb,true,downloadableSrc,200,image/webp,118448,118448,81c5d772ebe4bddb79a0ffda574894e4cb52deee98af3e7b95aa95d0a09868c1,1179,2676,,,bytescale.mobbin.com,f7a1807c1ac98ccf0eecf5078d61346ac9a94ca37a547f5708d580528c9e55c0,/Users/user/mobbin-sides/screen-flows/apple-health/011-apple-health-steps-dfd9da7c-b0a2-4deb-871c-e8c7df224db8/006-c6ca7d72-fbbb-4d54-9e1a-465e58360ccb-downloadableSrc-81c5d772ebe4.webp
dfd9da7c-b0a2-4deb-871c-e8c7df224db8,Steps,76436d76-126b-42ea-a287-9bb453f8d97f,Apple Health,9b150bfa-4e95-489c-9dc0-4af8396899bf,6,7,77d0dbdf-48c0-40a2-a52f-fcb0cf0ef002,true,downloadableSrc,200,image/webp,138236,138236,5bc78458851d5e94f1831599c233321dee1e258998d8d7f20034562f6968abe2,1179,2676,,,bytescale.mobbin.com,f7a1807c1ac98ccf0eecf5078d61346ac9a94ca37a547f5708d580528c9e55c0,/Users/user/mobbin-sides/screen-flows/apple-health/011-apple-health-steps-dfd9da7c-b0a2-4deb-871c-e8c7df224db8/007-77d0dbdf-48c0-40a2-a52f-fcb0cf0ef002-downloadableSrc-5bc78458851d.webp
dfd9da7c-b0a2-4deb-871c-e8c7df224db8,Steps,76436d76-126b-42ea-a287-9bb453f8d97f,Apple Health,9b150bfa-4e95-489c-9dc0-4af8396899bf,7,8,7f25274b-ad40-4686-9bad-1ecda5123680,true,downloadableSrc,200,image/webp,93272,93272,6d12ded6d332b5d2e2e076185ad9ca4c9367e576095c7f0b36c9c203ff3de1ff,1179,2676,,,bytescale.mobbin.com,f7a1807c1ac98ccf0eecf5078d61346ac9a94ca37a547f5708d580528c9e55c0,/Users/user/mobbin-sides/screen-flows/apple-health/011-apple-health-steps-dfd9da7c-b0a2-4deb-871c-e8c7df224db8/008-7f25274b-ad40-4686-9bad-1ecda5123680-downloadableSrc-6d12ded6d332.webp
e7cc0a3f-5548-4703-8a10-ee6589869320,Headphone audio levels highlights highlights,76436d76-126b-42ea-a287-9bb453f8d97f,Apple Health,9b150bfa-4e95-489c-9dc0-4af8396899bf,0,1,ee42f048-62bf-4c45-af1c-9d4613c4398e,true,downloadableSrc,200,image/webp,117776,117776,845c0e93119a3bcff6449bb69805cfb3a535945328f468f8dd21d7890e241e7c,1179,2676,,,bytescale.mobbin.com,f7a1807c1ac98ccf0eecf5078d61346ac9a94ca37a547f5708d580528c9e55c0,/Users/user/mobbin-sides/screen-flows/apple-health/012-apple-health-headphone-audio-levels-highlights-highlights-e7cc0a3f-5548-4703-8a10-ee6589869320/001-ee42f048-62bf-4c45-af1c-9d4613c4398e-downloadableSrc-845c0e93119a.webp
e7cc0a3f-5548-4703-8a10-ee6589869320,Headphone audio levels highlights highlights,76436d76-126b-42ea-a287-9bb453f8d97f,Apple Health,9b150bfa-4e95-489c-9dc0-4af8396899bf,1,2,f3fcb013-2d89-4968-8d17-96e1066f54bf,true,downloadableSrc,200,image/webp,43920,43920,79362ae0ca5f359215df8d824bf4cdbfd08223f2d82e56372a13ce8567c8c9ff,1179,2676,,,bytescale.mobbin.com,f7a1807c1ac98ccf0eecf5078d61346ac9a94ca37a547f5708d580528c9e55c0,/Users/user/mobbin-sides/screen-flows/apple-health/012-apple-health-headphone-audio-levels-highlights-highlights-e7cc0a3f-5548-4703-8a10-ee6589869320/002-f3fcb013-2d89-4968-8d17-96e1066f54bf-downloadableSrc-79362ae0ca5f.webp
e7cc0a3f-5548-4703-8a10-ee6589869320,Headphone audio levels highlights highlights,76436d76-126b-42ea-a287-9bb453f8d97f,Apple Health,9b150bfa-4e95-489c-9dc0-4af8396899bf,2,3,094be65b-8b8a-40a8-ac25-f4c4802ee1cd,true,downloadableSrc,200,image/webp,58788,58788,70066cc312a53f223e29b84bf02d40eda048e6854bce2eec347b6aad232c774a,1179,2676,,,bytescale.mobbin.com,f7a1807c1ac98ccf0eecf5078d61346ac9a94ca37a547f5708d580528c9e55c0,/Users/user/mobbin-sides/screen-flows/apple-health/012-apple-health-headphone-audio-levels-highlights-highlights-e7cc0a3f-5548-4703-8a10-ee6589869320/003-094be65b-8b8a-40a8-ac25-f4c4802ee1cd-downloadableSrc-70066cc312a5.webp
cc07ce80-8ace-42b4-a1fe-aadc01c7d4c8,Pinning to summary,76436d76-126b-42ea-a287-9bb453f8d97f,Apple Health,9b150bfa-4e95-489c-9dc0-4af8396899bf,0,1,7f25274b-ad40-4686-9bad-1ecda5123680,true,downloadableSrc,200,image/webp,93272,93272,6d12ded6d332b5d2e2e076185ad9ca4c9367e576095c7f0b36c9c203ff3de1ff,1179,2676,,,bytescale.mobbin.com,f7a1807c1ac98ccf0eecf5078d61346ac9a94ca37a547f5708d580528c9e55c0,/Users/user/mobbin-sides/screen-flows/apple-health/013-apple-health-pinning-to-summary-cc07ce80-8ace-42b4-a1fe-aadc01c7d4c8/001-7f25274b-ad40-4686-9bad-1ecda5123680-downloadableSrc-6d12ded6d332.webp
cc07ce80-8ace-42b4-a1fe-aadc01c7d4c8,Pinning to summary,76436d76-126b-42ea-a287-9bb453f8d97f,Apple Health,9b150bfa-4e95-489c-9dc0-4af8396899bf,1,2,a3387a36-ad5c-4c6f-8579-d8961421fadb,true,downloadableSrc,200,image/webp,92386,92386,629796ba5519ccc71e476fd5ca41733360114d0b1928a1fa1782ca7b1699b438,1179,2676,,,bytescale.mobbin.com,f7a1807c1ac98ccf0eecf5078d61346ac9a94ca37a547f5708d580528c9e55c0,/Users/user/mobbin-sides/screen-flows/apple-health/013-apple-health-pinning-to-summary-cc07ce80-8ace-42b4-a1fe-aadc01c7d4c8/002-a3387a36-ad5c-4c6f-8579-d8961421fadb-downloadableSrc-629796ba5519.webp
14db733b-3f6c-496d-acf7-07984cdb8536,Recorded data details,76436d76-126b-42ea-a287-9bb453f8d97f,Apple Health,9b150bfa-4e95-489c-9dc0-4af8396899bf,0,1,7f25274b-ad40-4686-9bad-1ecda5123680,true,downloadableSrc,200,image/webp,93272,93272,6d12ded6d332b5d2e2e076185ad9ca4c9367e576095c7f0b36c9c203ff3de1ff,1179,2676,,,bytescale.mobbin.com,f7a1807c1ac98ccf0eecf5078d61346ac9a94ca37a547f5708d580528c9e55c0,/Users/user/mobbin-sides/screen-flows/apple-health/014-apple-health-recorded-data-details-14db733b-3f6c-496d-acf7-07984cdb8536/001-7f25274b-ad40-4686-9bad-1ecda5123680-downloadableSrc-6d12ded6d332.webp
14db733b-3f6c-496d-acf7-07984cdb8536,Recorded data details,76436d76-126b-42ea-a287-9bb453f8d97f,Apple Health,9b150bfa-4e95-489c-9dc0-4af8396899bf,1,2,584b8a83-d3e7-441b-8a6d-ba1d951cc4fe,true,downloadableSrc,200,image/webp,60734,60734,0822c1adf41517cec8447e7f38a977fdb5ceeeb4f311ae990f3908ccfbca46a0,1179,2676,,,bytescale.mobbin.com,f7a1807c1ac98ccf0eecf5078d61346ac9a94ca37a547f5708d580528c9e55c0,/Users/user/mobbin-sides/screen-flows/apple-health/014-apple-health-recorded-data-details-14db733b-3f6c-496d-acf7-07984cdb8536/002-584b8a83-d3e7-441b-8a6d-ba1d951cc4fe-downloadableSrc-0822c1adf415.webp
14db733b-3f6c-496d-acf7-07984cdb8536,Recorded data details,76436d76-126b-42ea-a287-9bb453f8d97f,Apple Health,9b150bfa-4e95-489c-9dc0-4af8396899bf,2,3,b160a220-692c-43e5-8c42-ae78ae61aaed,true,downloadableSrc,200,image/webp,32960,32960,a02552444cc3fbd5093757ddc0c70374cea7e4e42f14ca5c869df7f8c75444cc,1179,2676,,,bytescale.mobbin.com,f7a1807c1ac98ccf0eecf5078d61346ac9a94ca37a547f5708d580528c9e55c0,/Users/user/mobbin-sides/screen-flows/apple-health/014-apple-health-recorded-data-details-14db733b-3f6c-496d-acf7-07984cdb8536/003-b160a220-692c-43e5-8c42-ae78ae61aaed-downloadableSrc-a02552444cc3.webp
14db733b-3f6c-496d-acf7-07984cdb8536,Recorded data details,76436d76-126b-42ea-a287-9bb453f8d97f,Apple Health,9b150bfa-4e95-489c-9dc0-4af8396899bf,3,4,855294e9-fefb-492f-8073-40ef6e26d351,true,downloadableSrc,200,image/webp,49930,49930,a8d547a4f070347e791fea7b48ada3bd269109822b84764f649025f1a016cea9,1179,2676,,,bytescale.mobbin.com,f7a1807c1ac98ccf0eecf5078d61346ac9a94ca37a547f5708d580528c9e55c0,/Users/user/mobbin-sides/screen-flows/apple-health/014-apple-health-recorded-data-details-14db733b-3f6c-496d-acf7-07984cdb8536/004-855294e9-fefb-492f-8073-40ef6e26d351-downloadableSrc-a8d547a4f070.webp
33718491-d419-47aa-b464-d692849f701c,Deleting a recorded data,76436d76-126b-42ea-a287-9bb453f8d97f,Apple Health,9b150bfa-4e95-489c-9dc0-4af8396899bf,0,1,b160a220-692c-43e5-8c42-ae78ae61aaed,true,downloadableSrc,200,image/webp,32960,32960,a02552444cc3fbd5093757ddc0c70374cea7e4e42f14ca5c869df7f8c75444cc,1179,2676,,,bytescale.mobbin.com,f7a1807c1ac98ccf0eecf5078d61346ac9a94ca37a547f5708d580528c9e55c0,/Users/user/mobbin-sides/screen-flows/apple-health/015-apple-health-deleting-a-recorded-data-33718491-d419-47aa-b464-d692849f701c/001-b160a220-692c-43e5-8c42-ae78ae61aaed-downloadableSrc-a02552444cc3.webp
33718491-d419-47aa-b464-d692849f701c,Deleting a recorded data,76436d76-126b-42ea-a287-9bb453f8d97f,Apple Health,9b150bfa-4e95-489c-9dc0-4af8396899bf,1,2,c7648d31-c869-4a5a-b037-f6302eaec7d7,true,downloadableSrc,200,image/webp,34882,34882,e23a013ba5de5b181eea9baae61759b6e9b2de6d47571b5d157c95e452d57c8c,1179,2676,,,bytescale.mobbin.com,f7a1807c1ac98ccf0eecf5078d61346ac9a94ca37a547f5708d580528c9e55c0,/Users/user/mobbin-sides/screen-flows/apple-health/015-apple-health-deleting-a-recorded-data-33718491-d419-47aa-b464-d692849f701c/002-c7648d31-c869-4a5a-b037-f6302eaec7d7-downloadableSrc-e23a013ba5de.webp
33718491-d419-47aa-b464-d692849f701c,Deleting a recorded data,76436d76-126b-42ea-a287-9bb453f8d97f,Apple Health,9b150bfa-4e95-489c-9dc0-4af8396899bf,2,3,67e38df3-53c7-4749-8057-04be76d5be6d,true,downloadableSrc,200,image/webp,36076,36076,01c99b18e3efa4201fc6b8ab71ea52e42afab93aca117b745de5b3bdb111531c,1179,2676,,,bytescale.mobbin.com,f7a1807c1ac98ccf0eecf5078d61346ac9a94ca37a547f5708d580528c9e55c0,/Users/user/mobbin-sides/screen-flows/apple-health/015-apple-health-deleting-a-recorded-data-33718491-d419-47aa-b464-d692849f701c/003-67e38df3-53c7-4749-8057-04be76d5be6d-downloadableSrc-01c99b18e3ef.webp
33718491-d419-47aa-b464-d692849f701c,Deleting a recorded data,76436d76-126b-42ea-a287-9bb453f8d97f,Apple Health,9b150bfa-4e95-489c-9dc0-4af8396899bf,3,4,5a1f2a4d-47c4-4f06-b255-b4217812fdff,true,downloadableSrc,200,image/webp,28198,28198,233905a1e71ee79abe340092f7de3353b9ef2cdf02ebe723585b0848628b41bb,1179,2676,,,bytescale.mobbin.com,f7a1807c1ac98ccf0eecf5078d61346ac9a94ca37a547f5708d580528c9e55c0,/Users/user/mobbin-sides/screen-flows/apple-health/015-apple-health-deleting-a-recorded-data-33718491-d419-47aa-b464-d692849f701c/004-5a1f2a4d-47c4-4f06-b255-b4217812fdff-downloadableSrc-233905a1e71e.webp
e19317bd-987a-4ace-bd7d-42048e3786b1,Data sources & access,76436d76-126b-42ea-a287-9bb453f8d97f,Apple Health,9b150bfa-4e95-489c-9dc0-4af8396899bf,0,1,7f25274b-ad40-4686-9bad-1ecda5123680,true,downloadableSrc,200,image/webp,93272,93272,6d12ded6d332b5d2e2e076185ad9ca4c9367e576095c7f0b36c9c203ff3de1ff,1179,2676,,,bytescale.mobbin.com,f7a1807c1ac98ccf0eecf5078d61346ac9a94ca37a547f5708d580528c9e55c0,/Users/user/mobbin-sides/screen-flows/apple-health/016-apple-health-data-sources-and-access-e19317bd-987a-4ace-bd7d-42048e3786b1/001-7f25274b-ad40-4686-9bad-1ecda5123680-downloadableSrc-6d12ded6d332.webp
e19317bd-987a-4ace-bd7d-42048e3786b1,Data sources & access,76436d76-126b-42ea-a287-9bb453f8d97f,Apple Health,9b150bfa-4e95-489c-9dc0-4af8396899bf,1,2,ba75ff57-2c2d-4179-bc71-b93e901118fe,true,downloadableSrc,200,image/webp,91036,91036,3233ee153873cabe7da9e48f3488ef2a4f839031de11edcc993215a5bf6f395c,1179,2676,,,bytescale.mobbin.com,f7a1807c1ac98ccf0eecf5078d61346ac9a94ca37a547f5708d580528c9e55c0,/Users/user/mobbin-sides/screen-flows/apple-health/016-apple-health-data-sources-and-access-e19317bd-987a-4ace-bd7d-42048e3786b1/002-ba75ff57-2c2d-4179-bc71-b93e901118fe-downloadableSrc-3233ee153873.webp
e19317bd-987a-4ace-bd7d-42048e3786b1,Data sources & access,76436d76-126b-42ea-a287-9bb453f8d97f,Apple Health,9b150bfa-4e95-489c-9dc0-4af8396899bf,2,3,f6b67179-bcf8-4b31-aaad-62cc10766de7,true,downloadableSrc,200,image/webp,101906,101906,853fcff46e98ae1e13e4099c7297971a8145e61c889c51cf2ae0bd910bde8a65,1179,2676,,,bytescale.mobbin.com,f7a1807c1ac98ccf0eecf5078d61346ac9a94ca37a547f5708d580528c9e55c0,/Users/user/mobbin-sides/screen-flows/apple-health/016-apple-health-data-sources-and-access-e19317bd-987a-4ace-bd7d-42048e3786b1/003-f6b67179-bcf8-4b31-aaad-62cc10766de7-downloadableSrc-853fcff46e98.webp
34587752-9833-4532-b1b6-ece70591aa12,Adding steps,76436d76-126b-42ea-a287-9bb453f8d97f,Apple Health,9b150bfa-4e95-489c-9dc0-4af8396899bf,0,1,1fc68a4e-8b4f-4fbe-82f8-25a5619d5d7a,true,downloadableSrc,200,image/webp,106410,106410,fc1eb31c01e0d4ea818780e7294870e0fe8c382fdfea32145eb5094f3d4ba983,1179,2676,,,bytescale.mobbin.com,f7a1807c1ac98ccf0eecf5078d61346ac9a94ca37a547f5708d580528c9e55c0,/Users/user/mobbin-sides/screen-flows/apple-health/017-apple-health-adding-steps-34587752-9833-4532-b1b6-ece70591aa12/001-1fc68a4e-8b4f-4fbe-82f8-25a5619d5d7a-downloadableSrc-fc1eb31c01e0.webp
34587752-9833-4532-b1b6-ece70591aa12,Adding steps,76436d76-126b-42ea-a287-9bb453f8d97f,Apple Health,9b150bfa-4e95-489c-9dc0-4af8396899bf,1,2,189a93c5-8cd4-483b-bb6f-488902425ef5,true,downloadableSrc,200,image/webp,41254,41254,09a4e669666d15416c4a6f69580201bdd47cb2f26a7a12c81a2115ca1a46d423,1179,2676,,,bytescale.mobbin.com,f7a1807c1ac98ccf0eecf5078d61346ac9a94ca37a547f5708d580528c9e55c0,/Users/user/mobbin-sides/screen-flows/apple-health/017-apple-health-adding-steps-34587752-9833-4532-b1b6-ece70591aa12/002-189a93c5-8cd4-483b-bb6f-488902425ef5-downloadableSrc-09a4e669666d.webp
34587752-9833-4532-b1b6-ece70591aa12,Adding steps,76436d76-126b-42ea-a287-9bb453f8d97f,Apple Health,9b150bfa-4e95-489c-9dc0-4af8396899bf,2,3,e770296d-ec11-41f6-943b-eec32f86c744,true,downloadableSrc,200,image/webp,43528,43528,1dfa8d7f7c0aa1c442cd452e45e7b2bf02c6314499f28fa270ebfba5b94ba50f,1179,2676,,,bytescale.mobbin.com,f7a1807c1ac98ccf0eecf5078d61346ac9a94ca37a547f5708d580528c9e55c0,/Users/user/mobbin-sides/screen-flows/apple-health/017-apple-health-adding-steps-34587752-9833-4532-b1b6-ece70591aa12/003-e770296d-ec11-41f6-943b-eec32f86c744-downloadableSrc-1dfa8d7f7c0a.webp
34587752-9833-4532-b1b6-ece70591aa12,Adding steps,76436d76-126b-42ea-a287-9bb453f8d97f,Apple Health,9b150bfa-4e95-489c-9dc0-4af8396899bf,3,4,ee42f048-62bf-4c45-af1c-9d4613c4398e,true,downloadableSrc,200,image/webp,117776,117776,845c0e93119a3bcff6449bb69805cfb3a535945328f468f8dd21d7890e241e7c,1179,2676,,,bytescale.mobbin.com,f7a1807c1ac98ccf0eecf5078d61346ac9a94ca37a547f5708d580528c9e55c0,/Users/user/mobbin-sides/screen-flows/apple-health/017-apple-health-adding-steps-34587752-9833-4532-b1b6-ece70591aa12/004-ee42f048-62bf-4c45-af1c-9d4613c4398e-downloadableSrc-845c0e93119a.webp
1fd8de19-48e7-4ea1-936b-fbdf20671c1e,All health data,76436d76-126b-42ea-a287-9bb453f8d97f,Apple Health,9b150bfa-4e95-489c-9dc0-4af8396899bf,0,1,1a54ec87-6f51-416b-977b-663a1e7a2684,true,downloadableSrc,200,image/webp,90768,90768,6317370ac2c1faa97350190f51cd0356806ebc9b6ed6d39be0fe6480273eb872,1179,2676,,,bytescale.mobbin.com,f7a1807c1ac98ccf0eecf5078d61346ac9a94ca37a547f5708d580528c9e55c0,/Users/user/mobbin-sides/screen-flows/apple-health/018-apple-health-all-health-data-1fd8de19-48e7-4ea1-936b-fbdf20671c1e/001-1a54ec87-6f51-416b-977b-663a1e7a2684-downloadableSrc-6317370ac2c1.webp
1fd8de19-48e7-4ea1-936b-fbdf20671c1e,All health data,76436d76-126b-42ea-a287-9bb453f8d97f,Apple Health,9b150bfa-4e95-489c-9dc0-4af8396899bf,1,2,c4a99041-293c-49bc-8a64-8c9a9fbbd802,true,downloadableSrc,200,image/webp,55666,55666,e58a3b2b92a4f0cbe27f417800ee1c2caf1990ae2153300a9c953c053b22ef3d,1179,2676,,,bytescale.mobbin.com,f7a1807c1ac98ccf0eecf5078d61346ac9a94ca37a547f5708d580528c9e55c0,/Users/user/mobbin-sides/screen-flows/apple-health/018-apple-health-all-health-data-1fd8de19-48e7-4ea1-936b-fbdf20671c1e/002-c4a99041-293c-49bc-8a64-8c9a9fbbd802-downloadableSrc-e58a3b2b92a4.webp
1fd8de19-48e7-4ea1-936b-fbdf20671c1e,All health data,76436d76-126b-42ea-a287-9bb453f8d97f,Apple Health,9b150bfa-4e95-489c-9dc0-4af8396899bf,2,3,37402325-0dcd-4f27-b55c-122ac857d2ac,true,downloadableSrc,200,image/webp,65424,65424,bb65213dc23bd2dbe716e37ebedeca28bedc8abcdcf332ab029d888fd6befd64,1179,2676,,,bytescale.mobbin.com,f7a1807c1ac98ccf0eecf5078d61346ac9a94ca37a547f5708d580528c9e55c0,/Users/user/mobbin-sides/screen-flows/apple-health/018-apple-health-all-health-data-1fd8de19-48e7-4ea1-936b-fbdf20671c1e/003-37402325-0dcd-4f27-b55c-122ac857d2ac-downloadableSrc-bb65213dc23b.webp
1fd8de19-48e7-4ea1-936b-fbdf20671c1e,All health data,76436d76-126b-42ea-a287-9bb453f8d97f,Apple Health,9b150bfa-4e95-489c-9dc0-4af8396899bf,3,4,d66bfd32-f311-4414-b0a7-8f9bebc2eddf,true,downloadableSrc,200,image/webp,65198,65198,bec274365e7f4e519ecda1e34e54da79516f375cbde608a8e36a14184fc62e9d,1179,2676,,,bytescale.mobbin.com,f7a1807c1ac98ccf0eecf5078d61346ac9a94ca37a547f5708d580528c9e55c0,/Users/user/mobbin-sides/screen-flows/apple-health/018-apple-health-all-health-data-1fd8de19-48e7-4ea1-936b-fbdf20671c1e/004-d66bfd32-f311-4414-b0a7-8f9bebc2eddf-downloadableSrc-bec274365e7f.webp
bd212f57-46f6-4ccc-9a73-07f7f2485441,Reordering a list,76436d76-126b-42ea-a287-9bb453f8d97f,Apple Health,9b150bfa-4e95-489c-9dc0-4af8396899bf,0,1,97104df5-f817-4e56-80a0-0c46eee67e06,true,downloadableSrc,200,image/webp,84024,84024,eab07a89d693541ba8914ef0d584022ac99741126d562b8492983980921f8d77,1179,2676,,,bytescale.mobbin.com,f7a1807c1ac98ccf0eecf5078d61346ac9a94ca37a547f5708d580528c9e55c0,/Users/user/mobbin-sides/screen-flows/apple-health/019-apple-health-reordering-a-list-bd212f57-46f6-4ccc-9a73-07f7f2485441/001-97104df5-f817-4e56-80a0-0c46eee67e06-downloadableSrc-eab07a89d693.webp
bd212f57-46f6-4ccc-9a73-07f7f2485441,Reordering a list,76436d76-126b-42ea-a287-9bb453f8d97f,Apple Health,9b150bfa-4e95-489c-9dc0-4af8396899bf,1,2,8f5aa330-5bf0-44b3-9b91-8c76c80476ad,true,downloadableSrc,200,image/webp,72654,72654,af7e521ee9ba4bf347e25ab7fa95337895a2ad46109b60e8ef555b787dc085a6,1179,2676,,,bytescale.mobbin.com,f7a1807c1ac98ccf0eecf5078d61346ac9a94ca37a547f5708d580528c9e55c0,/Users/user/mobbin-sides/screen-flows/apple-health/019-apple-health-reordering-a-list-bd212f57-46f6-4ccc-9a73-07f7f2485441/002-8f5aa330-5bf0-44b3-9b91-8c76c80476ad-downloadableSrc-af7e521ee9ba.webp
bd212f57-46f6-4ccc-9a73-07f7f2485441,Reordering a list,76436d76-126b-42ea-a287-9bb453f8d97f,Apple Health,9b150bfa-4e95-489c-9dc0-4af8396899bf,2,3,84593ad2-5c22-4fe6-8598-8bcb23cce724,true,downloadableSrc,200,image/webp,73748,73748,6fccb9f1144d9b4ea060e4227312dbf2498912ed61ae59709f3b46c17ccca3b1,1179,2676,,,bytescale.mobbin.com,f7a1807c1ac98ccf0eecf5078d61346ac9a94ca37a547f5708d580528c9e55c0,/Users/user/mobbin-sides/screen-flows/apple-health/019-apple-health-reordering-a-list-bd212f57-46f6-4ccc-9a73-07f7f2485441/003-84593ad2-5c22-4fe6-8598-8bcb23cce724-downloadableSrc-6fccb9f1144d.webp
bd212f57-46f6-4ccc-9a73-07f7f2485441,Reordering a list,76436d76-126b-42ea-a287-9bb453f8d97f,Apple Health,9b150bfa-4e95-489c-9dc0-4af8396899bf,3,4,14682ee2-f64b-4c7d-a8a2-47592f993a32,true,downloadableSrc,200,image/webp,73344,73344,bc75c39b4a9acb6dd2a1c93d5c154ba4ec3927f4a58ae322e7f6ae9ce5e4a274,1179,2676,,,bytescale.mobbin.com,f7a1807c1ac98ccf0eecf5078d61346ac9a94ca37a547f5708d580528c9e55c0,/Users/user/mobbin-sides/screen-flows/apple-health/019-apple-health-reordering-a-list-bd212f57-46f6-4ccc-9a73-07f7f2485441/004-14682ee2-f64b-4c7d-a8a2-47592f993a32-downloadableSrc-bc75c39b4a9a.webp
bd212f57-46f6-4ccc-9a73-07f7f2485441,Reordering a list,76436d76-126b-42ea-a287-9bb453f8d97f,Apple Health,9b150bfa-4e95-489c-9dc0-4af8396899bf,4,5,e60672f4-262f-478f-9326-6a6a2262f43f,true,downloadableSrc,200,image/webp,83252,83252,0bb6fb11902816099310111dfb5cb186ad4b9b76fdc4bf5f36cabe1a138ab985,1179,2676,,,bytescale.mobbin.com,f7a1807c1ac98ccf0eecf5078d61346ac9a94ca37a547f5708d580528c9e55c0,/Users/user/mobbin-sides/screen-flows/apple-health/019-apple-health-reordering-a-list-bd212f57-46f6-4ccc-9a73-07f7f2485441/005-e60672f4-262f-478f-9326-6a6a2262f43f-downloadableSrc-0bb6fb119028.webp
d0dcbc0b-7699-487a-a33c-9cb43e168155,Access health records,76436d76-126b-42ea-a287-9bb453f8d97f,Apple Health,9b150bfa-4e95-489c-9dc0-4af8396899bf,0,1,ba374894-0af8-4e6d-a7df-29bcb18abc6c,true,downloadableSrc,200,image/webp,126652,126652,637fa223634070a936b7e165a637990c9340ae33ff819ca26e4be50a1599b20e,1179,2676,,,bytescale.mobbin.com,f7a1807c1ac98ccf0eecf5078d61346ac9a94ca37a547f5708d580528c9e55c0,/Users/user/mobbin-sides/screen-flows/apple-health/020-apple-health-access-health-records-d0dcbc0b-7699-487a-a33c-9cb43e168155/001-ba374894-0af8-4e6d-a7df-29bcb18abc6c-downloadableSrc-637fa2236340.webp
d0dcbc0b-7699-487a-a33c-9cb43e168155,Access health records,76436d76-126b-42ea-a287-9bb453f8d97f,Apple Health,9b150bfa-4e95-489c-9dc0-4af8396899bf,1,2,05d971f7-8367-4474-b4c5-6dde2c819d31,true,downloadableSrc,200,image/webp,94346,94346,09a94d53deb6834c289eb9b11848ee641fd71056f396aee43d862103f6e21ec2,1179,2676,,,bytescale.mobbin.com,f7a1807c1ac98ccf0eecf5078d61346ac9a94ca37a547f5708d580528c9e55c0,/Users/user/mobbin-sides/screen-flows/apple-health/020-apple-health-access-health-records-d0dcbc0b-7699-487a-a33c-9cb43e168155/002-05d971f7-8367-4474-b4c5-6dde2c819d31-downloadableSrc-09a94d53deb6.webp
d0dcbc0b-7699-487a-a33c-9cb43e168155,Access health records,76436d76-126b-42ea-a287-9bb453f8d97f,Apple Health,9b150bfa-4e95-489c-9dc0-4af8396899bf,2,3,23fe4549-3f01-4821-a670-7a88c3fd899a,true,downloadableSrc,200,image/webp,102928,102928,3a6a8782fc8f86413e8227ed5801a0f247fb5636739dddce4af916a5d36f2da1,1179,2676,,,bytescale.mobbin.com,f7a1807c1ac98ccf0eecf5078d61346ac9a94ca37a547f5708d580528c9e55c0,/Users/user/mobbin-sides/screen-flows/apple-health/020-apple-health-access-health-records-d0dcbc0b-7699-487a-a33c-9cb43e168155/003-23fe4549-3f01-4821-a670-7a88c3fd899a-downloadableSrc-3a6a8782fc8f.webp
d0dcbc0b-7699-487a-a33c-9cb43e168155,Access health records,76436d76-126b-42ea-a287-9bb453f8d97f,Apple Health,9b150bfa-4e95-489c-9dc0-4af8396899bf,3,4,4e9ba466-1bb7-442d-adaa-ce7052ddb12f,true,downloadableSrc,200,image/webp,75526,75526,4dc4786f73fa3e634e9647097dd184dd213d56d2a40ee65613d294876d3a8a66,1179,2676,,,bytescale.mobbin.com,f7a1807c1ac98ccf0eecf5078d61346ac9a94ca37a547f5708d580528c9e55c0,/Users/user/mobbin-sides/screen-flows/apple-health/020-apple-health-access-health-records-d0dcbc0b-7699-487a-a33c-9cb43e168155/004-4e9ba466-1bb7-442d-adaa-ce7052ddb12f-downloadableSrc-4dc4786f73fa.webp
07e5c9c5-6d06-4b40-8fe1-bafb420663c9,Searching  a hospital,76436d76-126b-42ea-a287-9bb453f8d97f,Apple Health,9b150bfa-4e95-489c-9dc0-4af8396899bf,0,1,23fe4549-3f01-4821-a670-7a88c3fd899a,true,downloadableSrc,200,image/webp,102928,102928,3a6a8782fc8f86413e8227ed5801a0f247fb5636739dddce4af916a5d36f2da1,1179,2676,,,bytescale.mobbin.com,f7a1807c1ac98ccf0eecf5078d61346ac9a94ca37a547f5708d580528c9e55c0,/Users/user/mobbin-sides/screen-flows/apple-health/021-apple-health-searching-a-hospital-07e5c9c5-6d06-4b40-8fe1-bafb420663c9/001-23fe4549-3f01-4821-a670-7a88c3fd899a-downloadableSrc-3a6a8782fc8f.webp
07e5c9c5-6d06-4b40-8fe1-bafb420663c9,Searching  a hospital,76436d76-126b-42ea-a287-9bb453f8d97f,Apple Health,9b150bfa-4e95-489c-9dc0-4af8396899bf,1,2,ab0570fb-736d-4835-aaf9-fac62407fdce,true,downloadableSrc,200,image/webp,63276,63276,cdf319638bf075467b63c5de301e2d4bd85972f2a4d063db11e6c3d76f7e2f1d,1179,2676,,,bytescale.mobbin.com,f7a1807c1ac98ccf0eecf5078d61346ac9a94ca37a547f5708d580528c9e55c0,/Users/user/mobbin-sides/screen-flows/apple-health/021-apple-health-searching-a-hospital-07e5c9c5-6d06-4b40-8fe1-bafb420663c9/002-ab0570fb-736d-4835-aaf9-fac62407fdce-downloadableSrc-cdf319638bf0.webp
5954dd73-32c4-4d70-acbd-ed545e36eab4,Setting up a sleep schedule,76436d76-126b-42ea-a287-9bb453f8d97f,Apple Health,9b150bfa-4e95-489c-9dc0-4af8396899bf,0,1,ba374894-0af8-4e6d-a7df-29bcb18abc6c,true,downloadableSrc,200,image/webp,126652,126652,637fa223634070a936b7e165a637990c9340ae33ff819ca26e4be50a1599b20e,1179,2676,,,bytescale.mobbin.com,f7a1807c1ac98ccf0eecf5078d61346ac9a94ca37a547f5708d580528c9e55c0,/Users/user/mobbin-sides/screen-flows/apple-health/022-apple-health-setting-up-a-sleep-schedule-5954dd73-32c4-4d70-acbd-ed545e36eab4/001-ba374894-0af8-4e6d-a7df-29bcb18abc6c-downloadableSrc-637fa2236340.webp
5954dd73-32c4-4d70-acbd-ed545e36eab4,Setting up a sleep schedule,76436d76-126b-42ea-a287-9bb453f8d97f,Apple Health,9b150bfa-4e95-489c-9dc0-4af8396899bf,1,2,3622540a-228a-4d91-b867-c87b006e9072,true,downloadableSrc,200,image/webp,55496,55496,6a30f4366242b001a9f036bb93b05447f59853283605de7aee093161bcba4cda,1179,2676,,,bytescale.mobbin.com,f7a1807c1ac98ccf0eecf5078d61346ac9a94ca37a547f5708d580528c9e55c0,/Users/user/mobbin-sides/screen-flows/apple-health/022-apple-health-setting-up-a-sleep-schedule-5954dd73-32c4-4d70-acbd-ed545e36eab4/002-3622540a-228a-4d91-b867-c87b006e9072-downloadableSrc-6a30f4366242.webp
5954dd73-32c4-4d70-acbd-ed545e36eab4,Setting up a sleep schedule,76436d76-126b-42ea-a287-9bb453f8d97f,Apple Health,9b150bfa-4e95-489c-9dc0-4af8396899bf,2,3,0f4214da-1d5a-4ff8-bc81-f1d15e247c89,true,downloadableSrc,200,image/webp,58970,58970,5a3ea711d4cd70cabce7f4c7dfad773c26faeba5304d30d35d46f7071e1672df,1179,2676,,,bytescale.mobbin.com,f7a1807c1ac98ccf0eecf5078d61346ac9a94ca37a547f5708d580528c9e55c0,/Users/user/mobbin-sides/screen-flows/apple-health/022-apple-health-setting-up-a-sleep-schedule-5954dd73-32c4-4d70-acbd-ed545e36eab4/003-0f4214da-1d5a-4ff8-bc81-f1d15e247c89-downloadableSrc-5a3ea711d4cd.webp
5954dd73-32c4-4d70-acbd-ed545e36eab4,Setting up a sleep schedule,76436d76-126b-42ea-a287-9bb453f8d97f,Apple Health,9b150bfa-4e95-489c-9dc0-4af8396899bf,3,4,ebfbcf0c-b561-42e7-8609-a80a1c3a3d25,true,downloadableSrc,200,image/webp,68076,68076,87cbbc33b5c9942ba7a70a9670513d1a583430a3440faa0636a62a5db1582d69,1179,2676,,,bytescale.mobbin.com,f7a1807c1ac98ccf0eecf5078d61346ac9a94ca37a547f5708d580528c9e55c0,/Users/user/mobbin-sides/screen-flows/apple-health/022-apple-health-setting-up-a-sleep-schedule-5954dd73-32c4-4d70-acbd-ed545e36eab4/004-ebfbcf0c-b561-42e7-8609-a80a1c3a3d25-downloadableSrc-87cbbc33b5c9.webp
5954dd73-32c4-4d70-acbd-ed545e36eab4,Setting up a sleep schedule,76436d76-126b-42ea-a287-9bb453f8d97f,Apple Health,9b150bfa-4e95-489c-9dc0-4af8396899bf,4,5,cc9ce729-dd33-4a00-947c-ceb89b8c05b5,true,downloadableSrc,200,image/webp,67576,67576,eb6de4a1ca0bd1f4d8b4cdbebf96c20317ea08baf9cc7a99759896b841bc6e6e,1179,2676,,,bytescale.mobbin.com,f7a1807c1ac98ccf0eecf5078d61346ac9a94ca37a547f5708d580528c9e55c0,/Users/user/mobbin-sides/screen-flows/apple-health/022-apple-health-setting-up-a-sleep-schedule-5954dd73-32c4-4d70-acbd-ed545e36eab4/005-cc9ce729-dd33-4a00-947c-ceb89b8c05b5-downloadableSrc-eb6de4a1ca0b.webp
5954dd73-32c4-4d70-acbd-ed545e36eab4,Setting up a sleep schedule,76436d76-126b-42ea-a287-9bb453f8d97f,Apple Health,9b150bfa-4e95-489c-9dc0-4af8396899bf,5,6,b3a1792e-d007-469c-80f5-632d54973de4,true,downloadableSrc,200,image/webp,62926,62926,fc81cc46b3a8cf315f1dd10d47589ba92b753c554e1ec34fc1d960a9cee45cd0,1179,2676,,,bytescale.mobbin.com,f7a1807c1ac98ccf0eecf5078d61346ac9a94ca37a547f5708d580528c9e55c0,/Users/user/mobbin-sides/screen-flows/apple-health/022-apple-health-setting-up-a-sleep-schedule-5954dd73-32c4-4d70-acbd-ed545e36eab4/006-b3a1792e-d007-469c-80f5-632d54973de4-downloadableSrc-fc81cc46b3a8.webp
5954dd73-32c4-4d70-acbd-ed545e36eab4,Setting up a sleep schedule,76436d76-126b-42ea-a287-9bb453f8d97f,Apple Health,9b150bfa-4e95-489c-9dc0-4af8396899bf,6,7,53b0d640-629a-4067-94b2-9c9b7747f687,true,downloadableSrc,200,image/webp,63876,63876,85ffcf66ee7fdb7d043e715ba676d840dfec32110dc657b9f17ab03823dd219f,1179,2676,,,bytescale.mobbin.com,f7a1807c1ac98ccf0eecf5078d61346ac9a94ca37a547f5708d580528c9e55c0,/Users/user/mobbin-sides/screen-flows/apple-health/022-apple-health-setting-up-a-sleep-schedule-5954dd73-32c4-4d70-acbd-ed545e36eab4/007-53b0d640-629a-4067-94b2-9c9b7747f687-downloadableSrc-85ffcf66ee7f.webp
5954dd73-32c4-4d70-acbd-ed545e36eab4,Setting up a sleep schedule,76436d76-126b-42ea-a287-9bb453f8d97f,Apple Health,9b150bfa-4e95-489c-9dc0-4af8396899bf,7,8,6af952f2-8cea-4a40-a3ef-beaac81bf421,true,downloadableSrc,200,image/webp,70942,70942,948427683cb1fce3f40bb804420b061eea40aa037b1482ce7e8246524a25e10b,1179,2676,,,bytescale.mobbin.com,f7a1807c1ac98ccf0eecf5078d61346ac9a94ca37a547f5708d580528c9e55c0,/Users/user/mobbin-sides/screen-flows/apple-health/022-apple-health-setting-up-a-sleep-schedule-5954dd73-32c4-4d70-acbd-ed545e36eab4/008-6af952f2-8cea-4a40-a3ef-beaac81bf421-downloadableSrc-948427683cb1.webp
5954dd73-32c4-4d70-acbd-ed545e36eab4,Setting up a sleep schedule,76436d76-126b-42ea-a287-9bb453f8d97f,Apple Health,9b150bfa-4e95-489c-9dc0-4af8396899bf,8,9,066a88ad-920c-4456-b25d-8882769ac385,true,downloadableSrc,200,image/webp,143418,143418,593239f9b0a6d28c3687041b8e1bd294088d003af306f028ec1ea9d71f101af7,1179,2676,,,bytescale.mobbin.com,f7a1807c1ac98ccf0eecf5078d61346ac9a94ca37a547f5708d580528c9e55c0,/Users/user/mobbin-sides/screen-flows/apple-health/022-apple-health-setting-up-a-sleep-schedule-5954dd73-32c4-4d70-acbd-ed545e36eab4/009-066a88ad-920c-4456-b25d-8882769ac385-downloadableSrc-593239f9b0a6.webp
ac8a7bf6-a7f3-42e0-9149-1c5b2d3f9249,Editing a sleep schedule,76436d76-126b-42ea-a287-9bb453f8d97f,Apple Health,9b150bfa-4e95-489c-9dc0-4af8396899bf,0,1,0f4214da-1d5a-4ff8-bc81-f1d15e247c89,true,downloadableSrc,200,image/webp,58970,58970,5a3ea711d4cd70cabce7f4c7dfad773c26faeba5304d30d35d46f7071e1672df,1179,2676,,,bytescale.mobbin.com,f7a1807c1ac98ccf0eecf5078d61346ac9a94ca37a547f5708d580528c9e55c0,/Users/user/mobbin-sides/screen-flows/apple-health/023-apple-health-editing-a-sleep-schedule-ac8a7bf6-a7f3-42e0-9149-1c5b2d3f9249/001-0f4214da-1d5a-4ff8-bc81-f1d15e247c89-downloadableSrc-5a3ea711d4cd.webp
ac8a7bf6-a7f3-42e0-9149-1c5b2d3f9249,Editing a sleep schedule,76436d76-126b-42ea-a287-9bb453f8d97f,Apple Health,9b150bfa-4e95-489c-9dc0-4af8396899bf,1,2,28866374-9954-47c7-a81f-a74a07628978,true,downloadableSrc,200,image/webp,70296,70296,90a67b97d6d527c73d5c03eaf56214a0850fb1a0faaa275495b2b78f48744071,1179,2676,,,bytescale.mobbin.com,f7a1807c1ac98ccf0eecf5078d61346ac9a94ca37a547f5708d580528c9e55c0,/Users/user/mobbin-sides/screen-flows/apple-health/023-apple-health-editing-a-sleep-schedule-ac8a7bf6-a7f3-42e0-9149-1c5b2d3f9249/002-28866374-9954-47c7-a81f-a74a07628978-downloadableSrc-90a67b97d6d5.webp
ac8a7bf6-a7f3-42e0-9149-1c5b2d3f9249,Editing a sleep schedule,76436d76-126b-42ea-a287-9bb453f8d97f,Apple Health,9b150bfa-4e95-489c-9dc0-4af8396899bf,2,3,30ce673b-bba9-493b-bd13-65a25af1cf3e,true,downloadableSrc,200,image/webp,59096,59096,9cb3a11370f272486d7373f711e9ce2831dffb992f8e1588938d0fba3f372514,1179,2676,,,bytescale.mobbin.com,f7a1807c1ac98ccf0eecf5078d61346ac9a94ca37a547f5708d580528c9e55c0,/Users/user/mobbin-sides/screen-flows/apple-health/023-apple-health-editing-a-sleep-schedule-ac8a7bf6-a7f3-42e0-9149-1c5b2d3f9249/003-30ce673b-bba9-493b-bd13-65a25af1cf3e-downloadableSrc-9cb3a11370f2.webp
ac8a7bf6-a7f3-42e0-9149-1c5b2d3f9249,Editing a sleep schedule,76436d76-126b-42ea-a287-9bb453f8d97f,Apple Health,9b150bfa-4e95-489c-9dc0-4af8396899bf,3,4,9e51cb62-dfc6-49ee-8a75-561b37378f8b,true,downloadableSrc,200,image/webp,58322,58322,874daf3cdecf5652a55e5ecce65ee8cab2a86bc837a6a1864c57a91c6e2c2fde,1179,2676,,,bytescale.mobbin.com,f7a1807c1ac98ccf0eecf5078d61346ac9a94ca37a547f5708d580528c9e55c0,/Users/user/mobbin-sides/screen-flows/apple-health/023-apple-health-editing-a-sleep-schedule-ac8a7bf6-a7f3-42e0-9149-1c5b2d3f9249/004-9e51cb62-dfc6-49ee-8a75-561b37378f8b-downloadableSrc-874daf3cdecf.webp
ac8a7bf6-a7f3-42e0-9149-1c5b2d3f9249,Editing a sleep schedule,76436d76-126b-42ea-a287-9bb453f8d97f,Apple Health,9b150bfa-4e95-489c-9dc0-4af8396899bf,4,5,4da02ed5-3850-4fc4-bb15-82c1f1dab034,true,downloadableSrc,200,image/webp,58538,58538,30d225b2e0cf7e41a18e1c98f8fe6e481542c1697005df4e13dca9a660c53691,1179,2676,,,bytescale.mobbin.com,f7a1807c1ac98ccf0eecf5078d61346ac9a94ca37a547f5708d580528c9e55c0,/Users/user/mobbin-sides/screen-flows/apple-health/023-apple-health-editing-a-sleep-schedule-ac8a7bf6-a7f3-42e0-9149-1c5b2d3f9249/005-4da02ed5-3850-4fc4-bb15-82c1f1dab034-downloadableSrc-30d225b2e0cf.webp
504bed91-edf7-4911-8419-5077fbdd9c1d,Deleting a sleep schedule,76436d76-126b-42ea-a287-9bb453f8d97f,Apple Health,9b150bfa-4e95-489c-9dc0-4af8396899bf,0,1,30ce673b-bba9-493b-bd13-65a25af1cf3e,true,downloadableSrc,200,image/webp,59096,59096,9cb3a11370f272486d7373f711e9ce2831dffb992f8e1588938d0fba3f372514,1179,2676,,,bytescale.mobbin.com,f7a1807c1ac98ccf0eecf5078d61346ac9a94ca37a547f5708d580528c9e55c0,/Users/user/mobbin-sides/screen-flows/apple-health/024-apple-health-deleting-a-sleep-schedule-504bed91-edf7-4911-8419-5077fbdd9c1d/001-30ce673b-bba9-493b-bd13-65a25af1cf3e-downloadableSrc-9cb3a11370f2.webp
504bed91-edf7-4911-8419-5077fbdd9c1d,Deleting a sleep schedule,76436d76-126b-42ea-a287-9bb453f8d97f,Apple Health,9b150bfa-4e95-489c-9dc0-4af8396899bf,1,2,5153b27b-f7b4-49cd-af49-b9c56214dc54,true,downloadableSrc,200,image/webp,100042,100042,9a113a28b92e38f4e4508db23a55c286de4aca98f2148e9839ce1a554b76b7c9,1179,2676,,,bytescale.mobbin.com,f7a1807c1ac98ccf0eecf5078d61346ac9a94ca37a547f5708d580528c9e55c0,/Users/user/mobbin-sides/screen-flows/apple-health/024-apple-health-deleting-a-sleep-schedule-504bed91-edf7-4911-8419-5077fbdd9c1d/002-5153b27b-f7b4-49cd-af49-b9c56214dc54-downloadableSrc-9a113a28b92e.webp
7aac3290-6973-41f2-b00b-c29326c2cf08,Adding a sleep,76436d76-126b-42ea-a287-9bb453f8d97f,Apple Health,9b150bfa-4e95-489c-9dc0-4af8396899bf,0,1,6af952f2-8cea-4a40-a3ef-beaac81bf421,true,downloadableSrc,200,image/webp,70942,70942,948427683cb1fce3f40bb804420b061eea40aa037b1482ce7e8246524a25e10b,1179,2676,,,bytescale.mobbin.com,f7a1807c1ac98ccf0eecf5078d61346ac9a94ca37a547f5708d580528c9e55c0,/Users/user/mobbin-sides/screen-flows/apple-health/025-apple-health-adding-a-sleep-7aac3290-6973-41f2-b00b-c29326c2cf08/001-6af952f2-8cea-4a40-a3ef-beaac81bf421-downloadableSrc-948427683cb1.webp
7aac3290-6973-41f2-b00b-c29326c2cf08,Adding a sleep,76436d76-126b-42ea-a287-9bb453f8d97f,Apple Health,9b150bfa-4e95-489c-9dc0-4af8396899bf,1,2,f31b68aa-f772-48c3-a396-8734a91b2b1d,true,downloadableSrc,200,image/webp,41170,41170,c1f1255e2cd6012fea98ffe9fdda960e1b8b2e829650ea6326b58f8fb317aa66,1179,2676,,,bytescale.mobbin.com,f7a1807c1ac98ccf0eecf5078d61346ac9a94ca37a547f5708d580528c9e55c0,/Users/user/mobbin-sides/screen-flows/apple-health/025-apple-health-adding-a-sleep-7aac3290-6973-41f2-b00b-c29326c2cf08/002-f31b68aa-f772-48c3-a396-8734a91b2b1d-downloadableSrc-c1f1255e2cd6.webp
7aac3290-6973-41f2-b00b-c29326c2cf08,Adding a sleep,76436d76-126b-42ea-a287-9bb453f8d97f,Apple Health,9b150bfa-4e95-489c-9dc0-4af8396899bf,2,3,57705efc-8494-4d4c-b82a-79d6035674f9,true,downloadableSrc,200,image/webp,57976,57976,fe09efd60c1b6b9482661f5f52cdca94b427991b07b27e751ff2e19d52a37b61,1179,2676,,,bytescale.mobbin.com,f7a1807c1ac98ccf0eecf5078d61346ac9a94ca37a547f5708d580528c9e55c0,/Users/user/mobbin-sides/screen-flows/apple-health/025-apple-health-adding-a-sleep-7aac3290-6973-41f2-b00b-c29326c2cf08/003-57705efc-8494-4d4c-b82a-79d6035674f9-downloadableSrc-fe09efd60c1b.webp
7aac3290-6973-41f2-b00b-c29326c2cf08,Adding a sleep,76436d76-126b-42ea-a287-9bb453f8d97f,Apple Health,9b150bfa-4e95-489c-9dc0-4af8396899bf,3,4,639f3051-89a4-43af-a8d6-792c6ff71d4c,true,downloadableSrc,200,image/webp,41034,41034,637fc4dd7302b7196955bba28738979c5056bcffbf9de3673199a716b01a23c8,1179,2676,,,bytescale.mobbin.com,f7a1807c1ac98ccf0eecf5078d61346ac9a94ca37a547f5708d580528c9e55c0,/Users/user/mobbin-sides/screen-flows/apple-health/025-apple-health-adding-a-sleep-7aac3290-6973-41f2-b00b-c29326c2cf08/004-639f3051-89a4-43af-a8d6-792c6ff71d4c-downloadableSrc-637fc4dd7302.webp
7aac3290-6973-41f2-b00b-c29326c2cf08,Adding a sleep,76436d76-126b-42ea-a287-9bb453f8d97f,Apple Health,9b150bfa-4e95-489c-9dc0-4af8396899bf,4,5,53b0d640-629a-4067-94b2-9c9b7747f687,true,downloadableSrc,200,image/webp,63876,63876,85ffcf66ee7fdb7d043e715ba676d840dfec32110dc657b9f17ab03823dd219f,1179,2676,,,bytescale.mobbin.com,f7a1807c1ac98ccf0eecf5078d61346ac9a94ca37a547f5708d580528c9e55c0,/Users/user/mobbin-sides/screen-flows/apple-health/025-apple-health-adding-a-sleep-7aac3290-6973-41f2-b00b-c29326c2cf08/005-53b0d640-629a-4067-94b2-9c9b7747f687-downloadableSrc-85ffcf66ee7f.webp
ed108075-d4d6-41fe-a599-a0f28dbb3ad5,Setting up blood pressure log,76436d76-126b-42ea-a287-9bb453f8d97f,Apple Health,9b150bfa-4e95-489c-9dc0-4af8396899bf,0,1,a6813bc6-525f-44cd-b815-5c8e23e8cd58,true,downloadableSrc,200,image/webp,129610,129610,5f0b49d8540c4a94d843070312f4ec36912781addb71623394a3360ff971f732,1179,2676,,,bytescale.mobbin.com,f7a1807c1ac98ccf0eecf5078d61346ac9a94ca37a547f5708d580528c9e55c0,/Users/user/mobbin-sides/screen-flows/apple-health/026-apple-health-setting-up-blood-pressure-log-ed108075-d4d6-41fe-a599-a0f28dbb3ad5/001-a6813bc6-525f-44cd-b815-5c8e23e8cd58-downloadableSrc-5f0b49d8540c.webp
ed108075-d4d6-41fe-a599-a0f28dbb3ad5,Setting up blood pressure log,76436d76-126b-42ea-a287-9bb453f8d97f,Apple Health,9b150bfa-4e95-489c-9dc0-4af8396899bf,1,2,0c5fbe30-31dd-44f0-a372-3085c59fc6f7,true,downloadableSrc,200,image/webp,56070,56070,fa74fa44df4d25005d6149c636d540fbe5379d3605a2041ae28d1fb334b12dca,1179,2676,,,bytescale.mobbin.com,f7a1807c1ac98ccf0eecf5078d61346ac9a94ca37a547f5708d580528c9e55c0,/Users/user/mobbin-sides/screen-flows/apple-health/026-apple-health-setting-up-blood-pressure-log-ed108075-d4d6-41fe-a599-a0f28dbb3ad5/002-0c5fbe30-31dd-44f0-a372-3085c59fc6f7-downloadableSrc-fa74fa44df4d.webp
ed108075-d4d6-41fe-a599-a0f28dbb3ad5,Setting up blood pressure log,76436d76-126b-42ea-a287-9bb453f8d97f,Apple Health,9b150bfa-4e95-489c-9dc0-4af8396899bf,2,3,88c38f4c-3384-428b-ac7b-9de5bdfe79df,true,downloadableSrc,200,image/webp,65170,65170,88eda28ab47455798df109991af1399014b9371087331b0232409f3b501b6bb3,1179,2676,,,bytescale.mobbin.com,f7a1807c1ac98ccf0eecf5078d61346ac9a94ca37a547f5708d580528c9e55c0,/Users/user/mobbin-sides/screen-flows/apple-health/026-apple-health-setting-up-blood-pressure-log-ed108075-d4d6-41fe-a599-a0f28dbb3ad5/003-88c38f4c-3384-428b-ac7b-9de5bdfe79df-downloadableSrc-88eda28ab474.webp
ed108075-d4d6-41fe-a599-a0f28dbb3ad5,Setting up blood pressure log,76436d76-126b-42ea-a287-9bb453f8d97f,Apple Health,9b150bfa-4e95-489c-9dc0-4af8396899bf,3,4,88a349f9-a8e4-42a7-bdc7-089f8142d099,true,downloadableSrc,200,image/webp,79058,79058,8450497ee18f6bdb17f9f5aaeab4e3a036cf4dcdaa1efeee4e2811a647c70626,1179,2676,,,bytescale.mobbin.com,f7a1807c1ac98ccf0eecf5078d61346ac9a94ca37a547f5708d580528c9e55c0,/Users/user/mobbin-sides/screen-flows/apple-health/026-apple-health-setting-up-blood-pressure-log-ed108075-d4d6-41fe-a599-a0f28dbb3ad5/004-88a349f9-a8e4-42a7-bdc7-089f8142d099-downloadableSrc-8450497ee18f.webp
ed108075-d4d6-41fe-a599-a0f28dbb3ad5,Setting up blood pressure log,76436d76-126b-42ea-a287-9bb453f8d97f,Apple Health,9b150bfa-4e95-489c-9dc0-4af8396899bf,4,5,56e61af7-4493-4346-bcca-9f0e01053b68,true,downloadableSrc,200,image/webp,84138,84138,00b68cdf72bfa2d469b88ca85cd587db2a8e7bdb7dabb61c6675f66269b620fe,1179,2676,,,bytescale.mobbin.com,f7a1807c1ac98ccf0eecf5078d61346ac9a94ca37a547f5708d580528c9e55c0,/Users/user/mobbin-sides/screen-flows/apple-health/026-apple-health-setting-up-blood-pressure-log-ed108075-d4d6-41fe-a599-a0f28dbb3ad5/005-56e61af7-4493-4346-bcca-9f0e01053b68-downloadableSrc-00b68cdf72bf.webp
ed108075-d4d6-41fe-a599-a0f28dbb3ad5,Setting up blood pressure log,76436d76-126b-42ea-a287-9bb453f8d97f,Apple Health,9b150bfa-4e95-489c-9dc0-4af8396899bf,5,6,e5b485c4-4a32-4663-ae29-bc78d873bc04,true,downloadableSrc,200,image/webp,63140,63140,e80e40f36d2c3d5cb37deef031da36d04368b04f1831942dffee13906dfd5fb0,1179,2676,,,bytescale.mobbin.com,f7a1807c1ac98ccf0eecf5078d61346ac9a94ca37a547f5708d580528c9e55c0,/Users/user/mobbin-sides/screen-flows/apple-health/026-apple-health-setting-up-blood-pressure-log-ed108075-d4d6-41fe-a599-a0f28dbb3ad5/006-e5b485c4-4a32-4663-ae29-bc78d873bc04-downloadableSrc-e80e40f36d2c.webp
ed108075-d4d6-41fe-a599-a0f28dbb3ad5,Setting up blood pressure log,76436d76-126b-42ea-a287-9bb453f8d97f,Apple Health,9b150bfa-4e95-489c-9dc0-4af8396899bf,6,7,2719ff6a-1570-4f44-8fc3-050cc5e577a5,true,downloadableSrc,200,image/webp,95906,95906,6897919426964d46d6ee310569d28d74a5b7e5baf5c123f6e4e4d1b92227d25c,1179,2676,,,bytescale.mobbin.com,f7a1807c1ac98ccf0eecf5078d61346ac9a94ca37a547f5708d580528c9e55c0,/Users/user/mobbin-sides/screen-flows/apple-health/026-apple-health-setting-up-blood-pressure-log-ed108075-d4d6-41fe-a599-a0f28dbb3ad5/007-2719ff6a-1570-4f44-8fc3-050cc5e577a5-downloadableSrc-689791942696.webp
ed108075-d4d6-41fe-a599-a0f28dbb3ad5,Setting up blood pressure log,76436d76-126b-42ea-a287-9bb453f8d97f,Apple Health,9b150bfa-4e95-489c-9dc0-4af8396899bf,7,8,d030ca59-55d3-401d-8a70-4674faf21e89,true,downloadableSrc,200,image/webp,50204,50204,97923c0576ac82990c0b0554b002ef56dfb0efef265de63d13a6f23c58c89438,1179,2676,,,bytescale.mobbin.com,f7a1807c1ac98ccf0eecf5078d61346ac9a94ca37a547f5708d580528c9e55c0,/Users/user/mobbin-sides/screen-flows/apple-health/026-apple-health-setting-up-blood-pressure-log-ed108075-d4d6-41fe-a599-a0f28dbb3ad5/008-d030ca59-55d3-401d-8a70-4674faf21e89-downloadableSrc-97923c0576ac.webp
ed108075-d4d6-41fe-a599-a0f28dbb3ad5,Setting up blood pressure log,76436d76-126b-42ea-a287-9bb453f8d97f,Apple Health,9b150bfa-4e95-489c-9dc0-4af8396899bf,8,9,b741bd19-0631-4b76-9966-0f19c87fdf5c,true,downloadableSrc,200,image/webp,73472,73472,86bc61bd323671acdb02e318a77d73a9a6573ba284a87536ad3d2fd855bf7767,1179,2676,,,bytescale.mobbin.com,f7a1807c1ac98ccf0eecf5078d61346ac9a94ca37a547f5708d580528c9e55c0,/Users/user/mobbin-sides/screen-flows/apple-health/026-apple-health-setting-up-blood-pressure-log-ed108075-d4d6-41fe-a599-a0f28dbb3ad5/009-b741bd19-0631-4b76-9966-0f19c87fdf5c-downloadableSrc-86bc61bd3236.webp
ed108075-d4d6-41fe-a599-a0f28dbb3ad5,Setting up blood pressure log,76436d76-126b-42ea-a287-9bb453f8d97f,Apple Health,9b150bfa-4e95-489c-9dc0-4af8396899bf,9,10,f6471b67-8921-4d71-826b-476849a1ec61,true,downloadableSrc,200,image/webp,83042,83042,045d95f14e4e7edfade6b67149c37683957b2d96b6c15442730d6178fba7a52f,1179,2676,,,bytescale.mobbin.com,f7a1807c1ac98ccf0eecf5078d61346ac9a94ca37a547f5708d580528c9e55c0,/Users/user/mobbin-sides/screen-flows/apple-health/026-apple-health-setting-up-blood-pressure-log-ed108075-d4d6-41fe-a599-a0f28dbb3ad5/010-f6471b67-8921-4d71-826b-476849a1ec61-downloadableSrc-045d95f14e4e.webp
ed108075-d4d6-41fe-a599-a0f28dbb3ad5,Setting up blood pressure log,76436d76-126b-42ea-a287-9bb453f8d97f,Apple Health,9b150bfa-4e95-489c-9dc0-4af8396899bf,10,11,afb7f74b-ad93-4361-8ee8-acdc5ee5fbfd,true,downloadableSrc,200,image/webp,84712,84712,6ac2bd2fe870ad074153acf70579fcd3c7f5ecba3a0829f0f1ed641b11ddc4ac,1179,2676,,,bytescale.mobbin.com,f7a1807c1ac98ccf0eecf5078d61346ac9a94ca37a547f5708d580528c9e55c0,/Users/user/mobbin-sides/screen-flows/apple-health/026-apple-health-setting-up-blood-pressure-log-ed108075-d4d6-41fe-a599-a0f28dbb3ad5/011-afb7f74b-ad93-4361-8ee8-acdc5ee5fbfd-downloadableSrc-6ac2bd2fe870.webp
ed108075-d4d6-41fe-a599-a0f28dbb3ad5,Setting up blood pressure log,76436d76-126b-42ea-a287-9bb453f8d97f,Apple Health,9b150bfa-4e95-489c-9dc0-4af8396899bf,11,12,980f70c0-fb1f-4cc5-90b1-dd2a2dfdfdb5,true,downloadableSrc,200,image/webp,83916,83916,44faea5caadaa45d04acd50028100f55e87f5f9b62990c6940654c5bf6abcb87,1179,2676,,,bytescale.mobbin.com,f7a1807c1ac98ccf0eecf5078d61346ac9a94ca37a547f5708d580528c9e55c0,/Users/user/mobbin-sides/screen-flows/apple-health/026-apple-health-setting-up-blood-pressure-log-ed108075-d4d6-41fe-a599-a0f28dbb3ad5/012-980f70c0-fb1f-4cc5-90b1-dd2a2dfdfdb5-downloadableSrc-44faea5caada.webp
ddcc0b6b-54e8-423c-b941-fe33bd3637b9,Adding a blood pressure measurement,76436d76-126b-42ea-a287-9bb453f8d97f,Apple Health,9b150bfa-4e95-489c-9dc0-4af8396899bf,0,1,afb7f74b-ad93-4361-8ee8-acdc5ee5fbfd,true,downloadableSrc,200,image/webp,84712,84712,6ac2bd2fe870ad074153acf70579fcd3c7f5ecba3a0829f0f1ed641b11ddc4ac,1179,2676,,,bytescale.mobbin.com,f7a1807c1ac98ccf0eecf5078d61346ac9a94ca37a547f5708d580528c9e55c0,/Users/user/mobbin-sides/screen-flows/apple-health/027-apple-health-adding-a-blood-pressure-measurement-ddcc0b6b-54e8-423c-b941-fe33bd3637b9/001-afb7f74b-ad93-4361-8ee8-acdc5ee5fbfd-downloadableSrc-6ac2bd2fe870.webp
ddcc0b6b-54e8-423c-b941-fe33bd3637b9,Adding a blood pressure measurement,76436d76-126b-42ea-a287-9bb453f8d97f,Apple Health,9b150bfa-4e95-489c-9dc0-4af8396899bf,1,2,23a2d443-83b0-4285-9ca8-93e933efc25f,true,downloadableSrc,200,image/webp,58218,58218,de4c21d06e021997df3b919113d11f417f16e0ad0a92a0d842d067c56bfc8b16,1179,2676,,,bytescale.mobbin.com,f7a1807c1ac98ccf0eecf5078d61346ac9a94ca37a547f5708d580528c9e55c0,/Users/user/mobbin-sides/screen-flows/apple-health/027-apple-health-adding-a-blood-pressure-measurement-ddcc0b6b-54e8-423c-b941-fe33bd3637b9/002-23a2d443-83b0-4285-9ca8-93e933efc25f-downloadableSrc-de4c21d06e02.webp
ddcc0b6b-54e8-423c-b941-fe33bd3637b9,Adding a blood pressure measurement,76436d76-126b-42ea-a287-9bb453f8d97f,Apple Health,9b150bfa-4e95-489c-9dc0-4af8396899bf,2,3,3a9a08ca-331a-4a53-864a-a3cb8b7109f4,true,downloadableSrc,200,image/webp,58662,58662,557fc2cbd0970540daa4f646992af0f20bd25010995a5468f30a7aa03f8d3075,1179,2676,,,bytescale.mobbin.com,f7a1807c1ac98ccf0eecf5078d61346ac9a94ca37a547f5708d580528c9e55c0,/Users/user/mobbin-sides/screen-flows/apple-health/027-apple-health-adding-a-blood-pressure-measurement-ddcc0b6b-54e8-423c-b941-fe33bd3637b9/003-3a9a08ca-331a-4a53-864a-a3cb8b7109f4-downloadableSrc-557fc2cbd097.webp
ddcc0b6b-54e8-423c-b941-fe33bd3637b9,Adding a blood pressure measurement,76436d76-126b-42ea-a287-9bb453f8d97f,Apple Health,9b150bfa-4e95-489c-9dc0-4af8396899bf,3,4,980f70c0-fb1f-4cc5-90b1-dd2a2dfdfdb5,true,downloadableSrc,200,image/webp,83916,83916,44faea5caadaa45d04acd50028100f55e87f5f9b62990c6940654c5bf6abcb87,1179,2676,,,bytescale.mobbin.com,f7a1807c1ac98ccf0eecf5078d61346ac9a94ca37a547f5708d580528c9e55c0,/Users/user/mobbin-sides/screen-flows/apple-health/027-apple-health-adding-a-blood-pressure-measurement-ddcc0b6b-54e8-423c-b941-fe33bd3637b9/004-980f70c0-fb1f-4cc5-90b1-dd2a2dfdfdb5-downloadableSrc-44faea5caada.webp
d7499ada-fe96-41fc-81e4-2e043f7ef56f,Logging a mood,76436d76-126b-42ea-a287-9bb453f8d97f,Apple Health,9b150bfa-4e95-489c-9dc0-4af8396899bf,0,1,a6813bc6-525f-44cd-b815-5c8e23e8cd58,true,downloadableSrc,200,image/webp,129610,129610,5f0b49d8540c4a94d843070312f4ec36912781addb71623394a3360ff971f732,1179,2676,,,bytescale.mobbin.com,f7a1807c1ac98ccf0eecf5078d61346ac9a94ca37a547f5708d580528c9e55c0,/Users/user/mobbin-sides/screen-flows/apple-health/028-apple-health-logging-a-mood-d7499ada-fe96-41fc-81e4-2e043f7ef56f/001-a6813bc6-525f-44cd-b815-5c8e23e8cd58-downloadableSrc-5f0b49d8540c.webp
d7499ada-fe96-41fc-81e4-2e043f7ef56f,Logging a mood,76436d76-126b-42ea-a287-9bb453f8d97f,Apple Health,9b150bfa-4e95-489c-9dc0-4af8396899bf,1,2,3ceac109-6de8-42cb-b5fa-5681e25b9f12,true,downloadableSrc,200,image/webp,83804,83804,4c9e98eaa9fd4e4097b22ad8d59e88f7d824b96585fa46393e31a471821cce10,1179,2676,,,bytescale.mobbin.com,f7a1807c1ac98ccf0eecf5078d61346ac9a94ca37a547f5708d580528c9e55c0,/Users/user/mobbin-sides/screen-flows/apple-health/028-apple-health-logging-a-mood-d7499ada-fe96-41fc-81e4-2e043f7ef56f/002-3ceac109-6de8-42cb-b5fa-5681e25b9f12-downloadableSrc-4c9e98eaa9fd.webp
d7499ada-fe96-41fc-81e4-2e043f7ef56f,Logging a mood,76436d76-126b-42ea-a287-9bb453f8d97f,Apple Health,9b150bfa-4e95-489c-9dc0-4af8396899bf,2,3,df545682-4d53-42d5-bf0b-1b8be4a338cc,true,downloadableSrc,200,image/webp,55016,55016,84dfe78e9690e07f6d6c5bf763343fa23201d6bbd02815bd309d7268244f7f20,1179,2676,,,bytescale.mobbin.com,f7a1807c1ac98ccf0eecf5078d61346ac9a94ca37a547f5708d580528c9e55c0,/Users/user/mobbin-sides/screen-flows/apple-health/028-apple-health-logging-a-mood-d7499ada-fe96-41fc-81e4-2e043f7ef56f/003-df545682-4d53-42d5-bf0b-1b8be4a338cc-downloadableSrc-84dfe78e9690.webp
d7499ada-fe96-41fc-81e4-2e043f7ef56f,Logging a mood,76436d76-126b-42ea-a287-9bb453f8d97f,Apple Health,9b150bfa-4e95-489c-9dc0-4af8396899bf,3,4,6ca77d36-613a-4660-97d6-0ed73cb64341,true,downloadableSrc,200,image/webp,56884,56884,d75c81ee6b7474e839d2ce213388fbbb4a37ab80a984673d7c104b8a8b4712b9,1179,2676,,,bytescale.mobbin.com,f7a1807c1ac98ccf0eecf5078d61346ac9a94ca37a547f5708d580528c9e55c0,/Users/user/mobbin-sides/screen-flows/apple-health/028-apple-health-logging-a-mood-d7499ada-fe96-41fc-81e4-2e043f7ef56f/004-6ca77d36-613a-4660-97d6-0ed73cb64341-downloadableSrc-d75c81ee6b74.webp
d7499ada-fe96-41fc-81e4-2e043f7ef56f,Logging a mood,76436d76-126b-42ea-a287-9bb453f8d97f,Apple Health,9b150bfa-4e95-489c-9dc0-4af8396899bf,4,5,e83aac55-b6f2-4aa2-a058-9b4f06a25a02,true,downloadableSrc,200,image/webp,65460,65460,0703073acb706a77b6c59afb46d3fe3d829942d26e27536e1580e979ad839788,1179,2676,,,bytescale.mobbin.com,f7a1807c1ac98ccf0eecf5078d61346ac9a94ca37a547f5708d580528c9e55c0,/Users/user/mobbin-sides/screen-flows/apple-health/028-apple-health-logging-a-mood-d7499ada-fe96-41fc-81e4-2e043f7ef56f/005-e83aac55-b6f2-4aa2-a058-9b4f06a25a02-downloadableSrc-0703073acb70.webp
d7499ada-fe96-41fc-81e4-2e043f7ef56f,Logging a mood,76436d76-126b-42ea-a287-9bb453f8d97f,Apple Health,9b150bfa-4e95-489c-9dc0-4af8396899bf,5,6,70dd8cb1-b97e-475c-9c42-a08c85988378,true,downloadableSrc,200,image/webp,66892,66892,21ba8bf911b00fa7a4515d4f1f1b282cce5cffa9a5ac943b752595eb2be54776,1179,2676,,,bytescale.mobbin.com,f7a1807c1ac98ccf0eecf5078d61346ac9a94ca37a547f5708d580528c9e55c0,/Users/user/mobbin-sides/screen-flows/apple-health/028-apple-health-logging-a-mood-d7499ada-fe96-41fc-81e4-2e043f7ef56f/006-70dd8cb1-b97e-475c-9c42-a08c85988378-downloadableSrc-21ba8bf911b0.webp
d7499ada-fe96-41fc-81e4-2e043f7ef56f,Logging a mood,76436d76-126b-42ea-a287-9bb453f8d97f,Apple Health,9b150bfa-4e95-489c-9dc0-4af8396899bf,6,7,2311ed9b-dbc4-474a-a6af-4ce0e49efaca,true,downloadableSrc,200,image/webp,79806,79806,c6cb565a219a2979606f6fbb0f8a274df0106ab323a20a51959c10a20a54ef7c,1179,2676,,,bytescale.mobbin.com,f7a1807c1ac98ccf0eecf5078d61346ac9a94ca37a547f5708d580528c9e55c0,/Users/user/mobbin-sides/screen-flows/apple-health/028-apple-health-logging-a-mood-d7499ada-fe96-41fc-81e4-2e043f7ef56f/007-2311ed9b-dbc4-474a-a6af-4ce0e49efaca-downloadableSrc-c6cb565a219a.webp
d7499ada-fe96-41fc-81e4-2e043f7ef56f,Logging a mood,76436d76-126b-42ea-a287-9bb453f8d97f,Apple Health,9b150bfa-4e95-489c-9dc0-4af8396899bf,7,8,16c71fcb-dcf8-4d08-b423-675ef0449ea0,true,downloadableSrc,200,image/webp,102416,102416,e176e6788cbf2605b819fc1b5e2440431c91e0e9d265f5f1c6b3c9dc89fe90f8,1179,2676,,,bytescale.mobbin.com,f7a1807c1ac98ccf0eecf5078d61346ac9a94ca37a547f5708d580528c9e55c0,/Users/user/mobbin-sides/screen-flows/apple-health/028-apple-health-logging-a-mood-d7499ada-fe96-41fc-81e4-2e043f7ef56f/008-16c71fcb-dcf8-4d08-b423-675ef0449ea0-downloadableSrc-e176e6788cbf.webp
d7499ada-fe96-41fc-81e4-2e043f7ef56f,Logging a mood,76436d76-126b-42ea-a287-9bb453f8d97f,Apple Health,9b150bfa-4e95-489c-9dc0-4af8396899bf,8,9,b89c3889-9bb7-4bbb-ae4a-6ec074cb16d2,true,downloadableSrc,200,image/webp,78770,78770,2ae69697b50a82aa5e9fda3fc3fec03e02a3f0fc62c52b07ea09bd99ac888dbd,1179,2676,,,bytescale.mobbin.com,f7a1807c1ac98ccf0eecf5078d61346ac9a94ca37a547f5708d580528c9e55c0,/Users/user/mobbin-sides/screen-flows/apple-health/028-apple-health-logging-a-mood-d7499ada-fe96-41fc-81e4-2e043f7ef56f/009-b89c3889-9bb7-4bbb-ae4a-6ec074cb16d2-downloadableSrc-2ae69697b50a.webp
d7499ada-fe96-41fc-81e4-2e043f7ef56f,Logging a mood,76436d76-126b-42ea-a287-9bb453f8d97f,Apple Health,9b150bfa-4e95-489c-9dc0-4af8396899bf,9,10,621244d4-cba0-48ac-ae51-95142fe046fb,true,downloadableSrc,200,image/webp,24910,24910,ecc5d4353929c2fb99246642e452af8be3af5b5453baae7a75922c4a49dcdb5c,1179,2676,,,bytescale.mobbin.com,f7a1807c1ac98ccf0eecf5078d61346ac9a94ca37a547f5708d580528c9e55c0,/Users/user/mobbin-sides/screen-flows/apple-health/028-apple-health-logging-a-mood-d7499ada-fe96-41fc-81e4-2e043f7ef56f/010-621244d4-cba0-48ac-ae51-95142fe046fb-downloadableSrc-ecc5d4353929.webp
d7499ada-fe96-41fc-81e4-2e043f7ef56f,Logging a mood,76436d76-126b-42ea-a287-9bb453f8d97f,Apple Health,9b150bfa-4e95-489c-9dc0-4af8396899bf,10,11,eb32fb01-6f33-4ac6-9354-11b120d6899e,true,downloadableSrc,200,image/webp,99264,99264,3e29b251eb9ade9af46e44cda8175dbe5744c8c5cd7625ca0b478b1ebc61dd6a,1179,2676,,,bytescale.mobbin.com,f7a1807c1ac98ccf0eecf5078d61346ac9a94ca37a547f5708d580528c9e55c0,/Users/user/mobbin-sides/screen-flows/apple-health/028-apple-health-logging-a-mood-d7499ada-fe96-41fc-81e4-2e043f7ef56f/011-eb32fb01-6f33-4ac6-9354-11b120d6899e-downloadableSrc-3e29b251eb9a.webp
d7499ada-fe96-41fc-81e4-2e043f7ef56f,Logging a mood,76436d76-126b-42ea-a287-9bb453f8d97f,Apple Health,9b150bfa-4e95-489c-9dc0-4af8396899bf,11,12,0beb0411-bb14-4321-afd8-64b0a0fdc0da,true,downloadableSrc,200,image/webp,85814,85814,83dd857253ce5175502b5c97dfdc7ce74b83b76220b6dff92598227edaeebfcd,1179,2676,,,bytescale.mobbin.com,f7a1807c1ac98ccf0eecf5078d61346ac9a94ca37a547f5708d580528c9e55c0,/Users/user/mobbin-sides/screen-flows/apple-health/028-apple-health-logging-a-mood-d7499ada-fe96-41fc-81e4-2e043f7ef56f/012-0beb0411-bb14-4321-afd8-64b0a0fdc0da-downloadableSrc-83dd857253ce.webp
f2855e44-c313-4664-b4bf-635b76aab843,State of mind detail,76436d76-126b-42ea-a287-9bb453f8d97f,Apple Health,9b150bfa-4e95-489c-9dc0-4af8396899bf,0,1,0beb0411-bb14-4321-afd8-64b0a0fdc0da,true,downloadableSrc,200,image/webp,85814,85814,83dd857253ce5175502b5c97dfdc7ce74b83b76220b6dff92598227edaeebfcd,1179,2676,,,bytescale.mobbin.com,f7a1807c1ac98ccf0eecf5078d61346ac9a94ca37a547f5708d580528c9e55c0,/Users/user/mobbin-sides/screen-flows/apple-health/029-apple-health-state-of-mind-detail-f2855e44-c313-4664-b4bf-635b76aab843/001-0beb0411-bb14-4321-afd8-64b0a0fdc0da-downloadableSrc-83dd857253ce.webp
f2855e44-c313-4664-b4bf-635b76aab843,State of mind detail,76436d76-126b-42ea-a287-9bb453f8d97f,Apple Health,9b150bfa-4e95-489c-9dc0-4af8396899bf,1,2,3ce3ce8f-a9ab-4a3d-b3e0-77979d24d235,true,downloadableSrc,200,image/webp,48980,48980,5531c41f04598c158380ecf09ff741b710650548944757e07ba23f45937c2d20,1179,2676,,,bytescale.mobbin.com,f7a1807c1ac98ccf0eecf5078d61346ac9a94ca37a547f5708d580528c9e55c0,/Users/user/mobbin-sides/screen-flows/apple-health/029-apple-health-state-of-mind-detail-f2855e44-c313-4664-b4bf-635b76aab843/002-3ce3ce8f-a9ab-4a3d-b3e0-77979d24d235-downloadableSrc-5531c41f0459.webp
f2855e44-c313-4664-b4bf-635b76aab843,State of mind detail,76436d76-126b-42ea-a287-9bb453f8d97f,Apple Health,9b150bfa-4e95-489c-9dc0-4af8396899bf,2,3,52ca5656-4324-4b3b-bd53-d6a863aadd3d,true,downloadableSrc,200,image/webp,52474,52474,982e4fa0004f952c4925872e4130b5585f2fa987d4b5f4beed378c84fc990222,1179,2676,,,bytescale.mobbin.com,f7a1807c1ac98ccf0eecf5078d61346ac9a94ca37a547f5708d580528c9e55c0,/Users/user/mobbin-sides/screen-flows/apple-health/029-apple-health-state-of-mind-detail-f2855e44-c313-4664-b4bf-635b76aab843/003-52ca5656-4324-4b3b-bd53-d6a863aadd3d-downloadableSrc-982e4fa0004f.webp
99181e33-a687-4e0e-8ef5-d2c3ccf98a8e,Article,76436d76-126b-42ea-a287-9bb453f8d97f,Apple Health,9b150bfa-4e95-489c-9dc0-4af8396899bf,0,1,f0eab1e1-765e-449c-82c5-8071c57d65cf,true,downloadableSrc,200,image/webp,279218,279218,6b427ffac6133cb60b00191cc9efdec9ded048b092f748327b2731fda82ad2a6,1179,2676,,,bytescale.mobbin.com,f7a1807c1ac98ccf0eecf5078d61346ac9a94ca37a547f5708d580528c9e55c0,/Users/user/mobbin-sides/screen-flows/apple-health/030-apple-health-article-99181e33-a687-4e0e-8ef5-d2c3ccf98a8e/001-f0eab1e1-765e-449c-82c5-8071c57d65cf-downloadableSrc-6b427ffac613.webp
99181e33-a687-4e0e-8ef5-d2c3ccf98a8e,Article,76436d76-126b-42ea-a287-9bb453f8d97f,Apple Health,9b150bfa-4e95-489c-9dc0-4af8396899bf,1,2,e72408d7-3f84-492c-960d-a855165e2e3c,true,downloadableSrc,200,image/webp,258242,258242,6f24731ad9656fc8f34988090e9bb39b1a6c75c97b1e09c21df6322bce8bc2bc,1179,2676,,,bytescale.mobbin.com,f7a1807c1ac98ccf0eecf5078d61346ac9a94ca37a547f5708d580528c9e55c0,/Users/user/mobbin-sides/screen-flows/apple-health/030-apple-health-article-99181e33-a687-4e0e-8ef5-d2c3ccf98a8e/002-e72408d7-3f84-492c-960d-a855165e2e3c-downloadableSrc-6f24731ad965.webp
99181e33-a687-4e0e-8ef5-d2c3ccf98a8e,Article,76436d76-126b-42ea-a287-9bb453f8d97f,Apple Health,9b150bfa-4e95-489c-9dc0-4af8396899bf,2,3,898a3074-0529-4edb-acf2-4b47477ebdb8,true,downloadableSrc,200,image/webp,189062,189062,b42e4f1d88a359093ca647347e08d6f0ea0c7a16c920f9d8bc77b62969ba4644,1179,2676,,,bytescale.mobbin.com,f7a1807c1ac98ccf0eecf5078d61346ac9a94ca37a547f5708d580528c9e55c0,/Users/user/mobbin-sides/screen-flows/apple-health/030-apple-health-article-99181e33-a687-4e0e-8ef5-d2c3ccf98a8e/003-898a3074-0529-4edb-acf2-4b47477ebdb8-downloadableSrc-b42e4f1d88a3.webp
00d9fca9-9ce6-4ba4-8a91-e3141ce6e29d,Sharing,76436d76-126b-42ea-a287-9bb453f8d97f,Apple Health,9b150bfa-4e95-489c-9dc0-4af8396899bf,0,1,1a54ec87-6f51-416b-977b-663a1e7a2684,true,downloadableSrc,200,image/webp,90768,90768,6317370ac2c1faa97350190f51cd0356806ebc9b6ed6d39be0fe6480273eb872,1179,2676,,,bytescale.mobbin.com,f7a1807c1ac98ccf0eecf5078d61346ac9a94ca37a547f5708d580528c9e55c0,/Users/user/mobbin-sides/screen-flows/apple-health/031-apple-health-sharing-00d9fca9-9ce6-4ba4-8a91-e3141ce6e29d/001-1a54ec87-6f51-416b-977b-663a1e7a2684-downloadableSrc-6317370ac2c1.webp
00d9fca9-9ce6-4ba4-8a91-e3141ce6e29d,Sharing,76436d76-126b-42ea-a287-9bb453f8d97f,Apple Health,9b150bfa-4e95-489c-9dc0-4af8396899bf,1,2,290f7ae3-8d10-4e07-94a5-69ea92384e15,true,downloadableSrc,200,image/webp,98170,98170,904555420389db8f25f45cb0dc973a8ac5e271bb3ad701a4963968aa3ef509b5,1179,2676,,,bytescale.mobbin.com,f7a1807c1ac98ccf0eecf5078d61346ac9a94ca37a547f5708d580528c9e55c0,/Users/user/mobbin-sides/screen-flows/apple-health/031-apple-health-sharing-00d9fca9-9ce6-4ba4-8a91-e3141ce6e29d/002-290f7ae3-8d10-4e07-94a5-69ea92384e15-downloadableSrc-904555420389.webp
00d9fca9-9ce6-4ba4-8a91-e3141ce6e29d,Sharing,76436d76-126b-42ea-a287-9bb453f8d97f,Apple Health,9b150bfa-4e95-489c-9dc0-4af8396899bf,2,3,6b4927d5-0a55-4fba-a648-c37915e7c640,true,downloadableSrc,200,image/webp,99450,99450,20cf9dedc4febfbd4a4eb3da95e3362b4e3e15c5a358cfdb37d9901aea60053d,1179,2676,,,bytescale.mobbin.com,f7a1807c1ac98ccf0eecf5078d61346ac9a94ca37a547f5708d580528c9e55c0,/Users/user/mobbin-sides/screen-flows/apple-health/031-apple-health-sharing-00d9fca9-9ce6-4ba4-8a91-e3141ce6e29d/003-6b4927d5-0a55-4fba-a648-c37915e7c640-downloadableSrc-20cf9dedc4fe.webp
f5de1f34-8e2a-4567-840d-eac966c7ef88,Share with someone,76436d76-126b-42ea-a287-9bb453f8d97f,Apple Health,9b150bfa-4e95-489c-9dc0-4af8396899bf,0,1,290f7ae3-8d10-4e07-94a5-69ea92384e15,true,downloadableSrc,200,image/webp,98170,98170,904555420389db8f25f45cb0dc973a8ac5e271bb3ad701a4963968aa3ef509b5,1179,2676,,,bytescale.mobbin.com,f7a1807c1ac98ccf0eecf5078d61346ac9a94ca37a547f5708d580528c9e55c0,/Users/user/mobbin-sides/screen-flows/apple-health/032-apple-health-share-with-someone-f5de1f34-8e2a-4567-840d-eac966c7ef88/001-290f7ae3-8d10-4e07-94a5-69ea92384e15-downloadableSrc-904555420389.webp
f5de1f34-8e2a-4567-840d-eac966c7ef88,Share with someone,76436d76-126b-42ea-a287-9bb453f8d97f,Apple Health,9b150bfa-4e95-489c-9dc0-4af8396899bf,1,2,8f9a175b-f1d9-4bfb-8a15-7930caa696f7,true,downloadableSrc,200,image/webp,42002,42002,9cbd19989928c251c3b2a7d3e6083482d107d7d08f2dfc93f7964e5a13fa65d9,1179,2676,,,bytescale.mobbin.com,f7a1807c1ac98ccf0eecf5078d61346ac9a94ca37a547f5708d580528c9e55c0,/Users/user/mobbin-sides/screen-flows/apple-health/032-apple-health-share-with-someone-f5de1f34-8e2a-4567-840d-eac966c7ef88/002-8f9a175b-f1d9-4bfb-8a15-7930caa696f7-downloadableSrc-9cbd19989928.webp
f5de1f34-8e2a-4567-840d-eac966c7ef88,Share with someone,76436d76-126b-42ea-a287-9bb453f8d97f,Apple Health,9b150bfa-4e95-489c-9dc0-4af8396899bf,2,3,de498f80-de20-4640-bb61-38fb44c4b1a9,true,downloadableSrc,200,image/webp,46624,46624,a888d4867500cecfc8e3dc05bae6274d07235ad5d33b80f1bdc3d87e3b19b52f,1179,2676,,,bytescale.mobbin.com,f7a1807c1ac98ccf0eecf5078d61346ac9a94ca37a547f5708d580528c9e55c0,/Users/user/mobbin-sides/screen-flows/apple-health/032-apple-health-share-with-someone-f5de1f34-8e2a-4567-840d-eac966c7ef88/003-de498f80-de20-4640-bb61-38fb44c4b1a9-downloadableSrc-a888d4867500.webp
f5de1f34-8e2a-4567-840d-eac966c7ef88,Share with someone,76436d76-126b-42ea-a287-9bb453f8d97f,Apple Health,9b150bfa-4e95-489c-9dc0-4af8396899bf,3,4,c3e3417c-4e7c-41d1-a210-9245dea079eb,true,downloadableSrc,200,image/webp,46092,46092,4fe0274546a9ca02c7db3ff8c83b966a93a0a279d91a08db9e7b8f3e7994ec64,1179,2676,,,bytescale.mobbin.com,f7a1807c1ac98ccf0eecf5078d61346ac9a94ca37a547f5708d580528c9e55c0,/Users/user/mobbin-sides/screen-flows/apple-health/032-apple-health-share-with-someone-f5de1f34-8e2a-4567-840d-eac966c7ef88/004-c3e3417c-4e7c-41d1-a210-9245dea079eb-downloadableSrc-4fe0274546a9.webp
2f4d2d82-7b6d-4497-b4fe-e69f49a10617,View research studies,76436d76-126b-42ea-a287-9bb453f8d97f,Apple Health,9b150bfa-4e95-489c-9dc0-4af8396899bf,0,1,6b4927d5-0a55-4fba-a648-c37915e7c640,true,downloadableSrc,200,image/webp,99450,99450,20cf9dedc4febfbd4a4eb3da95e3362b4e3e15c5a358cfdb37d9901aea60053d,1179,2676,,,bytescale.mobbin.com,f7a1807c1ac98ccf0eecf5078d61346ac9a94ca37a547f5708d580528c9e55c0,/Users/user/mobbin-sides/screen-flows/apple-health/033-apple-health-view-research-studies-2f4d2d82-7b6d-4497-b4fe-e69f49a10617/001-6b4927d5-0a55-4fba-a648-c37915e7c640-downloadableSrc-20cf9dedc4fe.webp
2f4d2d82-7b6d-4497-b4fe-e69f49a10617,View research studies,76436d76-126b-42ea-a287-9bb453f8d97f,Apple Health,9b150bfa-4e95-489c-9dc0-4af8396899bf,1,2,dfeff457-7662-4ab8-b6a8-3394f320c8ea,true,downloadableSrc,200,image/webp,51400,51400,691096e05bdbfc49e93eac077c964a3eddd15a6905b982e66efb4a8e470c2454,1179,2676,,,bytescale.mobbin.com,f7a1807c1ac98ccf0eecf5078d61346ac9a94ca37a547f5708d580528c9e55c0,/Users/user/mobbin-sides/screen-flows/apple-health/033-apple-health-view-research-studies-2f4d2d82-7b6d-4497-b4fe-e69f49a10617/002-dfeff457-7662-4ab8-b6a8-3394f320c8ea-downloadableSrc-691096e05bdb.webp
a50e2c67-b7f5-4b5b-94f5-6ed71c1d224e,Searching apple health,76436d76-126b-42ea-a287-9bb453f8d97f,Apple Health,9b150bfa-4e95-489c-9dc0-4af8396899bf,0,1,1a54ec87-6f51-416b-977b-663a1e7a2684,true,downloadableSrc,200,image/webp,90768,90768,6317370ac2c1faa97350190f51cd0356806ebc9b6ed6d39be0fe6480273eb872,1179,2676,,,bytescale.mobbin.com,f7a1807c1ac98ccf0eecf5078d61346ac9a94ca37a547f5708d580528c9e55c0,/Users/user/mobbin-sides/screen-flows/apple-health/034-apple-health-searching-apple-health-a50e2c67-b7f5-4b5b-94f5-6ed71c1d224e/001-1a54ec87-6f51-416b-977b-663a1e7a2684-downloadableSrc-6317370ac2c1.webp
a50e2c67-b7f5-4b5b-94f5-6ed71c1d224e,Searching apple health,76436d76-126b-42ea-a287-9bb453f8d97f,Apple Health,9b150bfa-4e95-489c-9dc0-4af8396899bf,1,2,cd8919aa-c470-48b8-8716-54343395eab2,true,downloadableSrc,200,image/webp,64202,64202,f7426e463ca99d3935cc773a5432a12304bdf341cc0ac20c243eb1af21bca039,1179,2676,,,bytescale.mobbin.com,f7a1807c1ac98ccf0eecf5078d61346ac9a94ca37a547f5708d580528c9e55c0,/Users/user/mobbin-sides/screen-flows/apple-health/034-apple-health-searching-apple-health-a50e2c67-b7f5-4b5b-94f5-6ed71c1d224e/002-cd8919aa-c470-48b8-8716-54343395eab2-downloadableSrc-f7426e463ca9.webp
a50e2c67-b7f5-4b5b-94f5-6ed71c1d224e,Searching apple health,76436d76-126b-42ea-a287-9bb453f8d97f,Apple Health,9b150bfa-4e95-489c-9dc0-4af8396899bf,2,3,8c245628-a453-4628-add0-113b844d513a,true,downloadableSrc,200,image/webp,61044,61044,911000b153ac91312c85ef46f8916be3ffabe7eecd446765097df874a7e78ecd,1179,2676,,,bytescale.mobbin.com,f7a1807c1ac98ccf0eecf5078d61346ac9a94ca37a547f5708d580528c9e55c0,/Users/user/mobbin-sides/screen-flows/apple-health/034-apple-health-searching-apple-health-a50e2c67-b7f5-4b5b-94f5-6ed71c1d224e/003-8c245628-a453-4628-add0-113b844d513a-downloadableSrc-911000b153ac.webp
a50e2c67-b7f5-4b5b-94f5-6ed71c1d224e,Searching apple health,76436d76-126b-42ea-a287-9bb453f8d97f,Apple Health,9b150bfa-4e95-489c-9dc0-4af8396899bf,3,4,e04fab4c-62e8-4bed-96f6-2c249c411e83,true,downloadableSrc,200,image/webp,50608,50608,6b5a3a1c6795045cf67d168a3435bc48f750f00b7cbffa65c5c1d884f805b633,1179,2676,,,bytescale.mobbin.com,f7a1807c1ac98ccf0eecf5078d61346ac9a94ca37a547f5708d580528c9e55c0,/Users/user/mobbin-sides/screen-flows/apple-health/034-apple-health-searching-apple-health-a50e2c67-b7f5-4b5b-94f5-6ed71c1d224e/004-e04fab4c-62e8-4bed-96f6-2c249c411e83-downloadableSrc-6b5a3a1c6795.webp
fdbfddc7-5c9d-49c2-be04-52b6004b557e,Setting up cycle tracking,76436d76-126b-42ea-a287-9bb453f8d97f,Apple Health,9b150bfa-4e95-489c-9dc0-4af8396899bf,0,1,cd8919aa-c470-48b8-8716-54343395eab2,true,downloadableSrc,200,image/webp,64202,64202,f7426e463ca99d3935cc773a5432a12304bdf341cc0ac20c243eb1af21bca039,1179,2676,,,bytescale.mobbin.com,f7a1807c1ac98ccf0eecf5078d61346ac9a94ca37a547f5708d580528c9e55c0,/Users/user/mobbin-sides/screen-flows/apple-health/035-apple-health-setting-up-cycle-tracking-fdbfddc7-5c9d-49c2-be04-52b6004b557e/001-cd8919aa-c470-48b8-8716-54343395eab2-downloadableSrc-f7426e463ca9.webp
fdbfddc7-5c9d-49c2-be04-52b6004b557e,Setting up cycle tracking,76436d76-126b-42ea-a287-9bb453f8d97f,Apple Health,9b150bfa-4e95-489c-9dc0-4af8396899bf,1,2,8248489e-0ad5-40f2-86c1-b641a47adbfa,true,downloadableSrc,200,image/webp,101350,101350,be0319644e4c36ae4d46a079574a782b0c1086500f99af8d445061837167c462,1179,2676,,,bytescale.mobbin.com,f7a1807c1ac98ccf0eecf5078d61346ac9a94ca37a547f5708d580528c9e55c0,/Users/user/mobbin-sides/screen-flows/apple-health/035-apple-health-setting-up-cycle-tracking-fdbfddc7-5c9d-49c2-be04-52b6004b557e/002-8248489e-0ad5-40f2-86c1-b641a47adbfa-downloadableSrc-be0319644e4c.webp
fdbfddc7-5c9d-49c2-be04-52b6004b557e,Setting up cycle tracking,76436d76-126b-42ea-a287-9bb453f8d97f,Apple Health,9b150bfa-4e95-489c-9dc0-4af8396899bf,2,3,aa93b56d-7f7f-4751-8860-6f9c46144736,true,downloadableSrc,200,image/webp,64454,64454,f563c6ef78fc3979a88e545a29ff26ff24f399853ba8d7bbd7724c5870f8c10f,1179,2676,,,bytescale.mobbin.com,f7a1807c1ac98ccf0eecf5078d61346ac9a94ca37a547f5708d580528c9e55c0,/Users/user/mobbin-sides/screen-flows/apple-health/035-apple-health-setting-up-cycle-tracking-fdbfddc7-5c9d-49c2-be04-52b6004b557e/003-aa93b56d-7f7f-4751-8860-6f9c46144736-downloadableSrc-f563c6ef78fc.webp
fdbfddc7-5c9d-49c2-be04-52b6004b557e,Setting up cycle tracking,76436d76-126b-42ea-a287-9bb453f8d97f,Apple Health,9b150bfa-4e95-489c-9dc0-4af8396899bf,3,4,c3439197-4c96-49b8-b62e-1deaa3a550c6,true,downloadableSrc,200,image/webp,67064,67064,b19c560c0e71a63ff9ce5f1dea0e8f561cecf92738ae7cb6e455c7f92313430e,1179,2676,,,bytescale.mobbin.com,f7a1807c1ac98ccf0eecf5078d61346ac9a94ca37a547f5708d580528c9e55c0,/Users/user/mobbin-sides/screen-flows/apple-health/035-apple-health-setting-up-cycle-tracking-fdbfddc7-5c9d-49c2-be04-52b6004b557e/004-c3439197-4c96-49b8-b62e-1deaa3a550c6-downloadableSrc-b19c560c0e71.webp
fdbfddc7-5c9d-49c2-be04-52b6004b557e,Setting up cycle tracking,76436d76-126b-42ea-a287-9bb453f8d97f,Apple Health,9b150bfa-4e95-489c-9dc0-4af8396899bf,4,5,238ada2c-cdbf-4272-8a52-9e84f870e9c4,true,downloadableSrc,200,image/webp,47344,47344,bfd5bd324bf977bc93f770cd6845ea911f19c52945eef8d34dca1edafc156329,1179,2676,,,bytescale.mobbin.com,f7a1807c1ac98ccf0eecf5078d61346ac9a94ca37a547f5708d580528c9e55c0,/Users/user/mobbin-sides/screen-flows/apple-health/035-apple-health-setting-up-cycle-tracking-fdbfddc7-5c9d-49c2-be04-52b6004b557e/005-238ada2c-cdbf-4272-8a52-9e84f870e9c4-downloadableSrc-bfd5bd324bf9.webp
fdbfddc7-5c9d-49c2-be04-52b6004b557e,Setting up cycle tracking,76436d76-126b-42ea-a287-9bb453f8d97f,Apple Health,9b150bfa-4e95-489c-9dc0-4af8396899bf,5,6,43a0a996-e532-49f4-bcfa-b60e308f9ea2,true,downloadableSrc,200,image/webp,48336,48336,1140e259be35a2e1e020dacc339405bf931e63beaac43f7bd7d3483b74fd645f,1179,2676,,,bytescale.mobbin.com,f7a1807c1ac98ccf0eecf5078d61346ac9a94ca37a547f5708d580528c9e55c0,/Users/user/mobbin-sides/screen-flows/apple-health/035-apple-health-setting-up-cycle-tracking-fdbfddc7-5c9d-49c2-be04-52b6004b557e/006-43a0a996-e532-49f4-bcfa-b60e308f9ea2-downloadableSrc-1140e259be35.webp
fdbfddc7-5c9d-49c2-be04-52b6004b557e,Setting up cycle tracking,76436d76-126b-42ea-a287-9bb453f8d97f,Apple Health,9b150bfa-4e95-489c-9dc0-4af8396899bf,6,7,8dadbe06-c7c5-4fdb-9a66-bb79d4c8db70,true,downloadableSrc,200,image/webp,49568,49568,d283121beedf9eff00a2381aa0d6807faf62d5253ed25a7c301fb9636f322252,1179,2676,,,bytescale.mobbin.com,f7a1807c1ac98ccf0eecf5078d61346ac9a94ca37a547f5708d580528c9e55c0,/Users/user/mobbin-sides/screen-flows/apple-health/035-apple-health-setting-up-cycle-tracking-fdbfddc7-5c9d-49c2-be04-52b6004b557e/007-8dadbe06-c7c5-4fdb-9a66-bb79d4c8db70-downloadableSrc-d283121beedf.webp
fdbfddc7-5c9d-49c2-be04-52b6004b557e,Setting up cycle tracking,76436d76-126b-42ea-a287-9bb453f8d97f,Apple Health,9b150bfa-4e95-489c-9dc0-4af8396899bf,7,8,4819be87-ad0a-4300-9a19-8b640de5c3aa,true,downloadableSrc,200,image/webp,49036,49036,2d7eed8e8f268f51252be2ec36f2c4b88da536b6823090417b78e3a0da4eff12,1179,2676,,,bytescale.mobbin.com,f7a1807c1ac98ccf0eecf5078d61346ac9a94ca37a547f5708d580528c9e55c0,/Users/user/mobbin-sides/screen-flows/apple-health/035-apple-health-setting-up-cycle-tracking-fdbfddc7-5c9d-49c2-be04-52b6004b557e/008-4819be87-ad0a-4300-9a19-8b640de5c3aa-downloadableSrc-2d7eed8e8f26.webp
fdbfddc7-5c9d-49c2-be04-52b6004b557e,Setting up cycle tracking,76436d76-126b-42ea-a287-9bb453f8d97f,Apple Health,9b150bfa-4e95-489c-9dc0-4af8396899bf,8,9,1dc653e5-3f3c-45c3-b6b1-0b5991e04a37,true,downloadableSrc,200,image/webp,60870,60870,78f91666756a867beedb0a9a93bc5a1d6bf0825e5bb39bc2181b14881906c757,1179,2676,,,bytescale.mobbin.com,f7a1807c1ac98ccf0eecf5078d61346ac9a94ca37a547f5708d580528c9e55c0,/Users/user/mobbin-sides/screen-flows/apple-health/035-apple-health-setting-up-cycle-tracking-fdbfddc7-5c9d-49c2-be04-52b6004b557e/009-1dc653e5-3f3c-45c3-b6b1-0b5991e04a37-downloadableSrc-78f91666756a.webp
fdbfddc7-5c9d-49c2-be04-52b6004b557e,Setting up cycle tracking,76436d76-126b-42ea-a287-9bb453f8d97f,Apple Health,9b150bfa-4e95-489c-9dc0-4af8396899bf,9,10,2bf862a5-6a7d-462a-b38f-41d2c195dd7a,true,downloadableSrc,200,image/webp,71716,71716,d638eb82cad39c5303e381d6a4527c609a6c27935908ef31a0b8ef74b6924b52,1179,2676,,,bytescale.mobbin.com,f7a1807c1ac98ccf0eecf5078d61346ac9a94ca37a547f5708d580528c9e55c0,/Users/user/mobbin-sides/screen-flows/apple-health/035-apple-health-setting-up-cycle-tracking-fdbfddc7-5c9d-49c2-be04-52b6004b557e/010-2bf862a5-6a7d-462a-b38f-41d2c195dd7a-downloadableSrc-d638eb82cad3.webp
fdbfddc7-5c9d-49c2-be04-52b6004b557e,Setting up cycle tracking,76436d76-126b-42ea-a287-9bb453f8d97f,Apple Health,9b150bfa-4e95-489c-9dc0-4af8396899bf,10,11,af905b2f-f199-4a20-acf9-075243882efc,true,downloadableSrc,200,image/webp,58744,58744,48bbb838d73716d151ba9b126023b278419d5a5d9d1a56241ce9aa80a22576b9,1179,2676,,,bytescale.mobbin.com,f7a1807c1ac98ccf0eecf5078d61346ac9a94ca37a547f5708d580528c9e55c0,/Users/user/mobbin-sides/screen-flows/apple-health/035-apple-health-setting-up-cycle-tracking-fdbfddc7-5c9d-49c2-be04-52b6004b557e/011-af905b2f-f199-4a20-acf9-075243882efc-downloadableSrc-48bbb838d737.webp
fdbfddc7-5c9d-49c2-be04-52b6004b557e,Setting up cycle tracking,76436d76-126b-42ea-a287-9bb453f8d97f,Apple Health,9b150bfa-4e95-489c-9dc0-4af8396899bf,11,12,154184d0-1640-4297-afa7-f1464eab3ea6,true,downloadableSrc,200,image/webp,51876,51876,c807994a98049d89c823cca51785ed7a3dc090d7355d36101c0a79c636e9b936,1179,2676,,,bytescale.mobbin.com,f7a1807c1ac98ccf0eecf5078d61346ac9a94ca37a547f5708d580528c9e55c0,/Users/user/mobbin-sides/screen-flows/apple-health/035-apple-health-setting-up-cycle-tracking-fdbfddc7-5c9d-49c2-be04-52b6004b557e/012-154184d0-1640-4297-afa7-f1464eab3ea6-downloadableSrc-c807994a9804.webp
fdbfddc7-5c9d-49c2-be04-52b6004b557e,Setting up cycle tracking,76436d76-126b-42ea-a287-9bb453f8d97f,Apple Health,9b150bfa-4e95-489c-9dc0-4af8396899bf,12,13,f80f20bf-5293-41aa-be47-51483c09437c,true,downloadableSrc,200,image/webp,58990,58990,d7eb3697a2db773fd5643c92567451cfdc729c382044e5c0549febca56469855,1179,2676,,,bytescale.mobbin.com,f7a1807c1ac98ccf0eecf5078d61346ac9a94ca37a547f5708d580528c9e55c0,/Users/user/mobbin-sides/screen-flows/apple-health/035-apple-health-setting-up-cycle-tracking-fdbfddc7-5c9d-49c2-be04-52b6004b557e/013-f80f20bf-5293-41aa-be47-51483c09437c-downloadableSrc-d7eb3697a2db.webp
fdbfddc7-5c9d-49c2-be04-52b6004b557e,Setting up cycle tracking,76436d76-126b-42ea-a287-9bb453f8d97f,Apple Health,9b150bfa-4e95-489c-9dc0-4af8396899bf,13,14,33a34fa9-e127-46bd-a58c-77679d88eb66,true,downloadableSrc,200,image/webp,64934,64934,48cf7bc05fd91da63dd982af8c6f8302e64d27b12b698b2467c2fd753b8e999b,1179,2676,,,bytescale.mobbin.com,f7a1807c1ac98ccf0eecf5078d61346ac9a94ca37a547f5708d580528c9e55c0,/Users/user/mobbin-sides/screen-flows/apple-health/035-apple-health-setting-up-cycle-tracking-fdbfddc7-5c9d-49c2-be04-52b6004b557e/014-33a34fa9-e127-46bd-a58c-77679d88eb66-downloadableSrc-48cf7bc05fd9.webp
fdbfddc7-5c9d-49c2-be04-52b6004b557e,Setting up cycle tracking,76436d76-126b-42ea-a287-9bb453f8d97f,Apple Health,9b150bfa-4e95-489c-9dc0-4af8396899bf,14,15,d79ab36a-4d23-4271-b756-e1bd59b1c2ed,true,downloadableSrc,200,image/webp,64828,64828,27fc3cd106446cb30c62e3bd445bb5edb2d41ef47a59d52d2af9a5566a0c4a54,1179,2676,,,bytescale.mobbin.com,f7a1807c1ac98ccf0eecf5078d61346ac9a94ca37a547f5708d580528c9e55c0,/Users/user/mobbin-sides/screen-flows/apple-health/035-apple-health-setting-up-cycle-tracking-fdbfddc7-5c9d-49c2-be04-52b6004b557e/015-d79ab36a-4d23-4271-b756-e1bd59b1c2ed-downloadableSrc-27fc3cd10644.webp
fdbfddc7-5c9d-49c2-be04-52b6004b557e,Setting up cycle tracking,76436d76-126b-42ea-a287-9bb453f8d97f,Apple Health,9b150bfa-4e95-489c-9dc0-4af8396899bf,15,16,30019f49-7d86-4f9b-8dc0-658a5384d0e5,true,downloadableSrc,200,image/webp,66424,66424,e649638772ad74903c91a38d627e199936b5296ce224317564a15593b95fedf1,1179,2676,,,bytescale.mobbin.com,f7a1807c1ac98ccf0eecf5078d61346ac9a94ca37a547f5708d580528c9e55c0,/Users/user/mobbin-sides/screen-flows/apple-health/035-apple-health-setting-up-cycle-tracking-fdbfddc7-5c9d-49c2-be04-52b6004b557e/016-30019f49-7d86-4f9b-8dc0-658a5384d0e5-downloadableSrc-e649638772ad.webp
fdbfddc7-5c9d-49c2-be04-52b6004b557e,Setting up cycle tracking,76436d76-126b-42ea-a287-9bb453f8d97f,Apple Health,9b150bfa-4e95-489c-9dc0-4af8396899bf,16,17,42fc0d65-9435-42ab-ac25-75b6ad9dd20f,true,downloadableSrc,200,image/webp,97386,97386,7ce203154a12e44aa92413fa66fb61c36eb013510dc2c13231e212ebd05ac192,1179,2676,,,bytescale.mobbin.com,f7a1807c1ac98ccf0eecf5078d61346ac9a94ca37a547f5708d580528c9e55c0,/Users/user/mobbin-sides/screen-flows/apple-health/035-apple-health-setting-up-cycle-tracking-fdbfddc7-5c9d-49c2-be04-52b6004b557e/017-42fc0d65-9435-42ab-ac25-75b6ad9dd20f-downloadableSrc-7ce203154a12.webp
fdbfddc7-5c9d-49c2-be04-52b6004b557e,Setting up cycle tracking,76436d76-126b-42ea-a287-9bb453f8d97f,Apple Health,9b150bfa-4e95-489c-9dc0-4af8396899bf,17,18,6ac596c7-5534-4f8b-b062-efeb659bb877,true,downloadableSrc,200,image/webp,86536,86536,45ab38b1fac56d884d23331764a9f96288ca9850189a7ec16262dec789beaa57,1179,2676,,,bytescale.mobbin.com,f7a1807c1ac98ccf0eecf5078d61346ac9a94ca37a547f5708d580528c9e55c0,/Users/user/mobbin-sides/screen-flows/apple-health/035-apple-health-setting-up-cycle-tracking-fdbfddc7-5c9d-49c2-be04-52b6004b557e/018-6ac596c7-5534-4f8b-b062-efeb659bb877-downloadableSrc-45ab38b1fac5.webp
99f2771d-6754-4975-81cf-f16973f809e5,Logging a period,76436d76-126b-42ea-a287-9bb453f8d97f,Apple Health,9b150bfa-4e95-489c-9dc0-4af8396899bf,0,1,d79ab36a-4d23-4271-b756-e1bd59b1c2ed,true,downloadableSrc,200,image/webp,64828,64828,27fc3cd106446cb30c62e3bd445bb5edb2d41ef47a59d52d2af9a5566a0c4a54,1179,2676,,,bytescale.mobbin.com,f7a1807c1ac98ccf0eecf5078d61346ac9a94ca37a547f5708d580528c9e55c0,/Users/user/mobbin-sides/screen-flows/apple-health/036-apple-health-logging-a-period-99f2771d-6754-4975-81cf-f16973f809e5/001-d79ab36a-4d23-4271-b756-e1bd59b1c2ed-downloadableSrc-27fc3cd10644.webp
99f2771d-6754-4975-81cf-f16973f809e5,Logging a period,76436d76-126b-42ea-a287-9bb453f8d97f,Apple Health,9b150bfa-4e95-489c-9dc0-4af8396899bf,1,2,ff954ee3-5366-443f-b94f-5033aa701f10,true,downloadableSrc,200,image/webp,38308,38308,6b70866ab8110079a18c5ee46fa3ef26b60e21c18acf796c2b5ba5e3ebebc9aa,1179,2676,,,bytescale.mobbin.com,f7a1807c1ac98ccf0eecf5078d61346ac9a94ca37a547f5708d580528c9e55c0,/Users/user/mobbin-sides/screen-flows/apple-health/036-apple-health-logging-a-period-99f2771d-6754-4975-81cf-f16973f809e5/002-ff954ee3-5366-443f-b94f-5033aa701f10-downloadableSrc-6b70866ab811.webp
99f2771d-6754-4975-81cf-f16973f809e5,Logging a period,76436d76-126b-42ea-a287-9bb453f8d97f,Apple Health,9b150bfa-4e95-489c-9dc0-4af8396899bf,2,3,1bc62066-d85c-484b-bab2-2710c2c524f9,true,downloadableSrc,200,image/webp,42294,42294,ebbac97281a7b9c9279e5d0016985a7b3dcc038d5d17389f071d795b1d18a520,1179,2676,,,bytescale.mobbin.com,f7a1807c1ac98ccf0eecf5078d61346ac9a94ca37a547f5708d580528c9e55c0,/Users/user/mobbin-sides/screen-flows/apple-health/036-apple-health-logging-a-period-99f2771d-6754-4975-81cf-f16973f809e5/003-1bc62066-d85c-484b-bab2-2710c2c524f9-downloadableSrc-ebbac97281a7.webp
99f2771d-6754-4975-81cf-f16973f809e5,Logging a period,76436d76-126b-42ea-a287-9bb453f8d97f,Apple Health,9b150bfa-4e95-489c-9dc0-4af8396899bf,3,4,fbccb88d-2e21-46cb-9cbb-121913328906,true,downloadableSrc,200,image/webp,54962,54962,a146a66661365b117c098cfcedf0852e530f4e94525b3a2a5b39349980664454,1179,2676,,,bytescale.mobbin.com,f7a1807c1ac98ccf0eecf5078d61346ac9a94ca37a547f5708d580528c9e55c0,/Users/user/mobbin-sides/screen-flows/apple-health/036-apple-health-logging-a-period-99f2771d-6754-4975-81cf-f16973f809e5/004-fbccb88d-2e21-46cb-9cbb-121913328906-downloadableSrc-a146a6666136.webp
99f2771d-6754-4975-81cf-f16973f809e5,Logging a period,76436d76-126b-42ea-a287-9bb453f8d97f,Apple Health,9b150bfa-4e95-489c-9dc0-4af8396899bf,4,5,30019f49-7d86-4f9b-8dc0-658a5384d0e5,true,downloadableSrc,200,image/webp,66424,66424,e649638772ad74903c91a38d627e199936b5296ce224317564a15593b95fedf1,1179,2676,,,bytescale.mobbin.com,f7a1807c1ac98ccf0eecf5078d61346ac9a94ca37a547f5708d580528c9e55c0,/Users/user/mobbin-sides/screen-flows/apple-health/036-apple-health-logging-a-period-99f2771d-6754-4975-81cf-f16973f809e5/005-30019f49-7d86-4f9b-8dc0-658a5384d0e5-downloadableSrc-e649638772ad.webp
c5ae8fde-45b9-44e2-847a-39fbd009bb6c,Factors,76436d76-126b-42ea-a287-9bb453f8d97f,Apple Health,9b150bfa-4e95-489c-9dc0-4af8396899bf,0,1,30019f49-7d86-4f9b-8dc0-658a5384d0e5,true,downloadableSrc,200,image/webp,66424,66424,e649638772ad74903c91a38d627e199936b5296ce224317564a15593b95fedf1,1179,2676,,,bytescale.mobbin.com,f7a1807c1ac98ccf0eecf5078d61346ac9a94ca37a547f5708d580528c9e55c0,/Users/user/mobbin-sides/screen-flows/apple-health/037-apple-health-factors-c5ae8fde-45b9-44e2-847a-39fbd009bb6c/001-30019f49-7d86-4f9b-8dc0-658a5384d0e5-downloadableSrc-e649638772ad.webp
c5ae8fde-45b9-44e2-847a-39fbd009bb6c,Factors,76436d76-126b-42ea-a287-9bb453f8d97f,Apple Health,9b150bfa-4e95-489c-9dc0-4af8396899bf,1,2,b49b0533-281c-4224-9743-4fdaa6c6c568,true,downloadableSrc,200,image/webp,37762,37762,e1e4127ef3dc6dc070cee27910e8f598a7e0fc281436a1c1bba9b39a46d7a9e0,1179,2676,,,bytescale.mobbin.com,f7a1807c1ac98ccf0eecf5078d61346ac9a94ca37a547f5708d580528c9e55c0,/Users/user/mobbin-sides/screen-flows/apple-health/037-apple-health-factors-c5ae8fde-45b9-44e2-847a-39fbd009bb6c/002-b49b0533-281c-4224-9743-4fdaa6c6c568-downloadableSrc-e1e4127ef3dc.webp
c5ae8fde-45b9-44e2-847a-39fbd009bb6c,Factors,76436d76-126b-42ea-a287-9bb453f8d97f,Apple Health,9b150bfa-4e95-489c-9dc0-4af8396899bf,2,3,1ce28edf-90a8-4f33-bec3-6188e9b8cb1c,true,downloadableSrc,200,image/webp,40798,40798,0ec683ec891509aa241f929ef123f59caf5f300785b07b378a0cca11681989c0,1179,2676,,,bytescale.mobbin.com,f7a1807c1ac98ccf0eecf5078d61346ac9a94ca37a547f5708d580528c9e55c0,/Users/user/mobbin-sides/screen-flows/apple-health/037-apple-health-factors-c5ae8fde-45b9-44e2-847a-39fbd009bb6c/003-1ce28edf-90a8-4f33-bec3-6188e9b8cb1c-downloadableSrc-0ec683ec8915.webp
d0b0ae08-53d2-418e-9439-c7ace1f7dc31,Adding a pregnancy,76436d76-126b-42ea-a287-9bb453f8d97f,Apple Health,9b150bfa-4e95-489c-9dc0-4af8396899bf,0,1,b49b0533-281c-4224-9743-4fdaa6c6c568,true,downloadableSrc,200,image/webp,37762,37762,e1e4127ef3dc6dc070cee27910e8f598a7e0fc281436a1c1bba9b39a46d7a9e0,1179,2676,,,bytescale.mobbin.com,f7a1807c1ac98ccf0eecf5078d61346ac9a94ca37a547f5708d580528c9e55c0,/Users/user/mobbin-sides/screen-flows/apple-health/038-apple-health-adding-a-pregnancy-d0b0ae08-53d2-418e-9439-c7ace1f7dc31/001-b49b0533-281c-4224-9743-4fdaa6c6c568-downloadableSrc-e1e4127ef3dc.webp
d0b0ae08-53d2-418e-9439-c7ace1f7dc31,Adding a pregnancy,76436d76-126b-42ea-a287-9bb453f8d97f,Apple Health,9b150bfa-4e95-489c-9dc0-4af8396899bf,1,2,b66efb7b-b877-4263-b5be-09d4de482ca0,true,downloadableSrc,200,image/webp,37734,37734,ec50ab3fb104f4fbd239b150f510a5d1043bd122c5158dd95018a15f97f0f527,1179,2676,,,bytescale.mobbin.com,f7a1807c1ac98ccf0eecf5078d61346ac9a94ca37a547f5708d580528c9e55c0,/Users/user/mobbin-sides/screen-flows/apple-health/038-apple-health-adding-a-pregnancy-d0b0ae08-53d2-418e-9439-c7ace1f7dc31/002-b66efb7b-b877-4263-b5be-09d4de482ca0-downloadableSrc-ec50ab3fb104.webp
d0b0ae08-53d2-418e-9439-c7ace1f7dc31,Adding a pregnancy,76436d76-126b-42ea-a287-9bb453f8d97f,Apple Health,9b150bfa-4e95-489c-9dc0-4af8396899bf,2,3,fed0b0c8-baa1-41ef-8683-fb54cd0c9570,true,downloadableSrc,200,image/webp,44128,44128,f47c4783337f2c5038154a23c297960accb380513a8d29d65adc2800cf28751a,1179,2676,,,bytescale.mobbin.com,f7a1807c1ac98ccf0eecf5078d61346ac9a94ca37a547f5708d580528c9e55c0,/Users/user/mobbin-sides/screen-flows/apple-health/038-apple-health-adding-a-pregnancy-d0b0ae08-53d2-418e-9439-c7ace1f7dc31/003-fed0b0c8-baa1-41ef-8683-fb54cd0c9570-downloadableSrc-f47c4783337f.webp
d0b0ae08-53d2-418e-9439-c7ace1f7dc31,Adding a pregnancy,76436d76-126b-42ea-a287-9bb453f8d97f,Apple Health,9b150bfa-4e95-489c-9dc0-4af8396899bf,3,4,ff94d9b5-4075-46df-b9e4-bda0eb0601df,true,downloadableSrc,200,image/webp,85278,85278,3fd9d9fac46f708d9957a89230d177fdd49f31ab50a0ce5b4f2ae985bd5826f7,1179,2676,,,bytescale.mobbin.com,f7a1807c1ac98ccf0eecf5078d61346ac9a94ca37a547f5708d580528c9e55c0,/Users/user/mobbin-sides/screen-flows/apple-health/038-apple-health-adding-a-pregnancy-d0b0ae08-53d2-418e-9439-c7ace1f7dc31/004-ff94d9b5-4075-46df-b9e4-bda0eb0601df-downloadableSrc-3fd9d9fac46f.webp
d0b0ae08-53d2-418e-9439-c7ace1f7dc31,Adding a pregnancy,76436d76-126b-42ea-a287-9bb453f8d97f,Apple Health,9b150bfa-4e95-489c-9dc0-4af8396899bf,4,5,935c0bf7-1327-42e5-8e02-eeeb773328db,true,downloadableSrc,200,image/webp,87362,87362,0340851ed5803cd55be667f8b59c8f8580cf3d17e1b7aba781a3f3bb541e896b,1179,2676,,,bytescale.mobbin.com,f7a1807c1ac98ccf0eecf5078d61346ac9a94ca37a547f5708d580528c9e55c0,/Users/user/mobbin-sides/screen-flows/apple-health/038-apple-health-adding-a-pregnancy-d0b0ae08-53d2-418e-9439-c7ace1f7dc31/005-935c0bf7-1327-42e5-8e02-eeeb773328db-downloadableSrc-0340851ed580.webp
d0b0ae08-53d2-418e-9439-c7ace1f7dc31,Adding a pregnancy,76436d76-126b-42ea-a287-9bb453f8d97f,Apple Health,9b150bfa-4e95-489c-9dc0-4af8396899bf,5,6,492b2bea-9409-4fc6-bde9-1becb4b3033c,true,downloadableSrc,200,image/webp,42938,42938,359125bf20c691526dbdc4d4afa35ec26b236e0cb01610de18d5ad71fc4fd45f,1179,2676,,,bytescale.mobbin.com,f7a1807c1ac98ccf0eecf5078d61346ac9a94ca37a547f5708d580528c9e55c0,/Users/user/mobbin-sides/screen-flows/apple-health/038-apple-health-adding-a-pregnancy-d0b0ae08-53d2-418e-9439-c7ace1f7dc31/006-492b2bea-9409-4fc6-bde9-1becb4b3033c-downloadableSrc-359125bf20c6.webp
d0b0ae08-53d2-418e-9439-c7ace1f7dc31,Adding a pregnancy,76436d76-126b-42ea-a287-9bb453f8d97f,Apple Health,9b150bfa-4e95-489c-9dc0-4af8396899bf,6,7,79afff35-0e91-4181-8bf9-47494ed2710c,true,downloadableSrc,200,image/webp,46818,46818,a352bcb68ed46fdd00ba9d47463b24e723dda97cc87922fb161c298748b72e6a,1179,2676,,,bytescale.mobbin.com,f7a1807c1ac98ccf0eecf5078d61346ac9a94ca37a547f5708d580528c9e55c0,/Users/user/mobbin-sides/screen-flows/apple-health/038-apple-health-adding-a-pregnancy-d0b0ae08-53d2-418e-9439-c7ace1f7dc31/007-79afff35-0e91-4181-8bf9-47494ed2710c-downloadableSrc-a352bcb68ed4.webp
d0b0ae08-53d2-418e-9439-c7ace1f7dc31,Adding a pregnancy,76436d76-126b-42ea-a287-9bb453f8d97f,Apple Health,9b150bfa-4e95-489c-9dc0-4af8396899bf,7,8,cdcbec75-dae7-4a0a-9b79-a08e4d363971,true,downloadableSrc,200,image/webp,51810,51810,27a9ef83671177b589af43ff6c6c0dab3b13873497e048bca121e4842c03b58a,1179,2676,,,bytescale.mobbin.com,f7a1807c1ac98ccf0eecf5078d61346ac9a94ca37a547f5708d580528c9e55c0,/Users/user/mobbin-sides/screen-flows/apple-health/038-apple-health-adding-a-pregnancy-d0b0ae08-53d2-418e-9439-c7ace1f7dc31/008-cdcbec75-dae7-4a0a-9b79-a08e4d363971-downloadableSrc-27a9ef836711.webp
d0b0ae08-53d2-418e-9439-c7ace1f7dc31,Adding a pregnancy,76436d76-126b-42ea-a287-9bb453f8d97f,Apple Health,9b150bfa-4e95-489c-9dc0-4af8396899bf,8,9,a571eb8e-d817-475b-a4a3-4a854f7209e1,true,downloadableSrc,200,image/webp,84574,84574,9cb047a6265972071bd277a8d1eed2dd3b8f7ff5bfa0f7cbf44b961f0ded97bb,1179,2676,,,bytescale.mobbin.com,f7a1807c1ac98ccf0eecf5078d61346ac9a94ca37a547f5708d580528c9e55c0,/Users/user/mobbin-sides/screen-flows/apple-health/038-apple-health-adding-a-pregnancy-d0b0ae08-53d2-418e-9439-c7ace1f7dc31/009-a571eb8e-d817-475b-a4a3-4a854f7209e1-downloadableSrc-9cb047a62659.webp
d0b0ae08-53d2-418e-9439-c7ace1f7dc31,Adding a pregnancy,76436d76-126b-42ea-a287-9bb453f8d97f,Apple Health,9b150bfa-4e95-489c-9dc0-4af8396899bf,9,10,ad602de6-50e3-45a7-9ecd-8f6bc0be9c0a,true,downloadableSrc,200,image/webp,58618,58618,4b0e3285461af4f40f74ce81115c693bc155166ca6cc76241e22589733fb5c75,1179,2676,,,bytescale.mobbin.com,f7a1807c1ac98ccf0eecf5078d61346ac9a94ca37a547f5708d580528c9e55c0,/Users/user/mobbin-sides/screen-flows/apple-health/038-apple-health-adding-a-pregnancy-d0b0ae08-53d2-418e-9439-c7ace1f7dc31/010-ad602de6-50e3-45a7-9ecd-8f6bc0be9c0a-downloadableSrc-4b0e3285461a.webp
d0b0ae08-53d2-418e-9439-c7ace1f7dc31,Adding a pregnancy,76436d76-126b-42ea-a287-9bb453f8d97f,Apple Health,9b150bfa-4e95-489c-9dc0-4af8396899bf,10,11,ea530270-999f-4c5c-99d6-261fa84a0ce9,true,downloadableSrc,200,image/webp,57686,57686,090f218b9b4d53f1465e2e916bc2a4785c85298023dcc483d028c69697431d07,1179,2676,,,bytescale.mobbin.com,f7a1807c1ac98ccf0eecf5078d61346ac9a94ca37a547f5708d580528c9e55c0,/Users/user/mobbin-sides/screen-flows/apple-health/038-apple-health-adding-a-pregnancy-d0b0ae08-53d2-418e-9439-c7ace1f7dc31/011-ea530270-999f-4c5c-99d6-261fa84a0ce9-downloadableSrc-090f218b9b4d.webp
d0b0ae08-53d2-418e-9439-c7ace1f7dc31,Adding a pregnancy,76436d76-126b-42ea-a287-9bb453f8d97f,Apple Health,9b150bfa-4e95-489c-9dc0-4af8396899bf,11,12,45ce6674-e772-4115-9f2a-d238a129e495,true,downloadableSrc,200,image/webp,57564,57564,1e18b0e2028a425db1ef45878a3b91279378ef0ba21f4c1f5888bc2a102936a5,1179,2676,,,bytescale.mobbin.com,f7a1807c1ac98ccf0eecf5078d61346ac9a94ca37a547f5708d580528c9e55c0,/Users/user/mobbin-sides/screen-flows/apple-health/038-apple-health-adding-a-pregnancy-d0b0ae08-53d2-418e-9439-c7ace1f7dc31/012-45ce6674-e772-4115-9f2a-d238a129e495-downloadableSrc-1e18b0e2028a.webp
d0b0ae08-53d2-418e-9439-c7ace1f7dc31,Adding a pregnancy,76436d76-126b-42ea-a287-9bb453f8d97f,Apple Health,9b150bfa-4e95-489c-9dc0-4af8396899bf,12,13,9710c735-c8a6-46aa-88bd-36edf8b8610b,true,downloadableSrc,200,image/webp,74564,74564,f5cf7746eb612b86f5b4c0749974d99650f81000e279484d649cab30274080fc,1179,2676,,,bytescale.mobbin.com,f7a1807c1ac98ccf0eecf5078d61346ac9a94ca37a547f5708d580528c9e55c0,/Users/user/mobbin-sides/screen-flows/apple-health/038-apple-health-adding-a-pregnancy-d0b0ae08-53d2-418e-9439-c7ace1f7dc31/013-9710c735-c8a6-46aa-88bd-36edf8b8610b-downloadableSrc-f5cf7746eb61.webp
fd92a700-2d74-437d-8083-6d3f09f0c4f5,Cycle tracking highlights,76436d76-126b-42ea-a287-9bb453f8d97f,Apple Health,9b150bfa-4e95-489c-9dc0-4af8396899bf,0,1,42fc0d65-9435-42ab-ac25-75b6ad9dd20f,true,downloadableSrc,200,image/webp,97386,97386,7ce203154a12e44aa92413fa66fb61c36eb013510dc2c13231e212ebd05ac192,1179,2676,,,bytescale.mobbin.com,f7a1807c1ac98ccf0eecf5078d61346ac9a94ca37a547f5708d580528c9e55c0,/Users/user/mobbin-sides/screen-flows/apple-health/039-apple-health-cycle-tracking-highlights-fd92a700-2d74-437d-8083-6d3f09f0c4f5/001-42fc0d65-9435-42ab-ac25-75b6ad9dd20f-downloadableSrc-7ce203154a12.webp
fd92a700-2d74-437d-8083-6d3f09f0c4f5,Cycle tracking highlights,76436d76-126b-42ea-a287-9bb453f8d97f,Apple Health,9b150bfa-4e95-489c-9dc0-4af8396899bf,1,2,714b2804-d54c-4bf0-89c4-b4a25249693d,true,downloadableSrc,200,image/webp,96566,96566,b225a65b16e08ac41307f3d844cc2c49afb2bcd573c6536587f2f260e3b36578,1179,2676,,,bytescale.mobbin.com,f7a1807c1ac98ccf0eecf5078d61346ac9a94ca37a547f5708d580528c9e55c0,/Users/user/mobbin-sides/screen-flows/apple-health/039-apple-health-cycle-tracking-highlights-fd92a700-2d74-437d-8083-6d3f09f0c4f5/002-714b2804-d54c-4bf0-89c4-b4a25249693d-downloadableSrc-b225a65b16e0.webp
08800d7e-2c9d-40d6-9735-8fe2ffb246db,Cycle detail,76436d76-126b-42ea-a287-9bb453f8d97f,Apple Health,9b150bfa-4e95-489c-9dc0-4af8396899bf,0,1,42fc0d65-9435-42ab-ac25-75b6ad9dd20f,true,downloadableSrc,200,image/webp,97386,97386,7ce203154a12e44aa92413fa66fb61c36eb013510dc2c13231e212ebd05ac192,1179,2676,,,bytescale.mobbin.com,f7a1807c1ac98ccf0eecf5078d61346ac9a94ca37a547f5708d580528c9e55c0,/Users/user/mobbin-sides/screen-flows/apple-health/040-apple-health-cycle-detail-08800d7e-2c9d-40d6-9735-8fe2ffb246db/001-42fc0d65-9435-42ab-ac25-75b6ad9dd20f-downloadableSrc-7ce203154a12.webp
08800d7e-2c9d-40d6-9735-8fe2ffb246db,Cycle detail,76436d76-126b-42ea-a287-9bb453f8d97f,Apple Health,9b150bfa-4e95-489c-9dc0-4af8396899bf,1,2,3e269f7b-29d7-4d1d-850e-18d1d2645953,true,downloadableSrc,200,image/webp,36768,36768,fba75a5ae1671e48d67e4b37e3e3a1e44fc0e64d9a2138f4799b4c93a4b9baf2,1179,2676,,,bytescale.mobbin.com,f7a1807c1ac98ccf0eecf5078d61346ac9a94ca37a547f5708d580528c9e55c0,/Users/user/mobbin-sides/screen-flows/apple-health/040-apple-health-cycle-detail-08800d7e-2c9d-40d6-9735-8fe2ffb246db/002-3e269f7b-29d7-4d1d-850e-18d1d2645953-downloadableSrc-fba75a5ae167.webp
08800d7e-2c9d-40d6-9735-8fe2ffb246db,Cycle detail,76436d76-126b-42ea-a287-9bb453f8d97f,Apple Health,9b150bfa-4e95-489c-9dc0-4af8396899bf,2,3,fd0a3f92-31e3-4505-81eb-45d10b28013d,true,downloadableSrc,200,image/webp,68120,68120,8b0adeacc066b800c47a776ce836235c73dd96ead9bd815ef5c9f07b895ec151,1179,2676,,,bytescale.mobbin.com,f7a1807c1ac98ccf0eecf5078d61346ac9a94ca37a547f5708d580528c9e55c0,/Users/user/mobbin-sides/screen-flows/apple-health/040-apple-health-cycle-detail-08800d7e-2c9d-40d6-9735-8fe2ffb246db/003-fd0a3f92-31e3-4505-81eb-45d10b28013d-downloadableSrc-8b0adeacc066.webp
e238863a-1299-4ce5-93f8-4a063edd5ceb,Filtering cycle history,76436d76-126b-42ea-a287-9bb453f8d97f,Apple Health,9b150bfa-4e95-489c-9dc0-4af8396899bf,0,1,3e269f7b-29d7-4d1d-850e-18d1d2645953,true,downloadableSrc,200,image/webp,36768,36768,fba75a5ae1671e48d67e4b37e3e3a1e44fc0e64d9a2138f4799b4c93a4b9baf2,1179,2676,,,bytescale.mobbin.com,f7a1807c1ac98ccf0eecf5078d61346ac9a94ca37a547f5708d580528c9e55c0,/Users/user/mobbin-sides/screen-flows/apple-health/041-apple-health-filtering-cycle-history-e238863a-1299-4ce5-93f8-4a063edd5ceb/001-3e269f7b-29d7-4d1d-850e-18d1d2645953-downloadableSrc-fba75a5ae167.webp
e238863a-1299-4ce5-93f8-4a063edd5ceb,Filtering cycle history,76436d76-126b-42ea-a287-9bb453f8d97f,Apple Health,9b150bfa-4e95-489c-9dc0-4af8396899bf,1,2,ee031016-0794-4681-be67-81d9b27e7b84,true,downloadableSrc,200,image/webp,59978,59978,8eb946d4bd1d5ee62daf18b0d60881e9755dfd004571ad46d304e44fb661bab2,1179,2676,,,bytescale.mobbin.com,f7a1807c1ac98ccf0eecf5078d61346ac9a94ca37a547f5708d580528c9e55c0,/Users/user/mobbin-sides/screen-flows/apple-health/041-apple-health-filtering-cycle-history-e238863a-1299-4ce5-93f8-4a063edd5ceb/002-ee031016-0794-4681-be67-81d9b27e7b84-downloadableSrc-8eb946d4bd1d.webp
e238863a-1299-4ce5-93f8-4a063edd5ceb,Filtering cycle history,76436d76-126b-42ea-a287-9bb453f8d97f,Apple Health,9b150bfa-4e95-489c-9dc0-4af8396899bf,2,3,a9eb61ec-1d81-4e78-b7bb-d941be06f996,true,downloadableSrc,200,image/webp,62144,62144,a5e063f5192badc52c86e78790d164bea270b8212fdc1c3bccdbf72d7f9f8507,1179,2676,,,bytescale.mobbin.com,f7a1807c1ac98ccf0eecf5078d61346ac9a94ca37a547f5708d580528c9e55c0,/Users/user/mobbin-sides/screen-flows/apple-health/041-apple-health-filtering-cycle-history-e238863a-1299-4ce5-93f8-4a063edd5ceb/003-a9eb61ec-1d81-4e78-b7bb-d941be06f996-downloadableSrc-a5e063f5192b.webp
e238863a-1299-4ce5-93f8-4a063edd5ceb,Filtering cycle history,76436d76-126b-42ea-a287-9bb453f8d97f,Apple Health,9b150bfa-4e95-489c-9dc0-4af8396899bf,3,4,a7b0d451-0f07-4009-90ae-6150245e177a,true,downloadableSrc,200,image/webp,37490,37490,48a41f498660cf8e923f2ade7245d925cc5b593b3ed99fe43fd4a6acd93d7412,1179,2676,,,bytescale.mobbin.com,f7a1807c1ac98ccf0eecf5078d61346ac9a94ca37a547f5708d580528c9e55c0,/Users/user/mobbin-sides/screen-flows/apple-health/041-apple-health-filtering-cycle-history-e238863a-1299-4ce5-93f8-4a063edd5ceb/004-a7b0d451-0f07-4009-90ae-6150245e177a-downloadableSrc-48a41f498660.webp
61a17fd3-3918-40b6-bfcb-6b12927d5244,Adding a medication (search),76436d76-126b-42ea-a287-9bb453f8d97f,Apple Health,9b150bfa-4e95-489c-9dc0-4af8396899bf,0,1,cd8919aa-c470-48b8-8716-54343395eab2,true,downloadableSrc,200,image/webp,64202,64202,f7426e463ca99d3935cc773a5432a12304bdf341cc0ac20c243eb1af21bca039,1179,2676,,,bytescale.mobbin.com,f7a1807c1ac98ccf0eecf5078d61346ac9a94ca37a547f5708d580528c9e55c0,/Users/user/mobbin-sides/screen-flows/apple-health/042-apple-health-adding-a-medication-search-61a17fd3-3918-40b6-bfcb-6b12927d5244/001-cd8919aa-c470-48b8-8716-54343395eab2-downloadableSrc-f7426e463ca9.webp
61a17fd3-3918-40b6-bfcb-6b12927d5244,Adding a medication (search),76436d76-126b-42ea-a287-9bb453f8d97f,Apple Health,9b150bfa-4e95-489c-9dc0-4af8396899bf,1,2,652a9e9c-8a08-4a0a-93f9-8a357e3abca7,true,downloadableSrc,200,image/webp,116046,116046,f4b6a9a4cd3cf607e2883133007ad253ed7d5089af3abc50db4774040b4f8015,1179,2676,,,bytescale.mobbin.com,f7a1807c1ac98ccf0eecf5078d61346ac9a94ca37a547f5708d580528c9e55c0,/Users/user/mobbin-sides/screen-flows/apple-health/042-apple-health-adding-a-medication-search-61a17fd3-3918-40b6-bfcb-6b12927d5244/002-652a9e9c-8a08-4a0a-93f9-8a357e3abca7-downloadableSrc-f4b6a9a4cd3c.webp
61a17fd3-3918-40b6-bfcb-6b12927d5244,Adding a medication (search),76436d76-126b-42ea-a287-9bb453f8d97f,Apple Health,9b150bfa-4e95-489c-9dc0-4af8396899bf,2,3,6dedb034-2ae7-49b7-8abb-45d00364d2f1,true,downloadableSrc,200,image/webp,37950,37950,096e89fca6ae3d6f029ddde468c38beeb50af2638a28532188cba0a6963495b0,1179,2676,,,bytescale.mobbin.com,f7a1807c1ac98ccf0eecf5078d61346ac9a94ca37a547f5708d580528c9e55c0,/Users/user/mobbin-sides/screen-flows/apple-health/042-apple-health-adding-a-medication-search-61a17fd3-3918-40b6-bfcb-6b12927d5244/003-6dedb034-2ae7-49b7-8abb-45d00364d2f1-downloadableSrc-096e89fca6ae.webp
61a17fd3-3918-40b6-bfcb-6b12927d5244,Adding a medication (search),76436d76-126b-42ea-a287-9bb453f8d97f,Apple Health,9b150bfa-4e95-489c-9dc0-4af8396899bf,3,4,bf05b5d5-7242-4ca9-b02b-ace7147432b8,true,downloadableSrc,200,image/webp,71310,71310,40ef2e3162e3620e9ecee3c252a43ec611ca3da37d3230bcf485c71199ec97e5,1179,2676,,,bytescale.mobbin.com,f7a1807c1ac98ccf0eecf5078d61346ac9a94ca37a547f5708d580528c9e55c0,/Users/user/mobbin-sides/screen-flows/apple-health/042-apple-health-adding-a-medication-search-61a17fd3-3918-40b6-bfcb-6b12927d5244/004-bf05b5d5-7242-4ca9-b02b-ace7147432b8-downloadableSrc-40ef2e3162e3.webp
61a17fd3-3918-40b6-bfcb-6b12927d5244,Adding a medication (search),76436d76-126b-42ea-a287-9bb453f8d97f,Apple Health,9b150bfa-4e95-489c-9dc0-4af8396899bf,4,5,7dd95dbe-b134-4fb1-ac95-edbf56aa9392,true,downloadableSrc,200,image/webp,60786,60786,8791e0df5c500561456f5e9b8ba3a3d53637e66c0355a745c3ada907f08dbaa0,1179,2676,,,bytescale.mobbin.com,f7a1807c1ac98ccf0eecf5078d61346ac9a94ca37a547f5708d580528c9e55c0,/Users/user/mobbin-sides/screen-flows/apple-health/042-apple-health-adding-a-medication-search-61a17fd3-3918-40b6-bfcb-6b12927d5244/005-7dd95dbe-b134-4fb1-ac95-edbf56aa9392-downloadableSrc-8791e0df5c50.webp
61a17fd3-3918-40b6-bfcb-6b12927d5244,Adding a medication (search),76436d76-126b-42ea-a287-9bb453f8d97f,Apple Health,9b150bfa-4e95-489c-9dc0-4af8396899bf,5,6,95117f8a-129f-4420-a343-7488b4e96e4a,true,downloadableSrc,200,image/webp,63682,63682,2f706b416d443d5d8347e3839de1b79c06152e6a10c81666511f1ce1d0c62505,1179,2676,,,bytescale.mobbin.com,f7a1807c1ac98ccf0eecf5078d61346ac9a94ca37a547f5708d580528c9e55c0,/Users/user/mobbin-sides/screen-flows/apple-health/042-apple-health-adding-a-medication-search-61a17fd3-3918-40b6-bfcb-6b12927d5244/006-95117f8a-129f-4420-a343-7488b4e96e4a-downloadableSrc-2f706b416d44.webp
61a17fd3-3918-40b6-bfcb-6b12927d5244,Adding a medication (search),76436d76-126b-42ea-a287-9bb453f8d97f,Apple Health,9b150bfa-4e95-489c-9dc0-4af8396899bf,6,7,8defab68-9267-4042-b586-c136fc59323f,true,downloadableSrc,200,image/webp,75138,75138,7e158eecfebcdb9e4e4ec2e3b25f4afd3bdea3a4cfd53156415fd9a2614c0159,1179,2676,,,bytescale.mobbin.com,f7a1807c1ac98ccf0eecf5078d61346ac9a94ca37a547f5708d580528c9e55c0,/Users/user/mobbin-sides/screen-flows/apple-health/042-apple-health-adding-a-medication-search-61a17fd3-3918-40b6-bfcb-6b12927d5244/007-8defab68-9267-4042-b586-c136fc59323f-downloadableSrc-7e158eecfebc.webp
61a17fd3-3918-40b6-bfcb-6b12927d5244,Adding a medication (search),76436d76-126b-42ea-a287-9bb453f8d97f,Apple Health,9b150bfa-4e95-489c-9dc0-4af8396899bf,7,8,921a6f90-8f26-4f10-9b86-0a482d0657fd,true,downloadableSrc,200,image/webp,67140,67140,e5914f6618f39bef68a5e0aa6325f94d5c5178066be28a35783f06c2094a4804,1179,2676,,,bytescale.mobbin.com,f7a1807c1ac98ccf0eecf5078d61346ac9a94ca37a547f5708d580528c9e55c0,/Users/user/mobbin-sides/screen-flows/apple-health/042-apple-health-adding-a-medication-search-61a17fd3-3918-40b6-bfcb-6b12927d5244/008-921a6f90-8f26-4f10-9b86-0a482d0657fd-downloadableSrc-e5914f6618f3.webp
61a17fd3-3918-40b6-bfcb-6b12927d5244,Adding a medication (search),76436d76-126b-42ea-a287-9bb453f8d97f,Apple Health,9b150bfa-4e95-489c-9dc0-4af8396899bf,8,9,97e0cc8f-ce4a-4b2a-8ff3-086a35392556,true,downloadableSrc,200,image/webp,66850,66850,d635efe0b6440536c2d9fe4d775b5af8236c016816d563763b69cdf095039fe6,1179,2676,,,bytescale.mobbin.com,f7a1807c1ac98ccf0eecf5078d61346ac9a94ca37a547f5708d580528c9e55c0,/Users/user/mobbin-sides/screen-flows/apple-health/042-apple-health-adding-a-medication-search-61a17fd3-3918-40b6-bfcb-6b12927d5244/009-97e0cc8f-ce4a-4b2a-8ff3-086a35392556-downloadableSrc-d635efe0b644.webp
61a17fd3-3918-40b6-bfcb-6b12927d5244,Adding a medication (search),76436d76-126b-42ea-a287-9bb453f8d97f,Apple Health,9b150bfa-4e95-489c-9dc0-4af8396899bf,9,10,fa95b57d-4cb6-47bd-9536-ca04cb263b2e,true,downloadableSrc,200,image/webp,74876,74876,fbba935421d480995b4d0efa75c04147d54988ef742c34d3f5a69292fc4ebccf,1179,2676,,,bytescale.mobbin.com,f7a1807c1ac98ccf0eecf5078d61346ac9a94ca37a547f5708d580528c9e55c0,/Users/user/mobbin-sides/screen-flows/apple-health/042-apple-health-adding-a-medication-search-61a17fd3-3918-40b6-bfcb-6b12927d5244/010-fa95b57d-4cb6-47bd-9536-ca04cb263b2e-downloadableSrc-fbba935421d4.webp
61a17fd3-3918-40b6-bfcb-6b12927d5244,Adding a medication (search),76436d76-126b-42ea-a287-9bb453f8d97f,Apple Health,9b150bfa-4e95-489c-9dc0-4af8396899bf,10,11,cc2a2c8d-b60e-4576-b94b-bffb638fb7b1,true,downloadableSrc,200,image/webp,78914,78914,7fc66453eddd3d2a8358b7a0126e7eb5790094e4ee6d3b8d6852bddfc985ed18,1179,2676,,,bytescale.mobbin.com,f7a1807c1ac98ccf0eecf5078d61346ac9a94ca37a547f5708d580528c9e55c0,/Users/user/mobbin-sides/screen-flows/apple-health/042-apple-health-adding-a-medication-search-61a17fd3-3918-40b6-bfcb-6b12927d5244/011-cc2a2c8d-b60e-4576-b94b-bffb638fb7b1-downloadableSrc-7fc66453eddd.webp
61a17fd3-3918-40b6-bfcb-6b12927d5244,Adding a medication (search),76436d76-126b-42ea-a287-9bb453f8d97f,Apple Health,9b150bfa-4e95-489c-9dc0-4af8396899bf,11,12,4eca956a-4134-4d57-ba8f-ad4d021ffddd,true,downloadableSrc,200,image/webp,58642,58642,b838f1e83d07e714128e4f2a95882e826997f4686d67c45cedc85b37fba1c629,1179,2676,,,bytescale.mobbin.com,f7a1807c1ac98ccf0eecf5078d61346ac9a94ca37a547f5708d580528c9e55c0,/Users/user/mobbin-sides/screen-flows/apple-health/042-apple-health-adding-a-medication-search-61a17fd3-3918-40b6-bfcb-6b12927d5244/012-4eca956a-4134-4d57-ba8f-ad4d021ffddd-downloadableSrc-b838f1e83d07.webp
61a17fd3-3918-40b6-bfcb-6b12927d5244,Adding a medication (search),76436d76-126b-42ea-a287-9bb453f8d97f,Apple Health,9b150bfa-4e95-489c-9dc0-4af8396899bf,12,13,7b389338-da20-40df-8af2-889d7000e703,true,downloadableSrc,200,image/webp,61348,61348,5bb044e398deece233ca7418c32dab643f88ac3127b9fa77d985c12792c122d4,1179,2676,,,bytescale.mobbin.com,f7a1807c1ac98ccf0eecf5078d61346ac9a94ca37a547f5708d580528c9e55c0,/Users/user/mobbin-sides/screen-flows/apple-health/042-apple-health-adding-a-medication-search-61a17fd3-3918-40b6-bfcb-6b12927d5244/013-7b389338-da20-40df-8af2-889d7000e703-downloadableSrc-5bb044e398de.webp
61a17fd3-3918-40b6-bfcb-6b12927d5244,Adding a medication (search),76436d76-126b-42ea-a287-9bb453f8d97f,Apple Health,9b150bfa-4e95-489c-9dc0-4af8396899bf,13,14,dccc3e1a-5745-48de-821c-54ea7c936230,true,downloadableSrc,200,image/webp,46950,46950,ad2bf7722cd0c46953109798892120b4f598b559440ec9caa3897975cae0f604,1179,2676,,,bytescale.mobbin.com,f7a1807c1ac98ccf0eecf5078d61346ac9a94ca37a547f5708d580528c9e55c0,/Users/user/mobbin-sides/screen-flows/apple-health/042-apple-health-adding-a-medication-search-61a17fd3-3918-40b6-bfcb-6b12927d5244/014-dccc3e1a-5745-48de-821c-54ea7c936230-downloadableSrc-ad2bf7722cd0.webp
61a17fd3-3918-40b6-bfcb-6b12927d5244,Adding a medication (search),76436d76-126b-42ea-a287-9bb453f8d97f,Apple Health,9b150bfa-4e95-489c-9dc0-4af8396899bf,14,15,b78fc8d0-2a53-4c52-b5e7-37737bf420eb,true,downloadableSrc,200,image/webp,59980,59980,512b3f3a53babbc9a96d853025d258e954cc8b9943a242fa9952049a3ce049c9,1179,2676,,,bytescale.mobbin.com,f7a1807c1ac98ccf0eecf5078d61346ac9a94ca37a547f5708d580528c9e55c0,/Users/user/mobbin-sides/screen-flows/apple-health/042-apple-health-adding-a-medication-search-61a17fd3-3918-40b6-bfcb-6b12927d5244/015-b78fc8d0-2a53-4c52-b5e7-37737bf420eb-downloadableSrc-512b3f3a53ba.webp
61a17fd3-3918-40b6-bfcb-6b12927d5244,Adding a medication (search),76436d76-126b-42ea-a287-9bb453f8d97f,Apple Health,9b150bfa-4e95-489c-9dc0-4af8396899bf,15,16,5131c92e-1670-4e62-b0ea-55c3b96bfc2c,true,downloadableSrc,200,image/webp,85548,85548,0ee28dfc9aecd1bb579da01347d40d2a5b5162811be23d5a7e4cd03d88eabc78,1179,2676,,,bytescale.mobbin.com,f7a1807c1ac98ccf0eecf5078d61346ac9a94ca37a547f5708d580528c9e55c0,/Users/user/mobbin-sides/screen-flows/apple-health/042-apple-health-adding-a-medication-search-61a17fd3-3918-40b6-bfcb-6b12927d5244/016-5131c92e-1670-4e62-b0ea-55c3b96bfc2c-downloadableSrc-0ee28dfc9aec.webp
61a17fd3-3918-40b6-bfcb-6b12927d5244,Adding a medication (search),76436d76-126b-42ea-a287-9bb453f8d97f,Apple Health,9b150bfa-4e95-489c-9dc0-4af8396899bf,16,17,6d6db5c6-34d3-4aca-9035-4c43f8e011c4,true,downloadableSrc,200,image/webp,83088,83088,ffaf3d5b1bc875e004130a271a101a56da70a6b02a9bad01f69c133c448aeac9,1179,2676,,,bytescale.mobbin.com,f7a1807c1ac98ccf0eecf5078d61346ac9a94ca37a547f5708d580528c9e55c0,/Users/user/mobbin-sides/screen-flows/apple-health/042-apple-health-adding-a-medication-search-61a17fd3-3918-40b6-bfcb-6b12927d5244/017-6d6db5c6-34d3-4aca-9035-4c43f8e011c4-downloadableSrc-ffaf3d5b1bc8.webp
61a17fd3-3918-40b6-bfcb-6b12927d5244,Adding a medication (search),76436d76-126b-42ea-a287-9bb453f8d97f,Apple Health,9b150bfa-4e95-489c-9dc0-4af8396899bf,17,18,33b2f646-ff7d-4682-a4a5-b0c8f4103346,true,downloadableSrc,200,image/webp,91452,91452,174d849bb328e65291dd655b14a9a93fb5afdb01119f7c26de88b9a09af99e6b,1179,2676,,,bytescale.mobbin.com,f7a1807c1ac98ccf0eecf5078d61346ac9a94ca37a547f5708d580528c9e55c0,/Users/user/mobbin-sides/screen-flows/apple-health/042-apple-health-adding-a-medication-search-61a17fd3-3918-40b6-bfcb-6b12927d5244/018-33b2f646-ff7d-4682-a4a5-b0c8f4103346-downloadableSrc-174d849bb328.webp
6a1acf8a-f0ad-47ec-9395-df81d779a2af,Add a medication (camera),76436d76-126b-42ea-a287-9bb453f8d97f,Apple Health,9b150bfa-4e95-489c-9dc0-4af8396899bf,0,1,6dedb034-2ae7-49b7-8abb-45d00364d2f1,true,downloadableSrc,200,image/webp,37950,37950,096e89fca6ae3d6f029ddde468c38beeb50af2638a28532188cba0a6963495b0,1179,2676,,,bytescale.mobbin.com,f7a1807c1ac98ccf0eecf5078d61346ac9a94ca37a547f5708d580528c9e55c0,/Users/user/mobbin-sides/screen-flows/apple-health/043-apple-health-add-a-medication-camera-6a1acf8a-f0ad-47ec-9395-df81d779a2af/001-6dedb034-2ae7-49b7-8abb-45d00364d2f1-downloadableSrc-096e89fca6ae.webp
6a1acf8a-f0ad-47ec-9395-df81d779a2af,Add a medication (camera),76436d76-126b-42ea-a287-9bb453f8d97f,Apple Health,9b150bfa-4e95-489c-9dc0-4af8396899bf,1,2,f274ca92-ce7b-490b-86c0-c3f03ada0192,true,downloadableSrc,200,image/webp,40738,40738,31b6e8f62f6a53e0d4c22c91ad64f9b01fc89e5cbd824d47f6499a3a16c1b2ac,1179,2676,,,bytescale.mobbin.com,f7a1807c1ac98ccf0eecf5078d61346ac9a94ca37a547f5708d580528c9e55c0,/Users/user/mobbin-sides/screen-flows/apple-health/043-apple-health-add-a-medication-camera-6a1acf8a-f0ad-47ec-9395-df81d779a2af/002-f274ca92-ce7b-490b-86c0-c3f03ada0192-downloadableSrc-31b6e8f62f6a.webp
6a1acf8a-f0ad-47ec-9395-df81d779a2af,Add a medication (camera),76436d76-126b-42ea-a287-9bb453f8d97f,Apple Health,9b150bfa-4e95-489c-9dc0-4af8396899bf,2,3,55adff34-71ee-415e-ae3c-03e4fa194114,true,downloadableSrc,200,image/webp,24364,24364,e0f9cddbd8034a2374ebb0a062a89c97300f97b4e386831eb8e4d334d84cca8f,1179,2676,,,bytescale.mobbin.com,f7a1807c1ac98ccf0eecf5078d61346ac9a94ca37a547f5708d580528c9e55c0,/Users/user/mobbin-sides/screen-flows/apple-health/043-apple-health-add-a-medication-camera-6a1acf8a-f0ad-47ec-9395-df81d779a2af/003-55adff34-71ee-415e-ae3c-03e4fa194114-downloadableSrc-e0f9cddbd803.webp
6a1acf8a-f0ad-47ec-9395-df81d779a2af,Add a medication (camera),76436d76-126b-42ea-a287-9bb453f8d97f,Apple Health,9b150bfa-4e95-489c-9dc0-4af8396899bf,3,4,2ce00f4e-5ee0-4d0c-879d-92f5dacd4c48,true,downloadableSrc,200,image/webp,39692,39692,dc45eba9f24e23952c1c945b1d4ad7028266fd8e7bc61dbfe6f32162ed6a3d8a,1179,2676,,,bytescale.mobbin.com,f7a1807c1ac98ccf0eecf5078d61346ac9a94ca37a547f5708d580528c9e55c0,/Users/user/mobbin-sides/screen-flows/apple-health/043-apple-health-add-a-medication-camera-6a1acf8a-f0ad-47ec-9395-df81d779a2af/004-2ce00f4e-5ee0-4d0c-879d-92f5dacd4c48-downloadableSrc-dc45eba9f24e.webp
d89c713f-1647-495c-b85e-f86757025158,Logging a medication,76436d76-126b-42ea-a287-9bb453f8d97f,Apple Health,9b150bfa-4e95-489c-9dc0-4af8396899bf,0,1,5131c92e-1670-4e62-b0ea-55c3b96bfc2c,true,downloadableSrc,200,image/webp,85548,85548,0ee28dfc9aecd1bb579da01347d40d2a5b5162811be23d5a7e4cd03d88eabc78,1179,2676,,,bytescale.mobbin.com,f7a1807c1ac98ccf0eecf5078d61346ac9a94ca37a547f5708d580528c9e55c0,/Users/user/mobbin-sides/screen-flows/apple-health/044-apple-health-logging-a-medication-d89c713f-1647-495c-b85e-f86757025158/001-5131c92e-1670-4e62-b0ea-55c3b96bfc2c-downloadableSrc-0ee28dfc9aec.webp
d89c713f-1647-495c-b85e-f86757025158,Logging a medication,76436d76-126b-42ea-a287-9bb453f8d97f,Apple Health,9b150bfa-4e95-489c-9dc0-4af8396899bf,1,2,ac7b4631-0858-4532-a1e4-15ce30a9e015,true,downloadableSrc,200,image/webp,44526,44526,855be30c8573273d1139b951d2874c10eed273d5c2f9d4ab104951bf21af0a7e,1179,2676,,,bytescale.mobbin.com,f7a1807c1ac98ccf0eecf5078d61346ac9a94ca37a547f5708d580528c9e55c0,/Users/user/mobbin-sides/screen-flows/apple-health/044-apple-health-logging-a-medication-d89c713f-1647-495c-b85e-f86757025158/002-ac7b4631-0858-4532-a1e4-15ce30a9e015-downloadableSrc-855be30c8573.webp
d89c713f-1647-495c-b85e-f86757025158,Logging a medication,76436d76-126b-42ea-a287-9bb453f8d97f,Apple Health,9b150bfa-4e95-489c-9dc0-4af8396899bf,2,3,62c3fc33-c90b-4d1f-95fc-5c56eb1149a3,true,downloadableSrc,200,image/webp,47802,47802,3aacb7c7a7789ccdc6869521f93b13cff38257baa22e6cd5db4eb513e53d7917,1179,2676,,,bytescale.mobbin.com,f7a1807c1ac98ccf0eecf5078d61346ac9a94ca37a547f5708d580528c9e55c0,/Users/user/mobbin-sides/screen-flows/apple-health/044-apple-health-logging-a-medication-d89c713f-1647-495c-b85e-f86757025158/003-62c3fc33-c90b-4d1f-95fc-5c56eb1149a3-downloadableSrc-3aacb7c7a778.webp
d89c713f-1647-495c-b85e-f86757025158,Logging a medication,76436d76-126b-42ea-a287-9bb453f8d97f,Apple Health,9b150bfa-4e95-489c-9dc0-4af8396899bf,3,4,19cc770b-a386-48a5-9d6b-7a46a8c98685,true,downloadableSrc,200,image/webp,80524,80524,e2b688f22cc9231bcc8bdc951f9a862fabaea669691646ec41803c558e7c1dfd,1179,2676,,,bytescale.mobbin.com,f7a1807c1ac98ccf0eecf5078d61346ac9a94ca37a547f5708d580528c9e55c0,/Users/user/mobbin-sides/screen-flows/apple-health/044-apple-health-logging-a-medication-d89c713f-1647-495c-b85e-f86757025158/004-19cc770b-a386-48a5-9d6b-7a46a8c98685-downloadableSrc-e2b688f22cc9.webp
86642c72-14e2-4ecb-a686-9f686d641952,Archiving a medication,76436d76-126b-42ea-a287-9bb453f8d97f,Apple Health,9b150bfa-4e95-489c-9dc0-4af8396899bf,0,1,33b2f646-ff7d-4682-a4a5-b0c8f4103346,true,downloadableSrc,200,image/webp,91452,91452,174d849bb328e65291dd655b14a9a93fb5afdb01119f7c26de88b9a09af99e6b,1179,2676,,,bytescale.mobbin.com,f7a1807c1ac98ccf0eecf5078d61346ac9a94ca37a547f5708d580528c9e55c0,/Users/user/mobbin-sides/screen-flows/apple-health/045-apple-health-archiving-a-medication-86642c72-14e2-4ecb-a686-9f686d641952/001-33b2f646-ff7d-4682-a4a5-b0c8f4103346-downloadableSrc-174d849bb328.webp
86642c72-14e2-4ecb-a686-9f686d641952,Archiving a medication,76436d76-126b-42ea-a287-9bb453f8d97f,Apple Health,9b150bfa-4e95-489c-9dc0-4af8396899bf,1,2,e2ed3584-7331-43bc-bc3b-8a3bb2888cff,true,downloadableSrc,200,image/webp,50982,50982,022b1a118eebc0c15ce42905d9811b86f4e1e2523f17a2fe46c3d7b80c02bddc,1179,2676,,,bytescale.mobbin.com,f7a1807c1ac98ccf0eecf5078d61346ac9a94ca37a547f5708d580528c9e55c0,/Users/user/mobbin-sides/screen-flows/apple-health/045-apple-health-archiving-a-medication-86642c72-14e2-4ecb-a686-9f686d641952/002-e2ed3584-7331-43bc-bc3b-8a3bb2888cff-downloadableSrc-022b1a118eeb.webp
86642c72-14e2-4ecb-a686-9f686d641952,Archiving a medication,76436d76-126b-42ea-a287-9bb453f8d97f,Apple Health,9b150bfa-4e95-489c-9dc0-4af8396899bf,2,3,e5f1d07e-fb85-45b7-b76a-f9a77c26ebb6,true,downloadableSrc,200,image/webp,54000,54000,86be472e4e7ab05a5671f60888834ef3ac23db28f57d912403bd82892d67a101,1179,2676,,,bytescale.mobbin.com,f7a1807c1ac98ccf0eecf5078d61346ac9a94ca37a547f5708d580528c9e55c0,/Users/user/mobbin-sides/screen-flows/apple-health/045-apple-health-archiving-a-medication-86642c72-14e2-4ecb-a686-9f686d641952/003-e5f1d07e-fb85-45b7-b76a-f9a77c26ebb6-downloadableSrc-86be472e4e7a.webp
86642c72-14e2-4ecb-a686-9f686d641952,Archiving a medication,76436d76-126b-42ea-a287-9bb453f8d97f,Apple Health,9b150bfa-4e95-489c-9dc0-4af8396899bf,3,4,dc76634e-5b7f-4f91-84bd-676437681fe9,true,downloadableSrc,200,image/webp,50514,50514,c46230d4546d17c22cc16debbd85e10c8c37ea1e7a7b85bece0d4317e21cf843,1179,2676,,,bytescale.mobbin.com,f7a1807c1ac98ccf0eecf5078d61346ac9a94ca37a547f5708d580528c9e55c0,/Users/user/mobbin-sides/screen-flows/apple-health/045-apple-health-archiving-a-medication-86642c72-14e2-4ecb-a686-9f686d641952/004-dc76634e-5b7f-4f91-84bd-676437681fe9-downloadableSrc-c46230d4546d.webp
5ba3146e-3223-4c32-b471-edebc67decf5,Mental wellbeing,76436d76-126b-42ea-a287-9bb453f8d97f,Apple Health,9b150bfa-4e95-489c-9dc0-4af8396899bf,0,1,8c245628-a453-4628-add0-113b844d513a,true,downloadableSrc,200,image/webp,61044,61044,911000b153ac91312c85ef46f8916be3ffabe7eecd446765097df874a7e78ecd,1179,2676,,,bytescale.mobbin.com,f7a1807c1ac98ccf0eecf5078d61346ac9a94ca37a547f5708d580528c9e55c0,/Users/user/mobbin-sides/screen-flows/apple-health/046-apple-health-mental-wellbeing-5ba3146e-3223-4c32-b471-edebc67decf5/001-8c245628-a453-4628-add0-113b844d513a-downloadableSrc-911000b153ac.webp
5ba3146e-3223-4c32-b471-edebc67decf5,Mental wellbeing,76436d76-126b-42ea-a287-9bb453f8d97f,Apple Health,9b150bfa-4e95-489c-9dc0-4af8396899bf,1,2,40af54c3-6720-4cba-8bde-013b907badf6,true,downloadableSrc,200,image/webp,75726,75726,1bfa1119c9654ba5f650e28decfc8b94a1b916692098993f5f449a0570695691,1179,2676,,,bytescale.mobbin.com,f7a1807c1ac98ccf0eecf5078d61346ac9a94ca37a547f5708d580528c9e55c0,/Users/user/mobbin-sides/screen-flows/apple-health/046-apple-health-mental-wellbeing-5ba3146e-3223-4c32-b471-edebc67decf5/002-40af54c3-6720-4cba-8bde-013b907badf6-downloadableSrc-1bfa1119c965.webp
5ba3146e-3223-4c32-b471-edebc67decf5,Mental wellbeing,76436d76-126b-42ea-a287-9bb453f8d97f,Apple Health,9b150bfa-4e95-489c-9dc0-4af8396899bf,2,3,dfd44c09-ab90-489f-92ee-91162eccc880,true,downloadableSrc,200,image/webp,182892,182892,60e0f55b5bd41e6393cd3036c39fd0479002860d6f6e66f2f01e8823a9fd3489,1179,2676,,,bytescale.mobbin.com,f7a1807c1ac98ccf0eecf5078d61346ac9a94ca37a547f5708d580528c9e55c0,/Users/user/mobbin-sides/screen-flows/apple-health/046-apple-health-mental-wellbeing-5ba3146e-3223-4c32-b471-edebc67decf5/003-dfd44c09-ab90-489f-92ee-91162eccc880-downloadableSrc-60e0f55b5bd4.webp
d15cb836-baad-4312-b0ad-39041611f5d2,Taking a mental health questionnaire,76436d76-126b-42ea-a287-9bb453f8d97f,Apple Health,9b150bfa-4e95-489c-9dc0-4af8396899bf,0,1,dfd44c09-ab90-489f-92ee-91162eccc880,true,downloadableSrc,200,image/webp,182892,182892,60e0f55b5bd41e6393cd3036c39fd0479002860d6f6e66f2f01e8823a9fd3489,1179,2676,,,bytescale.mobbin.com,f7a1807c1ac98ccf0eecf5078d61346ac9a94ca37a547f5708d580528c9e55c0,/Users/user/mobbin-sides/screen-flows/apple-health/047-apple-health-taking-a-mental-health-questionnaire-d15cb836-baad-4312-b0ad-39041611f5d2/001-dfd44c09-ab90-489f-92ee-91162eccc880-downloadableSrc-60e0f55b5bd4.webp
d15cb836-baad-4312-b0ad-39041611f5d2,Taking a mental health questionnaire,76436d76-126b-42ea-a287-9bb453f8d97f,Apple Health,9b150bfa-4e95-489c-9dc0-4af8396899bf,1,2,ea35b60a-c5c3-4ddd-b07d-1e6690856090,true,downloadableSrc,200,image/webp,74934,74934,5ac45f00b3db37b98822226fc6ecf28f45a3910034d58fe75695bef6a653d799,1179,2676,,,bytescale.mobbin.com,f7a1807c1ac98ccf0eecf5078d61346ac9a94ca37a547f5708d580528c9e55c0,/Users/user/mobbin-sides/screen-flows/apple-health/047-apple-health-taking-a-mental-health-questionnaire-d15cb836-baad-4312-b0ad-39041611f5d2/002-ea35b60a-c5c3-4ddd-b07d-1e6690856090-downloadableSrc-5ac45f00b3db.webp
d15cb836-baad-4312-b0ad-39041611f5d2,Taking a mental health questionnaire,76436d76-126b-42ea-a287-9bb453f8d97f,Apple Health,9b150bfa-4e95-489c-9dc0-4af8396899bf,2,3,fe2d3354-f626-4674-9aa2-716e1b16370b,true,downloadableSrc,200,image/webp,78116,78116,b51c8bde4026dc2d75d5aed0b47cf37c31c74482e5055b0d755203d7b4dc8e72,1179,2676,,,bytescale.mobbin.com,f7a1807c1ac98ccf0eecf5078d61346ac9a94ca37a547f5708d580528c9e55c0,/Users/user/mobbin-sides/screen-flows/apple-health/047-apple-health-taking-a-mental-health-questionnaire-d15cb836-baad-4312-b0ad-39041611f5d2/003-fe2d3354-f626-4674-9aa2-716e1b16370b-downloadableSrc-b51c8bde4026.webp
d15cb836-baad-4312-b0ad-39041611f5d2,Taking a mental health questionnaire,76436d76-126b-42ea-a287-9bb453f8d97f,Apple Health,9b150bfa-4e95-489c-9dc0-4af8396899bf,3,4,b4358c20-9dda-4d34-9ba4-56cd715f9d3a,true,downloadableSrc,200,image/webp,88594,88594,a5b310ecd6b9d2103eb2c9664a8ac6461e5996945eb35553b0d186aa94e0a459,1179,2676,,,bytescale.mobbin.com,f7a1807c1ac98ccf0eecf5078d61346ac9a94ca37a547f5708d580528c9e55c0,/Users/user/mobbin-sides/screen-flows/apple-health/047-apple-health-taking-a-mental-health-questionnaire-d15cb836-baad-4312-b0ad-39041611f5d2/004-b4358c20-9dda-4d34-9ba4-56cd715f9d3a-downloadableSrc-a5b310ecd6b9.webp
d15cb836-baad-4312-b0ad-39041611f5d2,Taking a mental health questionnaire,76436d76-126b-42ea-a287-9bb453f8d97f,Apple Health,9b150bfa-4e95-489c-9dc0-4af8396899bf,4,5,5b9141e0-798a-428c-8f05-7f915bd0d36c,true,downloadableSrc,200,image/webp,86000,86000,53ebaa7264e72e234b21961bd47e1817ba4537e47c81aabe36435fbbc4754ce9,1179,2676,,,bytescale.mobbin.com,f7a1807c1ac98ccf0eecf5078d61346ac9a94ca37a547f5708d580528c9e55c0,/Users/user/mobbin-sides/screen-flows/apple-health/047-apple-health-taking-a-mental-health-questionnaire-d15cb836-baad-4312-b0ad-39041611f5d2/005-5b9141e0-798a-428c-8f05-7f915bd0d36c-downloadableSrc-53ebaa7264e7.webp
d15cb836-baad-4312-b0ad-39041611f5d2,Taking a mental health questionnaire,76436d76-126b-42ea-a287-9bb453f8d97f,Apple Health,9b150bfa-4e95-489c-9dc0-4af8396899bf,5,6,8a8962d3-7aba-4541-9609-9da559feb039,true,downloadableSrc,200,image/webp,83474,83474,91b4d5b6f36da70cd8c72c05c6177c8ac74482b73c07f88447201162df29d0a0,1179,2676,,,bytescale.mobbin.com,f7a1807c1ac98ccf0eecf5078d61346ac9a94ca37a547f5708d580528c9e55c0,/Users/user/mobbin-sides/screen-flows/apple-health/047-apple-health-taking-a-mental-health-questionnaire-d15cb836-baad-4312-b0ad-39041611f5d2/006-8a8962d3-7aba-4541-9609-9da559feb039-downloadableSrc-91b4d5b6f36d.webp
d15cb836-baad-4312-b0ad-39041611f5d2,Taking a mental health questionnaire,76436d76-126b-42ea-a287-9bb453f8d97f,Apple Health,9b150bfa-4e95-489c-9dc0-4af8396899bf,6,7,3c8ad2b2-26b9-4931-b8ab-d08688e05b31,true,downloadableSrc,200,image/webp,133562,133562,795f38eec52c922a360b2a10158e1607767b4d72481cedaeb592aba42aaae2f0,1179,2676,,,bytescale.mobbin.com,f7a1807c1ac98ccf0eecf5078d61346ac9a94ca37a547f5708d580528c9e55c0,/Users/user/mobbin-sides/screen-flows/apple-health/047-apple-health-taking-a-mental-health-questionnaire-d15cb836-baad-4312-b0ad-39041611f5d2/007-3c8ad2b2-26b9-4931-b8ab-d08688e05b31-downloadableSrc-795f38eec52c.webp
d15cb836-baad-4312-b0ad-39041611f5d2,Taking a mental health questionnaire,76436d76-126b-42ea-a287-9bb453f8d97f,Apple Health,9b150bfa-4e95-489c-9dc0-4af8396899bf,7,8,2e871aac-d888-4701-af59-a159d08174cf,true,downloadableSrc,200,image/webp,127134,127134,0db890238d19baa26c16f0bbf83390e083c6bac6d9648596ed2426d83d009c65,1179,2676,,,bytescale.mobbin.com,f7a1807c1ac98ccf0eecf5078d61346ac9a94ca37a547f5708d580528c9e55c0,/Users/user/mobbin-sides/screen-flows/apple-health/047-apple-health-taking-a-mental-health-questionnaire-d15cb836-baad-4312-b0ad-39041611f5d2/008-2e871aac-d888-4701-af59-a159d08174cf-downloadableSrc-0db890238d19.webp
1c3b3236-06dc-4dde-a4c9-99bcffabd45b,Sleep score,76436d76-126b-42ea-a287-9bb453f8d97f,Apple Health,9b150bfa-4e95-489c-9dc0-4af8396899bf,0,1,8c245628-a453-4628-add0-113b844d513a,true,downloadableSrc,200,image/webp,61044,61044,911000b153ac91312c85ef46f8916be3ffabe7eecd446765097df874a7e78ecd,1179,2676,,,bytescale.mobbin.com,f7a1807c1ac98ccf0eecf5078d61346ac9a94ca37a547f5708d580528c9e55c0,/Users/user/mobbin-sides/screen-flows/apple-health/048-apple-health-sleep-score-1c3b3236-06dc-4dde-a4c9-99bcffabd45b/001-8c245628-a453-4628-add0-113b844d513a-downloadableSrc-911000b153ac.webp
1c3b3236-06dc-4dde-a4c9-99bcffabd45b,Sleep score,76436d76-126b-42ea-a287-9bb453f8d97f,Apple Health,9b150bfa-4e95-489c-9dc0-4af8396899bf,1,2,d3f8b04f-99fd-4c34-8568-d663aa960242,true,downloadableSrc,200,image/webp,124790,124790,aa59ba2bc8b0713cc2acf2624419c6499d51d70870b1e562aa6269357d2c67d3,1179,2676,,,bytescale.mobbin.com,f7a1807c1ac98ccf0eecf5078d61346ac9a94ca37a547f5708d580528c9e55c0,/Users/user/mobbin-sides/screen-flows/apple-health/048-apple-health-sleep-score-1c3b3236-06dc-4dde-a4c9-99bcffabd45b/002-d3f8b04f-99fd-4c34-8568-d663aa960242-downloadableSrc-aa59ba2bc8b0.webp
1c3b3236-06dc-4dde-a4c9-99bcffabd45b,Sleep score,76436d76-126b-42ea-a287-9bb453f8d97f,Apple Health,9b150bfa-4e95-489c-9dc0-4af8396899bf,2,3,7aecb44c-8dfc-46e9-883e-86eb5301ea19,true,downloadableSrc,200,image/webp,97434,97434,ca53e33eb3ddc1bd850f61bb890614fa1c3576364c78e3e4fab8237e68936b90,1179,2676,,,bytescale.mobbin.com,f7a1807c1ac98ccf0eecf5078d61346ac9a94ca37a547f5708d580528c9e55c0,/Users/user/mobbin-sides/screen-flows/apple-health/048-apple-health-sleep-score-1c3b3236-06dc-4dde-a4c9-99bcffabd45b/003-7aecb44c-8dfc-46e9-883e-86eb5301ea19-downloadableSrc-ca53e33eb3dd.webp
1c3b3236-06dc-4dde-a4c9-99bcffabd45b,Sleep score,76436d76-126b-42ea-a287-9bb453f8d97f,Apple Health,9b150bfa-4e95-489c-9dc0-4af8396899bf,3,4,8a81ce54-1ba8-4f72-b939-962e73e72e00,true,downloadableSrc,200,image/webp,114386,114386,fdfd4032ab807a9b0102a1fc6200f39dfe1cb9c13546e3ae733319a1c6105561,1179,2676,,,bytescale.mobbin.com,f7a1807c1ac98ccf0eecf5078d61346ac9a94ca37a547f5708d580528c9e55c0,/Users/user/mobbin-sides/screen-flows/apple-health/048-apple-health-sleep-score-1c3b3236-06dc-4dde-a4c9-99bcffabd45b/004-8a81ce54-1ba8-4f72-b939-962e73e72e00-downloadableSrc-fdfd4032ab80.webp
1c3b3236-06dc-4dde-a4c9-99bcffabd45b,Sleep score,76436d76-126b-42ea-a287-9bb453f8d97f,Apple Health,9b150bfa-4e95-489c-9dc0-4af8396899bf,4,5,38b2d05a-63fc-4983-b179-e8ec1eec2890,true,downloadableSrc,200,image/webp,186124,186124,4d0f13fef812020010b898f0efe0afb6d6c307a1b695ad8125d2652b31ae4181,1179,2676,,,bytescale.mobbin.com,f7a1807c1ac98ccf0eecf5078d61346ac9a94ca37a547f5708d580528c9e55c0,/Users/user/mobbin-sides/screen-flows/apple-health/048-apple-health-sleep-score-1c3b3236-06dc-4dde-a4c9-99bcffabd45b/005-38b2d05a-63fc-4983-b179-e8ec1eec2890-downloadableSrc-4d0f13fef812.webp
40639fc3-6978-4b39-99bd-cd51db256933,Profile,76436d76-126b-42ea-a287-9bb453f8d97f,Apple Health,9b150bfa-4e95-489c-9dc0-4af8396899bf,0,1,1a54ec87-6f51-416b-977b-663a1e7a2684,true,downloadableSrc,200,image/webp,90768,90768,6317370ac2c1faa97350190f51cd0356806ebc9b6ed6d39be0fe6480273eb872,1179,2676,,,bytescale.mobbin.com,f7a1807c1ac98ccf0eecf5078d61346ac9a94ca37a547f5708d580528c9e55c0,/Users/user/mobbin-sides/screen-flows/apple-health/049-apple-health-profile-40639fc3-6978-4b39-99bd-cd51db256933/001-1a54ec87-6f51-416b-977b-663a1e7a2684-downloadableSrc-6317370ac2c1.webp
40639fc3-6978-4b39-99bd-cd51db256933,Profile,76436d76-126b-42ea-a287-9bb453f8d97f,Apple Health,9b150bfa-4e95-489c-9dc0-4af8396899bf,1,2,52e6962d-c119-4faa-9c01-d8f673e27c89,true,downloadableSrc,200,image/webp,51902,51902,bf1dbc57ff892b1eb601511d77c0e8f8e026ab98b40b3b6d7d545e4321e93181,1179,2676,,,bytescale.mobbin.com,f7a1807c1ac98ccf0eecf5078d61346ac9a94ca37a547f5708d580528c9e55c0,/Users/user/mobbin-sides/screen-flows/apple-health/049-apple-health-profile-40639fc3-6978-4b39-99bd-cd51db256933/002-52e6962d-c119-4faa-9c01-d8f673e27c89-downloadableSrc-bf1dbc57ff89.webp
40639fc3-6978-4b39-99bd-cd51db256933,Profile,76436d76-126b-42ea-a287-9bb453f8d97f,Apple Health,9b150bfa-4e95-489c-9dc0-4af8396899bf,2,3,05e238d5-f279-406e-867b-0b4b83090692,true,downloadableSrc,200,image/webp,79640,79640,231a50c3f820d3c2e7f8d0243b1068621d921617ed5db3c144cb8efed22c39e8,1179,2676,,,bytescale.mobbin.com,f7a1807c1ac98ccf0eecf5078d61346ac9a94ca37a547f5708d580528c9e55c0,/Users/user/mobbin-sides/screen-flows/apple-health/049-apple-health-profile-40639fc3-6978-4b39-99bd-cd51db256933/003-05e238d5-f279-406e-867b-0b4b83090692-downloadableSrc-231a50c3f820.webp
11aef947-ddd6-40b2-9a7f-237ab73409bd,Health details,76436d76-126b-42ea-a287-9bb453f8d97f,Apple Health,9b150bfa-4e95-489c-9dc0-4af8396899bf,0,1,52e6962d-c119-4faa-9c01-d8f673e27c89,true,downloadableSrc,200,image/webp,51902,51902,bf1dbc57ff892b1eb601511d77c0e8f8e026ab98b40b3b6d7d545e4321e93181,1179,2676,,,bytescale.mobbin.com,f7a1807c1ac98ccf0eecf5078d61346ac9a94ca37a547f5708d580528c9e55c0,/Users/user/mobbin-sides/screen-flows/apple-health/050-apple-health-health-details-11aef947-ddd6-40b2-9a7f-237ab73409bd/001-52e6962d-c119-4faa-9c01-d8f673e27c89-downloadableSrc-bf1dbc57ff89.webp
11aef947-ddd6-40b2-9a7f-237ab73409bd,Health details,76436d76-126b-42ea-a287-9bb453f8d97f,Apple Health,9b150bfa-4e95-489c-9dc0-4af8396899bf,1,2,62991cea-fe42-41ec-b441-754a961c87cc,true,downloadableSrc,200,image/webp,78650,78650,ce9a0ef3aa04bbaa0a4c6143088c42c3af5718ae8be248dd2cad23b1a5d076b4,1179,2676,,,bytescale.mobbin.com,f7a1807c1ac98ccf0eecf5078d61346ac9a94ca37a547f5708d580528c9e55c0,/Users/user/mobbin-sides/screen-flows/apple-health/050-apple-health-health-details-11aef947-ddd6-40b2-9a7f-237ab73409bd/002-62991cea-fe42-41ec-b441-754a961c87cc-downloadableSrc-ce9a0ef3aa04.webp
11aef947-ddd6-40b2-9a7f-237ab73409bd,Health details,76436d76-126b-42ea-a287-9bb453f8d97f,Apple Health,9b150bfa-4e95-489c-9dc0-4af8396899bf,2,3,367b9e36-f234-4f43-8f8b-471d8529d4b6,true,downloadableSrc,200,image/webp,108806,108806,80869901a6bcfdddcb290f2073c0c97d84364db10e7881d1fb11af379630aa67,1179,2676,,,bytescale.mobbin.com,f7a1807c1ac98ccf0eecf5078d61346ac9a94ca37a547f5708d580528c9e55c0,/Users/user/mobbin-sides/screen-flows/apple-health/050-apple-health-health-details-11aef947-ddd6-40b2-9a7f-237ab73409bd/003-367b9e36-f234-4f43-8f8b-471d8529d4b6-downloadableSrc-80869901a6bc.webp
4a69bcd1-04bd-424f-a9c0-05d3f56a6e51,Enabling notifications,76436d76-126b-42ea-a287-9bb453f8d97f,Apple Health,9b150bfa-4e95-489c-9dc0-4af8396899bf,0,1,52e6962d-c119-4faa-9c01-d8f673e27c89,true,downloadableSrc,200,image/webp,51902,51902,bf1dbc57ff892b1eb601511d77c0e8f8e026ab98b40b3b6d7d545e4321e93181,1179,2676,,,bytescale.mobbin.com,f7a1807c1ac98ccf0eecf5078d61346ac9a94ca37a547f5708d580528c9e55c0,/Users/user/mobbin-sides/screen-flows/apple-health/051-apple-health-enabling-notifications-4a69bcd1-04bd-424f-a9c0-05d3f56a6e51/001-52e6962d-c119-4faa-9c01-d8f673e27c89-downloadableSrc-bf1dbc57ff89.webp
4a69bcd1-04bd-424f-a9c0-05d3f56a6e51,Enabling notifications,76436d76-126b-42ea-a287-9bb453f8d97f,Apple Health,9b150bfa-4e95-489c-9dc0-4af8396899bf,1,2,ac163cdf-3d94-4ef5-9abc-cdc9a10b1fef,true,downloadableSrc,200,image/webp,92920,92920,9beeac9cc464c008a414180202b18bba077e5ffe66b62c19f695ec1d8729b2ce,1179,2676,,,bytescale.mobbin.com,f7a1807c1ac98ccf0eecf5078d61346ac9a94ca37a547f5708d580528c9e55c0,/Users/user/mobbin-sides/screen-flows/apple-health/051-apple-health-enabling-notifications-4a69bcd1-04bd-424f-a9c0-05d3f56a6e51/002-ac163cdf-3d94-4ef5-9abc-cdc9a10b1fef-downloadableSrc-9beeac9cc464.webp
4a69bcd1-04bd-424f-a9c0-05d3f56a6e51,Enabling notifications,76436d76-126b-42ea-a287-9bb453f8d97f,Apple Health,9b150bfa-4e95-489c-9dc0-4af8396899bf,2,3,3e60132b-df96-4ee7-bf4f-dc70364bae38,true,downloadableSrc,200,image/webp,93508,93508,e173b847c265b74e3ea48f58a450743248f864d99477538c733586206c09978d,1179,2676,,,bytescale.mobbin.com,f7a1807c1ac98ccf0eecf5078d61346ac9a94ca37a547f5708d580528c9e55c0,/Users/user/mobbin-sides/screen-flows/apple-health/051-apple-health-enabling-notifications-4a69bcd1-04bd-424f-a9c0-05d3f56a6e51/003-3e60132b-df96-4ee7-bf4f-dc70364bae38-downloadableSrc-e173b847c265.webp
4a69bcd1-04bd-424f-a9c0-05d3f56a6e51,Enabling notifications,76436d76-126b-42ea-a287-9bb453f8d97f,Apple Health,9b150bfa-4e95-489c-9dc0-4af8396899bf,3,4,adcf5fb9-a1b0-44f8-bb33-dc946e0dfae8,true,downloadableSrc,200,image/webp,101656,101656,a266abf60b3ce9a6938e63bf9fbda04c83a58f85e036c74af8973890be9866e6,1179,2676,,,bytescale.mobbin.com,f7a1807c1ac98ccf0eecf5078d61346ac9a94ca37a547f5708d580528c9e55c0,/Users/user/mobbin-sides/screen-flows/apple-health/051-apple-health-enabling-notifications-4a69bcd1-04bd-424f-a9c0-05d3f56a6e51/004-adcf5fb9-a1b0-44f8-bb33-dc946e0dfae8-downloadableSrc-a266abf60b3c.webp
0131afb2-bb76-4633-85c3-3dff9b0ed260,Widgets,76436d76-126b-42ea-a287-9bb453f8d97f,Apple Health,9b150bfa-4e95-489c-9dc0-4af8396899bf,0,1,91d99579-f1e4-4efd-9728-1a6a1436494a,true,downloadableSrc,200,image/webp,28510,28510,b94d152ee426f556e3faa2c7ba5305629608461f8a44766cd61e02ed354fbc49,1179,2676,,,bytescale.mobbin.com,f7a1807c1ac98ccf0eecf5078d61346ac9a94ca37a547f5708d580528c9e55c0,/Users/user/mobbin-sides/screen-flows/apple-health/052-apple-health-widgets-0131afb2-bb76-4633-85c3-3dff9b0ed260/001-91d99579-f1e4-4efd-9728-1a6a1436494a-downloadableSrc-b94d152ee426.webp
