flowId,flowName,appId,appName,appVersionId,order,index,screenId,restricted,descriptor,status,contentType,contentLengthHeader,bytes,sha256,width,height,declaredWidth,declaredHeight,urlHost,urlPathHash,savedPath
7d06b95b-09e3-4891-8ced-8c618bcf8b99,Onboarding,76fa9e1b-337d-4b3a-92cc-ec566f697c8c,Eleven Reader,1c4ca409-7e55-4df0-97f2-301850c24c49,0,1,46379a57-9c7a-4bfe-97af-22ccd409bc60,false,downloadableSrc,200,image/webp,22900,22900,dfb4c060b5c3d8a9b2af982778d895394695727d8fcba0d74878b82ded9f1eb7,1180,2676,,,bytescale.mobbin.com,f7a1807c1ac98ccf0eecf5078d61346ac9a94ca37a547f5708d580528c9e55c0,/Users/user/mobbin-sides/screen-flows/elevenreader/001-eleven-reader-onboarding-7d06b95b-09e3-4891-8ced-8c618bcf8b99/001-46379a57-9c7a-4bfe-97af-22ccd409bc60-downloadableSrc-dfb4c060b5c3.webp
7d06b95b-09e3-4891-8ced-8c618bcf8b99,Onboarding,76fa9e1b-337d-4b3a-92cc-ec566f697c8c,Eleven Reader,1c4ca409-7e55-4df0-97f2-301850c24c49,1,2,a58ca42a-2ed2-4888-9940-9bc99063f840,false,downloadableSrc,200,image/webp,99518,99518,6ae74434a114923c8d8a7664cbfa2571cec1fc0ca4b5b4d1a5b6e19abb99351b,1180,2676,,,bytescale.mobbin.com,f7a1807c1ac98ccf0eecf5078d61346ac9a94ca37a547f5708d580528c9e55c0,/Users/user/mobbin-sides/screen-flows/elevenreader/001-eleven-reader-onboarding-7d06b95b-09e3-4891-8ced-8c618bcf8b99/002-a58ca42a-2ed2-4888-9940-9bc99063f840-downloadableSrc-6ae74434a114.webp
7d06b95b-09e3-4891-8ced-8c618bcf8b99,Onboarding,76fa9e1b-337d-4b3a-92cc-ec566f697c8c,Eleven Reader,1c4ca409-7e55-4df0-97f2-301850c24c49,2,3,2800c1f5-cd3c-4f12-a56e-20449a68c179,false,downloadableSrc,200,image/webp,57584,57584,6a625275b2272b4718b6a581e852f4f55f7862c37fc50948c201dfdea16ca9fa,1180,2676,,,bytescale.mobbin.com,f7a1807c1ac98ccf0eecf5078d61346ac9a94ca37a547f5708d580528c9e55c0,/Users/user/mobbin-sides/screen-flows/elevenreader/001-eleven-reader-onboarding-7d06b95b-09e3-4891-8ced-8c618bcf8b99/003-2800c1f5-cd3c-4f12-a56e-20449a68c179-downloadableSrc-6a625275b227.webp
7d06b95b-09e3-4891-8ced-8c618bcf8b99,Onboarding,76fa9e1b-337d-4b3a-92cc-ec566f697c8c,Eleven Reader,1c4ca409-7e55-4df0-97f2-301850c24c49,3,4,2d7cff24-9533-49a6-a626-b231f8292ad7,false,downloadableSrc,200,image/webp,68586,68586,4d211256e1507a8e5d4617b7b3012fcfe5914b4832d886786df05dec2c72ed3b,1180,2676,,,bytescale.mobbin.com,f7a1807c1ac98ccf0eecf5078d61346ac9a94ca37a547f5708d580528c9e55c0,/Users/user/mobbin-sides/screen-flows/elevenreader/001-eleven-reader-onboarding-7d06b95b-09e3-4891-8ced-8c618bcf8b99/004-2d7cff24-9533-49a6-a626-b231f8292ad7-downloadableSrc-4d211256e150.webp
7d06b95b-09e3-4891-8ced-8c618bcf8b99,Onboarding,76fa9e1b-337d-4b3a-92cc-ec566f697c8c,Eleven Reader,1c4ca409-7e55-4df0-97f2-301850c24c49,4,5,379f51d3-4107-40f0-9f67-d7265809a6b4,false,downloadableSrc,200,image/webp,58340,58340,e9671e0e2aabb9437a1d177d4b313bd714dd4d9580f7f5b3509ad76c78a0ce47,1180,2676,,,bytescale.mobbin.com,f7a1807c1ac98ccf0eecf5078d61346ac9a94ca37a547f5708d580528c9e55c0,/Users/user/mobbin-sides/screen-flows/elevenreader/001-eleven-reader-onboarding-7d06b95b-09e3-4891-8ced-8c618bcf8b99/005-379f51d3-4107-40f0-9f67-d7265809a6b4-downloadableSrc-e9671e0e2aab.webp
7d06b95b-09e3-4891-8ced-8c618bcf8b99,Onboarding,76fa9e1b-337d-4b3a-92cc-ec566f697c8c,Eleven Reader,1c4ca409-7e55-4df0-97f2-301850c24c49,5,6,724313b4-5e2f-4f53-96ab-68e0ade41058,false,downloadableSrc,200,image/webp,45002,45002,ef9b48c00c19ed66395fa21f75812fedabfada79cb9375274a15a604f4c10787,1179,2676,,,bytescale.mobbin.com,f7a1807c1ac98ccf0eecf5078d61346ac9a94ca37a547f5708d580528c9e55c0,/Users/user/mobbin-sides/screen-flows/elevenreader/001-eleven-reader-onboarding-7d06b95b-09e3-4891-8ced-8c618bcf8b99/006-724313b4-5e2f-4f53-96ab-68e0ade41058-downloadableSrc-ef9b48c00c19.webp
7d06b95b-09e3-4891-8ced-8c618bcf8b99,Onboarding,76fa9e1b-337d-4b3a-92cc-ec566f697c8c,Eleven Reader,1c4ca409-7e55-4df0-97f2-301850c24c49,6,7,48abf3b7-d8ce-4998-8e1d-dc02adb20105,false,downloadableSrc,200,image/webp,51252,51252,370adc81a7f9b6d14cd97e88a6e6a46f8c6b55f98f6110685e61d8e18ff0e68e,1179,2676,,,bytescale.mobbin.com,f7a1807c1ac98ccf0eecf5078d61346ac9a94ca37a547f5708d580528c9e55c0,/Users/user/mobbin-sides/screen-flows/elevenreader/001-eleven-reader-onboarding-7d06b95b-09e3-4891-8ced-8c618bcf8b99/007-48abf3b7-d8ce-4998-8e1d-dc02adb20105-downloadableSrc-370adc81a7f9.webp
7d06b95b-09e3-4891-8ced-8c618bcf8b99,Onboarding,76fa9e1b-337d-4b3a-92cc-ec566f697c8c,Eleven Reader,1c4ca409-7e55-4df0-97f2-301850c24c49,7,8,b50f359b-4389-4a94-b0c7-9d2805f1066b,false,downloadableSrc,200,image/webp,42960,42960,f5cd67c06d757d3efec78dbd9e1cf53636b358ef56a6d81f665d5b93dc4432f0,1179,2676,,,bytescale.mobbin.com,f7a1807c1ac98ccf0eecf5078d61346ac9a94ca37a547f5708d580528c9e55c0,/Users/user/mobbin-sides/screen-flows/elevenreader/001-eleven-reader-onboarding-7d06b95b-09e3-4891-8ced-8c618bcf8b99/008-b50f359b-4389-4a94-b0c7-9d2805f1066b-downloadableSrc-f5cd67c06d75.webp
7d06b95b-09e3-4891-8ced-8c618bcf8b99,Onboarding,76fa9e1b-337d-4b3a-92cc-ec566f697c8c,Eleven Reader,1c4ca409-7e55-4df0-97f2-301850c24c49,8,9,aba635fb-acad-4bcd-90f6-59c5f3a8a9a9,false,downloadableSrc,200,image/webp,47126,47126,921df2a81b35e03c6d5e82687eb917a5d39943f8fa55ec9edba40eaf8df97425,1179,2676,,,bytescale.mobbin.com,f7a1807c1ac98ccf0eecf5078d61346ac9a94ca37a547f5708d580528c9e55c0,/Users/user/mobbin-sides/screen-flows/elevenreader/001-eleven-reader-onboarding-7d06b95b-09e3-4891-8ced-8c618bcf8b99/009-aba635fb-acad-4bcd-90f6-59c5f3a8a9a9-downloadableSrc-921df2a81b35.webp
7d06b95b-09e3-4891-8ced-8c618bcf8b99,Onboarding,76fa9e1b-337d-4b3a-92cc-ec566f697c8c,Eleven Reader,1c4ca409-7e55-4df0-97f2-301850c24c49,9,10,ab9aaf18-fe4e-44a3-bcbb-583ffbf4151c,false,downloadableSrc,200,image/webp,86980,86980,2a20e94f84dcce0504a59da2bdcdf2635aa914972415ebd012b76ce9bc989a0e,1179,2676,,,bytescale.mobbin.com,f7a1807c1ac98ccf0eecf5078d61346ac9a94ca37a547f5708d580528c9e55c0,/Users/user/mobbin-sides/screen-flows/elevenreader/001-eleven-reader-onboarding-7d06b95b-09e3-4891-8ced-8c618bcf8b99/010-ab9aaf18-fe4e-44a3-bcbb-583ffbf4151c-downloadableSrc-2a20e94f84dc.webp
7d06b95b-09e3-4891-8ced-8c618bcf8b99,Onboarding,76fa9e1b-337d-4b3a-92cc-ec566f697c8c,Eleven Reader,1c4ca409-7e55-4df0-97f2-301850c24c49,10,11,15024ba2-2ab0-49a7-999a-d07cc9d149f0,false,downloadableSrc,200,image/webp,85080,85080,ac655a5f436838aa389392f9787567181471e7d8cd2e6c2e39ff904924b6429e,1179,2676,,,bytescale.mobbin.com,f7a1807c1ac98ccf0eecf5078d61346ac9a94ca37a547f5708d580528c9e55c0,/Users/user/mobbin-sides/screen-flows/elevenreader/001-eleven-reader-onboarding-7d06b95b-09e3-4891-8ced-8c618bcf8b99/011-15024ba2-2ab0-49a7-999a-d07cc9d149f0-downloadableSrc-ac655a5f4368.webp
7d06b95b-09e3-4891-8ced-8c618bcf8b99,Onboarding,76fa9e1b-337d-4b3a-92cc-ec566f697c8c,Eleven Reader,1c4ca409-7e55-4df0-97f2-301850c24c49,11,12,827c2243-30b3-4d58-b50e-199ca6b2a6ab,false,downloadableSrc,200,image/webp,86702,86702,c48317120ecb4b2ed7cfa452deae54d0af964c834515a0315d9870c0d5fdd2da,1179,2676,,,bytescale.mobbin.com,f7a1807c1ac98ccf0eecf5078d61346ac9a94ca37a547f5708d580528c9e55c0,/Users/user/mobbin-sides/screen-flows/elevenreader/001-eleven-reader-onboarding-7d06b95b-09e3-4891-8ced-8c618bcf8b99/012-827c2243-30b3-4d58-b50e-199ca6b2a6ab-downloadableSrc-c48317120ecb.webp
7d06b95b-09e3-4891-8ced-8c618bcf8b99,Onboarding,76fa9e1b-337d-4b3a-92cc-ec566f697c8c,Eleven Reader,1c4ca409-7e55-4df0-97f2-301850c24c49,12,13,5b98fae9-0786-4d86-9cbb-91b42b176ce6,false,downloadableSrc,200,image/webp,52940,52940,b8caf6f55795bffa4ca17600dbceb94e8622156ea3793a50c1a5a029046ff6f2,1179,2676,,,bytescale.mobbin.com,f7a1807c1ac98ccf0eecf5078d61346ac9a94ca37a547f5708d580528c9e55c0,/Users/user/mobbin-sides/screen-flows/elevenreader/001-eleven-reader-onboarding-7d06b95b-09e3-4891-8ced-8c618bcf8b99/013-5b98fae9-0786-4d86-9cbb-91b42b176ce6-downloadableSrc-b8caf6f55795.webp
7d06b95b-09e3-4891-8ced-8c618bcf8b99,Onboarding,76fa9e1b-337d-4b3a-92cc-ec566f697c8c,Eleven Reader,1c4ca409-7e55-4df0-97f2-301850c24c49,13,14,3be6d830-e25e-415d-8ea3-2e1c4b06292c,false,downloadableSrc,200,image/webp,56402,56402,177e11a0f1b7bb0e9c9421c6573d99dfc1eb93d69156531b4c97b799b1a6e7bb,1179,2676,,,bytescale.mobbin.com,f7a1807c1ac98ccf0eecf5078d61346ac9a94ca37a547f5708d580528c9e55c0,/Users/user/mobbin-sides/screen-flows/elevenreader/001-eleven-reader-onboarding-7d06b95b-09e3-4891-8ced-8c618bcf8b99/014-3be6d830-e25e-415d-8ea3-2e1c4b06292c-downloadableSrc-177e11a0f1b7.webp
7d06b95b-09e3-4891-8ced-8c618bcf8b99,Onboarding,76fa9e1b-337d-4b3a-92cc-ec566f697c8c,Eleven Reader,1c4ca409-7e55-4df0-97f2-301850c24c49,14,15,d0708f76-1741-461d-bd80-d90caf105068,false,downloadableSrc,200,image/webp,113510,113510,72e244ba23a16588d05e720a0965cf04efaef190d6a396d95568aec656663f43,1179,2676,,,bytescale.mobbin.com,f7a1807c1ac98ccf0eecf5078d61346ac9a94ca37a547f5708d580528c9e55c0,/Users/user/mobbin-sides/screen-flows/elevenreader/001-eleven-reader-onboarding-7d06b95b-09e3-4891-8ced-8c618bcf8b99/015-d0708f76-1741-461d-bd80-d90caf105068-downloadableSrc-72e244ba23a1.webp
78c16798-4664-4155-b102-f12bf534b3cb,Subscribing to ElevenReader Ultra,76fa9e1b-337d-4b3a-92cc-ec566f697c8c,Eleven Reader,1c4ca409-7e55-4df0-97f2-301850c24c49,0,1,d0708f76-1741-461d-bd80-d90caf105068,true,downloadableSrc,200,image/webp,113510,113510,72e244ba23a16588d05e720a0965cf04efaef190d6a396d95568aec656663f43,1179,2676,,,bytescale.mobbin.com,f7a1807c1ac98ccf0eecf5078d61346ac9a94ca37a547f5708d580528c9e55c0,/Users/user/mobbin-sides/screen-flows/elevenreader/002-eleven-reader-subscribing-to-elevenreader-ultra-78c16798-4664-4155-b102-f12bf534b3cb/001-d0708f76-1741-461d-bd80-d90caf105068-downloadableSrc-72e244ba23a1.webp
78c16798-4664-4155-b102-f12bf534b3cb,Subscribing to ElevenReader Ultra,76fa9e1b-337d-4b3a-92cc-ec566f697c8c,Eleven Reader,1c4ca409-7e55-4df0-97f2-301850c24c49,1,2,a0709770-081a-4c03-bcee-db1d76e51c43,true,downloadableSrc,200,image/webp,107728,107728,9afdb75fb9d8f9b6199d51d1981bb35a5e170b64a430e3413c5b3a2c0931403f,1179,2676,,,bytescale.mobbin.com,f7a1807c1ac98ccf0eecf5078d61346ac9a94ca37a547f5708d580528c9e55c0,/Users/user/mobbin-sides/screen-flows/elevenreader/002-eleven-reader-subscribing-to-elevenreader-ultra-78c16798-4664-4155-b102-f12bf534b3cb/002-a0709770-081a-4c03-bcee-db1d76e51c43-downloadableSrc-9afdb75fb9d8.webp
78c16798-4664-4155-b102-f12bf534b3cb,Subscribing to ElevenReader Ultra,76fa9e1b-337d-4b3a-92cc-ec566f697c8c,Eleven Reader,1c4ca409-7e55-4df0-97f2-301850c24c49,2,3,7c113e45-5c2c-4d38-af36-f6dbf4afda86,true,downloadableSrc,200,image/webp,21616,21616,eec66ad72c44f4e405250ca7bf4435093ef042f47b2449d07fe6325fc990f078,1179,2676,,,bytescale.mobbin.com,f7a1807c1ac98ccf0eecf5078d61346ac9a94ca37a547f5708d580528c9e55c0,/Users/user/mobbin-sides/screen-flows/elevenreader/002-eleven-reader-subscribing-to-elevenreader-ultra-78c16798-4664-4155-b102-f12bf534b3cb/003-7c113e45-5c2c-4d38-af36-f6dbf4afda86-downloadableSrc-eec66ad72c44.webp
78c16798-4664-4155-b102-f12bf534b3cb,Subscribing to ElevenReader Ultra,76fa9e1b-337d-4b3a-92cc-ec566f697c8c,Eleven Reader,1c4ca409-7e55-4df0-97f2-301850c24c49,3,4,67ca761b-e802-41ad-ae8d-77d7f6421130,true,downloadableSrc,200,image/webp,162894,162894,2dacc2d09c0938d2a0bb8273a44a7be9cc1d35d03d989b30322ff500622234ca,1179,2676,,,bytescale.mobbin.com,f7a1807c1ac98ccf0eecf5078d61346ac9a94ca37a547f5708d580528c9e55c0,/Users/user/mobbin-sides/screen-flows/elevenreader/002-eleven-reader-subscribing-to-elevenreader-ultra-78c16798-4664-4155-b102-f12bf534b3cb/004-67ca761b-e802-41ad-ae8d-77d7f6421130-downloadableSrc-2dacc2d09c09.webp
880ba59d-3742-491e-a355-de69d1dd85e9,Home,76fa9e1b-337d-4b3a-92cc-ec566f697c8c,Eleven Reader,1c4ca409-7e55-4df0-97f2-301850c24c49,0,1,67ca761b-e802-41ad-ae8d-77d7f6421130,true,downloadableSrc,200,image/webp,162894,162894,2dacc2d09c0938d2a0bb8273a44a7be9cc1d35d03d989b30322ff500622234ca,1179,2676,,,bytescale.mobbin.com,f7a1807c1ac98ccf0eecf5078d61346ac9a94ca37a547f5708d580528c9e55c0,/Users/user/mobbin-sides/screen-flows/elevenreader/003-eleven-reader-home-880ba59d-3742-491e-a355-de69d1dd85e9/001-67ca761b-e802-41ad-ae8d-77d7f6421130-downloadableSrc-2dacc2d09c09.webp
880ba59d-3742-491e-a355-de69d1dd85e9,Home,76fa9e1b-337d-4b3a-92cc-ec566f697c8c,Eleven Reader,1c4ca409-7e55-4df0-97f2-301850c24c49,1,2,76916f8d-db26-4dfd-9f43-cd3bc1808fe4,true,downloadableSrc,200,image/webp,54068,54068,7667170dd53110b9164d3a4638702cbee1982895beb4d09366de3eec5c5e24af,1179,2676,,,bytescale.mobbin.com,f7a1807c1ac98ccf0eecf5078d61346ac9a94ca37a547f5708d580528c9e55c0,/Users/user/mobbin-sides/screen-flows/elevenreader/003-eleven-reader-home-880ba59d-3742-491e-a355-de69d1dd85e9/002-76916f8d-db26-4dfd-9f43-cd3bc1808fe4-downloadableSrc-7667170dd531.webp
880ba59d-3742-491e-a355-de69d1dd85e9,Home,76fa9e1b-337d-4b3a-92cc-ec566f697c8c,Eleven Reader,1c4ca409-7e55-4df0-97f2-301850c24c49,2,3,4eabd3ee-be39-4a27-96b8-55a0ecd3f17e,true,downloadableSrc,200,image/webp,126464,126464,d33741b5094bc385bebfd4c05f5b46414baa59fb09630ef29c23206d7e984ebe,1179,2676,,,bytescale.mobbin.com,f7a1807c1ac98ccf0eecf5078d61346ac9a94ca37a547f5708d580528c9e55c0,/Users/user/mobbin-sides/screen-flows/elevenreader/003-eleven-reader-home-880ba59d-3742-491e-a355-de69d1dd85e9/003-4eabd3ee-be39-4a27-96b8-55a0ecd3f17e-downloadableSrc-d33741b5094b.webp
e8536073-81ac-4729-b1c4-7ea6bd4a106e,For you,76fa9e1b-337d-4b3a-92cc-ec566f697c8c,Eleven Reader,1c4ca409-7e55-4df0-97f2-301850c24c49,0,1,67ca761b-e802-41ad-ae8d-77d7f6421130,true,downloadableSrc,200,image/webp,162894,162894,2dacc2d09c0938d2a0bb8273a44a7be9cc1d35d03d989b30322ff500622234ca,1179,2676,,,bytescale.mobbin.com,f7a1807c1ac98ccf0eecf5078d61346ac9a94ca37a547f5708d580528c9e55c0,/Users/user/mobbin-sides/screen-flows/elevenreader/004-eleven-reader-for-you-e8536073-81ac-4729-b1c4-7ea6bd4a106e/001-67ca761b-e802-41ad-ae8d-77d7f6421130-downloadableSrc-2dacc2d09c09.webp
e8536073-81ac-4729-b1c4-7ea6bd4a106e,For you,76fa9e1b-337d-4b3a-92cc-ec566f697c8c,Eleven Reader,1c4ca409-7e55-4df0-97f2-301850c24c49,1,2,fad3d752-f390-4243-b499-c0feda657081,true,downloadableSrc,200,image/webp,185552,185552,40da13bd9eb46e1d7c6fed97c8df30977ac03de9fa25ad7abda09f20ac75d509,1179,2676,,,bytescale.mobbin.com,f7a1807c1ac98ccf0eecf5078d61346ac9a94ca37a547f5708d580528c9e55c0,/Users/user/mobbin-sides/screen-flows/elevenreader/004-eleven-reader-for-you-e8536073-81ac-4729-b1c4-7ea6bd4a106e/002-fad3d752-f390-4243-b499-c0feda657081-downloadableSrc-40da13bd9eb4.webp
e8536073-81ac-4729-b1c4-7ea6bd4a106e,For you,76fa9e1b-337d-4b3a-92cc-ec566f697c8c,Eleven Reader,1c4ca409-7e55-4df0-97f2-301850c24c49,2,3,c1bce875-710b-4996-a0c6-1ad12bdb37b6,true,downloadableSrc,200,image/webp,192648,192648,53eddb4496f4ca6b3f0f0faeeda8c519f99ccd09a619f834b1b6913840263c06,1179,2676,,,bytescale.mobbin.com,f7a1807c1ac98ccf0eecf5078d61346ac9a94ca37a547f5708d580528c9e55c0,/Users/user/mobbin-sides/screen-flows/elevenreader/004-eleven-reader-for-you-e8536073-81ac-4729-b1c4-7ea6bd4a106e/003-c1bce875-710b-4996-a0c6-1ad12bdb37b6-downloadableSrc-53eddb4496f4.webp
e8536073-81ac-4729-b1c4-7ea6bd4a106e,For you,76fa9e1b-337d-4b3a-92cc-ec566f697c8c,Eleven Reader,1c4ca409-7e55-4df0-97f2-301850c24c49,3,4,c827984d-8097-4629-82e3-a81954f6ab71,true,downloadableSrc,200,image/webp,160806,160806,c017a5c5617dea6df36550f50f81327f992ba1f4964a6358eda9fbe7143266b2,1179,2676,,,bytescale.mobbin.com,f7a1807c1ac98ccf0eecf5078d61346ac9a94ca37a547f5708d580528c9e55c0,/Users/user/mobbin-sides/screen-flows/elevenreader/004-eleven-reader-for-you-e8536073-81ac-4729-b1c4-7ea6bd4a106e/004-c827984d-8097-4629-82e3-a81954f6ab71-downloadableSrc-c017a5c5617d.webp
e8536073-81ac-4729-b1c4-7ea6bd4a106e,For you,76fa9e1b-337d-4b3a-92cc-ec566f697c8c,Eleven Reader,1c4ca409-7e55-4df0-97f2-301850c24c49,4,5,8dc752cc-5761-48f7-a981-9135aa6a54cb,true,downloadableSrc,200,image/webp,105498,105498,5a401c8f3ff7b9e56e7e5016bc00dec66dff6a21d1cdd3e6fd844534d2314f0b,1179,2676,,,bytescale.mobbin.com,f7a1807c1ac98ccf0eecf5078d61346ac9a94ca37a547f5708d580528c9e55c0,/Users/user/mobbin-sides/screen-flows/elevenreader/004-eleven-reader-for-you-e8536073-81ac-4729-b1c4-7ea6bd4a106e/005-8dc752cc-5761-48f7-a981-9135aa6a54cb-downloadableSrc-5a401c8f3ff7.webp
e8536073-81ac-4729-b1c4-7ea6bd4a106e,For you,76fa9e1b-337d-4b3a-92cc-ec566f697c8c,Eleven Reader,1c4ca409-7e55-4df0-97f2-301850c24c49,5,6,543927b6-750b-484d-9f46-f2d74be14652,true,downloadableSrc,200,image/webp,66728,66728,079347a195bf229e1ee7b126f4f575fd2cf490a916e4051671602ddf0b0b42e9,1179,2676,,,bytescale.mobbin.com,f7a1807c1ac98ccf0eecf5078d61346ac9a94ca37a547f5708d580528c9e55c0,/Users/user/mobbin-sides/screen-flows/elevenreader/004-eleven-reader-for-you-e8536073-81ac-4729-b1c4-7ea6bd4a106e/006-543927b6-750b-484d-9f46-f2d74be14652-downloadableSrc-079347a195bf.webp
e8536073-81ac-4729-b1c4-7ea6bd4a106e,For you,76fa9e1b-337d-4b3a-92cc-ec566f697c8c,Eleven Reader,1c4ca409-7e55-4df0-97f2-301850c24c49,6,7,d4b3c840-6f1a-4e56-9697-a47bdfbde235,true,downloadableSrc,200,image/webp,82720,82720,8675a55f24bfd054f515ff0e0db6cba95fba1f3a521210f50edb76abe9c9261e,1179,2676,,,bytescale.mobbin.com,f7a1807c1ac98ccf0eecf5078d61346ac9a94ca37a547f5708d580528c9e55c0,/Users/user/mobbin-sides/screen-flows/elevenreader/004-eleven-reader-for-you-e8536073-81ac-4729-b1c4-7ea6bd4a106e/007-d4b3c840-6f1a-4e56-9697-a47bdfbde235-downloadableSrc-8675a55f24bf.webp
5a4444fa-a637-4353-a170-12fe00e4a3ac,Browse by category,76fa9e1b-337d-4b3a-92cc-ec566f697c8c,Eleven Reader,1c4ca409-7e55-4df0-97f2-301850c24c49,0,1,8dc752cc-5761-48f7-a981-9135aa6a54cb,true,downloadableSrc,200,image/webp,105498,105498,5a401c8f3ff7b9e56e7e5016bc00dec66dff6a21d1cdd3e6fd844534d2314f0b,1179,2676,,,bytescale.mobbin.com,f7a1807c1ac98ccf0eecf5078d61346ac9a94ca37a547f5708d580528c9e55c0,/Users/user/mobbin-sides/screen-flows/elevenreader/005-eleven-reader-browse-by-category-5a4444fa-a637-4353-a170-12fe00e4a3ac/001-8dc752cc-5761-48f7-a981-9135aa6a54cb-downloadableSrc-5a401c8f3ff7.webp
5a4444fa-a637-4353-a170-12fe00e4a3ac,Browse by category,76fa9e1b-337d-4b3a-92cc-ec566f697c8c,Eleven Reader,1c4ca409-7e55-4df0-97f2-301850c24c49,1,2,3cf556cb-bee4-477d-8ec5-7547b796df65,true,downloadableSrc,200,image/webp,265556,265556,5503e8ec28ad3f61a856463db2e1d93c01f9d59dfcf8474ee56e727f972c88d7,1179,2676,,,bytescale.mobbin.com,f7a1807c1ac98ccf0eecf5078d61346ac9a94ca37a547f5708d580528c9e55c0,/Users/user/mobbin-sides/screen-flows/elevenreader/005-eleven-reader-browse-by-category-5a4444fa-a637-4353-a170-12fe00e4a3ac/002-3cf556cb-bee4-477d-8ec5-7547b796df65-downloadableSrc-5503e8ec28ad.webp
fd3a5b13-7210-4cb6-a1b0-dbeffc7d7683,Audiobook detail,76fa9e1b-337d-4b3a-92cc-ec566f697c8c,Eleven Reader,1c4ca409-7e55-4df0-97f2-301850c24c49,0,1,3cf556cb-bee4-477d-8ec5-7547b796df65,true,downloadableSrc,200,image/webp,265556,265556,5503e8ec28ad3f61a856463db2e1d93c01f9d59dfcf8474ee56e727f972c88d7,1179,2676,,,bytescale.mobbin.com,f7a1807c1ac98ccf0eecf5078d61346ac9a94ca37a547f5708d580528c9e55c0,/Users/user/mobbin-sides/screen-flows/elevenreader/006-eleven-reader-audiobook-detail-fd3a5b13-7210-4cb6-a1b0-dbeffc7d7683/001-3cf556cb-bee4-477d-8ec5-7547b796df65-downloadableSrc-5503e8ec28ad.webp
fd3a5b13-7210-4cb6-a1b0-dbeffc7d7683,Audiobook detail,76fa9e1b-337d-4b3a-92cc-ec566f697c8c,Eleven Reader,1c4ca409-7e55-4df0-97f2-301850c24c49,1,2,5ddf13df-ce19-4826-9881-4617c28cd626,true,downloadableSrc,200,image/webp,120626,120626,b6d8f7593d0534651817b4170961ec9a5833df7a59dfa49dc01e25e8b15abcbe,1179,2676,,,bytescale.mobbin.com,f7a1807c1ac98ccf0eecf5078d61346ac9a94ca37a547f5708d580528c9e55c0,/Users/user/mobbin-sides/screen-flows/elevenreader/006-eleven-reader-audiobook-detail-fd3a5b13-7210-4cb6-a1b0-dbeffc7d7683/002-5ddf13df-ce19-4826-9881-4617c28cd626-downloadableSrc-b6d8f7593d05.webp
fd3a5b13-7210-4cb6-a1b0-dbeffc7d7683,Audiobook detail,76fa9e1b-337d-4b3a-92cc-ec566f697c8c,Eleven Reader,1c4ca409-7e55-4df0-97f2-301850c24c49,2,3,ee3ee9ff-e838-471b-a1b9-aec27a2850d1,true,downloadableSrc,200,image/webp,87456,87456,e8dfa327dd6820003c091d82ab136bade5ee7f1e05a9e59461ff9e23ba3aaebe,1179,2676,,,bytescale.mobbin.com,f7a1807c1ac98ccf0eecf5078d61346ac9a94ca37a547f5708d580528c9e55c0,/Users/user/mobbin-sides/screen-flows/elevenreader/006-eleven-reader-audiobook-detail-fd3a5b13-7210-4cb6-a1b0-dbeffc7d7683/003-ee3ee9ff-e838-471b-a1b9-aec27a2850d1-downloadableSrc-e8dfa327dd68.webp
fd3a5b13-7210-4cb6-a1b0-dbeffc7d7683,Audiobook detail,76fa9e1b-337d-4b3a-92cc-ec566f697c8c,Eleven Reader,1c4ca409-7e55-4df0-97f2-301850c24c49,3,4,d97de10d-1459-4f05-917c-8e4a90f0e576,true,downloadableSrc,200,image/webp,99644,99644,383a36a7008b3010e73fd1af6803aecc984b7ccbc7e639f222ce0e522227163b,1179,2676,,,bytescale.mobbin.com,f7a1807c1ac98ccf0eecf5078d61346ac9a94ca37a547f5708d580528c9e55c0,/Users/user/mobbin-sides/screen-flows/elevenreader/006-eleven-reader-audiobook-detail-fd3a5b13-7210-4cb6-a1b0-dbeffc7d7683/004-d97de10d-1459-4f05-917c-8e4a90f0e576-downloadableSrc-383a36a7008b.webp
fd3a5b13-7210-4cb6-a1b0-dbeffc7d7683,Audiobook detail,76fa9e1b-337d-4b3a-92cc-ec566f697c8c,Eleven Reader,1c4ca409-7e55-4df0-97f2-301850c24c49,4,5,ff08e66c-6602-466c-b5e2-f92fa57a4389,true,downloadableSrc,200,image/webp,163344,163344,d2ffc2636b3c705d2914a671d7e242f54cc5d3f8d52b6b06de6ffa3c18b588c1,1179,2676,,,bytescale.mobbin.com,f7a1807c1ac98ccf0eecf5078d61346ac9a94ca37a547f5708d580528c9e55c0,/Users/user/mobbin-sides/screen-flows/elevenreader/006-eleven-reader-audiobook-detail-fd3a5b13-7210-4cb6-a1b0-dbeffc7d7683/005-ff08e66c-6602-466c-b5e2-f92fa57a4389-downloadableSrc-d2ffc2636b3c.webp
fd3a5b13-7210-4cb6-a1b0-dbeffc7d7683,Audiobook detail,76fa9e1b-337d-4b3a-92cc-ec566f697c8c,Eleven Reader,1c4ca409-7e55-4df0-97f2-301850c24c49,5,6,28493d3c-92e9-4c7d-a112-738ecc48e062,true,downloadableSrc,200,image/webp,150656,150656,9a4bdf58c401a2bfa313e3dbc15274f525225f8eb5dd83ca791fc36d9186551b,1179,2676,,,bytescale.mobbin.com,f7a1807c1ac98ccf0eecf5078d61346ac9a94ca37a547f5708d580528c9e55c0,/Users/user/mobbin-sides/screen-flows/elevenreader/006-eleven-reader-audiobook-detail-fd3a5b13-7210-4cb6-a1b0-dbeffc7d7683/006-28493d3c-92e9-4c7d-a112-738ecc48e062-downloadableSrc-9a4bdf58c401.webp
3a57b46d-0efb-47b9-93c2-e67234e805e5,Listening to an audiobook,76fa9e1b-337d-4b3a-92cc-ec566f697c8c,Eleven Reader,1c4ca409-7e55-4df0-97f2-301850c24c49,0,1,5ddf13df-ce19-4826-9881-4617c28cd626,true,downloadableSrc,200,image/webp,120626,120626,b6d8f7593d0534651817b4170961ec9a5833df7a59dfa49dc01e25e8b15abcbe,1179,2676,,,bytescale.mobbin.com,f7a1807c1ac98ccf0eecf5078d61346ac9a94ca37a547f5708d580528c9e55c0,/Users/user/mobbin-sides/screen-flows/elevenreader/007-eleven-reader-listening-to-an-audiobook-3a57b46d-0efb-47b9-93c2-e67234e805e5/001-5ddf13df-ce19-4826-9881-4617c28cd626-downloadableSrc-b6d8f7593d05.webp
3a57b46d-0efb-47b9-93c2-e67234e805e5,Listening to an audiobook,76fa9e1b-337d-4b3a-92cc-ec566f697c8c,Eleven Reader,1c4ca409-7e55-4df0-97f2-301850c24c49,1,2,14394b34-275e-4bcf-84c8-579bc2f0496a,true,downloadableSrc,200,image/webp,166470,166470,d7c5fa46ce01122b5b645e7ce84101b32b1d9936ebbb8704bc745d5b67937962,1179,2676,,,bytescale.mobbin.com,f7a1807c1ac98ccf0eecf5078d61346ac9a94ca37a547f5708d580528c9e55c0,/Users/user/mobbin-sides/screen-flows/elevenreader/007-eleven-reader-listening-to-an-audiobook-3a57b46d-0efb-47b9-93c2-e67234e805e5/002-14394b34-275e-4bcf-84c8-579bc2f0496a-downloadableSrc-d7c5fa46ce01.webp
3a57b46d-0efb-47b9-93c2-e67234e805e5,Listening to an audiobook,76fa9e1b-337d-4b3a-92cc-ec566f697c8c,Eleven Reader,1c4ca409-7e55-4df0-97f2-301850c24c49,2,3,26aca08b-79f8-437d-bf44-613fc27b74d5,true,downloadableSrc,200,image/webp,112102,112102,75191b85d662093ceb04a38fe872fe70442404041b4a95d85f55169927cf78ce,1179,2676,,,bytescale.mobbin.com,f7a1807c1ac98ccf0eecf5078d61346ac9a94ca37a547f5708d580528c9e55c0,/Users/user/mobbin-sides/screen-flows/elevenreader/007-eleven-reader-listening-to-an-audiobook-3a57b46d-0efb-47b9-93c2-e67234e805e5/003-26aca08b-79f8-437d-bf44-613fc27b74d5-downloadableSrc-75191b85d662.webp
3a57b46d-0efb-47b9-93c2-e67234e805e5,Listening to an audiobook,76fa9e1b-337d-4b3a-92cc-ec566f697c8c,Eleven Reader,1c4ca409-7e55-4df0-97f2-301850c24c49,3,4,a056a95b-9dba-46c1-bc17-35e379cdcb50,true,downloadableSrc,200,image/webp,102316,102316,7779d81e23429ff0584b9dc297fc8b489423080d77c016d37eb05200e43d0da0,1179,2676,,,bytescale.mobbin.com,f7a1807c1ac98ccf0eecf5078d61346ac9a94ca37a547f5708d580528c9e55c0,/Users/user/mobbin-sides/screen-flows/elevenreader/007-eleven-reader-listening-to-an-audiobook-3a57b46d-0efb-47b9-93c2-e67234e805e5/004-a056a95b-9dba-46c1-bc17-35e379cdcb50-downloadableSrc-7779d81e2342.webp
0c1b32b4-a7f4-48e5-84ee-8910cb858d20,Chatting with Voice Chat,76fa9e1b-337d-4b3a-92cc-ec566f697c8c,Eleven Reader,1c4ca409-7e55-4df0-97f2-301850c24c49,0,1,26aca08b-79f8-437d-bf44-613fc27b74d5,true,downloadableSrc,200,image/webp,112102,112102,75191b85d662093ceb04a38fe872fe70442404041b4a95d85f55169927cf78ce,1179,2676,,,bytescale.mobbin.com,f7a1807c1ac98ccf0eecf5078d61346ac9a94ca37a547f5708d580528c9e55c0,/Users/user/mobbin-sides/screen-flows/elevenreader/008-eleven-reader-chatting-with-voice-chat-0c1b32b4-a7f4-48e5-84ee-8910cb858d20/001-26aca08b-79f8-437d-bf44-613fc27b74d5-downloadableSrc-75191b85d662.webp
0c1b32b4-a7f4-48e5-84ee-8910cb858d20,Chatting with Voice Chat,76fa9e1b-337d-4b3a-92cc-ec566f697c8c,Eleven Reader,1c4ca409-7e55-4df0-97f2-301850c24c49,1,2,23d3c77d-9d77-4627-ac64-c1cedc9d0c81,true,downloadableSrc,200,image/webp,153300,153300,6c5c08340b7dbd6b8efdc16e86f5f87e19a7dc6ba516ffe3ba30b894f1325032,1179,2676,,,bytescale.mobbin.com,f7a1807c1ac98ccf0eecf5078d61346ac9a94ca37a547f5708d580528c9e55c0,/Users/user/mobbin-sides/screen-flows/elevenreader/008-eleven-reader-chatting-with-voice-chat-0c1b32b4-a7f4-48e5-84ee-8910cb858d20/002-23d3c77d-9d77-4627-ac64-c1cedc9d0c81-downloadableSrc-6c5c08340b7d.webp
0c1b32b4-a7f4-48e5-84ee-8910cb858d20,Chatting with Voice Chat,76fa9e1b-337d-4b3a-92cc-ec566f697c8c,Eleven Reader,1c4ca409-7e55-4df0-97f2-301850c24c49,2,3,5256dc90-1770-437e-b7ed-d3e761ff100f,true,downloadableSrc,200,image/webp,109722,109722,eddfaa0ebb8ac0281230546e9959f0d55db9a26e939a64e8db891e202bf76bc5,1179,2676,,,bytescale.mobbin.com,f7a1807c1ac98ccf0eecf5078d61346ac9a94ca37a547f5708d580528c9e55c0,/Users/user/mobbin-sides/screen-flows/elevenreader/008-eleven-reader-chatting-with-voice-chat-0c1b32b4-a7f4-48e5-84ee-8910cb858d20/003-5256dc90-1770-437e-b7ed-d3e761ff100f-downloadableSrc-eddfaa0ebb8a.webp
0c1b32b4-a7f4-48e5-84ee-8910cb858d20,Chatting with Voice Chat,76fa9e1b-337d-4b3a-92cc-ec566f697c8c,Eleven Reader,1c4ca409-7e55-4df0-97f2-301850c24c49,3,4,d9a14bbf-8a4a-4536-ab0a-92a16d67fd6b,true,downloadableSrc,200,image/webp,32118,32118,a108081e622add1135200afd22a795185cc8b78afd92b4dd466b38b638f396f8,1180,2676,,,bytescale.mobbin.com,f7a1807c1ac98ccf0eecf5078d61346ac9a94ca37a547f5708d580528c9e55c0,/Users/user/mobbin-sides/screen-flows/elevenreader/008-eleven-reader-chatting-with-voice-chat-0c1b32b4-a7f4-48e5-84ee-8910cb858d20/004-d9a14bbf-8a4a-4536-ab0a-92a16d67fd6b-downloadableSrc-a108081e622a.webp
0c1b32b4-a7f4-48e5-84ee-8910cb858d20,Chatting with Voice Chat,76fa9e1b-337d-4b3a-92cc-ec566f697c8c,Eleven Reader,1c4ca409-7e55-4df0-97f2-301850c24c49,4,5,6820bde5-a6b5-490d-a172-8cb16463f97b,true,downloadableSrc,200,image/webp,99006,99006,ab92e24a66b47d7d0477d8366e6dc11491ae6c32ee4abc257cd9f7ba38bcf026,1179,2676,,,bytescale.mobbin.com,f7a1807c1ac98ccf0eecf5078d61346ac9a94ca37a547f5708d580528c9e55c0,/Users/user/mobbin-sides/screen-flows/elevenreader/008-eleven-reader-chatting-with-voice-chat-0c1b32b4-a7f4-48e5-84ee-8910cb858d20/005-6820bde5-a6b5-490d-a172-8cb16463f97b-downloadableSrc-ab92e24a66b4.webp
6a1b34ad-9abf-4283-85ca-ccd6a3a4237b,Setting a sleep timer,76fa9e1b-337d-4b3a-92cc-ec566f697c8c,Eleven Reader,1c4ca409-7e55-4df0-97f2-301850c24c49,0,1,26aca08b-79f8-437d-bf44-613fc27b74d5,true,downloadableSrc,200,image/webp,112102,112102,75191b85d662093ceb04a38fe872fe70442404041b4a95d85f55169927cf78ce,1179,2676,,,bytescale.mobbin.com,f7a1807c1ac98ccf0eecf5078d61346ac9a94ca37a547f5708d580528c9e55c0,/Users/user/mobbin-sides/screen-flows/elevenreader/009-eleven-reader-setting-a-sleep-timer-6a1b34ad-9abf-4283-85ca-ccd6a3a4237b/001-26aca08b-79f8-437d-bf44-613fc27b74d5-downloadableSrc-75191b85d662.webp
6a1b34ad-9abf-4283-85ca-ccd6a3a4237b,Setting a sleep timer,76fa9e1b-337d-4b3a-92cc-ec566f697c8c,Eleven Reader,1c4ca409-7e55-4df0-97f2-301850c24c49,1,2,86912e17-3e84-4689-983f-42ac54505aac,true,downloadableSrc,200,image/webp,36296,36296,95bd77e356da8ef65d6db9bde07c168ee7bf11364bbdbddf482a7e63abb07128,1179,2676,,,bytescale.mobbin.com,f7a1807c1ac98ccf0eecf5078d61346ac9a94ca37a547f5708d580528c9e55c0,/Users/user/mobbin-sides/screen-flows/elevenreader/009-eleven-reader-setting-a-sleep-timer-6a1b34ad-9abf-4283-85ca-ccd6a3a4237b/002-86912e17-3e84-4689-983f-42ac54505aac-downloadableSrc-95bd77e356da.webp
6a1b34ad-9abf-4283-85ca-ccd6a3a4237b,Setting a sleep timer,76fa9e1b-337d-4b3a-92cc-ec566f697c8c,Eleven Reader,1c4ca409-7e55-4df0-97f2-301850c24c49,2,3,dfc70a7f-265e-4dcd-90ee-b882faa05a79,true,downloadableSrc,200,image/webp,39770,39770,174be43bcf627ea1904d9984a2dc24086c79125706dced6786d339a8eb183b04,1179,2676,,,bytescale.mobbin.com,f7a1807c1ac98ccf0eecf5078d61346ac9a94ca37a547f5708d580528c9e55c0,/Users/user/mobbin-sides/screen-flows/elevenreader/009-eleven-reader-setting-a-sleep-timer-6a1b34ad-9abf-4283-85ca-ccd6a3a4237b/003-dfc70a7f-265e-4dcd-90ee-b882faa05a79-downloadableSrc-174be43bcf62.webp
6a1b34ad-9abf-4283-85ca-ccd6a3a4237b,Setting a sleep timer,76fa9e1b-337d-4b3a-92cc-ec566f697c8c,Eleven Reader,1c4ca409-7e55-4df0-97f2-301850c24c49,3,4,fe788595-2deb-469c-b9ce-6cb0d0b4c6d6,true,downloadableSrc,200,image/webp,171234,171234,6fa6c929b0b0c3b69e53f0de671c95f5c0767d3c1e480c8bfd77a9c22bcb4029,1179,2676,,,bytescale.mobbin.com,f7a1807c1ac98ccf0eecf5078d61346ac9a94ca37a547f5708d580528c9e55c0,/Users/user/mobbin-sides/screen-flows/elevenreader/009-eleven-reader-setting-a-sleep-timer-6a1b34ad-9abf-4283-85ca-ccd6a3a4237b/004-fe788595-2deb-469c-b9ce-6cb0d0b4c6d6-downloadableSrc-6fa6c929b0b0.webp
032a8da7-3271-4b58-bf89-0a14567da89f,Changing playback speed,76fa9e1b-337d-4b3a-92cc-ec566f697c8c,Eleven Reader,1c4ca409-7e55-4df0-97f2-301850c24c49,0,1,26aca08b-79f8-437d-bf44-613fc27b74d5,true,downloadableSrc,200,image/webp,112102,112102,75191b85d662093ceb04a38fe872fe70442404041b4a95d85f55169927cf78ce,1179,2676,,,bytescale.mobbin.com,f7a1807c1ac98ccf0eecf5078d61346ac9a94ca37a547f5708d580528c9e55c0,/Users/user/mobbin-sides/screen-flows/elevenreader/010-eleven-reader-changing-playback-speed-032a8da7-3271-4b58-bf89-0a14567da89f/001-26aca08b-79f8-437d-bf44-613fc27b74d5-downloadableSrc-75191b85d662.webp
032a8da7-3271-4b58-bf89-0a14567da89f,Changing playback speed,76fa9e1b-337d-4b3a-92cc-ec566f697c8c,Eleven Reader,1c4ca409-7e55-4df0-97f2-301850c24c49,1,2,b565e8a8-ee6a-4290-8a76-becbc1e0f431,true,downloadableSrc,200,image/webp,142050,142050,1b9d70e9477863bbd1770854530c32527598a036b6f689a96b8a912f61763639,1179,2676,,,bytescale.mobbin.com,f7a1807c1ac98ccf0eecf5078d61346ac9a94ca37a547f5708d580528c9e55c0,/Users/user/mobbin-sides/screen-flows/elevenreader/010-eleven-reader-changing-playback-speed-032a8da7-3271-4b58-bf89-0a14567da89f/002-b565e8a8-ee6a-4290-8a76-becbc1e0f431-downloadableSrc-1b9d70e94778.webp
032a8da7-3271-4b58-bf89-0a14567da89f,Changing playback speed,76fa9e1b-337d-4b3a-92cc-ec566f697c8c,Eleven Reader,1c4ca409-7e55-4df0-97f2-301850c24c49,2,3,0e25b7f1-4bf1-4534-afdb-715e70217cd5,true,downloadableSrc,200,image/webp,140768,140768,3905b9307466e94c916b7beeaab8b83d754322f147d0d7b41bd5b20ddf1fc368,1179,2676,,,bytescale.mobbin.com,f7a1807c1ac98ccf0eecf5078d61346ac9a94ca37a547f5708d580528c9e55c0,/Users/user/mobbin-sides/screen-flows/elevenreader/010-eleven-reader-changing-playback-speed-032a8da7-3271-4b58-bf89-0a14567da89f/003-0e25b7f1-4bf1-4534-afdb-715e70217cd5-downloadableSrc-3905b9307466.webp
032a8da7-3271-4b58-bf89-0a14567da89f,Changing playback speed,76fa9e1b-337d-4b3a-92cc-ec566f697c8c,Eleven Reader,1c4ca409-7e55-4df0-97f2-301850c24c49,3,4,5c627524-cd63-4845-885a-77c7dace046c,true,downloadableSrc,200,image/webp,167954,167954,e684661c2e58c1c910d6cd318d23a0e3079632811fff6360f1ba12b10b3281bd,1179,2676,,,bytescale.mobbin.com,f7a1807c1ac98ccf0eecf5078d61346ac9a94ca37a547f5708d580528c9e55c0,/Users/user/mobbin-sides/screen-flows/elevenreader/010-eleven-reader-changing-playback-speed-032a8da7-3271-4b58-bf89-0a14567da89f/004-5c627524-cd63-4845-885a-77c7dace046c-downloadableSrc-e684661c2e58.webp
ffb85c32-9792-47b8-beb3-4e17748b23ad,Selecting a soundscape,76fa9e1b-337d-4b3a-92cc-ec566f697c8c,Eleven Reader,1c4ca409-7e55-4df0-97f2-301850c24c49,0,1,26aca08b-79f8-437d-bf44-613fc27b74d5,true,downloadableSrc,200,image/webp,112102,112102,75191b85d662093ceb04a38fe872fe70442404041b4a95d85f55169927cf78ce,1179,2676,,,bytescale.mobbin.com,f7a1807c1ac98ccf0eecf5078d61346ac9a94ca37a547f5708d580528c9e55c0,/Users/user/mobbin-sides/screen-flows/elevenreader/011-eleven-reader-selecting-a-soundscape-ffb85c32-9792-47b8-beb3-4e17748b23ad/001-26aca08b-79f8-437d-bf44-613fc27b74d5-downloadableSrc-75191b85d662.webp
ffb85c32-9792-47b8-beb3-4e17748b23ad,Selecting a soundscape,76fa9e1b-337d-4b3a-92cc-ec566f697c8c,Eleven Reader,1c4ca409-7e55-4df0-97f2-301850c24c49,1,2,bd381494-ef29-4700-a0e7-b36114b80d3c,true,downloadableSrc,200,image/webp,64252,64252,89235e94ef43ce3e7b3371193a165651a1119516135cdf350ff62cef733f1a36,1179,2676,,,bytescale.mobbin.com,f7a1807c1ac98ccf0eecf5078d61346ac9a94ca37a547f5708d580528c9e55c0,/Users/user/mobbin-sides/screen-flows/elevenreader/011-eleven-reader-selecting-a-soundscape-ffb85c32-9792-47b8-beb3-4e17748b23ad/002-bd381494-ef29-4700-a0e7-b36114b80d3c-downloadableSrc-89235e94ef43.webp
ffb85c32-9792-47b8-beb3-4e17748b23ad,Selecting a soundscape,76fa9e1b-337d-4b3a-92cc-ec566f697c8c,Eleven Reader,1c4ca409-7e55-4df0-97f2-301850c24c49,2,3,419a6c67-c028-4cf0-9292-aa4408ead21b,true,downloadableSrc,200,image/webp,64686,64686,49791df3bbf864fdbed68e9cbeb141e6c47706bc8dcf65fde01b4af726c5c0fd,1179,2676,,,bytescale.mobbin.com,f7a1807c1ac98ccf0eecf5078d61346ac9a94ca37a547f5708d580528c9e55c0,/Users/user/mobbin-sides/screen-flows/elevenreader/011-eleven-reader-selecting-a-soundscape-ffb85c32-9792-47b8-beb3-4e17748b23ad/003-419a6c67-c028-4cf0-9292-aa4408ead21b-downloadableSrc-49791df3bbf8.webp
ffb85c32-9792-47b8-beb3-4e17748b23ad,Selecting a soundscape,76fa9e1b-337d-4b3a-92cc-ec566f697c8c,Eleven Reader,1c4ca409-7e55-4df0-97f2-301850c24c49,3,4,bf82bbb5-74e4-4ba1-9082-f8233e2e6bee,true,downloadableSrc,200,image/webp,64426,64426,79a8c5616e95f0f97e8a83fd1fec531cba08d99b829374bb7edfc0546751b6d7,1179,2676,,,bytescale.mobbin.com,f7a1807c1ac98ccf0eecf5078d61346ac9a94ca37a547f5708d580528c9e55c0,/Users/user/mobbin-sides/screen-flows/elevenreader/011-eleven-reader-selecting-a-soundscape-ffb85c32-9792-47b8-beb3-4e17748b23ad/004-bf82bbb5-74e4-4ba1-9082-f8233e2e6bee-downloadableSrc-79a8c5616e95.webp
ffb85c32-9792-47b8-beb3-4e17748b23ad,Selecting a soundscape,76fa9e1b-337d-4b3a-92cc-ec566f697c8c,Eleven Reader,1c4ca409-7e55-4df0-97f2-301850c24c49,4,5,1902da38-c46f-425a-a610-1b1a359c536c,true,downloadableSrc,200,image/webp,170012,170012,b5ea58e675d449d10650b323bd825cd6973faa039d548f13d5da56cb89d5dc1c,1179,2676,,,bytescale.mobbin.com,f7a1807c1ac98ccf0eecf5078d61346ac9a94ca37a547f5708d580528c9e55c0,/Users/user/mobbin-sides/screen-flows/elevenreader/011-eleven-reader-selecting-a-soundscape-ffb85c32-9792-47b8-beb3-4e17748b23ad/005-1902da38-c46f-425a-a610-1b1a359c536c-downloadableSrc-b5ea58e675d4.webp
bab0aac1-ec44-45bf-8dbf-4ea058ef1821,Changing voice,76fa9e1b-337d-4b3a-92cc-ec566f697c8c,Eleven Reader,1c4ca409-7e55-4df0-97f2-301850c24c49,0,1,26aca08b-79f8-437d-bf44-613fc27b74d5,true,downloadableSrc,200,image/webp,112102,112102,75191b85d662093ceb04a38fe872fe70442404041b4a95d85f55169927cf78ce,1179,2676,,,bytescale.mobbin.com,f7a1807c1ac98ccf0eecf5078d61346ac9a94ca37a547f5708d580528c9e55c0,/Users/user/mobbin-sides/screen-flows/elevenreader/012-eleven-reader-changing-voice-bab0aac1-ec44-45bf-8dbf-4ea058ef1821/001-26aca08b-79f8-437d-bf44-613fc27b74d5-downloadableSrc-75191b85d662.webp
bab0aac1-ec44-45bf-8dbf-4ea058ef1821,Changing voice,76fa9e1b-337d-4b3a-92cc-ec566f697c8c,Eleven Reader,1c4ca409-7e55-4df0-97f2-301850c24c49,1,2,5272f0dc-5d6a-4402-a335-7654977e31fe,true,downloadableSrc,200,image/webp,34148,34148,0395178a64bd30e82cc1b7b8d65b1cf30f5d4a5856a5f0748bf2e7d5c9ccb440,1179,2676,,,bytescale.mobbin.com,f7a1807c1ac98ccf0eecf5078d61346ac9a94ca37a547f5708d580528c9e55c0,/Users/user/mobbin-sides/screen-flows/elevenreader/012-eleven-reader-changing-voice-bab0aac1-ec44-45bf-8dbf-4ea058ef1821/002-5272f0dc-5d6a-4402-a335-7654977e31fe-downloadableSrc-0395178a64bd.webp
bab0aac1-ec44-45bf-8dbf-4ea058ef1821,Changing voice,76fa9e1b-337d-4b3a-92cc-ec566f697c8c,Eleven Reader,1c4ca409-7e55-4df0-97f2-301850c24c49,2,3,28ee46a4-637e-4a92-adfa-59df4fecfd4f,true,downloadableSrc,200,image/webp,134154,134154,c22780b13450b6786eb5f5eb384f86dfb3e013631a79460fb4029d95028b3439,1179,2676,,,bytescale.mobbin.com,f7a1807c1ac98ccf0eecf5078d61346ac9a94ca37a547f5708d580528c9e55c0,/Users/user/mobbin-sides/screen-flows/elevenreader/012-eleven-reader-changing-voice-bab0aac1-ec44-45bf-8dbf-4ea058ef1821/003-28ee46a4-637e-4a92-adfa-59df4fecfd4f-downloadableSrc-c22780b13450.webp
bab0aac1-ec44-45bf-8dbf-4ea058ef1821,Changing voice,76fa9e1b-337d-4b3a-92cc-ec566f697c8c,Eleven Reader,1c4ca409-7e55-4df0-97f2-301850c24c49,3,4,ed2cf4f3-371d-43ff-9782-6c0011a64086,true,downloadableSrc,200,image/webp,137714,137714,5a941d7f494772df0451d3258d4a132019feb162580d25412e44bce959dea5b1,1179,2676,,,bytescale.mobbin.com,f7a1807c1ac98ccf0eecf5078d61346ac9a94ca37a547f5708d580528c9e55c0,/Users/user/mobbin-sides/screen-flows/elevenreader/012-eleven-reader-changing-voice-bab0aac1-ec44-45bf-8dbf-4ea058ef1821/004-ed2cf4f3-371d-43ff-9782-6c0011a64086-downloadableSrc-5a941d7f4947.webp
bab0aac1-ec44-45bf-8dbf-4ea058ef1821,Changing voice,76fa9e1b-337d-4b3a-92cc-ec566f697c8c,Eleven Reader,1c4ca409-7e55-4df0-97f2-301850c24c49,4,5,633320e0-b7fc-4791-b65e-c250e82c7b06,true,downloadableSrc,200,image/webp,170172,170172,3549660a061bb1da02260fca2d879d9d26ba7ec51b3b07b5ddda799773646241,1179,2676,,,bytescale.mobbin.com,f7a1807c1ac98ccf0eecf5078d61346ac9a94ca37a547f5708d580528c9e55c0,/Users/user/mobbin-sides/screen-flows/elevenreader/012-eleven-reader-changing-voice-bab0aac1-ec44-45bf-8dbf-4ea058ef1821/005-633320e0-b7fc-4791-b65e-c250e82c7b06-downloadableSrc-3549660a061b.webp
4e8c8537-ed40-49f0-8978-ec27e502e9f3,Contents,76fa9e1b-337d-4b3a-92cc-ec566f697c8c,Eleven Reader,1c4ca409-7e55-4df0-97f2-301850c24c49,0,1,26aca08b-79f8-437d-bf44-613fc27b74d5,true,downloadableSrc,200,image/webp,112102,112102,75191b85d662093ceb04a38fe872fe70442404041b4a95d85f55169927cf78ce,1179,2676,,,bytescale.mobbin.com,f7a1807c1ac98ccf0eecf5078d61346ac9a94ca37a547f5708d580528c9e55c0,/Users/user/mobbin-sides/screen-flows/elevenreader/013-eleven-reader-contents-4e8c8537-ed40-49f0-8978-ec27e502e9f3/001-26aca08b-79f8-437d-bf44-613fc27b74d5-downloadableSrc-75191b85d662.webp
4e8c8537-ed40-49f0-8978-ec27e502e9f3,Contents,76fa9e1b-337d-4b3a-92cc-ec566f697c8c,Eleven Reader,1c4ca409-7e55-4df0-97f2-301850c24c49,1,2,807a9a64-1522-464b-b4b8-7852703450c8,true,downloadableSrc,200,image/webp,67072,67072,fb149065a4cbf769593943ddd96b7b81215c7a8ff5e14f8afab2ad94febc512a,1179,2676,,,bytescale.mobbin.com,f7a1807c1ac98ccf0eecf5078d61346ac9a94ca37a547f5708d580528c9e55c0,/Users/user/mobbin-sides/screen-flows/elevenreader/013-eleven-reader-contents-4e8c8537-ed40-49f0-8978-ec27e502e9f3/002-807a9a64-1522-464b-b4b8-7852703450c8-downloadableSrc-fb149065a4cb.webp
8a51bd5f-4a55-4579-9db4-fb8ea605e0e7,Saving to bookmark,76fa9e1b-337d-4b3a-92cc-ec566f697c8c,Eleven Reader,1c4ca409-7e55-4df0-97f2-301850c24c49,0,1,a056a95b-9dba-46c1-bc17-35e379cdcb50,true,downloadableSrc,200,image/webp,102316,102316,7779d81e23429ff0584b9dc297fc8b489423080d77c016d37eb05200e43d0da0,1179,2676,,,bytescale.mobbin.com,f7a1807c1ac98ccf0eecf5078d61346ac9a94ca37a547f5708d580528c9e55c0,/Users/user/mobbin-sides/screen-flows/elevenreader/014-eleven-reader-saving-to-bookmark-8a51bd5f-4a55-4579-9db4-fb8ea605e0e7/001-a056a95b-9dba-46c1-bc17-35e379cdcb50-downloadableSrc-7779d81e2342.webp
8a51bd5f-4a55-4579-9db4-fb8ea605e0e7,Saving to bookmark,76fa9e1b-337d-4b3a-92cc-ec566f697c8c,Eleven Reader,1c4ca409-7e55-4df0-97f2-301850c24c49,1,2,181774de-a178-43a8-9927-5dc7a3b0432f,true,downloadableSrc,200,image/webp,119452,119452,16cef85369a55617d5d63614b9664e6c609d99f3e00e6626289b4ea3cb3e0dc7,1179,2676,,,bytescale.mobbin.com,f7a1807c1ac98ccf0eecf5078d61346ac9a94ca37a547f5708d580528c9e55c0,/Users/user/mobbin-sides/screen-flows/elevenreader/014-eleven-reader-saving-to-bookmark-8a51bd5f-4a55-4579-9db4-fb8ea605e0e7/002-181774de-a178-43a8-9927-5dc7a3b0432f-downloadableSrc-16cef85369a5.webp
997fed33-eb80-4611-bea2-9a2a7e102852,Adding a note,76fa9e1b-337d-4b3a-92cc-ec566f697c8c,Eleven Reader,1c4ca409-7e55-4df0-97f2-301850c24c49,0,1,181774de-a178-43a8-9927-5dc7a3b0432f,true,downloadableSrc,200,image/webp,119452,119452,16cef85369a55617d5d63614b9664e6c609d99f3e00e6626289b4ea3cb3e0dc7,1179,2676,,,bytescale.mobbin.com,f7a1807c1ac98ccf0eecf5078d61346ac9a94ca37a547f5708d580528c9e55c0,/Users/user/mobbin-sides/screen-flows/elevenreader/015-eleven-reader-adding-a-note-997fed33-eb80-4611-bea2-9a2a7e102852/001-181774de-a178-43a8-9927-5dc7a3b0432f-downloadableSrc-16cef85369a5.webp
997fed33-eb80-4611-bea2-9a2a7e102852,Adding a note,76fa9e1b-337d-4b3a-92cc-ec566f697c8c,Eleven Reader,1c4ca409-7e55-4df0-97f2-301850c24c49,1,2,6ea7fdbb-d0b7-4768-af7e-9419ae517ab2,true,downloadableSrc,200,image/webp,127250,127250,c1cc8369787101664399f85a4e8b66eb57f63845b23424321627f256ccfd6274,1179,2676,,,bytescale.mobbin.com,f7a1807c1ac98ccf0eecf5078d61346ac9a94ca37a547f5708d580528c9e55c0,/Users/user/mobbin-sides/screen-flows/elevenreader/015-eleven-reader-adding-a-note-997fed33-eb80-4611-bea2-9a2a7e102852/002-6ea7fdbb-d0b7-4768-af7e-9419ae517ab2-downloadableSrc-c1cc83697871.webp
997fed33-eb80-4611-bea2-9a2a7e102852,Adding a note,76fa9e1b-337d-4b3a-92cc-ec566f697c8c,Eleven Reader,1c4ca409-7e55-4df0-97f2-301850c24c49,2,3,3f99ef73-a914-4eba-ac99-3c6e3753f7ac,true,downloadableSrc,200,image/webp,54490,54490,97b6a7f00e9e1b7106a68f770be6cd6625a11ff56a2674f11e6ebb2babb1bd9a,1179,2676,,,bytescale.mobbin.com,f7a1807c1ac98ccf0eecf5078d61346ac9a94ca37a547f5708d580528c9e55c0,/Users/user/mobbin-sides/screen-flows/elevenreader/015-eleven-reader-adding-a-note-997fed33-eb80-4611-bea2-9a2a7e102852/003-3f99ef73-a914-4eba-ac99-3c6e3753f7ac-downloadableSrc-97b6a7f00e9e.webp
997fed33-eb80-4611-bea2-9a2a7e102852,Adding a note,76fa9e1b-337d-4b3a-92cc-ec566f697c8c,Eleven Reader,1c4ca409-7e55-4df0-97f2-301850c24c49,3,4,a056a95b-9dba-46c1-bc17-35e379cdcb50,true,downloadableSrc,200,image/webp,102316,102316,7779d81e23429ff0584b9dc297fc8b489423080d77c016d37eb05200e43d0da0,1179,2676,,,bytescale.mobbin.com,f7a1807c1ac98ccf0eecf5078d61346ac9a94ca37a547f5708d580528c9e55c0,/Users/user/mobbin-sides/screen-flows/elevenreader/015-eleven-reader-adding-a-note-997fed33-eb80-4611-bea2-9a2a7e102852/004-a056a95b-9dba-46c1-bc17-35e379cdcb50-downloadableSrc-7779d81e2342.webp
1f14115b-b53e-4d8c-912a-9f0dd4e33fd6,Hiding text,76fa9e1b-337d-4b3a-92cc-ec566f697c8c,Eleven Reader,1c4ca409-7e55-4df0-97f2-301850c24c49,0,1,a056a95b-9dba-46c1-bc17-35e379cdcb50,true,downloadableSrc,200,image/webp,102316,102316,7779d81e23429ff0584b9dc297fc8b489423080d77c016d37eb05200e43d0da0,1179,2676,,,bytescale.mobbin.com,f7a1807c1ac98ccf0eecf5078d61346ac9a94ca37a547f5708d580528c9e55c0,/Users/user/mobbin-sides/screen-flows/elevenreader/016-eleven-reader-hiding-text-1f14115b-b53e-4d8c-912a-9f0dd4e33fd6/001-a056a95b-9dba-46c1-bc17-35e379cdcb50-downloadableSrc-7779d81e2342.webp
1f14115b-b53e-4d8c-912a-9f0dd4e33fd6,Hiding text,76fa9e1b-337d-4b3a-92cc-ec566f697c8c,Eleven Reader,1c4ca409-7e55-4df0-97f2-301850c24c49,1,2,c49f78b5-dfae-46e4-9ffd-5dc410d43976,true,downloadableSrc,200,image/webp,82696,82696,8fc66dfef32e172260a75987482b8fcce4745aa969b4fd1e0c488a97e0df4f8e,1179,2676,,,bytescale.mobbin.com,f7a1807c1ac98ccf0eecf5078d61346ac9a94ca37a547f5708d580528c9e55c0,/Users/user/mobbin-sides/screen-flows/elevenreader/016-eleven-reader-hiding-text-1f14115b-b53e-4d8c-912a-9f0dd4e33fd6/002-c49f78b5-dfae-46e4-9ffd-5dc410d43976-downloadableSrc-8fc66dfef32e.webp
1f14115b-b53e-4d8c-912a-9f0dd4e33fd6,Hiding text,76fa9e1b-337d-4b3a-92cc-ec566f697c8c,Eleven Reader,1c4ca409-7e55-4df0-97f2-301850c24c49,2,3,d18c5822-e55f-4b16-926d-fa95c15dea4f,true,downloadableSrc,200,image/webp,86606,86606,b7c78ec507677b771d8763c8dd1ad568e712d2144a08e0c124528de64428eabf,1179,2676,,,bytescale.mobbin.com,f7a1807c1ac98ccf0eecf5078d61346ac9a94ca37a547f5708d580528c9e55c0,/Users/user/mobbin-sides/screen-flows/elevenreader/016-eleven-reader-hiding-text-1f14115b-b53e-4d8c-912a-9f0dd4e33fd6/003-d18c5822-e55f-4b16-926d-fa95c15dea4f-downloadableSrc-b7c78ec50767.webp
16fa0e5c-2a94-4843-9870-d8b9df12e787,Bookmarks,76fa9e1b-337d-4b3a-92cc-ec566f697c8c,Eleven Reader,1c4ca409-7e55-4df0-97f2-301850c24c49,0,1,c49f78b5-dfae-46e4-9ffd-5dc410d43976,true,downloadableSrc,200,image/webp,82696,82696,8fc66dfef32e172260a75987482b8fcce4745aa969b4fd1e0c488a97e0df4f8e,1179,2676,,,bytescale.mobbin.com,f7a1807c1ac98ccf0eecf5078d61346ac9a94ca37a547f5708d580528c9e55c0,/Users/user/mobbin-sides/screen-flows/elevenreader/017-eleven-reader-bookmarks-16fa0e5c-2a94-4843-9870-d8b9df12e787/001-c49f78b5-dfae-46e4-9ffd-5dc410d43976-downloadableSrc-8fc66dfef32e.webp
16fa0e5c-2a94-4843-9870-d8b9df12e787,Bookmarks,76fa9e1b-337d-4b3a-92cc-ec566f697c8c,Eleven Reader,1c4ca409-7e55-4df0-97f2-301850c24c49,1,2,c2687224-e0c8-483c-b266-6ffa22c2dac6,true,downloadableSrc,200,image/webp,130430,130430,c7e4255795e1323f6ec9926f59501f960bed74cd089e63bc4b44a252535fc863,1179,2676,,,bytescale.mobbin.com,f7a1807c1ac98ccf0eecf5078d61346ac9a94ca37a547f5708d580528c9e55c0,/Users/user/mobbin-sides/screen-flows/elevenreader/017-eleven-reader-bookmarks-16fa0e5c-2a94-4843-9870-d8b9df12e787/002-c2687224-e0c8-483c-b266-6ffa22c2dac6-downloadableSrc-c7e4255795e1.webp
7f497162-573c-4b2e-b930-113c45eba456,Downloading an audiobook,76fa9e1b-337d-4b3a-92cc-ec566f697c8c,Eleven Reader,1c4ca409-7e55-4df0-97f2-301850c24c49,0,1,c49f78b5-dfae-46e4-9ffd-5dc410d43976,true,downloadableSrc,200,image/webp,82696,82696,8fc66dfef32e172260a75987482b8fcce4745aa969b4fd1e0c488a97e0df4f8e,1179,2676,,,bytescale.mobbin.com,f7a1807c1ac98ccf0eecf5078d61346ac9a94ca37a547f5708d580528c9e55c0,/Users/user/mobbin-sides/screen-flows/elevenreader/018-eleven-reader-downloading-an-audiobook-7f497162-573c-4b2e-b930-113c45eba456/001-c49f78b5-dfae-46e4-9ffd-5dc410d43976-downloadableSrc-8fc66dfef32e.webp
7f497162-573c-4b2e-b930-113c45eba456,Downloading an audiobook,76fa9e1b-337d-4b3a-92cc-ec566f697c8c,Eleven Reader,1c4ca409-7e55-4df0-97f2-301850c24c49,1,2,c41e48df-72ad-45aa-bff6-cb7cdbf796e1,true,downloadableSrc,200,image/webp,69556,69556,98be4f7a707ab377b77d5770d903f84acc056b0ff182909f80145ac33d93ce5d,1179,2676,,,bytescale.mobbin.com,f7a1807c1ac98ccf0eecf5078d61346ac9a94ca37a547f5708d580528c9e55c0,/Users/user/mobbin-sides/screen-flows/elevenreader/018-eleven-reader-downloading-an-audiobook-7f497162-573c-4b2e-b930-113c45eba456/002-c41e48df-72ad-45aa-bff6-cb7cdbf796e1-downloadableSrc-98be4f7a707a.webp
51fccd90-7b32-4c65-bdc5-2bfa1b1129c1,Changing player display,76fa9e1b-337d-4b3a-92cc-ec566f697c8c,Eleven Reader,1c4ca409-7e55-4df0-97f2-301850c24c49,0,1,c49f78b5-dfae-46e4-9ffd-5dc410d43976,true,downloadableSrc,200,image/webp,82696,82696,8fc66dfef32e172260a75987482b8fcce4745aa969b4fd1e0c488a97e0df4f8e,1179,2676,,,bytescale.mobbin.com,f7a1807c1ac98ccf0eecf5078d61346ac9a94ca37a547f5708d580528c9e55c0,/Users/user/mobbin-sides/screen-flows/elevenreader/019-eleven-reader-changing-player-display-51fccd90-7b32-4c65-bdc5-2bfa1b1129c1/001-c49f78b5-dfae-46e4-9ffd-5dc410d43976-downloadableSrc-8fc66dfef32e.webp
51fccd90-7b32-4c65-bdc5-2bfa1b1129c1,Changing player display,76fa9e1b-337d-4b3a-92cc-ec566f697c8c,Eleven Reader,1c4ca409-7e55-4df0-97f2-301850c24c49,1,2,d352fc23-b523-4f52-b470-cfd60b42e9b6,true,downloadableSrc,200,image/webp,67600,67600,1f89b0764589b817e4c310a5969edeed9ed00a983de997e1870abe1ad3657d13,1179,2676,,,bytescale.mobbin.com,f7a1807c1ac98ccf0eecf5078d61346ac9a94ca37a547f5708d580528c9e55c0,/Users/user/mobbin-sides/screen-flows/elevenreader/019-eleven-reader-changing-player-display-51fccd90-7b32-4c65-bdc5-2bfa1b1129c1/002-d352fc23-b523-4f52-b470-cfd60b42e9b6-downloadableSrc-1f89b0764589.webp
51fccd90-7b32-4c65-bdc5-2bfa1b1129c1,Changing player display,76fa9e1b-337d-4b3a-92cc-ec566f697c8c,Eleven Reader,1c4ca409-7e55-4df0-97f2-301850c24c49,2,3,bec90cb3-5d69-4e16-9312-7398c86bc6cb,true,downloadableSrc,200,image/webp,78476,78476,41b35eb832641fd82aab16c9da4a5c8674b8d341797780478160ce5363623034,1179,2676,,,bytescale.mobbin.com,f7a1807c1ac98ccf0eecf5078d61346ac9a94ca37a547f5708d580528c9e55c0,/Users/user/mobbin-sides/screen-flows/elevenreader/019-eleven-reader-changing-player-display-51fccd90-7b32-4c65-bdc5-2bfa1b1129c1/003-bec90cb3-5d69-4e16-9312-7398c86bc6cb-downloadableSrc-41b35eb83264.webp
51fccd90-7b32-4c65-bdc5-2bfa1b1129c1,Changing player display,76fa9e1b-337d-4b3a-92cc-ec566f697c8c,Eleven Reader,1c4ca409-7e55-4df0-97f2-301850c24c49,3,4,146d0b58-45e6-46e6-acf4-182b09221bf9,true,downloadableSrc,200,image/webp,67480,67480,b36cf431868fe30c9923239f945dd20200fd7230d51685165981582cd64d09af,1179,2676,,,bytescale.mobbin.com,f7a1807c1ac98ccf0eecf5078d61346ac9a94ca37a547f5708d580528c9e55c0,/Users/user/mobbin-sides/screen-flows/elevenreader/019-eleven-reader-changing-player-display-51fccd90-7b32-4c65-bdc5-2bfa1b1129c1/004-146d0b58-45e6-46e6-acf4-182b09221bf9-downloadableSrc-b36cf431868f.webp
51fccd90-7b32-4c65-bdc5-2bfa1b1129c1,Changing player display,76fa9e1b-337d-4b3a-92cc-ec566f697c8c,Eleven Reader,1c4ca409-7e55-4df0-97f2-301850c24c49,4,5,9edd3dd9-e79f-45ed-9847-94b5fa20282e,true,downloadableSrc,200,image/webp,64170,64170,2d5a43dbeb1f65188c3ecc7a4134d374a5f39b58330c896b37d3257f1ab7c863,1179,2676,,,bytescale.mobbin.com,f7a1807c1ac98ccf0eecf5078d61346ac9a94ca37a547f5708d580528c9e55c0,/Users/user/mobbin-sides/screen-flows/elevenreader/019-eleven-reader-changing-player-display-51fccd90-7b32-4c65-bdc5-2bfa1b1129c1/005-9edd3dd9-e79f-45ed-9847-94b5fa20282e-downloadableSrc-2d5a43dbeb1f.webp
51fccd90-7b32-4c65-bdc5-2bfa1b1129c1,Changing player display,76fa9e1b-337d-4b3a-92cc-ec566f697c8c,Eleven Reader,1c4ca409-7e55-4df0-97f2-301850c24c49,5,6,8e37d1cb-1111-425f-af10-0849b38a8d93,true,downloadableSrc,200,image/webp,64718,64718,d4fff39f8ec47052b0970f0aeae3970e8673b8901d1b08f47884ef359619439d,1179,2676,,,bytescale.mobbin.com,f7a1807c1ac98ccf0eecf5078d61346ac9a94ca37a547f5708d580528c9e55c0,/Users/user/mobbin-sides/screen-flows/elevenreader/019-eleven-reader-changing-player-display-51fccd90-7b32-4c65-bdc5-2bfa1b1129c1/006-8e37d1cb-1111-425f-af10-0849b38a8d93-downloadableSrc-d4fff39f8ec4.webp
51fccd90-7b32-4c65-bdc5-2bfa1b1129c1,Changing player display,76fa9e1b-337d-4b3a-92cc-ec566f697c8c,Eleven Reader,1c4ca409-7e55-4df0-97f2-301850c24c49,6,7,10d5d80b-6cfc-43bc-a833-69110a5dfa60,true,downloadableSrc,200,image/webp,64766,64766,2d6ea5fe732d4ce5bdb27796ed5072f076dbb2ce5e1f4e31f4382544a1305003,1179,2676,,,bytescale.mobbin.com,f7a1807c1ac98ccf0eecf5078d61346ac9a94ca37a547f5708d580528c9e55c0,/Users/user/mobbin-sides/screen-flows/elevenreader/019-eleven-reader-changing-player-display-51fccd90-7b32-4c65-bdc5-2bfa1b1129c1/007-10d5d80b-6cfc-43bc-a833-69110a5dfa60-downloadableSrc-2d6ea5fe732d.webp
51fccd90-7b32-4c65-bdc5-2bfa1b1129c1,Changing player display,76fa9e1b-337d-4b3a-92cc-ec566f697c8c,Eleven Reader,1c4ca409-7e55-4df0-97f2-301850c24c49,7,8,60919341-b3e7-4635-9d48-740239a9d74b,true,downloadableSrc,200,image/webp,63922,63922,7280449f9b1582ce65e769b654b461020269edbf25310438e86fa5f5baa4ea95,1179,2676,,,bytescale.mobbin.com,f7a1807c1ac98ccf0eecf5078d61346ac9a94ca37a547f5708d580528c9e55c0,/Users/user/mobbin-sides/screen-flows/elevenreader/019-eleven-reader-changing-player-display-51fccd90-7b32-4c65-bdc5-2bfa1b1129c1/008-60919341-b3e7-4635-9d48-740239a9d74b-downloadableSrc-7280449f9b15.webp
51fccd90-7b32-4c65-bdc5-2bfa1b1129c1,Changing player display,76fa9e1b-337d-4b3a-92cc-ec566f697c8c,Eleven Reader,1c4ca409-7e55-4df0-97f2-301850c24c49,8,9,41175372-a56d-4ead-8e5b-999d01921435,true,downloadableSrc,200,image/webp,27478,27478,756d3b7640931628e3a13c8de27b96f6599068ec8f933423a351e7eabba6a6ab,1179,2676,,,bytescale.mobbin.com,f7a1807c1ac98ccf0eecf5078d61346ac9a94ca37a547f5708d580528c9e55c0,/Users/user/mobbin-sides/screen-flows/elevenreader/019-eleven-reader-changing-player-display-51fccd90-7b32-4c65-bdc5-2bfa1b1129c1/009-41175372-a56d-4ead-8e5b-999d01921435-downloadableSrc-756d3b764093.webp
51fccd90-7b32-4c65-bdc5-2bfa1b1129c1,Changing player display,76fa9e1b-337d-4b3a-92cc-ec566f697c8c,Eleven Reader,1c4ca409-7e55-4df0-97f2-301850c24c49,9,10,00b49d8d-4331-466b-a260-348d5aece716,true,downloadableSrc,200,image/webp,27492,27492,866dc4c05c068d7d34b9064f3404f15553abc8ec8aa6222089d817cf5ac2b026,1179,2676,,,bytescale.mobbin.com,f7a1807c1ac98ccf0eecf5078d61346ac9a94ca37a547f5708d580528c9e55c0,/Users/user/mobbin-sides/screen-flows/elevenreader/019-eleven-reader-changing-player-display-51fccd90-7b32-4c65-bdc5-2bfa1b1129c1/010-00b49d8d-4331-466b-a260-348d5aece716-downloadableSrc-866dc4c05c06.webp
51fccd90-7b32-4c65-bdc5-2bfa1b1129c1,Changing player display,76fa9e1b-337d-4b3a-92cc-ec566f697c8c,Eleven Reader,1c4ca409-7e55-4df0-97f2-301850c24c49,10,11,9e1e1b7d-0610-4fc7-9810-e89666e76e27,true,downloadableSrc,200,image/webp,76304,76304,bd8c0ab668b1327b34884b682cd9f7344fe48390655bc46a8715012a4ffc0fee,1179,2676,,,bytescale.mobbin.com,f7a1807c1ac98ccf0eecf5078d61346ac9a94ca37a547f5708d580528c9e55c0,/Users/user/mobbin-sides/screen-flows/elevenreader/019-eleven-reader-changing-player-display-51fccd90-7b32-4c65-bdc5-2bfa1b1129c1/011-9e1e1b7d-0610-4fc7-9810-e89666e76e27-downloadableSrc-bd8c0ab668b1.webp
51fccd90-7b32-4c65-bdc5-2bfa1b1129c1,Changing player display,76fa9e1b-337d-4b3a-92cc-ec566f697c8c,Eleven Reader,1c4ca409-7e55-4df0-97f2-301850c24c49,11,12,97ed73e2-6acf-4d87-8ae3-e551d44b76bb,true,downloadableSrc,200,image/webp,75588,75588,6fbb879a0218214038734f50f8e5ba898a3b7da75d663df7d94ec92dc448e97c,1179,2676,,,bytescale.mobbin.com,f7a1807c1ac98ccf0eecf5078d61346ac9a94ca37a547f5708d580528c9e55c0,/Users/user/mobbin-sides/screen-flows/elevenreader/019-eleven-reader-changing-player-display-51fccd90-7b32-4c65-bdc5-2bfa1b1129c1/012-97ed73e2-6acf-4d87-8ae3-e551d44b76bb-downloadableSrc-6fbb879a0218.webp
51fccd90-7b32-4c65-bdc5-2bfa1b1129c1,Changing player display,76fa9e1b-337d-4b3a-92cc-ec566f697c8c,Eleven Reader,1c4ca409-7e55-4df0-97f2-301850c24c49,12,13,a056a95b-9dba-46c1-bc17-35e379cdcb50,true,downloadableSrc,200,image/webp,102316,102316,7779d81e23429ff0584b9dc297fc8b489423080d77c016d37eb05200e43d0da0,1179,2676,,,bytescale.mobbin.com,f7a1807c1ac98ccf0eecf5078d61346ac9a94ca37a547f5708d580528c9e55c0,/Users/user/mobbin-sides/screen-flows/elevenreader/019-eleven-reader-changing-player-display-51fccd90-7b32-4c65-bdc5-2bfa1b1129c1/013-a056a95b-9dba-46c1-bc17-35e379cdcb50-downloadableSrc-7779d81e2342.webp
c356475c-2f8b-4912-9ba5-468def456435,Saving to collection,76fa9e1b-337d-4b3a-92cc-ec566f697c8c,Eleven Reader,1c4ca409-7e55-4df0-97f2-301850c24c49,0,1,c49f78b5-dfae-46e4-9ffd-5dc410d43976,true,downloadableSrc,200,image/webp,82696,82696,8fc66dfef32e172260a75987482b8fcce4745aa969b4fd1e0c488a97e0df4f8e,1179,2676,,,bytescale.mobbin.com,f7a1807c1ac98ccf0eecf5078d61346ac9a94ca37a547f5708d580528c9e55c0,/Users/user/mobbin-sides/screen-flows/elevenreader/020-eleven-reader-saving-to-collection-c356475c-2f8b-4912-9ba5-468def456435/001-c49f78b5-dfae-46e4-9ffd-5dc410d43976-downloadableSrc-8fc66dfef32e.webp
c356475c-2f8b-4912-9ba5-468def456435,Saving to collection,76fa9e1b-337d-4b3a-92cc-ec566f697c8c,Eleven Reader,1c4ca409-7e55-4df0-97f2-301850c24c49,1,2,3d5c973c-c98e-4e7b-8d36-e43b2b819dfa,true,downloadableSrc,200,image/webp,51482,51482,46903c0b013f2be8a19a5934c0807875af356a7a39e95cfa2dcfd1d2cd764f60,1179,2676,,,bytescale.mobbin.com,f7a1807c1ac98ccf0eecf5078d61346ac9a94ca37a547f5708d580528c9e55c0,/Users/user/mobbin-sides/screen-flows/elevenreader/020-eleven-reader-saving-to-collection-c356475c-2f8b-4912-9ba5-468def456435/002-3d5c973c-c98e-4e7b-8d36-e43b2b819dfa-downloadableSrc-46903c0b013f.webp
c356475c-2f8b-4912-9ba5-468def456435,Saving to collection,76fa9e1b-337d-4b3a-92cc-ec566f697c8c,Eleven Reader,1c4ca409-7e55-4df0-97f2-301850c24c49,2,3,812faffb-b3bf-40d1-8992-b01bc23ca873,true,downloadableSrc,200,image/webp,100902,100902,e8a4b380cb8a5251885bccdddb2cb017fb34297628ec5b659275577b2a43dd7a,1179,2676,,,bytescale.mobbin.com,f7a1807c1ac98ccf0eecf5078d61346ac9a94ca37a547f5708d580528c9e55c0,/Users/user/mobbin-sides/screen-flows/elevenreader/020-eleven-reader-saving-to-collection-c356475c-2f8b-4912-9ba5-468def456435/003-812faffb-b3bf-40d1-8992-b01bc23ca873-downloadableSrc-e8a4b380cb8a.webp
c356475c-2f8b-4912-9ba5-468def456435,Saving to collection,76fa9e1b-337d-4b3a-92cc-ec566f697c8c,Eleven Reader,1c4ca409-7e55-4df0-97f2-301850c24c49,3,4,31520cb7-737a-4368-8d32-26adf79159dc,true,downloadableSrc,200,image/webp,180220,180220,cfa526acac256dad69961b294aea5047c1b4a1c1a083f9ceee12d87c55edd17a,1179,2676,,,bytescale.mobbin.com,f7a1807c1ac98ccf0eecf5078d61346ac9a94ca37a547f5708d580528c9e55c0,/Users/user/mobbin-sides/screen-flows/elevenreader/020-eleven-reader-saving-to-collection-c356475c-2f8b-4912-9ba5-468def456435/004-31520cb7-737a-4368-8d32-26adf79159dc-downloadableSrc-cfa526acac25.webp
2f1c4feb-ea50-43aa-ab2a-3c4bb8cb9a89,Rating a title,76fa9e1b-337d-4b3a-92cc-ec566f697c8c,Eleven Reader,1c4ca409-7e55-4df0-97f2-301850c24c49,0,1,3d5c973c-c98e-4e7b-8d36-e43b2b819dfa,true,downloadableSrc,200,image/webp,51482,51482,46903c0b013f2be8a19a5934c0807875af356a7a39e95cfa2dcfd1d2cd764f60,1179,2676,,,bytescale.mobbin.com,f7a1807c1ac98ccf0eecf5078d61346ac9a94ca37a547f5708d580528c9e55c0,/Users/user/mobbin-sides/screen-flows/elevenreader/021-eleven-reader-rating-a-title-2f1c4feb-ea50-43aa-ab2a-3c4bb8cb9a89/001-3d5c973c-c98e-4e7b-8d36-e43b2b819dfa-downloadableSrc-46903c0b013f.webp
2f1c4feb-ea50-43aa-ab2a-3c4bb8cb9a89,Rating a title,76fa9e1b-337d-4b3a-92cc-ec566f697c8c,Eleven Reader,1c4ca409-7e55-4df0-97f2-301850c24c49,1,2,96e3c806-c16a-4e6e-990b-c917b8290234,true,downloadableSrc,200,image/webp,132182,132182,bc67976c873192fe61521cbe4b3c4233058c44a971f2ce91a300ec84d1624f5c,1179,2676,,,bytescale.mobbin.com,f7a1807c1ac98ccf0eecf5078d61346ac9a94ca37a547f5708d580528c9e55c0,/Users/user/mobbin-sides/screen-flows/elevenreader/021-eleven-reader-rating-a-title-2f1c4feb-ea50-43aa-ab2a-3c4bb8cb9a89/002-96e3c806-c16a-4e6e-990b-c917b8290234-downloadableSrc-bc67976c8731.webp
2f1c4feb-ea50-43aa-ab2a-3c4bb8cb9a89,Rating a title,76fa9e1b-337d-4b3a-92cc-ec566f697c8c,Eleven Reader,1c4ca409-7e55-4df0-97f2-301850c24c49,2,3,c1b65510-6c34-4252-86fa-1ef41516f93b,true,downloadableSrc,200,image/webp,136254,136254,1624dc7065fce2a3b071c63d891a0328e33c5cb5eccedea05a22ded2d063f08e,1179,2676,,,bytescale.mobbin.com,f7a1807c1ac98ccf0eecf5078d61346ac9a94ca37a547f5708d580528c9e55c0,/Users/user/mobbin-sides/screen-flows/elevenreader/021-eleven-reader-rating-a-title-2f1c4feb-ea50-43aa-ab2a-3c4bb8cb9a89/003-c1b65510-6c34-4252-86fa-1ef41516f93b-downloadableSrc-1624dc7065fc.webp
2f1c4feb-ea50-43aa-ab2a-3c4bb8cb9a89,Rating a title,76fa9e1b-337d-4b3a-92cc-ec566f697c8c,Eleven Reader,1c4ca409-7e55-4df0-97f2-301850c24c49,3,4,dd79e8fc-a30f-4940-8c9a-d0239648e3e9,true,downloadableSrc,200,image/webp,98528,98528,5f5a4bcb836990bd4ff812503fdcffef13c1533d2fcef74b4e0edaf175cf8702,1179,2676,,,bytescale.mobbin.com,f7a1807c1ac98ccf0eecf5078d61346ac9a94ca37a547f5708d580528c9e55c0,/Users/user/mobbin-sides/screen-flows/elevenreader/021-eleven-reader-rating-a-title-2f1c4feb-ea50-43aa-ab2a-3c4bb8cb9a89/004-dd79e8fc-a30f-4940-8c9a-d0239648e3e9-downloadableSrc-5f5a4bcb8369.webp
cf96c915-994d-4c4e-b298-d2136059c98a,Reporting an issue,76fa9e1b-337d-4b3a-92cc-ec566f697c8c,Eleven Reader,1c4ca409-7e55-4df0-97f2-301850c24c49,0,1,3d5c973c-c98e-4e7b-8d36-e43b2b819dfa,true,downloadableSrc,200,image/webp,51482,51482,46903c0b013f2be8a19a5934c0807875af356a7a39e95cfa2dcfd1d2cd764f60,1179,2676,,,bytescale.mobbin.com,f7a1807c1ac98ccf0eecf5078d61346ac9a94ca37a547f5708d580528c9e55c0,/Users/user/mobbin-sides/screen-flows/elevenreader/022-eleven-reader-reporting-an-issue-cf96c915-994d-4c4e-b298-d2136059c98a/001-3d5c973c-c98e-4e7b-8d36-e43b2b819dfa-downloadableSrc-46903c0b013f.webp
cf96c915-994d-4c4e-b298-d2136059c98a,Reporting an issue,76fa9e1b-337d-4b3a-92cc-ec566f697c8c,Eleven Reader,1c4ca409-7e55-4df0-97f2-301850c24c49,1,2,77381a7f-7c6c-42a9-a07b-fe246c5f4985,true,downloadableSrc,200,image/webp,87514,87514,bd651fdba98586690329f1d8c38389a30f379f8b20fb9348565ad9aec68c2447,1179,2676,,,bytescale.mobbin.com,f7a1807c1ac98ccf0eecf5078d61346ac9a94ca37a547f5708d580528c9e55c0,/Users/user/mobbin-sides/screen-flows/elevenreader/022-eleven-reader-reporting-an-issue-cf96c915-994d-4c4e-b298-d2136059c98a/002-77381a7f-7c6c-42a9-a07b-fe246c5f4985-downloadableSrc-bd651fdba985.webp
cf96c915-994d-4c4e-b298-d2136059c98a,Reporting an issue,76fa9e1b-337d-4b3a-92cc-ec566f697c8c,Eleven Reader,1c4ca409-7e55-4df0-97f2-301850c24c49,2,3,2d4d5459-1f68-43a0-a82c-c5e07adbf6f0,true,downloadableSrc,200,image/webp,49782,49782,5ff699ae7e2f73d6ac017633e8239c96a6c084055bb946f842e1fbc9ca8e27ac,1180,2676,,,bytescale.mobbin.com,f7a1807c1ac98ccf0eecf5078d61346ac9a94ca37a547f5708d580528c9e55c0,/Users/user/mobbin-sides/screen-flows/elevenreader/022-eleven-reader-reporting-an-issue-cf96c915-994d-4c4e-b298-d2136059c98a/003-2d4d5459-1f68-43a0-a82c-c5e07adbf6f0-downloadableSrc-5ff699ae7e2f.webp
cf96c915-994d-4c4e-b298-d2136059c98a,Reporting an issue,76fa9e1b-337d-4b3a-92cc-ec566f697c8c,Eleven Reader,1c4ca409-7e55-4df0-97f2-301850c24c49,3,4,7246c0d5-b8cc-49c6-9778-c9136a31e0d9,true,downloadableSrc,200,image/webp,48358,48358,fa5c9119ce2397335b0e9c7bbc89f7c676bb233234bc245327597541074754c5,1179,2676,,,bytescale.mobbin.com,f7a1807c1ac98ccf0eecf5078d61346ac9a94ca37a547f5708d580528c9e55c0,/Users/user/mobbin-sides/screen-flows/elevenreader/022-eleven-reader-reporting-an-issue-cf96c915-994d-4c4e-b298-d2136059c98a/004-7246c0d5-b8cc-49c6-9778-c9136a31e0d9-downloadableSrc-fa5c9119ce23.webp
cf96c915-994d-4c4e-b298-d2136059c98a,Reporting an issue,76fa9e1b-337d-4b3a-92cc-ec566f697c8c,Eleven Reader,1c4ca409-7e55-4df0-97f2-301850c24c49,4,5,0e00e367-e79a-40ce-96d8-65ff666437b7,true,downloadableSrc,200,image/webp,56088,56088,7f4197d44640bc28d55d46103dd26a81bf9f75efdd30eab08afb2616759f413f,1179,2676,,,bytescale.mobbin.com,f7a1807c1ac98ccf0eecf5078d61346ac9a94ca37a547f5708d580528c9e55c0,/Users/user/mobbin-sides/screen-flows/elevenreader/022-eleven-reader-reporting-an-issue-cf96c915-994d-4c4e-b298-d2136059c98a/005-0e00e367-e79a-40ce-96d8-65ff666437b7-downloadableSrc-7f4197d44640.webp
6c0951c1-c57c-4202-8dbd-01bac53b97a0,Deleting an audiobook,76fa9e1b-337d-4b3a-92cc-ec566f697c8c,Eleven Reader,1c4ca409-7e55-4df0-97f2-301850c24c49,0,1,3d5c973c-c98e-4e7b-8d36-e43b2b819dfa,true,downloadableSrc,200,image/webp,51482,51482,46903c0b013f2be8a19a5934c0807875af356a7a39e95cfa2dcfd1d2cd764f60,1179,2676,,,bytescale.mobbin.com,f7a1807c1ac98ccf0eecf5078d61346ac9a94ca37a547f5708d580528c9e55c0,/Users/user/mobbin-sides/screen-flows/elevenreader/023-eleven-reader-deleting-an-audiobook-6c0951c1-c57c-4202-8dbd-01bac53b97a0/001-3d5c973c-c98e-4e7b-8d36-e43b2b819dfa-downloadableSrc-46903c0b013f.webp
6c0951c1-c57c-4202-8dbd-01bac53b97a0,Deleting an audiobook,76fa9e1b-337d-4b3a-92cc-ec566f697c8c,Eleven Reader,1c4ca409-7e55-4df0-97f2-301850c24c49,1,2,e283ceb0-8613-446f-9586-bb04bb66f099,true,downloadableSrc,200,image/webp,56720,56720,667cf81256f2562c28fe4ad71f17b11fa9fb233e9757b877f3d7c4c84883eb22,1179,2676,,,bytescale.mobbin.com,f7a1807c1ac98ccf0eecf5078d61346ac9a94ca37a547f5708d580528c9e55c0,/Users/user/mobbin-sides/screen-flows/elevenreader/023-eleven-reader-deleting-an-audiobook-6c0951c1-c57c-4202-8dbd-01bac53b97a0/002-e283ceb0-8613-446f-9586-bb04bb66f099-downloadableSrc-667cf81256f2.webp
6c0951c1-c57c-4202-8dbd-01bac53b97a0,Deleting an audiobook,76fa9e1b-337d-4b3a-92cc-ec566f697c8c,Eleven Reader,1c4ca409-7e55-4df0-97f2-301850c24c49,2,3,67ca761b-e802-41ad-ae8d-77d7f6421130,true,downloadableSrc,200,image/webp,162894,162894,2dacc2d09c0938d2a0bb8273a44a7be9cc1d35d03d989b30322ff500622234ca,1179,2676,,,bytescale.mobbin.com,f7a1807c1ac98ccf0eecf5078d61346ac9a94ca37a547f5708d580528c9e55c0,/Users/user/mobbin-sides/screen-flows/elevenreader/023-eleven-reader-deleting-an-audiobook-6c0951c1-c57c-4202-8dbd-01bac53b97a0/003-67ca761b-e802-41ad-ae8d-77d7f6421130-downloadableSrc-2dacc2d09c09.webp
3f476ca9-0d9e-4e62-9993-f2be28a57eb4,Author profile,76fa9e1b-337d-4b3a-92cc-ec566f697c8c,Eleven Reader,1c4ca409-7e55-4df0-97f2-301850c24c49,0,1,ee3ee9ff-e838-471b-a1b9-aec27a2850d1,true,downloadableSrc,200,image/webp,87456,87456,e8dfa327dd6820003c091d82ab136bade5ee7f1e05a9e59461ff9e23ba3aaebe,1179,2676,,,bytescale.mobbin.com,f7a1807c1ac98ccf0eecf5078d61346ac9a94ca37a547f5708d580528c9e55c0,/Users/user/mobbin-sides/screen-flows/elevenreader/024-eleven-reader-author-profile-3f476ca9-0d9e-4e62-9993-f2be28a57eb4/001-ee3ee9ff-e838-471b-a1b9-aec27a2850d1-downloadableSrc-e8dfa327dd68.webp
3f476ca9-0d9e-4e62-9993-f2be28a57eb4,Author profile,76fa9e1b-337d-4b3a-92cc-ec566f697c8c,Eleven Reader,1c4ca409-7e55-4df0-97f2-301850c24c49,1,2,517ddeeb-8bf7-458b-80e3-da9e68aecf59,true,downloadableSrc,200,image/webp,121812,121812,c719c05622487e7f9b84b5895feaad11bcba510bc8810badbc46254657c931d7,1179,2676,,,bytescale.mobbin.com,f7a1807c1ac98ccf0eecf5078d61346ac9a94ca37a547f5708d580528c9e55c0,/Users/user/mobbin-sides/screen-flows/elevenreader/024-eleven-reader-author-profile-3f476ca9-0d9e-4e62-9993-f2be28a57eb4/002-517ddeeb-8bf7-458b-80e3-da9e68aecf59-downloadableSrc-c719c0562248.webp
3f476ca9-0d9e-4e62-9993-f2be28a57eb4,Author profile,76fa9e1b-337d-4b3a-92cc-ec566f697c8c,Eleven Reader,1c4ca409-7e55-4df0-97f2-301850c24c49,2,3,984733d2-7da6-4ac0-84a7-79afd3871291,true,downloadableSrc,200,image/webp,49722,49722,f90c3e4b66b0ceeb828c2e4c8658698aa95c0f47a4a3fa56190025d17e1dc3d7,1179,2676,,,bytescale.mobbin.com,f7a1807c1ac98ccf0eecf5078d61346ac9a94ca37a547f5708d580528c9e55c0,/Users/user/mobbin-sides/screen-flows/elevenreader/024-eleven-reader-author-profile-3f476ca9-0d9e-4e62-9993-f2be28a57eb4/003-984733d2-7da6-4ac0-84a7-79afd3871291-downloadableSrc-f90c3e4b66b0.webp
3306a4fa-9283-405c-a3d7-4d5fc76a48da,Following an author,76fa9e1b-337d-4b3a-92cc-ec566f697c8c,Eleven Reader,1c4ca409-7e55-4df0-97f2-301850c24c49,0,1,517ddeeb-8bf7-458b-80e3-da9e68aecf59,true,downloadableSrc,200,image/webp,121812,121812,c719c05622487e7f9b84b5895feaad11bcba510bc8810badbc46254657c931d7,1179,2676,,,bytescale.mobbin.com,f7a1807c1ac98ccf0eecf5078d61346ac9a94ca37a547f5708d580528c9e55c0,/Users/user/mobbin-sides/screen-flows/elevenreader/025-eleven-reader-following-an-author-3306a4fa-9283-405c-a3d7-4d5fc76a48da/001-517ddeeb-8bf7-458b-80e3-da9e68aecf59-downloadableSrc-c719c0562248.webp
3306a4fa-9283-405c-a3d7-4d5fc76a48da,Following an author,76fa9e1b-337d-4b3a-92cc-ec566f697c8c,Eleven Reader,1c4ca409-7e55-4df0-97f2-301850c24c49,1,2,52444aca-1d52-4730-8c9c-95e308297be6,true,downloadableSrc,200,image/webp,125388,125388,0569f97b03f5a96863def866e3fa4ce4ff93f3b02923374f7421bf4fb8630d0e,1179,2676,,,bytescale.mobbin.com,f7a1807c1ac98ccf0eecf5078d61346ac9a94ca37a547f5708d580528c9e55c0,/Users/user/mobbin-sides/screen-flows/elevenreader/025-eleven-reader-following-an-author-3306a4fa-9283-405c-a3d7-4d5fc76a48da/002-52444aca-1d52-4730-8c9c-95e308297be6-downloadableSrc-0569f97b03f5.webp
d535ca95-2754-4930-8ad4-c1dd82609a10,Setting a goal,76fa9e1b-337d-4b3a-92cc-ec566f697c8c,Eleven Reader,1c4ca409-7e55-4df0-97f2-301850c24c49,0,1,543927b6-750b-484d-9f46-f2d74be14652,true,downloadableSrc,200,image/webp,66728,66728,079347a195bf229e1ee7b126f4f575fd2cf490a916e4051671602ddf0b0b42e9,1179,2676,,,bytescale.mobbin.com,f7a1807c1ac98ccf0eecf5078d61346ac9a94ca37a547f5708d580528c9e55c0,/Users/user/mobbin-sides/screen-flows/elevenreader/026-eleven-reader-setting-a-goal-d535ca95-2754-4930-8ad4-c1dd82609a10/001-543927b6-750b-484d-9f46-f2d74be14652-downloadableSrc-079347a195bf.webp
d535ca95-2754-4930-8ad4-c1dd82609a10,Setting a goal,76fa9e1b-337d-4b3a-92cc-ec566f697c8c,Eleven Reader,1c4ca409-7e55-4df0-97f2-301850c24c49,1,2,5c2b9cbf-bffc-4608-9919-794c52f02dbc,true,downloadableSrc,200,image/webp,63384,63384,c925d23f960096f680f93b346629a8e2573f426a1fcbe735ab000d5900cadfe4,1179,2676,,,bytescale.mobbin.com,f7a1807c1ac98ccf0eecf5078d61346ac9a94ca37a547f5708d580528c9e55c0,/Users/user/mobbin-sides/screen-flows/elevenreader/026-eleven-reader-setting-a-goal-d535ca95-2754-4930-8ad4-c1dd82609a10/002-5c2b9cbf-bffc-4608-9919-794c52f02dbc-downloadableSrc-c925d23f9600.webp
d535ca95-2754-4930-8ad4-c1dd82609a10,Setting a goal,76fa9e1b-337d-4b3a-92cc-ec566f697c8c,Eleven Reader,1c4ca409-7e55-4df0-97f2-301850c24c49,2,3,dab8cd21-974e-40a6-9f6b-0c1260e1c370,true,downloadableSrc,200,image/webp,63088,63088,f443e4e4392b566116f2ad3c8f9d1360356d8cae6171d294fb8b73c12ba43c0d,1179,2676,,,bytescale.mobbin.com,f7a1807c1ac98ccf0eecf5078d61346ac9a94ca37a547f5708d580528c9e55c0,/Users/user/mobbin-sides/screen-flows/elevenreader/026-eleven-reader-setting-a-goal-d535ca95-2754-4930-8ad4-c1dd82609a10/003-dab8cd21-974e-40a6-9f6b-0c1260e1c370-downloadableSrc-f443e4e4392b.webp
d535ca95-2754-4930-8ad4-c1dd82609a10,Setting a goal,76fa9e1b-337d-4b3a-92cc-ec566f697c8c,Eleven Reader,1c4ca409-7e55-4df0-97f2-301850c24c49,3,4,227c0e53-027d-42cf-97ad-f97f8e37faa9,true,downloadableSrc,200,image/webp,67254,67254,9bbed61caf514cf3f5a974068d69e5d4363edde2292571f23d9fe1365b34a9cf,1179,2676,,,bytescale.mobbin.com,f7a1807c1ac98ccf0eecf5078d61346ac9a94ca37a547f5708d580528c9e55c0,/Users/user/mobbin-sides/screen-flows/elevenreader/026-eleven-reader-setting-a-goal-d535ca95-2754-4930-8ad4-c1dd82609a10/004-227c0e53-027d-42cf-97ad-f97f8e37faa9-downloadableSrc-9bbed61caf51.webp
38946ff2-d3d3-4b7d-afb3-95243181e29f,Explore,76fa9e1b-337d-4b3a-92cc-ec566f697c8c,Eleven Reader,1c4ca409-7e55-4df0-97f2-301850c24c49,0,1,67ca761b-e802-41ad-ae8d-77d7f6421130,true,downloadableSrc,200,image/webp,162894,162894,2dacc2d09c0938d2a0bb8273a44a7be9cc1d35d03d989b30322ff500622234ca,1179,2676,,,bytescale.mobbin.com,f7a1807c1ac98ccf0eecf5078d61346ac9a94ca37a547f5708d580528c9e55c0,/Users/user/mobbin-sides/screen-flows/elevenreader/027-eleven-reader-explore-38946ff2-d3d3-4b7d-afb3-95243181e29f/001-67ca761b-e802-41ad-ae8d-77d7f6421130-downloadableSrc-2dacc2d09c09.webp
38946ff2-d3d3-4b7d-afb3-95243181e29f,Explore,76fa9e1b-337d-4b3a-92cc-ec566f697c8c,Eleven Reader,1c4ca409-7e55-4df0-97f2-301850c24c49,1,2,bb377129-be0f-49cb-9b3a-0397f4974b37,true,downloadableSrc,200,image/webp,169784,169784,e5012c58c8af1c3a5d189b702ec0e7f189d201271f165e44422a192bc14fb6f1,1179,2676,,,bytescale.mobbin.com,f7a1807c1ac98ccf0eecf5078d61346ac9a94ca37a547f5708d580528c9e55c0,/Users/user/mobbin-sides/screen-flows/elevenreader/027-eleven-reader-explore-38946ff2-d3d3-4b7d-afb3-95243181e29f/002-bb377129-be0f-49cb-9b3a-0397f4974b37-downloadableSrc-e5012c58c8af.webp
38946ff2-d3d3-4b7d-afb3-95243181e29f,Explore,76fa9e1b-337d-4b3a-92cc-ec566f697c8c,Eleven Reader,1c4ca409-7e55-4df0-97f2-301850c24c49,2,3,32ddbc6f-6b2a-42cf-bf52-274f59bb9886,true,downloadableSrc,200,image/webp,272000,272000,d724cd8ed23dcd78d5f743fd9c61995b99b12403ee9c36773ca0acc9ea899b92,1179,2676,,,bytescale.mobbin.com,f7a1807c1ac98ccf0eecf5078d61346ac9a94ca37a547f5708d580528c9e55c0,/Users/user/mobbin-sides/screen-flows/elevenreader/027-eleven-reader-explore-38946ff2-d3d3-4b7d-afb3-95243181e29f/003-32ddbc6f-6b2a-42cf-bf52-274f59bb9886-downloadableSrc-d724cd8ed23d.webp
38946ff2-d3d3-4b7d-afb3-95243181e29f,Explore,76fa9e1b-337d-4b3a-92cc-ec566f697c8c,Eleven Reader,1c4ca409-7e55-4df0-97f2-301850c24c49,3,4,693c1ff1-4aa3-49fd-b54e-ad752fcbaf96,true,downloadableSrc,200,image/webp,266442,266442,db07ba8e90c56f8c86e386eb246f2efc45e6097689fabbf603e1c91022abe802,1179,2676,,,bytescale.mobbin.com,f7a1807c1ac98ccf0eecf5078d61346ac9a94ca37a547f5708d580528c9e55c0,/Users/user/mobbin-sides/screen-flows/elevenreader/027-eleven-reader-explore-38946ff2-d3d3-4b7d-afb3-95243181e29f/004-693c1ff1-4aa3-49fd-b54e-ad752fcbaf96-downloadableSrc-db07ba8e90c5.webp
38946ff2-d3d3-4b7d-afb3-95243181e29f,Explore,76fa9e1b-337d-4b3a-92cc-ec566f697c8c,Eleven Reader,1c4ca409-7e55-4df0-97f2-301850c24c49,4,5,1855b3cd-802f-4c27-bae7-5e9f22bd89b9,true,downloadableSrc,200,image/webp,215838,215838,1573068f44d35d4a62bccf93c0e6f5b6c3be56f8b716c26360999bb6edab922e,1179,2676,,,bytescale.mobbin.com,f7a1807c1ac98ccf0eecf5078d61346ac9a94ca37a547f5708d580528c9e55c0,/Users/user/mobbin-sides/screen-flows/elevenreader/027-eleven-reader-explore-38946ff2-d3d3-4b7d-afb3-95243181e29f/005-1855b3cd-802f-4c27-bae7-5e9f22bd89b9-downloadableSrc-1573068f44d3.webp
b31b032c-a015-4f38-9db8-274716295a9c,Filtering audiobooks,76fa9e1b-337d-4b3a-92cc-ec566f697c8c,Eleven Reader,1c4ca409-7e55-4df0-97f2-301850c24c49,0,1,bb377129-be0f-49cb-9b3a-0397f4974b37,true,downloadableSrc,200,image/webp,169784,169784,e5012c58c8af1c3a5d189b702ec0e7f189d201271f165e44422a192bc14fb6f1,1179,2676,,,bytescale.mobbin.com,f7a1807c1ac98ccf0eecf5078d61346ac9a94ca37a547f5708d580528c9e55c0,/Users/user/mobbin-sides/screen-flows/elevenreader/028-eleven-reader-filtering-audiobooks-b31b032c-a015-4f38-9db8-274716295a9c/001-bb377129-be0f-49cb-9b3a-0397f4974b37-downloadableSrc-e5012c58c8af.webp
b31b032c-a015-4f38-9db8-274716295a9c,Filtering audiobooks,76fa9e1b-337d-4b3a-92cc-ec566f697c8c,Eleven Reader,1c4ca409-7e55-4df0-97f2-301850c24c49,1,2,5e3577ac-964f-4052-b9ab-b39c8720f0b5,true,downloadableSrc,200,image/webp,31710,31710,4d87d202336031cca3ceb9016bbc3e5b40bdb11fbfa1a00ed79ff45eb1a61077,1179,2676,,,bytescale.mobbin.com,f7a1807c1ac98ccf0eecf5078d61346ac9a94ca37a547f5708d580528c9e55c0,/Users/user/mobbin-sides/screen-flows/elevenreader/028-eleven-reader-filtering-audiobooks-b31b032c-a015-4f38-9db8-274716295a9c/002-5e3577ac-964f-4052-b9ab-b39c8720f0b5-downloadableSrc-4d87d2023360.webp
b31b032c-a015-4f38-9db8-274716295a9c,Filtering audiobooks,76fa9e1b-337d-4b3a-92cc-ec566f697c8c,Eleven Reader,1c4ca409-7e55-4df0-97f2-301850c24c49,2,3,3bdf39c1-0c17-487c-9568-0d8a20ee89e0,true,downloadableSrc,200,image/webp,98342,98342,7fb6e8416097f8e16ee7cb5c1af7417672b433e430493bd78dd1d23eebabf6b2,1179,2676,,,bytescale.mobbin.com,f7a1807c1ac98ccf0eecf5078d61346ac9a94ca37a547f5708d580528c9e55c0,/Users/user/mobbin-sides/screen-flows/elevenreader/028-eleven-reader-filtering-audiobooks-b31b032c-a015-4f38-9db8-274716295a9c/003-3bdf39c1-0c17-487c-9568-0d8a20ee89e0-downloadableSrc-7fb6e8416097.webp
b31b032c-a015-4f38-9db8-274716295a9c,Filtering audiobooks,76fa9e1b-337d-4b3a-92cc-ec566f697c8c,Eleven Reader,1c4ca409-7e55-4df0-97f2-301850c24c49,3,4,f2867c25-224b-4ee1-8c5e-56622dce8992,true,downloadableSrc,200,image/webp,99810,99810,37675efdbee26b6e74190d420f05e391aa8fcfc180c5390f0795e41692be306b,1179,2676,,,bytescale.mobbin.com,f7a1807c1ac98ccf0eecf5078d61346ac9a94ca37a547f5708d580528c9e55c0,/Users/user/mobbin-sides/screen-flows/elevenreader/028-eleven-reader-filtering-audiobooks-b31b032c-a015-4f38-9db8-274716295a9c/004-f2867c25-224b-4ee1-8c5e-56622dce8992-downloadableSrc-37675efdbee2.webp
b31b032c-a015-4f38-9db8-274716295a9c,Filtering audiobooks,76fa9e1b-337d-4b3a-92cc-ec566f697c8c,Eleven Reader,1c4ca409-7e55-4df0-97f2-301850c24c49,4,5,73b30797-6037-4e25-a2b5-eee6d475c8ac,true,downloadableSrc,200,image/webp,224512,224512,a314425f8ef6d775b090ef8cc18caee4b35289cc15356ed82ffc9dbd4224fa5a,1179,2676,,,bytescale.mobbin.com,f7a1807c1ac98ccf0eecf5078d61346ac9a94ca37a547f5708d580528c9e55c0,/Users/user/mobbin-sides/screen-flows/elevenreader/028-eleven-reader-filtering-audiobooks-b31b032c-a015-4f38-9db8-274716295a9c/005-73b30797-6037-4e25-a2b5-eee6d475c8ac-downloadableSrc-a314425f8ef6.webp
264ef23e-e157-42db-8f29-335fe9a05f1a,Import,76fa9e1b-337d-4b3a-92cc-ec566f697c8c,Eleven Reader,1c4ca409-7e55-4df0-97f2-301850c24c49,0,1,67ca761b-e802-41ad-ae8d-77d7f6421130,true,downloadableSrc,200,image/webp,162894,162894,2dacc2d09c0938d2a0bb8273a44a7be9cc1d35d03d989b30322ff500622234ca,1179,2676,,,bytescale.mobbin.com,f7a1807c1ac98ccf0eecf5078d61346ac9a94ca37a547f5708d580528c9e55c0,/Users/user/mobbin-sides/screen-flows/elevenreader/029-eleven-reader-import-264ef23e-e157-42db-8f29-335fe9a05f1a/001-67ca761b-e802-41ad-ae8d-77d7f6421130-downloadableSrc-2dacc2d09c09.webp
264ef23e-e157-42db-8f29-335fe9a05f1a,Import,76fa9e1b-337d-4b3a-92cc-ec566f697c8c,Eleven Reader,1c4ca409-7e55-4df0-97f2-301850c24c49,1,2,499ce035-77a7-4fa7-9254-e3f3db60c2d5,true,downloadableSrc,200,image/webp,32534,32534,7b353ba0d196c81c3dce8c63f729bd480c92c2508641ec62a209ea5508b00346,1179,2676,,,bytescale.mobbin.com,f7a1807c1ac98ccf0eecf5078d61346ac9a94ca37a547f5708d580528c9e55c0,/Users/user/mobbin-sides/screen-flows/elevenreader/029-eleven-reader-import-264ef23e-e157-42db-8f29-335fe9a05f1a/002-499ce035-77a7-4fa7-9254-e3f3db60c2d5-downloadableSrc-7b353ba0d196.webp
b8071b61-a738-4aac-81ac-e8d5b78783ba,Importing an article (website link),76fa9e1b-337d-4b3a-92cc-ec566f697c8c,Eleven Reader,1c4ca409-7e55-4df0-97f2-301850c24c49,0,1,499ce035-77a7-4fa7-9254-e3f3db60c2d5,true,downloadableSrc,200,image/webp,32534,32534,7b353ba0d196c81c3dce8c63f729bd480c92c2508641ec62a209ea5508b00346,1179,2676,,,bytescale.mobbin.com,f7a1807c1ac98ccf0eecf5078d61346ac9a94ca37a547f5708d580528c9e55c0,/Users/user/mobbin-sides/screen-flows/elevenreader/030-eleven-reader-importing-an-article-website-link-b8071b61-a738-4aac-81ac-e8d5b78783ba/001-499ce035-77a7-4fa7-9254-e3f3db60c2d5-downloadableSrc-7b353ba0d196.webp
b8071b61-a738-4aac-81ac-e8d5b78783ba,Importing an article (website link),76fa9e1b-337d-4b3a-92cc-ec566f697c8c,Eleven Reader,1c4ca409-7e55-4df0-97f2-301850c24c49,1,2,4af8270f-ec50-4dfd-9250-c23e67f2c63b,true,downloadableSrc,200,image/webp,58750,58750,f8d0cd46e9e1c094e524087628c81e6df5b576e7d137e1ad20be2062d54db872,1179,2676,,,bytescale.mobbin.com,f7a1807c1ac98ccf0eecf5078d61346ac9a94ca37a547f5708d580528c9e55c0,/Users/user/mobbin-sides/screen-flows/elevenreader/030-eleven-reader-importing-an-article-website-link-b8071b61-a738-4aac-81ac-e8d5b78783ba/002-4af8270f-ec50-4dfd-9250-c23e67f2c63b-downloadableSrc-f8d0cd46e9e1.webp
b8071b61-a738-4aac-81ac-e8d5b78783ba,Importing an article (website link),76fa9e1b-337d-4b3a-92cc-ec566f697c8c,Eleven Reader,1c4ca409-7e55-4df0-97f2-301850c24c49,2,3,ff1d531b-83ff-4210-9d22-38add1f9a4d4,true,downloadableSrc,200,image/webp,55032,55032,5580ae680c849dc70a894c8784ae50471ad3d1bcb04e53e4263085bfb25cd054,1179,2676,,,bytescale.mobbin.com,f7a1807c1ac98ccf0eecf5078d61346ac9a94ca37a547f5708d580528c9e55c0,/Users/user/mobbin-sides/screen-flows/elevenreader/030-eleven-reader-importing-an-article-website-link-b8071b61-a738-4aac-81ac-e8d5b78783ba/003-ff1d531b-83ff-4210-9d22-38add1f9a4d4-downloadableSrc-5580ae680c84.webp
b8071b61-a738-4aac-81ac-e8d5b78783ba,Importing an article (website link),76fa9e1b-337d-4b3a-92cc-ec566f697c8c,Eleven Reader,1c4ca409-7e55-4df0-97f2-301850c24c49,3,4,53fb143c-dd79-471c-b100-94955bf60a6c,true,downloadableSrc,200,image/webp,80370,80370,40e5b83cf7741afc765ead25dd1d958f1e48e5133e0ab5935edd39732aaa955a,1179,2676,,,bytescale.mobbin.com,f7a1807c1ac98ccf0eecf5078d61346ac9a94ca37a547f5708d580528c9e55c0,/Users/user/mobbin-sides/screen-flows/elevenreader/030-eleven-reader-importing-an-article-website-link-b8071b61-a738-4aac-81ac-e8d5b78783ba/004-53fb143c-dd79-471c-b100-94955bf60a6c-downloadableSrc-40e5b83cf774.webp
537ff05c-692d-4db3-90b3-c26607ecb944,Scanning text,76fa9e1b-337d-4b3a-92cc-ec566f697c8c,Eleven Reader,1c4ca409-7e55-4df0-97f2-301850c24c49,0,1,499ce035-77a7-4fa7-9254-e3f3db60c2d5,true,downloadableSrc,200,image/webp,32534,32534,7b353ba0d196c81c3dce8c63f729bd480c92c2508641ec62a209ea5508b00346,1179,2676,,,bytescale.mobbin.com,f7a1807c1ac98ccf0eecf5078d61346ac9a94ca37a547f5708d580528c9e55c0,/Users/user/mobbin-sides/screen-flows/elevenreader/031-eleven-reader-scanning-text-537ff05c-692d-4db3-90b3-c26607ecb944/001-499ce035-77a7-4fa7-9254-e3f3db60c2d5-downloadableSrc-7b353ba0d196.webp
537ff05c-692d-4db3-90b3-c26607ecb944,Scanning text,76fa9e1b-337d-4b3a-92cc-ec566f697c8c,Eleven Reader,1c4ca409-7e55-4df0-97f2-301850c24c49,1,2,38a63a3d-f886-4464-834a-25c0f60b3974,true,downloadableSrc,200,image/webp,21234,21234,ac68354fd2fe11f9837892f900f06b696cbc67d53f16cf70a529ec76ec053df7,1179,2676,,,bytescale.mobbin.com,f7a1807c1ac98ccf0eecf5078d61346ac9a94ca37a547f5708d580528c9e55c0,/Users/user/mobbin-sides/screen-flows/elevenreader/031-eleven-reader-scanning-text-537ff05c-692d-4db3-90b3-c26607ecb944/002-38a63a3d-f886-4464-834a-25c0f60b3974-downloadableSrc-ac68354fd2fe.webp
537ff05c-692d-4db3-90b3-c26607ecb944,Scanning text,76fa9e1b-337d-4b3a-92cc-ec566f697c8c,Eleven Reader,1c4ca409-7e55-4df0-97f2-301850c24c49,2,3,f94fad0d-1852-400f-8290-4eb30ba24b0f,true,downloadableSrc,200,image/webp,30974,30974,f78869cb4e383afac8cf11766df763c23818b05c8b60d3178bd4afe08aae1b1f,1179,2676,,,bytescale.mobbin.com,f7a1807c1ac98ccf0eecf5078d61346ac9a94ca37a547f5708d580528c9e55c0,/Users/user/mobbin-sides/screen-flows/elevenreader/031-eleven-reader-scanning-text-537ff05c-692d-4db3-90b3-c26607ecb944/003-f94fad0d-1852-400f-8290-4eb30ba24b0f-downloadableSrc-f78869cb4e38.webp
537ff05c-692d-4db3-90b3-c26607ecb944,Scanning text,76fa9e1b-337d-4b3a-92cc-ec566f697c8c,Eleven Reader,1c4ca409-7e55-4df0-97f2-301850c24c49,3,4,8257d256-ce9e-456e-bf21-157f3e807212,true,downloadableSrc,200,image/webp,18734,18734,3f0bb1157a80b0691613b5d08d0aa2e0b23558629d92d16971f6ab037bc81c4d,1179,2676,,,bytescale.mobbin.com,f7a1807c1ac98ccf0eecf5078d61346ac9a94ca37a547f5708d580528c9e55c0,/Users/user/mobbin-sides/screen-flows/elevenreader/031-eleven-reader-scanning-text-537ff05c-692d-4db3-90b3-c26607ecb944/004-8257d256-ce9e-456e-bf21-157f3e807212-downloadableSrc-3f0bb1157a80.webp
537ff05c-692d-4db3-90b3-c26607ecb944,Scanning text,76fa9e1b-337d-4b3a-92cc-ec566f697c8c,Eleven Reader,1c4ca409-7e55-4df0-97f2-301850c24c49,4,5,44bdb009-c5d7-4173-8521-a20c471a7630,true,downloadableSrc,200,image/webp,99832,99832,db2e23b00a8c614aa7ba9f831133b3bc5ce7e4c3adac2da125906f56b39e5ef7,1179,2676,,,bytescale.mobbin.com,f7a1807c1ac98ccf0eecf5078d61346ac9a94ca37a547f5708d580528c9e55c0,/Users/user/mobbin-sides/screen-flows/elevenreader/031-eleven-reader-scanning-text-537ff05c-692d-4db3-90b3-c26607ecb944/005-44bdb009-c5d7-4173-8521-a20c471a7630-downloadableSrc-db2e23b00a8c.webp
537ff05c-692d-4db3-90b3-c26607ecb944,Scanning text,76fa9e1b-337d-4b3a-92cc-ec566f697c8c,Eleven Reader,1c4ca409-7e55-4df0-97f2-301850c24c49,5,6,76fcfa64-8f74-4ccf-bce4-f63c1191080f,true,downloadableSrc,200,image/webp,100350,100350,c03ec3f11ea54f992a76e1c0a6fee92eafc498d4d97229d72fbffcf681746792,1179,2676,,,bytescale.mobbin.com,f7a1807c1ac98ccf0eecf5078d61346ac9a94ca37a547f5708d580528c9e55c0,/Users/user/mobbin-sides/screen-flows/elevenreader/031-eleven-reader-scanning-text-537ff05c-692d-4db3-90b3-c26607ecb944/006-76fcfa64-8f74-4ccf-bce4-f63c1191080f-downloadableSrc-c03ec3f11ea5.webp
dd8ae283-3abd-40a4-9911-3395472ada3d,Library,76fa9e1b-337d-4b3a-92cc-ec566f697c8c,Eleven Reader,1c4ca409-7e55-4df0-97f2-301850c24c49,0,1,67ca761b-e802-41ad-ae8d-77d7f6421130,true,downloadableSrc,200,image/webp,162894,162894,2dacc2d09c0938d2a0bb8273a44a7be9cc1d35d03d989b30322ff500622234ca,1179,2676,,,bytescale.mobbin.com,f7a1807c1ac98ccf0eecf5078d61346ac9a94ca37a547f5708d580528c9e55c0,/Users/user/mobbin-sides/screen-flows/elevenreader/032-eleven-reader-library-dd8ae283-3abd-40a4-9911-3395472ada3d/001-67ca761b-e802-41ad-ae8d-77d7f6421130-downloadableSrc-2dacc2d09c09.webp
dd8ae283-3abd-40a4-9911-3395472ada3d,Library,76fa9e1b-337d-4b3a-92cc-ec566f697c8c,Eleven Reader,1c4ca409-7e55-4df0-97f2-301850c24c49,1,2,b82ee6d1-960d-4a40-b68f-a246a4892fbe,true,downloadableSrc,200,image/webp,47096,47096,813e13cb70f1583933aa36c0da57df57b7133fcff34d9a9b44a7403aef99e54e,1179,2676,,,bytescale.mobbin.com,f7a1807c1ac98ccf0eecf5078d61346ac9a94ca37a547f5708d580528c9e55c0,/Users/user/mobbin-sides/screen-flows/elevenreader/032-eleven-reader-library-dd8ae283-3abd-40a4-9911-3395472ada3d/002-b82ee6d1-960d-4a40-b68f-a246a4892fbe-downloadableSrc-813e13cb70f1.webp
dd8ae283-3abd-40a4-9911-3395472ada3d,Library,76fa9e1b-337d-4b3a-92cc-ec566f697c8c,Eleven Reader,1c4ca409-7e55-4df0-97f2-301850c24c49,2,3,dc86be11-a2a8-4584-a4e3-fd8ab06ccb44,true,downloadableSrc,200,image/webp,124724,124724,244077dad2c1395321dffc05cdb3ea928bb33495956ec82a777d86246d173c62,1179,2676,,,bytescale.mobbin.com,f7a1807c1ac98ccf0eecf5078d61346ac9a94ca37a547f5708d580528c9e55c0,/Users/user/mobbin-sides/screen-flows/elevenreader/032-eleven-reader-library-dd8ae283-3abd-40a4-9911-3395472ada3d/003-dc86be11-a2a8-4584-a4e3-fd8ab06ccb44-downloadableSrc-244077dad2c1.webp
dd8ae283-3abd-40a4-9911-3395472ada3d,Library,76fa9e1b-337d-4b3a-92cc-ec566f697c8c,Eleven Reader,1c4ca409-7e55-4df0-97f2-301850c24c49,3,4,91e8653c-07a9-4aeb-afde-67a203a22d9b,true,downloadableSrc,200,image/webp,52228,52228,bdc53c3561757a8471c1e072e991da1bdde7c954757e0850d975c66e118a2222,1179,2676,,,bytescale.mobbin.com,f7a1807c1ac98ccf0eecf5078d61346ac9a94ca37a547f5708d580528c9e55c0,/Users/user/mobbin-sides/screen-flows/elevenreader/032-eleven-reader-library-dd8ae283-3abd-40a4-9911-3395472ada3d/004-91e8653c-07a9-4aeb-afde-67a203a22d9b-downloadableSrc-bdc53c356175.webp
dd8ae283-3abd-40a4-9911-3395472ada3d,Library,76fa9e1b-337d-4b3a-92cc-ec566f697c8c,Eleven Reader,1c4ca409-7e55-4df0-97f2-301850c24c49,4,5,569b6dc6-5c00-4576-8941-44f8e7b0519b,true,downloadableSrc,200,image/webp,56334,56334,2cba15739eb6b1309d977ce411722d8bb167a7496fac4823525cf1125b87f223,1179,2676,,,bytescale.mobbin.com,f7a1807c1ac98ccf0eecf5078d61346ac9a94ca37a547f5708d580528c9e55c0,/Users/user/mobbin-sides/screen-flows/elevenreader/032-eleven-reader-library-dd8ae283-3abd-40a4-9911-3395472ada3d/005-569b6dc6-5c00-4576-8941-44f8e7b0519b-downloadableSrc-2cba15739eb6.webp
846a5907-d81c-4cd3-b906-65ac74fbad71,Archiving an audiobook,76fa9e1b-337d-4b3a-92cc-ec566f697c8c,Eleven Reader,1c4ca409-7e55-4df0-97f2-301850c24c49,0,1,dc86be11-a2a8-4584-a4e3-fd8ab06ccb44,true,downloadableSrc,200,image/webp,124724,124724,244077dad2c1395321dffc05cdb3ea928bb33495956ec82a777d86246d173c62,1179,2676,,,bytescale.mobbin.com,f7a1807c1ac98ccf0eecf5078d61346ac9a94ca37a547f5708d580528c9e55c0,/Users/user/mobbin-sides/screen-flows/elevenreader/033-eleven-reader-archiving-an-audiobook-846a5907-d81c-4cd3-b906-65ac74fbad71/001-dc86be11-a2a8-4584-a4e3-fd8ab06ccb44-downloadableSrc-244077dad2c1.webp
846a5907-d81c-4cd3-b906-65ac74fbad71,Archiving an audiobook,76fa9e1b-337d-4b3a-92cc-ec566f697c8c,Eleven Reader,1c4ca409-7e55-4df0-97f2-301850c24c49,1,2,b5563b2a-bcbe-43cf-ac1c-fcf90add847c,true,downloadableSrc,200,image/webp,98446,98446,f5859edd50f059b0b08ed4153c3082e7addeb710b29cd3e83248dec3444bf2ab,1180,2676,,,bytescale.mobbin.com,f7a1807c1ac98ccf0eecf5078d61346ac9a94ca37a547f5708d580528c9e55c0,/Users/user/mobbin-sides/screen-flows/elevenreader/033-eleven-reader-archiving-an-audiobook-846a5907-d81c-4cd3-b906-65ac74fbad71/002-b5563b2a-bcbe-43cf-ac1c-fcf90add847c-downloadableSrc-f5859edd50f0.webp
846a5907-d81c-4cd3-b906-65ac74fbad71,Archiving an audiobook,76fa9e1b-337d-4b3a-92cc-ec566f697c8c,Eleven Reader,1c4ca409-7e55-4df0-97f2-301850c24c49,2,3,4615e0ec-f201-4f60-bcfc-1a0d72664725,true,downloadableSrc,200,image/webp,91678,91678,a85d0e4f6e7eac2656f5c65b2d7ebb46e45f1b9a8c460e9ca4999856113342b5,1180,2676,,,bytescale.mobbin.com,f7a1807c1ac98ccf0eecf5078d61346ac9a94ca37a547f5708d580528c9e55c0,/Users/user/mobbin-sides/screen-flows/elevenreader/033-eleven-reader-archiving-an-audiobook-846a5907-d81c-4cd3-b906-65ac74fbad71/003-4615e0ec-f201-4f60-bcfc-1a0d72664725-downloadableSrc-a85d0e4f6e7e.webp
4e406bfe-b0aa-4f75-9653-9c03e13fc66d,Creating a collection,76fa9e1b-337d-4b3a-92cc-ec566f697c8c,Eleven Reader,1c4ca409-7e55-4df0-97f2-301850c24c49,0,1,569b6dc6-5c00-4576-8941-44f8e7b0519b,true,downloadableSrc,200,image/webp,56334,56334,2cba15739eb6b1309d977ce411722d8bb167a7496fac4823525cf1125b87f223,1179,2676,,,bytescale.mobbin.com,f7a1807c1ac98ccf0eecf5078d61346ac9a94ca37a547f5708d580528c9e55c0,/Users/user/mobbin-sides/screen-flows/elevenreader/034-eleven-reader-creating-a-collection-4e406bfe-b0aa-4f75-9653-9c03e13fc66d/001-569b6dc6-5c00-4576-8941-44f8e7b0519b-downloadableSrc-2cba15739eb6.webp
4e406bfe-b0aa-4f75-9653-9c03e13fc66d,Creating a collection,76fa9e1b-337d-4b3a-92cc-ec566f697c8c,Eleven Reader,1c4ca409-7e55-4df0-97f2-301850c24c49,1,2,14c9212c-2341-4da0-a009-2e70b953a2f9,true,downloadableSrc,200,image/webp,70932,70932,1d7686f52f378224031c109c2879e3f295ee2a51a5eca3b046b2beab612fa3d9,1179,2676,,,bytescale.mobbin.com,f7a1807c1ac98ccf0eecf5078d61346ac9a94ca37a547f5708d580528c9e55c0,/Users/user/mobbin-sides/screen-flows/elevenreader/034-eleven-reader-creating-a-collection-4e406bfe-b0aa-4f75-9653-9c03e13fc66d/002-14c9212c-2341-4da0-a009-2e70b953a2f9-downloadableSrc-1d7686f52f37.webp
4e406bfe-b0aa-4f75-9653-9c03e13fc66d,Creating a collection,76fa9e1b-337d-4b3a-92cc-ec566f697c8c,Eleven Reader,1c4ca409-7e55-4df0-97f2-301850c24c49,2,3,6e07340a-ddee-4a56-8acb-5898cb978663,true,downloadableSrc,200,image/webp,71960,71960,95b5a9b86b0aad056ae89ca096f9513343cfb07f02029f79f5818901af4df85f,1179,2676,,,bytescale.mobbin.com,f7a1807c1ac98ccf0eecf5078d61346ac9a94ca37a547f5708d580528c9e55c0,/Users/user/mobbin-sides/screen-flows/elevenreader/034-eleven-reader-creating-a-collection-4e406bfe-b0aa-4f75-9653-9c03e13fc66d/003-6e07340a-ddee-4a56-8acb-5898cb978663-downloadableSrc-95b5a9b86b0a.webp
4e406bfe-b0aa-4f75-9653-9c03e13fc66d,Creating a collection,76fa9e1b-337d-4b3a-92cc-ec566f697c8c,Eleven Reader,1c4ca409-7e55-4df0-97f2-301850c24c49,3,4,1c189133-4f8c-40bb-939e-43bd63a645c4,true,downloadableSrc,200,image/webp,72002,72002,b5da251907db40cd7549808878063e621b5d533c58b25ccfb68bfe314631f21a,1179,2676,,,bytescale.mobbin.com,f7a1807c1ac98ccf0eecf5078d61346ac9a94ca37a547f5708d580528c9e55c0,/Users/user/mobbin-sides/screen-flows/elevenreader/034-eleven-reader-creating-a-collection-4e406bfe-b0aa-4f75-9653-9c03e13fc66d/004-1c189133-4f8c-40bb-939e-43bd63a645c4-downloadableSrc-b5da251907db.webp
4e406bfe-b0aa-4f75-9653-9c03e13fc66d,Creating a collection,76fa9e1b-337d-4b3a-92cc-ec566f697c8c,Eleven Reader,1c4ca409-7e55-4df0-97f2-301850c24c49,4,5,5acd1b7e-2660-4d8b-a2f7-a137fe137770,true,downloadableSrc,200,image/webp,109590,109590,bab5b1c1fb6a3e73d4c06d523e5076d388a5a3f20a9a6f289725570bb32b4a03,1179,2676,,,bytescale.mobbin.com,f7a1807c1ac98ccf0eecf5078d61346ac9a94ca37a547f5708d580528c9e55c0,/Users/user/mobbin-sides/screen-flows/elevenreader/034-eleven-reader-creating-a-collection-4e406bfe-b0aa-4f75-9653-9c03e13fc66d/005-5acd1b7e-2660-4d8b-a2f7-a137fe137770-downloadableSrc-bab5b1c1fb6a.webp
6e7bb196-2ee9-468c-83e4-9a0c054b1fdf,Adding to collection (library),76fa9e1b-337d-4b3a-92cc-ec566f697c8c,Eleven Reader,1c4ca409-7e55-4df0-97f2-301850c24c49,0,1,5acd1b7e-2660-4d8b-a2f7-a137fe137770,true,downloadableSrc,200,image/webp,109590,109590,bab5b1c1fb6a3e73d4c06d523e5076d388a5a3f20a9a6f289725570bb32b4a03,1179,2676,,,bytescale.mobbin.com,f7a1807c1ac98ccf0eecf5078d61346ac9a94ca37a547f5708d580528c9e55c0,/Users/user/mobbin-sides/screen-flows/elevenreader/035-eleven-reader-adding-to-collection-library-6e7bb196-2ee9-468c-83e4-9a0c054b1fdf/001-5acd1b7e-2660-4d8b-a2f7-a137fe137770-downloadableSrc-bab5b1c1fb6a.webp
6e7bb196-2ee9-468c-83e4-9a0c054b1fdf,Adding to collection (library),76fa9e1b-337d-4b3a-92cc-ec566f697c8c,Eleven Reader,1c4ca409-7e55-4df0-97f2-301850c24c49,1,2,662e9c92-6dae-4449-aebf-dcafbb3c1ad0,true,downloadableSrc,200,image/webp,92378,92378,7066481bd0c1daaea0d3579149754a89c7f722c8807eef5e878a7b54d3aa8729,1179,2676,,,bytescale.mobbin.com,f7a1807c1ac98ccf0eecf5078d61346ac9a94ca37a547f5708d580528c9e55c0,/Users/user/mobbin-sides/screen-flows/elevenreader/035-eleven-reader-adding-to-collection-library-6e7bb196-2ee9-468c-83e4-9a0c054b1fdf/002-662e9c92-6dae-4449-aebf-dcafbb3c1ad0-downloadableSrc-7066481bd0c1.webp
6e7bb196-2ee9-468c-83e4-9a0c054b1fdf,Adding to collection (library),76fa9e1b-337d-4b3a-92cc-ec566f697c8c,Eleven Reader,1c4ca409-7e55-4df0-97f2-301850c24c49,2,3,65a917c0-9c65-4454-a73f-4ac9152b784e,true,downloadableSrc,200,image/webp,80228,80228,084534187ee2bed515c702234079dba2923295a5a313ace15e8c4ddf36b2c987,1179,2676,,,bytescale.mobbin.com,f7a1807c1ac98ccf0eecf5078d61346ac9a94ca37a547f5708d580528c9e55c0,/Users/user/mobbin-sides/screen-flows/elevenreader/035-eleven-reader-adding-to-collection-library-6e7bb196-2ee9-468c-83e4-9a0c054b1fdf/003-65a917c0-9c65-4454-a73f-4ac9152b784e-downloadableSrc-084534187ee2.webp
6e7bb196-2ee9-468c-83e4-9a0c054b1fdf,Adding to collection (library),76fa9e1b-337d-4b3a-92cc-ec566f697c8c,Eleven Reader,1c4ca409-7e55-4df0-97f2-301850c24c49,3,4,bfc294e4-c295-413f-a5bf-d640c3350c7e,true,downloadableSrc,200,image/webp,42880,42880,79fe3d14ff5dc3086fdf39c0cc6b92f0622800d308c53303cdebb793afe49ca5,1179,2676,,,bytescale.mobbin.com,f7a1807c1ac98ccf0eecf5078d61346ac9a94ca37a547f5708d580528c9e55c0,/Users/user/mobbin-sides/screen-flows/elevenreader/035-eleven-reader-adding-to-collection-library-6e7bb196-2ee9-468c-83e4-9a0c054b1fdf/004-bfc294e4-c295-413f-a5bf-d640c3350c7e-downloadableSrc-79fe3d14ff5d.webp
7e7567cf-95b5-4c36-939b-f463f5d178ce,Collection detail,76fa9e1b-337d-4b3a-92cc-ec566f697c8c,Eleven Reader,1c4ca409-7e55-4df0-97f2-301850c24c49,0,1,569b6dc6-5c00-4576-8941-44f8e7b0519b,true,downloadableSrc,200,image/webp,56334,56334,2cba15739eb6b1309d977ce411722d8bb167a7496fac4823525cf1125b87f223,1179,2676,,,bytescale.mobbin.com,f7a1807c1ac98ccf0eecf5078d61346ac9a94ca37a547f5708d580528c9e55c0,/Users/user/mobbin-sides/screen-flows/elevenreader/036-eleven-reader-collection-detail-7e7567cf-95b5-4c36-939b-f463f5d178ce/001-569b6dc6-5c00-4576-8941-44f8e7b0519b-downloadableSrc-2cba15739eb6.webp
7e7567cf-95b5-4c36-939b-f463f5d178ce,Collection detail,76fa9e1b-337d-4b3a-92cc-ec566f697c8c,Eleven Reader,1c4ca409-7e55-4df0-97f2-301850c24c49,1,2,de064cf8-2a53-4eac-a863-2babfb4a845e,true,downloadableSrc,200,image/webp,45242,45242,37e99c9499d146849a680bfb52922902830541abbbcbfff0c7fa3c87cae42548,1179,2676,,,bytescale.mobbin.com,f7a1807c1ac98ccf0eecf5078d61346ac9a94ca37a547f5708d580528c9e55c0,/Users/user/mobbin-sides/screen-flows/elevenreader/036-eleven-reader-collection-detail-7e7567cf-95b5-4c36-939b-f463f5d178ce/002-de064cf8-2a53-4eac-a863-2babfb4a845e-downloadableSrc-37e99c9499d1.webp
b66b0293-8377-45ee-b371-33d71a5cb211,Downloaded,76fa9e1b-337d-4b3a-92cc-ec566f697c8c,Eleven Reader,1c4ca409-7e55-4df0-97f2-301850c24c49,0,1,569b6dc6-5c00-4576-8941-44f8e7b0519b,true,downloadableSrc,200,image/webp,56334,56334,2cba15739eb6b1309d977ce411722d8bb167a7496fac4823525cf1125b87f223,1179,2676,,,bytescale.mobbin.com,f7a1807c1ac98ccf0eecf5078d61346ac9a94ca37a547f5708d580528c9e55c0,/Users/user/mobbin-sides/screen-flows/elevenreader/037-eleven-reader-downloaded-b66b0293-8377-45ee-b371-33d71a5cb211/001-569b6dc6-5c00-4576-8941-44f8e7b0519b-downloadableSrc-2cba15739eb6.webp
b66b0293-8377-45ee-b371-33d71a5cb211,Downloaded,76fa9e1b-337d-4b3a-92cc-ec566f697c8c,Eleven Reader,1c4ca409-7e55-4df0-97f2-301850c24c49,1,2,36d3b8e0-5f62-42d6-b66d-0a9fd7c30f4b,true,downloadableSrc,200,image/webp,76714,76714,9315a8f9cfad1b5791c162d7c26690c13c95e72c2aebf30a95498901437c25d6,1179,2676,,,bytescale.mobbin.com,f7a1807c1ac98ccf0eecf5078d61346ac9a94ca37a547f5708d580528c9e55c0,/Users/user/mobbin-sides/screen-flows/elevenreader/037-eleven-reader-downloaded-b66b0293-8377-45ee-b371-33d71a5cb211/002-36d3b8e0-5f62-42d6-b66d-0a9fd7c30f4b-downloadableSrc-9315a8f9cfad.webp
b66b0293-8377-45ee-b371-33d71a5cb211,Downloaded,76fa9e1b-337d-4b3a-92cc-ec566f697c8c,Eleven Reader,1c4ca409-7e55-4df0-97f2-301850c24c49,2,3,285ab374-e353-4215-8c15-59c2406ce899,true,downloadableSrc,200,image/webp,43816,43816,ff29672198d45fe6e746ea26f0f96c0ab4c5a9cd25125d698fea497c8a73e0cc,1179,2676,,,bytescale.mobbin.com,f7a1807c1ac98ccf0eecf5078d61346ac9a94ca37a547f5708d580528c9e55c0,/Users/user/mobbin-sides/screen-flows/elevenreader/037-eleven-reader-downloaded-b66b0293-8377-45ee-b371-33d71a5cb211/003-285ab374-e353-4215-8c15-59c2406ce899-downloadableSrc-ff29672198d4.webp
4033b91f-34e8-41c5-a498-3cff68c84e30,Sorting a library,76fa9e1b-337d-4b3a-92cc-ec566f697c8c,Eleven Reader,1c4ca409-7e55-4df0-97f2-301850c24c49,0,1,dc86be11-a2a8-4584-a4e3-fd8ab06ccb44,true,downloadableSrc,200,image/webp,124724,124724,244077dad2c1395321dffc05cdb3ea928bb33495956ec82a777d86246d173c62,1179,2676,,,bytescale.mobbin.com,f7a1807c1ac98ccf0eecf5078d61346ac9a94ca37a547f5708d580528c9e55c0,/Users/user/mobbin-sides/screen-flows/elevenreader/038-eleven-reader-sorting-a-library-4033b91f-34e8-41c5-a498-3cff68c84e30/001-dc86be11-a2a8-4584-a4e3-fd8ab06ccb44-downloadableSrc-244077dad2c1.webp
4033b91f-34e8-41c5-a498-3cff68c84e30,Sorting a library,76fa9e1b-337d-4b3a-92cc-ec566f697c8c,Eleven Reader,1c4ca409-7e55-4df0-97f2-301850c24c49,1,2,f9c6c6b0-25c3-4786-945d-aac018c4a70e,true,downloadableSrc,200,image/webp,109238,109238,f7922f1b170fa0639929d9262e040e96c6465a7ba98037f79b616281746ef5ec,1179,2676,,,bytescale.mobbin.com,f7a1807c1ac98ccf0eecf5078d61346ac9a94ca37a547f5708d580528c9e55c0,/Users/user/mobbin-sides/screen-flows/elevenreader/038-eleven-reader-sorting-a-library-4033b91f-34e8-41c5-a498-3cff68c84e30/002-f9c6c6b0-25c3-4786-945d-aac018c4a70e-downloadableSrc-f7922f1b170f.webp
4033b91f-34e8-41c5-a498-3cff68c84e30,Sorting a library,76fa9e1b-337d-4b3a-92cc-ec566f697c8c,Eleven Reader,1c4ca409-7e55-4df0-97f2-301850c24c49,2,3,4615e0ec-f201-4f60-bcfc-1a0d72664725,true,downloadableSrc,200,image/webp,91678,91678,a85d0e4f6e7eac2656f5c65b2d7ebb46e45f1b9a8c460e9ca4999856113342b5,1180,2676,,,bytescale.mobbin.com,f7a1807c1ac98ccf0eecf5078d61346ac9a94ca37a547f5708d580528c9e55c0,/Users/user/mobbin-sides/screen-flows/elevenreader/038-eleven-reader-sorting-a-library-4033b91f-34e8-41c5-a498-3cff68c84e30/003-4615e0ec-f201-4f60-bcfc-1a0d72664725-downloadableSrc-a85d0e4f6e7e.webp
8bcea781-0a56-4699-8f71-00520e93c31c,Voices,76fa9e1b-337d-4b3a-92cc-ec566f697c8c,Eleven Reader,1c4ca409-7e55-4df0-97f2-301850c24c49,0,1,67ca761b-e802-41ad-ae8d-77d7f6421130,true,downloadableSrc,200,image/webp,162894,162894,2dacc2d09c0938d2a0bb8273a44a7be9cc1d35d03d989b30322ff500622234ca,1179,2676,,,bytescale.mobbin.com,f7a1807c1ac98ccf0eecf5078d61346ac9a94ca37a547f5708d580528c9e55c0,/Users/user/mobbin-sides/screen-flows/elevenreader/039-eleven-reader-voices-8bcea781-0a56-4699-8f71-00520e93c31c/001-67ca761b-e802-41ad-ae8d-77d7f6421130-downloadableSrc-2dacc2d09c09.webp
8bcea781-0a56-4699-8f71-00520e93c31c,Voices,76fa9e1b-337d-4b3a-92cc-ec566f697c8c,Eleven Reader,1c4ca409-7e55-4df0-97f2-301850c24c49,1,2,99a5eff3-6073-4888-8d26-b07f6915202b,true,downloadableSrc,200,image/webp,138706,138706,29c1441e97f12028a9927f31b247de53e5759f253c9885cffea3b26180808cb0,1179,2676,,,bytescale.mobbin.com,f7a1807c1ac98ccf0eecf5078d61346ac9a94ca37a547f5708d580528c9e55c0,/Users/user/mobbin-sides/screen-flows/elevenreader/039-eleven-reader-voices-8bcea781-0a56-4699-8f71-00520e93c31c/002-99a5eff3-6073-4888-8d26-b07f6915202b-downloadableSrc-29c1441e97f1.webp
8bcea781-0a56-4699-8f71-00520e93c31c,Voices,76fa9e1b-337d-4b3a-92cc-ec566f697c8c,Eleven Reader,1c4ca409-7e55-4df0-97f2-301850c24c49,2,3,e8ff1817-61bb-4622-9ef8-d7fed852e405,true,downloadableSrc,200,image/webp,47522,47522,42faef9fb5fc1f3c5fd86d4b8d20529580ec92cfe0de3e07534c98ed0d6a7ac5,1179,2676,,,bytescale.mobbin.com,f7a1807c1ac98ccf0eecf5078d61346ac9a94ca37a547f5708d580528c9e55c0,/Users/user/mobbin-sides/screen-flows/elevenreader/039-eleven-reader-voices-8bcea781-0a56-4699-8f71-00520e93c31c/003-e8ff1817-61bb-4622-9ef8-d7fed852e405-downloadableSrc-42faef9fb5fc.webp
8bcea781-0a56-4699-8f71-00520e93c31c,Voices,76fa9e1b-337d-4b3a-92cc-ec566f697c8c,Eleven Reader,1c4ca409-7e55-4df0-97f2-301850c24c49,3,4,0284a832-fa4e-4662-bd1c-01ce66eca82b,true,downloadableSrc,200,image/webp,138712,138712,a4e8208d22085baee9255c5ad84594fba2ab1abefba8f7082694ffb03d598815,1179,2676,,,bytescale.mobbin.com,f7a1807c1ac98ccf0eecf5078d61346ac9a94ca37a547f5708d580528c9e55c0,/Users/user/mobbin-sides/screen-flows/elevenreader/039-eleven-reader-voices-8bcea781-0a56-4699-8f71-00520e93c31c/004-0284a832-fa4e-4662-bd1c-01ce66eca82b-downloadableSrc-a4e8208d2208.webp
8bcea781-0a56-4699-8f71-00520e93c31c,Voices,76fa9e1b-337d-4b3a-92cc-ec566f697c8c,Eleven Reader,1c4ca409-7e55-4df0-97f2-301850c24c49,4,5,2be7f0ed-614f-49ab-9b33-e32a3652c476,true,downloadableSrc,200,image/webp,35582,35582,1fe2bf3e3403ac1af62870ab886c8bf5371bbd5c41a5fcd56721140711394f67,1179,2676,,,bytescale.mobbin.com,f7a1807c1ac98ccf0eecf5078d61346ac9a94ca37a547f5708d580528c9e55c0,/Users/user/mobbin-sides/screen-flows/elevenreader/039-eleven-reader-voices-8bcea781-0a56-4699-8f71-00520e93c31c/005-2be7f0ed-614f-49ab-9b33-e32a3652c476-downloadableSrc-1fe2bf3e3403.webp
30e1de2c-ef19-4cad-aec9-e93e8ab413bb,Explore (voices),76fa9e1b-337d-4b3a-92cc-ec566f697c8c,Eleven Reader,1c4ca409-7e55-4df0-97f2-301850c24c49,0,1,99a5eff3-6073-4888-8d26-b07f6915202b,true,downloadableSrc,200,image/webp,138706,138706,29c1441e97f12028a9927f31b247de53e5759f253c9885cffea3b26180808cb0,1179,2676,,,bytescale.mobbin.com,f7a1807c1ac98ccf0eecf5078d61346ac9a94ca37a547f5708d580528c9e55c0,/Users/user/mobbin-sides/screen-flows/elevenreader/040-eleven-reader-explore-voices-30e1de2c-ef19-4cad-aec9-e93e8ab413bb/001-99a5eff3-6073-4888-8d26-b07f6915202b-downloadableSrc-29c1441e97f1.webp
30e1de2c-ef19-4cad-aec9-e93e8ab413bb,Explore (voices),76fa9e1b-337d-4b3a-92cc-ec566f697c8c,Eleven Reader,1c4ca409-7e55-4df0-97f2-301850c24c49,1,2,98f97bde-5aad-4392-8e96-a4a26206f7c6,true,downloadableSrc,200,image/webp,155994,155994,2dc57128b4c97a344b549397b209f02b7082e1dc1b9001b4398411387f10e9ff,1179,2676,,,bytescale.mobbin.com,f7a1807c1ac98ccf0eecf5078d61346ac9a94ca37a547f5708d580528c9e55c0,/Users/user/mobbin-sides/screen-flows/elevenreader/040-eleven-reader-explore-voices-30e1de2c-ef19-4cad-aec9-e93e8ab413bb/002-98f97bde-5aad-4392-8e96-a4a26206f7c6-downloadableSrc-2dc57128b4c9.webp
30e1de2c-ef19-4cad-aec9-e93e8ab413bb,Explore (voices),76fa9e1b-337d-4b3a-92cc-ec566f697c8c,Eleven Reader,1c4ca409-7e55-4df0-97f2-301850c24c49,2,3,fb88a49f-21c1-4674-8dfb-f308ecb36e48,true,downloadableSrc,200,image/webp,111362,111362,fb278cc4a0407b58f8f0fc5eba5c299e4b2dd7e3fa6564f194a6f54c55b0fc79,1179,2676,,,bytescale.mobbin.com,f7a1807c1ac98ccf0eecf5078d61346ac9a94ca37a547f5708d580528c9e55c0,/Users/user/mobbin-sides/screen-flows/elevenreader/040-eleven-reader-explore-voices-30e1de2c-ef19-4cad-aec9-e93e8ab413bb/003-fb88a49f-21c1-4674-8dfb-f308ecb36e48-downloadableSrc-fb278cc4a040.webp
30e1de2c-ef19-4cad-aec9-e93e8ab413bb,Explore (voices),76fa9e1b-337d-4b3a-92cc-ec566f697c8c,Eleven Reader,1c4ca409-7e55-4df0-97f2-301850c24c49,3,4,915c785d-89df-4af7-badf-9ecf58290ad6,true,downloadableSrc,200,image/webp,100660,100660,3df5e2ccfcb2fae6ec976d8730656958de04ffd387fdd61297eea4340244e85d,1179,2676,,,bytescale.mobbin.com,f7a1807c1ac98ccf0eecf5078d61346ac9a94ca37a547f5708d580528c9e55c0,/Users/user/mobbin-sides/screen-flows/elevenreader/040-eleven-reader-explore-voices-30e1de2c-ef19-4cad-aec9-e93e8ab413bb/004-915c785d-89df-4af7-badf-9ecf58290ad6-downloadableSrc-3df5e2ccfcb2.webp
3388fe05-c6df-4714-94d3-acfe9513ffe9,Listening to a voice,76fa9e1b-337d-4b3a-92cc-ec566f697c8c,Eleven Reader,1c4ca409-7e55-4df0-97f2-301850c24c49,0,1,99a5eff3-6073-4888-8d26-b07f6915202b,true,downloadableSrc,200,image/webp,138706,138706,29c1441e97f12028a9927f31b247de53e5759f253c9885cffea3b26180808cb0,1179,2676,,,bytescale.mobbin.com,f7a1807c1ac98ccf0eecf5078d61346ac9a94ca37a547f5708d580528c9e55c0,/Users/user/mobbin-sides/screen-flows/elevenreader/041-eleven-reader-listening-to-a-voice-3388fe05-c6df-4714-94d3-acfe9513ffe9/001-99a5eff3-6073-4888-8d26-b07f6915202b-downloadableSrc-29c1441e97f1.webp
3388fe05-c6df-4714-94d3-acfe9513ffe9,Listening to a voice,76fa9e1b-337d-4b3a-92cc-ec566f697c8c,Eleven Reader,1c4ca409-7e55-4df0-97f2-301850c24c49,1,2,fef921c6-fbeb-4c76-aa96-2ece9f4a30d0,true,downloadableSrc,200,image/webp,138528,138528,a14cf7ed27836eebcbfa9878f65c3c1b758159ee959364efd9cc92882ac51f52,1179,2676,,,bytescale.mobbin.com,f7a1807c1ac98ccf0eecf5078d61346ac9a94ca37a547f5708d580528c9e55c0,/Users/user/mobbin-sides/screen-flows/elevenreader/041-eleven-reader-listening-to-a-voice-3388fe05-c6df-4714-94d3-acfe9513ffe9/002-fef921c6-fbeb-4c76-aa96-2ece9f4a30d0-downloadableSrc-a14cf7ed2783.webp
4ed0bb36-5898-489d-9fe6-8b38b8883c2c,Favoriting a voice,76fa9e1b-337d-4b3a-92cc-ec566f697c8c,Eleven Reader,1c4ca409-7e55-4df0-97f2-301850c24c49,0,1,99a5eff3-6073-4888-8d26-b07f6915202b,true,downloadableSrc,200,image/webp,138706,138706,29c1441e97f12028a9927f31b247de53e5759f253c9885cffea3b26180808cb0,1179,2676,,,bytescale.mobbin.com,f7a1807c1ac98ccf0eecf5078d61346ac9a94ca37a547f5708d580528c9e55c0,/Users/user/mobbin-sides/screen-flows/elevenreader/042-eleven-reader-favoriting-a-voice-4ed0bb36-5898-489d-9fe6-8b38b8883c2c/001-99a5eff3-6073-4888-8d26-b07f6915202b-downloadableSrc-29c1441e97f1.webp
4ed0bb36-5898-489d-9fe6-8b38b8883c2c,Favoriting a voice,76fa9e1b-337d-4b3a-92cc-ec566f697c8c,Eleven Reader,1c4ca409-7e55-4df0-97f2-301850c24c49,1,2,85af46b1-6436-4572-a708-3ee74292bedd,true,downloadableSrc,200,image/webp,138594,138594,ebbfb41a18c2f85cd71707550cae7159738109e957a88cc56846cdc4013ca2f6,1179,2676,,,bytescale.mobbin.com,f7a1807c1ac98ccf0eecf5078d61346ac9a94ca37a547f5708d580528c9e55c0,/Users/user/mobbin-sides/screen-flows/elevenreader/042-eleven-reader-favoriting-a-voice-4ed0bb36-5898-489d-9fe6-8b38b8883c2c/002-85af46b1-6436-4572-a708-3ee74292bedd-downloadableSrc-ebbfb41a18c2.webp
ef20d0a7-d490-4e7d-b69d-bcce845c8673,Filtering voices,76fa9e1b-337d-4b3a-92cc-ec566f697c8c,Eleven Reader,1c4ca409-7e55-4df0-97f2-301850c24c49,0,1,99a5eff3-6073-4888-8d26-b07f6915202b,true,downloadableSrc,200,image/webp,138706,138706,29c1441e97f12028a9927f31b247de53e5759f253c9885cffea3b26180808cb0,1179,2676,,,bytescale.mobbin.com,f7a1807c1ac98ccf0eecf5078d61346ac9a94ca37a547f5708d580528c9e55c0,/Users/user/mobbin-sides/screen-flows/elevenreader/043-eleven-reader-filtering-voices-ef20d0a7-d490-4e7d-b69d-bcce845c8673/001-99a5eff3-6073-4888-8d26-b07f6915202b-downloadableSrc-29c1441e97f1.webp
ef20d0a7-d490-4e7d-b69d-bcce845c8673,Filtering voices,76fa9e1b-337d-4b3a-92cc-ec566f697c8c,Eleven Reader,1c4ca409-7e55-4df0-97f2-301850c24c49,1,2,2cdee2fa-3fbc-4bed-87f1-9429dfdd976c,true,downloadableSrc,200,image/webp,61898,61898,8b87d9c4fcd33cabd4eb3f856a137b016a6fe3e04f4d5ef037bff66c5ff348b9,1179,2676,,,bytescale.mobbin.com,f7a1807c1ac98ccf0eecf5078d61346ac9a94ca37a547f5708d580528c9e55c0,/Users/user/mobbin-sides/screen-flows/elevenreader/043-eleven-reader-filtering-voices-ef20d0a7-d490-4e7d-b69d-bcce845c8673/002-2cdee2fa-3fbc-4bed-87f1-9429dfdd976c-downloadableSrc-8b87d9c4fcd3.webp
ef20d0a7-d490-4e7d-b69d-bcce845c8673,Filtering voices,76fa9e1b-337d-4b3a-92cc-ec566f697c8c,Eleven Reader,1c4ca409-7e55-4df0-97f2-301850c24c49,2,3,c4a57ea4-3aa2-42fd-a521-b5587e088262,true,downloadableSrc,200,image/webp,37788,37788,92310c8cb6d4b7b16bbbe6d88bb03ac27fccb6ca6f197722111f0be31ace46a0,1179,2676,,,bytescale.mobbin.com,f7a1807c1ac98ccf0eecf5078d61346ac9a94ca37a547f5708d580528c9e55c0,/Users/user/mobbin-sides/screen-flows/elevenreader/043-eleven-reader-filtering-voices-ef20d0a7-d490-4e7d-b69d-bcce845c8673/003-c4a57ea4-3aa2-42fd-a521-b5587e088262-downloadableSrc-92310c8cb6d4.webp
ef20d0a7-d490-4e7d-b69d-bcce845c8673,Filtering voices,76fa9e1b-337d-4b3a-92cc-ec566f697c8c,Eleven Reader,1c4ca409-7e55-4df0-97f2-301850c24c49,3,4,36de6d24-c52b-4bec-b0f4-1a28b77a3e46,true,downloadableSrc,200,image/webp,62376,62376,826292953164e2970d203a6dcdd4934b895075a5ed4961dc6f14ab09a757d115,1179,2676,,,bytescale.mobbin.com,f7a1807c1ac98ccf0eecf5078d61346ac9a94ca37a547f5708d580528c9e55c0,/Users/user/mobbin-sides/screen-flows/elevenreader/043-eleven-reader-filtering-voices-ef20d0a7-d490-4e7d-b69d-bcce845c8673/004-36de6d24-c52b-4bec-b0f4-1a28b77a3e46-downloadableSrc-826292953164.webp
ef20d0a7-d490-4e7d-b69d-bcce845c8673,Filtering voices,76fa9e1b-337d-4b3a-92cc-ec566f697c8c,Eleven Reader,1c4ca409-7e55-4df0-97f2-301850c24c49,4,5,a2f3dd58-2dc2-48e5-8ef4-27fa6aa75f43,true,downloadableSrc,200,image/webp,95860,95860,00c10fbbb3ba69047b54fbbd44ebfb808d266d071e063cdb94f2659385542cf4,1179,2676,,,bytescale.mobbin.com,f7a1807c1ac98ccf0eecf5078d61346ac9a94ca37a547f5708d580528c9e55c0,/Users/user/mobbin-sides/screen-flows/elevenreader/043-eleven-reader-filtering-voices-ef20d0a7-d490-4e7d-b69d-bcce845c8673/005-a2f3dd58-2dc2-48e5-8ef4-27fa6aa75f43-downloadableSrc-00c10fbbb3ba.webp
90fdb1b9-283a-4e83-bbb4-c06df1dfb05b,Creating a voice,76fa9e1b-337d-4b3a-92cc-ec566f697c8c,Eleven Reader,1c4ca409-7e55-4df0-97f2-301850c24c49,0,1,99a5eff3-6073-4888-8d26-b07f6915202b,true,downloadableSrc,200,image/webp,138706,138706,29c1441e97f12028a9927f31b247de53e5759f253c9885cffea3b26180808cb0,1179,2676,,,bytescale.mobbin.com,f7a1807c1ac98ccf0eecf5078d61346ac9a94ca37a547f5708d580528c9e55c0,/Users/user/mobbin-sides/screen-flows/elevenreader/044-eleven-reader-creating-a-voice-90fdb1b9-283a-4e83-bbb4-c06df1dfb05b/001-99a5eff3-6073-4888-8d26-b07f6915202b-downloadableSrc-29c1441e97f1.webp
90fdb1b9-283a-4e83-bbb4-c06df1dfb05b,Creating a voice,76fa9e1b-337d-4b3a-92cc-ec566f697c8c,Eleven Reader,1c4ca409-7e55-4df0-97f2-301850c24c49,1,2,385b73d3-7930-4771-96e6-6cfec811d743,true,downloadableSrc,200,image/webp,59696,59696,62bfaa2be88b317d4f220dca0c439c9ff08702ebe9842a59d2e929eb50186f86,1179,2676,,,bytescale.mobbin.com,f7a1807c1ac98ccf0eecf5078d61346ac9a94ca37a547f5708d580528c9e55c0,/Users/user/mobbin-sides/screen-flows/elevenreader/044-eleven-reader-creating-a-voice-90fdb1b9-283a-4e83-bbb4-c06df1dfb05b/002-385b73d3-7930-4771-96e6-6cfec811d743-downloadableSrc-62bfaa2be88b.webp
90fdb1b9-283a-4e83-bbb4-c06df1dfb05b,Creating a voice,76fa9e1b-337d-4b3a-92cc-ec566f697c8c,Eleven Reader,1c4ca409-7e55-4df0-97f2-301850c24c49,2,3,e957040a-46c5-45f5-8d4b-5b97f667dc53,true,downloadableSrc,200,image/webp,50548,50548,621503d787185b7ce9ac0637fe5cf0e64a2d4250ec440b2af352fa6734e0290e,1179,2676,,,bytescale.mobbin.com,f7a1807c1ac98ccf0eecf5078d61346ac9a94ca37a547f5708d580528c9e55c0,/Users/user/mobbin-sides/screen-flows/elevenreader/044-eleven-reader-creating-a-voice-90fdb1b9-283a-4e83-bbb4-c06df1dfb05b/003-e957040a-46c5-45f5-8d4b-5b97f667dc53-downloadableSrc-621503d78718.webp
90fdb1b9-283a-4e83-bbb4-c06df1dfb05b,Creating a voice,76fa9e1b-337d-4b3a-92cc-ec566f697c8c,Eleven Reader,1c4ca409-7e55-4df0-97f2-301850c24c49,3,4,b649f6fa-a380-4103-bd95-14cf4e86dc03,true,downloadableSrc,200,image/webp,24124,24124,300215241d5eb00deb59f40971494a3c5be790e6198fb49c5b422a51ccc7de01,1180,2676,,,bytescale.mobbin.com,f7a1807c1ac98ccf0eecf5078d61346ac9a94ca37a547f5708d580528c9e55c0,/Users/user/mobbin-sides/screen-flows/elevenreader/044-eleven-reader-creating-a-voice-90fdb1b9-283a-4e83-bbb4-c06df1dfb05b/004-b649f6fa-a380-4103-bd95-14cf4e86dc03-downloadableSrc-300215241d5e.webp
90fdb1b9-283a-4e83-bbb4-c06df1dfb05b,Creating a voice,76fa9e1b-337d-4b3a-92cc-ec566f697c8c,Eleven Reader,1c4ca409-7e55-4df0-97f2-301850c24c49,4,5,3574f05c-2f53-4d24-bc42-421b2f1b96dc,true,downloadableSrc,200,image/webp,31532,31532,641876f55ff4239cff7e74e1a3d65755b5587eb9044cb840303b82640cb9a961,1180,2676,,,bytescale.mobbin.com,f7a1807c1ac98ccf0eecf5078d61346ac9a94ca37a547f5708d580528c9e55c0,/Users/user/mobbin-sides/screen-flows/elevenreader/044-eleven-reader-creating-a-voice-90fdb1b9-283a-4e83-bbb4-c06df1dfb05b/005-3574f05c-2f53-4d24-bc42-421b2f1b96dc-downloadableSrc-641876f55ff4.webp
90fdb1b9-283a-4e83-bbb4-c06df1dfb05b,Creating a voice,76fa9e1b-337d-4b3a-92cc-ec566f697c8c,Eleven Reader,1c4ca409-7e55-4df0-97f2-301850c24c49,5,6,a3c5325f-a4b7-484e-b97a-cab6cfe7d2da,true,downloadableSrc,200,image/webp,31856,31856,29d5609caa786e2c6d205f9bd202b845f78a398c772ab3922ec64119448a1bd1,1180,2676,,,bytescale.mobbin.com,f7a1807c1ac98ccf0eecf5078d61346ac9a94ca37a547f5708d580528c9e55c0,/Users/user/mobbin-sides/screen-flows/elevenreader/044-eleven-reader-creating-a-voice-90fdb1b9-283a-4e83-bbb4-c06df1dfb05b/006-a3c5325f-a4b7-484e-b97a-cab6cfe7d2da-downloadableSrc-29d5609caa78.webp
90fdb1b9-283a-4e83-bbb4-c06df1dfb05b,Creating a voice,76fa9e1b-337d-4b3a-92cc-ec566f697c8c,Eleven Reader,1c4ca409-7e55-4df0-97f2-301850c24c49,6,7,fb17c20c-82c9-467b-8d64-8032549d823e,true,downloadableSrc,200,image/webp,28336,28336,82818ce55bf5d45cbf0bc4b9c6a4342fc0858e700bab0654adf9499614fd8677,1180,2676,,,bytescale.mobbin.com,f7a1807c1ac98ccf0eecf5078d61346ac9a94ca37a547f5708d580528c9e55c0,/Users/user/mobbin-sides/screen-flows/elevenreader/044-eleven-reader-creating-a-voice-90fdb1b9-283a-4e83-bbb4-c06df1dfb05b/007-fb17c20c-82c9-467b-8d64-8032549d823e-downloadableSrc-82818ce55bf5.webp
90fdb1b9-283a-4e83-bbb4-c06df1dfb05b,Creating a voice,76fa9e1b-337d-4b3a-92cc-ec566f697c8c,Eleven Reader,1c4ca409-7e55-4df0-97f2-301850c24c49,7,8,d65509ab-a56a-4d5c-97a7-8b90e9dc538b,true,downloadableSrc,200,image/webp,49710,49710,c0da6d2c3878f35d98cfd97c0d67d5193a23eaed622bb66fa6446237b07f85cf,1180,2676,,,bytescale.mobbin.com,f7a1807c1ac98ccf0eecf5078d61346ac9a94ca37a547f5708d580528c9e55c0,/Users/user/mobbin-sides/screen-flows/elevenreader/044-eleven-reader-creating-a-voice-90fdb1b9-283a-4e83-bbb4-c06df1dfb05b/008-d65509ab-a56a-4d5c-97a7-8b90e9dc538b-downloadableSrc-c0da6d2c3878.webp
90fdb1b9-283a-4e83-bbb4-c06df1dfb05b,Creating a voice,76fa9e1b-337d-4b3a-92cc-ec566f697c8c,Eleven Reader,1c4ca409-7e55-4df0-97f2-301850c24c49,8,9,2be7f0ed-614f-49ab-9b33-e32a3652c476,true,downloadableSrc,200,image/webp,35582,35582,1fe2bf3e3403ac1af62870ab886c8bf5371bbd5c41a5fcd56721140711394f67,1179,2676,,,bytescale.mobbin.com,f7a1807c1ac98ccf0eecf5078d61346ac9a94ca37a547f5708d580528c9e55c0,/Users/user/mobbin-sides/screen-flows/elevenreader/044-eleven-reader-creating-a-voice-90fdb1b9-283a-4e83-bbb4-c06df1dfb05b/009-2be7f0ed-614f-49ab-9b33-e32a3652c476-downloadableSrc-1fe2bf3e3403.webp
95284156-28a4-40bc-b270-f6aff54a6b70,Voice design tips,76fa9e1b-337d-4b3a-92cc-ec566f697c8c,Eleven Reader,1c4ca409-7e55-4df0-97f2-301850c24c49,0,1,385b73d3-7930-4771-96e6-6cfec811d743,true,downloadableSrc,200,image/webp,59696,59696,62bfaa2be88b317d4f220dca0c439c9ff08702ebe9842a59d2e929eb50186f86,1179,2676,,,bytescale.mobbin.com,f7a1807c1ac98ccf0eecf5078d61346ac9a94ca37a547f5708d580528c9e55c0,/Users/user/mobbin-sides/screen-flows/elevenreader/045-eleven-reader-voice-design-tips-95284156-28a4-40bc-b270-f6aff54a6b70/001-385b73d3-7930-4771-96e6-6cfec811d743-downloadableSrc-62bfaa2be88b.webp
95284156-28a4-40bc-b270-f6aff54a6b70,Voice design tips,76fa9e1b-337d-4b3a-92cc-ec566f697c8c,Eleven Reader,1c4ca409-7e55-4df0-97f2-301850c24c49,1,2,f526a226-bda6-456d-b646-f0205097dfdd,true,downloadableSrc,200,image/webp,70762,70762,8d5a23b8c7ae11b73480330499c10070846e3ba3843521ae5e2b3dfbce343718,1179,2676,,,bytescale.mobbin.com,f7a1807c1ac98ccf0eecf5078d61346ac9a94ca37a547f5708d580528c9e55c0,/Users/user/mobbin-sides/screen-flows/elevenreader/045-eleven-reader-voice-design-tips-95284156-28a4-40bc-b270-f6aff54a6b70/002-f526a226-bda6-456d-b646-f0205097dfdd-downloadableSrc-8d5a23b8c7ae.webp
eeffb59f-2240-43a2-a35e-09d08cbb6a9f,Searching ElevenReader,76fa9e1b-337d-4b3a-92cc-ec566f697c8c,Eleven Reader,1c4ca409-7e55-4df0-97f2-301850c24c49,0,1,67ca761b-e802-41ad-ae8d-77d7f6421130,true,downloadableSrc,200,image/webp,162894,162894,2dacc2d09c0938d2a0bb8273a44a7be9cc1d35d03d989b30322ff500622234ca,1179,2676,,,bytescale.mobbin.com,f7a1807c1ac98ccf0eecf5078d61346ac9a94ca37a547f5708d580528c9e55c0,/Users/user/mobbin-sides/screen-flows/elevenreader/046-eleven-reader-searching-elevenreader-eeffb59f-2240-43a2-a35e-09d08cbb6a9f/001-67ca761b-e802-41ad-ae8d-77d7f6421130-downloadableSrc-2dacc2d09c09.webp
eeffb59f-2240-43a2-a35e-09d08cbb6a9f,Searching ElevenReader,76fa9e1b-337d-4b3a-92cc-ec566f697c8c,Eleven Reader,1c4ca409-7e55-4df0-97f2-301850c24c49,1,2,c62f45cf-018c-422b-8d82-230e507ac9f2,true,downloadableSrc,200,image/webp,103132,103132,6234d4ec7c2feeffd878d80e29e7a47ee8396044e07e6ea90801381d8c5ac116,1179,2676,,,bytescale.mobbin.com,f7a1807c1ac98ccf0eecf5078d61346ac9a94ca37a547f5708d580528c9e55c0,/Users/user/mobbin-sides/screen-flows/elevenreader/046-eleven-reader-searching-elevenreader-eeffb59f-2240-43a2-a35e-09d08cbb6a9f/002-c62f45cf-018c-422b-8d82-230e507ac9f2-downloadableSrc-6234d4ec7c2f.webp
eeffb59f-2240-43a2-a35e-09d08cbb6a9f,Searching ElevenReader,76fa9e1b-337d-4b3a-92cc-ec566f697c8c,Eleven Reader,1c4ca409-7e55-4df0-97f2-301850c24c49,2,3,22658064-4bd5-45c7-890a-0ea9317aea3c,true,downloadableSrc,200,image/webp,96388,96388,b9fd7f205c16dc6b2659cd3c5e9fdb83b48fc35c0f8dca84988baa7c3e0ab228,1179,2676,,,bytescale.mobbin.com,f7a1807c1ac98ccf0eecf5078d61346ac9a94ca37a547f5708d580528c9e55c0,/Users/user/mobbin-sides/screen-flows/elevenreader/046-eleven-reader-searching-elevenreader-eeffb59f-2240-43a2-a35e-09d08cbb6a9f/003-22658064-4bd5-45c7-890a-0ea9317aea3c-downloadableSrc-b9fd7f205c16.webp
5511f7b3-84c7-4e7a-8c76-84097c031ea3,Settings,76fa9e1b-337d-4b3a-92cc-ec566f697c8c,Eleven Reader,1c4ca409-7e55-4df0-97f2-301850c24c49,0,1,67ca761b-e802-41ad-ae8d-77d7f6421130,true,downloadableSrc,200,image/webp,162894,162894,2dacc2d09c0938d2a0bb8273a44a7be9cc1d35d03d989b30322ff500622234ca,1179,2676,,,bytescale.mobbin.com,f7a1807c1ac98ccf0eecf5078d61346ac9a94ca37a547f5708d580528c9e55c0,/Users/user/mobbin-sides/screen-flows/elevenreader/047-eleven-reader-settings-5511f7b3-84c7-4e7a-8c76-84097c031ea3/001-67ca761b-e802-41ad-ae8d-77d7f6421130-downloadableSrc-2dacc2d09c09.webp
5511f7b3-84c7-4e7a-8c76-84097c031ea3,Settings,76fa9e1b-337d-4b3a-92cc-ec566f697c8c,Eleven Reader,1c4ca409-7e55-4df0-97f2-301850c24c49,1,2,e4a5588a-163e-4dda-a6ea-1846bea014f4,true,downloadableSrc,200,image/webp,62728,62728,e81ad9a79c434af61e76e4dde368b761b0a7638e174975373e9271d0e0b55882,1179,2676,,,bytescale.mobbin.com,f7a1807c1ac98ccf0eecf5078d61346ac9a94ca37a547f5708d580528c9e55c0,/Users/user/mobbin-sides/screen-flows/elevenreader/047-eleven-reader-settings-5511f7b3-84c7-4e7a-8c76-84097c031ea3/002-e4a5588a-163e-4dda-a6ea-1846bea014f4-downloadableSrc-e81ad9a79c43.webp
5511f7b3-84c7-4e7a-8c76-84097c031ea3,Settings,76fa9e1b-337d-4b3a-92cc-ec566f697c8c,Eleven Reader,1c4ca409-7e55-4df0-97f2-301850c24c49,2,3,e06abe66-b250-46ab-9415-c48a92f9bad3,true,downloadableSrc,200,image/webp,57738,57738,6429a37974d0618b2bb4b8656901f6da16e4a4a88d95ea9567415d98c05ed713,1179,2676,,,bytescale.mobbin.com,f7a1807c1ac98ccf0eecf5078d61346ac9a94ca37a547f5708d580528c9e55c0,/Users/user/mobbin-sides/screen-flows/elevenreader/047-eleven-reader-settings-5511f7b3-84c7-4e7a-8c76-84097c031ea3/003-e06abe66-b250-46ab-9415-c48a92f9bad3-downloadableSrc-6429a37974d0.webp
6801fe33-4ccc-4c66-ac54-6b45aa99c3ae,Disabling voice chat,76fa9e1b-337d-4b3a-92cc-ec566f697c8c,Eleven Reader,1c4ca409-7e55-4df0-97f2-301850c24c49,0,1,e4a5588a-163e-4dda-a6ea-1846bea014f4,true,downloadableSrc,200,image/webp,62728,62728,e81ad9a79c434af61e76e4dde368b761b0a7638e174975373e9271d0e0b55882,1179,2676,,,bytescale.mobbin.com,f7a1807c1ac98ccf0eecf5078d61346ac9a94ca37a547f5708d580528c9e55c0,/Users/user/mobbin-sides/screen-flows/elevenreader/048-eleven-reader-disabling-voice-chat-6801fe33-4ccc-4c66-ac54-6b45aa99c3ae/001-e4a5588a-163e-4dda-a6ea-1846bea014f4-downloadableSrc-e81ad9a79c43.webp
6801fe33-4ccc-4c66-ac54-6b45aa99c3ae,Disabling voice chat,76fa9e1b-337d-4b3a-92cc-ec566f697c8c,Eleven Reader,1c4ca409-7e55-4df0-97f2-301850c24c49,1,2,dcaf24cc-dcc9-4153-a8ec-07ace15a65ab,true,downloadableSrc,200,image/webp,57602,57602,79e67d8fb8c7b1f90a5d7b718890abf95f60b31e2ae1585fad51d79b183bd6ae,1179,2676,,,bytescale.mobbin.com,f7a1807c1ac98ccf0eecf5078d61346ac9a94ca37a547f5708d580528c9e55c0,/Users/user/mobbin-sides/screen-flows/elevenreader/048-eleven-reader-disabling-voice-chat-6801fe33-4ccc-4c66-ac54-6b45aa99c3ae/002-dcaf24cc-dcc9-4153-a8ec-07ace15a65ab-downloadableSrc-79e67d8fb8c7.webp
6801fe33-4ccc-4c66-ac54-6b45aa99c3ae,Disabling voice chat,76fa9e1b-337d-4b3a-92cc-ec566f697c8c,Eleven Reader,1c4ca409-7e55-4df0-97f2-301850c24c49,2,3,0069b1e2-4e75-4fee-8bd3-6dece98e1cbf,true,downloadableSrc,200,image/webp,62628,62628,a34841dfd0fdd65cfbce55f394711428eab22f0f875772ad865175d4167251f1,1179,2676,,,bytescale.mobbin.com,f7a1807c1ac98ccf0eecf5078d61346ac9a94ca37a547f5708d580528c9e55c0,/Users/user/mobbin-sides/screen-flows/elevenreader/048-eleven-reader-disabling-voice-chat-6801fe33-4ccc-4c66-ac54-6b45aa99c3ae/003-0069b1e2-4e75-4fee-8bd3-6dece98e1cbf-downloadableSrc-a34841dfd0fd.webp
3e621925-bd18-48b9-bc17-32c6d4c4ffdd,Changing GenFM episode language,76fa9e1b-337d-4b3a-92cc-ec566f697c8c,Eleven Reader,1c4ca409-7e55-4df0-97f2-301850c24c49,0,1,e4a5588a-163e-4dda-a6ea-1846bea014f4,true,downloadableSrc,200,image/webp,62728,62728,e81ad9a79c434af61e76e4dde368b761b0a7638e174975373e9271d0e0b55882,1179,2676,,,bytescale.mobbin.com,f7a1807c1ac98ccf0eecf5078d61346ac9a94ca37a547f5708d580528c9e55c0,/Users/user/mobbin-sides/screen-flows/elevenreader/049-eleven-reader-changing-genfm-episode-language-3e621925-bd18-48b9-bc17-32c6d4c4ffdd/001-e4a5588a-163e-4dda-a6ea-1846bea014f4-downloadableSrc-e81ad9a79c43.webp
3e621925-bd18-48b9-bc17-32c6d4c4ffdd,Changing GenFM episode language,76fa9e1b-337d-4b3a-92cc-ec566f697c8c,Eleven Reader,1c4ca409-7e55-4df0-97f2-301850c24c49,1,2,e41f5be3-7303-47d3-a3c3-8fbbc4488895,true,downloadableSrc,200,image/webp,32742,32742,27cade88f7ec611c51aa05bb5a690a42f7497a4f206ed7988c856f04399a84ad,1179,2676,,,bytescale.mobbin.com,f7a1807c1ac98ccf0eecf5078d61346ac9a94ca37a547f5708d580528c9e55c0,/Users/user/mobbin-sides/screen-flows/elevenreader/049-eleven-reader-changing-genfm-episode-language-3e621925-bd18-48b9-bc17-32c6d4c4ffdd/002-e41f5be3-7303-47d3-a3c3-8fbbc4488895-downloadableSrc-27cade88f7ec.webp
3e621925-bd18-48b9-bc17-32c6d4c4ffdd,Changing GenFM episode language,76fa9e1b-337d-4b3a-92cc-ec566f697c8c,Eleven Reader,1c4ca409-7e55-4df0-97f2-301850c24c49,2,3,476307ff-5021-46e0-8864-9144d45d5749,true,downloadableSrc,200,image/webp,49198,49198,c223724e69952316dca1701fe8bff960f8b2f9749f20b49fc4ed7743980fd812,1179,2676,,,bytescale.mobbin.com,f7a1807c1ac98ccf0eecf5078d61346ac9a94ca37a547f5708d580528c9e55c0,/Users/user/mobbin-sides/screen-flows/elevenreader/049-eleven-reader-changing-genfm-episode-language-3e621925-bd18-48b9-bc17-32c6d4c4ffdd/003-476307ff-5021-46e0-8864-9144d45d5749-downloadableSrc-c223724e6995.webp
3e621925-bd18-48b9-bc17-32c6d4c4ffdd,Changing GenFM episode language,76fa9e1b-337d-4b3a-92cc-ec566f697c8c,Eleven Reader,1c4ca409-7e55-4df0-97f2-301850c24c49,3,4,27a29edf-22a2-420d-bace-5d14f40dec6d,true,downloadableSrc,200,image/webp,30048,30048,080fead52a6e97fa076758f5d7ed02843404b5bbd0d200407670bc446a229a83,1179,2676,,,bytescale.mobbin.com,f7a1807c1ac98ccf0eecf5078d61346ac9a94ca37a547f5708d580528c9e55c0,/Users/user/mobbin-sides/screen-flows/elevenreader/049-eleven-reader-changing-genfm-episode-language-3e621925-bd18-48b9-bc17-32c6d4c4ffdd/004-27a29edf-22a2-420d-bace-5d14f40dec6d-downloadableSrc-080fead52a6e.webp
cc965a0a-65e0-41ce-846d-062601f06a46,Refer a friend,76fa9e1b-337d-4b3a-92cc-ec566f697c8c,Eleven Reader,1c4ca409-7e55-4df0-97f2-301850c24c49,0,1,e4a5588a-163e-4dda-a6ea-1846bea014f4,true,downloadableSrc,200,image/webp,62728,62728,e81ad9a79c434af61e76e4dde368b761b0a7638e174975373e9271d0e0b55882,1179,2676,,,bytescale.mobbin.com,f7a1807c1ac98ccf0eecf5078d61346ac9a94ca37a547f5708d580528c9e55c0,/Users/user/mobbin-sides/screen-flows/elevenreader/050-eleven-reader-refer-a-friend-cc965a0a-65e0-41ce-846d-062601f06a46/001-e4a5588a-163e-4dda-a6ea-1846bea014f4-downloadableSrc-e81ad9a79c43.webp
cc965a0a-65e0-41ce-846d-062601f06a46,Refer a friend,76fa9e1b-337d-4b3a-92cc-ec566f697c8c,Eleven Reader,1c4ca409-7e55-4df0-97f2-301850c24c49,1,2,a88c562e-0b06-48c4-87b5-68c3ff4601bc,true,downloadableSrc,200,image/webp,44368,44368,2ce8161a0168b3b1a2c8ccf7a52d68bdb07ce56c446ed643071978cf97f2c37f,1179,2676,,,bytescale.mobbin.com,f7a1807c1ac98ccf0eecf5078d61346ac9a94ca37a547f5708d580528c9e55c0,/Users/user/mobbin-sides/screen-flows/elevenreader/050-eleven-reader-refer-a-friend-cc965a0a-65e0-41ce-846d-062601f06a46/002-a88c562e-0b06-48c4-87b5-68c3ff4601bc-downloadableSrc-2ce8161a0168.webp
42c94178-aa47-47a3-93d2-86d0d9abf524,Listening hours history,76fa9e1b-337d-4b3a-92cc-ec566f697c8c,Eleven Reader,1c4ca409-7e55-4df0-97f2-301850c24c49,0,1,e4a5588a-163e-4dda-a6ea-1846bea014f4,true,downloadableSrc,200,image/webp,62728,62728,e81ad9a79c434af61e76e4dde368b761b0a7638e174975373e9271d0e0b55882,1179,2676,,,bytescale.mobbin.com,f7a1807c1ac98ccf0eecf5078d61346ac9a94ca37a547f5708d580528c9e55c0,/Users/user/mobbin-sides/screen-flows/elevenreader/051-eleven-reader-listening-hours-history-42c94178-aa47-47a3-93d2-86d0d9abf524/001-e4a5588a-163e-4dda-a6ea-1846bea014f4-downloadableSrc-e81ad9a79c43.webp
42c94178-aa47-47a3-93d2-86d0d9abf524,Listening hours history,76fa9e1b-337d-4b3a-92cc-ec566f697c8c,Eleven Reader,1c4ca409-7e55-4df0-97f2-301850c24c49,1,2,8f17dbda-154c-45a2-9f3c-2de30fb1f3be,true,downloadableSrc,200,image/webp,44816,44816,9b46a3720dd8658d8b680f46b308a8d0370ef5ba82168503a033150a93427c20,1179,2676,,,bytescale.mobbin.com,f7a1807c1ac98ccf0eecf5078d61346ac9a94ca37a547f5708d580528c9e55c0,/Users/user/mobbin-sides/screen-flows/elevenreader/051-eleven-reader-listening-hours-history-42c94178-aa47-47a3-93d2-86d0d9abf524/002-8f17dbda-154c-45a2-9f3c-2de30fb1f3be-downloadableSrc-9b46a3720dd8.webp
e2e3d3bc-c15e-48f3-ad9c-6a394f661ff9,Logging out,76fa9e1b-337d-4b3a-92cc-ec566f697c8c,Eleven Reader,1c4ca409-7e55-4df0-97f2-301850c24c49,0,1,e06abe66-b250-46ab-9415-c48a92f9bad3,true,downloadableSrc,200,image/webp,57738,57738,6429a37974d0618b2bb4b8656901f6da16e4a4a88d95ea9567415d98c05ed713,1179,2676,,,bytescale.mobbin.com,f7a1807c1ac98ccf0eecf5078d61346ac9a94ca37a547f5708d580528c9e55c0,/Users/user/mobbin-sides/screen-flows/elevenreader/052-eleven-reader-logging-out-e2e3d3bc-c15e-48f3-ad9c-6a394f661ff9/001-e06abe66-b250-46ab-9415-c48a92f9bad3-downloadableSrc-6429a37974d0.webp
e2e3d3bc-c15e-48f3-ad9c-6a394f661ff9,Logging out,76fa9e1b-337d-4b3a-92cc-ec566f697c8c,Eleven Reader,1c4ca409-7e55-4df0-97f2-301850c24c49,1,2,a7417878-69fa-4fde-9393-be2958552a1f,true,downloadableSrc,200,image/webp,58312,58312,92ff0c79da343c9ba4fd4a3351d3f09c6b0a7b5da94dc4420b455b8bd51e0eae,1179,2676,,,bytescale.mobbin.com,f7a1807c1ac98ccf0eecf5078d61346ac9a94ca37a547f5708d580528c9e55c0,/Users/user/mobbin-sides/screen-flows/elevenreader/052-eleven-reader-logging-out-e2e3d3bc-c15e-48f3-ad9c-6a394f661ff9/002-a7417878-69fa-4fde-9393-be2958552a1f-downloadableSrc-92ff0c79da34.webp
e2e3d3bc-c15e-48f3-ad9c-6a394f661ff9,Logging out,76fa9e1b-337d-4b3a-92cc-ec566f697c8c,Eleven Reader,1c4ca409-7e55-4df0-97f2-301850c24c49,2,3,a58ca42a-2ed2-4888-9940-9bc99063f840,true,downloadableSrc,200,image/webp,99518,99518,6ae74434a114923c8d8a7664cbfa2571cec1fc0ca4b5b4d1a5b6e19abb99351b,1180,2676,,,bytescale.mobbin.com,f7a1807c1ac98ccf0eecf5078d61346ac9a94ca37a547f5708d580528c9e55c0,/Users/user/mobbin-sides/screen-flows/elevenreader/052-eleven-reader-logging-out-e2e3d3bc-c15e-48f3-ad9c-6a394f661ff9/003-a58ca42a-2ed2-4888-9940-9bc99063f840-downloadableSrc-6ae74434a114.webp
a17e589a-881d-43e7-bf50-d770283aafc1,Delete an account,76fa9e1b-337d-4b3a-92cc-ec566f697c8c,Eleven Reader,1c4ca409-7e55-4df0-97f2-301850c24c49,0,1,e06abe66-b250-46ab-9415-c48a92f9bad3,true,downloadableSrc,200,image/webp,57738,57738,6429a37974d0618b2bb4b8656901f6da16e4a4a88d95ea9567415d98c05ed713,1179,2676,,,bytescale.mobbin.com,f7a1807c1ac98ccf0eecf5078d61346ac9a94ca37a547f5708d580528c9e55c0,/Users/user/mobbin-sides/screen-flows/elevenreader/053-eleven-reader-delete-an-account-a17e589a-881d-43e7-bf50-d770283aafc1/001-e06abe66-b250-46ab-9415-c48a92f9bad3-downloadableSrc-6429a37974d0.webp
a17e589a-881d-43e7-bf50-d770283aafc1,Delete an account,76fa9e1b-337d-4b3a-92cc-ec566f697c8c,Eleven Reader,1c4ca409-7e55-4df0-97f2-301850c24c49,1,2,32d65f8f-6479-4264-a408-b9b0a8579bdb,true,downloadableSrc,200,image/webp,53406,53406,47c7088e9d7e22c320dc6cb1f59dcd14d01f9529cef6aa599582b61be064dca8,1179,2676,,,bytescale.mobbin.com,f7a1807c1ac98ccf0eecf5078d61346ac9a94ca37a547f5708d580528c9e55c0,/Users/user/mobbin-sides/screen-flows/elevenreader/053-eleven-reader-delete-an-account-a17e589a-881d-43e7-bf50-d770283aafc1/002-32d65f8f-6479-4264-a408-b9b0a8579bdb-downloadableSrc-47c7088e9d7e.webp
ed29aef9-de42-4d0c-a48e-fd8d0c526864,Logging in,76fa9e1b-337d-4b3a-92cc-ec566f697c8c,Eleven Reader,1c4ca409-7e55-4df0-97f2-301850c24c49,0,1,a58ca42a-2ed2-4888-9940-9bc99063f840,true,downloadableSrc,200,image/webp,99518,99518,6ae74434a114923c8d8a7664cbfa2571cec1fc0ca4b5b4d1a5b6e19abb99351b,1180,2676,,,bytescale.mobbin.com,f7a1807c1ac98ccf0eecf5078d61346ac9a94ca37a547f5708d580528c9e55c0,/Users/user/mobbin-sides/screen-flows/elevenreader/054-eleven-reader-logging-in-ed29aef9-de42-4d0c-a48e-fd8d0c526864/001-a58ca42a-2ed2-4888-9940-9bc99063f840-downloadableSrc-6ae74434a114.webp
ed29aef9-de42-4d0c-a48e-fd8d0c526864,Logging in,76fa9e1b-337d-4b3a-92cc-ec566f697c8c,Eleven Reader,1c4ca409-7e55-4df0-97f2-301850c24c49,1,2,e8e42b39-8732-4908-b179-54187ed4f2fe,true,downloadableSrc,200,image/webp,31588,31588,98e3d22425318d67fadc9d09aeabd3156c4d98ef732dfc1d13ee159de3f68213,1179,2676,,,bytescale.mobbin.com,f7a1807c1ac98ccf0eecf5078d61346ac9a94ca37a547f5708d580528c9e55c0,/Users/user/mobbin-sides/screen-flows/elevenreader/054-eleven-reader-logging-in-ed29aef9-de42-4d0c-a48e-fd8d0c526864/002-e8e42b39-8732-4908-b179-54187ed4f2fe-downloadableSrc-98e3d2242531.webp
ed29aef9-de42-4d0c-a48e-fd8d0c526864,Logging in,76fa9e1b-337d-4b3a-92cc-ec566f697c8c,Eleven Reader,1c4ca409-7e55-4df0-97f2-301850c24c49,2,3,1539c787-17be-41cc-9c9a-6cb684a48d79,true,downloadableSrc,200,image/webp,30934,30934,d4bd9324ea6885ada60ce288ea0e53135033a89878557f632fd7a858d997bc38,1179,2676,,,bytescale.mobbin.com,f7a1807c1ac98ccf0eecf5078d61346ac9a94ca37a547f5708d580528c9e55c0,/Users/user/mobbin-sides/screen-flows/elevenreader/054-eleven-reader-logging-in-ed29aef9-de42-4d0c-a48e-fd8d0c526864/003-1539c787-17be-41cc-9c9a-6cb684a48d79-downloadableSrc-d4bd9324ea68.webp
ed29aef9-de42-4d0c-a48e-fd8d0c526864,Logging in,76fa9e1b-337d-4b3a-92cc-ec566f697c8c,Eleven Reader,1c4ca409-7e55-4df0-97f2-301850c24c49,3,4,67ca761b-e802-41ad-ae8d-77d7f6421130,true,downloadableSrc,200,image/webp,162894,162894,2dacc2d09c0938d2a0bb8273a44a7be9cc1d35d03d989b30322ff500622234ca,1179,2676,,,bytescale.mobbin.com,f7a1807c1ac98ccf0eecf5078d61346ac9a94ca37a547f5708d580528c9e55c0,/Users/user/mobbin-sides/screen-flows/elevenreader/054-eleven-reader-logging-in-ed29aef9-de42-4d0c-a48e-fd8d0c526864/004-67ca761b-e802-41ad-ae8d-77d7f6421130-downloadableSrc-2dacc2d09c09.webp
