flowId,flowName,appId,appName,appVersionId,order,index,screenId,restricted,descriptor,status,contentType,contentLengthHeader,bytes,sha256,width,height,declaredWidth,declaredHeight,urlHost,urlPathHash,savedPath
8f976e67-419c-4320-ac63-83c1d3d33f40,Onboarding,1f1a3d5b-cb65-4c7e-af4b-e4cdf1c03e4d,Shop,3afc9907-97ef-486c-847c-3749b29b51b0,0,1,ef3a8d8a-39d8-489e-9ed4-58947dfec32d,false,downloadableSrc,200,image/webp,17268,17268,edcaa7b770f10f53406962a48e89f378bd0c25495a3009b7e87ba1eec4d1415d,1180,2676,,,bytescale.mobbin.com,f7a1807c1ac98ccf0eecf5078d61346ac9a94ca37a547f5708d580528c9e55c0,/Users/user/mobbin-sides/screen-flows/shop/001-shop-onboarding-8f976e67-419c-4320-ac63-83c1d3d33f40/001-ef3a8d8a-39d8-489e-9ed4-58947dfec32d-downloadableSrc-edcaa7b770f1.webp
8f976e67-419c-4320-ac63-83c1d3d33f40,Onboarding,1f1a3d5b-cb65-4c7e-af4b-e4cdf1c03e4d,Shop,3afc9907-97ef-486c-847c-3749b29b51b0,1,2,8a248536-7888-402f-b016-b09153081d4d,false,downloadableSrc,200,image/webp,82232,82232,5221ce0deb28745b1b8ec0ee355467297a405ad7bab1c41f0cca8245999b5b33,1180,2676,,,bytescale.mobbin.com,f7a1807c1ac98ccf0eecf5078d61346ac9a94ca37a547f5708d580528c9e55c0,/Users/user/mobbin-sides/screen-flows/shop/001-shop-onboarding-8f976e67-419c-4320-ac63-83c1d3d33f40/002-8a248536-7888-402f-b016-b09153081d4d-downloadableSrc-5221ce0deb28.webp
8f976e67-419c-4320-ac63-83c1d3d33f40,Onboarding,1f1a3d5b-cb65-4c7e-af4b-e4cdf1c03e4d,Shop,3afc9907-97ef-486c-847c-3749b29b51b0,2,3,bd904fb5-bd51-4a82-84d5-8fb7e593b299,false,downloadableSrc,200,image/webp,68088,68088,35f690c2f2e345e8259a8f268cca5aae3ac3ecef7e5493cc2932b1b6cc6d9e6e,1180,2676,,,bytescale.mobbin.com,f7a1807c1ac98ccf0eecf5078d61346ac9a94ca37a547f5708d580528c9e55c0,/Users/user/mobbin-sides/screen-flows/shop/001-shop-onboarding-8f976e67-419c-4320-ac63-83c1d3d33f40/003-bd904fb5-bd51-4a82-84d5-8fb7e593b299-downloadableSrc-35f690c2f2e3.webp
8f976e67-419c-4320-ac63-83c1d3d33f40,Onboarding,1f1a3d5b-cb65-4c7e-af4b-e4cdf1c03e4d,Shop,3afc9907-97ef-486c-847c-3749b29b51b0,3,4,81f1d9ba-6b69-4a08-b9a1-b55024bdbbd6,false,downloadableSrc,200,image/webp,29766,29766,3afa16e458de427100865ecea79aa984bece71a63c635d968938ff209a404239,1180,2676,,,bytescale.mobbin.com,f7a1807c1ac98ccf0eecf5078d61346ac9a94ca37a547f5708d580528c9e55c0,/Users/user/mobbin-sides/screen-flows/shop/001-shop-onboarding-8f976e67-419c-4320-ac63-83c1d3d33f40/004-81f1d9ba-6b69-4a08-b9a1-b55024bdbbd6-downloadableSrc-3afa16e458de.webp
8f976e67-419c-4320-ac63-83c1d3d33f40,Onboarding,1f1a3d5b-cb65-4c7e-af4b-e4cdf1c03e4d,Shop,3afc9907-97ef-486c-847c-3749b29b51b0,4,5,a805be45-8975-4ab5-b8e5-216470b822ee,false,downloadableSrc,200,image/webp,33758,33758,67aca722afff7ac69cddf3146141ce1620e72c6d3e50540f6a014e081797b2ea,1180,2676,,,bytescale.mobbin.com,f7a1807c1ac98ccf0eecf5078d61346ac9a94ca37a547f5708d580528c9e55c0,/Users/user/mobbin-sides/screen-flows/shop/001-shop-onboarding-8f976e67-419c-4320-ac63-83c1d3d33f40/005-a805be45-8975-4ab5-b8e5-216470b822ee-downloadableSrc-67aca722afff.webp
8f976e67-419c-4320-ac63-83c1d3d33f40,Onboarding,1f1a3d5b-cb65-4c7e-af4b-e4cdf1c03e4d,Shop,3afc9907-97ef-486c-847c-3749b29b51b0,5,6,6125fca6-68d0-4ae1-ba0d-dfad9d44dac6,false,downloadableSrc,200,image/webp,39578,39578,df218be97ea564f830bd957a8b7d8c2df8cbe70e94f206f299d97a609adceb94,1180,2676,,,bytescale.mobbin.com,f7a1807c1ac98ccf0eecf5078d61346ac9a94ca37a547f5708d580528c9e55c0,/Users/user/mobbin-sides/screen-flows/shop/001-shop-onboarding-8f976e67-419c-4320-ac63-83c1d3d33f40/006-6125fca6-68d0-4ae1-ba0d-dfad9d44dac6-downloadableSrc-df218be97ea5.webp
8f976e67-419c-4320-ac63-83c1d3d33f40,Onboarding,1f1a3d5b-cb65-4c7e-af4b-e4cdf1c03e4d,Shop,3afc9907-97ef-486c-847c-3749b29b51b0,6,7,8760a193-8d04-4656-9277-bd2f5bc156b4,false,downloadableSrc,200,image/webp,52592,52592,5f6d10bc0e6c00e7f49c7f53d5008785062697156683a05c2ea359461d0eb8c2,1180,2676,,,bytescale.mobbin.com,f7a1807c1ac98ccf0eecf5078d61346ac9a94ca37a547f5708d580528c9e55c0,/Users/user/mobbin-sides/screen-flows/shop/001-shop-onboarding-8f976e67-419c-4320-ac63-83c1d3d33f40/007-8760a193-8d04-4656-9277-bd2f5bc156b4-downloadableSrc-5f6d10bc0e6c.webp
8f976e67-419c-4320-ac63-83c1d3d33f40,Onboarding,1f1a3d5b-cb65-4c7e-af4b-e4cdf1c03e4d,Shop,3afc9907-97ef-486c-847c-3749b29b51b0,7,8,f40b298e-39e6-4e7b-922d-42c1533cf350,false,downloadableSrc,200,image/webp,24212,24212,052f377135d3f2467cac372be1707483801fdb732e53cede8ef0c57d160db7b1,1180,2676,,,bytescale.mobbin.com,f7a1807c1ac98ccf0eecf5078d61346ac9a94ca37a547f5708d580528c9e55c0,/Users/user/mobbin-sides/screen-flows/shop/001-shop-onboarding-8f976e67-419c-4320-ac63-83c1d3d33f40/008-f40b298e-39e6-4e7b-922d-42c1533cf350-downloadableSrc-052f377135d3.webp
8f976e67-419c-4320-ac63-83c1d3d33f40,Onboarding,1f1a3d5b-cb65-4c7e-af4b-e4cdf1c03e4d,Shop,3afc9907-97ef-486c-847c-3749b29b51b0,8,9,dd3e7694-735a-4df2-bdaf-404e5401961c,false,downloadableSrc,200,image/webp,62814,62814,2eee03d58827fcfe8bb58e3982788eccb2c31bd25e0a827b3e61bd0e30e81f40,1180,2676,,,bytescale.mobbin.com,f7a1807c1ac98ccf0eecf5078d61346ac9a94ca37a547f5708d580528c9e55c0,/Users/user/mobbin-sides/screen-flows/shop/001-shop-onboarding-8f976e67-419c-4320-ac63-83c1d3d33f40/009-dd3e7694-735a-4df2-bdaf-404e5401961c-downloadableSrc-2eee03d58827.webp
8f976e67-419c-4320-ac63-83c1d3d33f40,Onboarding,1f1a3d5b-cb65-4c7e-af4b-e4cdf1c03e4d,Shop,3afc9907-97ef-486c-847c-3749b29b51b0,9,10,ca9028c6-f758-469d-b735-fd0d946d5ec3,false,downloadableSrc,200,image/webp,49318,49318,44ca921501c926a7340e295a4bd484fef4b9f1bc37abe4b56f75554e23849afe,1180,2676,,,bytescale.mobbin.com,f7a1807c1ac98ccf0eecf5078d61346ac9a94ca37a547f5708d580528c9e55c0,/Users/user/mobbin-sides/screen-flows/shop/001-shop-onboarding-8f976e67-419c-4320-ac63-83c1d3d33f40/010-ca9028c6-f758-469d-b735-fd0d946d5ec3-downloadableSrc-44ca921501c9.webp
8f976e67-419c-4320-ac63-83c1d3d33f40,Onboarding,1f1a3d5b-cb65-4c7e-af4b-e4cdf1c03e4d,Shop,3afc9907-97ef-486c-847c-3749b29b51b0,10,11,1fdaaf24-b3f6-473f-999b-45ab66540497,false,downloadableSrc,200,image/webp,93652,93652,8b14ad92eba3594e4bb7b1772f6adbe6bd1c89d2965cf0f3ed595d6ab7e54886,1180,2676,,,bytescale.mobbin.com,f7a1807c1ac98ccf0eecf5078d61346ac9a94ca37a547f5708d580528c9e55c0,/Users/user/mobbin-sides/screen-flows/shop/001-shop-onboarding-8f976e67-419c-4320-ac63-83c1d3d33f40/011-1fdaaf24-b3f6-473f-999b-45ab66540497-downloadableSrc-8b14ad92eba3.webp
64902871-0bf4-4b39-afc9-6a1758851147,Home,1f1a3d5b-cb65-4c7e-af4b-e4cdf1c03e4d,Shop,3afc9907-97ef-486c-847c-3749b29b51b0,0,1,1fdaaf24-b3f6-473f-999b-45ab66540497,true,downloadableSrc,200,image/webp,93652,93652,8b14ad92eba3594e4bb7b1772f6adbe6bd1c89d2965cf0f3ed595d6ab7e54886,1180,2676,,,bytescale.mobbin.com,f7a1807c1ac98ccf0eecf5078d61346ac9a94ca37a547f5708d580528c9e55c0,/Users/user/mobbin-sides/screen-flows/shop/002-shop-home-64902871-0bf4-4b39-afc9-6a1758851147/001-1fdaaf24-b3f6-473f-999b-45ab66540497-downloadableSrc-8b14ad92eba3.webp
64902871-0bf4-4b39-afc9-6a1758851147,Home,1f1a3d5b-cb65-4c7e-af4b-e4cdf1c03e4d,Shop,3afc9907-97ef-486c-847c-3749b29b51b0,1,2,7c0a1847-c2e6-48fd-bb05-5aaf63bda73c,true,downloadableSrc,200,image/webp,83248,83248,4a82238de62d7b46c30a4f954ac8e377be612834fbc620b7dc18306ba36a5601,1180,2676,,,bytescale.mobbin.com,f7a1807c1ac98ccf0eecf5078d61346ac9a94ca37a547f5708d580528c9e55c0,/Users/user/mobbin-sides/screen-flows/shop/002-shop-home-64902871-0bf4-4b39-afc9-6a1758851147/002-7c0a1847-c2e6-48fd-bb05-5aaf63bda73c-downloadableSrc-4a82238de62d.webp
64902871-0bf4-4b39-afc9-6a1758851147,Home,1f1a3d5b-cb65-4c7e-af4b-e4cdf1c03e4d,Shop,3afc9907-97ef-486c-847c-3749b29b51b0,2,3,e1d1d64f-f56c-4d35-89bc-a1d8e1d0dfda,true,downloadableSrc,200,image/webp,96978,96978,6fc9607cf6d83bc1e89b9927a4addcda9cf2794121984879dee76b3952295fa4,1180,2676,,,bytescale.mobbin.com,f7a1807c1ac98ccf0eecf5078d61346ac9a94ca37a547f5708d580528c9e55c0,/Users/user/mobbin-sides/screen-flows/shop/002-shop-home-64902871-0bf4-4b39-afc9-6a1758851147/003-e1d1d64f-f56c-4d35-89bc-a1d8e1d0dfda-downloadableSrc-6fc9607cf6d8.webp
64902871-0bf4-4b39-afc9-6a1758851147,Home,1f1a3d5b-cb65-4c7e-af4b-e4cdf1c03e4d,Shop,3afc9907-97ef-486c-847c-3749b29b51b0,3,4,2c8ff31e-d428-4c6e-b3eb-997d28993cba,true,downloadableSrc,200,image/webp,62204,62204,9f65f813dd0dde019803fdf17b638aad3cd5f4530cbc8a6fb38de19f0621ac1f,1180,2676,,,bytescale.mobbin.com,f7a1807c1ac98ccf0eecf5078d61346ac9a94ca37a547f5708d580528c9e55c0,/Users/user/mobbin-sides/screen-flows/shop/002-shop-home-64902871-0bf4-4b39-afc9-6a1758851147/004-2c8ff31e-d428-4c6e-b3eb-997d28993cba-downloadableSrc-9f65f813dd0d.webp
64902871-0bf4-4b39-afc9-6a1758851147,Home,1f1a3d5b-cb65-4c7e-af4b-e4cdf1c03e4d,Shop,3afc9907-97ef-486c-847c-3749b29b51b0,4,5,88b08bd8-aefe-4576-bb4c-8724b42e2fc6,true,downloadableSrc,200,image/webp,96818,96818,d62d40008bfe0e702ef50a80d9e2d7f3296b396d31be3945e344cef954af9f92,1180,2676,,,bytescale.mobbin.com,f7a1807c1ac98ccf0eecf5078d61346ac9a94ca37a547f5708d580528c9e55c0,/Users/user/mobbin-sides/screen-flows/shop/002-shop-home-64902871-0bf4-4b39-afc9-6a1758851147/005-88b08bd8-aefe-4576-bb4c-8724b42e2fc6-downloadableSrc-d62d40008bfe.webp
64902871-0bf4-4b39-afc9-6a1758851147,Home,1f1a3d5b-cb65-4c7e-af4b-e4cdf1c03e4d,Shop,3afc9907-97ef-486c-847c-3749b29b51b0,5,6,cf25db63-028b-4a5f-a4a9-32e7c74eb8c0,true,downloadableSrc,200,image/webp,92048,92048,ea9704ea8da0a58857ebcf371f4cfb123fc6f79d3990091de85150ebe65a5b24,1180,2676,,,bytescale.mobbin.com,f7a1807c1ac98ccf0eecf5078d61346ac9a94ca37a547f5708d580528c9e55c0,/Users/user/mobbin-sides/screen-flows/shop/002-shop-home-64902871-0bf4-4b39-afc9-6a1758851147/006-cf25db63-028b-4a5f-a4a9-32e7c74eb8c0-downloadableSrc-ea9704ea8da0.webp
64902871-0bf4-4b39-afc9-6a1758851147,Home,1f1a3d5b-cb65-4c7e-af4b-e4cdf1c03e4d,Shop,3afc9907-97ef-486c-847c-3749b29b51b0,6,7,63e9d92f-790b-4f24-9251-bb88f1a53e00,true,downloadableSrc,200,image/webp,115222,115222,46ad2fe134e9e542b3957791ff4c151f6f143788a4419ae6be4216a39e2af14e,1180,2676,,,bytescale.mobbin.com,f7a1807c1ac98ccf0eecf5078d61346ac9a94ca37a547f5708d580528c9e55c0,/Users/user/mobbin-sides/screen-flows/shop/002-shop-home-64902871-0bf4-4b39-afc9-6a1758851147/007-63e9d92f-790b-4f24-9251-bb88f1a53e00-downloadableSrc-46ad2fe134e9.webp
64902871-0bf4-4b39-afc9-6a1758851147,Home,1f1a3d5b-cb65-4c7e-af4b-e4cdf1c03e4d,Shop,3afc9907-97ef-486c-847c-3749b29b51b0,7,8,18b68aa4-7e2f-4612-96ce-1fd30231c37c,true,downloadableSrc,200,image/webp,113154,113154,1131e998029dec2f432bf297a007fe21da08d2941a50eed6074c4e9a25a3c384,1180,2676,,,bytescale.mobbin.com,f7a1807c1ac98ccf0eecf5078d61346ac9a94ca37a547f5708d580528c9e55c0,/Users/user/mobbin-sides/screen-flows/shop/002-shop-home-64902871-0bf4-4b39-afc9-6a1758851147/008-18b68aa4-7e2f-4612-96ce-1fd30231c37c-downloadableSrc-1131e998029d.webp
2acd882e-e3ab-4465-9f54-4ec30ab5abd5,Offers,1f1a3d5b-cb65-4c7e-af4b-e4cdf1c03e4d,Shop,3afc9907-97ef-486c-847c-3749b29b51b0,0,1,7c0a1847-c2e6-48fd-bb05-5aaf63bda73c,true,downloadableSrc,200,image/webp,83248,83248,4a82238de62d7b46c30a4f954ac8e377be612834fbc620b7dc18306ba36a5601,1180,2676,,,bytescale.mobbin.com,f7a1807c1ac98ccf0eecf5078d61346ac9a94ca37a547f5708d580528c9e55c0,/Users/user/mobbin-sides/screen-flows/shop/003-shop-offers-2acd882e-e3ab-4465-9f54-4ec30ab5abd5/001-7c0a1847-c2e6-48fd-bb05-5aaf63bda73c-downloadableSrc-4a82238de62d.webp
2acd882e-e3ab-4465-9f54-4ec30ab5abd5,Offers,1f1a3d5b-cb65-4c7e-af4b-e4cdf1c03e4d,Shop,3afc9907-97ef-486c-847c-3749b29b51b0,1,2,95c912ce-55ff-4829-b3fc-28703e87b388,true,downloadableSrc,200,image/webp,156850,156850,d8addc0ad373774f6b14f8dad4899eacb2b79abc3c854fd77cff070daf1b48d8,1179,2676,,,bytescale.mobbin.com,f7a1807c1ac98ccf0eecf5078d61346ac9a94ca37a547f5708d580528c9e55c0,/Users/user/mobbin-sides/screen-flows/shop/003-shop-offers-2acd882e-e3ab-4465-9f54-4ec30ab5abd5/002-95c912ce-55ff-4829-b3fc-28703e87b388-downloadableSrc-d8addc0ad373.webp
2acd882e-e3ab-4465-9f54-4ec30ab5abd5,Offers,1f1a3d5b-cb65-4c7e-af4b-e4cdf1c03e4d,Shop,3afc9907-97ef-486c-847c-3749b29b51b0,2,3,610b7c0f-52b5-4eae-9b14-39419787a136,true,downloadableSrc,200,image/webp,108440,108440,2aa2f12882f2a1048154590c11beea071f0b4f500664d44e97e67aa63122169b,1179,2676,,,bytescale.mobbin.com,f7a1807c1ac98ccf0eecf5078d61346ac9a94ca37a547f5708d580528c9e55c0,/Users/user/mobbin-sides/screen-flows/shop/003-shop-offers-2acd882e-e3ab-4465-9f54-4ec30ab5abd5/003-610b7c0f-52b5-4eae-9b14-39419787a136-downloadableSrc-2aa2f12882f2.webp
4568e955-b443-4055-b7cf-6c9573958586,Shop Cash activity,1f1a3d5b-cb65-4c7e-af4b-e4cdf1c03e4d,Shop,3afc9907-97ef-486c-847c-3749b29b51b0,0,1,95c912ce-55ff-4829-b3fc-28703e87b388,true,downloadableSrc,200,image/webp,156850,156850,d8addc0ad373774f6b14f8dad4899eacb2b79abc3c854fd77cff070daf1b48d8,1179,2676,,,bytescale.mobbin.com,f7a1807c1ac98ccf0eecf5078d61346ac9a94ca37a547f5708d580528c9e55c0,/Users/user/mobbin-sides/screen-flows/shop/004-shop-shop-cash-activity-4568e955-b443-4055-b7cf-6c9573958586/001-95c912ce-55ff-4829-b3fc-28703e87b388-downloadableSrc-d8addc0ad373.webp
4568e955-b443-4055-b7cf-6c9573958586,Shop Cash activity,1f1a3d5b-cb65-4c7e-af4b-e4cdf1c03e4d,Shop,3afc9907-97ef-486c-847c-3749b29b51b0,1,2,77ad8680-cb5a-4aa2-9321-4126ba6ccafe,true,downloadableSrc,200,image/webp,27886,27886,d8cbfc8544b62cdb9150b8f681b0ecd80dd0dd7834b7822315fd0eedffb4874e,1179,2676,,,bytescale.mobbin.com,f7a1807c1ac98ccf0eecf5078d61346ac9a94ca37a547f5708d580528c9e55c0,/Users/user/mobbin-sides/screen-flows/shop/004-shop-shop-cash-activity-4568e955-b443-4055-b7cf-6c9573958586/002-77ad8680-cb5a-4aa2-9321-4126ba6ccafe-downloadableSrc-d8cbfc8544b6.webp
cc64ace6-a7fc-4f58-9176-78757637f9d1,Shop Cash information,1f1a3d5b-cb65-4c7e-af4b-e4cdf1c03e4d,Shop,3afc9907-97ef-486c-847c-3749b29b51b0,0,1,95c912ce-55ff-4829-b3fc-28703e87b388,true,downloadableSrc,200,image/webp,156850,156850,d8addc0ad373774f6b14f8dad4899eacb2b79abc3c854fd77cff070daf1b48d8,1179,2676,,,bytescale.mobbin.com,f7a1807c1ac98ccf0eecf5078d61346ac9a94ca37a547f5708d580528c9e55c0,/Users/user/mobbin-sides/screen-flows/shop/005-shop-shop-cash-information-cc64ace6-a7fc-4f58-9176-78757637f9d1/001-95c912ce-55ff-4829-b3fc-28703e87b388-downloadableSrc-d8addc0ad373.webp
cc64ace6-a7fc-4f58-9176-78757637f9d1,Shop Cash information,1f1a3d5b-cb65-4c7e-af4b-e4cdf1c03e4d,Shop,3afc9907-97ef-486c-847c-3749b29b51b0,1,2,847d08a0-ea56-4b81-86b3-1aa1c74f97aa,true,downloadableSrc,200,image/webp,83374,83374,5b2b4f81b1aef5d12762e8731d22a3865e379d7830577b73be0491b84f149a11,1179,2676,,,bytescale.mobbin.com,f7a1807c1ac98ccf0eecf5078d61346ac9a94ca37a547f5708d580528c9e55c0,/Users/user/mobbin-sides/screen-flows/shop/005-shop-shop-cash-information-cc64ace6-a7fc-4f58-9176-78757637f9d1/002-847d08a0-ea56-4b81-86b3-1aa1c74f97aa-downloadableSrc-5b2b4f81b1ae.webp
cc64ace6-a7fc-4f58-9176-78757637f9d1,Shop Cash information,1f1a3d5b-cb65-4c7e-af4b-e4cdf1c03e4d,Shop,3afc9907-97ef-486c-847c-3749b29b51b0,2,3,f00f2d78-0173-4ad9-b1e1-6ce45b7e93ab,true,downloadableSrc,200,image/webp,82294,82294,3af4665a7a1a2fa203bbbf6e641ab94353b3fd348455d5e03b9d2a593f6ea2b3,1179,2676,,,bytescale.mobbin.com,f7a1807c1ac98ccf0eecf5078d61346ac9a94ca37a547f5708d580528c9e55c0,/Users/user/mobbin-sides/screen-flows/shop/005-shop-shop-cash-information-cc64ace6-a7fc-4f58-9176-78757637f9d1/003-f00f2d78-0173-4ad9-b1e1-6ce45b7e93ab-downloadableSrc-3af4665a7a1a.webp
c25c6921-5769-44b7-8e43-eafc3af9edb9,Brand detail,1f1a3d5b-cb65-4c7e-af4b-e4cdf1c03e4d,Shop,3afc9907-97ef-486c-847c-3749b29b51b0,0,1,2c8ff31e-d428-4c6e-b3eb-997d28993cba,true,downloadableSrc,200,image/webp,62204,62204,9f65f813dd0dde019803fdf17b638aad3cd5f4530cbc8a6fb38de19f0621ac1f,1180,2676,,,bytescale.mobbin.com,f7a1807c1ac98ccf0eecf5078d61346ac9a94ca37a547f5708d580528c9e55c0,/Users/user/mobbin-sides/screen-flows/shop/006-shop-brand-detail-c25c6921-5769-44b7-8e43-eafc3af9edb9/001-2c8ff31e-d428-4c6e-b3eb-997d28993cba-downloadableSrc-9f65f813dd0d.webp
c25c6921-5769-44b7-8e43-eafc3af9edb9,Brand detail,1f1a3d5b-cb65-4c7e-af4b-e4cdf1c03e4d,Shop,3afc9907-97ef-486c-847c-3749b29b51b0,1,2,6a8e9add-9217-4f51-a351-e86b743df849,true,downloadableSrc,200,image/webp,85630,85630,aa63bc5f3846e4955c2454f51f82f5110f7cb8a4ae67a9ab4e3a30dcad12fe45,1179,2676,,,bytescale.mobbin.com,f7a1807c1ac98ccf0eecf5078d61346ac9a94ca37a547f5708d580528c9e55c0,/Users/user/mobbin-sides/screen-flows/shop/006-shop-brand-detail-c25c6921-5769-44b7-8e43-eafc3af9edb9/002-6a8e9add-9217-4f51-a351-e86b743df849-downloadableSrc-aa63bc5f3846.webp
c25c6921-5769-44b7-8e43-eafc3af9edb9,Brand detail,1f1a3d5b-cb65-4c7e-af4b-e4cdf1c03e4d,Shop,3afc9907-97ef-486c-847c-3749b29b51b0,2,3,23629428-cf27-460d-ad5e-a50e72a33676,true,downloadableSrc,200,image/webp,74944,74944,12559ad60ac2b507c704b166b0fa92fda98697b673420c20df805a8e5a937fa2,1179,2676,,,bytescale.mobbin.com,f7a1807c1ac98ccf0eecf5078d61346ac9a94ca37a547f5708d580528c9e55c0,/Users/user/mobbin-sides/screen-flows/shop/006-shop-brand-detail-c25c6921-5769-44b7-8e43-eafc3af9edb9/003-23629428-cf27-460d-ad5e-a50e72a33676-downloadableSrc-12559ad60ac2.webp
a103ae4d-17a8-43ae-b969-eb98eb220133,Reviews (brand),1f1a3d5b-cb65-4c7e-af4b-e4cdf1c03e4d,Shop,3afc9907-97ef-486c-847c-3749b29b51b0,0,1,6a8e9add-9217-4f51-a351-e86b743df849,true,downloadableSrc,200,image/webp,85630,85630,aa63bc5f3846e4955c2454f51f82f5110f7cb8a4ae67a9ab4e3a30dcad12fe45,1179,2676,,,bytescale.mobbin.com,f7a1807c1ac98ccf0eecf5078d61346ac9a94ca37a547f5708d580528c9e55c0,/Users/user/mobbin-sides/screen-flows/shop/007-shop-reviews-brand-a103ae4d-17a8-43ae-b969-eb98eb220133/001-6a8e9add-9217-4f51-a351-e86b743df849-downloadableSrc-aa63bc5f3846.webp
a103ae4d-17a8-43ae-b969-eb98eb220133,Reviews (brand),1f1a3d5b-cb65-4c7e-af4b-e4cdf1c03e4d,Shop,3afc9907-97ef-486c-847c-3749b29b51b0,1,2,8ee72de3-8dfd-4ac1-bef2-93d034e367f8,true,downloadableSrc,200,image/webp,129244,129244,14526078c30c811665f3d8b3d88fa33f4795e321d7f97376fa16c9ece97db1cf,1179,2676,,,bytescale.mobbin.com,f7a1807c1ac98ccf0eecf5078d61346ac9a94ca37a547f5708d580528c9e55c0,/Users/user/mobbin-sides/screen-flows/shop/007-shop-reviews-brand-a103ae4d-17a8-43ae-b969-eb98eb220133/002-8ee72de3-8dfd-4ac1-bef2-93d034e367f8-downloadableSrc-14526078c30c.webp
a36ea8dd-ff7d-4ecd-93a4-2140d0d51733,Marking review as helpful,1f1a3d5b-cb65-4c7e-af4b-e4cdf1c03e4d,Shop,3afc9907-97ef-486c-847c-3749b29b51b0,0,1,8ee72de3-8dfd-4ac1-bef2-93d034e367f8,true,downloadableSrc,200,image/webp,129244,129244,14526078c30c811665f3d8b3d88fa33f4795e321d7f97376fa16c9ece97db1cf,1179,2676,,,bytescale.mobbin.com,f7a1807c1ac98ccf0eecf5078d61346ac9a94ca37a547f5708d580528c9e55c0,/Users/user/mobbin-sides/screen-flows/shop/008-shop-marking-review-as-helpful-a36ea8dd-ff7d-4ecd-93a4-2140d0d51733/001-8ee72de3-8dfd-4ac1-bef2-93d034e367f8-downloadableSrc-14526078c30c.webp
a36ea8dd-ff7d-4ecd-93a4-2140d0d51733,Marking review as helpful,1f1a3d5b-cb65-4c7e-af4b-e4cdf1c03e4d,Shop,3afc9907-97ef-486c-847c-3749b29b51b0,1,2,1166377e-5e6f-4d35-8ad9-d5b5cad7f757,true,downloadableSrc,200,image/webp,130638,130638,89b9020dc7712046e1e266e427d87ec8e933471ca4ababd6d0047343e411c908,1179,2676,,,bytescale.mobbin.com,f7a1807c1ac98ccf0eecf5078d61346ac9a94ca37a547f5708d580528c9e55c0,/Users/user/mobbin-sides/screen-flows/shop/008-shop-marking-review-as-helpful-a36ea8dd-ff7d-4ecd-93a4-2140d0d51733/002-1166377e-5e6f-4d35-8ad9-d5b5cad7f757-downloadableSrc-89b9020dc771.webp
dcb76b05-b306-4612-a47a-11c25d01b233,Following a brand,1f1a3d5b-cb65-4c7e-af4b-e4cdf1c03e4d,Shop,3afc9907-97ef-486c-847c-3749b29b51b0,0,1,6a8e9add-9217-4f51-a351-e86b743df849,true,downloadableSrc,200,image/webp,85630,85630,aa63bc5f3846e4955c2454f51f82f5110f7cb8a4ae67a9ab4e3a30dcad12fe45,1179,2676,,,bytescale.mobbin.com,f7a1807c1ac98ccf0eecf5078d61346ac9a94ca37a547f5708d580528c9e55c0,/Users/user/mobbin-sides/screen-flows/shop/009-shop-following-a-brand-dcb76b05-b306-4612-a47a-11c25d01b233/001-6a8e9add-9217-4f51-a351-e86b743df849-downloadableSrc-aa63bc5f3846.webp
dcb76b05-b306-4612-a47a-11c25d01b233,Following a brand,1f1a3d5b-cb65-4c7e-af4b-e4cdf1c03e4d,Shop,3afc9907-97ef-486c-847c-3749b29b51b0,1,2,b32e9d4a-3cdf-4261-9821-360289cb6096,true,downloadableSrc,200,image/webp,84882,84882,f2064275b278e0b47a12e5f7111a2423684988ceec95b4b42b04013c1bdd86db,1179,2676,,,bytescale.mobbin.com,f7a1807c1ac98ccf0eecf5078d61346ac9a94ca37a547f5708d580528c9e55c0,/Users/user/mobbin-sides/screen-flows/shop/009-shop-following-a-brand-dcb76b05-b306-4612-a47a-11c25d01b233/002-b32e9d4a-3cdf-4261-9821-360289cb6096-downloadableSrc-f2064275b278.webp
dcb76b05-b306-4612-a47a-11c25d01b233,Following a brand,1f1a3d5b-cb65-4c7e-af4b-e4cdf1c03e4d,Shop,3afc9907-97ef-486c-847c-3749b29b51b0,2,3,4d231de9-9e8c-4736-9f7b-571fb53feda0,true,downloadableSrc,200,image/webp,83862,83862,a861393a0dd07a3603f5564af53919097a3efc77ff5ae4150b7a88af8690d067,1180,2676,,,bytescale.mobbin.com,f7a1807c1ac98ccf0eecf5078d61346ac9a94ca37a547f5708d580528c9e55c0,/Users/user/mobbin-sides/screen-flows/shop/009-shop-following-a-brand-dcb76b05-b306-4612-a47a-11c25d01b233/003-4d231de9-9e8c-4736-9f7b-571fb53feda0-downloadableSrc-a861393a0dd0.webp
504ff883-49a1-4ab1-bf86-5fb691a6eabf,Updating notification settings,1f1a3d5b-cb65-4c7e-af4b-e4cdf1c03e4d,Shop,3afc9907-97ef-486c-847c-3749b29b51b0,0,1,4d231de9-9e8c-4736-9f7b-571fb53feda0,true,downloadableSrc,200,image/webp,83862,83862,a861393a0dd07a3603f5564af53919097a3efc77ff5ae4150b7a88af8690d067,1180,2676,,,bytescale.mobbin.com,f7a1807c1ac98ccf0eecf5078d61346ac9a94ca37a547f5708d580528c9e55c0,/Users/user/mobbin-sides/screen-flows/shop/010-shop-updating-notification-settings-504ff883-49a1-4ab1-bf86-5fb691a6eabf/001-4d231de9-9e8c-4736-9f7b-571fb53feda0-downloadableSrc-a861393a0dd0.webp
504ff883-49a1-4ab1-bf86-5fb691a6eabf,Updating notification settings,1f1a3d5b-cb65-4c7e-af4b-e4cdf1c03e4d,Shop,3afc9907-97ef-486c-847c-3749b29b51b0,1,2,eed74ac2-65dd-44a7-a2a9-11da0cae194b,true,downloadableSrc,200,image/webp,72190,72190,a95c96279577530292c15510f54db4b724d74e686b3a24b0e6e9ac89c1734fa0,1179,2676,,,bytescale.mobbin.com,f7a1807c1ac98ccf0eecf5078d61346ac9a94ca37a547f5708d580528c9e55c0,/Users/user/mobbin-sides/screen-flows/shop/010-shop-updating-notification-settings-504ff883-49a1-4ab1-bf86-5fb691a6eabf/002-eed74ac2-65dd-44a7-a2a9-11da0cae194b-downloadableSrc-a95c96279577.webp
504ff883-49a1-4ab1-bf86-5fb691a6eabf,Updating notification settings,1f1a3d5b-cb65-4c7e-af4b-e4cdf1c03e4d,Shop,3afc9907-97ef-486c-847c-3749b29b51b0,2,3,ab28a4a5-98f5-4463-9053-cfa6464cf6e8,true,downloadableSrc,200,image/webp,72424,72424,b8f4f075dd7d9df57b0a60b14c6062f7dc9c7a4fc58ccf1f440918eda33046bb,1179,2676,,,bytescale.mobbin.com,f7a1807c1ac98ccf0eecf5078d61346ac9a94ca37a547f5708d580528c9e55c0,/Users/user/mobbin-sides/screen-flows/shop/010-shop-updating-notification-settings-504ff883-49a1-4ab1-bf86-5fb691a6eabf/003-ab28a4a5-98f5-4463-9053-cfa6464cf6e8-downloadableSrc-b8f4f075dd7d.webp
504ff883-49a1-4ab1-bf86-5fb691a6eabf,Updating notification settings,1f1a3d5b-cb65-4c7e-af4b-e4cdf1c03e4d,Shop,3afc9907-97ef-486c-847c-3749b29b51b0,3,4,b69de701-c952-4615-8ff7-e36d0a55ae1f,true,downloadableSrc,200,image/webp,85304,85304,dc5126cf3572e60a6ab0749be26909636b629a73990e7db93064d622d7c29709,1179,2676,,,bytescale.mobbin.com,f7a1807c1ac98ccf0eecf5078d61346ac9a94ca37a547f5708d580528c9e55c0,/Users/user/mobbin-sides/screen-flows/shop/010-shop-updating-notification-settings-504ff883-49a1-4ab1-bf86-5fb691a6eabf/004-b69de701-c952-4615-8ff7-e36d0a55ae1f-downloadableSrc-dc5126cf3572.webp
0b5585d2-97f5-43c7-a80b-73fb40380d8d,Contacts,1f1a3d5b-cb65-4c7e-af4b-e4cdf1c03e4d,Shop,3afc9907-97ef-486c-847c-3749b29b51b0,0,1,6a8e9add-9217-4f51-a351-e86b743df849,true,downloadableSrc,200,image/webp,85630,85630,aa63bc5f3846e4955c2454f51f82f5110f7cb8a4ae67a9ab4e3a30dcad12fe45,1179,2676,,,bytescale.mobbin.com,f7a1807c1ac98ccf0eecf5078d61346ac9a94ca37a547f5708d580528c9e55c0,/Users/user/mobbin-sides/screen-flows/shop/011-shop-contacts-0b5585d2-97f5-43c7-a80b-73fb40380d8d/001-6a8e9add-9217-4f51-a351-e86b743df849-downloadableSrc-aa63bc5f3846.webp
0b5585d2-97f5-43c7-a80b-73fb40380d8d,Contacts,1f1a3d5b-cb65-4c7e-af4b-e4cdf1c03e4d,Shop,3afc9907-97ef-486c-847c-3749b29b51b0,1,2,b43ed420-2c44-47f6-a7c1-1a39090be2e4,true,downloadableSrc,200,image/webp,73730,73730,9f9dc0b6ffae376045ca725070f9ca90d2acf5d6488c1a7eb9752af1671c24ea,1179,2676,,,bytescale.mobbin.com,f7a1807c1ac98ccf0eecf5078d61346ac9a94ca37a547f5708d580528c9e55c0,/Users/user/mobbin-sides/screen-flows/shop/011-shop-contacts-0b5585d2-97f5-43c7-a80b-73fb40380d8d/002-b43ed420-2c44-47f6-a7c1-1a39090be2e4-downloadableSrc-9f9dc0b6ffae.webp
0b5585d2-97f5-43c7-a80b-73fb40380d8d,Contacts,1f1a3d5b-cb65-4c7e-af4b-e4cdf1c03e4d,Shop,3afc9907-97ef-486c-847c-3749b29b51b0,2,3,9e97b776-d5e4-440e-b34c-2d4706f18aeb,true,downloadableSrc,200,image/webp,62394,62394,f072537fb07eb50d7a6f48262e7930d9e00ca7aec155cbfdde75a9a9e470a3b7,1179,2676,,,bytescale.mobbin.com,f7a1807c1ac98ccf0eecf5078d61346ac9a94ca37a547f5708d580528c9e55c0,/Users/user/mobbin-sides/screen-flows/shop/011-shop-contacts-0b5585d2-97f5-43c7-a80b-73fb40380d8d/003-9e97b776-d5e4-440e-b34c-2d4706f18aeb-downloadableSrc-f072537fb07e.webp
8459284f-3110-4c2c-8c11-439ed38e43a9,Refund policy,1f1a3d5b-cb65-4c7e-af4b-e4cdf1c03e4d,Shop,3afc9907-97ef-486c-847c-3749b29b51b0,0,1,b43ed420-2c44-47f6-a7c1-1a39090be2e4,true,downloadableSrc,200,image/webp,73730,73730,9f9dc0b6ffae376045ca725070f9ca90d2acf5d6488c1a7eb9752af1671c24ea,1179,2676,,,bytescale.mobbin.com,f7a1807c1ac98ccf0eecf5078d61346ac9a94ca37a547f5708d580528c9e55c0,/Users/user/mobbin-sides/screen-flows/shop/012-shop-refund-policy-8459284f-3110-4c2c-8c11-439ed38e43a9/001-b43ed420-2c44-47f6-a7c1-1a39090be2e4-downloadableSrc-9f9dc0b6ffae.webp
8459284f-3110-4c2c-8c11-439ed38e43a9,Refund policy,1f1a3d5b-cb65-4c7e-af4b-e4cdf1c03e4d,Shop,3afc9907-97ef-486c-847c-3749b29b51b0,1,2,226e3f38-e8b7-4d80-9db7-4a68877aece7,true,downloadableSrc,200,image/webp,62238,62238,7ecaca8806eb7e7775c3865f4cf512cd9fa8f18fb58b757f3bceaf6e9bc55e34,1179,2676,,,bytescale.mobbin.com,f7a1807c1ac98ccf0eecf5078d61346ac9a94ca37a547f5708d580528c9e55c0,/Users/user/mobbin-sides/screen-flows/shop/012-shop-refund-policy-8459284f-3110-4c2c-8c11-439ed38e43a9/002-226e3f38-e8b7-4d80-9db7-4a68877aece7-downloadableSrc-7ecaca8806eb.webp
a2da0ec1-e4ce-4f09-b49f-fed93573d7c9,Reporting a brand,1f1a3d5b-cb65-4c7e-af4b-e4cdf1c03e4d,Shop,3afc9907-97ef-486c-847c-3749b29b51b0,0,1,b43ed420-2c44-47f6-a7c1-1a39090be2e4,true,downloadableSrc,200,image/webp,73730,73730,9f9dc0b6ffae376045ca725070f9ca90d2acf5d6488c1a7eb9752af1671c24ea,1179,2676,,,bytescale.mobbin.com,f7a1807c1ac98ccf0eecf5078d61346ac9a94ca37a547f5708d580528c9e55c0,/Users/user/mobbin-sides/screen-flows/shop/013-shop-reporting-a-brand-a2da0ec1-e4ce-4f09-b49f-fed93573d7c9/001-b43ed420-2c44-47f6-a7c1-1a39090be2e4-downloadableSrc-9f9dc0b6ffae.webp
a2da0ec1-e4ce-4f09-b49f-fed93573d7c9,Reporting a brand,1f1a3d5b-cb65-4c7e-af4b-e4cdf1c03e4d,Shop,3afc9907-97ef-486c-847c-3749b29b51b0,1,2,a0ac1778-f27f-4278-8e32-d8f3f3c02877,true,downloadableSrc,200,image/webp,61816,61816,748684bf25ae44397701f716a7b3d600a5af959af3fad7cdf4074fc75b6f4e6e,1179,2676,,,bytescale.mobbin.com,f7a1807c1ac98ccf0eecf5078d61346ac9a94ca37a547f5708d580528c9e55c0,/Users/user/mobbin-sides/screen-flows/shop/013-shop-reporting-a-brand-a2da0ec1-e4ce-4f09-b49f-fed93573d7c9/002-a0ac1778-f27f-4278-8e32-d8f3f3c02877-downloadableSrc-748684bf25ae.webp
a2da0ec1-e4ce-4f09-b49f-fed93573d7c9,Reporting a brand,1f1a3d5b-cb65-4c7e-af4b-e4cdf1c03e4d,Shop,3afc9907-97ef-486c-847c-3749b29b51b0,2,3,09d28b7e-8b79-433a-abcb-83ffa0ac32df,true,downloadableSrc,200,image/webp,63070,63070,e2bb6be2fd48da021e63309315ae1f8a9b49996a49db0a7c539a408d71e0ab27,1179,2676,,,bytescale.mobbin.com,f7a1807c1ac98ccf0eecf5078d61346ac9a94ca37a547f5708d580528c9e55c0,/Users/user/mobbin-sides/screen-flows/shop/013-shop-reporting-a-brand-a2da0ec1-e4ce-4f09-b49f-fed93573d7c9/003-09d28b7e-8b79-433a-abcb-83ffa0ac32df-downloadableSrc-e2bb6be2fd48.webp
a2da0ec1-e4ce-4f09-b49f-fed93573d7c9,Reporting a brand,1f1a3d5b-cb65-4c7e-af4b-e4cdf1c03e4d,Shop,3afc9907-97ef-486c-847c-3749b29b51b0,3,4,2cef961e-6cf0-46d2-832e-c596da3057f5,true,downloadableSrc,200,image/webp,53656,53656,5ea7abc1d4b057797b245e70827ab2fcd8e5cf20999bc7107c58c11bd19ded14,1179,2676,,,bytescale.mobbin.com,f7a1807c1ac98ccf0eecf5078d61346ac9a94ca37a547f5708d580528c9e55c0,/Users/user/mobbin-sides/screen-flows/shop/013-shop-reporting-a-brand-a2da0ec1-e4ce-4f09-b49f-fed93573d7c9/004-2cef961e-6cf0-46d2-832e-c596da3057f5-downloadableSrc-5ea7abc1d4b0.webp
a2da0ec1-e4ce-4f09-b49f-fed93573d7c9,Reporting a brand,1f1a3d5b-cb65-4c7e-af4b-e4cdf1c03e4d,Shop,3afc9907-97ef-486c-847c-3749b29b51b0,4,5,a199cee7-307d-4ea3-804d-22631cc67f1d,true,downloadableSrc,200,image/webp,55432,55432,c7b8fbc13db0028375236cbeb01177dbc3cabfdf4cf8a82bbe4f99455e7dcbf2,1179,2676,,,bytescale.mobbin.com,f7a1807c1ac98ccf0eecf5078d61346ac9a94ca37a547f5708d580528c9e55c0,/Users/user/mobbin-sides/screen-flows/shop/013-shop-reporting-a-brand-a2da0ec1-e4ce-4f09-b49f-fed93573d7c9/005-a199cee7-307d-4ea3-804d-22631cc67f1d-downloadableSrc-c7b8fbc13db0.webp
a2da0ec1-e4ce-4f09-b49f-fed93573d7c9,Reporting a brand,1f1a3d5b-cb65-4c7e-af4b-e4cdf1c03e4d,Shop,3afc9907-97ef-486c-847c-3749b29b51b0,5,6,39543ec5-256f-46fd-b0b8-bc09910521f1,true,downloadableSrc,200,image/webp,88436,88436,585c7b2893ecfe421908b96b70d976625e2844d1686563be56733d8273602c41,1179,2676,,,bytescale.mobbin.com,f7a1807c1ac98ccf0eecf5078d61346ac9a94ca37a547f5708d580528c9e55c0,/Users/user/mobbin-sides/screen-flows/shop/013-shop-reporting-a-brand-a2da0ec1-e4ce-4f09-b49f-fed93573d7c9/006-39543ec5-256f-46fd-b0b8-bc09910521f1-downloadableSrc-585c7b2893ec.webp
65a43ec4-a460-495b-8323-390e5b4aeded,Collections,1f1a3d5b-cb65-4c7e-af4b-e4cdf1c03e4d,Shop,3afc9907-97ef-486c-847c-3749b29b51b0,0,1,6a8e9add-9217-4f51-a351-e86b743df849,true,downloadableSrc,200,image/webp,85630,85630,aa63bc5f3846e4955c2454f51f82f5110f7cb8a4ae67a9ab4e3a30dcad12fe45,1179,2676,,,bytescale.mobbin.com,f7a1807c1ac98ccf0eecf5078d61346ac9a94ca37a547f5708d580528c9e55c0,/Users/user/mobbin-sides/screen-flows/shop/014-shop-collections-65a43ec4-a460-495b-8323-390e5b4aeded/001-6a8e9add-9217-4f51-a351-e86b743df849-downloadableSrc-aa63bc5f3846.webp
65a43ec4-a460-495b-8323-390e5b4aeded,Collections,1f1a3d5b-cb65-4c7e-af4b-e4cdf1c03e4d,Shop,3afc9907-97ef-486c-847c-3749b29b51b0,1,2,a5d72a1c-a493-4bda-8af2-6b51b12e286c,true,downloadableSrc,200,image/webp,114810,114810,1a5ed642c05664f07c17b120e50113394443cc8309aafe22ede6d1f09a7b1bd8,1179,2676,,,bytescale.mobbin.com,f7a1807c1ac98ccf0eecf5078d61346ac9a94ca37a547f5708d580528c9e55c0,/Users/user/mobbin-sides/screen-flows/shop/014-shop-collections-65a43ec4-a460-495b-8323-390e5b4aeded/002-a5d72a1c-a493-4bda-8af2-6b51b12e286c-downloadableSrc-1a5ed642c056.webp
9cd29a51-8298-46f7-830e-ffed4a63c845,Item detail,1f1a3d5b-cb65-4c7e-af4b-e4cdf1c03e4d,Shop,3afc9907-97ef-486c-847c-3749b29b51b0,0,1,23629428-cf27-460d-ad5e-a50e72a33676,true,downloadableSrc,200,image/webp,74944,74944,12559ad60ac2b507c704b166b0fa92fda98697b673420c20df805a8e5a937fa2,1179,2676,,,bytescale.mobbin.com,f7a1807c1ac98ccf0eecf5078d61346ac9a94ca37a547f5708d580528c9e55c0,/Users/user/mobbin-sides/screen-flows/shop/015-shop-item-detail-9cd29a51-8298-46f7-830e-ffed4a63c845/001-23629428-cf27-460d-ad5e-a50e72a33676-downloadableSrc-12559ad60ac2.webp
9cd29a51-8298-46f7-830e-ffed4a63c845,Item detail,1f1a3d5b-cb65-4c7e-af4b-e4cdf1c03e4d,Shop,3afc9907-97ef-486c-847c-3749b29b51b0,1,2,3cd8e124-bf2a-4325-ac70-0bc66b8c6418,true,downloadableSrc,200,image/webp,62048,62048,b0e75a3351ac8aca4b1361e9275d6e3317a9d221d863c4bb2862f37e46f0f93e,1179,2676,,,bytescale.mobbin.com,f7a1807c1ac98ccf0eecf5078d61346ac9a94ca37a547f5708d580528c9e55c0,/Users/user/mobbin-sides/screen-flows/shop/015-shop-item-detail-9cd29a51-8298-46f7-830e-ffed4a63c845/002-3cd8e124-bf2a-4325-ac70-0bc66b8c6418-downloadableSrc-b0e75a3351ac.webp
9cd29a51-8298-46f7-830e-ffed4a63c845,Item detail,1f1a3d5b-cb65-4c7e-af4b-e4cdf1c03e4d,Shop,3afc9907-97ef-486c-847c-3749b29b51b0,2,3,ae518cd8-a325-4bec-a088-21042d0ca8ed,true,downloadableSrc,200,image/webp,142138,142138,5613860c10632bf7a97cff9b4366f335c3a5fe8bed4c865fe8dbd96a358cfd14,1179,2676,,,bytescale.mobbin.com,f7a1807c1ac98ccf0eecf5078d61346ac9a94ca37a547f5708d580528c9e55c0,/Users/user/mobbin-sides/screen-flows/shop/015-shop-item-detail-9cd29a51-8298-46f7-830e-ffed4a63c845/003-ae518cd8-a325-4bec-a088-21042d0ca8ed-downloadableSrc-5613860c1063.webp
9cd29a51-8298-46f7-830e-ffed4a63c845,Item detail,1f1a3d5b-cb65-4c7e-af4b-e4cdf1c03e4d,Shop,3afc9907-97ef-486c-847c-3749b29b51b0,3,4,e1c55d89-c7fc-4ba2-8a19-5de2cba29f75,true,downloadableSrc,200,image/webp,92452,92452,eb04c283b9b479e4599d5ad4dbfbb4fe41c04da45fd1cf103649e115f71abbcf,1179,2676,,,bytescale.mobbin.com,f7a1807c1ac98ccf0eecf5078d61346ac9a94ca37a547f5708d580528c9e55c0,/Users/user/mobbin-sides/screen-flows/shop/015-shop-item-detail-9cd29a51-8298-46f7-830e-ffed4a63c845/004-e1c55d89-c7fc-4ba2-8a19-5de2cba29f75-downloadableSrc-eb04c283b9b4.webp
9cd29a51-8298-46f7-830e-ffed4a63c845,Item detail,1f1a3d5b-cb65-4c7e-af4b-e4cdf1c03e4d,Shop,3afc9907-97ef-486c-847c-3749b29b51b0,4,5,7866d77d-0334-444e-8be9-f43c05489fea,true,downloadableSrc,200,image/webp,58542,58542,6e772433e2124d2075cd31bb0ed90e1276e5aea9cb40339c365d40f8a3e0616d,1179,2676,,,bytescale.mobbin.com,f7a1807c1ac98ccf0eecf5078d61346ac9a94ca37a547f5708d580528c9e55c0,/Users/user/mobbin-sides/screen-flows/shop/015-shop-item-detail-9cd29a51-8298-46f7-830e-ffed4a63c845/005-7866d77d-0334-444e-8be9-f43c05489fea-downloadableSrc-6e772433e212.webp
9cd29a51-8298-46f7-830e-ffed4a63c845,Item detail,1f1a3d5b-cb65-4c7e-af4b-e4cdf1c03e4d,Shop,3afc9907-97ef-486c-847c-3749b29b51b0,5,6,4df6a8cd-6073-40b4-8928-d4188de1a7a6,true,downloadableSrc,200,image/webp,72074,72074,eb5d7ec6d684c8af86003633242a015085b3fc020e86cea60615a4caa097efeb,1179,2676,,,bytescale.mobbin.com,f7a1807c1ac98ccf0eecf5078d61346ac9a94ca37a547f5708d580528c9e55c0,/Users/user/mobbin-sides/screen-flows/shop/015-shop-item-detail-9cd29a51-8298-46f7-830e-ffed4a63c845/006-4df6a8cd-6073-40b4-8928-d4188de1a7a6-downloadableSrc-eb5d7ec6d684.webp
b2d8a914-4b93-4ca6-85b6-304c5e0d9f11,Adding to cart,1f1a3d5b-cb65-4c7e-af4b-e4cdf1c03e4d,Shop,3afc9907-97ef-486c-847c-3749b29b51b0,0,1,3cd8e124-bf2a-4325-ac70-0bc66b8c6418,true,downloadableSrc,200,image/webp,62048,62048,b0e75a3351ac8aca4b1361e9275d6e3317a9d221d863c4bb2862f37e46f0f93e,1179,2676,,,bytescale.mobbin.com,f7a1807c1ac98ccf0eecf5078d61346ac9a94ca37a547f5708d580528c9e55c0,/Users/user/mobbin-sides/screen-flows/shop/016-shop-adding-to-cart-b2d8a914-4b93-4ca6-85b6-304c5e0d9f11/001-3cd8e124-bf2a-4325-ac70-0bc66b8c6418-downloadableSrc-b0e75a3351ac.webp
b2d8a914-4b93-4ca6-85b6-304c5e0d9f11,Adding to cart,1f1a3d5b-cb65-4c7e-af4b-e4cdf1c03e4d,Shop,3afc9907-97ef-486c-847c-3749b29b51b0,1,2,ab74f4ef-7551-4317-83c0-2ba59d6b969e,true,downloadableSrc,200,image/webp,82660,82660,0bb0b55f57451a74ca57d737d4425c99971a5444e75856cab6b5078372e64ee2,1180,2676,,,bytescale.mobbin.com,f7a1807c1ac98ccf0eecf5078d61346ac9a94ca37a547f5708d580528c9e55c0,/Users/user/mobbin-sides/screen-flows/shop/016-shop-adding-to-cart-b2d8a914-4b93-4ca6-85b6-304c5e0d9f11/002-ab74f4ef-7551-4317-83c0-2ba59d6b969e-downloadableSrc-0bb0b55f5745.webp
b2d8a914-4b93-4ca6-85b6-304c5e0d9f11,Adding to cart,1f1a3d5b-cb65-4c7e-af4b-e4cdf1c03e4d,Shop,3afc9907-97ef-486c-847c-3749b29b51b0,2,3,c720c4b6-89d6-4316-9857-3055e09b5cf4,true,downloadableSrc,200,image/webp,87570,87570,d3312eb60709e422588fba95a477504960d5d80adb0831c7ac59d63b273326ff,1180,2676,,,bytescale.mobbin.com,f7a1807c1ac98ccf0eecf5078d61346ac9a94ca37a547f5708d580528c9e55c0,/Users/user/mobbin-sides/screen-flows/shop/016-shop-adding-to-cart-b2d8a914-4b93-4ca6-85b6-304c5e0d9f11/003-c720c4b6-89d6-4316-9857-3055e09b5cf4-downloadableSrc-d3312eb60709.webp
b2d8a914-4b93-4ca6-85b6-304c5e0d9f11,Adding to cart,1f1a3d5b-cb65-4c7e-af4b-e4cdf1c03e4d,Shop,3afc9907-97ef-486c-847c-3749b29b51b0,3,4,37781d28-3435-4083-af0d-8ab842b99da8,true,downloadableSrc,200,image/webp,85542,85542,6184afda95f6cb9917caf31091767078c8ab4f0fbca17ac37e6e4aca3fe1572a,1180,2676,,,bytescale.mobbin.com,f7a1807c1ac98ccf0eecf5078d61346ac9a94ca37a547f5708d580528c9e55c0,/Users/user/mobbin-sides/screen-flows/shop/016-shop-adding-to-cart-b2d8a914-4b93-4ca6-85b6-304c5e0d9f11/004-37781d28-3435-4083-af0d-8ab842b99da8-downloadableSrc-6184afda95f6.webp
b2d8a914-4b93-4ca6-85b6-304c5e0d9f11,Adding to cart,1f1a3d5b-cb65-4c7e-af4b-e4cdf1c03e4d,Shop,3afc9907-97ef-486c-847c-3749b29b51b0,4,5,fd725a82-0ad8-423a-8f10-9ee0cb5b5ee2,true,downloadableSrc,200,image/webp,54986,54986,ab037acf8f8caf09baeb807f2fb0f66207da4120b79cbdeecfcf00260c46cda9,1180,2676,,,bytescale.mobbin.com,f7a1807c1ac98ccf0eecf5078d61346ac9a94ca37a547f5708d580528c9e55c0,/Users/user/mobbin-sides/screen-flows/shop/016-shop-adding-to-cart-b2d8a914-4b93-4ca6-85b6-304c5e0d9f11/005-fd725a82-0ad8-423a-8f10-9ee0cb5b5ee2-downloadableSrc-ab037acf8f8c.webp
f77727e0-d216-42ea-afe6-f7592d86c432,Purchasing an item,1f1a3d5b-cb65-4c7e-af4b-e4cdf1c03e4d,Shop,3afc9907-97ef-486c-847c-3749b29b51b0,0,1,fd725a82-0ad8-423a-8f10-9ee0cb5b5ee2,true,downloadableSrc,200,image/webp,54986,54986,ab037acf8f8caf09baeb807f2fb0f66207da4120b79cbdeecfcf00260c46cda9,1180,2676,,,bytescale.mobbin.com,f7a1807c1ac98ccf0eecf5078d61346ac9a94ca37a547f5708d580528c9e55c0,/Users/user/mobbin-sides/screen-flows/shop/017-shop-purchasing-an-item-f77727e0-d216-42ea-afe6-f7592d86c432/001-fd725a82-0ad8-423a-8f10-9ee0cb5b5ee2-downloadableSrc-ab037acf8f8c.webp
f77727e0-d216-42ea-afe6-f7592d86c432,Purchasing an item,1f1a3d5b-cb65-4c7e-af4b-e4cdf1c03e4d,Shop,3afc9907-97ef-486c-847c-3749b29b51b0,1,2,bfbb96e3-3a6a-4b48-8667-de8a944fc9e3,true,downloadableSrc,200,image/webp,95760,95760,7a563cad3bfd928dc9173eac1af8ca410732592ff1799fc805dcca1539709a9e,1180,2676,,,bytescale.mobbin.com,f7a1807c1ac98ccf0eecf5078d61346ac9a94ca37a547f5708d580528c9e55c0,/Users/user/mobbin-sides/screen-flows/shop/017-shop-purchasing-an-item-f77727e0-d216-42ea-afe6-f7592d86c432/002-bfbb96e3-3a6a-4b48-8667-de8a944fc9e3-downloadableSrc-7a563cad3bfd.webp
f77727e0-d216-42ea-afe6-f7592d86c432,Purchasing an item,1f1a3d5b-cb65-4c7e-af4b-e4cdf1c03e4d,Shop,3afc9907-97ef-486c-847c-3749b29b51b0,2,3,3079dcae-8672-4fda-83d3-40ed4c8345bf,true,downloadableSrc,200,image/webp,59642,59642,6ab2bdfdec505d9c72b3977437b1b4df44defc7ae97fc8d3328c6c03c8c02981,1180,2676,,,bytescale.mobbin.com,f7a1807c1ac98ccf0eecf5078d61346ac9a94ca37a547f5708d580528c9e55c0,/Users/user/mobbin-sides/screen-flows/shop/017-shop-purchasing-an-item-f77727e0-d216-42ea-afe6-f7592d86c432/003-3079dcae-8672-4fda-83d3-40ed4c8345bf-downloadableSrc-6ab2bdfdec50.webp
f77727e0-d216-42ea-afe6-f7592d86c432,Purchasing an item,1f1a3d5b-cb65-4c7e-af4b-e4cdf1c03e4d,Shop,3afc9907-97ef-486c-847c-3749b29b51b0,3,4,71b79a67-8b1f-4523-ad54-ebba21a2f7c9,true,downloadableSrc,200,image/webp,82206,82206,b98fd2b948d8d3078b628fe58f29f0ea9f72f47ebd6b0a0991d070a1cd52fa0d,1180,2676,,,bytescale.mobbin.com,f7a1807c1ac98ccf0eecf5078d61346ac9a94ca37a547f5708d580528c9e55c0,/Users/user/mobbin-sides/screen-flows/shop/017-shop-purchasing-an-item-f77727e0-d216-42ea-afe6-f7592d86c432/004-71b79a67-8b1f-4523-ad54-ebba21a2f7c9-downloadableSrc-b98fd2b948d8.webp
f77727e0-d216-42ea-afe6-f7592d86c432,Purchasing an item,1f1a3d5b-cb65-4c7e-af4b-e4cdf1c03e4d,Shop,3afc9907-97ef-486c-847c-3749b29b51b0,4,5,221e7a47-c3e6-468e-8888-dcb59dc3e7dd,true,downloadableSrc,200,image/webp,42980,42980,76016c35ef289d2e850d7465198419819b463db4c0e63604b756b05a2cb62fc2,1180,2676,,,bytescale.mobbin.com,f7a1807c1ac98ccf0eecf5078d61346ac9a94ca37a547f5708d580528c9e55c0,/Users/user/mobbin-sides/screen-flows/shop/017-shop-purchasing-an-item-f77727e0-d216-42ea-afe6-f7592d86c432/005-221e7a47-c3e6-468e-8888-dcb59dc3e7dd-downloadableSrc-76016c35ef28.webp
f77727e0-d216-42ea-afe6-f7592d86c432,Purchasing an item,1f1a3d5b-cb65-4c7e-af4b-e4cdf1c03e4d,Shop,3afc9907-97ef-486c-847c-3749b29b51b0,5,6,001880b5-a10f-48c8-bbfa-b79c371d5831,true,downloadableSrc,200,image/webp,67512,67512,62f766f71682a8bdb3479d7850d4ef3e626cf72151e4861331fcd9c0f6468c2a,1180,2676,,,bytescale.mobbin.com,f7a1807c1ac98ccf0eecf5078d61346ac9a94ca37a547f5708d580528c9e55c0,/Users/user/mobbin-sides/screen-flows/shop/017-shop-purchasing-an-item-f77727e0-d216-42ea-afe6-f7592d86c432/006-001880b5-a10f-48c8-bbfa-b79c371d5831-downloadableSrc-62f766f71682.webp
b8d8569c-3822-41ad-bcd5-b77153899584,Adding a shipment address,1f1a3d5b-cb65-4c7e-af4b-e4cdf1c03e4d,Shop,3afc9907-97ef-486c-847c-3749b29b51b0,0,1,bfbb96e3-3a6a-4b48-8667-de8a944fc9e3,true,downloadableSrc,200,image/webp,95760,95760,7a563cad3bfd928dc9173eac1af8ca410732592ff1799fc805dcca1539709a9e,1180,2676,,,bytescale.mobbin.com,f7a1807c1ac98ccf0eecf5078d61346ac9a94ca37a547f5708d580528c9e55c0,/Users/user/mobbin-sides/screen-flows/shop/018-shop-adding-a-shipment-address-b8d8569c-3822-41ad-bcd5-b77153899584/001-bfbb96e3-3a6a-4b48-8667-de8a944fc9e3-downloadableSrc-7a563cad3bfd.webp
b8d8569c-3822-41ad-bcd5-b77153899584,Adding a shipment address,1f1a3d5b-cb65-4c7e-af4b-e4cdf1c03e4d,Shop,3afc9907-97ef-486c-847c-3749b29b51b0,1,2,8c8184c7-1d93-446d-99f1-ef0a2a4d5946,true,downloadableSrc,200,image/webp,71608,71608,f51c436aa81a043f2fc81f12a3802132f3cf7aef866b330b1fceacdd138f0b19,1180,2676,,,bytescale.mobbin.com,f7a1807c1ac98ccf0eecf5078d61346ac9a94ca37a547f5708d580528c9e55c0,/Users/user/mobbin-sides/screen-flows/shop/018-shop-adding-a-shipment-address-b8d8569c-3822-41ad-bcd5-b77153899584/002-8c8184c7-1d93-446d-99f1-ef0a2a4d5946-downloadableSrc-f51c436aa81a.webp
b8d8569c-3822-41ad-bcd5-b77153899584,Adding a shipment address,1f1a3d5b-cb65-4c7e-af4b-e4cdf1c03e4d,Shop,3afc9907-97ef-486c-847c-3749b29b51b0,2,3,ac86998c-043e-43fd-bc3e-fc8f50e9947e,true,downloadableSrc,200,image/webp,41046,41046,505ca7a6e030e1f8881900f41abda1031dee6c440ff0416ebe73fab924b77a22,1180,2676,,,bytescale.mobbin.com,f7a1807c1ac98ccf0eecf5078d61346ac9a94ca37a547f5708d580528c9e55c0,/Users/user/mobbin-sides/screen-flows/shop/018-shop-adding-a-shipment-address-b8d8569c-3822-41ad-bcd5-b77153899584/003-ac86998c-043e-43fd-bc3e-fc8f50e9947e-downloadableSrc-505ca7a6e030.webp
b8d8569c-3822-41ad-bcd5-b77153899584,Adding a shipment address,1f1a3d5b-cb65-4c7e-af4b-e4cdf1c03e4d,Shop,3afc9907-97ef-486c-847c-3749b29b51b0,3,4,de3c01ec-c79d-48d3-a426-7168d3a10de8,true,downloadableSrc,200,image/webp,61890,61890,0c81a1abe45297d87403d197b8115bc5b29a42a1f56512b9961af9e9b3847624,1180,2676,,,bytescale.mobbin.com,f7a1807c1ac98ccf0eecf5078d61346ac9a94ca37a547f5708d580528c9e55c0,/Users/user/mobbin-sides/screen-flows/shop/018-shop-adding-a-shipment-address-b8d8569c-3822-41ad-bcd5-b77153899584/004-de3c01ec-c79d-48d3-a426-7168d3a10de8-downloadableSrc-0c81a1abe452.webp
b8d8569c-3822-41ad-bcd5-b77153899584,Adding a shipment address,1f1a3d5b-cb65-4c7e-af4b-e4cdf1c03e4d,Shop,3afc9907-97ef-486c-847c-3749b29b51b0,4,5,f9846891-bf0f-4d13-8414-b49fca917681,true,downloadableSrc,200,image/webp,44412,44412,e4afb6e0888e51abbe38d241ff65a29d1877422d08841b9c95c4deddfef0a620,1180,2676,,,bytescale.mobbin.com,f7a1807c1ac98ccf0eecf5078d61346ac9a94ca37a547f5708d580528c9e55c0,/Users/user/mobbin-sides/screen-flows/shop/018-shop-adding-a-shipment-address-b8d8569c-3822-41ad-bcd5-b77153899584/005-f9846891-bf0f-4d13-8414-b49fca917681-downloadableSrc-e4afb6e0888e.webp
b8d8569c-3822-41ad-bcd5-b77153899584,Adding a shipment address,1f1a3d5b-cb65-4c7e-af4b-e4cdf1c03e4d,Shop,3afc9907-97ef-486c-847c-3749b29b51b0,5,6,0efb8274-2144-45b4-9c45-11651d56c004,true,downloadableSrc,200,image/webp,47474,47474,dfb4b3620149c87c3329de7bac4e06f07a617efcef48c643b0d4da4a48835a49,1179,2676,,,bytescale.mobbin.com,f7a1807c1ac98ccf0eecf5078d61346ac9a94ca37a547f5708d580528c9e55c0,/Users/user/mobbin-sides/screen-flows/shop/018-shop-adding-a-shipment-address-b8d8569c-3822-41ad-bcd5-b77153899584/006-0efb8274-2144-45b4-9c45-11651d56c004-downloadableSrc-dfb4b3620149.webp
b8d8569c-3822-41ad-bcd5-b77153899584,Adding a shipment address,1f1a3d5b-cb65-4c7e-af4b-e4cdf1c03e4d,Shop,3afc9907-97ef-486c-847c-3749b29b51b0,6,7,3ab1b130-7a27-489e-82f7-bd649464c031,true,downloadableSrc,200,image/webp,77736,77736,57657dd33e2edbaa1cd4854f8a3c8a37a1b8bb271fe776e61d43bee65b9ddda8,1180,2676,,,bytescale.mobbin.com,f7a1807c1ac98ccf0eecf5078d61346ac9a94ca37a547f5708d580528c9e55c0,/Users/user/mobbin-sides/screen-flows/shop/018-shop-adding-a-shipment-address-b8d8569c-3822-41ad-bcd5-b77153899584/007-3ab1b130-7a27-489e-82f7-bd649464c031-downloadableSrc-57657dd33e2e.webp
7c845140-ba01-4327-b677-fb661c1abe29,Selecting shipping method,1f1a3d5b-cb65-4c7e-af4b-e4cdf1c03e4d,Shop,3afc9907-97ef-486c-847c-3749b29b51b0,0,1,bfbb96e3-3a6a-4b48-8667-de8a944fc9e3,true,downloadableSrc,200,image/webp,95760,95760,7a563cad3bfd928dc9173eac1af8ca410732592ff1799fc805dcca1539709a9e,1180,2676,,,bytescale.mobbin.com,f7a1807c1ac98ccf0eecf5078d61346ac9a94ca37a547f5708d580528c9e55c0,/Users/user/mobbin-sides/screen-flows/shop/019-shop-selecting-shipping-method-7c845140-ba01-4327-b677-fb661c1abe29/001-bfbb96e3-3a6a-4b48-8667-de8a944fc9e3-downloadableSrc-7a563cad3bfd.webp
7c845140-ba01-4327-b677-fb661c1abe29,Selecting shipping method,1f1a3d5b-cb65-4c7e-af4b-e4cdf1c03e4d,Shop,3afc9907-97ef-486c-847c-3749b29b51b0,1,2,b295f49b-e83f-40e1-9b7f-20b3bea7c5a2,true,downloadableSrc,200,image/webp,85970,85970,43c8f1b90a7fb1259c3e458897d4b13267a00e4014aa31995c24320a9fd3148a,1180,2676,,,bytescale.mobbin.com,f7a1807c1ac98ccf0eecf5078d61346ac9a94ca37a547f5708d580528c9e55c0,/Users/user/mobbin-sides/screen-flows/shop/019-shop-selecting-shipping-method-7c845140-ba01-4327-b677-fb661c1abe29/002-b295f49b-e83f-40e1-9b7f-20b3bea7c5a2-downloadableSrc-43c8f1b90a7f.webp
7c845140-ba01-4327-b677-fb661c1abe29,Selecting shipping method,1f1a3d5b-cb65-4c7e-af4b-e4cdf1c03e4d,Shop,3afc9907-97ef-486c-847c-3749b29b51b0,2,3,e8f9ba04-242f-48ec-b669-61c30b244dfb,true,downloadableSrc,200,image/webp,86380,86380,3476aa02b1570f60402028b4a67f8a69bbedfd56dcb9aea921f3b68a59c8522c,1180,2676,,,bytescale.mobbin.com,f7a1807c1ac98ccf0eecf5078d61346ac9a94ca37a547f5708d580528c9e55c0,/Users/user/mobbin-sides/screen-flows/shop/019-shop-selecting-shipping-method-7c845140-ba01-4327-b677-fb661c1abe29/003-e8f9ba04-242f-48ec-b669-61c30b244dfb-downloadableSrc-3476aa02b157.webp
8a88c0e9-548c-4837-8384-c610f3241038,View order receipt,1f1a3d5b-cb65-4c7e-af4b-e4cdf1c03e4d,Shop,3afc9907-97ef-486c-847c-3749b29b51b0,0,1,001880b5-a10f-48c8-bbfa-b79c371d5831,true,downloadableSrc,200,image/webp,67512,67512,62f766f71682a8bdb3479d7850d4ef3e626cf72151e4861331fcd9c0f6468c2a,1180,2676,,,bytescale.mobbin.com,f7a1807c1ac98ccf0eecf5078d61346ac9a94ca37a547f5708d580528c9e55c0,/Users/user/mobbin-sides/screen-flows/shop/020-shop-view-order-receipt-8a88c0e9-548c-4837-8384-c610f3241038/001-001880b5-a10f-48c8-bbfa-b79c371d5831-downloadableSrc-62f766f71682.webp
8a88c0e9-548c-4837-8384-c610f3241038,View order receipt,1f1a3d5b-cb65-4c7e-af4b-e4cdf1c03e4d,Shop,3afc9907-97ef-486c-847c-3749b29b51b0,1,2,f772b1c0-f050-4195-bcb6-7907a6f74ff0,true,downloadableSrc,200,image/webp,73282,73282,58df3697eaffd8e84a36c5fcc065224f3f22be4a1f82643ec25048fdb58937bd,1179,2676,,,bytescale.mobbin.com,f7a1807c1ac98ccf0eecf5078d61346ac9a94ca37a547f5708d580528c9e55c0,/Users/user/mobbin-sides/screen-flows/shop/020-shop-view-order-receipt-8a88c0e9-548c-4837-8384-c610f3241038/002-f772b1c0-f050-4195-bcb6-7907a6f74ff0-downloadableSrc-58df3697eaff.webp
8a88c0e9-548c-4837-8384-c610f3241038,View order receipt,1f1a3d5b-cb65-4c7e-af4b-e4cdf1c03e4d,Shop,3afc9907-97ef-486c-847c-3749b29b51b0,2,3,8c8c7042-ea4f-4687-8590-9615b93e05df,true,downloadableSrc,200,image/webp,71354,71354,65429effa4507de608be9cd2b273a3a977a98b8dc5768c45930a79830b1749d4,1179,2676,,,bytescale.mobbin.com,f7a1807c1ac98ccf0eecf5078d61346ac9a94ca37a547f5708d580528c9e55c0,/Users/user/mobbin-sides/screen-flows/shop/020-shop-view-order-receipt-8a88c0e9-548c-4837-8384-c610f3241038/003-8c8c7042-ea4f-4687-8590-9615b93e05df-downloadableSrc-65429effa450.webp
982e58bd-8ea6-47ca-bdaf-eb931513894e,Deleting item from cart,1f1a3d5b-cb65-4c7e-af4b-e4cdf1c03e4d,Shop,3afc9907-97ef-486c-847c-3749b29b51b0,0,1,fd725a82-0ad8-423a-8f10-9ee0cb5b5ee2,true,downloadableSrc,200,image/webp,54986,54986,ab037acf8f8caf09baeb807f2fb0f66207da4120b79cbdeecfcf00260c46cda9,1180,2676,,,bytescale.mobbin.com,f7a1807c1ac98ccf0eecf5078d61346ac9a94ca37a547f5708d580528c9e55c0,/Users/user/mobbin-sides/screen-flows/shop/021-shop-deleting-item-from-cart-982e58bd-8ea6-47ca-bdaf-eb931513894e/001-fd725a82-0ad8-423a-8f10-9ee0cb5b5ee2-downloadableSrc-ab037acf8f8c.webp
982e58bd-8ea6-47ca-bdaf-eb931513894e,Deleting item from cart,1f1a3d5b-cb65-4c7e-af4b-e4cdf1c03e4d,Shop,3afc9907-97ef-486c-847c-3749b29b51b0,1,2,9a829417-5343-4a7e-b4ea-f1fcb63e04a7,true,downloadableSrc,200,image/webp,50932,50932,7c11f7fb01664aedaa994b89e5dd3dc98a028f7a9a1c49f0d9b8dafd26be5f26,1179,2676,,,bytescale.mobbin.com,f7a1807c1ac98ccf0eecf5078d61346ac9a94ca37a547f5708d580528c9e55c0,/Users/user/mobbin-sides/screen-flows/shop/021-shop-deleting-item-from-cart-982e58bd-8ea6-47ca-bdaf-eb931513894e/002-9a829417-5343-4a7e-b4ea-f1fcb63e04a7-downloadableSrc-7c11f7fb0166.webp
9f2d69ef-2be6-4dfd-93de-0695b276278b,Reviews (item),1f1a3d5b-cb65-4c7e-af4b-e4cdf1c03e4d,Shop,3afc9907-97ef-486c-847c-3749b29b51b0,0,1,7866d77d-0334-444e-8be9-f43c05489fea,true,downloadableSrc,200,image/webp,58542,58542,6e772433e2124d2075cd31bb0ed90e1276e5aea9cb40339c365d40f8a3e0616d,1179,2676,,,bytescale.mobbin.com,f7a1807c1ac98ccf0eecf5078d61346ac9a94ca37a547f5708d580528c9e55c0,/Users/user/mobbin-sides/screen-flows/shop/022-shop-reviews-item-9f2d69ef-2be6-4dfd-93de-0695b276278b/001-7866d77d-0334-444e-8be9-f43c05489fea-downloadableSrc-6e772433e212.webp
9f2d69ef-2be6-4dfd-93de-0695b276278b,Reviews (item),1f1a3d5b-cb65-4c7e-af4b-e4cdf1c03e4d,Shop,3afc9907-97ef-486c-847c-3749b29b51b0,1,2,983a1cee-9269-46f3-9f4f-42d632b5e14f,true,downloadableSrc,200,image/webp,109902,109902,208207e44ad1eb821314e8e7bdf78f1ffe95399a2ccbb9323f4c10e8d32329bc,1179,2676,,,bytescale.mobbin.com,f7a1807c1ac98ccf0eecf5078d61346ac9a94ca37a547f5708d580528c9e55c0,/Users/user/mobbin-sides/screen-flows/shop/022-shop-reviews-item-9f2d69ef-2be6-4dfd-93de-0695b276278b/002-983a1cee-9269-46f3-9f4f-42d632b5e14f-downloadableSrc-208207e44ad1.webp
07a42452-d669-409c-93ac-b08de3027dc4,Reporting a review,1f1a3d5b-cb65-4c7e-af4b-e4cdf1c03e4d,Shop,3afc9907-97ef-486c-847c-3749b29b51b0,0,1,983a1cee-9269-46f3-9f4f-42d632b5e14f,true,downloadableSrc,200,image/webp,109902,109902,208207e44ad1eb821314e8e7bdf78f1ffe95399a2ccbb9323f4c10e8d32329bc,1179,2676,,,bytescale.mobbin.com,f7a1807c1ac98ccf0eecf5078d61346ac9a94ca37a547f5708d580528c9e55c0,/Users/user/mobbin-sides/screen-flows/shop/023-shop-reporting-a-review-07a42452-d669-409c-93ac-b08de3027dc4/001-983a1cee-9269-46f3-9f4f-42d632b5e14f-downloadableSrc-208207e44ad1.webp
07a42452-d669-409c-93ac-b08de3027dc4,Reporting a review,1f1a3d5b-cb65-4c7e-af4b-e4cdf1c03e4d,Shop,3afc9907-97ef-486c-847c-3749b29b51b0,1,2,f1df6111-ec8c-4bf4-ab93-1c050699aa5f,true,downloadableSrc,200,image/webp,64412,64412,8bde59961efaefb3516d980ba0e3f3defa167fcdd670fa0e912d6c42503a5137,1179,2676,,,bytescale.mobbin.com,f7a1807c1ac98ccf0eecf5078d61346ac9a94ca37a547f5708d580528c9e55c0,/Users/user/mobbin-sides/screen-flows/shop/023-shop-reporting-a-review-07a42452-d669-409c-93ac-b08de3027dc4/002-f1df6111-ec8c-4bf4-ab93-1c050699aa5f-downloadableSrc-8bde59961efa.webp
07a42452-d669-409c-93ac-b08de3027dc4,Reporting a review,1f1a3d5b-cb65-4c7e-af4b-e4cdf1c03e4d,Shop,3afc9907-97ef-486c-847c-3749b29b51b0,2,3,b8fbb682-11a2-4faa-88f1-587fd24229f1,true,downloadableSrc,200,image/webp,126020,126020,1ed440287c4b5ef704af8fe395e25abaf3f8bb6050c92fb674db65c7bb858fdb,1179,2676,,,bytescale.mobbin.com,f7a1807c1ac98ccf0eecf5078d61346ac9a94ca37a547f5708d580528c9e55c0,/Users/user/mobbin-sides/screen-flows/shop/023-shop-reporting-a-review-07a42452-d669-409c-93ac-b08de3027dc4/003-b8fbb682-11a2-4faa-88f1-587fd24229f1-downloadableSrc-1ed440287c4b.webp
07a42452-d669-409c-93ac-b08de3027dc4,Reporting a review,1f1a3d5b-cb65-4c7e-af4b-e4cdf1c03e4d,Shop,3afc9907-97ef-486c-847c-3749b29b51b0,3,4,eca7a4a4-1867-4ebc-925e-b6df8793409b,true,downloadableSrc,200,image/webp,127348,127348,b9e104d42987883bc1d8b6626429295276d5aa1caf6ce700d95320718330f597,1179,2676,,,bytescale.mobbin.com,f7a1807c1ac98ccf0eecf5078d61346ac9a94ca37a547f5708d580528c9e55c0,/Users/user/mobbin-sides/screen-flows/shop/023-shop-reporting-a-review-07a42452-d669-409c-93ac-b08de3027dc4/004-eca7a4a4-1867-4ebc-925e-b6df8793409b-downloadableSrc-b9e104d42987.webp
07a42452-d669-409c-93ac-b08de3027dc4,Reporting a review,1f1a3d5b-cb65-4c7e-af4b-e4cdf1c03e4d,Shop,3afc9907-97ef-486c-847c-3749b29b51b0,4,5,8b815725-5e61-45fb-8244-b2dc60ccd806,true,downloadableSrc,200,image/webp,99930,99930,b6b8ed06623ee892884a8eabb2a4c5a8097ce3421b98f3895403120ba7c78b26,1179,2676,,,bytescale.mobbin.com,f7a1807c1ac98ccf0eecf5078d61346ac9a94ca37a547f5708d580528c9e55c0,/Users/user/mobbin-sides/screen-flows/shop/023-shop-reporting-a-review-07a42452-d669-409c-93ac-b08de3027dc4/005-8b815725-5e61-45fb-8244-b2dc60ccd806-downloadableSrc-b6b8ed06623e.webp
07a42452-d669-409c-93ac-b08de3027dc4,Reporting a review,1f1a3d5b-cb65-4c7e-af4b-e4cdf1c03e4d,Shop,3afc9907-97ef-486c-847c-3749b29b51b0,5,6,498b2851-0239-4bd2-9187-b79b160997d9,true,downloadableSrc,200,image/webp,103660,103660,d7957adf88b6b692d9e924729669e10f9cc9b023e730b96b7568c3605394ddd7,1179,2676,,,bytescale.mobbin.com,f7a1807c1ac98ccf0eecf5078d61346ac9a94ca37a547f5708d580528c9e55c0,/Users/user/mobbin-sides/screen-flows/shop/023-shop-reporting-a-review-07a42452-d669-409c-93ac-b08de3027dc4/006-498b2851-0239-4bd2-9187-b79b160997d9-downloadableSrc-d7957adf88b6.webp
af699b19-ad1e-4205-b668-15d14a2f40d8,Saving an item,1f1a3d5b-cb65-4c7e-af4b-e4cdf1c03e4d,Shop,3afc9907-97ef-486c-847c-3749b29b51b0,0,1,23629428-cf27-460d-ad5e-a50e72a33676,true,downloadableSrc,200,image/webp,74944,74944,12559ad60ac2b507c704b166b0fa92fda98697b673420c20df805a8e5a937fa2,1179,2676,,,bytescale.mobbin.com,f7a1807c1ac98ccf0eecf5078d61346ac9a94ca37a547f5708d580528c9e55c0,/Users/user/mobbin-sides/screen-flows/shop/024-shop-saving-an-item-af699b19-ad1e-4205-b668-15d14a2f40d8/001-23629428-cf27-460d-ad5e-a50e72a33676-downloadableSrc-12559ad60ac2.webp
af699b19-ad1e-4205-b668-15d14a2f40d8,Saving an item,1f1a3d5b-cb65-4c7e-af4b-e4cdf1c03e4d,Shop,3afc9907-97ef-486c-847c-3749b29b51b0,1,2,16092bff-75d8-46e4-97b0-9c67f5cc2626,true,downloadableSrc,200,image/webp,60628,60628,3300e23f5da49e8e6d01c5fb0e9fea535343fa18e38638b9e589e6da419f3dea,1179,2676,,,bytescale.mobbin.com,f7a1807c1ac98ccf0eecf5078d61346ac9a94ca37a547f5708d580528c9e55c0,/Users/user/mobbin-sides/screen-flows/shop/024-shop-saving-an-item-af699b19-ad1e-4205-b668-15d14a2f40d8/002-16092bff-75d8-46e4-97b0-9c67f5cc2626-downloadableSrc-3300e23f5da4.webp
e2e30c80-e5a3-4859-b2d6-984d684118fc,Watching product videos,1f1a3d5b-cb65-4c7e-af4b-e4cdf1c03e4d,Shop,3afc9907-97ef-486c-847c-3749b29b51b0,0,1,18b68aa4-7e2f-4612-96ce-1fd30231c37c,true,downloadableSrc,200,image/webp,113154,113154,1131e998029dec2f432bf297a007fe21da08d2941a50eed6074c4e9a25a3c384,1180,2676,,,bytescale.mobbin.com,f7a1807c1ac98ccf0eecf5078d61346ac9a94ca37a547f5708d580528c9e55c0,/Users/user/mobbin-sides/screen-flows/shop/025-shop-watching-product-videos-e2e30c80-e5a3-4859-b2d6-984d684118fc/001-18b68aa4-7e2f-4612-96ce-1fd30231c37c-downloadableSrc-1131e998029d.webp
e2e30c80-e5a3-4859-b2d6-984d684118fc,Watching product videos,1f1a3d5b-cb65-4c7e-af4b-e4cdf1c03e4d,Shop,3afc9907-97ef-486c-847c-3749b29b51b0,1,2,21d989d0-5cbb-4720-ade7-df6380643485,true,downloadableSrc,200,image/webp,99872,99872,dbfa11b5c36e3d930473f5ef82890af39e47e56bfe0a48050607ddf9ee98ba27,1179,2676,,,bytescale.mobbin.com,f7a1807c1ac98ccf0eecf5078d61346ac9a94ca37a547f5708d580528c9e55c0,/Users/user/mobbin-sides/screen-flows/shop/025-shop-watching-product-videos-e2e30c80-e5a3-4859-b2d6-984d684118fc/002-21d989d0-5cbb-4720-ade7-df6380643485-downloadableSrc-dbfa11b5c36e.webp
e2e30c80-e5a3-4859-b2d6-984d684118fc,Watching product videos,1f1a3d5b-cb65-4c7e-af4b-e4cdf1c03e4d,Shop,3afc9907-97ef-486c-847c-3749b29b51b0,2,3,80fbd72d-5511-410c-876d-26c1836ee41e,true,downloadableSrc,200,image/webp,101070,101070,36b571e7d5cf9d044700c0004c45f2136f1e5ea68705b6ab1b37ba4d8c413b1c,1179,2676,,,bytescale.mobbin.com,f7a1807c1ac98ccf0eecf5078d61346ac9a94ca37a547f5708d580528c9e55c0,/Users/user/mobbin-sides/screen-flows/shop/025-shop-watching-product-videos-e2e30c80-e5a3-4859-b2d6-984d684118fc/003-80fbd72d-5511-410c-876d-26c1836ee41e-downloadableSrc-36b571e7d5cf.webp
d4b4c031-92dd-430b-8f42-a4e51079e15b,Pausing a video,1f1a3d5b-cb65-4c7e-af4b-e4cdf1c03e4d,Shop,3afc9907-97ef-486c-847c-3749b29b51b0,0,1,21d989d0-5cbb-4720-ade7-df6380643485,true,downloadableSrc,200,image/webp,99872,99872,dbfa11b5c36e3d930473f5ef82890af39e47e56bfe0a48050607ddf9ee98ba27,1179,2676,,,bytescale.mobbin.com,f7a1807c1ac98ccf0eecf5078d61346ac9a94ca37a547f5708d580528c9e55c0,/Users/user/mobbin-sides/screen-flows/shop/026-shop-pausing-a-video-d4b4c031-92dd-430b-8f42-a4e51079e15b/001-21d989d0-5cbb-4720-ade7-df6380643485-downloadableSrc-dbfa11b5c36e.webp
d4b4c031-92dd-430b-8f42-a4e51079e15b,Pausing a video,1f1a3d5b-cb65-4c7e-af4b-e4cdf1c03e4d,Shop,3afc9907-97ef-486c-847c-3749b29b51b0,1,2,f8294308-b802-48b9-b5cc-e76c42e7aae4,true,downloadableSrc,200,image/webp,73706,73706,80d59d2f818969a571122dfa5d31b6b01d76148a1b4f908f152a51770dee0bd1,1179,2676,,,bytescale.mobbin.com,f7a1807c1ac98ccf0eecf5078d61346ac9a94ca37a547f5708d580528c9e55c0,/Users/user/mobbin-sides/screen-flows/shop/026-shop-pausing-a-video-d4b4c031-92dd-430b-8f42-a4e51079e15b/002-f8294308-b802-48b9-b5cc-e76c42e7aae4-downloadableSrc-80d59d2f8189.webp
e2b6a4cb-c31d-4ff4-bd18-c5d568e357e4,Following a brand (video),1f1a3d5b-cb65-4c7e-af4b-e4cdf1c03e4d,Shop,3afc9907-97ef-486c-847c-3749b29b51b0,0,1,21d989d0-5cbb-4720-ade7-df6380643485,true,downloadableSrc,200,image/webp,99872,99872,dbfa11b5c36e3d930473f5ef82890af39e47e56bfe0a48050607ddf9ee98ba27,1179,2676,,,bytescale.mobbin.com,f7a1807c1ac98ccf0eecf5078d61346ac9a94ca37a547f5708d580528c9e55c0,/Users/user/mobbin-sides/screen-flows/shop/027-shop-following-a-brand-video-e2b6a4cb-c31d-4ff4-bd18-c5d568e357e4/001-21d989d0-5cbb-4720-ade7-df6380643485-downloadableSrc-dbfa11b5c36e.webp
e2b6a4cb-c31d-4ff4-bd18-c5d568e357e4,Following a brand (video),1f1a3d5b-cb65-4c7e-af4b-e4cdf1c03e4d,Shop,3afc9907-97ef-486c-847c-3749b29b51b0,1,2,f93a9a31-9dce-416f-97b7-cf1836faecbd,true,downloadableSrc,200,image/webp,76800,76800,c51bacc5cbaf9ca8a68dd5b0b68d0ed7f5b6934e0bb14b13e4becd4149659f31,1179,2676,,,bytescale.mobbin.com,f7a1807c1ac98ccf0eecf5078d61346ac9a94ca37a547f5708d580528c9e55c0,/Users/user/mobbin-sides/screen-flows/shop/027-shop-following-a-brand-video-e2b6a4cb-c31d-4ff4-bd18-c5d568e357e4/002-f93a9a31-9dce-416f-97b7-cf1836faecbd-downloadableSrc-c51bacc5cbaf.webp
ecbc4ecd-ed36-4294-8d05-84c5175160cb,Brand profile,1f1a3d5b-cb65-4c7e-af4b-e4cdf1c03e4d,Shop,3afc9907-97ef-486c-847c-3749b29b51b0,0,1,f8294308-b802-48b9-b5cc-e76c42e7aae4,true,downloadableSrc,200,image/webp,73706,73706,80d59d2f818969a571122dfa5d31b6b01d76148a1b4f908f152a51770dee0bd1,1179,2676,,,bytescale.mobbin.com,f7a1807c1ac98ccf0eecf5078d61346ac9a94ca37a547f5708d580528c9e55c0,/Users/user/mobbin-sides/screen-flows/shop/028-shop-brand-profile-ecbc4ecd-ed36-4294-8d05-84c5175160cb/001-f8294308-b802-48b9-b5cc-e76c42e7aae4-downloadableSrc-80d59d2f8189.webp
ecbc4ecd-ed36-4294-8d05-84c5175160cb,Brand profile,1f1a3d5b-cb65-4c7e-af4b-e4cdf1c03e4d,Shop,3afc9907-97ef-486c-847c-3749b29b51b0,1,2,79ee0733-2305-41f2-897c-575be46e41f4,true,downloadableSrc,200,image/webp,116992,116992,6198024b3d8cf118ef8c020047a025d81457ddf1357192fc3d14aeb8241d5d8d,1179,2676,,,bytescale.mobbin.com,f7a1807c1ac98ccf0eecf5078d61346ac9a94ca37a547f5708d580528c9e55c0,/Users/user/mobbin-sides/screen-flows/shop/028-shop-brand-profile-ecbc4ecd-ed36-4294-8d05-84c5175160cb/002-79ee0733-2305-41f2-897c-575be46e41f4-downloadableSrc-6198024b3d8c.webp
0f69346c-765a-4161-a102-062c30c5aeb0,Muting a video,1f1a3d5b-cb65-4c7e-af4b-e4cdf1c03e4d,Shop,3afc9907-97ef-486c-847c-3749b29b51b0,0,1,f8294308-b802-48b9-b5cc-e76c42e7aae4,true,downloadableSrc,200,image/webp,73706,73706,80d59d2f818969a571122dfa5d31b6b01d76148a1b4f908f152a51770dee0bd1,1179,2676,,,bytescale.mobbin.com,f7a1807c1ac98ccf0eecf5078d61346ac9a94ca37a547f5708d580528c9e55c0,/Users/user/mobbin-sides/screen-flows/shop/029-shop-muting-a-video-0f69346c-765a-4161-a102-062c30c5aeb0/001-f8294308-b802-48b9-b5cc-e76c42e7aae4-downloadableSrc-80d59d2f8189.webp
0f69346c-765a-4161-a102-062c30c5aeb0,Muting a video,1f1a3d5b-cb65-4c7e-af4b-e4cdf1c03e4d,Shop,3afc9907-97ef-486c-847c-3749b29b51b0,1,2,20890105-fac8-40d4-a5de-49abd1beadb3,true,downloadableSrc,200,image/webp,82496,82496,759614a0812dc1b255233da22e84e2ba25a2effe15b0c08a527b99f898e8d9e0,1179,2676,,,bytescale.mobbin.com,f7a1807c1ac98ccf0eecf5078d61346ac9a94ca37a547f5708d580528c9e55c0,/Users/user/mobbin-sides/screen-flows/shop/029-shop-muting-a-video-0f69346c-765a-4161-a102-062c30c5aeb0/002-20890105-fac8-40d4-a5de-49abd1beadb3-downloadableSrc-759614a0812d.webp
48370205-d4fe-4b2d-8e5a-89ba48dddb16,Searching Shop,1f1a3d5b-cb65-4c7e-af4b-e4cdf1c03e4d,Shop,3afc9907-97ef-486c-847c-3749b29b51b0,0,1,7c0a1847-c2e6-48fd-bb05-5aaf63bda73c,true,downloadableSrc,200,image/webp,83248,83248,4a82238de62d7b46c30a4f954ac8e377be612834fbc620b7dc18306ba36a5601,1180,2676,,,bytescale.mobbin.com,f7a1807c1ac98ccf0eecf5078d61346ac9a94ca37a547f5708d580528c9e55c0,/Users/user/mobbin-sides/screen-flows/shop/030-shop-searching-shop-48370205-d4fe-4b2d-8e5a-89ba48dddb16/001-7c0a1847-c2e6-48fd-bb05-5aaf63bda73c-downloadableSrc-4a82238de62d.webp
48370205-d4fe-4b2d-8e5a-89ba48dddb16,Searching Shop,1f1a3d5b-cb65-4c7e-af4b-e4cdf1c03e4d,Shop,3afc9907-97ef-486c-847c-3749b29b51b0,1,2,3094b25f-9c54-4106-a2af-f04b75f34be5,true,downloadableSrc,200,image/webp,91812,91812,9fda03fbe6598be86b8b57c34d5eb76e3aac2769520424e0d47ad68efebc45b5,1180,2676,,,bytescale.mobbin.com,f7a1807c1ac98ccf0eecf5078d61346ac9a94ca37a547f5708d580528c9e55c0,/Users/user/mobbin-sides/screen-flows/shop/030-shop-searching-shop-48370205-d4fe-4b2d-8e5a-89ba48dddb16/002-3094b25f-9c54-4106-a2af-f04b75f34be5-downloadableSrc-9fda03fbe659.webp
48370205-d4fe-4b2d-8e5a-89ba48dddb16,Searching Shop,1f1a3d5b-cb65-4c7e-af4b-e4cdf1c03e4d,Shop,3afc9907-97ef-486c-847c-3749b29b51b0,2,3,f8322d6a-2895-48b4-9d82-10289da20045,true,downloadableSrc,200,image/webp,116954,116954,d08ffe0ee84f02abdab2f39f996615235db00e6d1a8b3cbbece2920a1237f3c4,1180,2676,,,bytescale.mobbin.com,f7a1807c1ac98ccf0eecf5078d61346ac9a94ca37a547f5708d580528c9e55c0,/Users/user/mobbin-sides/screen-flows/shop/030-shop-searching-shop-48370205-d4fe-4b2d-8e5a-89ba48dddb16/003-f8322d6a-2895-48b4-9d82-10289da20045-downloadableSrc-d08ffe0ee84f.webp
48370205-d4fe-4b2d-8e5a-89ba48dddb16,Searching Shop,1f1a3d5b-cb65-4c7e-af4b-e4cdf1c03e4d,Shop,3afc9907-97ef-486c-847c-3749b29b51b0,3,4,94934611-8110-47c8-a868-5ede2875952f,true,downloadableSrc,200,image/webp,90958,90958,76152eec1e8fb68f6ad31a4d98d4100b0e42efa6b2e90d0909ca138a037c5f21,1180,2676,,,bytescale.mobbin.com,f7a1807c1ac98ccf0eecf5078d61346ac9a94ca37a547f5708d580528c9e55c0,/Users/user/mobbin-sides/screen-flows/shop/030-shop-searching-shop-48370205-d4fe-4b2d-8e5a-89ba48dddb16/004-94934611-8110-47c8-a868-5ede2875952f-downloadableSrc-76152eec1e8f.webp
48370205-d4fe-4b2d-8e5a-89ba48dddb16,Searching Shop,1f1a3d5b-cb65-4c7e-af4b-e4cdf1c03e4d,Shop,3afc9907-97ef-486c-847c-3749b29b51b0,4,5,830e5996-5b1e-4e1d-a750-c6f8b6c8b8ec,true,downloadableSrc,200,image/webp,35774,35774,0cbedef4be7cf9d833bc74e00a234dca955cf68ba8eab2c6bce85c57d24fde59,1180,2676,,,bytescale.mobbin.com,f7a1807c1ac98ccf0eecf5078d61346ac9a94ca37a547f5708d580528c9e55c0,/Users/user/mobbin-sides/screen-flows/shop/030-shop-searching-shop-48370205-d4fe-4b2d-8e5a-89ba48dddb16/005-830e5996-5b1e-4e1d-a750-c6f8b6c8b8ec-downloadableSrc-0cbedef4be7c.webp
48370205-d4fe-4b2d-8e5a-89ba48dddb16,Searching Shop,1f1a3d5b-cb65-4c7e-af4b-e4cdf1c03e4d,Shop,3afc9907-97ef-486c-847c-3749b29b51b0,5,6,9b7c05e0-b475-44c0-ae34-281861601f30,true,downloadableSrc,200,image/webp,77348,77348,b9a0d1ba0e67e467c1522d79afa21e4cf733c2e9cd7239b91dd4db1d9242e99e,1180,2676,,,bytescale.mobbin.com,f7a1807c1ac98ccf0eecf5078d61346ac9a94ca37a547f5708d580528c9e55c0,/Users/user/mobbin-sides/screen-flows/shop/030-shop-searching-shop-48370205-d4fe-4b2d-8e5a-89ba48dddb16/006-9b7c05e0-b475-44c0-ae34-281861601f30-downloadableSrc-b9a0d1ba0e67.webp
f4e88b06-5df7-42f2-91b2-393fb42662d8,View category,1f1a3d5b-cb65-4c7e-af4b-e4cdf1c03e4d,Shop,3afc9907-97ef-486c-847c-3749b29b51b0,0,1,3094b25f-9c54-4106-a2af-f04b75f34be5,true,downloadableSrc,200,image/webp,91812,91812,9fda03fbe6598be86b8b57c34d5eb76e3aac2769520424e0d47ad68efebc45b5,1180,2676,,,bytescale.mobbin.com,f7a1807c1ac98ccf0eecf5078d61346ac9a94ca37a547f5708d580528c9e55c0,/Users/user/mobbin-sides/screen-flows/shop/031-shop-view-category-f4e88b06-5df7-42f2-91b2-393fb42662d8/001-3094b25f-9c54-4106-a2af-f04b75f34be5-downloadableSrc-9fda03fbe659.webp
f4e88b06-5df7-42f2-91b2-393fb42662d8,View category,1f1a3d5b-cb65-4c7e-af4b-e4cdf1c03e4d,Shop,3afc9907-97ef-486c-847c-3749b29b51b0,1,2,d4871fee-61f1-4262-8fef-cdad5423ddae,true,downloadableSrc,200,image/webp,100122,100122,faf80d0aadc1969f3731121629f3396fb074df78d2c878b4bcff4d095240bb77,1180,2676,,,bytescale.mobbin.com,f7a1807c1ac98ccf0eecf5078d61346ac9a94ca37a547f5708d580528c9e55c0,/Users/user/mobbin-sides/screen-flows/shop/031-shop-view-category-f4e88b06-5df7-42f2-91b2-393fb42662d8/002-d4871fee-61f1-4262-8fef-cdad5423ddae-downloadableSrc-faf80d0aadc1.webp
64fe3e4c-f66e-4ac4-b7a2-1e89be9b1ab5,Chatting with Shop AI,1f1a3d5b-cb65-4c7e-af4b-e4cdf1c03e4d,Shop,3afc9907-97ef-486c-847c-3749b29b51b0,0,1,830e5996-5b1e-4e1d-a750-c6f8b6c8b8ec,true,downloadableSrc,200,image/webp,35774,35774,0cbedef4be7cf9d833bc74e00a234dca955cf68ba8eab2c6bce85c57d24fde59,1180,2676,,,bytescale.mobbin.com,f7a1807c1ac98ccf0eecf5078d61346ac9a94ca37a547f5708d580528c9e55c0,/Users/user/mobbin-sides/screen-flows/shop/032-shop-chatting-with-shop-ai-64fe3e4c-f66e-4ac4-b7a2-1e89be9b1ab5/001-830e5996-5b1e-4e1d-a750-c6f8b6c8b8ec-downloadableSrc-0cbedef4be7c.webp
64fe3e4c-f66e-4ac4-b7a2-1e89be9b1ab5,Chatting with Shop AI,1f1a3d5b-cb65-4c7e-af4b-e4cdf1c03e4d,Shop,3afc9907-97ef-486c-847c-3749b29b51b0,1,2,d3e53a19-0ad4-426e-9c05-62bc2c474e2e,true,downloadableSrc,200,image/webp,78054,78054,10ebf7a194ba3f442ebe7e2f8a917484246cb4c579aa1bf5decbbf2c3de80779,1179,2676,,,bytescale.mobbin.com,f7a1807c1ac98ccf0eecf5078d61346ac9a94ca37a547f5708d580528c9e55c0,/Users/user/mobbin-sides/screen-flows/shop/032-shop-chatting-with-shop-ai-64fe3e4c-f66e-4ac4-b7a2-1e89be9b1ab5/002-d3e53a19-0ad4-426e-9c05-62bc2c474e2e-downloadableSrc-10ebf7a194ba.webp
64fe3e4c-f66e-4ac4-b7a2-1e89be9b1ab5,Chatting with Shop AI,1f1a3d5b-cb65-4c7e-af4b-e4cdf1c03e4d,Shop,3afc9907-97ef-486c-847c-3749b29b51b0,2,3,e840b11c-1a93-471d-94b3-91c0f7453720,true,downloadableSrc,200,image/webp,39740,39740,70e98ba50673fe0fc5f28e84280e0cafcc26fe159fb9637d20f5b49a25d00f6d,1179,2676,,,bytescale.mobbin.com,f7a1807c1ac98ccf0eecf5078d61346ac9a94ca37a547f5708d580528c9e55c0,/Users/user/mobbin-sides/screen-flows/shop/032-shop-chatting-with-shop-ai-64fe3e4c-f66e-4ac4-b7a2-1e89be9b1ab5/003-e840b11c-1a93-471d-94b3-91c0f7453720-downloadableSrc-70e98ba50673.webp
64fe3e4c-f66e-4ac4-b7a2-1e89be9b1ab5,Chatting with Shop AI,1f1a3d5b-cb65-4c7e-af4b-e4cdf1c03e4d,Shop,3afc9907-97ef-486c-847c-3749b29b51b0,3,4,974c2be0-9803-4c51-8efa-1088bfa6dd04,true,downloadableSrc,200,image/webp,124234,124234,5b063ea6654a7870de2e3b4e87049ccb229364613f52aecd183af12754d81079,1179,2676,,,bytescale.mobbin.com,f7a1807c1ac98ccf0eecf5078d61346ac9a94ca37a547f5708d580528c9e55c0,/Users/user/mobbin-sides/screen-flows/shop/032-shop-chatting-with-shop-ai-64fe3e4c-f66e-4ac4-b7a2-1e89be9b1ab5/004-974c2be0-9803-4c51-8efa-1088bfa6dd04-downloadableSrc-5b063ea6654a.webp
64fe3e4c-f66e-4ac4-b7a2-1e89be9b1ab5,Chatting with Shop AI,1f1a3d5b-cb65-4c7e-af4b-e4cdf1c03e4d,Shop,3afc9907-97ef-486c-847c-3749b29b51b0,4,5,76a52a02-a7b4-46ce-a1d8-db79021dd4f0,true,downloadableSrc,200,image/webp,112764,112764,d9cf9eae3dea61722756029928686c84a191dd1ab6eabbdb7e4b7882f5f99e6c,1179,2676,,,bytescale.mobbin.com,f7a1807c1ac98ccf0eecf5078d61346ac9a94ca37a547f5708d580528c9e55c0,/Users/user/mobbin-sides/screen-flows/shop/032-shop-chatting-with-shop-ai-64fe3e4c-f66e-4ac4-b7a2-1e89be9b1ab5/005-76a52a02-a7b4-46ce-a1d8-db79021dd4f0-downloadableSrc-d9cf9eae3dea.webp
64fe3e4c-f66e-4ac4-b7a2-1e89be9b1ab5,Chatting with Shop AI,1f1a3d5b-cb65-4c7e-af4b-e4cdf1c03e4d,Shop,3afc9907-97ef-486c-847c-3749b29b51b0,5,6,4614d6a6-0a58-4995-859b-d9e9d309e117,true,downloadableSrc,200,image/webp,117480,117480,499229135b88f4429d2416a2e31b2945cc96e496148c185d5e79312bc452e74c,1179,2676,,,bytescale.mobbin.com,f7a1807c1ac98ccf0eecf5078d61346ac9a94ca37a547f5708d580528c9e55c0,/Users/user/mobbin-sides/screen-flows/shop/032-shop-chatting-with-shop-ai-64fe3e4c-f66e-4ac4-b7a2-1e89be9b1ab5/006-4614d6a6-0a58-4995-859b-d9e9d309e117-downloadableSrc-499229135b88.webp
64fe3e4c-f66e-4ac4-b7a2-1e89be9b1ab5,Chatting with Shop AI,1f1a3d5b-cb65-4c7e-af4b-e4cdf1c03e4d,Shop,3afc9907-97ef-486c-847c-3749b29b51b0,6,7,9abf42a2-7bb3-4792-a893-e3b789cab63c,true,downloadableSrc,200,image/webp,71842,71842,19b87547d77e16092f042e7ada982ba161cf7d21683c1ad1b5170322a8c277c6,1179,2676,,,bytescale.mobbin.com,f7a1807c1ac98ccf0eecf5078d61346ac9a94ca37a547f5708d580528c9e55c0,/Users/user/mobbin-sides/screen-flows/shop/032-shop-chatting-with-shop-ai-64fe3e4c-f66e-4ac4-b7a2-1e89be9b1ab5/007-9abf42a2-7bb3-4792-a893-e3b789cab63c-downloadableSrc-19b87547d77e.webp
3117c93d-489b-4f33-96b8-8262e892de3d,Filtering products,1f1a3d5b-cb65-4c7e-af4b-e4cdf1c03e4d,Shop,3afc9907-97ef-486c-847c-3749b29b51b0,0,1,9b7c05e0-b475-44c0-ae34-281861601f30,true,downloadableSrc,200,image/webp,77348,77348,b9a0d1ba0e67e467c1522d79afa21e4cf733c2e9cd7239b91dd4db1d9242e99e,1180,2676,,,bytescale.mobbin.com,f7a1807c1ac98ccf0eecf5078d61346ac9a94ca37a547f5708d580528c9e55c0,/Users/user/mobbin-sides/screen-flows/shop/033-shop-filtering-products-3117c93d-489b-4f33-96b8-8262e892de3d/001-9b7c05e0-b475-44c0-ae34-281861601f30-downloadableSrc-b9a0d1ba0e67.webp
3117c93d-489b-4f33-96b8-8262e892de3d,Filtering products,1f1a3d5b-cb65-4c7e-af4b-e4cdf1c03e4d,Shop,3afc9907-97ef-486c-847c-3749b29b51b0,1,2,620ddcaf-9455-4c45-8460-28974a544035,true,downloadableSrc,200,image/webp,42544,42544,63d5b9d7a25833ef38a8ebc19c3d5a8a5e0b7d0678b189eb4b2a89e6c7938d6d,1180,2676,,,bytescale.mobbin.com,f7a1807c1ac98ccf0eecf5078d61346ac9a94ca37a547f5708d580528c9e55c0,/Users/user/mobbin-sides/screen-flows/shop/033-shop-filtering-products-3117c93d-489b-4f33-96b8-8262e892de3d/002-620ddcaf-9455-4c45-8460-28974a544035-downloadableSrc-63d5b9d7a258.webp
3117c93d-489b-4f33-96b8-8262e892de3d,Filtering products,1f1a3d5b-cb65-4c7e-af4b-e4cdf1c03e4d,Shop,3afc9907-97ef-486c-847c-3749b29b51b0,2,3,bea01cd6-d8c0-4e33-b497-73c3851f1596,true,downloadableSrc,200,image/webp,61084,61084,5b9e0f31b3a5ae58d59cee79d6aa741105e6c860fdb30394ff4278cbe9bc9b7c,1180,2676,,,bytescale.mobbin.com,f7a1807c1ac98ccf0eecf5078d61346ac9a94ca37a547f5708d580528c9e55c0,/Users/user/mobbin-sides/screen-flows/shop/033-shop-filtering-products-3117c93d-489b-4f33-96b8-8262e892de3d/003-bea01cd6-d8c0-4e33-b497-73c3851f1596-downloadableSrc-5b9e0f31b3a5.webp
3117c93d-489b-4f33-96b8-8262e892de3d,Filtering products,1f1a3d5b-cb65-4c7e-af4b-e4cdf1c03e4d,Shop,3afc9907-97ef-486c-847c-3749b29b51b0,3,4,80b83c16-44cc-47c8-9088-25ed29652a47,true,downloadableSrc,200,image/webp,61920,61920,9c84cfc138c650c1da14b5a1f30988935385f08ad85e1af8ad45a0e6a789f67c,1180,2676,,,bytescale.mobbin.com,f7a1807c1ac98ccf0eecf5078d61346ac9a94ca37a547f5708d580528c9e55c0,/Users/user/mobbin-sides/screen-flows/shop/033-shop-filtering-products-3117c93d-489b-4f33-96b8-8262e892de3d/004-80b83c16-44cc-47c8-9088-25ed29652a47-downloadableSrc-9c84cfc138c6.webp
3117c93d-489b-4f33-96b8-8262e892de3d,Filtering products,1f1a3d5b-cb65-4c7e-af4b-e4cdf1c03e4d,Shop,3afc9907-97ef-486c-847c-3749b29b51b0,4,5,459a5afa-5b04-4948-b8e6-e878c8b0c361,true,downloadableSrc,200,image/webp,44848,44848,1a5f5c7a4ddadb3031ff229e3f4a5586daafb0d3286da0e47b262874059314cb,1180,2676,,,bytescale.mobbin.com,f7a1807c1ac98ccf0eecf5078d61346ac9a94ca37a547f5708d580528c9e55c0,/Users/user/mobbin-sides/screen-flows/shop/033-shop-filtering-products-3117c93d-489b-4f33-96b8-8262e892de3d/005-459a5afa-5b04-4948-b8e6-e878c8b0c361-downloadableSrc-1a5f5c7a4dda.webp
3117c93d-489b-4f33-96b8-8262e892de3d,Filtering products,1f1a3d5b-cb65-4c7e-af4b-e4cdf1c03e4d,Shop,3afc9907-97ef-486c-847c-3749b29b51b0,5,6,0fd0e59e-eb56-4121-ae24-28b5ca0c95fc,true,downloadableSrc,200,image/webp,42610,42610,3844c89588690739626e619e4b927de8d699cec3c6e7ab5f5f4083511a77b5d0,1180,2676,,,bytescale.mobbin.com,f7a1807c1ac98ccf0eecf5078d61346ac9a94ca37a547f5708d580528c9e55c0,/Users/user/mobbin-sides/screen-flows/shop/033-shop-filtering-products-3117c93d-489b-4f33-96b8-8262e892de3d/006-0fd0e59e-eb56-4121-ae24-28b5ca0c95fc-downloadableSrc-3844c8958869.webp
3117c93d-489b-4f33-96b8-8262e892de3d,Filtering products,1f1a3d5b-cb65-4c7e-af4b-e4cdf1c03e4d,Shop,3afc9907-97ef-486c-847c-3749b29b51b0,6,7,44059bae-9df0-4f5c-b08d-ba1cbeddbbc5,true,downloadableSrc,200,image/webp,43528,43528,adcd613107a019fc9fb85d6b49dcaed46b0bb162d8f3eb83d9e9cf374e3db890,1180,2676,,,bytescale.mobbin.com,f7a1807c1ac98ccf0eecf5078d61346ac9a94ca37a547f5708d580528c9e55c0,/Users/user/mobbin-sides/screen-flows/shop/033-shop-filtering-products-3117c93d-489b-4f33-96b8-8262e892de3d/007-44059bae-9df0-4f5c-b08d-ba1cbeddbbc5-downloadableSrc-adcd613107a0.webp
3117c93d-489b-4f33-96b8-8262e892de3d,Filtering products,1f1a3d5b-cb65-4c7e-af4b-e4cdf1c03e4d,Shop,3afc9907-97ef-486c-847c-3749b29b51b0,7,8,f5caba30-0594-40c3-a23b-3fb1ed018268,true,downloadableSrc,200,image/webp,45454,45454,b305d86db570f790d61a2e6c271f7c6835de7e45bf0612b3a6aa080ec623320b,1180,2676,,,bytescale.mobbin.com,f7a1807c1ac98ccf0eecf5078d61346ac9a94ca37a547f5708d580528c9e55c0,/Users/user/mobbin-sides/screen-flows/shop/033-shop-filtering-products-3117c93d-489b-4f33-96b8-8262e892de3d/008-f5caba30-0594-40c3-a23b-3fb1ed018268-downloadableSrc-b305d86db570.webp
3117c93d-489b-4f33-96b8-8262e892de3d,Filtering products,1f1a3d5b-cb65-4c7e-af4b-e4cdf1c03e4d,Shop,3afc9907-97ef-486c-847c-3749b29b51b0,8,9,c19e2cac-a9ea-4908-9b65-0e28ff3edf71,true,downloadableSrc,200,image/webp,50104,50104,9c43e51f8fd3a9bcff36221b4660642c88307c7f0051e4ab9c788dc7a0d475a5,1180,2676,,,bytescale.mobbin.com,f7a1807c1ac98ccf0eecf5078d61346ac9a94ca37a547f5708d580528c9e55c0,/Users/user/mobbin-sides/screen-flows/shop/033-shop-filtering-products-3117c93d-489b-4f33-96b8-8262e892de3d/009-c19e2cac-a9ea-4908-9b65-0e28ff3edf71-downloadableSrc-9c43e51f8fd3.webp
3117c93d-489b-4f33-96b8-8262e892de3d,Filtering products,1f1a3d5b-cb65-4c7e-af4b-e4cdf1c03e4d,Shop,3afc9907-97ef-486c-847c-3749b29b51b0,9,10,ce66cb81-83af-4e43-b292-f704f81428db,true,downloadableSrc,200,image/webp,48206,48206,da22fb70ac85340c6720bd5602fd5b2ef43fa7a3a5b9f239304e8a26a80e31d0,1180,2676,,,bytescale.mobbin.com,f7a1807c1ac98ccf0eecf5078d61346ac9a94ca37a547f5708d580528c9e55c0,/Users/user/mobbin-sides/screen-flows/shop/033-shop-filtering-products-3117c93d-489b-4f33-96b8-8262e892de3d/010-ce66cb81-83af-4e43-b292-f704f81428db-downloadableSrc-da22fb70ac85.webp
3117c93d-489b-4f33-96b8-8262e892de3d,Filtering products,1f1a3d5b-cb65-4c7e-af4b-e4cdf1c03e4d,Shop,3afc9907-97ef-486c-847c-3749b29b51b0,10,11,c70d0b66-00b6-48c6-8cd4-5c47a17caab4,true,downloadableSrc,200,image/webp,48724,48724,f34546bc3eb6bef88720d1a92b1135b2001579a75ea30d0023689d2ef4bd6ae0,1180,2676,,,bytescale.mobbin.com,f7a1807c1ac98ccf0eecf5078d61346ac9a94ca37a547f5708d580528c9e55c0,/Users/user/mobbin-sides/screen-flows/shop/033-shop-filtering-products-3117c93d-489b-4f33-96b8-8262e892de3d/011-c70d0b66-00b6-48c6-8cd4-5c47a17caab4-downloadableSrc-f34546bc3eb6.webp
3117c93d-489b-4f33-96b8-8262e892de3d,Filtering products,1f1a3d5b-cb65-4c7e-af4b-e4cdf1c03e4d,Shop,3afc9907-97ef-486c-847c-3749b29b51b0,11,12,b8cd8681-3ab1-4af1-888d-e8ba187eb062,true,downloadableSrc,200,image/webp,56390,56390,7e2786faae1d9f1efacf9de1f433635b4036f57cac1d69bdcab966c300883b7b,1180,2676,,,bytescale.mobbin.com,f7a1807c1ac98ccf0eecf5078d61346ac9a94ca37a547f5708d580528c9e55c0,/Users/user/mobbin-sides/screen-flows/shop/033-shop-filtering-products-3117c93d-489b-4f33-96b8-8262e892de3d/012-b8cd8681-3ab1-4af1-888d-e8ba187eb062-downloadableSrc-7e2786faae1d.webp
3117c93d-489b-4f33-96b8-8262e892de3d,Filtering products,1f1a3d5b-cb65-4c7e-af4b-e4cdf1c03e4d,Shop,3afc9907-97ef-486c-847c-3749b29b51b0,12,13,2ebb37b1-120a-46aa-889c-8aa3a77317a4,true,downloadableSrc,200,image/webp,56616,56616,ae6f80647921b41a2322f6f6060ce30848cd1447f0598fa666a52a7bbb2237da,1180,2676,,,bytescale.mobbin.com,f7a1807c1ac98ccf0eecf5078d61346ac9a94ca37a547f5708d580528c9e55c0,/Users/user/mobbin-sides/screen-flows/shop/033-shop-filtering-products-3117c93d-489b-4f33-96b8-8262e892de3d/013-2ebb37b1-120a-46aa-889c-8aa3a77317a4-downloadableSrc-ae6f80647921.webp
3117c93d-489b-4f33-96b8-8262e892de3d,Filtering products,1f1a3d5b-cb65-4c7e-af4b-e4cdf1c03e4d,Shop,3afc9907-97ef-486c-847c-3749b29b51b0,13,14,e27867b3-7568-4545-9930-cb7de0326c2d,true,downloadableSrc,200,image/webp,50728,50728,4c9413cdcd3c28e9d4b84b9b41e9f140bfb10ee6403e5b6444c1d88381aa44b1,1180,2676,,,bytescale.mobbin.com,f7a1807c1ac98ccf0eecf5078d61346ac9a94ca37a547f5708d580528c9e55c0,/Users/user/mobbin-sides/screen-flows/shop/033-shop-filtering-products-3117c93d-489b-4f33-96b8-8262e892de3d/014-e27867b3-7568-4545-9930-cb7de0326c2d-downloadableSrc-4c9413cdcd3c.webp
3117c93d-489b-4f33-96b8-8262e892de3d,Filtering products,1f1a3d5b-cb65-4c7e-af4b-e4cdf1c03e4d,Shop,3afc9907-97ef-486c-847c-3749b29b51b0,14,15,ed6c483b-3667-4278-a6b3-697dae568d51,true,downloadableSrc,200,image/webp,100790,100790,51b2fb0d734c2a3ec3cbeefb410524e0e79175aed4aab326d11f7cb7d558c36d,1180,2676,,,bytescale.mobbin.com,f7a1807c1ac98ccf0eecf5078d61346ac9a94ca37a547f5708d580528c9e55c0,/Users/user/mobbin-sides/screen-flows/shop/033-shop-filtering-products-3117c93d-489b-4f33-96b8-8262e892de3d/015-ed6c483b-3667-4278-a6b3-697dae568d51-downloadableSrc-51b2fb0d734c.webp
3117c93d-489b-4f33-96b8-8262e892de3d,Filtering products,1f1a3d5b-cb65-4c7e-af4b-e4cdf1c03e4d,Shop,3afc9907-97ef-486c-847c-3749b29b51b0,15,16,e647562e-04d4-4b37-bf37-d3478061a040,true,downloadableSrc,200,image/webp,99648,99648,70fbfa44ab42d222b4a041683df27c9710ccc781426a2c20c1b4cc2f7c07e363,1180,2676,,,bytescale.mobbin.com,f7a1807c1ac98ccf0eecf5078d61346ac9a94ca37a547f5708d580528c9e55c0,/Users/user/mobbin-sides/screen-flows/shop/033-shop-filtering-products-3117c93d-489b-4f33-96b8-8262e892de3d/016-e647562e-04d4-4b37-bf37-d3478061a040-downloadableSrc-70fbfa44ab42.webp
68b72acf-41f8-40f3-905b-d44471723b64,Explore minis,1f1a3d5b-cb65-4c7e-af4b-e4cdf1c03e4d,Shop,3afc9907-97ef-486c-847c-3749b29b51b0,0,1,94934611-8110-47c8-a868-5ede2875952f,true,downloadableSrc,200,image/webp,90958,90958,76152eec1e8fb68f6ad31a4d98d4100b0e42efa6b2e90d0909ca138a037c5f21,1180,2676,,,bytescale.mobbin.com,f7a1807c1ac98ccf0eecf5078d61346ac9a94ca37a547f5708d580528c9e55c0,/Users/user/mobbin-sides/screen-flows/shop/034-shop-explore-minis-68b72acf-41f8-40f3-905b-d44471723b64/001-94934611-8110-47c8-a868-5ede2875952f-downloadableSrc-76152eec1e8f.webp
68b72acf-41f8-40f3-905b-d44471723b64,Explore minis,1f1a3d5b-cb65-4c7e-af4b-e4cdf1c03e4d,Shop,3afc9907-97ef-486c-847c-3749b29b51b0,1,2,2ee3ebde-5f68-4043-968f-c771ed6d1088,true,downloadableSrc,200,image/webp,70024,70024,795a31aee626bb5e90fc159156893f87c2595456e31a52c66f0bfaa5829cd23a,1180,2676,,,bytescale.mobbin.com,f7a1807c1ac98ccf0eecf5078d61346ac9a94ca37a547f5708d580528c9e55c0,/Users/user/mobbin-sides/screen-flows/shop/034-shop-explore-minis-68b72acf-41f8-40f3-905b-d44471723b64/002-2ee3ebde-5f68-4043-968f-c771ed6d1088-downloadableSrc-795a31aee626.webp
11f3a7ee-3d03-4636-bc17-17cc1e63f538,Dreamboard,1f1a3d5b-cb65-4c7e-af4b-e4cdf1c03e4d,Shop,3afc9907-97ef-486c-847c-3749b29b51b0,0,1,2ee3ebde-5f68-4043-968f-c771ed6d1088,true,downloadableSrc,200,image/webp,70024,70024,795a31aee626bb5e90fc159156893f87c2595456e31a52c66f0bfaa5829cd23a,1180,2676,,,bytescale.mobbin.com,f7a1807c1ac98ccf0eecf5078d61346ac9a94ca37a547f5708d580528c9e55c0,/Users/user/mobbin-sides/screen-flows/shop/035-shop-dreamboard-11f3a7ee-3d03-4636-bc17-17cc1e63f538/001-2ee3ebde-5f68-4043-968f-c771ed6d1088-downloadableSrc-795a31aee626.webp
11f3a7ee-3d03-4636-bc17-17cc1e63f538,Dreamboard,1f1a3d5b-cb65-4c7e-af4b-e4cdf1c03e4d,Shop,3afc9907-97ef-486c-847c-3749b29b51b0,1,2,fc41c3f8-173a-4c1e-babc-69760fd06487,true,downloadableSrc,200,image/webp,142058,142058,b36033b2de116b33c6aea24972daf1edd8e3bdacc9cf84f6937a33505ea3e895,1180,2676,,,bytescale.mobbin.com,f7a1807c1ac98ccf0eecf5078d61346ac9a94ca37a547f5708d580528c9e55c0,/Users/user/mobbin-sides/screen-flows/shop/035-shop-dreamboard-11f3a7ee-3d03-4636-bc17-17cc1e63f538/002-fc41c3f8-173a-4c1e-babc-69760fd06487-downloadableSrc-b36033b2de11.webp
11f3a7ee-3d03-4636-bc17-17cc1e63f538,Dreamboard,1f1a3d5b-cb65-4c7e-af4b-e4cdf1c03e4d,Shop,3afc9907-97ef-486c-847c-3749b29b51b0,2,3,ecb3a230-36a6-47a9-ab0d-d45a3ae57832,true,downloadableSrc,200,image/webp,403256,403256,21972eaa574701cfc5d9267698e2a923159d0ea38ba281088369ed66ce8357a6,1179,2676,,,bytescale.mobbin.com,f7a1807c1ac98ccf0eecf5078d61346ac9a94ca37a547f5708d580528c9e55c0,/Users/user/mobbin-sides/screen-flows/shop/035-shop-dreamboard-11f3a7ee-3d03-4636-bc17-17cc1e63f538/003-ecb3a230-36a6-47a9-ab0d-d45a3ae57832-downloadableSrc-21972eaa5747.webp
abf49e36-f6df-4ccc-9a46-69a54c8a202c,Creating a dreamboard,1f1a3d5b-cb65-4c7e-af4b-e4cdf1c03e4d,Shop,3afc9907-97ef-486c-847c-3749b29b51b0,0,1,fc41c3f8-173a-4c1e-babc-69760fd06487,true,downloadableSrc,200,image/webp,142058,142058,b36033b2de116b33c6aea24972daf1edd8e3bdacc9cf84f6937a33505ea3e895,1180,2676,,,bytescale.mobbin.com,f7a1807c1ac98ccf0eecf5078d61346ac9a94ca37a547f5708d580528c9e55c0,/Users/user/mobbin-sides/screen-flows/shop/036-shop-creating-a-dreamboard-abf49e36-f6df-4ccc-9a46-69a54c8a202c/001-fc41c3f8-173a-4c1e-babc-69760fd06487-downloadableSrc-b36033b2de11.webp
abf49e36-f6df-4ccc-9a46-69a54c8a202c,Creating a dreamboard,1f1a3d5b-cb65-4c7e-af4b-e4cdf1c03e4d,Shop,3afc9907-97ef-486c-847c-3749b29b51b0,1,2,ae92be67-4594-414c-886d-9cf56f0cf30e,true,downloadableSrc,200,image/webp,28058,28058,755833da86b5c9984fd3d7072712da9558f77209b685a87884d8eec3174b0f2c,1180,2676,,,bytescale.mobbin.com,f7a1807c1ac98ccf0eecf5078d61346ac9a94ca37a547f5708d580528c9e55c0,/Users/user/mobbin-sides/screen-flows/shop/036-shop-creating-a-dreamboard-abf49e36-f6df-4ccc-9a46-69a54c8a202c/002-ae92be67-4594-414c-886d-9cf56f0cf30e-downloadableSrc-755833da86b5.webp
abf49e36-f6df-4ccc-9a46-69a54c8a202c,Creating a dreamboard,1f1a3d5b-cb65-4c7e-af4b-e4cdf1c03e4d,Shop,3afc9907-97ef-486c-847c-3749b29b51b0,2,3,a59977f9-d1ba-4daf-8cae-27202bcd6c1f,true,downloadableSrc,200,image/webp,36108,36108,b3ecf43b645c2710c4258f0f88318330f557a7668f8b27a21f764f63b97c8c1f,1180,2676,,,bytescale.mobbin.com,f7a1807c1ac98ccf0eecf5078d61346ac9a94ca37a547f5708d580528c9e55c0,/Users/user/mobbin-sides/screen-flows/shop/036-shop-creating-a-dreamboard-abf49e36-f6df-4ccc-9a46-69a54c8a202c/003-a59977f9-d1ba-4daf-8cae-27202bcd6c1f-downloadableSrc-b3ecf43b645c.webp
abf49e36-f6df-4ccc-9a46-69a54c8a202c,Creating a dreamboard,1f1a3d5b-cb65-4c7e-af4b-e4cdf1c03e4d,Shop,3afc9907-97ef-486c-847c-3749b29b51b0,3,4,02dd1334-d950-43b0-a9eb-631b3f85e146,true,downloadableSrc,200,image/webp,38752,38752,a0b4d07700695a86e50dab2766061e8d29e79b1631928ef3cb11a49141f38463,1180,2676,,,bytescale.mobbin.com,f7a1807c1ac98ccf0eecf5078d61346ac9a94ca37a547f5708d580528c9e55c0,/Users/user/mobbin-sides/screen-flows/shop/036-shop-creating-a-dreamboard-abf49e36-f6df-4ccc-9a46-69a54c8a202c/004-02dd1334-d950-43b0-a9eb-631b3f85e146-downloadableSrc-a0b4d0770069.webp
abf49e36-f6df-4ccc-9a46-69a54c8a202c,Creating a dreamboard,1f1a3d5b-cb65-4c7e-af4b-e4cdf1c03e4d,Shop,3afc9907-97ef-486c-847c-3749b29b51b0,4,5,4619491a-78eb-40db-aa5f-37bfdddcde0f,true,downloadableSrc,200,image/webp,31734,31734,6b9029b6c64aa00f1e7b4c209534c4a599f95df65235e283edf7ccdfe7cecede,1180,2676,,,bytescale.mobbin.com,f7a1807c1ac98ccf0eecf5078d61346ac9a94ca37a547f5708d580528c9e55c0,/Users/user/mobbin-sides/screen-flows/shop/036-shop-creating-a-dreamboard-abf49e36-f6df-4ccc-9a46-69a54c8a202c/005-4619491a-78eb-40db-aa5f-37bfdddcde0f-downloadableSrc-6b9029b6c64a.webp
abf49e36-f6df-4ccc-9a46-69a54c8a202c,Creating a dreamboard,1f1a3d5b-cb65-4c7e-af4b-e4cdf1c03e4d,Shop,3afc9907-97ef-486c-847c-3749b29b51b0,5,6,0df11b03-2ca4-48d0-bfdb-65b462bd96e5,true,downloadableSrc,200,image/webp,80560,80560,c48e7267a1f462fbb0ed201fcc7d1f7a1a66a16bf73bee95abfde9187a134188,1180,2676,,,bytescale.mobbin.com,f7a1807c1ac98ccf0eecf5078d61346ac9a94ca37a547f5708d580528c9e55c0,/Users/user/mobbin-sides/screen-flows/shop/036-shop-creating-a-dreamboard-abf49e36-f6df-4ccc-9a46-69a54c8a202c/006-0df11b03-2ca4-48d0-bfdb-65b462bd96e5-downloadableSrc-c48e7267a1f4.webp
abf49e36-f6df-4ccc-9a46-69a54c8a202c,Creating a dreamboard,1f1a3d5b-cb65-4c7e-af4b-e4cdf1c03e4d,Shop,3afc9907-97ef-486c-847c-3749b29b51b0,6,7,10f9acf5-a31c-4316-a6f2-d9fc3ea58468,true,downloadableSrc,200,image/webp,76170,76170,47204b8c06079785cba447cb13df485cb8d31ce1b32f087430d36b4314b9814b,1180,2676,,,bytescale.mobbin.com,f7a1807c1ac98ccf0eecf5078d61346ac9a94ca37a547f5708d580528c9e55c0,/Users/user/mobbin-sides/screen-flows/shop/036-shop-creating-a-dreamboard-abf49e36-f6df-4ccc-9a46-69a54c8a202c/007-10f9acf5-a31c-4316-a6f2-d9fc3ea58468-downloadableSrc-47204b8c0607.webp
abf49e36-f6df-4ccc-9a46-69a54c8a202c,Creating a dreamboard,1f1a3d5b-cb65-4c7e-af4b-e4cdf1c03e4d,Shop,3afc9907-97ef-486c-847c-3749b29b51b0,7,8,9950a12d-a52c-4824-8586-df3ad42040fe,true,downloadableSrc,200,image/webp,76290,76290,afa3e35536aba0e5b0d238de896372b7c2e851fa7e14487ef64f0c71594d402d,1180,2676,,,bytescale.mobbin.com,f7a1807c1ac98ccf0eecf5078d61346ac9a94ca37a547f5708d580528c9e55c0,/Users/user/mobbin-sides/screen-flows/shop/036-shop-creating-a-dreamboard-abf49e36-f6df-4ccc-9a46-69a54c8a202c/008-9950a12d-a52c-4824-8586-df3ad42040fe-downloadableSrc-afa3e35536ab.webp
abf49e36-f6df-4ccc-9a46-69a54c8a202c,Creating a dreamboard,1f1a3d5b-cb65-4c7e-af4b-e4cdf1c03e4d,Shop,3afc9907-97ef-486c-847c-3749b29b51b0,8,9,892e0370-403a-4b15-9484-fedbefa16b4f,true,downloadableSrc,200,image/webp,72960,72960,f8c1bb57362ba7c7d072a55801afe54d26ccd011a2c379376861ec39c161fcec,1180,2676,,,bytescale.mobbin.com,f7a1807c1ac98ccf0eecf5078d61346ac9a94ca37a547f5708d580528c9e55c0,/Users/user/mobbin-sides/screen-flows/shop/036-shop-creating-a-dreamboard-abf49e36-f6df-4ccc-9a46-69a54c8a202c/009-892e0370-403a-4b15-9484-fedbefa16b4f-downloadableSrc-f8c1bb57362b.webp
abf49e36-f6df-4ccc-9a46-69a54c8a202c,Creating a dreamboard,1f1a3d5b-cb65-4c7e-af4b-e4cdf1c03e4d,Shop,3afc9907-97ef-486c-847c-3749b29b51b0,9,10,df0604d9-c338-4925-80ae-7b91bfadf91a,true,downloadableSrc,200,image/webp,79822,79822,f33003c31218c1f7a4e85691c4a9fb0a10c21c7f81b2c84625ff18795112a8c6,1180,2676,,,bytescale.mobbin.com,f7a1807c1ac98ccf0eecf5078d61346ac9a94ca37a547f5708d580528c9e55c0,/Users/user/mobbin-sides/screen-flows/shop/036-shop-creating-a-dreamboard-abf49e36-f6df-4ccc-9a46-69a54c8a202c/010-df0604d9-c338-4925-80ae-7b91bfadf91a-downloadableSrc-f33003c31218.webp
abf49e36-f6df-4ccc-9a46-69a54c8a202c,Creating a dreamboard,1f1a3d5b-cb65-4c7e-af4b-e4cdf1c03e4d,Shop,3afc9907-97ef-486c-847c-3749b29b51b0,10,11,7ca70adb-695c-451d-93bd-af34f17ded26,true,downloadableSrc,200,image/webp,64722,64722,5fe005c264d03a15bd14d2e537e81929a6499e18cee3c8243b2780b72ed7e337,1180,2676,,,bytescale.mobbin.com,f7a1807c1ac98ccf0eecf5078d61346ac9a94ca37a547f5708d580528c9e55c0,/Users/user/mobbin-sides/screen-flows/shop/036-shop-creating-a-dreamboard-abf49e36-f6df-4ccc-9a46-69a54c8a202c/011-7ca70adb-695c-451d-93bd-af34f17ded26-downloadableSrc-5fe005c264d0.webp
abf49e36-f6df-4ccc-9a46-69a54c8a202c,Creating a dreamboard,1f1a3d5b-cb65-4c7e-af4b-e4cdf1c03e4d,Shop,3afc9907-97ef-486c-847c-3749b29b51b0,11,12,17435395-089d-4f41-925c-4608f1282145,true,downloadableSrc,200,image/webp,80656,80656,1cf27a7e86590c0abf0c4ed924ad3515d21fa231460534c413373ce64cca2999,1180,2676,,,bytescale.mobbin.com,f7a1807c1ac98ccf0eecf5078d61346ac9a94ca37a547f5708d580528c9e55c0,/Users/user/mobbin-sides/screen-flows/shop/036-shop-creating-a-dreamboard-abf49e36-f6df-4ccc-9a46-69a54c8a202c/012-17435395-089d-4f41-925c-4608f1282145-downloadableSrc-1cf27a7e8659.webp
abf49e36-f6df-4ccc-9a46-69a54c8a202c,Creating a dreamboard,1f1a3d5b-cb65-4c7e-af4b-e4cdf1c03e4d,Shop,3afc9907-97ef-486c-847c-3749b29b51b0,12,13,55dbd0a9-1fe5-4d62-884d-05de6fd35d7e,true,downloadableSrc,200,image/webp,136600,136600,e5b8b4c0f70bef278d47ad4dc76980b229f951a4aae01d4ef978b0521841b21d,1180,2676,,,bytescale.mobbin.com,f7a1807c1ac98ccf0eecf5078d61346ac9a94ca37a547f5708d580528c9e55c0,/Users/user/mobbin-sides/screen-flows/shop/036-shop-creating-a-dreamboard-abf49e36-f6df-4ccc-9a46-69a54c8a202c/013-55dbd0a9-1fe5-4d62-884d-05de6fd35d7e-downloadableSrc-e5b8b4c0f70b.webp
abf49e36-f6df-4ccc-9a46-69a54c8a202c,Creating a dreamboard,1f1a3d5b-cb65-4c7e-af4b-e4cdf1c03e4d,Shop,3afc9907-97ef-486c-847c-3749b29b51b0,13,14,11112893-cbd1-49da-b7df-fb7b8c96b3ad,true,downloadableSrc,200,image/webp,97598,97598,775043a885fa2f2b90a118789b61a0c642dbd4aab95a67c5f762876d6a592997,1180,2676,,,bytescale.mobbin.com,f7a1807c1ac98ccf0eecf5078d61346ac9a94ca37a547f5708d580528c9e55c0,/Users/user/mobbin-sides/screen-flows/shop/036-shop-creating-a-dreamboard-abf49e36-f6df-4ccc-9a46-69a54c8a202c/014-11112893-cbd1-49da-b7df-fb7b8c96b3ad-downloadableSrc-775043a885fa.webp
abf49e36-f6df-4ccc-9a46-69a54c8a202c,Creating a dreamboard,1f1a3d5b-cb65-4c7e-af4b-e4cdf1c03e4d,Shop,3afc9907-97ef-486c-847c-3749b29b51b0,14,15,6732e0f2-8147-4250-8a3b-2376ea49eb6c,true,downloadableSrc,200,image/webp,82746,82746,99d1510348840cbd83d321656eee1e3265fab2edf5f2d897b165700af9540cce,1180,2676,,,bytescale.mobbin.com,f7a1807c1ac98ccf0eecf5078d61346ac9a94ca37a547f5708d580528c9e55c0,/Users/user/mobbin-sides/screen-flows/shop/036-shop-creating-a-dreamboard-abf49e36-f6df-4ccc-9a46-69a54c8a202c/015-6732e0f2-8147-4250-8a3b-2376ea49eb6c-downloadableSrc-99d151034884.webp
abf49e36-f6df-4ccc-9a46-69a54c8a202c,Creating a dreamboard,1f1a3d5b-cb65-4c7e-af4b-e4cdf1c03e4d,Shop,3afc9907-97ef-486c-847c-3749b29b51b0,15,16,895df1b9-6cc8-4cf2-b1ef-d523cff604cd,true,downloadableSrc,200,image/webp,73114,73114,e727b15c95855dafe2265e8baef55adadb6a2eb4940a5e68e8686fd8cd9226b1,1180,2676,,,bytescale.mobbin.com,f7a1807c1ac98ccf0eecf5078d61346ac9a94ca37a547f5708d580528c9e55c0,/Users/user/mobbin-sides/screen-flows/shop/036-shop-creating-a-dreamboard-abf49e36-f6df-4ccc-9a46-69a54c8a202c/016-895df1b9-6cc8-4cf2-b1ef-d523cff604cd-downloadableSrc-e727b15c9585.webp
abf49e36-f6df-4ccc-9a46-69a54c8a202c,Creating a dreamboard,1f1a3d5b-cb65-4c7e-af4b-e4cdf1c03e4d,Shop,3afc9907-97ef-486c-847c-3749b29b51b0,16,17,c72b3a9b-04f4-4c2a-9181-64beee8d07ee,true,downloadableSrc,200,image/webp,73782,73782,74ea90ffc29e94abe537c0d1f84f312a389a8e77972a11dbf4deac0adaabf071,1180,2676,,,bytescale.mobbin.com,f7a1807c1ac98ccf0eecf5078d61346ac9a94ca37a547f5708d580528c9e55c0,/Users/user/mobbin-sides/screen-flows/shop/036-shop-creating-a-dreamboard-abf49e36-f6df-4ccc-9a46-69a54c8a202c/017-c72b3a9b-04f4-4c2a-9181-64beee8d07ee-downloadableSrc-74ea90ffc29e.webp
abf49e36-f6df-4ccc-9a46-69a54c8a202c,Creating a dreamboard,1f1a3d5b-cb65-4c7e-af4b-e4cdf1c03e4d,Shop,3afc9907-97ef-486c-847c-3749b29b51b0,17,18,0ef519c1-fedb-4144-8e6b-29ea01b364d2,true,downloadableSrc,200,image/webp,73716,73716,900b4eb4dfabf0a33137355bad99faff9818a4e0249fa32a8896af9a36d76903,1180,2676,,,bytescale.mobbin.com,f7a1807c1ac98ccf0eecf5078d61346ac9a94ca37a547f5708d580528c9e55c0,/Users/user/mobbin-sides/screen-flows/shop/036-shop-creating-a-dreamboard-abf49e36-f6df-4ccc-9a46-69a54c8a202c/018-0ef519c1-fedb-4144-8e6b-29ea01b364d2-downloadableSrc-900b4eb4dfab.webp
abf49e36-f6df-4ccc-9a46-69a54c8a202c,Creating a dreamboard,1f1a3d5b-cb65-4c7e-af4b-e4cdf1c03e4d,Shop,3afc9907-97ef-486c-847c-3749b29b51b0,18,19,f09df254-c259-4fdb-b1f0-886a739b91f4,true,downloadableSrc,200,image/webp,73808,73808,7d54d68354b80b8bb4cec24c8a9572cfe4abfc79e7a16e2b5e563c544a4e78c2,1180,2676,,,bytescale.mobbin.com,f7a1807c1ac98ccf0eecf5078d61346ac9a94ca37a547f5708d580528c9e55c0,/Users/user/mobbin-sides/screen-flows/shop/036-shop-creating-a-dreamboard-abf49e36-f6df-4ccc-9a46-69a54c8a202c/019-f09df254-c259-4fdb-b1f0-886a739b91f4-downloadableSrc-7d54d68354b8.webp
abf49e36-f6df-4ccc-9a46-69a54c8a202c,Creating a dreamboard,1f1a3d5b-cb65-4c7e-af4b-e4cdf1c03e4d,Shop,3afc9907-97ef-486c-847c-3749b29b51b0,19,20,a7623e80-66b1-4560-9eaf-b1c7ad223d2b,true,downloadableSrc,200,image/webp,93174,93174,3203e19de6831d96fc7b7887e123ce6ce998d17e25f9e7b459d7627bbe6e7f12,1180,2676,,,bytescale.mobbin.com,f7a1807c1ac98ccf0eecf5078d61346ac9a94ca37a547f5708d580528c9e55c0,/Users/user/mobbin-sides/screen-flows/shop/036-shop-creating-a-dreamboard-abf49e36-f6df-4ccc-9a46-69a54c8a202c/020-a7623e80-66b1-4560-9eaf-b1c7ad223d2b-downloadableSrc-3203e19de683.webp
325f527b-9579-46e9-ab2f-f5db6dd79625,Listed products,1f1a3d5b-cb65-4c7e-af4b-e4cdf1c03e4d,Shop,3afc9907-97ef-486c-847c-3749b29b51b0,0,1,fc41c3f8-173a-4c1e-babc-69760fd06487,true,downloadableSrc,200,image/webp,142058,142058,b36033b2de116b33c6aea24972daf1edd8e3bdacc9cf84f6937a33505ea3e895,1180,2676,,,bytescale.mobbin.com,f7a1807c1ac98ccf0eecf5078d61346ac9a94ca37a547f5708d580528c9e55c0,/Users/user/mobbin-sides/screen-flows/shop/037-shop-listed-products-325f527b-9579-46e9-ab2f-f5db6dd79625/001-fc41c3f8-173a-4c1e-babc-69760fd06487-downloadableSrc-b36033b2de11.webp
325f527b-9579-46e9-ab2f-f5db6dd79625,Listed products,1f1a3d5b-cb65-4c7e-af4b-e4cdf1c03e4d,Shop,3afc9907-97ef-486c-847c-3749b29b51b0,1,2,185f932b-88b3-420c-8c1b-77945a1e4fcf,true,downloadableSrc,200,image/webp,136484,136484,aeabe5c352bc28298858dc41e4dcf16bf0cdb0060da2ab5ccbbe533926455d48,1179,2676,,,bytescale.mobbin.com,f7a1807c1ac98ccf0eecf5078d61346ac9a94ca37a547f5708d580528c9e55c0,/Users/user/mobbin-sides/screen-flows/shop/037-shop-listed-products-325f527b-9579-46e9-ab2f-f5db6dd79625/002-185f932b-88b3-420c-8c1b-77945a1e4fcf-downloadableSrc-aeabe5c352bc.webp
98ab02f1-3259-4300-8dc5-aa3625e65d4f,Liking a dreamboard,1f1a3d5b-cb65-4c7e-af4b-e4cdf1c03e4d,Shop,3afc9907-97ef-486c-847c-3749b29b51b0,0,1,fc41c3f8-173a-4c1e-babc-69760fd06487,true,downloadableSrc,200,image/webp,142058,142058,b36033b2de116b33c6aea24972daf1edd8e3bdacc9cf84f6937a33505ea3e895,1180,2676,,,bytescale.mobbin.com,f7a1807c1ac98ccf0eecf5078d61346ac9a94ca37a547f5708d580528c9e55c0,/Users/user/mobbin-sides/screen-flows/shop/038-shop-liking-a-dreamboard-98ab02f1-3259-4300-8dc5-aa3625e65d4f/001-fc41c3f8-173a-4c1e-babc-69760fd06487-downloadableSrc-b36033b2de11.webp
98ab02f1-3259-4300-8dc5-aa3625e65d4f,Liking a dreamboard,1f1a3d5b-cb65-4c7e-af4b-e4cdf1c03e4d,Shop,3afc9907-97ef-486c-847c-3749b29b51b0,1,2,5f2ec321-876b-46c7-bfc5-d178ccb22ae9,true,downloadableSrc,200,image/webp,180844,180844,8c76362d503244db2476de209a428b8dc14a9c977d63f1b81b39f4b2427f1b06,1179,2676,,,bytescale.mobbin.com,f7a1807c1ac98ccf0eecf5078d61346ac9a94ca37a547f5708d580528c9e55c0,/Users/user/mobbin-sides/screen-flows/shop/038-shop-liking-a-dreamboard-98ab02f1-3259-4300-8dc5-aa3625e65d4f/002-5f2ec321-876b-46c7-bfc5-d178ccb22ae9-downloadableSrc-8c76362d5032.webp
dcd7cf19-e9df-475a-9beb-b809dd5c54d1,Profile (dreamboard),1f1a3d5b-cb65-4c7e-af4b-e4cdf1c03e4d,Shop,3afc9907-97ef-486c-847c-3749b29b51b0,0,1,fc41c3f8-173a-4c1e-babc-69760fd06487,true,downloadableSrc,200,image/webp,142058,142058,b36033b2de116b33c6aea24972daf1edd8e3bdacc9cf84f6937a33505ea3e895,1180,2676,,,bytescale.mobbin.com,f7a1807c1ac98ccf0eecf5078d61346ac9a94ca37a547f5708d580528c9e55c0,/Users/user/mobbin-sides/screen-flows/shop/039-shop-profile-dreamboard-dcd7cf19-e9df-475a-9beb-b809dd5c54d1/001-fc41c3f8-173a-4c1e-babc-69760fd06487-downloadableSrc-b36033b2de11.webp
dcd7cf19-e9df-475a-9beb-b809dd5c54d1,Profile (dreamboard),1f1a3d5b-cb65-4c7e-af4b-e4cdf1c03e4d,Shop,3afc9907-97ef-486c-847c-3749b29b51b0,1,2,470fa95c-8510-4274-b21f-70b68d0469ea,true,downloadableSrc,200,image/webp,89152,89152,27b763cc489bbb6f1474a68b7f5b525000ffc3e98e39eb444de722305343836f,1179,2676,,,bytescale.mobbin.com,f7a1807c1ac98ccf0eecf5078d61346ac9a94ca37a547f5708d580528c9e55c0,/Users/user/mobbin-sides/screen-flows/shop/039-shop-profile-dreamboard-dcd7cf19-e9df-475a-9beb-b809dd5c54d1/002-470fa95c-8510-4274-b21f-70b68d0469ea-downloadableSrc-27b763cc489b.webp
d68a113e-464c-4a5c-bcfd-00ac4c534e71,Generating a color season analysis,1f1a3d5b-cb65-4c7e-af4b-e4cdf1c03e4d,Shop,3afc9907-97ef-486c-847c-3749b29b51b0,0,1,2ee3ebde-5f68-4043-968f-c771ed6d1088,true,downloadableSrc,200,image/webp,70024,70024,795a31aee626bb5e90fc159156893f87c2595456e31a52c66f0bfaa5829cd23a,1180,2676,,,bytescale.mobbin.com,f7a1807c1ac98ccf0eecf5078d61346ac9a94ca37a547f5708d580528c9e55c0,/Users/user/mobbin-sides/screen-flows/shop/040-shop-generating-a-color-season-analysis-d68a113e-464c-4a5c-bcfd-00ac4c534e71/001-2ee3ebde-5f68-4043-968f-c771ed6d1088-downloadableSrc-795a31aee626.webp
d68a113e-464c-4a5c-bcfd-00ac4c534e71,Generating a color season analysis,1f1a3d5b-cb65-4c7e-af4b-e4cdf1c03e4d,Shop,3afc9907-97ef-486c-847c-3749b29b51b0,1,2,2db1e36f-10ad-4f82-b32e-4ceb0694d162,true,downloadableSrc,200,image/webp,69178,69178,473ba18f108ebb4c4952a7ee037ea7752c1ab6e15d4a64d23ba77c40aa9bbd9b,1179,2676,,,bytescale.mobbin.com,f7a1807c1ac98ccf0eecf5078d61346ac9a94ca37a547f5708d580528c9e55c0,/Users/user/mobbin-sides/screen-flows/shop/040-shop-generating-a-color-season-analysis-d68a113e-464c-4a5c-bcfd-00ac4c534e71/002-2db1e36f-10ad-4f82-b32e-4ceb0694d162-downloadableSrc-473ba18f108e.webp
d68a113e-464c-4a5c-bcfd-00ac4c534e71,Generating a color season analysis,1f1a3d5b-cb65-4c7e-af4b-e4cdf1c03e4d,Shop,3afc9907-97ef-486c-847c-3749b29b51b0,2,3,48587fc1-3108-4428-9a07-4b7dca89f9d8,true,downloadableSrc,200,image/webp,80588,80588,cad92a603e14108ce4b31d506409e5e09d677969d9e7f273324100096eef405f,1179,2676,,,bytescale.mobbin.com,f7a1807c1ac98ccf0eecf5078d61346ac9a94ca37a547f5708d580528c9e55c0,/Users/user/mobbin-sides/screen-flows/shop/040-shop-generating-a-color-season-analysis-d68a113e-464c-4a5c-bcfd-00ac4c534e71/003-48587fc1-3108-4428-9a07-4b7dca89f9d8-downloadableSrc-cad92a603e14.webp
d68a113e-464c-4a5c-bcfd-00ac4c534e71,Generating a color season analysis,1f1a3d5b-cb65-4c7e-af4b-e4cdf1c03e4d,Shop,3afc9907-97ef-486c-847c-3749b29b51b0,3,4,3bf79b47-7123-4aee-9b25-b055c23cd6aa,true,downloadableSrc,200,image/webp,92692,92692,8066bba7d7bfa8a0fbf9e10aae60129bf7b5ed93f6520bb4921c7de3f6a63a54,1179,2676,,,bytescale.mobbin.com,f7a1807c1ac98ccf0eecf5078d61346ac9a94ca37a547f5708d580528c9e55c0,/Users/user/mobbin-sides/screen-flows/shop/040-shop-generating-a-color-season-analysis-d68a113e-464c-4a5c-bcfd-00ac4c534e71/004-3bf79b47-7123-4aee-9b25-b055c23cd6aa-downloadableSrc-8066bba7d7bf.webp
d68a113e-464c-4a5c-bcfd-00ac4c534e71,Generating a color season analysis,1f1a3d5b-cb65-4c7e-af4b-e4cdf1c03e4d,Shop,3afc9907-97ef-486c-847c-3749b29b51b0,4,5,41457cde-f8f9-44a7-ad79-a90c246fbdc7,true,downloadableSrc,200,image/webp,78114,78114,f6b48f7151eb42d995d5113555d5115e494bf1c846fed66b14b321e2b4bb2dc2,1179,2676,,,bytescale.mobbin.com,f7a1807c1ac98ccf0eecf5078d61346ac9a94ca37a547f5708d580528c9e55c0,/Users/user/mobbin-sides/screen-flows/shop/040-shop-generating-a-color-season-analysis-d68a113e-464c-4a5c-bcfd-00ac4c534e71/005-41457cde-f8f9-44a7-ad79-a90c246fbdc7-downloadableSrc-f6b48f7151eb.webp
d68a113e-464c-4a5c-bcfd-00ac4c534e71,Generating a color season analysis,1f1a3d5b-cb65-4c7e-af4b-e4cdf1c03e4d,Shop,3afc9907-97ef-486c-847c-3749b29b51b0,5,6,e00e69aa-7b67-48f9-99bd-5cfdfad4388f,true,downloadableSrc,200,image/webp,93444,93444,2ca854538d11fc6f5ed6b6e567c081867e8cc5c037375e0c683d0d3ff8d3323b,1179,2676,,,bytescale.mobbin.com,f7a1807c1ac98ccf0eecf5078d61346ac9a94ca37a547f5708d580528c9e55c0,/Users/user/mobbin-sides/screen-flows/shop/040-shop-generating-a-color-season-analysis-d68a113e-464c-4a5c-bcfd-00ac4c534e71/006-e00e69aa-7b67-48f9-99bd-5cfdfad4388f-downloadableSrc-2ca854538d11.webp
d68a113e-464c-4a5c-bcfd-00ac4c534e71,Generating a color season analysis,1f1a3d5b-cb65-4c7e-af4b-e4cdf1c03e4d,Shop,3afc9907-97ef-486c-847c-3749b29b51b0,6,7,ed491c08-dab4-4c41-a6fb-9142981ce775,true,downloadableSrc,200,image/webp,186004,186004,d670c68c68e91c077a429d1d2c14bbeafa5b0e5aca1b480587071f1ce39ad199,1179,2676,,,bytescale.mobbin.com,f7a1807c1ac98ccf0eecf5078d61346ac9a94ca37a547f5708d580528c9e55c0,/Users/user/mobbin-sides/screen-flows/shop/040-shop-generating-a-color-season-analysis-d68a113e-464c-4a5c-bcfd-00ac4c534e71/007-ed491c08-dab4-4c41-a6fb-9142981ce775-downloadableSrc-d670c68c68e9.webp
d68a113e-464c-4a5c-bcfd-00ac4c534e71,Generating a color season analysis,1f1a3d5b-cb65-4c7e-af4b-e4cdf1c03e4d,Shop,3afc9907-97ef-486c-847c-3749b29b51b0,7,8,f8189359-357a-48e0-aeb7-570ab2b03681,true,downloadableSrc,200,image/webp,186690,186690,a9aa55383f4a3ec2196d686e04635342d1641bdaeae16ef53554d67718da4c7a,1179,2676,,,bytescale.mobbin.com,f7a1807c1ac98ccf0eecf5078d61346ac9a94ca37a547f5708d580528c9e55c0,/Users/user/mobbin-sides/screen-flows/shop/040-shop-generating-a-color-season-analysis-d68a113e-464c-4a5c-bcfd-00ac4c534e71/008-f8189359-357a-48e0-aeb7-570ab2b03681-downloadableSrc-a9aa55383f4a.webp
d68a113e-464c-4a5c-bcfd-00ac4c534e71,Generating a color season analysis,1f1a3d5b-cb65-4c7e-af4b-e4cdf1c03e4d,Shop,3afc9907-97ef-486c-847c-3749b29b51b0,8,9,9761103c-78bd-40da-a63c-58efc64f0b51,true,downloadableSrc,200,image/webp,48154,48154,c63ec0329ec34f94cd392a3e9d9807c7494d73e4253a50913e45846e88d97be9,1179,2676,,,bytescale.mobbin.com,f7a1807c1ac98ccf0eecf5078d61346ac9a94ca37a547f5708d580528c9e55c0,/Users/user/mobbin-sides/screen-flows/shop/040-shop-generating-a-color-season-analysis-d68a113e-464c-4a5c-bcfd-00ac4c534e71/009-9761103c-78bd-40da-a63c-58efc64f0b51-downloadableSrc-c63ec0329ec3.webp
11ef7254-8c95-4571-89a3-7fa43cb4a535,Uploading daily outfits,1f1a3d5b-cb65-4c7e-af4b-e4cdf1c03e4d,Shop,3afc9907-97ef-486c-847c-3749b29b51b0,0,1,e5b00995-0752-429f-b657-6ec609ad7063,true,downloadableSrc,200,image/webp,70712,70712,61527f6600ca644a0508016c23215e4373b8c375f9c9da173d1e530021e9a848,1180,2676,,,bytescale.mobbin.com,f7a1807c1ac98ccf0eecf5078d61346ac9a94ca37a547f5708d580528c9e55c0,/Users/user/mobbin-sides/screen-flows/shop/041-shop-uploading-daily-outfits-11ef7254-8c95-4571-89a3-7fa43cb4a535/001-e5b00995-0752-429f-b657-6ec609ad7063-downloadableSrc-61527f6600ca.webp
11ef7254-8c95-4571-89a3-7fa43cb4a535,Uploading daily outfits,1f1a3d5b-cb65-4c7e-af4b-e4cdf1c03e4d,Shop,3afc9907-97ef-486c-847c-3749b29b51b0,1,2,c38f2cb2-60ce-47db-9b9b-28f57803448e,true,downloadableSrc,200,image/webp,53508,53508,fb95b74442a2536ee1076363a4f8803cc0715d58b0dde7c4996668d84775d4da,1180,2676,,,bytescale.mobbin.com,f7a1807c1ac98ccf0eecf5078d61346ac9a94ca37a547f5708d580528c9e55c0,/Users/user/mobbin-sides/screen-flows/shop/041-shop-uploading-daily-outfits-11ef7254-8c95-4571-89a3-7fa43cb4a535/002-c38f2cb2-60ce-47db-9b9b-28f57803448e-downloadableSrc-fb95b74442a2.webp
11ef7254-8c95-4571-89a3-7fa43cb4a535,Uploading daily outfits,1f1a3d5b-cb65-4c7e-af4b-e4cdf1c03e4d,Shop,3afc9907-97ef-486c-847c-3749b29b51b0,2,3,2ee6adf3-11fe-4bfc-8997-6a18a549fa8e,true,downloadableSrc,200,image/webp,30994,30994,e911f3a0eba6dffab06f7dc27ae9b4363958d83bf62b2d279077f44d6ce1ad0f,1180,2676,,,bytescale.mobbin.com,f7a1807c1ac98ccf0eecf5078d61346ac9a94ca37a547f5708d580528c9e55c0,/Users/user/mobbin-sides/screen-flows/shop/041-shop-uploading-daily-outfits-11ef7254-8c95-4571-89a3-7fa43cb4a535/003-2ee6adf3-11fe-4bfc-8997-6a18a549fa8e-downloadableSrc-e911f3a0eba6.webp
11ef7254-8c95-4571-89a3-7fa43cb4a535,Uploading daily outfits,1f1a3d5b-cb65-4c7e-af4b-e4cdf1c03e4d,Shop,3afc9907-97ef-486c-847c-3749b29b51b0,3,4,6b79e482-b438-4a35-8cfe-8df9d14fd960,true,downloadableSrc,200,image/webp,35272,35272,bd8bc4273ca035115915709ce8202066c5317fbf58e8576b3d5ca7ded43970da,1180,2676,,,bytescale.mobbin.com,f7a1807c1ac98ccf0eecf5078d61346ac9a94ca37a547f5708d580528c9e55c0,/Users/user/mobbin-sides/screen-flows/shop/041-shop-uploading-daily-outfits-11ef7254-8c95-4571-89a3-7fa43cb4a535/004-6b79e482-b438-4a35-8cfe-8df9d14fd960-downloadableSrc-bd8bc4273ca0.webp
11ef7254-8c95-4571-89a3-7fa43cb4a535,Uploading daily outfits,1f1a3d5b-cb65-4c7e-af4b-e4cdf1c03e4d,Shop,3afc9907-97ef-486c-847c-3749b29b51b0,4,5,9c39c8e7-d132-49aa-a9ec-09bdd64b8d47,true,downloadableSrc,200,image/webp,31738,31738,053f8f547f5f75631de2742098475a9efc37d66db37b3e1497835cffd7cb17cf,1180,2676,,,bytescale.mobbin.com,f7a1807c1ac98ccf0eecf5078d61346ac9a94ca37a547f5708d580528c9e55c0,/Users/user/mobbin-sides/screen-flows/shop/041-shop-uploading-daily-outfits-11ef7254-8c95-4571-89a3-7fa43cb4a535/005-9c39c8e7-d132-49aa-a9ec-09bdd64b8d47-downloadableSrc-053f8f547f5f.webp
11ef7254-8c95-4571-89a3-7fa43cb4a535,Uploading daily outfits,1f1a3d5b-cb65-4c7e-af4b-e4cdf1c03e4d,Shop,3afc9907-97ef-486c-847c-3749b29b51b0,5,6,4b44595d-0340-437f-a42f-f5da4df30feb,true,downloadableSrc,200,image/webp,48098,48098,cb4f999b44cdc4efcd8b5fa4e854b2e92719eb77b5665fc1726ce5b34f3bd20f,1180,2676,,,bytescale.mobbin.com,f7a1807c1ac98ccf0eecf5078d61346ac9a94ca37a547f5708d580528c9e55c0,/Users/user/mobbin-sides/screen-flows/shop/041-shop-uploading-daily-outfits-11ef7254-8c95-4571-89a3-7fa43cb4a535/006-4b44595d-0340-437f-a42f-f5da4df30feb-downloadableSrc-cb4f999b44cd.webp
11ef7254-8c95-4571-89a3-7fa43cb4a535,Uploading daily outfits,1f1a3d5b-cb65-4c7e-af4b-e4cdf1c03e4d,Shop,3afc9907-97ef-486c-847c-3749b29b51b0,6,7,85b9ea22-e86e-478e-9aed-fa060d042f97,true,downloadableSrc,200,image/webp,43276,43276,c5660488351561f3e943dd46d7d01c410810a991461be37d75ded3be37731706,1180,2676,,,bytescale.mobbin.com,f7a1807c1ac98ccf0eecf5078d61346ac9a94ca37a547f5708d580528c9e55c0,/Users/user/mobbin-sides/screen-flows/shop/041-shop-uploading-daily-outfits-11ef7254-8c95-4571-89a3-7fa43cb4a535/007-85b9ea22-e86e-478e-9aed-fa060d042f97-downloadableSrc-c56604883515.webp
11ef7254-8c95-4571-89a3-7fa43cb4a535,Uploading daily outfits,1f1a3d5b-cb65-4c7e-af4b-e4cdf1c03e4d,Shop,3afc9907-97ef-486c-847c-3749b29b51b0,7,8,fd8db5ae-3598-4a58-8c04-2d0529b73922,true,downloadableSrc,200,image/webp,58894,58894,47706ceec8cd95ecfa8ba5a6013b2d03248d92b8d427c6fa8c0ecd19ffcfea02,1180,2676,,,bytescale.mobbin.com,f7a1807c1ac98ccf0eecf5078d61346ac9a94ca37a547f5708d580528c9e55c0,/Users/user/mobbin-sides/screen-flows/shop/041-shop-uploading-daily-outfits-11ef7254-8c95-4571-89a3-7fa43cb4a535/008-fd8db5ae-3598-4a58-8c04-2d0529b73922-downloadableSrc-47706ceec8cd.webp
11ef7254-8c95-4571-89a3-7fa43cb4a535,Uploading daily outfits,1f1a3d5b-cb65-4c7e-af4b-e4cdf1c03e4d,Shop,3afc9907-97ef-486c-847c-3749b29b51b0,8,9,f9e95529-66a6-49e0-83ba-41188981605c,true,downloadableSrc,200,image/webp,31434,31434,c41cd02970478f5ba2c9b20dcddbfdea795ee958503f925f3adc9c7ecb1fb026,1180,2676,,,bytescale.mobbin.com,f7a1807c1ac98ccf0eecf5078d61346ac9a94ca37a547f5708d580528c9e55c0,/Users/user/mobbin-sides/screen-flows/shop/041-shop-uploading-daily-outfits-11ef7254-8c95-4571-89a3-7fa43cb4a535/009-f9e95529-66a6-49e0-83ba-41188981605c-downloadableSrc-c41cd0297047.webp
f84fe160-1c72-4833-847b-1c844f0ece3d,Deleting an outfit,1f1a3d5b-cb65-4c7e-af4b-e4cdf1c03e4d,Shop,3afc9907-97ef-486c-847c-3749b29b51b0,0,1,fd8db5ae-3598-4a58-8c04-2d0529b73922,true,downloadableSrc,200,image/webp,58894,58894,47706ceec8cd95ecfa8ba5a6013b2d03248d92b8d427c6fa8c0ecd19ffcfea02,1180,2676,,,bytescale.mobbin.com,f7a1807c1ac98ccf0eecf5078d61346ac9a94ca37a547f5708d580528c9e55c0,/Users/user/mobbin-sides/screen-flows/shop/042-shop-deleting-an-outfit-f84fe160-1c72-4833-847b-1c844f0ece3d/001-fd8db5ae-3598-4a58-8c04-2d0529b73922-downloadableSrc-47706ceec8cd.webp
f84fe160-1c72-4833-847b-1c844f0ece3d,Deleting an outfit,1f1a3d5b-cb65-4c7e-af4b-e4cdf1c03e4d,Shop,3afc9907-97ef-486c-847c-3749b29b51b0,1,2,313cb2d4-37cd-40c7-8be7-60a6e0e9fc54,true,downloadableSrc,200,image/webp,71054,71054,cbc5e0b6a96cfb32db5b2f6a0aac7cf76964e50938bb69ecd10e7e3e0a1a4da5,1179,2676,,,bytescale.mobbin.com,f7a1807c1ac98ccf0eecf5078d61346ac9a94ca37a547f5708d580528c9e55c0,/Users/user/mobbin-sides/screen-flows/shop/042-shop-deleting-an-outfit-f84fe160-1c72-4833-847b-1c844f0ece3d/002-313cb2d4-37cd-40c7-8be7-60a6e0e9fc54-downloadableSrc-cbc5e0b6a96c.webp
f84fe160-1c72-4833-847b-1c844f0ece3d,Deleting an outfit,1f1a3d5b-cb65-4c7e-af4b-e4cdf1c03e4d,Shop,3afc9907-97ef-486c-847c-3749b29b51b0,2,3,8e446e6d-7b39-474b-90e8-eb3e603a1b8d,true,downloadableSrc,200,image/webp,34008,34008,c74ef6a8a42e0d7d7fce35aef4eecf1262c3d283f4cb3b4e41c00b577022a3f2,1179,2676,,,bytescale.mobbin.com,f7a1807c1ac98ccf0eecf5078d61346ac9a94ca37a547f5708d580528c9e55c0,/Users/user/mobbin-sides/screen-flows/shop/042-shop-deleting-an-outfit-f84fe160-1c72-4833-847b-1c844f0ece3d/003-8e446e6d-7b39-474b-90e8-eb3e603a1b8d-downloadableSrc-c74ef6a8a42e.webp
044c5827-6db4-47ac-b18a-b290090bf833,Searching shop (image input),1f1a3d5b-cb65-4c7e-af4b-e4cdf1c03e4d,Shop,3afc9907-97ef-486c-847c-3749b29b51b0,0,1,2ee3ebde-5f68-4043-968f-c771ed6d1088,true,downloadableSrc,200,image/webp,70024,70024,795a31aee626bb5e90fc159156893f87c2595456e31a52c66f0bfaa5829cd23a,1180,2676,,,bytescale.mobbin.com,f7a1807c1ac98ccf0eecf5078d61346ac9a94ca37a547f5708d580528c9e55c0,/Users/user/mobbin-sides/screen-flows/shop/043-shop-searching-shop-image-input-044c5827-6db4-47ac-b18a-b290090bf833/001-2ee3ebde-5f68-4043-968f-c771ed6d1088-downloadableSrc-795a31aee626.webp
044c5827-6db4-47ac-b18a-b290090bf833,Searching shop (image input),1f1a3d5b-cb65-4c7e-af4b-e4cdf1c03e4d,Shop,3afc9907-97ef-486c-847c-3749b29b51b0,1,2,4e8f13ad-c6c4-4998-934c-3e08066ba31c,true,downloadableSrc,200,image/webp,121902,121902,e4e75b343d740a3bbaf990a66c863e3c583f7e2e66f1124e3aa7b65fbbaa5764,1179,2676,,,bytescale.mobbin.com,f7a1807c1ac98ccf0eecf5078d61346ac9a94ca37a547f5708d580528c9e55c0,/Users/user/mobbin-sides/screen-flows/shop/043-shop-searching-shop-image-input-044c5827-6db4-47ac-b18a-b290090bf833/002-4e8f13ad-c6c4-4998-934c-3e08066ba31c-downloadableSrc-e4e75b343d74.webp
044c5827-6db4-47ac-b18a-b290090bf833,Searching shop (image input),1f1a3d5b-cb65-4c7e-af4b-e4cdf1c03e4d,Shop,3afc9907-97ef-486c-847c-3749b29b51b0,2,3,2a305583-91ea-4cf6-93ef-6275e179a935,true,downloadableSrc,200,image/webp,111580,111580,1e5e499a8a1ad7596aa7e2ee95f38180411c7b378c9f46e53d2746f01757eaf9,1179,2676,,,bytescale.mobbin.com,f7a1807c1ac98ccf0eecf5078d61346ac9a94ca37a547f5708d580528c9e55c0,/Users/user/mobbin-sides/screen-flows/shop/043-shop-searching-shop-image-input-044c5827-6db4-47ac-b18a-b290090bf833/003-2a305583-91ea-4cf6-93ef-6275e179a935-downloadableSrc-1e5e499a8a1a.webp
044c5827-6db4-47ac-b18a-b290090bf833,Searching shop (image input),1f1a3d5b-cb65-4c7e-af4b-e4cdf1c03e4d,Shop,3afc9907-97ef-486c-847c-3749b29b51b0,3,4,cc7ff4f3-e47d-4182-8dc5-5a2881e69ac8,true,downloadableSrc,200,image/webp,188944,188944,98cbf4d3213ecbab71dd2a79b87ce5b66d6bbcbb05d9f948058f1228b723cb7c,1179,2676,,,bytescale.mobbin.com,f7a1807c1ac98ccf0eecf5078d61346ac9a94ca37a547f5708d580528c9e55c0,/Users/user/mobbin-sides/screen-flows/shop/043-shop-searching-shop-image-input-044c5827-6db4-47ac-b18a-b290090bf833/004-cc7ff4f3-e47d-4182-8dc5-5a2881e69ac8-downloadableSrc-98cbf4d3213e.webp
044c5827-6db4-47ac-b18a-b290090bf833,Searching shop (image input),1f1a3d5b-cb65-4c7e-af4b-e4cdf1c03e4d,Shop,3afc9907-97ef-486c-847c-3749b29b51b0,4,5,c1908609-b730-4960-aea4-214a3468b9e4,true,downloadableSrc,200,image/webp,50732,50732,37aa1aa8778aed27293d3a6aca57db91eec86960ec19865c62551828169bcb57,1179,2676,,,bytescale.mobbin.com,f7a1807c1ac98ccf0eecf5078d61346ac9a94ca37a547f5708d580528c9e55c0,/Users/user/mobbin-sides/screen-flows/shop/043-shop-searching-shop-image-input-044c5827-6db4-47ac-b18a-b290090bf833/005-c1908609-b730-4960-aea4-214a3468b9e4-downloadableSrc-37aa1aa8778a.webp
044c5827-6db4-47ac-b18a-b290090bf833,Searching shop (image input),1f1a3d5b-cb65-4c7e-af4b-e4cdf1c03e4d,Shop,3afc9907-97ef-486c-847c-3749b29b51b0,5,6,0c5b56e7-a180-4580-a9cd-c47f0b7ccf7f,true,downloadableSrc,200,image/webp,71736,71736,2d95c02a95b0a64d2883d88b6c833524fda23ed64e81d4ac3671bd4b58ef83b2,1179,2676,,,bytescale.mobbin.com,f7a1807c1ac98ccf0eecf5078d61346ac9a94ca37a547f5708d580528c9e55c0,/Users/user/mobbin-sides/screen-flows/shop/043-shop-searching-shop-image-input-044c5827-6db4-47ac-b18a-b290090bf833/006-0c5b56e7-a180-4580-a9cd-c47f0b7ccf7f-downloadableSrc-2d95c02a95b0.webp
044c5827-6db4-47ac-b18a-b290090bf833,Searching shop (image input),1f1a3d5b-cb65-4c7e-af4b-e4cdf1c03e4d,Shop,3afc9907-97ef-486c-847c-3749b29b51b0,6,7,12ede9a3-e18f-426e-9a66-08a103ee73a4,true,downloadableSrc,200,image/webp,107570,107570,cdb9024495328bceb663bafc322147733d28d40540a3fabb7bc152ab7291ad5b,1179,2676,,,bytescale.mobbin.com,f7a1807c1ac98ccf0eecf5078d61346ac9a94ca37a547f5708d580528c9e55c0,/Users/user/mobbin-sides/screen-flows/shop/043-shop-searching-shop-image-input-044c5827-6db4-47ac-b18a-b290090bf833/007-12ede9a3-e18f-426e-9a66-08a103ee73a4-downloadableSrc-cdb902449532.webp
044c5827-6db4-47ac-b18a-b290090bf833,Searching shop (image input),1f1a3d5b-cb65-4c7e-af4b-e4cdf1c03e4d,Shop,3afc9907-97ef-486c-847c-3749b29b51b0,7,8,a6123ab8-a76c-4bbd-a273-40a7290203a2,true,downloadableSrc,200,image/webp,106834,106834,f1aa0cb9809e2ef99b815eef2f00d1a837bfd4c6a7298f03f7b47160f16be24b,1179,2676,,,bytescale.mobbin.com,f7a1807c1ac98ccf0eecf5078d61346ac9a94ca37a547f5708d580528c9e55c0,/Users/user/mobbin-sides/screen-flows/shop/043-shop-searching-shop-image-input-044c5827-6db4-47ac-b18a-b290090bf833/008-a6123ab8-a76c-4bbd-a273-40a7290203a2-downloadableSrc-f1aa0cb9809e.webp
fd37c965-eff6-4654-9427-74df9360971b,Previous searches,1f1a3d5b-cb65-4c7e-af4b-e4cdf1c03e4d,Shop,3afc9907-97ef-486c-847c-3749b29b51b0,0,1,4e8f13ad-c6c4-4998-934c-3e08066ba31c,true,downloadableSrc,200,image/webp,121902,121902,e4e75b343d740a3bbaf990a66c863e3c583f7e2e66f1124e3aa7b65fbbaa5764,1179,2676,,,bytescale.mobbin.com,f7a1807c1ac98ccf0eecf5078d61346ac9a94ca37a547f5708d580528c9e55c0,/Users/user/mobbin-sides/screen-flows/shop/044-shop-previous-searches-fd37c965-eff6-4654-9427-74df9360971b/001-4e8f13ad-c6c4-4998-934c-3e08066ba31c-downloadableSrc-e4e75b343d74.webp
fd37c965-eff6-4654-9427-74df9360971b,Previous searches,1f1a3d5b-cb65-4c7e-af4b-e4cdf1c03e4d,Shop,3afc9907-97ef-486c-847c-3749b29b51b0,1,2,76df9ef2-eced-4f12-804f-6173d7184155,true,downloadableSrc,200,image/webp,45544,45544,00ff312389a83b420544041ff77249525b132d5e2dab047a2c5d4eee11d384f7,1179,2676,,,bytescale.mobbin.com,f7a1807c1ac98ccf0eecf5078d61346ac9a94ca37a547f5708d580528c9e55c0,/Users/user/mobbin-sides/screen-flows/shop/044-shop-previous-searches-fd37c965-eff6-4654-9427-74df9360971b/002-76df9ef2-eced-4f12-804f-6173d7184155-downloadableSrc-00ff312389a8.webp
464bf9e1-ddd3-4b25-a2ad-5fee07f2cd22,Generating a skincare routine,1f1a3d5b-cb65-4c7e-af4b-e4cdf1c03e4d,Shop,3afc9907-97ef-486c-847c-3749b29b51b0,0,1,2ee3ebde-5f68-4043-968f-c771ed6d1088,true,downloadableSrc,200,image/webp,70024,70024,795a31aee626bb5e90fc159156893f87c2595456e31a52c66f0bfaa5829cd23a,1180,2676,,,bytescale.mobbin.com,f7a1807c1ac98ccf0eecf5078d61346ac9a94ca37a547f5708d580528c9e55c0,/Users/user/mobbin-sides/screen-flows/shop/045-shop-generating-a-skincare-routine-464bf9e1-ddd3-4b25-a2ad-5fee07f2cd22/001-2ee3ebde-5f68-4043-968f-c771ed6d1088-downloadableSrc-795a31aee626.webp
464bf9e1-ddd3-4b25-a2ad-5fee07f2cd22,Generating a skincare routine,1f1a3d5b-cb65-4c7e-af4b-e4cdf1c03e4d,Shop,3afc9907-97ef-486c-847c-3749b29b51b0,1,2,c3d23122-9d9e-4723-9958-06746e40e7e6,true,downloadableSrc,200,image/webp,68006,68006,58d3ba82f6cb67a6a0da722236727f2b487cb0785e9bc3b46d5adb8a5e7416ff,1180,2676,,,bytescale.mobbin.com,f7a1807c1ac98ccf0eecf5078d61346ac9a94ca37a547f5708d580528c9e55c0,/Users/user/mobbin-sides/screen-flows/shop/045-shop-generating-a-skincare-routine-464bf9e1-ddd3-4b25-a2ad-5fee07f2cd22/002-c3d23122-9d9e-4723-9958-06746e40e7e6-downloadableSrc-58d3ba82f6cb.webp
464bf9e1-ddd3-4b25-a2ad-5fee07f2cd22,Generating a skincare routine,1f1a3d5b-cb65-4c7e-af4b-e4cdf1c03e4d,Shop,3afc9907-97ef-486c-847c-3749b29b51b0,2,3,90f89b44-a0d0-4abb-a1ae-598b978ccf48,true,downloadableSrc,200,image/webp,72718,72718,d6d4cf5e06a170537c4f284e081244ad311293ffd4ffedae9c91b7240f9a7582,1180,2676,,,bytescale.mobbin.com,f7a1807c1ac98ccf0eecf5078d61346ac9a94ca37a547f5708d580528c9e55c0,/Users/user/mobbin-sides/screen-flows/shop/045-shop-generating-a-skincare-routine-464bf9e1-ddd3-4b25-a2ad-5fee07f2cd22/003-90f89b44-a0d0-4abb-a1ae-598b978ccf48-downloadableSrc-d6d4cf5e06a1.webp
464bf9e1-ddd3-4b25-a2ad-5fee07f2cd22,Generating a skincare routine,1f1a3d5b-cb65-4c7e-af4b-e4cdf1c03e4d,Shop,3afc9907-97ef-486c-847c-3749b29b51b0,3,4,be1f0ddf-543b-4e43-8ab1-e25e6402def7,true,downloadableSrc,200,image/webp,27888,27888,82c704201e63b4bdc48f0ded84ae241d84039c223e28d7acfc8faead8b170f3e,1180,2676,,,bytescale.mobbin.com,f7a1807c1ac98ccf0eecf5078d61346ac9a94ca37a547f5708d580528c9e55c0,/Users/user/mobbin-sides/screen-flows/shop/045-shop-generating-a-skincare-routine-464bf9e1-ddd3-4b25-a2ad-5fee07f2cd22/004-be1f0ddf-543b-4e43-8ab1-e25e6402def7-downloadableSrc-82c704201e63.webp
464bf9e1-ddd3-4b25-a2ad-5fee07f2cd22,Generating a skincare routine,1f1a3d5b-cb65-4c7e-af4b-e4cdf1c03e4d,Shop,3afc9907-97ef-486c-847c-3749b29b51b0,4,5,dcabdac1-9a74-4f9a-9564-7c620a9f1926,true,downloadableSrc,200,image/webp,57640,57640,bbeb98df6419258a23afeb6f3d46b23efef0c6d608b34acdb3bafcbecd18fbbd,1180,2676,,,bytescale.mobbin.com,f7a1807c1ac98ccf0eecf5078d61346ac9a94ca37a547f5708d580528c9e55c0,/Users/user/mobbin-sides/screen-flows/shop/045-shop-generating-a-skincare-routine-464bf9e1-ddd3-4b25-a2ad-5fee07f2cd22/005-dcabdac1-9a74-4f9a-9564-7c620a9f1926-downloadableSrc-bbeb98df6419.webp
464bf9e1-ddd3-4b25-a2ad-5fee07f2cd22,Generating a skincare routine,1f1a3d5b-cb65-4c7e-af4b-e4cdf1c03e4d,Shop,3afc9907-97ef-486c-847c-3749b29b51b0,5,6,d3dced11-9b8b-4df6-bd68-86381c6dcbb6,true,downloadableSrc,200,image/webp,80286,80286,0d956a496074ba3da2fab9a6f4d93ed523a1667f395df36106d1a6dd3448d64d,1180,2676,,,bytescale.mobbin.com,f7a1807c1ac98ccf0eecf5078d61346ac9a94ca37a547f5708d580528c9e55c0,/Users/user/mobbin-sides/screen-flows/shop/045-shop-generating-a-skincare-routine-464bf9e1-ddd3-4b25-a2ad-5fee07f2cd22/006-d3dced11-9b8b-4df6-bd68-86381c6dcbb6-downloadableSrc-0d956a496074.webp
464bf9e1-ddd3-4b25-a2ad-5fee07f2cd22,Generating a skincare routine,1f1a3d5b-cb65-4c7e-af4b-e4cdf1c03e4d,Shop,3afc9907-97ef-486c-847c-3749b29b51b0,6,7,91d8c5d8-c3c7-4f23-80bb-906a698a9dc1,true,downloadableSrc,200,image/webp,67276,67276,b1fee762e290017fbd97d62df180d9f12e8bb2887bd6f6a72ce955f14c28075d,1180,2676,,,bytescale.mobbin.com,f7a1807c1ac98ccf0eecf5078d61346ac9a94ca37a547f5708d580528c9e55c0,/Users/user/mobbin-sides/screen-flows/shop/045-shop-generating-a-skincare-routine-464bf9e1-ddd3-4b25-a2ad-5fee07f2cd22/007-91d8c5d8-c3c7-4f23-80bb-906a698a9dc1-downloadableSrc-b1fee762e290.webp
464bf9e1-ddd3-4b25-a2ad-5fee07f2cd22,Generating a skincare routine,1f1a3d5b-cb65-4c7e-af4b-e4cdf1c03e4d,Shop,3afc9907-97ef-486c-847c-3749b29b51b0,7,8,29120a59-7f5e-42dd-9619-a66ea066d8ad,true,downloadableSrc,200,image/webp,76170,76170,c29b5522bb405b240ed5c46a9f8b8f21e25e8169f448db7e45bbe9aa39a1f679,1180,2676,,,bytescale.mobbin.com,f7a1807c1ac98ccf0eecf5078d61346ac9a94ca37a547f5708d580528c9e55c0,/Users/user/mobbin-sides/screen-flows/shop/045-shop-generating-a-skincare-routine-464bf9e1-ddd3-4b25-a2ad-5fee07f2cd22/008-29120a59-7f5e-42dd-9619-a66ea066d8ad-downloadableSrc-c29b5522bb40.webp
eca80b08-f86c-4e54-9909-533115b652d0,Analysis history,1f1a3d5b-cb65-4c7e-af4b-e4cdf1c03e4d,Shop,3afc9907-97ef-486c-847c-3749b29b51b0,0,1,c3d23122-9d9e-4723-9958-06746e40e7e6,true,downloadableSrc,200,image/webp,68006,68006,58d3ba82f6cb67a6a0da722236727f2b487cb0785e9bc3b46d5adb8a5e7416ff,1180,2676,,,bytescale.mobbin.com,f7a1807c1ac98ccf0eecf5078d61346ac9a94ca37a547f5708d580528c9e55c0,/Users/user/mobbin-sides/screen-flows/shop/046-shop-analysis-history-eca80b08-f86c-4e54-9909-533115b652d0/001-c3d23122-9d9e-4723-9958-06746e40e7e6-downloadableSrc-58d3ba82f6cb.webp
eca80b08-f86c-4e54-9909-533115b652d0,Analysis history,1f1a3d5b-cb65-4c7e-af4b-e4cdf1c03e4d,Shop,3afc9907-97ef-486c-847c-3749b29b51b0,1,2,0d7a0922-69e9-4ffa-bb03-360a09c3cc5d,true,downloadableSrc,200,image/webp,45128,45128,d69c1dd4bf9ea864e074b0eafd771ab30650c24b3b8b6d4e57c6bbc32d50005f,1179,2676,,,bytescale.mobbin.com,f7a1807c1ac98ccf0eecf5078d61346ac9a94ca37a547f5708d580528c9e55c0,/Users/user/mobbin-sides/screen-flows/shop/046-shop-analysis-history-eca80b08-f86c-4e54-9909-533115b652d0/002-0d7a0922-69e9-4ffa-bb03-360a09c3cc5d-downloadableSrc-d69c1dd4bf9e.webp
d518d090-34c2-4b37-b1fe-dd9e395a965d,Share skincare routine,1f1a3d5b-cb65-4c7e-af4b-e4cdf1c03e4d,Shop,3afc9907-97ef-486c-847c-3749b29b51b0,0,1,d3dced11-9b8b-4df6-bd68-86381c6dcbb6,true,downloadableSrc,200,image/webp,80286,80286,0d956a496074ba3da2fab9a6f4d93ed523a1667f395df36106d1a6dd3448d64d,1180,2676,,,bytescale.mobbin.com,f7a1807c1ac98ccf0eecf5078d61346ac9a94ca37a547f5708d580528c9e55c0,/Users/user/mobbin-sides/screen-flows/shop/047-shop-share-skincare-routine-d518d090-34c2-4b37-b1fe-dd9e395a965d/001-d3dced11-9b8b-4df6-bd68-86381c6dcbb6-downloadableSrc-0d956a496074.webp
d518d090-34c2-4b37-b1fe-dd9e395a965d,Share skincare routine,1f1a3d5b-cb65-4c7e-af4b-e4cdf1c03e4d,Shop,3afc9907-97ef-486c-847c-3749b29b51b0,1,2,67087073-789c-48df-9f8e-08d3d9f6d182,true,downloadableSrc,200,image/webp,78238,78238,61c323fd88a6815501f5945332629c5efea54751fa7feda96ceff5a62dc15419,1179,2676,,,bytescale.mobbin.com,f7a1807c1ac98ccf0eecf5078d61346ac9a94ca37a547f5708d580528c9e55c0,/Users/user/mobbin-sides/screen-flows/shop/047-shop-share-skincare-routine-d518d090-34c2-4b37-b1fe-dd9e395a965d/002-67087073-789c-48df-9f8e-08d3d9f6d182-downloadableSrc-61c323fd88a6.webp
02ae8eba-702c-412c-8adc-ada994c6c479,View suggested products,1f1a3d5b-cb65-4c7e-af4b-e4cdf1c03e4d,Shop,3afc9907-97ef-486c-847c-3749b29b51b0,0,1,91d8c5d8-c3c7-4f23-80bb-906a698a9dc1,true,downloadableSrc,200,image/webp,67276,67276,b1fee762e290017fbd97d62df180d9f12e8bb2887bd6f6a72ce955f14c28075d,1180,2676,,,bytescale.mobbin.com,f7a1807c1ac98ccf0eecf5078d61346ac9a94ca37a547f5708d580528c9e55c0,/Users/user/mobbin-sides/screen-flows/shop/048-shop-view-suggested-products-02ae8eba-702c-412c-8adc-ada994c6c479/001-91d8c5d8-c3c7-4f23-80bb-906a698a9dc1-downloadableSrc-b1fee762e290.webp
02ae8eba-702c-412c-8adc-ada994c6c479,View suggested products,1f1a3d5b-cb65-4c7e-af4b-e4cdf1c03e4d,Shop,3afc9907-97ef-486c-847c-3749b29b51b0,1,2,8832cbb6-8750-4b8d-ad45-83ca590578aa,true,downloadableSrc,200,image/webp,47226,47226,11465742772adb44ea2cd59e9b0f2a3ec7ef95b45019b75853d56d164ea8e857,1180,2676,,,bytescale.mobbin.com,f7a1807c1ac98ccf0eecf5078d61346ac9a94ca37a547f5708d580528c9e55c0,/Users/user/mobbin-sides/screen-flows/shop/048-shop-view-suggested-products-02ae8eba-702c-412c-8adc-ada994c6c479/002-8832cbb6-8750-4b8d-ad45-83ca590578aa-downloadableSrc-11465742772a.webp
02ae8eba-702c-412c-8adc-ada994c6c479,View suggested products,1f1a3d5b-cb65-4c7e-af4b-e4cdf1c03e4d,Shop,3afc9907-97ef-486c-847c-3749b29b51b0,2,3,5b7c2d21-cdd8-4971-ac53-d53d73c0a903,true,downloadableSrc,200,image/webp,103126,103126,d6a160721f7411dced924e710044510c51687b18f1256d514c10980f2f5f50ff,1179,2676,,,bytescale.mobbin.com,f7a1807c1ac98ccf0eecf5078d61346ac9a94ca37a547f5708d580528c9e55c0,/Users/user/mobbin-sides/screen-flows/shop/048-shop-view-suggested-products-02ae8eba-702c-412c-8adc-ada994c6c479/003-5b7c2d21-cdd8-4971-ac53-d53d73c0a903-downloadableSrc-d6a160721f74.webp
1d4d11e3-7c71-45f0-8b4d-88bd4d69ed56,Product talk,1f1a3d5b-cb65-4c7e-af4b-e4cdf1c03e4d,Shop,3afc9907-97ef-486c-847c-3749b29b51b0,0,1,e5b00995-0752-429f-b657-6ec609ad7063,true,downloadableSrc,200,image/webp,70712,70712,61527f6600ca644a0508016c23215e4373b8c375f9c9da173d1e530021e9a848,1180,2676,,,bytescale.mobbin.com,f7a1807c1ac98ccf0eecf5078d61346ac9a94ca37a547f5708d580528c9e55c0,/Users/user/mobbin-sides/screen-flows/shop/049-shop-product-talk-1d4d11e3-7c71-45f0-8b4d-88bd4d69ed56/001-e5b00995-0752-429f-b657-6ec609ad7063-downloadableSrc-61527f6600ca.webp
1d4d11e3-7c71-45f0-8b4d-88bd4d69ed56,Product talk,1f1a3d5b-cb65-4c7e-af4b-e4cdf1c03e4d,Shop,3afc9907-97ef-486c-847c-3749b29b51b0,1,2,c9539443-87f1-4336-9580-211a2be6340b,true,downloadableSrc,200,image/webp,21916,21916,0227082e6ef83d991d2b95fdd201027a198fa0c8ee82440e96e146bd9098b5e9,1179,2676,,,bytescale.mobbin.com,f7a1807c1ac98ccf0eecf5078d61346ac9a94ca37a547f5708d580528c9e55c0,/Users/user/mobbin-sides/screen-flows/shop/049-shop-product-talk-1d4d11e3-7c71-45f0-8b4d-88bd4d69ed56/002-c9539443-87f1-4336-9580-211a2be6340b-downloadableSrc-0227082e6ef8.webp
1d4d11e3-7c71-45f0-8b4d-88bd4d69ed56,Product talk,1f1a3d5b-cb65-4c7e-af4b-e4cdf1c03e4d,Shop,3afc9907-97ef-486c-847c-3749b29b51b0,2,3,62b5b3ac-64d6-428b-994c-3ee05d2a400a,true,downloadableSrc,200,image/webp,126820,126820,5a63ed3d03ae5eae4878cdf08d62a449235c882d0426a4062ef4a35398bcf60e,1179,2676,,,bytescale.mobbin.com,f7a1807c1ac98ccf0eecf5078d61346ac9a94ca37a547f5708d580528c9e55c0,/Users/user/mobbin-sides/screen-flows/shop/049-shop-product-talk-1d4d11e3-7c71-45f0-8b4d-88bd4d69ed56/003-62b5b3ac-64d6-428b-994c-3ee05d2a400a-downloadableSrc-5a63ed3d03ae.webp
1d4d11e3-7c71-45f0-8b4d-88bd4d69ed56,Product talk,1f1a3d5b-cb65-4c7e-af4b-e4cdf1c03e4d,Shop,3afc9907-97ef-486c-847c-3749b29b51b0,3,4,afbed9f5-77b4-42ff-b0e8-9d9ba7ebeea2,true,downloadableSrc,200,image/webp,73558,73558,a5f82a54fcbf1ca31fcbaf0cdff280fb15c30bd2e85158672fb703dc8568f18e,1179,2676,,,bytescale.mobbin.com,f7a1807c1ac98ccf0eecf5078d61346ac9a94ca37a547f5708d580528c9e55c0,/Users/user/mobbin-sides/screen-flows/shop/049-shop-product-talk-1d4d11e3-7c71-45f0-8b4d-88bd4d69ed56/004-afbed9f5-77b4-42ff-b0e8-9d9ba7ebeea2-downloadableSrc-a5f82a54fcbf.webp
1d4d11e3-7c71-45f0-8b4d-88bd4d69ed56,Product talk,1f1a3d5b-cb65-4c7e-af4b-e4cdf1c03e4d,Shop,3afc9907-97ef-486c-847c-3749b29b51b0,4,5,eec8f0f3-f236-4ccc-93e3-b2ecd598cf69,true,downloadableSrc,200,image/webp,114064,114064,049c5a56a4360e33ae6b6e67ae0fcb8a47e5f38ceb7afc8d8cccb08ef8078a68,1179,2676,,,bytescale.mobbin.com,f7a1807c1ac98ccf0eecf5078d61346ac9a94ca37a547f5708d580528c9e55c0,/Users/user/mobbin-sides/screen-flows/shop/049-shop-product-talk-1d4d11e3-7c71-45f0-8b4d-88bd4d69ed56/005-eec8f0f3-f236-4ccc-93e3-b2ecd598cf69-downloadableSrc-049c5a56a436.webp
8a5e3095-e07c-4305-9d82-c6504b515cac,Playing a podcast,1f1a3d5b-cb65-4c7e-af4b-e4cdf1c03e4d,Shop,3afc9907-97ef-486c-847c-3749b29b51b0,0,1,62b5b3ac-64d6-428b-994c-3ee05d2a400a,true,downloadableSrc,200,image/webp,126820,126820,5a63ed3d03ae5eae4878cdf08d62a449235c882d0426a4062ef4a35398bcf60e,1179,2676,,,bytescale.mobbin.com,f7a1807c1ac98ccf0eecf5078d61346ac9a94ca37a547f5708d580528c9e55c0,/Users/user/mobbin-sides/screen-flows/shop/050-shop-playing-a-podcast-8a5e3095-e07c-4305-9d82-c6504b515cac/001-62b5b3ac-64d6-428b-994c-3ee05d2a400a-downloadableSrc-5a63ed3d03ae.webp
8a5e3095-e07c-4305-9d82-c6504b515cac,Playing a podcast,1f1a3d5b-cb65-4c7e-af4b-e4cdf1c03e4d,Shop,3afc9907-97ef-486c-847c-3749b29b51b0,1,2,6a2b9220-b0b6-4926-bcf2-92ef7de4c696,true,downloadableSrc,200,image/webp,181920,181920,54f80d65266f522ff98d0a5dcdc66ff680bb19d200f53edf8d7efbbbf4d81f0f,1179,2676,,,bytescale.mobbin.com,f7a1807c1ac98ccf0eecf5078d61346ac9a94ca37a547f5708d580528c9e55c0,/Users/user/mobbin-sides/screen-flows/shop/050-shop-playing-a-podcast-8a5e3095-e07c-4305-9d82-c6504b515cac/002-6a2b9220-b0b6-4926-bcf2-92ef7de4c696-downloadableSrc-54f80d65266f.webp
af1c53ab-2d28-42a7-85b0-7bd909672e4a,Creating a podcast,1f1a3d5b-cb65-4c7e-af4b-e4cdf1c03e4d,Shop,3afc9907-97ef-486c-847c-3749b29b51b0,0,1,eec8f0f3-f236-4ccc-93e3-b2ecd598cf69,true,downloadableSrc,200,image/webp,114064,114064,049c5a56a4360e33ae6b6e67ae0fcb8a47e5f38ceb7afc8d8cccb08ef8078a68,1179,2676,,,bytescale.mobbin.com,f7a1807c1ac98ccf0eecf5078d61346ac9a94ca37a547f5708d580528c9e55c0,/Users/user/mobbin-sides/screen-flows/shop/051-shop-creating-a-podcast-af1c53ab-2d28-42a7-85b0-7bd909672e4a/001-eec8f0f3-f236-4ccc-93e3-b2ecd598cf69-downloadableSrc-049c5a56a436.webp
af1c53ab-2d28-42a7-85b0-7bd909672e4a,Creating a podcast,1f1a3d5b-cb65-4c7e-af4b-e4cdf1c03e4d,Shop,3afc9907-97ef-486c-847c-3749b29b51b0,1,2,608df29f-3cde-484a-803a-c2a13fc69235,true,downloadableSrc,200,image/webp,310368,310368,8a62c79d827b7b2e2e354b66513a1be8ccaa1023af780efdccce677a05ca042f,1179,2676,,,bytescale.mobbin.com,f7a1807c1ac98ccf0eecf5078d61346ac9a94ca37a547f5708d580528c9e55c0,/Users/user/mobbin-sides/screen-flows/shop/051-shop-creating-a-podcast-af1c53ab-2d28-42a7-85b0-7bd909672e4a/002-608df29f-3cde-484a-803a-c2a13fc69235-downloadableSrc-8a62c79d827b.webp
af1c53ab-2d28-42a7-85b0-7bd909672e4a,Creating a podcast,1f1a3d5b-cb65-4c7e-af4b-e4cdf1c03e4d,Shop,3afc9907-97ef-486c-847c-3749b29b51b0,2,3,883722de-d075-4a46-9121-c9eea02c386a,true,downloadableSrc,200,image/webp,69080,69080,8574658b19ae6bc8e69fe5b8ad711cdb001eb72eb3909a54b694e9959c830f65,1179,2676,,,bytescale.mobbin.com,f7a1807c1ac98ccf0eecf5078d61346ac9a94ca37a547f5708d580528c9e55c0,/Users/user/mobbin-sides/screen-flows/shop/051-shop-creating-a-podcast-af1c53ab-2d28-42a7-85b0-7bd909672e4a/003-883722de-d075-4a46-9121-c9eea02c386a-downloadableSrc-8574658b19ae.webp
af1c53ab-2d28-42a7-85b0-7bd909672e4a,Creating a podcast,1f1a3d5b-cb65-4c7e-af4b-e4cdf1c03e4d,Shop,3afc9907-97ef-486c-847c-3749b29b51b0,3,4,ddc9bdb5-93a0-49af-b061-433298d3a57a,true,downloadableSrc,200,image/webp,67584,67584,7da1144a9f3cf8963b9e533080d274172be8f1ee095136b2426c35565147dc1b,1179,2676,,,bytescale.mobbin.com,f7a1807c1ac98ccf0eecf5078d61346ac9a94ca37a547f5708d580528c9e55c0,/Users/user/mobbin-sides/screen-flows/shop/051-shop-creating-a-podcast-af1c53ab-2d28-42a7-85b0-7bd909672e4a/004-ddc9bdb5-93a0-49af-b061-433298d3a57a-downloadableSrc-7da1144a9f3c.webp
af1c53ab-2d28-42a7-85b0-7bd909672e4a,Creating a podcast,1f1a3d5b-cb65-4c7e-af4b-e4cdf1c03e4d,Shop,3afc9907-97ef-486c-847c-3749b29b51b0,4,5,2ae39cd9-7158-4ba1-94ff-d802e8556f7a,true,downloadableSrc,200,image/webp,69180,69180,d0f7a305ca6e7ae5890807a65fbff23d5b96a3137418fe53d559e0fabf279f83,1179,2676,,,bytescale.mobbin.com,f7a1807c1ac98ccf0eecf5078d61346ac9a94ca37a547f5708d580528c9e55c0,/Users/user/mobbin-sides/screen-flows/shop/051-shop-creating-a-podcast-af1c53ab-2d28-42a7-85b0-7bd909672e4a/005-2ae39cd9-7158-4ba1-94ff-d802e8556f7a-downloadableSrc-d0f7a305ca6e.webp
af1c53ab-2d28-42a7-85b0-7bd909672e4a,Creating a podcast,1f1a3d5b-cb65-4c7e-af4b-e4cdf1c03e4d,Shop,3afc9907-97ef-486c-847c-3749b29b51b0,5,6,39965bbc-5347-4c5e-9817-efb9cb1e9092,true,downloadableSrc,200,image/webp,310368,310368,8a62c79d827b7b2e2e354b66513a1be8ccaa1023af780efdccce677a05ca042f,1179,2676,,,bytescale.mobbin.com,f7a1807c1ac98ccf0eecf5078d61346ac9a94ca37a547f5708d580528c9e55c0,/Users/user/mobbin-sides/screen-flows/shop/051-shop-creating-a-podcast-af1c53ab-2d28-42a7-85b0-7bd909672e4a/006-39965bbc-5347-4c5e-9817-efb9cb1e9092-downloadableSrc-8a62c79d827b.webp
af1c53ab-2d28-42a7-85b0-7bd909672e4a,Creating a podcast,1f1a3d5b-cb65-4c7e-af4b-e4cdf1c03e4d,Shop,3afc9907-97ef-486c-847c-3749b29b51b0,6,7,433d39aa-11dd-4c47-a2d6-adcde2e5221f,true,downloadableSrc,200,image/webp,315788,315788,360ef6d9ae3182c366d6b90fba0fe0875946d04e9ce63ecd9cfaf2187a567067,1179,2676,,,bytescale.mobbin.com,f7a1807c1ac98ccf0eecf5078d61346ac9a94ca37a547f5708d580528c9e55c0,/Users/user/mobbin-sides/screen-flows/shop/051-shop-creating-a-podcast-af1c53ab-2d28-42a7-85b0-7bd909672e4a/007-433d39aa-11dd-4c47-a2d6-adcde2e5221f-downloadableSrc-360ef6d9ae31.webp
af1c53ab-2d28-42a7-85b0-7bd909672e4a,Creating a podcast,1f1a3d5b-cb65-4c7e-af4b-e4cdf1c03e4d,Shop,3afc9907-97ef-486c-847c-3749b29b51b0,7,8,d22b798a-0ed3-4a58-9099-837487bbad10,true,downloadableSrc,200,image/webp,49808,49808,76f69be9d266db3eaa2d9441c036bb785f14d0eed2854f38d1e7dfd7d91778f8,1179,2676,,,bytescale.mobbin.com,f7a1807c1ac98ccf0eecf5078d61346ac9a94ca37a547f5708d580528c9e55c0,/Users/user/mobbin-sides/screen-flows/shop/051-shop-creating-a-podcast-af1c53ab-2d28-42a7-85b0-7bd909672e4a/008-d22b798a-0ed3-4a58-9099-837487bbad10-downloadableSrc-76f69be9d266.webp
faec93a5-d105-48fd-a64a-21ddf725983b,Orders,1f1a3d5b-cb65-4c7e-af4b-e4cdf1c03e4d,Shop,3afc9907-97ef-486c-847c-3749b29b51b0,0,1,7c0a1847-c2e6-48fd-bb05-5aaf63bda73c,true,downloadableSrc,200,image/webp,83248,83248,4a82238de62d7b46c30a4f954ac8e377be612834fbc620b7dc18306ba36a5601,1180,2676,,,bytescale.mobbin.com,f7a1807c1ac98ccf0eecf5078d61346ac9a94ca37a547f5708d580528c9e55c0,/Users/user/mobbin-sides/screen-flows/shop/052-shop-orders-faec93a5-d105-48fd-a64a-21ddf725983b/001-7c0a1847-c2e6-48fd-bb05-5aaf63bda73c-downloadableSrc-4a82238de62d.webp
faec93a5-d105-48fd-a64a-21ddf725983b,Orders,1f1a3d5b-cb65-4c7e-af4b-e4cdf1c03e4d,Shop,3afc9907-97ef-486c-847c-3749b29b51b0,1,2,637fe12f-7091-4226-9ad6-71789afb430f,true,downloadableSrc,200,image/webp,83274,83274,4bcdcd4cce57ed500c5c913948f776c8cbede3f90eaf8f4e61d3a3932eca6131,1180,2676,,,bytescale.mobbin.com,f7a1807c1ac98ccf0eecf5078d61346ac9a94ca37a547f5708d580528c9e55c0,/Users/user/mobbin-sides/screen-flows/shop/052-shop-orders-faec93a5-d105-48fd-a64a-21ddf725983b/002-637fe12f-7091-4226-9ad6-71789afb430f-downloadableSrc-4bcdcd4cce57.webp
faec93a5-d105-48fd-a64a-21ddf725983b,Orders,1f1a3d5b-cb65-4c7e-af4b-e4cdf1c03e4d,Shop,3afc9907-97ef-486c-847c-3749b29b51b0,2,3,df29b278-b291-4f26-83bc-980fa7d54bd5,true,downloadableSrc,200,image/webp,49594,49594,357e767b57492e0e9fad0f69e40bd937597518779cc2f477b8e552b6db102a39,1179,2676,,,bytescale.mobbin.com,f7a1807c1ac98ccf0eecf5078d61346ac9a94ca37a547f5708d580528c9e55c0,/Users/user/mobbin-sides/screen-flows/shop/052-shop-orders-faec93a5-d105-48fd-a64a-21ddf725983b/003-df29b278-b291-4f26-83bc-980fa7d54bd5-downloadableSrc-357e767b5749.webp
faec93a5-d105-48fd-a64a-21ddf725983b,Orders,1f1a3d5b-cb65-4c7e-af4b-e4cdf1c03e4d,Shop,3afc9907-97ef-486c-847c-3749b29b51b0,3,4,609a74e9-5e0d-4785-93d1-083bbd753b25,true,downloadableSrc,200,image/webp,39704,39704,065d9fa24727ac7aecf1b1c3f7a94202913661523056f1353c212332da1f89a5,1179,2676,,,bytescale.mobbin.com,f7a1807c1ac98ccf0eecf5078d61346ac9a94ca37a547f5708d580528c9e55c0,/Users/user/mobbin-sides/screen-flows/shop/052-shop-orders-faec93a5-d105-48fd-a64a-21ddf725983b/004-609a74e9-5e0d-4785-93d1-083bbd753b25-downloadableSrc-065d9fa24727.webp
faec93a5-d105-48fd-a64a-21ddf725983b,Orders,1f1a3d5b-cb65-4c7e-af4b-e4cdf1c03e4d,Shop,3afc9907-97ef-486c-847c-3749b29b51b0,4,5,d3a88113-6b5e-4652-84bd-a91f7a7c0a4e,true,downloadableSrc,200,image/webp,72354,72354,b2b4369c4bc92ef3b0551f2b03c1e359348248b74764a8117e485759f7942549,1179,2676,,,bytescale.mobbin.com,f7a1807c1ac98ccf0eecf5078d61346ac9a94ca37a547f5708d580528c9e55c0,/Users/user/mobbin-sides/screen-flows/shop/052-shop-orders-faec93a5-d105-48fd-a64a-21ddf725983b/005-d3a88113-6b5e-4652-84bd-a91f7a7c0a4e-downloadableSrc-b2b4369c4bc9.webp
1f083926-db52-4b39-9de8-bb4a95ac4001,Add an order manually,1f1a3d5b-cb65-4c7e-af4b-e4cdf1c03e4d,Shop,3afc9907-97ef-486c-847c-3749b29b51b0,0,1,df29b278-b291-4f26-83bc-980fa7d54bd5,true,downloadableSrc,200,image/webp,49594,49594,357e767b57492e0e9fad0f69e40bd937597518779cc2f477b8e552b6db102a39,1179,2676,,,bytescale.mobbin.com,f7a1807c1ac98ccf0eecf5078d61346ac9a94ca37a547f5708d580528c9e55c0,/Users/user/mobbin-sides/screen-flows/shop/053-shop-add-an-order-manually-1f083926-db52-4b39-9de8-bb4a95ac4001/001-df29b278-b291-4f26-83bc-980fa7d54bd5-downloadableSrc-357e767b5749.webp
1f083926-db52-4b39-9de8-bb4a95ac4001,Add an order manually,1f1a3d5b-cb65-4c7e-af4b-e4cdf1c03e4d,Shop,3afc9907-97ef-486c-847c-3749b29b51b0,1,2,783d8383-d72e-4a68-a391-5fef433b4cfa,true,downloadableSrc,200,image/webp,77920,77920,56456869d481279efbb47aa9d88a1deb9bbc220889c57d3f7bc3fed2a196eb81,1179,2676,,,bytescale.mobbin.com,f7a1807c1ac98ccf0eecf5078d61346ac9a94ca37a547f5708d580528c9e55c0,/Users/user/mobbin-sides/screen-flows/shop/053-shop-add-an-order-manually-1f083926-db52-4b39-9de8-bb4a95ac4001/002-783d8383-d72e-4a68-a391-5fef433b4cfa-downloadableSrc-56456869d481.webp
1f083926-db52-4b39-9de8-bb4a95ac4001,Add an order manually,1f1a3d5b-cb65-4c7e-af4b-e4cdf1c03e4d,Shop,3afc9907-97ef-486c-847c-3749b29b51b0,2,3,736c078b-9783-442c-98a7-3ac046a9a490,true,downloadableSrc,200,image/webp,86718,86718,852d64336de2f09ee572db6a60e31188e66e8fd677cc4c72fd24139078e776d0,1179,2676,,,bytescale.mobbin.com,f7a1807c1ac98ccf0eecf5078d61346ac9a94ca37a547f5708d580528c9e55c0,/Users/user/mobbin-sides/screen-flows/shop/053-shop-add-an-order-manually-1f083926-db52-4b39-9de8-bb4a95ac4001/003-736c078b-9783-442c-98a7-3ac046a9a490-downloadableSrc-852d64336de2.webp
1f083926-db52-4b39-9de8-bb4a95ac4001,Add an order manually,1f1a3d5b-cb65-4c7e-af4b-e4cdf1c03e4d,Shop,3afc9907-97ef-486c-847c-3749b29b51b0,3,4,fec64abf-b5da-4491-8bac-d23d3d0d9f76,true,downloadableSrc,200,image/webp,76368,76368,77704a0520bf704ae9aee359adf4f6f2b0791fbb5cb602840d82a165f3a8517a,1179,2676,,,bytescale.mobbin.com,f7a1807c1ac98ccf0eecf5078d61346ac9a94ca37a547f5708d580528c9e55c0,/Users/user/mobbin-sides/screen-flows/shop/053-shop-add-an-order-manually-1f083926-db52-4b39-9de8-bb4a95ac4001/004-fec64abf-b5da-4491-8bac-d23d3d0d9f76-downloadableSrc-77704a0520bf.webp
1f083926-db52-4b39-9de8-bb4a95ac4001,Add an order manually,1f1a3d5b-cb65-4c7e-af4b-e4cdf1c03e4d,Shop,3afc9907-97ef-486c-847c-3749b29b51b0,4,5,2021c91e-0e7e-46bb-9bb0-17602a6175b8,true,downloadableSrc,200,image/webp,72810,72810,6d897bc602245ce9880a30a4921780a1a9b80a605bfa5582cd7a716ad2356d10,1179,2676,,,bytescale.mobbin.com,f7a1807c1ac98ccf0eecf5078d61346ac9a94ca37a547f5708d580528c9e55c0,/Users/user/mobbin-sides/screen-flows/shop/053-shop-add-an-order-manually-1f083926-db52-4b39-9de8-bb4a95ac4001/005-2021c91e-0e7e-46bb-9bb0-17602a6175b8-downloadableSrc-6d897bc60224.webp
1f083926-db52-4b39-9de8-bb4a95ac4001,Add an order manually,1f1a3d5b-cb65-4c7e-af4b-e4cdf1c03e4d,Shop,3afc9907-97ef-486c-847c-3749b29b51b0,5,6,b27a4f59-2b04-45a4-89a4-ed1643b99cd7,true,downloadableSrc,200,image/webp,92428,92428,6c24c466591f88a3dca802421c4be7912f6a0c836af5274a762a217a3a22fa5b,1179,2676,,,bytescale.mobbin.com,f7a1807c1ac98ccf0eecf5078d61346ac9a94ca37a547f5708d580528c9e55c0,/Users/user/mobbin-sides/screen-flows/shop/053-shop-add-an-order-manually-1f083926-db52-4b39-9de8-bb4a95ac4001/006-b27a4f59-2b04-45a4-89a4-ed1643b99cd7-downloadableSrc-6c24c466591f.webp
11f772e7-9f06-4eb2-bbde-15e9f019a083,Delivery details,1f1a3d5b-cb65-4c7e-af4b-e4cdf1c03e4d,Shop,3afc9907-97ef-486c-847c-3749b29b51b0,0,1,609a74e9-5e0d-4785-93d1-083bbd753b25,true,downloadableSrc,200,image/webp,39704,39704,065d9fa24727ac7aecf1b1c3f7a94202913661523056f1353c212332da1f89a5,1179,2676,,,bytescale.mobbin.com,f7a1807c1ac98ccf0eecf5078d61346ac9a94ca37a547f5708d580528c9e55c0,/Users/user/mobbin-sides/screen-flows/shop/054-shop-delivery-details-11f772e7-9f06-4eb2-bbde-15e9f019a083/001-609a74e9-5e0d-4785-93d1-083bbd753b25-downloadableSrc-065d9fa24727.webp
11f772e7-9f06-4eb2-bbde-15e9f019a083,Delivery details,1f1a3d5b-cb65-4c7e-af4b-e4cdf1c03e4d,Shop,3afc9907-97ef-486c-847c-3749b29b51b0,1,2,4dd2f1f5-9bfe-489e-969f-a1c54ccdecc4,true,downloadableSrc,200,image/webp,73928,73928,bd323cf49967947bbcbd623f00df6d9521e1f974c3d13d21ec5050ae26d4f1d5,1179,2676,,,bytescale.mobbin.com,f7a1807c1ac98ccf0eecf5078d61346ac9a94ca37a547f5708d580528c9e55c0,/Users/user/mobbin-sides/screen-flows/shop/054-shop-delivery-details-11f772e7-9f06-4eb2-bbde-15e9f019a083/002-4dd2f1f5-9bfe-489e-969f-a1c54ccdecc4-downloadableSrc-bd323cf49967.webp
11f772e7-9f06-4eb2-bbde-15e9f019a083,Delivery details,1f1a3d5b-cb65-4c7e-af4b-e4cdf1c03e4d,Shop,3afc9907-97ef-486c-847c-3749b29b51b0,2,3,64170e3f-f8ef-4998-b4d8-5d981ab3ffea,true,downloadableSrc,200,image/webp,94650,94650,afe0d7fc71bbf4c60d7764ba0ef22989f606bbed0b9de969a3d4e8291d3d15e8,1179,2676,,,bytescale.mobbin.com,f7a1807c1ac98ccf0eecf5078d61346ac9a94ca37a547f5708d580528c9e55c0,/Users/user/mobbin-sides/screen-flows/shop/054-shop-delivery-details-11f772e7-9f06-4eb2-bbde-15e9f019a083/003-64170e3f-f8ef-4998-b4d8-5d981ab3ffea-downloadableSrc-afe0d7fc71bb.webp
11f772e7-9f06-4eb2-bbde-15e9f019a083,Delivery details,1f1a3d5b-cb65-4c7e-af4b-e4cdf1c03e4d,Shop,3afc9907-97ef-486c-847c-3749b29b51b0,3,4,927ad8d8-3570-498f-91e9-6d3bd5ae709c,true,downloadableSrc,200,image/webp,92872,92872,1ae8430fd9fb4566962484e5b229617442d279fe418fba909623e2d31ebe0f35,1179,2676,,,bytescale.mobbin.com,f7a1807c1ac98ccf0eecf5078d61346ac9a94ca37a547f5708d580528c9e55c0,/Users/user/mobbin-sides/screen-flows/shop/054-shop-delivery-details-11f772e7-9f06-4eb2-bbde-15e9f019a083/004-927ad8d8-3570-498f-91e9-6d3bd5ae709c-downloadableSrc-1ae8430fd9fb.webp
11f772e7-9f06-4eb2-bbde-15e9f019a083,Delivery details,1f1a3d5b-cb65-4c7e-af4b-e4cdf1c03e4d,Shop,3afc9907-97ef-486c-847c-3749b29b51b0,4,5,ff28973f-cd44-45c7-ac7b-f40403f72ccf,true,downloadableSrc,200,image/webp,101376,101376,e845e861ecd107b74976e0a640263a68df1f433192bf61dd5ab5bed7ccc16719,1179,2676,,,bytescale.mobbin.com,f7a1807c1ac98ccf0eecf5078d61346ac9a94ca37a547f5708d580528c9e55c0,/Users/user/mobbin-sides/screen-flows/shop/054-shop-delivery-details-11f772e7-9f06-4eb2-bbde-15e9f019a083/005-ff28973f-cd44-45c7-ac7b-f40403f72ccf-downloadableSrc-e845e861ecd1.webp
11f772e7-9f06-4eb2-bbde-15e9f019a083,Delivery details,1f1a3d5b-cb65-4c7e-af4b-e4cdf1c03e4d,Shop,3afc9907-97ef-486c-847c-3749b29b51b0,5,6,54d01fb2-efe2-463b-afd4-1195ec8222de,true,downloadableSrc,200,image/webp,104916,104916,c18b6b894205ef36d81a96c9d00fdd01dbeedb5c27af6e0073a968c6078cc044,1179,2676,,,bytescale.mobbin.com,f7a1807c1ac98ccf0eecf5078d61346ac9a94ca37a547f5708d580528c9e55c0,/Users/user/mobbin-sides/screen-flows/shop/054-shop-delivery-details-11f772e7-9f06-4eb2-bbde-15e9f019a083/006-54d01fb2-efe2-463b-afd4-1195ec8222de-downloadableSrc-c18b6b894205.webp
946cc81e-6e79-43c4-844b-b9fa878fcc51,Marking order as delivered,1f1a3d5b-cb65-4c7e-af4b-e4cdf1c03e4d,Shop,3afc9907-97ef-486c-847c-3749b29b51b0,0,1,4dd2f1f5-9bfe-489e-969f-a1c54ccdecc4,true,downloadableSrc,200,image/webp,73928,73928,bd323cf49967947bbcbd623f00df6d9521e1f974c3d13d21ec5050ae26d4f1d5,1179,2676,,,bytescale.mobbin.com,f7a1807c1ac98ccf0eecf5078d61346ac9a94ca37a547f5708d580528c9e55c0,/Users/user/mobbin-sides/screen-flows/shop/055-shop-marking-order-as-delivered-946cc81e-6e79-43c4-844b-b9fa878fcc51/001-4dd2f1f5-9bfe-489e-969f-a1c54ccdecc4-downloadableSrc-bd323cf49967.webp
946cc81e-6e79-43c4-844b-b9fa878fcc51,Marking order as delivered,1f1a3d5b-cb65-4c7e-af4b-e4cdf1c03e4d,Shop,3afc9907-97ef-486c-847c-3749b29b51b0,1,2,f8634999-75d2-40d1-bec6-47f43273ee8a,true,downloadableSrc,200,image/webp,69842,69842,14f8b1869e8041b182fb36c905ff5dff0a7bfb39dbf68ab2460bb354bdf39888,1179,2676,,,bytescale.mobbin.com,f7a1807c1ac98ccf0eecf5078d61346ac9a94ca37a547f5708d580528c9e55c0,/Users/user/mobbin-sides/screen-flows/shop/055-shop-marking-order-as-delivered-946cc81e-6e79-43c4-844b-b9fa878fcc51/002-f8634999-75d2-40d1-bec6-47f43273ee8a-downloadableSrc-14f8b1869e80.webp
946cc81e-6e79-43c4-844b-b9fa878fcc51,Marking order as delivered,1f1a3d5b-cb65-4c7e-af4b-e4cdf1c03e4d,Shop,3afc9907-97ef-486c-847c-3749b29b51b0,2,3,efcf59fe-cf75-4453-9a27-e4d7db3362ce,true,downloadableSrc,200,image/webp,67712,67712,6b02c45b6ac93aa4efa86d5f00b526b9334fceaf75b861f35e26ce0f8752b508,1179,2676,,,bytescale.mobbin.com,f7a1807c1ac98ccf0eecf5078d61346ac9a94ca37a547f5708d580528c9e55c0,/Users/user/mobbin-sides/screen-flows/shop/055-shop-marking-order-as-delivered-946cc81e-6e79-43c4-844b-b9fa878fcc51/003-efcf59fe-cf75-4453-9a27-e4d7db3362ce-downloadableSrc-6b02c45b6ac9.webp
946cc81e-6e79-43c4-844b-b9fa878fcc51,Marking order as delivered,1f1a3d5b-cb65-4c7e-af4b-e4cdf1c03e4d,Shop,3afc9907-97ef-486c-847c-3749b29b51b0,3,4,e4017155-51a1-44dd-928d-528a589566c7,true,downloadableSrc,200,image/webp,110606,110606,987ce26a4b9cdd542fcddc8f7b5586971df09b42bf8a24c8c40deadd64f01720,1179,2676,,,bytescale.mobbin.com,f7a1807c1ac98ccf0eecf5078d61346ac9a94ca37a547f5708d580528c9e55c0,/Users/user/mobbin-sides/screen-flows/shop/055-shop-marking-order-as-delivered-946cc81e-6e79-43c4-844b-b9fa878fcc51/004-e4017155-51a1-44dd-928d-528a589566c7-downloadableSrc-987ce26a4b9c.webp
946cc81e-6e79-43c4-844b-b9fa878fcc51,Marking order as delivered,1f1a3d5b-cb65-4c7e-af4b-e4cdf1c03e4d,Shop,3afc9907-97ef-486c-847c-3749b29b51b0,4,5,2f9019ad-1886-4bd3-9eb8-8dcde80f0957,true,downloadableSrc,200,image/webp,88676,88676,4bb351d774c7910f4219fdf6b1f3cf87929b356448d93a424a8f8f3c1bc63d88,1179,2676,,,bytescale.mobbin.com,f7a1807c1ac98ccf0eecf5078d61346ac9a94ca37a547f5708d580528c9e55c0,/Users/user/mobbin-sides/screen-flows/shop/055-shop-marking-order-as-delivered-946cc81e-6e79-43c4-844b-b9fa878fcc51/005-2f9019ad-1886-4bd3-9eb8-8dcde80f0957-downloadableSrc-4bb351d774c7.webp
4b2fda17-97ab-4e55-98f8-8e31452fefe1,Archiving an order,1f1a3d5b-cb65-4c7e-af4b-e4cdf1c03e4d,Shop,3afc9907-97ef-486c-847c-3749b29b51b0,0,1,4dd2f1f5-9bfe-489e-969f-a1c54ccdecc4,true,downloadableSrc,200,image/webp,73928,73928,bd323cf49967947bbcbd623f00df6d9521e1f974c3d13d21ec5050ae26d4f1d5,1179,2676,,,bytescale.mobbin.com,f7a1807c1ac98ccf0eecf5078d61346ac9a94ca37a547f5708d580528c9e55c0,/Users/user/mobbin-sides/screen-flows/shop/056-shop-archiving-an-order-4b2fda17-97ab-4e55-98f8-8e31452fefe1/001-4dd2f1f5-9bfe-489e-969f-a1c54ccdecc4-downloadableSrc-bd323cf49967.webp
4b2fda17-97ab-4e55-98f8-8e31452fefe1,Archiving an order,1f1a3d5b-cb65-4c7e-af4b-e4cdf1c03e4d,Shop,3afc9907-97ef-486c-847c-3749b29b51b0,1,2,2c2aceb3-ac58-4f33-af61-2e3df829e2aa,true,downloadableSrc,200,image/webp,85422,85422,9865c8c9505215106f4c0dbd8a070a1fa3922b90224120223f02a1e5f25e8077,1179,2676,,,bytescale.mobbin.com,f7a1807c1ac98ccf0eecf5078d61346ac9a94ca37a547f5708d580528c9e55c0,/Users/user/mobbin-sides/screen-flows/shop/056-shop-archiving-an-order-4b2fda17-97ab-4e55-98f8-8e31452fefe1/002-2c2aceb3-ac58-4f33-af61-2e3df829e2aa-downloadableSrc-9865c8c95052.webp
8beca913-0572-4e4f-8ddb-37f8a58b5a90,Archived orders,1f1a3d5b-cb65-4c7e-af4b-e4cdf1c03e4d,Shop,3afc9907-97ef-486c-847c-3749b29b51b0,0,1,609a74e9-5e0d-4785-93d1-083bbd753b25,true,downloadableSrc,200,image/webp,39704,39704,065d9fa24727ac7aecf1b1c3f7a94202913661523056f1353c212332da1f89a5,1179,2676,,,bytescale.mobbin.com,f7a1807c1ac98ccf0eecf5078d61346ac9a94ca37a547f5708d580528c9e55c0,/Users/user/mobbin-sides/screen-flows/shop/057-shop-archived-orders-8beca913-0572-4e4f-8ddb-37f8a58b5a90/001-609a74e9-5e0d-4785-93d1-083bbd753b25-downloadableSrc-065d9fa24727.webp
8beca913-0572-4e4f-8ddb-37f8a58b5a90,Archived orders,1f1a3d5b-cb65-4c7e-af4b-e4cdf1c03e4d,Shop,3afc9907-97ef-486c-847c-3749b29b51b0,1,2,fd293002-568e-47d7-8667-37bb3b416844,true,downloadableSrc,200,image/webp,37582,37582,41ce5047967a279fac9b45e28ef3aeda325ab6ad3ebb05078d59bebbfa773bb0,1179,2676,,,bytescale.mobbin.com,f7a1807c1ac98ccf0eecf5078d61346ac9a94ca37a547f5708d580528c9e55c0,/Users/user/mobbin-sides/screen-flows/shop/057-shop-archived-orders-8beca913-0572-4e4f-8ddb-37f8a58b5a90/002-fd293002-568e-47d7-8667-37bb3b416844-downloadableSrc-41ce5047967a.webp
08711a42-06fd-45db-a925-977293bfe0f1,Order receipt,1f1a3d5b-cb65-4c7e-af4b-e4cdf1c03e4d,Shop,3afc9907-97ef-486c-847c-3749b29b51b0,0,1,d3a88113-6b5e-4652-84bd-a91f7a7c0a4e,true,downloadableSrc,200,image/webp,72354,72354,b2b4369c4bc92ef3b0551f2b03c1e359348248b74764a8117e485759f7942549,1179,2676,,,bytescale.mobbin.com,f7a1807c1ac98ccf0eecf5078d61346ac9a94ca37a547f5708d580528c9e55c0,/Users/user/mobbin-sides/screen-flows/shop/058-shop-order-receipt-08711a42-06fd-45db-a925-977293bfe0f1/001-d3a88113-6b5e-4652-84bd-a91f7a7c0a4e-downloadableSrc-b2b4369c4bc9.webp
08711a42-06fd-45db-a925-977293bfe0f1,Order receipt,1f1a3d5b-cb65-4c7e-af4b-e4cdf1c03e4d,Shop,3afc9907-97ef-486c-847c-3749b29b51b0,1,2,bf7e6ea5-8496-4755-8bce-6dc6d54ce409,true,downloadableSrc,200,image/webp,73282,73282,58df3697eaffd8e84a36c5fcc065224f3f22be4a1f82643ec25048fdb58937bd,1179,2676,,,bytescale.mobbin.com,f7a1807c1ac98ccf0eecf5078d61346ac9a94ca37a547f5708d580528c9e55c0,/Users/user/mobbin-sides/screen-flows/shop/058-shop-order-receipt-08711a42-06fd-45db-a925-977293bfe0f1/002-bf7e6ea5-8496-4755-8bce-6dc6d54ce409-downloadableSrc-58df3697eaff.webp
08711a42-06fd-45db-a925-977293bfe0f1,Order receipt,1f1a3d5b-cb65-4c7e-af4b-e4cdf1c03e4d,Shop,3afc9907-97ef-486c-847c-3749b29b51b0,2,3,4f6a56eb-f376-4fb7-b203-b696918dbc37,true,downloadableSrc,200,image/webp,71354,71354,65429effa4507de608be9cd2b273a3a977a98b8dc5768c45930a79830b1749d4,1179,2676,,,bytescale.mobbin.com,f7a1807c1ac98ccf0eecf5078d61346ac9a94ca37a547f5708d580528c9e55c0,/Users/user/mobbin-sides/screen-flows/shop/058-shop-order-receipt-08711a42-06fd-45db-a925-977293bfe0f1/003-4f6a56eb-f376-4fb7-b203-b696918dbc37-downloadableSrc-65429effa450.webp
b9a614a5-1f1c-4c6e-b823-623d3ede33b3,Notifications,1f1a3d5b-cb65-4c7e-af4b-e4cdf1c03e4d,Shop,3afc9907-97ef-486c-847c-3749b29b51b0,0,1,7c0a1847-c2e6-48fd-bb05-5aaf63bda73c,true,downloadableSrc,200,image/webp,83248,83248,4a82238de62d7b46c30a4f954ac8e377be612834fbc620b7dc18306ba36a5601,1180,2676,,,bytescale.mobbin.com,f7a1807c1ac98ccf0eecf5078d61346ac9a94ca37a547f5708d580528c9e55c0,/Users/user/mobbin-sides/screen-flows/shop/059-shop-notifications-b9a614a5-1f1c-4c6e-b823-623d3ede33b3/001-7c0a1847-c2e6-48fd-bb05-5aaf63bda73c-downloadableSrc-4a82238de62d.webp
b9a614a5-1f1c-4c6e-b823-623d3ede33b3,Notifications,1f1a3d5b-cb65-4c7e-af4b-e4cdf1c03e4d,Shop,3afc9907-97ef-486c-847c-3749b29b51b0,1,2,ba82bf05-251d-4826-9101-0475fc4392bb,true,downloadableSrc,200,image/webp,37562,37562,c0e8108bb3b8e25fb017c6417f5404866445190c448cd77f19a523a225c90763,1179,2676,,,bytescale.mobbin.com,f7a1807c1ac98ccf0eecf5078d61346ac9a94ca37a547f5708d580528c9e55c0,/Users/user/mobbin-sides/screen-flows/shop/059-shop-notifications-b9a614a5-1f1c-4c6e-b823-623d3ede33b3/002-ba82bf05-251d-4826-9101-0475fc4392bb-downloadableSrc-c0e8108bb3b8.webp
4a4fb377-b761-45e4-878a-7d523da4b893,Profile,1f1a3d5b-cb65-4c7e-af4b-e4cdf1c03e4d,Shop,3afc9907-97ef-486c-847c-3749b29b51b0,0,1,1fdaaf24-b3f6-473f-999b-45ab66540497,true,downloadableSrc,200,image/webp,93652,93652,8b14ad92eba3594e4bb7b1772f6adbe6bd1c89d2965cf0f3ed595d6ab7e54886,1180,2676,,,bytescale.mobbin.com,f7a1807c1ac98ccf0eecf5078d61346ac9a94ca37a547f5708d580528c9e55c0,/Users/user/mobbin-sides/screen-flows/shop/060-shop-profile-4a4fb377-b761-45e4-878a-7d523da4b893/001-1fdaaf24-b3f6-473f-999b-45ab66540497-downloadableSrc-8b14ad92eba3.webp
4a4fb377-b761-45e4-878a-7d523da4b893,Profile,1f1a3d5b-cb65-4c7e-af4b-e4cdf1c03e4d,Shop,3afc9907-97ef-486c-847c-3749b29b51b0,1,2,eadf81d5-5a38-4dee-8078-d56d6f41bee1,true,downloadableSrc,200,image/webp,75508,75508,170f4d66b8c7e81ec7ee3397325d94e4be5981e26e15521a3e53dfa599513aa2,1179,2676,,,bytescale.mobbin.com,f7a1807c1ac98ccf0eecf5078d61346ac9a94ca37a547f5708d580528c9e55c0,/Users/user/mobbin-sides/screen-flows/shop/060-shop-profile-4a4fb377-b761-45e4-878a-7d523da4b893/002-eadf81d5-5a38-4dee-8078-d56d6f41bee1-downloadableSrc-170f4d66b8c7.webp
4a4fb377-b761-45e4-878a-7d523da4b893,Profile,1f1a3d5b-cb65-4c7e-af4b-e4cdf1c03e4d,Shop,3afc9907-97ef-486c-847c-3749b29b51b0,2,3,9fc35c4a-479f-49a8-8122-c8179b9568e5,true,downloadableSrc,200,image/webp,52360,52360,37f1e9ee1cb038c9c4b13646c8752c27cc102d13aef544c56795f9badf42f585,1179,2676,,,bytescale.mobbin.com,f7a1807c1ac98ccf0eecf5078d61346ac9a94ca37a547f5708d580528c9e55c0,/Users/user/mobbin-sides/screen-flows/shop/060-shop-profile-4a4fb377-b761-45e4-878a-7d523da4b893/003-9fc35c4a-479f-49a8-8122-c8179b9568e5-downloadableSrc-37f1e9ee1cb0.webp
4a4fb377-b761-45e4-878a-7d523da4b893,Profile,1f1a3d5b-cb65-4c7e-af4b-e4cdf1c03e4d,Shop,3afc9907-97ef-486c-847c-3749b29b51b0,3,4,0ee20a2f-410c-4c39-8ff0-bc52fe5df8ed,true,downloadableSrc,200,image/webp,152438,152438,5ad2d90193fd601c3167b3dfafcc884d87ecd266a3ba3241aef8af9edeb7e963,1179,2676,,,bytescale.mobbin.com,f7a1807c1ac98ccf0eecf5078d61346ac9a94ca37a547f5708d580528c9e55c0,/Users/user/mobbin-sides/screen-flows/shop/060-shop-profile-4a4fb377-b761-45e4-878a-7d523da4b893/004-0ee20a2f-410c-4c39-8ff0-bc52fe5df8ed-downloadableSrc-5ad2d90193fd.webp
4a4fb377-b761-45e4-878a-7d523da4b893,Profile,1f1a3d5b-cb65-4c7e-af4b-e4cdf1c03e4d,Shop,3afc9907-97ef-486c-847c-3749b29b51b0,4,5,7a889305-343a-45ff-b91a-274b53b1721c,true,downloadableSrc,200,image/webp,131740,131740,54e3fadb44f1209eb1960a80a98416d023c59c0917fcb8abb885706c9251b134,1179,2676,,,bytescale.mobbin.com,f7a1807c1ac98ccf0eecf5078d61346ac9a94ca37a547f5708d580528c9e55c0,/Users/user/mobbin-sides/screen-flows/shop/060-shop-profile-4a4fb377-b761-45e4-878a-7d523da4b893/005-7a889305-343a-45ff-b91a-274b53b1721c-downloadableSrc-54e3fadb44f1.webp
e30e44f9-c0c0-48de-b532-fb484d2d9b8f,Saved,1f1a3d5b-cb65-4c7e-af4b-e4cdf1c03e4d,Shop,3afc9907-97ef-486c-847c-3749b29b51b0,0,1,eadf81d5-5a38-4dee-8078-d56d6f41bee1,true,downloadableSrc,200,image/webp,75508,75508,170f4d66b8c7e81ec7ee3397325d94e4be5981e26e15521a3e53dfa599513aa2,1179,2676,,,bytescale.mobbin.com,f7a1807c1ac98ccf0eecf5078d61346ac9a94ca37a547f5708d580528c9e55c0,/Users/user/mobbin-sides/screen-flows/shop/061-shop-saved-e30e44f9-c0c0-48de-b532-fb484d2d9b8f/001-eadf81d5-5a38-4dee-8078-d56d6f41bee1-downloadableSrc-170f4d66b8c7.webp
e30e44f9-c0c0-48de-b532-fb484d2d9b8f,Saved,1f1a3d5b-cb65-4c7e-af4b-e4cdf1c03e4d,Shop,3afc9907-97ef-486c-847c-3749b29b51b0,1,2,c084fc84-5374-4bc2-8d01-93c1cb8c9afd,true,downloadableSrc,200,image/webp,32194,32194,5fc7c289b69d3bfa95430cd9e25155aff77248f9bcbc57dc2dfcf6ec4a30516a,1179,2676,,,bytescale.mobbin.com,f7a1807c1ac98ccf0eecf5078d61346ac9a94ca37a547f5708d580528c9e55c0,/Users/user/mobbin-sides/screen-flows/shop/061-shop-saved-e30e44f9-c0c0-48de-b532-fb484d2d9b8f/002-c084fc84-5374-4bc2-8d01-93c1cb8c9afd-downloadableSrc-5fc7c289b69d.webp
e30e44f9-c0c0-48de-b532-fb484d2d9b8f,Saved,1f1a3d5b-cb65-4c7e-af4b-e4cdf1c03e4d,Shop,3afc9907-97ef-486c-847c-3749b29b51b0,2,3,e94fcbe5-b51e-4652-be3f-67cdecb1204a,true,downloadableSrc,200,image/webp,124612,124612,cb3c70ce05cb254c38da8a2196d6036dcc970bca62610b17bbf1f10fa0c0a10f,1179,2676,,,bytescale.mobbin.com,f7a1807c1ac98ccf0eecf5078d61346ac9a94ca37a547f5708d580528c9e55c0,/Users/user/mobbin-sides/screen-flows/shop/061-shop-saved-e30e44f9-c0c0-48de-b532-fb484d2d9b8f/003-e94fcbe5-b51e-4652-be3f-67cdecb1204a-downloadableSrc-cb3c70ce05cb.webp
e30e44f9-c0c0-48de-b532-fb484d2d9b8f,Saved,1f1a3d5b-cb65-4c7e-af4b-e4cdf1c03e4d,Shop,3afc9907-97ef-486c-847c-3749b29b51b0,3,4,f884cd92-c075-41d2-9d03-35221880ade7,true,downloadableSrc,200,image/webp,127916,127916,e3e4f4f011110ed83368f0dfe4ee764be12fdb5b9abe1c07c4a1141b7638d742,1179,2676,,,bytescale.mobbin.com,f7a1807c1ac98ccf0eecf5078d61346ac9a94ca37a547f5708d580528c9e55c0,/Users/user/mobbin-sides/screen-flows/shop/061-shop-saved-e30e44f9-c0c0-48de-b532-fb484d2d9b8f/004-f884cd92-c075-41d2-9d03-35221880ade7-downloadableSrc-e3e4f4f01111.webp
9e29a8bc-395d-40f6-9fc9-073a825424b1,Creating a collection,1f1a3d5b-cb65-4c7e-af4b-e4cdf1c03e4d,Shop,3afc9907-97ef-486c-847c-3749b29b51b0,0,1,e94fcbe5-b51e-4652-be3f-67cdecb1204a,true,downloadableSrc,200,image/webp,124612,124612,cb3c70ce05cb254c38da8a2196d6036dcc970bca62610b17bbf1f10fa0c0a10f,1179,2676,,,bytescale.mobbin.com,f7a1807c1ac98ccf0eecf5078d61346ac9a94ca37a547f5708d580528c9e55c0,/Users/user/mobbin-sides/screen-flows/shop/062-shop-creating-a-collection-9e29a8bc-395d-40f6-9fc9-073a825424b1/001-e94fcbe5-b51e-4652-be3f-67cdecb1204a-downloadableSrc-cb3c70ce05cb.webp
9e29a8bc-395d-40f6-9fc9-073a825424b1,Creating a collection,1f1a3d5b-cb65-4c7e-af4b-e4cdf1c03e4d,Shop,3afc9907-97ef-486c-847c-3749b29b51b0,1,2,b208cd78-13f2-4b4f-809f-552fa720bd1d,true,downloadableSrc,200,image/webp,91396,91396,9fbefd67e5537405fcc8f0d7b778ea61cb5e7a185981eb984188bf9af15b568d,1179,2676,,,bytescale.mobbin.com,f7a1807c1ac98ccf0eecf5078d61346ac9a94ca37a547f5708d580528c9e55c0,/Users/user/mobbin-sides/screen-flows/shop/062-shop-creating-a-collection-9e29a8bc-395d-40f6-9fc9-073a825424b1/002-b208cd78-13f2-4b4f-809f-552fa720bd1d-downloadableSrc-9fbefd67e553.webp
9e29a8bc-395d-40f6-9fc9-073a825424b1,Creating a collection,1f1a3d5b-cb65-4c7e-af4b-e4cdf1c03e4d,Shop,3afc9907-97ef-486c-847c-3749b29b51b0,2,3,c1083fe5-7fd5-451a-94a8-111b8809861f,true,downloadableSrc,200,image/webp,88372,88372,a7922d8a9cada3c67f40c52e7bd7d3804b0768737754b3c4fc052b567ac6d590,1179,2676,,,bytescale.mobbin.com,f7a1807c1ac98ccf0eecf5078d61346ac9a94ca37a547f5708d580528c9e55c0,/Users/user/mobbin-sides/screen-flows/shop/062-shop-creating-a-collection-9e29a8bc-395d-40f6-9fc9-073a825424b1/003-c1083fe5-7fd5-451a-94a8-111b8809861f-downloadableSrc-a7922d8a9cad.webp
9e29a8bc-395d-40f6-9fc9-073a825424b1,Creating a collection,1f1a3d5b-cb65-4c7e-af4b-e4cdf1c03e4d,Shop,3afc9907-97ef-486c-847c-3749b29b51b0,3,4,2143dc34-9821-4039-9494-b35c774cb9fc,true,downloadableSrc,200,image/webp,89568,89568,300af5de292a0bbf3b3cc5f3f656332a6a74146d2a07dabc633180d025ae9b46,1179,2676,,,bytescale.mobbin.com,f7a1807c1ac98ccf0eecf5078d61346ac9a94ca37a547f5708d580528c9e55c0,/Users/user/mobbin-sides/screen-flows/shop/062-shop-creating-a-collection-9e29a8bc-395d-40f6-9fc9-073a825424b1/004-2143dc34-9821-4039-9494-b35c774cb9fc-downloadableSrc-300af5de292a.webp
9e29a8bc-395d-40f6-9fc9-073a825424b1,Creating a collection,1f1a3d5b-cb65-4c7e-af4b-e4cdf1c03e4d,Shop,3afc9907-97ef-486c-847c-3749b29b51b0,4,5,6e070d92-63ed-4f31-9420-af62bb9f8878,true,downloadableSrc,200,image/webp,91960,91960,61e66a4fb5b7ee879bed6c878912f8d01ccbfe3f741c1cb9adb90abc8b1a530c,1179,2676,,,bytescale.mobbin.com,f7a1807c1ac98ccf0eecf5078d61346ac9a94ca37a547f5708d580528c9e55c0,/Users/user/mobbin-sides/screen-flows/shop/062-shop-creating-a-collection-9e29a8bc-395d-40f6-9fc9-073a825424b1/005-6e070d92-63ed-4f31-9420-af62bb9f8878-downloadableSrc-61e66a4fb5b7.webp
9e29a8bc-395d-40f6-9fc9-073a825424b1,Creating a collection,1f1a3d5b-cb65-4c7e-af4b-e4cdf1c03e4d,Shop,3afc9907-97ef-486c-847c-3749b29b51b0,5,6,f884cd92-c075-41d2-9d03-35221880ade7,true,downloadableSrc,200,image/webp,127916,127916,e3e4f4f011110ed83368f0dfe4ee764be12fdb5b9abe1c07c4a1141b7638d742,1179,2676,,,bytescale.mobbin.com,f7a1807c1ac98ccf0eecf5078d61346ac9a94ca37a547f5708d580528c9e55c0,/Users/user/mobbin-sides/screen-flows/shop/062-shop-creating-a-collection-9e29a8bc-395d-40f6-9fc9-073a825424b1/006-f884cd92-c075-41d2-9d03-35221880ade7-downloadableSrc-e3e4f4f01111.webp
c27b5971-fdd2-4820-ba80-38da0cc999c9,Collection detail,1f1a3d5b-cb65-4c7e-af4b-e4cdf1c03e4d,Shop,3afc9907-97ef-486c-847c-3749b29b51b0,0,1,f884cd92-c075-41d2-9d03-35221880ade7,true,downloadableSrc,200,image/webp,127916,127916,e3e4f4f011110ed83368f0dfe4ee764be12fdb5b9abe1c07c4a1141b7638d742,1179,2676,,,bytescale.mobbin.com,f7a1807c1ac98ccf0eecf5078d61346ac9a94ca37a547f5708d580528c9e55c0,/Users/user/mobbin-sides/screen-flows/shop/063-shop-collection-detail-c27b5971-fdd2-4820-ba80-38da0cc999c9/001-f884cd92-c075-41d2-9d03-35221880ade7-downloadableSrc-e3e4f4f01111.webp
c27b5971-fdd2-4820-ba80-38da0cc999c9,Collection detail,1f1a3d5b-cb65-4c7e-af4b-e4cdf1c03e4d,Shop,3afc9907-97ef-486c-847c-3749b29b51b0,1,2,6a5b286d-65cf-43e7-bb5f-c1dc7aecf2d2,true,downloadableSrc,200,image/webp,127690,127690,e615ea9a2659c70195c59df7d5d73011c3ad63d9560914e65dbecbb18a0a1fad,1179,2676,,,bytescale.mobbin.com,f7a1807c1ac98ccf0eecf5078d61346ac9a94ca37a547f5708d580528c9e55c0,/Users/user/mobbin-sides/screen-flows/shop/063-shop-collection-detail-c27b5971-fdd2-4820-ba80-38da0cc999c9/002-6a5b286d-65cf-43e7-bb5f-c1dc7aecf2d2-downloadableSrc-e615ea9a2659.webp
27924fb3-0df1-4b65-80aa-9da6a3de44a7,Making a collection public,1f1a3d5b-cb65-4c7e-af4b-e4cdf1c03e4d,Shop,3afc9907-97ef-486c-847c-3749b29b51b0,0,1,6a5b286d-65cf-43e7-bb5f-c1dc7aecf2d2,true,downloadableSrc,200,image/webp,127690,127690,e615ea9a2659c70195c59df7d5d73011c3ad63d9560914e65dbecbb18a0a1fad,1179,2676,,,bytescale.mobbin.com,f7a1807c1ac98ccf0eecf5078d61346ac9a94ca37a547f5708d580528c9e55c0,/Users/user/mobbin-sides/screen-flows/shop/064-shop-making-a-collection-public-27924fb3-0df1-4b65-80aa-9da6a3de44a7/001-6a5b286d-65cf-43e7-bb5f-c1dc7aecf2d2-downloadableSrc-e615ea9a2659.webp
27924fb3-0df1-4b65-80aa-9da6a3de44a7,Making a collection public,1f1a3d5b-cb65-4c7e-af4b-e4cdf1c03e4d,Shop,3afc9907-97ef-486c-847c-3749b29b51b0,1,2,0db556d5-f35b-4c3e-a0e2-39dae721ac0a,true,downloadableSrc,200,image/webp,98612,98612,d8923fa053e2525241a60f18b4f38e24a20172faa30310593516844a3f5c039c,1179,2676,,,bytescale.mobbin.com,f7a1807c1ac98ccf0eecf5078d61346ac9a94ca37a547f5708d580528c9e55c0,/Users/user/mobbin-sides/screen-flows/shop/064-shop-making-a-collection-public-27924fb3-0df1-4b65-80aa-9da6a3de44a7/002-0db556d5-f35b-4c3e-a0e2-39dae721ac0a-downloadableSrc-d8923fa053e2.webp
27924fb3-0df1-4b65-80aa-9da6a3de44a7,Making a collection public,1f1a3d5b-cb65-4c7e-af4b-e4cdf1c03e4d,Shop,3afc9907-97ef-486c-847c-3749b29b51b0,2,3,745de083-060a-459c-b912-c9fab5f63127,true,downloadableSrc,200,image/webp,128634,128634,5b043547ebf5ed8f4d554e8732c231b5b0277d953f2dd02375b4d1e19b04f3de,1179,2676,,,bytescale.mobbin.com,f7a1807c1ac98ccf0eecf5078d61346ac9a94ca37a547f5708d580528c9e55c0,/Users/user/mobbin-sides/screen-flows/shop/064-shop-making-a-collection-public-27924fb3-0df1-4b65-80aa-9da6a3de44a7/003-745de083-060a-459c-b912-c9fab5f63127-downloadableSrc-5b043547ebf5.webp
58c89720-083f-4d9e-a1f3-b2556189cea4,Collaborators,1f1a3d5b-cb65-4c7e-af4b-e4cdf1c03e4d,Shop,3afc9907-97ef-486c-847c-3749b29b51b0,0,1,6a5b286d-65cf-43e7-bb5f-c1dc7aecf2d2,true,downloadableSrc,200,image/webp,127690,127690,e615ea9a2659c70195c59df7d5d73011c3ad63d9560914e65dbecbb18a0a1fad,1179,2676,,,bytescale.mobbin.com,f7a1807c1ac98ccf0eecf5078d61346ac9a94ca37a547f5708d580528c9e55c0,/Users/user/mobbin-sides/screen-flows/shop/065-shop-collaborators-58c89720-083f-4d9e-a1f3-b2556189cea4/001-6a5b286d-65cf-43e7-bb5f-c1dc7aecf2d2-downloadableSrc-e615ea9a2659.webp
58c89720-083f-4d9e-a1f3-b2556189cea4,Collaborators,1f1a3d5b-cb65-4c7e-af4b-e4cdf1c03e4d,Shop,3afc9907-97ef-486c-847c-3749b29b51b0,1,2,338740e0-1427-4181-9eb7-15c8a810cf22,true,downloadableSrc,200,image/webp,92218,92218,5098354faa11a95179619ad734fc8e15b61334d75fdec918d02607d8362a9ecd,1179,2676,,,bytescale.mobbin.com,f7a1807c1ac98ccf0eecf5078d61346ac9a94ca37a547f5708d580528c9e55c0,/Users/user/mobbin-sides/screen-flows/shop/065-shop-collaborators-58c89720-083f-4d9e-a1f3-b2556189cea4/002-338740e0-1427-4181-9eb7-15c8a810cf22-downloadableSrc-5098354faa11.webp
09c86c35-4543-46ec-93e1-b2f25170f42e,Editing a collection,1f1a3d5b-cb65-4c7e-af4b-e4cdf1c03e4d,Shop,3afc9907-97ef-486c-847c-3749b29b51b0,0,1,6a5b286d-65cf-43e7-bb5f-c1dc7aecf2d2,true,downloadableSrc,200,image/webp,127690,127690,e615ea9a2659c70195c59df7d5d73011c3ad63d9560914e65dbecbb18a0a1fad,1179,2676,,,bytescale.mobbin.com,f7a1807c1ac98ccf0eecf5078d61346ac9a94ca37a547f5708d580528c9e55c0,/Users/user/mobbin-sides/screen-flows/shop/066-shop-editing-a-collection-09c86c35-4543-46ec-93e1-b2f25170f42e/001-6a5b286d-65cf-43e7-bb5f-c1dc7aecf2d2-downloadableSrc-e615ea9a2659.webp
09c86c35-4543-46ec-93e1-b2f25170f42e,Editing a collection,1f1a3d5b-cb65-4c7e-af4b-e4cdf1c03e4d,Shop,3afc9907-97ef-486c-847c-3749b29b51b0,1,2,adc10466-c13e-4a88-aac2-28eaf3a9908a,true,downloadableSrc,200,image/webp,95640,95640,8bcca4d7512a59a099cc60e4520490a073c2c5498ee77c257e94c472ac1529ff,1179,2676,,,bytescale.mobbin.com,f7a1807c1ac98ccf0eecf5078d61346ac9a94ca37a547f5708d580528c9e55c0,/Users/user/mobbin-sides/screen-flows/shop/066-shop-editing-a-collection-09c86c35-4543-46ec-93e1-b2f25170f42e/002-adc10466-c13e-4a88-aac2-28eaf3a9908a-downloadableSrc-8bcca4d7512a.webp
09c86c35-4543-46ec-93e1-b2f25170f42e,Editing a collection,1f1a3d5b-cb65-4c7e-af4b-e4cdf1c03e4d,Shop,3afc9907-97ef-486c-847c-3749b29b51b0,2,3,cbdbde9b-4676-4ff3-8268-1d5b20202465,true,downloadableSrc,200,image/webp,97634,97634,f7b9d3543205238baf8cfb2bfd07e4109c1ac7109057156adf785ef985bb6ac0,1179,2676,,,bytescale.mobbin.com,f7a1807c1ac98ccf0eecf5078d61346ac9a94ca37a547f5708d580528c9e55c0,/Users/user/mobbin-sides/screen-flows/shop/066-shop-editing-a-collection-09c86c35-4543-46ec-93e1-b2f25170f42e/003-cbdbde9b-4676-4ff3-8268-1d5b20202465-downloadableSrc-f7b9d3543205.webp
09c86c35-4543-46ec-93e1-b2f25170f42e,Editing a collection,1f1a3d5b-cb65-4c7e-af4b-e4cdf1c03e4d,Shop,3afc9907-97ef-486c-847c-3749b29b51b0,3,4,bca4585e-afa6-4430-a9bb-7b736ad53d6a,true,downloadableSrc,200,image/webp,97442,97442,d428d7ffcd8547a4b0788c5c1b3909c97e677c25ea107e0803f25565f2511a1e,1179,2676,,,bytescale.mobbin.com,f7a1807c1ac98ccf0eecf5078d61346ac9a94ca37a547f5708d580528c9e55c0,/Users/user/mobbin-sides/screen-flows/shop/066-shop-editing-a-collection-09c86c35-4543-46ec-93e1-b2f25170f42e/004-bca4585e-afa6-4430-a9bb-7b736ad53d6a-downloadableSrc-d428d7ffcd85.webp
09c86c35-4543-46ec-93e1-b2f25170f42e,Editing a collection,1f1a3d5b-cb65-4c7e-af4b-e4cdf1c03e4d,Shop,3afc9907-97ef-486c-847c-3749b29b51b0,4,5,36e8242e-cedb-4263-aa22-38b97e624690,true,downloadableSrc,200,image/webp,127480,127480,28126661b7158c4a98442b58939af9f6ef07419f7cefce3e08c5fb1c19a6e764,1179,2676,,,bytescale.mobbin.com,f7a1807c1ac98ccf0eecf5078d61346ac9a94ca37a547f5708d580528c9e55c0,/Users/user/mobbin-sides/screen-flows/shop/066-shop-editing-a-collection-09c86c35-4543-46ec-93e1-b2f25170f42e/005-36e8242e-cedb-4263-aa22-38b97e624690-downloadableSrc-28126661b715.webp
87abb5c7-6a7b-4d9b-b735-d4cdfa0cfc25,Resetting the invite link,1f1a3d5b-cb65-4c7e-af4b-e4cdf1c03e4d,Shop,3afc9907-97ef-486c-847c-3749b29b51b0,0,1,adc10466-c13e-4a88-aac2-28eaf3a9908a,true,downloadableSrc,200,image/webp,95640,95640,8bcca4d7512a59a099cc60e4520490a073c2c5498ee77c257e94c472ac1529ff,1179,2676,,,bytescale.mobbin.com,f7a1807c1ac98ccf0eecf5078d61346ac9a94ca37a547f5708d580528c9e55c0,/Users/user/mobbin-sides/screen-flows/shop/067-shop-resetting-the-invite-link-87abb5c7-6a7b-4d9b-b735-d4cdfa0cfc25/001-adc10466-c13e-4a88-aac2-28eaf3a9908a-downloadableSrc-8bcca4d7512a.webp
87abb5c7-6a7b-4d9b-b735-d4cdfa0cfc25,Resetting the invite link,1f1a3d5b-cb65-4c7e-af4b-e4cdf1c03e4d,Shop,3afc9907-97ef-486c-847c-3749b29b51b0,1,2,cf7c44e8-51df-47bf-8eca-2ae372b38858,true,downloadableSrc,200,image/webp,109242,109242,e844cdda0a32c72d7713131fe5e7c039ee1d4bf3e80ee8731c65c9abc349ab41,1179,2676,,,bytescale.mobbin.com,f7a1807c1ac98ccf0eecf5078d61346ac9a94ca37a547f5708d580528c9e55c0,/Users/user/mobbin-sides/screen-flows/shop/067-shop-resetting-the-invite-link-87abb5c7-6a7b-4d9b-b735-d4cdfa0cfc25/002-cf7c44e8-51df-47bf-8eca-2ae372b38858-downloadableSrc-e844cdda0a32.webp
87abb5c7-6a7b-4d9b-b735-d4cdfa0cfc25,Resetting the invite link,1f1a3d5b-cb65-4c7e-af4b-e4cdf1c03e4d,Shop,3afc9907-97ef-486c-847c-3749b29b51b0,2,3,0608d305-b2e8-4b67-b2d6-4bd908d5e972,true,downloadableSrc,200,image/webp,133434,133434,0189f8bd829487cd700123674d0672d2f23eca8ccdff4d456a1d5fea93e45319,1179,2676,,,bytescale.mobbin.com,f7a1807c1ac98ccf0eecf5078d61346ac9a94ca37a547f5708d580528c9e55c0,/Users/user/mobbin-sides/screen-flows/shop/067-shop-resetting-the-invite-link-87abb5c7-6a7b-4d9b-b735-d4cdfa0cfc25/003-0608d305-b2e8-4b67-b2d6-4bd908d5e972-downloadableSrc-0189f8bd8294.webp
f03a49e2-132a-41bb-94f4-8de7750a2c5b,Deleting a collection,1f1a3d5b-cb65-4c7e-af4b-e4cdf1c03e4d,Shop,3afc9907-97ef-486c-847c-3749b29b51b0,0,1,adc10466-c13e-4a88-aac2-28eaf3a9908a,true,downloadableSrc,200,image/webp,95640,95640,8bcca4d7512a59a099cc60e4520490a073c2c5498ee77c257e94c472ac1529ff,1179,2676,,,bytescale.mobbin.com,f7a1807c1ac98ccf0eecf5078d61346ac9a94ca37a547f5708d580528c9e55c0,/Users/user/mobbin-sides/screen-flows/shop/068-shop-deleting-a-collection-f03a49e2-132a-41bb-94f4-8de7750a2c5b/001-adc10466-c13e-4a88-aac2-28eaf3a9908a-downloadableSrc-8bcca4d7512a.webp
f03a49e2-132a-41bb-94f4-8de7750a2c5b,Deleting a collection,1f1a3d5b-cb65-4c7e-af4b-e4cdf1c03e4d,Shop,3afc9907-97ef-486c-847c-3749b29b51b0,1,2,0120d40d-d596-4b50-be8c-afe89dbefea8,true,downloadableSrc,200,image/webp,104586,104586,4fb24df2ca5ab244d02599eb79029ac633ccf34767062979cfaa59b8892c06a5,1179,2676,,,bytescale.mobbin.com,f7a1807c1ac98ccf0eecf5078d61346ac9a94ca37a547f5708d580528c9e55c0,/Users/user/mobbin-sides/screen-flows/shop/068-shop-deleting-a-collection-f03a49e2-132a-41bb-94f4-8de7750a2c5b/002-0120d40d-d596-4b50-be8c-afe89dbefea8-downloadableSrc-4fb24df2ca5a.webp
f03a49e2-132a-41bb-94f4-8de7750a2c5b,Deleting a collection,1f1a3d5b-cb65-4c7e-af4b-e4cdf1c03e4d,Shop,3afc9907-97ef-486c-847c-3749b29b51b0,2,3,e94fcbe5-b51e-4652-be3f-67cdecb1204a,true,downloadableSrc,200,image/webp,124612,124612,cb3c70ce05cb254c38da8a2196d6036dcc970bca62610b17bbf1f10fa0c0a10f,1179,2676,,,bytescale.mobbin.com,f7a1807c1ac98ccf0eecf5078d61346ac9a94ca37a547f5708d580528c9e55c0,/Users/user/mobbin-sides/screen-flows/shop/068-shop-deleting-a-collection-f03a49e2-132a-41bb-94f4-8de7750a2c5b/003-e94fcbe5-b51e-4652-be3f-67cdecb1204a-downloadableSrc-cb3c70ce05cb.webp
93b8a8ef-b7f1-4794-ad17-6c012d9f6f33,Following,1f1a3d5b-cb65-4c7e-af4b-e4cdf1c03e4d,Shop,3afc9907-97ef-486c-847c-3749b29b51b0,0,1,eadf81d5-5a38-4dee-8078-d56d6f41bee1,true,downloadableSrc,200,image/webp,75508,75508,170f4d66b8c7e81ec7ee3397325d94e4be5981e26e15521a3e53dfa599513aa2,1179,2676,,,bytescale.mobbin.com,f7a1807c1ac98ccf0eecf5078d61346ac9a94ca37a547f5708d580528c9e55c0,/Users/user/mobbin-sides/screen-flows/shop/069-shop-following-93b8a8ef-b7f1-4794-ad17-6c012d9f6f33/001-eadf81d5-5a38-4dee-8078-d56d6f41bee1-downloadableSrc-170f4d66b8c7.webp
93b8a8ef-b7f1-4794-ad17-6c012d9f6f33,Following,1f1a3d5b-cb65-4c7e-af4b-e4cdf1c03e4d,Shop,3afc9907-97ef-486c-847c-3749b29b51b0,1,2,d3a4f91e-d332-4e3f-b62a-80cdca57e825,true,downloadableSrc,200,image/webp,59358,59358,0bd11be655cf321bd94297fec401bdeb32cc572b5aab1a20195abee83e4a907c,1179,2676,,,bytescale.mobbin.com,f7a1807c1ac98ccf0eecf5078d61346ac9a94ca37a547f5708d580528c9e55c0,/Users/user/mobbin-sides/screen-flows/shop/069-shop-following-93b8a8ef-b7f1-4794-ad17-6c012d9f6f33/002-d3a4f91e-d332-4e3f-b62a-80cdca57e825-downloadableSrc-0bd11be655cf.webp
93b8a8ef-b7f1-4794-ad17-6c012d9f6f33,Following,1f1a3d5b-cb65-4c7e-af4b-e4cdf1c03e4d,Shop,3afc9907-97ef-486c-847c-3749b29b51b0,2,3,15630ed3-3c3d-4295-87dc-6bda90e5eb28,true,downloadableSrc,200,image/webp,195306,195306,5fe2355d12452adc4bd84deff98fd1a458f3d539e07e872a26c2e4e06844e629,1179,2676,,,bytescale.mobbin.com,f7a1807c1ac98ccf0eecf5078d61346ac9a94ca37a547f5708d580528c9e55c0,/Users/user/mobbin-sides/screen-flows/shop/069-shop-following-93b8a8ef-b7f1-4794-ad17-6c012d9f6f33/003-15630ed3-3c3d-4295-87dc-6bda90e5eb28-downloadableSrc-5fe2355d1245.webp
93b8a8ef-b7f1-4794-ad17-6c012d9f6f33,Following,1f1a3d5b-cb65-4c7e-af4b-e4cdf1c03e4d,Shop,3afc9907-97ef-486c-847c-3749b29b51b0,3,4,f5d7a6a3-c0c4-4940-bbc0-86a105c6c16c,true,downloadableSrc,200,image/webp,168808,168808,24f4b9b74bc31879671a95253d8f6c7afe06824369ae161c3931575a4536b27d,1179,2676,,,bytescale.mobbin.com,f7a1807c1ac98ccf0eecf5078d61346ac9a94ca37a547f5708d580528c9e55c0,/Users/user/mobbin-sides/screen-flows/shop/069-shop-following-93b8a8ef-b7f1-4794-ad17-6c012d9f6f33/004-f5d7a6a3-c0c4-4940-bbc0-86a105c6c16c-downloadableSrc-24f4b9b74bc3.webp
76e81968-7041-4b30-bc03-c6a582359126,Following list,1f1a3d5b-cb65-4c7e-af4b-e4cdf1c03e4d,Shop,3afc9907-97ef-486c-847c-3749b29b51b0,0,1,15630ed3-3c3d-4295-87dc-6bda90e5eb28,true,downloadableSrc,200,image/webp,195306,195306,5fe2355d12452adc4bd84deff98fd1a458f3d539e07e872a26c2e4e06844e629,1179,2676,,,bytescale.mobbin.com,f7a1807c1ac98ccf0eecf5078d61346ac9a94ca37a547f5708d580528c9e55c0,/Users/user/mobbin-sides/screen-flows/shop/070-shop-following-list-76e81968-7041-4b30-bc03-c6a582359126/001-15630ed3-3c3d-4295-87dc-6bda90e5eb28-downloadableSrc-5fe2355d1245.webp
76e81968-7041-4b30-bc03-c6a582359126,Following list,1f1a3d5b-cb65-4c7e-af4b-e4cdf1c03e4d,Shop,3afc9907-97ef-486c-847c-3749b29b51b0,1,2,ec41f2c6-6940-43ae-ae11-92c13a905395,true,downloadableSrc,200,image/webp,29394,29394,d2113b5b19738ab41671792ec61c85290777425d7d0ec7697992ca89326a3814,1179,2676,,,bytescale.mobbin.com,f7a1807c1ac98ccf0eecf5078d61346ac9a94ca37a547f5708d580528c9e55c0,/Users/user/mobbin-sides/screen-flows/shop/070-shop-following-list-76e81968-7041-4b30-bc03-c6a582359126/002-ec41f2c6-6940-43ae-ae11-92c13a905395-downloadableSrc-d2113b5b1973.webp
76e81968-7041-4b30-bc03-c6a582359126,Following list,1f1a3d5b-cb65-4c7e-af4b-e4cdf1c03e4d,Shop,3afc9907-97ef-486c-847c-3749b29b51b0,2,3,71f71353-6b21-44dc-8250-cd30ffe96d60,true,downloadableSrc,200,image/webp,44050,44050,9e486c90f2751c6fb10b1c5dbcbde7f5fd1870d6e834d2821548c96f1483cd71,1179,2676,,,bytescale.mobbin.com,f7a1807c1ac98ccf0eecf5078d61346ac9a94ca37a547f5708d580528c9e55c0,/Users/user/mobbin-sides/screen-flows/shop/070-shop-following-list-76e81968-7041-4b30-bc03-c6a582359126/003-71f71353-6b21-44dc-8250-cd30ffe96d60-downloadableSrc-9e486c90f275.webp
32c63ee7-7584-4226-9c54-de5856cbac70,Unfollowing a brand,1f1a3d5b-cb65-4c7e-af4b-e4cdf1c03e4d,Shop,3afc9907-97ef-486c-847c-3749b29b51b0,0,1,71f71353-6b21-44dc-8250-cd30ffe96d60,true,downloadableSrc,200,image/webp,44050,44050,9e486c90f2751c6fb10b1c5dbcbde7f5fd1870d6e834d2821548c96f1483cd71,1179,2676,,,bytescale.mobbin.com,f7a1807c1ac98ccf0eecf5078d61346ac9a94ca37a547f5708d580528c9e55c0,/Users/user/mobbin-sides/screen-flows/shop/071-shop-unfollowing-a-brand-32c63ee7-7584-4226-9c54-de5856cbac70/001-71f71353-6b21-44dc-8250-cd30ffe96d60-downloadableSrc-9e486c90f275.webp
32c63ee7-7584-4226-9c54-de5856cbac70,Unfollowing a brand,1f1a3d5b-cb65-4c7e-af4b-e4cdf1c03e4d,Shop,3afc9907-97ef-486c-847c-3749b29b51b0,1,2,3b3e9a96-15cb-4e78-93b4-2e4264946dc3,true,downloadableSrc,200,image/webp,44082,44082,01894cd5e030d10c9e12b65b706ab91b8b9d8af04b4eefd4a24be4d3ae938470,1179,2676,,,bytescale.mobbin.com,f7a1807c1ac98ccf0eecf5078d61346ac9a94ca37a547f5708d580528c9e55c0,/Users/user/mobbin-sides/screen-flows/shop/071-shop-unfollowing-a-brand-32c63ee7-7584-4226-9c54-de5856cbac70/002-3b3e9a96-15cb-4e78-93b4-2e4264946dc3-downloadableSrc-01894cd5e030.webp
32c63ee7-7584-4226-9c54-de5856cbac70,Unfollowing a brand,1f1a3d5b-cb65-4c7e-af4b-e4cdf1c03e4d,Shop,3afc9907-97ef-486c-847c-3749b29b51b0,2,3,cf3fe8fe-af3d-4b02-a624-3859032dac37,true,downloadableSrc,200,image/webp,38204,38204,c3d856616a59cb73a89b7a3f54a3e6a62326dd9a0a5404a1b44fc1000ac42c38,1179,2676,,,bytescale.mobbin.com,f7a1807c1ac98ccf0eecf5078d61346ac9a94ca37a547f5708d580528c9e55c0,/Users/user/mobbin-sides/screen-flows/shop/071-shop-unfollowing-a-brand-32c63ee7-7584-4226-9c54-de5856cbac70/003-cf3fe8fe-af3d-4b02-a624-3859032dac37-downloadableSrc-c3d856616a59.webp
cabdd99e-8e1e-4517-8537-1146de425c10,Setting up Shop Pay,1f1a3d5b-cb65-4c7e-af4b-e4cdf1c03e4d,Shop,3afc9907-97ef-486c-847c-3749b29b51b0,0,1,eadf81d5-5a38-4dee-8078-d56d6f41bee1,true,downloadableSrc,200,image/webp,75508,75508,170f4d66b8c7e81ec7ee3397325d94e4be5981e26e15521a3e53dfa599513aa2,1179,2676,,,bytescale.mobbin.com,f7a1807c1ac98ccf0eecf5078d61346ac9a94ca37a547f5708d580528c9e55c0,/Users/user/mobbin-sides/screen-flows/shop/072-shop-setting-up-shop-pay-cabdd99e-8e1e-4517-8537-1146de425c10/001-eadf81d5-5a38-4dee-8078-d56d6f41bee1-downloadableSrc-170f4d66b8c7.webp
cabdd99e-8e1e-4517-8537-1146de425c10,Setting up Shop Pay,1f1a3d5b-cb65-4c7e-af4b-e4cdf1c03e4d,Shop,3afc9907-97ef-486c-847c-3749b29b51b0,1,2,5ffd104c-55f9-4946-846b-0c9261e4b9e7,true,downloadableSrc,200,image/webp,77428,77428,bcdf75b001be409095b3b72c32ba2f7237782f24c0d47bb2171f998b4ee22e69,1179,2676,,,bytescale.mobbin.com,f7a1807c1ac98ccf0eecf5078d61346ac9a94ca37a547f5708d580528c9e55c0,/Users/user/mobbin-sides/screen-flows/shop/072-shop-setting-up-shop-pay-cabdd99e-8e1e-4517-8537-1146de425c10/002-5ffd104c-55f9-4946-846b-0c9261e4b9e7-downloadableSrc-bcdf75b001be.webp
cabdd99e-8e1e-4517-8537-1146de425c10,Setting up Shop Pay,1f1a3d5b-cb65-4c7e-af4b-e4cdf1c03e4d,Shop,3afc9907-97ef-486c-847c-3749b29b51b0,2,3,eb04e135-3e20-4c7c-8bb7-41606201de8e,true,downloadableSrc,200,image/webp,26676,26676,d94336f66ee9b0d637546c5ec62cf30c405e9dc0fe84488d42fa329f6cf9656b,1179,2676,,,bytescale.mobbin.com,f7a1807c1ac98ccf0eecf5078d61346ac9a94ca37a547f5708d580528c9e55c0,/Users/user/mobbin-sides/screen-flows/shop/072-shop-setting-up-shop-pay-cabdd99e-8e1e-4517-8537-1146de425c10/003-eb04e135-3e20-4c7c-8bb7-41606201de8e-downloadableSrc-d94336f66ee9.webp
cabdd99e-8e1e-4517-8537-1146de425c10,Setting up Shop Pay,1f1a3d5b-cb65-4c7e-af4b-e4cdf1c03e4d,Shop,3afc9907-97ef-486c-847c-3749b29b51b0,3,4,0ecf9cfa-cff5-4c15-a202-838401f477a8,true,downloadableSrc,200,image/webp,45690,45690,f70058e3bfa6a238c03e3340e3e954ba9aee8a37fe5ad07bcaf6aa94a7ecf608,1179,2676,,,bytescale.mobbin.com,f7a1807c1ac98ccf0eecf5078d61346ac9a94ca37a547f5708d580528c9e55c0,/Users/user/mobbin-sides/screen-flows/shop/072-shop-setting-up-shop-pay-cabdd99e-8e1e-4517-8537-1146de425c10/004-0ecf9cfa-cff5-4c15-a202-838401f477a8-downloadableSrc-f70058e3bfa6.webp
cabdd99e-8e1e-4517-8537-1146de425c10,Setting up Shop Pay,1f1a3d5b-cb65-4c7e-af4b-e4cdf1c03e4d,Shop,3afc9907-97ef-486c-847c-3749b29b51b0,4,5,c5b96a63-6e08-40c5-86fb-8464600759fa,true,downloadableSrc,200,image/webp,54608,54608,6977fe3e7fe58208ba74b9036394c8230dd86b96d79e8f41e95e523737f7a9dd,1179,2676,,,bytescale.mobbin.com,f7a1807c1ac98ccf0eecf5078d61346ac9a94ca37a547f5708d580528c9e55c0,/Users/user/mobbin-sides/screen-flows/shop/072-shop-setting-up-shop-pay-cabdd99e-8e1e-4517-8537-1146de425c10/005-c5b96a63-6e08-40c5-86fb-8464600759fa-downloadableSrc-6977fe3e7fe5.webp
cabdd99e-8e1e-4517-8537-1146de425c10,Setting up Shop Pay,1f1a3d5b-cb65-4c7e-af4b-e4cdf1c03e4d,Shop,3afc9907-97ef-486c-847c-3749b29b51b0,5,6,0b8e94ec-2c63-4826-9b7d-22ea998b98dd,true,downloadableSrc,200,image/webp,56058,56058,51778ce2345ce590e987c11cc8b12c36004578d2ed3f5a828024a0a10bfab5e6,1179,2676,,,bytescale.mobbin.com,f7a1807c1ac98ccf0eecf5078d61346ac9a94ca37a547f5708d580528c9e55c0,/Users/user/mobbin-sides/screen-flows/shop/072-shop-setting-up-shop-pay-cabdd99e-8e1e-4517-8537-1146de425c10/006-0b8e94ec-2c63-4826-9b7d-22ea998b98dd-downloadableSrc-51778ce2345c.webp
cabdd99e-8e1e-4517-8537-1146de425c10,Setting up Shop Pay,1f1a3d5b-cb65-4c7e-af4b-e4cdf1c03e4d,Shop,3afc9907-97ef-486c-847c-3749b29b51b0,6,7,67c28fb5-99ac-41ac-821b-32771f4cac1d,true,downloadableSrc,200,image/webp,41542,41542,1693b88761974d95efc9ac5a1f518f54f4da58069f634c374a9e6276cbea7d76,1179,2676,,,bytescale.mobbin.com,f7a1807c1ac98ccf0eecf5078d61346ac9a94ca37a547f5708d580528c9e55c0,/Users/user/mobbin-sides/screen-flows/shop/072-shop-setting-up-shop-pay-cabdd99e-8e1e-4517-8537-1146de425c10/007-67c28fb5-99ac-41ac-821b-32771f4cac1d-downloadableSrc-1693b8876197.webp
cabdd99e-8e1e-4517-8537-1146de425c10,Setting up Shop Pay,1f1a3d5b-cb65-4c7e-af4b-e4cdf1c03e4d,Shop,3afc9907-97ef-486c-847c-3749b29b51b0,7,8,6f68a0a4-feee-49e9-a41a-7e78a5609ca6,true,downloadableSrc,200,image/webp,87290,87290,d8c044672b64a46d6fc77e7386b30907dac1ddac1c86d70a051b76fc65ad5d3e,1179,2676,,,bytescale.mobbin.com,f7a1807c1ac98ccf0eecf5078d61346ac9a94ca37a547f5708d580528c9e55c0,/Users/user/mobbin-sides/screen-flows/shop/072-shop-setting-up-shop-pay-cabdd99e-8e1e-4517-8537-1146de425c10/008-6f68a0a4-feee-49e9-a41a-7e78a5609ca6-downloadableSrc-d8c044672b64.webp
cabdd99e-8e1e-4517-8537-1146de425c10,Setting up Shop Pay,1f1a3d5b-cb65-4c7e-af4b-e4cdf1c03e4d,Shop,3afc9907-97ef-486c-847c-3749b29b51b0,8,9,77466c07-dfdf-4c63-a512-84953d2a4418,true,downloadableSrc,200,image/webp,59620,59620,3a359da752e03352b5e52cb2e20dae8a315d80699e0d338fc3573debba6563e3,1179,2676,,,bytescale.mobbin.com,f7a1807c1ac98ccf0eecf5078d61346ac9a94ca37a547f5708d580528c9e55c0,/Users/user/mobbin-sides/screen-flows/shop/072-shop-setting-up-shop-pay-cabdd99e-8e1e-4517-8537-1146de425c10/009-77466c07-dfdf-4c63-a512-84953d2a4418-downloadableSrc-3a359da752e0.webp
cabdd99e-8e1e-4517-8537-1146de425c10,Setting up Shop Pay,1f1a3d5b-cb65-4c7e-af4b-e4cdf1c03e4d,Shop,3afc9907-97ef-486c-847c-3749b29b51b0,9,10,87917f14-e384-4cec-a13c-c3012a86a4b8,true,downloadableSrc,200,image/webp,69456,69456,640af967d0234eec4efdd320cde8faaa86b0df681f6ce3835098a29b693d8e20,1179,2676,,,bytescale.mobbin.com,f7a1807c1ac98ccf0eecf5078d61346ac9a94ca37a547f5708d580528c9e55c0,/Users/user/mobbin-sides/screen-flows/shop/072-shop-setting-up-shop-pay-cabdd99e-8e1e-4517-8537-1146de425c10/010-87917f14-e384-4cec-a13c-c3012a86a4b8-downloadableSrc-640af967d023.webp
cabdd99e-8e1e-4517-8537-1146de425c10,Setting up Shop Pay,1f1a3d5b-cb65-4c7e-af4b-e4cdf1c03e4d,Shop,3afc9907-97ef-486c-847c-3749b29b51b0,10,11,3fa9b433-3041-4882-8a90-a72ec1900d67,true,downloadableSrc,200,image/webp,75168,75168,4b3f6a0eb4e72f3a5e097ef6a461190bffb88e7f9ff8120a7f97c9598aba1aae,1179,2676,,,bytescale.mobbin.com,f7a1807c1ac98ccf0eecf5078d61346ac9a94ca37a547f5708d580528c9e55c0,/Users/user/mobbin-sides/screen-flows/shop/072-shop-setting-up-shop-pay-cabdd99e-8e1e-4517-8537-1146de425c10/011-3fa9b433-3041-4882-8a90-a72ec1900d67-downloadableSrc-4b3f6a0eb4e7.webp
cabdd99e-8e1e-4517-8537-1146de425c10,Setting up Shop Pay,1f1a3d5b-cb65-4c7e-af4b-e4cdf1c03e4d,Shop,3afc9907-97ef-486c-847c-3749b29b51b0,11,12,fa43c1e2-4795-4122-8b04-d7eae9dbe3b8,true,downloadableSrc,200,image/webp,85072,85072,63a1f0cacc8a21ad15a9743648edfbbe9ca4e442be80538623496bfaed5fdf07,1179,2676,,,bytescale.mobbin.com,f7a1807c1ac98ccf0eecf5078d61346ac9a94ca37a547f5708d580528c9e55c0,/Users/user/mobbin-sides/screen-flows/shop/072-shop-setting-up-shop-pay-cabdd99e-8e1e-4517-8537-1146de425c10/012-fa43c1e2-4795-4122-8b04-d7eae9dbe3b8-downloadableSrc-63a1f0cacc8a.webp
a1467ad6-828b-470c-abab-7c58c73f90e5,Recently viewed,1f1a3d5b-cb65-4c7e-af4b-e4cdf1c03e4d,Shop,3afc9907-97ef-486c-847c-3749b29b51b0,0,1,7a889305-343a-45ff-b91a-274b53b1721c,true,downloadableSrc,200,image/webp,131740,131740,54e3fadb44f1209eb1960a80a98416d023c59c0917fcb8abb885706c9251b134,1179,2676,,,bytescale.mobbin.com,f7a1807c1ac98ccf0eecf5078d61346ac9a94ca37a547f5708d580528c9e55c0,/Users/user/mobbin-sides/screen-flows/shop/073-shop-recently-viewed-a1467ad6-828b-470c-abab-7c58c73f90e5/001-7a889305-343a-45ff-b91a-274b53b1721c-downloadableSrc-54e3fadb44f1.webp
a1467ad6-828b-470c-abab-7c58c73f90e5,Recently viewed,1f1a3d5b-cb65-4c7e-af4b-e4cdf1c03e4d,Shop,3afc9907-97ef-486c-847c-3749b29b51b0,1,2,d5c439a7-1a98-4dcf-a726-16040bc42503,true,downloadableSrc,200,image/webp,48356,48356,116ffa9d3e90a943da1863efaf247550555bdd88da5e0bc89333cc8bbd4f1121,1179,2676,,,bytescale.mobbin.com,f7a1807c1ac98ccf0eecf5078d61346ac9a94ca37a547f5708d580528c9e55c0,/Users/user/mobbin-sides/screen-flows/shop/073-shop-recently-viewed-a1467ad6-828b-470c-abab-7c58c73f90e5/002-d5c439a7-1a98-4dcf-a726-16040bc42503-downloadableSrc-116ffa9d3e90.webp
a1467ad6-828b-470c-abab-7c58c73f90e5,Recently viewed,1f1a3d5b-cb65-4c7e-af4b-e4cdf1c03e4d,Shop,3afc9907-97ef-486c-847c-3749b29b51b0,2,3,42cdd05b-719a-41c6-87dc-8dcc322ec34e,true,downloadableSrc,200,image/webp,189836,189836,7a814883e21cb12c492c26455a3a3234dbcf2660a77469b6910a952310260929,1179,2676,,,bytescale.mobbin.com,f7a1807c1ac98ccf0eecf5078d61346ac9a94ca37a547f5708d580528c9e55c0,/Users/user/mobbin-sides/screen-flows/shop/073-shop-recently-viewed-a1467ad6-828b-470c-abab-7c58c73f90e5/003-42cdd05b-719a-41c6-87dc-8dcc322ec34e-downloadableSrc-7a814883e21c.webp
0e9b13f8-f230-4bfc-be27-53e6e8d6cb58,Removing a shop,1f1a3d5b-cb65-4c7e-af4b-e4cdf1c03e4d,Shop,3afc9907-97ef-486c-847c-3749b29b51b0,0,1,42cdd05b-719a-41c6-87dc-8dcc322ec34e,true,downloadableSrc,200,image/webp,189836,189836,7a814883e21cb12c492c26455a3a3234dbcf2660a77469b6910a952310260929,1179,2676,,,bytescale.mobbin.com,f7a1807c1ac98ccf0eecf5078d61346ac9a94ca37a547f5708d580528c9e55c0,/Users/user/mobbin-sides/screen-flows/shop/074-shop-removing-a-shop-0e9b13f8-f230-4bfc-be27-53e6e8d6cb58/001-42cdd05b-719a-41c6-87dc-8dcc322ec34e-downloadableSrc-7a814883e21c.webp
0e9b13f8-f230-4bfc-be27-53e6e8d6cb58,Removing a shop,1f1a3d5b-cb65-4c7e-af4b-e4cdf1c03e4d,Shop,3afc9907-97ef-486c-847c-3749b29b51b0,1,2,e09ba1ed-71b2-4997-947d-bb8b31fa9722,true,downloadableSrc,200,image/webp,187762,187762,540f1ba792c7c43c972434c6677425e59da8961c5b7f8227da86e920170afa08,1179,2676,,,bytescale.mobbin.com,f7a1807c1ac98ccf0eecf5078d61346ac9a94ca37a547f5708d580528c9e55c0,/Users/user/mobbin-sides/screen-flows/shop/074-shop-removing-a-shop-0e9b13f8-f230-4bfc-be27-53e6e8d6cb58/002-e09ba1ed-71b2-4997-947d-bb8b31fa9722-downloadableSrc-540f1ba792c7.webp
4cb10b66-5d2a-43d6-a938-131e76ce679f,Adding a card,1f1a3d5b-cb65-4c7e-af4b-e4cdf1c03e4d,Shop,3afc9907-97ef-486c-847c-3749b29b51b0,0,1,7a889305-343a-45ff-b91a-274b53b1721c,true,downloadableSrc,200,image/webp,131740,131740,54e3fadb44f1209eb1960a80a98416d023c59c0917fcb8abb885706c9251b134,1179,2676,,,bytescale.mobbin.com,f7a1807c1ac98ccf0eecf5078d61346ac9a94ca37a547f5708d580528c9e55c0,/Users/user/mobbin-sides/screen-flows/shop/075-shop-adding-a-card-4cb10b66-5d2a-43d6-a938-131e76ce679f/001-7a889305-343a-45ff-b91a-274b53b1721c-downloadableSrc-54e3fadb44f1.webp
4cb10b66-5d2a-43d6-a938-131e76ce679f,Adding a card,1f1a3d5b-cb65-4c7e-af4b-e4cdf1c03e4d,Shop,3afc9907-97ef-486c-847c-3749b29b51b0,1,2,71a87a43-ff35-44a7-ad54-bb9e8d08ec0b,true,downloadableSrc,200,image/webp,58848,58848,939f70ae2e9817069c04c6a2ba2f719a45fcf4d8db564671754fe1cbf2415641,1179,2676,,,bytescale.mobbin.com,f7a1807c1ac98ccf0eecf5078d61346ac9a94ca37a547f5708d580528c9e55c0,/Users/user/mobbin-sides/screen-flows/shop/075-shop-adding-a-card-4cb10b66-5d2a-43d6-a938-131e76ce679f/002-71a87a43-ff35-44a7-ad54-bb9e8d08ec0b-downloadableSrc-939f70ae2e98.webp
4cb10b66-5d2a-43d6-a938-131e76ce679f,Adding a card,1f1a3d5b-cb65-4c7e-af4b-e4cdf1c03e4d,Shop,3afc9907-97ef-486c-847c-3749b29b51b0,2,3,f31c7fe7-867a-4086-8550-f9bd34bddaa2,true,downloadableSrc,200,image/webp,64324,64324,9f19d4af06dd2a1ac0d8810dced9eb5c7fefbe5acf3926dbd6f9c77022db5ce4,1179,2676,,,bytescale.mobbin.com,f7a1807c1ac98ccf0eecf5078d61346ac9a94ca37a547f5708d580528c9e55c0,/Users/user/mobbin-sides/screen-flows/shop/075-shop-adding-a-card-4cb10b66-5d2a-43d6-a938-131e76ce679f/003-f31c7fe7-867a-4086-8550-f9bd34bddaa2-downloadableSrc-9f19d4af06dd.webp
4cb10b66-5d2a-43d6-a938-131e76ce679f,Adding a card,1f1a3d5b-cb65-4c7e-af4b-e4cdf1c03e4d,Shop,3afc9907-97ef-486c-847c-3749b29b51b0,3,4,bf985ebc-1a38-423c-a40f-bc9bcc215e62,true,downloadableSrc,200,image/webp,66404,66404,3e79c4ebcd2802b426eb1aa1c9027df62a1d2c980510b2324f96f97fd26a0a9a,1179,2676,,,bytescale.mobbin.com,f7a1807c1ac98ccf0eecf5078d61346ac9a94ca37a547f5708d580528c9e55c0,/Users/user/mobbin-sides/screen-flows/shop/075-shop-adding-a-card-4cb10b66-5d2a-43d6-a938-131e76ce679f/004-bf985ebc-1a38-423c-a40f-bc9bcc215e62-downloadableSrc-3e79c4ebcd28.webp
4cb10b66-5d2a-43d6-a938-131e76ce679f,Adding a card,1f1a3d5b-cb65-4c7e-af4b-e4cdf1c03e4d,Shop,3afc9907-97ef-486c-847c-3749b29b51b0,4,5,fdf433ba-d199-4d8b-affa-1ff7ef4b8b76,true,downloadableSrc,200,image/webp,86482,86482,e0cb8170bac7cc6a5e5cd85a42ce45b39b259a14715762227d55617eadb435c8,1179,2676,,,bytescale.mobbin.com,f7a1807c1ac98ccf0eecf5078d61346ac9a94ca37a547f5708d580528c9e55c0,/Users/user/mobbin-sides/screen-flows/shop/075-shop-adding-a-card-4cb10b66-5d2a-43d6-a938-131e76ce679f/005-fdf433ba-d199-4d8b-affa-1ff7ef4b8b76-downloadableSrc-e0cb8170bac7.webp
4cb10b66-5d2a-43d6-a938-131e76ce679f,Adding a card,1f1a3d5b-cb65-4c7e-af4b-e4cdf1c03e4d,Shop,3afc9907-97ef-486c-847c-3749b29b51b0,5,6,6ea6f567-f732-4895-ab35-7a80dacd4a58,true,downloadableSrc,200,image/webp,68022,68022,cce4b5a1b6c897d34001555fd950da97054836bf470f860ad3aa34b3e5cfa0eb,1179,2676,,,bytescale.mobbin.com,f7a1807c1ac98ccf0eecf5078d61346ac9a94ca37a547f5708d580528c9e55c0,/Users/user/mobbin-sides/screen-flows/shop/075-shop-adding-a-card-4cb10b66-5d2a-43d6-a938-131e76ce679f/006-6ea6f567-f732-4895-ab35-7a80dacd4a58-downloadableSrc-cce4b5a1b6c8.webp
4cb10b66-5d2a-43d6-a938-131e76ce679f,Adding a card,1f1a3d5b-cb65-4c7e-af4b-e4cdf1c03e4d,Shop,3afc9907-97ef-486c-847c-3749b29b51b0,6,7,d9e1bd89-ebf2-49af-8ba6-26edef3f1beb,true,downloadableSrc,200,image/webp,157392,157392,41b32cfa082b0c487fec347f88d0702345e29094d583b06e913f0a1d95eadea4,1179,2676,,,bytescale.mobbin.com,f7a1807c1ac98ccf0eecf5078d61346ac9a94ca37a547f5708d580528c9e55c0,/Users/user/mobbin-sides/screen-flows/shop/075-shop-adding-a-card-4cb10b66-5d2a-43d6-a938-131e76ce679f/007-d9e1bd89-ebf2-49af-8ba6-26edef3f1beb-downloadableSrc-41b32cfa082b.webp
58517936-3591-40a5-8e5e-b36ccbe7ca77,Card detail,1f1a3d5b-cb65-4c7e-af4b-e4cdf1c03e4d,Shop,3afc9907-97ef-486c-847c-3749b29b51b0,0,1,7a889305-343a-45ff-b91a-274b53b1721c,true,downloadableSrc,200,image/webp,131740,131740,54e3fadb44f1209eb1960a80a98416d023c59c0917fcb8abb885706c9251b134,1179,2676,,,bytescale.mobbin.com,f7a1807c1ac98ccf0eecf5078d61346ac9a94ca37a547f5708d580528c9e55c0,/Users/user/mobbin-sides/screen-flows/shop/076-shop-card-detail-58517936-3591-40a5-8e5e-b36ccbe7ca77/001-7a889305-343a-45ff-b91a-274b53b1721c-downloadableSrc-54e3fadb44f1.webp
58517936-3591-40a5-8e5e-b36ccbe7ca77,Card detail,1f1a3d5b-cb65-4c7e-af4b-e4cdf1c03e4d,Shop,3afc9907-97ef-486c-847c-3749b29b51b0,1,2,a3d34c33-d439-4149-9cb9-0c2c51bf2276,true,downloadableSrc,200,image/webp,102176,102176,c92cbc06af366456a6931886167af6193eb44a9cc5ec08f671ad49d8a89dcdbc,1180,2676,,,bytescale.mobbin.com,f7a1807c1ac98ccf0eecf5078d61346ac9a94ca37a547f5708d580528c9e55c0,/Users/user/mobbin-sides/screen-flows/shop/076-shop-card-detail-58517936-3591-40a5-8e5e-b36ccbe7ca77/002-a3d34c33-d439-4149-9cb9-0c2c51bf2276-downloadableSrc-c92cbc06af36.webp
e98da35e-5cfd-4a5e-bb54-7fadfd29401c,Editing profile picture,1f1a3d5b-cb65-4c7e-af4b-e4cdf1c03e4d,Shop,3afc9907-97ef-486c-847c-3749b29b51b0,0,1,dce37cf4-a248-4972-bf80-7f1a2886a4c1,true,downloadableSrc,200,image/webp,75324,75324,fcfa43cfca9f88dce6fc485b76f83dd292d5ea9b8ae4eff48b28f2f57a03d2ea,1180,2676,,,bytescale.mobbin.com,f7a1807c1ac98ccf0eecf5078d61346ac9a94ca37a547f5708d580528c9e55c0,/Users/user/mobbin-sides/screen-flows/shop/077-shop-editing-profile-picture-e98da35e-5cfd-4a5e-bb54-7fadfd29401c/001-dce37cf4-a248-4972-bf80-7f1a2886a4c1-downloadableSrc-fcfa43cfca9f.webp
e98da35e-5cfd-4a5e-bb54-7fadfd29401c,Editing profile picture,1f1a3d5b-cb65-4c7e-af4b-e4cdf1c03e4d,Shop,3afc9907-97ef-486c-847c-3749b29b51b0,1,2,54fa9844-155f-406c-b894-17d3285ef04d,true,downloadableSrc,200,image/webp,70528,70528,3535b009bd78f04ec336b9e275e7288eb8b8eab24130b0f4c645efd7b9a96243,1180,2676,,,bytescale.mobbin.com,f7a1807c1ac98ccf0eecf5078d61346ac9a94ca37a547f5708d580528c9e55c0,/Users/user/mobbin-sides/screen-flows/shop/077-shop-editing-profile-picture-e98da35e-5cfd-4a5e-bb54-7fadfd29401c/002-54fa9844-155f-406c-b894-17d3285ef04d-downloadableSrc-3535b009bd78.webp
e98da35e-5cfd-4a5e-bb54-7fadfd29401c,Editing profile picture,1f1a3d5b-cb65-4c7e-af4b-e4cdf1c03e4d,Shop,3afc9907-97ef-486c-847c-3749b29b51b0,2,3,1a898028-cbae-4d04-9af4-97d3438aa1c8,true,downloadableSrc,200,image/webp,43120,43120,9ab10042ed8aa4a9e42ca3ab64db17741917540745afb24276e36c5dfa4c82cc,1180,2676,,,bytescale.mobbin.com,f7a1807c1ac98ccf0eecf5078d61346ac9a94ca37a547f5708d580528c9e55c0,/Users/user/mobbin-sides/screen-flows/shop/077-shop-editing-profile-picture-e98da35e-5cfd-4a5e-bb54-7fadfd29401c/003-1a898028-cbae-4d04-9af4-97d3438aa1c8-downloadableSrc-9ab10042ed8a.webp
e98da35e-5cfd-4a5e-bb54-7fadfd29401c,Editing profile picture,1f1a3d5b-cb65-4c7e-af4b-e4cdf1c03e4d,Shop,3afc9907-97ef-486c-847c-3749b29b51b0,3,4,36e7ca02-5fcb-48ef-b89f-d6327cd258ee,true,downloadableSrc,200,image/webp,25696,25696,df821b8f26dae958f7711415745f0d1d192eabf1c5f022a596b4b89ac0dc0834,1180,2676,,,bytescale.mobbin.com,f7a1807c1ac98ccf0eecf5078d61346ac9a94ca37a547f5708d580528c9e55c0,/Users/user/mobbin-sides/screen-flows/shop/077-shop-editing-profile-picture-e98da35e-5cfd-4a5e-bb54-7fadfd29401c/004-36e7ca02-5fcb-48ef-b89f-d6327cd258ee-downloadableSrc-df821b8f26da.webp
e98da35e-5cfd-4a5e-bb54-7fadfd29401c,Editing profile picture,1f1a3d5b-cb65-4c7e-af4b-e4cdf1c03e4d,Shop,3afc9907-97ef-486c-847c-3749b29b51b0,4,5,9bfdb45a-0852-4c7d-9420-72fa271696c6,true,downloadableSrc,200,image/webp,80026,80026,d70b8fe953f8152f5cff6e211a63b22290ba098a8546d7b1e312379fbf118ff7,1180,2676,,,bytescale.mobbin.com,f7a1807c1ac98ccf0eecf5078d61346ac9a94ca37a547f5708d580528c9e55c0,/Users/user/mobbin-sides/screen-flows/shop/077-shop-editing-profile-picture-e98da35e-5cfd-4a5e-bb54-7fadfd29401c/005-9bfdb45a-0852-4c7d-9420-72fa271696c6-downloadableSrc-d70b8fe953f8.webp
e98da35e-5cfd-4a5e-bb54-7fadfd29401c,Editing profile picture,1f1a3d5b-cb65-4c7e-af4b-e4cdf1c03e4d,Shop,3afc9907-97ef-486c-847c-3749b29b51b0,5,6,81eba9fa-3a9a-45cb-a5ab-723a0349c93b,true,downloadableSrc,200,image/webp,79736,79736,081133b5cf6dbcca39503dd5f2d8bfede2fa27d8fdfba9a61290b5c4d028c1cb,1180,2676,,,bytescale.mobbin.com,f7a1807c1ac98ccf0eecf5078d61346ac9a94ca37a547f5708d580528c9e55c0,/Users/user/mobbin-sides/screen-flows/shop/077-shop-editing-profile-picture-e98da35e-5cfd-4a5e-bb54-7fadfd29401c/006-81eba9fa-3a9a-45cb-a5ab-723a0349c93b-downloadableSrc-081133b5cf6d.webp
bdd13ff8-82ab-420f-b690-46a4963bb9b8,Editing display name,1f1a3d5b-cb65-4c7e-af4b-e4cdf1c03e4d,Shop,3afc9907-97ef-486c-847c-3749b29b51b0,0,1,dce37cf4-a248-4972-bf80-7f1a2886a4c1,true,downloadableSrc,200,image/webp,75324,75324,fcfa43cfca9f88dce6fc485b76f83dd292d5ea9b8ae4eff48b28f2f57a03d2ea,1180,2676,,,bytescale.mobbin.com,f7a1807c1ac98ccf0eecf5078d61346ac9a94ca37a547f5708d580528c9e55c0,/Users/user/mobbin-sides/screen-flows/shop/078-shop-editing-display-name-bdd13ff8-82ab-420f-b690-46a4963bb9b8/001-dce37cf4-a248-4972-bf80-7f1a2886a4c1-downloadableSrc-fcfa43cfca9f.webp
bdd13ff8-82ab-420f-b690-46a4963bb9b8,Editing display name,1f1a3d5b-cb65-4c7e-af4b-e4cdf1c03e4d,Shop,3afc9907-97ef-486c-847c-3749b29b51b0,1,2,a91dc5f9-9e2d-45ba-9948-e382ad5d8f53,true,downloadableSrc,200,image/webp,67416,67416,f89442c1ae8d2bd2be932c75142b9185e8f271313fe5a7686eddf6781ce4e468,1180,2676,,,bytescale.mobbin.com,f7a1807c1ac98ccf0eecf5078d61346ac9a94ca37a547f5708d580528c9e55c0,/Users/user/mobbin-sides/screen-flows/shop/078-shop-editing-display-name-bdd13ff8-82ab-420f-b690-46a4963bb9b8/002-a91dc5f9-9e2d-45ba-9948-e382ad5d8f53-downloadableSrc-f89442c1ae8d.webp
bdd13ff8-82ab-420f-b690-46a4963bb9b8,Editing display name,1f1a3d5b-cb65-4c7e-af4b-e4cdf1c03e4d,Shop,3afc9907-97ef-486c-847c-3749b29b51b0,2,3,119c1675-9d84-4ab9-ab9e-255963718032,true,downloadableSrc,200,image/webp,69804,69804,8f7cd41e4becd221ecfb22fdb42af05aba3dac34e0679355ce9d1fd5ca9110e6,1180,2676,,,bytescale.mobbin.com,f7a1807c1ac98ccf0eecf5078d61346ac9a94ca37a547f5708d580528c9e55c0,/Users/user/mobbin-sides/screen-flows/shop/078-shop-editing-display-name-bdd13ff8-82ab-420f-b690-46a4963bb9b8/003-119c1675-9d84-4ab9-ab9e-255963718032-downloadableSrc-8f7cd41e4bec.webp
bdd13ff8-82ab-420f-b690-46a4963bb9b8,Editing display name,1f1a3d5b-cb65-4c7e-af4b-e4cdf1c03e4d,Shop,3afc9907-97ef-486c-847c-3749b29b51b0,3,4,4552580a-d23f-425f-bae4-85687d334901,true,downloadableSrc,200,image/webp,75298,75298,9e67b099e82817142a4f46a9c580c7b51e4a0001a3fc1143b03a225801e3bdb8,1180,2676,,,bytescale.mobbin.com,f7a1807c1ac98ccf0eecf5078d61346ac9a94ca37a547f5708d580528c9e55c0,/Users/user/mobbin-sides/screen-flows/shop/078-shop-editing-display-name-bdd13ff8-82ab-420f-b690-46a4963bb9b8/004-4552580a-d23f-425f-bae4-85687d334901-downloadableSrc-9e67b099e828.webp
e4bca296-8784-4550-b57a-72873b64d192,Settings,1f1a3d5b-cb65-4c7e-af4b-e4cdf1c03e4d,Shop,3afc9907-97ef-486c-847c-3749b29b51b0,0,1,dce37cf4-a248-4972-bf80-7f1a2886a4c1,true,downloadableSrc,200,image/webp,75324,75324,fcfa43cfca9f88dce6fc485b76f83dd292d5ea9b8ae4eff48b28f2f57a03d2ea,1180,2676,,,bytescale.mobbin.com,f7a1807c1ac98ccf0eecf5078d61346ac9a94ca37a547f5708d580528c9e55c0,/Users/user/mobbin-sides/screen-flows/shop/079-shop-settings-e4bca296-8784-4550-b57a-72873b64d192/001-dce37cf4-a248-4972-bf80-7f1a2886a4c1-downloadableSrc-fcfa43cfca9f.webp
e4bca296-8784-4550-b57a-72873b64d192,Settings,1f1a3d5b-cb65-4c7e-af4b-e4cdf1c03e4d,Shop,3afc9907-97ef-486c-847c-3749b29b51b0,1,2,cee59c5d-be0c-41df-b52b-6b91da9f4366,true,downloadableSrc,200,image/webp,49654,49654,fd72776f73f203294f1bc0697a7f1a7cd6c5093f0c27fd809ad234bc0adc58d7,1180,2676,,,bytescale.mobbin.com,f7a1807c1ac98ccf0eecf5078d61346ac9a94ca37a547f5708d580528c9e55c0,/Users/user/mobbin-sides/screen-flows/shop/079-shop-settings-e4bca296-8784-4550-b57a-72873b64d192/002-cee59c5d-be0c-41df-b52b-6b91da9f4366-downloadableSrc-fd72776f73f2.webp
0d3e4937-9feb-4c22-a809-58cb143463d9,Customizing notification settings,1f1a3d5b-cb65-4c7e-af4b-e4cdf1c03e4d,Shop,3afc9907-97ef-486c-847c-3749b29b51b0,0,1,cee59c5d-be0c-41df-b52b-6b91da9f4366,true,downloadableSrc,200,image/webp,49654,49654,fd72776f73f203294f1bc0697a7f1a7cd6c5093f0c27fd809ad234bc0adc58d7,1180,2676,,,bytescale.mobbin.com,f7a1807c1ac98ccf0eecf5078d61346ac9a94ca37a547f5708d580528c9e55c0,/Users/user/mobbin-sides/screen-flows/shop/080-shop-customizing-notification-settings-0d3e4937-9feb-4c22-a809-58cb143463d9/001-cee59c5d-be0c-41df-b52b-6b91da9f4366-downloadableSrc-fd72776f73f2.webp
0d3e4937-9feb-4c22-a809-58cb143463d9,Customizing notification settings,1f1a3d5b-cb65-4c7e-af4b-e4cdf1c03e4d,Shop,3afc9907-97ef-486c-847c-3749b29b51b0,1,2,38b495ee-162c-41fd-9648-89da9f11c3e0,true,downloadableSrc,200,image/webp,108344,108344,8a8d61030a2b54474fd1dbb1f377b7a34c7e248f28e7f5a989411453e3277bf4,1180,2676,,,bytescale.mobbin.com,f7a1807c1ac98ccf0eecf5078d61346ac9a94ca37a547f5708d580528c9e55c0,/Users/user/mobbin-sides/screen-flows/shop/080-shop-customizing-notification-settings-0d3e4937-9feb-4c22-a809-58cb143463d9/002-38b495ee-162c-41fd-9648-89da9f11c3e0-downloadableSrc-8a8d61030a2b.webp
0d3e4937-9feb-4c22-a809-58cb143463d9,Customizing notification settings,1f1a3d5b-cb65-4c7e-af4b-e4cdf1c03e4d,Shop,3afc9907-97ef-486c-847c-3749b29b51b0,2,3,49f858d9-b44f-4673-9ff7-2492f0ac1dd8,true,downloadableSrc,200,image/webp,109606,109606,b90f4b42b8b99eb45d6cb9fb24c6b16e6a890e92e5ed5b8bfd7857522bfbb1a6,1180,2676,,,bytescale.mobbin.com,f7a1807c1ac98ccf0eecf5078d61346ac9a94ca37a547f5708d580528c9e55c0,/Users/user/mobbin-sides/screen-flows/shop/080-shop-customizing-notification-settings-0d3e4937-9feb-4c22-a809-58cb143463d9/003-49f858d9-b44f-4673-9ff7-2492f0ac1dd8-downloadableSrc-b90f4b42b8b9.webp
414c126f-ce07-48f5-b423-00446809f0a6,Connect to Gmail,1f1a3d5b-cb65-4c7e-af4b-e4cdf1c03e4d,Shop,3afc9907-97ef-486c-847c-3749b29b51b0,0,1,cee59c5d-be0c-41df-b52b-6b91da9f4366,true,downloadableSrc,200,image/webp,49654,49654,fd72776f73f203294f1bc0697a7f1a7cd6c5093f0c27fd809ad234bc0adc58d7,1180,2676,,,bytescale.mobbin.com,f7a1807c1ac98ccf0eecf5078d61346ac9a94ca37a547f5708d580528c9e55c0,/Users/user/mobbin-sides/screen-flows/shop/081-shop-connect-to-gmail-414c126f-ce07-48f5-b423-00446809f0a6/001-cee59c5d-be0c-41df-b52b-6b91da9f4366-downloadableSrc-fd72776f73f2.webp
414c126f-ce07-48f5-b423-00446809f0a6,Connect to Gmail,1f1a3d5b-cb65-4c7e-af4b-e4cdf1c03e4d,Shop,3afc9907-97ef-486c-847c-3749b29b51b0,1,2,3cdee595-4b7d-4688-b904-00cc33d89821,true,downloadableSrc,200,image/webp,79570,79570,f51e821ac72daa0ebc0ba948a06dc5cf68df63b2eea90f8263cadc4d8247e782,1180,2676,,,bytescale.mobbin.com,f7a1807c1ac98ccf0eecf5078d61346ac9a94ca37a547f5708d580528c9e55c0,/Users/user/mobbin-sides/screen-flows/shop/081-shop-connect-to-gmail-414c126f-ce07-48f5-b423-00446809f0a6/002-3cdee595-4b7d-4688-b904-00cc33d89821-downloadableSrc-f51e821ac72d.webp
1afdf6d8-a30a-4626-8656-ffe93a21bcaf,Data and privacy,1f1a3d5b-cb65-4c7e-af4b-e4cdf1c03e4d,Shop,3afc9907-97ef-486c-847c-3749b29b51b0,0,1,cee59c5d-be0c-41df-b52b-6b91da9f4366,true,downloadableSrc,200,image/webp,49654,49654,fd72776f73f203294f1bc0697a7f1a7cd6c5093f0c27fd809ad234bc0adc58d7,1180,2676,,,bytescale.mobbin.com,f7a1807c1ac98ccf0eecf5078d61346ac9a94ca37a547f5708d580528c9e55c0,/Users/user/mobbin-sides/screen-flows/shop/082-shop-data-and-privacy-1afdf6d8-a30a-4626-8656-ffe93a21bcaf/001-cee59c5d-be0c-41df-b52b-6b91da9f4366-downloadableSrc-fd72776f73f2.webp
1afdf6d8-a30a-4626-8656-ffe93a21bcaf,Data and privacy,1f1a3d5b-cb65-4c7e-af4b-e4cdf1c03e4d,Shop,3afc9907-97ef-486c-847c-3749b29b51b0,1,2,bb188909-ffe8-40de-bed9-8770a8773105,true,downloadableSrc,200,image/webp,85920,85920,9612769262e1e60c2bc6e1b002ccfc0f10c06a494a2984a6b68b980b1f924f81,1180,2676,,,bytescale.mobbin.com,f7a1807c1ac98ccf0eecf5078d61346ac9a94ca37a547f5708d580528c9e55c0,/Users/user/mobbin-sides/screen-flows/shop/082-shop-data-and-privacy-1afdf6d8-a30a-4626-8656-ffe93a21bcaf/002-bb188909-ffe8-40de-bed9-8770a8773105-downloadableSrc-9612769262e1.webp
154737a1-ab3d-4188-90e9-1a044dced67e,Enabling notifications,1f1a3d5b-cb65-4c7e-af4b-e4cdf1c03e4d,Shop,3afc9907-97ef-486c-847c-3749b29b51b0,0,1,cee59c5d-be0c-41df-b52b-6b91da9f4366,true,downloadableSrc,200,image/webp,49654,49654,fd72776f73f203294f1bc0697a7f1a7cd6c5093f0c27fd809ad234bc0adc58d7,1180,2676,,,bytescale.mobbin.com,f7a1807c1ac98ccf0eecf5078d61346ac9a94ca37a547f5708d580528c9e55c0,/Users/user/mobbin-sides/screen-flows/shop/083-shop-enabling-notifications-154737a1-ab3d-4188-90e9-1a044dced67e/001-cee59c5d-be0c-41df-b52b-6b91da9f4366-downloadableSrc-fd72776f73f2.webp
154737a1-ab3d-4188-90e9-1a044dced67e,Enabling notifications,1f1a3d5b-cb65-4c7e-af4b-e4cdf1c03e4d,Shop,3afc9907-97ef-486c-847c-3749b29b51b0,1,2,d876f52f-0745-4d17-9c38-482d081f8028,true,downloadableSrc,200,image/webp,27330,27330,10cf7ddad76cb115082858e805600e4eb8fbb793a9043f9fe202b939ba68e694,1180,2676,,,bytescale.mobbin.com,f7a1807c1ac98ccf0eecf5078d61346ac9a94ca37a547f5708d580528c9e55c0,/Users/user/mobbin-sides/screen-flows/shop/083-shop-enabling-notifications-154737a1-ab3d-4188-90e9-1a044dced67e/002-d876f52f-0745-4d17-9c38-482d081f8028-downloadableSrc-10cf7ddad76c.webp
154737a1-ab3d-4188-90e9-1a044dced67e,Enabling notifications,1f1a3d5b-cb65-4c7e-af4b-e4cdf1c03e4d,Shop,3afc9907-97ef-486c-847c-3749b29b51b0,2,3,44049108-519b-47d0-bb22-5ae5be0aae9d,true,downloadableSrc,200,image/webp,46338,46338,39b8c4db214f3dd68e1ab557a9f77f22fc9cacac2335e5be2718d1da7bbf6434,1180,2676,,,bytescale.mobbin.com,f7a1807c1ac98ccf0eecf5078d61346ac9a94ca37a547f5708d580528c9e55c0,/Users/user/mobbin-sides/screen-flows/shop/083-shop-enabling-notifications-154737a1-ab3d-4188-90e9-1a044dced67e/003-44049108-519b-47d0-bb22-5ae5be0aae9d-downloadableSrc-39b8c4db214f.webp
b1e61311-2519-4e03-a934-e88bcd950158,Logging out,1f1a3d5b-cb65-4c7e-af4b-e4cdf1c03e4d,Shop,3afc9907-97ef-486c-847c-3749b29b51b0,0,1,cee59c5d-be0c-41df-b52b-6b91da9f4366,true,downloadableSrc,200,image/webp,49654,49654,fd72776f73f203294f1bc0697a7f1a7cd6c5093f0c27fd809ad234bc0adc58d7,1180,2676,,,bytescale.mobbin.com,f7a1807c1ac98ccf0eecf5078d61346ac9a94ca37a547f5708d580528c9e55c0,/Users/user/mobbin-sides/screen-flows/shop/084-shop-logging-out-b1e61311-2519-4e03-a934-e88bcd950158/001-cee59c5d-be0c-41df-b52b-6b91da9f4366-downloadableSrc-fd72776f73f2.webp
b1e61311-2519-4e03-a934-e88bcd950158,Logging out,1f1a3d5b-cb65-4c7e-af4b-e4cdf1c03e4d,Shop,3afc9907-97ef-486c-847c-3749b29b51b0,1,2,7ecf95c4-e0b5-4e9a-ba76-66ffcc90de19,true,downloadableSrc,200,image/webp,55654,55654,cc855616eaabe56d06ce3abb2b9ae771977a7d860b2adc3d38ac5de446e7389c,1180,2676,,,bytescale.mobbin.com,f7a1807c1ac98ccf0eecf5078d61346ac9a94ca37a547f5708d580528c9e55c0,/Users/user/mobbin-sides/screen-flows/shop/084-shop-logging-out-b1e61311-2519-4e03-a934-e88bcd950158/002-7ecf95c4-e0b5-4e9a-ba76-66ffcc90de19-downloadableSrc-cc855616eaab.webp
b1e61311-2519-4e03-a934-e88bcd950158,Logging out,1f1a3d5b-cb65-4c7e-af4b-e4cdf1c03e4d,Shop,3afc9907-97ef-486c-847c-3749b29b51b0,2,3,1355fa41-c93b-4a47-9d73-0e8c1a5fe305,true,downloadableSrc,200,image/webp,81480,81480,ef01fad783bb05d78e87ae4902b48fecb6d30d5e559a45cfd4164ec0f94a2650,1180,2676,,,bytescale.mobbin.com,f7a1807c1ac98ccf0eecf5078d61346ac9a94ca37a547f5708d580528c9e55c0,/Users/user/mobbin-sides/screen-flows/shop/084-shop-logging-out-b1e61311-2519-4e03-a934-e88bcd950158/003-1355fa41-c93b-4a47-9d73-0e8c1a5fe305-downloadableSrc-ef01fad783bb.webp
34c42cb2-a86f-43c0-a56b-25e51fbbda6a,Logging in,1f1a3d5b-cb65-4c7e-af4b-e4cdf1c03e4d,Shop,3afc9907-97ef-486c-847c-3749b29b51b0,0,1,1355fa41-c93b-4a47-9d73-0e8c1a5fe305,true,downloadableSrc,200,image/webp,81480,81480,ef01fad783bb05d78e87ae4902b48fecb6d30d5e559a45cfd4164ec0f94a2650,1180,2676,,,bytescale.mobbin.com,f7a1807c1ac98ccf0eecf5078d61346ac9a94ca37a547f5708d580528c9e55c0,/Users/user/mobbin-sides/screen-flows/shop/085-shop-logging-in-34c42cb2-a86f-43c0-a56b-25e51fbbda6a/001-1355fa41-c93b-4a47-9d73-0e8c1a5fe305-downloadableSrc-ef01fad783bb.webp
34c42cb2-a86f-43c0-a56b-25e51fbbda6a,Logging in,1f1a3d5b-cb65-4c7e-af4b-e4cdf1c03e4d,Shop,3afc9907-97ef-486c-847c-3749b29b51b0,1,2,e3dc71cd-0d58-42ac-a352-3329ad7c3d76,true,downloadableSrc,200,image/webp,32384,32384,9dd0f49f82c0277201cb2689f983d7166e30b8a340d0716805349e2513b46698,1180,2676,,,bytescale.mobbin.com,f7a1807c1ac98ccf0eecf5078d61346ac9a94ca37a547f5708d580528c9e55c0,/Users/user/mobbin-sides/screen-flows/shop/085-shop-logging-in-34c42cb2-a86f-43c0-a56b-25e51fbbda6a/002-e3dc71cd-0d58-42ac-a352-3329ad7c3d76-downloadableSrc-9dd0f49f82c0.webp
34c42cb2-a86f-43c0-a56b-25e51fbbda6a,Logging in,1f1a3d5b-cb65-4c7e-af4b-e4cdf1c03e4d,Shop,3afc9907-97ef-486c-847c-3749b29b51b0,2,3,a937a03c-f3f9-4c05-b1ff-3b541eeb1139,true,downloadableSrc,200,image/webp,40564,40564,7bf75d42e2313a6c60364fee4f394ff246325d5c6e4d6539a06fca74622dad5c,1180,2676,,,bytescale.mobbin.com,f7a1807c1ac98ccf0eecf5078d61346ac9a94ca37a547f5708d580528c9e55c0,/Users/user/mobbin-sides/screen-flows/shop/085-shop-logging-in-34c42cb2-a86f-43c0-a56b-25e51fbbda6a/003-a937a03c-f3f9-4c05-b1ff-3b541eeb1139-downloadableSrc-7bf75d42e231.webp
34c42cb2-a86f-43c0-a56b-25e51fbbda6a,Logging in,1f1a3d5b-cb65-4c7e-af4b-e4cdf1c03e4d,Shop,3afc9907-97ef-486c-847c-3749b29b51b0,3,4,ae913212-5d57-4b7d-96d1-5df6815a97c9,true,downloadableSrc,200,image/webp,53112,53112,051a3fa1ac3f7e614754cd1232be33b5929949b304960b56a634c341c229202c,1180,2676,,,bytescale.mobbin.com,f7a1807c1ac98ccf0eecf5078d61346ac9a94ca37a547f5708d580528c9e55c0,/Users/user/mobbin-sides/screen-flows/shop/085-shop-logging-in-34c42cb2-a86f-43c0-a56b-25e51fbbda6a/004-ae913212-5d57-4b7d-96d1-5df6815a97c9-downloadableSrc-051a3fa1ac3f.webp
34c42cb2-a86f-43c0-a56b-25e51fbbda6a,Logging in,1f1a3d5b-cb65-4c7e-af4b-e4cdf1c03e4d,Shop,3afc9907-97ef-486c-847c-3749b29b51b0,4,5,e8678d92-d4d8-48b6-b4aa-a1f03dc501f4,true,downloadableSrc,200,image/webp,24762,24762,74fb5749f80d838fe1fb461e3afffadc8b63a92619801bcddeb6027433c1c0cb,1180,2676,,,bytescale.mobbin.com,f7a1807c1ac98ccf0eecf5078d61346ac9a94ca37a547f5708d580528c9e55c0,/Users/user/mobbin-sides/screen-flows/shop/085-shop-logging-in-34c42cb2-a86f-43c0-a56b-25e51fbbda6a/005-e8678d92-d4d8-48b6-b4aa-a1f03dc501f4-downloadableSrc-74fb5749f80d.webp
34c42cb2-a86f-43c0-a56b-25e51fbbda6a,Logging in,1f1a3d5b-cb65-4c7e-af4b-e4cdf1c03e4d,Shop,3afc9907-97ef-486c-847c-3749b29b51b0,5,6,8dc6446e-633b-4876-b513-7d29be2df64a,true,downloadableSrc,200,image/webp,60450,60450,81919154cb3de963779c450a6c29bcf9cb66db5f2ac7cda57dbc77797bca722d,1180,2676,,,bytescale.mobbin.com,f7a1807c1ac98ccf0eecf5078d61346ac9a94ca37a547f5708d580528c9e55c0,/Users/user/mobbin-sides/screen-flows/shop/085-shop-logging-in-34c42cb2-a86f-43c0-a56b-25e51fbbda6a/006-8dc6446e-633b-4876-b513-7d29be2df64a-downloadableSrc-81919154cb3d.webp
34c42cb2-a86f-43c0-a56b-25e51fbbda6a,Logging in,1f1a3d5b-cb65-4c7e-af4b-e4cdf1c03e4d,Shop,3afc9907-97ef-486c-847c-3749b29b51b0,6,7,25000371-497e-494e-94be-b35ed8d3246c,true,downloadableSrc,200,image/webp,96026,96026,55a6828f058d2202404aa9d6adee3bfba5466ebd6ba4062eff584c6dc502637e,1180,2676,,,bytescale.mobbin.com,f7a1807c1ac98ccf0eecf5078d61346ac9a94ca37a547f5708d580528c9e55c0,/Users/user/mobbin-sides/screen-flows/shop/085-shop-logging-in-34c42cb2-a86f-43c0-a56b-25e51fbbda6a/007-25000371-497e-494e-94be-b35ed8d3246c-downloadableSrc-55a6828f058d.webp
c31c932a-98d6-432f-b462-bcf5a63732bf,Widgets,1f1a3d5b-cb65-4c7e-af4b-e4cdf1c03e4d,Shop,3afc9907-97ef-486c-847c-3749b29b51b0,0,1,e91eaf8e-d4bb-4da8-b531-08b00dcc64ba,true,downloadableSrc,200,image/webp,49702,49702,960e2706ffad1849d8d9bbe66ee78df3bfbb30f2a133af565d542c4579e7e847,1180,2676,,,bytescale.mobbin.com,f7a1807c1ac98ccf0eecf5078d61346ac9a94ca37a547f5708d580528c9e55c0,/Users/user/mobbin-sides/screen-flows/shop/086-shop-widgets-c31c932a-98d6-432f-b462-bcf5a63732bf/001-e91eaf8e-d4bb-4da8-b531-08b00dcc64ba-downloadableSrc-960e2706ffad.webp
c31c932a-98d6-432f-b462-bcf5a63732bf,Widgets,1f1a3d5b-cb65-4c7e-af4b-e4cdf1c03e4d,Shop,3afc9907-97ef-486c-847c-3749b29b51b0,1,2,4f5ddbf6-986c-47b7-bca4-f5fc5be80663,true,downloadableSrc,200,image/webp,50506,50506,98702592516163d9e42400b1003adff4595d1bf4f9b1e4fd69dbcd53e293d76e,1180,2676,,,bytescale.mobbin.com,f7a1807c1ac98ccf0eecf5078d61346ac9a94ca37a547f5708d580528c9e55c0,/Users/user/mobbin-sides/screen-flows/shop/086-shop-widgets-c31c932a-98d6-432f-b462-bcf5a63732bf/002-4f5ddbf6-986c-47b7-bca4-f5fc5be80663-downloadableSrc-987025925161.webp
c31c932a-98d6-432f-b462-bcf5a63732bf,Widgets,1f1a3d5b-cb65-4c7e-af4b-e4cdf1c03e4d,Shop,3afc9907-97ef-486c-847c-3749b29b51b0,2,3,10094a87-4bb1-4519-93b0-2bce9ede029f,true,downloadableSrc,200,image/webp,44238,44238,b5d6716778c894f1b241952c79e5a4b110b82e89e8ffeb6effdde74c5c2fb8e4,1179,2676,,,bytescale.mobbin.com,f7a1807c1ac98ccf0eecf5078d61346ac9a94ca37a547f5708d580528c9e55c0,/Users/user/mobbin-sides/screen-flows/shop/086-shop-widgets-c31c932a-98d6-432f-b462-bcf5a63732bf/003-10094a87-4bb1-4519-93b0-2bce9ede029f-downloadableSrc-b5d6716778c8.webp
c31c932a-98d6-432f-b462-bcf5a63732bf,Widgets,1f1a3d5b-cb65-4c7e-af4b-e4cdf1c03e4d,Shop,3afc9907-97ef-486c-847c-3749b29b51b0,3,4,2b0f45eb-e90c-4c04-a055-b8bdc45466bd,true,downloadableSrc,200,image/webp,50536,50536,bc05a178d94e32c67c7fdcbdf562f8ca54a940794fa9dc54def3021af06898ba,1179,2676,,,bytescale.mobbin.com,f7a1807c1ac98ccf0eecf5078d61346ac9a94ca37a547f5708d580528c9e55c0,/Users/user/mobbin-sides/screen-flows/shop/086-shop-widgets-c31c932a-98d6-432f-b462-bcf5a63732bf/004-2b0f45eb-e90c-4c04-a055-b8bdc45466bd-downloadableSrc-bc05a178d94e.webp
c31c932a-98d6-432f-b462-bcf5a63732bf,Widgets,1f1a3d5b-cb65-4c7e-af4b-e4cdf1c03e4d,Shop,3afc9907-97ef-486c-847c-3749b29b51b0,4,5,62a8dff6-3ed3-4d48-8a65-4096aeef13a4,true,downloadableSrc,200,image/webp,46396,46396,d4d942c1b3c121bcf11f1de402d4dbb73f63a58071a9ec9970adc88851c0f7d7,1179,2676,,,bytescale.mobbin.com,f7a1807c1ac98ccf0eecf5078d61346ac9a94ca37a547f5708d580528c9e55c0,/Users/user/mobbin-sides/screen-flows/shop/086-shop-widgets-c31c932a-98d6-432f-b462-bcf5a63732bf/005-62a8dff6-3ed3-4d48-8a65-4096aeef13a4-downloadableSrc-d4d942c1b3c1.webp
