flowId,flowName,appId,appName,appVersionId,order,index,screenId,restricted,descriptor,status,contentType,contentLengthHeader,bytes,sha256,width,height,declaredWidth,declaredHeight,urlHost,urlPathHash,savedPath
6c864cb4-d7cd-4668-ab2c-bd18414efc95,Home,bc652a0b-b680-4ce8-9fdb-b28ca6ea6d8d,Apple Wallet,ab6db0fe-8aa0-4672-b265-173bce58be55,0,1,a7d71c19-cc0b-4914-a256-8a09c4c8008e,false,downloadableSrc,200,image/webp,99328,99328,8c3088b90b598cd473c1cce5fb9bf211f0a0dd91e83ec4a7f84437e5f8eaf5d6,1206,2742,,,bytescale.mobbin.com,f7a1807c1ac98ccf0eecf5078d61346ac9a94ca37a547f5708d580528c9e55c0,/Users/user/mobbin-sides/screen-flows/apple-wallet/001-apple-wallet-home-6c864cb4-d7cd-4668-ab2c-bd18414efc95/001-a7d71c19-cc0b-4914-a256-8a09c4c8008e-downloadableSrc-8c3088b90b59.webp
6c864cb4-d7cd-4668-ab2c-bd18414efc95,Home,bc652a0b-b680-4ce8-9fdb-b28ca6ea6d8d,Apple Wallet,ab6db0fe-8aa0-4672-b265-173bce58be55,1,2,95ad4a8d-a0f5-41d6-8d70-cdd67f0132f2,false,downloadableSrc,200,image/webp,102794,102794,43051bdd08e9057b27226ed0d1ae9bf197264d463470ad6165898007f3dcba04,1206,2742,,,bytescale.mobbin.com,f7a1807c1ac98ccf0eecf5078d61346ac9a94ca37a547f5708d580528c9e55c0,/Users/user/mobbin-sides/screen-flows/apple-wallet/001-apple-wallet-home-6c864cb4-d7cd-4668-ab2c-bd18414efc95/002-95ad4a8d-a0f5-41d6-8d70-cdd67f0132f2-downloadableSrc-43051bdd08e9.webp
6c864cb4-d7cd-4668-ab2c-bd18414efc95,Home,bc652a0b-b680-4ce8-9fdb-b28ca6ea6d8d,Apple Wallet,ab6db0fe-8aa0-4672-b265-173bce58be55,2,3,5b49ae4b-f03b-4e28-b662-eb5cf9cc83f6,false,downloadableSrc,200,image/webp,134964,134964,62d7527d4b13655384ecdc4b3439cf97252fd9d4c34f6f780726ab7507c0dab1,1206,2742,,,bytescale.mobbin.com,f7a1807c1ac98ccf0eecf5078d61346ac9a94ca37a547f5708d580528c9e55c0,/Users/user/mobbin-sides/screen-flows/apple-wallet/001-apple-wallet-home-6c864cb4-d7cd-4668-ab2c-bd18414efc95/003-5b49ae4b-f03b-4e28-b662-eb5cf9cc83f6-downloadableSrc-62d7527d4b13.webp
23327bdd-a600-487b-ae0c-3ef97819890b,Card detail,bc652a0b-b680-4ce8-9fdb-b28ca6ea6d8d,Apple Wallet,ab6db0fe-8aa0-4672-b265-173bce58be55,0,1,5b49ae4b-f03b-4e28-b662-eb5cf9cc83f6,true,downloadableSrc,200,image/webp,134964,134964,62d7527d4b13655384ecdc4b3439cf97252fd9d4c34f6f780726ab7507c0dab1,1206,2742,,,bytescale.mobbin.com,f7a1807c1ac98ccf0eecf5078d61346ac9a94ca37a547f5708d580528c9e55c0,/Users/user/mobbin-sides/screen-flows/apple-wallet/002-apple-wallet-card-detail-23327bdd-a600-487b-ae0c-3ef97819890b/001-5b49ae4b-f03b-4e28-b662-eb5cf9cc83f6-downloadableSrc-62d7527d4b13.webp
23327bdd-a600-487b-ae0c-3ef97819890b,Card detail,bc652a0b-b680-4ce8-9fdb-b28ca6ea6d8d,Apple Wallet,ab6db0fe-8aa0-4672-b265-173bce58be55,1,2,a908ae06-3298-4eca-918c-acb2d8d09621,true,downloadableSrc,200,image/webp,67948,67948,ccee6d625cd2ad76262db5526f49af90d953edb39d04aaf4a043971c29b80b5a,1206,2742,,,bytescale.mobbin.com,f7a1807c1ac98ccf0eecf5078d61346ac9a94ca37a547f5708d580528c9e55c0,/Users/user/mobbin-sides/screen-flows/apple-wallet/002-apple-wallet-card-detail-23327bdd-a600-487b-ae0c-3ef97819890b/002-a908ae06-3298-4eca-918c-acb2d8d09621-downloadableSrc-ccee6d625cd2.webp
23327bdd-a600-487b-ae0c-3ef97819890b,Card detail,bc652a0b-b680-4ce8-9fdb-b28ca6ea6d8d,Apple Wallet,ab6db0fe-8aa0-4672-b265-173bce58be55,2,3,23c06c82-2da7-4f30-9458-3e7c7e95b179,true,downloadableSrc,200,image/webp,71166,71166,2ef8dd9688c2bbdc04b5d6d450f1001837fa18a9625aaa09496d9a3f98f7c3e3,1206,2742,,,bytescale.mobbin.com,f7a1807c1ac98ccf0eecf5078d61346ac9a94ca37a547f5708d580528c9e55c0,/Users/user/mobbin-sides/screen-flows/apple-wallet/002-apple-wallet-card-detail-23327bdd-a600-487b-ae0c-3ef97819890b/003-23c06c82-2da7-4f30-9458-3e7c7e95b179-downloadableSrc-2ef8dd9688c2.webp
23327bdd-a600-487b-ae0c-3ef97819890b,Card detail,bc652a0b-b680-4ce8-9fdb-b28ca6ea6d8d,Apple Wallet,ab6db0fe-8aa0-4672-b265-173bce58be55,3,4,8e1140ce-48dc-4e3d-82b5-a9ce2216f2f0,true,downloadableSrc,200,image/webp,97260,97260,b36edc1c7110a3a81626b11205f0e74ea0e03c61b86ca2864337d918707ddf14,1206,2742,,,bytescale.mobbin.com,f7a1807c1ac98ccf0eecf5078d61346ac9a94ca37a547f5708d580528c9e55c0,/Users/user/mobbin-sides/screen-flows/apple-wallet/002-apple-wallet-card-detail-23327bdd-a600-487b-ae0c-3ef97819890b/004-8e1140ce-48dc-4e3d-82b5-a9ce2216f2f0-downloadableSrc-b36edc1c7110.webp
23327bdd-a600-487b-ae0c-3ef97819890b,Card detail,bc652a0b-b680-4ce8-9fdb-b28ca6ea6d8d,Apple Wallet,ab6db0fe-8aa0-4672-b265-173bce58be55,4,5,f17b94c3-5c94-435a-9672-e7dbdca3109f,true,downloadableSrc,200,image/webp,106512,106512,73b56dd94f8ef83a493c7dd35ec30efb7a514daf0e0cfb9bc1074f0c260148b5,1206,2742,,,bytescale.mobbin.com,f7a1807c1ac98ccf0eecf5078d61346ac9a94ca37a547f5708d580528c9e55c0,/Users/user/mobbin-sides/screen-flows/apple-wallet/002-apple-wallet-card-detail-23327bdd-a600-487b-ae0c-3ef97819890b/005-f17b94c3-5c94-435a-9672-e7dbdca3109f-downloadableSrc-73b56dd94f8e.webp
a3d0c51b-fc76-4f7e-a29f-460659c432b0,Paying an order,bc652a0b-b680-4ce8-9fdb-b28ca6ea6d8d,Apple Wallet,ab6db0fe-8aa0-4672-b265-173bce58be55,0,1,a908ae06-3298-4eca-918c-acb2d8d09621,true,downloadableSrc,200,image/webp,67948,67948,ccee6d625cd2ad76262db5526f49af90d953edb39d04aaf4a043971c29b80b5a,1206,2742,,,bytescale.mobbin.com,f7a1807c1ac98ccf0eecf5078d61346ac9a94ca37a547f5708d580528c9e55c0,/Users/user/mobbin-sides/screen-flows/apple-wallet/003-apple-wallet-paying-an-order-a3d0c51b-fc76-4f7e-a29f-460659c432b0/001-a908ae06-3298-4eca-918c-acb2d8d09621-downloadableSrc-ccee6d625cd2.webp
a3d0c51b-fc76-4f7e-a29f-460659c432b0,Paying an order,bc652a0b-b680-4ce8-9fdb-b28ca6ea6d8d,Apple Wallet,ab6db0fe-8aa0-4672-b265-173bce58be55,1,2,02e940a1-bcd1-4eaa-b064-a7c66fe0c1de,true,downloadableSrc,200,image/webp,42388,42388,585a36cb025a2ec15afac509b437ee545a20d1dddd03b753bff45a20551826cb,1206,2742,,,bytescale.mobbin.com,f7a1807c1ac98ccf0eecf5078d61346ac9a94ca37a547f5708d580528c9e55c0,/Users/user/mobbin-sides/screen-flows/apple-wallet/003-apple-wallet-paying-an-order-a3d0c51b-fc76-4f7e-a29f-460659c432b0/002-02e940a1-bcd1-4eaa-b064-a7c66fe0c1de-downloadableSrc-585a36cb025a.webp
a3d0c51b-fc76-4f7e-a29f-460659c432b0,Paying an order,bc652a0b-b680-4ce8-9fdb-b28ca6ea6d8d,Apple Wallet,ab6db0fe-8aa0-4672-b265-173bce58be55,2,3,f6094101-de0a-445d-bb32-19b0f938bdc3,true,downloadableSrc,200,image/webp,44682,44682,128ca1ec43943855a4e729b4d3de7b655c9143a68fec9a86b45d1afcde8a8cd9,1206,2742,,,bytescale.mobbin.com,f7a1807c1ac98ccf0eecf5078d61346ac9a94ca37a547f5708d580528c9e55c0,/Users/user/mobbin-sides/screen-flows/apple-wallet/003-apple-wallet-paying-an-order-a3d0c51b-fc76-4f7e-a29f-460659c432b0/003-f6094101-de0a-445d-bb32-19b0f938bdc3-downloadableSrc-128ca1ec4394.webp
a3d0c51b-fc76-4f7e-a29f-460659c432b0,Paying an order,bc652a0b-b680-4ce8-9fdb-b28ca6ea6d8d,Apple Wallet,ab6db0fe-8aa0-4672-b265-173bce58be55,3,4,4906fdaa-42f6-416f-be4d-dd75e5a61c6a,true,downloadableSrc,200,image/webp,75760,75760,b88779bff91e47fc9a3dc1f9b590ef48c2227b33e38784c549416e2c80b4fd7a,1206,2742,,,bytescale.mobbin.com,f7a1807c1ac98ccf0eecf5078d61346ac9a94ca37a547f5708d580528c9e55c0,/Users/user/mobbin-sides/screen-flows/apple-wallet/003-apple-wallet-paying-an-order-a3d0c51b-fc76-4f7e-a29f-460659c432b0/004-4906fdaa-42f6-416f-be4d-dd75e5a61c6a-downloadableSrc-b88779bff91e.webp
3119360a-6b5b-4652-b768-046e795b57b9,Balance detail,bc652a0b-b680-4ce8-9fdb-b28ca6ea6d8d,Apple Wallet,ab6db0fe-8aa0-4672-b265-173bce58be55,0,1,a908ae06-3298-4eca-918c-acb2d8d09621,true,downloadableSrc,200,image/webp,67948,67948,ccee6d625cd2ad76262db5526f49af90d953edb39d04aaf4a043971c29b80b5a,1206,2742,,,bytescale.mobbin.com,f7a1807c1ac98ccf0eecf5078d61346ac9a94ca37a547f5708d580528c9e55c0,/Users/user/mobbin-sides/screen-flows/apple-wallet/004-apple-wallet-balance-detail-3119360a-6b5b-4652-b768-046e795b57b9/001-a908ae06-3298-4eca-918c-acb2d8d09621-downloadableSrc-ccee6d625cd2.webp
3119360a-6b5b-4652-b768-046e795b57b9,Balance detail,bc652a0b-b680-4ce8-9fdb-b28ca6ea6d8d,Apple Wallet,ab6db0fe-8aa0-4672-b265-173bce58be55,1,2,88caae53-8c0f-4247-b60e-1a5a0646b0ad,true,downloadableSrc,200,image/webp,71494,71494,932e4130682e608a834ea4ad60ab0ceda13ba5137da4acb9469099dfb6f3576e,1206,2742,,,bytescale.mobbin.com,f7a1807c1ac98ccf0eecf5078d61346ac9a94ca37a547f5708d580528c9e55c0,/Users/user/mobbin-sides/screen-flows/apple-wallet/004-apple-wallet-balance-detail-3119360a-6b5b-4652-b768-046e795b57b9/002-88caae53-8c0f-4247-b60e-1a5a0646b0ad-downloadableSrc-932e4130682e.webp
3119360a-6b5b-4652-b768-046e795b57b9,Balance detail,bc652a0b-b680-4ce8-9fdb-b28ca6ea6d8d,Apple Wallet,ab6db0fe-8aa0-4672-b265-173bce58be55,2,3,68bc8d0b-0369-4506-981a-982d0630ef61,true,downloadableSrc,200,image/webp,71744,71744,3a5d291a7ea8f5c156ac4b465b123d2ab374c892539b7359e3c8ba1fefe6b6a6,1206,2742,,,bytescale.mobbin.com,f7a1807c1ac98ccf0eecf5078d61346ac9a94ca37a547f5708d580528c9e55c0,/Users/user/mobbin-sides/screen-flows/apple-wallet/004-apple-wallet-balance-detail-3119360a-6b5b-4652-b768-046e795b57b9/003-68bc8d0b-0369-4506-981a-982d0630ef61-downloadableSrc-3a5d291a7ea8.webp
3119360a-6b5b-4652-b768-046e795b57b9,Balance detail,bc652a0b-b680-4ce8-9fdb-b28ca6ea6d8d,Apple Wallet,ab6db0fe-8aa0-4672-b265-173bce58be55,3,4,56f5fe00-69ba-4a5f-9b28-8ccca6315cbc,true,downloadableSrc,200,image/webp,89564,89564,16267d5bda5eb4b6e9166074ece82a2be66f114ad6391de48e23636260d49aad,1206,2742,,,bytescale.mobbin.com,f7a1807c1ac98ccf0eecf5078d61346ac9a94ca37a547f5708d580528c9e55c0,/Users/user/mobbin-sides/screen-flows/apple-wallet/004-apple-wallet-balance-detail-3119360a-6b5b-4652-b768-046e795b57b9/004-56f5fe00-69ba-4a5f-9b28-8ccca6315cbc-downloadableSrc-16267d5bda5e.webp
354f7771-a065-4e1a-9fc9-f87fa1877aa7,Statements,bc652a0b-b680-4ce8-9fdb-b28ca6ea6d8d,Apple Wallet,ab6db0fe-8aa0-4672-b265-173bce58be55,0,1,88caae53-8c0f-4247-b60e-1a5a0646b0ad,true,downloadableSrc,200,image/webp,71494,71494,932e4130682e608a834ea4ad60ab0ceda13ba5137da4acb9469099dfb6f3576e,1206,2742,,,bytescale.mobbin.com,f7a1807c1ac98ccf0eecf5078d61346ac9a94ca37a547f5708d580528c9e55c0,/Users/user/mobbin-sides/screen-flows/apple-wallet/005-apple-wallet-statements-354f7771-a065-4e1a-9fc9-f87fa1877aa7/001-88caae53-8c0f-4247-b60e-1a5a0646b0ad-downloadableSrc-932e4130682e.webp
354f7771-a065-4e1a-9fc9-f87fa1877aa7,Statements,bc652a0b-b680-4ce8-9fdb-b28ca6ea6d8d,Apple Wallet,ab6db0fe-8aa0-4672-b265-173bce58be55,1,2,607b55a8-585f-4e33-9997-25bea22b23c3,true,downloadableSrc,200,image/webp,59740,59740,0919eb1998bf598f54f1b375e08eeb413fe43bc4049d5c41bc72346114122648,1206,2742,,,bytescale.mobbin.com,f7a1807c1ac98ccf0eecf5078d61346ac9a94ca37a547f5708d580528c9e55c0,/Users/user/mobbin-sides/screen-flows/apple-wallet/005-apple-wallet-statements-354f7771-a065-4e1a-9fc9-f87fa1877aa7/002-607b55a8-585f-4e33-9997-25bea22b23c3-downloadableSrc-0919eb1998bf.webp
62fcbcc0-6ddd-4b64-bdf7-2c507f2ec2ad,Downloading a PDF statement,bc652a0b-b680-4ce8-9fdb-b28ca6ea6d8d,Apple Wallet,ab6db0fe-8aa0-4672-b265-173bce58be55,0,1,607b55a8-585f-4e33-9997-25bea22b23c3,true,downloadableSrc,200,image/webp,59740,59740,0919eb1998bf598f54f1b375e08eeb413fe43bc4049d5c41bc72346114122648,1206,2742,,,bytescale.mobbin.com,f7a1807c1ac98ccf0eecf5078d61346ac9a94ca37a547f5708d580528c9e55c0,/Users/user/mobbin-sides/screen-flows/apple-wallet/006-apple-wallet-downloading-a-pdf-statement-62fcbcc0-6ddd-4b64-bdf7-2c507f2ec2ad/001-607b55a8-585f-4e33-9997-25bea22b23c3-downloadableSrc-0919eb1998bf.webp
62fcbcc0-6ddd-4b64-bdf7-2c507f2ec2ad,Downloading a PDF statement,bc652a0b-b680-4ce8-9fdb-b28ca6ea6d8d,Apple Wallet,ab6db0fe-8aa0-4672-b265-173bce58be55,1,2,1f5c6d07-9672-4606-bd4e-e9f55350ff62,true,downloadableSrc,200,image/webp,86524,86524,33a2f3b63d8fefb3dcb2a8422a47c4450c8144e7ebf1880904ac3faae557b72a,1206,2742,,,bytescale.mobbin.com,f7a1807c1ac98ccf0eecf5078d61346ac9a94ca37a547f5708d580528c9e55c0,/Users/user/mobbin-sides/screen-flows/apple-wallet/006-apple-wallet-downloading-a-pdf-statement-62fcbcc0-6ddd-4b64-bdf7-2c507f2ec2ad/002-1f5c6d07-9672-4606-bd4e-e9f55350ff62-downloadableSrc-33a2f3b63d8f.webp
ed164634-7ff2-4f3a-b978-9efb8eab7cd7,Exporting transactions,bc652a0b-b680-4ce8-9fdb-b28ca6ea6d8d,Apple Wallet,ab6db0fe-8aa0-4672-b265-173bce58be55,0,1,607b55a8-585f-4e33-9997-25bea22b23c3,true,downloadableSrc,200,image/webp,59740,59740,0919eb1998bf598f54f1b375e08eeb413fe43bc4049d5c41bc72346114122648,1206,2742,,,bytescale.mobbin.com,f7a1807c1ac98ccf0eecf5078d61346ac9a94ca37a547f5708d580528c9e55c0,/Users/user/mobbin-sides/screen-flows/apple-wallet/007-apple-wallet-exporting-transactions-ed164634-7ff2-4f3a-b978-9efb8eab7cd7/001-607b55a8-585f-4e33-9997-25bea22b23c3-downloadableSrc-0919eb1998bf.webp
ed164634-7ff2-4f3a-b978-9efb8eab7cd7,Exporting transactions,bc652a0b-b680-4ce8-9fdb-b28ca6ea6d8d,Apple Wallet,ab6db0fe-8aa0-4672-b265-173bce58be55,1,2,6bea899d-28ec-4a30-9974-7ad06120eeed,true,downloadableSrc,200,image/webp,72340,72340,80d242d9c86dbc2d7c681a1e8ccd54a3ea858f5f93d240cb455f435499a982b3,1206,2742,,,bytescale.mobbin.com,f7a1807c1ac98ccf0eecf5078d61346ac9a94ca37a547f5708d580528c9e55c0,/Users/user/mobbin-sides/screen-flows/apple-wallet/007-apple-wallet-exporting-transactions-ed164634-7ff2-4f3a-b978-9efb8eab7cd7/002-6bea899d-28ec-4a30-9974-7ad06120eeed-downloadableSrc-80d242d9c86d.webp
ed164634-7ff2-4f3a-b978-9efb8eab7cd7,Exporting transactions,bc652a0b-b680-4ce8-9fdb-b28ca6ea6d8d,Apple Wallet,ab6db0fe-8aa0-4672-b265-173bce58be55,2,3,70cfd9a9-3380-4c06-8d20-d47d5a5bf641,true,downloadableSrc,200,image/webp,26774,26774,d3800d351597b765db21ab18b44240b47ea0f7787eef80379e242d065768461a,1206,2742,,,bytescale.mobbin.com,f7a1807c1ac98ccf0eecf5078d61346ac9a94ca37a547f5708d580528c9e55c0,/Users/user/mobbin-sides/screen-flows/apple-wallet/007-apple-wallet-exporting-transactions-ed164634-7ff2-4f3a-b978-9efb8eab7cd7/003-70cfd9a9-3380-4c06-8d20-d47d5a5bf641-downloadableSrc-d3800d351597.webp
e350b43c-c5e0-4c88-a7b2-6f2e6a595635,Activity,bc652a0b-b680-4ce8-9fdb-b28ca6ea6d8d,Apple Wallet,ab6db0fe-8aa0-4672-b265-173bce58be55,0,1,23c06c82-2da7-4f30-9458-3e7c7e95b179,true,downloadableSrc,200,image/webp,71166,71166,2ef8dd9688c2bbdc04b5d6d450f1001837fa18a9625aaa09496d9a3f98f7c3e3,1206,2742,,,bytescale.mobbin.com,f7a1807c1ac98ccf0eecf5078d61346ac9a94ca37a547f5708d580528c9e55c0,/Users/user/mobbin-sides/screen-flows/apple-wallet/008-apple-wallet-activity-e350b43c-c5e0-4c88-a7b2-6f2e6a595635/001-23c06c82-2da7-4f30-9458-3e7c7e95b179-downloadableSrc-2ef8dd9688c2.webp
e350b43c-c5e0-4c88-a7b2-6f2e6a595635,Activity,bc652a0b-b680-4ce8-9fdb-b28ca6ea6d8d,Apple Wallet,ab6db0fe-8aa0-4672-b265-173bce58be55,1,2,c87d2847-ef55-47fe-9d60-fcad032678c9,true,downloadableSrc,200,image/webp,49078,49078,afcac942ef3084301d56bf1696d9d8b40ebcc288ccacad20d236b937051705ec,1206,2742,,,bytescale.mobbin.com,f7a1807c1ac98ccf0eecf5078d61346ac9a94ca37a547f5708d580528c9e55c0,/Users/user/mobbin-sides/screen-flows/apple-wallet/008-apple-wallet-activity-e350b43c-c5e0-4c88-a7b2-6f2e6a595635/002-c87d2847-ef55-47fe-9d60-fcad032678c9-downloadableSrc-afcac942ef30.webp
e350b43c-c5e0-4c88-a7b2-6f2e6a595635,Activity,bc652a0b-b680-4ce8-9fdb-b28ca6ea6d8d,Apple Wallet,ab6db0fe-8aa0-4672-b265-173bce58be55,2,3,82a32fee-bf5f-4c39-b4b8-0e002de68d4c,true,downloadableSrc,200,image/webp,61564,61564,9da37704a4c4a5d59be245def429f3d461b19e78753d798c76850f7e53d94fe4,1206,2742,,,bytescale.mobbin.com,f7a1807c1ac98ccf0eecf5078d61346ac9a94ca37a547f5708d580528c9e55c0,/Users/user/mobbin-sides/screen-flows/apple-wallet/008-apple-wallet-activity-e350b43c-c5e0-4c88-a7b2-6f2e6a595635/003-82a32fee-bf5f-4c39-b4b8-0e002de68d4c-downloadableSrc-9da37704a4c4.webp
ecf29e25-069b-41c1-9d07-a8c3bb749279,Daily cash,bc652a0b-b680-4ce8-9fdb-b28ca6ea6d8d,Apple Wallet,ab6db0fe-8aa0-4672-b265-173bce58be55,0,1,82a32fee-bf5f-4c39-b4b8-0e002de68d4c,true,downloadableSrc,200,image/webp,61564,61564,9da37704a4c4a5d59be245def429f3d461b19e78753d798c76850f7e53d94fe4,1206,2742,,,bytescale.mobbin.com,f7a1807c1ac98ccf0eecf5078d61346ac9a94ca37a547f5708d580528c9e55c0,/Users/user/mobbin-sides/screen-flows/apple-wallet/009-apple-wallet-daily-cash-ecf29e25-069b-41c1-9d07-a8c3bb749279/001-82a32fee-bf5f-4c39-b4b8-0e002de68d4c-downloadableSrc-9da37704a4c4.webp
ecf29e25-069b-41c1-9d07-a8c3bb749279,Daily cash,bc652a0b-b680-4ce8-9fdb-b28ca6ea6d8d,Apple Wallet,ab6db0fe-8aa0-4672-b265-173bce58be55,1,2,264b6cac-a9bb-4ed6-928d-7473f48fdf77,true,downloadableSrc,200,image/webp,42420,42420,eb6c01b2deb966cb5a7deeb37965d7e40eaff511ee2e89e666bc831b3abce382,1206,2742,,,bytescale.mobbin.com,f7a1807c1ac98ccf0eecf5078d61346ac9a94ca37a547f5708d580528c9e55c0,/Users/user/mobbin-sides/screen-flows/apple-wallet/009-apple-wallet-daily-cash-ecf29e25-069b-41c1-9d07-a8c3bb749279/002-264b6cac-a9bb-4ed6-928d-7473f48fdf77-downloadableSrc-eb6c01b2deb9.webp
3912ec59-d666-4490-a5f6-03c2600fae50,Rewards & offers,bc652a0b-b680-4ce8-9fdb-b28ca6ea6d8d,Apple Wallet,ab6db0fe-8aa0-4672-b265-173bce58be55,0,1,82a32fee-bf5f-4c39-b4b8-0e002de68d4c,true,downloadableSrc,200,image/webp,61564,61564,9da37704a4c4a5d59be245def429f3d461b19e78753d798c76850f7e53d94fe4,1206,2742,,,bytescale.mobbin.com,f7a1807c1ac98ccf0eecf5078d61346ac9a94ca37a547f5708d580528c9e55c0,/Users/user/mobbin-sides/screen-flows/apple-wallet/010-apple-wallet-rewards-and-offers-3912ec59-d666-4490-a5f6-03c2600fae50/001-82a32fee-bf5f-4c39-b4b8-0e002de68d4c-downloadableSrc-9da37704a4c4.webp
3912ec59-d666-4490-a5f6-03c2600fae50,Rewards & offers,bc652a0b-b680-4ce8-9fdb-b28ca6ea6d8d,Apple Wallet,ab6db0fe-8aa0-4672-b265-173bce58be55,1,2,0c808ec4-64ed-42aa-aab6-8ee5d779a4d5,true,downloadableSrc,200,image/webp,85908,85908,69576f203051040dbb86f7682f5bc3cc8147365b8d32c4c97354fb666327c6d3,1206,2742,,,bytescale.mobbin.com,f7a1807c1ac98ccf0eecf5078d61346ac9a94ca37a547f5708d580528c9e55c0,/Users/user/mobbin-sides/screen-flows/apple-wallet/010-apple-wallet-rewards-and-offers-3912ec59-d666-4490-a5f6-03c2600fae50/002-0c808ec4-64ed-42aa-aab6-8ee5d779a4d5-downloadableSrc-69576f203051.webp
3912ec59-d666-4490-a5f6-03c2600fae50,Rewards & offers,bc652a0b-b680-4ce8-9fdb-b28ca6ea6d8d,Apple Wallet,ab6db0fe-8aa0-4672-b265-173bce58be55,2,3,b87e6ab6-e8cc-45c8-b7df-ad1a66bc78b8,true,downloadableSrc,200,image/webp,94038,94038,5dd5491144abdd0884a65d84084476ff122ee9f9b94b37add40b825c9b4553aa,1206,2742,,,bytescale.mobbin.com,f7a1807c1ac98ccf0eecf5078d61346ac9a94ca37a547f5708d580528c9e55c0,/Users/user/mobbin-sides/screen-flows/apple-wallet/010-apple-wallet-rewards-and-offers-3912ec59-d666-4490-a5f6-03c2600fae50/003-b87e6ab6-e8cc-45c8-b7df-ad1a66bc78b8-downloadableSrc-5dd5491144ab.webp
64f759f1-9070-4da7-a396-475d474b5d1a,Open a savings account,bc652a0b-b680-4ce8-9fdb-b28ca6ea6d8d,Apple Wallet,ab6db0fe-8aa0-4672-b265-173bce58be55,0,1,0c808ec4-64ed-42aa-aab6-8ee5d779a4d5,true,downloadableSrc,200,image/webp,85908,85908,69576f203051040dbb86f7682f5bc3cc8147365b8d32c4c97354fb666327c6d3,1206,2742,,,bytescale.mobbin.com,f7a1807c1ac98ccf0eecf5078d61346ac9a94ca37a547f5708d580528c9e55c0,/Users/user/mobbin-sides/screen-flows/apple-wallet/011-apple-wallet-open-a-savings-account-64f759f1-9070-4da7-a396-475d474b5d1a/001-0c808ec4-64ed-42aa-aab6-8ee5d779a4d5-downloadableSrc-69576f203051.webp
64f759f1-9070-4da7-a396-475d474b5d1a,Open a savings account,bc652a0b-b680-4ce8-9fdb-b28ca6ea6d8d,Apple Wallet,ab6db0fe-8aa0-4672-b265-173bce58be55,1,2,33332698-7899-4c80-a01a-94c329cf0693,true,downloadableSrc,200,image/webp,91632,91632,31d6fb47576bb4e076fefc084a6f8bb54198ddd2dd6c606831a1e8e02e243ffe,1206,2742,,,bytescale.mobbin.com,f7a1807c1ac98ccf0eecf5078d61346ac9a94ca37a547f5708d580528c9e55c0,/Users/user/mobbin-sides/screen-flows/apple-wallet/011-apple-wallet-open-a-savings-account-64f759f1-9070-4da7-a396-475d474b5d1a/002-33332698-7899-4c80-a01a-94c329cf0693-downloadableSrc-31d6fb47576b.webp
64f759f1-9070-4da7-a396-475d474b5d1a,Open a savings account,bc652a0b-b680-4ce8-9fdb-b28ca6ea6d8d,Apple Wallet,ab6db0fe-8aa0-4672-b265-173bce58be55,2,3,dcd4125b-f397-43b3-b760-4997ce0e196c,true,downloadableSrc,200,image/webp,87588,87588,92e1c0e8b46b19633a63f250ab038290dfb94627d8090b1375d3e4f7ae1476e2,1206,2742,,,bytescale.mobbin.com,f7a1807c1ac98ccf0eecf5078d61346ac9a94ca37a547f5708d580528c9e55c0,/Users/user/mobbin-sides/screen-flows/apple-wallet/011-apple-wallet-open-a-savings-account-64f759f1-9070-4da7-a396-475d474b5d1a/003-dcd4125b-f397-43b3-b760-4997ce0e196c-downloadableSrc-92e1c0e8b46b.webp
64f759f1-9070-4da7-a396-475d474b5d1a,Open a savings account,bc652a0b-b680-4ce8-9fdb-b28ca6ea6d8d,Apple Wallet,ab6db0fe-8aa0-4672-b265-173bce58be55,3,4,8f981505-53b1-405c-a767-b941c4b0fbca,true,downloadableSrc,200,image/webp,46754,46754,b72a39c7e9b94f4257fd455148e9b144420ca4be7ef2a30b9b11943866107f4a,1206,2742,,,bytescale.mobbin.com,f7a1807c1ac98ccf0eecf5078d61346ac9a94ca37a547f5708d580528c9e55c0,/Users/user/mobbin-sides/screen-flows/apple-wallet/011-apple-wallet-open-a-savings-account-64f759f1-9070-4da7-a396-475d474b5d1a/004-8f981505-53b1-405c-a767-b941c4b0fbca-downloadableSrc-b72a39c7e9b9.webp
64f759f1-9070-4da7-a396-475d474b5d1a,Open a savings account,bc652a0b-b680-4ce8-9fdb-b28ca6ea6d8d,Apple Wallet,ab6db0fe-8aa0-4672-b265-173bce58be55,4,5,9259df73-d0ef-45d9-a3a2-6a4abeb85ee2,true,downloadableSrc,200,image/webp,49364,49364,85b653dca6206b4d68fda0ac120aff8a6b96f52c5b804a1f579a341b7ed7f08f,1206,2742,,,bytescale.mobbin.com,f7a1807c1ac98ccf0eecf5078d61346ac9a94ca37a547f5708d580528c9e55c0,/Users/user/mobbin-sides/screen-flows/apple-wallet/011-apple-wallet-open-a-savings-account-64f759f1-9070-4da7-a396-475d474b5d1a/005-9259df73-d0ef-45d9-a3a2-6a4abeb85ee2-downloadableSrc-85b653dca620.webp
64f759f1-9070-4da7-a396-475d474b5d1a,Open a savings account,bc652a0b-b680-4ce8-9fdb-b28ca6ea6d8d,Apple Wallet,ab6db0fe-8aa0-4672-b265-173bce58be55,5,6,92ccbdcd-66ff-4d36-8cd6-20861e21cb8c,true,downloadableSrc,200,image/webp,84690,84690,9af3b87dff544e8a4d2b05310d092eca1f817bef266f8e96eaafe33bc7dc2726,1206,2742,,,bytescale.mobbin.com,f7a1807c1ac98ccf0eecf5078d61346ac9a94ca37a547f5708d580528c9e55c0,/Users/user/mobbin-sides/screen-flows/apple-wallet/011-apple-wallet-open-a-savings-account-64f759f1-9070-4da7-a396-475d474b5d1a/006-92ccbdcd-66ff-4d36-8cd6-20861e21cb8c-downloadableSrc-9af3b87dff54.webp
64f759f1-9070-4da7-a396-475d474b5d1a,Open a savings account,bc652a0b-b680-4ce8-9fdb-b28ca6ea6d8d,Apple Wallet,ab6db0fe-8aa0-4672-b265-173bce58be55,6,7,bf80ca66-3fa0-4c0f-9cee-495941389eba,true,downloadableSrc,200,image/webp,117224,117224,973250c020e59e407fc3c1740a7c036e5e8f61cb68309c68cf4f38c82eda8077,1206,2742,,,bytescale.mobbin.com,f7a1807c1ac98ccf0eecf5078d61346ac9a94ca37a547f5708d580528c9e55c0,/Users/user/mobbin-sides/screen-flows/apple-wallet/011-apple-wallet-open-a-savings-account-64f759f1-9070-4da7-a396-475d474b5d1a/007-bf80ca66-3fa0-4c0f-9cee-495941389eba-downloadableSrc-973250c020e5.webp
64f759f1-9070-4da7-a396-475d474b5d1a,Open a savings account,bc652a0b-b680-4ce8-9fdb-b28ca6ea6d8d,Apple Wallet,ab6db0fe-8aa0-4672-b265-173bce58be55,6,8,5d9137ec-b663-4598-92d3-47ff2126152c,true,downloadableSrc,200,image/webp,127564,127564,cf4791959b54a48ac9ef561ec2ec624d989a75341999fb8c5a42f52426a19b2c,1206,2742,,,bytescale.mobbin.com,f7a1807c1ac98ccf0eecf5078d61346ac9a94ca37a547f5708d580528c9e55c0,/Users/user/mobbin-sides/screen-flows/apple-wallet/011-apple-wallet-open-a-savings-account-64f759f1-9070-4da7-a396-475d474b5d1a/008-5d9137ec-b663-4598-92d3-47ff2126152c-downloadableSrc-cf4791959b54.webp
64f759f1-9070-4da7-a396-475d474b5d1a,Open a savings account,bc652a0b-b680-4ce8-9fdb-b28ca6ea6d8d,Apple Wallet,ab6db0fe-8aa0-4672-b265-173bce58be55,7,9,d9c1faa0-cf6b-407d-a02f-67c155ee83ff,true,downloadableSrc,200,image/webp,27072,27072,ed6ef23caecd35f05466fb95390bcb3b31064c6f66fa61eba3226abccafb732a,1206,2742,,,bytescale.mobbin.com,f7a1807c1ac98ccf0eecf5078d61346ac9a94ca37a547f5708d580528c9e55c0,/Users/user/mobbin-sides/screen-flows/apple-wallet/011-apple-wallet-open-a-savings-account-64f759f1-9070-4da7-a396-475d474b5d1a/009-d9c1faa0-cf6b-407d-a02f-67c155ee83ff-downloadableSrc-ed6ef23caecd.webp
64f759f1-9070-4da7-a396-475d474b5d1a,Open a savings account,bc652a0b-b680-4ce8-9fdb-b28ca6ea6d8d,Apple Wallet,ab6db0fe-8aa0-4672-b265-173bce58be55,8,10,1ce671c3-30bb-48d0-92e9-465d600af5d8,true,downloadableSrc,200,image/webp,49766,49766,dcaa1add73d6d5558c3d4b1784263fc53433a1f0059b5fbe9fe63023b08c3f81,1206,2742,,,bytescale.mobbin.com,f7a1807c1ac98ccf0eecf5078d61346ac9a94ca37a547f5708d580528c9e55c0,/Users/user/mobbin-sides/screen-flows/apple-wallet/011-apple-wallet-open-a-savings-account-64f759f1-9070-4da7-a396-475d474b5d1a/010-1ce671c3-30bb-48d0-92e9-465d600af5d8-downloadableSrc-dcaa1add73d6.webp
e99b4d4f-0f31-4ca6-8096-21bda746ad59,Merchant benefits,bc652a0b-b680-4ce8-9fdb-b28ca6ea6d8d,Apple Wallet,ab6db0fe-8aa0-4672-b265-173bce58be55,0,1,0c808ec4-64ed-42aa-aab6-8ee5d779a4d5,true,downloadableSrc,200,image/webp,85908,85908,69576f203051040dbb86f7682f5bc3cc8147365b8d32c4c97354fb666327c6d3,1206,2742,,,bytescale.mobbin.com,f7a1807c1ac98ccf0eecf5078d61346ac9a94ca37a547f5708d580528c9e55c0,/Users/user/mobbin-sides/screen-flows/apple-wallet/012-apple-wallet-merchant-benefits-e99b4d4f-0f31-4ca6-8096-21bda746ad59/001-0c808ec4-64ed-42aa-aab6-8ee5d779a4d5-downloadableSrc-69576f203051.webp
e99b4d4f-0f31-4ca6-8096-21bda746ad59,Merchant benefits,bc652a0b-b680-4ce8-9fdb-b28ca6ea6d8d,Apple Wallet,ab6db0fe-8aa0-4672-b265-173bce58be55,1,2,2346fba5-c235-4baf-aa0b-6fd84059c5fc,true,downloadableSrc,200,image/webp,130736,130736,deb97987811cad9865ea98b034bcbf7fcb7b3ba2cba69ca0a551c7f08df6424c,1206,2742,,,bytescale.mobbin.com,f7a1807c1ac98ccf0eecf5078d61346ac9a94ca37a547f5708d580528c9e55c0,/Users/user/mobbin-sides/screen-flows/apple-wallet/012-apple-wallet-merchant-benefits-e99b4d4f-0f31-4ca6-8096-21bda746ad59/002-2346fba5-c235-4baf-aa0b-6fd84059c5fc-downloadableSrc-deb97987811c.webp
4f28647a-b9f5-4b84-8514-3b0d4289777c,Payment due,bc652a0b-b680-4ce8-9fdb-b28ca6ea6d8d,Apple Wallet,ab6db0fe-8aa0-4672-b265-173bce58be55,0,1,23c06c82-2da7-4f30-9458-3e7c7e95b179,true,downloadableSrc,200,image/webp,71166,71166,2ef8dd9688c2bbdc04b5d6d450f1001837fa18a9625aaa09496d9a3f98f7c3e3,1206,2742,,,bytescale.mobbin.com,f7a1807c1ac98ccf0eecf5078d61346ac9a94ca37a547f5708d580528c9e55c0,/Users/user/mobbin-sides/screen-flows/apple-wallet/013-apple-wallet-payment-due-4f28647a-b9f5-4b84-8514-3b0d4289777c/001-23c06c82-2da7-4f30-9458-3e7c7e95b179-downloadableSrc-2ef8dd9688c2.webp
4f28647a-b9f5-4b84-8514-3b0d4289777c,Payment due,bc652a0b-b680-4ce8-9fdb-b28ca6ea6d8d,Apple Wallet,ab6db0fe-8aa0-4672-b265-173bce58be55,1,2,609e6ca0-4bce-4d32-ab64-db6026c5da93,true,downloadableSrc,200,image/webp,47374,47374,19cb3dc75ea314699a4b0b1fba1e4c4c72a3d307bc75262ad1867e7342a1367a,1206,2742,,,bytescale.mobbin.com,f7a1807c1ac98ccf0eecf5078d61346ac9a94ca37a547f5708d580528c9e55c0,/Users/user/mobbin-sides/screen-flows/apple-wallet/013-apple-wallet-payment-due-4f28647a-b9f5-4b84-8514-3b0d4289777c/002-609e6ca0-4bce-4d32-ab64-db6026c5da93-downloadableSrc-19cb3dc75ea3.webp
4f28647a-b9f5-4b84-8514-3b0d4289777c,Payment due,bc652a0b-b680-4ce8-9fdb-b28ca6ea6d8d,Apple Wallet,ab6db0fe-8aa0-4672-b265-173bce58be55,2,3,d93e35d7-ab42-4dd5-a721-bdaea8b573a2,true,downloadableSrc,200,image/webp,73684,73684,f02861f253f351ff8917724befc49ac39a98b64ca6adf40ac075585cbb63fe71,1206,2742,,,bytescale.mobbin.com,f7a1807c1ac98ccf0eecf5078d61346ac9a94ca37a547f5708d580528c9e55c0,/Users/user/mobbin-sides/screen-flows/apple-wallet/013-apple-wallet-payment-due-4f28647a-b9f5-4b84-8514-3b0d4289777c/003-d93e35d7-ab42-4dd5-a721-bdaea8b573a2-downloadableSrc-f02861f253f3.webp
bbe42d1a-e820-4bef-b0b5-07c7af82605d,Paying a balance,bc652a0b-b680-4ce8-9fdb-b28ca6ea6d8d,Apple Wallet,ab6db0fe-8aa0-4672-b265-173bce58be55,0,1,d93e35d7-ab42-4dd5-a721-bdaea8b573a2,true,downloadableSrc,200,image/webp,73684,73684,f02861f253f351ff8917724befc49ac39a98b64ca6adf40ac075585cbb63fe71,1206,2742,,,bytescale.mobbin.com,f7a1807c1ac98ccf0eecf5078d61346ac9a94ca37a547f5708d580528c9e55c0,/Users/user/mobbin-sides/screen-flows/apple-wallet/014-apple-wallet-paying-a-balance-bbe42d1a-e820-4bef-b0b5-07c7af82605d/001-d93e35d7-ab42-4dd5-a721-bdaea8b573a2-downloadableSrc-f02861f253f3.webp
bbe42d1a-e820-4bef-b0b5-07c7af82605d,Paying a balance,bc652a0b-b680-4ce8-9fdb-b28ca6ea6d8d,Apple Wallet,ab6db0fe-8aa0-4672-b265-173bce58be55,1,2,dc4557d7-1436-4d90-aef0-70848e2f2332,true,downloadableSrc,200,image/webp,45018,45018,aa0d985c6bbcad1e1d5fecfba32a610ba9952530ac20045aac86514e1259d574,1206,2742,,,bytescale.mobbin.com,f7a1807c1ac98ccf0eecf5078d61346ac9a94ca37a547f5708d580528c9e55c0,/Users/user/mobbin-sides/screen-flows/apple-wallet/014-apple-wallet-paying-a-balance-bbe42d1a-e820-4bef-b0b5-07c7af82605d/002-dc4557d7-1436-4d90-aef0-70848e2f2332-downloadableSrc-aa0d985c6bbc.webp
bbe42d1a-e820-4bef-b0b5-07c7af82605d,Paying a balance,bc652a0b-b680-4ce8-9fdb-b28ca6ea6d8d,Apple Wallet,ab6db0fe-8aa0-4672-b265-173bce58be55,2,3,85857067-bcd5-4d48-8c00-fdb4006129fd,true,downloadableSrc,200,image/webp,45960,45960,82ce9c117be401d7eb000e4b9281ee32e697b20d1f5d3d44ad3314aa85779cc1,1206,2742,,,bytescale.mobbin.com,f7a1807c1ac98ccf0eecf5078d61346ac9a94ca37a547f5708d580528c9e55c0,/Users/user/mobbin-sides/screen-flows/apple-wallet/014-apple-wallet-paying-a-balance-bbe42d1a-e820-4bef-b0b5-07c7af82605d/003-85857067-bcd5-4d48-8c00-fdb4006129fd-downloadableSrc-82ce9c117be4.webp
bbe42d1a-e820-4bef-b0b5-07c7af82605d,Paying a balance,bc652a0b-b680-4ce8-9fdb-b28ca6ea6d8d,Apple Wallet,ab6db0fe-8aa0-4672-b265-173bce58be55,3,4,5595f01a-1104-407b-b1f5-158a1becf509,true,downloadableSrc,200,image/webp,41406,41406,fab5b11cf4a3a5f4d2734213462a242be57a1183ab7334e3a7af474228ecab6c,1206,2742,,,bytescale.mobbin.com,f7a1807c1ac98ccf0eecf5078d61346ac9a94ca37a547f5708d580528c9e55c0,/Users/user/mobbin-sides/screen-flows/apple-wallet/014-apple-wallet-paying-a-balance-bbe42d1a-e820-4bef-b0b5-07c7af82605d/004-5595f01a-1104-407b-b1f5-158a1becf509-downloadableSrc-fab5b11cf4a3.webp
bbe42d1a-e820-4bef-b0b5-07c7af82605d,Paying a balance,bc652a0b-b680-4ce8-9fdb-b28ca6ea6d8d,Apple Wallet,ab6db0fe-8aa0-4672-b265-173bce58be55,4,5,25fc692d-19a1-4de4-a63f-b0a6ecca0bd6,true,downloadableSrc,200,image/webp,39452,39452,a42e337ae2ae8afa86cd24963d2dcfab4ffff1a5b0e86f9d9019c22b2594635f,1206,2742,,,bytescale.mobbin.com,f7a1807c1ac98ccf0eecf5078d61346ac9a94ca37a547f5708d580528c9e55c0,/Users/user/mobbin-sides/screen-flows/apple-wallet/014-apple-wallet-paying-a-balance-bbe42d1a-e820-4bef-b0b5-07c7af82605d/005-25fc692d-19a1-4de4-a63f-b0a6ecca0bd6-downloadableSrc-a42e337ae2ae.webp
bbe42d1a-e820-4bef-b0b5-07c7af82605d,Paying a balance,bc652a0b-b680-4ce8-9fdb-b28ca6ea6d8d,Apple Wallet,ab6db0fe-8aa0-4672-b265-173bce58be55,5,6,a0767397-5473-4536-944a-d4d3bdc48958,true,downloadableSrc,200,image/webp,74840,74840,d97c0a8b48929b4e2f28f2eb94c68459e5bea6f497d4b2281ed26601a62e8187,1206,2742,,,bytescale.mobbin.com,f7a1807c1ac98ccf0eecf5078d61346ac9a94ca37a547f5708d580528c9e55c0,/Users/user/mobbin-sides/screen-flows/apple-wallet/014-apple-wallet-paying-a-balance-bbe42d1a-e820-4bef-b0b5-07c7af82605d/006-a0767397-5473-4536-944a-d4d3bdc48958-downloadableSrc-d97c0a8b4892.webp
eca33cf2-118b-4ef8-846f-567db3148bb0,Editing amount,bc652a0b-b680-4ce8-9fdb-b28ca6ea6d8d,Apple Wallet,ab6db0fe-8aa0-4672-b265-173bce58be55,0,1,dc4557d7-1436-4d90-aef0-70848e2f2332,true,downloadableSrc,200,image/webp,45018,45018,aa0d985c6bbcad1e1d5fecfba32a610ba9952530ac20045aac86514e1259d574,1206,2742,,,bytescale.mobbin.com,f7a1807c1ac98ccf0eecf5078d61346ac9a94ca37a547f5708d580528c9e55c0,/Users/user/mobbin-sides/screen-flows/apple-wallet/015-apple-wallet-editing-amount-eca33cf2-118b-4ef8-846f-567db3148bb0/001-dc4557d7-1436-4d90-aef0-70848e2f2332-downloadableSrc-aa0d985c6bbc.webp
eca33cf2-118b-4ef8-846f-567db3148bb0,Editing amount,bc652a0b-b680-4ce8-9fdb-b28ca6ea6d8d,Apple Wallet,ab6db0fe-8aa0-4672-b265-173bce58be55,1,2,e4d05cdc-2267-4205-9e65-8a3ea40dcba0,true,downloadableSrc,200,image/webp,42614,42614,9d26cdb4afbba918c973362bbed65fea802a3983d7049e3ca090f656e5781dd1,1206,2742,,,bytescale.mobbin.com,f7a1807c1ac98ccf0eecf5078d61346ac9a94ca37a547f5708d580528c9e55c0,/Users/user/mobbin-sides/screen-flows/apple-wallet/015-apple-wallet-editing-amount-eca33cf2-118b-4ef8-846f-567db3148bb0/002-e4d05cdc-2267-4205-9e65-8a3ea40dcba0-downloadableSrc-9d26cdb4afbb.webp
ff145366-1efe-457a-a0f9-df22b5954da9,Transaction history,bc652a0b-b680-4ce8-9fdb-b28ca6ea6d8d,Apple Wallet,ab6db0fe-8aa0-4672-b265-173bce58be55,0,1,23c06c82-2da7-4f30-9458-3e7c7e95b179,true,downloadableSrc,200,image/webp,71166,71166,2ef8dd9688c2bbdc04b5d6d450f1001837fa18a9625aaa09496d9a3f98f7c3e3,1206,2742,,,bytescale.mobbin.com,f7a1807c1ac98ccf0eecf5078d61346ac9a94ca37a547f5708d580528c9e55c0,/Users/user/mobbin-sides/screen-flows/apple-wallet/016-apple-wallet-transaction-history-ff145366-1efe-457a-a0f9-df22b5954da9/001-23c06c82-2da7-4f30-9458-3e7c7e95b179-downloadableSrc-2ef8dd9688c2.webp
ff145366-1efe-457a-a0f9-df22b5954da9,Transaction history,bc652a0b-b680-4ce8-9fdb-b28ca6ea6d8d,Apple Wallet,ab6db0fe-8aa0-4672-b265-173bce58be55,1,2,a2c998ef-622b-4788-a14e-b6d7201aaf75,true,downloadableSrc,200,image/webp,147552,147552,78da40cb05b2c5eb29187b03083df7d780ddf23cfc9009fb6013abacf1755011,1206,2742,,,bytescale.mobbin.com,f7a1807c1ac98ccf0eecf5078d61346ac9a94ca37a547f5708d580528c9e55c0,/Users/user/mobbin-sides/screen-flows/apple-wallet/016-apple-wallet-transaction-history-ff145366-1efe-457a-a0f9-df22b5954da9/002-a2c998ef-622b-4788-a14e-b6d7201aaf75-downloadableSrc-78da40cb05b2.webp
ff145366-1efe-457a-a0f9-df22b5954da9,Transaction history,bc652a0b-b680-4ce8-9fdb-b28ca6ea6d8d,Apple Wallet,ab6db0fe-8aa0-4672-b265-173bce58be55,2,3,9a845a0c-aeba-4a68-9edb-c922ba3a7dfb,true,downloadableSrc,200,image/webp,67472,67472,c192ea21c2ebf55f5c7bd40b4caf11a36ea9af4ad9b6d148f015201c1d235735,1206,2742,,,bytescale.mobbin.com,f7a1807c1ac98ccf0eecf5078d61346ac9a94ca37a547f5708d580528c9e55c0,/Users/user/mobbin-sides/screen-flows/apple-wallet/016-apple-wallet-transaction-history-ff145366-1efe-457a-a0f9-df22b5954da9/003-9a845a0c-aeba-4a68-9edb-c922ba3a7dfb-downloadableSrc-c192ea21c2eb.webp
9e942fd2-b19d-4163-91c5-d5c41a7ca6b9,Transaction detail,bc652a0b-b680-4ce8-9fdb-b28ca6ea6d8d,Apple Wallet,ab6db0fe-8aa0-4672-b265-173bce58be55,0,1,a2c998ef-622b-4788-a14e-b6d7201aaf75,true,downloadableSrc,200,image/webp,147552,147552,78da40cb05b2c5eb29187b03083df7d780ddf23cfc9009fb6013abacf1755011,1206,2742,,,bytescale.mobbin.com,f7a1807c1ac98ccf0eecf5078d61346ac9a94ca37a547f5708d580528c9e55c0,/Users/user/mobbin-sides/screen-flows/apple-wallet/017-apple-wallet-transaction-detail-9e942fd2-b19d-4163-91c5-d5c41a7ca6b9/001-a2c998ef-622b-4788-a14e-b6d7201aaf75-downloadableSrc-78da40cb05b2.webp
9e942fd2-b19d-4163-91c5-d5c41a7ca6b9,Transaction detail,bc652a0b-b680-4ce8-9fdb-b28ca6ea6d8d,Apple Wallet,ab6db0fe-8aa0-4672-b265-173bce58be55,1,2,61758198-3b21-4e8b-9d9f-d3c299e6cb64,true,downloadableSrc,200,image/webp,98772,98772,c5d68a24d59a8986c1d07d1f77408f5bb2def238584f30f7a8144045020cf549,1206,2742,,,bytescale.mobbin.com,f7a1807c1ac98ccf0eecf5078d61346ac9a94ca37a547f5708d580528c9e55c0,/Users/user/mobbin-sides/screen-flows/apple-wallet/017-apple-wallet-transaction-detail-9e942fd2-b19d-4163-91c5-d5c41a7ca6b9/002-61758198-3b21-4e8b-9d9f-d3c299e6cb64-downloadableSrc-c5d68a24d59a.webp
9e942fd2-b19d-4163-91c5-d5c41a7ca6b9,Transaction detail,bc652a0b-b680-4ce8-9fdb-b28ca6ea6d8d,Apple Wallet,ab6db0fe-8aa0-4672-b265-173bce58be55,2,3,3b29e0d1-9ce1-4b0b-83aa-d394a3de3017,true,downloadableSrc,200,image/webp,96120,96120,e72f137dac7bf0eea6a3f19a17fab5c3406e07c67e6d4b2e32c6622bfe4ea11f,1206,2742,,,bytescale.mobbin.com,f7a1807c1ac98ccf0eecf5078d61346ac9a94ca37a547f5708d580528c9e55c0,/Users/user/mobbin-sides/screen-flows/apple-wallet/017-apple-wallet-transaction-detail-9e942fd2-b19d-4163-91c5-d5c41a7ca6b9/003-3b29e0d1-9ce1-4b0b-83aa-d394a3de3017-downloadableSrc-e72f137dac7b.webp
e8066cbc-7abc-41b4-92b4-049825ba234b,Changing a transaction category,bc652a0b-b680-4ce8-9fdb-b28ca6ea6d8d,Apple Wallet,ab6db0fe-8aa0-4672-b265-173bce58be55,0,1,3b29e0d1-9ce1-4b0b-83aa-d394a3de3017,true,downloadableSrc,200,image/webp,96120,96120,e72f137dac7bf0eea6a3f19a17fab5c3406e07c67e6d4b2e32c6622bfe4ea11f,1206,2742,,,bytescale.mobbin.com,f7a1807c1ac98ccf0eecf5078d61346ac9a94ca37a547f5708d580528c9e55c0,/Users/user/mobbin-sides/screen-flows/apple-wallet/018-apple-wallet-changing-a-transaction-category-e8066cbc-7abc-41b4-92b4-049825ba234b/001-3b29e0d1-9ce1-4b0b-83aa-d394a3de3017-downloadableSrc-e72f137dac7b.webp
e8066cbc-7abc-41b4-92b4-049825ba234b,Changing a transaction category,bc652a0b-b680-4ce8-9fdb-b28ca6ea6d8d,Apple Wallet,ab6db0fe-8aa0-4672-b265-173bce58be55,1,2,b18dc3f9-ff03-4e74-b9fd-2ed5ea2e07f1,true,downloadableSrc,200,image/webp,82342,82342,40f6c26bb80ba0b32ee71701cd14bbd953d1eb5c88f318e65dd6ae5aa4eada5e,1206,2742,,,bytescale.mobbin.com,f7a1807c1ac98ccf0eecf5078d61346ac9a94ca37a547f5708d580528c9e55c0,/Users/user/mobbin-sides/screen-flows/apple-wallet/018-apple-wallet-changing-a-transaction-category-e8066cbc-7abc-41b4-92b4-049825ba234b/002-b18dc3f9-ff03-4e74-b9fd-2ed5ea2e07f1-downloadableSrc-40f6c26bb80b.webp
e8066cbc-7abc-41b4-92b4-049825ba234b,Changing a transaction category,bc652a0b-b680-4ce8-9fdb-b28ca6ea6d8d,Apple Wallet,ab6db0fe-8aa0-4672-b265-173bce58be55,2,3,e361ae04-58ef-4e4f-90ab-40b5af9d36f2,true,downloadableSrc,200,image/webp,112192,112192,92fb998ff03090ccd6084cc545ce35c2911ff76493df3c7c906f84c9e9e1678a,1206,2742,,,bytescale.mobbin.com,f7a1807c1ac98ccf0eecf5078d61346ac9a94ca37a547f5708d580528c9e55c0,/Users/user/mobbin-sides/screen-flows/apple-wallet/018-apple-wallet-changing-a-transaction-category-e8066cbc-7abc-41b4-92b4-049825ba234b/003-e361ae04-58ef-4e4f-90ab-40b5af9d36f2-downloadableSrc-92fb998ff030.webp
e8066cbc-7abc-41b4-92b4-049825ba234b,Changing a transaction category,bc652a0b-b680-4ce8-9fdb-b28ca6ea6d8d,Apple Wallet,ab6db0fe-8aa0-4672-b265-173bce58be55,3,4,0206149c-dba2-4890-be89-fcde9626fc90,true,downloadableSrc,200,image/webp,96010,96010,92b4ecc9a94a16d11e833407979907cac5c5eaa785809fed502207bc18c2f6a2,1206,2742,,,bytescale.mobbin.com,f7a1807c1ac98ccf0eecf5078d61346ac9a94ca37a547f5708d580528c9e55c0,/Users/user/mobbin-sides/screen-flows/apple-wallet/018-apple-wallet-changing-a-transaction-category-e8066cbc-7abc-41b4-92b4-049825ba234b/004-0206149c-dba2-4890-be89-fcde9626fc90-downloadableSrc-92b4ecc9a94a.webp
e8066cbc-7abc-41b4-92b4-049825ba234b,Changing a transaction category,bc652a0b-b680-4ce8-9fdb-b28ca6ea6d8d,Apple Wallet,ab6db0fe-8aa0-4672-b265-173bce58be55,4,5,a8676354-a964-47a0-a965-b03c67ecb943,true,downloadableSrc,200,image/webp,147498,147498,d556823cf247ee3264916110c6184bb8773c1c64e561e8aac2457167afc42920,1206,2742,,,bytescale.mobbin.com,f7a1807c1ac98ccf0eecf5078d61346ac9a94ca37a547f5708d580528c9e55c0,/Users/user/mobbin-sides/screen-flows/apple-wallet/018-apple-wallet-changing-a-transaction-category-e8066cbc-7abc-41b4-92b4-049825ba234b/005-a8676354-a964-47a0-a965-b03c67ecb943-downloadableSrc-d556823cf247.webp
6c242362-3b15-43b5-b1a4-6b5b67b4eb98,Report an issue,bc652a0b-b680-4ce8-9fdb-b28ca6ea6d8d,Apple Wallet,ab6db0fe-8aa0-4672-b265-173bce58be55,0,1,3b29e0d1-9ce1-4b0b-83aa-d394a3de3017,true,downloadableSrc,200,image/webp,96120,96120,e72f137dac7bf0eea6a3f19a17fab5c3406e07c67e6d4b2e32c6622bfe4ea11f,1206,2742,,,bytescale.mobbin.com,f7a1807c1ac98ccf0eecf5078d61346ac9a94ca37a547f5708d580528c9e55c0,/Users/user/mobbin-sides/screen-flows/apple-wallet/019-apple-wallet-report-an-issue-6c242362-3b15-43b5-b1a4-6b5b67b4eb98/001-3b29e0d1-9ce1-4b0b-83aa-d394a3de3017-downloadableSrc-e72f137dac7b.webp
6c242362-3b15-43b5-b1a4-6b5b67b4eb98,Report an issue,bc652a0b-b680-4ce8-9fdb-b28ca6ea6d8d,Apple Wallet,ab6db0fe-8aa0-4672-b265-173bce58be55,1,2,d569ad59-a653-4c96-9a20-4b60650c8d6e,true,downloadableSrc,200,image/webp,50146,50146,7a608dbea09e19c293cd25c0a5d521dbf60978cb112ab0e1a1c6900ffaf83b1a,1206,2742,,,bytescale.mobbin.com,f7a1807c1ac98ccf0eecf5078d61346ac9a94ca37a547f5708d580528c9e55c0,/Users/user/mobbin-sides/screen-flows/apple-wallet/019-apple-wallet-report-an-issue-6c242362-3b15-43b5-b1a4-6b5b67b4eb98/002-d569ad59-a653-4c96-9a20-4b60650c8d6e-downloadableSrc-7a608dbea09e.webp
6c242362-3b15-43b5-b1a4-6b5b67b4eb98,Report an issue,bc652a0b-b680-4ce8-9fdb-b28ca6ea6d8d,Apple Wallet,ab6db0fe-8aa0-4672-b265-173bce58be55,2,3,57d13bb9-8cf3-47fb-88e4-82ba3ba4865a,true,downloadableSrc,200,image/webp,51372,51372,04c966e3e5172c9e62521083224d7a89afe51f8f842fca5ae50b4aa3d12a434b,1206,2742,,,bytescale.mobbin.com,f7a1807c1ac98ccf0eecf5078d61346ac9a94ca37a547f5708d580528c9e55c0,/Users/user/mobbin-sides/screen-flows/apple-wallet/019-apple-wallet-report-an-issue-6c242362-3b15-43b5-b1a4-6b5b67b4eb98/003-57d13bb9-8cf3-47fb-88e4-82ba3ba4865a-downloadableSrc-04c966e3e517.webp
3133c089-86af-4988-ad99-88ca8d711f24,Filtering transactions,bc652a0b-b680-4ce8-9fdb-b28ca6ea6d8d,Apple Wallet,ab6db0fe-8aa0-4672-b265-173bce58be55,0,1,8e1140ce-48dc-4e3d-82b5-a9ce2216f2f0,true,downloadableSrc,200,image/webp,97260,97260,b36edc1c7110a3a81626b11205f0e74ea0e03c61b86ca2864337d918707ddf14,1206,2742,,,bytescale.mobbin.com,f7a1807c1ac98ccf0eecf5078d61346ac9a94ca37a547f5708d580528c9e55c0,/Users/user/mobbin-sides/screen-flows/apple-wallet/020-apple-wallet-filtering-transactions-3133c089-86af-4988-ad99-88ca8d711f24/001-8e1140ce-48dc-4e3d-82b5-a9ce2216f2f0-downloadableSrc-b36edc1c7110.webp
3133c089-86af-4988-ad99-88ca8d711f24,Filtering transactions,bc652a0b-b680-4ce8-9fdb-b28ca6ea6d8d,Apple Wallet,ab6db0fe-8aa0-4672-b265-173bce58be55,1,2,03ea7ba3-bb2b-4dbb-ba9f-ca7cf7520598,true,downloadableSrc,200,image/webp,107566,107566,786759659affcb8878cb97cf059b55ecc9361433225db618891b7ddc4239b11f,1206,2742,,,bytescale.mobbin.com,f7a1807c1ac98ccf0eecf5078d61346ac9a94ca37a547f5708d580528c9e55c0,/Users/user/mobbin-sides/screen-flows/apple-wallet/020-apple-wallet-filtering-transactions-3133c089-86af-4988-ad99-88ca8d711f24/002-03ea7ba3-bb2b-4dbb-ba9f-ca7cf7520598-downloadableSrc-786759659aff.webp
3133c089-86af-4988-ad99-88ca8d711f24,Filtering transactions,bc652a0b-b680-4ce8-9fdb-b28ca6ea6d8d,Apple Wallet,ab6db0fe-8aa0-4672-b265-173bce58be55,2,3,4779808d-9a0c-4e4d-bf70-99e7411540f4,true,downloadableSrc,200,image/webp,100816,100816,090606154f7dc25384cdf8981cfd97823f2bc80270947236a3789694567d5874,1206,2742,,,bytescale.mobbin.com,f7a1807c1ac98ccf0eecf5078d61346ac9a94ca37a547f5708d580528c9e55c0,/Users/user/mobbin-sides/screen-flows/apple-wallet/020-apple-wallet-filtering-transactions-3133c089-86af-4988-ad99-88ca8d711f24/003-4779808d-9a0c-4e4d-bf70-99e7411540f4-downloadableSrc-090606154f7d.webp
5366537d-bc7b-45b8-a7ad-70be0df34a2f,Card numbers,bc652a0b-b680-4ce8-9fdb-b28ca6ea6d8d,Apple Wallet,ab6db0fe-8aa0-4672-b265-173bce58be55,0,1,23c06c82-2da7-4f30-9458-3e7c7e95b179,true,downloadableSrc,200,image/webp,71166,71166,2ef8dd9688c2bbdc04b5d6d450f1001837fa18a9625aaa09496d9a3f98f7c3e3,1206,2742,,,bytescale.mobbin.com,f7a1807c1ac98ccf0eecf5078d61346ac9a94ca37a547f5708d580528c9e55c0,/Users/user/mobbin-sides/screen-flows/apple-wallet/021-apple-wallet-card-numbers-5366537d-bc7b-45b8-a7ad-70be0df34a2f/001-23c06c82-2da7-4f30-9458-3e7c7e95b179-downloadableSrc-2ef8dd9688c2.webp
5366537d-bc7b-45b8-a7ad-70be0df34a2f,Card numbers,bc652a0b-b680-4ce8-9fdb-b28ca6ea6d8d,Apple Wallet,ab6db0fe-8aa0-4672-b265-173bce58be55,1,2,717476ca-4ca8-414e-9dfa-889e04ab4113,true,downloadableSrc,200,image/webp,73738,73738,f55086e2cb665d42605a4626ad12fbff1387ede5dd223e4deaeb8d0fb930d9ed,1206,2742,,,bytescale.mobbin.com,f7a1807c1ac98ccf0eecf5078d61346ac9a94ca37a547f5708d580528c9e55c0,/Users/user/mobbin-sides/screen-flows/apple-wallet/021-apple-wallet-card-numbers-5366537d-bc7b-45b8-a7ad-70be0df34a2f/002-717476ca-4ca8-414e-9dfa-889e04ab4113-downloadableSrc-f55086e2cb66.webp
faf325c6-683f-4c13-bbfc-9b304d93c312,Request a new card number,bc652a0b-b680-4ce8-9fdb-b28ca6ea6d8d,Apple Wallet,ab6db0fe-8aa0-4672-b265-173bce58be55,0,1,717476ca-4ca8-414e-9dfa-889e04ab4113,true,downloadableSrc,200,image/webp,73738,73738,f55086e2cb665d42605a4626ad12fbff1387ede5dd223e4deaeb8d0fb930d9ed,1206,2742,,,bytescale.mobbin.com,f7a1807c1ac98ccf0eecf5078d61346ac9a94ca37a547f5708d580528c9e55c0,/Users/user/mobbin-sides/screen-flows/apple-wallet/022-apple-wallet-request-a-new-card-number-faf325c6-683f-4c13-bbfc-9b304d93c312/001-717476ca-4ca8-414e-9dfa-889e04ab4113-downloadableSrc-f55086e2cb66.webp
faf325c6-683f-4c13-bbfc-9b304d93c312,Request a new card number,bc652a0b-b680-4ce8-9fdb-b28ca6ea6d8d,Apple Wallet,ab6db0fe-8aa0-4672-b265-173bce58be55,1,2,784b6c62-29d0-4ec3-bfd3-ad1e040edbd0,true,downloadableSrc,200,image/webp,72306,72306,08dc2b285c0295636c0b3a13f9a4befba9bbbc5d8efce94cd3bb79bfed946bfb,1206,2742,,,bytescale.mobbin.com,f7a1807c1ac98ccf0eecf5078d61346ac9a94ca37a547f5708d580528c9e55c0,/Users/user/mobbin-sides/screen-flows/apple-wallet/022-apple-wallet-request-a-new-card-number-faf325c6-683f-4c13-bbfc-9b304d93c312/002-784b6c62-29d0-4ec3-bfd3-ad1e040edbd0-downloadableSrc-08dc2b285c02.webp
1525917c-fcf1-4d8a-9564-75d52cbdf78e,Turning on fraud protection,bc652a0b-b680-4ce8-9fdb-b28ca6ea6d8d,Apple Wallet,ab6db0fe-8aa0-4672-b265-173bce58be55,0,1,717476ca-4ca8-414e-9dfa-889e04ab4113,true,downloadableSrc,200,image/webp,73738,73738,f55086e2cb665d42605a4626ad12fbff1387ede5dd223e4deaeb8d0fb930d9ed,1206,2742,,,bytescale.mobbin.com,f7a1807c1ac98ccf0eecf5078d61346ac9a94ca37a547f5708d580528c9e55c0,/Users/user/mobbin-sides/screen-flows/apple-wallet/023-apple-wallet-turning-on-fraud-protection-1525917c-fcf1-4d8a-9564-75d52cbdf78e/001-717476ca-4ca8-414e-9dfa-889e04ab4113-downloadableSrc-f55086e2cb66.webp
1525917c-fcf1-4d8a-9564-75d52cbdf78e,Turning on fraud protection,bc652a0b-b680-4ce8-9fdb-b28ca6ea6d8d,Apple Wallet,ab6db0fe-8aa0-4672-b265-173bce58be55,1,2,b924c200-5a11-499c-9c1c-71ef78b8b12e,true,downloadableSrc,200,image/webp,74442,74442,5c99b827f13dd7e99f6dc49e289b52a00c6d3039cf7b049554e2cf17e4b01be5,1206,2742,,,bytescale.mobbin.com,f7a1807c1ac98ccf0eecf5078d61346ac9a94ca37a547f5708d580528c9e55c0,/Users/user/mobbin-sides/screen-flows/apple-wallet/023-apple-wallet-turning-on-fraud-protection-1525917c-fcf1-4d8a-9564-75d52cbdf78e/002-b924c200-5a11-499c-9c1c-71ef78b8b12e-downloadableSrc-5c99b827f13d.webp
c83eee9b-8312-4529-861f-436fecc07df1,Additional card numbers,bc652a0b-b680-4ce8-9fdb-b28ca6ea6d8d,Apple Wallet,ab6db0fe-8aa0-4672-b265-173bce58be55,0,1,717476ca-4ca8-414e-9dfa-889e04ab4113,true,downloadableSrc,200,image/webp,73738,73738,f55086e2cb665d42605a4626ad12fbff1387ede5dd223e4deaeb8d0fb930d9ed,1206,2742,,,bytescale.mobbin.com,f7a1807c1ac98ccf0eecf5078d61346ac9a94ca37a547f5708d580528c9e55c0,/Users/user/mobbin-sides/screen-flows/apple-wallet/024-apple-wallet-additional-card-numbers-c83eee9b-8312-4529-861f-436fecc07df1/001-717476ca-4ca8-414e-9dfa-889e04ab4113-downloadableSrc-f55086e2cb66.webp
c83eee9b-8312-4529-861f-436fecc07df1,Additional card numbers,bc652a0b-b680-4ce8-9fdb-b28ca6ea6d8d,Apple Wallet,ab6db0fe-8aa0-4672-b265-173bce58be55,1,2,f6b9a191-212c-4088-bdd8-da149757efa0,true,downloadableSrc,200,image/webp,35434,35434,58297cbd3581da38e5246b3b5ab441964c1df63f94147ee113d9a86cd75c33ce,1206,2742,,,bytescale.mobbin.com,f7a1807c1ac98ccf0eecf5078d61346ac9a94ca37a547f5708d580528c9e55c0,/Users/user/mobbin-sides/screen-flows/apple-wallet/024-apple-wallet-additional-card-numbers-c83eee9b-8312-4529-861f-436fecc07df1/002-f6b9a191-212c-4088-bdd8-da149757efa0-downloadableSrc-58297cbd3581.webp
d2164fd3-1d2b-4605-a071-2f534a638d41,Searching transactions,bc652a0b-b680-4ce8-9fdb-b28ca6ea6d8d,Apple Wallet,ab6db0fe-8aa0-4672-b265-173bce58be55,0,1,23c06c82-2da7-4f30-9458-3e7c7e95b179,true,downloadableSrc,200,image/webp,71166,71166,2ef8dd9688c2bbdc04b5d6d450f1001837fa18a9625aaa09496d9a3f98f7c3e3,1206,2742,,,bytescale.mobbin.com,f7a1807c1ac98ccf0eecf5078d61346ac9a94ca37a547f5708d580528c9e55c0,/Users/user/mobbin-sides/screen-flows/apple-wallet/025-apple-wallet-searching-transactions-d2164fd3-1d2b-4605-a071-2f534a638d41/001-23c06c82-2da7-4f30-9458-3e7c7e95b179-downloadableSrc-2ef8dd9688c2.webp
d2164fd3-1d2b-4605-a071-2f534a638d41,Searching transactions,bc652a0b-b680-4ce8-9fdb-b28ca6ea6d8d,Apple Wallet,ab6db0fe-8aa0-4672-b265-173bce58be55,1,2,c6cd65b6-6034-4631-97f9-b1baecfdf52a,true,downloadableSrc,200,image/webp,78798,78798,805af09f276ca19250feae9c407fbb28b33138a28048d6ecefb88d7fdfd526d8,1206,2742,,,bytescale.mobbin.com,f7a1807c1ac98ccf0eecf5078d61346ac9a94ca37a547f5708d580528c9e55c0,/Users/user/mobbin-sides/screen-flows/apple-wallet/025-apple-wallet-searching-transactions-d2164fd3-1d2b-4605-a071-2f534a638d41/002-c6cd65b6-6034-4631-97f9-b1baecfdf52a-downloadableSrc-805af09f276c.webp
d2164fd3-1d2b-4605-a071-2f534a638d41,Searching transactions,bc652a0b-b680-4ce8-9fdb-b28ca6ea6d8d,Apple Wallet,ab6db0fe-8aa0-4672-b265-173bce58be55,2,3,737a8e67-a695-4a54-be38-67bd65bf84f5,true,downloadableSrc,200,image/webp,71932,71932,52b337d928c875f9239dcd91eece61931cfc70726bd4467de37dc96495826844,1206,2742,,,bytescale.mobbin.com,f7a1807c1ac98ccf0eecf5078d61346ac9a94ca37a547f5708d580528c9e55c0,/Users/user/mobbin-sides/screen-flows/apple-wallet/025-apple-wallet-searching-transactions-d2164fd3-1d2b-4605-a071-2f534a638d41/003-737a8e67-a695-4a54-be38-67bd65bf84f5-downloadableSrc-52b337d928c8.webp
d2164fd3-1d2b-4605-a071-2f534a638d41,Searching transactions,bc652a0b-b680-4ce8-9fdb-b28ca6ea6d8d,Apple Wallet,ab6db0fe-8aa0-4672-b265-173bce58be55,3,4,2396ddf1-a390-4aab-9c4d-69f7f84271d6,true,downloadableSrc,200,image/webp,72556,72556,a8504446ef06ac3435144cff6de5fafde6ac02aa814f59ac780952911507be1e,1206,2742,,,bytescale.mobbin.com,f7a1807c1ac98ccf0eecf5078d61346ac9a94ca37a547f5708d580528c9e55c0,/Users/user/mobbin-sides/screen-flows/apple-wallet/025-apple-wallet-searching-transactions-d2164fd3-1d2b-4605-a071-2f534a638d41/004-2396ddf1-a390-4aab-9c4d-69f7f84271d6-downloadableSrc-a8504446ef06.webp
f9571d52-cc73-41a9-901a-f00a9668e128,Setting up Autopay,bc652a0b-b680-4ce8-9fdb-b28ca6ea6d8d,Apple Wallet,ab6db0fe-8aa0-4672-b265-173bce58be55,0,1,23c06c82-2da7-4f30-9458-3e7c7e95b179,true,downloadableSrc,200,image/webp,71166,71166,2ef8dd9688c2bbdc04b5d6d450f1001837fa18a9625aaa09496d9a3f98f7c3e3,1206,2742,,,bytescale.mobbin.com,f7a1807c1ac98ccf0eecf5078d61346ac9a94ca37a547f5708d580528c9e55c0,/Users/user/mobbin-sides/screen-flows/apple-wallet/026-apple-wallet-setting-up-autopay-f9571d52-cc73-41a9-901a-f00a9668e128/001-23c06c82-2da7-4f30-9458-3e7c7e95b179-downloadableSrc-2ef8dd9688c2.webp
f9571d52-cc73-41a9-901a-f00a9668e128,Setting up Autopay,bc652a0b-b680-4ce8-9fdb-b28ca6ea6d8d,Apple Wallet,ab6db0fe-8aa0-4672-b265-173bce58be55,1,2,4c236223-264b-41bc-89ba-bee98aa99b49,true,downloadableSrc,200,image/webp,74956,74956,0efeb880be922e8e18373486b64d58c660f12f3cb7b25198bfbee8731e441420,1206,2742,,,bytescale.mobbin.com,f7a1807c1ac98ccf0eecf5078d61346ac9a94ca37a547f5708d580528c9e55c0,/Users/user/mobbin-sides/screen-flows/apple-wallet/026-apple-wallet-setting-up-autopay-f9571d52-cc73-41a9-901a-f00a9668e128/002-4c236223-264b-41bc-89ba-bee98aa99b49-downloadableSrc-0efeb880be92.webp
f9571d52-cc73-41a9-901a-f00a9668e128,Setting up Autopay,bc652a0b-b680-4ce8-9fdb-b28ca6ea6d8d,Apple Wallet,ab6db0fe-8aa0-4672-b265-173bce58be55,2,3,2e764ac9-3b25-4d73-83f6-a8ffb553ebd9,true,downloadableSrc,200,image/webp,51854,51854,d2c64adae003bf88c451da661923db797884f026e796adf73f3b47aa80724140,1206,2742,,,bytescale.mobbin.com,f7a1807c1ac98ccf0eecf5078d61346ac9a94ca37a547f5708d580528c9e55c0,/Users/user/mobbin-sides/screen-flows/apple-wallet/026-apple-wallet-setting-up-autopay-f9571d52-cc73-41a9-901a-f00a9668e128/003-2e764ac9-3b25-4d73-83f6-a8ffb553ebd9-downloadableSrc-d2c64adae003.webp
f9571d52-cc73-41a9-901a-f00a9668e128,Setting up Autopay,bc652a0b-b680-4ce8-9fdb-b28ca6ea6d8d,Apple Wallet,ab6db0fe-8aa0-4672-b265-173bce58be55,3,4,8e7c6cfc-e12a-4e98-8b72-89ae1778f861,true,downloadableSrc,200,image/webp,43176,43176,b3c113353689971eda130efe0fb9953615d194c3204b7087aad2f62718458094,1206,2742,,,bytescale.mobbin.com,f7a1807c1ac98ccf0eecf5078d61346ac9a94ca37a547f5708d580528c9e55c0,/Users/user/mobbin-sides/screen-flows/apple-wallet/026-apple-wallet-setting-up-autopay-f9571d52-cc73-41a9-901a-f00a9668e128/004-8e7c6cfc-e12a-4e98-8b72-89ae1778f861-downloadableSrc-b3c113353689.webp
f9571d52-cc73-41a9-901a-f00a9668e128,Setting up Autopay,bc652a0b-b680-4ce8-9fdb-b28ca6ea6d8d,Apple Wallet,ab6db0fe-8aa0-4672-b265-173bce58be55,4,5,00f1128e-cbc8-4798-a1d3-12e5a68347af,true,downloadableSrc,200,image/webp,34274,34274,fc4ff3f927e8c0059bec771669cb87f555194ac8e99531865bf441f84d076256,1206,2742,,,bytescale.mobbin.com,f7a1807c1ac98ccf0eecf5078d61346ac9a94ca37a547f5708d580528c9e55c0,/Users/user/mobbin-sides/screen-flows/apple-wallet/026-apple-wallet-setting-up-autopay-f9571d52-cc73-41a9-901a-f00a9668e128/005-00f1128e-cbc8-4798-a1d3-12e5a68347af-downloadableSrc-fc4ff3f927e8.webp
f9571d52-cc73-41a9-901a-f00a9668e128,Setting up Autopay,bc652a0b-b680-4ce8-9fdb-b28ca6ea6d8d,Apple Wallet,ab6db0fe-8aa0-4672-b265-173bce58be55,5,6,26161afc-b067-45fe-86d4-0188c949ff8f,true,downloadableSrc,200,image/webp,51708,51708,cc593ccd5f85534c01a78851339b8b6aa40998076a91300cf94a0fcb4f297a25,1206,2742,,,bytescale.mobbin.com,f7a1807c1ac98ccf0eecf5078d61346ac9a94ca37a547f5708d580528c9e55c0,/Users/user/mobbin-sides/screen-flows/apple-wallet/026-apple-wallet-setting-up-autopay-f9571d52-cc73-41a9-901a-f00a9668e128/006-26161afc-b067-45fe-86d4-0188c949ff8f-downloadableSrc-cc593ccd5f85.webp
f9571d52-cc73-41a9-901a-f00a9668e128,Setting up Autopay,bc652a0b-b680-4ce8-9fdb-b28ca6ea6d8d,Apple Wallet,ab6db0fe-8aa0-4672-b265-173bce58be55,6,7,9a139959-6b3b-4e75-a3a8-962232e822d0,true,downloadableSrc,200,image/webp,53530,53530,7b47fa174b664cb25c98dad4c38292ec6dcbac285471ed3c94fb447f4a2e5ae3,1206,2742,,,bytescale.mobbin.com,f7a1807c1ac98ccf0eecf5078d61346ac9a94ca37a547f5708d580528c9e55c0,/Users/user/mobbin-sides/screen-flows/apple-wallet/026-apple-wallet-setting-up-autopay-f9571d52-cc73-41a9-901a-f00a9668e128/007-9a139959-6b3b-4e75-a3a8-962232e822d0-downloadableSrc-7b47fa174b66.webp
f9571d52-cc73-41a9-901a-f00a9668e128,Setting up Autopay,bc652a0b-b680-4ce8-9fdb-b28ca6ea6d8d,Apple Wallet,ab6db0fe-8aa0-4672-b265-173bce58be55,7,8,56c97032-bc72-4f5f-8205-221adf5d5f93,true,downloadableSrc,200,image/webp,47150,47150,ffa7688fe8e6f07467da7fa91a7168446b32f07d2e6ae0c120f196872c1d8b1e,1206,2742,,,bytescale.mobbin.com,f7a1807c1ac98ccf0eecf5078d61346ac9a94ca37a547f5708d580528c9e55c0,/Users/user/mobbin-sides/screen-flows/apple-wallet/026-apple-wallet-setting-up-autopay-f9571d52-cc73-41a9-901a-f00a9668e128/008-56c97032-bc72-4f5f-8205-221adf5d5f93-downloadableSrc-ffa7688fe8e6.webp
f9571d52-cc73-41a9-901a-f00a9668e128,Setting up Autopay,bc652a0b-b680-4ce8-9fdb-b28ca6ea6d8d,Apple Wallet,ab6db0fe-8aa0-4672-b265-173bce58be55,8,9,a4491596-2279-42b7-93a5-01a2f1e25f31,true,downloadableSrc,200,image/webp,69350,69350,250c8038d9e91ec67aa611d092266522a50203f58e20f05b802dcdbd42e1b1af,1206,2742,,,bytescale.mobbin.com,f7a1807c1ac98ccf0eecf5078d61346ac9a94ca37a547f5708d580528c9e55c0,/Users/user/mobbin-sides/screen-flows/apple-wallet/026-apple-wallet-setting-up-autopay-f9571d52-cc73-41a9-901a-f00a9668e128/009-a4491596-2279-42b7-93a5-01a2f1e25f31-downloadableSrc-250c8038d9e9.webp
f9571d52-cc73-41a9-901a-f00a9668e128,Setting up Autopay,bc652a0b-b680-4ce8-9fdb-b28ca6ea6d8d,Apple Wallet,ab6db0fe-8aa0-4672-b265-173bce58be55,9,10,cdc5da32-b965-492e-a334-72cbc3271ae3,true,downloadableSrc,200,image/webp,57170,57170,1a25c65a8d527a9107f72529df1df24b60cf433d76965a209593052ac65f53d1,1206,2742,,,bytescale.mobbin.com,f7a1807c1ac98ccf0eecf5078d61346ac9a94ca37a547f5708d580528c9e55c0,/Users/user/mobbin-sides/screen-flows/apple-wallet/026-apple-wallet-setting-up-autopay-f9571d52-cc73-41a9-901a-f00a9668e128/010-cdc5da32-b965-492e-a334-72cbc3271ae3-downloadableSrc-1a25c65a8d52.webp
f9571d52-cc73-41a9-901a-f00a9668e128,Setting up Autopay,bc652a0b-b680-4ce8-9fdb-b28ca6ea6d8d,Apple Wallet,ab6db0fe-8aa0-4672-b265-173bce58be55,10,11,e5c938d7-50d2-44b5-925f-5450cadc2713,true,downloadableSrc,200,image/webp,74972,74972,4aedb341e88c7c4e7daa75e5b5b3160735ab93b18a0ef099d9a2b71076688eec,1206,2742,,,bytescale.mobbin.com,f7a1807c1ac98ccf0eecf5078d61346ac9a94ca37a547f5708d580528c9e55c0,/Users/user/mobbin-sides/screen-flows/apple-wallet/026-apple-wallet-setting-up-autopay-f9571d52-cc73-41a9-901a-f00a9668e128/011-e5c938d7-50d2-44b5-925f-5450cadc2713-downloadableSrc-4aedb341e88c.webp
fa173e64-a5ec-4119-abc3-3f47a93719b3,Changing a bank account,bc652a0b-b680-4ce8-9fdb-b28ca6ea6d8d,Apple Wallet,ab6db0fe-8aa0-4672-b265-173bce58be55,0,1,9a139959-6b3b-4e75-a3a8-962232e822d0,true,downloadableSrc,200,image/webp,53530,53530,7b47fa174b664cb25c98dad4c38292ec6dcbac285471ed3c94fb447f4a2e5ae3,1206,2742,,,bytescale.mobbin.com,f7a1807c1ac98ccf0eecf5078d61346ac9a94ca37a547f5708d580528c9e55c0,/Users/user/mobbin-sides/screen-flows/apple-wallet/027-apple-wallet-changing-a-bank-account-fa173e64-a5ec-4119-abc3-3f47a93719b3/001-9a139959-6b3b-4e75-a3a8-962232e822d0-downloadableSrc-7b47fa174b66.webp
fa173e64-a5ec-4119-abc3-3f47a93719b3,Changing a bank account,bc652a0b-b680-4ce8-9fdb-b28ca6ea6d8d,Apple Wallet,ab6db0fe-8aa0-4672-b265-173bce58be55,1,2,d2477839-9b47-4dd6-8913-51740d51d33d,true,downloadableSrc,200,image/webp,33304,33304,bb60232c3b219e4d39b2f2d50152a6fcff35f76152704eb9fd9bfb44a270398d,1206,2742,,,bytescale.mobbin.com,f7a1807c1ac98ccf0eecf5078d61346ac9a94ca37a547f5708d580528c9e55c0,/Users/user/mobbin-sides/screen-flows/apple-wallet/027-apple-wallet-changing-a-bank-account-fa173e64-a5ec-4119-abc3-3f47a93719b3/002-d2477839-9b47-4dd6-8913-51740d51d33d-downloadableSrc-bb60232c3b21.webp
fa173e64-a5ec-4119-abc3-3f47a93719b3,Changing a bank account,bc652a0b-b680-4ce8-9fdb-b28ca6ea6d8d,Apple Wallet,ab6db0fe-8aa0-4672-b265-173bce58be55,2,3,ed3c1e74-b979-455a-8364-62ca30e470ac,true,downloadableSrc,200,image/webp,56424,56424,56c18369a7dfbeca34ca4876c8cf3bb3ffaaf4c3a699f5a68b419728fe12fe2c,1206,2742,,,bytescale.mobbin.com,f7a1807c1ac98ccf0eecf5078d61346ac9a94ca37a547f5708d580528c9e55c0,/Users/user/mobbin-sides/screen-flows/apple-wallet/027-apple-wallet-changing-a-bank-account-fa173e64-a5ec-4119-abc3-3f47a93719b3/003-ed3c1e74-b979-455a-8364-62ca30e470ac-downloadableSrc-56c18369a7df.webp
68f0beb5-74c0-4cd8-a8ba-f0c104c5eebc,Cancel an Autopay,bc652a0b-b680-4ce8-9fdb-b28ca6ea6d8d,Apple Wallet,ab6db0fe-8aa0-4672-b265-173bce58be55,0,1,cdc5da32-b965-492e-a334-72cbc3271ae3,true,downloadableSrc,200,image/webp,57170,57170,1a25c65a8d527a9107f72529df1df24b60cf433d76965a209593052ac65f53d1,1206,2742,,,bytescale.mobbin.com,f7a1807c1ac98ccf0eecf5078d61346ac9a94ca37a547f5708d580528c9e55c0,/Users/user/mobbin-sides/screen-flows/apple-wallet/028-apple-wallet-cancel-an-autopay-68f0beb5-74c0-4cd8-a8ba-f0c104c5eebc/001-cdc5da32-b965-492e-a334-72cbc3271ae3-downloadableSrc-1a25c65a8d52.webp
68f0beb5-74c0-4cd8-a8ba-f0c104c5eebc,Cancel an Autopay,bc652a0b-b680-4ce8-9fdb-b28ca6ea6d8d,Apple Wallet,ab6db0fe-8aa0-4672-b265-173bce58be55,1,2,8ff7f827-93e3-461d-8edf-0d5efdee2c19,true,downloadableSrc,200,image/webp,64432,64432,b152dd4cf0887f6974d5bfcec88a8def42ddd2d2b2bf22b7164adb074bf97fc5,1206,2742,,,bytescale.mobbin.com,f7a1807c1ac98ccf0eecf5078d61346ac9a94ca37a547f5708d580528c9e55c0,/Users/user/mobbin-sides/screen-flows/apple-wallet/028-apple-wallet-cancel-an-autopay-68f0beb5-74c0-4cd8-a8ba-f0c104c5eebc/002-8ff7f827-93e3-461d-8edf-0d5efdee2c19-downloadableSrc-b152dd4cf088.webp
64b172c8-ddc6-4918-9775-4d934ae7a6cb,Account detail,bc652a0b-b680-4ce8-9fdb-b28ca6ea6d8d,Apple Wallet,ab6db0fe-8aa0-4672-b265-173bce58be55,0,1,4c236223-264b-41bc-89ba-bee98aa99b49,true,downloadableSrc,200,image/webp,74956,74956,0efeb880be922e8e18373486b64d58c660f12f3cb7b25198bfbee8731e441420,1206,2742,,,bytescale.mobbin.com,f7a1807c1ac98ccf0eecf5078d61346ac9a94ca37a547f5708d580528c9e55c0,/Users/user/mobbin-sides/screen-flows/apple-wallet/029-apple-wallet-account-detail-64b172c8-ddc6-4918-9775-4d934ae7a6cb/001-4c236223-264b-41bc-89ba-bee98aa99b49-downloadableSrc-0efeb880be92.webp
64b172c8-ddc6-4918-9775-4d934ae7a6cb,Account detail,bc652a0b-b680-4ce8-9fdb-b28ca6ea6d8d,Apple Wallet,ab6db0fe-8aa0-4672-b265-173bce58be55,1,2,0e2e86c6-9a79-4c9f-8197-6c59fba6bdb2,true,downloadableSrc,200,image/webp,58550,58550,eb59b0cabb329412346990efafe1077bfafe79ebed97060bebef304674396c49,1206,2742,,,bytescale.mobbin.com,f7a1807c1ac98ccf0eecf5078d61346ac9a94ca37a547f5708d580528c9e55c0,/Users/user/mobbin-sides/screen-flows/apple-wallet/029-apple-wallet-account-detail-64b172c8-ddc6-4918-9775-4d934ae7a6cb/002-0e2e86c6-9a79-4c9f-8197-6c59fba6bdb2-downloadableSrc-eb59b0cabb32.webp
64b172c8-ddc6-4918-9775-4d934ae7a6cb,Account detail,bc652a0b-b680-4ce8-9fdb-b28ca6ea6d8d,Apple Wallet,ab6db0fe-8aa0-4672-b265-173bce58be55,2,3,a9ca2c38-278c-4ca2-b670-5982ccc1ef7a,true,downloadableSrc,200,image/webp,60906,60906,4c4eb59e7eff898a0163036bd0e12aba96cfb97b827cf946a68b169620ea1e40,1206,2742,,,bytescale.mobbin.com,f7a1807c1ac98ccf0eecf5078d61346ac9a94ca37a547f5708d580528c9e55c0,/Users/user/mobbin-sides/screen-flows/apple-wallet/029-apple-wallet-account-detail-64b172c8-ddc6-4918-9775-4d934ae7a6cb/003-a9ca2c38-278c-4ca2-b670-5982ccc1ef7a-downloadableSrc-4c4eb59e7eff.webp
64b172c8-ddc6-4918-9775-4d934ae7a6cb,Account detail,bc652a0b-b680-4ce8-9fdb-b28ca6ea6d8d,Apple Wallet,ab6db0fe-8aa0-4672-b265-173bce58be55,3,4,4462efee-f096-4369-a15b-cd971e8ab49f,true,downloadableSrc,200,image/webp,77946,77946,9a962cc9d938b1e457dab1f31b144b8bd1502a105067ed599f4ff3591767956a,1206,2742,,,bytescale.mobbin.com,f7a1807c1ac98ccf0eecf5078d61346ac9a94ca37a547f5708d580528c9e55c0,/Users/user/mobbin-sides/screen-flows/apple-wallet/029-apple-wallet-account-detail-64b172c8-ddc6-4918-9775-4d934ae7a6cb/004-4462efee-f096-4369-a15b-cd971e8ab49f-downloadableSrc-9a962cc9d938.webp
596a39bd-ed9f-447e-9107-fafc2a114598,Add family member,bc652a0b-b680-4ce8-9fdb-b28ca6ea6d8d,Apple Wallet,ab6db0fe-8aa0-4672-b265-173bce58be55,0,1,0e2e86c6-9a79-4c9f-8197-6c59fba6bdb2,true,downloadableSrc,200,image/webp,58550,58550,eb59b0cabb329412346990efafe1077bfafe79ebed97060bebef304674396c49,1206,2742,,,bytescale.mobbin.com,f7a1807c1ac98ccf0eecf5078d61346ac9a94ca37a547f5708d580528c9e55c0,/Users/user/mobbin-sides/screen-flows/apple-wallet/030-apple-wallet-add-family-member-596a39bd-ed9f-447e-9107-fafc2a114598/001-0e2e86c6-9a79-4c9f-8197-6c59fba6bdb2-downloadableSrc-eb59b0cabb32.webp
596a39bd-ed9f-447e-9107-fafc2a114598,Add family member,bc652a0b-b680-4ce8-9fdb-b28ca6ea6d8d,Apple Wallet,ab6db0fe-8aa0-4672-b265-173bce58be55,1,2,f47c250a-246c-4f45-86d9-d9b6bda422f3,true,downloadableSrc,200,image/webp,84662,84662,a63eaf86c5d369597fdc5fd87125d3460f1f227c18b7ee381a42ef987bf3ab08,1206,2742,,,bytescale.mobbin.com,f7a1807c1ac98ccf0eecf5078d61346ac9a94ca37a547f5708d580528c9e55c0,/Users/user/mobbin-sides/screen-flows/apple-wallet/030-apple-wallet-add-family-member-596a39bd-ed9f-447e-9107-fafc2a114598/002-f47c250a-246c-4f45-86d9-d9b6bda422f3-downloadableSrc-a63eaf86c5d3.webp
596a39bd-ed9f-447e-9107-fafc2a114598,Add family member,bc652a0b-b680-4ce8-9fdb-b28ca6ea6d8d,Apple Wallet,ab6db0fe-8aa0-4672-b265-173bce58be55,2,3,2b1b7a86-1d8c-47b8-98d4-cc17810de02f,true,downloadableSrc,200,image/webp,39844,39844,0c72e4839475e84ed9fa4b7bd7ae6d39cc0c6ce24462d0baa17f3cf2311fb8ff,1206,2742,,,bytescale.mobbin.com,f7a1807c1ac98ccf0eecf5078d61346ac9a94ca37a547f5708d580528c9e55c0,/Users/user/mobbin-sides/screen-flows/apple-wallet/030-apple-wallet-add-family-member-596a39bd-ed9f-447e-9107-fafc2a114598/003-2b1b7a86-1d8c-47b8-98d4-cc17810de02f-downloadableSrc-0c72e4839475.webp
596a39bd-ed9f-447e-9107-fafc2a114598,Add family member,bc652a0b-b680-4ce8-9fdb-b28ca6ea6d8d,Apple Wallet,ab6db0fe-8aa0-4672-b265-173bce58be55,3,4,f7979e06-72e6-4397-b678-335782e44550,true,downloadableSrc,200,image/webp,50696,50696,df343307237491beb1c7db8936a316f64a2341b927014a4851941c4fe0b6ea6a,1206,2742,,,bytescale.mobbin.com,f7a1807c1ac98ccf0eecf5078d61346ac9a94ca37a547f5708d580528c9e55c0,/Users/user/mobbin-sides/screen-flows/apple-wallet/030-apple-wallet-add-family-member-596a39bd-ed9f-447e-9107-fafc2a114598/004-f7979e06-72e6-4397-b678-335782e44550-downloadableSrc-df3433072374.webp
596a39bd-ed9f-447e-9107-fafc2a114598,Add family member,bc652a0b-b680-4ce8-9fdb-b28ca6ea6d8d,Apple Wallet,ab6db0fe-8aa0-4672-b265-173bce58be55,4,5,6457d98c-12b3-4e2a-96cd-25695da6ac0c,true,downloadableSrc,200,image/webp,40200,40200,6343299e7f14f9a1bee600708c66e6b82ab4136fc18a5eebb4eb93f5cd6c67fe,1206,2742,,,bytescale.mobbin.com,f7a1807c1ac98ccf0eecf5078d61346ac9a94ca37a547f5708d580528c9e55c0,/Users/user/mobbin-sides/screen-flows/apple-wallet/030-apple-wallet-add-family-member-596a39bd-ed9f-447e-9107-fafc2a114598/005-6457d98c-12b3-4e2a-96cd-25695da6ac0c-downloadableSrc-6343299e7f14.webp
596a39bd-ed9f-447e-9107-fafc2a114598,Add family member,bc652a0b-b680-4ce8-9fdb-b28ca6ea6d8d,Apple Wallet,ab6db0fe-8aa0-4672-b265-173bce58be55,5,6,9a98221e-401b-4829-8fba-8f0ce0feec9d,true,downloadableSrc,200,image/webp,42390,42390,1edf21d9a52f30a77290d37f85dd9b61d8878efb54a8abbe8a8ee4369d3fbac1,1206,2742,,,bytescale.mobbin.com,f7a1807c1ac98ccf0eecf5078d61346ac9a94ca37a547f5708d580528c9e55c0,/Users/user/mobbin-sides/screen-flows/apple-wallet/030-apple-wallet-add-family-member-596a39bd-ed9f-447e-9107-fafc2a114598/006-9a98221e-401b-4829-8fba-8f0ce0feec9d-downloadableSrc-1edf21d9a52f.webp
596a39bd-ed9f-447e-9107-fafc2a114598,Add family member,bc652a0b-b680-4ce8-9fdb-b28ca6ea6d8d,Apple Wallet,ab6db0fe-8aa0-4672-b265-173bce58be55,6,7,37dd082c-37b4-4721-bd8d-5162cdd05ef2,true,downloadableSrc,200,image/webp,43452,43452,306dced7b185ea7e2c8345a3d2c58c94e1440a8baa6b45993d7e91959deff503,1206,2742,,,bytescale.mobbin.com,f7a1807c1ac98ccf0eecf5078d61346ac9a94ca37a547f5708d580528c9e55c0,/Users/user/mobbin-sides/screen-flows/apple-wallet/030-apple-wallet-add-family-member-596a39bd-ed9f-447e-9107-fafc2a114598/007-37dd082c-37b4-4721-bd8d-5162cdd05ef2-downloadableSrc-306dced7b185.webp
596a39bd-ed9f-447e-9107-fafc2a114598,Add family member,bc652a0b-b680-4ce8-9fdb-b28ca6ea6d8d,Apple Wallet,ab6db0fe-8aa0-4672-b265-173bce58be55,7,8,2ad0fb44-46b5-4a95-9746-2af1be13467b,true,downloadableSrc,200,image/webp,43786,43786,12bc621c3fd4b7366af2b8bb7c28190b27b46be082a4a094c2a3de2397101df1,1206,2742,,,bytescale.mobbin.com,f7a1807c1ac98ccf0eecf5078d61346ac9a94ca37a547f5708d580528c9e55c0,/Users/user/mobbin-sides/screen-flows/apple-wallet/030-apple-wallet-add-family-member-596a39bd-ed9f-447e-9107-fafc2a114598/008-2ad0fb44-46b5-4a95-9746-2af1be13467b-downloadableSrc-12bc621c3fd4.webp
d1cc3e8a-a458-43dd-ad94-34c9e799892e,Invite to Family Sharing,bc652a0b-b680-4ce8-9fdb-b28ca6ea6d8d,Apple Wallet,ab6db0fe-8aa0-4672-b265-173bce58be55,0,1,2b1b7a86-1d8c-47b8-98d4-cc17810de02f,true,downloadableSrc,200,image/webp,39844,39844,0c72e4839475e84ed9fa4b7bd7ae6d39cc0c6ce24462d0baa17f3cf2311fb8ff,1206,2742,,,bytescale.mobbin.com,f7a1807c1ac98ccf0eecf5078d61346ac9a94ca37a547f5708d580528c9e55c0,/Users/user/mobbin-sides/screen-flows/apple-wallet/031-apple-wallet-invite-to-family-sharing-d1cc3e8a-a458-43dd-ad94-34c9e799892e/001-2b1b7a86-1d8c-47b8-98d4-cc17810de02f-downloadableSrc-0c72e4839475.webp
d1cc3e8a-a458-43dd-ad94-34c9e799892e,Invite to Family Sharing,bc652a0b-b680-4ce8-9fdb-b28ca6ea6d8d,Apple Wallet,ab6db0fe-8aa0-4672-b265-173bce58be55,1,2,6e89cddd-a728-4019-aa5e-836ea16515b9,true,downloadableSrc,200,image/webp,55176,55176,e40e4e5a7a723271ccbc970d2e830792c20abeba3e7bcc8536fcfce5d1982215,1206,2742,,,bytescale.mobbin.com,f7a1807c1ac98ccf0eecf5078d61346ac9a94ca37a547f5708d580528c9e55c0,/Users/user/mobbin-sides/screen-flows/apple-wallet/031-apple-wallet-invite-to-family-sharing-d1cc3e8a-a458-43dd-ad94-34c9e799892e/002-6e89cddd-a728-4019-aa5e-836ea16515b9-downloadableSrc-e40e4e5a7a72.webp
70fe39a2-7c56-46a9-8bca-64eefe909102,Add a bank account,bc652a0b-b680-4ce8-9fdb-b28ca6ea6d8d,Apple Wallet,ab6db0fe-8aa0-4672-b265-173bce58be55,0,1,a9ca2c38-278c-4ca2-b670-5982ccc1ef7a,true,downloadableSrc,200,image/webp,60906,60906,4c4eb59e7eff898a0163036bd0e12aba96cfb97b827cf946a68b169620ea1e40,1206,2742,,,bytescale.mobbin.com,f7a1807c1ac98ccf0eecf5078d61346ac9a94ca37a547f5708d580528c9e55c0,/Users/user/mobbin-sides/screen-flows/apple-wallet/032-apple-wallet-add-a-bank-account-70fe39a2-7c56-46a9-8bca-64eefe909102/001-a9ca2c38-278c-4ca2-b670-5982ccc1ef7a-downloadableSrc-4c4eb59e7eff.webp
70fe39a2-7c56-46a9-8bca-64eefe909102,Add a bank account,bc652a0b-b680-4ce8-9fdb-b28ca6ea6d8d,Apple Wallet,ab6db0fe-8aa0-4672-b265-173bce58be55,1,2,b0e74e54-11fa-4ea7-ad7c-d9a907e78dab,true,downloadableSrc,200,image/webp,24638,24638,3b58d0c7b7dc0e246d1754bb9adc9f14ec41ebf53a513ab651e354acb3a94a10,1206,2742,,,bytescale.mobbin.com,f7a1807c1ac98ccf0eecf5078d61346ac9a94ca37a547f5708d580528c9e55c0,/Users/user/mobbin-sides/screen-flows/apple-wallet/032-apple-wallet-add-a-bank-account-70fe39a2-7c56-46a9-8bca-64eefe909102/002-b0e74e54-11fa-4ea7-ad7c-d9a907e78dab-downloadableSrc-3b58d0c7b7dc.webp
70fe39a2-7c56-46a9-8bca-64eefe909102,Add a bank account,bc652a0b-b680-4ce8-9fdb-b28ca6ea6d8d,Apple Wallet,ab6db0fe-8aa0-4672-b265-173bce58be55,2,3,2b370d35-bf84-48ee-b33a-2ecfdceea552,true,downloadableSrc,200,image/webp,37670,37670,a793b1da579cfc935a95c98b29c28e2ff8660e803e9faf1a02ce1072a04870be,1206,2742,,,bytescale.mobbin.com,f7a1807c1ac98ccf0eecf5078d61346ac9a94ca37a547f5708d580528c9e55c0,/Users/user/mobbin-sides/screen-flows/apple-wallet/032-apple-wallet-add-a-bank-account-70fe39a2-7c56-46a9-8bca-64eefe909102/003-2b370d35-bf84-48ee-b33a-2ecfdceea552-downloadableSrc-a793b1da579c.webp
70fe39a2-7c56-46a9-8bca-64eefe909102,Add a bank account,bc652a0b-b680-4ce8-9fdb-b28ca6ea6d8d,Apple Wallet,ab6db0fe-8aa0-4672-b265-173bce58be55,3,4,d0dd76f6-c622-41bb-9973-92f9e486f229,true,downloadableSrc,200,image/webp,37640,37640,b2606a7fd7fdebab56fa04a1099982a261b730b9ba8a0680341aa33125a5ac3e,1206,2742,,,bytescale.mobbin.com,f7a1807c1ac98ccf0eecf5078d61346ac9a94ca37a547f5708d580528c9e55c0,/Users/user/mobbin-sides/screen-flows/apple-wallet/032-apple-wallet-add-a-bank-account-70fe39a2-7c56-46a9-8bca-64eefe909102/004-d0dd76f6-c622-41bb-9973-92f9e486f229-downloadableSrc-b2606a7fd7fd.webp
70fe39a2-7c56-46a9-8bca-64eefe909102,Add a bank account,bc652a0b-b680-4ce8-9fdb-b28ca6ea6d8d,Apple Wallet,ab6db0fe-8aa0-4672-b265-173bce58be55,4,5,0338e626-f26a-4871-88c1-6fa4fcc43ed6,true,downloadableSrc,200,image/webp,53702,53702,7ad818e80bbdc66d9fd9a5e01694665c5cbdb3a2189963a87c2911d46774a53d,1206,2742,,,bytescale.mobbin.com,f7a1807c1ac98ccf0eecf5078d61346ac9a94ca37a547f5708d580528c9e55c0,/Users/user/mobbin-sides/screen-flows/apple-wallet/032-apple-wallet-add-a-bank-account-70fe39a2-7c56-46a9-8bca-64eefe909102/005-0338e626-f26a-4871-88c1-6fa4fcc43ed6-downloadableSrc-7ad818e80bbd.webp
f1929df6-9fd2-4491-a9f2-069beb7319c8,Changing billing address,bc652a0b-b680-4ce8-9fdb-b28ca6ea6d8d,Apple Wallet,ab6db0fe-8aa0-4672-b265-173bce58be55,0,1,4462efee-f096-4369-a15b-cd971e8ab49f,true,downloadableSrc,200,image/webp,77946,77946,9a962cc9d938b1e457dab1f31b144b8bd1502a105067ed599f4ff3591767956a,1206,2742,,,bytescale.mobbin.com,f7a1807c1ac98ccf0eecf5078d61346ac9a94ca37a547f5708d580528c9e55c0,/Users/user/mobbin-sides/screen-flows/apple-wallet/033-apple-wallet-changing-billing-address-f1929df6-9fd2-4491-a9f2-069beb7319c8/001-4462efee-f096-4369-a15b-cd971e8ab49f-downloadableSrc-9a962cc9d938.webp
f1929df6-9fd2-4491-a9f2-069beb7319c8,Changing billing address,bc652a0b-b680-4ce8-9fdb-b28ca6ea6d8d,Apple Wallet,ab6db0fe-8aa0-4672-b265-173bce58be55,1,2,eb632e3e-f3ad-4d92-a359-9a9627ce9f65,true,downloadableSrc,200,image/webp,36786,36786,2b9fc97c0bbc034d2f99aad6c92291b30e14f52c8076fa9ce44efefee39645eb,1206,2742,,,bytescale.mobbin.com,f7a1807c1ac98ccf0eecf5078d61346ac9a94ca37a547f5708d580528c9e55c0,/Users/user/mobbin-sides/screen-flows/apple-wallet/033-apple-wallet-changing-billing-address-f1929df6-9fd2-4491-a9f2-069beb7319c8/002-eb632e3e-f3ad-4d92-a359-9a9627ce9f65-downloadableSrc-2b9fc97c0bbc.webp
f1929df6-9fd2-4491-a9f2-069beb7319c8,Changing billing address,bc652a0b-b680-4ce8-9fdb-b28ca6ea6d8d,Apple Wallet,ab6db0fe-8aa0-4672-b265-173bce58be55,2,3,b315f38c-ce22-4e41-8448-0c4ab4b9140b,true,downloadableSrc,200,image/webp,23196,23196,2c04b7325990e2786c43e4e7814a7c7050f9921753adfd1452a2037c74608161,1206,2742,,,bytescale.mobbin.com,f7a1807c1ac98ccf0eecf5078d61346ac9a94ca37a547f5708d580528c9e55c0,/Users/user/mobbin-sides/screen-flows/apple-wallet/033-apple-wallet-changing-billing-address-f1929df6-9fd2-4491-a9f2-069beb7319c8/003-b315f38c-ce22-4e41-8448-0c4ab4b9140b-downloadableSrc-2c04b7325990.webp
f1929df6-9fd2-4491-a9f2-069beb7319c8,Changing billing address,bc652a0b-b680-4ce8-9fdb-b28ca6ea6d8d,Apple Wallet,ab6db0fe-8aa0-4672-b265-173bce58be55,3,4,26982f81-eef4-4016-921d-f172b77ff593,true,downloadableSrc,200,image/webp,46756,46756,5258acfc517fca80212b3addbf1f5ae5e48b4632547607825633d268779def73,1206,2742,,,bytescale.mobbin.com,f7a1807c1ac98ccf0eecf5078d61346ac9a94ca37a547f5708d580528c9e55c0,/Users/user/mobbin-sides/screen-flows/apple-wallet/033-apple-wallet-changing-billing-address-f1929df6-9fd2-4491-a9f2-069beb7319c8/004-26982f81-eef4-4016-921d-f172b77ff593-downloadableSrc-5258acfc517f.webp
f1929df6-9fd2-4491-a9f2-069beb7319c8,Changing billing address,bc652a0b-b680-4ce8-9fdb-b28ca6ea6d8d,Apple Wallet,ab6db0fe-8aa0-4672-b265-173bce58be55,4,5,6ce7cc58-1f95-436d-b48d-6675825e7049,true,downloadableSrc,200,image/webp,49150,49150,12a93a31dcc0a846120733f4751715741565dee352eb2ba57c5370e3151ef87a,1206,2742,,,bytescale.mobbin.com,f7a1807c1ac98ccf0eecf5078d61346ac9a94ca37a547f5708d580528c9e55c0,/Users/user/mobbin-sides/screen-flows/apple-wallet/033-apple-wallet-changing-billing-address-f1929df6-9fd2-4491-a9f2-069beb7319c8/005-6ce7cc58-1f95-436d-b48d-6675825e7049-downloadableSrc-12a93a31dcc0.webp
80bbe129-ddbd-4a27-b1b6-fbcdaa46c2e5,Changing notification settings,bc652a0b-b680-4ce8-9fdb-b28ca6ea6d8d,Apple Wallet,ab6db0fe-8aa0-4672-b265-173bce58be55,0,1,4c236223-264b-41bc-89ba-bee98aa99b49,true,downloadableSrc,200,image/webp,74956,74956,0efeb880be922e8e18373486b64d58c660f12f3cb7b25198bfbee8731e441420,1206,2742,,,bytescale.mobbin.com,f7a1807c1ac98ccf0eecf5078d61346ac9a94ca37a547f5708d580528c9e55c0,/Users/user/mobbin-sides/screen-flows/apple-wallet/034-apple-wallet-changing-notification-settings-80bbe129-ddbd-4a27-b1b6-fbcdaa46c2e5/001-4c236223-264b-41bc-89ba-bee98aa99b49-downloadableSrc-0efeb880be92.webp
80bbe129-ddbd-4a27-b1b6-fbcdaa46c2e5,Changing notification settings,bc652a0b-b680-4ce8-9fdb-b28ca6ea6d8d,Apple Wallet,ab6db0fe-8aa0-4672-b265-173bce58be55,1,2,21f07a57-828e-4d1f-825d-54dbf61d03b3,true,downloadableSrc,200,image/webp,27296,27296,6b4bf7435e4c91245f0cfb8daa9b32ec9296d8dd220e1ee821f326f165ab9b1b,1206,2742,,,bytescale.mobbin.com,f7a1807c1ac98ccf0eecf5078d61346ac9a94ca37a547f5708d580528c9e55c0,/Users/user/mobbin-sides/screen-flows/apple-wallet/034-apple-wallet-changing-notification-settings-80bbe129-ddbd-4a27-b1b6-fbcdaa46c2e5/002-21f07a57-828e-4d1f-825d-54dbf61d03b3-downloadableSrc-6b4bf7435e4c.webp
80bbe129-ddbd-4a27-b1b6-fbcdaa46c2e5,Changing notification settings,bc652a0b-b680-4ce8-9fdb-b28ca6ea6d8d,Apple Wallet,ab6db0fe-8aa0-4672-b265-173bce58be55,2,3,ae8b5f41-7de2-4228-886c-a9a2995def37,true,downloadableSrc,200,image/webp,27160,27160,45b6a795a7892a1edcdc59f6bb21686782fc0555da1e9c0eb5b64835ae53a82b,1206,2742,,,bytescale.mobbin.com,f7a1807c1ac98ccf0eecf5078d61346ac9a94ca37a547f5708d580528c9e55c0,/Users/user/mobbin-sides/screen-flows/apple-wallet/034-apple-wallet-changing-notification-settings-80bbe129-ddbd-4a27-b1b6-fbcdaa46c2e5/003-ae8b5f41-7de2-4228-886c-a9a2995def37-downloadableSrc-45b6a795a789.webp
f64a6b33-1eae-4b9b-bcf1-943e24690d57,Adding a card,bc652a0b-b680-4ce8-9fdb-b28ca6ea6d8d,Apple Wallet,ab6db0fe-8aa0-4672-b265-173bce58be55,0,1,5b49ae4b-f03b-4e28-b662-eb5cf9cc83f6,true,downloadableSrc,200,image/webp,134964,134964,62d7527d4b13655384ecdc4b3439cf97252fd9d4c34f6f780726ab7507c0dab1,1206,2742,,,bytescale.mobbin.com,f7a1807c1ac98ccf0eecf5078d61346ac9a94ca37a547f5708d580528c9e55c0,/Users/user/mobbin-sides/screen-flows/apple-wallet/035-apple-wallet-adding-a-card-f64a6b33-1eae-4b9b-bcf1-943e24690d57/001-5b49ae4b-f03b-4e28-b662-eb5cf9cc83f6-downloadableSrc-62d7527d4b13.webp
f64a6b33-1eae-4b9b-bcf1-943e24690d57,Adding a card,bc652a0b-b680-4ce8-9fdb-b28ca6ea6d8d,Apple Wallet,ab6db0fe-8aa0-4672-b265-173bce58be55,1,2,b9ba2a0c-3307-4d26-a9f8-cb920189827e,true,downloadableSrc,200,image/webp,52160,52160,d74c7fe830eb6968f150e7f20f94c8288b7e48118dd03482fd128760f97ab3f2,1206,2742,,,bytescale.mobbin.com,f7a1807c1ac98ccf0eecf5078d61346ac9a94ca37a547f5708d580528c9e55c0,/Users/user/mobbin-sides/screen-flows/apple-wallet/035-apple-wallet-adding-a-card-f64a6b33-1eae-4b9b-bcf1-943e24690d57/002-b9ba2a0c-3307-4d26-a9f8-cb920189827e-downloadableSrc-d74c7fe830eb.webp
f64a6b33-1eae-4b9b-bcf1-943e24690d57,Adding a card,bc652a0b-b680-4ce8-9fdb-b28ca6ea6d8d,Apple Wallet,ab6db0fe-8aa0-4672-b265-173bce58be55,2,3,2bd9cea7-ee97-411b-b5b4-b0ef18f299db,true,downloadableSrc,200,image/webp,52286,52286,31eedbfe7997e1d13b5ad5c19a40915050bad495f7a0819e3558fb0970f9e18d,1206,2742,,,bytescale.mobbin.com,f7a1807c1ac98ccf0eecf5078d61346ac9a94ca37a547f5708d580528c9e55c0,/Users/user/mobbin-sides/screen-flows/apple-wallet/035-apple-wallet-adding-a-card-f64a6b33-1eae-4b9b-bcf1-943e24690d57/003-2bd9cea7-ee97-411b-b5b4-b0ef18f299db-downloadableSrc-31eedbfe7997.webp
f64a6b33-1eae-4b9b-bcf1-943e24690d57,Adding a card,bc652a0b-b680-4ce8-9fdb-b28ca6ea6d8d,Apple Wallet,ab6db0fe-8aa0-4672-b265-173bce58be55,3,4,40cfae46-0ddb-46ee-a3d2-9ed324319798,true,downloadableSrc,200,image/webp,82552,82552,5a4fc6b51ee2ce3a4083e1eac381fe7037a41a7dd8b67b3c4b68e71042696dbc,1206,2742,,,bytescale.mobbin.com,f7a1807c1ac98ccf0eecf5078d61346ac9a94ca37a547f5708d580528c9e55c0,/Users/user/mobbin-sides/screen-flows/apple-wallet/035-apple-wallet-adding-a-card-f64a6b33-1eae-4b9b-bcf1-943e24690d57/004-40cfae46-0ddb-46ee-a3d2-9ed324319798-downloadableSrc-5a4fc6b51ee2.webp
f64a6b33-1eae-4b9b-bcf1-943e24690d57,Adding a card,bc652a0b-b680-4ce8-9fdb-b28ca6ea6d8d,Apple Wallet,ab6db0fe-8aa0-4672-b265-173bce58be55,4,5,3b50f33e-2275-42c7-9167-ff3d1bcb9fca,true,downloadableSrc,200,image/webp,35202,35202,8a7ad733a1d48f6a3286713ceca4246e0981d65aee3b809acc60ffad0343cf7e,1206,2742,,,bytescale.mobbin.com,f7a1807c1ac98ccf0eecf5078d61346ac9a94ca37a547f5708d580528c9e55c0,/Users/user/mobbin-sides/screen-flows/apple-wallet/035-apple-wallet-adding-a-card-f64a6b33-1eae-4b9b-bcf1-943e24690d57/005-3b50f33e-2275-42c7-9167-ff3d1bcb9fca-downloadableSrc-8a7ad733a1d4.webp
f64a6b33-1eae-4b9b-bcf1-943e24690d57,Adding a card,bc652a0b-b680-4ce8-9fdb-b28ca6ea6d8d,Apple Wallet,ab6db0fe-8aa0-4672-b265-173bce58be55,5,6,517e42e1-b03a-4ec3-86bc-49c241f35c52,true,downloadableSrc,200,image/webp,121200,121200,76e8f9b492c8f223372620e0d78590948070d2164c557e2bf8a16b4026cf34be,1206,2742,,,bytescale.mobbin.com,f7a1807c1ac98ccf0eecf5078d61346ac9a94ca37a547f5708d580528c9e55c0,/Users/user/mobbin-sides/screen-flows/apple-wallet/035-apple-wallet-adding-a-card-f64a6b33-1eae-4b9b-bcf1-943e24690d57/006-517e42e1-b03a-4ec3-86bc-49c241f35c52-downloadableSrc-76e8f9b492c8.webp
f64a6b33-1eae-4b9b-bcf1-943e24690d57,Adding a card,bc652a0b-b680-4ce8-9fdb-b28ca6ea6d8d,Apple Wallet,ab6db0fe-8aa0-4672-b265-173bce58be55,6,7,8be82b5a-6311-4d53-b557-b03c89c46bfb,true,downloadableSrc,200,image/webp,127674,127674,c21d83fbd15364e959107bf6c59aa91daffbebe8c87d77bb5b549038619d721d,1206,2742,,,bytescale.mobbin.com,f7a1807c1ac98ccf0eecf5078d61346ac9a94ca37a547f5708d580528c9e55c0,/Users/user/mobbin-sides/screen-flows/apple-wallet/035-apple-wallet-adding-a-card-f64a6b33-1eae-4b9b-bcf1-943e24690d57/007-8be82b5a-6311-4d53-b557-b03c89c46bfb-downloadableSrc-c21d83fbd153.webp
f64a6b33-1eae-4b9b-bcf1-943e24690d57,Adding a card,bc652a0b-b680-4ce8-9fdb-b28ca6ea6d8d,Apple Wallet,ab6db0fe-8aa0-4672-b265-173bce58be55,7,8,c471bdba-e2a2-4204-bfd3-298b6a021599,true,downloadableSrc,200,image/webp,132538,132538,99ace26598a84860268cf671e0ff89106a215cd602ad68397fd664d460aabd14,1206,2742,,,bytescale.mobbin.com,f7a1807c1ac98ccf0eecf5078d61346ac9a94ca37a547f5708d580528c9e55c0,/Users/user/mobbin-sides/screen-flows/apple-wallet/035-apple-wallet-adding-a-card-f64a6b33-1eae-4b9b-bcf1-943e24690d57/008-c471bdba-e2a2-4204-bfd3-298b6a021599-downloadableSrc-99ace26598a8.webp
f64a6b33-1eae-4b9b-bcf1-943e24690d57,Adding a card,bc652a0b-b680-4ce8-9fdb-b28ca6ea6d8d,Apple Wallet,ab6db0fe-8aa0-4672-b265-173bce58be55,8,9,3066c4ce-b6c8-4ee5-ac94-6d81a4d1cc2e,true,downloadableSrc,200,image/webp,210404,210404,e5a2fd755f96fe1f3b0f35ba96bc973ae2f76c37a825c184872ee2cb7dcaee15,1206,2742,,,bytescale.mobbin.com,f7a1807c1ac98ccf0eecf5078d61346ac9a94ca37a547f5708d580528c9e55c0,/Users/user/mobbin-sides/screen-flows/apple-wallet/035-apple-wallet-adding-a-card-f64a6b33-1eae-4b9b-bcf1-943e24690d57/009-3066c4ce-b6c8-4ee5-ac94-6d81a4d1cc2e-downloadableSrc-e5a2fd755f96.webp
f64a6b33-1eae-4b9b-bcf1-943e24690d57,Adding a card,bc652a0b-b680-4ce8-9fdb-b28ca6ea6d8d,Apple Wallet,ab6db0fe-8aa0-4672-b265-173bce58be55,9,10,c33ccbb9-cd60-40a1-9f11-81dae16e6d6f,true,downloadableSrc,200,image/webp,59190,59190,b99f6586da1f5d3a544069d839902d492d325caa4a4fdd925046fe867b69a818,1206,2742,,,bytescale.mobbin.com,f7a1807c1ac98ccf0eecf5078d61346ac9a94ca37a547f5708d580528c9e55c0,/Users/user/mobbin-sides/screen-flows/apple-wallet/035-apple-wallet-adding-a-card-f64a6b33-1eae-4b9b-bcf1-943e24690d57/010-c33ccbb9-cd60-40a1-9f11-81dae16e6d6f-downloadableSrc-b99f6586da1f.webp
f64a6b33-1eae-4b9b-bcf1-943e24690d57,Adding a card,bc652a0b-b680-4ce8-9fdb-b28ca6ea6d8d,Apple Wallet,ab6db0fe-8aa0-4672-b265-173bce58be55,10,11,6c338801-0d40-4b14-8df3-faef10bbdd18,true,downloadableSrc,200,image/webp,55896,55896,b22645d969480a587c0e719f7abb07e06f4bf327e7be6d179d988072b9ea52c3,1206,2742,,,bytescale.mobbin.com,f7a1807c1ac98ccf0eecf5078d61346ac9a94ca37a547f5708d580528c9e55c0,/Users/user/mobbin-sides/screen-flows/apple-wallet/035-apple-wallet-adding-a-card-f64a6b33-1eae-4b9b-bcf1-943e24690d57/011-6c338801-0d40-4b14-8df3-faef10bbdd18-downloadableSrc-b22645d96948.webp
f64a6b33-1eae-4b9b-bcf1-943e24690d57,Adding a card,bc652a0b-b680-4ce8-9fdb-b28ca6ea6d8d,Apple Wallet,ab6db0fe-8aa0-4672-b265-173bce58be55,11,12,a5ccf814-f662-4500-8341-4c6cedca6b98,true,downloadableSrc,200,image/webp,63610,63610,fbba3a95a9f2c883de8ca5beeb4f1fe68f7e31fdafb67d9ae4ae3939073fa275,1206,2742,,,bytescale.mobbin.com,f7a1807c1ac98ccf0eecf5078d61346ac9a94ca37a547f5708d580528c9e55c0,/Users/user/mobbin-sides/screen-flows/apple-wallet/035-apple-wallet-adding-a-card-f64a6b33-1eae-4b9b-bcf1-943e24690d57/012-a5ccf814-f662-4500-8341-4c6cedca6b98-downloadableSrc-fbba3a95a9f2.webp
f64a6b33-1eae-4b9b-bcf1-943e24690d57,Adding a card,bc652a0b-b680-4ce8-9fdb-b28ca6ea6d8d,Apple Wallet,ab6db0fe-8aa0-4672-b265-173bce58be55,12,13,30c73314-7baa-46a1-9419-155aa6282488,true,downloadableSrc,200,image/webp,140166,140166,1c8cc7cedad34054a8783130451f1272d2040e65ea687f39a8bd6bbc0878893c,1206,2742,,,bytescale.mobbin.com,f7a1807c1ac98ccf0eecf5078d61346ac9a94ca37a547f5708d580528c9e55c0,/Users/user/mobbin-sides/screen-flows/apple-wallet/035-apple-wallet-adding-a-card-f64a6b33-1eae-4b9b-bcf1-943e24690d57/013-30c73314-7baa-46a1-9419-155aa6282488-downloadableSrc-1c8cc7cedad3.webp
2656d791-7ee3-434a-b2e9-e6d067c6fec8,Removing a card,bc652a0b-b680-4ce8-9fdb-b28ca6ea6d8d,Apple Wallet,ab6db0fe-8aa0-4672-b265-173bce58be55,0,1,a5ccf814-f662-4500-8341-4c6cedca6b98,true,downloadableSrc,200,image/webp,63610,63610,fbba3a95a9f2c883de8ca5beeb4f1fe68f7e31fdafb67d9ae4ae3939073fa275,1206,2742,,,bytescale.mobbin.com,f7a1807c1ac98ccf0eecf5078d61346ac9a94ca37a547f5708d580528c9e55c0,/Users/user/mobbin-sides/screen-flows/apple-wallet/036-apple-wallet-removing-a-card-2656d791-7ee3-434a-b2e9-e6d067c6fec8/001-a5ccf814-f662-4500-8341-4c6cedca6b98-downloadableSrc-fbba3a95a9f2.webp
2656d791-7ee3-434a-b2e9-e6d067c6fec8,Removing a card,bc652a0b-b680-4ce8-9fdb-b28ca6ea6d8d,Apple Wallet,ab6db0fe-8aa0-4672-b265-173bce58be55,1,2,1db00ca3-aa39-4e9d-a027-10df0b72c8ba,true,downloadableSrc,200,image/webp,60124,60124,d6e33837e6bc02b32d6d160979a562ee92419a8ddad9526e7db9a89c2aa152d6,1206,2742,,,bytescale.mobbin.com,f7a1807c1ac98ccf0eecf5078d61346ac9a94ca37a547f5708d580528c9e55c0,/Users/user/mobbin-sides/screen-flows/apple-wallet/036-apple-wallet-removing-a-card-2656d791-7ee3-434a-b2e9-e6d067c6fec8/002-1db00ca3-aa39-4e9d-a027-10df0b72c8ba-downloadableSrc-d6e33837e6bc.webp
2656d791-7ee3-434a-b2e9-e6d067c6fec8,Removing a card,bc652a0b-b680-4ce8-9fdb-b28ca6ea6d8d,Apple Wallet,ab6db0fe-8aa0-4672-b265-173bce58be55,2,3,6900f0ba-725f-4c97-9ff9-2b411192a718,true,downloadableSrc,200,image/webp,65528,65528,9485493ec06d26a5bb8756e05cb85c435405586bbc4ed83bc879248b5d95a3c6,1206,2742,,,bytescale.mobbin.com,f7a1807c1ac98ccf0eecf5078d61346ac9a94ca37a547f5708d580528c9e55c0,/Users/user/mobbin-sides/screen-flows/apple-wallet/036-apple-wallet-removing-a-card-2656d791-7ee3-434a-b2e9-e6d067c6fec8/003-6900f0ba-725f-4c97-9ff9-2b411192a718-downloadableSrc-9485493ec06d.webp
2656d791-7ee3-434a-b2e9-e6d067c6fec8,Removing a card,bc652a0b-b680-4ce8-9fdb-b28ca6ea6d8d,Apple Wallet,ab6db0fe-8aa0-4672-b265-173bce58be55,3,4,a57576c0-aad0-4a14-a39a-614cef45a157,true,downloadableSrc,200,image/webp,69814,69814,c9bef1e202869a4b07fa05703572cac3d9d3919d2bfb3ff3c40f78e1be49ebd4,1206,2742,,,bytescale.mobbin.com,f7a1807c1ac98ccf0eecf5078d61346ac9a94ca37a547f5708d580528c9e55c0,/Users/user/mobbin-sides/screen-flows/apple-wallet/036-apple-wallet-removing-a-card-2656d791-7ee3-434a-b2e9-e6d067c6fec8/004-a57576c0-aad0-4a14-a39a-614cef45a157-downloadableSrc-c9bef1e20286.webp
2656d791-7ee3-434a-b2e9-e6d067c6fec8,Removing a card,bc652a0b-b680-4ce8-9fdb-b28ca6ea6d8d,Apple Wallet,ab6db0fe-8aa0-4672-b265-173bce58be55,4,5,5b49ae4b-f03b-4e28-b662-eb5cf9cc83f6,true,downloadableSrc,200,image/webp,134964,134964,62d7527d4b13655384ecdc4b3439cf97252fd9d4c34f6f780726ab7507c0dab1,1206,2742,,,bytescale.mobbin.com,f7a1807c1ac98ccf0eecf5078d61346ac9a94ca37a547f5708d580528c9e55c0,/Users/user/mobbin-sides/screen-flows/apple-wallet/036-apple-wallet-removing-a-card-2656d791-7ee3-434a-b2e9-e6d067c6fec8/005-5b49ae4b-f03b-4e28-b662-eb5cf9cc83f6-downloadableSrc-62d7527d4b13.webp
e60d1791-8b53-48bd-89b5-90e833832edf,Orders,bc652a0b-b680-4ce8-9fdb-b28ca6ea6d8d,Apple Wallet,ab6db0fe-8aa0-4672-b265-173bce58be55,0,1,5b49ae4b-f03b-4e28-b662-eb5cf9cc83f6,true,downloadableSrc,200,image/webp,134964,134964,62d7527d4b13655384ecdc4b3439cf97252fd9d4c34f6f780726ab7507c0dab1,1206,2742,,,bytescale.mobbin.com,f7a1807c1ac98ccf0eecf5078d61346ac9a94ca37a547f5708d580528c9e55c0,/Users/user/mobbin-sides/screen-flows/apple-wallet/037-apple-wallet-orders-e60d1791-8b53-48bd-89b5-90e833832edf/001-5b49ae4b-f03b-4e28-b662-eb5cf9cc83f6-downloadableSrc-62d7527d4b13.webp
e60d1791-8b53-48bd-89b5-90e833832edf,Orders,bc652a0b-b680-4ce8-9fdb-b28ca6ea6d8d,Apple Wallet,ab6db0fe-8aa0-4672-b265-173bce58be55,1,2,46812e0f-4c8d-40ce-8ad3-356b009761e0,true,downloadableSrc,200,image/webp,125244,125244,bb141b8bf4b92412f86b9da00bd9db4891adb379780608fdb6adf838bb562570,1206,2742,,,bytescale.mobbin.com,f7a1807c1ac98ccf0eecf5078d61346ac9a94ca37a547f5708d580528c9e55c0,/Users/user/mobbin-sides/screen-flows/apple-wallet/037-apple-wallet-orders-e60d1791-8b53-48bd-89b5-90e833832edf/002-46812e0f-4c8d-40ce-8ad3-356b009761e0-downloadableSrc-bb141b8bf4b9.webp
e60d1791-8b53-48bd-89b5-90e833832edf,Orders,bc652a0b-b680-4ce8-9fdb-b28ca6ea6d8d,Apple Wallet,ab6db0fe-8aa0-4672-b265-173bce58be55,2,3,a54df2e3-a09e-450b-8268-aeef1c8ed1da,true,downloadableSrc,200,image/webp,30332,30332,6d008dbb53f6e0d4518e1edf515e5585bfbd25708a2cd6a28e36b20386241704,1206,2742,,,bytescale.mobbin.com,f7a1807c1ac98ccf0eecf5078d61346ac9a94ca37a547f5708d580528c9e55c0,/Users/user/mobbin-sides/screen-flows/apple-wallet/037-apple-wallet-orders-e60d1791-8b53-48bd-89b5-90e833832edf/003-a54df2e3-a09e-450b-8268-aeef1c8ed1da-downloadableSrc-6d008dbb53f6.webp
e60d1791-8b53-48bd-89b5-90e833832edf,Orders,bc652a0b-b680-4ce8-9fdb-b28ca6ea6d8d,Apple Wallet,ab6db0fe-8aa0-4672-b265-173bce58be55,3,4,2ba43a22-4687-4340-9af9-b16faacb354e,true,downloadableSrc,200,image/webp,24080,24080,09880c70fefcc3a92a6b36fd049547af96001fbe208c338209a3691cb7f28558,1206,2742,,,bytescale.mobbin.com,f7a1807c1ac98ccf0eecf5078d61346ac9a94ca37a547f5708d580528c9e55c0,/Users/user/mobbin-sides/screen-flows/apple-wallet/037-apple-wallet-orders-e60d1791-8b53-48bd-89b5-90e833832edf/004-2ba43a22-4687-4340-9af9-b16faacb354e-downloadableSrc-09880c70fefc.webp
e60d1791-8b53-48bd-89b5-90e833832edf,Orders,bc652a0b-b680-4ce8-9fdb-b28ca6ea6d8d,Apple Wallet,ab6db0fe-8aa0-4672-b265-173bce58be55,4,5,c92db867-e340-450e-bcab-01619d667dfd,true,downloadableSrc,200,image/webp,26232,26232,cd35c569d6e4f7d3dae7e0028b253940fd66c0082a06377dde9842b8ae6dc9dc,1206,2742,,,bytescale.mobbin.com,f7a1807c1ac98ccf0eecf5078d61346ac9a94ca37a547f5708d580528c9e55c0,/Users/user/mobbin-sides/screen-flows/apple-wallet/037-apple-wallet-orders-e60d1791-8b53-48bd-89b5-90e833832edf/005-c92db867-e340-450e-bcab-01619d667dfd-downloadableSrc-cd35c569d6e4.webp
1554f172-12aa-4f1f-9c26-ea5b58daedde,Order detail,bc652a0b-b680-4ce8-9fdb-b28ca6ea6d8d,Apple Wallet,ab6db0fe-8aa0-4672-b265-173bce58be55,0,1,c92db867-e340-450e-bcab-01619d667dfd,true,downloadableSrc,200,image/webp,26232,26232,cd35c569d6e4f7d3dae7e0028b253940fd66c0082a06377dde9842b8ae6dc9dc,1206,2742,,,bytescale.mobbin.com,f7a1807c1ac98ccf0eecf5078d61346ac9a94ca37a547f5708d580528c9e55c0,/Users/user/mobbin-sides/screen-flows/apple-wallet/038-apple-wallet-order-detail-1554f172-12aa-4f1f-9c26-ea5b58daedde/001-c92db867-e340-450e-bcab-01619d667dfd-downloadableSrc-cd35c569d6e4.webp
1554f172-12aa-4f1f-9c26-ea5b58daedde,Order detail,bc652a0b-b680-4ce8-9fdb-b28ca6ea6d8d,Apple Wallet,ab6db0fe-8aa0-4672-b265-173bce58be55,1,2,7375b989-07fc-4c9f-8da3-ff26174e617d,true,downloadableSrc,200,image/webp,63398,63398,dbcde03e2ad3f19306f45975897a6282c48e45ccb40d7832d6641962df80dd0c,1206,2742,,,bytescale.mobbin.com,f7a1807c1ac98ccf0eecf5078d61346ac9a94ca37a547f5708d580528c9e55c0,/Users/user/mobbin-sides/screen-flows/apple-wallet/038-apple-wallet-order-detail-1554f172-12aa-4f1f-9c26-ea5b58daedde/002-7375b989-07fc-4c9f-8da3-ff26174e617d-downloadableSrc-dbcde03e2ad3.webp
1554f172-12aa-4f1f-9c26-ea5b58daedde,Order detail,bc652a0b-b680-4ce8-9fdb-b28ca6ea6d8d,Apple Wallet,ab6db0fe-8aa0-4672-b265-173bce58be55,2,3,6a241cb6-b22a-46a5-ba51-6c2f7afc75cb,true,downloadableSrc,200,image/webp,73964,73964,536f0aa2bc2aead6f863c23c4ad3b77646e8f575383fe2e61c70a582ad48a9bd,1206,2742,,,bytescale.mobbin.com,f7a1807c1ac98ccf0eecf5078d61346ac9a94ca37a547f5708d580528c9e55c0,/Users/user/mobbin-sides/screen-flows/apple-wallet/038-apple-wallet-order-detail-1554f172-12aa-4f1f-9c26-ea5b58daedde/003-6a241cb6-b22a-46a5-ba51-6c2f7afc75cb-downloadableSrc-536f0aa2bc2a.webp
1abb53bb-eccf-4490-ab82-14a4c96915f5,Marking an order as complete,bc652a0b-b680-4ce8-9fdb-b28ca6ea6d8d,Apple Wallet,ab6db0fe-8aa0-4672-b265-173bce58be55,0,1,7375b989-07fc-4c9f-8da3-ff26174e617d,true,downloadableSrc,200,image/webp,63398,63398,dbcde03e2ad3f19306f45975897a6282c48e45ccb40d7832d6641962df80dd0c,1206,2742,,,bytescale.mobbin.com,f7a1807c1ac98ccf0eecf5078d61346ac9a94ca37a547f5708d580528c9e55c0,/Users/user/mobbin-sides/screen-flows/apple-wallet/039-apple-wallet-marking-an-order-as-complete-1abb53bb-eccf-4490-ab82-14a4c96915f5/001-7375b989-07fc-4c9f-8da3-ff26174e617d-downloadableSrc-dbcde03e2ad3.webp
1abb53bb-eccf-4490-ab82-14a4c96915f5,Marking an order as complete,bc652a0b-b680-4ce8-9fdb-b28ca6ea6d8d,Apple Wallet,ab6db0fe-8aa0-4672-b265-173bce58be55,1,2,8d73f702-8b85-481d-b722-ce9c0877ca4a,true,downloadableSrc,200,image/webp,69952,69952,499b5fb0494a94aefd04c6d10636f21b46fe41fb46a471198d0ab779cdaed37f,1206,2742,,,bytescale.mobbin.com,f7a1807c1ac98ccf0eecf5078d61346ac9a94ca37a547f5708d580528c9e55c0,/Users/user/mobbin-sides/screen-flows/apple-wallet/039-apple-wallet-marking-an-order-as-complete-1abb53bb-eccf-4490-ab82-14a4c96915f5/002-8d73f702-8b85-481d-b722-ce9c0877ca4a-downloadableSrc-499b5fb0494a.webp
1abb53bb-eccf-4490-ab82-14a4c96915f5,Marking an order as complete,bc652a0b-b680-4ce8-9fdb-b28ca6ea6d8d,Apple Wallet,ab6db0fe-8aa0-4672-b265-173bce58be55,2,3,ca54c045-b9fe-4b26-bc44-2bf979287a26,true,downloadableSrc,200,image/webp,67876,67876,be08009a6b1caa576f9635333c3e5104de8374c1168b1e54207c0e042163d4bd,1206,2742,,,bytescale.mobbin.com,f7a1807c1ac98ccf0eecf5078d61346ac9a94ca37a547f5708d580528c9e55c0,/Users/user/mobbin-sides/screen-flows/apple-wallet/039-apple-wallet-marking-an-order-as-complete-1abb53bb-eccf-4490-ab82-14a4c96915f5/003-ca54c045-b9fe-4b26-bc44-2bf979287a26-downloadableSrc-be08009a6b1c.webp
67833a2a-7313-45de-8970-b3055a354c8d,Deleting an order,bc652a0b-b680-4ce8-9fdb-b28ca6ea6d8d,Apple Wallet,ab6db0fe-8aa0-4672-b265-173bce58be55,0,1,8d73f702-8b85-481d-b722-ce9c0877ca4a,true,downloadableSrc,200,image/webp,69952,69952,499b5fb0494a94aefd04c6d10636f21b46fe41fb46a471198d0ab779cdaed37f,1206,2742,,,bytescale.mobbin.com,f7a1807c1ac98ccf0eecf5078d61346ac9a94ca37a547f5708d580528c9e55c0,/Users/user/mobbin-sides/screen-flows/apple-wallet/040-apple-wallet-deleting-an-order-67833a2a-7313-45de-8970-b3055a354c8d/001-8d73f702-8b85-481d-b722-ce9c0877ca4a-downloadableSrc-499b5fb0494a.webp
67833a2a-7313-45de-8970-b3055a354c8d,Deleting an order,bc652a0b-b680-4ce8-9fdb-b28ca6ea6d8d,Apple Wallet,ab6db0fe-8aa0-4672-b265-173bce58be55,1,2,cf1c45dc-b82e-42fc-a6a9-b4543b2cff77,true,downloadableSrc,200,image/webp,69820,69820,571c8e40dea29ba478535c25cb7b0135212206c7fdd77ca81dac23da63930964,1206,2742,,,bytescale.mobbin.com,f7a1807c1ac98ccf0eecf5078d61346ac9a94ca37a547f5708d580528c9e55c0,/Users/user/mobbin-sides/screen-flows/apple-wallet/040-apple-wallet-deleting-an-order-67833a2a-7313-45de-8970-b3055a354c8d/002-cf1c45dc-b82e-42fc-a6a9-b4543b2cff77-downloadableSrc-571c8e40dea2.webp
67833a2a-7313-45de-8970-b3055a354c8d,Deleting an order,bc652a0b-b680-4ce8-9fdb-b28ca6ea6d8d,Apple Wallet,ab6db0fe-8aa0-4672-b265-173bce58be55,2,3,a54df2e3-a09e-450b-8268-aeef1c8ed1da,true,downloadableSrc,200,image/webp,30332,30332,6d008dbb53f6e0d4518e1edf515e5585bfbd25708a2cd6a28e36b20386241704,1206,2742,,,bytescale.mobbin.com,f7a1807c1ac98ccf0eecf5078d61346ac9a94ca37a547f5708d580528c9e55c0,/Users/user/mobbin-sides/screen-flows/apple-wallet/040-apple-wallet-deleting-an-order-67833a2a-7313-45de-8970-b3055a354c8d/003-a54df2e3-a09e-450b-8268-aeef1c8ed1da-downloadableSrc-6d008dbb53f6.webp
a27fab66-7f40-4cb5-a0a7-b9a8d578192b,Pre-authorised payments,bc652a0b-b680-4ce8-9fdb-b28ca6ea6d8d,Apple Wallet,ab6db0fe-8aa0-4672-b265-173bce58be55,0,1,46812e0f-4c8d-40ce-8ad3-356b009761e0,true,downloadableSrc,200,image/webp,125244,125244,bb141b8bf4b92412f86b9da00bd9db4891adb379780608fdb6adf838bb562570,1206,2742,,,bytescale.mobbin.com,f7a1807c1ac98ccf0eecf5078d61346ac9a94ca37a547f5708d580528c9e55c0,/Users/user/mobbin-sides/screen-flows/apple-wallet/041-apple-wallet-pre-authorised-payments-a27fab66-7f40-4cb5-a0a7-b9a8d578192b/001-46812e0f-4c8d-40ce-8ad3-356b009761e0-downloadableSrc-bb141b8bf4b9.webp
a27fab66-7f40-4cb5-a0a7-b9a8d578192b,Pre-authorised payments,bc652a0b-b680-4ce8-9fdb-b28ca6ea6d8d,Apple Wallet,ab6db0fe-8aa0-4672-b265-173bce58be55,1,2,71b94657-ff11-4d6a-9646-f6bd7911d00b,true,downloadableSrc,200,image/webp,42340,42340,fbe8e80ce5eb7fc1b9dc2d267240f06c7cea50932f7709efed6fe1414c8fdf69,1206,2742,,,bytescale.mobbin.com,f7a1807c1ac98ccf0eecf5078d61346ac9a94ca37a547f5708d580528c9e55c0,/Users/user/mobbin-sides/screen-flows/apple-wallet/041-apple-wallet-pre-authorised-payments-a27fab66-7f40-4cb5-a0a7-b9a8d578192b/002-71b94657-ff11-4d6a-9646-f6bd7911d00b-downloadableSrc-fbe8e80ce5eb.webp
7bd95ae6-065a-4ccd-977e-61cf4c01a913,Expired,bc652a0b-b680-4ce8-9fdb-b28ca6ea6d8d,Apple Wallet,ab6db0fe-8aa0-4672-b265-173bce58be55,0,1,46812e0f-4c8d-40ce-8ad3-356b009761e0,true,downloadableSrc,200,image/webp,125244,125244,bb141b8bf4b92412f86b9da00bd9db4891adb379780608fdb6adf838bb562570,1206,2742,,,bytescale.mobbin.com,f7a1807c1ac98ccf0eecf5078d61346ac9a94ca37a547f5708d580528c9e55c0,/Users/user/mobbin-sides/screen-flows/apple-wallet/042-apple-wallet-expired-7bd95ae6-065a-4ccd-977e-61cf4c01a913/001-46812e0f-4c8d-40ce-8ad3-356b009761e0-downloadableSrc-bb141b8bf4b9.webp
7bd95ae6-065a-4ccd-977e-61cf4c01a913,Expired,bc652a0b-b680-4ce8-9fdb-b28ca6ea6d8d,Apple Wallet,ab6db0fe-8aa0-4672-b265-173bce58be55,1,2,4e2bd1e9-9a04-46ba-9bd9-db7093ace671,true,downloadableSrc,200,image/webp,87622,87622,933fa3674fd3701f0f5e2d092b139cbb98f222c7ddce1f41d957e5e33aed4c6d,1206,2742,,,bytescale.mobbin.com,f7a1807c1ac98ccf0eecf5078d61346ac9a94ca37a547f5708d580528c9e55c0,/Users/user/mobbin-sides/screen-flows/apple-wallet/042-apple-wallet-expired-7bd95ae6-065a-4ccd-977e-61cf4c01a913/002-4e2bd1e9-9a04-46ba-9bd9-db7093ace671-downloadableSrc-933fa3674fd3.webp
fc4fb53e-0a4b-4ef3-9e87-22a7232e50f4,Pass detail (expired),bc652a0b-b680-4ce8-9fdb-b28ca6ea6d8d,Apple Wallet,ab6db0fe-8aa0-4672-b265-173bce58be55,0,1,4e2bd1e9-9a04-46ba-9bd9-db7093ace671,true,downloadableSrc,200,image/webp,87622,87622,933fa3674fd3701f0f5e2d092b139cbb98f222c7ddce1f41d957e5e33aed4c6d,1206,2742,,,bytescale.mobbin.com,f7a1807c1ac98ccf0eecf5078d61346ac9a94ca37a547f5708d580528c9e55c0,/Users/user/mobbin-sides/screen-flows/apple-wallet/043-apple-wallet-pass-detail-expired-fc4fb53e-0a4b-4ef3-9e87-22a7232e50f4/001-4e2bd1e9-9a04-46ba-9bd9-db7093ace671-downloadableSrc-933fa3674fd3.webp
fc4fb53e-0a4b-4ef3-9e87-22a7232e50f4,Pass detail (expired),bc652a0b-b680-4ce8-9fdb-b28ca6ea6d8d,Apple Wallet,ab6db0fe-8aa0-4672-b265-173bce58be55,1,2,fe3800b2-59af-4229-9412-115dcb51c881,true,downloadableSrc,200,image/webp,48374,48374,457a6ae0bf3a1abd2d303e81ec73b062c40c78d90cfa18e07cdf1a0ca0829d44,1206,2742,,,bytescale.mobbin.com,f7a1807c1ac98ccf0eecf5078d61346ac9a94ca37a547f5708d580528c9e55c0,/Users/user/mobbin-sides/screen-flows/apple-wallet/043-apple-wallet-pass-detail-expired-fc4fb53e-0a4b-4ef3-9e87-22a7232e50f4/002-fe3800b2-59af-4229-9412-115dcb51c881-downloadableSrc-457a6ae0bf3a.webp
fc4fb53e-0a4b-4ef3-9e87-22a7232e50f4,Pass detail (expired),bc652a0b-b680-4ce8-9fdb-b28ca6ea6d8d,Apple Wallet,ab6db0fe-8aa0-4672-b265-173bce58be55,2,3,e1061c73-0be8-42ba-aaed-3bb1c3321a4e,true,downloadableSrc,200,image/webp,66368,66368,af7bd5437a2498289b0ea1a42edec517da5281290c206ed857be7427b411836a,1206,2742,,,bytescale.mobbin.com,f7a1807c1ac98ccf0eecf5078d61346ac9a94ca37a547f5708d580528c9e55c0,/Users/user/mobbin-sides/screen-flows/apple-wallet/043-apple-wallet-pass-detail-expired-fc4fb53e-0a4b-4ef3-9e87-22a7232e50f4/003-e1061c73-0be8-42ba-aaed-3bb1c3321a4e-downloadableSrc-af7bd5437a24.webp
040484d6-4902-4213-9127-06b471d0f18f,Pass detail information,bc652a0b-b680-4ce8-9fdb-b28ca6ea6d8d,Apple Wallet,ab6db0fe-8aa0-4672-b265-173bce58be55,0,1,e1061c73-0be8-42ba-aaed-3bb1c3321a4e,true,downloadableSrc,200,image/webp,66368,66368,af7bd5437a2498289b0ea1a42edec517da5281290c206ed857be7427b411836a,1206,2742,,,bytescale.mobbin.com,f7a1807c1ac98ccf0eecf5078d61346ac9a94ca37a547f5708d580528c9e55c0,/Users/user/mobbin-sides/screen-flows/apple-wallet/044-apple-wallet-pass-detail-information-040484d6-4902-4213-9127-06b471d0f18f/001-e1061c73-0be8-42ba-aaed-3bb1c3321a4e-downloadableSrc-af7bd5437a24.webp
040484d6-4902-4213-9127-06b471d0f18f,Pass detail information,bc652a0b-b680-4ce8-9fdb-b28ca6ea6d8d,Apple Wallet,ab6db0fe-8aa0-4672-b265-173bce58be55,1,2,534caf41-48d2-4fec-94c5-6a3158e9462e,true,downloadableSrc,200,image/webp,77058,77058,2e1d94f1623cb5d9bf3ebac9a946fc8fb0fc427ddeeca3e10a5894a452500137,1206,2742,,,bytescale.mobbin.com,f7a1807c1ac98ccf0eecf5078d61346ac9a94ca37a547f5708d580528c9e55c0,/Users/user/mobbin-sides/screen-flows/apple-wallet/044-apple-wallet-pass-detail-information-040484d6-4902-4213-9127-06b471d0f18f/002-534caf41-48d2-4fec-94c5-6a3158e9462e-downloadableSrc-2e1d94f1623c.webp
040484d6-4902-4213-9127-06b471d0f18f,Pass detail information,bc652a0b-b680-4ce8-9fdb-b28ca6ea6d8d,Apple Wallet,ab6db0fe-8aa0-4672-b265-173bce58be55,2,3,f3ce79fa-8661-4833-a601-04c40cc95ef5,true,downloadableSrc,200,image/webp,76388,76388,18ee4383a6a8f9ac99a2ae6867b9c281f41c0ebf88a2f112469106bb3a1e0c72,1206,2742,,,bytescale.mobbin.com,f7a1807c1ac98ccf0eecf5078d61346ac9a94ca37a547f5708d580528c9e55c0,/Users/user/mobbin-sides/screen-flows/apple-wallet/044-apple-wallet-pass-detail-information-040484d6-4902-4213-9127-06b471d0f18f/003-f3ce79fa-8661-4833-a601-04c40cc95ef5-downloadableSrc-18ee4383a6a8.webp
65ff2158-1a8f-4cb9-a9f7-41c2c8f939cf,Deleting passes,bc652a0b-b680-4ce8-9fdb-b28ca6ea6d8d,Apple Wallet,ab6db0fe-8aa0-4672-b265-173bce58be55,0,1,4e2bd1e9-9a04-46ba-9bd9-db7093ace671,true,downloadableSrc,200,image/webp,87622,87622,933fa3674fd3701f0f5e2d092b139cbb98f222c7ddce1f41d957e5e33aed4c6d,1206,2742,,,bytescale.mobbin.com,f7a1807c1ac98ccf0eecf5078d61346ac9a94ca37a547f5708d580528c9e55c0,/Users/user/mobbin-sides/screen-flows/apple-wallet/045-apple-wallet-deleting-passes-65ff2158-1a8f-4cb9-a9f7-41c2c8f939cf/001-4e2bd1e9-9a04-46ba-9bd9-db7093ace671-downloadableSrc-933fa3674fd3.webp
65ff2158-1a8f-4cb9-a9f7-41c2c8f939cf,Deleting passes,bc652a0b-b680-4ce8-9fdb-b28ca6ea6d8d,Apple Wallet,ab6db0fe-8aa0-4672-b265-173bce58be55,1,2,846e0965-9d5a-4034-95bc-4e176133c34a,true,downloadableSrc,200,image/webp,88364,88364,ab41b7e62cc3bd0d90fe8c9ef2ab66baf11166ddef9a8ceb7929fa6388827d91,1206,2742,,,bytescale.mobbin.com,f7a1807c1ac98ccf0eecf5078d61346ac9a94ca37a547f5708d580528c9e55c0,/Users/user/mobbin-sides/screen-flows/apple-wallet/045-apple-wallet-deleting-passes-65ff2158-1a8f-4cb9-a9f7-41c2c8f939cf/002-846e0965-9d5a-4034-95bc-4e176133c34a-downloadableSrc-ab41b7e62cc3.webp
65ff2158-1a8f-4cb9-a9f7-41c2c8f939cf,Deleting passes,bc652a0b-b680-4ce8-9fdb-b28ca6ea6d8d,Apple Wallet,ab6db0fe-8aa0-4672-b265-173bce58be55,2,3,43e18b61-d92d-41fd-b3f8-262941692aa3,true,downloadableSrc,200,image/webp,89336,89336,231d0b26ba7b177471ab2330313361a6842a4bef770302e6fa2910a718e34cdd,1206,2742,,,bytescale.mobbin.com,f7a1807c1ac98ccf0eecf5078d61346ac9a94ca37a547f5708d580528c9e55c0,/Users/user/mobbin-sides/screen-flows/apple-wallet/045-apple-wallet-deleting-passes-65ff2158-1a8f-4cb9-a9f7-41c2c8f939cf/003-43e18b61-d92d-41fd-b3f8-262941692aa3-downloadableSrc-231d0b26ba7b.webp
65ff2158-1a8f-4cb9-a9f7-41c2c8f939cf,Deleting passes,bc652a0b-b680-4ce8-9fdb-b28ca6ea6d8d,Apple Wallet,ab6db0fe-8aa0-4672-b265-173bce58be55,3,4,e288a904-17a9-40cd-b79f-404e6b5558c7,true,downloadableSrc,200,image/webp,90646,90646,87f4481e41e3289cf1223b52686614739f35f7ee1d4e70a6f39747b9d6ffd0ca,1206,2742,,,bytescale.mobbin.com,f7a1807c1ac98ccf0eecf5078d61346ac9a94ca37a547f5708d580528c9e55c0,/Users/user/mobbin-sides/screen-flows/apple-wallet/045-apple-wallet-deleting-passes-65ff2158-1a8f-4cb9-a9f7-41c2c8f939cf/004-e288a904-17a9-40cd-b79f-404e6b5558c7-downloadableSrc-87f4481e41e3.webp
65ff2158-1a8f-4cb9-a9f7-41c2c8f939cf,Deleting passes,bc652a0b-b680-4ce8-9fdb-b28ca6ea6d8d,Apple Wallet,ab6db0fe-8aa0-4672-b265-173bce58be55,4,5,6bbaaa7f-3d49-4175-9931-55a30799f539,true,downloadableSrc,200,image/webp,69994,69994,8c1af6e2ba8190ccb4a665fa948d860195a985cc87805bd62a527047af20e259,1206,2742,,,bytescale.mobbin.com,f7a1807c1ac98ccf0eecf5078d61346ac9a94ca37a547f5708d580528c9e55c0,/Users/user/mobbin-sides/screen-flows/apple-wallet/045-apple-wallet-deleting-passes-65ff2158-1a8f-4cb9-a9f7-41c2c8f939cf/005-6bbaaa7f-3d49-4175-9931-55a30799f539-downloadableSrc-8c1af6e2ba81.webp
d63befb3-cd0d-4d23-9f04-edb63d6b0214,Transaction notifications,bc652a0b-b680-4ce8-9fdb-b28ca6ea6d8d,Apple Wallet,ab6db0fe-8aa0-4672-b265-173bce58be55,0,1,46812e0f-4c8d-40ce-8ad3-356b009761e0,true,downloadableSrc,200,image/webp,125244,125244,bb141b8bf4b92412f86b9da00bd9db4891adb379780608fdb6adf838bb562570,1206,2742,,,bytescale.mobbin.com,f7a1807c1ac98ccf0eecf5078d61346ac9a94ca37a547f5708d580528c9e55c0,/Users/user/mobbin-sides/screen-flows/apple-wallet/046-apple-wallet-transaction-notifications-d63befb3-cd0d-4d23-9f04-edb63d6b0214/001-46812e0f-4c8d-40ce-8ad3-356b009761e0-downloadableSrc-bb141b8bf4b9.webp
d63befb3-cd0d-4d23-9f04-edb63d6b0214,Transaction notifications,bc652a0b-b680-4ce8-9fdb-b28ca6ea6d8d,Apple Wallet,ab6db0fe-8aa0-4672-b265-173bce58be55,1,2,56405f07-b7ce-41f0-8c00-300ae13b140f,true,downloadableSrc,200,image/webp,44146,44146,51aa48734d7298e8b453d72512758d1c95090ce41f3677ca58ec49e247edb802,1206,2742,,,bytescale.mobbin.com,f7a1807c1ac98ccf0eecf5078d61346ac9a94ca37a547f5708d580528c9e55c0,/Users/user/mobbin-sides/screen-flows/apple-wallet/046-apple-wallet-transaction-notifications-d63befb3-cd0d-4d23-9f04-edb63d6b0214/002-56405f07-b7ce-41f0-8c00-300ae13b140f-downloadableSrc-51aa48734d72.webp
d63befb3-cd0d-4d23-9f04-edb63d6b0214,Transaction notifications,bc652a0b-b680-4ce8-9fdb-b28ca6ea6d8d,Apple Wallet,ab6db0fe-8aa0-4672-b265-173bce58be55,2,3,d42ad951-70bf-4a3f-a5fd-94e0771bc74f,true,downloadableSrc,200,image/webp,105208,105208,7a07c3429c53b271f4b471dc70a1b97dc9ba2a9afb2a5524f312783899f70749,1206,2742,,,bytescale.mobbin.com,f7a1807c1ac98ccf0eecf5078d61346ac9a94ca37a547f5708d580528c9e55c0,/Users/user/mobbin-sides/screen-flows/apple-wallet/046-apple-wallet-transaction-notifications-d63befb3-cd0d-4d23-9f04-edb63d6b0214/003-d42ad951-70bf-4a3f-a5fd-94e0771bc74f-downloadableSrc-7a07c3429c53.webp
1c5f1052-37f4-4859-8acd-65fbae7cf2b2,Scanning a card,bc652a0b-b680-4ce8-9fdb-b28ca6ea6d8d,Apple Wallet,ab6db0fe-8aa0-4672-b265-173bce58be55,0,1,acac5585-66d7-4b86-bb8f-125d753e8cdb,true,downloadableSrc,200,image/webp,27376,27376,e69b0f14de7488fb48335ab777cd049bda3fdfb5b57f392691e671bacf64860d,1206,2742,,,bytescale.mobbin.com,f7a1807c1ac98ccf0eecf5078d61346ac9a94ca37a547f5708d580528c9e55c0,/Users/user/mobbin-sides/screen-flows/apple-wallet/047-apple-wallet-scanning-a-card-1c5f1052-37f4-4859-8acd-65fbae7cf2b2/001-acac5585-66d7-4b86-bb8f-125d753e8cdb-downloadableSrc-e69b0f14de74.webp
1c5f1052-37f4-4859-8acd-65fbae7cf2b2,Scanning a card,bc652a0b-b680-4ce8-9fdb-b28ca6ea6d8d,Apple Wallet,ab6db0fe-8aa0-4672-b265-173bce58be55,1,2,15343796-911f-4954-b2f3-ff7a4b25ccf8,true,downloadableSrc,200,image/webp,23194,23194,1e0b0bd89c2eca698120780a04d437adacda356c089570defa49b176cc143946,1206,2742,,,bytescale.mobbin.com,f7a1807c1ac98ccf0eecf5078d61346ac9a94ca37a547f5708d580528c9e55c0,/Users/user/mobbin-sides/screen-flows/apple-wallet/047-apple-wallet-scanning-a-card-1c5f1052-37f4-4859-8acd-65fbae7cf2b2/002-15343796-911f-4954-b2f3-ff7a4b25ccf8-downloadableSrc-1e0b0bd89c2e.webp
1c5f1052-37f4-4859-8acd-65fbae7cf2b2,Scanning a card,bc652a0b-b680-4ce8-9fdb-b28ca6ea6d8d,Apple Wallet,ab6db0fe-8aa0-4672-b265-173bce58be55,2,3,ca6e3947-76a5-4d57-a027-b56690281fa4,true,downloadableSrc,200,image/webp,37590,37590,07c4c805abd309743e711b2d5f803780fb1f5d033096f83f6638855f85d2d76e,1206,2742,,,bytescale.mobbin.com,f7a1807c1ac98ccf0eecf5078d61346ac9a94ca37a547f5708d580528c9e55c0,/Users/user/mobbin-sides/screen-flows/apple-wallet/047-apple-wallet-scanning-a-card-1c5f1052-37f4-4859-8acd-65fbae7cf2b2/003-ca6e3947-76a5-4d57-a027-b56690281fa4-downloadableSrc-07c4c805abd3.webp
1c5f1052-37f4-4859-8acd-65fbae7cf2b2,Scanning a card,bc652a0b-b680-4ce8-9fdb-b28ca6ea6d8d,Apple Wallet,ab6db0fe-8aa0-4672-b265-173bce58be55,3,4,aa65c14f-1670-4da8-b1f0-2e462fcdf9c1,true,downloadableSrc,200,image/webp,48316,48316,f6bd5a7378359b78c043b6ddf10d42459ebb598b56b7cd7642179227f2fcca15,1206,2742,,,bytescale.mobbin.com,f7a1807c1ac98ccf0eecf5078d61346ac9a94ca37a547f5708d580528c9e55c0,/Users/user/mobbin-sides/screen-flows/apple-wallet/047-apple-wallet-scanning-a-card-1c5f1052-37f4-4859-8acd-65fbae7cf2b2/004-aa65c14f-1670-4da8-b1f0-2e462fcdf9c1-downloadableSrc-f6bd5a737835.webp
1c5f1052-37f4-4859-8acd-65fbae7cf2b2,Scanning a card,bc652a0b-b680-4ce8-9fdb-b28ca6ea6d8d,Apple Wallet,ab6db0fe-8aa0-4672-b265-173bce58be55,4,5,a908ae06-3298-4eca-918c-acb2d8d09621,true,downloadableSrc,200,image/webp,67948,67948,ccee6d625cd2ad76262db5526f49af90d953edb39d04aaf4a043971c29b80b5a,1206,2742,,,bytescale.mobbin.com,f7a1807c1ac98ccf0eecf5078d61346ac9a94ca37a547f5708d580528c9e55c0,/Users/user/mobbin-sides/screen-flows/apple-wallet/047-apple-wallet-scanning-a-card-1c5f1052-37f4-4859-8acd-65fbae7cf2b2/005-a908ae06-3298-4eca-918c-acb2d8d09621-downloadableSrc-ccee6d625cd2.webp
